rodada,ano,civilizacao,cultura,melhor,classes,experimentos
0,0,0,Empiristas,0.515057,1,2
0,0,1,Incrementalistas,0.620837,1,2
0,0,2,Evolucionistas,0.505619,1,2
0,0,3,Isolados,0.648609,2,2
0,5,0,Empiristas,0.675564,2,12
0,5,1,Incrementalistas,0.64899,1,13
0,5,2,Evolucionistas,0.727313,2,12
0,5,3,Isolados,0.76738,3,13
0,10,0,Empiristas,0.766689,4,26
0,10,1,Incrementalistas,0.727313,2,24
0,10,2,Evolucionistas,0.766689,3,24
0,10,3,Isolados,0.772645,3,28
0,15,0,Empiristas,0.766689,4,38
0,15,1,Incrementalistas,0.766689,3,37
0,15,2,Evolucionistas,0.766689,3,36
0,15,3,Isolados,0.772645,3,42
0,20,0,Empiristas,0.766689,4,52
0,20,1,Incrementalistas,0.766689,3,50
0,20,2,Evolucionistas,0.766689,3,50
0,20,3,Isolados,0.772645,4,56
0,25,0,Empiristas,0.802,4,68
0,25,1,Incrementalistas,0.766689,4,67
0,25,2,Evolucionistas,0.766689,3,65
0,25,3,Isolados,0.772645,4,71
0,30,0,Empiristas,0.812063,4,86
0,30,1,Incrementalistas,0.802,4,85
0,30,2,Evolucionistas,0.802,4,82
0,30,3,Isolados,0.772645,5,88
0,35,0,Empiristas,0.812063,5,106
0,35,1,Incrementalistas,0.812063,4,104
0,35,2,Evolucionistas,0.896439,6,102
0,35,3,Isolados,0.772645,5,108
0,40,0,Empiristas,0.817405,5,126
0,40,1,Incrementalistas,0.812063,4,125
0,40,2,Evolucionistas,0.896439,6,123
0,40,3,Isolados,0.794684,6,129
0,45,0,Empiristas,0.822499,6,150
0,45,1,Incrementalistas,0.812063,4,149
0,45,2,Evolucionistas,0.896439,7,147
0,45,3,Isolados,0.841669,6,154
0,50,0,Empiristas,0.822499,7,175
0,50,1,Incrementalistas,0.896439,6,173
0,50,2,Evolucionistas,0.896439,7,172
0,50,3,Isolados,0.849944,6,179
0,55,0,Empiristas,0.896439,7,204
0,55,1,Incrementalistas,0.896439,7,201
0,55,2,Evolucionistas,0.896439,7,200
0,55,3,Isolados,0.891046,6,208
0,60,0,Empiristas,0.896439,7,235
0,60,1,Incrementalistas,0.896439,7,233
0,60,2,Evolucionistas,0.896439,7,230
0,60,3,Isolados,0.891046,7,239
0,65,0,Empiristas,0.896439,7,269
0,65,1,Incrementalistas,0.896439,7,268
0,65,2,Evolucionistas,0.896439,7,263
0,65,3,Isolados,0.891148,8,272
0,70,0,Empiristas,0.912563,7,308
0,70,1,Incrementalistas,0.911145,7,307
0,70,2,Evolucionistas,0.912563,7,300
0,70,3,Isolados,0.841669,6,306
0,75,0,Empiristas,0.912563,7,351
0,75,1,Incrementalistas,0.913326,7,349
0,75,2,Evolucionistas,0.912563,7,341
0,75,3,Isolados,0.841669,7,329
0,80,0,Empiristas,0.914918,7,399
0,80,1,Incrementalistas,0.914918,7,396
0,80,2,Evolucionistas,0.912563,7,387
0,80,3,Isolados,0.849599,7,353
0,85,0,Empiristas,0.914918,7,451
0,85,1,Incrementalistas,0.951474,8,447
0,85,2,Evolucionistas,0.914918,7,438
0,85,3,Isolados,0.915018,7,378
0,90,0,Empiristas,0.951474,7,508
0,90,1,Incrementalistas,0.951474,8,504
0,90,2,Evolucionistas,0.951474,7,494
0,90,3,Isolados,0.915018,7,407
0,95,0,Empiristas,0.951474,7,571
0,95,1,Incrementalistas,0.951474,8,568
0,95,2,Evolucionistas,0.951474,7,557
0,95,3,Isolados,0.915018,7,451
0,100,0,Empiristas,0.951474,7,639
0,100,1,Incrementalistas,0.951474,8,638
0,100,2,Evolucionistas,0.951474,7,625
0,100,3,Isolados,0.915018,7,520
0,105,0,Empiristas,0.954996,8,717
0,105,1,Incrementalistas,0.951474,8,715
0,105,2,Evolucionistas,0.954996,7,702
0,105,3,Isolados,0.915018,7,597
0,110,0,Empiristas,0.954996,8,802
0,110,1,Incrementalistas,0.954996,8,801
0,110,2,Evolucionistas,0.954996,8,787
0,110,3,Isolados,0.915018,8,684
0,115,0,Empiristas,0.954996,8,897
0,115,1,Incrementalistas,0.954996,8,896
0,115,2,Evolucionistas,0.954996,8,881
0,115,3,Isolados,0.918783,8,776
0,120,0,Empiristas,0.959598,8,1001
0,120,1,Incrementalistas,0.954996,8,999
0,120,2,Evolucionistas,0.959598,8,985
0,120,3,Isolados,0.918783,8,878
0,125,0,Empiristas,0.959598,8,1115
0,125,1,Incrementalistas,0.959598,8,1112
0,125,2,Evolucionistas,0.959598,8,1100
0,125,3,Isolados,0.918783,9,992
0,130,0,Empiristas,0.959598,8,1241
0,130,1,Incrementalistas,0.959598,8,1236
0,130,2,Evolucionistas,0.959598,8,1227
0,130,3,Isolados,0.921315,9,1117
0,135,0,Empiristas,0.971104,8,1379
0,135,1,Incrementalistas,0.968587,8,1376
0,135,2,Evolucionistas,0.959598,8,1367
0,135,3,Isolados,0.944194,10,1256
0,140,0,Empiristas,0.971104,8,1532
0,140,1,Incrementalistas,0.968587,8,1528
0,140,2,Evolucionistas,0.959598,8,1521
0,140,3,Isolados,0.944194,10,1410
0,145,0,Empiristas,0.971104,8,1702
0,145,1,Incrementalistas,0.976647,8,1698
0,145,2,Evolucionistas,0.982287,9,1691
0,145,3,Isolados,0.970008,10,1580
0,150,0,Empiristas,0.976647,8,1890
0,150,1,Incrementalistas,0.976647,8,1884
0,150,2,Evolucionistas,0.982287,9,1879
0,150,3,Isolados,0.970008,10,1768
0,155,0,Empiristas,0.98783,8,2097
0,155,1,Incrementalistas,0.98783,8,2091
0,155,2,Evolucionistas,0.98783,10,2087
0,155,3,Isolados,0.970008,10,1975
0,160,0,Empiristas,0.98783,9,2326
0,160,1,Incrementalistas,0.98783,8,2318
0,160,2,Evolucionistas,0.98783,10,2316
0,160,3,Isolados,0.970008,10,2203
0,165,0,Empiristas,0.98783,9,2577
0,165,1,Incrementalistas,0.98783,8,2573
0,165,2,Evolucionistas,0.98783,10,2566
0,165,3,Isolados,0.98783,10,2456
0,170,0,Empiristas,0.98783,10,2856
0,170,1,Incrementalistas,0.98783,8,2740
0,170,2,Evolucionistas,0.98783,10,2844
0,170,3,Isolados,0.98783,10,2735
0,175,0,Empiristas,0.98783,10,3164
0,175,1,Incrementalistas,0.98783,8,2894
0,175,2,Evolucionistas,0.98783,10,3152
0,175,3,Isolados,0.98783,10,3042
0,180,0,Empiristas,0.98783,10,3503
0,180,1,Incrementalistas,0.98783,9,3064
0,180,2,Evolucionistas,0.98783,10,3492
0,180,3,Isolados,0.98783,10,3381
0,185,0,Empiristas,0.98783,10,3877
0,185,1,Incrementalistas,0.98783,9,3252
0,185,2,Evolucionistas,0.98783,10,3866
0,185,3,Isolados,0.98783,10,3756
0,190,0,Empiristas,0.98783,10,4290
0,190,1,Incrementalistas,0.98783,9,3460
0,190,2,Evolucionistas,0.98783,10,4280
0,190,3,Isolados,0.98783,10,4169
0,195,0,Empiristas,0.98783,10,4748
0,195,1,Incrementalistas,0.98783,9,3917
0,195,2,Evolucionistas,0.98783,10,4737
0,195,3,Isolados,0.98783,10,4626
0,200,0,Empiristas,0.98783,10,5244
0,200,1,Incrementalistas,0.98783,10,4413
0,200,2,Evolucionistas,0.98783,10,5233
0,200,3,Isolados,0.98783,10,5122
0,205,0,Empiristas,0.98783,10,5744
0,205,1,Incrementalistas,0.98783,10,4913
0,205,2,Evolucionistas,0.98783,10,5533
0,205,3,Isolados,0.98783,10,5622
0,210,0,Empiristas,0.98783,10,6244
0,210,1,Incrementalistas,0.98783,10,5413
0,210,2,Evolucionistas,0.98783,10,5783
0,210,3,Isolados,0.98783,10,6122
0,215,0,Empiristas,0.98783,10,6744
0,215,1,Incrementalistas,0.98783,10,5913
0,215,2,Evolucionistas,0.98783,10,6033
0,215,3,Isolados,0.98783,10,6622
0,220,0,Empiristas,0.98783,10,7244
0,220,1,Incrementalistas,0.98783,10,6413
0,220,2,Evolucionistas,0.98783,10,6283
0,220,3,Isolados,0.98783,10,7122
0,225,0,Empiristas,0.98783,10,7744
0,225,1,Incrementalistas,0.98783,10,6913
0,225,2,Evolucionistas,0.98783,10,6533
0,225,3,Isolados,0.98783,10,7622
0,230,0,Empiristas,0.98783,10,8244
0,230,1,Incrementalistas,0.98783,10,7413
0,230,2,Evolucionistas,0.98783,10,7033
0,230,3,Isolados,0.98783,10,8122
0,235,0,Empiristas,0.98783,10,8594
0,235,1,Incrementalistas,0.98783,10,7913
0,235,2,Evolucionistas,0.98783,10,7533
0,235,3,Isolados,0.98783,10,8622
0,240,0,Empiristas,0.98783,10,8844
0,240,1,Incrementalistas,0.98783,10,8413
0,240,2,Evolucionistas,0.98783,10,8033
0,240,3,Isolados,0.98783,10,9122
0,245,0,Empiristas,0.98783,10,9094
0,245,1,Incrementalistas,0.98783,10,8913
0,245,2,Evolucionistas,0.98783,10,8533
0,245,3,Isolados,0.98783,10,9622
0,250,0,Empiristas,0.98783,10,9344
0,250,1,Incrementalistas,0.98783,10,9413
0,250,2,Evolucionistas,0.98783,10,9033
0,250,3,Isolados,0.98783,10,10122
0,255,0,Empiristas,0.98783,10,9594
0,255,1,Incrementalistas,0.98783,10,9913
0,255,2,Evolucionistas,0.98783,10,9533
0,255,3,Isolados,0.98783,10,10622
0,260,0,Empiristas,0.98783,10,10044
0,260,1,Incrementalistas,0.98783,10,10413
0,260,2,Evolucionistas,0.98783,10,10033
0,260,3,Isolados,0.98783,10,11122
0,265,0,Empiristas,0.98783,10,10544
0,265,1,Incrementalistas,0.98783,10,10913
0,265,2,Evolucionistas,0.98783,10,10533
0,265,3,Isolados,0.98783,10,11622
0,270,0,Empiristas,0.98783,10,11044
0,270,1,Incrementalistas,0.98783,10,11413
0,270,2,Evolucionistas,0.98783,10,11033
0,270,3,Isolados,0.98783,10,12122
0,275,0,Empiristas,0.98783,10,11544
0,275,1,Incrementalistas,0.98783,10,11913
0,275,2,Evolucionistas,0.98783,10,11533
0,275,3,Isolados,0.98783,10,12622
0,280,0,Empiristas,0.98783,10,12044
0,280,1,Incrementalistas,0.98783,10,12413
0,280,2,Evolucionistas,0.98783,10,12033
0,280,3,Isolados,0.98783,10,13122
0,285,0,Empiristas,0.98783,10,12544
0,285,1,Incrementalistas,0.98783,10,12913
0,285,2,Evolucionistas,0.98783,10,12533
0,285,3,Isolados,0.98783,10,13622
0,290,0,Empiristas,0.98783,10,13044
0,290,1,Incrementalistas,0.98783,10,13413
0,290,2,Evolucionistas,0.98783,10,13033
0,290,3,Isolados,0.98783,10,14122
0,295,0,Empiristas,0.98783,10,13544
0,295,1,Incrementalistas,0.98783,10,13913
0,295,2,Evolucionistas,0.98783,10,13533
0,295,3,Isolados,0.98783,10,14622
0,300,0,Empiristas,0.98783,10,14044
0,300,1,Incrementalistas,0.98783,10,14413
0,300,2,Evolucionistas,0.98783,10,14033
0,300,3,Isolados,0.98783,10,15122
1,0,0,Empiristas,0.549601,1,2
1,0,1,Incrementalistas,0.534418,2,2
1,0,2,Evolucionistas,0.549601,1,2
1,0,3,Isolados,0.491843,1,2
1,5,0,Empiristas,0.74223,2,14
1,5,1,Incrementalistas,0.74223,2,14
1,5,2,Evolucionistas,0.74223,2,13
1,5,3,Isolados,0.555235,1,13
1,10,0,Empiristas,0.759026,3,26
1,10,1,Incrementalistas,0.759026,2,26
1,10,2,Evolucionistas,0.759026,2,25
1,10,3,Isolados,0.582984,2,25
1,15,0,Empiristas,0.839982,4,36
1,15,1,Incrementalistas,0.839982,4,38
1,15,2,Evolucionistas,0.769292,2,36
1,15,3,Isolados,0.59892,2,39
1,20,0,Empiristas,0.839982,5,50
1,20,1,Incrementalistas,0.839982,5,53
1,20,2,Evolucionistas,0.839982,3,51
1,20,3,Isolados,0.654902,2,54
1,25,0,Empiristas,0.839982,5,66
1,25,1,Incrementalistas,0.839982,5,69
1,25,2,Evolucionistas,0.839982,3,66
1,25,3,Isolados,0.745303,3,69
1,30,0,Empiristas,0.839982,5,84
1,30,1,Incrementalistas,0.866419,5,86
1,30,2,Evolucionistas,0.844779,4,82
1,30,3,Isolados,0.745303,4,86
1,35,0,Empiristas,0.844779,5,102
1,35,1,Incrementalistas,0.866419,5,105
1,35,2,Evolucionistas,0.844779,5,101
1,35,3,Isolados,0.758889,4,105
1,40,0,Empiristas,0.866419,7,124
1,40,1,Incrementalistas,0.866419,5,126
1,40,2,Evolucionistas,0.866419,5,121
1,40,3,Isolados,0.803899,4,127
1,45,0,Empiristas,0.866419,7,147
1,45,1,Incrementalistas,0.866419,5,151
1,45,2,Evolucionistas,0.876035,5,146
1,45,3,Isolados,0.803899,4,150
1,50,0,Empiristas,0.876035,7,173
1,50,1,Incrementalistas,0.876035,6,178
1,50,2,Evolucionistas,0.916684,5,172
1,50,3,Isolados,0.85625,4,171
1,55,0,Empiristas,0.916684,7,200
1,55,1,Incrementalistas,0.916684,7,207
1,55,2,Evolucionistas,0.916684,6,199
1,55,3,Isolados,0.85625,4,186
1,60,0,Empiristas,0.916684,8,231
1,60,1,Incrementalistas,0.916684,7,240
1,60,2,Evolucionistas,0.916684,6,230
1,60,3,Isolados,0.85625,4,201
1,65,0,Empiristas,0.922519,8,267
1,65,1,Incrementalistas,0.916684,8,274
1,65,2,Evolucionistas,0.916684,6,266
1,65,3,Isolados,0.95191,5,219
1,70,0,Empiristas,0.922519,8,304
1,70,1,Incrementalistas,0.916684,8,311
1,70,2,Evolucionistas,0.916684,6,305
1,70,3,Isolados,0.95191,5,239
1,75,0,Empiristas,0.922519,8,347
1,75,1,Incrementalistas,0.922519,8,354
1,75,2,Evolucionistas,0.922519,6,347
1,75,3,Isolados,0.85625,4,261
1,80,0,Empiristas,0.922519,8,395
1,80,1,Incrementalistas,0.931511,8,401
1,80,2,Evolucionistas,0.931511,6,395
1,80,3,Isolados,0.85625,4,284
1,85,0,Empiristas,0.933328,9,446
1,85,1,Incrementalistas,0.922519,4,452
1,85,2,Evolucionistas,0.933328,6,446
1,85,3,Isolados,0.85625,4,310
1,90,0,Empiristas,0.933328,9,503
1,90,1,Incrementalistas,0.933328,7,481
1,90,2,Evolucionistas,0.933328,6,504
1,90,3,Isolados,0.85625,5,338
1,95,0,Empiristas,0.933328,9,565
1,95,1,Incrementalistas,0.933328,7,513
1,95,2,Evolucionistas,0.933328,6,567
1,95,3,Isolados,0.906638,6,371
1,100,0,Empiristas,0.933328,9,634
1,100,1,Incrementalistas,0.933328,7,549
1,100,2,Evolucionistas,0.933328,7,637
1,100,3,Isolados,0.910264,6,435
1,105,0,Empiristas,0.933328,9,712
1,105,1,Incrementalistas,0.933328,7,589
1,105,2,Evolucionistas,0.933328,7,713
1,105,3,Isolados,0.934807,6,512
1,110,0,Empiristas,0.933328,9,795
1,110,1,Incrementalistas,0.933328,7,640
1,110,2,Evolucionistas,0.933328,7,797
1,110,3,Isolados,0.95077,6,597
1,115,0,Empiristas,0.933328,9,888
1,115,1,Incrementalistas,0.933328,7,733
1,115,2,Evolucionistas,0.933328,7,890
1,115,3,Isolados,0.956841,6,691
1,120,0,Empiristas,0.933328,10,991
1,120,1,Incrementalistas,0.933328,7,835
1,120,2,Evolucionistas,0.933328,7,994
1,120,3,Isolados,0.956841,6,794
1,125,0,Empiristas,0.933328,10,1106
1,125,1,Incrementalistas,0.933328,7,949
1,125,2,Evolucionistas,0.933328,7,1108
1,125,3,Isolados,0.960995,6,907
1,130,0,Empiristas,0.933328,10,1232
1,130,1,Incrementalistas,0.933328,7,1075
1,130,2,Evolucionistas,0.933328,7,1235
1,130,3,Isolados,0.960995,6,982
1,135,0,Empiristas,0.933328,10,1371
1,135,1,Incrementalistas,0.95077,8,1214
1,135,2,Evolucionistas,0.933328,9,1375
1,135,3,Isolados,0.960995,6,1052
1,140,0,Empiristas,0.956841,10,1526
1,140,1,Incrementalistas,0.956841,8,1368
1,140,2,Evolucionistas,0.956841,9,1527
1,140,3,Isolados,0.960995,6,1130
1,145,0,Empiristas,0.958114,10,1696
1,145,1,Incrementalistas,0.956841,8,1539
1,145,2,Evolucionistas,0.958114,9,1696
1,145,3,Isolados,0.960995,6,1216
1,150,0,Empiristas,0.958114,10,1884
1,150,1,Incrementalistas,0.958114,6,1727
1,150,2,Evolucionistas,0.958114,9,1884
1,150,3,Isolados,0.98602,6,1310
1,155,0,Empiristas,0.958114,10,2092
1,155,1,Incrementalistas,0.958114,9,1830
1,155,2,Evolucionistas,0.958114,9,2092
1,155,3,Isolados,0.98602,7,1516
1,160,0,Empiristas,0.958114,10,2321
1,160,1,Incrementalistas,0.964719,9,1945
1,160,2,Evolucionistas,0.964719,9,2320
1,160,3,Isolados,0.98602,8,1746
1,165,0,Empiristas,0.964719,10,2574
1,165,1,Incrementalistas,0.964719,9,2072
1,165,2,Evolucionistas,0.964719,9,2574
1,165,3,Isolados,0.98602,8,1998
1,170,0,Empiristas,0.965586,10,2853
1,170,1,Incrementalistas,0.964719,9,2210
1,170,2,Evolucionistas,0.965586,9,2853
1,170,3,Isolados,0.98602,8,2278
1,175,0,Empiristas,0.965586,10,3161
1,175,1,Incrementalistas,0.965586,9,2396
1,175,2,Evolucionistas,0.965586,10,3159
1,175,3,Isolados,0.98783,8,2586
1,180,0,Empiristas,0.965586,10,3501
1,180,1,Incrementalistas,0.965586,9,2736
1,180,2,Evolucionistas,0.965586,10,3500
1,180,3,Isolados,0.98783,9,2926
1,185,0,Empiristas,0.965586,10,3875
1,185,1,Incrementalistas,0.965586,9,3111
1,185,2,Evolucionistas,0.965586,10,3874
1,185,3,Isolados,0.98783,9,3300
1,190,0,Empiristas,0.965586,10,4288
1,190,1,Incrementalistas,0.965586,9,3525
1,190,2,Evolucionistas,0.965586,10,4289
1,190,3,Isolados,0.98783,9,3714
1,195,0,Empiristas,0.965586,10,4745
1,195,1,Incrementalistas,0.965586,9,3981
1,195,2,Evolucionistas,0.965586,10,4745
1,195,3,Isolados,0.98783,9,4171
1,200,0,Empiristas,0.965586,10,5241
1,200,1,Incrementalistas,0.965586,9,4477
1,200,2,Evolucionistas,0.965586,10,5240
1,200,3,Isolados,0.98783,9,4667
1,205,0,Empiristas,0.965586,10,5741
1,205,1,Incrementalistas,0.965586,9,4977
1,205,2,Evolucionistas,0.965586,10,5740
1,205,3,Isolados,0.98783,10,5167
1,210,0,Empiristas,0.965586,10,6241
1,210,1,Incrementalistas,0.965586,9,5477
1,210,2,Evolucionistas,0.965586,10,6240
1,210,3,Isolados,0.98783,10,5667
1,215,0,Empiristas,0.965586,10,6741
1,215,1,Incrementalistas,0.965586,9,5977
1,215,2,Evolucionistas,0.965586,10,6740
1,215,3,Isolados,0.98783,10,6167
1,220,0,Empiristas,0.965586,10,7241
1,220,1,Incrementalistas,0.965586,10,6477
1,220,2,Evolucionistas,0.965586,10,7240
1,220,3,Isolados,0.98783,10,6667
1,225,0,Empiristas,0.98602,10,7741
1,225,1,Incrementalistas,0.98602,10,6977
1,225,2,Evolucionistas,0.98602,10,7740
1,225,3,Isolados,0.98783,10,7167
1,230,0,Empiristas,0.98602,10,8241
1,230,1,Incrementalistas,0.98602,10,7477
1,230,2,Evolucionistas,0.98602,10,8240
1,230,3,Isolados,0.98783,10,7667
1,235,0,Empiristas,0.98602,10,8741
1,235,1,Incrementalistas,0.98602,10,7977
1,235,2,Evolucionistas,0.98602,10,8740
1,235,3,Isolados,0.98783,10,8167
1,240,0,Empiristas,0.98783,10,9241
1,240,1,Incrementalistas,0.98783,10,8477
1,240,2,Evolucionistas,0.98602,10,9240
1,240,3,Isolados,0.98783,10,8667
1,245,0,Empiristas,0.98783,10,9741
1,245,1,Incrementalistas,0.98783,10,8977
1,245,2,Evolucionistas,0.98783,10,9740
1,245,3,Isolados,0.98783,10,9167
1,250,0,Empiristas,0.98783,10,10241
1,250,1,Incrementalistas,0.98783,10,9477
1,250,2,Evolucionistas,0.98783,10,10240
1,250,3,Isolados,0.98783,10,9667
1,255,0,Empiristas,0.98783,10,10741
1,255,1,Incrementalistas,0.98783,10,9977
1,255,2,Evolucionistas,0.98783,10,10740
1,255,3,Isolados,0.98783,10,10167
1,260,0,Empiristas,0.98783,10,11241
1,260,1,Incrementalistas,0.98783,10,10477
1,260,2,Evolucionistas,0.98783,10,11240
1,260,3,Isolados,0.98783,10,10667
1,265,0,Empiristas,0.98783,10,11741
1,265,1,Incrementalistas,0.98783,10,10977
1,265,2,Evolucionistas,0.98783,10,11740
1,265,3,Isolados,0.98783,10,11167
1,270,0,Empiristas,0.98783,10,12241
1,270,1,Incrementalistas,0.98783,10,11477
1,270,2,Evolucionistas,0.98783,10,12240
1,270,3,Isolados,0.98783,10,11667
1,275,0,Empiristas,0.98783,10,12741
1,275,1,Incrementalistas,0.98783,10,11977
1,275,2,Evolucionistas,0.98783,10,12740
1,275,3,Isolados,0.98783,10,12167
1,280,0,Empiristas,0.98783,10,13241
1,280,1,Incrementalistas,0.98783,10,12477
1,280,2,Evolucionistas,0.98783,10,13240
1,280,3,Isolados,0.98783,8,12467
1,285,0,Empiristas,0.98783,10,13741
1,285,1,Incrementalistas,0.98783,10,12977
1,285,2,Evolucionistas,0.98783,10,13740
1,285,3,Isolados,0.98783,8,12717
1,290,0,Empiristas,0.98783,10,14241
1,290,1,Incrementalistas,0.98783,10,13477
1,290,2,Evolucionistas,0.98783,10,14240
1,290,3,Isolados,0.98783,9,12967
1,295,0,Empiristas,0.98783,10,14741
1,295,1,Incrementalistas,0.98783,10,13977
1,295,2,Evolucionistas,1,10,14740
1,295,3,Isolados,0.98783,9,13217
1,300,0,Empiristas,0.98783,10,15241
1,300,1,Incrementalistas,0.98783,10,14477
1,300,2,Evolucionistas,1,10,15240
1,300,3,Isolados,0.98783,9,13467
2,0,0,Empiristas,0.545352,1,2
2,0,1,Incrementalistas,0.528317,1,2
2,0,2,Evolucionistas,0.42649,1,2
2,0,3,Isolados,0.544257,1,2
2,5,0,Empiristas,0.733289,2,12
2,5,1,Incrementalistas,0.607192,1,13
2,5,2,Evolucionistas,0.733289,2,13
2,5,3,Isolados,0.582958,1,13
2,10,0,Empiristas,0.748381,4,23
2,10,1,Incrementalistas,0.630424,1,25
2,10,2,Evolucionistas,0.733289,3,25
2,10,3,Isolados,0.705468,2,25
2,15,0,Empiristas,0.748381,4,37
2,15,1,Incrementalistas,0.748381,4,39
2,15,2,Evolucionistas,0.748381,4,37
2,15,3,Isolados,0.705468,2,38
2,20,0,Empiristas,0.748381,4,52
2,20,1,Incrementalistas,0.748381,5,53
2,20,2,Evolucionistas,0.748381,4,51
2,20,3,Isolados,0.705468,2,52
2,25,0,Empiristas,0.834884,5,67
2,25,1,Incrementalistas,0.834884,7,68
2,25,2,Evolucionistas,0.835668,7,69
2,25,3,Isolados,0.705468,2,67
2,30,0,Empiristas,0.835668,8,83
2,30,1,Incrementalistas,0.835668,8,86
2,30,2,Evolucionistas,0.851607,7,86
2,30,3,Isolados,0.705468,2,85
2,35,0,Empiristas,0.835668,8,101
2,35,1,Incrementalistas,0.835668,8,104
2,35,2,Evolucionistas,0.874607,7,104
2,35,3,Isolados,0.705468,2,103
2,40,0,Empiristas,0.880404,8,122
2,40,1,Incrementalistas,0.880404,8,124
2,40,2,Evolucionistas,0.880404,8,126
2,40,3,Isolados,0.717266,3,123
2,45,0,Empiristas,0.880404,8,144
2,45,1,Incrementalistas,0.880404,8,148
2,45,2,Evolucionistas,0.880404,8,147
2,45,3,Isolados,0.717266,4,146
2,50,0,Empiristas,0.880404,8,170
2,50,1,Incrementalistas,0.880404,8,174
2,50,2,Evolucionistas,0.880404,8,173
2,50,3,Isolados,0.717266,4,171
2,55,0,Empiristas,0.880404,8,198
2,55,1,Incrementalistas,0.880404,8,202
2,55,2,Evolucionistas,0.880404,8,200
2,55,3,Isolados,0.732671,5,200
2,60,0,Empiristas,0.880404,8,230
2,60,1,Incrementalistas,0.883742,8,233
2,60,2,Evolucionistas,0.883742,8,232
2,60,3,Isolados,0.732671,5,232
2,65,0,Empiristas,0.883742,9,264
2,65,1,Incrementalistas,0.883742,9,267
2,65,2,Evolucionistas,0.934922,9,266
2,65,3,Isolados,0.766571,6,267
2,70,0,Empiristas,0.883742,9,303
2,70,1,Incrementalistas,0.883742,9,306
2,70,2,Evolucionistas,0.934922,9,305
2,70,3,Isolados,0.766571,6,306
2,75,0,Empiristas,0.934922,9,346
2,75,1,Incrementalistas,0.934922,10,350
2,75,2,Evolucionistas,0.934922,9,349
2,75,3,Isolados,0.766571,6,348
2,80,0,Empiristas,0.934922,10,394
2,80,1,Incrementalistas,0.934922,10,398
2,80,2,Evolucionistas,0.934922,10,395
2,80,3,Isolados,0.766571,6,395
2,85,0,Empiristas,0.934922,10,445
2,85,1,Incrementalistas,0.93759,10,450
2,85,2,Evolucionistas,0.959316,10,447
2,85,3,Isolados,0.797155,6,448
2,90,0,Empiristas,0.934922,10,503
2,90,1,Incrementalistas,0.946734,10,508
2,90,2,Evolucionistas,0.959316,10,505
2,90,3,Isolados,0.820586,6,505
2,95,0,Empiristas,0.952951,10,566
2,95,1,Incrementalistas,0.959316,10,571
2,95,2,Evolucionistas,0.959316,10,568
2,95,3,Isolados,0.85323,7,567
2,100,0,Empiristas,0.959316,10,636
2,100,1,Incrementalistas,0.959316,10,640
2,100,2,Evolucionistas,0.959316,9,616
2,100,3,Isolados,0.89481,8,635
2,105,0,Empiristas,0.959316,10,713
2,105,1,Incrementalistas,0.959316,10,718
2,105,2,Evolucionistas,0.96101,9,655
2,105,3,Isolados,0.89481,9,713
2,110,0,Empiristas,0.968461,10,799
2,110,1,Incrementalistas,0.968461,10,802
2,110,2,Evolucionistas,0.962389,9,697
2,110,3,Isolados,0.89481,10,798
2,115,0,Empiristas,0.968461,10,893
2,115,1,Incrementalistas,0.968461,10,895
2,115,2,Evolucionistas,0.962389,9,743
2,115,3,Isolados,0.89481,10,893
2,120,0,Empiristas,0.968461,10,997
2,120,1,Incrementalistas,0.968746,10,998
2,120,2,Evolucionistas,0.985403,9,794
2,120,3,Isolados,0.925072,10,995
2,125,0,Empiristas,0.985403,10,1110
2,125,1,Incrementalistas,0.985403,10,1113
2,125,2,Evolucionistas,0.985403,9,897
2,125,3,Isolados,0.927099,10,1107
2,130,0,Empiristas,1,10,1235
2,130,1,Incrementalistas,0.985403,10,1238
2,130,2,Evolucionistas,1,10,1024
2,130,3,Isolados,0.927099,10,1232
2,135,0,Empiristas,1,10,1373
2,135,1,Incrementalistas,1,10,1379
2,135,2,Evolucionistas,1,10,1163
2,135,3,Isolados,0.934406,10,1371
2,140,0,Empiristas,1,10,1528
2,140,1,Incrementalistas,1,10,1533
2,140,2,Evolucionistas,1,10,1316
2,140,3,Isolados,0.954329,10,1526
2,145,0,Empiristas,1,7,1697
2,145,1,Incrementalistas,1,10,1702
2,145,2,Evolucionistas,1,10,1487
2,145,3,Isolados,0.954329,10,1697
2,150,0,Empiristas,1,9,1791
2,150,1,Incrementalistas,1,10,1890
2,150,2,Evolucionistas,1,10,1674
2,150,3,Isolados,0.954329,10,1885
2,155,0,Empiristas,1,9,1896
2,155,1,Incrementalistas,1,10,2096
2,155,2,Evolucionistas,1,10,1881
2,155,3,Isolados,0.976647,10,2093
2,160,0,Empiristas,1,10,2009
2,160,1,Incrementalistas,1,10,2326
2,160,2,Evolucionistas,1,10,2109
2,160,3,Isolados,0.976647,10,2322
2,165,0,Empiristas,1,10,2136
2,165,1,Incrementalistas,1,10,2579
2,165,2,Evolucionistas,1,10,2361
2,165,3,Isolados,0.98783,10,2574
2,170,0,Empiristas,1,10,2305
2,170,1,Incrementalistas,1,10,2858
2,170,2,Evolucionistas,1,10,2640
2,170,3,Isolados,0.98783,10,2850
2,175,0,Empiristas,1,10,2613
2,175,1,Incrementalistas,1,10,3166
2,175,2,Evolucionistas,1,10,2946
2,175,3,Isolados,0.98783,10,3156
2,180,0,Empiristas,1,10,2951
2,180,1,Incrementalistas,1,10,3506
2,180,2,Evolucionistas,1,10,3285
2,180,3,Isolados,0.98783,10,3495
2,185,0,Empiristas,1,10,3328
2,185,1,Incrementalistas,1,10,3881
2,185,2,Evolucionistas,1,10,3660
2,185,3,Isolados,0.98783,10,3871
2,190,0,Empiristas,1,10,3742
2,190,1,Incrementalistas,1,10,4294
2,190,2,Evolucionistas,1,10,4075
2,190,3,Isolados,0.98783,10,4284
2,195,0,Empiristas,1,10,4199
2,195,1,Incrementalistas,1,10,4751
2,195,2,Evolucionistas,1,10,4531
2,195,3,Isolados,0.98783,10,4741
2,200,0,Empiristas,1,10,4695
2,200,1,Incrementalistas,1,10,5247
2,200,2,Evolucionistas,1,10,5027
2,200,3,Isolados,0.98783,10,5237
2,205,0,Empiristas,1,10,5195
2,205,1,Incrementalistas,1,10,5747
2,205,2,Evolucionistas,1,10,5527
2,205,3,Isolados,0.98783,10,5737
2,210,0,Empiristas,1,10,5695
2,210,1,Incrementalistas,1,10,6247
2,210,2,Evolucionistas,1,10,6027
2,210,3,Isolados,0.98783,10,6237
2,215,0,Empiristas,1,10,6195
2,215,1,Incrementalistas,1,10,6747
2,215,2,Evolucionistas,1,10,6527
2,215,3,Isolados,0.98783,10,6737
2,220,0,Empiristas,1,10,6695
2,220,1,Incrementalistas,1,10,7247
2,220,2,Evolucionistas,1,10,7027
2,220,3,Isolados,0.98783,10,7237
2,225,0,Empiristas,1,10,7195
2,225,1,Incrementalistas,1,10,7747
2,225,2,Evolucionistas,1,10,7527
2,225,3,Isolados,0.98783,10,7737
2,230,0,Empiristas,1,10,7495
2,230,1,Incrementalistas,1,10,8247
2,230,2,Evolucionistas,1,10,8027
2,230,3,Isolados,0.98783,10,8237
2,235,0,Empiristas,1,10,7745
2,235,1,Incrementalistas,1,10,8697
2,235,2,Evolucionistas,1,10,8527
2,235,3,Isolados,0.98783,10,8737
2,240,0,Empiristas,1,10,7995
2,240,1,Incrementalistas,1,10,8947
2,240,2,Evolucionistas,1,10,9027
2,240,3,Isolados,0.98783,10,9237
2,245,0,Empiristas,1,10,8245
2,245,1,Incrementalistas,1,10,9197
2,245,2,Evolucionistas,1,10,9527
2,245,3,Isolados,0.98783,10,9737
2,250,0,Empiristas,1,10,8495
2,250,1,Incrementalistas,1,10,9447
2,250,2,Evolucionistas,1,10,10027
2,250,3,Isolados,0.98783,10,10237
2,255,0,Empiristas,1,10,8995
2,255,1,Incrementalistas,1,10,9697
2,255,2,Evolucionistas,1,10,10527
2,255,3,Isolados,0.98783,10,10737
2,260,0,Empiristas,1,10,9495
2,260,1,Incrementalistas,1,10,10047
2,260,2,Evolucionistas,1,10,11027
2,260,3,Isolados,0.98783,10,11237
2,265,0,Empiristas,1,10,9995
2,265,1,Incrementalistas,1,10,10547
2,265,2,Evolucionistas,1,10,11527
2,265,3,Isolados,0.98783,10,11737
2,270,0,Empiristas,1,10,10495
2,270,1,Incrementalistas,1,10,11047
2,270,2,Evolucionistas,1,10,12027
2,270,3,Isolados,0.98783,10,12237
2,275,0,Empiristas,1,10,10995
2,275,1,Incrementalistas,1,10,11547
2,275,2,Evolucionistas,1,10,12327
2,275,3,Isolados,0.98783,10,12737
2,280,0,Empiristas,1,10,11495
2,280,1,Incrementalistas,1,10,12047
2,280,2,Evolucionistas,1,10,12577
2,280,3,Isolados,0.98783,10,13237
2,285,0,Empiristas,1,10,11995
2,285,1,Incrementalistas,1,10,12547
2,285,2,Evolucionistas,1,10,12827
2,285,3,Isolados,0.98783,10,13737
2,290,0,Empiristas,1,10,12495
2,290,1,Incrementalistas,1,10,13047
2,290,2,Evolucionistas,1,10,13077
2,290,3,Isolados,0.98783,10,14237
2,295,0,Empiristas,1,10,12995
2,295,1,Incrementalistas,1,10,13547
2,295,2,Evolucionistas,1,10,13327
2,295,3,Isolados,0.98783,10,14737
2,300,0,Empiristas,1,10,13495
2,300,1,Incrementalistas,1,10,14047
2,300,2,Evolucionistas,1,10,13827
2,300,3,Isolados,0.98783,10,15237
3,0,0,Empiristas,0.506646,1,2
3,0,1,Incrementalistas,0.571923,1,2
3,0,2,Evolucionistas,0.54589,1,2
3,0,3,Isolados,0.468503,1,2
3,5,0,Empiristas,0.61782,1,12
3,5,1,Incrementalistas,0.581686,1,12
3,5,2,Evolucionistas,0.616433,1,13
3,5,3,Isolados,0.65415,1,12
3,10,0,Empiristas,0.716604,4,25
3,10,1,Incrementalistas,0.716604,3,24
3,10,2,Evolucionistas,0.716604,3,23
3,10,3,Isolados,0.659198,1,23
3,15,0,Empiristas,0.821774,6,39
3,15,1,Incrementalistas,0.821774,5,36
3,15,2,Evolucionistas,0.716604,3,35
3,15,3,Isolados,0.659198,1,36
3,20,0,Empiristas,0.855401,6,53
3,20,1,Incrementalistas,0.855401,5,50
3,20,2,Evolucionistas,0.900226,4,50
3,20,3,Isolados,0.659198,1,50
3,25,0,Empiristas,0.900226,6,70
3,25,1,Incrementalistas,0.900226,5,67
3,25,2,Evolucionistas,0.900226,6,67
3,25,3,Isolados,0.690363,1,66
3,30,0,Empiristas,0.900226,6,87
3,30,1,Incrementalistas,0.900226,7,85
3,30,2,Evolucionistas,0.900226,6,85
3,30,3,Isolados,0.707277,1,83
3,35,0,Empiristas,0.900226,7,106
3,35,1,Incrementalistas,0.900226,7,104
3,35,2,Evolucionistas,0.900226,6,104
3,35,3,Isolados,0.707277,1,103
3,40,0,Empiristas,0.900226,7,128
3,40,1,Incrementalistas,0.900226,7,125
3,40,2,Evolucionistas,0.900226,7,125
3,40,3,Isolados,0.707277,2,124
3,45,0,Empiristas,0.900226,7,151
3,45,1,Incrementalistas,0.912817,7,150
3,45,2,Evolucionistas,0.912817,7,149
3,45,3,Isolados,0.707277,2,148
3,50,0,Empiristas,0.912817,7,177
3,50,1,Incrementalistas,0.912817,7,177
3,50,2,Evolucionistas,0.912817,7,174
3,50,3,Isolados,0.707277,3,174
3,55,0,Empiristas,0.912817,7,206
3,55,1,Incrementalistas,0.920479,7,207
3,55,2,Evolucionistas,0.920479,7,203
3,55,3,Isolados,0.707277,4,203
3,60,0,Empiristas,0.920479,7,238
3,60,1,Incrementalistas,0.920479,7,238
3,60,2,Evolucionistas,0.920479,7,233
3,60,3,Isolados,0.707277,4,235
3,65,0,Empiristas,0.920479,7,274
3,65,1,Incrementalistas,0.920479,7,273
3,65,2,Evolucionistas,0.920479,7,267
3,65,3,Isolados,0.710355,4,270
3,70,0,Empiristas,0.938933,7,312
3,70,1,Incrementalistas,0.920479,7,311
3,70,2,Evolucionistas,0.943023,7,305
3,70,3,Isolados,0.733722,4,309
3,75,0,Empiristas,0.939582,7,355
3,75,1,Incrementalistas,0.939582,7,355
3,75,2,Evolucionistas,0.943023,7,347
3,75,3,Isolados,0.762751,4,351
3,80,0,Empiristas,0.943023,7,403
3,80,1,Incrementalistas,0.958825,7,403
3,80,2,Evolucionistas,0.943023,7,392
3,80,3,Isolados,0.790268,5,397
3,85,0,Empiristas,0.948052,7,455
3,85,1,Incrementalistas,0.958825,7,455
3,85,2,Evolucionistas,0.948052,7,441
3,85,3,Isolados,0.804917,5,448
3,90,0,Empiristas,0.925371,5,513
3,90,1,Incrementalistas,0.958825,7,512
3,90,2,Evolucionistas,0.948052,7,498
3,90,3,Isolados,0.804917,5,504
3,95,0,Empiristas,0.957404,8,544
3,95,1,Incrementalistas,0.98602,7,576
3,95,2,Evolucionistas,0.98602,7,562
3,95,3,Isolados,0.81606,5,567
3,100,0,Empiristas,0.98602,8,579
3,100,1,Incrementalistas,0.98602,8,647
3,100,2,Evolucionistas,0.98602,7,633
3,100,3,Isolados,0.848391,5,636
3,105,0,Empiristas,0.98602,8,617
3,105,1,Incrementalistas,0.98602,8,724
3,105,2,Evolucionistas,0.98602,7,709
3,105,3,Isolados,0.848391,6,714
3,110,0,Empiristas,0.98602,9,661
3,110,1,Incrementalistas,0.98602,8,810
3,110,2,Evolucionistas,0.98602,7,794
3,110,3,Isolados,0.848391,7,798
3,115,0,Empiristas,0.98602,9,717
3,115,1,Incrementalistas,0.98602,8,906
3,115,2,Evolucionistas,0.98783,7,888
3,115,3,Isolados,0.886804,7,891
3,120,0,Empiristas,0.98602,9,820
3,120,1,Incrementalistas,0.98602,8,1009
3,120,2,Evolucionistas,0.98783,7,992
3,120,3,Isolados,0.886804,7,994
3,125,0,Empiristas,0.98783,9,936
3,125,1,Incrementalistas,0.98783,8,1122
3,125,2,Evolucionistas,0.98783,7,1106
3,125,3,Isolados,0.886804,7,1108
3,130,0,Empiristas,0.98783,9,1060
3,130,1,Incrementalistas,0.98783,8,1247
3,130,2,Evolucionistas,0.98783,7,1231
3,130,3,Isolados,0.929463,7,1233
3,135,0,Empiristas,0.98783,9,1199
3,135,1,Incrementalistas,0.98783,8,1386
3,135,2,Evolucionistas,0.98783,7,1371
3,135,3,Isolados,0.942882,7,1372
3,140,0,Empiristas,0.98783,9,1353
3,140,1,Incrementalistas,0.98783,8,1540
3,140,2,Evolucionistas,0.98783,7,1524
3,140,3,Isolados,0.976647,7,1525
3,145,0,Empiristas,0.98783,9,1525
3,145,1,Incrementalistas,0.98783,8,1709
3,145,2,Evolucionistas,0.98783,7,1693
3,145,3,Isolados,0.98783,7,1695
3,150,0,Empiristas,0.98783,9,1712
3,150,1,Incrementalistas,0.98783,9,1896
3,150,2,Evolucionistas,0.98783,8,1881
3,150,3,Isolados,0.98783,7,1882
3,155,0,Empiristas,0.98783,9,1920
3,155,1,Incrementalistas,0.98783,9,2102
3,155,2,Evolucionistas,0.98783,8,2089
3,155,3,Isolados,0.98783,7,2089
3,160,0,Empiristas,0.98783,9,2149
3,160,1,Incrementalistas,0.98783,9,2330
3,160,2,Evolucionistas,0.98783,8,2317
3,160,3,Isolados,0.98783,7,2317
3,165,0,Empiristas,0.98783,9,2401
3,165,1,Incrementalistas,0.98783,9,2584
3,165,2,Evolucionistas,0.98783,8,2569
3,165,3,Isolados,0.98783,7,2569
3,170,0,Empiristas,0.98783,9,2679
3,170,1,Incrementalistas,0.98783,9,2861
3,170,2,Evolucionistas,0.98783,9,2848
3,170,3,Isolados,0.98783,7,2848
3,175,0,Empiristas,0.98783,9,2988
3,175,1,Incrementalistas,0.98783,9,3169
3,175,2,Evolucionistas,0.98783,9,3156
3,175,3,Isolados,0.98783,7,3154
3,180,0,Empiristas,0.98783,9,3327
3,180,1,Incrementalistas,0.98783,9,3507
3,180,2,Evolucionistas,0.98783,9,3496
3,180,3,Isolados,0.98783,8,3493
3,185,0,Empiristas,0.98783,9,3703
3,185,1,Incrementalistas,0.98783,10,3882
3,185,2,Evolucionistas,0.98783,10,3871
3,185,3,Isolados,0.98783,8,3868
3,190,0,Empiristas,0.98783,9,4118
3,190,1,Incrementalistas,0.98783,10,4298
3,190,2,Evolucionistas,0.98783,10,4284
3,190,3,Isolados,0.98783,8,4282
3,195,0,Empiristas,0.98783,10,4576
3,195,1,Incrementalistas,0.98783,10,4755
3,195,2,Evolucionistas,0.98783,10,4742
3,195,3,Isolados,0.98783,9,4739
3,200,0,Empiristas,0.98783,10,5072
3,200,1,Incrementalistas,0.98783,10,5251
3,200,2,Evolucionistas,0.98783,10,5238
3,200,3,Isolados,0.98783,9,5235
3,205,0,Empiristas,0.98783,10,5572
3,205,1,Incrementalistas,0.98783,10,5751
3,205,2,Evolucionistas,0.98783,10,5738
3,205,3,Isolados,0.98783,9,5735
3,210,0,Empiristas,0.98783,10,6072
3,210,1,Incrementalistas,0.98783,10,6251
3,210,2,Evolucionistas,0.98783,10,6238
3,210,3,Isolados,0.98783,9,6235
3,215,0,Empiristas,0.98783,10,6572
3,215,1,Incrementalistas,0.98783,10,6751
3,215,2,Evolucionistas,0.98783,10,6738
3,215,3,Isolados,0.98783,9,6735
3,220,0,Empiristas,0.98783,10,7072
3,220,1,Incrementalistas,0.98783,10,7251
3,220,2,Evolucionistas,0.98783,10,7238
3,220,3,Isolados,0.98783,9,7235
3,225,0,Empiristas,0.98783,10,7572
3,225,1,Incrementalistas,0.98783,10,7751
3,225,2,Evolucionistas,0.98783,10,7738
3,225,3,Isolados,0.98783,9,7735
3,230,0,Empiristas,0.98783,10,8072
3,230,1,Incrementalistas,0.98783,10,8251
3,230,2,Evolucionistas,0.98783,10,8238
3,230,3,Isolados,0.98783,9,8235
3,235,0,Empiristas,0.98783,10,8572
3,235,1,Incrementalistas,0.98783,10,8751
3,235,2,Evolucionistas,0.98783,10,8738
3,235,3,Isolados,0.98783,9,8735
3,240,0,Empiristas,0.98783,10,9072
3,240,1,Incrementalistas,0.98783,10,9251
3,240,2,Evolucionistas,0.98783,10,9238
3,240,3,Isolados,0.98783,9,9235
3,245,0,Empiristas,0.98783,10,9572
3,245,1,Incrementalistas,0.98783,10,9751
3,245,2,Evolucionistas,0.98783,10,9738
3,245,3,Isolados,0.98783,9,9735
3,250,0,Empiristas,0.98783,10,10072
3,250,1,Incrementalistas,0.98783,10,10251
3,250,2,Evolucionistas,0.98783,10,10238
3,250,3,Isolados,0.98783,9,10235
3,255,0,Empiristas,0.98783,10,10572
3,255,1,Incrementalistas,0.98783,10,10751
3,255,2,Evolucionistas,0.98783,10,10738
3,255,3,Isolados,0.98783,9,10735
3,260,0,Empiristas,0.98783,10,11072
3,260,1,Incrementalistas,0.98783,10,11251
3,260,2,Evolucionistas,0.98783,10,11238
3,260,3,Isolados,0.98783,9,11235
3,265,0,Empiristas,0.98783,10,11572
3,265,1,Incrementalistas,0.98783,10,11751
3,265,2,Evolucionistas,0.98783,10,11738
3,265,3,Isolados,0.98783,9,11735
3,270,0,Empiristas,0.98783,10,12072
3,270,1,Incrementalistas,0.98783,10,12251
3,270,2,Evolucionistas,0.98783,10,12238
3,270,3,Isolados,0.98783,9,12235
3,275,0,Empiristas,0.98783,10,12572
3,275,1,Incrementalistas,0.98783,10,12751
3,275,2,Evolucionistas,0.98783,10,12738
3,275,3,Isolados,0.98783,9,12735
3,280,0,Empiristas,0.98783,10,13072
3,280,1,Incrementalistas,0.98783,10,13251
3,280,2,Evolucionistas,0.98783,10,13238
3,280,3,Isolados,0.98783,9,13235
3,285,0,Empiristas,0.98783,10,13572
3,285,1,Incrementalistas,0.98783,10,13751
3,285,2,Evolucionistas,0.98783,10,13738
3,285,3,Isolados,0.98783,9,13735
3,290,0,Empiristas,0.98783,10,14072
3,290,1,Incrementalistas,0.98783,10,14251
3,290,2,Evolucionistas,0.98783,10,14238
3,290,3,Isolados,0.98783,10,14235
3,295,0,Empiristas,0.98783,10,14572
3,295,1,Incrementalistas,0.98783,10,14751
3,295,2,Evolucionistas,0.98783,10,14738
3,295,3,Isolados,0.98783,10,14735
3,300,0,Empiristas,0.98783,10,15072
3,300,1,Incrementalistas,0.98783,10,15251
3,300,2,Evolucionistas,0.98783,10,15238
3,300,3,Isolados,0.98783,10,15235
4,0,0,Empiristas,0.56516,2,2
4,0,1,Incrementalistas,0.503274,1,2
4,0,2,Evolucionistas,0.56516,2,2
4,0,3,Isolados,0.548237,1,2
4,5,0,Empiristas,0.698772,3,13
4,5,1,Incrementalistas,0.636867,3,12
4,5,2,Evolucionistas,0.636867,3,12
4,5,3,Isolados,0.638534,1,12
4,10,0,Empiristas,0.700125,3,25
4,10,1,Incrementalistas,0.700125,3,25
4,10,2,Evolucionistas,0.700125,3,24
4,10,3,Isolados,0.640733,1,25
4,15,0,Empiristas,0.701309,4,39
4,15,1,Incrementalistas,0.700125,3,38
4,15,2,Evolucionistas,0.700125,3,36
4,15,3,Isolados,0.64593,1,37
4,20,0,Empiristas,0.701309,4,54
4,20,1,Incrementalistas,0.700125,3,52
4,20,2,Evolucionistas,0.700125,3,50
4,20,3,Isolados,0.64593,2,52
4,25,0,Empiristas,0.701309,5,70
4,25,1,Incrementalistas,0.719612,3,69
4,25,2,Evolucionistas,0.719612,4,68
4,25,3,Isolados,0.670414,2,67
4,30,0,Empiristas,0.719612,5,85
4,30,1,Incrementalistas,0.719612,3,86
4,30,2,Evolucionistas,0.747746,4,85
4,30,3,Isolados,0.677669,2,86
4,35,0,Empiristas,0.722185,5,104
4,35,1,Incrementalistas,0.747613,4,106
4,35,2,Evolucionistas,0.747746,4,104
4,35,3,Isolados,0.682742,3,106
4,40,0,Empiristas,0.767496,5,124
4,40,1,Incrementalistas,0.747746,5,126
4,40,2,Evolucionistas,0.747746,4,126
4,40,3,Isolados,0.709286,4,127
4,45,0,Empiristas,0.800956,6,149
4,45,1,Incrementalistas,0.800956,6,149
4,45,2,Evolucionistas,0.800956,6,150
4,45,3,Isolados,0.709286,4,150
4,50,0,Empiristas,0.800956,6,176
4,50,1,Incrementalistas,0.824582,6,174
4,50,2,Evolucionistas,0.824582,6,175
4,50,3,Isolados,0.76339,5,175
4,55,0,Empiristas,0.824582,7,205
4,55,1,Incrementalistas,0.824582,6,203
4,55,2,Evolucionistas,0.824582,7,204
4,55,3,Isolados,0.866193,7,204
4,60,0,Empiristas,0.867284,8,236
4,60,1,Incrementalistas,0.824582,8,235
4,60,2,Evolucionistas,0.867284,9,235
4,60,3,Isolados,0.866193,8,235
4,65,0,Empiristas,0.867284,8,270
4,65,1,Incrementalistas,0.867284,9,270
4,65,2,Evolucionistas,0.867284,9,270
4,65,3,Isolados,0.866193,8,271
4,70,0,Empiristas,0.867284,9,308
4,70,1,Incrementalistas,0.867284,9,310
4,70,2,Evolucionistas,0.867284,9,308
4,70,3,Isolados,0.866193,8,309
4,75,0,Empiristas,0.867284,9,349
4,75,1,Incrementalistas,0.898752,9,353
4,75,2,Evolucionistas,0.867284,9,350
4,75,3,Isolados,0.866193,8,352
4,80,0,Empiristas,0.898752,9,396
4,80,1,Incrementalistas,0.898752,9,398
4,80,2,Evolucionistas,0.9403,9,396
4,80,3,Isolados,0.866193,8,399
4,85,0,Empiristas,0.9403,9,447
4,85,1,Incrementalistas,0.898752,9,450
4,85,2,Evolucionistas,0.9403,9,449
4,85,3,Isolados,0.866193,8,449
4,90,0,Empiristas,0.952927,9,505
4,90,1,Incrementalistas,0.902894,9,506
4,90,2,Evolucionistas,0.952927,9,506
4,90,3,Isolados,0.866193,8,506
4,95,0,Empiristas,0.952927,9,567
4,95,1,Incrementalistas,0.952927,9,569
4,95,2,Evolucionistas,0.952927,9,570
4,95,3,Isolados,0.866193,8,569
4,100,0,Empiristas,0.961233,9,635
4,100,1,Incrementalistas,0.965822,9,638
4,100,2,Evolucionistas,0.980526,9,641
4,100,3,Isolados,0.866193,8,639
4,105,0,Empiristas,0.980526,9,712
4,105,1,Incrementalistas,0.980526,10,716
4,105,2,Evolucionistas,0.980526,9,718
4,105,3,Isolados,0.880344,8,716
4,110,0,Empiristas,0.980526,9,797
4,110,1,Incrementalistas,0.980526,10,802
4,110,2,Evolucionistas,0.980526,9,803
4,110,3,Isolados,0.888465,8,800
4,115,0,Empiristas,0.980526,9,890
4,115,1,Incrementalistas,0.980526,10,894
4,115,2,Evolucionistas,0.980526,9,897
4,115,3,Isolados,0.901631,8,893
4,120,0,Empiristas,0.980526,9,994
4,120,1,Incrementalistas,0.980526,10,998
4,120,2,Evolucionistas,0.980526,9,1002
4,120,3,Isolados,0.901631,8,996
4,125,0,Empiristas,0.980526,9,1108
4,125,1,Incrementalistas,0.980526,10,1113
4,125,2,Evolucionistas,0.980526,9,1117
4,125,3,Isolados,0.913285,8,1112
4,130,0,Empiristas,0.980526,9,1233
4,130,1,Incrementalistas,0.980526,10,1239
4,130,2,Evolucionistas,0.980526,10,1246
4,130,3,Isolados,0.913285,8,1238
4,135,0,Empiristas,0.980526,9,1372
4,135,1,Incrementalistas,1,10,1380
4,135,2,Evolucionistas,1,10,1385
4,135,3,Isolados,0.922118,8,1377
4,140,0,Empiristas,1,10,1526
4,140,1,Incrementalistas,1,10,1534
4,140,2,Evolucionistas,1,10,1539
4,140,3,Isolados,0.922118,8,1532
4,145,0,Empiristas,1,10,1696
4,145,1,Incrementalistas,1,10,1704
4,145,2,Evolucionistas,1,10,1710
4,145,3,Isolados,0.958114,8,1702
4,150,0,Empiristas,1,10,1885
4,150,1,Incrementalistas,1,10,1891
4,150,2,Evolucionistas,1,10,1898
4,150,3,Isolados,0.958114,9,1889
4,155,0,Empiristas,1,10,2092
4,155,1,Incrementalistas,1,10,2096
4,155,2,Evolucionistas,1,10,2107
4,155,3,Isolados,0.958114,9,2096
4,160,0,Empiristas,1,10,2321
4,160,1,Incrementalistas,1,10,2326
4,160,2,Evolucionistas,1,10,2337
4,160,3,Isolados,0.965586,9,2324
4,165,0,Empiristas,1,10,2574
4,165,1,Incrementalistas,1,10,2578
4,165,2,Evolucionistas,1,10,2588
4,165,3,Isolados,0.965586,9,2576
4,170,0,Empiristas,1,10,2852
4,170,1,Incrementalistas,1,10,2858
4,170,2,Evolucionistas,1,10,2868
4,170,3,Isolados,0.965586,9,2853
4,175,0,Empiristas,1,10,3159
4,175,1,Incrementalistas,1,10,3166
4,175,2,Evolucionistas,1,10,3175
4,175,3,Isolados,0.965586,9,3161
4,180,0,Empiristas,1,10,3497
4,180,1,Incrementalistas,1,10,3507
4,180,2,Evolucionistas,1,10,3514
4,180,3,Isolados,0.965586,9,3501
4,185,0,Empiristas,1,10,3872
4,185,1,Incrementalistas,1,10,3882
4,185,2,Evolucionistas,1,10,3888
4,185,3,Isolados,0.965586,9,3876
4,190,0,Empiristas,1,10,4286
4,190,1,Incrementalistas,1,10,4296
4,190,2,Evolucionistas,1,10,4302
4,190,3,Isolados,0.965586,9,4291
4,195,0,Empiristas,1,10,4743
4,195,1,Incrementalistas,1,10,4752
4,195,2,Evolucionistas,1,10,4757
4,195,3,Isolados,0.965586,9,4748
4,200,0,Empiristas,1,10,5239
4,200,1,Incrementalistas,1,10,5248
4,200,2,Evolucionistas,1,10,5253
4,200,3,Isolados,0.965586,9,5244
4,205,0,Empiristas,1,10,5739
4,205,1,Incrementalistas,1,10,5748
4,205,2,Evolucionistas,1,10,5753
4,205,3,Isolados,0.965586,9,5744
4,210,0,Empiristas,1,10,6239
4,210,1,Incrementalistas,1,10,6248
4,210,2,Evolucionistas,1,10,6253
4,210,3,Isolados,0.965586,9,6244
4,215,0,Empiristas,1,10,6739
4,215,1,Incrementalistas,1,10,6748
4,215,2,Evolucionistas,1,10,6753
4,215,3,Isolados,0.965586,9,6744
4,220,0,Empiristas,1,10,7239
4,220,1,Incrementalistas,1,10,7248
4,220,2,Evolucionistas,1,10,7253
4,220,3,Isolados,0.965586,9,7244
4,225,0,Empiristas,1,10,7739
4,225,1,Incrementalistas,1,10,7748
4,225,2,Evolucionistas,1,10,7753
4,225,3,Isolados,0.965586,9,7744
4,230,0,Empiristas,1,10,8239
4,230,1,Incrementalistas,1,10,8248
4,230,2,Evolucionistas,1,10,8253
4,230,3,Isolados,0.965586,9,8244
4,235,0,Empiristas,1,10,8739
4,235,1,Incrementalistas,1,10,8748
4,235,2,Evolucionistas,1,10,8753
4,235,3,Isolados,0.965586,9,8744
4,240,0,Empiristas,1,10,9239
4,240,1,Incrementalistas,1,10,9248
4,240,2,Evolucionistas,1,10,9253
4,240,3,Isolados,0.965586,9,9244
4,245,0,Empiristas,1,10,9739
4,245,1,Incrementalistas,1,10,9748
4,245,2,Evolucionistas,1,10,9753
4,245,3,Isolados,0.965586,9,9744
4,250,0,Empiristas,1,10,10239
4,250,1,Incrementalistas,1,10,10248
4,250,2,Evolucionistas,1,10,10253
4,250,3,Isolados,0.965586,9,10244
4,255,0,Empiristas,1,10,10739
4,255,1,Incrementalistas,1,10,10748
4,255,2,Evolucionistas,1,10,10753
4,255,3,Isolados,0.965586,9,10744
4,260,0,Empiristas,1,10,11239
4,260,1,Incrementalistas,1,10,11248
4,260,2,Evolucionistas,1,10,11253
4,260,3,Isolados,0.965586,9,11244
4,265,0,Empiristas,1,10,11739
4,265,1,Incrementalistas,1,10,11748
4,265,2,Evolucionistas,1,10,11753
4,265,3,Isolados,0.965586,9,11744
4,270,0,Empiristas,1,10,12239
4,270,1,Incrementalistas,1,10,12248
4,270,2,Evolucionistas,1,10,12253
4,270,3,Isolados,0.965586,9,12244
4,275,0,Empiristas,1,10,12739
4,275,1,Incrementalistas,1,10,12748
4,275,2,Evolucionistas,1,10,12753
4,275,3,Isolados,0.965586,9,12744
4,280,0,Empiristas,1,10,13239
4,280,1,Incrementalistas,1,10,13248
4,280,2,Evolucionistas,1,10,13253
4,280,3,Isolados,0.965586,9,13244
4,285,0,Empiristas,1,10,13739
4,285,1,Incrementalistas,1,10,13748
4,285,2,Evolucionistas,1,10,13753
4,285,3,Isolados,0.965586,9,13744
4,290,0,Empiristas,1,10,14239
4,290,1,Incrementalistas,1,10,14248
4,290,2,Evolucionistas,1,10,14253
4,290,3,Isolados,0.965586,9,14244
4,295,0,Empiristas,1,10,14739
4,295,1,Incrementalistas,1,10,14748
4,295,2,Evolucionistas,1,10,14753
4,295,3,Isolados,0.965586,9,14744
4,300,0,Empiristas,1,10,15239
4,300,1,Incrementalistas,1,10,15248
4,300,2,Evolucionistas,1,10,15253
4,300,3,Isolados,0.965586,9,15244
5,0,0,Empiristas,0.530607,1,2
5,0,1,Incrementalistas,0.509883,1,2
5,0,2,Evolucionistas,0.586961,2,2
5,0,3,Isolados,0.504766,1,2
5,5,0,Empiristas,0.668393,3,13
5,5,1,Incrementalistas,0.658647,2,13
5,5,2,Evolucionistas,0.658647,2,14
5,5,3,Isolados,0.652721,1,12
5,10,0,Empiristas,0.681832,3,26
5,10,1,Incrementalistas,0.719483,2,25
5,10,2,Evolucionistas,0.681832,2,27
5,10,3,Isolados,0.661593,1,23
5,15,0,Empiristas,0.719483,3,38
5,15,1,Incrementalistas,0.719483,3,38
5,15,2,Evolucionistas,0.681832,3,41
5,15,3,Isolados,0.661593,1,35
5,20,0,Empiristas,0.719483,3,53
5,20,1,Incrementalistas,0.719483,3,52
5,20,2,Evolucionistas,0.719483,3,56
5,20,3,Isolados,0.661593,1,48
5,25,0,Empiristas,0.719483,3,69
5,25,1,Incrementalistas,0.783969,4,67
5,25,2,Evolucionistas,0.783969,4,72
5,25,3,Isolados,0.661593,1,63
5,30,0,Empiristas,0.719483,3,87
5,30,1,Incrementalistas,0.798514,4,83
5,30,2,Evolucionistas,0.798514,4,88
5,30,3,Isolados,0.693104,2,82
5,35,0,Empiristas,0.811422,5,106
5,35,1,Incrementalistas,0.811422,6,102
5,35,2,Evolucionistas,0.811422,5,108
5,35,3,Isolados,0.693104,2,102
5,40,0,Empiristas,0.811422,6,126
5,40,1,Incrementalistas,0.811422,6,124
5,40,2,Evolucionistas,0.811422,5,128
5,40,3,Isolados,0.693104,3,124
5,45,0,Empiristas,0.880798,7,149
5,45,1,Incrementalistas,0.880798,6,147
5,45,2,Evolucionistas,0.857866,5,150
5,45,3,Isolados,0.729702,3,148
5,50,0,Empiristas,0.882561,7,176
5,50,1,Incrementalistas,0.880798,6,171
5,50,2,Evolucionistas,0.880798,6,176
5,50,3,Isolados,0.748352,3,173
5,55,0,Empiristas,0.925961,7,203
5,55,1,Incrementalistas,0.882561,7,198
5,55,2,Evolucionistas,0.880798,5,205
5,55,3,Isolados,0.748352,5,202
5,60,0,Empiristas,0.925961,7,235
5,60,1,Incrementalistas,0.88301,7,229
5,60,2,Evolucionistas,0.880798,6,220
5,60,3,Isolados,0.748352,5,233
5,65,0,Empiristas,0.925961,7,269
5,65,1,Incrementalistas,0.925961,7,264
5,65,2,Evolucionistas,0.925961,6,238
5,65,3,Isolados,0.756334,5,268
5,70,0,Empiristas,0.925961,7,307
5,70,1,Incrementalistas,0.925961,7,302
5,70,2,Evolucionistas,0.925961,6,258
5,70,3,Isolados,0.816124,6,306
5,75,0,Empiristas,0.927176,7,350
5,75,1,Incrementalistas,0.925961,7,346
5,75,2,Evolucionistas,0.925961,6,280
5,75,3,Isolados,0.816124,7,348
5,80,0,Empiristas,0.931746,7,397
5,80,1,Incrementalistas,0.931746,7,393
5,80,2,Evolucionistas,0.931746,6,309
5,80,3,Isolados,0.853481,7,394
5,85,0,Empiristas,0.931861,7,448
5,85,1,Incrementalistas,0.931746,7,445
5,85,2,Evolucionistas,0.931861,6,361
5,85,3,Isolados,0.853481,7,446
5,90,0,Empiristas,0.932962,8,506
5,90,1,Incrementalistas,0.932962,8,501
5,90,2,Evolucionistas,0.932962,7,418
5,90,3,Isolados,0.853481,8,503
5,95,0,Empiristas,0.948278,8,569
5,95,1,Incrementalistas,0.932962,8,563
5,95,2,Evolucionistas,0.948278,7,482
5,95,3,Isolados,0.862782,8,566
5,100,0,Empiristas,0.954064,8,639
5,100,1,Incrementalistas,0.954064,8,632
5,100,2,Evolucionistas,0.948278,7,553
5,100,3,Isolados,0.870303,8,635
5,105,0,Empiristas,0.954064,8,715
5,105,1,Incrementalistas,0.954064,8,710
5,105,2,Evolucionistas,0.961796,7,630
5,105,3,Isolados,0.887113,8,712
5,110,0,Empiristas,0.961796,9,801
5,110,1,Incrementalistas,0.961796,8,794
5,110,2,Evolucionistas,0.964719,7,715
5,110,3,Isolados,0.887113,8,796
5,115,0,Empiristas,0.961796,9,896
5,115,1,Incrementalistas,0.965586,8,888
5,115,2,Evolucionistas,0.965586,7,809
5,115,3,Isolados,0.888407,8,890
5,120,0,Empiristas,0.965586,9,1000
5,120,1,Incrementalistas,0.965586,8,991
5,120,2,Evolucionistas,0.965586,7,913
5,120,3,Isolados,0.903931,8,993
5,125,0,Empiristas,0.965586,9,1114
5,125,1,Incrementalistas,0.965586,8,1105
5,125,2,Evolucionistas,0.965586,8,1027
5,125,3,Isolados,0.903931,8,1108
5,130,0,Empiristas,0.965586,9,1241
5,130,1,Incrementalistas,0.965586,8,1231
5,130,2,Evolucionistas,0.965586,8,1154
5,130,3,Isolados,0.903931,8,1234
5,135,0,Empiristas,0.965586,9,1380
5,135,1,Incrementalistas,0.965586,8,1369
5,135,2,Evolucionistas,0.965586,8,1293
5,135,3,Isolados,0.908677,8,1373
5,140,0,Empiristas,0.965586,9,1534
5,140,1,Incrementalistas,0.965586,8,1522
5,140,2,Evolucionistas,0.965586,8,1448
5,140,3,Isolados,0.908677,8,1526
5,145,0,Empiristas,0.965586,9,1703
5,145,1,Incrementalistas,0.968917,8,1693
5,145,2,Evolucionistas,0.968917,8,1619
5,145,3,Isolados,0.908677,8,1694
5,150,0,Empiristas,0.968917,9,1890
5,150,1,Incrementalistas,0.968917,8,1880
5,150,2,Evolucionistas,0.968917,8,1806
5,150,3,Isolados,0.920206,8,1881
5,155,0,Empiristas,0.968917,9,2097
5,155,1,Incrementalistas,0.970008,9,2088
5,155,2,Evolucionistas,0.970008,9,2013
5,155,3,Isolados,0.920206,8,2088
5,160,0,Empiristas,0.98602,9,2327
5,160,1,Incrementalistas,0.970008,10,2317
5,160,2,Evolucionistas,0.98602,9,2242
5,160,3,Isolados,0.920206,8,2316
5,165,0,Empiristas,0.98602,9,2579
5,165,1,Incrementalistas,0.98602,10,2568
5,165,2,Evolucionistas,0.98602,9,2494
5,165,3,Isolados,0.920206,8,2570
5,170,0,Empiristas,0.98602,9,2858
5,170,1,Incrementalistas,0.98602,10,2846
5,170,2,Evolucionistas,0.98602,10,2772
5,170,3,Isolados,0.920206,9,2848
5,175,0,Empiristas,0.98783,9,3165
5,175,1,Incrementalistas,0.98602,10,3152
5,175,2,Evolucionistas,0.98602,10,3081
5,175,3,Isolados,0.920206,9,3155
5,180,0,Empiristas,0.98783,10,3504
5,180,1,Incrementalistas,0.98783,10,3491
5,180,2,Evolucionistas,0.98783,10,3420
5,180,3,Isolados,0.920206,9,3494
5,185,0,Empiristas,0.98783,10,3878
5,185,1,Incrementalistas,0.98783,10,3865
5,185,2,Evolucionistas,0.98783,10,3795
5,185,3,Isolados,0.920206,9,3871
5,190,0,Empiristas,0.98783,10,4293
5,190,1,Incrementalistas,0.98783,10,4278
5,190,2,Evolucionistas,0.98783,9,4166
5,190,3,Isolados,0.920206,10,4285
5,195,0,Empiristas,0.98783,10,4750
5,195,1,Incrementalistas,0.98783,10,4735
5,195,2,Evolucionistas,0.98783,9,4395
5,195,3,Isolados,0.920206,10,4744
5,200,0,Empiristas,0.98783,10,5246
5,200,1,Incrementalistas,0.98783,10,5231
5,200,2,Evolucionistas,0.98783,9,4642
5,200,3,Isolados,0.920206,10,5240
5,205,0,Empiristas,0.98783,10,5746
5,205,1,Incrementalistas,0.98783,10,5731
5,205,2,Evolucionistas,0.98783,10,4892
5,205,3,Isolados,0.920206,10,5740
5,210,0,Empiristas,0.98783,10,6246
5,210,1,Incrementalistas,0.98783,10,6231
5,210,2,Evolucionistas,0.98783,10,5142
5,210,3,Isolados,0.934406,10,6240
5,215,0,Empiristas,0.98783,10,6746
5,215,1,Incrementalistas,0.98783,10,6731
5,215,2,Evolucionistas,0.98783,10,5492
5,215,3,Isolados,0.942174,10,6740
5,220,0,Empiristas,0.98783,10,7246
5,220,1,Incrementalistas,0.98783,10,7231
5,220,2,Evolucionistas,0.98783,10,5992
5,220,3,Isolados,0.942174,10,7240
5,225,0,Empiristas,0.98783,10,7746
5,225,1,Incrementalistas,0.98783,10,7731
5,225,2,Evolucionistas,0.98783,10,6492
5,225,3,Isolados,0.954329,10,7740
5,230,0,Empiristas,0.98783,10,8246
5,230,1,Incrementalistas,0.98783,10,8231
5,230,2,Evolucionistas,0.98783,10,6992
5,230,3,Isolados,0.954329,10,8240
5,235,0,Empiristas,0.98783,10,8746
5,235,1,Incrementalistas,0.98783,10,8731
5,235,2,Evolucionistas,0.98783,10,7492
5,235,3,Isolados,0.954329,10,8740
5,240,0,Empiristas,0.98783,10,9246
5,240,1,Incrementalistas,0.98783,10,9231
5,240,2,Evolucionistas,0.98783,10,7992
5,240,3,Isolados,0.954329,10,9240
5,245,0,Empiristas,0.98783,10,9746
5,245,1,Incrementalistas,0.98783,10,9731
5,245,2,Evolucionistas,0.98783,10,8492
5,245,3,Isolados,0.954329,10,9740
5,250,0,Empiristas,0.98783,10,10246
5,250,1,Incrementalistas,0.98783,10,10231
5,250,2,Evolucionistas,0.98783,10,8992
5,250,3,Isolados,0.954329,10,10240
5,255,0,Empiristas,0.98783,10,10746
5,255,1,Incrementalistas,0.98783,10,10731
5,255,2,Evolucionistas,0.98783,10,9492
5,255,3,Isolados,0.959315,10,10740
5,260,0,Empiristas,0.98783,10,11246
5,260,1,Incrementalistas,0.98783,10,11231
5,260,2,Evolucionistas,0.98783,10,9992
5,260,3,Isolados,0.959315,10,11240
5,265,0,Empiristas,0.98783,10,11746
5,265,1,Incrementalistas,0.98783,10,11731
5,265,2,Evolucionistas,0.98783,10,10492
5,265,3,Isolados,0.959315,10,11740
5,270,0,Empiristas,0.98783,10,12246
5,270,1,Incrementalistas,0.98783,10,12231
5,270,2,Evolucionistas,0.98783,10,10992
5,270,3,Isolados,0.963504,10,12240
5,275,0,Empiristas,0.98783,10,12746
5,275,1,Incrementalistas,0.98783,10,12731
5,275,2,Evolucionistas,0.98783,10,11492
5,275,3,Isolados,1,10,12740
5,280,0,Empiristas,0.98783,10,13246
5,280,1,Incrementalistas,0.98783,10,13231
5,280,2,Evolucionistas,0.98783,10,11992
5,280,3,Isolados,1,10,13240
5,285,0,Empiristas,0.98783,10,13746
5,285,1,Incrementalistas,0.98783,10,13731
5,285,2,Evolucionistas,0.98783,10,12492
5,285,3,Isolados,1,10,13740
5,290,0,Empiristas,0.98783,10,14246
5,290,1,Incrementalistas,0.98783,10,14231
5,290,2,Evolucionistas,0.98783,10,12992
5,290,3,Isolados,1,10,14240
5,295,0,Empiristas,0.98783,10,14746
5,295,1,Incrementalistas,0.98783,10,14731
5,295,2,Evolucionistas,0.98783,10,13492
5,295,3,Isolados,1,10,14740
5,300,0,Empiristas,0.98783,10,15246
5,300,1,Incrementalistas,0.98783,10,15231
5,300,2,Evolucionistas,0.98783,10,13992
5,300,3,Isolados,1,10,15240
6,0,0,Empiristas,0.503688,1,2
6,0,1,Incrementalistas,0.503688,1,2
6,0,2,Evolucionistas,0.612514,1,2
6,0,3,Isolados,0.641217,1,2
6,5,0,Empiristas,0.662235,1,13
6,5,1,Incrementalistas,0.604411,1,13
6,5,2,Evolucionistas,0.723926,3,13
6,5,3,Isolados,0.641217,1,12
6,10,0,Empiristas,0.80326,4,23
6,10,1,Incrementalistas,0.723926,2,25
6,10,2,Evolucionistas,0.80326,5,25
6,10,3,Isolados,0.651689,1,25
6,15,0,Empiristas,0.834355,5,35
6,15,1,Incrementalistas,0.834355,4,38
6,15,2,Evolucionistas,0.80326,6,36
6,15,3,Isolados,0.651689,1,37
6,20,0,Empiristas,0.834355,5,48
6,20,1,Incrementalistas,0.834897,5,52
6,20,2,Evolucionistas,0.834355,7,51
6,20,3,Isolados,0.724609,2,50
6,25,0,Empiristas,0.834897,5,64
6,25,1,Incrementalistas,0.834897,5,68
6,25,2,Evolucionistas,0.834897,7,67
6,25,3,Isolados,0.724609,3,66
6,30,0,Empiristas,0.834897,5,83
6,30,1,Incrementalistas,0.834897,5,86
6,30,2,Evolucionistas,0.854841,8,86
6,30,3,Isolados,0.724609,4,83
6,35,0,Empiristas,0.854841,8,102
6,35,1,Incrementalistas,0.854841,7,105
6,35,2,Evolucionistas,0.854841,9,106
6,35,3,Isolados,0.781296,4,103
6,40,0,Empiristas,0.923992,8,126
6,40,1,Incrementalistas,0.923992,8,126
6,40,2,Evolucionistas,0.86463,9,128
6,40,3,Isolados,0.809177,4,125
6,45,0,Empiristas,0.923992,9,150
6,45,1,Incrementalistas,0.923992,9,148
6,45,2,Evolucionistas,0.86463,10,152
6,45,3,Isolados,0.809177,5,149
6,50,0,Empiristas,0.923992,10,175
6,50,1,Incrementalistas,0.923992,9,175
6,50,2,Evolucionistas,0.923992,10,180
6,50,3,Isolados,0.809177,5,174
6,55,0,Empiristas,0.923992,10,204
6,55,1,Incrementalistas,0.923992,10,204
6,55,2,Evolucionistas,0.923992,10,209
6,55,3,Isolados,0.809177,5,202
6,60,0,Empiristas,0.923992,10,235
6,60,1,Incrementalistas,0.923992,10,235
6,60,2,Evolucionistas,0.923992,10,242
6,60,3,Isolados,0.816212,6,234
6,65,0,Empiristas,0.942865,10,270
6,65,1,Incrementalistas,0.982376,10,269
6,65,2,Evolucionistas,0.942865,10,278
6,65,3,Isolados,0.884939,6,270
6,70,0,Empiristas,0.982376,10,308
6,70,1,Incrementalistas,0.982376,10,307
6,70,2,Evolucionistas,0.982376,10,318
6,70,3,Isolados,0.884939,7,308
6,75,0,Empiristas,0.988807,10,349
6,75,1,Incrementalistas,0.982376,10,351
6,75,2,Evolucionistas,0.988807,10,361
6,75,3,Isolados,0.884939,7,350
6,80,0,Empiristas,0.988807,10,395
6,80,1,Incrementalistas,0.988807,10,399
6,80,2,Evolucionistas,0.988807,10,408
6,80,3,Isolados,0.884939,7,397
6,85,0,Empiristas,0.988807,10,447
6,85,1,Incrementalistas,0.988807,10,450
6,85,2,Evolucionistas,1,10,459
6,85,3,Isolados,0.904227,7,447
6,90,0,Empiristas,1,10,503
6,90,1,Incrementalistas,0.988807,10,507
6,90,2,Evolucionistas,1,10,515
6,90,3,Isolados,0.90677,7,506
6,95,0,Empiristas,1,10,565
6,95,1,Incrementalistas,0.988807,10,568
6,95,2,Evolucionistas,1,10,578
6,95,3,Isolados,0.907547,7,569
6,100,0,Empiristas,1,10,634
6,100,1,Incrementalistas,1,10,639
6,100,2,Evolucionistas,1,10,647
6,100,3,Isolados,0.914055,7,640
6,105,0,Empiristas,1,10,711
6,105,1,Incrementalistas,1,10,716
6,105,2,Evolucionistas,1,10,724
6,105,3,Isolados,0.914055,7,718
6,110,0,Empiristas,1,10,796
6,110,1,Incrementalistas,1,10,799
6,110,2,Evolucionistas,1,10,810
6,110,3,Isolados,0.931406,7,802
6,115,0,Empiristas,1,8,860
6,115,1,Incrementalistas,1,10,893
6,115,2,Evolucionistas,1,10,902
6,115,3,Isolados,0.952821,7,897
6,120,0,Empiristas,1,9,913
6,120,1,Incrementalistas,1,10,996
6,120,2,Evolucionistas,1,10,1006
6,120,3,Isolados,0.952821,7,1000
6,125,0,Empiristas,1,9,971
6,125,1,Incrementalistas,1,10,1110
6,125,2,Evolucionistas,1,10,1121
6,125,3,Isolados,0.952821,7,1113
6,130,0,Empiristas,1,9,1034
6,130,1,Incrementalistas,1,10,1235
6,130,2,Evolucionistas,1,10,1246
6,130,3,Isolados,0.967678,7,1239
6,135,0,Empiristas,1,10,1104
6,135,1,Incrementalistas,1,10,1376
6,135,2,Evolucionistas,1,10,1385
6,135,3,Isolados,0.98602,7,1378
6,140,0,Empiristas,1,10,1244
6,140,1,Incrementalistas,1,10,1531
6,140,2,Evolucionistas,1,10,1539
6,140,3,Isolados,0.98602,7,1533
6,145,0,Empiristas,1,10,1414
6,145,1,Incrementalistas,1,10,1649
6,145,2,Evolucionistas,1,10,1708
6,145,3,Isolados,0.98602,8,1702
6,150,0,Empiristas,1,10,1603
6,150,1,Incrementalistas,1,10,1744
6,150,2,Evolucionistas,1,10,1895
6,150,3,Isolados,0.98602,8,1889
6,155,0,Empiristas,1,10,1811
6,155,1,Incrementalistas,1,10,1847
6,155,2,Evolucionistas,1,10,2103
6,155,3,Isolados,0.98602,8,2096
6,160,0,Empiristas,1,10,2039
6,160,1,Incrementalistas,1,10,1960
6,160,2,Evolucionistas,1,10,2330
6,160,3,Isolados,0.98602,9,2322
6,165,0,Empiristas,1,10,2289
6,165,1,Incrementalistas,1,10,2087
6,165,2,Evolucionistas,1,10,2582
6,165,3,Isolados,0.98602,9,2574
6,170,0,Empiristas,1,10,2568
6,170,1,Incrementalistas,1,10,2339
6,170,2,Evolucionistas,1,10,2861
6,170,3,Isolados,0.98602,9,2852
6,175,0,Empiristas,1,9,2751
6,175,1,Incrementalistas,1,10,2646
6,175,2,Evolucionistas,1,10,3169
6,175,3,Isolados,0.98602,9,3159
6,180,0,Empiristas,1,10,2920
6,180,1,Incrementalistas,1,10,2986
6,180,2,Evolucionistas,1,10,3508
6,180,3,Isolados,0.98602,10,3499
6,185,0,Empiristas,1,10,3109
6,185,1,Incrementalistas,1,10,3362
6,185,2,Evolucionistas,1,10,3732
6,185,3,Isolados,0.98602,10,3875
6,190,0,Empiristas,1,10,3316
6,190,1,Incrementalistas,1,10,3776
6,190,2,Evolucionistas,1,10,3939
6,190,3,Isolados,0.98602,10,4287
6,195,0,Empiristas,1,7,3546
6,195,1,Incrementalistas,1,10,4233
6,195,2,Evolucionistas,1,10,4166
6,195,3,Isolados,0.98783,10,4744
6,200,0,Empiristas,1,10,3794
6,200,1,Incrementalistas,1,10,4729
6,200,2,Evolucionistas,1,10,4413
6,200,3,Isolados,0.98783,10,5240
6,205,0,Empiristas,1,10,4044
6,205,1,Incrementalistas,1,10,5229
6,205,2,Evolucionistas,1,10,4663
6,205,3,Isolados,0.98783,10,5740
6,210,0,Empiristas,1,10,4294
6,210,1,Incrementalistas,1,10,5729
6,210,2,Evolucionistas,1,10,5163
6,210,3,Isolados,0.98783,10,6240
6,215,0,Empiristas,1,10,4544
6,215,1,Incrementalistas,1,10,6229
6,215,2,Evolucionistas,1,10,5663
6,215,3,Isolados,0.98783,10,6740
6,220,0,Empiristas,1,10,4844
6,220,1,Incrementalistas,1,10,6729
6,220,2,Evolucionistas,1,10,6163
6,220,3,Isolados,0.98783,10,7240
6,225,0,Empiristas,1,10,5344
6,225,1,Incrementalistas,1,10,7229
6,225,2,Evolucionistas,1,10,6663
6,225,3,Isolados,0.98783,10,7740
6,230,0,Empiristas,1,10,5844
6,230,1,Incrementalistas,1,10,7729
6,230,2,Evolucionistas,1,9,7113
6,230,3,Isolados,0.98783,10,8240
6,235,0,Empiristas,1,10,6344
6,235,1,Incrementalistas,1,10,8229
6,235,2,Evolucionistas,1,10,7363
6,235,3,Isolados,0.98783,10,8740
6,240,0,Empiristas,1,10,6844
6,240,1,Incrementalistas,1,10,8729
6,240,2,Evolucionistas,1,10,7613
6,240,3,Isolados,0.98783,10,9240
6,245,0,Empiristas,1,10,7344
6,245,1,Incrementalistas,1,10,9229
6,245,2,Evolucionistas,1,10,7863
6,245,3,Isolados,0.98783,10,9740
6,250,0,Empiristas,1,10,7844
6,250,1,Incrementalistas,1,10,9729
6,250,2,Evolucionistas,1,10,8113
6,250,3,Isolados,0.98783,10,10240
6,255,0,Empiristas,1,10,8344
6,255,1,Incrementalistas,1,10,10229
6,255,2,Evolucionistas,1,10,8463
6,255,3,Isolados,0.98783,10,10740
6,260,0,Empiristas,1,10,8844
6,260,1,Incrementalistas,1,10,10729
6,260,2,Evolucionistas,1,10,8963
6,260,3,Isolados,0.98783,9,11090
6,265,0,Empiristas,1,10,9344
6,265,1,Incrementalistas,1,10,11229
6,265,2,Evolucionistas,1,10,9263
6,265,3,Isolados,0.98783,9,11340
6,270,0,Empiristas,1,10,9844
6,270,1,Incrementalistas,1,10,11729
6,270,2,Evolucionistas,1,10,9513
6,270,3,Isolados,0.98783,9,11590
6,275,0,Empiristas,1,10,10344
6,275,1,Incrementalistas,1,10,12229
6,275,2,Evolucionistas,1,10,9763
6,275,3,Isolados,0.98783,9,11840
6,280,0,Empiristas,1,10,10844
6,280,1,Incrementalistas,1,10,12729
6,280,2,Evolucionistas,1,10,10013
6,280,3,Isolados,0.98783,9,12090
6,285,0,Empiristas,1,10,11344
6,285,1,Incrementalistas,1,10,13229
6,285,2,Evolucionistas,1,10,10263
6,285,3,Isolados,0.98783,9,12540
6,290,0,Empiristas,1,10,11844
6,290,1,Incrementalistas,1,10,13729
6,290,2,Evolucionistas,1,10,10763
6,290,3,Isolados,0.98783,9,13040
6,295,0,Empiristas,1,10,12344
6,295,1,Incrementalistas,1,10,14229
6,295,2,Evolucionistas,1,10,11263
6,295,3,Isolados,0.98783,9,13540
6,300,0,Empiristas,1,10,12844
6,300,1,Incrementalistas,1,10,14729
6,300,2,Evolucionistas,1,10,11763
6,300,3,Isolados,0.98783,9,14040
7,0,0,Empiristas,0.642995,3,2
7,0,1,Incrementalistas,0.601321,1,2
7,0,2,Evolucionistas,0.642995,3,2
7,0,3,Isolados,0.594071,1,2
7,5,0,Empiristas,0.820348,4,13
7,5,1,Incrementalistas,0.636124,1,14
7,5,2,Evolucionistas,0.820348,4,13
7,5,3,Isolados,0.59929,1,13
7,10,0,Empiristas,0.820348,5,25
7,10,1,Incrementalistas,0.820348,4,25
7,10,2,Evolucionistas,0.820348,4,24
7,10,3,Isolados,0.6527,1,24
7,15,0,Empiristas,0.820348,6,37
7,15,1,Incrementalistas,0.820348,4,37
7,15,2,Evolucionistas,0.820348,4,37
7,15,3,Isolados,0.686032,1,37
7,20,0,Empiristas,0.820348,6,52
7,20,1,Incrementalistas,0.833423,4,51
7,20,2,Evolucionistas,0.820348,5,51
7,20,3,Isolados,0.686032,1,50
7,25,0,Empiristas,0.820348,6,67
7,25,1,Incrementalistas,0.833423,4,68
7,25,2,Evolucionistas,0.820348,5,60
7,25,3,Isolados,0.686032,1,66
7,30,0,Empiristas,0.833423,6,84
7,30,1,Incrementalistas,0.833423,6,87
7,30,2,Evolucionistas,0.833423,5,68
7,30,3,Isolados,0.686032,1,83
7,35,0,Empiristas,0.833423,7,104
7,35,1,Incrementalistas,0.833423,6,106
7,35,2,Evolucionistas,0.833423,7,78
7,35,3,Isolados,0.686032,1,102
7,40,0,Empiristas,0.833423,7,124
7,40,1,Incrementalistas,0.866556,7,127
7,40,2,Evolucionistas,0.866556,7,89
7,40,3,Isolados,0.686032,1,122
7,45,0,Empiristas,0.866556,7,148
7,45,1,Incrementalistas,0.866556,7,149
7,45,2,Evolucionistas,0.866556,7,101
7,45,3,Isolados,0.686032,2,144
7,50,0,Empiristas,0.866556,7,173
7,50,1,Incrementalistas,0.866556,7,175
7,50,2,Evolucionistas,0.866556,7,125
7,50,3,Isolados,0.710639,2,169
7,55,0,Empiristas,0.866556,7,201
7,55,1,Incrementalistas,0.866556,7,205
7,55,2,Evolucionistas,0.866556,7,142
7,55,3,Isolados,0.710639,4,198
7,60,0,Empiristas,0.878909,9,232
7,60,1,Incrementalistas,0.878909,8,237
7,60,2,Evolucionistas,0.878909,9,157
7,60,3,Isolados,0.73681,4,231
7,65,0,Empiristas,0.878909,9,268
7,65,1,Incrementalistas,0.878909,8,273
7,65,2,Evolucionistas,0.878909,9,176
7,65,3,Isolados,0.794756,4,266
7,70,0,Empiristas,0.878909,10,307
7,70,1,Incrementalistas,0.878909,9,311
7,70,2,Evolucionistas,0.878909,9,195
7,70,3,Isolados,0.794756,4,304
7,75,0,Empiristas,0.890098,10,351
7,75,1,Incrementalistas,0.890098,9,353
7,75,2,Evolucionistas,0.890098,10,217
7,75,3,Isolados,0.794756,4,347
7,80,0,Empiristas,0.890098,10,397
7,80,1,Incrementalistas,0.890098,10,399
7,80,2,Evolucionistas,0.890098,10,264
7,80,3,Isolados,0.797997,5,392
7,85,0,Empiristas,0.890098,10,448
7,85,1,Incrementalistas,0.893337,10,450
7,85,2,Evolucionistas,0.890098,7,315
7,85,3,Isolados,0.824048,5,442
7,90,0,Empiristas,0.899517,10,506
7,90,1,Incrementalistas,0.903931,10,508
7,90,2,Evolucionistas,0.899517,9,343
7,90,3,Isolados,0.880312,5,499
7,95,0,Empiristas,0.899517,10,570
7,95,1,Incrementalistas,0.929106,10,570
7,95,2,Evolucionistas,0.929106,10,374
7,95,3,Isolados,0.880312,6,563
7,100,0,Empiristas,0.929106,10,640
7,100,1,Incrementalistas,0.929106,10,639
7,100,2,Evolucionistas,0.929106,10,409
7,100,3,Isolados,0.880312,7,634
7,105,0,Empiristas,0.929106,10,717
7,105,1,Incrementalistas,0.929106,10,717
7,105,2,Evolucionistas,0.929106,10,447
7,105,3,Isolados,0.880312,8,712
7,110,0,Empiristas,0.929106,10,803
7,110,1,Incrementalistas,0.932703,10,803
7,110,2,Evolucionistas,0.932703,10,498
7,110,3,Isolados,0.880312,8,797
7,115,0,Empiristas,0.938022,9,869
7,115,1,Incrementalistas,0.938518,10,897
7,115,2,Evolucionistas,0.938022,10,591
7,115,3,Isolados,0.880312,10,891
7,120,0,Empiristas,0.959315,10,920
7,120,1,Incrementalistas,0.977454,10,1001
7,120,2,Evolucionistas,0.959315,10,693
7,120,3,Isolados,0.901725,10,996
7,125,0,Empiristas,0.959315,10,976
7,125,1,Incrementalistas,0.977454,10,1115
7,125,2,Evolucionistas,0.959315,10,808
7,125,3,Isolados,0.940552,10,1109
7,130,0,Empiristas,0.959315,10,1038
7,130,1,Incrementalistas,0.980526,10,1242
7,130,2,Evolucionistas,0.980526,10,933
7,130,3,Isolados,0.940552,10,1235
7,135,0,Empiristas,0.980526,10,1108
7,135,1,Incrementalistas,0.980526,10,1382
7,135,2,Evolucionistas,0.980526,10,1074
7,135,3,Isolados,0.940552,10,1373
7,140,0,Empiristas,0.980526,10,1248
7,140,1,Incrementalistas,0.980526,10,1536
7,140,2,Evolucionistas,0.980526,10,1228
7,140,3,Isolados,0.940552,10,1527
7,145,0,Empiristas,0.980526,10,1418
7,145,1,Incrementalistas,0.980526,10,1706
7,145,2,Evolucionistas,0.980526,10,1399
7,145,3,Isolados,0.940552,10,1698
7,150,0,Empiristas,0.980526,10,1607
7,150,1,Incrementalistas,0.980526,10,1893
7,150,2,Evolucionistas,0.980526,10,1587
7,150,3,Isolados,0.945785,10,1885
7,155,0,Empiristas,0.980526,10,1815
7,155,1,Incrementalistas,0.980526,10,2099
7,155,2,Evolucionistas,0.980526,10,1795
7,155,3,Isolados,0.945785,10,2091
7,160,0,Empiristas,0.980526,10,2041
7,160,1,Incrementalistas,0.980526,10,2327
7,160,2,Evolucionistas,0.980526,10,2023
7,160,3,Isolados,0.947427,10,2320
7,165,0,Empiristas,0.980526,10,2294
7,165,1,Incrementalistas,0.980526,10,2577
7,165,2,Evolucionistas,0.980526,10,2275
7,165,3,Isolados,0.952745,10,2573
7,170,0,Empiristas,0.980526,10,2573
7,170,1,Incrementalistas,0.980526,10,2856
7,170,2,Evolucionistas,0.980526,10,2555
7,170,3,Isolados,0.952745,10,2852
7,175,0,Empiristas,0.980526,10,2881
7,175,1,Incrementalistas,0.980526,10,3164
7,175,2,Evolucionistas,0.980526,10,2862
7,175,3,Isolados,0.959315,10,3159
7,180,0,Empiristas,0.980526,10,3221
7,180,1,Incrementalistas,0.980526,10,3504
7,180,2,Evolucionistas,0.980526,10,3201
7,180,3,Isolados,0.959315,10,3497
7,185,0,Empiristas,0.980526,10,3596
7,185,1,Incrementalistas,0.980526,10,3880
7,185,2,Evolucionistas,0.980526,10,3577
7,185,3,Isolados,0.959315,10,3872
7,190,0,Empiristas,0.980526,10,4010
7,190,1,Incrementalistas,0.980526,10,4296
7,190,2,Evolucionistas,0.980526,10,3992
7,190,3,Isolados,0.959315,10,4287
7,195,0,Empiristas,0.980526,10,4282
7,195,1,Incrementalistas,0.980526,10,4752
7,195,2,Evolucionistas,0.980526,10,4451
7,195,3,Isolados,0.959315,10,4745
7,200,0,Empiristas,0.980526,10,4530
7,200,1,Incrementalistas,0.980526,10,5248
7,200,2,Evolucionistas,0.980526,10,4947
7,200,3,Isolados,0.959315,10,5241
7,205,0,Empiristas,0.980526,10,4780
7,205,1,Incrementalistas,0.980526,10,5748
7,205,2,Evolucionistas,1,10,5447
7,205,3,Isolados,0.959315,10,5741
7,210,0,Empiristas,1,10,5030
7,210,1,Incrementalistas,0.980526,10,6248
7,210,2,Evolucionistas,1,10,5947
7,210,3,Isolados,0.968746,10,6241
7,215,0,Empiristas,1,10,5280
7,215,1,Incrementalistas,1,10,6748
7,215,2,Evolucionistas,1,10,6447
7,215,3,Isolados,1,10,6741
7,220,0,Empiristas,1,10,5780
7,220,1,Incrementalistas,1,10,7248
7,220,2,Evolucionistas,1,10,6947
7,220,3,Isolados,1,10,7241
7,225,0,Empiristas,1,10,6280
7,225,1,Incrementalistas,1,10,7748
7,225,2,Evolucionistas,1,10,7447
7,225,3,Isolados,1,10,7741
7,230,0,Empiristas,1,10,6780
7,230,1,Incrementalistas,1,10,8248
7,230,2,Evolucionistas,1,10,7947
7,230,3,Isolados,1,10,8241
7,235,0,Empiristas,1,10,7280
7,235,1,Incrementalistas,1,10,8748
7,235,2,Evolucionistas,1,10,8447
7,235,3,Isolados,1,10,8741
7,240,0,Empiristas,1,10,7780
7,240,1,Incrementalistas,1,10,9248
7,240,2,Evolucionistas,1,10,8947
7,240,3,Isolados,1,10,9241
7,245,0,Empiristas,1,10,8280
7,245,1,Incrementalistas,1,10,9748
7,245,2,Evolucionistas,1,10,9447
7,245,3,Isolados,1,10,9741
7,250,0,Empiristas,1,10,8780
7,250,1,Incrementalistas,1,10,10248
7,250,2,Evolucionistas,1,10,9947
7,250,3,Isolados,1,10,10241
7,255,0,Empiristas,1,10,9280
7,255,1,Incrementalistas,1,10,10748
7,255,2,Evolucionistas,1,10,10447
7,255,3,Isolados,1,10,10741
7,260,0,Empiristas,1,10,9780
7,260,1,Incrementalistas,1,10,11248
7,260,2,Evolucionistas,1,10,10947
7,260,3,Isolados,1,10,11241
7,265,0,Empiristas,1,10,10280
7,265,1,Incrementalistas,1,10,11748
7,265,2,Evolucionistas,1,10,11447
7,265,3,Isolados,1,10,11741
7,270,0,Empiristas,1,10,10780
7,270,1,Incrementalistas,1,10,12248
7,270,2,Evolucionistas,1,10,11947
7,270,3,Isolados,1,10,12241
7,275,0,Empiristas,1,10,11280
7,275,1,Incrementalistas,1,10,12748
7,275,2,Evolucionistas,1,10,12447
7,275,3,Isolados,1,10,12741
7,280,0,Empiristas,1,10,11780
7,280,1,Incrementalistas,1,10,13248
7,280,2,Evolucionistas,1,10,12947
7,280,3,Isolados,1,10,13241
7,285,0,Empiristas,1,10,12280
7,285,1,Incrementalistas,1,10,13748
7,285,2,Evolucionistas,1,9,13247
7,285,3,Isolados,1,10,13741
7,290,0,Empiristas,1,10,12780
7,290,1,Incrementalistas,1,10,14248
7,290,2,Evolucionistas,1,10,13497
7,290,3,Isolados,1,10,14241
7,295,0,Empiristas,1,10,13280
7,295,1,Incrementalistas,1,10,14748
7,295,2,Evolucionistas,1,10,13747
7,295,3,Isolados,1,10,14741
7,300,0,Empiristas,1,10,13780
7,300,1,Incrementalistas,1,10,15248
7,300,2,Evolucionistas,1,10,13997
7,300,3,Isolados,1,10,15241
8,0,0,Empiristas,0.538299,1,2
8,0,1,Incrementalistas,0.734578,2,2
8,0,2,Evolucionistas,0.734578,2,2
8,0,3,Isolados,0.639144,2,2
8,5,0,Empiristas,0.734578,4,13
8,5,1,Incrementalistas,0.774664,4,12
8,5,2,Evolucionistas,0.774664,4,12
8,5,3,Isolados,0.664867,2,12
8,10,0,Empiristas,0.775374,4,27
8,10,1,Incrementalistas,0.794682,5,25
8,10,2,Evolucionistas,0.776273,4,23
8,10,3,Isolados,0.692321,2,24
8,15,0,Empiristas,0.809709,5,40
8,15,1,Incrementalistas,0.856012,5,40
8,15,2,Evolucionistas,0.856012,5,36
8,15,3,Isolados,0.692321,2,39
8,20,0,Empiristas,0.856012,5,53
8,20,1,Incrementalistas,0.856012,6,55
8,20,2,Evolucionistas,0.856012,5,51
8,20,3,Isolados,0.692321,2,53
8,25,0,Empiristas,0.856012,6,69
8,25,1,Incrementalistas,0.856012,8,70
8,25,2,Evolucionistas,0.860425,6,67
8,25,3,Isolados,0.692321,3,69
8,30,0,Empiristas,0.858898,6,85
8,30,1,Incrementalistas,0.860425,8,87
8,30,2,Evolucionistas,0.860425,6,83
8,30,3,Isolados,0.692321,3,86
8,35,0,Empiristas,0.860425,6,104
8,35,1,Incrementalistas,0.860425,8,107
8,35,2,Evolucionistas,0.860425,6,102
8,35,3,Isolados,0.692321,3,104
8,40,0,Empiristas,0.860425,6,124
8,40,1,Incrementalistas,0.860425,8,129
8,40,2,Evolucionistas,0.860425,6,124
8,40,3,Isolados,0.692321,3,124
8,45,0,Empiristas,0.860425,7,148
8,45,1,Incrementalistas,0.860425,8,150
8,45,2,Evolucionistas,0.864228,7,147
8,45,3,Isolados,0.783357,4,149
8,50,0,Empiristas,0.871163,8,175
8,50,1,Incrementalistas,0.860425,8,176
8,50,2,Evolucionistas,0.871163,8,173
8,50,3,Isolados,0.783357,5,175
8,55,0,Empiristas,0.871163,8,204
8,55,1,Incrementalistas,0.888007,8,206
8,55,2,Evolucionistas,0.888659,8,201
8,55,3,Isolados,0.783357,5,204
8,60,0,Empiristas,0.888659,9,236
8,60,1,Incrementalistas,0.888659,8,238
8,60,2,Evolucionistas,0.888659,8,233
8,60,3,Isolados,0.802377,6,235
8,65,0,Empiristas,0.888659,10,271
8,65,1,Incrementalistas,0.888659,9,273
8,65,2,Evolucionistas,0.888659,8,268
8,65,3,Isolados,0.805207,5,259
8,70,0,Empiristas,0.946971,10,310
8,70,1,Incrementalistas,0.900493,9,311
8,70,2,Evolucionistas,0.946971,9,308
8,70,3,Isolados,0.805207,5,279
8,75,0,Empiristas,0.946971,10,353
8,75,1,Incrementalistas,0.946971,9,355
8,75,2,Evolucionistas,0.946971,9,350
8,75,3,Isolados,0.805207,5,299
8,80,0,Empiristas,0.946971,10,402
8,80,1,Incrementalistas,0.946971,10,401
8,80,2,Evolucionistas,0.946971,9,395
8,80,3,Isolados,0.805207,6,323
8,85,0,Empiristas,0.964719,10,453
8,85,1,Incrementalistas,0.964719,10,454
8,85,2,Evolucionistas,0.964719,9,447
8,85,3,Isolados,0.805207,6,349
8,90,0,Empiristas,0.964719,10,510
8,90,1,Incrementalistas,0.964719,10,511
8,90,2,Evolucionistas,0.964719,9,503
8,90,3,Isolados,0.87134,6,399
8,95,0,Empiristas,0.964719,10,573
8,95,1,Incrementalistas,0.964719,10,574
8,95,2,Evolucionistas,0.964719,9,566
8,95,3,Isolados,0.923265,6,462
8,100,0,Empiristas,0.964719,10,643
8,100,1,Incrementalistas,0.964719,10,644
8,100,2,Evolucionistas,0.964719,9,635
8,100,3,Isolados,0.923265,6,531
8,105,0,Empiristas,0.964719,10,720
8,105,1,Incrementalistas,0.964719,10,721
8,105,2,Evolucionistas,0.964719,9,713
8,105,3,Isolados,0.923265,7,608
8,110,0,Empiristas,0.964719,10,804
8,110,1,Incrementalistas,0.964719,10,806
8,110,2,Evolucionistas,0.964719,10,798
8,110,3,Isolados,0.94691,7,675
8,115,0,Empiristas,0.964719,10,897
8,115,1,Incrementalistas,0.964719,10,899
8,115,2,Evolucionistas,0.964719,10,891
8,115,3,Isolados,0.94691,7,722
8,120,0,Empiristas,0.964719,10,1001
8,120,1,Incrementalistas,0.965586,10,1004
8,120,2,Evolucionistas,0.965586,10,995
8,120,3,Isolados,0.94691,7,774
8,125,0,Empiristas,0.964719,10,1115
8,125,1,Incrementalistas,0.965586,10,1118
8,125,2,Evolucionistas,0.965586,10,1111
8,125,3,Isolados,0.94691,7,830
8,130,0,Empiristas,0.965586,10,1240
8,130,1,Incrementalistas,0.965586,10,1244
8,130,2,Evolucionistas,0.965586,10,1237
8,130,3,Isolados,0.94691,7,893
8,135,0,Empiristas,0.965586,10,1380
8,135,1,Incrementalistas,0.965586,10,1384
8,135,2,Evolucionistas,0.965586,10,1373
8,135,3,Isolados,0.94691,7,1005
8,140,0,Empiristas,0.965586,10,1533
8,140,1,Incrementalistas,0.965586,10,1538
8,140,2,Evolucionistas,0.965586,10,1526
8,140,3,Isolados,0.965586,7,1159
8,145,0,Empiristas,0.965586,10,1701
8,145,1,Incrementalistas,0.965586,10,1708
8,145,2,Evolucionistas,0.965586,10,1697
8,145,3,Isolados,0.965586,7,1329
8,150,0,Empiristas,0.965586,10,1889
8,150,1,Incrementalistas,0.965586,10,1895
8,150,2,Evolucionistas,0.965586,10,1883
8,150,3,Isolados,0.965586,7,1517
8,155,0,Empiristas,0.965586,10,2096
8,155,1,Incrementalistas,0.965586,10,2102
8,155,2,Evolucionistas,0.965586,10,2092
8,155,3,Isolados,0.965586,8,1723
8,160,0,Empiristas,0.965586,10,2325
8,160,1,Incrementalistas,0.965586,10,2331
8,160,2,Evolucionistas,0.965586,10,2320
8,160,3,Isolados,0.965586,8,1952
8,165,0,Empiristas,0.965586,10,2578
8,165,1,Incrementalistas,0.965586,10,2582
8,165,2,Evolucionistas,0.965586,9,2521
8,165,3,Isolados,0.965586,8,2204
8,170,0,Empiristas,0.965586,10,2856
8,170,1,Incrementalistas,0.965586,10,2860
8,170,2,Evolucionistas,0.965586,9,2661
8,170,3,Isolados,0.965586,8,2483
8,175,0,Empiristas,0.965586,10,3163
8,175,1,Incrementalistas,0.965586,10,3168
8,175,2,Evolucionistas,0.965586,9,2815
8,175,3,Isolados,0.965586,8,2789
8,180,0,Empiristas,0.965586,10,3502
8,180,1,Incrementalistas,0.965586,10,3506
8,180,2,Evolucionistas,0.965586,9,2985
8,180,3,Isolados,0.965586,8,3129
8,185,0,Empiristas,0.965586,10,3876
8,185,1,Incrementalistas,0.965586,10,3882
8,185,2,Evolucionistas,0.965586,9,3171
8,185,3,Isolados,0.965586,9,3504
8,190,0,Empiristas,0.965586,10,4288
8,190,1,Incrementalistas,0.965586,10,4296
8,190,2,Evolucionistas,0.965586,9,3505
8,190,3,Isolados,0.965586,9,3920
8,195,0,Empiristas,0.965586,10,4746
8,195,1,Incrementalistas,0.965586,10,4753
8,195,2,Evolucionistas,0.965586,9,3961
8,195,3,Isolados,0.965586,9,4376
8,200,0,Empiristas,0.965586,10,5242
8,200,1,Incrementalistas,0.965586,10,5249
8,200,2,Evolucionistas,0.965586,9,4457
8,200,3,Isolados,0.965586,9,4872
8,205,0,Empiristas,0.965586,10,5742
8,205,1,Incrementalistas,0.964719,10,5699
8,205,2,Evolucionistas,0.965586,10,4957
8,205,3,Isolados,0.965586,9,5372
8,210,0,Empiristas,0.965586,10,6242
8,210,1,Incrementalistas,0.965586,10,5949
8,210,2,Evolucionistas,0.965586,10,5457
8,210,3,Isolados,0.965586,9,5872
8,215,0,Empiristas,0.965586,10,6742
8,215,1,Incrementalistas,0.965586,10,6199
8,215,2,Evolucionistas,0.965586,10,5957
8,215,3,Isolados,0.965586,9,6372
8,220,0,Empiristas,0.965586,10,7242
8,220,1,Incrementalistas,0.965586,10,6449
8,220,2,Evolucionistas,0.965586,10,6457
8,220,3,Isolados,0.965586,9,6872
8,225,0,Empiristas,0.965586,10,7742
8,225,1,Incrementalistas,0.965586,10,6699
8,225,2,Evolucionistas,0.965586,10,6957
8,225,3,Isolados,0.965586,9,7372
8,230,0,Empiristas,0.965586,10,8242
8,230,1,Incrementalistas,0.965586,10,7049
8,230,2,Evolucionistas,0.965586,10,7457
8,230,3,Isolados,0.965586,9,7872
8,235,0,Empiristas,0.965586,10,8742
8,235,1,Incrementalistas,0.965586,10,7549
8,235,2,Evolucionistas,0.965586,10,7957
8,235,3,Isolados,0.965586,9,8372
8,240,0,Empiristas,0.965586,10,9242
8,240,1,Incrementalistas,0.965586,10,8049
8,240,2,Evolucionistas,0.965586,10,8457
8,240,3,Isolados,0.965586,9,8872
8,245,0,Empiristas,0.965586,10,9742
8,245,1,Incrementalistas,0.965586,10,8549
8,245,2,Evolucionistas,0.965586,10,8957
8,245,3,Isolados,0.965586,9,9372
8,250,0,Empiristas,0.965586,10,10242
8,250,1,Incrementalistas,0.965586,10,9049
8,250,2,Evolucionistas,0.965586,10,9457
8,250,3,Isolados,0.965586,9,9872
8,255,0,Empiristas,0.965586,10,10742
8,255,1,Incrementalistas,0.965586,10,9549
8,255,2,Evolucionistas,0.965586,10,9957
8,255,3,Isolados,0.965586,9,10372
8,260,0,Empiristas,0.965586,10,11242
8,260,1,Incrementalistas,0.965586,10,10049
8,260,2,Evolucionistas,0.965586,10,10457
8,260,3,Isolados,0.965586,9,10872
8,265,0,Empiristas,0.965586,10,11742
8,265,1,Incrementalistas,0.965586,10,10549
8,265,2,Evolucionistas,0.965586,10,10957
8,265,3,Isolados,0.965586,9,11372
8,270,0,Empiristas,0.965586,10,12242
8,270,1,Incrementalistas,0.965586,10,11049
8,270,2,Evolucionistas,0.965586,10,11457
8,270,3,Isolados,0.965586,9,11872
8,275,0,Empiristas,0.965586,10,12742
8,275,1,Incrementalistas,0.965586,10,11549
8,275,2,Evolucionistas,0.965586,5,11957
8,275,3,Isolados,0.965586,9,12372
8,280,0,Empiristas,0.965586,10,13242
8,280,1,Incrementalistas,0.965586,10,12049
8,280,2,Evolucionistas,0.965586,7,12207
8,280,3,Isolados,0.965586,9,12872
8,285,0,Empiristas,0.965586,10,13742
8,285,1,Incrementalistas,0.965586,10,12549
8,285,2,Evolucionistas,0.965586,7,12457
8,285,3,Isolados,0.965586,9,13372
8,290,0,Empiristas,0.965586,10,14242
8,290,1,Incrementalistas,0.965586,10,13049
8,290,2,Evolucionistas,0.965586,7,12707
8,290,3,Isolados,0.965586,9,13872
8,295,0,Empiristas,0.965586,10,14742
8,295,1,Incrementalistas,0.965586,10,13549
8,295,2,Evolucionistas,0.965586,7,12957
8,295,3,Isolados,0.965586,9,14372
8,300,0,Empiristas,0.965586,10,15242
8,300,1,Incrementalistas,0.965586,10,14049
8,300,2,Evolucionistas,0.965586,8,13257
8,300,3,Isolados,0.965586,9,14872
9,0,0,Empiristas,0.606236,1,2
9,0,1,Incrementalistas,0.599604,1,2
9,0,2,Evolucionistas,0.548389,1,2
9,0,3,Isolados,0.508014,1,2
9,5,0,Empiristas,0.66759,1,13
9,5,1,Incrementalistas,0.739518,3,13
9,5,2,Evolucionistas,0.739518,3,14
9,5,3,Isolados,0.564659,1,12
9,10,0,Empiristas,0.739518,2,26
9,10,1,Incrementalistas,0.739518,3,24
9,10,2,Evolucionistas,0.739518,3,26
9,10,3,Isolados,0.591223,1,23
9,15,0,Empiristas,0.747871,4,38
9,15,1,Incrementalistas,0.747871,3,36
9,15,2,Evolucionistas,0.747871,3,38
9,15,3,Isolados,0.591223,1,35
9,20,0,Empiristas,0.817116,4,50
9,20,1,Incrementalistas,0.747871,3,51
9,20,2,Evolucionistas,0.817116,3,53
9,20,3,Isolados,0.593333,1,50
9,25,0,Empiristas,0.817116,4,65
9,25,1,Incrementalistas,0.817116,3,67
9,25,2,Evolucionistas,0.817116,3,69
9,25,3,Isolados,0.645169,1,65
9,30,0,Empiristas,0.817116,4,83
9,30,1,Incrementalistas,0.817116,3,86
9,30,2,Evolucionistas,0.817116,4,87
9,30,3,Isolados,0.645169,1,83
9,35,0,Empiristas,0.829254,5,103
9,35,1,Incrementalistas,0.829254,3,103
9,35,2,Evolucionistas,0.829254,5,106
9,35,3,Isolados,0.708735,2,102
9,40,0,Empiristas,0.829254,6,125
9,40,1,Incrementalistas,0.829254,4,124
9,40,2,Evolucionistas,0.829254,5,128
9,40,3,Isolados,0.708735,3,124
9,45,0,Empiristas,0.829254,6,148
9,45,1,Incrementalistas,0.829254,6,148
9,45,2,Evolucionistas,0.829254,5,150
9,45,3,Isolados,0.708735,3,146
9,50,0,Empiristas,0.829254,6,174
9,50,1,Incrementalistas,0.829254,6,175
9,50,2,Evolucionistas,0.829254,5,175
9,50,3,Isolados,0.761445,5,171
9,55,0,Empiristas,0.829254,6,203
9,55,1,Incrementalistas,0.829254,6,205
9,55,2,Evolucionistas,0.829254,6,204
9,55,3,Isolados,0.761445,5,199
9,60,0,Empiristas,0.864538,6,234
9,60,1,Incrementalistas,0.864538,6,236
9,60,2,Evolucionistas,0.869506,6,234
9,60,3,Isolados,0.793637,6,231
9,65,0,Empiristas,0.880782,6,269
9,65,1,Incrementalistas,0.880782,6,271
9,65,2,Evolucionistas,0.869506,6,268
9,65,3,Isolados,0.849558,6,266
9,70,0,Empiristas,0.880782,6,306
9,70,1,Incrementalistas,0.880782,6,308
9,70,2,Evolucionistas,0.869506,6,306
9,70,3,Isolados,0.861832,6,304
9,75,0,Empiristas,0.880782,6,349
9,75,1,Incrementalistas,0.880782,6,351
9,75,2,Evolucionistas,0.889122,6,349
9,75,3,Isolados,0.912413,6,345
9,80,0,Empiristas,0.880782,6,396
9,80,1,Incrementalistas,0.889122,6,397
9,80,2,Evolucionistas,0.889122,7,395
9,80,3,Isolados,0.912413,6,391
9,85,0,Empiristas,0.889122,6,448
9,85,1,Incrementalistas,0.892519,6,448
9,85,2,Evolucionistas,0.892519,7,448
9,85,3,Isolados,0.912413,6,443
9,90,0,Empiristas,0.894697,6,505
9,90,1,Incrementalistas,0.894697,6,506
9,90,2,Evolucionistas,0.892519,7,505
9,90,3,Isolados,0.948278,6,498
9,95,0,Empiristas,0.924453,6,568
9,95,1,Incrementalistas,0.894697,6,568
9,95,2,Evolucionistas,0.892519,7,568
9,95,3,Isolados,0.948278,6,561
9,100,0,Empiristas,0.924453,6,638
9,100,1,Incrementalistas,0.924453,6,637
9,100,2,Evolucionistas,0.924453,7,639
9,100,3,Isolados,0.948278,7,630
9,105,0,Empiristas,0.939361,6,715
9,105,1,Incrementalistas,0.939361,7,713
9,105,2,Evolucionistas,0.924453,7,716
9,105,3,Isolados,0.948278,7,707
9,110,0,Empiristas,0.939361,6,801
9,110,1,Incrementalistas,0.939361,7,797
9,110,2,Evolucionistas,0.924453,7,801
9,110,3,Isolados,0.948278,7,791
9,115,0,Empiristas,0.94148,6,894
9,115,1,Incrementalistas,0.94148,8,891
9,115,2,Evolucionistas,0.94148,8,895
9,115,3,Isolados,0.968917,7,886
9,120,0,Empiristas,0.94148,6,998
9,120,1,Incrementalistas,0.94148,8,994
9,120,2,Evolucionistas,0.94148,8,998
9,120,3,Isolados,0.968917,7,991
9,125,0,Empiristas,0.94148,6,1113
9,125,1,Incrementalistas,0.964655,8,1108
9,125,2,Evolucionistas,0.964655,8,1114
9,125,3,Isolados,0.98602,7,1105
9,130,0,Empiristas,0.964655,6,1240
9,130,1,Incrementalistas,0.964655,8,1234
9,130,2,Evolucionistas,0.964655,8,1240
9,130,3,Isolados,0.98602,7,1232
9,135,0,Empiristas,0.964655,6,1379
9,135,1,Incrementalistas,0.98602,8,1372
9,135,2,Evolucionistas,0.98602,8,1379
9,135,3,Isolados,0.98602,7,1371
9,140,0,Empiristas,0.98602,7,1534
9,140,1,Incrementalistas,0.98602,8,1527
9,140,2,Evolucionistas,0.98602,8,1532
9,140,3,Isolados,0.98602,7,1524
9,145,0,Empiristas,0.98602,8,1704
9,145,1,Incrementalistas,0.98602,8,1697
9,145,2,Evolucionistas,0.98602,9,1702
9,145,3,Isolados,0.98602,7,1694
9,150,0,Empiristas,0.98602,8,1892
9,150,1,Incrementalistas,0.98602,6,1865
9,150,2,Evolucionistas,0.98602,9,1888
9,150,3,Isolados,0.98602,7,1882
9,155,0,Empiristas,0.98602,8,2098
9,155,1,Incrementalistas,0.98602,6,1970
9,155,2,Evolucionistas,0.98602,9,2095
9,155,3,Isolados,0.98602,7,2089
9,160,0,Empiristas,0.98783,8,2327
9,160,1,Incrementalistas,0.98783,7,2084
9,160,2,Evolucionistas,0.98783,9,2322
9,160,3,Isolados,0.98602,7,2317
9,165,0,Empiristas,0.98783,9,2580
9,165,1,Incrementalistas,0.98783,8,2209
9,165,2,Evolucionistas,0.98783,9,2576
9,165,3,Isolados,0.98783,7,2569
9,170,0,Empiristas,0.98783,9,2858
9,170,1,Incrementalistas,0.98783,8,2349
9,170,2,Evolucionistas,0.98783,10,2853
9,170,3,Isolados,0.98783,7,2848
9,175,0,Empiristas,0.98783,9,3165
9,175,1,Incrementalistas,0.98783,8,2567
9,175,2,Evolucionistas,0.98783,10,3163
9,175,3,Isolados,0.98783,8,3155
9,180,0,Empiristas,0.98783,9,3504
9,180,1,Incrementalistas,0.98783,8,2906
9,180,2,Evolucionistas,0.98783,10,3503
9,180,3,Isolados,0.98783,8,3495
9,185,0,Empiristas,0.98783,9,3878
9,185,1,Incrementalistas,0.98783,8,3280
9,185,2,Evolucionistas,0.98783,10,3878
9,185,3,Isolados,0.98783,8,3869
9,190,0,Empiristas,0.98783,9,4290
9,190,1,Incrementalistas,0.98783,8,3695
9,190,2,Evolucionistas,0.98783,10,4291
9,190,3,Isolados,0.98783,8,4282
9,195,0,Empiristas,0.98783,10,4747
9,195,1,Incrementalistas,0.98783,8,4151
9,195,2,Evolucionistas,0.98783,10,4749
9,195,3,Isolados,0.98783,8,4739
9,200,0,Empiristas,0.98783,10,5243
9,200,1,Incrementalistas,0.98783,8,4647
9,200,2,Evolucionistas,0.98783,10,5244
9,200,3,Isolados,0.98783,8,5235
9,205,0,Empiristas,0.98783,10,5743
9,205,1,Incrementalistas,0.98783,8,5147
9,205,2,Evolucionistas,0.98783,10,5744
9,205,3,Isolados,0.98783,9,5735
9,210,0,Empiristas,0.98783,10,6243
9,210,1,Incrementalistas,0.98783,8,5647
9,210,2,Evolucionistas,0.98783,10,6244
9,210,3,Isolados,0.98783,10,6235
9,215,0,Empiristas,0.98783,10,6743
9,215,1,Incrementalistas,0.98783,9,6147
9,215,2,Evolucionistas,0.98783,10,6744
9,215,3,Isolados,0.98783,10,6735
9,220,0,Empiristas,0.98783,10,7243
9,220,1,Incrementalistas,0.98783,9,6647
9,220,2,Evolucionistas,0.98783,10,7244
9,220,3,Isolados,0.98783,10,7235
9,225,0,Empiristas,0.98783,10,7743
9,225,1,Incrementalistas,0.98783,10,7147
9,225,2,Evolucionistas,0.98783,10,7744
9,225,3,Isolados,0.98783,10,7735
9,230,0,Empiristas,0.98783,10,8243
9,230,1,Incrementalistas,0.98783,10,7647
9,230,2,Evolucionistas,0.98783,10,8244
9,230,3,Isolados,0.98783,10,8235
9,235,0,Empiristas,0.98783,10,8743
9,235,1,Incrementalistas,0.98783,8,8047
9,235,2,Evolucionistas,0.98783,10,8744
9,235,3,Isolados,0.98783,10,8735
9,240,0,Empiristas,0.98783,10,9243
9,240,1,Incrementalistas,0.98783,8,8297
9,240,2,Evolucionistas,0.98783,10,9244
9,240,3,Isolados,0.98783,10,9235
9,245,0,Empiristas,0.98783,10,9743
9,245,1,Incrementalistas,0.98783,8,8547
9,245,2,Evolucionistas,0.98783,10,9744
9,245,3,Isolados,0.98783,10,9735
9,250,0,Empiristas,0.98783,10,10243
9,250,1,Incrementalistas,0.98783,8,8797
9,250,2,Evolucionistas,0.98783,10,10244
9,250,3,Isolados,0.98783,10,10235
9,255,0,Empiristas,0.98783,10,10743
9,255,1,Incrementalistas,0.98783,10,9047
9,255,2,Evolucionistas,0.98783,10,10744
9,255,3,Isolados,0.98783,10,10735
9,260,0,Empiristas,0.98783,10,11243
9,260,1,Incrementalistas,0.98783,10,9447
9,260,2,Evolucionistas,0.98783,10,11244
9,260,3,Isolados,0.98783,10,11235
9,265,0,Empiristas,0.98783,10,11743
9,265,1,Incrementalistas,0.98783,10,9947
9,265,2,Evolucionistas,0.98783,10,11744
9,265,3,Isolados,0.98783,10,11735
9,270,0,Empiristas,0.98783,10,12243
9,270,1,Incrementalistas,0.98783,10,10447
9,270,2,Evolucionistas,0.98783,10,12244
9,270,3,Isolados,0.98783,10,12235
9,275,0,Empiristas,0.98783,10,12743
9,275,1,Incrementalistas,0.98783,10,10947
9,275,2,Evolucionistas,0.98783,10,12744
9,275,3,Isolados,0.98783,10,12735
9,280,0,Empiristas,0.98783,10,13243
9,280,1,Incrementalistas,0.98783,10,11447
9,280,2,Evolucionistas,0.98783,10,13244
9,280,3,Isolados,0.98783,10,13235
9,285,0,Empiristas,0.98783,10,13743
9,285,1,Incrementalistas,0.98783,10,11947
9,285,2,Evolucionistas,0.98783,10,13744
9,285,3,Isolados,0.98783,10,13735
9,290,0,Empiristas,0.98783,10,14243
9,290,1,Incrementalistas,0.98783,10,12447
9,290,2,Evolucionistas,0.98783,10,14244
9,290,3,Isolados,0.98783,10,14235
9,295,0,Empiristas,0.98602,5,14743
9,295,1,Incrementalistas,0.98783,10,12947
9,295,2,Evolucionistas,0.98783,10,14744
9,295,3,Isolados,0.98783,10,14735
9,300,0,Empiristas,0.98783,8,14993
9,300,1,Incrementalistas,0.98783,10,13447
9,300,2,Evolucionistas,0.98783,10,15244
9,300,3,Isolados,0.98783,10,15235
10,0,0,Empiristas,0.580893,2,2
10,0,1,Incrementalistas,0.54926,1,2
10,0,2,Evolucionistas,0.523358,0,2
10,0,3,Isolados,0.638616,2,2
10,5,0,Empiristas,0.636624,2,13
10,5,1,Incrementalistas,0.621126,1,13
10,5,2,Evolucionistas,0.621126,1,7
10,5,3,Isolados,0.671774,2,13
10,10,0,Empiristas,0.667612,2,25
10,10,1,Incrementalistas,0.653773,2,24
10,10,2,Evolucionistas,0.653773,2,13
10,10,3,Isolados,0.723792,3,26
10,15,0,Empiristas,0.760545,4,37
10,15,1,Incrementalistas,0.685608,3,36
10,15,2,Evolucionistas,0.667612,3,19
10,15,3,Isolados,0.723792,3,38
10,20,0,Empiristas,0.773938,6,52
10,20,1,Incrementalistas,0.760545,4,51
10,20,2,Evolucionistas,0.773938,5,27
10,20,3,Isolados,0.809353,4,52
10,25,0,Empiristas,0.773938,6,69
10,25,1,Incrementalistas,0.773938,4,66
10,25,2,Evolucionistas,0.773938,5,38
10,25,3,Isolados,0.809353,5,68
10,30,0,Empiristas,0.840195,6,86
10,30,1,Incrementalistas,0.840195,4,83
10,30,2,Evolucionistas,0.773938,5,55
10,30,3,Isolados,0.865091,6,85
10,35,0,Empiristas,0.840195,6,106
10,35,1,Incrementalistas,0.840195,5,101
10,35,2,Evolucionistas,0.840195,6,74
10,35,3,Isolados,0.865091,7,103
10,40,0,Empiristas,0.840195,6,126
10,40,1,Incrementalistas,0.840195,5,122
10,40,2,Evolucionistas,0.840195,6,95
10,40,3,Isolados,0.865091,7,125
10,45,0,Empiristas,0.843158,6,149
10,45,1,Incrementalistas,0.843158,5,145
10,45,2,Evolucionistas,0.840195,7,118
10,45,3,Isolados,0.865091,7,147
10,50,0,Empiristas,0.843158,6,175
10,50,1,Incrementalistas,0.843158,7,169
10,50,2,Evolucionistas,0.843158,7,144
10,50,3,Isolados,0.865091,7,172
10,55,0,Empiristas,0.858644,7,202
10,55,1,Incrementalistas,0.851696,7,198
10,55,2,Evolucionistas,0.851199,9,174
10,55,3,Isolados,0.865091,7,200
10,60,0,Empiristas,0.858644,7,235
10,60,1,Incrementalistas,0.858644,7,228
10,60,2,Evolucionistas,0.851199,9,205
10,60,3,Isolados,0.865091,8,231
10,65,0,Empiristas,0.858644,7,270
10,65,1,Incrementalistas,0.869754,8,263
10,65,2,Evolucionistas,0.869754,9,240
10,65,3,Isolados,0.865091,8,266
10,70,0,Empiristas,0.869754,7,308
10,70,1,Incrementalistas,0.869754,8,301
10,70,2,Evolucionistas,0.899138,10,279
10,70,3,Isolados,0.865091,9,304
10,75,0,Empiristas,0.899138,8,349
10,75,1,Incrementalistas,0.870543,8,343
10,75,2,Evolucionistas,0.899138,10,322
10,75,3,Isolados,0.865091,9,344
10,80,0,Empiristas,0.899138,8,395
10,80,1,Incrementalistas,0.870543,8,389
10,80,2,Evolucionistas,0.899138,10,368
10,80,3,Isolados,0.87874,10,391
10,85,0,Empiristas,0.899138,9,446
10,85,1,Incrementalistas,0.899138,9,440
10,85,2,Evolucionistas,0.9093,10,420
10,85,3,Isolados,0.87874,10,444
10,90,0,Empiristas,0.9093,10,503
10,90,1,Incrementalistas,0.9093,10,499
10,90,2,Evolucionistas,0.9093,10,478
10,90,3,Isolados,0.87874,10,502
10,95,0,Empiristas,0.931188,10,566
10,95,1,Incrementalistas,0.930467,10,561
10,95,2,Evolucionistas,0.930467,10,540
10,95,3,Isolados,0.888472,10,565
10,100,0,Empiristas,0.944146,10,635
10,100,1,Incrementalistas,0.930467,10,633
10,100,2,Evolucionistas,0.944146,10,609
10,100,3,Isolados,0.901687,10,635
10,105,0,Empiristas,0.954291,10,712
10,105,1,Incrementalistas,0.954291,10,710
10,105,2,Evolucionistas,0.954291,10,687
10,105,3,Isolados,0.906989,10,712
10,110,0,Empiristas,0.954291,10,796
10,110,1,Incrementalistas,0.954291,10,794
10,110,2,Evolucionistas,0.954291,10,773
10,110,3,Isolados,0.920798,10,798
10,115,0,Empiristas,0.959315,10,891
10,115,1,Incrementalistas,0.959315,10,886
10,115,2,Evolucionistas,0.954291,10,868
10,115,3,Isolados,0.920798,10,891
10,120,0,Empiristas,0.959315,10,993
10,120,1,Incrementalistas,0.959315,10,990
10,120,2,Evolucionistas,0.959315,10,970
10,120,3,Isolados,0.92208,10,996
10,125,0,Empiristas,0.959315,10,1106
10,125,1,Incrementalistas,0.959315,10,1106
10,125,2,Evolucionistas,0.959315,10,1086
10,125,3,Isolados,0.926533,10,1110
10,130,0,Empiristas,0.959315,10,1232
10,130,1,Incrementalistas,0.959315,10,1232
10,130,2,Evolucionistas,0.959315,10,1211
10,130,3,Isolados,0.942382,10,1238
10,135,0,Empiristas,0.959315,10,1372
10,135,1,Incrementalistas,0.959315,10,1370
10,135,2,Evolucionistas,0.959315,10,1349
10,135,3,Isolados,0.942382,10,1377
10,140,0,Empiristas,0.959315,10,1526
10,140,1,Incrementalistas,0.959315,10,1524
10,140,2,Evolucionistas,0.959315,10,1504
10,140,3,Isolados,0.946836,10,1530
10,145,0,Empiristas,0.959315,10,1697
10,145,1,Incrementalistas,0.959315,10,1693
10,145,2,Evolucionistas,0.959315,10,1674
10,145,3,Isolados,0.946836,10,1698
10,150,0,Empiristas,0.959315,10,1886
10,150,1,Incrementalistas,0.959315,10,1880
10,150,2,Evolucionistas,0.959315,10,1862
10,150,3,Isolados,0.946836,10,1885
10,155,0,Empiristas,0.959315,10,2095
10,155,1,Incrementalistas,0.959315,10,2087
10,155,2,Evolucionistas,0.959315,10,2068
10,155,3,Isolados,0.946836,10,2094
10,160,0,Empiristas,0.959315,10,2322
10,160,1,Incrementalistas,0.959315,10,2315
10,160,2,Evolucionistas,0.959315,10,2297
10,160,3,Isolados,0.946836,10,2324
10,165,0,Empiristas,0.959315,10,2573
10,165,1,Incrementalistas,0.959315,10,2567
10,165,2,Evolucionistas,0.959315,10,2549
10,165,3,Isolados,0.946836,10,2578
10,170,0,Empiristas,0.959315,10,2852
10,170,1,Incrementalistas,0.959315,10,2846
10,170,2,Evolucionistas,0.959315,10,2828
10,170,3,Isolados,0.946836,10,2857
10,175,0,Empiristas,0.959315,10,3160
10,175,1,Incrementalistas,0.959315,10,3154
10,175,2,Evolucionistas,0.959315,10,3136
10,175,3,Isolados,0.946836,10,3164
10,180,0,Empiristas,0.959315,10,3500
10,180,1,Incrementalistas,0.959315,10,3494
10,180,2,Evolucionistas,0.959315,10,3475
10,180,3,Isolados,0.946836,10,3503
10,185,0,Empiristas,0.959315,10,3875
10,185,1,Incrementalistas,0.959315,10,3869
10,185,2,Evolucionistas,0.959315,10,3849
10,185,3,Isolados,0.946836,10,3879
10,190,0,Empiristas,0.959315,10,4288
10,190,1,Incrementalistas,0.959315,10,4284
10,190,2,Evolucionistas,0.959315,10,4262
10,190,3,Isolados,0.946836,10,4293
10,195,0,Empiristas,0.959315,10,4745
10,195,1,Incrementalistas,0.944247,9,4648
10,195,2,Evolucionistas,0.959315,10,4718
10,195,3,Isolados,0.946836,10,4750
10,200,0,Empiristas,0.959315,10,5241
10,200,1,Incrementalistas,0.959315,10,4895
10,200,2,Evolucionistas,0.959315,10,5214
10,200,3,Isolados,0.959315,10,5246
10,205,0,Empiristas,0.959315,10,5741
10,205,1,Incrementalistas,0.959315,10,5145
10,205,2,Evolucionistas,0.959315,10,5714
10,205,3,Isolados,0.959315,10,5746
10,210,0,Empiristas,0.959315,10,6241
10,210,1,Incrementalistas,0.959315,10,5395
10,210,2,Evolucionistas,0.959315,10,6214
10,210,3,Isolados,0.959315,10,6246
10,215,0,Empiristas,0.959315,9,6691
10,215,1,Incrementalistas,0.959315,10,5645
10,215,2,Evolucionistas,0.959315,10,6714
10,215,3,Isolados,0.959315,10,6746
10,220,0,Empiristas,0.959315,10,6941
10,220,1,Incrementalistas,0.959315,10,6045
10,220,2,Evolucionistas,0.959315,10,7214
10,220,3,Isolados,0.959315,10,7246
10,225,0,Empiristas,0.959315,10,7191
10,225,1,Incrementalistas,0.959315,10,6545
10,225,2,Evolucionistas,0.959315,10,7714
10,225,3,Isolados,0.959315,10,7746
10,230,0,Empiristas,0.959315,10,7441
10,230,1,Incrementalistas,0.959315,10,7045
10,230,2,Evolucionistas,0.959315,10,8214
10,230,3,Isolados,0.959315,10,8246
10,235,0,Empiristas,0.959315,10,7691
10,235,1,Incrementalistas,0.959315,10,7545
10,235,2,Evolucionistas,0.959315,10,8714
10,235,3,Isolados,0.959315,10,8746
10,240,0,Empiristas,0.959315,10,8041
10,240,1,Incrementalistas,0.959315,10,8045
10,240,2,Evolucionistas,0.959315,10,9214
10,240,3,Isolados,0.959315,10,9246
10,245,0,Empiristas,0.959315,10,8541
10,245,1,Incrementalistas,0.959315,10,8545
10,245,2,Evolucionistas,0.959315,10,9714
10,245,3,Isolados,0.959315,10,9746
10,250,0,Empiristas,0.959315,10,9041
10,250,1,Incrementalistas,0.959315,10,9045
10,250,2,Evolucionistas,0.959315,10,10214
10,250,3,Isolados,0.959315,10,10246
10,255,0,Empiristas,0.964231,10,9541
10,255,1,Incrementalistas,0.959315,10,9545
10,255,2,Evolucionistas,0.959315,10,10714
10,255,3,Isolados,0.959315,10,10746
10,260,0,Empiristas,0.988807,10,10041
10,260,1,Incrementalistas,0.966844,10,10045
10,260,2,Evolucionistas,0.966844,10,11214
10,260,3,Isolados,0.959315,10,11246
10,265,0,Empiristas,1,10,10541
10,265,1,Incrementalistas,1,10,10545
10,265,2,Evolucionistas,0.988807,10,11714
10,265,3,Isolados,0.959315,10,11746
10,270,0,Empiristas,1,10,11041
10,270,1,Incrementalistas,1,10,11045
10,270,2,Evolucionistas,1,10,12214
10,270,3,Isolados,0.959315,10,12246
10,275,0,Empiristas,1,10,11541
10,275,1,Incrementalistas,1,10,11545
10,275,2,Evolucionistas,1,10,12714
10,275,3,Isolados,0.959315,10,12746
10,280,0,Empiristas,1,10,12041
10,280,1,Incrementalistas,1,10,12045
10,280,2,Evolucionistas,1,10,13214
10,280,3,Isolados,0.959315,10,13246
10,285,0,Empiristas,1,10,12541
10,285,1,Incrementalistas,1,10,12545
10,285,2,Evolucionistas,1,10,13714
10,285,3,Isolados,0.959315,10,13746
10,290,0,Empiristas,1,10,13041
10,290,1,Incrementalistas,1,10,13045
10,290,2,Evolucionistas,1,10,14214
10,290,3,Isolados,0.959315,10,14246
10,295,0,Empiristas,1,10,13541
10,295,1,Incrementalistas,1,10,13545
10,295,2,Evolucionistas,1,10,14714
10,295,3,Isolados,0.959315,10,14746
10,300,0,Empiristas,1,10,14041
10,300,1,Incrementalistas,1,10,14045
10,300,2,Evolucionistas,1,10,15214
10,300,3,Isolados,0.959315,10,15246
11,0,0,Empiristas,0.539894,1,2
11,0,1,Incrementalistas,0.606382,1,2
11,0,2,Evolucionistas,0.476561,1,2
11,0,3,Isolados,0.535494,1,2
11,5,0,Empiristas,0.606382,1,13
11,5,1,Incrementalistas,0.606382,1,12
11,5,2,Evolucionistas,0.591987,1,13
11,5,3,Isolados,0.704042,2,14
11,10,0,Empiristas,0.634286,1,24
11,10,1,Incrementalistas,0.615743,1,23
11,10,2,Evolucionistas,0.591987,1,26
11,10,3,Isolados,0.704311,2,27
11,15,0,Empiristas,0.671057,2,37
11,15,1,Incrementalistas,0.636042,1,36
11,15,2,Evolucionistas,0.659555,2,39
11,15,3,Isolados,0.721154,2,39
11,20,0,Empiristas,0.671057,3,52
11,20,1,Incrementalistas,0.671057,2,49
11,20,2,Evolucionistas,0.671057,4,54
11,20,3,Isolados,0.772334,2,53
11,25,0,Empiristas,0.671057,4,68
11,25,1,Incrementalistas,0.676952,3,58
11,25,2,Evolucionistas,0.738828,5,70
11,25,3,Isolados,0.772334,2,69
11,30,0,Empiristas,0.676952,4,87
11,30,1,Incrementalistas,0.676952,3,67
11,30,2,Evolucionistas,0.77831,5,86
11,30,3,Isolados,0.772334,3,85
11,35,0,Empiristas,0.77831,5,107
11,35,1,Incrementalistas,0.77831,4,77
11,35,2,Evolucionistas,0.77831,5,106
11,35,3,Isolados,0.772334,4,103
11,40,0,Empiristas,0.77831,5,127
11,40,1,Incrementalistas,0.77831,4,87
11,40,2,Evolucionistas,0.77831,5,127
11,40,3,Isolados,0.772334,4,125
11,45,0,Empiristas,0.77831,5,151
11,45,1,Incrementalistas,0.831277,5,104
11,45,2,Evolucionistas,0.809132,5,151
11,45,3,Isolados,0.772334,4,147
11,50,0,Empiristas,0.831277,5,178
11,50,1,Incrementalistas,0.834585,6,129
11,50,2,Evolucionistas,0.831277,5,178
11,50,3,Isolados,0.80244,4,173
11,55,0,Empiristas,0.834585,6,206
11,55,1,Incrementalistas,0.834585,6,156
11,55,2,Evolucionistas,0.834585,5,207
11,55,3,Isolados,0.80244,4,202
11,60,0,Empiristas,0.879753,7,238
11,60,1,Incrementalistas,0.956708,7,187
11,60,2,Evolucionistas,0.956708,6,238
11,60,3,Isolados,0.80244,5,233
11,65,0,Empiristas,0.956708,8,273
11,65,1,Incrementalistas,0.956708,8,223
11,65,2,Evolucionistas,0.956708,6,273
11,65,3,Isolados,0.80244,5,269
11,70,0,Empiristas,0.956708,8,313
11,70,1,Incrementalistas,0.956708,8,263
11,70,2,Evolucionistas,0.956708,7,311
11,70,3,Isolados,0.808174,5,307
11,75,0,Empiristas,0.956708,8,354
11,75,1,Incrementalistas,0.956708,8,306
11,75,2,Evolucionistas,0.956708,7,354
11,75,3,Isolados,0.808174,5,349
11,80,0,Empiristas,0.956708,8,400
11,80,1,Incrementalistas,0.956708,8,352
11,80,2,Evolucionistas,0.956708,9,401
11,80,3,Isolados,0.819382,5,396
11,85,0,Empiristas,0.956708,8,453
11,85,1,Incrementalistas,0.968587,8,405
11,85,2,Evolucionistas,0.956708,9,455
11,85,3,Isolados,0.819382,5,449
11,90,0,Empiristas,0.968587,8,509
11,90,1,Incrementalistas,0.968587,8,462
11,90,2,Evolucionistas,0.968587,9,512
11,90,3,Isolados,0.842565,5,506
11,95,0,Empiristas,0.968587,8,572
11,95,1,Incrementalistas,0.968587,8,525
11,95,2,Evolucionistas,0.968587,9,576
11,95,3,Isolados,0.862338,6,571
11,100,0,Empiristas,0.976647,9,641
11,100,1,Incrementalistas,0.976647,9,593
11,100,2,Evolucionistas,0.976647,10,645
11,100,3,Isolados,0.878194,6,641
11,105,0,Empiristas,0.976647,9,719
11,105,1,Incrementalistas,0.982287,9,670
11,105,2,Evolucionistas,0.98783,10,724
11,105,3,Isolados,0.885401,6,719
11,110,0,Empiristas,0.98783,9,805
11,110,1,Incrementalistas,0.982287,10,755
11,110,2,Evolucionistas,0.98783,10,808
11,110,3,Isolados,0.892372,6,804
11,115,0,Empiristas,0.98783,9,900
11,115,1,Incrementalistas,0.98783,10,849
11,115,2,Evolucionistas,0.98783,10,902
11,115,3,Isolados,0.893416,8,897
11,120,0,Empiristas,0.98783,9,1004
11,120,1,Incrementalistas,0.98783,10,953
11,120,2,Evolucionistas,0.98783,10,1005
11,120,3,Isolados,0.896217,9,999
11,125,0,Empiristas,0.98783,9,1118
11,125,1,Incrementalistas,0.98783,10,1068
11,125,2,Evolucionistas,0.98783,10,1119
11,125,3,Isolados,0.92712,10,1114
11,130,0,Empiristas,0.98783,9,1244
11,130,1,Incrementalistas,0.98783,10,1193
11,130,2,Evolucionistas,0.98783,10,1244
11,130,3,Isolados,0.92712,10,1241
11,135,0,Empiristas,0.98783,10,1382
11,135,1,Incrementalistas,0.98783,10,1332
11,135,2,Evolucionistas,0.98783,10,1385
11,135,3,Isolados,0.92712,10,1380
11,140,0,Empiristas,0.98783,10,1536
11,140,1,Incrementalistas,0.98783,10,1485
11,140,2,Evolucionistas,0.98783,10,1539
11,140,3,Isolados,0.935089,10,1533
11,145,0,Empiristas,0.98783,10,1706
11,145,1,Incrementalistas,0.98783,10,1654
11,145,2,Evolucionistas,0.982287,7,1708
11,145,3,Isolados,0.935089,10,1702
11,150,0,Empiristas,0.98783,10,1895
11,150,1,Incrementalistas,0.98783,10,1841
11,150,2,Evolucionistas,0.98783,10,1801
11,150,3,Isolados,0.944146,10,1888
11,155,0,Empiristas,0.98783,10,2101
11,155,1,Incrementalistas,0.98783,10,2049
11,155,2,Evolucionistas,0.98783,10,1904
11,155,3,Isolados,0.944146,10,2094
11,160,0,Empiristas,0.98783,10,2329
11,160,1,Incrementalistas,0.98783,10,2276
11,160,2,Evolucionistas,0.98783,10,2019
11,160,3,Isolados,0.954329,10,2322
11,165,0,Empiristas,0.98783,10,2581
11,165,1,Incrementalistas,0.98783,10,2529
11,165,2,Evolucionistas,0.98783,10,2144
11,165,3,Isolados,0.954329,10,2575
11,170,0,Empiristas,0.98783,10,2857
11,170,1,Incrementalistas,0.98783,10,2807
11,170,2,Evolucionistas,0.98783,10,2313
11,170,3,Isolados,0.954329,10,2855
11,175,0,Empiristas,0.98783,10,3166
11,175,1,Incrementalistas,0.98783,10,3115
11,175,2,Evolucionistas,0.98783,10,2620
11,175,3,Isolados,0.954329,10,3161
11,180,0,Empiristas,0.98783,10,3505
11,180,1,Incrementalistas,0.98783,10,3457
11,180,2,Evolucionistas,0.98783,10,2959
11,180,3,Isolados,0.954329,10,3500
11,185,0,Empiristas,0.98783,10,3880
11,185,1,Incrementalistas,0.98783,10,3832
11,185,2,Evolucionistas,0.98783,10,3334
11,185,3,Isolados,0.954329,10,3875
11,190,0,Empiristas,0.98783,10,4293
11,190,1,Incrementalistas,0.98783,10,4246
11,190,2,Evolucionistas,0.98783,10,3748
11,190,3,Isolados,0.954329,10,4289
11,195,0,Empiristas,0.98783,10,4750
11,195,1,Incrementalistas,0.98783,10,4702
11,195,2,Evolucionistas,0.98783,8,4020
11,195,3,Isolados,0.954329,10,4746
11,200,0,Empiristas,0.98783,10,5246
11,200,1,Incrementalistas,0.98783,10,5198
11,200,2,Evolucionistas,0.98783,9,4268
11,200,3,Isolados,0.954329,10,5242
11,205,0,Empiristas,0.98783,10,5746
11,205,1,Incrementalistas,0.98783,10,5698
11,205,2,Evolucionistas,0.98783,9,4518
11,205,3,Isolados,0.959315,10,5742
11,210,0,Empiristas,0.98783,10,6246
11,210,1,Incrementalistas,0.98783,10,6198
11,210,2,Evolucionistas,0.98783,9,4768
11,210,3,Isolados,0.959315,10,6242
11,215,0,Empiristas,0.98783,10,6746
11,215,1,Incrementalistas,0.98783,10,6698
11,215,2,Evolucionistas,0.98783,9,5018
11,215,3,Isolados,0.959315,10,6742
11,220,0,Empiristas,0.98783,10,7246
11,220,1,Incrementalistas,0.98783,10,7198
11,220,2,Evolucionistas,0.98783,9,5518
11,220,3,Isolados,0.959315,10,7242
11,225,0,Empiristas,0.98783,10,7746
11,225,1,Incrementalistas,0.98783,10,7698
11,225,2,Evolucionistas,0.98783,10,6018
11,225,3,Isolados,0.959315,10,7742
11,230,0,Empiristas,0.98783,10,8246
11,230,1,Incrementalistas,0.98783,10,8198
11,230,2,Evolucionistas,0.98783,10,6518
11,230,3,Isolados,0.968614,10,8242
11,235,0,Empiristas,0.98783,10,8746
11,235,1,Incrementalistas,0.98783,10,8698
11,235,2,Evolucionistas,0.98783,10,7018
11,235,3,Isolados,0.980526,10,8742
11,240,0,Empiristas,0.98783,10,9246
11,240,1,Incrementalistas,0.98783,10,9198
11,240,2,Evolucionistas,0.98783,10,7518
11,240,3,Isolados,0.988807,10,9242
11,245,0,Empiristas,0.98783,10,9746
11,245,1,Incrementalistas,0.98783,10,9698
11,245,2,Evolucionistas,0.98783,10,8018
11,245,3,Isolados,1,10,9742
11,250,0,Empiristas,0.98783,10,10246
11,250,1,Incrementalistas,0.98783,10,10198
11,250,2,Evolucionistas,0.98783,10,8518
11,250,3,Isolados,0.976973,10,10092
11,255,0,Empiristas,0.98783,10,10746
11,255,1,Incrementalistas,0.98783,10,10698
11,255,2,Evolucionistas,0.98783,10,9018
11,255,3,Isolados,0.980526,10,10342
11,260,0,Empiristas,0.98783,10,11246
11,260,1,Incrementalistas,0.98783,10,11198
11,260,2,Evolucionistas,0.98783,10,9518
11,260,3,Isolados,1,10,10592
11,265,0,Empiristas,0.98783,9,11696
11,265,1,Incrementalistas,0.98783,10,11698
11,265,2,Evolucionistas,0.98783,10,10018
11,265,3,Isolados,1,10,10842
11,270,0,Empiristas,0.98783,10,11946
11,270,1,Incrementalistas,0.98783,10,12198
11,270,2,Evolucionistas,0.98783,10,10518
11,270,3,Isolados,1,10,11092
11,275,0,Empiristas,0.98783,10,12196
11,275,1,Incrementalistas,0.98783,10,12698
11,275,2,Evolucionistas,0.98783,10,11018
11,275,3,Isolados,1,10,11542
11,280,0,Empiristas,0.98783,10,12446
11,280,1,Incrementalistas,0.98783,10,13198
11,280,2,Evolucionistas,0.98783,10,11518
11,280,3,Isolados,1,10,12042
11,285,0,Empiristas,0.98783,10,12696
11,285,1,Incrementalistas,0.98783,10,13698
11,285,2,Evolucionistas,0.98783,10,12018
11,285,3,Isolados,1,10,12542
11,290,0,Empiristas,0.98783,10,13046
11,290,1,Incrementalistas,0.98783,10,14198
11,290,2,Evolucionistas,0.98783,10,12518
11,290,3,Isolados,1,10,13042
11,295,0,Empiristas,0.98783,10,13546
11,295,1,Incrementalistas,0.98783,10,14698
11,295,2,Evolucionistas,0.98783,10,13018
11,295,3,Isolados,1,10,13542
11,300,0,Empiristas,0.98783,10,14046
11,300,1,Incrementalistas,0.98783,10,15198
11,300,2,Evolucionistas,0.98783,10,13518
11,300,3,Isolados,1,10,14042
12,0,0,Empiristas,0.746926,2,2
12,0,1,Incrementalistas,0.555754,1,2
12,0,2,Evolucionistas,0.622246,1,2
12,0,3,Isolados,0.477434,1,2
12,5,0,Empiristas,0.76474,3,13
12,5,1,Incrementalistas,0.76474,3,13
12,5,2,Evolucionistas,0.703386,1,12
12,5,3,Isolados,0.630437,1,13
12,10,0,Empiristas,0.76474,3,24
12,10,1,Incrementalistas,0.77098,3,26
12,10,2,Evolucionistas,0.77098,3,23
12,10,3,Isolados,0.644157,1,26
12,15,0,Empiristas,0.77098,3,38
12,15,1,Incrementalistas,0.77098,3,39
12,15,2,Evolucionistas,0.77098,4,37
12,15,3,Isolados,0.676661,2,38
12,20,0,Empiristas,0.77098,3,53
12,20,1,Incrementalistas,0.77098,3,53
12,20,2,Evolucionistas,0.77098,4,52
12,20,3,Isolados,0.676661,2,52
12,25,0,Empiristas,0.77098,3,69
12,25,1,Incrementalistas,0.77472,4,69
12,25,2,Evolucionistas,0.77098,5,68
12,25,3,Isolados,0.681794,2,67
12,30,0,Empiristas,0.77472,5,85
12,30,1,Incrementalistas,0.77472,5,84
12,30,2,Evolucionistas,0.77472,6,87
12,30,3,Isolados,0.718089,4,84
12,35,0,Empiristas,0.785651,5,105
12,35,1,Incrementalistas,0.785651,5,104
12,35,2,Evolucionistas,0.785651,6,107
12,35,3,Isolados,0.718089,4,103
12,40,0,Empiristas,0.785651,6,128
12,40,1,Incrementalistas,0.823772,5,126
12,40,2,Evolucionistas,0.823772,6,129
12,40,3,Isolados,0.740247,6,123
12,45,0,Empiristas,0.785779,6,149
12,45,1,Incrementalistas,0.837851,5,150
12,45,2,Evolucionistas,0.823772,6,153
12,45,3,Isolados,0.740247,6,147
12,50,0,Empiristas,0.837851,6,176
12,50,1,Incrementalistas,0.837851,5,175
12,50,2,Evolucionistas,0.837851,5,173
12,50,3,Isolados,0.740247,6,172
12,55,0,Empiristas,0.851981,6,206
12,55,1,Incrementalistas,0.917594,6,204
12,55,2,Evolucionistas,0.917594,6,187
12,55,3,Isolados,0.830856,6,201
12,60,0,Empiristas,0.917594,9,237
12,60,1,Incrementalistas,0.917594,7,236
12,60,2,Evolucionistas,0.917594,6,204
12,60,3,Isolados,0.830856,6,233
12,65,0,Empiristas,0.917594,9,272
12,65,1,Incrementalistas,0.917594,9,269
12,65,2,Evolucionistas,0.917594,7,222
12,65,3,Isolados,0.832012,6,266
12,70,0,Empiristas,0.917594,10,310
12,70,1,Incrementalistas,0.917594,10,309
12,70,2,Evolucionistas,0.917594,7,240
12,70,3,Isolados,0.832012,6,305
12,75,0,Empiristas,0.917594,10,351
12,75,1,Incrementalistas,0.917594,10,351
12,75,2,Evolucionistas,0.917594,9,273
12,75,3,Isolados,0.833701,6,349
12,80,0,Empiristas,0.917594,10,398
12,80,1,Incrementalistas,0.972836,10,398
12,80,2,Evolucionistas,0.917594,10,319
12,80,3,Isolados,0.84805,6,396
12,85,0,Empiristas,0.972836,10,449
12,85,1,Incrementalistas,0.972836,10,450
12,85,2,Evolucionistas,0.972836,10,372
12,85,3,Isolados,0.84805,6,447
12,90,0,Empiristas,0.972836,10,506
12,90,1,Incrementalistas,0.972836,10,508
12,90,2,Evolucionistas,0.972836,10,430
12,90,3,Isolados,0.84805,6,504
12,95,0,Empiristas,0.972836,10,568
12,95,1,Incrementalistas,0.972836,10,571
12,95,2,Evolucionistas,0.975909,10,494
12,95,3,Isolados,0.875712,6,568
12,100,0,Empiristas,0.975909,10,637
12,100,1,Incrementalistas,0.975909,10,639
12,100,2,Evolucionistas,0.975909,10,564
12,100,3,Isolados,0.875821,7,638
12,105,0,Empiristas,0.978179,10,713
12,105,1,Incrementalistas,0.978179,10,716
12,105,2,Evolucionistas,0.975909,10,641
12,105,3,Isolados,0.875821,7,716
12,110,0,Empiristas,1,10,797
12,110,1,Incrementalistas,1,10,801
12,110,2,Evolucionistas,1,10,727
12,110,3,Isolados,0.875821,7,800
12,115,0,Empiristas,1,10,891
12,115,1,Incrementalistas,1,10,895
12,115,2,Evolucionistas,1,10,819
12,115,3,Isolados,0.875821,7,894
12,120,0,Empiristas,1,10,996
12,120,1,Incrementalistas,1,10,998
12,120,2,Evolucionistas,1,10,923
12,120,3,Isolados,0.886099,7,997
12,125,0,Empiristas,1,10,1109
12,125,1,Incrementalistas,1,10,1111
12,125,2,Evolucionistas,1,10,1036
12,125,3,Isolados,0.901625,7,1112
12,130,0,Empiristas,1,10,1235
12,130,1,Incrementalistas,1,10,1237
12,130,2,Evolucionistas,1,10,1161
12,130,3,Isolados,0.9296,7,1238
12,135,0,Empiristas,1,10,1373
12,135,1,Incrementalistas,1,10,1377
12,135,2,Evolucionistas,1,10,1300
12,135,3,Isolados,0.968917,7,1378
12,140,0,Empiristas,1,10,1527
12,140,1,Incrementalistas,1,10,1531
12,140,2,Evolucionistas,1,10,1452
12,140,3,Isolados,0.970008,7,1532
12,145,0,Empiristas,1,10,1697
12,145,1,Incrementalistas,1,10,1700
12,145,2,Evolucionistas,1,10,1623
12,145,3,Isolados,0.970008,7,1701
12,150,0,Empiristas,1,10,1884
12,150,1,Incrementalistas,1,8,1830
12,150,2,Evolucionistas,1,10,1811
12,150,3,Isolados,0.970008,7,1888
12,155,0,Empiristas,1,10,2090
12,155,1,Incrementalistas,1,9,1933
12,155,2,Evolucionistas,1,10,2019
12,155,3,Isolados,0.982287,8,2096
12,160,0,Empiristas,1,10,2319
12,160,1,Incrementalistas,1,10,2047
12,160,2,Evolucionistas,1,10,2247
12,160,3,Isolados,0.98783,8,2325
12,165,0,Empiristas,1,7,2546
12,165,1,Incrementalistas,1,10,2173
12,165,2,Evolucionistas,1,10,2500
12,165,3,Isolados,0.98783,8,2579
12,170,0,Empiristas,1,9,2686
12,170,1,Incrementalistas,1,10,2312
12,170,2,Evolucionistas,1,10,2777
12,170,3,Isolados,0.98783,8,2859
12,175,0,Empiristas,1,9,2840
12,175,1,Incrementalistas,1,10,2590
12,175,2,Evolucionistas,1,10,3084
12,175,3,Isolados,0.98783,8,3167
12,180,0,Empiristas,1,9,3008
12,180,1,Incrementalistas,1,10,2929
12,180,2,Evolucionistas,1,10,3422
12,180,3,Isolados,0.98783,8,3507
12,185,0,Empiristas,1,9,3196
12,185,1,Incrementalistas,1,10,3303
12,185,2,Evolucionistas,1,10,3798
12,185,3,Isolados,0.98783,9,3881
12,190,0,Empiristas,1,10,3490
12,190,1,Incrementalistas,1,10,3716
12,190,2,Evolucionistas,1,10,4212
12,190,3,Isolados,0.98783,9,4295
12,195,0,Empiristas,1,10,3946
12,195,1,Incrementalistas,1,10,4172
12,195,2,Evolucionistas,1,10,4669
12,195,3,Isolados,0.98783,9,4752
12,200,0,Empiristas,1,10,4442
12,200,1,Incrementalistas,1,10,4668
12,200,2,Evolucionistas,1,10,5165
12,200,3,Isolados,0.98783,9,5248
12,205,0,Empiristas,1,10,4942
12,205,1,Incrementalistas,1,10,5168
12,205,2,Evolucionistas,1,10,5665
12,205,3,Isolados,0.98783,9,5748
12,210,0,Empiristas,1,10,5442
12,210,1,Incrementalistas,1,10,5668
12,210,2,Evolucionistas,1,10,6165
12,210,3,Isolados,0.98783,9,6248
12,215,0,Empiristas,1,10,5942
12,215,1,Incrementalistas,1,10,6168
12,215,2,Evolucionistas,1,10,6665
12,215,3,Isolados,0.98783,9,6748
12,220,0,Empiristas,1,10,6442
12,220,1,Incrementalistas,1,10,6668
12,220,2,Evolucionistas,1,10,7165
12,220,3,Isolados,0.98783,9,7248
12,225,0,Empiristas,1,10,6942
12,225,1,Incrementalistas,1,10,7168
12,225,2,Evolucionistas,1,10,7665
12,225,3,Isolados,0.98783,9,7748
12,230,0,Empiristas,1,9,7392
12,230,1,Incrementalistas,1,10,7668
12,230,2,Evolucionistas,1,10,8165
12,230,3,Isolados,0.98783,9,8248
12,235,0,Empiristas,1,9,7642
12,235,1,Incrementalistas,1,10,8168
12,235,2,Evolucionistas,1,10,8665
12,235,3,Isolados,0.98783,9,8748
12,240,0,Empiristas,1,9,7892
12,240,1,Incrementalistas,1,10,8668
12,240,2,Evolucionistas,1,10,9165
12,240,3,Isolados,0.98783,9,9248
12,245,0,Empiristas,1,9,8142
12,245,1,Incrementalistas,1,10,9168
12,245,2,Evolucionistas,1,10,9665
12,245,3,Isolados,0.98783,9,9748
12,250,0,Empiristas,1,10,8392
12,250,1,Incrementalistas,1,10,9668
12,250,2,Evolucionistas,1,10,10165
12,250,3,Isolados,0.98783,9,10248
12,255,0,Empiristas,1,10,8742
12,255,1,Incrementalistas,1,10,10168
12,255,2,Evolucionistas,1,10,10665
12,255,3,Isolados,0.98783,9,10748
12,260,0,Empiristas,1,10,9242
12,260,1,Incrementalistas,1,10,10668
12,260,2,Evolucionistas,1,10,11165
12,260,3,Isolados,0.98783,9,11248
12,265,0,Empiristas,1,10,9742
12,265,1,Incrementalistas,1,10,11168
12,265,2,Evolucionistas,1,10,11665
12,265,3,Isolados,0.98783,9,11748
12,270,0,Empiristas,1,10,10242
12,270,1,Incrementalistas,1,10,11668
12,270,2,Evolucionistas,1,10,12165
12,270,3,Isolados,0.98783,9,12248
12,275,0,Empiristas,1,10,10742
12,275,1,Incrementalistas,1,10,12168
12,275,2,Evolucionistas,1,10,12665
12,275,3,Isolados,0.98783,9,12748
12,280,0,Empiristas,1,10,11242
12,280,1,Incrementalistas,1,10,12668
12,280,2,Evolucionistas,1,10,13165
12,280,3,Isolados,0.98783,9,13248
12,285,0,Empiristas,1,10,11742
12,285,1,Incrementalistas,1,10,13168
12,285,2,Evolucionistas,1,10,13665
12,285,3,Isolados,0.98783,9,13748
12,290,0,Empiristas,1,10,12242
12,290,1,Incrementalistas,1,10,13668
12,290,2,Evolucionistas,1,10,14165
12,290,3,Isolados,0.98783,9,14248
12,295,0,Empiristas,1,10,12742
12,295,1,Incrementalistas,1,10,14168
12,295,2,Evolucionistas,1,10,14665
12,295,3,Isolados,0.98783,9,14748
12,300,0,Empiristas,1,10,13242
12,300,1,Incrementalistas,1,10,14668
12,300,2,Evolucionistas,1,10,15165
12,300,3,Isolados,0.98783,10,15248
13,0,0,Empiristas,0.511866,1,2
13,0,1,Incrementalistas,0.58149,1,2
13,0,2,Evolucionistas,0.586168,1,2
13,0,3,Isolados,0.583017,1,2
13,5,0,Empiristas,0.63599,1,12
13,5,1,Incrementalistas,0.63599,1,13
13,5,2,Evolucionistas,0.63599,1,12
13,5,3,Isolados,0.619686,1,13
13,10,0,Empiristas,0.644452,3,26
13,10,1,Incrementalistas,0.644452,2,25
13,10,2,Evolucionistas,0.63599,1,22
13,10,3,Isolados,0.633816,1,25
13,15,0,Empiristas,0.760307,4,41
13,15,1,Incrementalistas,0.644755,2,30
13,15,2,Evolucionistas,0.644452,2,35
13,15,3,Isolados,0.648629,1,38
13,20,0,Empiristas,0.760307,5,56
13,20,1,Incrementalistas,0.763424,5,40
13,20,2,Evolucionistas,0.763424,5,49
13,20,3,Isolados,0.723227,2,52
13,25,0,Empiristas,0.763424,6,72
13,25,1,Incrementalistas,0.766978,5,46
13,25,2,Evolucionistas,0.766978,5,64
13,25,3,Isolados,0.723227,2,68
13,30,0,Empiristas,0.781305,6,91
13,30,1,Incrementalistas,0.781305,6,56
13,30,2,Evolucionistas,0.781305,6,83
13,30,3,Isolados,0.724463,2,86
13,35,0,Empiristas,0.82084,8,110
13,35,1,Incrementalistas,0.82084,7,67
13,35,2,Evolucionistas,0.82084,7,103
13,35,3,Isolados,0.724463,2,104
13,40,0,Empiristas,0.826836,8,130
13,40,1,Incrementalistas,0.82084,7,79
13,40,2,Evolucionistas,0.826836,8,124
13,40,3,Isolados,0.739749,2,124
13,45,0,Empiristas,0.826836,9,154
13,45,1,Incrementalistas,0.826836,7,92
13,45,2,Evolucionistas,0.833906,9,147
13,45,3,Isolados,0.739749,3,148
13,50,0,Empiristas,0.826836,9,179
13,50,1,Incrementalistas,0.833906,7,104
13,50,2,Evolucionistas,0.833906,9,173
13,50,3,Isolados,0.862326,4,175
13,55,0,Empiristas,0.853043,9,207
13,55,1,Incrementalistas,0.853043,9,119
13,55,2,Evolucionistas,0.840294,9,201
13,55,3,Isolados,0.86487,4,204
13,60,0,Empiristas,0.857508,9,239
13,60,1,Incrementalistas,0.857508,10,134
13,60,2,Evolucionistas,0.853043,10,233
13,60,3,Isolados,0.86487,4,235
13,65,0,Empiristas,0.857508,10,274
13,65,1,Incrementalistas,0.884287,10,168
13,65,2,Evolucionistas,0.884287,10,268
13,65,3,Isolados,0.86487,4,270
13,70,0,Empiristas,0.893734,10,312
13,70,1,Incrementalistas,0.954329,10,207
13,70,2,Evolucionistas,0.893734,10,306
13,70,3,Isolados,0.879039,6,308
13,75,0,Empiristas,0.954329,10,354
13,75,1,Incrementalistas,0.954329,10,249
13,75,2,Evolucionistas,0.954329,10,347
13,75,3,Isolados,0.892807,6,350
13,80,0,Empiristas,0.954329,10,402
13,80,1,Incrementalistas,0.954329,10,296
13,80,2,Evolucionistas,0.954329,10,394
13,80,3,Isolados,0.947623,6,399
13,85,0,Empiristas,0.954329,10,452
13,85,1,Incrementalistas,0.954329,10,348
13,85,2,Evolucionistas,0.954329,10,445
13,85,3,Isolados,0.947623,6,451
13,90,0,Empiristas,0.954329,10,510
13,90,1,Incrementalistas,0.954329,10,406
13,90,2,Evolucionistas,0.954329,10,503
13,90,3,Isolados,0.947623,6,507
13,95,0,Empiristas,0.954329,10,572
13,95,1,Incrementalistas,0.954329,10,468
13,95,2,Evolucionistas,0.954329,10,565
13,95,3,Isolados,0.947623,7,570
13,100,0,Empiristas,0.954329,10,643
13,100,1,Incrementalistas,0.954329,10,538
13,100,2,Evolucionistas,0.954329,10,635
13,100,3,Isolados,0.947623,7,639
13,105,0,Empiristas,0.954329,10,721
13,105,1,Incrementalistas,0.954329,10,615
13,105,2,Evolucionistas,0.954329,10,712
13,105,3,Isolados,0.947623,7,715
13,110,0,Empiristas,0.957404,10,806
13,110,1,Incrementalistas,0.957404,10,701
13,110,2,Evolucionistas,0.957404,10,798
13,110,3,Isolados,0.968059,7,799
13,115,0,Empiristas,0.979893,10,899
13,115,1,Incrementalistas,0.968587,10,795
13,115,2,Evolucionistas,0.979893,10,891
13,115,3,Isolados,0.968059,7,892
13,120,0,Empiristas,0.979893,10,1003
13,120,1,Incrementalistas,0.968587,10,899
13,120,2,Evolucionistas,0.979893,10,994
13,120,3,Isolados,0.98602,7,995
13,125,0,Empiristas,0.979893,10,1118
13,125,1,Incrementalistas,0.979893,10,1014
13,125,2,Evolucionistas,0.979893,10,1109
13,125,3,Isolados,0.98602,7,1110
13,130,0,Empiristas,0.98783,10,1244
13,130,1,Incrementalistas,0.98783,10,1139
13,130,2,Evolucionistas,0.98783,10,1235
13,130,3,Isolados,0.98602,7,1236
13,135,0,Empiristas,0.98783,10,1383
13,135,1,Incrementalistas,0.98783,10,1279
13,135,2,Evolucionistas,0.98783,10,1374
13,135,3,Isolados,0.98602,7,1375
13,140,0,Empiristas,0.98783,10,1537
13,140,1,Incrementalistas,0.98783,10,1432
13,140,2,Evolucionistas,0.98783,10,1528
13,140,3,Isolados,0.98602,7,1529
13,145,0,Empiristas,0.98783,10,1706
13,145,1,Incrementalistas,0.98783,10,1601
13,145,2,Evolucionistas,0.98783,10,1698
13,145,3,Isolados,0.98602,7,1698
13,150,0,Empiristas,0.98783,10,1892
13,150,1,Incrementalistas,0.98783,10,1790
13,150,2,Evolucionistas,0.98783,10,1884
13,150,3,Isolados,0.98602,7,1885
13,155,0,Empiristas,0.98783,10,2100
13,155,1,Incrementalistas,0.98783,10,1997
13,155,2,Evolucionistas,0.98783,10,2091
13,155,3,Isolados,0.98602,8,2093
13,160,0,Empiristas,0.98783,10,2328
13,160,1,Incrementalistas,0.98783,7,2225
13,160,2,Evolucionistas,0.98783,10,2321
13,160,3,Isolados,0.98783,8,2321
13,165,0,Empiristas,0.98783,10,2580
13,165,1,Incrementalistas,0.98783,9,2351
13,165,2,Evolucionistas,0.98783,10,2573
13,165,3,Isolados,0.98783,10,2572
13,170,0,Empiristas,0.98783,10,2858
13,170,1,Incrementalistas,0.98783,10,2491
13,170,2,Evolucionistas,0.98783,10,2852
13,170,3,Isolados,0.98783,10,2851
13,175,0,Empiristas,0.98783,10,3167
13,175,1,Incrementalistas,0.98783,10,2646
13,175,2,Evolucionistas,0.98783,10,3159
13,175,3,Isolados,0.98783,10,3159
13,180,0,Empiristas,0.98783,10,3507
13,180,1,Incrementalistas,0.98783,10,2815
13,180,2,Evolucionistas,0.98783,10,3499
13,180,3,Isolados,0.98783,10,3498
13,185,0,Empiristas,0.98783,10,3880
13,185,1,Incrementalistas,0.98783,10,3041
13,185,2,Evolucionistas,0.98783,10,3875
13,185,3,Isolados,0.98783,10,3873
13,190,0,Empiristas,0.98783,10,4294
13,190,1,Incrementalistas,0.98783,10,3455
13,190,2,Evolucionistas,0.98783,10,4288
13,190,3,Isolados,0.98783,10,4288
13,195,0,Empiristas,0.98783,10,4750
13,195,1,Incrementalistas,0.98783,10,3912
13,195,2,Evolucionistas,0.98783,10,4744
13,195,3,Isolados,0.98783,10,4746
13,200,0,Empiristas,0.98783,10,5246
13,200,1,Incrementalistas,0.98783,10,4407
13,200,2,Evolucionistas,0.98783,10,5240
13,200,3,Isolados,0.98783,10,5242
13,205,0,Empiristas,0.98783,10,5746
13,205,1,Incrementalistas,0.98783,10,4907
13,205,2,Evolucionistas,0.98783,10,5740
13,205,3,Isolados,0.98783,10,5742
13,210,0,Empiristas,0.98783,10,6246
13,210,1,Incrementalistas,0.98783,10,5407
13,210,2,Evolucionistas,0.98783,10,6240
13,210,3,Isolados,0.98783,10,6242
13,215,0,Empiristas,0.98783,10,6746
13,215,1,Incrementalistas,0.98783,10,5907
13,215,2,Evolucionistas,0.98783,10,6740
13,215,3,Isolados,0.98783,10,6742
13,220,0,Empiristas,0.98783,10,7246
13,220,1,Incrementalistas,0.98783,10,6407
13,220,2,Evolucionistas,0.98783,10,7240
13,220,3,Isolados,0.98783,10,7242
13,225,0,Empiristas,0.98783,10,7746
13,225,1,Incrementalistas,0.98783,10,6907
13,225,2,Evolucionistas,0.98783,10,7740
13,225,3,Isolados,0.98783,10,7742
13,230,0,Empiristas,0.98783,10,8246
13,230,1,Incrementalistas,0.98783,10,7407
13,230,2,Evolucionistas,0.98783,10,8240
13,230,3,Isolados,0.98783,10,8242
13,235,0,Empiristas,0.98783,10,8746
13,235,1,Incrementalistas,0.98783,10,7907
13,235,2,Evolucionistas,0.98783,10,8740
13,235,3,Isolados,0.98783,10,8742
13,240,0,Empiristas,0.98783,10,9246
13,240,1,Incrementalistas,0.98783,10,8407
13,240,2,Evolucionistas,0.98602,8,9240
13,240,3,Isolados,0.98783,10,9242
13,245,0,Empiristas,0.98783,10,9746
13,245,1,Incrementalistas,0.98783,10,8907
13,245,2,Evolucionistas,0.98783,10,9490
13,245,3,Isolados,0.98783,10,9742
13,250,0,Empiristas,0.98783,10,10246
13,250,1,Incrementalistas,0.98783,10,9407
13,250,2,Evolucionistas,0.98783,10,9740
13,250,3,Isolados,0.98783,10,10242
13,255,0,Empiristas,0.98783,10,10746
13,255,1,Incrementalistas,0.98783,10,9907
13,255,2,Evolucionistas,0.98783,10,9990
13,255,3,Isolados,0.98783,10,10742
13,260,0,Empiristas,0.98783,10,11246
13,260,1,Incrementalistas,0.98783,10,10407
13,260,2,Evolucionistas,0.98783,10,10240
13,260,3,Isolados,0.98783,10,11242
13,265,0,Empiristas,0.98783,10,11746
13,265,1,Incrementalistas,0.98783,10,10907
13,265,2,Evolucionistas,0.98783,10,10540
13,265,3,Isolados,1,10,11742
13,270,0,Empiristas,0.98783,10,12246
13,270,1,Incrementalistas,0.98783,10,11407
13,270,2,Evolucionistas,0.98783,10,11040
13,270,3,Isolados,1,10,12242
13,275,0,Empiristas,0.98783,10,12746
13,275,1,Incrementalistas,0.98783,10,11907
13,275,2,Evolucionistas,0.98783,10,11540
13,275,3,Isolados,1,10,12742
13,280,0,Empiristas,0.98783,10,13246
13,280,1,Incrementalistas,0.98783,10,12407
13,280,2,Evolucionistas,0.98783,10,12040
13,280,3,Isolados,1,10,13242
13,285,0,Empiristas,0.98783,10,13746
13,285,1,Incrementalistas,0.98783,10,12907
13,285,2,Evolucionistas,0.98783,10,12540
13,285,3,Isolados,1,10,13742
13,290,0,Empiristas,0.98783,10,14246
13,290,1,Incrementalistas,0.98783,10,13407
13,290,2,Evolucionistas,0.98783,10,13040
13,290,3,Isolados,1,10,14242
13,295,0,Empiristas,0.98783,10,14746
13,295,1,Incrementalistas,0.98783,10,13907
13,295,2,Evolucionistas,0.98783,10,13540
13,295,3,Isolados,1,10,14742
13,300,0,Empiristas,0.98783,10,15246
13,300,1,Incrementalistas,0.98783,10,14407
13,300,2,Evolucionistas,0.98783,10,14040
13,300,3,Isolados,1,10,15242
14,0,0,Empiristas,0.562855,1,2
14,0,1,Incrementalistas,0.509599,1,2
14,0,2,Evolucionistas,0.595268,2,2
14,0,3,Isolados,0.588472,1,2
14,5,0,Empiristas,0.796781,3,13
14,5,1,Incrementalistas,0.823774,4,13
14,5,2,Evolucionistas,0.770003,3,13
14,5,3,Isolados,0.616774,1,13
14,10,0,Empiristas,0.796781,4,25
14,10,1,Incrementalistas,0.854482,4,26
14,10,2,Evolucionistas,0.778836,3,25
14,10,3,Isolados,0.647969,1,27
14,15,0,Empiristas,0.841299,6,38
14,15,1,Incrementalistas,0.854482,5,36
14,15,2,Evolucionistas,0.778836,4,38
14,15,3,Isolados,0.647969,1,41
14,20,0,Empiristas,0.841299,6,51
14,20,1,Incrementalistas,0.854482,5,48
14,20,2,Evolucionistas,0.854482,5,51
14,20,3,Isolados,0.664798,1,55
14,25,0,Empiristas,0.866246,6,66
14,25,1,Incrementalistas,0.854482,5,64
14,25,2,Evolucionistas,0.866246,5,67
14,25,3,Isolados,0.664798,1,71
14,30,0,Empiristas,0.901677,6,82
14,30,1,Incrementalistas,0.901677,5,82
14,30,2,Evolucionistas,0.901677,5,86
14,30,3,Isolados,0.670514,1,88
14,35,0,Empiristas,0.902621,6,101
14,35,1,Incrementalistas,0.902621,6,101
14,35,2,Evolucionistas,0.901677,5,106
14,35,3,Isolados,0.670514,2,106
14,40,0,Empiristas,0.902621,6,123
14,40,1,Incrementalistas,0.902621,6,121
14,40,2,Evolucionistas,0.901677,5,128
14,40,3,Isolados,0.670514,2,128
14,45,0,Empiristas,0.902621,6,147
14,45,1,Incrementalistas,0.902621,6,145
14,45,2,Evolucionistas,0.902621,4,143
14,45,3,Isolados,0.696765,2,150
14,50,0,Empiristas,0.931459,6,172
14,50,1,Incrementalistas,0.931459,6,172
14,50,2,Evolucionistas,0.902621,6,157
14,50,3,Isolados,0.742475,2,175
14,55,0,Empiristas,0.931459,6,201
14,55,1,Incrementalistas,0.939773,6,200
14,55,2,Evolucionistas,0.944816,6,172
14,55,3,Isolados,0.742475,2,205
14,60,0,Empiristas,0.944816,6,233
14,60,1,Incrementalistas,0.944816,6,231
14,60,2,Evolucionistas,0.944816,6,187
14,60,3,Isolados,0.742475,2,236
14,65,0,Empiristas,0.944816,6,269
14,65,1,Incrementalistas,0.944816,6,266
14,65,2,Evolucionistas,0.944816,6,205
14,65,3,Isolados,0.742475,4,271
14,70,0,Empiristas,0.944816,6,308
14,70,1,Incrementalistas,0.944816,6,303
14,70,2,Evolucionistas,0.944816,4,241
14,70,3,Isolados,0.742475,4,309
14,75,0,Empiristas,0.944816,6,351
14,75,1,Incrementalistas,0.944816,7,348
14,75,2,Evolucionistas,0.944816,6,261
14,75,3,Isolados,0.742475,4,352
14,80,0,Empiristas,0.944816,6,397
14,80,1,Incrementalistas,0.944816,7,396
14,80,2,Evolucionistas,0.944816,7,282
14,80,3,Isolados,0.815985,5,399
14,85,0,Empiristas,0.944816,6,450
14,85,1,Incrementalistas,0.944816,7,448
14,85,2,Evolucionistas,0.944816,7,307
14,85,3,Isolados,0.851758,7,452
14,90,0,Empiristas,0.944816,6,508
14,90,1,Incrementalistas,0.944816,7,505
14,90,2,Evolucionistas,0.944816,7,337
14,90,3,Isolados,0.879933,7,509
14,95,0,Empiristas,0.944816,7,570
14,95,1,Incrementalistas,0.944816,8,568
14,95,2,Evolucionistas,0.944816,7,376
14,95,3,Isolados,0.879933,7,572
14,100,0,Empiristas,0.944816,7,640
14,100,1,Incrementalistas,0.951607,9,638
14,100,2,Evolucionistas,0.944816,7,445
14,100,3,Isolados,0.885042,7,641
14,105,0,Empiristas,0.958114,7,717
14,105,1,Incrementalistas,0.958114,9,715
14,105,2,Evolucionistas,0.958114,8,521
14,105,3,Isolados,0.892143,7,717
14,110,0,Empiristas,0.958114,7,803
14,110,1,Incrementalistas,0.958114,9,800
14,110,2,Evolucionistas,0.958114,8,607
14,110,3,Isolados,0.901691,7,801
14,115,0,Empiristas,0.958114,7,897
14,115,1,Incrementalistas,0.958114,9,893
14,115,2,Evolucionistas,0.958114,8,700
14,115,3,Isolados,0.901691,9,895
14,120,0,Empiristas,0.958114,8,1000
14,120,1,Incrementalistas,0.958114,9,996
14,120,2,Evolucionistas,0.958114,8,802
14,120,3,Isolados,0.9343,9,998
14,125,0,Empiristas,0.964655,8,1113
14,125,1,Incrementalistas,0.98602,9,1111
14,125,2,Evolucionistas,0.98602,9,915
14,125,3,Isolados,0.946134,10,1113
14,130,0,Empiristas,0.98602,8,1238
14,130,1,Incrementalistas,0.98602,10,1237
14,130,2,Evolucionistas,0.98602,9,1041
14,130,3,Isolados,0.956719,10,1239
14,135,0,Empiristas,0.98602,8,1377
14,135,1,Incrementalistas,0.98602,10,1377
14,135,2,Evolucionistas,0.98602,9,1180
14,135,3,Isolados,0.982287,10,1379
14,140,0,Empiristas,0.98602,8,1532
14,140,1,Incrementalistas,0.98602,10,1531
14,140,2,Evolucionistas,0.98602,9,1334
14,140,3,Isolados,0.98602,10,1532
14,145,0,Empiristas,0.98602,8,1702
14,145,1,Incrementalistas,0.98602,10,1699
14,145,2,Evolucionistas,0.98602,9,1504
14,145,3,Isolados,0.98602,10,1702
14,150,0,Empiristas,0.98602,8,1889
14,150,1,Incrementalistas,0.98602,10,1887
14,150,2,Evolucionistas,0.98602,9,1691
14,150,3,Isolados,0.98602,10,1891
14,155,0,Empiristas,0.98602,9,2095
14,155,1,Incrementalistas,0.98602,10,2094
14,155,2,Evolucionistas,0.98602,9,1901
14,155,3,Isolados,0.98783,10,2097
14,160,0,Empiristas,0.98602,9,2324
14,160,1,Incrementalistas,0.98602,10,2323
14,160,2,Evolucionistas,0.98602,9,2131
14,160,3,Isolados,0.98783,10,2325
14,165,0,Empiristas,0.98783,9,2576
14,165,1,Incrementalistas,0.98783,10,2577
14,165,2,Evolucionistas,0.98602,9,2384
14,165,3,Isolados,0.98783,10,2576
14,170,0,Empiristas,0.98783,9,2854
14,170,1,Incrementalistas,0.98783,10,2855
14,170,2,Evolucionistas,0.98783,9,2662
14,170,3,Isolados,0.98783,10,2855
14,175,0,Empiristas,0.98783,9,3162
14,175,1,Incrementalistas,0.98783,10,3164
14,175,2,Evolucionistas,0.98783,9,2968
14,175,3,Isolados,0.98783,10,3163
14,180,0,Empiristas,0.98783,9,3501
14,180,1,Incrementalistas,0.98783,10,3502
14,180,2,Evolucionistas,0.98783,9,3309
14,180,3,Isolados,0.98783,10,3505
14,185,0,Empiristas,0.98783,9,3876
14,185,1,Incrementalistas,0.98783,10,3877
14,185,2,Evolucionistas,0.98783,9,3683
14,185,3,Isolados,0.98783,10,3880
14,190,0,Empiristas,0.98783,9,4291
14,190,1,Incrementalistas,0.98783,10,4291
14,190,2,Evolucionistas,0.98783,9,4097
14,190,3,Isolados,0.98783,10,4295
14,195,0,Empiristas,0.98783,9,4748
14,195,1,Incrementalistas,0.98783,10,4747
14,195,2,Evolucionistas,0.98783,9,4554
14,195,3,Isolados,0.98783,10,4751
14,200,0,Empiristas,0.98783,9,5244
14,200,1,Incrementalistas,0.98783,10,5243
14,200,2,Evolucionistas,0.98783,9,5049
14,200,3,Isolados,0.98783,10,5247
14,205,0,Empiristas,0.98783,9,5744
14,205,1,Incrementalistas,0.98783,10,5743
14,205,2,Evolucionistas,0.98783,9,5549
14,205,3,Isolados,0.98783,10,5747
14,210,0,Empiristas,0.98783,9,6244
14,210,1,Incrementalistas,0.98783,10,6243
14,210,2,Evolucionistas,0.98783,9,6049
14,210,3,Isolados,0.98783,10,6247
14,215,0,Empiristas,0.98783,10,6744
14,215,1,Incrementalistas,0.98783,10,6743
14,215,2,Evolucionistas,0.98783,9,6549
14,215,3,Isolados,0.98783,10,6747
14,220,0,Empiristas,0.98783,10,7244
14,220,1,Incrementalistas,0.98783,10,7243
14,220,2,Evolucionistas,0.98783,9,7049
14,220,3,Isolados,0.98783,10,7247
14,225,0,Empiristas,0.98783,10,7744
14,225,1,Incrementalistas,0.98783,10,7743
14,225,2,Evolucionistas,0.98783,10,7549
14,225,3,Isolados,0.98783,10,7747
14,230,0,Empiristas,0.98783,10,8244
14,230,1,Incrementalistas,0.98783,10,8243
14,230,2,Evolucionistas,0.98783,10,8049
14,230,3,Isolados,0.98783,10,8247
14,235,0,Empiristas,0.98783,10,8744
14,235,1,Incrementalistas,0.98783,10,8743
14,235,2,Evolucionistas,0.98783,10,8549
14,235,3,Isolados,0.98783,10,8747
14,240,0,Empiristas,0.98783,10,9244
14,240,1,Incrementalistas,0.98783,10,9243
14,240,2,Evolucionistas,0.98783,10,9049
14,240,3,Isolados,0.98783,10,9247
14,245,0,Empiristas,0.98783,10,9744
14,245,1,Incrementalistas,0.98783,10,9743
14,245,2,Evolucionistas,0.98783,10,9549
14,245,3,Isolados,0.98783,10,9747
14,250,0,Empiristas,0.98783,10,10244
14,250,1,Incrementalistas,0.98783,10,10243
14,250,2,Evolucionistas,0.98783,10,10049
14,250,3,Isolados,0.98783,10,10247
14,255,0,Empiristas,0.98783,10,10744
14,255,1,Incrementalistas,0.98783,10,10743
14,255,2,Evolucionistas,0.98783,10,10549
14,255,3,Isolados,0.98783,10,10747
14,260,0,Empiristas,0.98783,10,11244
14,260,1,Incrementalistas,0.98783,10,11243
14,260,2,Evolucionistas,0.98783,10,11049
14,260,3,Isolados,0.98783,10,11247
14,265,0,Empiristas,0.98783,10,11744
14,265,1,Incrementalistas,0.98783,10,11743
14,265,2,Evolucionistas,0.98783,10,11549
14,265,3,Isolados,0.98783,10,11747
14,270,0,Empiristas,0.98783,10,12244
14,270,1,Incrementalistas,0.98783,10,12243
14,270,2,Evolucionistas,0.98783,10,12049
14,270,3,Isolados,0.98783,10,12247
14,275,0,Empiristas,0.98783,10,12744
14,275,1,Incrementalistas,0.98783,10,12743
14,275,2,Evolucionistas,0.98783,10,12549
14,275,3,Isolados,0.98783,10,12747
14,280,0,Empiristas,0.98783,10,13244
14,280,1,Incrementalistas,0.98783,10,13243
14,280,2,Evolucionistas,0.98783,10,13049
14,280,3,Isolados,0.98783,10,13247
14,285,0,Empiristas,0.98783,10,13744
14,285,1,Incrementalistas,0.98783,10,13743
14,285,2,Evolucionistas,0.98783,10,13549
14,285,3,Isolados,0.98783,10,13747
14,290,0,Empiristas,0.98783,10,14244
14,290,1,Incrementalistas,0.98783,10,14243
14,290,2,Evolucionistas,0.98783,10,14049
14,290,3,Isolados,0.98783,10,14247
14,295,0,Empiristas,0.98783,10,14744
14,295,1,Incrementalistas,0.98783,9,14693
14,295,2,Evolucionistas,0.98783,10,14549
14,295,3,Isolados,0.98783,10,14747
14,300,0,Empiristas,0.98783,10,15244
14,300,1,Incrementalistas,0.98783,10,14943
14,300,2,Evolucionistas,0.98783,10,15049
14,300,3,Isolados,0.98783,10,15247
15,0,0,Empiristas,0.484925,1,2
15,0,1,Incrementalistas,0.460818,1,2
15,0,2,Evolucionistas,0.675899,1,2
15,0,3,Isolados,0.460105,1,2
15,5,0,Empiristas,0.675899,2,13
15,5,1,Incrementalistas,0.634008,2,13
15,5,2,Evolucionistas,0.693978,1,13
15,5,3,Isolados,0.588039,1,12
15,10,0,Empiristas,0.693978,2,24
15,10,1,Incrementalistas,0.731577,2,25
15,10,2,Evolucionistas,0.693978,3,26
15,10,3,Isolados,0.672526,3,25
15,15,0,Empiristas,0.81295,4,36
15,15,1,Incrementalistas,0.81295,3,36
15,15,2,Evolucionistas,0.693978,3,41
15,15,3,Isolados,0.672526,3,38
15,20,0,Empiristas,0.81295,4,50
15,20,1,Incrementalistas,0.81295,3,50
15,20,2,Evolucionistas,0.691549,2,55
15,20,3,Isolados,0.672526,3,53
15,25,0,Empiristas,0.81295,5,65
15,25,1,Incrementalistas,0.81295,5,65
15,25,2,Evolucionistas,0.81295,3,64
15,25,3,Isolados,0.724788,3,69
15,30,0,Empiristas,0.81295,5,83
15,30,1,Incrementalistas,0.81295,5,82
15,30,2,Evolucionistas,0.81295,4,73
15,30,3,Isolados,0.738246,3,88
15,35,0,Empiristas,0.81295,5,103
15,35,1,Incrementalistas,0.81295,5,102
15,35,2,Evolucionistas,0.81295,4,83
15,35,3,Isolados,0.799949,4,106
15,40,0,Empiristas,0.81295,5,123
15,40,1,Incrementalistas,0.81295,5,124
15,40,2,Evolucionistas,0.81295,4,93
15,40,3,Isolados,0.799949,4,127
15,45,0,Empiristas,0.81295,5,146
15,45,1,Incrementalistas,0.81295,5,145
15,45,2,Evolucionistas,0.81295,4,111
15,45,3,Isolados,0.799949,4,152
15,50,0,Empiristas,0.81295,5,171
15,50,1,Incrementalistas,0.81295,5,170
15,50,2,Evolucionistas,0.81295,4,136
15,50,3,Isolados,0.801183,4,179
15,55,0,Empiristas,0.855958,6,201
15,55,1,Incrementalistas,0.868768,6,200
15,55,2,Evolucionistas,0.868768,5,165
15,55,3,Isolados,0.801183,5,206
15,60,0,Empiristas,0.868768,6,232
15,60,1,Incrementalistas,0.868768,6,231
15,60,2,Evolucionistas,0.868768,5,196
15,60,3,Isolados,0.81608,6,237
15,65,0,Empiristas,0.868768,7,266
15,65,1,Incrementalistas,0.868768,6,267
15,65,2,Evolucionistas,0.868768,5,232
15,65,3,Isolados,0.81608,6,272
15,70,0,Empiristas,0.895151,7,304
15,70,1,Incrementalistas,0.868768,6,306
15,70,2,Evolucionistas,0.878817,5,271
15,70,3,Isolados,0.819648,7,309
15,75,0,Empiristas,0.895151,7,346
15,75,1,Incrementalistas,0.895151,6,350
15,75,2,Evolucionistas,0.878817,5,311
15,75,3,Isolados,0.833999,8,351
15,80,0,Empiristas,0.916679,8,394
15,80,1,Incrementalistas,0.916679,7,397
15,80,2,Evolucionistas,0.916679,8,359
15,80,3,Isolados,0.833999,8,398
15,85,0,Empiristas,0.916679,10,444
15,85,1,Incrementalistas,0.916679,8,448
15,85,2,Evolucionistas,0.916679,9,411
15,85,3,Isolados,0.835284,10,451
15,90,0,Empiristas,0.923048,10,501
15,90,1,Incrementalistas,0.96481,10,505
15,90,2,Evolucionistas,0.96481,10,469
15,90,3,Isolados,0.844062,10,507
15,95,0,Empiristas,0.96481,10,564
15,95,1,Incrementalistas,0.966844,10,569
15,95,2,Evolucionistas,0.96481,10,532
15,95,3,Isolados,0.889133,10,570
15,100,0,Empiristas,0.988807,10,633
15,100,1,Incrementalistas,0.988807,10,640
15,100,2,Evolucionistas,0.988807,10,601
15,100,3,Isolados,0.894273,10,641
15,105,0,Empiristas,0.988807,10,710
15,105,1,Incrementalistas,0.988807,10,716
15,105,2,Evolucionistas,0.988807,10,677
15,105,3,Isolados,0.894273,10,718
15,110,0,Empiristas,0.988807,10,795
15,110,1,Incrementalistas,0.988807,10,800
15,110,2,Evolucionistas,0.988807,10,762
15,110,3,Isolados,0.932546,10,803
15,115,0,Empiristas,0.988807,10,888
15,115,1,Incrementalistas,0.988807,10,894
15,115,2,Evolucionistas,0.988807,10,856
15,115,3,Isolados,0.932546,10,896
15,120,0,Empiristas,0.988807,10,991
15,120,1,Incrementalistas,0.988807,10,998
15,120,2,Evolucionistas,0.988807,10,960
15,120,3,Isolados,0.950182,10,1000
15,125,0,Empiristas,1,10,1106
15,125,1,Incrementalistas,0.988807,10,1112
15,125,2,Evolucionistas,1,10,1075
15,125,3,Isolados,0.965541,10,1115
15,130,0,Empiristas,1,10,1232
15,130,1,Incrementalistas,1,10,1236
15,130,2,Evolucionistas,1,10,1200
15,130,3,Isolados,0.977454,10,1242
15,135,0,Empiristas,1,10,1371
15,135,1,Incrementalistas,1,10,1374
15,135,2,Evolucionistas,1,10,1341
15,135,3,Isolados,0.977454,10,1382
15,140,0,Empiristas,1,10,1524
15,140,1,Incrementalistas,1,10,1526
15,140,2,Evolucionistas,1,10,1495
15,140,3,Isolados,0.980526,10,1534
15,145,0,Empiristas,1,10,1693
15,145,1,Incrementalistas,1,10,1695
15,145,2,Evolucionistas,1,10,1665
15,145,3,Isolados,0.980526,10,1704
15,150,0,Empiristas,1,10,1880
15,150,1,Incrementalistas,1,10,1882
15,150,2,Evolucionistas,1,10,1854
15,150,3,Isolados,0.980526,10,1891
15,155,0,Empiristas,1,10,2086
15,155,1,Incrementalistas,1,10,2087
15,155,2,Evolucionistas,1,10,2061
15,155,3,Isolados,0.980526,10,2098
15,160,0,Empiristas,1,10,2313
15,160,1,Incrementalistas,1,10,2270
15,160,2,Evolucionistas,1,10,2290
15,160,3,Isolados,0.980526,10,2327
15,165,0,Empiristas,1,10,2563
15,165,1,Incrementalistas,1,10,2394
15,165,2,Evolucionistas,1,10,2542
15,165,3,Isolados,1,10,2578
15,170,0,Empiristas,1,10,2840
15,170,1,Incrementalistas,1,10,2533
15,170,2,Evolucionistas,1,10,2821
15,170,3,Isolados,1,10,2858
15,175,0,Empiristas,1,10,3146
15,175,1,Incrementalistas,1,10,2687
15,175,2,Evolucionistas,1,10,3128
15,175,3,Isolados,1,10,3165
15,180,0,Empiristas,1,10,3485
15,180,1,Incrementalistas,1,10,2858
15,180,2,Evolucionistas,1,10,3468
15,180,3,Isolados,1,10,3504
15,185,0,Empiristas,1,10,3859
15,185,1,Incrementalistas,1,10,3161
15,185,2,Evolucionistas,1,10,3843
15,185,3,Isolados,1,10,3879
15,190,0,Empiristas,1,10,4272
15,190,1,Incrementalistas,1,10,3575
15,190,2,Evolucionistas,1,10,4256
15,190,3,Isolados,1,10,4293
15,195,0,Empiristas,1,10,4730
15,195,1,Incrementalistas,1,10,4032
15,195,2,Evolucionistas,1,10,4713
15,195,3,Isolados,1,10,4751
15,200,0,Empiristas,1,10,5226
15,200,1,Incrementalistas,1,10,4528
15,200,2,Evolucionistas,1,10,5209
15,200,3,Isolados,1,10,5247
15,205,0,Empiristas,1,10,5726
15,205,1,Incrementalistas,1,10,5028
15,205,2,Evolucionistas,1,10,5709
15,205,3,Isolados,1,10,5747
15,210,0,Empiristas,1,10,6226
15,210,1,Incrementalistas,1,10,5528
15,210,2,Evolucionistas,1,10,6209
15,210,3,Isolados,1,10,6247
15,215,0,Empiristas,1,10,6726
15,215,1,Incrementalistas,1,10,6028
15,215,2,Evolucionistas,1,10,6709
15,215,3,Isolados,1,10,6747
15,220,0,Empiristas,1,10,7226
15,220,1,Incrementalistas,1,10,6528
15,220,2,Evolucionistas,1,10,7209
15,220,3,Isolados,1,10,7247
15,225,0,Empiristas,1,10,7726
15,225,1,Incrementalistas,1,10,7028
15,225,2,Evolucionistas,1,10,7709
15,225,3,Isolados,1,10,7747
15,230,0,Empiristas,1,10,8226
15,230,1,Incrementalistas,1,10,7528
15,230,2,Evolucionistas,1,10,8209
15,230,3,Isolados,1,10,8247
15,235,0,Empiristas,1,10,8726
15,235,1,Incrementalistas,1,10,8028
15,235,2,Evolucionistas,1,10,8709
15,235,3,Isolados,1,10,8747
15,240,0,Empiristas,1,10,9226
15,240,1,Incrementalistas,1,10,8528
15,240,2,Evolucionistas,1,10,9209
15,240,3,Isolados,1,10,9247
15,245,0,Empiristas,1,10,9726
15,245,1,Incrementalistas,1,10,9028
15,245,2,Evolucionistas,1,10,9709
15,245,3,Isolados,1,10,9747
15,250,0,Empiristas,1,10,10226
15,250,1,Incrementalistas,1,10,9528
15,250,2,Evolucionistas,1,10,10209
15,250,3,Isolados,1,10,10247
15,255,0,Empiristas,1,10,10726
15,255,1,Incrementalistas,1,10,10028
15,255,2,Evolucionistas,1,10,10709
15,255,3,Isolados,1,10,10747
15,260,0,Empiristas,1,10,11226
15,260,1,Incrementalistas,1,10,10528
15,260,2,Evolucionistas,1,10,11209
15,260,3,Isolados,1,10,11247
15,265,0,Empiristas,1,10,11726
15,265,1,Incrementalistas,1,10,11028
15,265,2,Evolucionistas,1,10,11709
15,265,3,Isolados,1,10,11747
15,270,0,Empiristas,1,10,12226
15,270,1,Incrementalistas,1,10,11528
15,270,2,Evolucionistas,1,10,12209
15,270,3,Isolados,1,10,12247
15,275,0,Empiristas,1,10,12726
15,275,1,Incrementalistas,1,10,12028
15,275,2,Evolucionistas,1,10,12709
15,275,3,Isolados,1,10,12747
15,280,0,Empiristas,1,10,13226
15,280,1,Incrementalistas,1,10,12528
15,280,2,Evolucionistas,1,10,13209
15,280,3,Isolados,1,10,13247
15,285,0,Empiristas,1,10,13726
15,285,1,Incrementalistas,1,10,13028
15,285,2,Evolucionistas,1,10,13709
15,285,3,Isolados,1,10,13747
15,290,0,Empiristas,1,10,14226
15,290,1,Incrementalistas,1,10,13528
15,290,2,Evolucionistas,1,10,14209
15,290,3,Isolados,1,10,14247
15,295,0,Empiristas,1,10,14726
15,295,1,Incrementalistas,1,10,14028
15,295,2,Evolucionistas,1,10,14709
15,295,3,Isolados,1,9,14597
15,300,0,Empiristas,1,10,15226
15,300,1,Incrementalistas,1,10,14528
15,300,2,Evolucionistas,1,10,15209
15,300,3,Isolados,1,9,14847
16,0,0,Empiristas,0.533677,1,2
16,0,1,Incrementalistas,0.548144,1,2
16,0,2,Evolucionistas,0.522363,1,2
16,0,3,Isolados,0.630249,1,2
16,5,0,Empiristas,0.598502,1,12
16,5,1,Incrementalistas,0.598502,1,12
16,5,2,Evolucionistas,0.591887,2,13
16,5,3,Isolados,0.636387,1,12
16,10,0,Empiristas,0.682081,3,25
16,10,1,Incrementalistas,0.682081,2,23
16,10,2,Evolucionistas,0.682081,3,27
16,10,3,Isolados,0.636387,1,22
16,15,0,Empiristas,0.694115,4,38
16,15,1,Incrementalistas,0.824824,4,36
16,15,2,Evolucionistas,0.698841,3,40
16,15,3,Isolados,0.636387,1,34
16,20,0,Empiristas,0.824824,6,50
16,20,1,Incrementalistas,0.824824,4,50
16,20,2,Evolucionistas,0.842825,4,53
16,20,3,Isolados,0.647226,1,48
16,25,0,Empiristas,0.842825,6,66
16,25,1,Incrementalistas,0.824824,4,65
16,25,2,Evolucionistas,0.842825,4,70
16,25,3,Isolados,0.649158,1,63
16,30,0,Empiristas,0.842825,6,84
16,30,1,Incrementalistas,0.824824,4,82
16,30,2,Evolucionistas,0.842825,5,88
16,30,3,Isolados,0.649158,3,82
16,35,0,Empiristas,0.842825,6,104
16,35,1,Incrementalistas,0.842825,5,101
16,35,2,Evolucionistas,0.842825,5,107
16,35,3,Isolados,0.741035,3,102
16,40,0,Empiristas,0.842825,6,125
16,40,1,Incrementalistas,0.842825,5,121
16,40,2,Evolucionistas,0.842825,5,128
16,40,3,Isolados,0.741035,3,122
16,45,0,Empiristas,0.842825,6,148
16,45,1,Incrementalistas,0.842825,5,145
16,45,2,Evolucionistas,0.868543,5,152
16,45,3,Isolados,0.741035,3,144
16,50,0,Empiristas,0.849886,6,174
16,50,1,Incrementalistas,0.849886,7,172
16,50,2,Evolucionistas,0.868543,6,178
16,50,3,Isolados,0.787017,4,171
16,55,0,Empiristas,0.920388,6,202
16,55,1,Incrementalistas,0.920388,7,200
16,55,2,Evolucionistas,0.92111,6,207
16,55,3,Isolados,0.810888,4,200
16,60,0,Empiristas,0.92111,6,234
16,60,1,Incrementalistas,0.920388,7,232
16,60,2,Evolucionistas,0.92111,6,238
16,60,3,Isolados,0.840637,5,233
16,65,0,Empiristas,0.92111,7,270
16,65,1,Incrementalistas,0.92111,7,267
16,65,2,Evolucionistas,0.92111,7,271
16,65,3,Isolados,0.840637,5,268
16,70,0,Empiristas,0.92111,7,307
16,70,1,Incrementalistas,0.926082,7,305
16,70,2,Evolucionistas,0.926082,7,309
16,70,3,Isolados,0.840637,5,308
16,75,0,Empiristas,0.926082,8,351
16,75,1,Incrementalistas,0.926082,7,338
16,75,2,Evolucionistas,0.9307,7,352
16,75,3,Isolados,0.903836,6,351
16,80,0,Empiristas,0.9307,8,397
16,80,1,Incrementalistas,0.9307,7,362
16,80,2,Evolucionistas,0.9307,7,400
16,80,3,Isolados,0.95614,6,397
16,85,0,Empiristas,0.9307,8,449
16,85,1,Incrementalistas,0.9307,8,388
16,85,2,Evolucionistas,0.9307,7,451
16,85,3,Isolados,0.95614,8,450
16,90,0,Empiristas,0.9307,8,507
16,90,1,Incrementalistas,0.9307,8,416
16,90,2,Evolucionistas,0.9307,9,508
16,90,3,Isolados,0.95614,8,507
16,95,0,Empiristas,0.935673,8,569
16,95,1,Incrementalistas,0.9307,8,446
16,95,2,Evolucionistas,0.935673,9,571
16,95,3,Isolados,0.95614,8,569
16,100,0,Empiristas,0.935673,4,639
16,100,1,Incrementalistas,0.935673,8,502
16,100,2,Evolucionistas,0.935673,9,641
16,100,3,Isolados,0.95614,8,639
16,105,0,Empiristas,0.935673,8,678
16,105,1,Incrementalistas,0.935673,8,579
16,105,2,Evolucionistas,0.935673,9,719
16,105,3,Isolados,0.95614,9,716
16,110,0,Empiristas,0.935673,8,720
16,110,1,Incrementalistas,0.935673,8,665
16,110,2,Evolucionistas,0.935673,9,805
16,110,3,Isolados,0.95614,9,800
16,115,0,Empiristas,0.935673,8,766
16,115,1,Incrementalistas,0.935673,9,759
16,115,2,Evolucionistas,0.935673,9,899
16,115,3,Isolados,0.95614,9,894
16,120,0,Empiristas,0.935673,8,818
16,120,1,Incrementalistas,0.935673,9,862
16,120,2,Evolucionistas,0.935673,9,1003
16,120,3,Isolados,0.963044,10,999
16,125,0,Empiristas,0.935673,9,888
16,125,1,Incrementalistas,0.935673,10,976
16,125,2,Evolucionistas,0.935673,9,1116
16,125,3,Isolados,0.969449,10,1113
16,130,0,Empiristas,0.935673,10,1013
16,130,1,Incrementalistas,0.935673,10,1104
16,130,2,Evolucionistas,0.935673,9,1243
16,130,3,Isolados,0.98602,10,1239
16,135,0,Empiristas,0.938937,10,1152
16,135,1,Incrementalistas,0.935673,10,1244
16,135,2,Evolucionistas,0.935673,9,1382
16,135,3,Isolados,0.98602,10,1378
16,140,0,Empiristas,0.938937,10,1305
16,140,1,Incrementalistas,0.938937,10,1398
16,140,2,Evolucionistas,0.935673,9,1536
16,140,3,Isolados,0.98602,10,1531
16,145,0,Empiristas,0.938937,10,1476
16,145,1,Incrementalistas,0.938937,10,1568
16,145,2,Evolucionistas,0.938937,9,1706
16,145,3,Isolados,0.98602,10,1699
16,150,0,Empiristas,0.938937,10,1663
16,150,1,Incrementalistas,0.938937,10,1756
16,150,2,Evolucionistas,0.938937,10,1893
16,150,3,Isolados,0.98602,10,1886
16,155,0,Empiristas,0.938937,10,1869
16,155,1,Incrementalistas,0.938937,10,1963
16,155,2,Evolucionistas,0.938937,10,2101
16,155,3,Isolados,0.98783,10,2092
16,160,0,Empiristas,0.942382,10,2097
16,160,1,Incrementalistas,0.938937,10,2193
16,160,2,Evolucionistas,0.938937,10,2330
16,160,3,Isolados,0.98783,10,2321
16,165,0,Empiristas,0.942382,10,2349
16,165,1,Incrementalistas,0.942382,10,2445
16,165,2,Evolucionistas,0.942382,10,2584
16,165,3,Isolados,0.98783,10,2574
16,170,0,Empiristas,0.942382,10,2627
16,170,1,Incrementalistas,0.954329,10,2722
16,170,2,Evolucionistas,0.954329,10,2862
16,170,3,Isolados,0.98783,10,2854
16,175,0,Empiristas,0.942382,10,2934
16,175,1,Incrementalistas,0.954329,10,3030
16,175,2,Evolucionistas,0.954329,10,3170
16,175,3,Isolados,0.98783,10,3161
16,180,0,Empiristas,0.954329,10,3274
16,180,1,Incrementalistas,0.954329,10,3371
16,180,2,Evolucionistas,0.954329,10,3509
16,180,3,Isolados,0.98783,10,3500
16,185,0,Empiristas,0.954329,10,3647
16,185,1,Incrementalistas,0.954329,10,3746
16,185,2,Evolucionistas,0.954329,10,3883
16,185,3,Isolados,0.98783,10,3876
16,190,0,Empiristas,0.954329,10,4061
16,190,1,Incrementalistas,0.954329,10,4158
16,190,2,Evolucionistas,0.954329,10,4296
16,190,3,Isolados,0.98783,10,4291
16,195,0,Empiristas,0.954329,10,4518
16,195,1,Incrementalistas,0.954329,10,4614
16,195,2,Evolucionistas,0.954329,10,4754
16,195,3,Isolados,0.98783,10,4747
16,200,0,Empiristas,0.954329,10,5014
16,200,1,Incrementalistas,0.954329,10,5110
16,200,2,Evolucionistas,0.954329,10,5250
16,200,3,Isolados,0.98783,10,5243
16,205,0,Empiristas,0.954329,10,5514
16,205,1,Incrementalistas,0.954329,10,5610
16,205,2,Evolucionistas,0.954329,10,5750
16,205,3,Isolados,0.98783,10,5743
16,210,0,Empiristas,0.954329,10,6014
16,210,1,Incrementalistas,0.954329,10,6110
16,210,2,Evolucionistas,0.954329,10,6250
16,210,3,Isolados,0.98783,10,6243
16,215,0,Empiristas,0.954329,10,6514
16,215,1,Incrementalistas,0.954329,10,6610
16,215,2,Evolucionistas,0.954329,10,6750
16,215,3,Isolados,0.98783,10,6743
16,220,0,Empiristas,0.954329,10,7014
16,220,1,Incrementalistas,0.954329,10,7110
16,220,2,Evolucionistas,0.954329,10,7250
16,220,3,Isolados,0.98783,10,7243
16,225,0,Empiristas,0.954329,10,7514
16,225,1,Incrementalistas,0.954329,10,7610
16,225,2,Evolucionistas,0.954329,10,7750
16,225,3,Isolados,0.98783,10,7743
16,230,0,Empiristas,0.954329,10,8014
16,230,1,Incrementalistas,0.954329,10,8110
16,230,2,Evolucionistas,0.954329,10,8250
16,230,3,Isolados,0.98783,10,8243
16,235,0,Empiristas,0.954329,10,8514
16,235,1,Incrementalistas,0.954329,10,8610
16,235,2,Evolucionistas,0.954329,10,8750
16,235,3,Isolados,0.98783,10,8743
16,240,0,Empiristas,0.954329,10,9014
16,240,1,Incrementalistas,0.954329,10,9110
16,240,2,Evolucionistas,0.954329,10,9250
16,240,3,Isolados,1,10,9243
16,245,0,Empiristas,0.954329,10,9514
16,245,1,Incrementalistas,0.954329,10,9610
16,245,2,Evolucionistas,0.954329,10,9750
16,245,3,Isolados,1,10,9743
16,250,0,Empiristas,0.954329,10,10014
16,250,1,Incrementalistas,0.954329,10,10110
16,250,2,Evolucionistas,0.954329,10,10250
16,250,3,Isolados,1,10,10243
16,255,0,Empiristas,0.954329,10,10514
16,255,1,Incrementalistas,0.954329,10,10610
16,255,2,Evolucionistas,0.954329,10,10750
16,255,3,Isolados,1,10,10743
16,260,0,Empiristas,0.954329,10,11014
16,260,1,Incrementalistas,0.954329,10,11110
16,260,2,Evolucionistas,0.954329,10,11250
16,260,3,Isolados,1,10,11243
16,265,0,Empiristas,0.954329,10,11514
16,265,1,Incrementalistas,0.954329,10,11610
16,265,2,Evolucionistas,0.954329,10,11750
16,265,3,Isolados,1,10,11743
16,270,0,Empiristas,0.954329,10,12014
16,270,1,Incrementalistas,0.959315,10,12110
16,270,2,Evolucionistas,0.954329,10,12250
16,270,3,Isolados,1,10,12243
16,275,0,Empiristas,0.959315,10,12514
16,275,1,Incrementalistas,0.959315,10,12610
16,275,2,Evolucionistas,0.959315,10,12750
16,275,3,Isolados,1,10,12743
16,280,0,Empiristas,0.959315,10,13014
16,280,1,Incrementalistas,0.959315,10,13110
16,280,2,Evolucionistas,0.959315,10,13250
16,280,3,Isolados,1,10,13243
16,285,0,Empiristas,0.959315,10,13514
16,285,1,Incrementalistas,0.959315,10,13610
16,285,2,Evolucionistas,0.959315,10,13750
16,285,3,Isolados,1,10,13743
16,290,0,Empiristas,0.959315,10,14014
16,290,1,Incrementalistas,0.959315,10,14110
16,290,2,Evolucionistas,0.959315,10,14250
16,290,3,Isolados,1,10,14243
16,295,0,Empiristas,0.959315,10,14514
16,295,1,Incrementalistas,0.959315,10,14610
16,295,2,Evolucionistas,0.959315,10,14750
16,295,3,Isolados,1,10,14743
16,300,0,Empiristas,0.959315,10,15014
16,300,1,Incrementalistas,0.959315,10,15110
16,300,2,Evolucionistas,0.959315,10,15250
16,300,3,Isolados,1,10,15243
17,0,0,Empiristas,0.592795,1,2
17,0,1,Incrementalistas,0.539179,1,2
17,0,2,Evolucionistas,0.592795,1,2
17,0,3,Isolados,0.551514,1,2
17,5,0,Empiristas,0.592795,1,12
17,5,1,Incrementalistas,0.68788,2,13
17,5,2,Evolucionistas,0.68788,2,15
17,5,3,Isolados,0.616206,1,14
17,10,0,Empiristas,0.726808,4,24
17,10,1,Incrementalistas,0.727267,2,25
17,10,2,Evolucionistas,0.727267,2,27
17,10,3,Isolados,0.64907,1,25
17,15,0,Empiristas,0.736148,6,38
17,15,1,Incrementalistas,0.727267,2,33
17,15,2,Evolucionistas,0.736148,4,38
17,15,3,Isolados,0.64907,1,36
17,20,0,Empiristas,0.784405,6,52
17,20,1,Incrementalistas,0.784405,4,41
17,20,2,Evolucionistas,0.784405,5,53
17,20,3,Isolados,0.713979,2,49
17,25,0,Empiristas,0.784405,6,68
17,25,1,Incrementalistas,0.784405,4,48
17,25,2,Evolucionistas,0.785579,6,69
17,25,3,Isolados,0.713979,3,65
17,30,0,Empiristas,0.818422,7,87
17,30,1,Incrementalistas,0.791879,4,58
17,30,2,Evolucionistas,0.791879,6,87
17,30,3,Isolados,0.713979,3,82
17,35,0,Empiristas,0.818422,7,107
17,35,1,Incrementalistas,0.818422,7,70
17,35,2,Evolucionistas,0.818422,7,106
17,35,3,Isolados,0.713979,3,102
17,40,0,Empiristas,0.818422,8,129
17,40,1,Incrementalistas,0.818422,9,91
17,40,2,Evolucionistas,0.818422,7,127
17,40,3,Isolados,0.725117,3,124
17,45,0,Empiristas,0.840089,8,153
17,45,1,Incrementalistas,0.840089,9,113
17,45,2,Evolucionistas,0.840089,8,152
17,45,3,Isolados,0.777092,3,149
17,50,0,Empiristas,0.856277,8,179
17,50,1,Incrementalistas,0.856277,9,138
17,50,2,Evolucionistas,0.856277,8,178
17,50,3,Isolados,0.777092,3,175
17,55,0,Empiristas,0.87962,9,208
17,55,1,Incrementalistas,0.87962,9,165
17,55,2,Evolucionistas,0.87962,9,206
17,55,3,Isolados,0.777092,3,205
17,60,0,Empiristas,0.87962,9,240
17,60,1,Incrementalistas,0.87962,9,197
17,60,2,Evolucionistas,0.87962,9,237
17,60,3,Isolados,0.777092,5,236
17,65,0,Empiristas,0.87962,10,276
17,65,1,Incrementalistas,0.87962,9,230
17,65,2,Evolucionistas,0.87962,9,270
17,65,3,Isolados,0.777136,6,271
17,70,0,Empiristas,0.87962,10,316
17,70,1,Incrementalistas,0.87962,9,268
17,70,2,Evolucionistas,0.897419,10,308
17,70,3,Isolados,0.783347,6,309
17,75,0,Empiristas,0.922959,10,358
17,75,1,Incrementalistas,0.897419,9,310
17,75,2,Evolucionistas,0.897419,10,351
17,75,3,Isolados,0.791662,6,350
17,80,0,Empiristas,0.922959,10,405
17,80,1,Incrementalistas,0.922959,9,358
17,80,2,Evolucionistas,0.922959,10,398
17,80,3,Isolados,0.794586,6,397
17,85,0,Empiristas,0.946453,10,456
17,85,1,Incrementalistas,0.946453,10,410
17,85,2,Evolucionistas,0.946453,10,449
17,85,3,Isolados,0.817022,6,448
17,90,0,Empiristas,0.946453,10,513
17,90,1,Incrementalistas,0.946453,10,468
17,90,2,Evolucionistas,0.946453,10,506
17,90,3,Isolados,0.837427,6,505
17,95,0,Empiristas,0.968461,10,575
17,95,1,Incrementalistas,0.951898,10,531
17,95,2,Evolucionistas,0.951898,10,570
17,95,3,Isolados,0.874278,6,568
17,100,0,Empiristas,0.968461,10,646
17,100,1,Incrementalistas,0.968461,10,600
17,100,2,Evolucionistas,0.968461,10,640
17,100,3,Isolados,0.874278,6,636
17,105,0,Empiristas,0.968461,10,724
17,105,1,Incrementalistas,0.968461,10,678
17,105,2,Evolucionistas,0.968461,10,717
17,105,3,Isolados,0.874278,6,714
17,110,0,Empiristas,0.968461,10,809
17,110,1,Incrementalistas,0.968461,10,761
17,110,2,Evolucionistas,0.983343,10,802
17,110,3,Isolados,0.874278,6,799
17,115,0,Empiristas,0.968461,10,904
17,115,1,Incrementalistas,0.983343,10,854
17,115,2,Evolucionistas,0.983343,10,896
17,115,3,Isolados,0.908677,8,894
17,120,0,Empiristas,0.983343,10,1008
17,120,1,Incrementalistas,0.983343,10,959
17,120,2,Evolucionistas,0.983343,10,999
17,120,3,Isolados,0.913657,8,999
17,125,0,Empiristas,0.983343,10,1122
17,125,1,Incrementalistas,0.983343,10,1073
17,125,2,Evolucionistas,0.983343,10,1113
17,125,3,Isolados,0.913657,8,1113
17,130,0,Empiristas,0.983343,10,1248
17,130,1,Incrementalistas,0.983343,10,1198
17,130,2,Evolucionistas,1,10,1239
17,130,3,Isolados,0.913657,9,1241
17,135,0,Empiristas,1,10,1387
17,135,1,Incrementalistas,1,10,1338
17,135,2,Evolucionistas,1,10,1379
17,135,3,Isolados,0.913657,10,1381
17,140,0,Empiristas,1,10,1542
17,140,1,Incrementalistas,1,10,1490
17,140,2,Evolucionistas,1,10,1535
17,140,3,Isolados,0.913657,10,1535
17,145,0,Empiristas,1,10,1712
17,145,1,Incrementalistas,1,10,1660
17,145,2,Evolucionistas,1,10,1704
17,145,3,Isolados,0.913657,10,1705
17,150,0,Empiristas,1,10,1899
17,150,1,Incrementalistas,1,8,1809
17,150,2,Evolucionistas,1,10,1891
17,150,3,Isolados,0.923711,10,1892
17,155,0,Empiristas,1,10,2106
17,155,1,Incrementalistas,1,10,1913
17,155,2,Evolucionistas,1,10,2097
17,155,3,Isolados,0.923711,10,2099
17,160,0,Empiristas,1,10,2335
17,160,1,Incrementalistas,1,10,2028
17,160,2,Evolucionistas,1,10,2327
17,160,3,Isolados,0.923711,10,2328
17,165,0,Empiristas,1,10,2588
17,165,1,Incrementalistas,1,10,2155
17,165,2,Evolucionistas,1,10,2580
17,165,3,Isolados,0.923711,10,2578
17,170,0,Empiristas,1,10,2867
17,170,1,Incrementalistas,1,10,2294
17,170,2,Evolucionistas,1,10,2858
17,170,3,Isolados,0.923711,10,2855
17,175,0,Empiristas,1,10,3175
17,175,1,Incrementalistas,1,10,2543
17,175,2,Evolucionistas,1,10,3165
17,175,3,Isolados,0.923711,10,3162
17,180,0,Empiristas,1,10,3514
17,180,1,Incrementalistas,1,10,2884
17,180,2,Evolucionistas,1,10,3505
17,180,3,Isolados,0.923711,10,3501
17,185,0,Empiristas,1,10,3888
17,185,1,Incrementalistas,1,10,3259
17,185,2,Evolucionistas,1,10,3880
17,185,3,Isolados,0.923711,10,3876
17,190,0,Empiristas,1,10,4303
17,190,1,Incrementalistas,1,10,3671
17,190,2,Evolucionistas,1,10,4292
17,190,3,Isolados,0.923711,10,4291
17,195,0,Empiristas,1,10,4759
17,195,1,Incrementalistas,1,10,4129
17,195,2,Evolucionistas,1,10,4749
17,195,3,Isolados,0.923711,10,4748
17,200,0,Empiristas,1,10,5255
17,200,1,Incrementalistas,1,10,4625
17,200,2,Evolucionistas,1,10,5245
17,200,3,Isolados,0.923711,10,5244
17,205,0,Empiristas,1,10,5755
17,205,1,Incrementalistas,1,10,5125
17,205,2,Evolucionistas,1,10,5745
17,205,3,Isolados,0.941611,10,5744
17,210,0,Empiristas,1,10,6255
17,210,1,Incrementalistas,1,10,5625
17,210,2,Evolucionistas,1,10,6245
17,210,3,Isolados,0.949688,10,6244
17,215,0,Empiristas,1,10,6755
17,215,1,Incrementalistas,1,10,6125
17,215,2,Evolucionistas,1,10,6745
17,215,3,Isolados,0.980526,10,6744
17,220,0,Empiristas,1,10,7255
17,220,1,Incrementalistas,1,10,6625
17,220,2,Evolucionistas,1,10,7245
17,220,3,Isolados,0.980526,10,7244
17,225,0,Empiristas,1,10,7755
17,225,1,Incrementalistas,1,10,7025
17,225,2,Evolucionistas,1,10,7745
17,225,3,Isolados,0.980526,10,7744
17,230,0,Empiristas,1,10,8255
17,230,1,Incrementalistas,1,10,7275
17,230,2,Evolucionistas,1,10,8245
17,230,3,Isolados,0.980526,10,8244
17,235,0,Empiristas,1,10,8755
17,235,1,Incrementalistas,1,10,7525
17,235,2,Evolucionistas,1,10,8745
17,235,3,Isolados,1,10,8744
17,240,0,Empiristas,1,10,9255
17,240,1,Incrementalistas,1,10,7775
17,240,2,Evolucionistas,1,10,9245
17,240,3,Isolados,1,10,9244
17,245,0,Empiristas,1,10,9755
17,245,1,Incrementalistas,1,10,8025
17,245,2,Evolucionistas,1,10,9745
17,245,3,Isolados,1,10,9744
17,250,0,Empiristas,1,10,10255
17,250,1,Incrementalistas,1,10,8425
17,250,2,Evolucionistas,1,10,10245
17,250,3,Isolados,1,10,10244
17,255,0,Empiristas,1,10,10755
17,255,1,Incrementalistas,1,10,8925
17,255,2,Evolucionistas,1,10,10545
17,255,3,Isolados,1,10,10744
17,260,0,Empiristas,1,10,11255
17,260,1,Incrementalistas,1,10,9425
17,260,2,Evolucionistas,1,10,10795
17,260,3,Isolados,1,10,11244
17,265,0,Empiristas,1,10,11755
17,265,1,Incrementalistas,1,10,9925
17,265,2,Evolucionistas,1,10,11045
17,265,3,Isolados,1,10,11744
17,270,0,Empiristas,1,10,12255
17,270,1,Incrementalistas,1,10,10425
17,270,2,Evolucionistas,1,10,11295
17,270,3,Isolados,1,10,12244
17,275,0,Empiristas,1,10,12755
17,275,1,Incrementalistas,1,10,10925
17,275,2,Evolucionistas,1,10,11545
17,275,3,Isolados,1,10,12744
17,280,0,Empiristas,1,10,13255
17,280,1,Incrementalistas,1,10,11425
17,280,2,Evolucionistas,1,10,11995
17,280,3,Isolados,1,10,13244
17,285,0,Empiristas,1,10,13755
17,285,1,Incrementalistas,1,10,11925
17,285,2,Evolucionistas,1,10,12495
17,285,3,Isolados,1,10,13744
17,290,0,Empiristas,1,10,14255
17,290,1,Incrementalistas,1,10,12425
17,290,2,Evolucionistas,1,10,12995
17,290,3,Isolados,1,10,14244
17,295,0,Empiristas,1,10,14755
17,295,1,Incrementalistas,1,10,12925
17,295,2,Evolucionistas,1,10,13495
17,295,3,Isolados,1,10,14544
17,300,0,Empiristas,1,10,15255
17,300,1,Incrementalistas,1,10,13425
17,300,2,Evolucionistas,1,10,13995
17,300,3,Isolados,1,10,14794
18,0,0,Empiristas,0.700436,2,2
18,0,1,Incrementalistas,0.590828,1,2
18,0,2,Evolucionistas,0.511237,1,2
18,0,3,Isolados,0.554798,1,2
18,5,0,Empiristas,0.745492,4,14
18,5,1,Incrementalistas,0.745492,4,14
18,5,2,Evolucionistas,0.745492,4,13
18,5,3,Isolados,0.598699,1,14
18,10,0,Empiristas,0.763943,4,25
18,10,1,Incrementalistas,0.763943,4,25
18,10,2,Evolucionistas,0.763943,4,24
18,10,3,Isolados,0.598699,1,24
18,15,0,Empiristas,0.763943,4,40
18,15,1,Incrementalistas,0.764351,5,39
18,15,2,Evolucionistas,0.764351,4,36
18,15,3,Isolados,0.764622,2,39
18,20,0,Empiristas,0.776789,5,55
18,20,1,Incrementalistas,0.776789,6,54
18,20,2,Evolucionistas,0.764351,4,50
18,20,3,Isolados,0.764622,2,52
18,25,0,Empiristas,0.817075,6,71
18,25,1,Incrementalistas,0.817075,6,71
18,25,2,Evolucionistas,0.817075,6,65
18,25,3,Isolados,0.764622,2,67
18,30,0,Empiristas,0.817075,6,89
18,30,1,Incrementalistas,0.817075,7,90
18,30,2,Evolucionistas,0.817075,7,85
18,30,3,Isolados,0.793527,2,85
18,35,0,Empiristas,0.817075,7,108
18,35,1,Incrementalistas,0.817075,7,109
18,35,2,Evolucionistas,0.817075,7,104
18,35,3,Isolados,0.793527,2,105
18,40,0,Empiristas,0.850019,8,129
18,40,1,Incrementalistas,0.817075,7,129
18,40,2,Evolucionistas,0.850019,8,125
18,40,3,Isolados,0.793527,2,125
18,45,0,Empiristas,0.850019,8,151
18,45,1,Incrementalistas,0.850019,8,151
18,45,2,Evolucionistas,0.850019,8,148
18,45,3,Isolados,0.793527,2,148
18,50,0,Empiristas,0.850019,8,178
18,50,1,Incrementalistas,0.850019,8,177
18,50,2,Evolucionistas,0.850019,8,174
18,50,3,Isolados,0.793527,3,173
18,55,0,Empiristas,0.873659,8,207
18,55,1,Incrementalistas,0.873659,8,205
18,55,2,Evolucionistas,0.873774,8,202
18,55,3,Isolados,0.793527,3,202
18,60,0,Empiristas,0.873774,8,238
18,60,1,Incrementalistas,0.873774,8,238
18,60,2,Evolucionistas,0.873774,8,234
18,60,3,Isolados,0.793527,4,233
18,65,0,Empiristas,0.874307,8,272
18,65,1,Incrementalistas,0.874307,8,273
18,65,2,Evolucionistas,0.874307,8,271
18,65,3,Isolados,0.793527,4,269
18,70,0,Empiristas,0.874307,8,311
18,70,1,Incrementalistas,0.874307,8,311
18,70,2,Evolucionistas,0.874307,8,309
18,70,3,Isolados,0.793527,4,307
18,75,0,Empiristas,0.898644,8,353
18,75,1,Incrementalistas,0.898644,8,353
18,75,2,Evolucionistas,0.898644,8,350
18,75,3,Isolados,0.793527,4,349
18,80,0,Empiristas,0.898644,8,399
18,80,1,Incrementalistas,0.898644,8,400
18,80,2,Evolucionistas,0.898644,8,398
18,80,3,Isolados,0.797837,4,398
18,85,0,Empiristas,0.899758,8,450
18,85,1,Incrementalistas,0.899758,9,452
18,85,2,Evolucionistas,0.899758,8,452
18,85,3,Isolados,0.883002,6,450
18,90,0,Empiristas,0.906588,8,494
18,90,1,Incrementalistas,0.899758,9,509
18,90,2,Evolucionistas,0.906588,8,508
18,90,3,Isolados,0.883002,6,507
18,95,0,Empiristas,0.906588,9,526
18,95,1,Incrementalistas,0.906588,9,573
18,95,2,Evolucionistas,0.906889,8,571
18,95,3,Isolados,0.883002,6,571
18,100,0,Empiristas,0.906588,10,561
18,100,1,Incrementalistas,0.928646,9,643
18,100,2,Evolucionistas,0.906889,8,639
18,100,3,Isolados,0.911545,6,641
18,105,0,Empiristas,0.913988,10,598
18,105,1,Incrementalistas,0.928646,9,720
18,105,2,Evolucionistas,0.928646,8,717
18,105,3,Isolados,0.911545,6,718
18,110,0,Empiristas,0.928646,10,642
18,110,1,Incrementalistas,0.928646,9,803
18,110,2,Evolucionistas,0.928646,9,801
18,110,3,Isolados,0.911545,4,801
18,115,0,Empiristas,0.929346,10,718
18,115,1,Incrementalistas,0.938937,9,897
18,115,2,Evolucionistas,0.929346,10,897
18,115,3,Isolados,0.911545,6,849
18,120,0,Empiristas,0.938937,10,822
18,120,1,Incrementalistas,0.938937,9,1001
18,120,2,Evolucionistas,0.938937,10,1000
18,120,3,Isolados,0.924843,6,901
18,125,0,Empiristas,0.938937,10,936
18,125,1,Incrementalistas,0.938937,9,1114
18,125,2,Evolucionistas,0.938937,10,1113
18,125,3,Isolados,0.928317,8,959
18,130,0,Empiristas,0.938937,10,1063
18,130,1,Incrementalistas,0.938937,9,1239
18,130,2,Evolucionistas,0.938937,10,1239
18,130,3,Isolados,0.928317,8,1022
18,135,0,Empiristas,0.938937,10,1202
18,135,1,Incrementalistas,0.938937,9,1379
18,135,2,Evolucionistas,0.938937,10,1378
18,135,3,Isolados,0.947295,8,1106
18,140,0,Empiristas,0.938937,10,1356
18,140,1,Incrementalistas,0.938937,10,1533
18,140,2,Evolucionistas,0.938937,10,1532
18,140,3,Isolados,0.947295,9,1260
18,145,0,Empiristas,0.938937,10,1526
18,145,1,Incrementalistas,0.938937,10,1703
18,145,2,Evolucionistas,0.938937,10,1701
18,145,3,Isolados,0.953527,9,1429
18,150,0,Empiristas,0.938937,10,1714
18,150,1,Incrementalistas,0.938937,10,1889
18,150,2,Evolucionistas,0.938937,10,1888
18,150,3,Isolados,0.953527,9,1615
18,155,0,Empiristas,0.938937,10,1922
18,155,1,Incrementalistas,0.938937,10,2096
18,155,2,Evolucionistas,0.938937,10,2095
18,155,3,Isolados,0.965586,9,1822
18,160,0,Empiristas,0.938937,10,2150
18,160,1,Incrementalistas,0.938937,10,2324
18,160,2,Evolucionistas,0.944146,10,2322
18,160,3,Isolados,0.965586,4,2050
18,165,0,Empiristas,0.954329,10,2404
18,165,1,Incrementalistas,0.938937,10,2577
18,165,2,Evolucionistas,0.954329,10,2574
18,165,3,Isolados,0.965586,7,2178
18,170,0,Empiristas,0.954329,10,2684
18,170,1,Incrementalistas,0.954329,10,2856
18,170,2,Evolucionistas,0.954329,10,2853
18,170,3,Isolados,0.965586,7,2316
18,175,0,Empiristas,0.954329,10,2991
18,175,1,Incrementalistas,0.954329,10,3163
18,175,2,Evolucionistas,0.954329,10,3162
18,175,3,Isolados,0.965586,7,2471
18,180,0,Empiristas,0.954329,10,3331
18,180,1,Incrementalistas,0.954329,10,3503
18,180,2,Evolucionistas,0.954329,10,3503
18,180,3,Isolados,0.965586,7,2641
18,185,0,Empiristas,0.954329,10,3706
18,185,1,Incrementalistas,0.954329,10,3878
18,185,2,Evolucionistas,0.954329,10,3879
18,185,3,Isolados,0.965586,8,2866
18,190,0,Empiristas,0.954329,10,4121
18,190,1,Incrementalistas,0.954329,10,4293
18,190,2,Evolucionistas,0.954329,10,4293
18,190,3,Isolados,0.965586,8,3279
18,195,0,Empiristas,0.954329,10,4578
18,195,1,Incrementalistas,0.954329,10,4611
18,195,2,Evolucionistas,0.954329,10,4750
18,195,3,Isolados,0.965586,8,3737
18,200,0,Empiristas,0.954329,10,5073
18,200,1,Incrementalistas,0.954329,10,4859
18,200,2,Evolucionistas,0.954329,10,5246
18,200,3,Isolados,0.965586,10,4232
18,205,0,Empiristas,0.954329,10,5573
18,205,1,Incrementalistas,0.954329,10,5109
18,205,2,Evolucionistas,0.954329,10,5746
18,205,3,Isolados,0.965586,10,4732
18,210,0,Empiristas,0.959315,10,6073
18,210,1,Incrementalistas,0.954329,10,5359
18,210,2,Evolucionistas,0.959315,10,6246
18,210,3,Isolados,0.965586,10,5232
18,215,0,Empiristas,0.959315,10,6573
18,215,1,Incrementalistas,0.959315,10,5609
18,215,2,Evolucionistas,0.959315,10,6746
18,215,3,Isolados,0.965586,10,5732
18,220,0,Empiristas,0.959315,10,6873
18,220,1,Incrementalistas,0.959315,10,6059
18,220,2,Evolucionistas,0.959315,10,7246
18,220,3,Isolados,0.965586,10,6232
18,225,0,Empiristas,0.959315,10,7123
18,225,1,Incrementalistas,0.959315,10,6559
18,225,2,Evolucionistas,0.959315,10,7746
18,225,3,Isolados,1,10,6732
18,230,0,Empiristas,0.959315,10,7373
18,230,1,Incrementalistas,0.959315,10,7059
18,230,2,Evolucionistas,0.959315,10,8246
18,230,3,Isolados,1,10,7232
18,235,0,Empiristas,0.959315,10,7623
18,235,1,Incrementalistas,0.959315,10,7559
18,235,2,Evolucionistas,0.959315,10,8746
18,235,3,Isolados,1,10,7732
18,240,0,Empiristas,0.959315,10,7873
18,240,1,Incrementalistas,0.959315,10,7859
18,240,2,Evolucionistas,0.959315,10,9246
18,240,3,Isolados,1,10,8232
18,245,0,Empiristas,0.959315,10,8373
18,245,1,Incrementalistas,0.959315,10,8109
18,245,2,Evolucionistas,0.959315,10,9746
18,245,3,Isolados,1,10,8732
18,250,0,Empiristas,0.959315,10,8873
18,250,1,Incrementalistas,0.959315,10,8359
18,250,2,Evolucionistas,0.959315,10,10246
18,250,3,Isolados,1,10,9232
18,255,0,Empiristas,0.959315,10,9373
18,255,1,Incrementalistas,0.959315,10,8609
18,255,2,Evolucionistas,0.959315,10,10746
18,255,3,Isolados,1,10,9732
18,260,0,Empiristas,0.959315,10,9873
18,260,1,Incrementalistas,0.959315,10,8859
18,260,2,Evolucionistas,0.959315,10,11246
18,260,3,Isolados,1,10,10232
18,265,0,Empiristas,0.959315,10,10373
18,265,1,Incrementalistas,0.959315,10,9359
18,265,2,Evolucionistas,0.959315,10,11746
18,265,3,Isolados,1,10,10732
18,270,0,Empiristas,0.959315,10,10873
18,270,1,Incrementalistas,0.959315,10,9859
18,270,2,Evolucionistas,0.959315,10,12246
18,270,3,Isolados,1,10,11232
18,275,0,Empiristas,0.959315,10,11373
18,275,1,Incrementalistas,0.959315,10,10359
18,275,2,Evolucionistas,0.959315,10,12746
18,275,3,Isolados,1,10,11732
18,280,0,Empiristas,0.959315,10,11873
18,280,1,Incrementalistas,0.959315,10,10859
18,280,2,Evolucionistas,0.959315,10,13246
18,280,3,Isolados,1,10,12182
18,285,0,Empiristas,0.959315,10,12373
18,285,1,Incrementalistas,0.959315,10,11359
18,285,2,Evolucionistas,0.959315,10,13746
18,285,3,Isolados,1,10,12432
18,290,0,Empiristas,0.959315,10,12873
18,290,1,Incrementalistas,0.959315,10,11859
18,290,2,Evolucionistas,0.959315,10,14246
18,290,3,Isolados,1,10,12682
18,295,0,Empiristas,0.959315,10,13373
18,295,1,Incrementalistas,0.959315,10,12359
18,295,2,Evolucionistas,0.959315,10,14746
18,295,3,Isolados,1,10,12932
18,300,0,Empiristas,0.959315,10,13873
18,300,1,Incrementalistas,0.959315,10,12859
18,300,2,Evolucionistas,0.959315,10,15246
18,300,3,Isolados,1,10,13182
19,0,0,Empiristas,0.610666,1,2
19,0,1,Incrementalistas,0.646131,1,2
19,0,2,Evolucionistas,0.573737,1,2
19,0,3,Isolados,0.593733,1,2
19,5,0,Empiristas,0.734732,2,14
19,5,1,Incrementalistas,0.734732,2,13
19,5,2,Evolucionistas,0.697236,2,14
19,5,3,Isolados,0.632145,1,12
19,10,0,Empiristas,0.734732,2,26
19,10,1,Incrementalistas,0.734732,2,24
19,10,2,Evolucionistas,0.734732,3,25
19,10,3,Isolados,0.632145,1,23
19,15,0,Empiristas,0.735763,2,37
19,15,1,Incrementalistas,0.923134,4,37
19,15,2,Evolucionistas,0.735763,3,40
19,15,3,Isolados,0.632145,1,36
19,20,0,Empiristas,0.923134,4,50
19,20,1,Incrementalistas,0.923134,4,52
19,20,2,Evolucionistas,0.830498,5,54
19,20,3,Isolados,0.626754,0,50
19,25,0,Empiristas,0.923134,6,65
19,25,1,Incrementalistas,0.923134,5,68
19,25,2,Evolucionistas,0.939918,5,70
19,25,3,Isolados,0.626754,1,56
19,30,0,Empiristas,0.923134,7,82
19,30,1,Incrementalistas,0.923134,6,86
19,30,2,Evolucionistas,0.939918,5,88
19,30,3,Isolados,0.626754,1,63
19,35,0,Empiristas,0.939918,7,102
19,35,1,Incrementalistas,0.923134,6,105
19,35,2,Evolucionistas,0.939918,7,108
19,35,3,Isolados,0.666286,2,73
19,40,0,Empiristas,0.939918,7,123
19,40,1,Incrementalistas,0.939918,7,127
19,40,2,Evolucionistas,0.939918,7,129
19,40,3,Isolados,0.666286,2,83
19,45,0,Empiristas,0.939918,7,148
19,45,1,Incrementalistas,0.939918,7,152
19,45,2,Evolucionistas,0.939918,7,153
19,45,3,Isolados,0.67527,2,98
19,50,0,Empiristas,0.939918,7,175
19,50,1,Incrementalistas,0.939918,7,178
19,50,2,Evolucionistas,0.939918,7,178
19,50,3,Isolados,0.745069,3,123
19,55,0,Empiristas,0.939918,7,203
19,55,1,Incrementalistas,0.939918,7,206
19,55,2,Evolucionistas,0.939918,7,206
19,55,3,Isolados,0.745069,4,152
19,60,0,Empiristas,0.946654,7,234
19,60,1,Incrementalistas,0.946654,7,238
19,60,2,Evolucionistas,0.946654,7,238
19,60,3,Isolados,0.745069,4,183
19,65,0,Empiristas,0.946654,7,268
19,65,1,Incrementalistas,0.946654,7,272
19,65,2,Evolucionistas,0.946654,7,273
19,65,3,Isolados,0.786816,4,219
19,70,0,Empiristas,0.946654,7,306
19,70,1,Incrementalistas,0.946654,7,310
19,70,2,Evolucionistas,0.957404,7,312
19,70,3,Isolados,0.786816,4,258
19,75,0,Empiristas,0.946654,7,348
19,75,1,Incrementalistas,0.957404,7,353
19,75,2,Evolucionistas,0.957404,7,355
19,75,3,Isolados,0.786816,5,299
19,80,0,Empiristas,0.946654,7,395
19,80,1,Incrementalistas,0.957404,7,401
19,80,2,Evolucionistas,0.957404,7,404
19,80,3,Isolados,0.786816,5,346
19,85,0,Empiristas,0.976647,7,446
19,85,1,Incrementalistas,0.957404,7,454
19,85,2,Evolucionistas,0.976647,7,455
19,85,3,Isolados,0.820141,5,398
19,90,0,Empiristas,0.976647,7,503
19,90,1,Incrementalistas,0.957404,7,512
19,90,2,Evolucionistas,0.976647,7,511
19,90,3,Isolados,0.849604,5,455
19,95,0,Empiristas,0.976647,7,566
19,95,1,Incrementalistas,0.98783,7,576
19,95,2,Evolucionistas,0.976647,7,574
19,95,3,Isolados,0.893776,5,518
19,100,0,Empiristas,0.98783,7,635
19,100,1,Incrementalistas,0.98783,7,647
19,100,2,Evolucionistas,0.98783,7,645
19,100,3,Isolados,0.904739,5,589
19,105,0,Empiristas,0.98783,8,713
19,105,1,Incrementalistas,0.98783,7,723
19,105,2,Evolucionistas,0.98783,8,722
19,105,3,Isolados,0.904739,5,667
19,110,0,Empiristas,0.98783,8,799
19,110,1,Incrementalistas,0.98783,7,807
19,110,2,Evolucionistas,0.98783,8,805
19,110,3,Isolados,0.927363,6,751
19,115,0,Empiristas,0.98783,8,893
19,115,1,Incrementalistas,0.98783,7,900
19,115,2,Evolucionistas,0.98783,8,900
19,115,3,Isolados,0.927407,7,845
19,120,0,Empiristas,0.98783,8,996
19,120,1,Incrementalistas,0.98783,7,1003
19,120,2,Evolucionistas,0.98783,8,1003
19,120,3,Isolados,0.933381,7,948
19,125,0,Empiristas,0.98783,8,1111
19,125,1,Incrementalistas,0.98783,7,1117
19,125,2,Evolucionistas,0.98783,8,1116
19,125,3,Isolados,0.959598,7,1061
19,130,0,Empiristas,0.98783,8,1235
19,130,1,Incrementalistas,0.98783,7,1243
19,130,2,Evolucionistas,0.98783,8,1242
19,130,3,Isolados,0.959598,7,1188
19,135,0,Empiristas,0.98783,9,1375
19,135,1,Incrementalistas,0.98783,8,1383
19,135,2,Evolucionistas,0.98783,8,1380
19,135,3,Isolados,0.965586,7,1326
19,140,0,Empiristas,0.98783,9,1530
19,140,1,Incrementalistas,0.98783,9,1536
19,140,2,Evolucionistas,0.98783,8,1532
19,140,3,Isolados,0.965586,7,1481
19,145,0,Empiristas,0.98783,9,1701
19,145,1,Incrementalistas,0.98783,9,1706
19,145,2,Evolucionistas,0.98783,8,1701
19,145,3,Isolados,0.965586,7,1651
19,150,0,Empiristas,0.98783,9,1888
19,150,1,Incrementalistas,0.98783,9,1894
19,150,2,Evolucionistas,0.98783,8,1888
19,150,3,Isolados,0.965586,8,1838
19,155,0,Empiristas,0.98783,9,2096
19,155,1,Incrementalistas,0.98783,9,2100
19,155,2,Evolucionistas,0.98783,8,2096
19,155,3,Isolados,0.965586,8,2045
19,160,0,Empiristas,0.98783,9,2323
19,160,1,Incrementalistas,0.98783,10,2330
19,160,2,Evolucionistas,0.98783,9,2325
19,160,3,Isolados,0.965586,8,2273
19,165,0,Empiristas,0.98783,9,2577
19,165,1,Incrementalistas,0.98783,10,2582
19,165,2,Evolucionistas,0.98783,9,2577
19,165,3,Isolados,0.965586,8,2525
19,170,0,Empiristas,0.98783,9,2856
19,170,1,Incrementalistas,0.98783,10,2859
19,170,2,Evolucionistas,0.98783,10,2854
19,170,3,Isolados,0.965586,8,2803
19,175,0,Empiristas,0.98783,9,3163
19,175,1,Incrementalistas,0.98783,10,3169
19,175,2,Evolucionistas,0.98783,10,3162
19,175,3,Isolados,0.965586,8,3112
19,180,0,Empiristas,0.98783,9,3502
19,180,1,Incrementalistas,0.98783,10,3508
19,180,2,Evolucionistas,0.98783,10,3502
19,180,3,Isolados,0.965586,8,3453
19,185,0,Empiristas,0.98783,10,3877
19,185,1,Incrementalistas,0.98783,10,3882
19,185,2,Evolucionistas,0.98783,10,3878
19,185,3,Isolados,0.965586,9,3827
19,190,0,Empiristas,0.98783,10,4291
19,190,1,Incrementalistas,0.98783,10,4296
19,190,2,Evolucionistas,0.98783,10,4292
19,190,3,Isolados,0.965586,9,4243
19,195,0,Empiristas,0.98783,10,4748
19,195,1,Incrementalistas,0.98783,10,4752
19,195,2,Evolucionistas,0.98783,10,4749
19,195,3,Isolados,0.965586,9,4703
19,200,0,Empiristas,0.98783,10,5244
19,200,1,Incrementalistas,0.98783,10,5248
19,200,2,Evolucionistas,0.98783,10,5244
19,200,3,Isolados,0.965586,9,5199
19,205,0,Empiristas,0.98783,10,5744
19,205,1,Incrementalistas,0.98783,10,5748
19,205,2,Evolucionistas,0.98783,10,5744
19,205,3,Isolados,0.965586,9,5699
19,210,0,Empiristas,0.98783,10,6244
19,210,1,Incrementalistas,0.98783,10,6248
19,210,2,Evolucionistas,0.98783,10,6244
19,210,3,Isolados,0.98602,9,6199
19,215,0,Empiristas,0.98783,10,6744
19,215,1,Incrementalistas,0.98783,10,6748
19,215,2,Evolucionistas,0.98783,10,6744
19,215,3,Isolados,0.98602,9,6699
19,220,0,Empiristas,0.98783,10,7244
19,220,1,Incrementalistas,0.98783,10,7248
19,220,2,Evolucionistas,0.98783,10,7244
19,220,3,Isolados,0.98602,9,7199
19,225,0,Empiristas,0.98783,10,7744
19,225,1,Incrementalistas,0.98783,10,7748
19,225,2,Evolucionistas,0.98783,10,7744
19,225,3,Isolados,0.98602,9,7699
19,230,0,Empiristas,0.98783,10,8244
19,230,1,Incrementalistas,0.98783,10,8248
19,230,2,Evolucionistas,0.98783,10,8244
19,230,3,Isolados,0.98602,9,8199
19,235,0,Empiristas,0.98783,10,8744
19,235,1,Incrementalistas,0.98783,10,8748
19,235,2,Evolucionistas,0.98783,10,8744
19,235,3,Isolados,0.98602,10,8699
19,240,0,Empiristas,0.98783,10,9244
19,240,1,Incrementalistas,0.98783,10,9248
19,240,2,Evolucionistas,0.98783,10,9244
19,240,3,Isolados,0.98602,10,9199
19,245,0,Empiristas,0.98783,10,9744
19,245,1,Incrementalistas,0.98783,10,9748
19,245,2,Evolucionistas,0.98783,10,9744
19,245,3,Isolados,0.98602,10,9699
19,250,0,Empiristas,0.98783,10,10244
19,250,1,Incrementalistas,0.98783,10,10248
19,250,2,Evolucionistas,0.98783,10,10244
19,250,3,Isolados,0.98602,10,10199
19,255,0,Empiristas,0.98783,10,10744
19,255,1,Incrementalistas,0.98783,10,10748
19,255,2,Evolucionistas,0.98783,10,10744
19,255,3,Isolados,0.98602,10,10699
19,260,0,Empiristas,0.98783,10,11244
19,260,1,Incrementalistas,0.98783,10,11248
19,260,2,Evolucionistas,0.98783,10,11244
19,260,3,Isolados,0.98783,10,11199
19,265,0,Empiristas,0.98783,10,11744
19,265,1,Incrementalistas,0.98783,10,11748
19,265,2,Evolucionistas,0.98783,10,11744
19,265,3,Isolados,0.98783,10,11699
19,270,0,Empiristas,0.98783,10,12244
19,270,1,Incrementalistas,0.98783,10,12248
19,270,2,Evolucionistas,0.98783,10,12244
19,270,3,Isolados,0.98783,10,12199
19,275,0,Empiristas,0.98783,10,12744
19,275,1,Incrementalistas,0.98783,10,12748
19,275,2,Evolucionistas,0.98783,10,12744
19,275,3,Isolados,0.98783,10,12699
19,280,0,Empiristas,0.98783,10,13244
19,280,1,Incrementalistas,0.98783,10,13248
19,280,2,Evolucionistas,0.98783,10,13244
19,280,3,Isolados,0.98783,10,13199
19,285,0,Empiristas,0.98783,10,13744
19,285,1,Incrementalistas,0.98783,10,13748
19,285,2,Evolucionistas,0.98783,10,13744
19,285,3,Isolados,0.98783,10,13699
19,290,0,Empiristas,0.98783,10,14244
19,290,1,Incrementalistas,0.98783,10,14248
19,290,2,Evolucionistas,0.98783,10,14244
19,290,3,Isolados,0.98783,10,14199
19,295,0,Empiristas,0.98783,10,14744
19,295,1,Incrementalistas,0.98783,10,14748
19,295,2,Evolucionistas,0.98783,10,14744
19,295,3,Isolados,0.98783,10,14699
19,300,0,Empiristas,0.98783,10,15244
19,300,1,Incrementalistas,0.98783,10,15248
19,300,2,Evolucionistas,0.98783,10,15244
19,300,3,Isolados,0.98783,10,15199
20,0,0,Empiristas,0.690668,1,2
20,0,1,Incrementalistas,0.54144,1,2
20,0,2,Evolucionistas,0.52847,1,2
20,0,3,Isolados,0.523724,1,2
20,5,0,Empiristas,0.778445,3,13
20,5,1,Incrementalistas,0.778445,3,13
20,5,2,Evolucionistas,0.564699,1,12
20,5,3,Isolados,0.697209,2,12
20,10,0,Empiristas,0.778445,3,25
20,10,1,Incrementalistas,0.778445,3,26
20,10,2,Evolucionistas,0.778445,3,18
20,10,3,Isolados,0.703348,2,23
20,15,0,Empiristas,0.778445,5,37
20,15,1,Incrementalistas,0.780853,3,39
20,15,2,Evolucionistas,0.778445,4,24
20,15,3,Isolados,0.725483,3,36
20,20,0,Empiristas,0.778445,5,51
20,20,1,Incrementalistas,0.779371,2,52
20,20,2,Evolucionistas,0.778445,5,31
20,20,3,Isolados,0.742243,3,51
20,25,0,Empiristas,0.779371,6,66
20,25,1,Incrementalistas,0.779371,4,59
20,25,2,Evolucionistas,0.779371,5,40
20,25,3,Isolados,0.742243,3,66
20,30,0,Empiristas,0.779371,6,84
20,30,1,Incrementalistas,0.780853,4,69
20,30,2,Evolucionistas,0.792487,5,52
20,30,3,Isolados,0.742243,3,82
20,35,0,Empiristas,0.779371,7,103
20,35,1,Incrementalistas,0.84562,5,79
20,35,2,Evolucionistas,0.798401,6,72
20,35,3,Isolados,0.749568,3,100
20,40,0,Empiristas,0.84562,7,123
20,40,1,Incrementalistas,0.84562,5,90
20,40,2,Evolucionistas,0.84562,7,95
20,40,3,Isolados,0.749902,3,121
20,45,0,Empiristas,0.866299,7,147
20,45,1,Incrementalistas,0.84562,6,107
20,45,2,Evolucionistas,0.866299,7,117
20,45,3,Isolados,0.828857,5,144
20,50,0,Empiristas,0.866299,7,174
20,50,1,Incrementalistas,0.906845,6,132
20,50,2,Evolucionistas,0.883718,8,143
20,50,3,Isolados,0.828857,5,170
20,55,0,Empiristas,0.888943,7,202
20,55,1,Incrementalistas,0.911358,6,161
20,55,2,Evolucionistas,0.883718,8,171
20,55,3,Isolados,0.828857,5,198
20,60,0,Empiristas,0.945902,7,233
20,60,1,Incrementalistas,0.945902,7,192
20,60,2,Evolucionistas,0.945902,8,202
20,60,3,Isolados,0.86471,5,230
20,65,0,Empiristas,0.945902,7,268
20,65,1,Incrementalistas,0.945902,7,228
20,65,2,Evolucionistas,0.945902,8,237
20,65,3,Isolados,0.86471,7,263
20,70,0,Empiristas,0.974186,7,307
20,70,1,Incrementalistas,0.974186,7,268
20,70,2,Evolucionistas,0.974186,8,276
20,70,3,Isolados,0.86471,7,301
20,75,0,Empiristas,0.974186,8,348
20,75,1,Incrementalistas,0.974186,7,311
20,75,2,Evolucionistas,0.98602,8,319
20,75,3,Isolados,0.872607,7,344
20,80,0,Empiristas,0.98602,8,395
20,80,1,Incrementalistas,0.98602,9,343
20,80,2,Evolucionistas,0.98602,8,366
20,80,3,Isolados,0.88308,7,390
20,85,0,Empiristas,0.98602,8,446
20,85,1,Incrementalistas,0.98602,9,370
20,85,2,Evolucionistas,0.98602,9,416
20,85,3,Isolados,0.88308,7,442
20,90,0,Empiristas,0.98602,8,504
20,90,1,Incrementalistas,0.98602,9,398
20,90,2,Evolucionistas,0.98602,9,473
20,90,3,Isolados,0.891252,7,499
20,95,0,Empiristas,0.98602,9,567
20,95,1,Incrementalistas,0.98602,9,428
20,95,2,Evolucionistas,0.98602,9,535
20,95,3,Isolados,0.891252,7,563
20,100,0,Empiristas,0.98783,9,636
20,100,1,Incrementalistas,0.98602,5,463
20,100,2,Evolucionistas,0.98783,9,606
20,100,3,Isolados,0.891252,7,632
20,105,0,Empiristas,0.98783,9,713
20,105,1,Incrementalistas,0.98783,9,502
20,105,2,Evolucionistas,0.98783,9,684
20,105,3,Isolados,0.89533,7,710
20,110,0,Empiristas,0.98783,9,796
20,110,1,Incrementalistas,0.98783,9,545
20,110,2,Evolucionistas,0.98783,9,769
20,110,3,Isolados,0.9343,7,796
20,115,0,Empiristas,0.98783,9,888
20,115,1,Incrementalistas,0.98783,9,592
20,115,2,Evolucionistas,0.98783,9,864
20,115,3,Isolados,0.9343,7,889
20,120,0,Empiristas,0.98783,9,992
20,120,1,Incrementalistas,0.98783,9,644
20,120,2,Evolucionistas,0.98783,9,968
20,120,3,Isolados,0.9343,7,950
20,125,0,Empiristas,0.98783,9,1105
20,125,1,Incrementalistas,0.98783,9,713
20,125,2,Evolucionistas,0.98783,9,1084
20,125,3,Isolados,0.9343,7,1008
20,130,0,Empiristas,0.98783,9,1231
20,130,1,Incrementalistas,0.98783,9,840
20,130,2,Evolucionistas,0.98783,9,1210
20,130,3,Isolados,0.9343,7,1072
20,135,0,Empiristas,0.98783,9,1370
20,135,1,Incrementalistas,0.98783,9,980
20,135,2,Evolucionistas,0.98783,9,1347
20,135,3,Isolados,0.9343,7,1142
20,140,0,Empiristas,0.98783,9,1524
20,140,1,Incrementalistas,0.98783,9,1134
20,140,2,Evolucionistas,0.98783,9,1500
20,140,3,Isolados,0.946241,7,1220
20,145,0,Empiristas,0.98783,9,1694
20,145,1,Incrementalistas,0.98783,9,1305
20,145,2,Evolucionistas,0.98783,9,1671
20,145,3,Isolados,0.946241,8,1389
20,150,0,Empiristas,0.98783,9,1882
20,150,1,Incrementalistas,0.98783,9,1493
20,150,2,Evolucionistas,0.98783,9,1858
20,150,3,Isolados,0.946241,8,1576
20,155,0,Empiristas,0.98783,9,2089
20,155,1,Incrementalistas,0.98783,9,1700
20,155,2,Evolucionistas,0.98783,9,2066
20,155,3,Isolados,0.952313,8,1784
20,160,0,Empiristas,0.98783,9,2317
20,160,1,Incrementalistas,0.98783,9,1928
20,160,2,Evolucionistas,0.98783,9,2294
20,160,3,Isolados,0.952313,8,2013
20,165,0,Empiristas,0.98783,9,2567
20,165,1,Incrementalistas,0.98783,10,2180
20,165,2,Evolucionistas,0.98783,9,2547
20,165,3,Isolados,0.963044,8,2266
20,170,0,Empiristas,0.98783,8,2816
20,170,1,Incrementalistas,0.98783,10,2458
20,170,2,Evolucionistas,0.98783,10,2826
20,170,3,Isolados,0.98602,8,2546
20,175,0,Empiristas,0.98783,8,2970
20,175,1,Incrementalistas,0.98783,10,2766
20,175,2,Evolucionistas,0.98783,10,3135
20,175,3,Isolados,0.98602,9,2854
20,180,0,Empiristas,0.98783,8,3139
20,180,1,Incrementalistas,0.98783,10,3104
20,180,2,Evolucionistas,0.98783,10,3473
20,180,3,Isolados,0.98602,9,3157
20,185,0,Empiristas,0.98783,9,3327
20,185,1,Incrementalistas,0.98783,10,3478
20,185,2,Evolucionistas,0.98783,10,3849
20,185,3,Isolados,0.98602,9,3344
20,190,0,Empiristas,0.98783,10,3536
20,190,1,Incrementalistas,0.98783,10,3892
20,190,2,Evolucionistas,0.98783,10,4262
20,190,3,Isolados,0.98602,9,3553
20,195,0,Empiristas,0.98783,8,3859
20,195,1,Incrementalistas,0.98783,10,4347
20,195,2,Evolucionistas,0.98783,10,4720
20,195,3,Isolados,0.98783,9,3782
20,200,0,Empiristas,0.98783,9,4107
20,200,1,Incrementalistas,0.98783,10,4843
20,200,2,Evolucionistas,0.98783,10,5216
20,200,3,Isolados,0.98783,9,4031
20,205,0,Empiristas,0.98783,9,4357
20,205,1,Incrementalistas,0.98783,10,5343
20,205,2,Evolucionistas,0.98783,10,5716
20,205,3,Isolados,0.98783,9,4381
20,210,0,Empiristas,0.98783,9,4607
20,210,1,Incrementalistas,0.98783,10,5843
20,210,2,Evolucionistas,0.98783,10,6216
20,210,3,Isolados,0.98783,9,4881
20,215,0,Empiristas,0.98783,9,4857
20,215,1,Incrementalistas,0.98783,10,6343
20,215,2,Evolucionistas,0.98783,10,6716
20,215,3,Isolados,0.98783,9,5381
20,220,0,Empiristas,0.98783,9,5157
20,220,1,Incrementalistas,0.98783,10,6843
20,220,2,Evolucionistas,0.98783,10,7216
20,220,3,Isolados,0.98783,9,5881
20,225,0,Empiristas,0.98783,9,5657
20,225,1,Incrementalistas,0.98783,10,7343
20,225,2,Evolucionistas,0.98783,10,7716
20,225,3,Isolados,0.98783,9,6381
20,230,0,Empiristas,0.98783,10,6157
20,230,1,Incrementalistas,0.98783,10,7843
20,230,2,Evolucionistas,0.98783,10,8216
20,230,3,Isolados,0.98783,9,6881
20,235,0,Empiristas,0.98783,10,6657
20,235,1,Incrementalistas,0.98783,10,8343
20,235,2,Evolucionistas,0.98783,10,8716
20,235,3,Isolados,0.98783,9,7381
20,240,0,Empiristas,0.98783,10,7157
20,240,1,Incrementalistas,0.98783,10,8843
20,240,2,Evolucionistas,0.98783,10,9216
20,240,3,Isolados,0.98783,9,7881
20,245,0,Empiristas,0.98783,10,7657
20,245,1,Incrementalistas,0.98783,10,9343
20,245,2,Evolucionistas,0.98783,10,9716
20,245,3,Isolados,0.98783,10,8381
20,250,0,Empiristas,0.98783,10,8157
20,250,1,Incrementalistas,0.98783,10,9843
20,250,2,Evolucionistas,0.98783,10,10216
20,250,3,Isolados,0.98783,10,8881
20,255,0,Empiristas,0.98783,10,8657
20,255,1,Incrementalistas,0.98783,10,10343
20,255,2,Evolucionistas,0.98783,10,10716
20,255,3,Isolados,0.98783,10,9381
20,260,0,Empiristas,0.98783,10,9157
20,260,1,Incrementalistas,0.98783,10,10843
20,260,2,Evolucionistas,0.98783,10,11216
20,260,3,Isolados,0.98783,10,9881
20,265,0,Empiristas,0.98783,10,9657
20,265,1,Incrementalistas,0.98783,10,11343
20,265,2,Evolucionistas,0.98783,10,11716
20,265,3,Isolados,0.98783,10,10381
20,270,0,Empiristas,0.98783,10,10157
20,270,1,Incrementalistas,0.98783,10,11843
20,270,2,Evolucionistas,0.98783,10,12216
20,270,3,Isolados,0.98783,10,10881
20,275,0,Empiristas,0.98783,10,10657
20,275,1,Incrementalistas,0.98783,10,12343
20,275,2,Evolucionistas,0.98602,4,12716
20,275,3,Isolados,0.98783,10,11381
20,280,0,Empiristas,0.98783,10,11157
20,280,1,Incrementalistas,0.98783,10,12843
20,280,2,Evolucionistas,0.98783,9,12966
20,280,3,Isolados,0.98783,10,11881
20,285,0,Empiristas,0.98783,10,11657
20,285,1,Incrementalistas,0.98783,10,13343
20,285,2,Evolucionistas,0.98783,10,13216
20,285,3,Isolados,0.98783,10,12381
20,290,0,Empiristas,0.98783,10,12157
20,290,1,Incrementalistas,0.98783,10,13843
20,290,2,Evolucionistas,0.98783,10,13466
20,290,3,Isolados,0.98783,10,12881
20,295,0,Empiristas,0.98783,10,12657
20,295,1,Incrementalistas,0.98783,10,14343
20,295,2,Evolucionistas,0.98783,10,13716
20,295,3,Isolados,0.98783,10,13381
20,300,0,Empiristas,0.98783,10,13157
20,300,1,Incrementalistas,0.98783,10,14843
20,300,2,Evolucionistas,0.98783,10,14016
20,300,3,Isolados,0.98783,10,13881
21,0,0,Empiristas,0.599838,1,2
21,0,1,Incrementalistas,0.628954,1,2
21,0,2,Evolucionistas,0.628954,1,2
21,0,3,Isolados,0.530797,1,2
21,5,0,Empiristas,0.667995,2,12
21,5,1,Incrementalistas,0.667995,2,14
21,5,2,Evolucionistas,0.628954,1,13
21,5,3,Isolados,0.584411,1,13
21,10,0,Empiristas,0.7477,4,22
21,10,1,Incrementalistas,0.706089,3,25
21,10,2,Evolucionistas,0.665378,2,25
21,10,3,Isolados,0.601259,1,24
21,15,0,Empiristas,0.79681,6,34
21,15,1,Incrementalistas,0.79681,4,40
21,15,2,Evolucionistas,0.79681,4,39
21,15,3,Isolados,0.601259,1,36
21,20,0,Empiristas,0.79681,7,48
21,20,1,Incrementalistas,0.79681,5,55
21,20,2,Evolucionistas,0.79681,4,53
21,20,3,Isolados,0.601614,2,50
21,25,0,Empiristas,0.79681,8,64
21,25,1,Incrementalistas,0.79681,6,70
21,25,2,Evolucionistas,0.79681,4,69
21,25,3,Isolados,0.601614,2,65
21,30,0,Empiristas,0.79681,8,83
21,30,1,Incrementalistas,0.79681,6,88
21,30,2,Evolucionistas,0.79681,5,85
21,30,3,Isolados,0.728709,2,84
21,35,0,Empiristas,0.818113,8,100
21,35,1,Incrementalistas,0.818113,7,106
21,35,2,Evolucionistas,0.818113,7,105
21,35,3,Isolados,0.728709,2,102
21,40,0,Empiristas,0.9157,10,121
21,40,1,Incrementalistas,0.92603,8,126
21,40,2,Evolucionistas,0.9157,8,126
21,40,3,Isolados,0.728709,3,122
21,45,0,Empiristas,0.92603,10,146
21,45,1,Incrementalistas,0.92603,10,149
21,45,2,Evolucionistas,0.92603,9,151
21,45,3,Isolados,0.812534,4,146
21,50,0,Empiristas,0.92603,10,172
21,50,1,Incrementalistas,0.92603,10,175
21,50,2,Evolucionistas,0.92603,9,176
21,50,3,Isolados,0.812534,4,171
21,55,0,Empiristas,0.92603,10,201
21,55,1,Incrementalistas,0.92603,10,204
21,55,2,Evolucionistas,0.92603,9,205
21,55,3,Isolados,0.812534,4,199
21,60,0,Empiristas,0.92603,10,232
21,60,1,Incrementalistas,0.958379,10,236
21,60,2,Evolucionistas,0.92603,9,236
21,60,3,Isolados,0.812534,4,230
21,65,0,Empiristas,0.92603,10,268
21,65,1,Incrementalistas,0.958379,10,272
21,65,2,Evolucionistas,0.92603,10,271
21,65,3,Isolados,0.822524,4,264
21,70,0,Empiristas,0.958379,10,307
21,70,1,Incrementalistas,0.958379,10,311
21,70,2,Evolucionistas,0.958379,10,310
21,70,3,Isolados,0.861642,6,301
21,75,0,Empiristas,0.958379,10,349
21,75,1,Incrementalistas,0.958379,10,352
21,75,2,Evolucionistas,0.958379,10,353
21,75,3,Isolados,0.872825,7,344
21,80,0,Empiristas,0.958379,10,396
21,80,1,Incrementalistas,0.961406,10,400
21,80,2,Evolucionistas,0.958379,10,399
21,80,3,Isolados,0.872825,7,391
21,85,0,Empiristas,0.961406,10,447
21,85,1,Incrementalistas,0.982376,10,453
21,85,2,Evolucionistas,0.982376,10,450
21,85,3,Isolados,0.881367,8,442
21,90,0,Empiristas,0.982376,10,504
21,90,1,Incrementalistas,0.982376,10,509
21,90,2,Evolucionistas,0.982376,10,507
21,90,3,Isolados,0.887754,8,499
21,95,0,Empiristas,0.982376,10,567
21,95,1,Incrementalistas,0.982376,10,572
21,95,2,Evolucionistas,0.982376,10,569
21,95,3,Isolados,0.902347,8,562
21,100,0,Empiristas,0.982376,10,636
21,100,1,Incrementalistas,0.985403,10,641
21,100,2,Evolucionistas,0.985403,10,638
21,100,3,Isolados,0.909883,8,633
21,105,0,Empiristas,0.985403,10,712
21,105,1,Incrementalistas,1,10,718
21,105,2,Evolucionistas,1,10,716
21,105,3,Isolados,0.940309,8,708
21,110,0,Empiristas,0.985403,10,797
21,110,1,Incrementalistas,1,10,802
21,110,2,Evolucionistas,1,10,800
21,110,3,Isolados,0.940309,8,791
21,115,0,Empiristas,1,10,892
21,115,1,Incrementalistas,1,10,895
21,115,2,Evolucionistas,1,10,893
21,115,3,Isolados,0.98783,8,886
21,120,0,Empiristas,1,10,996
21,120,1,Incrementalistas,1,10,998
21,120,2,Evolucionistas,1,10,996
21,120,3,Isolados,0.98783,8,991
21,125,0,Empiristas,1,10,1111
21,125,1,Incrementalistas,1,10,1111
21,125,2,Evolucionistas,1,10,1111
21,125,3,Isolados,0.98783,8,1106
21,130,0,Empiristas,1,10,1237
21,130,1,Incrementalistas,1,10,1236
21,130,2,Evolucionistas,1,10,1238
21,130,3,Isolados,0.98783,8,1233
21,135,0,Empiristas,1,10,1377
21,135,1,Incrementalistas,1,10,1375
21,135,2,Evolucionistas,1,10,1377
21,135,3,Isolados,0.98783,8,1372
21,140,0,Empiristas,1,10,1530
21,140,1,Incrementalistas,1,10,1528
21,140,2,Evolucionistas,1,10,1532
21,140,3,Isolados,0.98783,8,1527
21,145,0,Empiristas,1,10,1699
21,145,1,Incrementalistas,1,10,1697
21,145,2,Evolucionistas,1,10,1701
21,145,3,Isolados,0.98783,8,1697
21,150,0,Empiristas,1,10,1887
21,150,1,Incrementalistas,1,10,1884
21,150,2,Evolucionistas,1,10,1890
21,150,3,Isolados,0.98783,8,1883
21,155,0,Empiristas,1,10,2095
21,155,1,Incrementalistas,1,10,2091
21,155,2,Evolucionistas,1,10,2097
21,155,3,Isolados,0.98783,8,2091
21,160,0,Empiristas,1,10,2323
21,160,1,Incrementalistas,1,10,2319
21,160,2,Evolucionistas,1,10,2326
21,160,3,Isolados,0.98783,8,2320
21,165,0,Empiristas,1,10,2576
21,165,1,Incrementalistas,1,10,2571
21,165,2,Evolucionistas,1,10,2579
21,165,3,Isolados,0.98783,9,2571
21,170,0,Empiristas,1,10,2854
21,170,1,Incrementalistas,1,10,2849
21,170,2,Evolucionistas,1,10,2857
21,170,3,Isolados,0.98783,9,2850
21,175,0,Empiristas,1,10,3161
21,175,1,Incrementalistas,1,10,3156
21,175,2,Evolucionistas,1,10,3165
21,175,3,Isolados,0.98783,9,3158
21,180,0,Empiristas,1,10,3499
21,180,1,Incrementalistas,1,10,3495
21,180,2,Evolucionistas,1,10,3504
21,180,3,Isolados,0.98783,9,3497
21,185,0,Empiristas,1,10,3874
21,185,1,Incrementalistas,1,10,3869
21,185,2,Evolucionistas,1,10,3878
21,185,3,Isolados,0.98783,9,3872
21,190,0,Empiristas,1,10,4288
21,190,1,Incrementalistas,1,10,4282
21,190,2,Evolucionistas,1,10,4292
21,190,3,Isolados,0.98783,10,4286
21,195,0,Empiristas,1,10,4744
21,195,1,Incrementalistas,1,10,4739
21,195,2,Evolucionistas,1,10,4749
21,195,3,Isolados,0.98783,10,4743
21,200,0,Empiristas,1,10,5240
21,200,1,Incrementalistas,1,10,5235
21,200,2,Evolucionistas,1,10,5245
21,200,3,Isolados,0.98783,10,5239
21,205,0,Empiristas,1,10,5740
21,205,1,Incrementalistas,1,10,5735
21,205,2,Evolucionistas,1,10,5745
21,205,3,Isolados,0.98783,10,5739
21,210,0,Empiristas,1,10,6240
21,210,1,Incrementalistas,1,10,6235
21,210,2,Evolucionistas,1,10,6245
21,210,3,Isolados,0.98783,10,6239
21,215,0,Empiristas,1,10,6740
21,215,1,Incrementalistas,1,10,6735
21,215,2,Evolucionistas,1,10,6745
21,215,3,Isolados,0.98783,10,6739
21,220,0,Empiristas,1,10,7240
21,220,1,Incrementalistas,1,10,7235
21,220,2,Evolucionistas,1,10,7245
21,220,3,Isolados,0.98783,10,7239
21,225,0,Empiristas,1,10,7740
21,225,1,Incrementalistas,1,10,7735
21,225,2,Evolucionistas,1,10,7745
21,225,3,Isolados,0.98783,10,7739
21,230,0,Empiristas,1,10,8240
21,230,1,Incrementalistas,1,10,8235
21,230,2,Evolucionistas,1,10,8245
21,230,3,Isolados,0.98783,10,8239
21,235,0,Empiristas,1,10,8740
21,235,1,Incrementalistas,1,10,8735
21,235,2,Evolucionistas,1,10,8745
21,235,3,Isolados,0.98783,10,8739
21,240,0,Empiristas,1,10,9240
21,240,1,Incrementalistas,1,10,9235
21,240,2,Evolucionistas,1,10,9245
21,240,3,Isolados,0.98783,10,9239
21,245,0,Empiristas,1,10,9740
21,245,1,Incrementalistas,1,10,9735
21,245,2,Evolucionistas,1,10,9745
21,245,3,Isolados,0.98783,10,9739
21,250,0,Empiristas,1,10,10240
21,250,1,Incrementalistas,1,10,10235
21,250,2,Evolucionistas,1,8,10095
21,250,3,Isolados,0.98783,10,10239
21,255,0,Empiristas,1,10,10740
21,255,1,Incrementalistas,1,10,10735
21,255,2,Evolucionistas,1,9,10345
21,255,3,Isolados,0.98783,10,10739
21,260,0,Empiristas,1,10,11240
21,260,1,Incrementalistas,1,10,11235
21,260,2,Evolucionistas,1,9,10595
21,260,3,Isolados,0.98783,10,11239
21,265,0,Empiristas,1,10,11740
21,265,1,Incrementalistas,1,10,11735
21,265,2,Evolucionistas,1,9,10845
21,265,3,Isolados,0.98783,8,11639
21,270,0,Empiristas,1,10,12240
21,270,1,Incrementalistas,1,10,12235
21,270,2,Evolucionistas,1,9,11095
21,270,3,Isolados,0.98783,9,11889
21,275,0,Empiristas,1,10,12540
21,275,1,Incrementalistas,1,10,12735
21,275,2,Evolucionistas,1,9,11545
21,275,3,Isolados,0.98783,9,12139
21,280,0,Empiristas,1,10,12790
21,280,1,Incrementalistas,1,10,13235
21,280,2,Evolucionistas,1,9,12045
21,280,3,Isolados,0.98783,10,12389
21,285,0,Empiristas,1,10,13040
21,285,1,Incrementalistas,1,10,13735
21,285,2,Evolucionistas,1,10,12545
21,285,3,Isolados,0.98783,10,12639
21,290,0,Empiristas,1,10,13290
21,290,1,Incrementalistas,1,10,14235
21,290,2,Evolucionistas,1,10,13045
21,290,3,Isolados,0.98783,10,13039
21,295,0,Empiristas,1,10,13540
21,295,1,Incrementalistas,1,10,14735
21,295,2,Evolucionistas,1,10,13545
21,295,3,Isolados,0.98783,10,13539
21,300,0,Empiristas,1,10,14040
21,300,1,Incrementalistas,1,10,15235
21,300,2,Evolucionistas,1,10,14045
21,300,3,Isolados,0.98783,10,14039
22,0,0,Empiristas,0.615219,2,2
22,0,1,Incrementalistas,0.579121,2,2
22,0,2,Evolucionistas,0.648186,2,2
22,0,3,Isolados,0.461672,1,2
22,5,0,Empiristas,0.677209,5,13
22,5,1,Incrementalistas,0.845997,6,12
22,5,2,Evolucionistas,0.727742,4,13
22,5,3,Isolados,0.542046,1,12
22,10,0,Empiristas,0.769911,5,26
22,10,1,Incrementalistas,0.8775,8,23
22,10,2,Evolucionistas,0.727742,4,24
22,10,3,Isolados,0.662433,2,24
22,15,0,Empiristas,0.879472,6,41
22,15,1,Incrementalistas,0.879472,9,37
22,15,2,Evolucionistas,0.730526,6,38
22,15,3,Isolados,0.724822,3,37
22,20,0,Empiristas,0.879472,8,55
22,20,1,Incrementalistas,0.879472,10,51
22,20,2,Evolucionistas,0.879472,7,51
22,20,3,Isolados,0.799254,4,52
22,25,0,Empiristas,0.879472,8,71
22,25,1,Incrementalistas,0.896217,10,66
22,25,2,Evolucionistas,0.879472,7,67
22,25,3,Isolados,0.799254,4,67
22,30,0,Empiristas,0.896217,8,88
22,30,1,Incrementalistas,0.896217,10,82
22,30,2,Evolucionistas,0.896217,8,86
22,30,3,Isolados,0.799254,4,84
22,35,0,Empiristas,0.944146,9,108
22,35,1,Incrementalistas,0.954329,10,100
22,35,2,Evolucionistas,0.954329,9,106
22,35,3,Isolados,0.799254,5,104
22,40,0,Empiristas,0.954329,9,129
22,40,1,Incrementalistas,0.954329,10,121
22,40,2,Evolucionistas,0.954329,9,126
22,40,3,Isolados,0.804772,6,127
22,45,0,Empiristas,0.954329,10,151
22,45,1,Incrementalistas,0.954329,10,145
22,45,2,Evolucionistas,0.954329,10,149
22,45,3,Isolados,0.837623,9,151
22,50,0,Empiristas,0.954329,10,177
22,50,1,Incrementalistas,0.954329,10,171
22,50,2,Evolucionistas,0.954329,10,176
22,50,3,Isolados,0.837623,9,178
22,55,0,Empiristas,0.954329,10,206
22,55,1,Incrementalistas,0.954329,10,201
22,55,2,Evolucionistas,0.954329,10,204
22,55,3,Isolados,0.837623,10,206
22,60,0,Empiristas,0.954329,10,239
22,60,1,Incrementalistas,0.954329,10,232
22,60,2,Evolucionistas,0.954329,10,236
22,60,3,Isolados,0.865368,10,239
22,65,0,Empiristas,0.954329,10,273
22,65,1,Incrementalistas,0.954329,10,266
22,65,2,Evolucionistas,0.954329,10,271
22,65,3,Isolados,0.865368,10,274
22,70,0,Empiristas,0.954329,10,312
22,70,1,Incrementalistas,0.954329,10,306
22,70,2,Evolucionistas,0.954329,10,308
22,70,3,Isolados,0.966513,10,313
22,75,0,Empiristas,0.954329,10,354
22,75,1,Incrementalistas,0.954329,10,347
22,75,2,Evolucionistas,0.954329,10,352
22,75,3,Isolados,0.966513,10,355
22,80,0,Empiristas,0.954329,10,401
22,80,1,Incrementalistas,0.954329,10,393
22,80,2,Evolucionistas,0.954329,10,398
22,80,3,Isolados,0.966513,10,401
22,85,0,Empiristas,0.954329,10,452
22,85,1,Incrementalistas,0.954329,10,444
22,85,2,Evolucionistas,0.954329,10,451
22,85,3,Isolados,0.966513,10,453
22,90,0,Empiristas,0.954329,10,508
22,90,1,Incrementalistas,0.954329,10,501
22,90,2,Evolucionistas,0.954329,10,508
22,90,3,Isolados,0.966513,10,512
22,95,0,Empiristas,0.954329,10,571
22,95,1,Incrementalistas,0.954329,10,564
22,95,2,Evolucionistas,0.954329,10,571
22,95,3,Isolados,0.967455,10,575
22,100,0,Empiristas,0.954329,10,640
22,100,1,Incrementalistas,0.954329,10,633
22,100,2,Evolucionistas,0.954329,10,640
22,100,3,Isolados,0.967455,10,645
22,105,0,Empiristas,0.954329,10,717
22,105,1,Incrementalistas,0.954329,10,710
22,105,2,Evolucionistas,0.954329,10,717
22,105,3,Isolados,0.976973,10,722
22,110,0,Empiristas,0.954329,10,802
22,110,1,Incrementalistas,0.954329,10,797
22,110,2,Evolucionistas,0.954329,10,802
22,110,3,Isolados,0.976973,10,807
22,115,0,Empiristas,0.954329,10,895
22,115,1,Incrementalistas,0.954329,10,891
22,115,2,Evolucionistas,0.954329,10,896
22,115,3,Isolados,0.980526,10,901
22,120,0,Empiristas,0.954329,10,999
22,120,1,Incrementalistas,0.954329,10,996
22,120,2,Evolucionistas,0.954329,10,999
22,120,3,Isolados,0.980526,10,1003
22,125,0,Empiristas,0.954329,10,1114
22,125,1,Incrementalistas,0.954329,10,1111
22,125,2,Evolucionistas,0.954329,10,1111
22,125,3,Isolados,0.980526,10,1116
22,130,0,Empiristas,0.954329,10,1239
22,130,1,Incrementalistas,0.954329,10,1237
22,130,2,Evolucionistas,0.954329,10,1237
22,130,3,Isolados,0.980526,10,1241
22,135,0,Empiristas,0.954329,10,1379
22,135,1,Incrementalistas,0.954329,10,1375
22,135,2,Evolucionistas,0.954329,10,1377
22,135,3,Isolados,0.980526,10,1380
22,140,0,Empiristas,0.954329,10,1534
22,140,1,Incrementalistas,0.954329,10,1530
22,140,2,Evolucionistas,0.954329,10,1532
22,140,3,Isolados,0.980526,10,1533
22,145,0,Empiristas,0.954329,10,1702
22,145,1,Incrementalistas,0.954329,9,1665
22,145,2,Evolucionistas,0.954329,10,1702
22,145,3,Isolados,0.980526,10,1703
22,150,0,Empiristas,0.954329,10,1890
22,150,1,Incrementalistas,0.954329,10,1757
22,150,2,Evolucionistas,0.954329,10,1889
22,150,3,Isolados,0.980526,10,1891
22,155,0,Empiristas,0.971104,10,2097
22,155,1,Incrementalistas,0.976647,10,1861
22,155,2,Evolucionistas,0.957644,10,2097
22,155,3,Isolados,0.980526,10,2099
22,160,0,Empiristas,0.976647,10,2326
22,160,1,Incrementalistas,0.982287,10,1974
22,160,2,Evolucionistas,0.982287,10,2327
22,160,3,Isolados,0.980526,10,2328
22,165,0,Empiristas,0.98783,10,2579
22,165,1,Incrementalistas,0.982287,10,2101
22,165,2,Evolucionistas,0.98783,10,2579
22,165,3,Isolados,0.980526,10,2581
22,170,0,Empiristas,0.98783,10,2858
22,170,1,Incrementalistas,0.98783,10,2327
22,170,2,Evolucionistas,0.98783,10,2858
22,170,3,Isolados,0.980526,10,2859
22,175,0,Empiristas,0.98783,10,3165
22,175,1,Incrementalistas,0.98783,10,2635
22,175,2,Evolucionistas,0.98783,10,3165
22,175,3,Isolados,0.980526,10,3166
22,180,0,Empiristas,0.98783,10,3503
22,180,1,Incrementalistas,0.98783,10,2976
22,180,2,Evolucionistas,0.98783,10,3504
22,180,3,Isolados,0.980526,10,3506
22,185,0,Empiristas,0.98783,10,3878
22,185,1,Incrementalistas,0.98783,10,3351
22,185,2,Evolucionistas,0.98783,10,3879
22,185,3,Isolados,0.988807,10,3881
22,190,0,Empiristas,0.98783,10,4292
22,190,1,Incrementalistas,0.98783,10,3765
22,190,2,Evolucionistas,0.98783,10,4293
22,190,3,Isolados,1,10,4294
22,195,0,Empiristas,0.98783,10,4749
22,195,1,Incrementalistas,0.98783,10,4223
22,195,2,Evolucionistas,0.98783,10,4611
22,195,3,Isolados,1,10,4750
22,200,0,Empiristas,0.98783,10,5245
22,200,1,Incrementalistas,0.98783,10,4719
22,200,2,Evolucionistas,0.98783,10,4860
22,200,3,Isolados,1,10,5246
22,205,0,Empiristas,0.98783,10,5745
22,205,1,Incrementalistas,0.98783,10,5219
22,205,2,Evolucionistas,0.98783,10,5110
22,205,3,Isolados,1,10,5746
22,210,0,Empiristas,0.98783,10,6245
22,210,1,Incrementalistas,0.98783,10,5719
22,210,2,Evolucionistas,0.98783,9,5360
22,210,3,Isolados,1,10,6246
22,215,0,Empiristas,0.98783,10,6745
22,215,1,Incrementalistas,0.98783,10,6219
22,215,2,Evolucionistas,0.98783,10,5610
22,215,3,Isolados,1,10,6746
22,220,0,Empiristas,0.98783,10,7245
22,220,1,Incrementalistas,0.98783,10,6719
22,220,2,Evolucionistas,0.98783,10,5860
22,220,3,Isolados,1,10,7246
22,225,0,Empiristas,0.98783,10,7745
22,225,1,Incrementalistas,0.98783,10,7219
22,225,2,Evolucionistas,0.98783,10,6110
22,225,3,Isolados,1,10,7746
22,230,0,Empiristas,0.98783,10,8245
22,230,1,Incrementalistas,0.98783,10,7719
22,230,2,Evolucionistas,0.98783,10,6360
22,230,3,Isolados,1,10,8246
22,235,0,Empiristas,0.98783,10,8745
22,235,1,Incrementalistas,0.98783,10,8219
22,235,2,Evolucionistas,0.98783,10,6610
22,235,3,Isolados,1,10,8746
22,240,0,Empiristas,0.98783,10,9245
22,240,1,Incrementalistas,0.98783,10,8719
22,240,2,Evolucionistas,0.98783,10,6860
22,240,3,Isolados,1,10,9246
22,245,0,Empiristas,0.98783,10,9745
22,245,1,Incrementalistas,0.98783,10,9219
22,245,2,Evolucionistas,0.98783,10,7360
22,245,3,Isolados,1,10,9746
22,250,0,Empiristas,0.98783,10,10245
22,250,1,Incrementalistas,0.98783,10,9719
22,250,2,Evolucionistas,0.98783,10,7860
22,250,3,Isolados,1,10,10246
22,255,0,Empiristas,0.98783,10,10745
22,255,1,Incrementalistas,0.98783,10,10219
22,255,2,Evolucionistas,0.98783,10,8360
22,255,3,Isolados,1,10,10746
22,260,0,Empiristas,0.98783,10,11245
22,260,1,Incrementalistas,0.98783,10,10719
22,260,2,Evolucionistas,0.98783,10,8860
22,260,3,Isolados,1,10,11246
22,265,0,Empiristas,0.98783,10,11745
22,265,1,Incrementalistas,0.98783,10,11219
22,265,2,Evolucionistas,0.98783,10,9360
22,265,3,Isolados,1,10,11746
22,270,0,Empiristas,0.98783,10,12095
22,270,1,Incrementalistas,0.98783,10,11719
22,270,2,Evolucionistas,0.98783,10,9860
22,270,3,Isolados,1,10,12246
22,275,0,Empiristas,0.98783,10,12345
22,275,1,Incrementalistas,0.98783,10,12219
22,275,2,Evolucionistas,0.98783,10,10360
22,275,3,Isolados,1,10,12746
22,280,0,Empiristas,0.98783,10,12595
22,280,1,Incrementalistas,0.98783,10,12719
22,280,2,Evolucionistas,0.98783,10,10860
22,280,3,Isolados,1,10,13246
22,285,0,Empiristas,0.98783,10,12845
22,285,1,Incrementalistas,0.98783,10,13219
22,285,2,Evolucionistas,0.98783,10,11360
22,285,3,Isolados,1,10,13746
22,290,0,Empiristas,0.98783,10,13095
22,290,1,Incrementalistas,0.98783,10,13719
22,290,2,Evolucionistas,0.98783,10,11860
22,290,3,Isolados,1,10,14246
22,295,0,Empiristas,0.98783,10,13545
22,295,1,Incrementalistas,0.98783,10,14219
22,295,2,Evolucionistas,0.98783,10,12360
22,295,3,Isolados,1,10,14746
22,300,0,Empiristas,0.98783,10,14045
22,300,1,Incrementalistas,0.98783,10,14719
22,300,2,Evolucionistas,0.98783,10,12860
22,300,3,Isolados,1,10,15246
23,0,0,Empiristas,0.576528,1,2
23,0,1,Incrementalistas,0.72736,2,2
23,0,2,Evolucionistas,0.451115,1,2
23,0,3,Isolados,0.500698,1,2
23,5,0,Empiristas,0.624875,2,14
23,5,1,Incrementalistas,0.72736,2,13
23,5,2,Evolucionistas,0.7441,2,13
23,5,3,Isolados,0.591841,1,15
23,10,0,Empiristas,0.751298,4,26
23,10,1,Incrementalistas,0.77621,3,26
23,10,2,Evolucionistas,0.751298,3,24
23,10,3,Isolados,0.63155,2,27
23,15,0,Empiristas,0.785964,5,38
23,15,1,Incrementalistas,0.785964,6,37
23,15,2,Evolucionistas,0.785964,3,35
23,15,3,Isolados,0.689898,3,40
23,20,0,Empiristas,0.785964,5,53
23,20,1,Incrementalistas,0.800996,7,52
23,20,2,Evolucionistas,0.844217,4,50
23,20,3,Isolados,0.689898,4,55
23,25,0,Empiristas,0.844217,6,68
23,25,1,Incrementalistas,0.800996,7,68
23,25,2,Evolucionistas,0.844217,5,65
23,25,3,Isolados,0.689898,4,70
23,30,0,Empiristas,0.844217,6,84
23,30,1,Incrementalistas,0.844217,7,85
23,30,2,Evolucionistas,0.844217,5,82
23,30,3,Isolados,0.718879,4,86
23,35,0,Empiristas,0.844217,7,102
23,35,1,Incrementalistas,0.844217,8,104
23,35,2,Evolucionistas,0.844217,6,99
23,35,3,Isolados,0.730653,5,104
23,40,0,Empiristas,0.844217,7,123
23,40,1,Incrementalistas,0.865414,8,126
23,40,2,Evolucionistas,0.844217,7,122
23,40,3,Isolados,0.734876,5,126
23,45,0,Empiristas,0.865414,7,148
23,45,1,Incrementalistas,0.865414,8,147
23,45,2,Evolucionistas,0.844217,7,146
23,45,3,Isolados,0.734876,5,147
23,50,0,Empiristas,0.865414,8,174
23,50,1,Incrementalistas,0.901076,8,172
23,50,2,Evolucionistas,0.901076,7,172
23,50,3,Isolados,0.738576,5,172
23,55,0,Empiristas,0.901076,8,204
23,55,1,Incrementalistas,0.901076,8,200
23,55,2,Evolucionistas,0.901076,7,200
23,55,3,Isolados,0.823628,6,200
23,60,0,Empiristas,0.901076,8,236
23,60,1,Incrementalistas,0.901076,8,231
23,60,2,Evolucionistas,0.901076,7,232
23,60,3,Isolados,0.878983,7,232
23,65,0,Empiristas,0.901076,8,270
23,65,1,Incrementalistas,0.901076,8,266
23,65,2,Evolucionistas,0.901076,7,265
23,65,3,Isolados,0.878983,7,267
23,70,0,Empiristas,0.901076,8,308
23,70,1,Incrementalistas,0.912596,8,304
23,70,2,Evolucionistas,0.912596,7,304
23,70,3,Isolados,0.892254,7,305
23,75,0,Empiristas,0.938604,8,351
23,75,1,Incrementalistas,0.938604,8,349
23,75,2,Evolucionistas,0.938604,7,346
23,75,3,Isolados,0.892254,7,348
23,80,0,Empiristas,0.938604,8,399
23,80,1,Incrementalistas,0.938604,8,396
23,80,2,Evolucionistas,0.938604,8,392
23,80,3,Isolados,0.904069,7,394
23,85,0,Empiristas,0.938604,8,451
23,85,1,Incrementalistas,0.938604,8,448
23,85,2,Evolucionistas,0.938604,8,442
23,85,3,Isolados,0.904069,7,446
23,90,0,Empiristas,0.959598,8,507
23,90,1,Incrementalistas,0.959598,8,506
23,90,2,Evolucionistas,0.959598,6,492
23,90,3,Isolados,0.9081,7,502
23,95,0,Empiristas,0.959598,8,571
23,95,1,Incrementalistas,0.959598,8,570
23,95,2,Evolucionistas,0.959598,7,526
23,95,3,Isolados,0.913037,7,565
23,100,0,Empiristas,0.959598,8,640
23,100,1,Incrementalistas,0.959598,8,639
23,100,2,Evolucionistas,0.959598,7,560
23,100,3,Isolados,0.919163,7,634
23,105,0,Empiristas,0.959598,8,716
23,105,1,Incrementalistas,0.959598,8,717
23,105,2,Evolucionistas,0.959598,7,600
23,105,3,Isolados,0.923453,7,710
23,110,0,Empiristas,0.959598,8,801
23,110,1,Incrementalistas,0.959598,9,802
23,110,2,Evolucionistas,0.959598,7,642
23,110,3,Isolados,0.923453,7,795
23,115,0,Empiristas,0.979893,8,896
23,115,1,Incrementalistas,0.979893,9,895
23,115,2,Evolucionistas,0.968917,8,709
23,115,3,Isolados,0.937942,8,889
23,120,0,Empiristas,0.979893,8,998
23,120,1,Incrementalistas,0.98783,9,999
23,120,2,Evolucionistas,0.979893,8,813
23,120,3,Isolados,0.945902,8,991
23,125,0,Empiristas,0.979893,8,1112
23,125,1,Incrementalistas,0.98783,9,1114
23,125,2,Evolucionistas,0.98602,8,927
23,125,3,Isolados,0.968059,8,1106
23,130,0,Empiristas,0.98783,8,1239
23,130,1,Incrementalistas,0.98783,10,1242
23,130,2,Evolucionistas,0.98783,8,1053
23,130,3,Isolados,0.98602,8,1231
23,135,0,Empiristas,0.98783,8,1377
23,135,1,Incrementalistas,0.98783,10,1381
23,135,2,Evolucionistas,0.98783,8,1192
23,135,3,Isolados,0.98602,8,1370
23,140,0,Empiristas,0.98783,10,1530
23,140,1,Incrementalistas,0.98783,10,1535
23,140,2,Evolucionistas,0.98783,8,1347
23,140,3,Isolados,0.98602,8,1523
23,145,0,Empiristas,0.98783,10,1699
23,145,1,Incrementalistas,0.98783,10,1706
23,145,2,Evolucionistas,0.98783,8,1516
23,145,3,Isolados,0.98602,8,1693
23,150,0,Empiristas,0.98783,10,1886
23,150,1,Incrementalistas,0.98783,10,1894
23,150,2,Evolucionistas,0.98783,8,1705
23,150,3,Isolados,0.98602,8,1880
23,155,0,Empiristas,0.98783,10,2092
23,155,1,Incrementalistas,0.98783,10,2101
23,155,2,Evolucionistas,0.98783,9,1913
23,155,3,Isolados,0.98602,8,2089
23,160,0,Empiristas,0.98783,10,2321
23,160,1,Incrementalistas,0.98783,10,2329
23,160,2,Evolucionistas,0.98783,9,2141
23,160,3,Isolados,0.98602,8,2318
23,165,0,Empiristas,0.98783,10,2573
23,165,1,Incrementalistas,0.98783,10,2581
23,165,2,Evolucionistas,0.98783,9,2393
23,165,3,Isolados,0.98602,8,2570
23,170,0,Empiristas,0.98783,10,2853
23,170,1,Incrementalistas,0.98783,10,2860
23,170,2,Evolucionistas,0.98783,9,2671
23,170,3,Isolados,0.98602,8,2849
23,175,0,Empiristas,0.98783,10,3161
23,175,1,Incrementalistas,0.98783,10,3168
23,175,2,Evolucionistas,0.98783,9,2980
23,175,3,Isolados,0.98602,8,3158
23,180,0,Empiristas,0.98783,10,3500
23,180,1,Incrementalistas,0.98783,9,3474
23,180,2,Evolucionistas,0.98783,9,3319
23,180,3,Isolados,0.98783,10,3499
23,185,0,Empiristas,0.98783,10,3875
23,185,1,Incrementalistas,0.98783,10,3661
23,185,2,Evolucionistas,0.98783,9,3694
23,185,3,Isolados,0.98783,10,3874
23,190,0,Empiristas,0.98783,10,4289
23,190,1,Incrementalistas,0.98783,10,3869
23,190,2,Evolucionistas,0.98783,9,4109
23,190,3,Isolados,0.98783,10,4287
23,195,0,Empiristas,0.98783,10,4747
23,195,1,Incrementalistas,0.98783,10,4098
23,195,2,Evolucionistas,0.98783,10,4565
23,195,3,Isolados,0.98783,10,4745
23,200,0,Empiristas,0.98783,10,5242
23,200,1,Incrementalistas,0.98783,10,4345
23,200,2,Evolucionistas,0.98783,10,5061
23,200,3,Isolados,0.98783,10,5241
23,205,0,Empiristas,0.98783,10,5742
23,205,1,Incrementalistas,0.98783,10,4695
23,205,2,Evolucionistas,0.98783,10,5561
23,205,3,Isolados,0.98783,10,5741
23,210,0,Empiristas,0.98783,10,6242
23,210,1,Incrementalistas,0.98783,10,5195
23,210,2,Evolucionistas,0.98783,10,6061
23,210,3,Isolados,0.98783,10,6241
23,215,0,Empiristas,0.98783,10,6742
23,215,1,Incrementalistas,0.98783,10,5695
23,215,2,Evolucionistas,0.98783,10,6561
23,215,3,Isolados,0.98783,10,6741
23,220,0,Empiristas,0.98783,10,7242
23,220,1,Incrementalistas,0.98783,10,6195
23,220,2,Evolucionistas,0.98783,10,7061
23,220,3,Isolados,0.98783,10,7241
23,225,0,Empiristas,0.98783,10,7742
23,225,1,Incrementalistas,0.98783,10,6695
23,225,2,Evolucionistas,0.98783,10,7561
23,225,3,Isolados,0.98783,10,7741
23,230,0,Empiristas,0.98783,10,8242
23,230,1,Incrementalistas,0.98783,10,7195
23,230,2,Evolucionistas,0.98783,10,8061
23,230,3,Isolados,0.98783,10,8241
23,235,0,Empiristas,0.98783,10,8742
23,235,1,Incrementalistas,0.98783,10,7695
23,235,2,Evolucionistas,0.98783,10,8561
23,235,3,Isolados,0.98783,10,8741
23,240,0,Empiristas,0.98783,10,9242
23,240,1,Incrementalistas,0.98783,10,8195
23,240,2,Evolucionistas,0.98783,10,9061
23,240,3,Isolados,0.98783,10,9241
23,245,0,Empiristas,0.98783,10,9742
23,245,1,Incrementalistas,0.98783,10,8695
23,245,2,Evolucionistas,0.98783,10,9561
23,245,3,Isolados,0.98783,10,9741
23,250,0,Empiristas,0.98783,10,10242
23,250,1,Incrementalistas,0.98783,10,9195
23,250,2,Evolucionistas,0.98783,10,10061
23,250,3,Isolados,0.98783,10,10241
23,255,0,Empiristas,0.98783,10,10742
23,255,1,Incrementalistas,0.98783,10,9695
23,255,2,Evolucionistas,0.98783,10,10561
23,255,3,Isolados,0.98783,10,10741
23,260,0,Empiristas,0.98783,10,11242
23,260,1,Incrementalistas,0.98783,10,10195
23,260,2,Evolucionistas,0.98783,10,11061
23,260,3,Isolados,0.98783,10,11241
23,265,0,Empiristas,0.98783,10,11742
23,265,1,Incrementalistas,0.98783,10,10695
23,265,2,Evolucionistas,0.98783,8,11511
23,265,3,Isolados,0.98783,10,11741
23,270,0,Empiristas,0.98783,10,12242
23,270,1,Incrementalistas,0.98783,10,11195
23,270,2,Evolucionistas,0.98783,9,11761
23,270,3,Isolados,0.98783,10,12241
23,275,0,Empiristas,0.98783,10,12742
23,275,1,Incrementalistas,0.98783,10,11695
23,275,2,Evolucionistas,0.98783,10,12011
23,275,3,Isolados,0.98783,10,12741
23,280,0,Empiristas,0.98783,10,13242
23,280,1,Incrementalistas,0.98783,10,12195
23,280,2,Evolucionistas,0.98783,10,12261
23,280,3,Isolados,0.98783,10,13241
23,285,0,Empiristas,0.98783,10,13742
23,285,1,Incrementalistas,0.98783,10,12695
23,285,2,Evolucionistas,0.98783,10,12511
23,285,3,Isolados,0.98783,10,13741
23,290,0,Empiristas,1,10,14242
23,290,1,Incrementalistas,1,10,13045
23,290,2,Evolucionistas,1,10,12861
23,290,3,Isolados,0.98783,10,14241
23,295,0,Empiristas,1,10,14742
23,295,1,Incrementalistas,1,10,13295
23,295,2,Evolucionistas,1,10,13361
23,295,3,Isolados,0.98783,10,14741
23,300,0,Empiristas,1,10,15242
23,300,1,Incrementalistas,1,10,13545
23,300,2,Evolucionistas,1,10,13861
23,300,3,Isolados,0.98783,10,15241
24,0,0,Empiristas,0.638714,2,2
24,0,1,Incrementalistas,0.628826,1,2
24,0,2,Evolucionistas,0.628826,1,2
24,0,3,Isolados,0.620434,1,2
24,5,0,Empiristas,0.676326,2,15
24,5,1,Incrementalistas,0.6961,2,14
24,5,2,Evolucionistas,0.707986,2,12
24,5,3,Isolados,0.667005,1,13
24,10,0,Empiristas,0.707986,2,29
24,10,1,Incrementalistas,0.797188,4,25
24,10,2,Evolucionistas,0.707986,2,24
24,10,3,Isolados,0.691398,1,24
24,15,0,Empiristas,0.797188,3,41
24,15,1,Incrementalistas,0.797188,4,38
24,15,2,Evolucionistas,0.707986,2,37
24,15,3,Isolados,0.691398,1,36
24,20,0,Empiristas,0.797188,3,55
24,20,1,Incrementalistas,0.797188,4,53
24,20,2,Evolucionistas,0.797188,3,52
24,20,3,Isolados,0.691398,1,51
24,25,0,Empiristas,0.830552,4,72
24,25,1,Incrementalistas,0.830552,4,69
24,25,2,Evolucionistas,0.797188,3,68
24,25,3,Isolados,0.691398,2,66
24,30,0,Empiristas,0.830552,6,90
24,30,1,Incrementalistas,0.830552,4,86
24,30,2,Evolucionistas,0.86033,4,86
24,30,3,Isolados,0.691398,2,82
24,35,0,Empiristas,0.86033,6,109
24,35,1,Incrementalistas,0.86033,5,104
24,35,2,Evolucionistas,0.86033,7,106
24,35,3,Isolados,0.691398,2,102
24,40,0,Empiristas,0.86033,7,129
24,40,1,Incrementalistas,0.86033,6,125
24,40,2,Evolucionistas,0.86033,7,127
24,40,3,Isolados,0.691398,3,124
24,45,0,Empiristas,0.86033,7,153
24,45,1,Incrementalistas,0.86033,6,148
24,45,2,Evolucionistas,0.86033,7,149
24,45,3,Isolados,0.691398,3,146
24,50,0,Empiristas,0.872539,8,180
24,50,1,Incrementalistas,0.862878,6,174
24,50,2,Evolucionistas,0.86033,7,174
24,50,3,Isolados,0.691398,3,173
24,55,0,Empiristas,0.872539,8,208
24,55,1,Incrementalistas,0.872539,7,204
24,55,2,Evolucionistas,0.872539,8,204
24,55,3,Isolados,0.691398,2,196
24,60,0,Empiristas,0.872539,6,242
24,60,1,Incrementalistas,0.872539,8,236
24,60,2,Evolucionistas,0.897761,8,235
24,60,3,Isolados,0.691398,3,211
24,65,0,Empiristas,0.897761,9,261
24,65,1,Incrementalistas,0.862878,2,270
24,65,2,Evolucionistas,0.897761,8,270
24,65,3,Isolados,0.691398,3,228
24,70,0,Empiristas,0.897761,9,281
24,70,1,Incrementalistas,0.897761,6,289
24,70,2,Evolucionistas,0.897761,8,309
24,70,3,Isolados,0.691398,3,247
24,75,0,Empiristas,0.897761,9,302
24,75,1,Incrementalistas,0.897761,6,310
24,75,2,Evolucionistas,0.897761,8,352
24,75,3,Isolados,0.724637,3,268
24,80,0,Empiristas,0.897761,9,324
24,80,1,Incrementalistas,0.897761,6,335
24,80,2,Evolucionistas,0.897761,8,398
24,80,3,Isolados,0.724637,4,306
24,85,0,Empiristas,0.906334,9,354
24,85,1,Incrementalistas,0.906334,8,361
24,85,2,Evolucionistas,0.906334,9,449
24,85,3,Isolados,0.724637,4,358
24,90,0,Empiristas,0.90895,9,411
24,90,1,Incrementalistas,0.90895,8,396
24,90,2,Evolucionistas,0.943994,9,506
24,90,3,Isolados,0.745,4,403
24,95,0,Empiristas,0.943994,9,474
24,95,1,Incrementalistas,0.90895,8,459
24,95,2,Evolucionistas,0.943994,9,571
24,95,3,Isolados,0.745388,4,434
24,100,0,Empiristas,0.943994,10,543
24,100,1,Incrementalistas,0.943994,9,528
24,100,2,Evolucionistas,0.943994,9,641
24,100,3,Isolados,0.773248,6,469
24,105,0,Empiristas,0.943994,10,620
24,105,1,Incrementalistas,0.943994,9,606
24,105,2,Evolucionistas,0.947427,9,718
24,105,3,Isolados,0.773248,7,506
24,110,0,Empiristas,0.943994,10,706
24,110,1,Incrementalistas,0.947427,9,691
24,110,2,Evolucionistas,0.947427,9,802
24,110,3,Isolados,0.773248,7,547
24,115,0,Empiristas,0.947427,10,800
24,115,1,Incrementalistas,0.947427,9,784
24,115,2,Evolucionistas,0.947427,9,897
24,115,3,Isolados,0.830731,9,622
24,120,0,Empiristas,0.947427,10,903
24,120,1,Incrementalistas,0.959315,10,888
24,120,2,Evolucionistas,0.959315,9,1000
24,120,3,Isolados,0.92565,10,725
24,125,0,Empiristas,0.959315,10,1017
24,125,1,Incrementalistas,0.959315,10,1003
24,125,2,Evolucionistas,0.959315,9,1115
24,125,3,Isolados,0.938933,10,839
24,130,0,Empiristas,0.959315,10,1143
24,130,1,Incrementalistas,0.959315,10,1129
24,130,2,Evolucionistas,0.959315,9,1242
24,130,3,Isolados,0.938933,10,965
24,135,0,Empiristas,0.959315,10,1283
24,135,1,Incrementalistas,0.959315,10,1268
24,135,2,Evolucionistas,0.959315,9,1382
24,135,3,Isolados,0.954179,10,1104
24,140,0,Empiristas,0.959315,10,1436
24,140,1,Incrementalistas,0.959315,10,1423
24,140,2,Evolucionistas,0.959315,9,1537
24,140,3,Isolados,0.98602,10,1258
24,145,0,Empiristas,0.959315,10,1605
24,145,1,Incrementalistas,0.959315,10,1593
24,145,2,Evolucionistas,0.959315,9,1707
24,145,3,Isolados,0.98602,10,1428
24,150,0,Empiristas,0.959315,10,1793
24,150,1,Incrementalistas,0.959315,10,1781
24,150,2,Evolucionistas,0.959315,9,1895
24,150,3,Isolados,0.98783,10,1616
24,155,0,Empiristas,0.959315,10,2000
24,155,1,Incrementalistas,0.959315,10,1988
24,155,2,Evolucionistas,0.959315,9,2101
24,155,3,Isolados,0.98783,10,1822
24,160,0,Empiristas,0.959315,10,2229
24,160,1,Incrementalistas,0.959315,10,2217
24,160,2,Evolucionistas,0.959315,9,2329
24,160,3,Isolados,0.98783,7,2004
24,165,0,Empiristas,0.959315,10,2481
24,165,1,Incrementalistas,0.959315,10,2469
24,165,2,Evolucionistas,0.959315,9,2581
24,165,3,Isolados,0.98783,8,2131
24,170,0,Empiristas,0.959315,10,2758
24,170,1,Incrementalistas,0.959315,10,2747
24,170,2,Evolucionistas,0.959315,9,2861
24,170,3,Isolados,0.98783,9,2270
24,175,0,Empiristas,0.959315,10,3067
24,175,1,Incrementalistas,0.959315,10,3055
24,175,2,Evolucionistas,0.959315,10,3169
24,175,3,Isolados,0.98783,9,2423
24,180,0,Empiristas,0.959315,10,3407
24,180,1,Incrementalistas,0.959315,10,3395
24,180,2,Evolucionistas,0.959315,10,3507
24,180,3,Isolados,0.98783,9,2592
24,185,0,Empiristas,0.959315,10,3781
24,185,1,Incrementalistas,0.959315,10,3730
24,185,2,Evolucionistas,0.959315,10,3882
24,185,3,Isolados,0.98783,9,2894
24,190,0,Empiristas,0.959315,10,4194
24,190,1,Incrementalistas,0.959315,10,3937
24,190,2,Evolucionistas,0.959315,10,4296
24,190,3,Isolados,0.98783,10,3309
24,195,0,Empiristas,0.959315,10,4653
24,195,1,Incrementalistas,0.959315,10,4165
24,195,2,Evolucionistas,0.959315,9,4613
24,195,3,Isolados,0.98783,10,3767
24,200,0,Empiristas,0.959315,10,5149
24,200,1,Incrementalistas,0.959315,10,4413
24,200,2,Evolucionistas,0.959315,10,4860
24,200,3,Isolados,0.98783,10,4263
24,205,0,Empiristas,0.959315,10,5649
24,205,1,Incrementalistas,0.959315,10,4663
24,205,2,Evolucionistas,0.959315,10,5110
24,205,3,Isolados,0.98783,10,4763
24,210,0,Empiristas,0.959315,10,6149
24,210,1,Incrementalistas,0.959315,10,5013
24,210,2,Evolucionistas,0.959315,10,5360
24,210,3,Isolados,0.98783,10,5263
24,215,0,Empiristas,0.959315,10,6649
24,215,1,Incrementalistas,0.959315,10,5513
24,215,2,Evolucionistas,0.959315,10,5610
24,215,3,Isolados,0.98783,10,5763
24,220,0,Empiristas,0.959315,10,7149
24,220,1,Incrementalistas,0.959315,10,6013
24,220,2,Evolucionistas,0.959315,10,6060
24,220,3,Isolados,0.98783,10,6263
24,225,0,Empiristas,0.959315,10,7649
24,225,1,Incrementalistas,0.959315,10,6513
24,225,2,Evolucionistas,0.959315,10,6560
24,225,3,Isolados,0.98783,10,6763
24,230,0,Empiristas,0.959315,10,8149
24,230,1,Incrementalistas,0.959315,10,7013
24,230,2,Evolucionistas,0.959315,10,7060
24,230,3,Isolados,0.98783,10,7263
24,235,0,Empiristas,0.959315,10,8649
24,235,1,Incrementalistas,0.959315,10,7513
24,235,2,Evolucionistas,0.959315,10,7560
24,235,3,Isolados,0.98783,10,7763
24,240,0,Empiristas,0.959315,10,9149
24,240,1,Incrementalistas,0.959315,10,8013
24,240,2,Evolucionistas,0.959315,10,8060
24,240,3,Isolados,0.98783,10,8263
24,245,0,Empiristas,0.959315,10,9649
24,245,1,Incrementalistas,0.959315,10,8513
24,245,2,Evolucionistas,0.959315,10,8560
24,245,3,Isolados,0.98783,10,8763
24,250,0,Empiristas,0.959315,10,10149
24,250,1,Incrementalistas,0.959315,10,9013
24,250,2,Evolucionistas,0.959315,10,9060
24,250,3,Isolados,0.98783,10,9263
24,255,0,Empiristas,0.963504,10,10649
24,255,1,Incrementalistas,0.959315,10,9513
24,255,2,Evolucionistas,0.959315,10,9560
24,255,3,Isolados,0.98783,10,9763
24,260,0,Empiristas,0.963504,10,11149
24,260,1,Incrementalistas,0.963504,10,10013
24,260,2,Evolucionistas,0.963504,10,10060
24,260,3,Isolados,1,10,10263
24,265,0,Empiristas,0.982376,10,11649
24,265,1,Incrementalistas,1,10,10513
24,265,2,Evolucionistas,1,10,10560
24,265,3,Isolados,1,10,10763
24,270,0,Empiristas,0.985403,10,12149
24,270,1,Incrementalistas,1,10,11013
24,270,2,Evolucionistas,1,10,11060
24,270,3,Isolados,1,10,11263
24,275,0,Empiristas,1,10,12649
24,275,1,Incrementalistas,1,10,11513
24,275,2,Evolucionistas,1,10,11560
24,275,3,Isolados,1,10,11763
24,280,0,Empiristas,1,10,13149
24,280,1,Incrementalistas,1,10,12013
24,280,2,Evolucionistas,1,10,12060
24,280,3,Isolados,1,10,12263
24,285,0,Empiristas,1,10,13649
24,285,1,Incrementalistas,1,10,12513
24,285,2,Evolucionistas,1,10,12560
24,285,3,Isolados,1,10,12763
24,290,0,Empiristas,1,10,14149
24,290,1,Incrementalistas,1,10,13013
24,290,2,Evolucionistas,1,10,13060
24,290,3,Isolados,1,10,13263
24,295,0,Empiristas,1,10,14649
24,295,1,Incrementalistas,1,10,13513
24,295,2,Evolucionistas,1,10,13560
24,295,3,Isolados,1,10,13763
24,300,0,Empiristas,1,10,15149
24,300,1,Incrementalistas,1,10,14013
24,300,2,Evolucionistas,1,10,14060
24,300,3,Isolados,1,10,14263
25,0,0,Empiristas,0.4832,1,2
25,0,1,Incrementalistas,0.596614,1,2
25,0,2,Evolucionistas,0.713357,2,2
25,0,3,Isolados,0.55892,1,2
25,5,0,Empiristas,0.738923,2,13
25,5,1,Incrementalistas,0.738923,3,12
25,5,2,Evolucionistas,0.713357,3,12
25,5,3,Isolados,0.594419,1,15
25,10,0,Empiristas,0.761435,3,25
25,10,1,Incrementalistas,0.738923,3,22
25,10,2,Evolucionistas,0.761435,3,22
25,10,3,Isolados,0.610633,1,27
25,15,0,Empiristas,0.761435,3,39
25,15,1,Incrementalistas,0.761435,3,33
25,15,2,Evolucionistas,0.761435,3,35
25,15,3,Isolados,0.633547,2,40
25,20,0,Empiristas,0.781346,3,54
25,20,1,Incrementalistas,0.761435,3,47
25,20,2,Evolucionistas,0.761435,3,48
25,20,3,Isolados,0.634476,2,55
25,25,0,Empiristas,0.781346,4,69
25,25,1,Incrementalistas,0.781346,3,64
25,25,2,Evolucionistas,0.781346,3,63
25,25,3,Isolados,0.635762,2,72
25,30,0,Empiristas,0.781346,5,86
25,30,1,Incrementalistas,0.786571,4,82
25,30,2,Evolucionistas,0.781346,3,81
25,30,3,Isolados,0.655045,3,90
25,35,0,Empiristas,0.786571,5,105
25,35,1,Incrementalistas,0.786571,4,101
25,35,2,Evolucionistas,0.786571,5,101
25,35,3,Isolados,0.669503,3,109
25,40,0,Empiristas,0.786571,5,128
25,40,1,Incrementalistas,0.786571,4,123
25,40,2,Evolucionistas,0.806548,5,123
25,40,3,Isolados,0.72529,3,129
25,45,0,Empiristas,0.814395,5,151
25,45,1,Incrementalistas,0.814395,4,146
25,45,2,Evolucionistas,0.814395,6,145
25,45,3,Isolados,0.788163,3,152
25,50,0,Empiristas,0.884665,6,178
25,50,1,Incrementalistas,0.884665,5,171
25,50,2,Evolucionistas,0.884665,6,172
25,50,3,Isolados,0.788163,3,178
25,55,0,Empiristas,0.884904,6,208
25,55,1,Incrementalistas,0.910363,5,200
25,55,2,Evolucionistas,0.910363,6,201
25,55,3,Isolados,0.788163,3,205
25,60,0,Empiristas,0.934081,6,240
25,60,1,Incrementalistas,0.910363,6,231
25,60,2,Evolucionistas,0.934081,6,232
25,60,3,Isolados,0.788163,3,238
25,65,0,Empiristas,0.934081,7,275
25,65,1,Incrementalistas,0.928699,6,266
25,65,2,Evolucionistas,0.934081,7,266
25,65,3,Isolados,0.802773,3,273
25,70,0,Empiristas,0.941649,7,314
25,70,1,Incrementalistas,0.937672,7,304
25,70,2,Evolucionistas,0.937672,7,304
25,70,3,Isolados,0.802773,4,310
25,75,0,Empiristas,0.95191,7,357
25,75,1,Incrementalistas,0.95191,7,347
25,75,2,Evolucionistas,0.95191,7,348
25,75,3,Isolados,0.802773,4,355
25,80,0,Empiristas,0.95191,7,405
25,80,1,Incrementalistas,0.95191,7,393
25,80,2,Evolucionistas,0.95191,7,395
25,80,3,Isolados,0.850007,4,403
25,85,0,Empiristas,0.95191,7,456
25,85,1,Incrementalistas,0.95191,7,446
25,85,2,Evolucionistas,0.95191,7,446
25,85,3,Isolados,0.850007,4,455
25,90,0,Empiristas,0.95191,7,514
25,90,1,Incrementalistas,0.960995,7,504
25,90,2,Evolucionistas,0.960995,7,503
25,90,3,Isolados,0.874086,4,513
25,95,0,Empiristas,0.960995,7,577
25,95,1,Incrementalistas,0.960995,7,566
25,95,2,Evolucionistas,0.960995,7,565
25,95,3,Isolados,0.874086,6,577
25,100,0,Empiristas,0.960995,7,647
25,100,1,Incrementalistas,0.960995,7,637
25,100,2,Evolucionistas,0.960995,7,634
25,100,3,Isolados,0.874086,6,645
25,105,0,Empiristas,0.960995,7,724
25,105,1,Incrementalistas,0.960995,7,712
25,105,2,Evolucionistas,0.971104,7,712
25,105,3,Isolados,0.88355,6,722
25,110,0,Empiristas,0.960995,7,808
25,110,1,Incrementalistas,0.960995,7,796
25,110,2,Evolucionistas,0.971104,7,795
25,110,3,Isolados,0.88355,6,807
25,115,0,Empiristas,0.98602,7,900
25,115,1,Incrementalistas,0.98602,7,891
25,115,2,Evolucionistas,0.976647,7,888
25,115,3,Isolados,0.88355,6,900
25,120,0,Empiristas,0.98602,8,1002
25,120,1,Incrementalistas,0.98602,7,993
25,120,2,Evolucionistas,0.98602,7,990
25,120,3,Isolados,0.88355,6,1003
25,125,0,Empiristas,0.98602,8,1118
25,125,1,Incrementalistas,0.98602,7,1108
25,125,2,Evolucionistas,0.98602,7,1105
25,125,3,Isolados,0.88355,6,1118
25,130,0,Empiristas,0.98602,8,1245
25,130,1,Incrementalistas,0.98602,7,1235
25,130,2,Evolucionistas,0.98783,7,1230
25,130,3,Isolados,0.903407,6,1244
25,135,0,Empiristas,0.98783,7,1329
25,135,1,Incrementalistas,0.98783,7,1375
25,135,2,Evolucionistas,0.98783,7,1369
25,135,3,Isolados,0.903407,7,1383
25,140,0,Empiristas,0.98783,8,1406
25,140,1,Incrementalistas,0.98783,7,1529
25,140,2,Evolucionistas,0.98783,7,1523
25,140,3,Isolados,0.903407,7,1536
25,145,0,Empiristas,0.98783,8,1491
25,145,1,Incrementalistas,0.98783,7,1699
25,145,2,Evolucionistas,0.98783,7,1695
25,145,3,Isolados,0.903407,7,1706
25,150,0,Empiristas,0.98783,8,1584
25,150,1,Incrementalistas,0.98783,7,1887
25,150,2,Evolucionistas,0.98783,8,1882
25,150,3,Isolados,0.90674,8,1893
25,155,0,Empiristas,0.98783,8,1689
25,155,1,Incrementalistas,0.98783,7,2096
25,155,2,Evolucionistas,0.98783,8,2090
25,155,3,Isolados,0.90674,9,2100
25,160,0,Empiristas,0.98783,8,1918
25,160,1,Incrementalistas,0.98783,7,2325
25,160,2,Evolucionistas,0.98783,8,2320
25,160,3,Isolados,0.915848,10,2329
25,165,0,Empiristas,0.98783,8,2170
25,165,1,Incrementalistas,0.98783,7,2576
25,165,2,Evolucionistas,0.98783,9,2571
25,165,3,Isolados,0.915848,10,2582
25,170,0,Empiristas,0.98783,8,2449
25,170,1,Incrementalistas,0.98783,8,2854
25,170,2,Evolucionistas,0.98783,10,2850
25,170,3,Isolados,0.915848,10,2861
25,175,0,Empiristas,0.98783,9,2758
25,175,1,Incrementalistas,0.98783,10,3163
25,175,2,Evolucionistas,0.98783,10,3157
25,175,3,Isolados,0.915848,10,3169
25,180,0,Empiristas,0.98783,9,3097
25,180,1,Incrementalistas,0.98783,10,3503
25,180,2,Evolucionistas,0.98783,10,3495
25,180,3,Isolados,0.926472,10,3510
25,185,0,Empiristas,0.98783,9,3471
25,185,1,Incrementalistas,0.98783,10,3878
25,185,2,Evolucionistas,0.98783,10,3870
25,185,3,Isolados,0.926472,10,3886
25,190,0,Empiristas,0.98783,9,3885
25,190,1,Incrementalistas,0.98783,10,4294
25,190,2,Evolucionistas,0.98783,10,4284
25,190,3,Isolados,0.926859,10,4299
25,195,0,Empiristas,0.98783,9,4342
25,195,1,Incrementalistas,0.98783,10,4750
25,195,2,Evolucionistas,0.98783,10,4741
25,195,3,Isolados,0.926859,10,4756
25,200,0,Empiristas,0.98783,9,4838
25,200,1,Incrementalistas,0.98783,10,5246
25,200,2,Evolucionistas,0.98783,10,5237
25,200,3,Isolados,0.946608,10,5252
25,205,0,Empiristas,0.98783,10,5338
25,205,1,Incrementalistas,0.98783,10,5746
25,205,2,Evolucionistas,0.98783,10,5737
25,205,3,Isolados,0.964231,10,5752
25,210,0,Empiristas,0.98783,10,5838
25,210,1,Incrementalistas,0.98783,10,6246
25,210,2,Evolucionistas,0.98783,10,6237
25,210,3,Isolados,0.982376,10,6252
25,215,0,Empiristas,0.98783,10,6338
25,215,1,Incrementalistas,0.98783,10,6746
25,215,2,Evolucionistas,0.98783,10,6737
25,215,3,Isolados,1,10,6752
25,220,0,Empiristas,0.98783,10,6838
25,220,1,Incrementalistas,0.98783,10,7246
25,220,2,Evolucionistas,0.98783,10,7237
25,220,3,Isolados,1,10,7252
25,225,0,Empiristas,0.98783,10,7338
25,225,1,Incrementalistas,0.98783,10,7746
25,225,2,Evolucionistas,0.98783,10,7737
25,225,3,Isolados,1,10,7752
25,230,0,Empiristas,0.98783,10,7838
25,230,1,Incrementalistas,0.98783,10,8246
25,230,2,Evolucionistas,0.98783,10,8237
25,230,3,Isolados,1,10,8252
25,235,0,Empiristas,0.98783,10,8338
25,235,1,Incrementalistas,0.98783,10,8746
25,235,2,Evolucionistas,0.98783,10,8737
25,235,3,Isolados,1,10,8752
25,240,0,Empiristas,0.98783,10,8838
25,240,1,Incrementalistas,0.98783,10,9246
25,240,2,Evolucionistas,0.98783,10,9237
25,240,3,Isolados,1,10,9252
25,245,0,Empiristas,0.98783,10,9338
25,245,1,Incrementalistas,0.98783,10,9746
25,245,2,Evolucionistas,0.98783,10,9737
25,245,3,Isolados,1,10,9752
25,250,0,Empiristas,0.98783,10,9838
25,250,1,Incrementalistas,0.98783,10,10246
25,250,2,Evolucionistas,0.98783,10,10237
25,250,3,Isolados,1,10,10252
25,255,0,Empiristas,0.98783,10,10338
25,255,1,Incrementalistas,0.98783,10,10746
25,255,2,Evolucionistas,0.98783,10,10737
25,255,3,Isolados,1,10,10752
25,260,0,Empiristas,0.98783,10,10838
25,260,1,Incrementalistas,0.98783,10,11246
25,260,2,Evolucionistas,0.98783,10,11237
25,260,3,Isolados,1,10,11252
25,265,0,Empiristas,0.98783,10,11338
25,265,1,Incrementalistas,0.98783,10,11746
25,265,2,Evolucionistas,0.98783,10,11737
25,265,3,Isolados,1,10,11752
25,270,0,Empiristas,0.98783,10,11838
25,270,1,Incrementalistas,0.98783,10,12246
25,270,2,Evolucionistas,0.98783,10,12237
25,270,3,Isolados,1,10,12252
25,275,0,Empiristas,0.98783,10,12338
25,275,1,Incrementalistas,0.98783,10,12746
25,275,2,Evolucionistas,0.98783,10,12737
25,275,3,Isolados,1,10,12752
25,280,0,Empiristas,0.98783,10,12838
25,280,1,Incrementalistas,0.98783,10,13246
25,280,2,Evolucionistas,0.98783,10,13237
25,280,3,Isolados,1,10,13252
25,285,0,Empiristas,0.98783,10,13338
25,285,1,Incrementalistas,0.98783,10,13746
25,285,2,Evolucionistas,0.98783,10,13737
25,285,3,Isolados,1,10,13752
25,290,0,Empiristas,0.98783,10,13838
25,290,1,Incrementalistas,0.98783,10,14246
25,290,2,Evolucionistas,0.98783,10,14237
25,290,3,Isolados,1,10,14252
25,295,0,Empiristas,0.98783,10,14338
25,295,1,Incrementalistas,0.98783,10,14746
25,295,2,Evolucionistas,0.98783,10,14737
25,295,3,Isolados,1,10,14752
25,300,0,Empiristas,0.98783,10,14838
25,300,1,Incrementalistas,0.98783,10,15246
25,300,2,Evolucionistas,0.98783,10,15237
25,300,3,Isolados,1,10,15252
26,0,0,Empiristas,0.66616,2,2
26,0,1,Incrementalistas,0.542781,2,2
26,0,2,Evolucionistas,0.542781,2,2
26,0,3,Isolados,0.653494,2,2
26,5,0,Empiristas,0.68092,3,12
26,5,1,Incrementalistas,0.68092,3,12
26,5,2,Evolucionistas,0.68092,3,12
26,5,3,Isolados,0.717927,3,13
26,10,0,Empiristas,0.799834,4,24
26,10,1,Incrementalistas,0.799834,4,24
26,10,2,Evolucionistas,0.799834,4,23
26,10,3,Isolados,0.718615,3,26
26,15,0,Empiristas,0.799834,6,37
26,15,1,Incrementalistas,0.799834,4,35
26,15,2,Evolucionistas,0.799834,5,37
26,15,3,Isolados,0.718615,4,40
26,20,0,Empiristas,0.818732,6,51
26,20,1,Incrementalistas,0.845494,6,50
26,20,2,Evolucionistas,0.818732,5,52
26,20,3,Isolados,0.718615,4,55
26,25,0,Empiristas,0.818732,6,66
26,25,1,Incrementalistas,0.846782,6,65
26,25,2,Evolucionistas,0.846782,5,68
26,25,3,Isolados,0.718615,5,70
26,30,0,Empiristas,0.818732,7,84
26,30,1,Incrementalistas,0.846782,6,82
26,30,2,Evolucionistas,0.846782,5,86
26,30,3,Isolados,0.740479,5,87
26,35,0,Empiristas,0.846782,8,104
26,35,1,Incrementalistas,0.846782,6,102
26,35,2,Evolucionistas,0.846782,6,103
26,35,3,Isolados,0.740479,6,106
26,40,0,Empiristas,0.847609,8,125
26,40,1,Incrementalistas,0.853176,6,123
26,40,2,Evolucionistas,0.853176,7,124
26,40,3,Isolados,0.740479,6,128
26,45,0,Empiristas,0.847609,8,149
26,45,1,Incrementalistas,0.853176,7,146
26,45,2,Evolucionistas,0.853176,7,147
26,45,3,Isolados,0.740479,6,151
26,50,0,Empiristas,0.853176,8,175
26,50,1,Incrementalistas,0.853176,8,174
26,50,2,Evolucionistas,0.853176,7,174
26,50,3,Isolados,0.765411,6,177
26,55,0,Empiristas,0.877848,9,202
26,55,1,Incrementalistas,0.892925,8,203
26,55,2,Evolucionistas,0.877848,7,199
26,55,3,Isolados,0.779717,6,205
26,60,0,Empiristas,0.932291,9,233
26,60,1,Incrementalistas,0.892925,8,234
26,60,2,Evolucionistas,0.932291,8,214
26,60,3,Isolados,0.779717,6,235
26,65,0,Empiristas,0.932291,9,270
26,65,1,Incrementalistas,0.932291,6,270
26,65,2,Evolucionistas,0.932291,8,234
26,65,3,Isolados,0.79387,7,270
26,70,0,Empiristas,0.932291,9,308
26,70,1,Incrementalistas,0.932291,8,287
26,70,2,Evolucionistas,0.932291,8,254
26,70,3,Isolados,0.79387,7,309
26,75,0,Empiristas,0.932291,9,351
26,75,1,Incrementalistas,0.932291,8,310
26,75,2,Evolucionistas,0.932291,8,275
26,75,3,Isolados,0.818469,7,350
26,80,0,Empiristas,0.932291,9,397
26,80,1,Incrementalistas,0.932291,8,334
26,80,2,Evolucionistas,0.932291,8,307
26,80,3,Isolados,0.818469,7,398
26,85,0,Empiristas,0.932291,9,448
26,85,1,Incrementalistas,0.932291,8,360
26,85,2,Evolucionistas,0.932291,8,359
26,85,3,Isolados,0.818469,7,450
26,90,0,Empiristas,0.932291,9,507
26,90,1,Incrementalistas,0.932291,8,392
26,90,2,Evolucionistas,0.932291,8,417
26,90,3,Isolados,0.849877,9,508
26,95,0,Empiristas,0.932291,9,571
26,95,1,Incrementalistas,0.932291,9,456
26,95,2,Evolucionistas,0.932291,8,480
26,95,3,Isolados,0.861486,9,571
26,100,0,Empiristas,0.932291,9,641
26,100,1,Incrementalistas,0.932291,9,526
26,100,2,Evolucionistas,0.932291,8,550
26,100,3,Isolados,0.894632,9,641
26,105,0,Empiristas,0.932291,9,719
26,105,1,Incrementalistas,0.932291,9,603
26,105,2,Evolucionistas,0.932291,8,628
26,105,3,Isolados,0.894632,9,680
26,110,0,Empiristas,0.932291,9,804
26,110,1,Incrementalistas,0.932291,10,687
26,110,2,Evolucionistas,0.932291,8,713
26,110,3,Isolados,0.894632,10,722
26,115,0,Empiristas,0.932291,9,899
26,115,1,Incrementalistas,0.932291,10,781
26,115,2,Evolucionistas,0.947295,8,806
26,115,3,Isolados,0.894632,10,768
26,120,0,Empiristas,0.932291,9,1001
26,120,1,Incrementalistas,0.947295,10,885
26,120,2,Evolucionistas,0.947295,8,909
26,120,3,Isolados,0.894632,10,820
26,125,0,Empiristas,0.947295,9,1115
26,125,1,Incrementalistas,0.947295,10,999
26,125,2,Evolucionistas,0.947295,8,1024
26,125,3,Isolados,0.894632,10,889
26,130,0,Empiristas,0.947295,9,1242
26,130,1,Incrementalistas,0.947295,10,1125
26,130,2,Evolucionistas,0.947295,5,1112
26,130,3,Isolados,0.920622,10,1015
26,135,0,Empiristas,0.95614,9,1380
26,135,1,Incrementalistas,0.95614,10,1265
26,135,2,Evolucionistas,0.95614,7,1180
26,135,3,Isolados,0.941317,10,1154
26,140,0,Empiristas,0.95614,9,1534
26,140,1,Incrementalistas,0.95614,10,1419
26,140,2,Evolucionistas,0.95614,8,1256
26,140,3,Isolados,0.954329,10,1309
26,145,0,Empiristas,0.95614,9,1703
26,145,1,Incrementalistas,0.95614,10,1589
26,145,2,Evolucionistas,0.95614,8,1339
26,145,3,Isolados,0.954329,10,1480
26,150,0,Empiristas,0.95614,9,1891
26,150,1,Incrementalistas,0.95614,10,1777
26,150,2,Evolucionistas,0.95614,9,1432
26,150,3,Isolados,0.959315,10,1668
26,155,0,Empiristas,0.95614,9,2098
26,155,1,Incrementalistas,0.95614,10,1985
26,155,2,Evolucionistas,0.95614,9,1618
26,155,3,Isolados,0.959315,10,1874
26,160,0,Empiristas,0.95614,9,2325
26,160,1,Incrementalistas,0.95614,10,2213
26,160,2,Evolucionistas,0.95614,9,1846
26,160,3,Isolados,0.959315,10,2101
26,165,0,Empiristas,0.95614,9,2577
26,165,1,Incrementalistas,0.95614,10,2466
26,165,2,Evolucionistas,0.95614,9,2099
26,165,3,Isolados,0.959315,10,2351
26,170,0,Empiristas,0.958114,9,2855
26,170,1,Incrementalistas,0.958114,10,2746
26,170,2,Evolucionistas,0.95614,9,2378
26,170,3,Isolados,0.959315,10,2629
26,175,0,Empiristas,0.958114,9,3163
26,175,1,Incrementalistas,0.958114,10,3054
26,175,2,Evolucionistas,0.958114,10,2685
26,175,3,Isolados,0.959315,10,2938
26,180,0,Empiristas,0.958114,9,3503
26,180,1,Incrementalistas,0.970008,10,3394
26,180,2,Evolucionistas,0.970008,10,3027
26,180,3,Isolados,0.959315,10,3278
26,185,0,Empiristas,0.98602,10,3878
26,185,1,Incrementalistas,0.974186,10,3768
26,185,2,Evolucionistas,0.98602,10,3401
26,185,3,Isolados,0.959315,10,3652
26,190,0,Empiristas,0.98783,10,4292
26,190,1,Incrementalistas,0.98783,10,4182
26,190,2,Evolucionistas,0.98783,10,3814
26,190,3,Isolados,0.959315,10,4067
26,195,0,Empiristas,0.98783,10,4749
26,195,1,Incrementalistas,0.98783,10,4640
26,195,2,Evolucionistas,0.98783,10,4270
26,195,3,Isolados,0.959315,10,4524
26,200,0,Empiristas,0.98783,10,5245
26,200,1,Incrementalistas,0.98783,10,5136
26,200,2,Evolucionistas,0.98783,10,4766
26,200,3,Isolados,0.98602,10,5019
26,205,0,Empiristas,0.98783,10,5745
26,205,1,Incrementalistas,0.98783,10,5636
26,205,2,Evolucionistas,0.98783,10,5266
26,205,3,Isolados,0.98602,10,5519
26,210,0,Empiristas,0.98783,10,6245
26,210,1,Incrementalistas,0.98783,10,6136
26,210,2,Evolucionistas,0.98783,10,5766
26,210,3,Isolados,0.98783,10,6019
26,215,0,Empiristas,0.98783,10,6745
26,215,1,Incrementalistas,0.98783,10,6636
26,215,2,Evolucionistas,0.98783,10,6266
26,215,3,Isolados,0.98783,10,6519
26,220,0,Empiristas,0.98783,10,7245
26,220,1,Incrementalistas,0.98783,10,7136
26,220,2,Evolucionistas,0.98783,10,6766
26,220,3,Isolados,0.98783,10,7019
26,225,0,Empiristas,0.98783,10,7745
26,225,1,Incrementalistas,0.98783,10,7636
26,225,2,Evolucionistas,0.98783,10,7266
26,225,3,Isolados,0.98783,10,7519
26,230,0,Empiristas,0.98783,10,8245
26,230,1,Incrementalistas,0.98783,10,8136
26,230,2,Evolucionistas,0.98783,10,7766
26,230,3,Isolados,0.98783,10,8019
26,235,0,Empiristas,0.98783,10,8745
26,235,1,Incrementalistas,0.98783,10,8636
26,235,2,Evolucionistas,0.98783,10,8266
26,235,3,Isolados,0.98783,10,8519
26,240,0,Empiristas,0.98783,10,9245
26,240,1,Incrementalistas,0.98783,10,9136
26,240,2,Evolucionistas,0.98783,10,8766
26,240,3,Isolados,0.98783,10,9019
26,245,0,Empiristas,0.98783,10,9745
26,245,1,Incrementalistas,0.98783,10,9636
26,245,2,Evolucionistas,0.98783,10,9266
26,245,3,Isolados,0.98783,10,9519
26,250,0,Empiristas,0.98783,10,10245
26,250,1,Incrementalistas,0.98783,10,10136
26,250,2,Evolucionistas,0.98783,10,9766
26,250,3,Isolados,0.98783,10,10019
26,255,0,Empiristas,0.98783,10,10745
26,255,1,Incrementalistas,0.98783,10,10636
26,255,2,Evolucionistas,0.98783,10,10266
26,255,3,Isolados,0.98783,10,10519
26,260,0,Empiristas,0.98783,10,11245
26,260,1,Incrementalistas,0.98783,10,11136
26,260,2,Evolucionistas,0.98783,10,10766
26,260,3,Isolados,0.98783,10,11019
26,265,0,Empiristas,0.98783,10,11745
26,265,1,Incrementalistas,0.98783,10,11636
26,265,2,Evolucionistas,0.98783,10,11266
26,265,3,Isolados,0.98783,6,11519
26,270,0,Empiristas,0.98783,10,12245
26,270,1,Incrementalistas,0.98783,10,12136
26,270,2,Evolucionistas,0.98783,10,11766
26,270,3,Isolados,0.98783,9,11769
26,275,0,Empiristas,0.98783,10,12745
26,275,1,Incrementalistas,0.98783,10,12636
26,275,2,Evolucionistas,0.98783,10,12266
26,275,3,Isolados,0.98783,10,12019
26,280,0,Empiristas,0.98783,10,13245
26,280,1,Incrementalistas,0.98783,10,13136
26,280,2,Evolucionistas,0.98783,10,12766
26,280,3,Isolados,0.98783,10,12269
26,285,0,Empiristas,0.98783,10,13745
26,285,1,Incrementalistas,0.98783,10,13636
26,285,2,Evolucionistas,0.98783,10,13266
26,285,3,Isolados,0.98783,10,12519
26,290,0,Empiristas,0.98783,10,14245
26,290,1,Incrementalistas,0.98783,10,14136
26,290,2,Evolucionistas,0.98783,10,13766
26,290,3,Isolados,0.98783,10,12819
26,295,0,Empiristas,0.98783,10,14745
26,295,1,Incrementalistas,0.98783,10,14636
26,295,2,Evolucionistas,0.98783,10,14266
26,295,3,Isolados,0.98783,10,13319
26,300,0,Empiristas,0.98783,10,15245
26,300,1,Incrementalistas,0.98783,10,15136
26,300,2,Evolucionistas,0.98783,10,14766
26,300,3,Isolados,0.98783,10,13819
27,0,0,Empiristas,0.642644,4,2
27,0,1,Incrementalistas,0.642644,3,2
27,0,2,Evolucionistas,0.642644,4,2
27,0,3,Isolados,0.511965,1,2
27,5,0,Empiristas,0.642644,4,14
27,5,1,Incrementalistas,0.777144,4,12
27,5,2,Evolucionistas,0.758211,4,13
27,5,3,Isolados,0.648903,2,12
27,10,0,Empiristas,0.758211,4,25
27,10,1,Incrementalistas,0.78438,4,23
27,10,2,Evolucionistas,0.777144,4,25
27,10,3,Isolados,0.648903,2,24
27,15,0,Empiristas,0.78438,4,38
27,15,1,Incrementalistas,0.78438,4,37
27,15,2,Evolucionistas,0.78438,4,39
27,15,3,Isolados,0.683344,3,36
27,20,0,Empiristas,0.78438,5,53
27,20,1,Incrementalistas,0.78438,4,52
27,20,2,Evolucionistas,0.78438,5,54
27,20,3,Isolados,0.683344,3,50
27,25,0,Empiristas,0.78438,6,69
27,25,1,Incrementalistas,0.78438,4,68
27,25,2,Evolucionistas,0.78438,5,70
27,25,3,Isolados,0.683344,4,66
27,30,0,Empiristas,0.843622,7,86
27,30,1,Incrementalistas,0.78438,4,86
27,30,2,Evolucionistas,0.78438,5,85
27,30,3,Isolados,0.735877,4,83
27,35,0,Empiristas,0.843622,7,104
27,35,1,Incrementalistas,0.78438,4,105
27,35,2,Evolucionistas,0.843622,6,105
27,35,3,Isolados,0.735877,4,103
27,40,0,Empiristas,0.843622,7,125
27,40,1,Incrementalistas,0.843622,5,125
27,40,2,Evolucionistas,0.843622,6,126
27,40,3,Isolados,0.755127,5,123
27,45,0,Empiristas,0.843622,7,148
27,45,1,Incrementalistas,0.843622,6,150
27,45,2,Evolucionistas,0.843622,6,149
27,45,3,Isolados,0.838059,7,146
27,50,0,Empiristas,0.843622,7,174
27,50,1,Incrementalistas,0.843622,6,176
27,50,2,Evolucionistas,0.843622,8,175
27,50,3,Isolados,0.838059,7,173
27,55,0,Empiristas,0.843622,7,204
27,55,1,Incrementalistas,0.893657,6,205
27,55,2,Evolucionistas,0.893657,8,204
27,55,3,Isolados,0.838059,7,201
27,60,0,Empiristas,0.893657,7,237
27,60,1,Incrementalistas,0.893657,6,236
27,60,2,Evolucionistas,0.893657,9,235
27,60,3,Isolados,0.852749,8,232
27,65,0,Empiristas,0.893657,8,272
27,65,1,Incrementalistas,0.893657,7,272
27,65,2,Evolucionistas,0.893657,9,270
27,65,3,Isolados,0.865574,8,266
27,70,0,Empiristas,0.893657,8,310
27,70,1,Incrementalistas,0.893657,7,310
27,70,2,Evolucionistas,0.893657,9,308
27,70,3,Isolados,0.879401,8,304
27,75,0,Empiristas,0.893657,8,353
27,75,1,Incrementalistas,0.893657,7,352
27,75,2,Evolucionistas,0.893657,9,351
27,75,3,Isolados,0.879401,8,347
27,80,0,Empiristas,0.893657,8,399
27,80,1,Incrementalistas,0.893657,7,399
27,80,2,Evolucionistas,0.893657,9,398
27,80,3,Isolados,0.882672,8,395
27,85,0,Empiristas,0.893657,8,449
27,85,1,Incrementalistas,0.900679,7,453
27,85,2,Evolucionistas,0.893657,9,448
27,85,3,Isolados,0.957491,8,448
27,90,0,Empiristas,0.90892,8,507
27,90,1,Incrementalistas,0.90892,7,511
27,90,2,Evolucionistas,0.901281,9,504
27,90,3,Isolados,0.957491,8,506
27,95,0,Empiristas,0.90892,8,571
27,95,1,Incrementalistas,0.90892,7,574
27,95,2,Evolucionistas,0.92539,9,567
27,95,3,Isolados,0.957491,9,568
27,100,0,Empiristas,0.90961,8,641
27,100,1,Incrementalistas,0.917398,7,645
27,100,2,Evolucionistas,0.94646,9,637
27,100,3,Isolados,0.957491,10,639
27,105,0,Empiristas,0.963936,8,719
27,105,1,Incrementalistas,0.917398,8,722
27,105,2,Evolucionistas,0.951164,9,713
27,105,3,Isolados,0.979893,10,717
27,110,0,Empiristas,0.963936,8,803
27,110,1,Incrementalistas,0.963936,8,807
27,110,2,Evolucionistas,0.968587,9,798
27,110,3,Isolados,0.979893,10,801
27,115,0,Empiristas,0.968587,9,897
27,115,1,Incrementalistas,0.968587,9,901
27,115,2,Evolucionistas,0.968587,9,891
27,115,3,Isolados,0.979893,10,895
27,120,0,Empiristas,0.98783,9,1000
27,120,1,Incrementalistas,0.968587,9,1006
27,120,2,Evolucionistas,0.98783,9,994
27,120,3,Isolados,0.979893,10,998
27,125,0,Empiristas,0.98783,9,1115
27,125,1,Incrementalistas,0.98783,9,1120
27,125,2,Evolucionistas,0.98783,9,1109
27,125,3,Isolados,0.98602,10,1111
27,130,0,Empiristas,0.98783,9,1242
27,130,1,Incrementalistas,0.98783,9,1245
27,130,2,Evolucionistas,0.98783,9,1235
27,130,3,Isolados,0.98602,10,1238
27,135,0,Empiristas,0.98783,9,1382
27,135,1,Incrementalistas,0.98783,9,1384
27,135,2,Evolucionistas,0.98783,9,1372
27,135,3,Isolados,0.98602,10,1377
27,140,0,Empiristas,0.98783,9,1536
27,140,1,Incrementalistas,0.98783,9,1538
27,140,2,Evolucionistas,0.98783,9,1526
27,140,3,Isolados,0.98602,10,1531
27,145,0,Empiristas,0.98783,9,1706
27,145,1,Incrementalistas,0.98783,9,1707
27,145,2,Evolucionistas,0.98783,9,1696
27,145,3,Isolados,0.98602,10,1701
27,150,0,Empiristas,0.98783,9,1893
27,150,1,Incrementalistas,0.98783,9,1894
27,150,2,Evolucionistas,0.98783,9,1884
27,150,3,Isolados,0.98602,10,1888
27,155,0,Empiristas,0.98783,9,2100
27,155,1,Incrementalistas,0.98783,9,2101
27,155,2,Evolucionistas,0.98783,9,2092
27,155,3,Isolados,0.98602,10,2095
27,160,0,Empiristas,0.98783,9,2327
27,160,1,Incrementalistas,0.98783,9,2329
27,160,2,Evolucionistas,0.98783,10,2321
27,160,3,Isolados,0.98602,10,2322
27,165,0,Empiristas,0.98783,9,2579
27,165,1,Incrementalistas,0.98783,10,2581
27,165,2,Evolucionistas,0.98783,10,2574
27,165,3,Isolados,0.98602,10,2576
27,170,0,Empiristas,0.98783,9,2859
27,170,1,Incrementalistas,0.98783,10,2861
27,170,2,Evolucionistas,0.98783,10,2853
27,170,3,Isolados,0.98783,10,2855
27,175,0,Empiristas,0.98783,9,3167
27,175,1,Incrementalistas,0.98783,7,3168
27,175,2,Evolucionistas,0.98783,10,3160
27,175,3,Isolados,0.98783,10,3163
27,180,0,Empiristas,0.98783,9,3507
27,180,1,Incrementalistas,0.98783,9,3337
27,180,2,Evolucionistas,0.98783,10,3499
27,180,3,Isolados,0.98783,10,3502
27,185,0,Empiristas,0.98783,9,3882
27,185,1,Incrementalistas,0.98783,9,3524
27,185,2,Evolucionistas,0.98783,10,3875
27,185,3,Isolados,0.98783,10,3877
27,190,0,Empiristas,0.98783,10,4296
27,190,1,Incrementalistas,0.98783,9,3730
27,190,2,Evolucionistas,0.98783,10,4290
27,190,3,Isolados,0.98783,10,4293
27,195,0,Empiristas,0.98783,10,4753
27,195,1,Incrementalistas,0.98783,10,3957
27,195,2,Evolucionistas,0.98783,10,4746
27,195,3,Isolados,0.98783,10,4752
27,200,0,Empiristas,0.98783,10,5249
27,200,1,Incrementalistas,0.98783,10,4256
27,200,2,Evolucionistas,0.98783,10,5242
27,200,3,Isolados,0.98783,10,5248
27,205,0,Empiristas,0.98783,10,5749
27,205,1,Incrementalistas,0.98783,10,4756
27,205,2,Evolucionistas,0.98783,10,5742
27,205,3,Isolados,0.98783,10,5748
27,210,0,Empiristas,0.98783,10,6249
27,210,1,Incrementalistas,0.98783,10,5256
27,210,2,Evolucionistas,0.98783,10,6242
27,210,3,Isolados,0.98783,10,6248
27,215,0,Empiristas,0.98783,10,6749
27,215,1,Incrementalistas,0.98783,10,5756
27,215,2,Evolucionistas,0.98783,10,6742
27,215,3,Isolados,0.98783,10,6748
27,220,0,Empiristas,0.98783,10,7249
27,220,1,Incrementalistas,0.98783,10,6256
27,220,2,Evolucionistas,0.98783,10,7242
27,220,3,Isolados,0.98783,10,7248
27,225,0,Empiristas,0.98783,10,7749
27,225,1,Incrementalistas,0.98783,10,6756
27,225,2,Evolucionistas,0.98783,10,7742
27,225,3,Isolados,0.98783,10,7748
27,230,0,Empiristas,0.98783,10,8249
27,230,1,Incrementalistas,0.98783,10,7256
27,230,2,Evolucionistas,0.98783,10,8242
27,230,3,Isolados,0.98783,10,8248
27,235,0,Empiristas,0.98783,10,8749
27,235,1,Incrementalistas,0.98783,10,7756
27,235,2,Evolucionistas,0.98783,10,8742
27,235,3,Isolados,0.98783,10,8748
27,240,0,Empiristas,0.98783,10,9249
27,240,1,Incrementalistas,0.98783,10,8156
27,240,2,Evolucionistas,0.98783,10,9242
27,240,3,Isolados,0.98783,10,9248
27,245,0,Empiristas,0.98783,10,9749
27,245,1,Incrementalistas,0.98783,10,8406
27,245,2,Evolucionistas,0.98783,10,9742
27,245,3,Isolados,0.98783,10,9748
27,250,0,Empiristas,0.98783,10,10249
27,250,1,Incrementalistas,0.98783,10,8656
27,250,2,Evolucionistas,0.98783,10,10242
27,250,3,Isolados,0.98783,10,10248
27,255,0,Empiristas,0.98783,10,10749
27,255,1,Incrementalistas,0.98783,10,8906
27,255,2,Evolucionistas,0.98783,10,10742
27,255,3,Isolados,0.98783,10,10748
27,260,0,Empiristas,0.98783,10,11249
27,260,1,Incrementalistas,0.98783,10,9156
27,260,2,Evolucionistas,0.98783,10,11242
27,260,3,Isolados,0.98783,10,11248
27,265,0,Empiristas,0.98783,10,11749
27,265,1,Incrementalistas,0.98783,10,9556
27,265,2,Evolucionistas,0.98783,10,11742
27,265,3,Isolados,0.98783,10,11748
27,270,0,Empiristas,0.98783,10,12249
27,270,1,Incrementalistas,0.98783,10,10056
27,270,2,Evolucionistas,0.98783,10,12242
27,270,3,Isolados,0.98783,10,12248
27,275,0,Empiristas,0.98783,10,12749
27,275,1,Incrementalistas,0.98783,10,10556
27,275,2,Evolucionistas,0.98783,10,12742
27,275,3,Isolados,0.98783,10,12748
27,280,0,Empiristas,0.98783,10,13249
27,280,1,Incrementalistas,0.98783,10,11056
27,280,2,Evolucionistas,0.98783,10,13242
27,280,3,Isolados,0.98783,10,13248
27,285,0,Empiristas,0.98783,10,13749
27,285,1,Incrementalistas,0.98783,10,11556
27,285,2,Evolucionistas,0.98783,10,13742
27,285,3,Isolados,0.98783,10,13748
27,290,0,Empiristas,0.98783,10,14249
27,290,1,Incrementalistas,0.98783,10,12056
27,290,2,Evolucionistas,0.98783,10,14242
27,290,3,Isolados,0.98783,10,14248
27,295,0,Empiristas,0.98602,6,14749
27,295,1,Incrementalistas,0.98783,10,12556
27,295,2,Evolucionistas,0.98783,10,14742
27,295,3,Isolados,0.98783,10,14748
27,300,0,Empiristas,0.98602,10,14999
27,300,1,Incrementalistas,0.98783,10,13056
27,300,2,Evolucionistas,0.98783,10,15242
27,300,3,Isolados,0.98783,10,15248
28,0,0,Empiristas,0.497554,1,2
28,0,1,Incrementalistas,0.509641,1,2
28,0,2,Evolucionistas,0.539065,1,2
28,0,3,Isolados,0.596792,2,2
28,5,0,Empiristas,0.751182,4,12
28,5,1,Incrementalistas,0.751182,3,13
28,5,2,Evolucionistas,0.743631,3,12
28,5,3,Isolados,0.688712,3,14
28,10,0,Empiristas,0.779417,4,23
28,10,1,Incrementalistas,0.794756,3,23
28,10,2,Evolucionistas,0.794756,4,24
28,10,3,Isolados,0.72077,3,26
28,15,0,Empiristas,0.794756,5,36
28,15,1,Incrementalistas,0.794756,4,34
28,15,2,Evolucionistas,0.794756,4,36
28,15,3,Isolados,0.732788,3,39
28,20,0,Empiristas,0.794756,6,50
28,20,1,Incrementalistas,0.794756,4,48
28,20,2,Evolucionistas,0.794756,4,51
28,20,3,Isolados,0.733829,3,52
28,25,0,Empiristas,0.796601,6,65
28,25,1,Incrementalistas,0.796601,6,59
28,25,2,Evolucionistas,0.796601,4,66
28,25,3,Isolados,0.796036,4,67
28,30,0,Empiristas,0.796601,6,82
28,30,1,Incrementalistas,0.796601,6,69
28,30,2,Evolucionistas,0.796601,4,84
28,30,3,Isolados,0.796036,4,86
28,35,0,Empiristas,0.809805,6,101
28,35,1,Incrementalistas,0.809805,6,79
28,35,2,Evolucionistas,0.796601,4,103
28,35,3,Isolados,0.796036,4,106
28,40,0,Empiristas,0.809805,6,121
28,40,1,Incrementalistas,0.809805,6,89
28,40,2,Evolucionistas,0.815624,4,124
28,40,3,Isolados,0.831137,4,126
28,45,0,Empiristas,0.867475,6,145
28,45,1,Incrementalistas,0.786097,2,100
28,45,2,Evolucionistas,0.867475,5,148
28,45,3,Isolados,0.848011,5,149
28,50,0,Empiristas,0.867475,6,172
28,50,1,Incrementalistas,0.867475,5,113
28,50,2,Evolucionistas,0.867475,5,174
28,50,3,Isolados,0.848011,5,174
28,55,0,Empiristas,0.867475,6,200
28,55,1,Incrementalistas,0.867475,6,127
28,55,2,Evolucionistas,0.867475,6,204
28,55,3,Isolados,0.848011,6,201
28,60,0,Empiristas,0.867475,7,231
28,60,1,Incrementalistas,0.977454,7,144
28,60,2,Evolucionistas,0.977454,8,236
28,60,3,Isolados,0.848011,6,233
28,65,0,Empiristas,0.867475,7,266
28,65,1,Incrementalistas,0.977454,9,162
28,65,2,Evolucionistas,0.977454,8,273
28,65,3,Isolados,0.848011,6,267
28,70,0,Empiristas,0.977454,8,305
28,70,1,Incrementalistas,0.977454,9,185
28,70,2,Evolucionistas,0.977454,9,312
28,70,3,Isolados,0.861217,6,307
28,75,0,Empiristas,0.980526,8,348
28,75,1,Incrementalistas,0.977454,9,228
28,75,2,Evolucionistas,0.977454,9,354
28,75,3,Isolados,0.861217,6,349
28,80,0,Empiristas,0.980526,9,395
28,80,1,Incrementalistas,0.980526,9,275
28,80,2,Evolucionistas,0.977454,9,401
28,80,3,Isolados,0.873252,6,395
28,85,0,Empiristas,0.980526,9,447
28,85,1,Incrementalistas,0.980526,9,326
28,85,2,Evolucionistas,0.977454,9,452
28,85,3,Isolados,0.873252,6,446
28,90,0,Empiristas,0.980526,9,505
28,90,1,Incrementalistas,0.980526,9,383
28,90,2,Evolucionistas,0.980526,9,508
28,90,3,Isolados,0.873252,6,503
28,95,0,Empiristas,0.980526,9,567
28,95,1,Incrementalistas,0.980526,9,445
28,95,2,Evolucionistas,0.980526,10,570
28,95,3,Isolados,0.873252,6,566
28,100,0,Empiristas,0.980526,9,636
28,100,1,Incrementalistas,0.980526,9,515
28,100,2,Evolucionistas,0.980526,10,638
28,100,3,Isolados,0.881012,6,636
28,105,0,Empiristas,0.980526,9,713
28,105,1,Incrementalistas,0.980526,9,592
28,105,2,Evolucionistas,0.980526,10,715
28,105,3,Isolados,0.888465,6,712
28,110,0,Empiristas,0.980526,9,799
28,110,1,Incrementalistas,0.980526,9,679
28,110,2,Evolucionistas,0.980526,10,799
28,110,3,Isolados,0.888465,6,798
28,115,0,Empiristas,0.980526,9,893
28,115,1,Incrementalistas,0.980526,9,773
28,115,2,Evolucionistas,0.980526,10,892
28,115,3,Isolados,0.888465,6,891
28,120,0,Empiristas,0.980526,9,996
28,120,1,Incrementalistas,0.980526,10,876
28,120,2,Evolucionistas,0.980526,10,995
28,120,3,Isolados,0.888465,6,996
28,125,0,Empiristas,0.980526,10,1112
28,125,1,Incrementalistas,0.980526,10,990
28,125,2,Evolucionistas,0.980526,10,1110
28,125,3,Isolados,0.888465,7,1110
28,130,0,Empiristas,0.980526,10,1237
28,130,1,Incrementalistas,0.980526,10,1117
28,130,2,Evolucionistas,0.980526,10,1238
28,130,3,Isolados,0.888465,8,1237
28,135,0,Empiristas,0.980526,10,1378
28,135,1,Incrementalistas,0.975909,9,1227
28,135,2,Evolucionistas,0.980526,10,1379
28,135,3,Isolados,0.888465,8,1375
28,140,0,Empiristas,0.980526,10,1531
28,140,1,Incrementalistas,0.980526,10,1304
28,140,2,Evolucionistas,0.980526,10,1533
28,140,3,Isolados,0.888465,8,1529
28,145,0,Empiristas,0.980526,10,1700
28,145,1,Incrementalistas,0.975909,10,1391
28,145,2,Evolucionistas,0.980526,10,1704
28,145,3,Isolados,0.888465,8,1699
28,150,0,Empiristas,0.980526,10,1887
28,150,1,Incrementalistas,0.980526,10,1483
28,150,2,Evolucionistas,0.980526,10,1891
28,150,3,Isolados,0.928252,10,1886
28,155,0,Empiristas,0.983343,10,2093
28,155,1,Incrementalistas,0.983343,10,1587
28,155,2,Evolucionistas,0.983343,10,2100
28,155,3,Isolados,0.928252,10,2092
28,160,0,Empiristas,1,10,2323
28,160,1,Incrementalistas,0.983343,10,1701
28,160,2,Evolucionistas,0.983343,10,2329
28,160,3,Isolados,0.930467,10,2321
28,165,0,Empiristas,1,10,2574
28,165,1,Incrementalistas,1,10,1827
28,165,2,Evolucionistas,0.983343,10,2582
28,165,3,Isolados,0.934406,10,2574
28,170,0,Empiristas,1,10,2853
28,170,1,Incrementalistas,1,10,1967
28,170,2,Evolucionistas,1,10,2861
28,170,3,Isolados,0.938937,10,2852
28,175,0,Empiristas,1,10,3161
28,175,1,Incrementalistas,1,10,2120
28,175,2,Evolucionistas,1,10,3169
28,175,3,Isolados,0.941021,10,3160
28,180,0,Empiristas,1,10,3501
28,180,1,Incrementalistas,1,10,2290
28,180,2,Evolucionistas,1,10,3510
28,180,3,Isolados,0.952745,10,3500
28,185,0,Empiristas,1,10,3875
28,185,1,Incrementalistas,1,10,2477
28,185,2,Evolucionistas,1,10,3884
28,185,3,Isolados,0.959315,10,3875
28,190,0,Empiristas,1,10,4288
28,190,1,Incrementalistas,1,9,2684
28,190,2,Evolucionistas,1,10,4298
28,190,3,Isolados,0.959315,10,4289
28,195,0,Empiristas,1,10,4744
28,195,1,Incrementalistas,1,10,2912
28,195,2,Evolucionistas,1,10,4756
28,195,3,Isolados,0.959315,10,4746
28,200,0,Empiristas,1,10,5240
28,200,1,Incrementalistas,1,10,3159
28,200,2,Evolucionistas,1,10,5252
28,200,3,Isolados,0.959315,10,5242
28,205,0,Empiristas,1,10,5740
28,205,1,Incrementalistas,1,10,3409
28,205,2,Evolucionistas,1,9,5652
28,205,3,Isolados,0.959315,10,5742
28,210,0,Empiristas,1,10,6240
28,210,1,Incrementalistas,1,10,3659
28,210,2,Evolucionistas,1,9,5902
28,210,3,Isolados,0.959315,10,6242
28,215,0,Empiristas,1,10,6740
28,215,1,Incrementalistas,1,10,3909
28,215,2,Evolucionistas,1,10,6152
28,215,3,Isolados,0.959315,10,6742
28,220,0,Empiristas,1,10,7240
28,220,1,Incrementalistas,1,10,4159
28,220,2,Evolucionistas,1,10,6402
28,220,3,Isolados,0.959315,10,7242
28,225,0,Empiristas,1,10,7740
28,225,1,Incrementalistas,1,10,4409
28,225,2,Evolucionistas,1,10,6652
28,225,3,Isolados,0.959315,10,7742
28,230,0,Empiristas,1,10,8240
28,230,1,Incrementalistas,1,10,4809
28,230,2,Evolucionistas,1,10,7052
28,230,3,Isolados,0.959315,10,8242
28,235,0,Empiristas,1,10,8740
28,235,1,Incrementalistas,1,10,5309
28,235,2,Evolucionistas,1,10,7552
28,235,3,Isolados,0.959315,10,8742
28,240,0,Empiristas,1,10,9240
28,240,1,Incrementalistas,1,10,5809
28,240,2,Evolucionistas,1,10,8052
28,240,3,Isolados,0.959315,10,9242
28,245,0,Empiristas,1,10,9740
28,245,1,Incrementalistas,1,10,6309
28,245,2,Evolucionistas,1,10,8552
28,245,3,Isolados,0.959315,10,9742
28,250,0,Empiristas,1,10,10240
28,250,1,Incrementalistas,1,10,6809
28,250,2,Evolucionistas,1,10,9052
28,250,3,Isolados,0.959315,10,10242
28,255,0,Empiristas,1,10,10740
28,255,1,Incrementalistas,1,10,7309
28,255,2,Evolucionistas,1,10,9552
28,255,3,Isolados,0.959315,10,10742
28,260,0,Empiristas,1,10,11240
28,260,1,Incrementalistas,1,10,7809
28,260,2,Evolucionistas,1,10,10052
28,260,3,Isolados,0.959315,10,11242
28,265,0,Empiristas,1,10,11740
28,265,1,Incrementalistas,1,10,8309
28,265,2,Evolucionistas,1,10,10552
28,265,3,Isolados,0.959315,10,11742
28,270,0,Empiristas,1,10,12240
28,270,1,Incrementalistas,1,10,8809
28,270,2,Evolucionistas,1,10,11052
28,270,3,Isolados,0.959315,10,12242
28,275,0,Empiristas,1,10,12740
28,275,1,Incrementalistas,1,10,9309
28,275,2,Evolucionistas,1,10,11552
28,275,3,Isolados,0.959315,10,12742
28,280,0,Empiristas,1,10,13240
28,280,1,Incrementalistas,1,10,9809
28,280,2,Evolucionistas,1,10,12052
28,280,3,Isolados,0.959315,10,13242
28,285,0,Empiristas,1,10,13740
28,285,1,Incrementalistas,1,10,10309
28,285,2,Evolucionistas,1,10,12552
28,285,3,Isolados,0.975606,10,13742
28,290,0,Empiristas,1,10,14240
28,290,1,Incrementalistas,1,10,10809
28,290,2,Evolucionistas,1,10,13052
28,290,3,Isolados,0.975606,10,14242
28,295,0,Empiristas,1,10,14740
28,295,1,Incrementalistas,1,10,11309
28,295,2,Evolucionistas,1,10,13552
28,295,3,Isolados,1,10,14742
28,300,0,Empiristas,1,10,15240
28,300,1,Incrementalistas,1,10,11809
28,300,2,Evolucionistas,1,10,14052
28,300,3,Isolados,1,10,15242
29,0,0,Empiristas,0.623619,1,2
29,0,1,Incrementalistas,0.640961,1,2
29,0,2,Evolucionistas,0.508923,1,2
29,0,3,Isolados,0.578032,1,2
29,5,0,Empiristas,0.692144,3,13
29,5,1,Incrementalistas,0.682074,2,13
29,5,2,Evolucionistas,0.682074,2,14
29,5,3,Isolados,0.683376,1,15
29,10,0,Empiristas,0.697308,4,25
29,10,1,Incrementalistas,0.746844,3,23
29,10,2,Evolucionistas,0.746844,2,26
29,10,3,Isolados,0.683376,2,27
29,15,0,Empiristas,0.746844,5,40
29,15,1,Incrementalistas,0.746844,4,35
29,15,2,Evolucionistas,0.746844,4,39
29,15,3,Isolados,0.695315,2,40
29,20,0,Empiristas,0.746844,5,54
29,20,1,Incrementalistas,0.746844,4,49
29,20,2,Evolucionistas,0.746844,4,53
29,20,3,Isolados,0.75115,2,55
29,25,0,Empiristas,0.801019,6,69
29,25,1,Incrementalistas,0.756607,5,64
29,25,2,Evolucionistas,0.756607,4,69
29,25,3,Isolados,0.75115,2,70
29,30,0,Empiristas,0.801019,6,85
29,30,1,Incrementalistas,0.801019,6,81
29,30,2,Evolucionistas,0.801019,6,87
29,30,3,Isolados,0.819168,3,87
29,35,0,Empiristas,0.802066,6,103
29,35,1,Incrementalistas,0.802066,6,100
29,35,2,Evolucionistas,0.808529,7,104
29,35,3,Isolados,0.819168,3,106
29,40,0,Empiristas,0.802066,6,124
29,40,1,Incrementalistas,0.808529,7,120
29,40,2,Evolucionistas,0.808529,7,126
29,40,3,Isolados,0.819168,3,128
29,45,0,Empiristas,0.816729,6,147
29,45,1,Incrementalistas,0.809025,8,142
29,45,2,Evolucionistas,0.816729,8,149
29,45,3,Isolados,0.853952,4,152
29,50,0,Empiristas,0.816729,7,173
29,50,1,Incrementalistas,0.816729,8,168
29,50,2,Evolucionistas,0.828524,8,175
29,50,3,Isolados,0.853952,5,177
29,55,0,Empiristas,0.816729,8,202
29,55,1,Incrementalistas,0.816729,8,197
29,55,2,Evolucionistas,0.828524,8,203
29,55,3,Isolados,0.853952,5,207
29,60,0,Empiristas,0.857898,8,234
29,60,1,Incrementalistas,0.857898,8,229
29,60,2,Evolucionistas,0.857898,9,235
29,60,3,Isolados,0.875426,6,241
29,65,0,Empiristas,0.86253,9,269
29,65,1,Incrementalistas,0.86253,9,264
29,65,2,Evolucionistas,0.86253,9,272
29,65,3,Isolados,0.875426,7,277
29,70,0,Empiristas,0.89246,9,307
29,70,1,Incrementalistas,0.89246,9,304
29,70,2,Evolucionistas,0.89246,9,310
29,70,3,Isolados,0.875479,7,315
29,75,0,Empiristas,0.89246,9,348
29,75,1,Incrementalistas,0.89246,10,346
29,75,2,Evolucionistas,0.89246,9,351
29,75,3,Isolados,0.920591,7,358
29,80,0,Empiristas,0.89985,9,395
29,80,1,Incrementalistas,0.904374,10,394
29,80,2,Evolucionistas,0.904374,10,397
29,80,3,Isolados,0.920591,7,404
29,85,0,Empiristas,0.913428,9,447
29,85,1,Incrementalistas,0.904374,10,446
29,85,2,Evolucionistas,0.913428,10,449
29,85,3,Isolados,0.941649,7,455
29,90,0,Empiristas,0.918002,9,504
29,90,1,Incrementalistas,0.918002,10,502
29,90,2,Evolucionistas,0.956841,7,506
29,90,3,Isolados,0.941649,7,512
29,95,0,Empiristas,0.956841,9,567
29,95,1,Incrementalistas,0.956841,10,565
29,95,2,Evolucionistas,0.956841,8,538
29,95,3,Isolados,0.949717,7,576
29,100,0,Empiristas,0.956841,9,636
29,100,1,Incrementalistas,0.956841,10,636
29,100,2,Evolucionistas,0.956841,8,572
29,100,3,Isolados,0.949717,7,645
29,105,0,Empiristas,0.956841,9,712
29,105,1,Incrementalistas,0.956841,10,713
29,105,2,Evolucionistas,0.956841,8,611
29,105,3,Isolados,0.974186,7,723
29,110,0,Empiristas,0.956841,10,796
29,110,1,Incrementalistas,0.956841,10,797
29,110,2,Evolucionistas,0.956841,8,654
29,110,3,Isolados,0.979893,7,809
29,115,0,Empiristas,0.956841,10,890
29,115,1,Incrementalistas,0.956841,10,891
29,115,2,Evolucionistas,0.956841,10,711
29,115,3,Isolados,0.979893,7,904
29,120,0,Empiristas,0.956841,10,994
29,120,1,Incrementalistas,0.960995,10,995
29,120,2,Evolucionistas,0.956841,10,815
29,120,3,Isolados,0.98602,7,1006
29,125,0,Empiristas,0.956841,10,1109
29,125,1,Incrementalistas,0.960995,10,1109
29,125,2,Evolucionistas,0.956841,10,927
29,125,3,Isolados,0.98602,7,1121
29,130,0,Empiristas,0.960995,10,1234
29,130,1,Incrementalistas,0.960995,8,1198
29,130,2,Evolucionistas,0.960995,10,1054
29,130,3,Isolados,0.98602,7,1247
29,135,0,Empiristas,0.960995,10,1373
29,135,1,Incrementalistas,0.960995,10,1266
29,135,2,Evolucionistas,0.960995,10,1194
29,135,3,Isolados,0.98602,8,1386
29,140,0,Empiristas,0.960995,10,1527
29,140,1,Incrementalistas,0.960995,9,1341
29,140,2,Evolucionistas,0.960995,10,1346
29,140,3,Isolados,0.98602,8,1540
29,145,0,Empiristas,0.960995,10,1697
29,145,1,Incrementalistas,0.960995,9,1425
29,145,2,Evolucionistas,0.960995,10,1516
29,145,3,Isolados,0.98602,8,1710
29,150,0,Empiristas,0.960995,10,1884
29,150,1,Incrementalistas,0.960995,9,1519
29,150,2,Evolucionistas,0.960995,10,1702
29,150,3,Isolados,0.98602,8,1897
29,155,0,Empiristas,0.960995,10,2092
29,155,1,Incrementalistas,0.960995,9,1624
29,155,2,Evolucionistas,0.960995,10,1909
29,155,3,Isolados,0.98602,8,2103
29,160,0,Empiristas,0.960995,10,2319
29,160,1,Incrementalistas,0.960995,10,1738
29,160,2,Evolucionistas,0.960995,10,2138
29,160,3,Isolados,0.98783,8,2331
29,165,0,Empiristas,0.961551,10,2571
29,165,1,Incrementalistas,0.961551,9,1889
29,165,2,Evolucionistas,0.961551,10,2390
29,165,3,Isolados,0.98783,8,2584
29,170,0,Empiristas,0.98783,10,2850
29,170,1,Incrementalistas,0.98602,10,2029
29,170,2,Evolucionistas,0.98783,10,2668
29,170,3,Isolados,0.98783,8,2863
29,175,0,Empiristas,0.98783,10,3158
29,175,1,Incrementalistas,0.98783,10,2182
29,175,2,Evolucionistas,0.98783,10,2975
29,175,3,Isolados,0.98783,8,3171
29,180,0,Empiristas,0.98783,10,3497
29,180,1,Incrementalistas,0.98783,10,2352
29,180,2,Evolucionistas,0.98783,10,3316
29,180,3,Isolados,0.98783,8,3510
29,185,0,Empiristas,0.98783,10,3871
29,185,1,Incrementalistas,0.98783,10,2538
29,185,2,Evolucionistas,0.98783,10,3691
29,185,3,Isolados,0.98783,8,3885
29,190,0,Empiristas,0.98783,10,4285
29,190,1,Incrementalistas,0.98783,10,2953
29,190,2,Evolucionistas,0.98783,10,4104
29,190,3,Isolados,0.98783,8,4299
29,195,0,Empiristas,0.98783,10,4743
29,195,1,Incrementalistas,0.98783,10,3410
29,195,2,Evolucionistas,0.98783,10,4560
29,195,3,Isolados,0.98783,8,4755
29,200,0,Empiristas,0.98783,10,5239
29,200,1,Incrementalistas,0.98783,10,3906
29,200,2,Evolucionistas,0.98783,10,5056
29,200,3,Isolados,0.98783,8,5251
29,205,0,Empiristas,0.98783,10,5739
29,205,1,Incrementalistas,0.98783,10,4406
29,205,2,Evolucionistas,0.98783,10,5556
29,205,3,Isolados,0.98783,8,5751
29,210,0,Empiristas,0.98783,10,6239
29,210,1,Incrementalistas,0.98783,10,4906
29,210,2,Evolucionistas,0.98783,10,6056
29,210,3,Isolados,0.98783,8,6251
29,215,0,Empiristas,0.98783,10,6739
29,215,1,Incrementalistas,0.98783,10,5406
29,215,2,Evolucionistas,0.98783,10,6556
29,215,3,Isolados,0.98783,9,6751
29,220,0,Empiristas,0.98783,10,7239
29,220,1,Incrementalistas,0.98783,10,5906
29,220,2,Evolucionistas,0.98783,10,7056
29,220,3,Isolados,0.98783,10,7251
29,225,0,Empiristas,0.98783,10,7739
29,225,1,Incrementalistas,0.98783,10,6406
29,225,2,Evolucionistas,0.98783,10,7556
29,225,3,Isolados,0.98783,10,7751
29,230,0,Empiristas,0.98783,10,8239
29,230,1,Incrementalistas,0.98783,10,6906
29,230,2,Evolucionistas,0.98783,10,8056
29,230,3,Isolados,0.98783,10,8251
29,235,0,Empiristas,0.98783,10,8739
29,235,1,Incrementalistas,0.98783,10,7406
29,235,2,Evolucionistas,0.98783,10,8556
29,235,3,Isolados,0.98783,10,8751
29,240,0,Empiristas,0.98783,10,9239
29,240,1,Incrementalistas,0.98783,10,7906
29,240,2,Evolucionistas,0.98783,10,9056
29,240,3,Isolados,0.98783,10,9251
29,245,0,Empiristas,0.98783,10,9739
29,245,1,Incrementalistas,0.98783,10,8406
29,245,2,Evolucionistas,0.98783,10,9556
29,245,3,Isolados,0.98783,10,9751
29,250,0,Empiristas,0.98783,10,10239
29,250,1,Incrementalistas,0.98783,10,8906
29,250,2,Evolucionistas,0.98783,10,10056
29,250,3,Isolados,0.98783,10,10251
29,255,0,Empiristas,0.98783,10,10739
29,255,1,Incrementalistas,0.98783,10,9406
29,255,2,Evolucionistas,0.98783,10,10556
29,255,3,Isolados,0.98783,10,10751
29,260,0,Empiristas,0.98783,10,11239
29,260,1,Incrementalistas,0.98783,9,9806
29,260,2,Evolucionistas,0.98783,10,11056
29,260,3,Isolados,0.98783,10,11251
29,265,0,Empiristas,0.98783,10,11739
29,265,1,Incrementalistas,0.98783,10,10056
29,265,2,Evolucionistas,0.98783,10,11556
29,265,3,Isolados,0.98783,10,11751
29,270,0,Empiristas,0.98783,10,12239
29,270,1,Incrementalistas,0.98783,10,10306
29,270,2,Evolucionistas,0.98783,10,12056
29,270,3,Isolados,0.98783,10,12251
29,275,0,Empiristas,0.98783,10,12739
29,275,1,Incrementalistas,0.98783,10,10556
29,275,2,Evolucionistas,0.98783,10,12556
29,275,3,Isolados,0.98783,10,12751
29,280,0,Empiristas,0.98783,10,13239
29,280,1,Incrementalistas,0.98783,10,10806
29,280,2,Evolucionistas,0.98783,10,13056
29,280,3,Isolados,0.98783,10,13251
29,285,0,Empiristas,0.98783,6,13739
29,285,1,Incrementalistas,0.98783,10,11206
29,285,2,Evolucionistas,0.98783,10,13556
29,285,3,Isolados,0.98783,10,13751
29,290,0,Empiristas,0.98783,10,13989
29,290,1,Incrementalistas,0.98783,10,11706
29,290,2,Evolucionistas,0.98783,10,14056
29,290,3,Isolados,0.98783,10,14251
29,295,0,Empiristas,0.98783,10,14239
29,295,1,Incrementalistas,0.98783,10,12206
29,295,2,Evolucionistas,0.98783,10,14556
29,295,3,Isolados,0.98783,10,14751
29,300,0,Empiristas,0.98783,10,14489
29,300,1,Incrementalistas,0.98783,10,12706
29,300,2,Evolucionistas,0.98783,10,15056
29,300,3,Isolados,0.98783,10,15251
30,0,0,Empiristas,0.542321,1,2
30,0,1,Incrementalistas,0.583782,1,2
30,0,2,Evolucionistas,0.583782,1,2
30,0,3,Isolados,0.566614,1,2
30,5,0,Empiristas,0.701867,2,13
30,5,1,Incrementalistas,0.701867,3,12
30,5,2,Evolucionistas,0.701867,2,13
30,5,3,Isolados,0.629197,1,12
30,10,0,Empiristas,0.701867,3,25
30,10,1,Incrementalistas,0.701867,4,24
30,10,2,Evolucionistas,0.701867,4,18
30,10,3,Isolados,0.636954,1,22
30,15,0,Empiristas,0.711003,4,38
30,15,1,Incrementalistas,0.711003,4,36
30,15,2,Evolucionistas,0.711003,4,23
30,15,3,Isolados,0.636954,1,37
30,20,0,Empiristas,0.711003,4,53
30,20,1,Incrementalistas,0.711003,4,50
30,20,2,Evolucionistas,0.711003,4,30
30,20,3,Isolados,0.643428,1,51
30,25,0,Empiristas,0.711003,4,69
30,25,1,Incrementalistas,0.712598,4,66
30,25,2,Evolucionistas,0.733035,4,36
30,25,3,Isolados,0.658197,1,68
30,30,0,Empiristas,0.737747,5,88
30,30,1,Incrementalistas,0.768268,4,85
30,30,2,Evolucionistas,0.737747,4,47
30,30,3,Isolados,0.658197,2,85
30,35,0,Empiristas,0.768268,5,108
30,35,1,Incrementalistas,0.768268,4,104
30,35,2,Evolucionistas,0.768268,5,67
30,35,3,Isolados,0.658197,2,102
30,40,0,Empiristas,0.768268,5,129
30,40,1,Incrementalistas,0.768268,5,124
30,40,2,Evolucionistas,0.768268,5,87
30,40,3,Isolados,0.658197,2,123
30,45,0,Empiristas,0.777174,5,153
30,45,1,Incrementalistas,0.777174,6,147
30,45,2,Evolucionistas,0.777174,5,109
30,45,3,Isolados,0.687557,2,148
30,50,0,Empiristas,0.777174,5,179
30,50,1,Incrementalistas,0.84971,6,172
30,50,2,Evolucionistas,0.84971,5,135
30,50,3,Isolados,0.724731,4,174
30,55,0,Empiristas,0.8568,5,207
30,55,1,Incrementalistas,0.8568,7,200
30,55,2,Evolucionistas,0.84971,6,163
30,55,3,Isolados,0.724731,4,203
30,60,0,Empiristas,0.8568,7,238
30,60,1,Incrementalistas,0.8568,7,231
30,60,2,Evolucionistas,0.8568,7,196
30,60,3,Isolados,0.740647,4,234
30,65,0,Empiristas,0.870822,7,272
30,65,1,Incrementalistas,0.8568,7,266
30,65,2,Evolucionistas,0.870822,7,233
30,65,3,Isolados,0.740647,4,269
30,70,0,Empiristas,0.870822,7,311
30,70,1,Incrementalistas,0.870822,7,304
30,70,2,Evolucionistas,0.870822,7,272
30,70,3,Isolados,0.767515,5,307
30,75,0,Empiristas,0.870822,7,353
30,75,1,Incrementalistas,0.870822,8,346
30,75,2,Evolucionistas,0.870822,7,316
30,75,3,Isolados,0.767515,5,349
30,80,0,Empiristas,0.870822,7,400
30,80,1,Incrementalistas,0.870822,8,391
30,80,2,Evolucionistas,0.870822,7,364
30,80,3,Isolados,0.787441,7,397
30,85,0,Empiristas,0.870822,7,452
30,85,1,Incrementalistas,0.881072,8,443
30,85,2,Evolucionistas,0.881072,7,416
30,85,3,Isolados,0.787441,7,449
30,90,0,Empiristas,0.899126,7,509
30,90,1,Incrementalistas,0.899126,8,499
30,90,2,Evolucionistas,0.916347,7,474
30,90,3,Isolados,0.809421,8,507
30,95,0,Empiristas,0.933425,7,573
30,95,1,Incrementalistas,0.933425,8,563
30,95,2,Evolucionistas,0.933425,7,538
30,95,3,Isolados,0.880483,8,570
30,100,0,Empiristas,0.933425,7,643
30,100,1,Incrementalistas,0.942549,9,633
30,100,2,Evolucionistas,0.933425,7,607
30,100,3,Isolados,0.880483,8,640
30,105,0,Empiristas,0.942549,8,721
30,105,1,Incrementalistas,0.942549,9,710
30,105,2,Evolucionistas,0.942549,8,684
30,105,3,Isolados,0.880483,8,718
30,110,0,Empiristas,0.960939,9,805
30,110,1,Incrementalistas,0.942549,10,794
30,110,2,Evolucionistas,0.960939,9,767
30,110,3,Isolados,0.891395,8,803
30,115,0,Empiristas,0.960939,10,899
30,115,1,Incrementalistas,0.960939,10,887
30,115,2,Evolucionistas,0.960939,10,861
30,115,3,Isolados,0.948477,8,896
30,120,0,Empiristas,0.960939,10,1003
30,120,1,Incrementalistas,0.960939,10,992
30,120,2,Evolucionistas,0.960939,10,964
30,120,3,Isolados,0.954549,8,1000
30,125,0,Empiristas,0.960939,10,1116
30,125,1,Incrementalistas,0.960939,10,1107
30,125,2,Evolucionistas,0.960939,10,1079
30,125,3,Isolados,0.954549,8,1115
30,130,0,Empiristas,0.960939,10,1241
30,130,1,Incrementalistas,0.960939,10,1233
30,130,2,Evolucionistas,0.960939,10,1206
30,130,3,Isolados,0.954549,8,1241
30,135,0,Empiristas,0.960939,10,1381
30,135,1,Incrementalistas,0.960939,10,1372
30,135,2,Evolucionistas,0.960939,10,1346
30,135,3,Isolados,0.957404,8,1379
30,140,0,Empiristas,0.960939,10,1536
30,140,1,Incrementalistas,0.960939,10,1528
30,140,2,Evolucionistas,0.960939,10,1501
30,140,3,Isolados,0.957404,8,1534
30,145,0,Empiristas,0.960939,10,1706
30,145,1,Incrementalistas,0.960939,10,1699
30,145,2,Evolucionistas,0.960939,10,1671
30,145,3,Isolados,0.976647,8,1704
30,150,0,Empiristas,0.960939,10,1895
30,150,1,Incrementalistas,0.960939,10,1887
30,150,2,Evolucionistas,0.960939,10,1858
30,150,3,Isolados,0.98783,8,1892
30,155,0,Empiristas,0.960939,10,2103
30,155,1,Incrementalistas,0.960939,10,2095
30,155,2,Evolucionistas,0.960939,10,2064
30,155,3,Isolados,0.98783,8,2100
30,160,0,Empiristas,0.976973,10,2330
30,160,1,Incrementalistas,0.966513,10,2324
30,160,2,Evolucionistas,0.966513,10,2294
30,160,3,Isolados,0.98783,8,2329
30,165,0,Empiristas,0.976973,10,2582
30,165,1,Incrementalistas,0.976973,10,2578
30,165,2,Evolucionistas,0.976973,10,2546
30,165,3,Isolados,0.98783,8,2581
30,170,0,Empiristas,0.976973,10,2861
30,170,1,Incrementalistas,0.976973,10,2856
30,170,2,Evolucionistas,0.976973,10,2825
30,170,3,Isolados,0.98783,8,2859
30,175,0,Empiristas,0.983343,10,3168
30,175,1,Incrementalistas,0.983343,10,3163
30,175,2,Evolucionistas,0.983343,10,3133
30,175,3,Isolados,0.98783,8,3166
30,180,0,Empiristas,0.983343,10,3508
30,180,1,Incrementalistas,0.983343,10,3503
30,180,2,Evolucionistas,0.983343,10,3474
30,180,3,Isolados,0.98783,8,3506
30,185,0,Empiristas,0.983343,10,3883
30,185,1,Incrementalistas,0.988807,10,3879
30,185,2,Evolucionistas,0.983343,10,3850
30,185,3,Isolados,0.98783,8,3882
30,190,0,Empiristas,1,10,4298
30,190,1,Incrementalistas,1,10,4292
30,190,2,Evolucionistas,1,10,4263
30,190,3,Isolados,0.98783,8,4296
30,195,0,Empiristas,1,10,4754
30,195,1,Incrementalistas,1,10,4749
30,195,2,Evolucionistas,1,10,4721
30,195,3,Isolados,0.98783,10,4751
30,200,0,Empiristas,1,10,5250
30,200,1,Incrementalistas,1,10,5245
30,200,2,Evolucionistas,1,10,5217
30,200,3,Isolados,0.98783,10,5247
30,205,0,Empiristas,1,10,5750
30,205,1,Incrementalistas,1,10,5745
30,205,2,Evolucionistas,1,10,5717
30,205,3,Isolados,0.98783,10,5747
30,210,0,Empiristas,1,10,6250
30,210,1,Incrementalistas,1,10,6245
30,210,2,Evolucionistas,1,10,6217
30,210,3,Isolados,0.98783,10,6247
30,215,0,Empiristas,1,10,6750
30,215,1,Incrementalistas,1,10,6745
30,215,2,Evolucionistas,1,10,6717
30,215,3,Isolados,0.98783,10,6747
30,220,0,Empiristas,1,10,7250
30,220,1,Incrementalistas,1,10,7245
30,220,2,Evolucionistas,1,10,7217
30,220,3,Isolados,0.98783,10,7247
30,225,0,Empiristas,1,10,7750
30,225,1,Incrementalistas,1,10,7745
30,225,2,Evolucionistas,1,10,7717
30,225,3,Isolados,0.98783,10,7747
30,230,0,Empiristas,1,10,8250
30,230,1,Incrementalistas,1,10,8245
30,230,2,Evolucionistas,1,10,8217
30,230,3,Isolados,0.98783,10,8247
30,235,0,Empiristas,1,10,8750
30,235,1,Incrementalistas,1,10,8745
30,235,2,Evolucionistas,1,10,8717
30,235,3,Isolados,0.98783,10,8747
30,240,0,Empiristas,1,10,9250
30,240,1,Incrementalistas,1,10,9245
30,240,2,Evolucionistas,1,10,9217
30,240,3,Isolados,0.98783,10,9247
30,245,0,Empiristas,1,10,9750
30,245,1,Incrementalistas,1,10,9745
30,245,2,Evolucionistas,1,10,9717
30,245,3,Isolados,0.98783,10,9747
30,250,0,Empiristas,1,10,10250
30,250,1,Incrementalistas,1,10,10245
30,250,2,Evolucionistas,1,10,10217
30,250,3,Isolados,0.98783,10,10247
30,255,0,Empiristas,1,10,10750
30,255,1,Incrementalistas,1,10,10745
30,255,2,Evolucionistas,1,10,10717
30,255,3,Isolados,0.98783,10,10747
30,260,0,Empiristas,1,10,11250
30,260,1,Incrementalistas,1,10,11245
30,260,2,Evolucionistas,1,10,11217
30,260,3,Isolados,0.98783,10,11247
30,265,0,Empiristas,1,10,11750
30,265,1,Incrementalistas,1,10,11745
30,265,2,Evolucionistas,1,10,11717
30,265,3,Isolados,0.98783,10,11747
30,270,0,Empiristas,1,10,12250
30,270,1,Incrementalistas,1,10,12245
30,270,2,Evolucionistas,1,10,12217
30,270,3,Isolados,0.98783,10,12247
30,275,0,Empiristas,1,10,12750
30,275,1,Incrementalistas,1,10,12745
30,275,2,Evolucionistas,1,10,12717
30,275,3,Isolados,0.98783,10,12747
30,280,0,Empiristas,1,10,13250
30,280,1,Incrementalistas,1,10,13245
30,280,2,Evolucionistas,1,10,13217
30,280,3,Isolados,0.98783,10,13247
30,285,0,Empiristas,1,10,13750
30,285,1,Incrementalistas,1,10,13745
30,285,2,Evolucionistas,1,10,13717
30,285,3,Isolados,0.98783,9,13697
30,290,0,Empiristas,1,10,14250
30,290,1,Incrementalistas,1,10,14245
30,290,2,Evolucionistas,1,10,14217
30,290,3,Isolados,0.98783,10,13947
30,295,0,Empiristas,1,10,14750
30,295,1,Incrementalistas,1,10,14745
30,295,2,Evolucionistas,1,10,14717
30,295,3,Isolados,0.98783,10,14197
30,300,0,Empiristas,1,10,15250
30,300,1,Incrementalistas,1,10,15245
30,300,2,Evolucionistas,1,10,15217
30,300,3,Isolados,0.98783,10,14447
31,0,0,Empiristas,0.645908,2,2
31,0,1,Incrementalistas,0.54403,2,2
31,0,2,Evolucionistas,0.53459,1,2
31,0,3,Isolados,0.589521,1,2
31,5,0,Empiristas,0.729362,5,12
31,5,1,Incrementalistas,0.729362,4,14
31,5,2,Evolucionistas,0.604466,1,12
31,5,3,Isolados,0.625692,1,12
31,10,0,Empiristas,0.750944,6,25
31,10,1,Incrementalistas,0.750944,6,24
31,10,2,Evolucionistas,0.750876,4,25
31,10,3,Isolados,0.625692,1,22
31,15,0,Empiristas,0.750944,7,38
31,15,1,Incrementalistas,0.750944,6,37
31,15,2,Evolucionistas,0.750944,4,40
31,15,3,Isolados,0.625692,1,33
31,20,0,Empiristas,0.750944,6,45
31,20,1,Incrementalistas,0.806941,7,52
31,20,2,Evolucionistas,0.756844,5,53
31,20,3,Isolados,0.625692,2,48
31,25,0,Empiristas,0.756844,7,53
31,25,1,Incrementalistas,0.826776,7,67
31,25,2,Evolucionistas,0.756844,6,68
31,25,3,Isolados,0.731574,2,64
31,30,0,Empiristas,0.826776,7,61
31,30,1,Incrementalistas,0.826776,7,84
31,30,2,Evolucionistas,0.826776,7,85
31,30,3,Isolados,0.731574,3,80
31,35,0,Empiristas,0.826776,7,71
31,35,1,Incrementalistas,0.826776,7,103
31,35,2,Evolucionistas,0.826776,7,105
31,35,3,Isolados,0.795097,4,98
31,40,0,Empiristas,0.826776,7,82
31,40,1,Incrementalistas,0.826776,7,123
31,40,2,Evolucionistas,0.826776,7,126
31,40,3,Isolados,0.795097,4,119
31,45,0,Empiristas,0.826776,7,106
31,45,1,Incrementalistas,0.826776,7,148
31,45,2,Evolucionistas,0.826776,7,150
31,45,3,Isolados,0.874298,4,141
31,50,0,Empiristas,0.83796,7,132
31,50,1,Incrementalistas,0.83796,7,174
31,50,2,Evolucionistas,0.83796,7,177
31,50,3,Isolados,0.874298,4,167
31,55,0,Empiristas,0.891052,7,160
31,55,1,Incrementalistas,0.891052,7,203
31,55,2,Evolucionistas,0.891052,7,207
31,55,3,Isolados,0.874298,6,196
31,60,0,Empiristas,0.891052,7,191
31,60,1,Incrementalistas,0.891052,7,233
31,60,2,Evolucionistas,0.891052,7,239
31,60,3,Isolados,0.874298,7,227
31,65,0,Empiristas,0.891052,7,226
31,65,1,Incrementalistas,0.891052,7,267
31,65,2,Evolucionistas,0.891686,7,274
31,65,3,Isolados,0.883709,8,262
31,70,0,Empiristas,0.891052,7,266
31,70,1,Incrementalistas,0.905239,7,306
31,70,2,Evolucionistas,0.892983,7,311
31,70,3,Isolados,0.883709,8,301
31,75,0,Empiristas,0.892983,7,308
31,75,1,Incrementalistas,0.905731,7,348
31,75,2,Evolucionistas,0.905239,7,354
31,75,3,Isolados,0.883709,8,344
31,80,0,Empiristas,0.905731,7,354
31,80,1,Incrementalistas,0.905731,7,393
31,80,2,Evolucionistas,0.933614,7,400
31,80,3,Isolados,0.883709,8,391
31,85,0,Empiristas,0.905731,7,406
31,85,1,Incrementalistas,0.921889,7,443
31,85,2,Evolucionistas,0.933614,7,452
31,85,3,Isolados,0.88656,9,442
31,90,0,Empiristas,0.905731,7,463
31,90,1,Incrementalistas,0.933614,7,501
31,90,2,Evolucionistas,0.945911,7,509
31,90,3,Isolados,0.914236,10,500
31,95,0,Empiristas,0.933614,7,525
31,95,1,Incrementalistas,0.933614,7,565
31,95,2,Evolucionistas,0.945911,7,572
31,95,3,Isolados,0.921744,6,556
31,100,0,Empiristas,0.933614,7,596
31,100,1,Incrementalistas,0.933614,7,635
31,100,2,Evolucionistas,0.952753,7,641
31,100,3,Isolados,0.921744,6,590
31,105,0,Empiristas,0.958825,7,674
31,105,1,Incrementalistas,0.961051,7,712
31,105,2,Evolucionistas,0.958825,7,718
31,105,3,Isolados,0.921744,6,629
31,110,0,Empiristas,0.970008,7,759
31,110,1,Incrementalistas,0.971104,7,795
31,110,2,Evolucionistas,0.971104,7,803
31,110,3,Isolados,0.92876,6,670
31,115,0,Empiristas,0.976647,7,853
31,115,1,Incrementalistas,0.976647,7,888
31,115,2,Evolucionistas,0.971104,7,896
31,115,3,Isolados,0.92876,7,716
31,120,0,Empiristas,0.976647,7,958
31,120,1,Incrementalistas,0.976647,7,992
31,120,2,Evolucionistas,0.976647,8,1000
31,120,3,Isolados,0.92876,7,790
31,125,0,Empiristas,0.98783,8,1072
31,125,1,Incrementalistas,0.98783,7,1105
31,125,2,Evolucionistas,0.98783,8,1114
31,125,3,Isolados,0.928838,8,904
31,130,0,Empiristas,0.98783,9,1199
31,130,1,Incrementalistas,0.98783,7,1231
31,130,2,Evolucionistas,0.98783,8,1240
31,130,3,Isolados,0.931736,8,1029
31,135,0,Empiristas,0.98783,7,1295
31,135,1,Incrementalistas,0.98783,8,1371
31,135,2,Evolucionistas,0.98783,8,1379
31,135,3,Isolados,0.946836,8,1167
31,140,0,Empiristas,0.98783,7,1371
31,140,1,Incrementalistas,0.98783,8,1524
31,140,2,Evolucionistas,0.98783,8,1533
31,140,3,Isolados,0.946836,8,1322
31,145,0,Empiristas,0.98783,9,1456
31,145,1,Incrementalistas,0.98783,8,1694
31,145,2,Evolucionistas,0.98783,8,1702
31,145,3,Isolados,0.946836,9,1491
31,150,0,Empiristas,0.98783,9,1549
31,150,1,Incrementalistas,0.98783,8,1882
31,150,2,Evolucionistas,0.98783,8,1890
31,150,3,Isolados,0.946836,9,1679
31,155,0,Empiristas,0.98783,9,1652
31,155,1,Incrementalistas,0.98783,8,2089
31,155,2,Evolucionistas,0.98783,8,2098
31,155,3,Isolados,0.946836,10,1884
31,160,0,Empiristas,0.98783,9,1860
31,160,1,Incrementalistas,0.98783,8,2317
31,160,2,Evolucionistas,0.98783,8,2327
31,160,3,Isolados,0.946836,10,2112
31,165,0,Empiristas,0.98783,8,2034
31,165,1,Incrementalistas,0.98783,8,2569
31,165,2,Evolucionistas,0.98783,9,2579
31,165,3,Isolados,0.946836,10,2363
31,170,0,Empiristas,0.98783,10,2173
31,170,1,Incrementalistas,0.98783,8,2849
31,170,2,Evolucionistas,0.98783,10,2858
31,170,3,Isolados,0.946836,10,2642
31,175,0,Empiristas,0.98783,10,2327
31,175,1,Incrementalistas,0.98783,9,3156
31,175,2,Evolucionistas,0.98783,10,3166
31,175,3,Isolados,0.946836,10,2950
31,180,0,Empiristas,0.98783,10,2497
31,180,1,Incrementalistas,0.98783,9,3496
31,180,2,Evolucionistas,0.98783,10,3505
31,180,3,Isolados,0.946836,10,3291
31,185,0,Empiristas,0.98783,10,2684
31,185,1,Incrementalistas,0.98783,10,3870
31,185,2,Evolucionistas,0.98783,10,3879
31,185,3,Isolados,0.946836,10,3666
31,190,0,Empiristas,0.98783,10,3059
31,190,1,Incrementalistas,0.98783,10,4284
31,190,2,Evolucionistas,0.98783,10,4293
31,190,3,Isolados,0.954329,10,4079
31,195,0,Empiristas,0.98783,10,3516
31,195,1,Incrementalistas,0.98783,10,4742
31,195,2,Evolucionistas,0.98783,10,4750
31,195,3,Isolados,0.954329,10,4535
31,200,0,Empiristas,0.98783,10,4012
31,200,1,Incrementalistas,0.98783,10,5238
31,200,2,Evolucionistas,0.98783,10,5246
31,200,3,Isolados,0.954329,10,5031
31,205,0,Empiristas,0.98783,10,4512
31,205,1,Incrementalistas,0.98783,10,5738
31,205,2,Evolucionistas,0.98783,10,5746
31,205,3,Isolados,0.954329,10,5531
31,210,0,Empiristas,0.98783,10,5012
31,210,1,Incrementalistas,0.98783,10,6238
31,210,2,Evolucionistas,0.98783,10,6246
31,210,3,Isolados,0.954329,10,6031
31,215,0,Empiristas,0.98783,10,5512
31,215,1,Incrementalistas,0.98783,10,6738
31,215,2,Evolucionistas,0.98783,10,6746
31,215,3,Isolados,0.959315,10,6531
31,220,0,Empiristas,0.98783,10,6012
31,220,1,Incrementalistas,0.98783,10,7238
31,220,2,Evolucionistas,0.98783,10,7246
31,220,3,Isolados,0.959315,10,7031
31,225,0,Empiristas,0.98783,10,6512
31,225,1,Incrementalistas,0.98783,10,7738
31,225,2,Evolucionistas,0.98783,10,7746
31,225,3,Isolados,0.959315,10,7531
31,230,0,Empiristas,0.98783,10,7012
31,230,1,Incrementalistas,0.98783,10,8238
31,230,2,Evolucionistas,0.98783,10,8246
31,230,3,Isolados,0.959315,10,8031
31,235,0,Empiristas,0.98783,10,7512
31,235,1,Incrementalistas,0.98783,10,8738
31,235,2,Evolucionistas,0.98783,10,8746
31,235,3,Isolados,0.959315,10,8531
31,240,0,Empiristas,0.98783,10,8012
31,240,1,Incrementalistas,0.98783,10,9238
31,240,2,Evolucionistas,0.98783,10,9246
31,240,3,Isolados,0.959315,10,9031
31,245,0,Empiristas,0.98783,10,8512
31,245,1,Incrementalistas,0.98783,10,9738
31,245,2,Evolucionistas,0.98783,10,9746
31,245,3,Isolados,0.959315,10,9531
31,250,0,Empiristas,0.98783,10,9012
31,250,1,Incrementalistas,0.98783,10,10238
31,250,2,Evolucionistas,0.98783,10,10246
31,250,3,Isolados,0.959315,10,10031
31,255,0,Empiristas,0.98783,10,9512
31,255,1,Incrementalistas,0.98783,10,10738
31,255,2,Evolucionistas,0.98783,10,10746
31,255,3,Isolados,0.959315,10,10531
31,260,0,Empiristas,0.98783,10,10012
31,260,1,Incrementalistas,0.98783,10,11238
31,260,2,Evolucionistas,0.98783,10,11246
31,260,3,Isolados,0.959315,10,11031
31,265,0,Empiristas,0.98783,10,10512
31,265,1,Incrementalistas,0.98783,10,11738
31,265,2,Evolucionistas,0.98783,10,11746
31,265,3,Isolados,0.959315,10,11531
31,270,0,Empiristas,0.98783,10,11012
31,270,1,Incrementalistas,0.98783,10,12238
31,270,2,Evolucionistas,0.98783,10,12246
31,270,3,Isolados,0.959315,10,12031
31,275,0,Empiristas,0.98783,10,11512
31,275,1,Incrementalistas,0.98783,10,12738
31,275,2,Evolucionistas,0.98783,10,12746
31,275,3,Isolados,0.959315,10,12531
31,280,0,Empiristas,0.98783,10,12012
31,280,1,Incrementalistas,0.98783,10,13238
31,280,2,Evolucionistas,0.98783,10,13246
31,280,3,Isolados,0.959315,10,13031
31,285,0,Empiristas,0.98783,10,12512
31,285,1,Incrementalistas,0.98783,10,13738
31,285,2,Evolucionistas,0.98783,10,13746
31,285,3,Isolados,0.959315,10,13531
31,290,0,Empiristas,0.98783,10,13012
31,290,1,Incrementalistas,0.98783,10,14238
31,290,2,Evolucionistas,0.98783,10,14246
31,290,3,Isolados,0.959315,10,14031
31,295,0,Empiristas,0.98783,10,13512
31,295,1,Incrementalistas,0.98783,10,14738
31,295,2,Evolucionistas,0.98783,10,14746
31,295,3,Isolados,0.959315,10,14531
31,300,0,Empiristas,0.98783,10,14012
31,300,1,Incrementalistas,0.98783,10,15238
31,300,2,Evolucionistas,0.98783,10,15246
31,300,3,Isolados,0.959315,10,15031
