rodada,ano,civilizacao,cultura,classe,score,primeira_do_universo,por_contato
0,0,0,Empiristas,"dispersiva",-4.34294e-07,1,0
0,0,1,Incrementalistas,"dispersiva",0.0592292,0,0
0,0,3,Isolados,"dispersiva",-4.34294e-07,0,0
0,1,2,Evolucionistas,"dispersiva",-0.210185,0,0
0,5,3,Isolados,"banda plana isolada [interferencia], 4 sitios",6.15957,1,0
0,13,0,Empiristas,"banda plana isolada [interferencia], 3 sitios",6.47714,1,0
0,13,2,Evolucionistas,"banda plana isolada [interferencia], 3 sitios",6.47714,0,1
0,13,1,Incrementalistas,"banda plana isolada [interferencia], 3 sitios",6.47714,0,1
0,17,2,Evolucionistas,"banda plana isolada [desbalanco de subredes], 3 sitios",7.84117,1,0
0,19,3,Isolados,"banda plana nao isolada [interferencia], 4 sitios",6,1,0
0,22,1,Incrementalistas,"banda plana nao isolada [interferencia], 3 sitios",6,1,0
0,22,1,Incrementalistas,"banda plana nao isolada [desbalanco de subredes], 3 sitios",6,1,0
0,22,0,Empiristas,"banda plana isolada [desbalanco de subredes], 3 sitios",7.84117,0,1
0,24,2,Evolucionistas,"banda plana nao isolada [interferencia], 3 sitios",6,0,0
0,25,1,Incrementalistas,"banda plana isolada [desbalanco de subredes], 3 sitios",7.84117,0,1
0,26,2,Evolucionistas,"banda plana nao isolada [desbalanco de subredes], 3 sitios",6,0,1
0,30,0,Empiristas,"banda plana nao isolada [desbalanco de subredes], 3 sitios",6,0,0
0,38,3,Isolados,"banda plana isolada [interferencia], 3 sitios",7.73078,0,0
0,38,0,Empiristas,"banda plana nao isolada [interferencia], 3 sitios",6,0,1
0,48,3,Isolados,"banda plana isolada [desbalanco de subredes], 3 sitios",7.15073,0,0
0,48,3,Isolados,"banda plana nao isolada [interferencia], 3 sitios",6,0,0
0,62,0,Empiristas,"banda plana isolada [desbalanco de subredes], 3 sitios",9,0,0
0,62,0,Empiristas,"dispersiva",-0.233582,0,0
0,65,3,Isolados,"banda plana nao isolada [desbalanco de subredes], 3 sitios",6,0,0
0,71,2,Evolucionistas,"banda plana isolada [interferencia], 4 sitios",6.32104,0,0
0,79,0,Empiristas,"banda plana nao isolada [interferencia], 4 sitios",6,0,0
0,79,0,Empiristas,"banda plana isolada [interferencia], 4 sitios",6.37934,0,1
0,111,2,Evolucionistas,"banda plana nao isolada [interferencia], 4 sitios",6,0,1
0,112,1,Incrementalistas,"banda plana nao isolada [interferencia], 4 sitios",6,0,0
0,112,1,Incrementalistas,"banda plana isolada [interferencia], 4 sitios",6.99411,0,1
0,143,3,Isolados,"banda plana isolada [desbalanco de subredes], 3 sitios",9,0,0
0,150,3,Isolados,"banda plana nao isolada [interferencia], 3 sitios",6,0,0
0,151,3,Isolados,"banda plana isolada [interferencia], 4 sitios",6.30227,0,0
0,203,1,Incrementalistas,"banda plana nao isolada [desbalanco de subredes], 4 sitios",6,1,0
0,219,2,Evolucionistas,"banda plana nao isolada [desbalanco de subredes], 4 sitios",6,0,0
0,226,0,Empiristas,"banda plana nao isolada [desbalanco de subredes], 4 sitios",6,0,0
0,296,3,Isolados,"banda plana nao isolada [desbalanco de subredes], 4 sitios",6,0,0
0,300,2,Evolucionistas,"dispersiva",-0.284255,0,0
0,300,2,Evolucionistas,"banda plana isolada [interferencia], 3 sitios",6.71904,0,0
1,0,0,Empiristas,"dispersiva",-4.34294e-07,1,0
1,0,1,Incrementalistas,"dispersiva",-0.0894389,0,0
1,1,2,Evolucionistas,"dispersiva",-0.343601,0,0
1,2,3,Isolados,"dispersiva",-0.60206,0,0
1,13,0,Empiristas,"banda plana nao isolada [desbalanco de subredes], 3 sitios",6,1,0
1,14,1,Incrementalistas,"banda plana nao isolada [desbalanco de subredes], 3 sitios",6,0,1
1,16,1,Incrementalistas,"banda plana nao isolada [interferencia], 3 sitios",6,1,0
1,16,2,Evolucionistas,"banda plana nao isolada [desbalanco de subredes], 3 sitios",6,0,1
1,17,1,Incrementalistas,"banda plana isolada [interferencia], 3 sitios",6.30132,1,0
1,20,0,Empiristas,"banda plana isolada [interferencia], 3 sitios",7.75692,0,1
1,20,0,Empiristas,"banda plana nao isolada [interferencia], 3 sitios",6,0,1
1,20,2,Evolucionistas,"banda plana isolada [interferencia], 3 sitios",7.75692,0,1
1,25,1,Incrementalistas,"banda plana isolada [interferencia], 4 sitios",6.29895,1,0
1,26,2,Evolucionistas,"banda plana nao isolada [interferencia], 3 sitios",6,0,1
1,30,0,Empiristas,"banda plana isolada [interferencia], 4 sitios",6.29895,0,1
1,32,2,Evolucionistas,"banda plana isolada [interferencia], 4 sitios",6.29895,0,1
1,34,2,Evolucionistas,"banda plana isolada [desbalanco de subredes], 3 sitios",8.54062,1,0
1,40,0,Empiristas,"banda plana isolada [desbalanco de subredes], 3 sitios",8.54062,0,0
1,42,1,Incrementalistas,"banda plana isolada [desbalanco de subredes], 3 sitios",8.67385,0,0
1,45,2,Evolucionistas,"banda plana nao isolada [interferencia], 4 sitios",6,1,0
1,51,3,Isolados,"banda plana nao isolada [desbalanco de subredes], 3 sitios",6,0,0
1,52,3,Isolados,"banda plana nao isolada [interferencia], 3 sitios",6,0,0
1,52,3,Isolados,"banda plana isolada [interferencia], 3 sitios",6.41007,0,0
1,54,1,Incrementalistas,"dispersiva",-0.596012,0,0
1,56,3,Isolados,"banda plana isolada [desbalanco de subredes], 3 sitios",7.45107,0,0
1,56,1,Incrementalistas,"banda plana nao isolada [interferencia], 3 sitios",6.11547,0,1
1,58,3,Isolados,"banda plana isolada [interferencia], 4 sitios",7.36695,0,0
1,62,1,Incrementalistas,"banda plana nao isolada [interferencia], 4 sitios",6,0,1
1,83,0,Empiristas,"banda plana nao isolada [interferencia], 4 sitios",6,0,1
1,85,3,Isolados,"banda plana nao isolada [interferencia], 4 sitios",6,0,0
1,122,1,Incrementalistas,"banda plana nao isolada [desbalanco de subredes], 3 sitios",6,0,0
1,139,1,Incrementalistas,"banda plana nao isolada [interferencia], 3 sitios",6,0,0
1,207,2,Evolucionistas,"banda plana nao isolada [desbalanco de subredes], 3 sitios",6,0,1
1,287,0,Empiristas,"banda plana nao isolada [desbalanco de subredes], 4 sitios",6,1,0
1,296,1,Incrementalistas,"banda plana nao isolada [desbalanco de subredes], 4 sitios",6,0,1
1,298,2,Evolucionistas,"banda plana nao isolada [desbalanco de subredes], 4 sitios",6,0,1
2,0,1,Incrementalistas,"dispersiva",-0.166947,1,0
2,0,0,Empiristas,"dispersiva",-0.166947,0,1
2,1,2,Evolucionistas,"dispersiva",-0.428485,0,0
2,1,3,Isolados,"dispersiva",-0.370577,0,0
2,9,0,Empiristas,"banda plana nao isolada [desbalanco de subredes], 3 sitios",6,1,0
2,10,1,Incrementalistas,"banda plana nao isolada [desbalanco de subredes], 3 sitios",6,0,1
2,16,2,Evolucionistas,"banda plana nao isolada [desbalanco de subredes], 3 sitios",6,0,1
2,19,0,Empiristas,"banda plana isolada [interferencia], 3 sitios",8.54062,1,0
2,21,1,Incrementalistas,"banda plana nao isolada [interferencia], 3 sitios",6,1,0
2,21,1,Incrementalistas,"banda plana isolada [interferencia], 3 sitios",8.54062,0,1
2,21,0,Empiristas,"banda plana nao isolada [interferencia], 3 sitios",6,0,1
2,25,1,Incrementalistas,"banda plana isolada [desbalanco de subredes], 3 sitios",6.73673,1,0
2,25,2,Evolucionistas,"banda plana isolada [interferencia], 3 sitios",8.54062,0,1
2,28,2,Evolucionistas,"banda plana isolada [desbalanco de subredes], 3 sitios",6.46029,0,0
2,32,0,Empiristas,"banda plana isolada [desbalanco de subredes], 3 sitios",7.84117,0,0
2,39,2,Evolucionistas,"banda plana nao isolada [interferencia], 3 sitios",6,0,0
2,50,2,Evolucionistas,"dispersiva",-0.30103,0,0
2,53,2,Evolucionistas,"banda plana nao isolada [desbalanco de subredes], 3 sitios",6,0,0
2,57,3,Isolados,"banda plana nao isolada [desbalanco de subredes], 3 sitios",6,0,0
2,59,3,Isolados,"banda plana isolada [interferencia], 3 sitios",6.77308,0,0
2,61,3,Isolados,"banda plana nao isolada [interferencia], 3 sitios",6,0,0
2,64,3,Isolados,"banda plana isolada [desbalanco de subredes], 3 sitios",8.02105,0,0
2,80,1,Incrementalistas,"banda plana nao isolada [desbalanco de subredes], 4 sitios",6,1,0
2,81,1,Incrementalistas,"banda plana nao isolada [interferencia], 4 sitios",6,1,0
2,87,2,Evolucionistas,"banda plana nao isolada [interferencia], 4 sitios",6,0,1
2,91,0,Empiristas,"banda plana nao isolada [interferencia], 4 sitios",6,0,1
2,91,2,Evolucionistas,"banda plana nao isolada [interferencia], 3 sitios",6.14062,0,1
2,97,0,Empiristas,"banda plana nao isolada [desbalanco de subredes], 4 sitios",6,0,1
2,103,2,Evolucionistas,"banda plana nao isolada [desbalanco de subredes], 4 sitios",6,0,1
2,107,2,Evolucionistas,"banda plana isolada [interferencia], 4 sitios",6.22276,1,0
2,111,0,Empiristas,"banda plana isolada [interferencia], 4 sitios",6.22276,0,1
2,135,1,Incrementalistas,"banda plana isolada [interferencia], 4 sitios",6.31291,0,0
2,171,3,Isolados,"banda plana isolada [interferencia], 4 sitios",6.62228,0,0
2,180,3,Isolados,"banda plana nao isolada [interferencia], 4 sitios",6,0,0
2,233,0,Empiristas,"banda plana nao isolada [interferencia], 4 sitios",6,0,0
2,237,0,Empiristas,"banda plana nao isolada [desbalanco de subredes], 4 sitios",6,0,1
2,242,1,Incrementalistas,"quase plana nao isolada, 4 sitios",1.40269,1,0
2,251,3,Isolados,"banda plana isolada [desbalanco de subredes], 3 sitios",9,0,0
2,251,3,Isolados,"banda plana isolada [interferencia], 3 sitios",6.22342,0,0
2,254,3,Isolados,"banda plana nao isolada [interferencia], 4 sitios",6,0,0
2,255,0,Empiristas,"quase plana nao isolada, 4 sitios",1.40269,0,1
3,1,3,Isolados,"dispersiva",-0.342528,1,0
3,2,1,Incrementalistas,"dispersiva",-0.492788,0,0
3,2,3,Isolados,"banda plana isolada [desbalanco de subredes], 3 sitios",8.54062,1,0
3,3,2,Evolucionistas,"dispersiva",-0.16922,0,0
3,4,0,Empiristas,"dispersiva",-0.134601,0,0
3,4,3,Isolados,"banda plana nao isolada [interferencia], 3 sitios",6,1,0
3,8,3,Isolados,"banda plana nao isolada [desbalanco de subredes], 3 sitios",6,1,0
3,8,3,Isolados,"banda plana isolada [interferencia], 3 sitios",6.47714,1,0
3,9,0,Empiristas,"banda plana nao isolada [desbalanco de subredes], 3 sitios",6,0,0
3,14,2,Evolucionistas,"banda plana nao isolada [desbalanco de subredes], 3 sitios",6,0,1
3,14,1,Incrementalistas,"banda plana nao isolada [desbalanco de subredes], 3 sitios",6,0,1
3,16,0,Empiristas,"banda plana nao isolada [interferencia], 3 sitios",6,0,0
3,17,0,Empiristas,"banda plana isolada [desbalanco de subredes], 3 sitios",8.7186,0,0
3,17,1,Incrementalistas,"banda plana isolada [desbalanco de subredes], 3 sitios",8.7186,0,1
3,17,1,Incrementalistas,"banda plana nao isolada [interferencia], 3 sitios",6,0,1
3,20,2,Evolucionistas,"banda plana nao isolada [interferencia], 3 sitios",6,0,0
3,21,2,Evolucionistas,"banda plana isolada [desbalanco de subredes], 3 sitios",8.7186,0,1
3,22,1,Incrementalistas,"banda plana isolada [interferencia], 3 sitios",6.53376,0,0
3,23,0,Empiristas,"banda plana nao isolada [interferencia], 4 sitios",6,1,0
3,29,2,Evolucionistas,"banda plana isolada [interferencia], 3 sitios",6.48211,0,0
3,29,1,Incrementalistas,"banda plana nao isolada [interferencia], 4 sitios",6,0,1
3,31,0,Empiristas,"banda plana isolada [interferencia], 3 sitios",7.60976,0,0
3,35,1,Incrementalistas,"banda plana isolada [interferencia], 4 sitios",6.82411,1,0
3,39,2,Evolucionistas,"banda plana nao isolada [interferencia], 4 sitios",6,0,1
3,84,1,Incrementalistas,"banda plana nao isolada [desbalanco de subredes], 4 sitios",6,1,0
3,87,0,Empiristas,"banda plana isolada [interferencia], 4 sitios",7.03636,0,0
3,87,2,Evolucionistas,"banda plana nao isolada [desbalanco de subredes], 4 sitios",6,0,1
3,110,2,Evolucionistas,"banda plana isolada [interferencia], 4 sitios",6.46545,0,0
3,110,0,Empiristas,"banda plana nao isolada [desbalanco de subredes], 4 sitios",6,0,1
3,141,3,Isolados,"banda plana isolada [desbalanco de subredes], 3 sitios",9,0,0
3,141,3,Isolados,"banda plana isolada [interferencia], 3 sitios",7.97338,0,0
3,150,1,Incrementalistas,"dispersiva",-0.477121,0,0
3,154,1,Incrementalistas,"banda plana nao isolada [interferencia], 3 sitios",6,0,1
3,158,1,Incrementalistas,"banda plana isolada [interferencia], 4 sitios",6.96863,0,0
3,162,3,Isolados,"banda plana nao isolada [interferencia], 3 sitios",6,0,0
3,179,3,Isolados,"banda plana nao isolada [desbalanco de subredes], 4 sitios",6,0,0
3,180,3,Isolados,"banda plana nao isolada [interferencia], 4 sitios",6,0,0
3,185,3,Isolados,"banda plana isolada [interferencia], 4 sitios",6.70187,0,0
3,210,2,Evolucionistas,"banda plana isolada [desbalanco de subredes], 3 sitios",9,0,0
3,217,2,Evolucionistas,"banda plana nao isolada [interferencia], 3 sitios",6,0,0
3,217,3,Isolados,"banda plana isolada [desbalanco de subredes], 3 sitios",9,0,0
3,217,3,Isolados,"banda plana isolada [interferencia], 4 sitios",6.1868,0,0
3,217,3,Isolados,"banda plana isolada [interferencia], 3 sitios",7.71222,0,0
3,218,3,Isolados,"banda plana nao isolada [desbalanco de subredes], 3 sitios",6,0,0
3,250,3,Isolados,"dispersiva",0.314381,0,0
3,250,3,Isolados,"banda plana isolada [interferencia], 3 sitios",7.97338,0,0
3,260,3,Isolados,"banda plana nao isolada [interferencia], 4 sitios",6,0,0
3,261,3,Isolados,"banda plana isolada [interferencia], 4 sitios",6.3198,0,0
4,0,0,Empiristas,"dispersiva",-0.510018,1,0
4,0,2,Evolucionistas,"banda plana nao isolada [interferencia], 3 sitios",6,1,0
4,0,2,Evolucionistas,"dispersiva",-0.30103,0,0
4,0,3,Isolados,"dispersiva",-0.120426,0,0
4,0,1,Incrementalistas,"banda plana nao isolada [interferencia], 3 sitios",6,0,1
4,1,1,Incrementalistas,"dispersiva",-0.510018,0,0
4,1,0,Empiristas,"banda plana nao isolada [interferencia], 3 sitios",6,0,1
4,2,2,Evolucionistas,"banda plana isolada [interferencia], 3 sitios",7.09496,1,0
4,2,1,Incrementalistas,"banda plana isolada [interferencia], 3 sitios",7.09496,0,1
4,4,0,Empiristas,"banda plana isolada [interferencia], 3 sitios",7.08197,0,0
4,5,1,Incrementalistas,"banda plana nao isolada [desbalanco de subredes], 3 sitios",6,1,0
4,19,0,Empiristas,"banda plana nao isolada [desbalanco de subredes], 3 sitios",6,0,1
4,19,2,Evolucionistas,"banda plana nao isolada [desbalanco de subredes], 3 sitios",6,0,1
4,21,1,Incrementalistas,"banda plana isolada [desbalanco de subredes], 3 sitios",8.54062,1,0
4,22,2,Evolucionistas,"banda plana isolada [desbalanco de subredes], 3 sitios",9,0,0
4,25,0,Empiristas,"banda plana isolada [desbalanco de subredes], 3 sitios",9,0,0
4,45,3,Isolados,"banda plana isolada [interferencia], 4 sitios",6.2014,1,0
4,50,3,Isolados,"banda plana nao isolada [interferencia], 4 sitios",6.11237,1,0
4,56,1,Incrementalistas,"banda plana isolada [desbalanco de subredes], 3 sitios",9,0,0
4,59,1,Incrementalistas,"banda plana nao isolada [interferencia], 3 sitios",6.13753,0,1
4,62,0,Empiristas,"banda plana nao isolada [interferencia], 4 sitios",6,0,0
4,72,3,Isolados,"banda plana nao isolada [desbalanco de subredes], 3 sitios",6,0,0
4,75,3,Isolados,"banda plana isolada [desbalanco de subredes], 3 sitios",6.46029,0,0
4,79,2,Evolucionistas,"banda plana isolada [interferencia], 4 sitios",7.22775,0,0
4,82,3,Isolados,"banda plana isolada [interferencia], 3 sitios",6.9683,0,0
4,83,0,Empiristas,"banda plana isolada [interferencia], 4 sitios",7.22775,0,1
4,86,3,Isolados,"banda plana nao isolada [interferencia], 3 sitios",6,0,0
4,87,0,Empiristas,"banda plana nao isolada [desbalanco de subredes], 3 sitios",6,0,1
4,88,1,Incrementalistas,"banda plana isolada [interferencia], 4 sitios",7.22775,0,1
4,89,0,Empiristas,"banda plana isolada [interferencia], 3 sitios",8.4,0,0
4,100,2,Evolucionistas,"banda plana nao isolada [interferencia], 4 sitios",6,0,0
4,104,1,Incrementalistas,"banda plana nao isolada [interferencia], 4 sitios",6,0,1
4,119,1,Incrementalistas,"banda plana isolada [desbalanco de subredes], 3 sitios",8.4,0,0
4,119,1,Incrementalistas,"banda plana isolada [interferencia], 3 sitios",9,0,1
4,135,0,Empiristas,"banda plana nao isolada [desbalanco de subredes], 4 sitios",6,1,0
4,144,3,Isolados,"banda plana nao isolada [desbalanco de subredes], 3 sitios",6,0,0
4,144,3,Isolados,"banda plana isolada [interferencia], 4 sitios",6.2074,0,0
4,217,2,Evolucionistas,"banda plana nao isolada [desbalanco de subredes], 4 sitios",6,0,0
4,229,1,Incrementalistas,"banda plana nao isolada [desbalanco de subredes], 4 sitios",6,0,1
5,0,0,Empiristas,"dispersiva",-0.508817,1,0
5,0,3,Isolados,"dispersiva",-0.60206,0,0
5,1,1,Incrementalistas,"dispersiva",-0.249399,0,0
5,1,2,Evolucionistas,"dispersiva",-0.213102,0,0
5,8,2,Evolucionistas,"banda plana isolada [interferencia], 4 sitios",6.56775,1,0
5,9,0,Empiristas,"banda plana isolada [interferencia], 4 sitios",6.56775,0,1
5,11,1,Incrementalistas,"banda plana isolada [interferencia], 4 sitios",6.56775,0,1
5,22,1,Incrementalistas,"banda plana nao isolada [interferencia], 4 sitios",6,1,0
5,22,2,Evolucionistas,"banda plana nao isolada [interferencia], 4 sitios",6,0,1
5,29,0,Empiristas,"banda plana nao isolada [interferencia], 4 sitios",6,0,1
5,33,2,Evolucionistas,"banda plana isolada [desbalanco de subredes], 3 sitios",7.15073,1,0
5,35,1,Incrementalistas,"banda plana isolada [desbalanco de subredes], 3 sitios",7.15073,0,1
5,36,1,Incrementalistas,"banda plana isolada [interferencia], 3 sitios",6.24943,1,0
5,36,2,Evolucionistas,"banda plana isolada [interferencia], 3 sitios",6.60073,0,0
5,36,0,Empiristas,"banda plana isolada [interferencia], 3 sitios",7.48328,0,1
5,36,0,Empiristas,"banda plana isolada [desbalanco de subredes], 3 sitios",7.15073,0,1
5,37,0,Empiristas,"banda plana nao isolada [interferencia], 3 sitios",6,1,0
5,38,2,Evolucionistas,"banda plana nao isolada [desbalanco de subredes], 3 sitios",6,1,0
5,38,2,Evolucionistas,"banda plana nao isolada [interferencia], 3 sitios",6.08039,0,0
5,41,1,Incrementalistas,"banda plana nao isolada [interferencia], 3 sitios",6,0,0
5,45,1,Incrementalistas,"banda plana nao isolada [desbalanco de subredes], 3 sitios",6,0,1
5,66,3,Isolados,"banda plana nao isolada [interferencia], 4 sitios",6,0,0
5,66,3,Isolados,"banda plana isolada [interferencia], 4 sitios",6.83964,0,0
5,67,0,Empiristas,"banda plana nao isolada [desbalanco de subredes], 3 sitios",6,0,0
5,96,3,Isolados,"banda plana nao isolada [desbalanco de subredes], 3 sitios",6,0,0
5,116,3,Isolados,"banda plana isolada [desbalanco de subredes], 3 sitios",7.52496,0,0
5,117,3,Isolados,"banda plana nao isolada [interferencia], 3 sitios",6,0,0
5,120,3,Isolados,"banda plana isolada [interferencia], 3 sitios",6.7665,0,0
5,137,2,Evolucionistas,"banda plana isolada [interferencia], 3 sitios",8.05421,0,0
5,155,2,Evolucionistas,"banda plana nao isolada [interferencia], 3 sitios",6.1379,0,1
5,169,2,Evolucionistas,"banda plana isolada [interferencia], 3 sitios",7.70127,0,0
5,169,2,Evolucionistas,"banda plana isolada [interferencia], 4 sitios",8.66121,0,1
5,187,2,Evolucionistas,"banda plana nao isolada [interferencia], 4 sitios",6.14374,0,1
5,199,0,Empiristas,"banda plana nao isolada [desbalanco de subredes], 4 sitios",6,1,0
5,209,2,Evolucionistas,"banda plana nao isolada [desbalanco de subredes], 4 sitios",6,0,1
5,262,1,Incrementalistas,"banda plana isolada [desbalanco de subredes], 3 sitios",8.54062,0,0
5,262,1,Incrementalistas,"banda plana nao isolada [desbalanco de subredes], 3 sitios",6,0,0
5,263,1,Incrementalistas,"banda plana isolada [interferencia], 4 sitios",6.34643,0,0
5,270,1,Incrementalistas,"banda plana nao isolada [desbalanco de subredes], 4 sitios",6,0,1
6,0,1,Incrementalistas,"dispersiva",-0.092152,1,0
6,0,2,Evolucionistas,"dispersiva",-0.0600167,0,0
6,0,3,Isolados,"dispersiva",-0.345021,0,0
6,0,0,Empiristas,"dispersiva",-0.092152,0,1
6,8,3,Isolados,"banda plana nao isolada [interferencia], 4 sitios",6.12997,1,0
6,8,3,Isolados,"banda plana isolada [interferencia], 4 sitios",6.70187,1,0
6,24,0,Empiristas,"banda plana nao isolada [interferencia], 4 sitios",6.06209,0,0
6,24,2,Evolucionistas,"banda plana nao isolada [interferencia], 4 sitios",6.06209,0,1
6,26,2,Evolucionistas,"banda plana isolada [interferencia], 4 sitios",6.60054,0,0
6,26,1,Incrementalistas,"banda plana nao isolada [interferencia], 4 sitios",6.06209,0,1
6,27,0,Empiristas,"banda plana isolada [interferencia], 4 sitios",6.60054,0,1
6,27,1,Incrementalistas,"banda plana isolada [interferencia], 4 sitios",6.60054,0,1
6,35,0,Empiristas,"banda plana isolada [interferencia], 3 sitios",6.83789,1,0
6,38,2,Evolucionistas,"banda plana isolada [interferencia], 3 sitios",6.83789,0,1
6,39,0,Empiristas,"banda plana nao isolada [interferencia], 3 sitios",6,1,0
6,46,1,Incrementalistas,"banda plana isolada [interferencia], 3 sitios",6.83789,0,1
6,51,2,Evolucionistas,"banda plana nao isolada [interferencia], 3 sitios",6,0,0
6,54,0,Empiristas,"banda plana isolada [desbalanco de subredes], 3 sitios",6.46029,1,0
6,54,1,Incrementalistas,"banda plana nao isolada [interferencia], 3 sitios",6,0,0
6,57,1,Incrementalistas,"banda plana isolada [desbalanco de subredes], 3 sitios",9,0,0
6,62,2,Evolucionistas,"banda plana isolada [desbalanco de subredes], 3 sitios",9,0,1
6,68,1,Incrementalistas,"banda plana nao isolada [desbalanco de subredes], 3 sitios",6,1,0
6,70,2,Evolucionistas,"banda plana nao isolada [desbalanco de subredes], 3 sitios",6,0,1
6,73,0,Empiristas,"banda plana nao isolada [desbalanco de subredes], 3 sitios",6,0,0
6,192,3,Isolados,"banda plana isolada [desbalanco de subredes], 3 sitios",8.18618,0,0
6,195,3,Isolados,"banda plana isolada [interferencia], 3 sitios",7.29387,0,0
6,198,3,Isolados,"banda plana nao isolada [desbalanco de subredes], 3 sitios",6,0,0
6,199,3,Isolados,"banda plana nao isolada [interferencia], 3 sitios",6,0,0
6,218,2,Evolucionistas,"banda plana isolada [desbalanco de subredes], 3 sitios",9,0,0
6,218,2,Evolucionistas,"dispersiva",-0.373524,0,0
6,218,2,Evolucionistas,"banda plana isolada [interferencia], 3 sitios",7.53689,0,0
6,218,2,Evolucionistas,"banda plana nao isolada [desbalanco de subredes], 3 sitios",6,0,0
6,230,2,Evolucionistas,"banda plana isolada [desbalanco de subredes], 3 sitios",9,0,0
6,230,2,Evolucionistas,"dispersiva",-0.374347,0,0
6,233,2,Evolucionistas,"dispersiva",-0.433416,0,0
6,233,2,Evolucionistas,"banda plana isolada [interferencia], 3 sitios",8.58807,0,0
6,238,2,Evolucionistas,"banda plana nao isolada [interferencia], 4 sitios",6.14679,0,1
6,239,2,Evolucionistas,"banda plana isolada [interferencia], 4 sitios",6.78654,0,0
6,242,0,Empiristas,"banda plana nao isolada [desbalanco de subredes], 4 sitios",6,1,0
6,243,1,Incrementalistas,"banda plana nao isolada [desbalanco de subredes], 4 sitios",6,0,1
6,252,2,Evolucionistas,"banda plana nao isolada [desbalanco de subredes], 4 sitios",6,0,1
6,254,2,Evolucionistas,"banda plana isolada [interferencia], 3 sitios",7.24179,0,0
6,255,2,Evolucionistas,"banda plana nao isolada [desbalanco de subredes], 4 sitios",6,0,1
6,257,2,Evolucionistas,"banda plana nao isolada [desbalanco de subredes], 3 sitios",6,0,0
6,267,2,Evolucionistas,"banda plana nao isolada [interferencia], 4 sitios",6,0,0
7,0,1,Incrementalistas,"dispersiva",-0.17928,1,0
7,0,3,Isolados,"dispersiva",-0.512736,0,0
7,1,0,Empiristas,"dispersiva",-0.214119,0,0
7,1,2,Evolucionistas,"dispersiva",-0.60206,0,0
7,11,3,Isolados,"banda plana nao isolada [interferencia], 3 sitios",6,1,0
7,22,3,Isolados,"banda plana isolada [interferencia], 3 sitios",6.99411,1,0
7,26,2,Evolucionistas,"banda plana nao isolada [desbalanco de subredes], 3 sitios",6,1,0
7,26,1,Incrementalistas,"banda plana nao isolada [desbalanco de subredes], 3 sitios",6,0,1
7,27,0,Empiristas,"banda plana nao isolada [desbalanco de subredes], 3 sitios",6,0,1
7,30,1,Incrementalistas,"banda plana isolada [interferencia], 3 sitios",7.60976,0,0
7,30,2,Evolucionistas,"banda plana isolada [desbalanco de subredes], 3 sitios",7.84117,1,0
7,30,2,Evolucionistas,"banda plana nao isolada [interferencia], 3 sitios",6,0,0
7,31,0,Empiristas,"banda plana isolada [desbalanco de subredes], 3 sitios",7.15073,0,0
7,32,1,Incrementalistas,"banda plana nao isolada [interferencia], 3 sitios",6,0,0
7,33,0,Empiristas,"banda plana nao isolada [interferencia], 3 sitios",6,0,0
7,35,2,Evolucionistas,"banda plana nao isolada [interferencia], 4 sitios",6,1,0
7,36,2,Evolucionistas,"banda plana isolada [interferencia], 4 sitios",6.72589,1,0
7,39,0,Empiristas,"banda plana isolada [interferencia], 3 sitios",8.54062,0,0
7,39,1,Incrementalistas,"banda plana isolada [desbalanco de subredes], 3 sitios",7.84117,0,1
7,41,2,Evolucionistas,"banda plana isolada [interferencia], 3 sitios",8.54062,0,1
7,45,1,Incrementalistas,"banda plana nao isolada [interferencia], 4 sitios",6,0,1
7,46,1,Incrementalistas,"banda plana isolada [interferencia], 4 sitios",6.70187,0,0
7,46,3,Isolados,"banda plana isolada [desbalanco de subredes], 3 sitios",9,0,0
7,48,0,Empiristas,"banda plana isolada [interferencia], 4 sitios",6.70187,0,1
7,57,3,Isolados,"banda plana nao isolada [desbalanco de subredes], 3 sitios",6,0,0
7,58,2,Evolucionistas,"banda plana isolada [interferencia], 4 sitios",6.92852,0,0
7,58,2,Evolucionistas,"banda plana isolada [interferencia], 3 sitios",7.0061,0,0
7,60,0,Empiristas,"banda plana nao isolada [interferencia], 4 sitios",6,0,0
7,86,2,Evolucionistas,"banda plana nao isolada [interferencia], 3 sitios",6,0,0
7,88,3,Isolados,"banda plana isolada [interferencia], 4 sitios",6.66117,0,0
7,98,3,Isolados,"banda plana nao isolada [interferencia], 4 sitios",6,0,0
7,102,1,Incrementalistas,"banda plana nao isolada [interferencia], 4 sitios",6,0,1
7,112,1,Incrementalistas,"banda plana nao isolada [desbalanco de subredes], 3 sitios",6,0,1
7,125,0,Empiristas,"banda plana isolada [desbalanco de subredes], 3 sitios",9,0,0
7,133,0,Empiristas,"banda plana nao isolada [interferencia], 4 sitios",6,0,0
7,146,0,Empiristas,"banda plana nao isolada [desbalanco de subredes], 3 sitios",6,0,0
7,167,2,Evolucionistas,"dispersiva",-0.260634,0,0
7,168,2,Evolucionistas,"banda plana isolada [interferencia], 4 sitios",7.67911,0,1
7,172,2,Evolucionistas,"banda plana nao isolada [desbalanco de subredes], 3 sitios",6,0,0
7,175,2,Evolucionistas,"banda plana nao isolada [interferencia], 4 sitios",6.12095,0,1
7,183,2,Evolucionistas,"banda plana nao isolada [interferencia], 3 sitios",6,0,0
7,220,0,Empiristas,"banda plana isolada [desbalanco de subredes], 3 sitios",9,0,0
7,220,0,Empiristas,"banda plana nao isolada [desbalanco de subredes], 3 sitios",6,0,0
7,277,0,Empiristas,"banda plana nao isolada [desbalanco de subredes], 4 sitios",6,1,0
7,281,1,Incrementalistas,"banda plana nao isolada [desbalanco de subredes], 4 sitios",6,0,1
7,289,1,Incrementalistas,"dispersiva",-0.525514,0,0
7,289,1,Incrementalistas,"banda plana isolada [interferencia], 3 sitios",8.74842,0,0
7,289,1,Incrementalistas,"banda plana nao isolada [interferencia], 3 sitios",6,0,0
7,290,1,Incrementalistas,"banda plana isolada [interferencia], 4 sitios",6.41589,0,0
7,292,2,Evolucionistas,"banda plana nao isolada [desbalanco de subredes], 4 sitios",6,0,1
8,0,0,Empiristas,"dispersiva",-0.482198,1,0
8,0,2,Evolucionistas,"dispersiva",-0.371821,0,0
8,2,1,Incrementalistas,"dispersiva",-4.34294e-07,0,0
8,2,3,Isolados,"dispersiva",-0.109468,0,0
8,12,1,Incrementalistas,"banda plana nao isolada [interferencia], 3 sitios",6,1,0
8,19,1,Incrementalistas,"banda plana isolada [interferencia], 3 sitios",6.18072,1,0
8,21,0,Empiristas,"banda plana isolada [interferencia], 3 sitios",6.4906,0,1
8,21,0,Empiristas,"banda plana nao isolada [interferencia], 3 sitios",6.12366,0,1
8,21,2,Evolucionistas,"banda plana isolada [interferencia], 3 sitios",6.4906,0,1
8,23,2,Evolucionistas,"banda plana nao isolada [interferencia], 3 sitios",6,0,0
8,44,2,Evolucionistas,"banda plana isolada [desbalanco de subredes], 3 sitios",7.08618,1,0
8,44,0,Empiristas,"banda plana isolada [desbalanco de subredes], 3 sitios",7.08618,0,1
8,48,3,Isolados,"banda plana isolada [interferencia], 3 sitios",6.99977,0,0
8,52,3,Isolados,"banda plana nao isolada [desbalanco de subredes], 3 sitios",6,1,0
8,52,1,Incrementalistas,"banda plana isolada [desbalanco de subredes], 3 sitios",7.41822,0,1
8,53,3,Isolados,"banda plana nao isolada [interferencia], 3 sitios",6,0,0
8,58,3,Isolados,"banda plana isolada [desbalanco de subredes], 3 sitios",7.84117,0,0
8,65,0,Empiristas,"banda plana nao isolada [desbalanco de subredes], 3 sitios",6,0,0
8,65,2,Evolucionistas,"banda plana nao isolada [desbalanco de subredes], 3 sitios",6,0,1
8,88,1,Incrementalistas,"banda plana nao isolada [desbalanco de subredes], 3 sitios",6,0,1
8,120,0,Empiristas,"banda plana nao isolada [interferencia], 4 sitios",6,1,0
8,123,1,Incrementalistas,"banda plana nao isolada [interferencia], 4 sitios",6,0,1
8,126,0,Empiristas,"banda plana isolada [interferencia], 4 sitios",6.27776,1,0
8,129,2,Evolucionistas,"banda plana nao isolada [interferencia], 4 sitios",6,0,1
8,134,1,Incrementalistas,"banda plana isolada [interferencia], 4 sitios",6.27776,0,1
8,138,2,Evolucionistas,"banda plana isolada [interferencia], 4 sitios",6.29748,0,1
8,178,3,Isolados,"banda plana nao isolada [interferencia], 4 sitios",6,0,0
8,180,3,Isolados,"banda plana isolada [interferencia], 4 sitios",6.74666,0,0
8,218,1,Incrementalistas,"banda plana nao isolada [interferencia], 3 sitios",6,0,0
8,227,0,Empiristas,"banda plana isolada [interferencia], 3 sitios",7.94566,0,0
8,244,0,Empiristas,"banda plana nao isolada [interferencia], 4 sitios",6.14941,0,1
8,264,0,Empiristas,"banda plana nao isolada [interferencia], 2 sitios",6,1,0
8,269,2,Evolucionistas,"banda plana nao isolada [desbalanco de subredes], 4 sitios",6,1,0
8,274,1,Incrementalistas,"banda plana nao isolada [interferencia], 2 sitios",6,0,1
8,285,2,Evolucionistas,"banda plana nao isolada [interferencia], 2 sitios",6,0,1
8,288,1,Incrementalistas,"banda plana nao isolada [desbalanco de subredes], 4 sitios",6,0,1
9,0,0,Empiristas,"dispersiva",-0.30103,1,0
9,1,1,Incrementalistas,"dispersiva",-0.265367,0,0
9,2,2,Evolucionistas,"dispersiva",-0.90309,0,0
9,3,3,Isolados,"dispersiva",0.101051,0,0
9,4,2,Evolucionistas,"banda plana nao isolada [desbalanco de subredes], 3 sitios",6,1,0
9,4,0,Empiristas,"banda plana nao isolada [desbalanco de subredes], 3 sitios",6,0,1
9,6,1,Incrementalistas,"banda plana nao isolada [desbalanco de subredes], 3 sitios",6,0,1
9,7,2,Evolucionistas,"banda plana isolada [desbalanco de subredes], 3 sitios",7.41822,1,0
9,10,1,Incrementalistas,"banda plana isolada [interferencia], 3 sitios",6.41007,1,0
9,10,0,Empiristas,"banda plana isolada [interferencia], 3 sitios",6.41007,0,1
9,12,1,Incrementalistas,"banda plana isolada [desbalanco de subredes], 3 sitios",6.9531,0,0
9,12,2,Evolucionistas,"banda plana isolada [interferencia], 3 sitios",7.07878,0,0
9,12,0,Empiristas,"banda plana isolada [desbalanco de subredes], 3 sitios",7.41822,0,1
9,16,0,Empiristas,"banda plana nao isolada [interferencia], 3 sitios",6,1,0
9,21,3,Isolados,"banda plana isolada [interferencia], 4 sitios",6.47228,1,0
9,22,1,Incrementalistas,"banda plana nao isolada [interferencia], 3 sitios",6,0,1
9,25,3,Isolados,"banda plana nao isolada [interferencia], 4 sitios",6,1,0
9,26,2,Evolucionistas,"banda plana nao isolada [desbalanco de subredes], 3 sitios",6,0,0
9,27,2,Evolucionistas,"dispersiva",-0.37859,0,0
9,28,3,Isolados,"banda plana isolada [interferencia], 3 sitios",7.14193,0,0
9,31,2,Evolucionistas,"banda plana nao isolada [interferencia], 3 sitios",6,0,0
9,51,3,Isolados,"banda plana nao isolada [interferencia], 3 sitios",6,0,0
9,55,0,Empiristas,"dispersiva",-0.164594,0,0
9,57,3,Isolados,"banda plana isolada [desbalanco de subredes], 3 sitios",8.02105,0,0
9,57,3,Isolados,"banda plana nao isolada [desbalanco de subredes], 3 sitios",6,0,0
9,58,0,Empiristas,"banda plana nao isolada [desbalanco de subredes], 3 sitios",6,0,0
9,64,0,Empiristas,"banda plana isolada [interferencia], 4 sitios",6.16844,0,0
9,66,0,Empiristas,"banda plana nao isolada [interferencia], 3 sitios",6,0,0
9,70,1,Incrementalistas,"dispersiva",-0.213889,0,0
9,74,1,Incrementalistas,"banda plana nao isolada [interferencia], 3 sitios",6,0,1
9,83,3,Isolados,"banda plana nao isolada [desbalanco de subredes], 3 sitios",6,0,0
9,94,0,Empiristas,"banda plana nao isolada [interferencia], 4 sitios",6.10441,0,0
9,107,3,Isolados,"banda plana nao isolada [desbalanco de subredes], 4 sitios",6,1,0
9,112,1,Incrementalistas,"banda plana isolada [interferencia], 4 sitios",6.55773,0,1
9,118,2,Evolucionistas,"banda plana nao isolada [interferencia], 4 sitios",6.10441,0,1
9,124,2,Evolucionistas,"banda plana isolada [interferencia], 4 sitios",6.55773,0,1
9,125,1,Incrementalistas,"banda plana nao isolada [interferencia], 4 sitios",6.14382,0,1
9,152,3,Isolados,"banda plana nao isolada [desbalanco de subredes], 3 sitios",6,0,0
9,168,3,Isolados,"banda plana nao isolada [interferencia], 3 sitios",6,0,0
9,233,0,Empiristas,"banda plana nao isolada [desbalanco de subredes], 4 sitios",6,0,0
9,284,2,Evolucionistas,"banda plana nao isolada [desbalanco de subredes], 4 sitios",6,0,1
9,292,1,Incrementalistas,"banda plana nao isolada [desbalanco de subredes], 4 sitios",6,0,1
10,0,0,Empiristas,"dispersiva",-0.289371,1,0
10,0,2,Evolucionistas,"dispersiva",-0.218623,0,0
10,1,1,Incrementalistas,"dispersiva",0.200186,0,0
10,1,3,Isolados,"dispersiva",-0.235647,0,0
10,8,2,Evolucionistas,"banda plana nao isolada [interferencia], 3 sitios",6,1,0
10,8,2,Evolucionistas,"banda plana isolada [interferencia], 3 sitios",6.2527,1,0
10,9,0,Empiristas,"banda plana nao isolada [desbalanco de subredes], 3 sitios",6,1,0
10,9,1,Incrementalistas,"banda plana nao isolada [desbalanco de subredes], 3 sitios",6,0,1
10,10,1,Incrementalistas,"banda plana nao isolada [interferencia], 4 sitios",6,1,0
10,11,0,Empiristas,"banda plana nao isolada [interferencia], 4 sitios",6,0,1
10,13,0,Empiristas,"banda plana isolada [interferencia], 3 sitios",6.95597,0,1
10,13,2,Evolucionistas,"banda plana nao isolada [interferencia], 4 sitios",6,0,1
10,15,0,Empiristas,"banda plana isolada [desbalanco de subredes], 3 sitios",6.73673,1,0
10,15,1,Incrementalistas,"banda plana isolada [interferencia], 3 sitios",6.95597,0,1
10,15,2,Evolucionistas,"banda plana nao isolada [desbalanco de subredes], 3 sitios",6,0,1
10,16,0,Empiristas,"banda plana isolada [interferencia], 4 sitios",6.32148,1,0
10,17,1,Incrementalistas,"banda plana isolada [desbalanco de subredes], 3 sitios",6.73673,0,0
10,18,1,Incrementalistas,"banda plana nao isolada [interferencia], 3 sitios",6.12053,0,0
10,27,2,Evolucionistas,"banda plana isolada [interferencia], 4 sitios",6.75522,0,1
10,37,0,Empiristas,"banda plana nao isolada [interferencia], 3 sitios",6,0,0
10,38,2,Evolucionistas,"banda plana isolada [desbalanco de subredes], 3 sitios",8.32171,0,0
10,40,1,Incrementalistas,"banda plana isolada [interferencia], 4 sitios",7.46203,0,0
10,51,3,Isolados,"banda plana isolada [interferencia], 3 sitios",6.38083,0,0
10,52,3,Isolados,"banda plana nao isolada [interferencia], 3 sitios",6,0,0
10,53,3,Isolados,"banda plana nao isolada [interferencia], 4 sitios",6,0,0
10,59,3,Isolados,"banda plana isolada [desbalanco de subredes], 3 sitios",8.4,0,0
10,63,2,Evolucionistas,"banda plana isolada [interferencia], 3 sitios",9,0,0
10,69,0,Empiristas,"banda plana isolada [interferencia], 3 sitios",9,0,0
10,69,3,Isolados,"banda plana isolada [interferencia], 4 sitios",6.2408,0,0
10,69,0,Empiristas,"banda plana nao isolada [interferencia], 3 sitios",6.13492,0,1
10,70,3,Isolados,"banda plana nao isolada [desbalanco de subredes], 3 sitios",6,0,0
10,83,0,Empiristas,"banda plana nao isolada [interferencia], 4 sitios",6,0,1
10,89,2,Evolucionistas,"banda plana nao isolada [desbalanco de subredes], 3 sitios",6,0,1
10,92,2,Evolucionistas,"banda plana isolada [interferencia], 4 sitios",7.05174,0,1
10,116,2,Evolucionistas,"banda plana nao isolada [interferencia], 4 sitios",6,0,1
10,152,2,Evolucionistas,"banda plana isolada [desbalanco de subredes], 3 sitios",7.84117,0,0
10,156,2,Evolucionistas,"banda plana nao isolada [interferencia], 3 sitios",6.13492,0,1
10,165,3,Isolados,"dispersiva",-0.0566701,0,0
10,165,3,Isolados,"banda plana isolada [interferencia], 3 sitios",9,0,0
10,180,3,Isolados,"banda plana nao isolada [interferencia], 3 sitios",6,0,0
10,205,3,Isolados,"dispersiva",-0.381179,0,0
10,205,3,Isolados,"banda plana isolada [interferencia], 3 sitios",7.28388,0,0
10,210,0,Empiristas,"banda plana nao isolada [desbalanco de subredes], 4 sitios",6,1,0
10,221,3,Isolados,"banda plana isolada [interferencia], 4 sitios",6.49071,0,0
10,222,2,Evolucionistas,"banda plana nao isolada [desbalanco de subredes], 4 sitios",6,0,0
10,227,3,Isolados,"banda plana nao isolada [desbalanco de subredes], 4 sitios",6,0,0
10,234,1,Incrementalistas,"banda plana isolada [desbalanco de subredes], 3 sitios",9,0,0
10,234,1,Incrementalistas,"banda plana isolada [interferencia], 3 sitios",8.52175,0,0
10,250,1,Incrementalistas,"banda plana nao isolada [interferencia], 4 sitios",6.13844,0,1
10,251,1,Incrementalistas,"banda plana isolada [interferencia], 4 sitios",6.65661,0,0
10,296,1,Incrementalistas,"banda plana isolada [desbalanco de subredes], 3 sitios",9,0,0
10,296,1,Incrementalistas,"dispersiva",-0.203313,0,0
11,0,0,Empiristas,"dispersiva",-0.30103,1,0
11,0,3,Isolados,"dispersiva",-0.123675,0,0
11,4,1,Incrementalistas,"dispersiva",-0.408503,0,0
11,7,2,Evolucionistas,"dispersiva",-0.30103,0,0
11,13,2,Evolucionistas,"banda plana nao isolada [desbalanco de subredes], 4 sitios",6,1,0
11,14,0,Empiristas,"banda plana nao isolada [desbalanco de subredes], 4 sitios",6,0,1
11,17,1,Incrementalistas,"banda plana nao isolada [desbalanco de subredes], 4 sitios",6,0,1
11,18,0,Empiristas,"banda plana nao isolada [interferencia], 4 sitios",6,1,0
11,21,0,Empiristas,"banda plana isolada [interferencia], 4 sitios",7.83344,1,0
11,22,1,Incrementalistas,"banda plana isolada [interferencia], 4 sitios",6.44948,0,0
11,23,2,Evolucionistas,"banda plana isolada [interferencia], 4 sitios",6.44948,0,1
11,26,2,Evolucionistas,"banda plana nao isolada [interferencia], 4 sitios",6,0,0
11,28,1,Incrementalistas,"banda plana nao isolada [interferencia], 4 sitios",6,0,0
11,29,3,Isolados,"banda plana isolada [interferencia], 4 sitios",6.33736,0,0
11,33,3,Isolados,"banda plana nao isolada [interferencia], 4 sitios",6,0,0
11,34,3,Isolados,"banda plana isolada [desbalanco de subredes], 3 sitios",8.02105,1,0
11,41,3,Isolados,"banda plana isolada [interferencia], 3 sitios",6.24853,1,0
11,43,3,Isolados,"banda plana nao isolada [interferencia], 3 sitios",6,1,0
11,62,3,Isolados,"banda plana nao isolada [desbalanco de subredes], 3 sitios",6,1,0
11,86,0,Empiristas,"banda plana isolada [interferencia], 3 sitios",6.99771,0,0
11,99,1,Incrementalistas,"banda plana isolada [interferencia], 3 sitios",6.99771,0,1
11,102,2,Evolucionistas,"banda plana isolada [interferencia], 3 sitios",6.99771,0,1
11,112,0,Empiristas,"banda plana nao isolada [interferencia], 3 sitios",6,0,0
11,112,2,Evolucionistas,"banda plana nao isolada [desbalanco de subredes], 3 sitios",6,0,0
11,114,1,Incrementalistas,"banda plana nao isolada [desbalanco de subredes], 3 sitios",6,0,1
11,116,1,Incrementalistas,"banda plana isolada [desbalanco de subredes], 3 sitios",7.84117,0,0
11,116,2,Evolucionistas,"banda plana isolada [desbalanco de subredes], 3 sitios",8.80075,0,0
11,119,0,Empiristas,"banda plana nao isolada [desbalanco de subredes], 3 sitios",6,0,1
11,120,0,Empiristas,"banda plana isolada [desbalanco de subredes], 3 sitios",7.84117,0,0
11,121,1,Incrementalistas,"banda plana nao isolada [interferencia], 3 sitios",6,0,0
11,123,2,Evolucionistas,"dispersiva",0.111895,0,0
11,129,2,Evolucionistas,"banda plana nao isolada [desbalanco de subredes], 3 sitios",6,0,1
11,136,2,Evolucionistas,"banda plana nao isolada [interferencia], 4 sitios",6,0,0
11,150,2,Evolucionistas,"banda plana nao isolada [interferencia], 3 sitios",6,0,0
11,210,2,Evolucionistas,"banda plana isolada [desbalanco de subredes], 3 sitios",9,0,0
11,213,2,Evolucionistas,"banda plana nao isolada [interferencia], 4 sitios",6,0,0
11,259,1,Incrementalistas,"dispersiva",-0.0554603,0,0
12,0,0,Empiristas,"dispersiva",-0.190703,1,0
12,0,1,Incrementalistas,"dispersiva",-0.510018,0,0
12,0,2,Evolucionistas,"dispersiva",-0.250461,0,0
12,2,3,Isolados,"dispersiva",-0.184114,0,0
12,46,2,Evolucionistas,"banda plana isolada [interferencia], 4 sitios",6.83167,1,0
12,48,2,Evolucionistas,"banda plana nao isolada [desbalanco de subredes], 4 sitios",6,1,0
12,49,0,Empiristas,"banda plana isolada [interferencia], 4 sitios",7.48328,0,1
12,50,2,Evolucionistas,"banda plana nao isolada [interferencia], 4 sitios",6,1,0
12,51,0,Empiristas,"banda plana nao isolada [desbalanco de subredes], 4 sitios",6,0,1
12,52,1,Incrementalistas,"banda plana isolada [interferencia], 4 sitios",6.85918,0,0
12,53,0,Empiristas,"banda plana nao isolada [interferencia], 4 sitios",6,0,1
12,54,1,Incrementalistas,"banda plana nao isolada [interferencia], 4 sitios",6,0,1
12,59,1,Incrementalistas,"banda plana nao isolada [desbalanco de subredes], 4 sitios",6,0,1
12,64,0,Empiristas,"banda plana isolada [interferencia], 3 sitios",6.59,1,0
12,74,0,Empiristas,"banda plana nao isolada [desbalanco de subredes], 3 sitios",6,1,0
12,75,0,Empiristas,"banda plana isolada [desbalanco de subredes], 3 sitios",7.84117,1,0
12,75,3,Isolados,"banda plana nao isolada [interferencia], 3 sitios",6,1,0
12,77,2,Evolucionistas,"banda plana nao isolada [desbalanco de subredes], 3 sitios",6,0,1
12,78,3,Isolados,"banda plana isolada [interferencia], 3 sitios",6.38136,0,0
12,78,1,Incrementalistas,"banda plana nao isolada [desbalanco de subredes], 3 sitios",6,0,1
12,82,2,Evolucionistas,"banda plana isolada [desbalanco de subredes], 3 sitios",7.84117,0,1
12,85,0,Empiristas,"banda plana nao isolada [interferencia], 3 sitios",6,0,0
12,85,1,Incrementalistas,"banda plana isolada [desbalanco de subredes], 3 sitios",7.84117,0,1
12,87,3,Isolados,"banda plana isolada [desbalanco de subredes], 3 sitios",8.24069,0,0
12,89,1,Incrementalistas,"dispersiva",0.423468,0,0
12,89,1,Incrementalistas,"banda plana isolada [interferencia], 4 sitios",8.36495,0,0
12,90,3,Isolados,"banda plana nao isolada [desbalanco de subredes], 3 sitios",6,0,0
12,95,2,Evolucionistas,"banda plana nao isolada [interferencia], 3 sitios",6,0,0
12,95,1,Incrementalistas,"banda plana nao isolada [interferencia], 3 sitios",6,0,1
12,98,1,Incrementalistas,"banda plana isolada [interferencia], 3 sitios",8.40987,0,1
12,100,2,Evolucionistas,"banda plana isolada [interferencia], 3 sitios",6.22342,0,0
12,116,3,Isolados,"banda plana nao isolada [interferencia], 4 sitios",6,0,0
12,117,3,Isolados,"banda plana isolada [interferencia], 4 sitios",6.81458,0,0
12,121,0,Empiristas,"banda plana isolada [interferencia], 3 sitios",8.4,0,0
12,121,0,Empiristas,"banda plana isolada [desbalanco de subredes], 3 sitios",8.54062,0,0
12,122,0,Empiristas,"banda plana nao isolada [desbalanco de subredes], 3 sitios",6,0,0
12,129,1,Incrementalistas,"dispersiva",-0.440036,0,0
12,129,1,Incrementalistas,"banda plana isolada [interferencia], 3 sitios",8.26201,0,0
12,135,0,Empiristas,"banda plana nao isolada [interferencia], 4 sitios",6.11836,0,0
12,169,1,Incrementalistas,"quase plana isolada, 4 sitios",2.35169,1,0
12,169,0,Empiristas,"quase plana isolada, 4 sitios",2.35169,0,1
12,172,2,Evolucionistas,"quase plana isolada, 4 sitios",2.35169,0,1
12,177,1,Incrementalistas,"quase plana nao isolada, 4 sitios",1.36279,1,0
12,201,2,Evolucionistas,"quase plana nao isolada, 4 sitios",1.41042,0,0
12,202,1,Incrementalistas,"banda plana nao isolada [desbalanco de subredes], 4 sitios",6,0,1
12,241,0,Empiristas,"banda plana nao isolada [desbalanco de subredes], 4 sitios",6,0,0
12,242,0,Empiristas,"quase plana nao isolada, 4 sitios",1.35897,0,0
13,0,0,Empiristas,"dispersiva",-0.510018,1,0
13,0,0,Empiristas,"banda plana nao isolada [desbalanco de subredes], 4 sitios",6,1,0
13,0,2,Evolucionistas,"dispersiva",0.0240223,0,0
13,0,3,Isolados,"dispersiva",0.0936302,0,0
13,2,1,Incrementalistas,"dispersiva",-0.284058,0,0
13,8,3,Isolados,"banda plana isolada [interferencia], 3 sitios",7.15073,1,0
13,8,3,Isolados,"banda plana nao isolada [interferencia], 3 sitios",6,1,0
13,9,2,Evolucionistas,"banda plana nao isolada [desbalanco de subredes], 4 sitios",6,0,1
13,11,1,Incrementalistas,"banda plana nao isolada [desbalanco de subredes], 4 sitios",6,0,1
13,15,0,Empiristas,"banda plana nao isolada [interferencia], 4 sitios",6,1,0
13,23,2,Evolucionistas,"banda plana nao isolada [interferencia], 4 sitios",6,0,0
13,23,2,Evolucionistas,"banda plana nao isolada [interferencia], 3 sitios",6,0,0
13,28,1,Incrementalistas,"banda plana isolada [interferencia], 4 sitios",7.16367,1,0
13,29,2,Evolucionistas,"banda plana isolada [interferencia], 4 sitios",7.16367,0,1
13,31,0,Empiristas,"banda plana isolada [interferencia], 4 sitios",6.52094,0,0
13,32,1,Incrementalistas,"banda plana nao isolada [interferencia], 4 sitios",6,0,0
13,48,1,Incrementalistas,"banda plana nao isolada [interferencia], 3 sitios",6,0,1
13,51,3,Isolados,"banda plana nao isolada [desbalanco de subredes], 3 sitios",6,1,0
13,52,2,Evolucionistas,"banda plana isolada [interferencia], 3 sitios",8.4,0,0
13,52,0,Empiristas,"banda plana isolada [interferencia], 3 sitios",8.4,0,1
13,54,1,Incrementalistas,"banda plana isolada [interferencia], 3 sitios",7.48328,0,0
13,55,3,Isolados,"banda plana isolada [desbalanco de subredes], 3 sitios",8.67385,1,0
13,59,0,Empiristas,"banda plana nao isolada [interferencia], 3 sitios",6,0,1
13,62,0,Empiristas,"banda plana isolada [desbalanco de subredes], 3 sitios",9,0,0
13,63,2,Evolucionistas,"banda plana isolada [desbalanco de subredes], 3 sitios",9,0,1
13,64,1,Incrementalistas,"banda plana isolada [desbalanco de subredes], 3 sitios",9,0,1
13,65,2,Evolucionistas,"banda plana nao isolada [desbalanco de subredes], 3 sitios",6,0,0
13,67,0,Empiristas,"banda plana nao isolada [desbalanco de subredes], 3 sitios",6,0,1
13,70,1,Incrementalistas,"banda plana nao isolada [desbalanco de subredes], 3 sitios",6,0,0
13,108,3,Isolados,"banda plana isolada [interferencia], 4 sitios",7.19503,0,0
13,116,3,Isolados,"banda plana nao isolada [interferencia], 4 sitios",6,0,0
13,196,3,Isolados,"banda plana isolada [desbalanco de subredes], 3 sitios",9,0,0
13,196,3,Isolados,"dispersiva",-0.204854,0,0
13,196,3,Isolados,"banda plana nao isolada [interferencia], 4 sitios",6,0,0
13,206,3,Isolados,"banda plana nao isolada [interferencia], 3 sitios",6,0,0
13,239,3,Isolados,"banda plana nao isolada [desbalanco de subredes], 4 sitios",6,0,0
14,0,2,Evolucionistas,"dispersiva",-0.30103,1,0
14,0,3,Isolados,"dispersiva",-0.90309,0,0
14,1,0,Empiristas,"dispersiva",-0.276667,0,0
14,1,1,Incrementalistas,"dispersiva",-0.276667,0,1
14,6,2,Evolucionistas,"banda plana nao isolada [interferencia], 3 sitios",6,1,0
14,6,1,Incrementalistas,"banda plana nao isolada [interferencia], 3 sitios",6,0,1
14,7,0,Empiristas,"banda plana nao isolada [interferencia], 3 sitios",6,0,1
14,8,1,Incrementalistas,"banda plana isolada [interferencia], 3 sitios",6.62488,1,0
14,8,2,Evolucionistas,"banda plana isolada [interferencia], 3 sitios",6.62488,0,1
14,11,0,Empiristas,"banda plana isolada [interferencia], 3 sitios",6.62488,0,1
14,15,0,Empiristas,"banda plana nao isolada [interferencia], 3 sitios",6,0,0
14,48,3,Isolados,"banda plana isolada [interferencia], 4 sitios",6.18535,1,0
14,59,3,Isolados,"banda plana nao isolada [desbalanco de subredes], 3 sitios",6,1,0
14,61,3,Isolados,"banda plana nao isolada [interferencia], 4 sitios",6,1,0
14,62,3,Isolados,"banda plana isolada [interferencia], 3 sitios",7.05115,0,0
14,65,3,Isolados,"banda plana nao isolada [interferencia], 3 sitios",6,0,0
14,74,1,Incrementalistas,"dispersiva",-0.51847,0,0
14,79,3,Isolados,"banda plana isolada [desbalanco de subredes], 3 sitios",6.46029,1,0
14,119,0,Empiristas,"banda plana isolada [desbalanco de subredes], 3 sitios",7.17876,0,0
14,125,2,Evolucionistas,"banda plana isolada [desbalanco de subredes], 3 sitios",9,0,1
14,128,0,Empiristas,"banda plana nao isolada [desbalanco de subredes], 3 sitios",6,0,0
14,130,2,Evolucionistas,"banda plana nao isolada [desbalanco de subredes], 3 sitios",6,0,0
14,131,1,Incrementalistas,"banda plana isolada [desbalanco de subredes], 3 sitios",9,0,1
14,133,1,Incrementalistas,"banda plana nao isolada [desbalanco de subredes], 3 sitios",6,0,0
14,138,1,Incrementalistas,"banda plana nao isolada [interferencia], 4 sitios",6,0,0
14,140,0,Empiristas,"banda plana nao isolada [interferencia], 4 sitios",6,0,1
14,142,1,Incrementalistas,"banda plana isolada [interferencia], 4 sitios",7.27701,0,0
14,150,0,Empiristas,"banda plana nao isolada [desbalanco de subredes], 4 sitios",6,1,0
14,151,2,Evolucionistas,"banda plana nao isolada [desbalanco de subredes], 4 sitios",6,0,1
14,154,0,Empiristas,"banda plana isolada [interferencia], 4 sitios",6.63467,0,0
14,155,2,Evolucionistas,"banda plana nao isolada [interferencia], 4 sitios",6,0,0
14,156,2,Evolucionistas,"banda plana isolada [interferencia], 4 sitios",6.4416,0,0
14,156,1,Incrementalistas,"banda plana nao isolada [desbalanco de subredes], 4 sitios",6,0,1
14,183,1,Incrementalistas,"banda plana nao isolada [desbalanco de subredes], 3 sitios",6,0,0
14,187,1,Incrementalistas,"banda plana nao isolada [interferencia], 4 sitios",6,0,0
14,199,1,Incrementalistas,"banda plana isolada [desbalanco de subredes], 3 sitios",9,0,0
14,199,1,Incrementalistas,"dispersiva",-0.0155652,0,0
14,199,1,Incrementalistas,"banda plana nao isolada [desbalanco de subredes], 3 sitios",6,0,0
14,229,1,Incrementalistas,"banda plana nao isolada [desbalanco de subredes], 4 sitios",6,0,1
15,0,1,Incrementalistas,"dispersiva",-0.117956,1,0
15,1,0,Empiristas,"dispersiva",0.276284,0,0
15,1,2,Evolucionistas,"dispersiva",-1.07918,0,0
15,3,3,Isolados,"dispersiva",-0.510018,0,0
15,24,0,Empiristas,"dispersiva",0.0710143,0,0
15,48,2,Evolucionistas,"banda plana nao isolada [interferencia], 4 sitios",6,1,0
15,49,0,Empiristas,"banda plana nao isolada [interferencia], 4 sitios",6,0,0
15,51,1,Incrementalistas,"banda plana nao isolada [interferencia], 4 sitios",6,0,1
15,52,3,Isolados,"banda plana isolada [interferencia], 4 sitios",6.54667,1,0
15,55,1,Incrementalistas,"banda plana isolada [interferencia], 4 sitios",7.50366,0,0
15,55,2,Evolucionistas,"banda plana isolada [interferencia], 4 sitios",6.68724,0,0
15,55,3,Isolados,"banda plana nao isolada [interferencia], 4 sitios",6,0,0
15,61,0,Empiristas,"banda plana isolada [interferencia], 4 sitios",7.50366,0,1
15,68,1,Incrementalistas,"banda plana isolada [desbalanco de subredes], 3 sitios",8.54062,1,0
15,69,2,Evolucionistas,"banda plana isolada [desbalanco de subredes], 3 sitios",8.54062,0,1
15,70,2,Evolucionistas,"banda plana nao isolada [desbalanco de subredes], 3 sitios",6,1,0
15,71,0,Empiristas,"banda plana isolada [desbalanco de subredes], 3 sitios",8.54062,0,1
15,74,1,Incrementalistas,"banda plana nao isolada [desbalanco de subredes], 3 sitios",6,0,0
15,76,1,Incrementalistas,"banda plana isolada [interferencia], 3 sitios",8.43818,1,0
15,77,2,Evolucionistas,"banda plana isolada [interferencia], 3 sitios",8.43818,0,1
15,79,1,Incrementalistas,"banda plana nao isolada [interferencia], 3 sitios",6,1,0
15,82,0,Empiristas,"banda plana nao isolada [desbalanco de subredes], 3 sitios",6,0,0
15,82,2,Evolucionistas,"banda plana nao isolada [interferencia], 3 sitios",6,0,0
15,85,0,Empiristas,"banda plana nao isolada [interferencia], 3 sitios",6,0,1
15,86,0,Empiristas,"banda plana isolada [interferencia], 3 sitios",8.63912,0,0
15,129,3,Isolados,"banda plana isolada [desbalanco de subredes], 3 sitios",6.46029,0,0
15,129,3,Isolados,"banda plana nao isolada [interferencia], 3 sitios",6,0,0
15,130,3,Isolados,"banda plana isolada [interferencia], 3 sitios",7.14193,0,0
15,134,3,Isolados,"banda plana nao isolada [desbalanco de subredes], 3 sitios",6,0,0
15,179,0,Empiristas,"banda plana nao isolada [desbalanco de subredes], 4 sitios",6,1,0
15,185,2,Evolucionistas,"dispersiva",-0.409993,0,0
15,188,2,Evolucionistas,"banda plana nao isolada [interferencia], 4 sitios",6.0959,0,1
15,193,2,Evolucionistas,"banda plana isolada [interferencia], 4 sitios",6.85326,0,0
15,203,1,Incrementalistas,"banda plana nao isolada [desbalanco de subredes], 4 sitios",6,0,1
15,219,2,Evolucionistas,"banda plana nao isolada [desbalanco de subredes], 4 sitios",6,0,1
15,243,3,Isolados,"quase plana nao isolada, 4 sitios",1.38672,1,0
15,253,3,Isolados,"quase plana isolada, 4 sitios",2.21508,1,0
15,298,0,Empiristas,"banda plana isolada [interferencia], 3 sitios",7.65633,0,0
15,300,0,Empiristas,"banda plana nao isolada [desbalanco de subredes], 4 sitios",6,0,0
16,0,0,Empiristas,"dispersiva",-0.129463,1,0
16,0,1,Incrementalistas,"dispersiva",-0.90309,0,0
16,0,2,Evolucionistas,"dispersiva",-0.30103,0,0
16,0,3,Isolados,"dispersiva",-0.448396,0,0
16,40,2,Evolucionistas,"banda plana isolada [interferencia], 4 sitios",7.34481,1,0
16,43,2,Evolucionistas,"banda plana nao isolada [interferencia], 4 sitios",6.1425,1,0
16,46,3,Isolados,"banda plana isolada [interferencia], 4 sitios",6.25621,0,0
16,51,3,Isolados,"banda plana nao isolada [interferencia], 4 sitios",6,0,0
16,56,1,Incrementalistas,"banda plana isolada [interferencia], 4 sitios",9,0,1
16,57,0,Empiristas,"banda plana isolada [interferencia], 4 sitios",9,0,1
16,58,3,Isolados,"dispersiva",-0.399236,0,0
16,58,3,Isolados,"banda plana isolada [interferencia], 4 sitios",6.3942,0,0
16,59,0,Empiristas,"banda plana nao isolada [interferencia], 4 sitios",6.1425,0,1
16,60,3,Isolados,"banda plana isolada [interferencia], 4 sitios",6.39546,0,0
16,62,1,Incrementalistas,"banda plana nao isolada [interferencia], 4 sitios",6.1425,0,1
16,65,0,Empiristas,"banda plana nao isolada [desbalanco de subredes], 3 sitios",6,1,0
16,67,3,Isolados,"banda plana nao isolada [interferencia], 4 sitios",6,0,0
16,71,0,Empiristas,"banda plana nao isolada [interferencia], 3 sitios",6,1,0
16,72,0,Empiristas,"banda plana isolada [desbalanco de subredes], 3 sitios",8.41739,1,0
16,75,2,Evolucionistas,"banda plana nao isolada [desbalanco de subredes], 3 sitios",6,0,1
16,81,0,Empiristas,"banda plana isolada [interferencia], 3 sitios",6.549,1,0
16,85,2,Evolucionistas,"banda plana nao isolada [interferencia], 3 sitios",6,0,0
16,86,1,Incrementalistas,"banda plana nao isolada [desbalanco de subredes], 3 sitios",6,0,1
16,89,1,Incrementalistas,"banda plana isolada [desbalanco de subredes], 3 sitios",8.80075,0,0
16,90,1,Incrementalistas,"banda plana nao isolada [interferencia], 3 sitios",6,0,0
16,93,1,Incrementalistas,"banda plana isolada [interferencia], 3 sitios",7.44492,0,0
16,95,2,Evolucionistas,"banda plana isolada [desbalanco de subredes], 3 sitios",9,0,1
16,95,2,Evolucionistas,"banda plana isolada [interferencia], 3 sitios",7.85841,0,1
16,120,0,Empiristas,"banda plana isolada [interferencia], 4 sitios",9,0,1
16,127,3,Isolados,"banda plana isolada [desbalanco de subredes], 3 sitios",7.15073,0,0
16,129,3,Isolados,"banda plana isolada [interferencia], 3 sitios",6.65611,0,0
16,130,3,Isolados,"banda plana nao isolada [desbalanco de subredes], 3 sitios",6,0,0
16,133,3,Isolados,"banda plana nao isolada [interferencia], 3 sitios",6,0,0
16,141,0,Empiristas,"banda plana nao isolada [interferencia], 3 sitios",6,0,0
16,186,0,Empiristas,"banda plana nao isolada [desbalanco de subredes], 4 sitios",6,1,0
16,187,3,Isolados,"banda plana isolada [desbalanco de subredes], 3 sitios",9,0,0
16,187,3,Isolados,"banda plana isolada [interferencia], 3 sitios",7.61754,0,0
16,191,3,Isolados,"dispersiva",-0.25286,0,0
16,191,3,Isolados,"banda plana nao isolada [desbalanco de subredes], 3 sitios",6,0,0
16,193,2,Evolucionistas,"banda plana nao isolada [desbalanco de subredes], 4 sitios",6,0,1
16,194,3,Isolados,"banda plana nao isolada [interferencia], 3 sitios",6,0,0
16,220,3,Isolados,"banda plana nao isolada [desbalanco de subredes], 4 sitios",6,0,0
16,222,3,Isolados,"banda plana nao isolada [interferencia], 4 sitios",6,0,0
16,224,1,Incrementalistas,"banda plana nao isolada [desbalanco de subredes], 4 sitios",6,0,0
16,227,3,Isolados,"banda plana isolada [interferencia], 4 sitios",6.1527,0,0
16,286,0,Empiristas,"banda plana isolada [desbalanco de subredes], 3 sitios",9,0,0
16,286,0,Empiristas,"dispersiva",-0.456941,0,0
16,286,0,Empiristas,"banda plana nao isolada [interferencia], 3 sitios",6,0,0
16,286,0,Empiristas,"banda plana isolada [interferencia], 3 sitios",8.96656,0,0
16,286,0,Empiristas,"banda plana nao isolada [interferencia], 4 sitios",6.14561,0,1
16,287,0,Empiristas,"banda plana nao isolada [desbalanco de subredes], 3 sitios",6,0,0
17,0,0,Empiristas,"dispersiva",-0.510018,1,0
17,0,1,Incrementalistas,"dispersiva",-0.408503,0,0
17,0,2,Evolucionistas,"dispersiva",0.0328286,0,0
17,0,3,Isolados,"dispersiva",-0.216891,0,0
17,18,2,Evolucionistas,"banda plana nao isolada [desbalanco de subredes], 3 sitios",6,1,0
17,18,1,Incrementalistas,"banda plana nao isolada [desbalanco de subredes], 3 sitios",6,0,1
17,19,0,Empiristas,"banda plana nao isolada [desbalanco de subredes], 3 sitios",6,0,1
17,21,0,Empiristas,"banda plana isolada [interferencia], 3 sitios",6.99411,1,0
17,21,2,Evolucionistas,"banda plana isolada [interferencia], 3 sitios",6.99411,0,1
17,23,0,Empiristas,"banda plana isolada [desbalanco de subredes], 3 sitios",7.15073,1,0
17,23,1,Incrementalistas,"banda plana nao isolada [interferencia], 3 sitios",6,1,0
17,24,1,Incrementalistas,"banda plana isolada [interferencia], 3 sitios",8.15782,0,1
17,26,2,Evolucionistas,"banda plana isolada [desbalanco de subredes], 3 sitios",7.6417,0,0
17,28,2,Evolucionistas,"banda plana nao isolada [interferencia], 3 sitios",6,0,0
17,30,1,Incrementalistas,"banda plana isolada [desbalanco de subredes], 3 sitios",8.54062,0,1
17,38,0,Empiristas,"banda plana nao isolada [interferencia], 3 sitios",6,0,0
17,52,3,Isolados,"banda plana nao isolada [interferencia], 4 sitios",6,1,0
17,66,3,Isolados,"banda plana isolada [interferencia], 4 sitios",6.43347,1,0
17,66,3,Isolados,"banda plana isolada [interferencia], 3 sitios",6.7599,0,0
17,67,3,Isolados,"banda plana nao isolada [interferencia], 3 sitios",6.13023,0,0
17,69,0,Empiristas,"banda plana isolada [interferencia], 4 sitios",7.01609,0,0
17,69,0,Empiristas,"banda plana nao isolada [interferencia], 4 sitios",6,0,0
17,73,1,Incrementalistas,"banda plana nao isolada [interferencia], 4 sitios",6,0,1
17,75,2,Evolucionistas,"banda plana isolada [interferencia], 4 sitios",8.18557,0,0
17,86,1,Incrementalistas,"banda plana isolada [interferencia], 4 sitios",7.01609,0,1
17,102,2,Evolucionistas,"banda plana nao isolada [interferencia], 4 sitios",6,0,1
17,111,3,Isolados,"banda plana nao isolada [desbalanco de subredes], 3 sitios",6,0,0
17,118,3,Isolados,"banda plana isolada [desbalanco de subredes], 3 sitios",7.77444,0,0
17,178,2,Evolucionistas,"dispersiva",-0.30103,0,0
17,179,2,Evolucionistas,"banda plana isolada [interferencia], 3 sitios",9,0,0
17,193,2,Evolucionistas,"banda plana nao isolada [interferencia], 3 sitios",6.02159,0,0
17,201,0,Empiristas,"banda plana nao isolada [desbalanco de subredes], 4 sitios",6,1,0
17,215,2,Evolucionistas,"banda plana nao isolada [desbalanco de subredes], 4 sitios",6,0,1
17,224,2,Evolucionistas,"banda plana nao isolada [desbalanco de subredes], 3 sitios",6,0,0
17,224,2,Evolucionistas,"banda plana nao isolada [interferencia], 3 sitios",6.12053,0,1
17,230,2,Evolucionistas,"banda plana isolada [interferencia], 4 sitios",7.08828,0,0
17,261,1,Incrementalistas,"banda plana nao isolada [desbalanco de subredes], 4 sitios",6,0,1
17,279,3,Isolados,"dispersiva",-0.550244,0,0
18,0,1,Incrementalistas,"dispersiva",-0.445588,1,0
18,0,2,Evolucionistas,"dispersiva",-0.510018,0,0
18,0,3,Isolados,"dispersiva",-0.60206,0,0
18,0,0,Empiristas,"dispersiva",-0.445588,0,1
18,13,3,Isolados,"banda plana isolada [interferencia], 4 sitios",6.3927,1,0
18,14,3,Isolados,"banda plana nao isolada [interferencia], 4 sitios",6,1,0
18,36,2,Evolucionistas,"banda plana nao isolada [interferencia], 4 sitios",6,0,0
18,37,1,Incrementalistas,"banda plana nao isolada [interferencia], 4 sitios",6,0,1
18,39,0,Empiristas,"banda plana nao isolada [interferencia], 4 sitios",6,0,1
18,41,2,Evolucionistas,"banda plana isolada [interferencia], 4 sitios",6.15934,0,0
18,42,1,Incrementalistas,"banda plana isolada [interferencia], 4 sitios",6.27862,0,0
18,43,0,Empiristas,"banda plana isolada [interferencia], 4 sitios",6.27862,0,1
18,63,0,Empiristas,"banda plana nao isolada [desbalanco de subredes], 3 sitios",6,1,0
18,74,0,Empiristas,"banda plana nao isolada [interferencia], 3 sitios",6,1,0
18,93,2,Evolucionistas,"banda plana nao isolada [desbalanco de subredes], 3 sitios",6,0,0
18,102,1,Incrementalistas,"banda plana nao isolada [desbalanco de subredes], 3 sitios",6,0,1
18,106,0,Empiristas,"banda plana isolada [interferencia], 3 sitios",6.84366,1,0
18,106,2,Evolucionistas,"banda plana isolada [desbalanco de subredes], 3 sitios",9,1,0
18,108,2,Evolucionistas,"banda plana isolada [interferencia], 3 sitios",8.21384,0,0
18,108,1,Incrementalistas,"banda plana nao isolada [interferencia], 3 sitios",6,0,1
18,110,2,Evolucionistas,"banda plana nao isolada [desbalanco de subredes], 4 sitios",6,1,0
18,110,2,Evolucionistas,"banda plana nao isolada [interferencia], 3 sitios",6,0,1
18,110,0,Empiristas,"banda plana isolada [desbalanco de subredes], 3 sitios",9,0,1
18,112,1,Incrementalistas,"banda plana isolada [desbalanco de subredes], 3 sitios",8.67385,0,0
18,112,1,Incrementalistas,"banda plana isolada [interferencia], 3 sitios",6.44223,0,0
18,116,3,Isolados,"banda plana nao isolada [desbalanco de subredes], 3 sitios",6,0,0
18,120,3,Isolados,"banda plana isolada [desbalanco de subredes], 3 sitios",7.6417,0,0
18,128,3,Isolados,"banda plana isolada [interferencia], 3 sitios",6.79813,0,0
18,128,3,Isolados,"banda plana nao isolada [interferencia], 3 sitios",6,0,0
18,132,0,Empiristas,"banda plana nao isolada [desbalanco de subredes], 4 sitios",6,0,1
18,133,2,Evolucionistas,"dispersiva",-0.178074,0,0
18,141,2,Evolucionistas,"banda plana nao isolada [interferencia], 4 sitios",6,0,0
18,142,2,Evolucionistas,"banda plana nao isolada [desbalanco de subredes], 3 sitios",6,0,0
18,142,2,Evolucionistas,"banda plana nao isolada [interferencia], 3 sitios",6,0,1
18,143,1,Incrementalistas,"banda plana nao isolada [desbalanco de subredes], 4 sitios",6,0,1
18,155,2,Evolucionistas,"banda plana isolada [interferencia], 4 sitios",6.36273,0,0
18,205,2,Evolucionistas,"banda plana isolada [interferencia], 4 sitios",6.62132,0,0
18,217,2,Evolucionistas,"banda plana nao isolada [desbalanco de subredes], 4 sitios",6,0,1
19,0,1,Incrementalistas,"dispersiva",-0.383914,1,0
19,1,0,Empiristas,"dispersiva",-0.217678,0,0
19,1,3,Isolados,"banda plana nao isolada [desbalanco de subredes], 3 sitios",6,1,0
19,1,2,Evolucionistas,"dispersiva",-0.222917,0,1
19,2,3,Isolados,"dispersiva",-4.34294e-07,0,0
19,3,3,Isolados,"banda plana isolada [desbalanco de subredes], 3 sitios",8.54062,1,0
19,3,3,Isolados,"banda plana isolada [interferencia], 3 sitios",7.13738,1,0
19,6,3,Isolados,"banda plana nao isolada [interferencia], 3 sitios",6,1,0
19,15,1,Incrementalistas,"banda plana isolada [interferencia], 3 sitios",7.21588,0,0
19,16,0,Empiristas,"banda plana isolada [interferencia], 3 sitios",7.21588,0,1
19,20,2,Evolucionistas,"banda plana isolada [interferencia], 3 sitios",7.21588,0,1
19,74,0,Empiristas,"banda plana isolada [interferencia], 3 sitios",7.21588,0,0
19,81,2,Evolucionistas,"banda plana nao isolada [desbalanco de subredes], 3 sitios",6,0,0
19,85,1,Incrementalistas,"banda plana nao isolada [desbalanco de subredes], 3 sitios",6,0,1
19,87,1,Incrementalistas,"banda plana nao isolada [interferencia], 3 sitios",6,0,0
19,90,2,Evolucionistas,"banda plana isolada [desbalanco de subredes], 3 sitios",6.73673,0,0
19,90,0,Empiristas,"banda plana isolada [desbalanco de subredes], 3 sitios",6.73673,0,1
19,97,1,Incrementalistas,"banda plana isolada [desbalanco de subredes], 3 sitios",8.54062,0,0
19,97,0,Empiristas,"banda plana nao isolada [interferencia], 3 sitios",6.09566,0,1
19,101,2,Evolucionistas,"banda plana nao isolada [interferencia], 3 sitios",6.13265,0,1
19,104,0,Empiristas,"banda plana nao isolada [desbalanco de subredes], 3 sitios",6,0,0
19,131,1,Incrementalistas,"banda plana isolada [desbalanco de subredes], 3 sitios",9,0,0
19,137,2,Evolucionistas,"banda plana isolada [interferencia], 4 sitios",6.86438,1,0
19,138,0,Empiristas,"banda plana isolada [interferencia], 4 sitios",7.5,0,0
19,139,2,Evolucionistas,"banda plana nao isolada [interferencia], 4 sitios",6,1,0
19,143,1,Incrementalistas,"banda plana nao isolada [interferencia], 4 sitios",6,0,1
19,147,1,Incrementalistas,"banda plana isolada [interferencia], 4 sitios",7.86575,0,0
19,159,0,Empiristas,"banda plana nao isolada [interferencia], 4 sitios",6,0,1
19,184,3,Isolados,"dispersiva",-0.37379,0,0
19,184,3,Isolados,"banda plana isolada [interferencia], 3 sitios",7.46768,0,0
19,195,2,Evolucionistas,"dispersiva",-0.412593,0,0
19,195,2,Evolucionistas,"banda plana isolada [desbalanco de subredes], 3 sitios",9,0,0
19,205,2,Evolucionistas,"banda plana nao isolada [interferencia], 4 sitios",6,0,0
19,222,3,Isolados,"banda plana isolada [interferencia], 4 sitios",6.18092,0,0
19,223,3,Isolados,"banda plana nao isolada [interferencia], 4 sitios",6,0,0
19,232,1,Incrementalistas,"dispersiva",-0.366879,0,0
19,232,1,Incrementalistas,"banda plana isolada [desbalanco de subredes], 3 sitios",8.02105,0,0
20,0,1,Incrementalistas,"dispersiva",-0.42787,1,0
20,0,3,Isolados,"dispersiva",-0.278071,0,0
20,1,0,Empiristas,"dispersiva",-0.109093,0,0
20,1,2,Evolucionistas,"dispersiva",-0.119862,0,0
20,37,3,Isolados,"banda plana nao isolada [interferencia], 4 sitios",6,1,0
20,45,0,Empiristas,"banda plana isolada [interferencia], 3 sitios",6.81097,1,0
20,49,3,Isolados,"banda plana isolada [interferencia], 4 sitios",6.36192,1,0
20,49,1,Incrementalistas,"banda plana isolada [interferencia], 3 sitios",7.75692,0,1
20,52,0,Empiristas,"banda plana isolada [desbalanco de subredes], 3 sitios",8.54062,1,0
20,52,0,Empiristas,"banda plana isolada [interferencia], 4 sitios",6.87222,0,0
20,52,1,Incrementalistas,"banda plana isolada [desbalanco de subredes], 3 sitios",8.54062,0,1
20,52,1,Incrementalistas,"banda plana isolada [interferencia], 4 sitios",6.87222,0,1
20,55,1,Incrementalistas,"banda plana nao isolada [interferencia], 3 sitios",6,1,0
20,57,0,Empiristas,"banda plana nao isolada [interferencia], 3 sitios",6,0,0
20,58,2,Evolucionistas,"banda plana isolada [desbalanco de subredes], 3 sitios",9,0,1
20,59,1,Incrementalistas,"banda plana nao isolada [desbalanco de subredes], 3 sitios",6,1,0
20,61,2,Evolucionistas,"banda plana nao isolada [interferencia], 3 sitios",6,0,1
20,62,0,Empiristas,"banda plana nao isolada [desbalanco de subredes], 3 sitios",6,0,0
20,63,2,Evolucionistas,"banda plana isolada [interferencia], 3 sitios",7.75692,0,0
20,63,2,Evolucionistas,"banda plana nao isolada [desbalanco de subredes], 3 sitios",6,0,1
20,64,2,Evolucionistas,"banda plana isolada [interferencia], 4 sitios",6.87222,0,1
20,75,0,Empiristas,"banda plana nao isolada [interferencia], 4 sitios",6,0,0
20,77,2,Evolucionistas,"banda plana nao isolada [interferencia], 4 sitios",6,0,1
20,80,1,Incrementalistas,"banda plana nao isolada [interferencia], 4 sitios",6,0,1
20,95,3,Isolados,"banda plana isolada [interferencia], 3 sitios",6.99771,0,0
20,111,3,Isolados,"banda plana nao isolada [interferencia], 3 sitios",6,0,0
20,126,3,Isolados,"banda plana nao isolada [desbalanco de subredes], 3 sitios",6,0,0
20,127,3,Isolados,"banda plana isolada [desbalanco de subredes], 3 sitios",7.84117,0,0
20,135,0,Empiristas,"dispersiva",-0.52146,0,0
20,136,0,Empiristas,"banda plana isolada [interferencia], 3 sitios",8.4,0,0
20,146,0,Empiristas,"banda plana nao isolada [interferencia], 4 sitios",6.14656,0,1
20,150,3,Isolados,"banda plana isolada [interferencia], 3 sitios",6.89366,0,0
20,157,0,Empiristas,"banda plana isolada [interferencia], 3 sitios",8.4,0,0
20,160,0,Empiristas,"banda plana nao isolada [desbalanco de subredes], 3 sitios",6,0,0
20,169,0,Empiristas,"banda plana nao isolada [desbalanco de subredes], 4 sitios",6,1,0
20,169,3,Isolados,"banda plana nao isolada [desbalanco de subredes], 3 sitios",6,0,0
20,170,0,Empiristas,"banda plana isolada [interferencia], 4 sitios",8.47415,0,1
20,171,0,Empiristas,"banda plana nao isolada [interferencia], 3 sitios",6.12857,0,1
20,172,1,Incrementalistas,"banda plana isolada [desbalanco de subredes], 3 sitios",9,0,0
20,172,1,Incrementalistas,"dispersiva",-0.30103,0,0
20,172,1,Incrementalistas,"banda plana isolada [interferencia], 3 sitios",8.4,0,0
20,172,1,Incrementalistas,"banda plana nao isolada [interferencia], 3 sitios",6,0,0
20,181,2,Evolucionistas,"banda plana nao isolada [desbalanco de subredes], 4 sitios",6,0,0
20,183,3,Isolados,"banda plana nao isolada [interferencia], 3 sitios",6,0,0
20,186,1,Incrementalistas,"banda plana nao isolada [desbalanco de subredes], 4 sitios",6,0,1
20,200,2,Evolucionistas,"banda plana nao isolada [interferencia], 4 sitios",6.14656,0,1
20,206,3,Isolados,"banda plana nao isolada [interferencia], 4 sitios",6,0,0
20,208,2,Evolucionistas,"banda plana nao isolada [desbalanco de subredes], 4 sitios",6,0,1
20,269,3,Isolados,"banda plana nao isolada [desbalanco de subredes], 4 sitios",6,0,0
20,300,0,Empiristas,"dispersiva",0.0795887,0,0
21,0,0,Empiristas,"dispersiva",-0.374347,1,0
21,0,1,Incrementalistas,"dispersiva",-0.30103,0,0
21,1,1,Incrementalistas,"banda plana isolada [interferencia], 4 sitios",7.86575,1,0
21,1,2,Evolucionistas,"dispersiva",-0.250461,0,0
21,2,3,Isolados,"dispersiva",-0.215393,0,0
21,4,2,Evolucionistas,"banda plana isolada [interferencia], 3 sitios",6.46984,1,0
21,4,2,Evolucionistas,"banda plana nao isolada [interferencia], 3 sitios",6,1,0
21,6,0,Empiristas,"banda plana isolada [interferencia], 3 sitios",6.46984,0,1
21,9,0,Empiristas,"banda plana isolada [interferencia], 4 sitios",8.21834,0,1
21,11,0,Empiristas,"banda plana nao isolada [interferencia], 3 sitios",6,0,0
21,20,0,Empiristas,"banda plana isolada [desbalanco de subredes], 3 sitios",7.6417,1,0
21,23,1,Incrementalistas,"banda plana nao isolada [interferencia], 4 sitios",6,1,0
21,27,2,Evolucionistas,"banda plana isolada [interferencia], 4 sitios",8.23523,0,1
21,27,2,Evolucionistas,"banda plana isolada [desbalanco de subredes], 3 sitios",7.6417,0,1
21,31,0,Empiristas,"banda plana nao isolada [interferencia], 4 sitios",6,0,1
21,31,1,Incrementalistas,"banda plana isolada [desbalanco de subredes], 3 sitios",8.54062,0,1
21,32,1,Incrementalistas,"banda plana nao isolada [interferencia], 3 sitios",6.13402,0,1
21,33,1,Incrementalistas,"banda plana isolada [interferencia], 3 sitios",6.94863,0,0
21,45,2,Evolucionistas,"banda plana nao isolada [desbalanco de subredes], 3 sitios",6,1,0
21,46,1,Incrementalistas,"dispersiva",-0.589619,0,0
21,48,1,Incrementalistas,"banda plana nao isolada [desbalanco de subredes], 3 sitios",6,0,0
21,50,0,Empiristas,"banda plana nao isolada [desbalanco de subredes], 3 sitios",6,0,0
21,59,2,Evolucionistas,"banda plana nao isolada [interferencia], 4 sitios",6,0,1
21,68,2,Evolucionistas,"banda plana isolada [interferencia], 3 sitios",6.44994,0,0
21,71,2,Evolucionistas,"banda plana nao isolada [desbalanco de subredes], 3 sitios",6,0,1
21,112,3,Isolados,"banda plana isolada [interferencia], 3 sitios",7.75692,0,0
21,115,3,Isolados,"banda plana nao isolada [interferencia], 3 sitios",6.03727,0,0
21,116,3,Isolados,"banda plana isolada [desbalanco de subredes], 3 sitios",9,0,0
21,121,3,Isolados,"banda plana nao isolada [desbalanco de subredes], 3 sitios",6,0,0
21,125,2,Evolucionistas,"banda plana isolada [desbalanco de subredes], 3 sitios",9,0,0
21,125,2,Evolucionistas,"dispersiva",-0.578916,0,0
21,125,2,Evolucionistas,"banda plana isolada [interferencia], 3 sitios",6.89748,0,0
21,129,0,Empiristas,"banda plana nao isolada [desbalanco de subredes], 4 sitios",6,1,0
21,131,1,Incrementalistas,"banda plana nao isolada [desbalanco de subredes], 4 sitios",6,0,1
21,131,2,Evolucionistas,"banda plana nao isolada [desbalanco de subredes], 4 sitios",6,0,1
21,151,2,Evolucionistas,"dispersiva",-0.37771,0,0
21,151,2,Evolucionistas,"banda plana isolada [desbalanco de subredes], 3 sitios",7.42971,0,0
21,151,2,Evolucionistas,"banda plana nao isolada [desbalanco de subredes], 4 sitios",6,0,1
21,167,2,Evolucionistas,"banda plana nao isolada [interferencia], 4 sitios",6.09245,0,1
21,189,0,Empiristas,"dispersiva",-0.24598,0,0
21,189,0,Empiristas,"banda plana isolada [desbalanco de subredes], 3 sitios",9,0,0
21,189,0,Empiristas,"banda plana isolada [interferencia], 3 sitios",8.89411,0,0
21,200,3,Isolados,"banda plana isolada [interferencia], 4 sitios",6.54539,0,0
21,210,3,Isolados,"banda plana nao isolada [interferencia], 4 sitios",6,0,0
21,218,0,Empiristas,"banda plana nao isolada [desbalanco de subredes], 4 sitios",6,0,1
22,0,2,Evolucionistas,"dispersiva",-0.421362,1,0
22,0,0,Empiristas,"dispersiva",-0.421362,0,1
22,1,1,Incrementalistas,"dispersiva",-0.30103,0,0
22,2,3,Isolados,"dispersiva",-0.14631,0,0
22,8,2,Evolucionistas,"banda plana isolada [desbalanco de subredes], 3 sitios",8.32171,1,0
22,9,1,Incrementalistas,"banda plana isolada [interferencia], 4 sitios",6.64308,1,0
22,12,0,Empiristas,"banda plana isolada [desbalanco de subredes], 3 sitios",8.32171,0,1
22,14,0,Empiristas,"banda plana nao isolada [interferencia], 3 sitios",6,1,0
22,18,0,Empiristas,"banda plana isolada [interferencia], 4 sitios",6.76727,0,1
22,18,1,Incrementalistas,"banda plana isolada [desbalanco de subredes], 3 sitios",8.32171,0,1
22,20,0,Empiristas,"banda plana nao isolada [desbalanco de subredes], 3 sitios",6,1,0
22,21,2,Evolucionistas,"banda plana nao isolada [interferencia], 3 sitios",6,0,1
22,22,0,Empiristas,"banda plana isolada [interferencia], 3 sitios",7.48328,1,0
22,22,1,Incrementalistas,"banda plana nao isolada [desbalanco de subredes], 3 sitios",6,0,0
22,29,0,Empiristas,"banda plana nao isolada [interferencia], 4 sitios",6,1,0
22,33,1,Incrementalistas,"banda plana isolada [interferencia], 3 sitios",6.99411,0,0
22,34,1,Incrementalistas,"banda plana nao isolada [interferencia], 3 sitios",6,0,0
22,34,2,Evolucionistas,"banda plana isolada [interferencia], 4 sitios",6.76727,0,1
22,37,1,Incrementalistas,"banda plana nao isolada [interferencia], 4 sitios",6,0,1
22,44,2,Evolucionistas,"banda plana nao isolada [interferencia], 4 sitios",6,0,0
22,44,2,Evolucionistas,"banda plana nao isolada [desbalanco de subredes], 3 sitios",6,0,0
22,52,2,Evolucionistas,"banda plana isolada [interferencia], 3 sitios",7.09496,0,0
22,68,3,Isolados,"banda plana isolada [interferencia], 4 sitios",6.72666,0,0
22,70,3,Isolados,"banda plana nao isolada [interferencia], 4 sitios",6,0,0
22,87,3,Isolados,"banda plana isolada [desbalanco de subredes], 3 sitios",8.80075,0,0
22,89,3,Isolados,"banda plana nao isolada [interferencia], 3 sitios",6,0,0
22,90,3,Isolados,"banda plana nao isolada [desbalanco de subredes], 3 sitios",6,0,0
22,92,3,Isolados,"banda plana isolada [interferencia], 3 sitios",7.847,0,0
22,104,0,Empiristas,"banda plana nao isolada [desbalanco de subredes], 3 sitios",6,0,1
22,132,0,Empiristas,"dispersiva",-0.30103,0,0
22,132,0,Empiristas,"banda plana isolada [interferencia], 3 sitios",8.4,0,0
22,188,0,Empiristas,"banda plana nao isolada [desbalanco de subredes], 4 sitios",6,1,0
22,212,1,Incrementalistas,"dispersiva",-0.286911,0,0
22,212,1,Incrementalistas,"banda plana isolada [interferencia], 3 sitios",6.29736,0,0
22,218,1,Incrementalistas,"banda plana nao isolada [interferencia], 4 sitios",6,0,0
22,243,1,Incrementalistas,"banda plana nao isolada [desbalanco de subredes], 4 sitios",6,0,1
22,259,2,Evolucionistas,"banda plana nao isolada [desbalanco de subredes], 4 sitios",6,0,1
22,275,0,Empiristas,"dispersiva",-0.28448,0,0
22,277,0,Empiristas,"banda plana nao isolada [interferencia], 3 sitios",6,0,0
22,290,0,Empiristas,"banda plana nao isolada [desbalanco de subredes], 4 sitios",6,0,1
22,299,0,Empiristas,"banda plana nao isolada [interferencia], 4 sitios",6,0,0
23,0,1,Incrementalistas,"dispersiva",-0.30103,1,0
23,0,2,Evolucionistas,"dispersiva",-0.134601,0,0
23,1,3,Isolados,"dispersiva",-0.552471,0,0
23,3,0,Empiristas,"dispersiva",-0.426844,0,0
23,47,3,Isolados,"banda plana nao isolada [interferencia], 4 sitios",6,1,0
23,53,3,Isolados,"banda plana isolada [interferencia], 4 sitios",6.15416,1,0
23,61,0,Empiristas,"banda plana isolada [interferencia], 4 sitios",6.6056,0,0
23,62,1,Incrementalistas,"banda plana isolada [interferencia], 4 sitios",6.98878,0,1
23,65,0,Empiristas,"banda plana nao isolada [interferencia], 4 sitios",6,0,0
23,65,2,Evolucionistas,"banda plana isolada [interferencia], 4 sitios",6.64826,0,0
23,69,0,Empiristas,"banda plana nao isolada [desbalanco de subredes], 3 sitios",6,1,0
23,70,0,Empiristas,"banda plana nao isolada [interferencia], 3 sitios",6,1,0
23,71,2,Evolucionistas,"banda plana nao isolada [interferencia], 4 sitios",6.09288,0,1
23,72,1,Incrementalistas,"banda plana nao isolada [interferencia], 3 sitios",6,0,1
23,74,1,Incrementalistas,"banda plana nao isolada [desbalanco de subredes], 3 sitios",6,0,0
23,74,1,Incrementalistas,"banda plana isolada [interferencia], 3 sitios",6.89037,1,0
23,74,2,Evolucionistas,"banda plana nao isolada [desbalanco de subredes], 3 sitios",6,0,1
23,75,1,Incrementalistas,"banda plana nao isolada [interferencia], 4 sitios",6.08405,0,0
23,76,0,Empiristas,"banda plana isolada [interferencia], 3 sitios",6.89037,0,0
23,77,2,Evolucionistas,"banda plana isolada [interferencia], 3 sitios",7.75692,0,1
23,79,3,Isolados,"banda plana nao isolada [desbalanco de subredes], 4 sitios",6,1,0
23,80,1,Incrementalistas,"banda plana isolada [desbalanco de subredes], 3 sitios",8.46679,1,0
23,82,2,Evolucionistas,"banda plana isolada [desbalanco de subredes], 3 sitios",9,0,0
23,83,0,Empiristas,"banda plana isolada [desbalanco de subredes], 3 sitios",7.26316,0,0
23,93,2,Evolucionistas,"banda plana nao isolada [interferencia], 3 sitios",6,0,0
23,94,3,Isolados,"banda plana nao isolada [desbalanco de subredes], 3 sitios",6,0,0
23,99,3,Isolados,"banda plana isolada [interferencia], 3 sitios",8.70143,0,0
23,109,3,Isolados,"banda plana nao isolada [interferencia], 3 sitios",6,0,0
23,111,1,Incrementalistas,"banda plana isolada [desbalanco de subredes], 3 sitios",8.54062,0,0
23,112,3,Isolados,"banda plana isolada [desbalanco de subredes], 3 sitios",7.41822,0,0
23,197,2,Evolucionistas,"banda plana nao isolada [desbalanco de subredes], 4 sitios",6,0,0
23,226,2,Evolucionistas,"banda plana isolada [desbalanco de subredes], 3 sitios",9,0,0
23,226,2,Evolucionistas,"banda plana nao isolada [desbalanco de subredes], 3 sitios",6,0,0
23,227,0,Empiristas,"banda plana nao isolada [desbalanco de subredes], 4 sitios",6,0,0
23,228,2,Evolucionistas,"banda plana nao isolada [interferencia], 4 sitios",6,0,0
23,239,3,Isolados,"banda plana isolada [interferencia], 4 sitios",6.21246,0,0
23,244,3,Isolados,"banda plana nao isolada [desbalanco de subredes], 3 sitios",6,0,0
23,245,3,Isolados,"banda plana nao isolada [interferencia], 3 sitios",6,0,0
23,265,2,Evolucionistas,"banda plana isolada [interferencia], 3 sitios",7.28388,0,0
23,266,2,Evolucionistas,"banda plana nao isolada [desbalanco de subredes], 3 sitios",6,0,0
23,277,2,Evolucionistas,"banda plana nao isolada [interferencia], 4 sitios",6.05237,0,0
23,281,1,Incrementalistas,"banda plana nao isolada [desbalanco de subredes], 4 sitios",6,0,1
24,0,1,Incrementalistas,"dispersiva",-0.210543,1,0
24,1,0,Empiristas,"dispersiva",-0.227646,0,0
24,2,3,Isolados,"dispersiva",0.185651,0,0
24,3,2,Evolucionistas,"dispersiva",-0.424119,0,0
24,14,1,Incrementalistas,"banda plana nao isolada [interferencia], 3 sitios",6,1,0
24,17,2,Evolucionistas,"banda plana isolada [interferencia], 3 sitios",6.47714,1,0
24,18,0,Empiristas,"banda plana isolada [interferencia], 3 sitios",6.47714,0,1
24,20,2,Evolucionistas,"banda plana nao isolada [interferencia], 3 sitios",6,0,1
24,20,1,Incrementalistas,"banda plana isolada [interferencia], 3 sitios",6.47714,0,1
24,22,0,Empiristas,"banda plana nao isolada [interferencia], 3 sitios",6,0,0
24,33,3,Isolados,"banda plana nao isolada [interferencia], 4 sitios",6,1,0
24,36,3,Isolados,"banda plana isolada [interferencia], 4 sitios",6.38202,1,0
24,42,1,Incrementalistas,"banda plana isolada [desbalanco de subredes], 3 sitios",8.02105,1,0
24,42,2,Evolucionistas,"banda plana isolada [desbalanco de subredes], 3 sitios",8.02105,0,1
24,48,2,Evolucionistas,"banda plana nao isolada [desbalanco de subredes], 3 sitios",6.14254,1,0
24,50,0,Empiristas,"banda plana isolada [desbalanco de subredes], 3 sitios",8.02105,0,1
24,53,1,Incrementalistas,"banda plana nao isolada [desbalanco de subredes], 3 sitios",6,0,0
24,61,0,Empiristas,"banda plana nao isolada [desbalanco de subredes], 3 sitios",6,0,0
24,85,3,Isolados,"banda plana nao isolada [interferencia], 3 sitios",6,0,0
24,108,2,Evolucionistas,"banda plana nao isolada [interferencia], 4 sitios",6,0,0
24,112,0,Empiristas,"banda plana isolada [interferencia], 4 sitios",7.36771,0,0
24,114,3,Isolados,"banda plana isolada [interferencia], 3 sitios",6.57638,0,0
24,117,3,Isolados,"banda plana nao isolada [desbalanco de subredes], 3 sitios",6,0,0
24,123,3,Isolados,"banda plana isolada [desbalanco de subredes], 3 sitios",7.84117,0,0
24,142,2,Evolucionistas,"banda plana isolada [interferencia], 4 sitios",7.15487,0,0
24,144,3,Isolados,"banda plana nao isolada [desbalanco de subredes], 4 sitios",6,1,0
24,147,1,Incrementalistas,"banda plana nao isolada [interferencia], 4 sitios",6,0,1
24,150,1,Incrementalistas,"banda plana isolada [interferencia], 4 sitios",7.15487,0,0
24,150,3,Isolados,"banda plana nao isolada [interferencia], 3 sitios",6,0,0
24,165,0,Empiristas,"banda plana nao isolada [desbalanco de subredes], 4 sitios",6,0,0
24,170,0,Empiristas,"banda plana nao isolada [interferencia], 4 sitios",6,0,0
24,198,2,Evolucionistas,"banda plana nao isolada [desbalanco de subredes], 4 sitios",6,0,1
24,199,1,Incrementalistas,"banda plana nao isolada [desbalanco de subredes], 4 sitios",6,0,1
24,250,0,Empiristas,"banda plana isolada [interferencia], 3 sitios",8.13574,0,0
24,251,0,Empiristas,"banda plana isolada [interferencia], 4 sitios",6.68771,0,0
24,251,0,Empiristas,"banda plana nao isolada [interferencia], 3 sitios",6,0,0
24,256,1,Incrementalistas,"banda plana nao isolada [desbalanco de subredes], 3 sitios",6,0,0
24,256,1,Incrementalistas,"banda plana isolada [interferencia], 4 sitios",7.16127,0,0
24,259,1,Incrementalistas,"banda plana nao isolada [interferencia], 4 sitios",6.14833,0,1
24,285,0,Empiristas,"banda plana isolada [desbalanco de subredes], 3 sitios",9,0,0
24,285,0,Empiristas,"banda plana nao isolada [desbalanco de subredes], 3 sitios",6,0,0
24,287,0,Empiristas,"banda plana nao isolada [interferencia], 3 sitios",6,0,0
24,291,1,Incrementalistas,"banda plana isolada [interferencia], 3 sitios",8.66267,0,0
24,291,1,Incrementalistas,"banda plana nao isolada [interferencia], 4 sitios",6.08559,0,0
25,0,3,Isolados,"dispersiva",-0.30545,1,0
25,1,1,Incrementalistas,"dispersiva",-0.60206,0,0
25,1,2,Evolucionistas,"dispersiva",-0.482277,0,0
25,3,0,Empiristas,"dispersiva",-0.155203,0,0
25,11,3,Isolados,"dispersiva",-0.313968,0,0
25,21,3,Isolados,"banda plana isolada [interferencia], 3 sitios",6.90454,1,0
25,23,3,Isolados,"banda plana nao isolada [interferencia], 3 sitios",6,1,0
25,41,0,Empiristas,"banda plana isolada [interferencia], 3 sitios",7.73078,0,0
25,41,1,Incrementalistas,"banda plana isolada [interferencia], 3 sitios",7.73078,0,1
25,42,2,Evolucionistas,"banda plana isolada [interferencia], 3 sitios",7.73078,0,1
25,43,3,Isolados,"banda plana isolada [desbalanco de subredes], 3 sitios",7.77444,1,0
25,53,0,Empiristas,"dispersiva",-4.34294e-07,0,0
25,56,2,Evolucionistas,"banda plana nao isolada [interferencia], 3 sitios",6,0,0
25,57,1,Incrementalistas,"banda plana nao isolada [interferencia], 3 sitios",6,0,0
25,57,0,Empiristas,"banda plana nao isolada [interferencia], 3 sitios",6,0,1
25,60,3,Isolados,"banda plana nao isolada [desbalanco de subredes], 3 sitios",6,1,0
25,63,2,Evolucionistas,"banda plana isolada [desbalanco de subredes], 3 sitios",8.4,0,0
25,64,0,Empiristas,"banda plana isolada [desbalanco de subredes], 3 sitios",8.67385,0,1
25,65,1,Incrementalistas,"banda plana isolada [desbalanco de subredes], 3 sitios",8.67385,0,1
25,69,2,Evolucionistas,"banda plana nao isolada [desbalanco de subredes], 3 sitios",6,0,0
25,69,0,Empiristas,"banda plana nao isolada [desbalanco de subredes], 3 sitios",6,0,1
25,83,1,Incrementalistas,"banda plana nao isolada [desbalanco de subredes], 3 sitios",6,0,0
25,88,0,Empiristas,"banda plana nao isolada [interferencia], 4 sitios",6,1,0
25,99,1,Incrementalistas,"banda plana nao isolada [interferencia], 4 sitios",6,0,1
25,100,1,Incrementalistas,"banda plana isolada [interferencia], 4 sitios",6.70985,1,0
25,113,0,Empiristas,"dispersiva",-0.30103,0,0
25,113,0,Empiristas,"banda plana isolada [interferencia], 3 sitios",7.98687,0,0
25,113,3,Isolados,"banda plana nao isolada [interferencia], 3 sitios",6,0,0
25,140,3,Isolados,"dispersiva",-0.421945,0,0
25,141,3,Isolados,"banda plana nao isolada [interferencia], 3 sitios",6,0,0
25,142,0,Empiristas,"banda plana isolada [interferencia], 4 sitios",6.48696,0,0
25,155,2,Evolucionistas,"banda plana isolada [interferencia], 4 sitios",6.82648,0,1
25,166,2,Evolucionistas,"banda plana nao isolada [interferencia], 4 sitios",6,0,1
25,177,3,Isolados,"banda plana nao isolada [interferencia], 3 sitios",6,0,0
25,200,3,Isolados,"banda plana nao isolada [desbalanco de subredes], 3 sitios",6,0,0
25,200,3,Isolados,"banda plana isolada [desbalanco de subredes], 3 sitios",8.07989,0,0
25,216,0,Empiristas,"banda plana isolada [desbalanco de subredes], 3 sitios",9,0,0
25,242,3,Isolados,"banda plana nao isolada [interferencia], 4 sitios",6,0,0
25,242,3,Isolados,"banda plana isolada [interferencia], 4 sitios",6.86566,0,0
25,258,3,Isolados,"banda plana nao isolada [desbalanco de subredes], 4 sitios",6,1,0
25,269,3,Isolados,"dispersiva",-0.251622,0,0
25,269,3,Isolados,"banda plana nao isolada [desbalanco de subredes], 3 sitios",6,0,0
25,272,3,Isolados,"banda plana nao isolada [interferencia], 3 sitios",6,0,0
25,293,2,Evolucionistas,"banda plana isolada [desbalanco de subredes], 3 sitios",7.99749,0,0
25,293,2,Evolucionistas,"banda plana isolada [interferencia], 3 sitios",8.31412,0,0
25,298,2,Evolucionistas,"banda plana isolada [interferencia], 4 sitios",9,0,1
26,0,0,Empiristas,"dispersiva",-0.208052,1,0
26,0,3,Isolados,"dispersiva",-0.30103,0,0
26,1,1,Incrementalistas,"dispersiva",-0.134601,0,0
26,1,2,Evolucionistas,"dispersiva",-0.0604476,0,0
26,2,2,Evolucionistas,"banda plana isolada [interferencia], 4 sitios",6.79813,1,0
26,6,0,Empiristas,"banda plana isolada [interferencia], 4 sitios",6.79813,0,1
26,8,1,Incrementalistas,"banda plana isolada [interferencia], 4 sitios",7.16131,0,1
26,13,2,Evolucionistas,"dispersiva",-0.252686,0,0
26,17,2,Evolucionistas,"banda plana nao isolada [interferencia], 4 sitios",6,1,0
26,18,2,Evolucionistas,"banda plana isolada [interferencia], 4 sitios",7.31856,0,0
26,20,0,Empiristas,"banda plana nao isolada [interferencia], 4 sitios",6,0,0
26,20,1,Incrementalistas,"banda plana nao isolada [interferencia], 4 sitios",6,0,0
26,22,3,Isolados,"banda plana isolada [interferencia], 3 sitios",6.47714,1,0
26,28,3,Isolados,"banda plana nao isolada [interferencia], 3 sitios",6,1,0
26,30,1,Incrementalistas,"banda plana nao isolada [desbalanco de subredes], 4 sitios",6,1,0
26,31,3,Isolados,"banda plana isolada [desbalanco de subredes], 3 sitios",7.52496,1,0
26,32,2,Evolucionistas,"banda plana nao isolada [desbalanco de subredes], 4 sitios",6,0,1
26,34,0,Empiristas,"banda plana nao isolada [desbalanco de subredes], 4 sitios",6,0,1
26,37,3,Isolados,"banda plana nao isolada [desbalanco de subredes], 3 sitios",6,1,0
26,78,2,Evolucionistas,"banda plana nao isolada [desbalanco de subredes], 3 sitios",6,0,0
26,80,2,Evolucionistas,"banda plana isolada [desbalanco de subredes], 3 sitios",7.77444,0,0
26,84,1,Incrementalistas,"banda plana isolada [interferencia], 3 sitios",7.09808,0,0
26,84,2,Evolucionistas,"banda plana isolada [interferencia], 3 sitios",6.61438,0,0
26,86,1,Incrementalistas,"banda plana isolada [desbalanco de subredes], 3 sitios",9,0,1
26,91,0,Empiristas,"banda plana isolada [desbalanco de subredes], 3 sitios",9,0,1
26,91,0,Empiristas,"banda plana isolada [interferencia], 3 sitios",7.04189,0,1
26,92,2,Evolucionistas,"banda plana nao isolada [interferencia], 3 sitios",6,0,0
26,93,0,Empiristas,"banda plana nao isolada [desbalanco de subredes], 3 sitios",6,0,0
26,103,1,Incrementalistas,"banda plana nao isolada [desbalanco de subredes], 3 sitios",6,0,0
26,113,0,Empiristas,"banda plana nao isolada [interferencia], 3 sitios",6,0,0
26,115,1,Incrementalistas,"banda plana nao isolada [interferencia], 3 sitios",6,0,1
26,142,3,Isolados,"banda plana nao isolada [interferencia], 4 sitios",6,0,0
26,151,3,Isolados,"banda plana isolada [interferencia], 4 sitios",6.29326,0,0
26,207,2,Evolucionistas,"banda plana nao isolada [interferencia], 3 sitios",6,0,0
26,211,2,Evolucionistas,"banda plana isolada [interferencia], 4 sitios",6.79713,0,0
26,227,2,Evolucionistas,"banda plana nao isolada [desbalanco de subredes], 4 sitios",6,0,0
27,0,0,Empiristas,"dispersiva",-0.198792,1,0
27,0,1,Incrementalistas,"dispersiva",0.0358297,0,0
27,1,2,Evolucionistas,"dispersiva",-0.384087,0,0
27,1,3,Isolados,"dispersiva",-0.273707,0,0
27,36,3,Isolados,"banda plana nao isolada [interferencia], 4 sitios",6,1,0
27,39,0,Empiristas,"banda plana nao isolada [interferencia], 3 sitios",6,1,0
27,40,2,Evolucionistas,"banda plana nao isolada [interferencia], 3 sitios",6,0,1
27,40,1,Incrementalistas,"banda plana nao isolada [interferencia], 3 sitios",6,0,1
27,43,0,Empiristas,"banda plana isolada [interferencia], 4 sitios",6.60399,1,0
27,44,2,Evolucionistas,"banda plana isolada [interferencia], 4 sitios",6.60399,0,1
27,47,1,Incrementalistas,"banda plana isolada [interferencia], 4 sitios",6.60399,0,1
27,48,0,Empiristas,"banda plana nao isolada [interferencia], 4 sitios",6,0,0
27,48,1,Incrementalistas,"banda plana isolada [interferencia], 3 sitios",6.27719,1,0
27,49,3,Isolados,"banda plana isolada [interferencia], 4 sitios",6.57618,0,0
27,50,0,Empiristas,"banda plana isolada [interferencia], 3 sitios",6.4051,0,0
27,57,1,Incrementalistas,"banda plana nao isolada [interferencia], 4 sitios",6,0,0
27,57,2,Evolucionistas,"banda plana isolada [interferencia], 3 sitios",7.41349,0,1
27,58,2,Evolucionistas,"banda plana nao isolada [interferencia], 4 sitios",6,0,0
27,65,2,Evolucionistas,"banda plana isolada [desbalanco de subredes], 3 sitios",7.89055,1,0
27,71,2,Evolucionistas,"banda plana nao isolada [desbalanco de subredes], 3 sitios",6,1,0
27,71,1,Incrementalistas,"banda plana nao isolada [desbalanco de subredes], 3 sitios",6,0,1
27,75,1,Incrementalistas,"banda plana isolada [desbalanco de subredes], 3 sitios",8.4,0,0
27,77,0,Empiristas,"banda plana isolada [desbalanco de subredes], 3 sitios",9,0,1
27,85,0,Empiristas,"banda plana nao isolada [desbalanco de subredes], 3 sitios",6,0,0
27,85,3,Isolados,"banda plana nao isolada [desbalanco de subredes], 3 sitios",6,0,0
27,92,3,Isolados,"banda plana nao isolada [interferencia], 3 sitios",6,0,0
27,96,3,Isolados,"banda plana isolada [interferencia], 3 sitios",6.944,0,0
27,109,3,Isolados,"banda plana isolada [desbalanco de subredes], 3 sitios",9,0,0
27,168,1,Incrementalistas,"quase plana nao isolada, 4 sitios",1.43191,1,0
27,171,0,Empiristas,"quase plana nao isolada, 4 sitios",1.43191,0,1
27,183,2,Evolucionistas,"banda plana nao isolada [desbalanco de subredes], 4 sitios",6,1,0
27,185,1,Incrementalistas,"banda plana nao isolada [desbalanco de subredes], 4 sitios",6,0,0
27,207,2,Evolucionistas,"quase plana nao isolada, 4 sitios",1.30373,0,0
27,210,0,Empiristas,"banda plana nao isolada [desbalanco de subredes], 4 sitios",6,0,0
27,216,0,Empiristas,"banda plana isolada [desbalanco de subredes], 3 sitios",9,0,0
27,217,0,Empiristas,"banda plana nao isolada [desbalanco de subredes], 4 sitios",6,0,1
27,217,0,Empiristas,"banda plana nao isolada [desbalanco de subredes], 3 sitios",6,0,1
27,255,3,Isolados,"banda plana isolada [desbalanco de subredes], 3 sitios",9,0,0
27,265,3,Isolados,"banda plana isolada [desbalanco de subredes], 3 sitios",7.62738,0,0
27,265,3,Isolados,"banda plana isolada [interferencia], 3 sitios",7.79808,0,0
27,268,3,Isolados,"banda plana isolada [interferencia], 4 sitios",6.15479,0,0
27,273,2,Evolucionistas,"banda plana isolada [desbalanco de subredes], 3 sitios",8.54062,0,0
27,273,2,Evolucionistas,"banda plana isolada [interferencia], 3 sitios",9,0,0
27,275,3,Isolados,"banda plana nao isolada [interferencia], 4 sitios",6,0,0
27,279,2,Evolucionistas,"quase plana nao isolada, 4 sitios",1.64734,0,1
28,0,0,Empiristas,"dispersiva",-0.190269,1,0
28,0,1,Incrementalistas,"dispersiva",-0.223068,0,0
28,0,3,Isolados,"dispersiva",-0.277634,0,0
28,2,2,Evolucionistas,"dispersiva",-0.169908,0,0
28,32,2,Evolucionistas,"banda plana isolada [desbalanco de subredes], 3 sitios",8.26915,1,0
28,32,1,Incrementalistas,"banda plana isolada [desbalanco de subredes], 3 sitios",8.26915,0,1
28,33,0,Empiristas,"banda plana isolada [interferencia], 3 sitios",7.14193,1,0
28,33,1,Incrementalistas,"banda plana isolada [interferencia], 4 sitios",6.39104,1,0
28,35,2,Evolucionistas,"banda plana isolada [interferencia], 3 sitios",7.14193,0,1
28,35,0,Empiristas,"banda plana isolada [desbalanco de subredes], 3 sitios",8.26915,0,1
28,37,3,Isolados,"banda plana isolada [interferencia], 3 sitios",7.76699,0,0
28,37,2,Evolucionistas,"banda plana isolada [interferencia], 4 sitios",6.39104,0,1
28,40,0,Empiristas,"banda plana nao isolada [interferencia], 3 sitios",6,1,0
28,42,0,Empiristas,"banda plana isolada [interferencia], 4 sitios",6.96544,0,0
28,42,2,Evolucionistas,"banda plana nao isolada [interferencia], 3 sitios",6,0,0
28,43,2,Evolucionistas,"banda plana nao isolada [desbalanco de subredes], 3 sitios",6,1,0
28,44,1,Incrementalistas,"banda plana nao isolada [interferencia], 4 sitios",6,1,0
28,45,1,Incrementalistas,"banda plana nao isolada [desbalanco de subredes], 3 sitios",6,0,0
28,45,0,Empiristas,"banda plana nao isolada [desbalanco de subredes], 3 sitios",6,0,1
28,48,1,Incrementalistas,"banda plana isolada [interferencia], 3 sitios",8.4,0,0
28,51,1,Incrementalistas,"banda plana nao isolada [interferencia], 3 sitios",6,0,0
28,65,2,Evolucionistas,"banda plana nao isolada [interferencia], 4 sitios",6,0,1
28,79,0,Empiristas,"banda plana nao isolada [interferencia], 4 sitios",6,0,1
28,96,1,Incrementalistas,"banda plana isolada [desbalanco de subredes], 3 sitios",9,0,0
28,98,3,Isolados,"banda plana nao isolada [desbalanco de subredes], 3 sitios",6,0,0
28,98,3,Isolados,"banda plana isolada [desbalanco de subredes], 3 sitios",7.02606,0,0
28,110,3,Isolados,"banda plana nao isolada [interferencia], 3 sitios",6,0,0
28,212,0,Empiristas,"banda plana isolada [interferencia], 3 sitios",7.59679,0,0
28,213,0,Empiristas,"banda plana nao isolada [desbalanco de subredes], 3 sitios",6,0,0
28,255,3,Isolados,"banda plana isolada [interferencia], 4 sitios",6.65282,0,0
28,255,3,Isolados,"banda plana nao isolada [interferencia], 4 sitios",6,0,0
28,263,1,Incrementalistas,"banda plana isolada [interferencia], 3 sitios",8.21384,0,0
28,263,1,Incrementalistas,"banda plana isolada [desbalanco de subredes], 3 sitios",9,0,0
28,263,1,Incrementalistas,"dispersiva",-0.460911,0,0
28,263,1,Incrementalistas,"banda plana nao isolada [interferencia], 3 sitios",6,0,0
28,264,1,Incrementalistas,"banda plana isolada [interferencia], 4 sitios",6.25653,0,0
29,0,1,Incrementalistas,"dispersiva",-0.164594,1,0
29,0,2,Evolucionistas,"dispersiva",-0.482198,0,0
29,2,0,Empiristas,"dispersiva",-0.683806,0,0
29,2,3,Isolados,"dispersiva",-0.60206,0,0
29,36,1,Incrementalistas,"banda plana nao isolada [interferencia], 3 sitios",6,1,0
29,36,2,Evolucionistas,"banda plana nao isolada [interferencia], 3 sitios",6,0,1
29,36,0,Empiristas,"banda plana nao isolada [interferencia], 3 sitios",6,0,1
29,39,1,Incrementalistas,"banda plana isolada [interferencia], 3 sitios",6.46281,1,0
29,42,0,Empiristas,"banda plana isolada [interferencia], 3 sitios",7.48328,0,1
29,42,2,Evolucionistas,"banda plana isolada [interferencia], 3 sitios",7.48328,0,1
29,49,2,Evolucionistas,"banda plana nao isolada [interferencia], 4 sitios",6,1,0
29,49,2,Evolucionistas,"banda plana nao isolada [desbalanco de subredes], 4 sitios",6,1,0
29,52,0,Empiristas,"banda plana isolada [desbalanco de subredes], 3 sitios",7.81736,1,0
29,53,1,Incrementalistas,"banda plana isolada [interferencia], 4 sitios",6.48894,1,0
29,53,2,Evolucionistas,"banda plana isolada [desbalanco de subredes], 3 sitios",7.15073,0,0
29,55,2,Evolucionistas,"banda plana isolada [interferencia], 4 sitios",6.64308,0,0
29,56,1,Incrementalistas,"banda plana nao isolada [interferencia], 4 sitios",6,0,0
29,56,1,Incrementalistas,"banda plana isolada [desbalanco de subredes], 3 sitios",8.26915,0,1
29,60,0,Empiristas,"banda plana nao isolada [desbalanco de subredes], 3 sitios",6,1,0
29,62,0,Empiristas,"banda plana isolada [interferencia], 4 sitios",6.37902,0,0
29,63,1,Incrementalistas,"banda plana nao isolada [desbalanco de subredes], 3 sitios",6,0,0
29,65,2,Evolucionistas,"banda plana nao isolada [desbalanco de subredes], 3 sitios",6,0,0
29,79,0,Empiristas,"banda plana nao isolada [interferencia], 4 sitios",6,0,0
29,89,1,Incrementalistas,"banda plana nao isolada [desbalanco de subredes], 4 sitios",6,0,1
29,98,3,Isolados,"banda plana nao isolada [desbalanco de subredes], 3 sitios",6,0,0
29,101,3,Isolados,"banda plana isolada [desbalanco de subredes], 3 sitios",8.67385,0,0
29,101,3,Isolados,"banda plana isolada [interferencia], 3 sitios",6.77668,0,0
29,102,3,Isolados,"banda plana nao isolada [interferencia], 3 sitios",6,0,0
29,108,0,Empiristas,"banda plana nao isolada [desbalanco de subredes], 4 sitios",6,0,1
29,127,2,Evolucionistas,"banda plana isolada [interferencia], 3 sitios",6.33545,0,0
29,127,2,Evolucionistas,"banda plana nao isolada [interferencia], 4 sitios",6,0,1
29,129,1,Incrementalistas,"banda plana isolada [desbalanco de subredes], 3 sitios",9,0,0
29,129,1,Incrementalistas,"dispersiva",-0.383568,0,0
29,129,1,Incrementalistas,"banda plana isolada [interferencia], 3 sitios",9,0,0
29,130,1,Incrementalistas,"banda plana nao isolada [interferencia], 4 sitios",6,0,0
29,140,2,Evolucionistas,"banda plana nao isolada [desbalanco de subredes], 3 sitios",6,0,1
29,150,1,Incrementalistas,"dispersiva",-0.190503,0,0
29,152,1,Incrementalistas,"banda plana nao isolada [interferencia], 3 sitios",6,0,0
29,157,1,Incrementalistas,"banda plana isolada [interferencia], 4 sitios",7.99159,0,1
29,157,1,Incrementalistas,"banda plana nao isolada [interferencia], 4 sitios",6,0,1
29,173,3,Isolados,"banda plana isolada [interferencia], 4 sitios",7.02206,0,0
29,175,3,Isolados,"banda plana nao isolada [desbalanco de subredes], 4 sitios",6,0,0
29,186,3,Isolados,"banda plana nao isolada [interferencia], 4 sitios",6,0,0
29,198,0,Empiristas,"banda plana isolada [desbalanco de subredes], 3 sitios",9,0,0
29,201,0,Empiristas,"banda plana nao isolada [desbalanco de subredes], 4 sitios",6,0,1
29,243,0,Empiristas,"dispersiva",-0.232188,0,0
29,243,0,Empiristas,"banda plana isolada [interferencia], 3 sitios",9,0,0
29,244,0,Empiristas,"banda plana nao isolada [desbalanco de subredes], 3 sitios",6,0,0
29,246,0,Empiristas,"banda plana nao isolada [interferencia], 4 sitios",6,0,0
29,282,2,Evolucionistas,"banda plana isolada [desbalanco de subredes], 3 sitios",6.82085,0,0
29,282,2,Evolucionistas,"banda plana isolada [interferencia], 3 sitios",7.0061,0,0
29,282,2,Evolucionistas,"dispersiva",-0.23798,0,0
29,282,2,Evolucionistas,"banda plana nao isolada [desbalanco de subredes], 3 sitios",6,0,0
29,283,2,Evolucionistas,"banda plana nao isolada [interferencia], 3 sitios",6,0,0
30,0,1,Incrementalistas,"dispersiva",-0.116187,1,0
30,0,3,Isolados,"dispersiva",-0.30103,0,0
30,1,0,Empiristas,"dispersiva",-4.34294e-07,0,0
30,2,2,Evolucionistas,"dispersiva",0.0655545,0,0
30,7,0,Empiristas,"banda plana isolada [interferencia], 4 sitios",6.66366,1,0
30,7,0,Empiristas,"banda plana nao isolada [interferencia], 4 sitios",6,1,0
30,9,2,Evolucionistas,"banda plana isolada [interferencia], 4 sitios",6.66366,0,1
30,14,3,Isolados,"banda plana isolada [interferencia], 3 sitios",6.19085,1,0
30,15,2,Evolucionistas,"banda plana nao isolada [interferencia], 4 sitios",6,0,0
30,17,1,Incrementalistas,"banda plana isolada [interferencia], 4 sitios",6.71483,0,1
30,23,1,Incrementalistas,"banda plana nao isolada [interferencia], 4 sitios",6,0,1
30,32,3,Isolados,"banda plana nao isolada [interferencia], 3 sitios",6,1,0
30,52,3,Isolados,"banda plana isolada [desbalanco de subredes], 3 sitios",7.84117,1,0
30,66,0,Empiristas,"banda plana isolada [desbalanco de subredes], 3 sitios",8.32171,0,0
30,69,3,Isolados,"banda plana nao isolada [desbalanco de subredes], 3 sitios",6,1,0
30,75,0,Empiristas,"banda plana isolada [interferencia], 3 sitios",8.28938,0,0
30,76,2,Evolucionistas,"banda plana isolada [interferencia], 3 sitios",8.28938,0,1
30,80,0,Empiristas,"banda plana nao isolada [desbalanco de subredes], 3 sitios",6,0,0
30,82,1,Incrementalistas,"banda plana isolada [desbalanco de subredes], 3 sitios",8.32171,0,1
30,83,1,Incrementalistas,"banda plana isolada [interferencia], 3 sitios",6.61343,0,0
30,83,1,Incrementalistas,"banda plana nao isolada [interferencia], 3 sitios",6,0,0
30,85,2,Evolucionistas,"banda plana nao isolada [desbalanco de subredes], 3 sitios",6,0,0
30,93,1,Incrementalistas,"banda plana nao isolada [desbalanco de subredes], 3 sitios",6,0,1
30,93,2,Evolucionistas,"banda plana isolada [desbalanco de subredes], 3 sitios",8.32171,0,1
30,95,0,Empiristas,"banda plana nao isolada [interferencia], 3 sitios",6,0,0
30,97,2,Evolucionistas,"banda plana nao isolada [interferencia], 3 sitios",6.1168,0,1
30,104,0,Empiristas,"banda plana isolada [interferencia], 4 sitios",8.56297,0,0
30,106,0,Empiristas,"banda plana nao isolada [interferencia], 3 sitios",6,0,0
30,106,0,Empiristas,"banda plana isolada [desbalanco de subredes], 3 sitios",8.32171,0,0
30,108,0,Empiristas,"banda plana nao isolada [interferencia], 4 sitios",6,0,0
30,110,0,Empiristas,"banda plana nao isolada [desbalanco de subredes], 3 sitios",6,0,0
30,110,2,Evolucionistas,"dispersiva",-0.370577,0,0
30,111,2,Evolucionistas,"banda plana nao isolada [interferencia], 3 sitios",6,0,0
30,111,2,Evolucionistas,"dispersiva",-0.198316,0,0
30,113,3,Isolados,"banda plana isolada [interferencia], 4 sitios",6.99865,0,0
30,118,2,Evolucionistas,"banda plana isolada [desbalanco de subredes], 3 sitios",7.84117,0,0
30,126,3,Isolados,"banda plana nao isolada [interferencia], 4 sitios",6,0,0
30,144,2,Evolucionistas,"banda plana isolada [interferencia], 3 sitios",8.4,0,0
30,159,2,Evolucionistas,"banda plana nao isolada [interferencia], 3 sitios",6,0,0
30,208,0,Empiristas,"banda plana nao isolada [desbalanco de subredes], 4 sitios",6,1,0
30,228,0,Empiristas,"banda plana nao isolada [interferencia], 3 sitios",6,0,0
30,228,0,Empiristas,"banda plana nao isolada [desbalanco de subredes], 3 sitios",6,0,0
30,253,0,Empiristas,"banda plana nao isolada [desbalanco de subredes], 4 sitios",6,0,0
31,0,2,Evolucionistas,"dispersiva",-0.30103,1,0
31,0,3,Isolados,"dispersiva",-0.319075,0,0
31,1,0,Empiristas,"dispersiva",-0.339397,0,0
31,1,1,Incrementalistas,"dispersiva",-0.510018,0,0
31,9,3,Isolados,"banda plana isolada [interferencia], 3 sitios",8.21384,1,0
31,17,2,Evolucionistas,"dispersiva",0.116945,0,0
31,19,2,Evolucionistas,"banda plana nao isolada [interferencia], 4 sitios",6,1,0
31,21,2,Evolucionistas,"dispersiva",0.314381,0,0
31,22,3,Isolados,"banda plana isolada [desbalanco de subredes], 3 sitios",8.75734,1,0
31,24,0,Empiristas,"banda plana nao isolada [interferencia], 4 sitios",6,0,1
31,26,3,Isolados,"banda plana nao isolada [interferencia], 3 sitios",6,1,0
31,29,1,Incrementalistas,"banda plana nao isolada [interferencia], 4 sitios",6,0,1
31,32,2,Evolucionistas,"banda plana isolada [interferencia], 4 sitios",6.84815,1,0
31,33,0,Empiristas,"banda plana isolada [interferencia], 4 sitios",7.165,0,1
31,34,0,Empiristas,"banda plana nao isolada [desbalanco de subredes], 4 sitios",6,1,0
31,35,1,Incrementalistas,"banda plana nao isolada [interferencia], 3 sitios",6,0,0
31,35,1,Incrementalistas,"banda plana nao isolada [desbalanco de subredes], 4 sitios",6,0,0
31,36,1,Incrementalistas,"banda plana isolada [interferencia], 4 sitios",7.165,0,1
31,38,0,Empiristas,"banda plana nao isolada [interferencia], 3 sitios",6,0,1
31,38,2,Evolucionistas,"banda plana nao isolada [interferencia], 3 sitios",6,0,1
31,40,0,Empiristas,"banda plana isolada [desbalanco de subredes], 3 sitios",8.67385,0,0
31,42,2,Evolucionistas,"banda plana isolada [desbalanco de subredes], 3 sitios",8.67385,0,1
31,42,2,Evolucionistas,"banda plana nao isolada [desbalanco de subredes], 4 sitios",6,0,1
31,45,2,Evolucionistas,"banda plana isolada [interferencia], 3 sitios",7.14193,0,0
31,46,0,Empiristas,"banda plana isolada [interferencia], 3 sitios",7.98823,0,0
31,49,1,Incrementalistas,"banda plana isolada [interferencia], 3 sitios",6.26696,0,0
31,49,1,Incrementalistas,"banda plana isolada [desbalanco de subredes], 3 sitios",8.67385,0,1
31,50,3,Isolados,"banda plana nao isolada [desbalanco de subredes], 3 sitios",6,1,0
31,66,1,Incrementalistas,"banda plana nao isolada [desbalanco de subredes], 3 sitios",6,0,0
31,83,2,Evolucionistas,"banda plana nao isolada [desbalanco de subredes], 3 sitios",6,0,0
31,87,0,Empiristas,"banda plana nao isolada [desbalanco de subredes], 3 sitios",6,0,0
31,123,3,Isolados,"banda plana nao isolada [interferencia], 4 sitios",6,0,0
31,128,3,Isolados,"banda plana isolada [interferencia], 4 sitios",6.38175,0,0
31,208,2,Evolucionistas,"dispersiva",-0.275781,0,0
31,213,2,Evolucionistas,"banda plana nao isolada [interferencia], 3 sitios",6,0,0
31,250,0,Empiristas,"dispersiva",-0.183777,0,0
31,250,0,Empiristas,"banda plana isolada [desbalanco de subredes], 3 sitios",9,0,0
31,250,0,Empiristas,"banda plana nao isolada [interferencia], 3 sitios",6,0,0
