rodada,ano,civilizacao,cultura,melhor,classes,experimentos
0,0,0,Empiristas,-4.34294e-07,1,5
0,0,1,Incrementalistas,0.0592292,1,5
0,0,2,Evolucionistas,nan,0,5
0,0,3,Isolados,0.0469758,1,5
0,5,0,Empiristas,0.283511,1,32
0,5,1,Incrementalistas,0.477693,1,33
0,5,2,Evolucionistas,0.283511,1,31
0,5,3,Isolados,6.15957,2,32
0,10,0,Empiristas,0.477693,1,61
0,10,1,Incrementalistas,0.477693,1,63
0,10,2,Evolucionistas,0.477693,1,62
0,10,3,Isolados,6.15957,2,62
0,15,0,Empiristas,6.47714,2,92
0,15,1,Incrementalistas,6.47714,2,96
0,15,2,Evolucionistas,6.47714,2,94
0,15,3,Isolados,6.46027,2,95
0,20,0,Empiristas,6.47714,2,129
0,20,1,Incrementalistas,6.62132,2,133
0,20,2,Evolucionistas,7.84117,3,130
0,20,3,Isolados,6.46027,3,130
0,25,0,Empiristas,7.84117,3,168
0,25,1,Incrementalistas,7.84117,5,172
0,25,2,Evolucionistas,8.05421,4,169
0,25,3,Isolados,6.54512,3,171
0,30,0,Empiristas,8.05421,4,212
0,30,1,Incrementalistas,8.05421,5,215
0,30,2,Evolucionistas,8.21384,5,211
0,30,3,Isolados,6.70732,3,214
0,35,0,Empiristas,8.05421,4,261
0,35,1,Incrementalistas,9,5,264
0,35,2,Evolucionistas,9,5,258
0,35,3,Isolados,6.70732,3,261
0,40,0,Empiristas,9,5,314
0,40,1,Incrementalistas,9,5,317
0,40,2,Evolucionistas,9,5,312
0,40,3,Isolados,7.73078,4,313
0,45,0,Empiristas,9,5,372
0,45,1,Incrementalistas,9,5,375
0,45,2,Evolucionistas,9,5,371
0,45,3,Isolados,7.73078,4,374
0,50,0,Empiristas,9,5,437
0,50,1,Incrementalistas,9,5,441
0,50,2,Evolucionistas,9,5,434
0,50,3,Isolados,7.96045,6,440
0,55,0,Empiristas,9,5,509
0,55,1,Incrementalistas,9,5,511
0,55,2,Evolucionistas,9,5,505
0,55,3,Isolados,9,6,511
0,60,0,Empiristas,9,5,587
0,60,1,Incrementalistas,9,5,589
0,60,2,Evolucionistas,9,5,586
0,60,3,Isolados,9,6,590
0,65,0,Empiristas,9,5,639
0,65,1,Incrementalistas,9,5,675
0,65,2,Evolucionistas,9,5,672
0,65,3,Isolados,9,7,677
0,70,0,Empiristas,9,5,688
0,70,1,Incrementalistas,9,5,771
0,70,2,Evolucionistas,9,5,769
0,70,3,Isolados,9,7,773
0,75,0,Empiristas,9,5,739
0,75,1,Incrementalistas,9,5,877
0,75,2,Evolucionistas,9,6,874
0,75,3,Isolados,9,7,878
0,80,0,Empiristas,9,7,797
0,80,1,Incrementalistas,9,5,994
0,80,2,Evolucionistas,9,6,991
0,80,3,Isolados,9,7,996
0,85,0,Empiristas,9,7,861
0,85,1,Incrementalistas,9,5,1123
0,85,2,Evolucionistas,9,6,1119
0,85,3,Isolados,9,7,1125
0,90,0,Empiristas,9,7,1003
0,90,1,Incrementalistas,9,5,1266
0,90,2,Evolucionistas,9,6,1263
0,90,3,Isolados,9,7,1267
0,95,0,Empiristas,9,7,1161
0,95,1,Incrementalistas,9,5,1425
0,95,2,Evolucionistas,9,6,1419
0,95,3,Isolados,9,7,1425
0,100,0,Empiristas,9,7,1335
0,100,1,Incrementalistas,9,5,1600
0,100,2,Evolucionistas,9,6,1595
0,100,3,Isolados,9,7,1598
0,105,0,Empiristas,9,7,1527
0,105,1,Incrementalistas,9,5,1792
0,105,2,Evolucionistas,9,6,1787
0,105,3,Isolados,9,7,1790
0,110,0,Empiristas,9,7,1740
0,110,1,Incrementalistas,9,5,2005
0,110,2,Evolucionistas,9,6,1999
0,110,3,Isolados,9,7,2003
0,115,0,Empiristas,9,7,1974
0,115,1,Incrementalistas,9,7,2239
0,115,2,Evolucionistas,9,7,2233
0,115,3,Isolados,9,7,2237
0,120,0,Empiristas,9,7,2233
0,120,1,Incrementalistas,9,7,2496
0,120,2,Evolucionistas,9,7,2492
0,120,3,Isolados,9,7,2497
0,125,0,Empiristas,9,7,2519
0,125,1,Incrementalistas,9,7,2782
0,125,2,Evolucionistas,9,7,2777
0,125,3,Isolados,9,7,2783
0,130,0,Empiristas,9,7,2835
0,130,1,Incrementalistas,9,7,3097
0,130,2,Evolucionistas,9,7,3093
0,130,3,Isolados,9,7,3097
0,135,0,Empiristas,9,7,3182
0,135,1,Incrementalistas,9,7,3446
0,135,2,Evolucionistas,9,7,3441
0,135,3,Isolados,9,7,3445
0,140,0,Empiristas,9,7,3566
0,140,1,Incrementalistas,9,7,3831
0,140,2,Evolucionistas,9,7,3825
0,140,3,Isolados,9,7,3830
0,145,0,Empiristas,9,7,3993
0,145,1,Incrementalistas,9,7,4257
0,145,2,Evolucionistas,9,7,4250
0,145,3,Isolados,9,5,4124
0,150,0,Empiristas,9,7,4462
0,150,1,Incrementalistas,9,7,4726
0,150,2,Evolucionistas,9,7,4720
0,150,3,Isolados,9,6,4359
0,155,0,Empiristas,9,7,4979
0,155,1,Incrementalistas,9,7,5242
0,155,2,Evolucionistas,9,7,5239
0,155,3,Isolados,9,7,4618
0,160,0,Empiristas,9,7,5551
0,160,1,Incrementalistas,9,7,5814
0,160,2,Evolucionistas,9,7,5810
0,160,3,Isolados,9,7,4905
0,165,0,Empiristas,9,7,6182
0,165,1,Incrementalistas,9,7,6445
0,165,2,Evolucionistas,9,7,6442
0,165,3,Isolados,9,7,5221
0,170,0,Empiristas,9,7,6879
0,170,1,Incrementalistas,9,7,7141
0,170,2,Evolucionistas,9,7,7139
0,170,3,Isolados,9,7,5851
0,175,0,Empiristas,9,7,7649
0,175,1,Incrementalistas,9,7,7911
0,175,2,Evolucionistas,9,7,7909
0,175,3,Isolados,9,7,6621
0,180,0,Empiristas,9,7,8499
0,180,1,Incrementalistas,9,7,8759
0,180,2,Evolucionistas,9,7,8758
0,180,3,Isolados,9,7,7471
0,185,0,Empiristas,9,7,9435
0,185,1,Incrementalistas,9,7,9697
0,185,2,Evolucionistas,9,7,9696
0,185,3,Isolados,9,7,8408
0,190,0,Empiristas,9,7,10469
0,190,1,Incrementalistas,9,7,10733
0,190,2,Evolucionistas,9,7,10731
0,190,3,Isolados,9,7,9443
0,195,0,Empiristas,9,7,11613
0,195,1,Incrementalistas,9,7,11874
0,195,2,Evolucionistas,9,7,11875
0,195,3,Isolados,9,7,10585
0,200,0,Empiristas,9,7,12875
0,200,1,Incrementalistas,9,7,13134
0,200,2,Evolucionistas,9,7,13136
0,200,3,Isolados,9,7,11847
0,205,0,Empiristas,9,7,14269
0,205,1,Incrementalistas,9,8,14527
0,205,2,Evolucionistas,9,7,14530
0,205,3,Isolados,9,7,13239
0,210,0,Empiristas,9,7,15808
0,210,1,Incrementalistas,9,8,16065
0,210,2,Evolucionistas,9,7,16066
0,210,3,Isolados,9,7,14777
0,215,0,Empiristas,9,7,17507
0,215,1,Incrementalistas,9,8,17765
0,215,2,Evolucionistas,9,7,17763
0,215,3,Isolados,9,7,16476
0,220,0,Empiristas,9,7,19382
0,220,1,Incrementalistas,9,8,19641
0,220,2,Evolucionistas,9,8,19637
0,220,3,Isolados,9,7,18350
0,225,0,Empiristas,9,7,21452
0,225,1,Incrementalistas,9,8,21712
0,225,2,Evolucionistas,9,8,21705
0,225,3,Isolados,9,7,20419
0,230,0,Empiristas,9,8,23738
0,230,1,Incrementalistas,9,8,23998
0,230,2,Evolucionistas,9,8,23991
0,230,3,Isolados,9,7,22705
0,235,0,Empiristas,9,8,26218
0,235,1,Incrementalistas,9,8,26477
0,235,2,Evolucionistas,9,8,26471
0,235,3,Isolados,9,7,25185
0,240,0,Empiristas,9,8,28718
0,240,1,Incrementalistas,9,8,28977
0,240,2,Evolucionistas,9,8,28971
0,240,3,Isolados,9,7,27685
0,245,0,Empiristas,9,8,31218
0,245,1,Incrementalistas,9,8,31477
0,245,2,Evolucionistas,9,8,31471
0,245,3,Isolados,9,7,30185
0,250,0,Empiristas,9,8,33718
0,250,1,Incrementalistas,9,8,33977
0,250,2,Evolucionistas,9,8,33971
0,250,3,Isolados,9,7,32685
0,255,0,Empiristas,9,8,36218
0,255,1,Incrementalistas,9,8,36477
0,255,2,Evolucionistas,9,8,36471
0,255,3,Isolados,9,7,35185
0,260,0,Empiristas,9,8,38718
0,260,1,Incrementalistas,9,8,38977
0,260,2,Evolucionistas,9,8,38971
0,260,3,Isolados,9,7,37685
0,265,0,Empiristas,9,8,41218
0,265,1,Incrementalistas,9,8,41477
0,265,2,Evolucionistas,9,8,41471
0,265,3,Isolados,9,7,40185
0,270,0,Empiristas,9,8,43718
0,270,1,Incrementalistas,9,8,43977
0,270,2,Evolucionistas,9,8,43971
0,270,3,Isolados,9,7,42685
0,275,0,Empiristas,9,8,46218
0,275,1,Incrementalistas,9,8,46477
0,275,2,Evolucionistas,9,8,46471
0,275,3,Isolados,9,7,45185
0,280,0,Empiristas,9,8,48718
0,280,1,Incrementalistas,9,8,48977
0,280,2,Evolucionistas,9,8,48971
0,280,3,Isolados,9,7,47685
0,285,0,Empiristas,9,8,51218
0,285,1,Incrementalistas,9,8,51477
0,285,2,Evolucionistas,9,8,51471
0,285,3,Isolados,9,7,50185
0,290,0,Empiristas,9,8,53718
0,290,1,Incrementalistas,9,8,53977
0,290,2,Evolucionistas,9,8,53971
0,290,3,Isolados,9,7,52685
0,295,0,Empiristas,9,8,56218
0,295,1,Incrementalistas,9,8,56477
0,295,2,Evolucionistas,9,8,56471
0,295,3,Isolados,9,7,55185
0,300,0,Empiristas,9,8,58718
0,300,1,Incrementalistas,9,8,58977
0,300,2,Evolucionistas,9,7,58721
0,300,3,Isolados,9,8,57685
1,0,0,Empiristas,-4.34294e-07,1,5
1,0,1,Incrementalistas,-0.0894389,1,5
1,0,2,Evolucionistas,nan,0,5
1,0,3,Isolados,nan,0,5
1,5,0,Empiristas,0.127824,1,31
1,5,1,Incrementalistas,0.127824,1,32
1,5,2,Evolucionistas,0.339084,1,33
1,5,3,Isolados,0.135458,1,33
1,10,0,Empiristas,0.339084,1,59
1,10,1,Incrementalistas,0.339084,1,61
1,10,2,Evolucionistas,0.339084,1,61
1,10,3,Isolados,0.135458,1,64
1,15,0,Empiristas,6,2,92
1,15,1,Incrementalistas,6,2,92
1,15,2,Evolucionistas,0.339084,1,95
1,15,3,Isolados,0.160552,1,97
1,20,0,Empiristas,7.75692,4,128
1,20,1,Incrementalistas,7.75692,4,127
1,20,2,Evolucionistas,7.75692,3,131
1,20,3,Isolados,0.175878,1,132
1,25,0,Empiristas,7.75692,4,167
1,25,1,Incrementalistas,7.75692,5,166
1,25,2,Evolucionistas,7.75692,3,170
1,25,3,Isolados,0.23226,1,170
1,30,0,Empiristas,7.75692,5,210
1,30,1,Incrementalistas,7.75692,5,208
1,30,2,Evolucionistas,7.75692,4,212
1,30,3,Isolados,0.23226,1,213
1,35,0,Empiristas,7.75692,5,258
1,35,1,Incrementalistas,9,5,256
1,35,2,Evolucionistas,8.54062,6,261
1,35,3,Isolados,0.23226,1,261
1,40,0,Empiristas,8.54062,6,312
1,40,1,Incrementalistas,9,5,308
1,40,2,Evolucionistas,9,6,315
1,40,3,Isolados,0.23226,1,314
1,45,0,Empiristas,9,6,369
1,45,1,Incrementalistas,9,6,368
1,45,2,Evolucionistas,9,7,374
1,45,3,Isolados,0.23226,1,372
1,50,0,Empiristas,9,6,436
1,50,1,Incrementalistas,9,6,431
1,50,2,Evolucionistas,9,7,438
1,50,3,Isolados,0.501392,1,437
1,55,0,Empiristas,9,6,507
1,55,1,Incrementalistas,9,5,489
1,55,2,Evolucionistas,9,7,510
1,55,3,Isolados,6.41007,4,508
1,60,0,Empiristas,9,6,586
1,60,1,Incrementalistas,9,6,529
1,60,2,Evolucionistas,9,7,589
1,60,3,Isolados,8.62835,6,587
1,65,0,Empiristas,9,6,672
1,65,1,Incrementalistas,9,7,572
1,65,2,Evolucionistas,9,7,675
1,65,3,Isolados,8.62835,6,675
1,70,0,Empiristas,9,6,769
1,70,1,Incrementalistas,9,7,620
1,70,2,Evolucionistas,9,7,771
1,70,3,Isolados,9,6,771
1,75,0,Empiristas,9,6,873
1,75,1,Incrementalistas,9,7,671
1,75,2,Evolucionistas,9,7,878
1,75,3,Isolados,9,6,878
1,80,0,Empiristas,9,6,990
1,80,1,Incrementalistas,9,7,767
1,80,2,Evolucionistas,9,7,995
1,80,3,Isolados,9,6,994
1,85,0,Empiristas,9,7,1119
1,85,1,Incrementalistas,9,7,897
1,85,2,Evolucionistas,9,7,1125
1,85,3,Isolados,9,7,1123
1,90,0,Empiristas,9,7,1260
1,90,1,Incrementalistas,9,7,1040
1,90,2,Evolucionistas,9,7,1267
1,90,3,Isolados,9,7,1266
1,95,0,Empiristas,9,7,1418
1,95,1,Incrementalistas,9,7,1197
1,95,2,Evolucionistas,9,7,1424
1,95,3,Isolados,9,7,1423
1,100,0,Empiristas,9,7,1591
1,100,1,Incrementalistas,9,7,1371
1,100,2,Evolucionistas,9,7,1598
1,100,3,Isolados,9,7,1597
1,105,0,Empiristas,9,7,1783
1,105,1,Incrementalistas,9,7,1563
1,105,2,Evolucionistas,9,7,1789
1,105,3,Isolados,9,7,1789
1,110,0,Empiristas,9,7,1994
1,110,1,Incrementalistas,9,7,1776
1,110,2,Evolucionistas,9,7,2002
1,110,3,Isolados,9,7,2000
1,115,0,Empiristas,9,7,2227
1,115,1,Incrementalistas,9,7,2011
1,115,2,Evolucionistas,9,7,2237
1,115,3,Isolados,9,7,2234
1,120,0,Empiristas,9,7,2487
1,120,1,Incrementalistas,9,5,2244
1,120,2,Evolucionistas,9,7,2496
1,120,3,Isolados,9,7,2493
1,125,0,Empiristas,9,7,2774
1,125,1,Incrementalistas,9,6,2386
1,125,2,Evolucionistas,9,7,2781
1,125,3,Isolados,9,7,2778
1,130,0,Empiristas,9,7,3089
1,130,1,Incrementalistas,9,6,2545
1,130,2,Evolucionistas,9,7,3096
1,130,3,Isolados,9,7,3095
1,135,0,Empiristas,9,7,3437
1,135,1,Incrementalistas,9,6,2719
1,135,2,Evolucionistas,9,7,3445
1,135,3,Isolados,9,7,3444
1,140,0,Empiristas,9,7,3822
1,140,1,Incrementalistas,9,7,2910
1,140,2,Evolucionistas,9,7,3830
1,140,3,Isolados,9,7,3830
1,145,0,Empiristas,9,7,4246
1,145,1,Incrementalistas,9,7,3209
1,145,2,Evolucionistas,9,7,4254
1,145,3,Isolados,9,7,4254
1,150,0,Empiristas,9,7,4716
1,150,1,Incrementalistas,9,7,3679
1,150,2,Evolucionistas,9,7,4723
1,150,3,Isolados,9,7,4723
1,155,0,Empiristas,9,7,5233
1,155,1,Incrementalistas,9,7,4197
1,155,2,Evolucionistas,9,7,5239
1,155,3,Isolados,9,7,5240
1,160,0,Empiristas,9,7,5804
1,160,1,Incrementalistas,9,7,4769
1,160,2,Evolucionistas,9,7,5810
1,160,3,Isolados,9,7,5813
1,165,0,Empiristas,9,7,6436
1,165,1,Incrementalistas,9,7,5401
1,165,2,Evolucionistas,9,7,6441
1,165,3,Isolados,9,7,6443
1,170,0,Empiristas,9,7,7132
1,170,1,Incrementalistas,9,7,6098
1,170,2,Evolucionistas,9,7,7137
1,170,3,Isolados,9,7,7137
1,175,0,Empiristas,9,7,7902
1,175,1,Incrementalistas,9,7,6867
1,175,2,Evolucionistas,9,7,7906
1,175,3,Isolados,9,7,7905
1,180,0,Empiristas,9,7,8750
1,180,1,Incrementalistas,9,7,7716
1,180,2,Evolucionistas,9,7,8755
1,180,3,Isolados,9,7,8754
1,185,0,Empiristas,9,7,9688
1,185,1,Incrementalistas,9,7,8653
1,185,2,Evolucionistas,9,7,9693
1,185,3,Isolados,9,7,9691
1,190,0,Empiristas,9,7,10723
1,190,1,Incrementalistas,9,7,9688
1,190,2,Evolucionistas,9,7,10728
1,190,3,Isolados,9,7,10726
1,195,0,Empiristas,9,7,11865
1,195,1,Incrementalistas,9,7,10830
1,195,2,Evolucionistas,9,7,11870
1,195,3,Isolados,9,7,11869
1,200,0,Empiristas,9,7,13127
1,200,1,Incrementalistas,9,7,12090
1,200,2,Evolucionistas,9,7,13131
1,200,3,Isolados,9,7,13130
1,205,0,Empiristas,9,7,14521
1,205,1,Incrementalistas,9,7,13483
1,205,2,Evolucionistas,9,7,14525
1,205,3,Isolados,9,7,14522
1,210,0,Empiristas,9,7,16059
1,210,1,Incrementalistas,9,7,15022
1,210,2,Evolucionistas,9,7,15439
1,210,3,Isolados,9,7,16059
1,215,0,Empiristas,9,7,17757
1,215,1,Incrementalistas,9,7,16719
1,215,2,Evolucionistas,9,7,16287
1,215,3,Isolados,9,7,17756
1,220,0,Empiristas,9,7,19632
1,220,1,Incrementalistas,9,7,18592
1,220,2,Evolucionistas,9,7,17226
1,220,3,Isolados,9,7,19630
1,225,0,Empiristas,9,7,21702
1,225,1,Incrementalistas,9,7,20661
1,225,2,Evolucionistas,9,7,18262
1,225,3,Isolados,9,7,21701
1,230,0,Empiristas,9,7,23990
1,230,1,Incrementalistas,9,7,22947
1,230,2,Evolucionistas,9,7,19405
1,230,3,Isolados,9,7,23986
1,235,0,Empiristas,9,7,26470
1,235,1,Incrementalistas,9,7,25426
1,235,2,Evolucionistas,9,7,21884
1,235,3,Isolados,9,7,26465
1,240,0,Empiristas,9,7,28970
1,240,1,Incrementalistas,9,7,27926
1,240,2,Evolucionistas,9,7,24384
1,240,3,Isolados,9,7,28965
1,245,0,Empiristas,9,7,31470
1,245,1,Incrementalistas,9,7,30426
1,245,2,Evolucionistas,9,7,26884
1,245,3,Isolados,9,7,31465
1,250,0,Empiristas,9,7,33970
1,250,1,Incrementalistas,9,7,32926
1,250,2,Evolucionistas,9,7,29384
1,250,3,Isolados,9,7,33965
1,255,0,Empiristas,9,7,36470
1,255,1,Incrementalistas,9,7,35426
1,255,2,Evolucionistas,9,7,31884
1,255,3,Isolados,9,7,36465
1,260,0,Empiristas,9,7,38970
1,260,1,Incrementalistas,9,7,37926
1,260,2,Evolucionistas,9,7,34384
1,260,3,Isolados,9,7,38965
1,265,0,Empiristas,9,7,41470
1,265,1,Incrementalistas,9,7,40426
1,265,2,Evolucionistas,9,7,36884
1,265,3,Isolados,9,7,41465
1,270,0,Empiristas,9,7,43970
1,270,1,Incrementalistas,9,7,42926
1,270,2,Evolucionistas,9,7,39384
1,270,3,Isolados,9,7,43965
1,275,0,Empiristas,9,7,46470
1,275,1,Incrementalistas,9,7,45426
1,275,2,Evolucionistas,9,7,41884
1,275,3,Isolados,9,7,46465
1,280,0,Empiristas,9,7,48970
1,280,1,Incrementalistas,9,7,47926
1,280,2,Evolucionistas,9,7,44384
1,280,3,Isolados,9,7,48965
1,285,0,Empiristas,9,7,51470
1,285,1,Incrementalistas,9,7,50426
1,285,2,Evolucionistas,9,7,46884
1,285,3,Isolados,9,7,51465
1,290,0,Empiristas,9,8,53970
1,290,1,Incrementalistas,9,7,52926
1,290,2,Evolucionistas,9,7,49384
1,290,3,Isolados,9,7,53965
1,295,0,Empiristas,9,8,56470
1,295,1,Incrementalistas,9,7,55426
1,295,2,Evolucionistas,9,7,51884
1,295,3,Isolados,9,7,56465
1,300,0,Empiristas,9,8,58970
1,300,1,Incrementalistas,9,8,57926
1,300,2,Evolucionistas,9,8,54384
1,300,3,Isolados,9,7,58965
2,0,0,Empiristas,-0.166947,1,5
2,0,1,Incrementalistas,-0.166947,1,5
2,0,2,Evolucionistas,nan,0,5
2,0,3,Isolados,nan,0,5
2,5,0,Empiristas,-0.0722663,1,31
2,5,1,Incrementalistas,-0.0458592,1,32
2,5,2,Evolucionistas,-0.0458592,1,34
2,5,3,Isolados,-0.0539619,1,31
2,10,0,Empiristas,6,2,60
2,10,1,Incrementalistas,6,2,62
2,10,2,Evolucionistas,-4.34294e-07,1,63
2,10,3,Isolados,-0.0539619,1,61
2,15,0,Empiristas,6,2,91
2,15,1,Incrementalistas,6,2,93
2,15,2,Evolucionistas,0.169195,1,96
2,15,3,Isolados,-0.0539619,1,94
2,20,0,Empiristas,8.54062,3,128
2,20,1,Incrementalistas,6,2,129
2,20,2,Evolucionistas,6,2,132
2,20,3,Isolados,-0.0539619,1,131
2,25,0,Empiristas,8.54062,4,167
2,25,1,Incrementalistas,8.54062,5,169
2,25,2,Evolucionistas,8.54062,3,170
2,25,3,Isolados,-4.34294e-07,1,171
2,30,0,Empiristas,8.54062,4,210
2,30,1,Incrementalistas,8.92359,5,213
2,30,2,Evolucionistas,8.92359,4,214
2,30,3,Isolados,0.0579346,1,215
2,35,0,Empiristas,9,5,258
2,35,1,Incrementalistas,8.92359,5,262
2,35,2,Evolucionistas,8.92359,4,262
2,35,3,Isolados,0.0579346,1,264
2,40,0,Empiristas,9,5,312
2,40,1,Incrementalistas,9,5,316
2,40,2,Evolucionistas,9,5,314
2,40,3,Isolados,0.0631637,1,316
2,45,0,Empiristas,9,5,369
2,45,1,Incrementalistas,9,5,374
2,45,2,Evolucionistas,9,5,372
2,45,3,Isolados,0.0631637,1,375
2,50,0,Empiristas,9,5,434
2,50,1,Incrementalistas,9,5,438
2,50,2,Evolucionistas,9,4,430
2,50,3,Isolados,0.197165,1,440
2,55,0,Empiristas,9,5,503
2,55,1,Incrementalistas,9,5,507
2,55,2,Evolucionistas,9,5,467
2,55,3,Isolados,0.314381,1,513
2,60,0,Empiristas,9,5,582
2,60,1,Incrementalistas,9,5,586
2,60,2,Evolucionistas,9,5,506
2,60,3,Isolados,6.77308,3,593
2,65,0,Empiristas,9,5,670
2,65,1,Incrementalistas,9,5,672
2,65,2,Evolucionistas,9,5,551
2,65,3,Isolados,8.02105,5,681
2,70,0,Empiristas,9,5,767
2,70,1,Incrementalistas,9,5,767
2,70,2,Evolucionistas,9,5,600
2,70,3,Isolados,9,5,777
2,75,0,Empiristas,9,5,872
2,75,1,Incrementalistas,9,5,873
2,75,2,Evolucionistas,9,5,675
2,75,3,Isolados,9,5,883
2,80,0,Empiristas,9,5,990
2,80,1,Incrementalistas,9,6,991
2,80,2,Evolucionistas,9,5,792
2,80,3,Isolados,9,5,1001
2,85,0,Empiristas,9,5,1121
2,85,1,Incrementalistas,9,7,1120
2,85,2,Evolucionistas,9,5,922
2,85,3,Isolados,9,5,1129
2,90,0,Empiristas,9,5,1264
2,90,1,Incrementalistas,9,7,1264
2,90,2,Evolucionistas,9,5,1035
2,90,3,Isolados,9,5,1273
2,95,0,Empiristas,9,6,1422
2,95,1,Incrementalistas,9,7,1422
2,95,2,Evolucionistas,9,6,1115
2,95,3,Isolados,9,5,1431
2,100,0,Empiristas,9,7,1596
2,100,1,Incrementalistas,9,7,1597
2,100,2,Evolucionistas,9,6,1203
2,100,3,Isolados,9,5,1606
2,105,0,Empiristas,9,7,1789
2,105,1,Incrementalistas,9,7,1789
2,105,2,Evolucionistas,9,7,1297
2,105,3,Isolados,9,5,1797
2,110,0,Empiristas,9,7,1999
2,110,1,Incrementalistas,9,7,2001
2,110,2,Evolucionistas,9,8,1404
2,110,3,Isolados,9,5,2011
2,115,0,Empiristas,9,8,2233
2,115,1,Incrementalistas,9,7,2234
2,115,2,Evolucionistas,9,8,1594
2,115,3,Isolados,9,5,2246
2,120,0,Empiristas,9,8,2493
2,120,1,Incrementalistas,9,7,2492
2,120,2,Evolucionistas,9,8,1851
2,120,3,Isolados,9,5,2506
2,125,0,Empiristas,9,8,2778
2,125,1,Incrementalistas,9,7,2780
2,125,2,Evolucionistas,9,8,2137
2,125,3,Isolados,9,5,2791
2,130,0,Empiristas,9,8,3093
2,130,1,Incrementalistas,9,7,3095
2,130,2,Evolucionistas,9,8,2452
2,130,3,Isolados,9,5,3108
2,135,0,Empiristas,9,8,3442
2,135,1,Incrementalistas,9,8,3442
2,135,2,Evolucionistas,9,8,2800
2,135,3,Isolados,9,5,3456
2,140,0,Empiristas,9,8,3826
2,140,1,Incrementalistas,9,8,3827
2,140,2,Evolucionistas,9,8,3185
2,140,3,Isolados,9,5,3841
2,145,0,Empiristas,9,8,4251
2,145,1,Incrementalistas,9,8,4252
2,145,2,Evolucionistas,9,8,3611
2,145,3,Isolados,9,5,4266
2,150,0,Empiristas,9,8,4720
2,150,1,Incrementalistas,9,8,4720
2,150,2,Evolucionistas,9,8,4079
2,150,3,Isolados,9,5,4735
2,155,0,Empiristas,9,8,5235
2,155,1,Incrementalistas,9,8,5236
2,155,2,Evolucionistas,9,8,4597
2,155,3,Isolados,9,5,5253
2,160,0,Empiristas,9,8,5807
2,160,1,Incrementalistas,9,8,5807
2,160,2,Evolucionistas,9,8,5170
2,160,3,Isolados,9,5,5824
2,165,0,Empiristas,9,8,6438
2,165,1,Incrementalistas,9,8,6437
2,165,2,Evolucionistas,9,8,5801
2,165,3,Isolados,9,5,6454
2,170,0,Empiristas,9,8,7135
2,170,1,Incrementalistas,9,8,7134
2,170,2,Evolucionistas,9,8,6498
2,170,3,Isolados,9,5,7151
2,175,0,Empiristas,9,8,7905
2,175,1,Incrementalistas,9,8,7903
2,175,2,Evolucionistas,9,8,7268
2,175,3,Isolados,9,6,7921
2,180,0,Empiristas,9,8,8755
2,180,1,Incrementalistas,9,8,8752
2,180,2,Evolucionistas,9,8,8117
2,180,3,Isolados,9,7,8771
2,185,0,Empiristas,9,8,9693
2,185,1,Incrementalistas,9,8,9690
2,185,2,Evolucionistas,9,8,9054
2,185,3,Isolados,9,7,9708
2,190,0,Empiristas,9,8,10729
2,190,1,Incrementalistas,9,8,10725
2,190,2,Evolucionistas,9,8,10088
2,190,3,Isolados,9,7,10743
2,195,0,Empiristas,9,8,11873
2,195,1,Incrementalistas,9,8,11866
2,195,2,Evolucionistas,9,8,11231
2,195,3,Isolados,9,7,11886
2,200,0,Empiristas,9,8,13137
2,200,1,Incrementalistas,9,8,13128
2,200,2,Evolucionistas,9,8,12493
2,200,3,Isolados,9,7,13148
2,205,0,Empiristas,9,8,14530
2,205,1,Incrementalistas,9,8,14519
2,205,2,Evolucionistas,9,8,13886
2,205,3,Isolados,9,7,14541
2,210,0,Empiristas,9,8,16068
2,210,1,Incrementalistas,9,8,16055
2,210,2,Evolucionistas,9,8,15425
2,210,3,Isolados,9,7,16079
2,215,0,Empiristas,9,8,17768
2,215,1,Incrementalistas,9,8,17754
2,215,2,Evolucionistas,9,8,17123
2,215,3,Isolados,9,7,17779
2,220,0,Empiristas,9,8,19642
2,220,1,Incrementalistas,9,8,19628
2,220,2,Evolucionistas,9,8,18999
2,220,3,Isolados,9,7,19654
2,225,0,Empiristas,9,8,21709
2,225,1,Incrementalistas,9,8,21698
2,225,2,Evolucionistas,9,8,21068
2,225,3,Isolados,9,7,21722
2,230,0,Empiristas,9,6,23994
2,230,1,Incrementalistas,9,8,23984
2,230,2,Evolucionistas,9,8,23353
2,230,3,Isolados,9,7,24007
2,235,0,Empiristas,9,7,25233
2,235,1,Incrementalistas,9,8,26464
2,235,2,Evolucionistas,9,8,25832
2,235,3,Isolados,9,7,26486
2,240,0,Empiristas,9,8,26483
2,240,1,Incrementalistas,9,8,28964
2,240,2,Evolucionistas,9,8,28332
2,240,3,Isolados,9,7,28986
2,245,0,Empiristas,9,8,27733
2,245,1,Incrementalistas,9,9,31464
2,245,2,Evolucionistas,9,8,30832
2,245,3,Isolados,9,7,31486
2,250,0,Empiristas,9,8,28983
2,250,1,Incrementalistas,9,9,33964
2,250,2,Evolucionistas,9,8,33332
2,250,3,Isolados,9,4,33986
2,255,0,Empiristas,9,9,30483
2,255,1,Incrementalistas,9,9,36464
2,255,2,Evolucionistas,9,8,35832
2,255,3,Isolados,9,7,35236
2,260,0,Empiristas,9,9,32983
2,260,1,Incrementalistas,9,9,38964
2,260,2,Evolucionistas,9,8,38332
2,260,3,Isolados,9,7,36486
2,265,0,Empiristas,9,9,35483
2,265,1,Incrementalistas,9,9,41464
2,265,2,Evolucionistas,9,8,40832
2,265,3,Isolados,9,7,37736
2,270,0,Empiristas,9,9,37983
2,270,1,Incrementalistas,9,9,43964
2,270,2,Evolucionistas,9,8,43332
2,270,3,Isolados,9,7,38986
2,275,0,Empiristas,9,9,40483
2,275,1,Incrementalistas,9,9,46464
2,275,2,Evolucionistas,9,8,45832
2,275,3,Isolados,9,7,40486
2,280,0,Empiristas,9,9,42983
2,280,1,Incrementalistas,9,9,48964
2,280,2,Evolucionistas,9,8,48332
2,280,3,Isolados,9,7,42986
2,285,0,Empiristas,9,9,45483
2,285,1,Incrementalistas,9,9,51464
2,285,2,Evolucionistas,9,8,50832
2,285,3,Isolados,9,7,45486
2,290,0,Empiristas,9,9,47983
2,290,1,Incrementalistas,9,9,53964
2,290,2,Evolucionistas,9,8,53332
2,290,3,Isolados,9,7,47986
2,295,0,Empiristas,9,9,50483
2,295,1,Incrementalistas,9,9,56464
2,295,2,Evolucionistas,9,8,55832
2,295,3,Isolados,9,7,50486
2,300,0,Empiristas,9,9,52983
2,300,1,Incrementalistas,9,9,58964
2,300,2,Evolucionistas,9,8,58332
2,300,3,Isolados,9,7,52986
3,0,0,Empiristas,nan,0,5
3,0,1,Incrementalistas,nan,0,5
3,0,2,Evolucionistas,nan,0,5
3,0,3,Isolados,nan,0,5
3,5,0,Empiristas,-0.134601,1,31
3,5,1,Incrementalistas,-0.16922,1,30
3,5,2,Evolucionistas,-0.0240425,1,31
3,5,3,Isolados,8.54062,3,30
3,10,0,Empiristas,6,2,61
3,10,1,Incrementalistas,-4.34294e-07,1,59
3,10,2,Evolucionistas,-0.0240425,1,62
3,10,3,Isolados,8.54062,5,59
3,15,0,Empiristas,6,2,95
3,15,1,Incrementalistas,6,2,91
3,15,2,Evolucionistas,6,2,93
3,15,3,Isolados,8.54062,5,93
3,20,0,Empiristas,8.7186,4,131
3,20,1,Incrementalistas,8.7186,4,127
3,20,2,Evolucionistas,6,3,129
3,20,3,Isolados,8.54062,5,129
3,25,0,Empiristas,8.7186,5,170
3,25,1,Incrementalistas,8.7186,5,166
3,25,2,Evolucionistas,8.7186,4,169
3,25,3,Isolados,9,5,170
3,30,0,Empiristas,9,5,211
3,30,1,Incrementalistas,9,6,211
3,30,2,Evolucionistas,8.7186,5,212
3,30,3,Isolados,9,5,214
3,35,0,Empiristas,9,6,259
3,35,1,Incrementalistas,9,7,259
3,35,2,Evolucionistas,9,5,259
3,35,3,Isolados,9,5,262
3,40,0,Empiristas,9,6,312
3,40,1,Incrementalistas,9,7,311
3,40,2,Evolucionistas,9,6,311
3,40,3,Isolados,9,5,315
3,45,0,Empiristas,9,6,370
3,45,1,Incrementalistas,9,7,369
3,45,2,Evolucionistas,9,6,371
3,45,3,Isolados,9,5,374
3,50,0,Empiristas,9,6,434
3,50,1,Incrementalistas,9,7,435
3,50,2,Evolucionistas,9,6,435
3,50,3,Isolados,9,5,441
3,55,0,Empiristas,9,6,506
3,55,1,Incrementalistas,9,7,507
3,55,2,Evolucionistas,9,6,506
3,55,3,Isolados,9,5,512
3,60,0,Empiristas,9,6,586
3,60,1,Incrementalistas,9,7,586
3,60,2,Evolucionistas,9,6,585
3,60,3,Isolados,9,5,592
3,65,0,Empiristas,9,6,674
3,65,1,Incrementalistas,9,7,672
3,65,2,Evolucionistas,9,6,673
3,65,3,Isolados,9,5,681
3,70,0,Empiristas,9,6,771
3,70,1,Incrementalistas,9,7,768
3,70,2,Evolucionistas,9,6,768
3,70,3,Isolados,9,5,777
3,75,0,Empiristas,9,6,877
3,75,1,Incrementalistas,9,7,873
3,75,2,Evolucionistas,9,6,875
3,75,3,Isolados,9,5,883
3,80,0,Empiristas,9,6,994
3,80,1,Incrementalistas,9,7,990
3,80,2,Evolucionistas,9,6,993
3,80,3,Isolados,9,5,1001
3,85,0,Empiristas,9,6,1123
3,85,1,Incrementalistas,9,8,1120
3,85,2,Evolucionistas,9,6,1121
3,85,3,Isolados,9,5,1130
3,90,0,Empiristas,9,7,1267
3,90,1,Incrementalistas,9,8,1264
3,90,2,Evolucionistas,9,7,1263
3,90,3,Isolados,9,5,1272
3,95,0,Empiristas,9,7,1425
3,95,1,Incrementalistas,9,8,1422
3,95,2,Evolucionistas,9,7,1421
3,95,3,Isolados,9,5,1430
3,100,0,Empiristas,9,7,1598
3,100,1,Incrementalistas,9,8,1595
3,100,2,Evolucionistas,9,7,1595
3,100,3,Isolados,9,5,1606
3,105,0,Empiristas,9,7,1792
3,105,1,Incrementalistas,9,8,1788
3,105,2,Evolucionistas,9,7,1787
3,105,3,Isolados,9,5,1797
3,110,0,Empiristas,9,8,2005
3,110,1,Incrementalistas,9,8,2001
3,110,2,Evolucionistas,9,8,2000
3,110,3,Isolados,9,5,2010
3,115,0,Empiristas,9,8,2240
3,115,1,Incrementalistas,9,8,2235
3,115,2,Evolucionistas,9,8,2234
3,115,3,Isolados,9,5,2243
3,120,0,Empiristas,9,8,2498
3,120,1,Incrementalistas,9,8,2494
3,120,2,Evolucionistas,9,8,2493
3,120,3,Isolados,9,5,2502
3,125,0,Empiristas,9,8,2785
3,125,1,Incrementalistas,9,8,2780
3,125,2,Evolucionistas,9,8,2779
3,125,3,Isolados,9,5,2788
3,130,0,Empiristas,9,8,3100
3,130,1,Incrementalistas,9,8,3095
3,130,2,Evolucionistas,9,8,3097
3,130,3,Isolados,9,5,3102
3,135,0,Empiristas,9,8,3448
3,135,1,Incrementalistas,9,8,3444
3,135,2,Evolucionistas,9,8,3445
3,135,3,Isolados,9,5,3451
3,140,0,Empiristas,9,8,3833
3,140,1,Incrementalistas,9,8,3828
3,140,2,Evolucionistas,9,8,3829
3,140,3,Isolados,9,2,3836
3,145,0,Empiristas,9,8,4258
3,145,1,Incrementalistas,9,8,4253
3,145,2,Evolucionistas,9,8,4253
3,145,3,Isolados,9,4,4049
3,150,0,Empiristas,9,8,4727
3,150,1,Incrementalistas,9,6,4674
3,150,2,Evolucionistas,9,8,4721
3,150,3,Isolados,9,4,4284
3,155,0,Empiristas,9,8,5246
3,155,1,Incrementalistas,9,7,4933
3,155,2,Evolucionistas,9,8,5238
3,155,3,Isolados,9,4,4544
3,160,0,Empiristas,9,8,5818
3,160,1,Incrementalistas,9,8,5218
3,160,2,Evolucionistas,9,8,5810
3,160,3,Isolados,9,4,4830
3,165,0,Empiristas,9,8,6449
3,165,1,Incrementalistas,9,8,5533
3,165,2,Evolucionistas,9,8,6441
3,165,3,Isolados,9,5,5211
3,170,0,Empiristas,9,8,7146
3,170,1,Incrementalistas,9,8,5881
3,170,2,Evolucionistas,9,8,7138
3,170,3,Isolados,9,5,5907
3,175,0,Empiristas,9,8,7914
3,175,1,Incrementalistas,9,8,6424
3,175,2,Evolucionistas,9,8,7906
3,175,3,Isolados,9,5,6677
3,180,0,Empiristas,9,8,8761
3,180,1,Incrementalistas,9,8,7272
3,180,2,Evolucionistas,9,8,8755
3,180,3,Isolados,9,7,7526
3,185,0,Empiristas,9,8,9697
3,185,1,Incrementalistas,9,8,8209
3,185,2,Evolucionistas,9,8,9691
3,185,3,Isolados,9,8,8465
3,190,0,Empiristas,9,8,10732
3,190,1,Incrementalistas,9,8,9243
3,190,2,Evolucionistas,9,8,10727
3,190,3,Isolados,9,8,9500
3,195,0,Empiristas,9,8,11876
3,195,1,Incrementalistas,9,8,10387
3,195,2,Evolucionistas,9,8,11871
3,195,3,Isolados,9,8,10642
3,200,0,Empiristas,9,8,13139
3,200,1,Incrementalistas,9,8,11649
3,200,2,Evolucionistas,9,8,13133
3,200,3,Isolados,9,8,11905
3,205,0,Empiristas,9,8,14532
3,205,1,Incrementalistas,9,8,13044
3,205,2,Evolucionistas,9,8,14525
3,205,3,Isolados,9,8,13298
3,210,0,Empiristas,9,8,16072
3,210,1,Incrementalistas,9,8,14581
3,210,2,Evolucionistas,9,7,15901
3,210,3,Isolados,9,8,14836
3,215,0,Empiristas,9,8,17770
3,215,1,Incrementalistas,9,8,16279
3,215,2,Evolucionistas,9,7,16751
3,215,3,Isolados,9,8,16533
3,220,0,Empiristas,9,8,19644
3,220,1,Incrementalistas,9,8,18154
3,220,2,Evolucionistas,9,8,17688
3,220,3,Isolados,9,7,17649
3,225,0,Empiristas,9,8,21713
3,225,1,Incrementalistas,9,8,20225
3,225,2,Evolucionistas,9,8,18723
3,225,3,Isolados,9,7,18684
3,230,0,Empiristas,9,8,23998
3,230,1,Incrementalistas,9,8,22509
3,230,2,Evolucionistas,9,8,19864
3,230,3,Isolados,9,7,19826
3,235,0,Empiristas,9,8,26478
3,235,1,Incrementalistas,9,8,24988
3,235,2,Evolucionistas,9,8,21604
3,235,3,Isolados,9,7,21066
3,240,0,Empiristas,9,8,28978
3,240,1,Incrementalistas,9,8,27488
3,240,2,Evolucionistas,9,8,24104
3,240,3,Isolados,9,7,22316
3,245,0,Empiristas,9,8,31478
3,245,1,Incrementalistas,9,8,29988
3,245,2,Evolucionistas,9,8,26604
3,245,3,Isolados,9,7,24816
3,250,0,Empiristas,9,8,33978
3,250,1,Incrementalistas,9,8,32488
3,250,2,Evolucionistas,9,8,29104
3,250,3,Isolados,9,5,27066
3,255,0,Empiristas,9,8,36478
3,255,1,Incrementalistas,9,8,34988
3,255,2,Evolucionistas,9,8,31604
3,255,3,Isolados,9,5,28316
3,260,0,Empiristas,9,8,38978
3,260,1,Incrementalistas,9,8,37488
3,260,2,Evolucionistas,9,8,34104
3,260,3,Isolados,9,6,29566
3,265,0,Empiristas,9,8,41478
3,265,1,Incrementalistas,9,8,39988
3,265,2,Evolucionistas,9,8,36604
3,265,3,Isolados,9,7,30816
3,270,0,Empiristas,9,8,43978
3,270,1,Incrementalistas,9,8,42488
3,270,2,Evolucionistas,9,8,39104
3,270,3,Isolados,9,7,32066
3,275,0,Empiristas,9,8,46478
3,275,1,Incrementalistas,9,8,44988
3,275,2,Evolucionistas,9,8,41604
3,275,3,Isolados,9,7,33816
3,280,0,Empiristas,9,8,48978
3,280,1,Incrementalistas,9,8,47488
3,280,2,Evolucionistas,9,8,44104
3,280,3,Isolados,9,7,36316
3,285,0,Empiristas,9,8,51478
3,285,1,Incrementalistas,9,8,49988
3,285,2,Evolucionistas,9,8,46604
3,285,3,Isolados,9,7,38816
3,290,0,Empiristas,9,8,53978
3,290,1,Incrementalistas,9,8,52488
3,290,2,Evolucionistas,9,8,49104
3,290,3,Isolados,9,7,41316
3,295,0,Empiristas,9,8,56478
3,295,1,Incrementalistas,9,8,54988
3,295,2,Evolucionistas,9,8,51604
3,295,3,Isolados,9,7,43816
3,300,0,Empiristas,9,8,58978
3,300,1,Incrementalistas,9,8,57488
3,300,2,Evolucionistas,9,8,54104
3,300,3,Isolados,9,7,46316
4,0,0,Empiristas,-0.510018,1,5
4,0,1,Incrementalistas,6,1,5
4,0,2,Evolucionistas,6,2,5
4,0,3,Isolados,-0.120426,1,5
4,5,0,Empiristas,7.09496,3,30
4,5,1,Incrementalistas,7.09496,4,31
4,5,2,Evolucionistas,7.09496,3,33
4,5,3,Isolados,-0.101947,1,31
4,10,0,Empiristas,7.09496,3,60
4,10,1,Incrementalistas,7.09496,4,61
4,10,2,Evolucionistas,7.09496,3,61
4,10,3,Isolados,0.0772101,1,60
4,15,0,Empiristas,8.33391,3,92
4,15,1,Incrementalistas,8.33391,4,94
4,15,2,Evolucionistas,7.09496,3,93
4,15,3,Isolados,0.177088,1,92
4,20,0,Empiristas,8.54692,4,127
4,20,1,Incrementalistas,8.54692,4,130
4,20,2,Evolucionistas,8.54692,4,130
4,20,3,Isolados,0.177088,1,128
4,25,0,Empiristas,9,5,167
4,25,1,Incrementalistas,9,5,168
4,25,2,Evolucionistas,9,5,171
4,25,3,Isolados,0.287299,1,167
4,30,0,Empiristas,9,5,210
4,30,1,Incrementalistas,9,5,211
4,30,2,Evolucionistas,9,5,215
4,30,3,Isolados,0.297575,1,211
4,35,0,Empiristas,9,5,257
4,35,1,Incrementalistas,9,5,258
4,35,2,Evolucionistas,9,5,262
4,35,3,Isolados,0.297575,1,261
4,40,0,Empiristas,9,5,310
4,40,1,Incrementalistas,9,5,312
4,40,2,Evolucionistas,9,5,315
4,40,3,Isolados,0.297575,1,315
4,45,0,Empiristas,9,5,368
4,45,1,Incrementalistas,9,5,372
4,45,2,Evolucionistas,9,5,374
4,45,3,Isolados,6.2014,2,374
4,50,0,Empiristas,9,5,434
4,50,1,Incrementalistas,9,5,436
4,50,2,Evolucionistas,9,5,439
4,50,3,Isolados,6.88519,3,437
4,55,0,Empiristas,9,5,503
4,55,1,Incrementalistas,9,3,509
4,55,2,Evolucionistas,9,5,511
4,55,3,Isolados,7.70074,3,506
4,60,0,Empiristas,9,5,583
4,60,1,Incrementalistas,9,5,549
4,60,2,Evolucionistas,9,5,590
4,60,3,Isolados,8.14221,3,585
4,65,0,Empiristas,9,6,670
4,65,1,Incrementalistas,9,5,592
4,65,2,Evolucionistas,9,5,676
4,65,3,Isolados,8.46881,3,673
4,70,0,Empiristas,9,6,765
4,70,1,Incrementalistas,9,5,639
4,70,2,Evolucionistas,9,5,771
4,70,3,Isolados,8.64927,3,769
4,75,0,Empiristas,9,6,872
4,75,1,Incrementalistas,9,5,693
4,75,2,Evolucionistas,9,5,877
4,75,3,Isolados,8.64927,5,875
4,80,0,Empiristas,9,6,990
4,80,1,Incrementalistas,9,5,763
4,80,2,Evolucionistas,9,6,995
4,80,3,Isolados,8.64927,5,993
4,85,0,Empiristas,9,5,1079
4,85,1,Incrementalistas,9,5,893
4,85,2,Evolucionistas,9,6,1126
4,85,3,Isolados,8.7175,6,1123
4,90,0,Empiristas,9,7,1150
4,90,1,Incrementalistas,9,6,1036
4,90,2,Evolucionistas,9,6,1267
4,90,3,Isolados,9,7,1266
4,95,0,Empiristas,9,7,1230
4,95,1,Incrementalistas,9,6,1192
4,95,2,Evolucionistas,9,6,1425
4,95,3,Isolados,9,7,1423
4,100,0,Empiristas,9,7,1316
4,100,1,Incrementalistas,9,6,1367
4,100,2,Evolucionistas,9,7,1599
4,100,3,Isolados,9,7,1598
4,105,0,Empiristas,9,7,1411
4,105,1,Incrementalistas,9,7,1558
4,105,2,Evolucionistas,9,7,1791
4,105,3,Isolados,9,7,1791
4,110,0,Empiristas,9,7,1605
4,110,1,Incrementalistas,9,7,1771
4,110,2,Evolucionistas,9,7,2004
4,110,3,Isolados,9,7,2002
4,115,0,Empiristas,9,7,1840
4,115,1,Incrementalistas,9,7,2006
4,115,2,Evolucionistas,9,7,2237
4,115,3,Isolados,9,7,2237
4,120,0,Empiristas,9,7,2100
4,120,1,Incrementalistas,9,7,2212
4,120,2,Evolucionistas,9,7,2497
4,120,3,Isolados,9,7,2497
4,125,0,Empiristas,9,7,2385
4,125,1,Incrementalistas,9,7,2355
4,125,2,Evolucionistas,9,7,2783
4,125,3,Isolados,9,7,2782
4,130,0,Empiristas,9,7,2701
4,130,1,Incrementalistas,9,7,2514
4,130,2,Evolucionistas,9,7,3098
4,130,3,Isolados,9,7,3098
4,135,0,Empiristas,9,8,3049
4,135,1,Incrementalistas,9,7,2688
4,135,2,Evolucionistas,9,7,3444
4,135,3,Isolados,9,7,3445
4,140,0,Empiristas,9,8,3433
4,140,1,Incrementalistas,9,7,2880
4,140,2,Evolucionistas,9,7,3828
4,140,3,Isolados,9,7,3830
4,145,0,Empiristas,9,8,3859
4,145,1,Incrementalistas,9,7,3222
4,145,2,Evolucionistas,9,7,4252
4,145,3,Isolados,9,7,4126
4,150,0,Empiristas,9,8,4325
4,150,1,Incrementalistas,9,7,3692
4,150,2,Evolucionistas,9,7,4721
4,150,3,Isolados,9,7,4360
4,155,0,Empiristas,9,8,4845
4,155,1,Incrementalistas,9,7,4211
4,155,2,Evolucionistas,9,7,5239
4,155,3,Isolados,9,7,4620
4,160,0,Empiristas,9,8,5416
4,160,1,Incrementalistas,9,7,4783
4,160,2,Evolucionistas,9,7,5811
4,160,3,Isolados,9,7,4906
4,165,0,Empiristas,9,8,6049
4,165,1,Incrementalistas,9,7,5412
4,165,2,Evolucionistas,9,7,6442
4,165,3,Isolados,9,7,5221
4,170,0,Empiristas,9,8,6745
4,170,1,Incrementalistas,9,7,6110
4,170,2,Evolucionistas,9,7,7138
4,170,3,Isolados,9,7,5849
4,175,0,Empiristas,9,8,7514
4,175,1,Incrementalistas,9,7,6880
4,175,2,Evolucionistas,9,7,7906
4,175,3,Isolados,9,7,6618
4,180,0,Empiristas,9,8,8365
4,180,1,Incrementalistas,9,7,7727
4,180,2,Evolucionistas,9,7,8755
4,180,3,Isolados,9,7,7466
4,185,0,Empiristas,9,8,9302
4,185,1,Incrementalistas,9,7,8664
4,185,2,Evolucionistas,9,7,9694
4,185,3,Isolados,9,7,8404
4,190,0,Empiristas,9,8,10337
4,190,1,Incrementalistas,9,7,9698
4,190,2,Evolucionistas,9,7,10730
4,190,3,Isolados,9,7,9440
4,195,0,Empiristas,9,8,11481
4,195,1,Incrementalistas,9,7,10841
4,195,2,Evolucionistas,9,7,11872
4,195,3,Isolados,9,7,10583
4,200,0,Empiristas,9,8,12742
4,200,1,Incrementalistas,9,7,12103
4,200,2,Evolucionistas,9,7,13135
4,200,3,Isolados,9,7,11846
4,205,0,Empiristas,9,8,14136
4,205,1,Incrementalistas,9,7,13496
4,205,2,Evolucionistas,9,7,14527
4,205,3,Isolados,9,7,13239
4,210,0,Empiristas,9,8,15674
4,210,1,Incrementalistas,9,7,15034
4,210,2,Evolucionistas,9,7,16064
4,210,3,Isolados,9,7,14777
4,215,0,Empiristas,9,8,17371
4,215,1,Incrementalistas,9,7,16732
4,215,2,Evolucionistas,9,7,17761
4,215,3,Isolados,9,7,16474
4,220,0,Empiristas,9,8,19246
4,220,1,Incrementalistas,9,7,18605
4,220,2,Evolucionistas,9,8,19635
4,220,3,Isolados,9,7,18349
4,225,0,Empiristas,9,8,21316
4,225,1,Incrementalistas,9,7,20675
4,225,2,Evolucionistas,9,8,21704
4,225,3,Isolados,9,7,20419
4,230,0,Empiristas,9,8,23602
4,230,1,Incrementalistas,9,8,22960
4,230,2,Evolucionistas,9,8,23990
4,230,3,Isolados,9,7,22703
4,235,0,Empiristas,9,8,26080
4,235,1,Incrementalistas,9,8,25439
4,235,2,Evolucionistas,9,8,26470
4,235,3,Isolados,9,7,25182
4,240,0,Empiristas,9,8,28580
4,240,1,Incrementalistas,9,8,27939
4,240,2,Evolucionistas,9,8,28970
4,240,3,Isolados,9,7,27682
4,245,0,Empiristas,9,8,31080
4,245,1,Incrementalistas,9,8,30439
4,245,2,Evolucionistas,9,8,31470
4,245,3,Isolados,9,7,30182
4,250,0,Empiristas,9,8,33580
4,250,1,Incrementalistas,9,8,32939
4,250,2,Evolucionistas,9,8,33970
4,250,3,Isolados,9,7,32682
4,255,0,Empiristas,9,8,36080
4,255,1,Incrementalistas,9,8,35439
4,255,2,Evolucionistas,9,8,36470
4,255,3,Isolados,9,7,35182
4,260,0,Empiristas,9,8,38580
4,260,1,Incrementalistas,9,8,37939
4,260,2,Evolucionistas,9,8,38970
4,260,3,Isolados,9,7,37682
4,265,0,Empiristas,9,8,41080
4,265,1,Incrementalistas,9,8,40439
4,265,2,Evolucionistas,9,8,41470
4,265,3,Isolados,9,7,40182
4,270,0,Empiristas,9,8,43580
4,270,1,Incrementalistas,9,8,42939
4,270,2,Evolucionistas,9,8,43970
4,270,3,Isolados,9,7,42682
4,275,0,Empiristas,9,8,46080
4,275,1,Incrementalistas,9,8,45439
4,275,2,Evolucionistas,9,8,46470
4,275,3,Isolados,9,7,45182
4,280,0,Empiristas,9,8,48580
4,280,1,Incrementalistas,9,8,47939
4,280,2,Evolucionistas,9,8,48970
4,280,3,Isolados,9,7,47682
4,285,0,Empiristas,9,8,51080
4,285,1,Incrementalistas,9,8,50439
4,285,2,Evolucionistas,9,8,51470
4,285,3,Isolados,9,7,50182
4,290,0,Empiristas,9,8,53580
4,290,1,Incrementalistas,9,8,52939
4,290,2,Evolucionistas,9,8,53970
4,290,3,Isolados,9,7,52682
4,295,0,Empiristas,9,8,56080
4,295,1,Incrementalistas,9,8,55439
4,295,2,Evolucionistas,9,8,56470
4,295,3,Isolados,9,7,55182
4,300,0,Empiristas,9,8,58580
4,300,1,Incrementalistas,9,8,57939
4,300,2,Evolucionistas,9,8,58970
4,300,3,Isolados,9,7,57682
5,0,0,Empiristas,-0.508817,1,5
5,0,1,Incrementalistas,nan,0,5
5,0,2,Evolucionistas,nan,0,5
5,0,3,Isolados,-0.60206,1,5
5,5,0,Empiristas,-0.0173391,1,31
5,5,1,Incrementalistas,0.525805,1,31
5,5,2,Evolucionistas,-0.15596,1,32
5,5,3,Isolados,-0.224484,1,32
5,10,0,Empiristas,6.56775,2,60
5,10,1,Incrementalistas,0.525805,1,60
5,10,2,Evolucionistas,6.56775,2,61
5,10,3,Isolados,-0.119862,1,61
5,15,0,Empiristas,6.56775,2,93
5,15,1,Incrementalistas,6.56775,2,92
5,15,2,Evolucionistas,6.56775,2,95
5,15,3,Isolados,-0.0345813,1,92
5,20,0,Empiristas,6.56775,2,128
5,20,1,Incrementalistas,6.56775,2,128
5,20,2,Evolucionistas,6.56775,2,130
5,20,3,Isolados,0.0505686,1,128
5,25,0,Empiristas,6.56775,2,167
5,25,1,Incrementalistas,6.56775,3,167
5,25,2,Evolucionistas,6.56775,3,170
5,25,3,Isolados,0.0900605,1,167
5,30,0,Empiristas,6.56775,3,211
5,30,1,Incrementalistas,6.56775,3,210
5,30,2,Evolucionistas,6.56775,3,213
5,30,3,Isolados,0.106017,1,210
5,35,0,Empiristas,6.56775,3,259
5,35,1,Incrementalistas,7.15073,4,259
5,35,2,Evolucionistas,7.15073,4,262
5,35,3,Isolados,0.258165,1,258
5,40,0,Empiristas,7.48328,6,313
5,40,1,Incrementalistas,7.48328,5,312
5,40,2,Evolucionistas,7.48328,7,315
5,40,3,Isolados,0.258165,1,312
5,45,0,Empiristas,7.48328,6,371
5,45,1,Incrementalistas,8.4,7,372
5,45,2,Evolucionistas,8.4,7,375
5,45,3,Isolados,0.305959,1,371
5,50,0,Empiristas,8.4,6,436
5,50,1,Incrementalistas,8.4,7,436
5,50,2,Evolucionistas,8.67385,7,440
5,50,3,Isolados,0.530268,1,436
5,55,0,Empiristas,8.58807,6,508
5,55,1,Incrementalistas,8.58807,7,509
5,55,2,Evolucionistas,8.80075,7,512
5,55,3,Isolados,0.530268,1,507
5,60,0,Empiristas,8.58807,6,586
5,60,1,Incrementalistas,8.67385,7,589
5,60,2,Evolucionistas,8.80075,7,591
5,60,3,Isolados,0.530268,1,587
5,65,0,Empiristas,9,6,674
5,65,1,Incrementalistas,9,7,676
5,65,2,Evolucionistas,9,7,680
5,65,3,Isolados,0.530268,1,673
5,70,0,Empiristas,9,7,771
5,70,1,Incrementalistas,9,7,772
5,70,2,Evolucionistas,9,7,776
5,70,3,Isolados,6.83964,3,770
5,75,0,Empiristas,9,7,877
5,75,1,Incrementalistas,9,7,877
5,75,2,Evolucionistas,9,7,883
5,75,3,Isolados,6.83964,3,877
5,80,0,Empiristas,9,7,994
5,80,1,Incrementalistas,9,7,996
5,80,2,Evolucionistas,9,7,999
5,80,3,Isolados,6.83964,3,994
5,85,0,Empiristas,9,7,1123
5,85,1,Incrementalistas,9,7,1127
5,85,2,Evolucionistas,9,7,1129
5,85,3,Isolados,8.44351,3,1124
5,90,0,Empiristas,9,7,1265
5,90,1,Incrementalistas,9,7,1272
5,90,2,Evolucionistas,9,7,1273
5,90,3,Isolados,9,3,1266
5,95,0,Empiristas,9,7,1422
5,95,1,Incrementalistas,9,7,1431
5,95,2,Evolucionistas,9,7,1432
5,95,3,Isolados,9,3,1425
5,100,0,Empiristas,9,7,1596
5,100,1,Incrementalistas,9,7,1604
5,100,2,Evolucionistas,9,7,1607
5,100,3,Isolados,9,4,1598
5,105,0,Empiristas,9,7,1787
5,105,1,Incrementalistas,9,7,1797
5,105,2,Evolucionistas,9,7,1799
5,105,3,Isolados,9,4,1791
5,110,0,Empiristas,9,7,1998
5,110,1,Incrementalistas,9,7,2009
5,110,2,Evolucionistas,9,7,2012
5,110,3,Isolados,9,4,2006
5,115,0,Empiristas,9,7,2232
5,115,1,Incrementalistas,9,7,2242
5,115,2,Evolucionistas,9,7,2245
5,115,3,Isolados,9,4,2240
5,120,0,Empiristas,9,7,2490
5,120,1,Incrementalistas,9,7,2500
5,120,2,Evolucionistas,9,7,2503
5,120,3,Isolados,9,7,2499
5,125,0,Empiristas,9,7,2775
5,125,1,Incrementalistas,9,7,2786
5,125,2,Evolucionistas,9,7,2788
5,125,3,Isolados,9,7,2785
5,130,0,Empiristas,9,7,3089
5,130,1,Incrementalistas,9,7,3101
5,130,2,Evolucionistas,9,7,3105
5,130,3,Isolados,9,7,3101
5,135,0,Empiristas,9,7,3438
5,135,1,Incrementalistas,9,7,3449
5,135,2,Evolucionistas,9,5,3380
5,135,3,Isolados,9,7,3450
5,140,0,Empiristas,9,7,3823
5,140,1,Incrementalistas,9,7,3833
5,140,2,Evolucionistas,9,6,3572
5,140,3,Isolados,9,7,3834
5,145,0,Empiristas,9,7,4246
5,145,1,Incrementalistas,9,7,4257
5,145,2,Evolucionistas,9,6,3783
5,145,3,Isolados,9,7,4259
5,150,0,Empiristas,9,7,4714
5,150,1,Incrementalistas,9,7,4726
5,150,2,Evolucionistas,9,6,4018
5,150,3,Isolados,9,7,4727
5,155,0,Empiristas,9,7,5233
5,155,1,Incrementalistas,9,7,5243
5,155,2,Evolucionistas,9,7,4276
5,155,3,Isolados,9,7,5244
5,160,0,Empiristas,9,7,5803
5,160,1,Incrementalistas,9,7,5814
5,160,2,Evolucionistas,9,7,4736
5,160,3,Isolados,9,7,5816
5,165,0,Empiristas,9,7,6436
5,165,1,Incrementalistas,9,7,6443
5,165,2,Evolucionistas,9,7,5367
5,165,3,Isolados,9,7,6445
5,170,0,Empiristas,9,7,7133
5,170,1,Incrementalistas,9,7,7140
5,170,2,Evolucionistas,9,6,5920
5,170,3,Isolados,9,7,7142
5,175,0,Empiristas,9,7,7903
5,175,1,Incrementalistas,9,7,7909
5,175,2,Evolucionistas,9,6,6305
5,175,3,Isolados,9,7,7911
5,180,0,Empiristas,9,7,8753
5,180,1,Incrementalistas,9,7,8757
5,180,2,Evolucionistas,9,6,6730
5,180,3,Isolados,9,7,8760
5,185,0,Empiristas,9,7,9691
5,185,1,Incrementalistas,9,7,9694
5,185,2,Evolucionistas,9,6,7199
5,185,3,Isolados,9,7,9698
5,190,0,Empiristas,9,7,10726
5,190,1,Incrementalistas,9,7,10729
5,190,2,Evolucionistas,9,7,7715
5,190,3,Isolados,9,7,10733
5,195,0,Empiristas,9,7,11868
5,195,1,Incrementalistas,9,7,11871
5,195,2,Evolucionistas,9,7,8635
5,195,3,Isolados,9,7,11875
5,200,0,Empiristas,9,8,13129
5,200,1,Incrementalistas,9,7,13134
5,200,2,Evolucionistas,9,7,9898
5,200,3,Isolados,9,7,13135
5,205,0,Empiristas,9,8,14522
5,205,1,Incrementalistas,9,7,14527
5,205,2,Evolucionistas,9,7,11292
5,205,3,Isolados,9,7,14528
5,210,0,Empiristas,9,8,16060
5,210,1,Incrementalistas,9,7,16066
5,210,2,Evolucionistas,9,8,12831
5,210,3,Isolados,9,7,16066
5,215,0,Empiristas,9,8,17757
5,215,1,Incrementalistas,9,7,17765
5,215,2,Evolucionistas,9,8,14531
5,215,3,Isolados,9,7,17763
5,220,0,Empiristas,9,8,19633
5,220,1,Incrementalistas,9,7,19639
5,220,2,Evolucionistas,9,8,16405
5,220,3,Isolados,9,7,19638
5,225,0,Empiristas,9,8,21703
5,225,1,Incrementalistas,9,7,21710
5,225,2,Evolucionistas,9,8,18474
5,225,3,Isolados,9,7,21708
5,230,0,Empiristas,9,8,23988
5,230,1,Incrementalistas,9,7,23995
5,230,2,Evolucionistas,9,8,20760
5,230,3,Isolados,9,7,23994
5,235,0,Empiristas,9,8,26468
5,235,1,Incrementalistas,9,7,26475
5,235,2,Evolucionistas,9,8,23240
5,235,3,Isolados,9,7,26473
5,240,0,Empiristas,9,8,28968
5,240,1,Incrementalistas,9,7,28975
5,240,2,Evolucionistas,9,8,25740
5,240,3,Isolados,9,7,28973
5,245,0,Empiristas,9,8,31468
5,245,1,Incrementalistas,9,7,31475
5,245,2,Evolucionistas,9,8,28240
5,245,3,Isolados,9,7,31473
5,250,0,Empiristas,9,8,33968
5,250,1,Incrementalistas,9,7,33975
5,250,2,Evolucionistas,9,8,30740
5,250,3,Isolados,9,7,33973
5,255,0,Empiristas,9,8,36468
5,255,1,Incrementalistas,9,7,36475
5,255,2,Evolucionistas,9,8,33240
5,255,3,Isolados,9,7,36473
5,260,0,Empiristas,9,8,38968
5,260,1,Incrementalistas,9,7,38975
5,260,2,Evolucionistas,9,8,35740
5,260,3,Isolados,9,7,38973
5,265,0,Empiristas,9,8,41468
5,265,1,Incrementalistas,9,7,40475
5,265,2,Evolucionistas,9,8,38240
5,265,3,Isolados,9,7,41473
5,270,0,Empiristas,9,8,43968
5,270,1,Incrementalistas,9,8,41725
5,270,2,Evolucionistas,9,8,40740
5,270,3,Isolados,9,7,43973
5,275,0,Empiristas,9,8,46468
5,275,1,Incrementalistas,9,8,42975
5,275,2,Evolucionistas,9,8,43240
5,275,3,Isolados,9,7,46473
5,280,0,Empiristas,9,8,48968
5,280,1,Incrementalistas,9,8,44225
5,280,2,Evolucionistas,9,8,45740
5,280,3,Isolados,9,7,48973
5,285,0,Empiristas,9,8,51468
5,285,1,Incrementalistas,9,8,45475
5,285,2,Evolucionistas,9,8,48240
5,285,3,Isolados,9,7,51473
5,290,0,Empiristas,9,8,53968
5,290,1,Incrementalistas,9,8,47975
5,290,2,Evolucionistas,9,8,50740
5,290,3,Isolados,9,7,53973
5,295,0,Empiristas,9,8,56468
5,295,1,Incrementalistas,9,8,50475
5,295,2,Evolucionistas,9,8,53240
5,295,3,Isolados,9,7,56473
5,300,0,Empiristas,9,8,58968
5,300,1,Incrementalistas,9,8,52975
5,300,2,Evolucionistas,9,8,55740
5,300,3,Isolados,9,7,58973
6,0,0,Empiristas,-0.092152,1,5
6,0,1,Incrementalistas,-0.092152,1,5
6,0,2,Evolucionistas,-0.0600167,1,5
6,0,3,Isolados,-0.0856053,1,5
6,5,0,Empiristas,-0.08017,1,34
6,5,1,Incrementalistas,0.165339,1,32
6,5,2,Evolucionistas,0.0208153,1,31
6,5,3,Isolados,0.0290913,1,32
6,10,0,Empiristas,0.127792,1,61
6,10,1,Incrementalistas,0.165339,1,62
6,10,2,Evolucionistas,0.165339,1,60
6,10,3,Isolados,6.70187,3,61
6,15,0,Empiristas,0.196195,1,94
6,15,1,Incrementalistas,0.165339,1,94
6,15,2,Evolucionistas,0.252546,1,93
6,15,3,Isolados,6.70187,3,95
6,20,0,Empiristas,0.339209,1,130
6,20,1,Incrementalistas,0.417974,1,129
6,20,2,Evolucionistas,0.417974,1,130
6,20,3,Isolados,7.66057,3,130
6,25,0,Empiristas,6.06209,2,169
6,25,1,Incrementalistas,0.473973,1,168
6,25,2,Evolucionistas,6.06209,2,169
6,25,3,Isolados,7.66057,3,170
6,30,0,Empiristas,6.60054,3,213
6,30,1,Incrementalistas,6.60054,3,212
6,30,2,Evolucionistas,6.60054,3,213
6,30,3,Isolados,7.66057,3,214
6,35,0,Empiristas,6.83789,4,262
6,35,1,Incrementalistas,6.60054,3,259
6,35,2,Evolucionistas,6.86223,3,261
6,35,3,Isolados,7.66057,3,263
6,40,0,Empiristas,6.86223,5,317
6,40,1,Incrementalistas,7.28592,3,314
6,40,2,Evolucionistas,6.86223,4,315
6,40,3,Isolados,7.66057,3,317
6,45,0,Empiristas,7.29932,5,375
6,45,1,Incrementalistas,7.49267,3,372
6,45,2,Evolucionistas,7.29932,4,375
6,45,3,Isolados,8.07888,3,376
6,50,0,Empiristas,7.80914,5,439
6,50,1,Incrementalistas,7.80914,4,436
6,50,2,Evolucionistas,7.80914,4,438
6,50,3,Isolados,8.07888,3,443
6,55,0,Empiristas,9,6,511
6,55,1,Incrementalistas,9,5,509
6,55,2,Evolucionistas,9,5,510
6,55,3,Isolados,8.07888,3,515
6,60,0,Empiristas,9,6,591
6,60,1,Incrementalistas,9,6,587
6,60,2,Evolucionistas,9,5,590
6,60,3,Isolados,8.44173,3,593
6,65,0,Empiristas,9,6,679
6,65,1,Incrementalistas,9,6,674
6,65,2,Evolucionistas,9,6,678
6,65,3,Isolados,9,3,680
6,70,0,Empiristas,9,6,777
6,70,1,Incrementalistas,9,7,769
6,70,2,Evolucionistas,9,7,774
6,70,3,Isolados,9,3,777
6,75,0,Empiristas,9,7,883
6,75,1,Incrementalistas,9,7,874
6,75,2,Evolucionistas,9,7,880
6,75,3,Isolados,9,3,884
6,80,0,Empiristas,9,7,1000
6,80,1,Incrementalistas,9,7,991
6,80,2,Evolucionistas,9,7,997
6,80,3,Isolados,9,3,1000
6,85,0,Empiristas,9,7,1131
6,85,1,Incrementalistas,9,7,1120
6,85,2,Evolucionistas,9,7,1126
6,85,3,Isolados,9,3,1130
6,90,0,Empiristas,9,7,1273
6,90,1,Incrementalistas,9,7,1264
6,90,2,Evolucionistas,9,7,1269
6,90,3,Isolados,9,3,1274
6,95,0,Empiristas,9,7,1430
6,95,1,Incrementalistas,9,7,1422
6,95,2,Evolucionistas,9,7,1428
6,95,3,Isolados,9,3,1431
6,100,0,Empiristas,9,7,1603
6,100,1,Incrementalistas,9,7,1596
6,100,2,Evolucionistas,9,7,1602
6,100,3,Isolados,9,3,1606
6,105,0,Empiristas,9,7,1795
6,105,1,Incrementalistas,9,7,1787
6,105,2,Evolucionistas,9,7,1796
6,105,3,Isolados,9,3,1798
6,110,0,Empiristas,9,7,2006
6,110,1,Incrementalistas,9,7,2001
6,110,2,Evolucionistas,9,7,2008
6,110,3,Isolados,9,3,2012
6,115,0,Empiristas,9,7,2241
6,115,1,Incrementalistas,9,7,2236
6,115,2,Evolucionistas,9,7,2241
6,115,3,Isolados,9,3,2247
6,120,0,Empiristas,9,7,2500
6,120,1,Incrementalistas,9,7,2496
6,120,2,Evolucionistas,9,7,2500
6,120,3,Isolados,9,3,2506
6,125,0,Empiristas,9,7,2784
6,125,1,Incrementalistas,9,7,2782
6,125,2,Evolucionistas,9,7,2786
6,125,3,Isolados,9,3,2792
6,130,0,Empiristas,9,7,3100
6,130,1,Incrementalistas,9,7,3099
6,130,2,Evolucionistas,9,7,3102
6,130,3,Isolados,9,3,3107
6,135,0,Empiristas,9,7,3449
6,135,1,Incrementalistas,9,7,3447
6,135,2,Evolucionistas,9,7,3449
6,135,3,Isolados,9,3,3456
6,140,0,Empiristas,9,7,3833
6,140,1,Incrementalistas,9,7,3831
6,140,2,Evolucionistas,9,7,3832
6,140,3,Isolados,9,3,3842
6,145,0,Empiristas,9,7,4259
6,145,1,Incrementalistas,9,7,4257
6,145,2,Evolucionistas,9,7,4256
6,145,3,Isolados,9,3,4266
6,150,0,Empiristas,9,7,4729
6,150,1,Incrementalistas,9,7,4725
6,150,2,Evolucionistas,9,7,4724
6,150,3,Isolados,9,3,4735
6,155,0,Empiristas,9,7,5246
6,155,1,Incrementalistas,9,7,5243
6,155,2,Evolucionistas,9,7,5243
6,155,3,Isolados,9,3,5251
6,160,0,Empiristas,9,7,5817
6,160,1,Incrementalistas,9,7,5815
6,160,2,Evolucionistas,9,7,5815
6,160,3,Isolados,9,3,5822
6,165,0,Empiristas,9,7,6447
6,165,1,Incrementalistas,9,7,6446
6,165,2,Evolucionistas,9,7,6446
6,165,3,Isolados,9,3,6453
6,170,0,Empiristas,9,7,7143
6,170,1,Incrementalistas,9,7,7143
6,170,2,Evolucionistas,9,7,7142
6,170,3,Isolados,9,3,7150
6,175,0,Empiristas,9,7,7913
6,175,1,Incrementalistas,9,7,7913
6,175,2,Evolucionistas,9,7,7910
6,175,3,Isolados,9,3,7920
6,180,0,Empiristas,9,7,8761
6,180,1,Incrementalistas,9,7,8763
6,180,2,Evolucionistas,9,7,8759
6,180,3,Isolados,9,3,8770
6,185,0,Empiristas,9,7,9699
6,185,1,Incrementalistas,9,7,9700
6,185,2,Evolucionistas,9,7,9695
6,185,3,Isolados,9,3,9708
6,190,0,Empiristas,9,7,10734
6,190,1,Incrementalistas,9,7,10736
6,190,2,Evolucionistas,9,7,10729
6,190,3,Isolados,9,3,10744
6,195,0,Empiristas,9,7,11877
6,195,1,Incrementalistas,9,7,11879
6,195,2,Evolucionistas,9,7,11872
6,195,3,Isolados,9,5,11888
6,200,0,Empiristas,9,7,13139
6,200,1,Incrementalistas,9,7,13140
6,200,2,Evolucionistas,9,7,13134
6,200,3,Isolados,9,7,13150
6,205,0,Empiristas,9,7,14533
6,205,1,Incrementalistas,9,7,14534
6,205,2,Evolucionistas,9,7,14526
6,205,3,Isolados,9,7,14543
6,210,0,Empiristas,9,7,16070
6,210,1,Incrementalistas,9,7,16072
6,210,2,Evolucionistas,9,7,16063
6,210,3,Isolados,9,7,16081
6,215,0,Empiristas,9,7,17768
6,215,1,Incrementalistas,9,7,17768
6,215,2,Evolucionistas,9,7,17761
6,215,3,Isolados,9,7,17778
6,220,0,Empiristas,9,7,19642
6,220,1,Incrementalistas,9,7,19642
6,220,2,Evolucionistas,9,7,19061
6,220,3,Isolados,9,7,19653
6,225,0,Empiristas,9,7,21712
6,225,1,Incrementalistas,9,7,21711
6,225,2,Evolucionistas,9,7,20096
6,225,3,Isolados,9,7,21724
6,230,0,Empiristas,9,7,23998
6,230,1,Incrementalistas,9,7,23995
6,230,2,Evolucionistas,9,6,21238
6,230,3,Isolados,9,7,24009
6,235,0,Empiristas,9,7,26478
6,235,1,Incrementalistas,9,7,26475
6,235,2,Evolucionistas,9,5,22479
6,235,3,Isolados,9,7,26487
6,240,0,Empiristas,9,7,28978
6,240,1,Incrementalistas,9,7,28975
6,240,2,Evolucionistas,9,7,23729
6,240,3,Isolados,9,7,28987
6,245,0,Empiristas,9,8,31478
6,245,1,Incrementalistas,9,8,31475
6,245,2,Evolucionistas,9,7,24979
6,245,3,Isolados,9,7,31487
6,250,0,Empiristas,9,8,33978
6,250,1,Incrementalistas,9,8,33975
6,250,2,Evolucionistas,9,7,26229
6,250,3,Isolados,9,7,33987
6,255,0,Empiristas,9,8,36478
6,255,1,Incrementalistas,9,8,36475
6,255,2,Evolucionistas,9,6,27479
6,255,3,Isolados,9,7,36487
6,260,0,Empiristas,9,8,38978
6,260,1,Incrementalistas,9,8,38975
6,260,2,Evolucionistas,9,7,28729
6,260,3,Isolados,9,7,38987
6,265,0,Empiristas,9,8,41478
6,265,1,Incrementalistas,9,8,41475
6,265,2,Evolucionistas,9,7,29979
6,265,3,Isolados,9,7,41487
6,270,0,Empiristas,9,8,43978
6,270,1,Incrementalistas,9,8,43975
6,270,2,Evolucionistas,9,8,31229
6,270,3,Isolados,9,7,43987
6,275,0,Empiristas,9,8,46478
6,275,1,Incrementalistas,9,8,46475
6,275,2,Evolucionistas,9,8,32479
6,275,3,Isolados,9,7,46487
6,280,0,Empiristas,9,8,48978
6,280,1,Incrementalistas,9,8,48975
6,280,2,Evolucionistas,9,8,34479
6,280,3,Isolados,9,7,48987
6,285,0,Empiristas,9,8,51478
6,285,1,Incrementalistas,9,8,51475
6,285,2,Evolucionistas,9,8,36979
6,285,3,Isolados,9,7,51487
6,290,0,Empiristas,9,8,53978
6,290,1,Incrementalistas,9,8,53975
6,290,2,Evolucionistas,9,8,39479
6,290,3,Isolados,9,7,53987
6,295,0,Empiristas,9,8,56478
6,295,1,Incrementalistas,9,8,56475
6,295,2,Evolucionistas,9,8,41979
6,295,3,Isolados,9,7,56487
6,300,0,Empiristas,9,8,58978
6,300,1,Incrementalistas,9,8,58975
6,300,2,Evolucionistas,9,8,44479
6,300,3,Isolados,9,7,58987
7,0,0,Empiristas,nan,0,5
7,0,1,Incrementalistas,-0.17928,1,5
7,0,2,Evolucionistas,nan,0,5
7,0,3,Isolados,-0.139182,1,5
7,5,0,Empiristas,0.032583,1,32
7,5,1,Incrementalistas,0.032583,1,32
7,5,2,Evolucionistas,0.032583,1,33
7,5,3,Isolados,-0.0565573,1,31
7,10,0,Empiristas,0.032583,1,61
7,10,1,Incrementalistas,0.032583,1,62
7,10,2,Evolucionistas,0.032583,1,62
7,10,3,Isolados,-0.00323908,1,60
7,15,0,Empiristas,0.0749031,1,92
7,15,1,Incrementalistas,0.124311,1,95
7,15,2,Evolucionistas,0.0784505,1,93
7,15,3,Isolados,6,2,93
7,20,0,Empiristas,0.124311,1,128
7,20,1,Incrementalistas,0.124311,1,131
7,20,2,Evolucionistas,0.124311,1,128
7,20,3,Isolados,6,2,128
7,25,0,Empiristas,0.124311,1,168
7,25,1,Incrementalistas,0.269319,1,171
7,25,2,Evolucionistas,0.124311,1,167
7,25,3,Isolados,6.99411,3,169
7,30,0,Empiristas,6,2,211
7,30,1,Incrementalistas,7.60976,3,214
7,30,2,Evolucionistas,7.84117,4,212
7,30,3,Isolados,7.75692,3,214
7,35,0,Empiristas,7.84117,4,260
7,35,1,Incrementalistas,7.60976,4,261
7,35,2,Evolucionistas,7.84117,5,260
7,35,3,Isolados,7.75692,3,262
7,40,0,Empiristas,8.54062,5,312
7,40,1,Incrementalistas,8.54062,5,313
7,40,2,Evolucionistas,9,6,313
7,40,3,Isolados,7.75692,3,318
7,45,0,Empiristas,9,5,371
7,45,1,Incrementalistas,9,6,373
7,45,2,Evolucionistas,9,7,371
7,45,3,Isolados,8.02781,3,376
7,50,0,Empiristas,9,6,436
7,50,1,Incrementalistas,9,7,439
7,50,2,Evolucionistas,9,7,437
7,50,3,Isolados,9,4,441
7,55,0,Empiristas,9,6,507
7,55,1,Incrementalistas,9,7,510
7,55,2,Evolucionistas,9,4,507
7,55,3,Isolados,9,4,513
7,60,0,Empiristas,9,7,587
7,60,1,Incrementalistas,9,7,591
7,60,2,Evolucionistas,9,6,546
7,60,3,Isolados,9,5,592
7,65,0,Empiristas,9,7,675
7,65,1,Incrementalistas,9,7,678
7,65,2,Evolucionistas,9,6,590
7,65,3,Isolados,9,5,678
7,70,0,Empiristas,9,7,771
7,70,1,Incrementalistas,9,7,773
7,70,2,Evolucionistas,9,6,639
7,70,3,Isolados,9,5,774
7,75,0,Empiristas,9,7,877
7,75,1,Incrementalistas,9,7,879
7,75,2,Evolucionistas,9,6,693
7,75,3,Isolados,9,5,881
7,80,0,Empiristas,9,7,994
7,80,1,Incrementalistas,9,7,995
7,80,2,Evolucionistas,9,6,765
7,80,3,Isolados,9,5,998
7,85,0,Empiristas,9,7,1124
7,85,1,Incrementalistas,9,7,1125
7,85,2,Evolucionistas,9,6,895
7,85,3,Isolados,9,5,1129
7,90,0,Empiristas,9,7,1267
7,90,1,Incrementalistas,9,7,1267
7,90,2,Evolucionistas,9,7,1037
7,90,3,Isolados,9,6,1271
7,95,0,Empiristas,9,7,1424
7,95,1,Incrementalistas,9,7,1425
7,95,2,Evolucionistas,9,7,1194
7,95,3,Isolados,9,6,1428
7,100,0,Empiristas,9,7,1598
7,100,1,Incrementalistas,9,5,1581
7,100,2,Evolucionistas,9,7,1368
7,100,3,Isolados,9,7,1602
7,105,0,Empiristas,9,7,1791
7,105,1,Incrementalistas,9,6,1678
7,105,2,Evolucionistas,9,7,1560
7,105,3,Isolados,9,7,1794
7,110,0,Empiristas,9,7,2004
7,110,1,Incrementalistas,9,6,1783
7,110,2,Evolucionistas,9,7,1773
7,110,3,Isolados,9,7,2009
7,115,0,Empiristas,9,7,2240
7,115,1,Incrementalistas,9,7,1902
7,115,2,Evolucionistas,9,7,2008
7,115,3,Isolados,9,7,2244
7,120,0,Empiristas,9,7,2498
7,120,1,Incrementalistas,9,7,2032
7,120,2,Evolucionistas,9,7,2267
7,120,3,Isolados,9,7,2502
7,125,0,Empiristas,9,7,2754
7,125,1,Incrementalistas,9,7,2233
7,125,2,Evolucionistas,9,7,2554
7,125,3,Isolados,9,7,2788
7,130,0,Empiristas,9,7,2913
7,130,1,Incrementalistas,9,7,2550
7,130,2,Evolucionistas,9,7,2870
7,130,3,Isolados,9,7,3104
7,135,0,Empiristas,9,6,3086
7,135,1,Incrementalistas,9,7,2899
7,135,2,Evolucionistas,9,7,3217
7,135,3,Isolados,9,7,3453
7,140,0,Empiristas,9,6,3279
7,140,1,Incrementalistas,9,7,3284
7,140,2,Evolucionistas,9,7,3599
7,140,3,Isolados,9,7,3838
7,145,0,Empiristas,9,6,3492
7,145,1,Incrementalistas,9,7,3707
7,145,2,Evolucionistas,9,7,4025
7,145,3,Isolados,9,7,4261
7,150,0,Empiristas,9,7,3726
7,150,1,Incrementalistas,9,7,4175
7,150,2,Evolucionistas,9,7,4495
7,150,3,Isolados,9,7,4728
7,155,0,Empiristas,9,7,3984
7,155,1,Incrementalistas,9,7,4694
7,155,2,Evolucionistas,9,5,4906
7,155,3,Isolados,9,7,5244
7,160,0,Empiristas,9,7,4556
7,160,1,Incrementalistas,9,7,5266
7,160,2,Evolucionistas,9,5,5192
7,160,3,Isolados,9,7,5814
7,165,0,Empiristas,9,7,5187
7,165,1,Incrementalistas,9,7,5895
7,165,2,Evolucionistas,9,5,5507
7,165,3,Isolados,9,7,6446
7,170,0,Empiristas,9,7,5884
7,170,1,Incrementalistas,9,7,6592
7,170,2,Evolucionistas,9,4,5856
7,170,3,Isolados,9,7,7142
7,175,0,Empiristas,9,7,6652
7,175,1,Incrementalistas,9,7,7361
7,175,2,Evolucionistas,9,6,6241
7,175,3,Isolados,9,7,7911
7,180,0,Empiristas,9,7,7501
7,180,1,Incrementalistas,9,7,8210
7,180,2,Evolucionistas,9,6,6665
7,180,3,Isolados,9,7,8760
7,185,0,Empiristas,9,7,8438
7,185,1,Incrementalistas,9,7,9147
7,185,2,Evolucionistas,9,7,7133
7,185,3,Isolados,9,7,9697
7,190,0,Empiristas,9,7,9473
7,190,1,Incrementalistas,9,7,10183
7,190,2,Evolucionistas,9,7,7651
7,190,3,Isolados,9,7,10732
7,195,0,Empiristas,9,7,10616
7,195,1,Incrementalistas,9,7,11327
7,195,2,Evolucionistas,9,7,8794
7,195,3,Isolados,9,7,11874
7,200,0,Empiristas,9,7,11878
7,200,1,Incrementalistas,9,7,12589
7,200,2,Evolucionistas,9,7,10056
7,200,3,Isolados,9,7,13136
7,205,0,Empiristas,9,7,13271
7,205,1,Incrementalistas,9,7,13983
7,205,2,Evolucionistas,9,7,11448
7,205,3,Isolados,9,7,14530
7,210,0,Empiristas,9,7,14810
7,210,1,Incrementalistas,9,7,15522
7,210,2,Evolucionistas,9,7,12986
7,210,3,Isolados,9,7,16068
7,215,0,Empiristas,9,7,16509
7,215,1,Incrementalistas,9,7,17220
7,215,2,Evolucionistas,9,7,14684
7,215,3,Isolados,9,7,17765
7,220,0,Empiristas,9,7,18187
7,220,1,Incrementalistas,9,7,19095
7,220,2,Evolucionistas,9,7,16559
7,220,3,Isolados,9,7,19638
7,225,0,Empiristas,9,7,19222
7,225,1,Incrementalistas,9,7,21163
7,225,2,Evolucionistas,9,7,18630
7,225,3,Isolados,9,7,21707
7,230,0,Empiristas,9,7,20364
7,230,1,Incrementalistas,9,7,23449
7,230,2,Evolucionistas,9,7,20917
7,230,3,Isolados,9,7,23992
7,235,0,Empiristas,9,7,21604
7,235,1,Incrementalistas,9,7,25928
7,235,2,Evolucionistas,9,7,23397
7,235,3,Isolados,9,7,26472
7,240,0,Empiristas,9,7,22854
7,240,1,Incrementalistas,9,7,28428
7,240,2,Evolucionistas,9,7,25897
7,240,3,Isolados,9,7,28972
7,245,0,Empiristas,9,7,24604
7,245,1,Incrementalistas,9,7,30928
7,245,2,Evolucionistas,9,7,28397
7,245,3,Isolados,9,7,31472
7,250,0,Empiristas,9,7,27104
7,250,1,Incrementalistas,9,7,33428
7,250,2,Evolucionistas,9,7,30897
7,250,3,Isolados,9,7,33972
7,255,0,Empiristas,9,7,29604
7,255,1,Incrementalistas,9,7,35928
7,255,2,Evolucionistas,9,7,33397
7,255,3,Isolados,9,7,36472
7,260,0,Empiristas,9,7,32104
7,260,1,Incrementalistas,9,7,38428
7,260,2,Evolucionistas,9,7,35897
7,260,3,Isolados,9,7,38972
7,265,0,Empiristas,9,7,34604
7,265,1,Incrementalistas,9,7,40928
7,265,2,Evolucionistas,9,7,38397
7,265,3,Isolados,9,7,41472
7,270,0,Empiristas,9,7,37104
7,270,1,Incrementalistas,9,7,43428
7,270,2,Evolucionistas,9,7,40897
7,270,3,Isolados,9,7,43972
7,275,0,Empiristas,9,7,39604
7,275,1,Incrementalistas,9,7,45928
7,275,2,Evolucionistas,9,7,43397
7,275,3,Isolados,9,7,46472
7,280,0,Empiristas,9,8,42104
7,280,1,Incrementalistas,9,7,48428
7,280,2,Evolucionistas,9,7,45897
7,280,3,Isolados,9,7,48972
7,285,0,Empiristas,9,8,44604
7,285,1,Incrementalistas,9,8,50928
7,285,2,Evolucionistas,9,7,48397
7,285,3,Isolados,9,7,51472
7,290,0,Empiristas,9,8,47104
7,290,1,Incrementalistas,9,8,52928
7,290,2,Evolucionistas,9,7,50897
7,290,3,Isolados,9,7,53972
7,295,0,Empiristas,9,8,49604
7,295,1,Incrementalistas,9,8,54178
7,295,2,Evolucionistas,9,8,53397
7,295,3,Isolados,9,7,56472
7,300,0,Empiristas,9,8,52104
7,300,1,Incrementalistas,9,8,55428
7,300,2,Evolucionistas,9,8,55897
7,300,3,Isolados,9,7,58972
8,0,0,Empiristas,-0.482198,1,5
8,0,1,Incrementalistas,nan,0,5
8,0,2,Evolucionistas,-0.244795,1,5
8,0,3,Isolados,nan,0,5
8,5,0,Empiristas,0.0584721,1,33
8,5,1,Incrementalistas,-4.34294e-07,1,30
8,5,2,Evolucionistas,0.0622241,1,32
8,5,3,Isolados,-0.103102,1,29
8,10,0,Empiristas,0.0854068,1,62
8,10,1,Incrementalistas,0.140942,1,59
8,10,2,Evolucionistas,0.140942,1,60
8,10,3,Isolados,0.0603791,1,43
8,15,0,Empiristas,0.18322,1,95
8,15,1,Incrementalistas,6,2,91
8,15,2,Evolucionistas,0.18322,1,91
8,15,3,Isolados,0.15426,1,59
8,20,0,Empiristas,0.221876,1,130
8,20,1,Incrementalistas,6.4906,3,127
8,20,2,Evolucionistas,0.221876,1,127
8,20,3,Isolados,0.15426,1,75
8,25,0,Empiristas,6.4906,3,170
8,25,1,Incrementalistas,7.35135,3,166
8,25,2,Evolucionistas,7.35135,3,166
8,25,3,Isolados,0.15426,1,94
8,30,0,Empiristas,7.35135,3,214
8,30,1,Incrementalistas,7.35135,3,210
8,30,2,Evolucionistas,7.42148,3,210
8,30,3,Isolados,0.15426,1,124
8,35,0,Empiristas,7.42148,3,263
8,35,1,Incrementalistas,7.42148,3,259
8,35,2,Evolucionistas,7.42148,3,258
8,35,3,Isolados,0.15426,1,172
8,40,0,Empiristas,7.46595,3,317
8,40,1,Incrementalistas,8.34354,3,311
8,40,2,Evolucionistas,7.42148,3,311
8,40,3,Isolados,0.427187,1,224
8,45,0,Empiristas,9,4,375
8,45,1,Incrementalistas,9,3,368
8,45,2,Evolucionistas,9,4,369
8,45,3,Isolados,0.427187,1,282
8,50,0,Empiristas,9,4,440
8,50,1,Incrementalistas,9,3,433
8,50,2,Evolucionistas,9,4,434
8,50,3,Isolados,6.99977,2,348
8,55,0,Empiristas,9,4,510
8,55,1,Incrementalistas,9,4,505
8,55,2,Evolucionistas,9,4,505
8,55,3,Isolados,7.07878,4,419
8,60,0,Empiristas,9,4,589
8,60,1,Incrementalistas,9,4,584
8,60,2,Evolucionistas,9,4,587
8,60,3,Isolados,7.84117,5,498
8,65,0,Empiristas,9,5,676
8,65,1,Incrementalistas,9,4,672
8,65,2,Evolucionistas,9,5,674
8,65,3,Isolados,9,5,584
8,70,0,Empiristas,9,5,772
8,70,1,Incrementalistas,9,4,769
8,70,2,Evolucionistas,9,5,770
8,70,3,Isolados,9,5,679
8,75,0,Empiristas,9,5,878
8,75,1,Incrementalistas,9,4,874
8,75,2,Evolucionistas,9,5,878
8,75,3,Isolados,9,5,785
8,80,0,Empiristas,9,5,995
8,80,1,Incrementalistas,9,4,992
8,80,2,Evolucionistas,9,5,995
8,80,3,Isolados,9,5,904
8,85,0,Empiristas,9,5,1124
8,85,1,Incrementalistas,9,4,1122
8,85,2,Evolucionistas,9,5,1123
8,85,3,Isolados,9,5,1034
8,90,0,Empiristas,9,5,1268
8,90,1,Incrementalistas,9,5,1266
8,90,2,Evolucionistas,9,5,1266
8,90,3,Isolados,9,5,1178
8,95,0,Empiristas,9,5,1426
8,95,1,Incrementalistas,9,5,1424
8,95,2,Evolucionistas,9,5,1345
8,95,3,Isolados,9,5,1335
8,100,0,Empiristas,9,5,1600
8,100,1,Incrementalistas,9,5,1598
8,100,2,Evolucionistas,9,5,1432
8,100,3,Isolados,9,5,1509
8,105,0,Empiristas,9,5,1792
8,105,1,Incrementalistas,9,5,1790
8,105,2,Evolucionistas,9,5,1527
8,105,3,Isolados,9,5,1700
8,110,0,Empiristas,9,5,2004
8,110,1,Incrementalistas,9,5,2002
8,110,2,Evolucionistas,9,5,1633
8,110,3,Isolados,9,5,1913
8,115,0,Empiristas,9,5,2238
8,115,1,Incrementalistas,9,5,2237
8,115,2,Evolucionistas,9,5,1774
8,115,3,Isolados,9,5,2148
8,120,0,Empiristas,9,6,2498
8,120,1,Incrementalistas,9,5,2496
8,120,2,Evolucionistas,9,5,2032
8,120,3,Isolados,9,5,2407
8,125,0,Empiristas,9,6,2784
8,125,1,Incrementalistas,9,6,2781
8,125,2,Evolucionistas,9,5,2319
8,125,3,Isolados,9,5,2693
8,130,0,Empiristas,9,7,3099
8,130,1,Incrementalistas,9,6,3097
8,130,2,Evolucionistas,9,6,2634
8,130,3,Isolados,9,5,3009
8,135,0,Empiristas,9,7,3447
8,135,1,Incrementalistas,9,7,3445
8,135,2,Evolucionistas,9,6,2983
8,135,3,Isolados,9,5,3359
8,140,0,Empiristas,9,7,3831
8,140,1,Incrementalistas,9,7,3829
8,140,2,Evolucionistas,9,7,3367
8,140,3,Isolados,9,5,3743
8,145,0,Empiristas,9,7,4257
8,145,1,Incrementalistas,9,7,4253
8,145,2,Evolucionistas,9,7,3793
8,145,3,Isolados,9,5,4167
8,150,0,Empiristas,9,7,4725
8,150,1,Incrementalistas,9,7,4722
8,150,2,Evolucionistas,9,7,4262
8,150,3,Isolados,9,5,4635
8,155,0,Empiristas,9,7,5244
8,155,1,Incrementalistas,9,7,5238
8,155,2,Evolucionistas,9,7,4778
8,155,3,Isolados,9,5,5153
8,160,0,Empiristas,9,7,5815
8,160,1,Incrementalistas,9,7,5810
8,160,2,Evolucionistas,9,7,5350
8,160,3,Isolados,9,5,5726
8,165,0,Empiristas,9,7,6448
8,165,1,Incrementalistas,9,7,6440
8,165,2,Evolucionistas,9,7,5981
8,165,3,Isolados,9,5,6357
8,170,0,Empiristas,9,7,7144
8,170,1,Incrementalistas,9,7,7136
8,170,2,Evolucionistas,9,7,6677
8,170,3,Isolados,9,5,7053
8,175,0,Empiristas,9,7,7914
8,175,1,Incrementalistas,9,7,7906
8,175,2,Evolucionistas,9,7,7447
8,175,3,Isolados,9,5,7821
8,180,0,Empiristas,9,7,8764
8,180,1,Incrementalistas,9,7,8755
8,180,2,Evolucionistas,9,7,8296
8,180,3,Isolados,9,7,8670
8,185,0,Empiristas,9,7,9701
8,185,1,Incrementalistas,9,7,9692
8,185,2,Evolucionistas,9,7,9233
8,185,3,Isolados,9,7,9607
8,190,0,Empiristas,9,7,10736
8,190,1,Incrementalistas,9,7,10727
8,190,2,Evolucionistas,9,7,10269
8,190,3,Isolados,9,7,10641
8,195,0,Empiristas,9,7,11878
8,195,1,Incrementalistas,9,7,11869
8,195,2,Evolucionistas,9,7,11412
8,195,3,Isolados,9,7,11782
8,200,0,Empiristas,9,7,13139
8,200,1,Incrementalistas,9,7,13130
8,200,2,Evolucionistas,9,7,12672
8,200,3,Isolados,9,7,13045
8,205,0,Empiristas,9,7,14532
8,205,1,Incrementalistas,9,7,14523
8,205,2,Evolucionistas,9,7,14065
8,205,3,Isolados,9,7,14438
8,210,0,Empiristas,9,7,16070
8,210,1,Incrementalistas,9,7,16059
8,210,2,Evolucionistas,9,7,15604
8,210,3,Isolados,9,7,15975
8,215,0,Empiristas,9,7,17769
8,215,1,Incrementalistas,9,7,17757
8,215,2,Evolucionistas,9,7,17303
8,215,3,Isolados,9,7,17672
8,220,0,Empiristas,9,7,19643
8,220,1,Incrementalistas,9,7,18875
8,220,2,Evolucionistas,9,7,19178
8,220,3,Isolados,9,7,19546
8,225,0,Empiristas,9,7,21714
8,225,1,Incrementalistas,9,7,19910
8,225,2,Evolucionistas,9,7,21247
8,225,3,Isolados,9,7,21616
8,230,0,Empiristas,9,6,23077
8,230,1,Incrementalistas,9,7,21053
8,230,2,Evolucionistas,9,7,23532
8,230,3,Isolados,9,7,23900
8,235,0,Empiristas,9,6,24318
8,235,1,Incrementalistas,9,7,22292
8,235,2,Evolucionistas,9,7,26012
8,235,3,Isolados,9,7,26379
8,240,0,Empiristas,9,6,25568
8,240,1,Incrementalistas,9,7,23542
8,240,2,Evolucionistas,9,7,28512
8,240,3,Isolados,9,7,28879
8,245,0,Empiristas,9,7,26818
8,245,1,Incrementalistas,9,7,26042
8,245,2,Evolucionistas,9,7,31012
8,245,3,Isolados,9,7,31379
8,250,0,Empiristas,9,7,28068
8,250,1,Incrementalistas,9,7,28542
8,250,2,Evolucionistas,9,7,33512
8,250,3,Isolados,9,7,33879
8,255,0,Empiristas,9,7,30568
8,255,1,Incrementalistas,9,7,31042
8,255,2,Evolucionistas,9,7,36012
8,255,3,Isolados,9,7,36379
8,260,0,Empiristas,9,7,33068
8,260,1,Incrementalistas,9,7,33542
8,260,2,Evolucionistas,9,7,38512
8,260,3,Isolados,9,7,38879
8,265,0,Empiristas,9,8,35568
8,265,1,Incrementalistas,9,7,36042
8,265,2,Evolucionistas,9,7,41012
8,265,3,Isolados,9,7,41379
8,270,0,Empiristas,9,8,38068
8,270,1,Incrementalistas,9,7,38542
8,270,2,Evolucionistas,9,8,43512
8,270,3,Isolados,9,7,43879
8,275,0,Empiristas,9,8,40568
8,275,1,Incrementalistas,9,8,41042
8,275,2,Evolucionistas,9,8,46012
8,275,3,Isolados,9,7,46379
8,280,0,Empiristas,9,8,43068
8,280,1,Incrementalistas,9,8,43542
8,280,2,Evolucionistas,9,8,48512
8,280,3,Isolados,9,7,48879
8,285,0,Empiristas,9,8,45568
8,285,1,Incrementalistas,9,8,46042
8,285,2,Evolucionistas,9,9,51012
8,285,3,Isolados,9,7,51379
8,290,0,Empiristas,9,8,48068
8,290,1,Incrementalistas,9,9,48542
8,290,2,Evolucionistas,9,9,53512
8,290,3,Isolados,9,7,53879
8,295,0,Empiristas,9,8,50568
8,295,1,Incrementalistas,9,9,51042
8,295,2,Evolucionistas,9,9,56012
8,295,3,Isolados,9,7,56379
8,300,0,Empiristas,9,8,53068
8,300,1,Incrementalistas,9,9,53542
8,300,2,Evolucionistas,9,9,58512
8,300,3,Isolados,9,7,58879
9,0,0,Empiristas,-0.151227,1,5
9,0,1,Incrementalistas,nan,0,5
9,0,2,Evolucionistas,nan,0,5
9,0,3,Isolados,nan,0,5
9,5,0,Empiristas,6,2,32
9,5,1,Incrementalistas,-0.112243,1,33
9,5,2,Evolucionistas,6,2,30
9,5,3,Isolados,0.332845,1,31
9,10,0,Empiristas,6.41007,3,61
9,10,1,Incrementalistas,6.41007,3,62
9,10,2,Evolucionistas,7.41822,3,60
9,10,3,Isolados,0.332845,1,60
9,15,0,Empiristas,7.41822,4,95
9,15,1,Incrementalistas,6.9531,4,96
9,15,2,Evolucionistas,8.4,4,91
9,15,3,Isolados,0.332845,1,92
9,20,0,Empiristas,8.26915,5,132
9,20,1,Incrementalistas,8.26915,4,132
9,20,2,Evolucionistas,8.4,4,127
9,20,3,Isolados,0.378419,1,129
9,25,0,Empiristas,9,5,173
9,25,1,Incrementalistas,9,5,172
9,25,2,Evolucionistas,8.80075,2,166
9,25,3,Isolados,7.15487,3,167
9,30,0,Empiristas,9,5,217
9,30,1,Incrementalistas,9,5,214
9,30,2,Evolucionistas,8.80075,4,189
9,30,3,Isolados,8.42927,4,210
9,35,0,Empiristas,9,5,265
9,35,1,Incrementalistas,9,5,263
9,35,2,Evolucionistas,9,5,212
9,35,3,Isolados,8.42927,4,259
9,40,0,Empiristas,9,5,319
9,40,1,Incrementalistas,9,5,315
9,40,2,Evolucionistas,9,5,240
9,40,3,Isolados,8.42927,4,311
9,45,0,Empiristas,9,5,378
9,45,1,Incrementalistas,9,5,372
9,45,2,Evolucionistas,9,5,270
9,45,3,Isolados,8.57839,4,370
9,50,0,Empiristas,9,5,442
9,50,1,Incrementalistas,9,5,436
9,50,2,Evolucionistas,9,5,309
9,50,3,Isolados,8.57839,4,434
9,55,0,Empiristas,9,3,506
9,55,1,Incrementalistas,9,5,508
9,55,2,Evolucionistas,9,5,382
9,55,3,Isolados,8.77189,5,507
9,60,0,Empiristas,9,4,546
9,60,1,Incrementalistas,9,5,586
9,60,2,Evolucionistas,9,5,461
9,60,3,Isolados,8.77189,7,586
9,65,0,Empiristas,9,5,588
9,65,1,Incrementalistas,9,5,673
9,65,2,Evolucionistas,9,5,548
9,65,3,Isolados,8.77189,7,675
9,70,0,Empiristas,9,6,636
9,70,1,Incrementalistas,9,4,759
9,70,2,Evolucionistas,9,5,645
9,70,3,Isolados,8.77189,6,750
9,75,0,Empiristas,9,6,690
9,75,1,Incrementalistas,9,5,812
9,75,2,Evolucionistas,9,5,750
9,75,3,Isolados,8.85608,6,804
9,80,0,Empiristas,9,6,773
9,80,1,Incrementalistas,9,5,869
9,80,2,Evolucionistas,9,5,868
9,80,3,Isolados,8.85608,6,863
9,85,0,Empiristas,9,6,902
9,85,1,Incrementalistas,9,5,934
9,85,2,Evolucionistas,9,5,998
9,85,3,Isolados,9,7,927
9,90,0,Empiristas,9,6,1045
9,90,1,Incrementalistas,9,5,1005
9,90,2,Evolucionistas,9,5,1141
9,90,3,Isolados,9,7,998
9,95,0,Empiristas,9,7,1203
9,95,1,Incrementalistas,9,5,1117
9,95,2,Evolucionistas,9,5,1300
9,95,3,Isolados,9,7,1125
9,100,0,Empiristas,9,7,1376
9,100,1,Incrementalistas,9,5,1292
9,100,2,Evolucionistas,9,5,1473
9,100,3,Isolados,9,7,1299
9,105,0,Empiristas,9,7,1567
9,105,1,Incrementalistas,9,5,1485
9,105,2,Evolucionistas,9,5,1665
9,105,3,Isolados,9,7,1491
9,110,0,Empiristas,9,7,1779
9,110,1,Incrementalistas,9,5,1696
9,110,2,Evolucionistas,9,5,1878
9,110,3,Isolados,9,8,1703
9,115,0,Empiristas,9,7,2012
9,115,1,Incrementalistas,9,6,1931
9,115,2,Evolucionistas,9,5,2112
9,115,3,Isolados,9,8,1936
9,120,0,Empiristas,9,7,2271
9,120,1,Incrementalistas,9,6,2189
9,120,2,Evolucionistas,9,6,2372
9,120,3,Isolados,9,8,2194
9,125,0,Empiristas,9,7,2556
9,125,1,Incrementalistas,9,7,2475
9,125,2,Evolucionistas,9,7,2658
9,125,3,Isolados,9,8,2479
9,130,0,Empiristas,9,7,2871
9,130,1,Incrementalistas,9,7,2792
9,130,2,Evolucionistas,9,7,2974
9,130,3,Isolados,9,8,2795
9,135,0,Empiristas,9,7,3218
9,135,1,Incrementalistas,9,7,3139
9,135,2,Evolucionistas,9,7,3322
9,135,3,Isolados,9,8,3143
9,140,0,Empiristas,9,7,3602
9,140,1,Incrementalistas,9,7,3523
9,140,2,Evolucionistas,9,7,3707
9,140,3,Isolados,9,8,3528
9,145,0,Empiristas,9,7,4027
9,145,1,Incrementalistas,9,7,3946
9,145,2,Evolucionistas,9,7,4130
9,145,3,Isolados,9,6,3909
9,150,0,Empiristas,9,7,4497
9,150,1,Incrementalistas,9,7,4414
9,150,2,Evolucionistas,9,7,4598
9,150,3,Isolados,9,6,4143
9,155,0,Empiristas,9,7,5016
9,155,1,Incrementalistas,9,7,4930
9,155,2,Evolucionistas,9,7,5115
9,155,3,Isolados,9,7,4403
9,160,0,Empiristas,9,7,5588
9,160,1,Incrementalistas,9,7,5501
9,160,2,Evolucionistas,9,7,5687
9,160,3,Isolados,9,7,4687
9,165,0,Empiristas,9,7,6219
9,165,1,Incrementalistas,9,7,6133
9,165,2,Evolucionistas,9,7,6317
9,165,3,Isolados,9,7,5003
9,170,0,Empiristas,9,7,6914
9,170,1,Incrementalistas,9,7,6830
9,170,2,Evolucionistas,9,7,7013
9,170,3,Isolados,9,8,5495
9,175,0,Empiristas,9,7,7683
9,175,1,Incrementalistas,9,7,7599
9,175,2,Evolucionistas,9,7,7781
9,175,3,Isolados,9,8,6265
9,180,0,Empiristas,9,7,8532
9,180,1,Incrementalistas,9,7,8449
9,180,2,Evolucionistas,9,7,8628
9,180,3,Isolados,9,8,7113
9,185,0,Empiristas,9,7,9470
9,185,1,Incrementalistas,9,7,9387
9,185,2,Evolucionistas,9,7,9567
9,185,3,Isolados,9,8,8049
9,190,0,Empiristas,9,7,10505
9,190,1,Incrementalistas,9,7,10421
9,190,2,Evolucionistas,9,7,10602
9,190,3,Isolados,9,8,9084
9,195,0,Empiristas,9,7,11649
9,195,1,Incrementalistas,9,7,11564
9,195,2,Evolucionistas,9,7,11745
9,195,3,Isolados,9,8,10227
9,200,0,Empiristas,9,7,12911
9,200,1,Incrementalistas,9,7,12824
9,200,2,Evolucionistas,9,7,13009
9,200,3,Isolados,9,8,11489
9,205,0,Empiristas,9,7,14302
9,205,1,Incrementalistas,9,7,14216
9,205,2,Evolucionistas,9,7,14404
9,205,3,Isolados,9,8,12883
9,210,0,Empiristas,9,7,15839
9,210,1,Incrementalistas,9,7,15753
9,210,2,Evolucionistas,9,7,15941
9,210,3,Isolados,9,8,14422
9,215,0,Empiristas,9,7,17537
9,215,1,Incrementalistas,9,7,17451
9,215,2,Evolucionistas,9,7,17638
9,215,3,Isolados,9,8,16118
9,220,0,Empiristas,9,7,19412
9,220,1,Incrementalistas,9,7,19325
9,220,2,Evolucionistas,9,7,19511
9,220,3,Isolados,9,8,17993
9,225,0,Empiristas,9,7,21482
9,225,1,Incrementalistas,9,7,21395
9,225,2,Evolucionistas,9,7,21581
9,225,3,Isolados,9,8,20063
9,230,0,Empiristas,9,7,23767
9,230,1,Incrementalistas,9,7,23679
9,230,2,Evolucionistas,9,7,23867
9,230,3,Isolados,9,8,22347
9,235,0,Empiristas,9,8,26247
9,235,1,Incrementalistas,9,7,26159
9,235,2,Evolucionistas,9,7,26347
9,235,3,Isolados,9,8,24826
9,240,0,Empiristas,9,8,28747
9,240,1,Incrementalistas,9,7,28659
9,240,2,Evolucionistas,9,7,28847
9,240,3,Isolados,9,8,27326
9,245,0,Empiristas,9,8,31247
9,245,1,Incrementalistas,9,7,31159
9,245,2,Evolucionistas,9,7,31347
9,245,3,Isolados,9,8,29826
9,250,0,Empiristas,9,8,33747
9,250,1,Incrementalistas,9,7,33659
9,250,2,Evolucionistas,9,7,33847
9,250,3,Isolados,9,8,32326
9,255,0,Empiristas,9,8,36247
9,255,1,Incrementalistas,9,7,36159
9,255,2,Evolucionistas,9,7,36347
9,255,3,Isolados,9,8,34826
9,260,0,Empiristas,9,8,38747
9,260,1,Incrementalistas,9,7,38659
9,260,2,Evolucionistas,9,7,38847
9,260,3,Isolados,9,8,37326
9,265,0,Empiristas,9,8,41247
9,265,1,Incrementalistas,9,7,41159
9,265,2,Evolucionistas,9,7,41347
9,265,3,Isolados,9,8,39826
9,270,0,Empiristas,9,8,43747
9,270,1,Incrementalistas,9,7,43659
9,270,2,Evolucionistas,9,7,43847
9,270,3,Isolados,9,8,42326
9,275,0,Empiristas,9,8,46247
9,275,1,Incrementalistas,9,7,46159
9,275,2,Evolucionistas,9,7,46347
9,275,3,Isolados,9,8,44826
9,280,0,Empiristas,9,8,48747
9,280,1,Incrementalistas,9,7,48659
9,280,2,Evolucionistas,9,7,48847
9,280,3,Isolados,9,8,47326
9,285,0,Empiristas,9,8,51247
9,285,1,Incrementalistas,9,7,51159
9,285,2,Evolucionistas,9,8,51347
9,285,3,Isolados,9,8,49826
9,290,0,Empiristas,9,8,53747
9,290,1,Incrementalistas,9,7,53659
9,290,2,Evolucionistas,9,8,53847
9,290,3,Isolados,9,8,52326
9,295,0,Empiristas,9,8,56247
9,295,1,Incrementalistas,9,8,56159
9,295,2,Evolucionistas,9,8,56347
9,295,3,Isolados,9,8,54826
9,300,0,Empiristas,9,8,58747
9,300,1,Incrementalistas,9,8,58659
9,300,2,Evolucionistas,9,8,58847
9,300,3,Isolados,9,8,57326
10,0,0,Empiristas,-0.289371,1,5
10,0,1,Incrementalistas,nan,0,5
10,0,2,Evolucionistas,-0.218623,1,5
10,0,3,Isolados,nan,0,5
10,5,0,Empiristas,0.120039,1,32
10,5,1,Incrementalistas,0.200186,1,32
10,5,2,Evolucionistas,0.200186,1,31
10,5,3,Isolados,-0.235647,1,33
10,10,0,Empiristas,6,2,62
10,10,1,Incrementalistas,6,3,61
10,10,2,Evolucionistas,6.95597,3,61
10,10,3,Isolados,-0.0819011,1,62
10,15,0,Empiristas,6.95597,5,95
10,15,1,Incrementalistas,6.95597,4,92
10,15,2,Evolucionistas,6.95597,5,94
10,15,3,Isolados,-0.00440663,1,94
10,20,0,Empiristas,6.95597,6,129
10,20,1,Incrementalistas,6.95597,6,128
10,20,2,Evolucionistas,7.92082,5,129
10,20,3,Isolados,-0.00440663,1,129
10,25,0,Empiristas,6.95597,6,169
10,25,1,Incrementalistas,7.92082,6,166
10,25,2,Evolucionistas,7.92082,5,168
10,25,3,Isolados,0.00961299,1,168
10,30,0,Empiristas,7.92082,6,214
10,30,1,Incrementalistas,7.92082,6,209
10,30,2,Evolucionistas,7.92082,6,214
10,30,3,Isolados,0.112564,1,210
10,35,0,Empiristas,7.92082,6,261
10,35,1,Incrementalistas,8.4,6,257
10,35,2,Evolucionistas,7.92082,6,261
10,35,3,Isolados,0.178957,1,257
10,40,0,Empiristas,8.4,7,313
10,40,1,Incrementalistas,8.80075,7,311
10,40,2,Evolucionistas,8.80075,7,312
10,40,3,Isolados,0.675104,1,310
10,45,0,Empiristas,9,7,371
10,45,1,Incrementalistas,8.80075,7,371
10,45,2,Evolucionistas,9,7,369
10,45,3,Isolados,0.675104,1,370
10,50,0,Empiristas,9,7,434
10,50,1,Incrementalistas,9,7,435
10,50,2,Evolucionistas,9,7,432
10,50,3,Isolados,0.675104,1,434
10,55,0,Empiristas,9,7,505
10,55,1,Incrementalistas,9,7,506
10,55,2,Evolucionistas,9,7,502
10,55,3,Isolados,6.99771,4,505
10,60,0,Empiristas,9,7,585
10,60,1,Incrementalistas,9,7,585
10,60,2,Evolucionistas,9,7,581
10,60,3,Isolados,8.4,5,584
10,65,0,Empiristas,9,7,672
10,65,1,Incrementalistas,9,7,673
10,65,2,Evolucionistas,9,4,641
10,65,3,Isolados,9,5,671
10,70,0,Empiristas,9,6,747
10,70,1,Incrementalistas,9,7,769
10,70,2,Evolucionistas,9,4,689
10,70,3,Isolados,9,7,768
10,75,0,Empiristas,9,6,801
10,75,1,Incrementalistas,9,7,874
10,75,2,Evolucionistas,9,4,742
10,75,3,Isolados,9,7,875
10,80,0,Empiristas,9,6,859
10,80,1,Incrementalistas,9,7,992
10,80,2,Evolucionistas,9,4,802
10,80,3,Isolados,9,7,993
10,85,0,Empiristas,9,7,924
10,85,1,Incrementalistas,9,7,1122
10,85,2,Evolucionistas,9,4,867
10,85,3,Isolados,9,7,1122
10,90,0,Empiristas,9,7,995
10,90,1,Incrementalistas,9,7,1263
10,90,2,Evolucionistas,9,5,997
10,90,3,Isolados,9,7,1265
10,95,0,Empiristas,9,7,1122
10,95,1,Incrementalistas,9,7,1422
10,95,2,Evolucionistas,9,6,1155
10,95,3,Isolados,9,7,1422
10,100,0,Empiristas,9,7,1297
10,100,1,Incrementalistas,9,7,1597
10,100,2,Evolucionistas,9,6,1328
10,100,3,Isolados,9,7,1595
10,105,0,Empiristas,9,7,1488
10,105,1,Incrementalistas,9,7,1788
10,105,2,Evolucionistas,9,6,1519
10,105,3,Isolados,9,7,1788
10,110,0,Empiristas,9,7,1700
10,110,1,Incrementalistas,9,7,2001
10,110,2,Evolucionistas,9,6,1731
10,110,3,Isolados,9,7,2002
10,115,0,Empiristas,9,7,1934
10,115,1,Incrementalistas,9,7,2234
10,115,2,Evolucionistas,9,6,1966
10,115,3,Isolados,9,7,2237
10,120,0,Empiristas,9,7,2193
10,120,1,Incrementalistas,9,7,2493
10,120,2,Evolucionistas,9,7,2225
10,120,3,Isolados,9,7,2497
10,125,0,Empiristas,9,7,2478
10,125,1,Incrementalistas,9,7,2779
10,125,2,Evolucionistas,9,7,2512
10,125,3,Isolados,9,7,2783
10,130,0,Empiristas,9,7,2792
10,130,1,Incrementalistas,9,7,3095
10,130,2,Evolucionistas,9,7,2827
10,130,3,Isolados,9,7,3099
10,135,0,Empiristas,9,7,3139
10,135,1,Incrementalistas,9,7,3442
10,135,2,Evolucionistas,9,7,3176
10,135,3,Isolados,9,7,3449
10,140,0,Empiristas,9,7,3525
10,140,1,Incrementalistas,9,7,3827
10,140,2,Evolucionistas,9,7,3562
10,140,3,Isolados,9,7,3833
10,145,0,Empiristas,9,7,3949
10,145,1,Incrementalistas,9,7,4250
10,145,2,Evolucionistas,9,7,3988
10,145,3,Isolados,9,7,4258
10,150,0,Empiristas,9,7,4419
10,150,1,Incrementalistas,9,7,4717
10,150,2,Evolucionistas,9,7,4458
10,150,3,Isolados,9,7,4728
10,155,0,Empiristas,9,7,4935
10,155,1,Incrementalistas,9,7,5233
10,155,2,Evolucionistas,9,6,4766
10,155,3,Isolados,9,7,5245
10,160,0,Empiristas,9,7,5506
10,160,1,Incrementalistas,9,7,5805
10,160,2,Evolucionistas,9,7,5051
10,160,3,Isolados,9,7,5816
10,165,0,Empiristas,9,7,6138
10,165,1,Incrementalistas,9,7,6435
10,165,2,Evolucionistas,9,7,5367
10,165,3,Isolados,9,6,6382
10,170,0,Empiristas,9,7,6835
10,170,1,Incrementalistas,9,7,7130
10,170,2,Evolucionistas,9,7,5715
10,170,3,Isolados,9,6,6731
10,175,0,Empiristas,9,7,7604
10,175,1,Incrementalistas,9,7,7900
10,175,2,Evolucionistas,9,7,6098
10,175,3,Isolados,9,6,7115
10,180,0,Empiristas,9,7,8453
10,180,1,Incrementalistas,9,7,8749
10,180,2,Evolucionistas,9,7,6948
10,180,3,Isolados,9,7,7541
10,185,0,Empiristas,9,7,9390
10,185,1,Incrementalistas,9,7,9686
10,185,2,Evolucionistas,9,7,7886
10,185,3,Isolados,9,7,8011
10,190,0,Empiristas,9,7,10425
10,190,1,Incrementalistas,9,7,10723
10,190,2,Evolucionistas,9,7,8922
10,190,3,Isolados,9,7,8742
10,195,0,Empiristas,9,7,11566
10,195,1,Incrementalistas,9,7,11865
10,195,2,Evolucionistas,9,7,10065
10,195,3,Isolados,9,7,9884
10,200,0,Empiristas,9,7,12827
10,200,1,Incrementalistas,9,7,13128
10,200,2,Evolucionistas,9,7,11326
10,200,3,Isolados,9,7,11145
10,205,0,Empiristas,9,7,14220
10,205,1,Incrementalistas,9,7,14520
10,205,2,Evolucionistas,9,7,12719
10,205,3,Isolados,9,6,12394
10,210,0,Empiristas,9,8,15758
10,210,1,Incrementalistas,9,7,16060
10,210,2,Evolucionistas,9,7,14256
10,210,3,Isolados,9,6,13163
10,215,0,Empiristas,9,8,17457
10,215,1,Incrementalistas,9,7,17758
10,215,2,Evolucionistas,9,7,15953
10,215,3,Isolados,9,6,14012
10,220,0,Empiristas,9,8,19332
10,220,1,Incrementalistas,9,7,19633
10,220,2,Evolucionistas,9,7,17829
10,220,3,Isolados,9,6,14950
10,225,0,Empiristas,9,8,21403
10,225,1,Incrementalistas,9,7,21705
10,225,2,Evolucionistas,9,8,19899
10,225,3,Isolados,9,7,15985
10,230,0,Empiristas,9,8,23689
10,230,1,Incrementalistas,9,7,23991
10,230,2,Evolucionistas,9,8,22184
10,230,3,Isolados,9,8,17598
10,235,0,Empiristas,9,8,26168
10,235,1,Incrementalistas,9,5,25970
10,235,2,Evolucionistas,9,8,24663
10,235,3,Isolados,9,8,20078
10,240,0,Empiristas,9,8,28668
10,240,1,Incrementalistas,9,5,27220
10,240,2,Evolucionistas,9,8,27163
10,240,3,Isolados,9,8,22578
10,245,0,Empiristas,9,8,31168
10,245,1,Incrementalistas,9,5,28470
10,245,2,Evolucionistas,9,8,29663
10,245,3,Isolados,9,8,25078
10,250,0,Empiristas,9,8,33668
10,250,1,Incrementalistas,9,6,29720
10,250,2,Evolucionistas,9,8,32163
10,250,3,Isolados,9,8,27578
10,255,0,Empiristas,9,8,36168
10,255,1,Incrementalistas,9,7,30970
10,255,2,Evolucionistas,9,8,34663
10,255,3,Isolados,9,8,30078
10,260,0,Empiristas,9,8,38668
10,260,1,Incrementalistas,9,7,32970
10,260,2,Evolucionistas,9,8,37163
10,260,3,Isolados,9,8,32578
10,265,0,Empiristas,9,8,41168
10,265,1,Incrementalistas,9,7,35470
10,265,2,Evolucionistas,9,8,39663
10,265,3,Isolados,9,8,35078
10,270,0,Empiristas,9,8,43668
10,270,1,Incrementalistas,9,7,37970
10,270,2,Evolucionistas,9,8,42163
10,270,3,Isolados,9,8,37578
10,275,0,Empiristas,9,8,46168
10,275,1,Incrementalistas,9,7,40470
10,275,2,Evolucionistas,9,8,44663
10,275,3,Isolados,9,8,40078
10,280,0,Empiristas,9,8,48668
10,280,1,Incrementalistas,9,7,42970
10,280,2,Evolucionistas,9,8,47163
10,280,3,Isolados,9,8,42578
10,285,0,Empiristas,9,8,51168
10,285,1,Incrementalistas,9,7,45470
10,285,2,Evolucionistas,9,8,49663
10,285,3,Isolados,9,8,45078
10,290,0,Empiristas,9,8,53668
10,290,1,Incrementalistas,9,7,47970
10,290,2,Evolucionistas,9,8,52163
10,290,3,Isolados,9,8,47578
10,295,0,Empiristas,9,8,56168
10,295,1,Incrementalistas,9,3,50470
10,295,2,Evolucionistas,9,8,54663
10,295,3,Isolados,9,8,50078
10,300,0,Empiristas,9,8,58668
10,300,1,Incrementalistas,9,5,51720
10,300,2,Evolucionistas,9,8,57163
10,300,3,Isolados,9,8,52578
11,0,0,Empiristas,-0.30103,1,5
11,0,1,Incrementalistas,nan,0,5
11,0,2,Evolucionistas,nan,0,5
11,0,3,Isolados,-0.123675,1,5
11,5,0,Empiristas,-0.0479831,1,31
11,5,1,Incrementalistas,-0.169908,1,32
11,5,2,Evolucionistas,nan,0,32
11,5,3,Isolados,-0.0598086,1,30
11,10,0,Empiristas,-0.0265481,1,62
11,10,1,Incrementalistas,-0.0479831,1,60
11,10,2,Evolucionistas,0.244801,1,61
11,10,3,Isolados,-0.017056,1,59
11,15,0,Empiristas,6,2,95
11,15,1,Incrementalistas,0.116945,1,91
11,15,2,Evolucionistas,6,2,94
11,15,3,Isolados,0.219895,1,91
11,20,0,Empiristas,6,3,130
11,20,1,Incrementalistas,6,2,126
11,20,2,Evolucionistas,6,2,130
11,20,3,Isolados,0.284731,1,127
11,25,0,Empiristas,7.83344,4,171
11,25,1,Incrementalistas,6.44948,3,166
11,25,2,Evolucionistas,7.16851,3,170
11,25,3,Isolados,0.284731,1,167
11,30,0,Empiristas,7.83344,4,213
11,30,1,Incrementalistas,8.30644,4,211
11,30,2,Evolucionistas,8.04526,4,214
11,30,3,Isolados,6.33736,2,211
11,35,0,Empiristas,8.04526,4,261
11,35,1,Incrementalistas,8.30644,4,260
11,35,2,Evolucionistas,8.04526,4,261
11,35,3,Isolados,8.02105,4,260
11,40,0,Empiristas,8.22721,4,313
11,40,1,Incrementalistas,8.30644,4,313
11,40,2,Evolucionistas,8.22721,4,314
11,40,3,Isolados,8.02105,4,292
11,45,0,Empiristas,8.22721,4,372
11,45,1,Incrementalistas,8.30644,4,371
11,45,2,Evolucionistas,8.30644,4,372
11,45,3,Isolados,8.02105,6,322
11,50,0,Empiristas,8.30644,4,438
11,50,1,Incrementalistas,8.30644,4,436
11,50,2,Evolucionistas,8.70798,4,436
11,50,3,Isolados,8.67385,6,354
11,55,0,Empiristas,8.30644,4,509
11,55,1,Incrementalistas,8.30644,4,506
11,55,2,Evolucionistas,8.70798,4,507
11,55,3,Isolados,8.67385,6,390
11,60,0,Empiristas,8.70798,4,587
11,60,1,Incrementalistas,8.70798,4,585
11,60,2,Evolucionistas,8.70798,4,584
11,60,3,Isolados,8.7186,6,429
11,65,0,Empiristas,8.70798,4,674
11,65,1,Incrementalistas,9,4,673
11,65,2,Evolucionistas,9,4,671
11,65,3,Isolados,8.7186,7,516
11,70,0,Empiristas,8.70798,4,771
11,70,1,Incrementalistas,9,4,770
11,70,2,Evolucionistas,9,4,767
11,70,3,Isolados,9,7,611
11,75,0,Empiristas,9,4,878
11,75,1,Incrementalistas,9,4,876
11,75,2,Evolucionistas,9,4,874
11,75,3,Isolados,9,7,718
11,80,0,Empiristas,9,4,995
11,80,1,Incrementalistas,9,4,993
11,80,2,Evolucionistas,9,4,990
11,80,3,Isolados,9,7,836
11,85,0,Empiristas,9,4,1126
11,85,1,Incrementalistas,9,4,1121
11,85,2,Evolucionistas,9,4,1119
11,85,3,Isolados,9,7,966
11,90,0,Empiristas,9,5,1270
11,90,1,Incrementalistas,9,4,1264
11,90,2,Evolucionistas,9,4,1262
11,90,3,Isolados,9,7,1107
11,95,0,Empiristas,9,5,1428
11,95,1,Incrementalistas,9,4,1422
11,95,2,Evolucionistas,9,4,1419
11,95,3,Isolados,9,7,1265
11,100,0,Empiristas,9,5,1601
11,100,1,Incrementalistas,9,5,1596
11,100,2,Evolucionistas,9,4,1593
11,100,3,Isolados,9,7,1438
11,105,0,Empiristas,9,5,1793
11,105,1,Incrementalistas,9,5,1788
11,105,2,Evolucionistas,9,5,1786
11,105,3,Isolados,9,7,1631
11,110,0,Empiristas,9,5,2007
11,110,1,Incrementalistas,9,5,2001
11,110,2,Evolucionistas,9,5,1997
11,110,3,Isolados,9,7,1843
11,115,0,Empiristas,9,6,2242
11,115,1,Incrementalistas,9,6,2235
11,115,2,Evolucionistas,9,6,2231
11,115,3,Isolados,9,7,2078
11,120,0,Empiristas,9,8,2501
11,120,1,Incrementalistas,9,7,2494
11,120,2,Evolucionistas,9,7,2490
11,120,3,Isolados,9,7,2338
11,125,0,Empiristas,9,8,2786
11,125,1,Incrementalistas,9,8,2780
11,125,2,Evolucionistas,9,5,2687
11,125,3,Isolados,9,7,2624
11,130,0,Empiristas,9,8,3101
11,130,1,Incrementalistas,9,8,3095
11,130,2,Evolucionistas,9,6,2845
11,130,3,Isolados,9,7,2938
11,135,0,Empiristas,9,8,3450
11,135,1,Incrementalistas,9,8,3443
11,135,2,Evolucionistas,9,6,3019
11,135,3,Isolados,9,7,3287
11,140,0,Empiristas,9,8,3835
11,140,1,Incrementalistas,9,8,3828
11,140,2,Evolucionistas,9,7,3211
11,140,3,Isolados,9,7,3672
11,145,0,Empiristas,9,8,4258
11,145,1,Incrementalistas,9,8,4252
11,145,2,Evolucionistas,9,7,3423
11,145,3,Isolados,9,7,4095
11,150,0,Empiristas,9,8,4725
11,150,1,Incrementalistas,9,8,4721
11,150,2,Evolucionistas,9,8,3847
11,150,3,Isolados,9,7,4563
11,155,0,Empiristas,9,8,5242
11,155,1,Incrementalistas,9,8,5239
11,155,2,Evolucionistas,9,8,4363
11,155,3,Isolados,9,7,5081
11,160,0,Empiristas,9,8,5814
11,160,1,Incrementalistas,9,8,5809
11,160,2,Evolucionistas,9,8,4935
11,160,3,Isolados,9,7,5652
11,165,0,Empiristas,9,8,6445
11,165,1,Incrementalistas,9,8,6440
11,165,2,Evolucionistas,9,8,5564
11,165,3,Isolados,9,7,6285
11,170,0,Empiristas,9,8,7142
11,170,1,Incrementalistas,9,8,7138
11,170,2,Evolucionistas,9,8,6261
11,170,3,Isolados,9,7,6981
11,175,0,Empiristas,9,8,7912
11,175,1,Incrementalistas,9,8,7908
11,175,2,Evolucionistas,9,8,7030
11,175,3,Isolados,9,7,7749
11,180,0,Empiristas,9,8,8762
11,180,1,Incrementalistas,9,8,8758
11,180,2,Evolucionistas,9,8,7879
11,180,3,Isolados,9,7,8599
11,185,0,Empiristas,9,8,9699
11,185,1,Incrementalistas,9,8,9696
11,185,2,Evolucionistas,9,8,8816
11,185,3,Isolados,9,7,9536
11,190,0,Empiristas,9,8,10734
11,190,1,Incrementalistas,9,8,10732
11,190,2,Evolucionistas,9,8,9852
11,190,3,Isolados,9,7,10571
11,195,0,Empiristas,9,8,11877
11,195,1,Incrementalistas,9,8,11874
11,195,2,Evolucionistas,9,8,10996
11,195,3,Isolados,9,7,11714
11,200,0,Empiristas,9,8,13137
11,200,1,Incrementalistas,9,8,13135
11,200,2,Evolucionistas,9,8,12258
11,200,3,Isolados,9,7,12974
11,205,0,Empiristas,9,8,14531
11,205,1,Incrementalistas,9,8,14527
11,205,2,Evolucionistas,9,8,13651
11,205,3,Isolados,9,7,14367
11,210,0,Empiristas,9,8,16068
11,210,1,Incrementalistas,9,8,16065
11,210,2,Evolucionistas,9,7,15028
11,210,3,Isolados,9,7,15904
11,215,0,Empiristas,9,8,17767
11,215,1,Incrementalistas,9,8,17764
11,215,2,Evolucionistas,9,8,15877
11,215,3,Isolados,9,7,17602
11,220,0,Empiristas,9,8,19640
11,220,1,Incrementalistas,9,8,19638
11,220,2,Evolucionistas,9,8,16814
11,220,3,Isolados,9,7,19476
11,225,0,Empiristas,9,8,21708
11,225,1,Incrementalistas,9,8,21708
11,225,2,Evolucionistas,9,8,17850
11,225,3,Isolados,9,7,21546
11,230,0,Empiristas,9,8,23993
11,230,1,Incrementalistas,9,8,23994
11,230,2,Evolucionistas,9,8,18992
11,230,3,Isolados,9,7,23831
11,235,0,Empiristas,9,8,26472
11,235,1,Incrementalistas,9,8,26473
11,235,2,Evolucionistas,9,8,20732
11,235,3,Isolados,9,7,26310
11,240,0,Empiristas,9,8,28972
11,240,1,Incrementalistas,9,8,28973
11,240,2,Evolucionistas,9,8,23232
11,240,3,Isolados,9,7,28810
11,245,0,Empiristas,9,8,31472
11,245,1,Incrementalistas,9,8,31473
11,245,2,Evolucionistas,9,8,25732
11,245,3,Isolados,9,7,31310
11,250,0,Empiristas,9,8,33972
11,250,1,Incrementalistas,9,8,33973
11,250,2,Evolucionistas,9,8,28232
11,250,3,Isolados,9,7,33810
11,255,0,Empiristas,9,8,36472
11,255,1,Incrementalistas,9,8,36473
11,255,2,Evolucionistas,9,8,30732
11,255,3,Isolados,9,7,36310
11,260,0,Empiristas,9,8,38972
11,260,1,Incrementalistas,9,8,38473
11,260,2,Evolucionistas,9,8,33232
11,260,3,Isolados,9,7,38810
11,265,0,Empiristas,9,8,41472
11,265,1,Incrementalistas,9,8,39723
11,265,2,Evolucionistas,9,8,35732
11,265,3,Isolados,9,7,41310
11,270,0,Empiristas,9,8,43972
11,270,1,Incrementalistas,9,8,40973
11,270,2,Evolucionistas,9,8,38232
11,270,3,Isolados,9,7,43810
11,275,0,Empiristas,9,8,46472
11,275,1,Incrementalistas,9,8,42223
11,275,2,Evolucionistas,9,8,40732
11,275,3,Isolados,9,7,46310
11,280,0,Empiristas,9,8,48972
11,280,1,Incrementalistas,9,8,43473
11,280,2,Evolucionistas,9,8,43232
11,280,3,Isolados,9,7,48810
11,285,0,Empiristas,9,8,51472
11,285,1,Incrementalistas,9,8,45473
11,285,2,Evolucionistas,9,8,45732
11,285,3,Isolados,9,7,51310
11,290,0,Empiristas,9,8,53972
11,290,1,Incrementalistas,9,8,47973
11,290,2,Evolucionistas,9,8,48232
11,290,3,Isolados,9,7,53810
11,295,0,Empiristas,9,8,56472
11,295,1,Incrementalistas,9,8,50473
11,295,2,Evolucionistas,9,8,50732
11,295,3,Isolados,9,7,56310
11,300,0,Empiristas,9,8,58972
11,300,1,Incrementalistas,9,8,52973
11,300,2,Evolucionistas,9,8,53232
11,300,3,Isolados,9,7,58810
12,0,0,Empiristas,-0.190703,1,5
12,0,1,Incrementalistas,-0.190703,1,5
12,0,2,Evolucionistas,-0.250461,1,5
12,0,3,Isolados,nan,0,5
12,5,0,Empiristas,-0.00728657,1,32
12,5,1,Incrementalistas,-0.0345718,1,33
12,5,2,Evolucionistas,-0.194269,1,31
12,5,3,Isolados,0.0839904,1,31
12,10,0,Empiristas,-0.00728657,1,62
12,10,1,Incrementalistas,-4.34294e-07,1,63
12,10,2,Evolucionistas,-4.34294e-07,1,61
12,10,3,Isolados,0.0839904,1,61
12,15,0,Empiristas,0.0895851,1,94
12,15,1,Incrementalistas,0.0895851,1,96
12,15,2,Evolucionistas,0.0936302,1,94
12,15,3,Isolados,0.116594,1,94
12,20,0,Empiristas,0.106458,1,129
12,20,1,Incrementalistas,0.100121,1,131
12,20,2,Evolucionistas,0.212096,1,130
12,20,3,Isolados,0.201394,1,129
12,25,0,Empiristas,0.212096,1,169
12,25,1,Incrementalistas,0.212096,1,170
12,25,2,Evolucionistas,0.212096,1,171
12,25,3,Isolados,0.238168,1,168
12,30,0,Empiristas,0.212096,1,212
12,30,1,Incrementalistas,0.375075,1,214
12,30,2,Evolucionistas,0.337843,1,214
12,30,3,Isolados,0.238168,1,213
12,35,0,Empiristas,0.375075,1,259
12,35,1,Incrementalistas,0.375075,1,263
12,35,2,Evolucionistas,0.375075,1,262
12,35,3,Isolados,0.238168,1,262
12,40,0,Empiristas,0.696292,1,312
12,40,1,Incrementalistas,0.449353,1,317
12,40,2,Evolucionistas,0.696292,1,314
12,40,3,Isolados,0.238168,1,316
12,45,0,Empiristas,0.696292,1,372
12,45,1,Incrementalistas,0.696292,1,376
12,45,2,Evolucionistas,0.696292,1,372
12,45,3,Isolados,0.247173,1,376
12,50,0,Empiristas,7.48328,2,436
12,50,1,Incrementalistas,0.696292,1,442
12,50,2,Evolucionistas,7.48328,4,436
12,50,3,Isolados,0.247173,1,442
12,55,0,Empiristas,8.30824,4,508
12,55,1,Incrementalistas,7.94351,3,513
12,55,2,Evolucionistas,8.30824,4,508
12,55,3,Isolados,0.345882,1,514
12,60,0,Empiristas,8.30824,4,586
12,60,1,Incrementalistas,8.30824,4,593
12,60,2,Evolucionistas,8.30824,4,588
12,60,3,Isolados,0.345882,1,593
12,65,0,Empiristas,8.30824,5,673
12,65,1,Incrementalistas,8.95946,4,680
12,65,2,Evolucionistas,8.95946,4,677
12,65,3,Isolados,0.349794,1,679
12,70,0,Empiristas,8.30824,5,771
12,70,1,Incrementalistas,8.95946,4,776
12,70,2,Evolucionistas,9,4,773
12,70,3,Isolados,0.350836,1,776
12,75,0,Empiristas,9,7,879
12,75,1,Incrementalistas,9,4,883
12,75,2,Evolucionistas,9,4,880
12,75,3,Isolados,6,2,884
12,80,0,Empiristas,9,7,995
12,80,1,Incrementalistas,9,5,1000
12,80,2,Evolucionistas,9,5,998
12,80,3,Isolados,7.0599,3,1001
12,85,0,Empiristas,9,8,1125
12,85,1,Incrementalistas,9,6,1130
12,85,2,Evolucionistas,9,6,1127
12,85,3,Isolados,7.75692,3,1131
12,90,0,Empiristas,9,8,1269
12,90,1,Incrementalistas,9,5,1245
12,90,2,Evolucionistas,9,6,1269
12,90,3,Isolados,9,5,1274
12,95,0,Empiristas,9,8,1424
12,95,1,Incrementalistas,9,6,1323
12,95,2,Evolucionistas,9,7,1428
12,95,3,Isolados,9,5,1432
12,100,0,Empiristas,9,8,1598
12,100,1,Incrementalistas,9,7,1411
12,100,2,Evolucionistas,9,8,1602
12,100,3,Isolados,9,5,1605
12,105,0,Empiristas,9,8,1790
12,105,1,Incrementalistas,9,7,1507
12,105,2,Evolucionistas,9,8,1794
12,105,3,Isolados,9,5,1798
12,110,0,Empiristas,9,8,2004
12,110,1,Incrementalistas,9,7,1614
12,110,2,Evolucionistas,9,8,2007
12,110,3,Isolados,9,5,2009
12,115,0,Empiristas,9,8,2238
12,115,1,Incrementalistas,9,7,1804
12,115,2,Evolucionistas,9,8,2242
12,115,3,Isolados,9,5,2244
12,120,0,Empiristas,9,3,2498
12,120,1,Incrementalistas,9,7,2062
12,120,2,Evolucionistas,9,8,2498
12,120,3,Isolados,9,7,2503
12,125,0,Empiristas,9,6,2642
12,125,1,Incrementalistas,9,7,2347
12,125,2,Evolucionistas,9,8,2785
12,125,3,Isolados,9,7,2789
12,130,0,Empiristas,9,6,2800
12,130,1,Incrementalistas,9,7,2597
12,130,2,Evolucionistas,9,8,3101
12,130,3,Isolados,9,7,3105
12,135,0,Empiristas,9,7,2973
12,135,1,Incrementalistas,9,7,2773
12,135,2,Evolucionistas,9,8,3449
12,135,3,Isolados,9,7,3453
12,140,0,Empiristas,9,7,3165
12,140,1,Incrementalistas,9,7,2965
12,140,2,Evolucionistas,9,8,3835
12,140,3,Isolados,9,7,3839
12,145,0,Empiristas,9,7,3422
12,145,1,Incrementalistas,9,7,3177
12,145,2,Evolucionistas,9,8,4260
12,145,3,Isolados,9,7,4263
12,150,0,Empiristas,9,7,3891
12,150,1,Incrementalistas,9,7,3411
12,150,2,Evolucionistas,9,8,4729
12,150,3,Isolados,9,7,4731
12,155,0,Empiristas,9,7,4409
12,155,1,Incrementalistas,9,7,3830
12,155,2,Evolucionistas,9,8,5245
12,155,3,Isolados,9,7,5248
12,160,0,Empiristas,9,7,4981
12,160,1,Incrementalistas,9,7,4402
12,160,2,Evolucionistas,9,8,5817
12,160,3,Isolados,9,7,5819
12,165,0,Empiristas,9,7,5612
12,165,1,Incrementalistas,9,7,5033
12,165,2,Evolucionistas,9,8,6447
12,165,3,Isolados,9,7,6451
12,170,0,Empiristas,9,8,6308
12,170,1,Incrementalistas,9,8,5729
12,170,2,Evolucionistas,9,8,7143
12,170,3,Isolados,9,7,7148
12,175,0,Empiristas,9,8,7078
12,175,1,Incrementalistas,9,8,6498
12,175,2,Evolucionistas,9,9,7912
12,175,3,Isolados,9,7,7918
12,180,0,Empiristas,9,8,7928
12,180,1,Incrementalistas,9,9,7345
12,180,2,Evolucionistas,9,9,8762
12,180,3,Isolados,9,7,8769
12,185,0,Empiristas,9,8,8867
12,185,1,Incrementalistas,9,9,8283
12,185,2,Evolucionistas,9,9,9699
12,185,3,Isolados,9,7,9706
12,190,0,Empiristas,9,8,9902
12,190,1,Incrementalistas,9,9,9319
12,190,2,Evolucionistas,9,9,10735
12,190,3,Isolados,9,7,10741
12,195,0,Empiristas,9,8,11045
12,195,1,Incrementalistas,9,9,10462
12,195,2,Evolucionistas,9,9,11878
12,195,3,Isolados,9,7,11883
12,200,0,Empiristas,9,8,12307
12,200,1,Incrementalistas,9,9,11725
12,200,2,Evolucionistas,9,9,13140
12,200,3,Isolados,9,7,13145
12,205,0,Empiristas,9,8,13700
12,205,1,Incrementalistas,9,10,13117
12,205,2,Evolucionistas,9,10,14532
12,205,3,Isolados,9,7,14537
12,210,0,Empiristas,9,8,15238
12,210,1,Incrementalistas,9,10,14655
12,210,2,Evolucionistas,9,10,16071
12,210,3,Isolados,9,7,16073
12,215,0,Empiristas,9,8,16935
12,215,1,Incrementalistas,9,10,16354
12,215,2,Evolucionistas,9,10,17769
12,215,3,Isolados,9,7,17770
12,220,0,Empiristas,9,8,18809
12,220,1,Incrementalistas,9,10,18230
12,220,2,Evolucionistas,9,10,19645
12,220,3,Isolados,9,7,19645
12,225,0,Empiristas,9,8,20879
12,225,1,Incrementalistas,9,10,20300
12,225,2,Evolucionistas,9,10,21716
12,225,3,Isolados,9,7,21716
12,230,0,Empiristas,9,8,23164
12,230,1,Incrementalistas,9,10,22586
12,230,2,Evolucionistas,9,10,24001
12,230,3,Isolados,9,7,24001
12,235,0,Empiristas,9,8,25644
12,235,1,Incrementalistas,9,10,25066
12,235,2,Evolucionistas,9,10,26480
12,235,3,Isolados,9,7,26480
12,240,0,Empiristas,9,8,28144
12,240,1,Incrementalistas,9,10,27566
12,240,2,Evolucionistas,9,10,28980
12,240,3,Isolados,9,7,28980
12,245,0,Empiristas,9,10,30644
12,245,1,Incrementalistas,9,10,30066
12,245,2,Evolucionistas,9,10,31480
12,245,3,Isolados,9,7,31480
12,250,0,Empiristas,9,10,33144
12,250,1,Incrementalistas,9,10,32566
12,250,2,Evolucionistas,9,10,33980
12,250,3,Isolados,9,7,33980
12,255,0,Empiristas,9,10,35644
12,255,1,Incrementalistas,9,10,35066
12,255,2,Evolucionistas,9,10,36480
12,255,3,Isolados,9,7,36480
12,260,0,Empiristas,9,10,38144
12,260,1,Incrementalistas,9,10,37566
12,260,2,Evolucionistas,9,10,38980
12,260,3,Isolados,9,7,38980
12,265,0,Empiristas,9,10,40644
12,265,1,Incrementalistas,9,10,40066
12,265,2,Evolucionistas,9,10,41480
12,265,3,Isolados,9,7,41480
12,270,0,Empiristas,9,10,43144
12,270,1,Incrementalistas,9,10,42566
12,270,2,Evolucionistas,9,10,43980
12,270,3,Isolados,9,7,43980
12,275,0,Empiristas,9,10,45644
12,275,1,Incrementalistas,9,10,45066
12,275,2,Evolucionistas,9,10,46480
12,275,3,Isolados,9,7,46480
12,280,0,Empiristas,9,10,48144
12,280,1,Incrementalistas,9,10,47566
12,280,2,Evolucionistas,9,10,48980
12,280,3,Isolados,9,7,48980
12,285,0,Empiristas,9,10,50644
12,285,1,Incrementalistas,9,10,50066
12,285,2,Evolucionistas,9,10,51480
12,285,3,Isolados,9,7,51480
12,290,0,Empiristas,9,10,53144
12,290,1,Incrementalistas,9,10,52566
12,290,2,Evolucionistas,9,10,53980
12,290,3,Isolados,9,7,53980
12,295,0,Empiristas,9,10,55644
12,295,1,Incrementalistas,9,10,55066
12,295,2,Evolucionistas,9,10,56480
12,295,3,Isolados,9,7,56480
12,300,0,Empiristas,9,10,58144
12,300,1,Incrementalistas,9,10,57566
12,300,2,Evolucionistas,9,10,58980
12,300,3,Isolados,9,7,58980
13,0,0,Empiristas,6,2,5
13,0,1,Incrementalistas,nan,0,5
13,0,2,Evolucionistas,0.0240223,1,5
13,0,3,Isolados,0.0936302,1,5
13,5,0,Empiristas,6,2,31
13,5,1,Incrementalistas,-4.34294e-07,1,32
13,5,2,Evolucionistas,0.141424,1,32
13,5,3,Isolados,0.0936302,1,30
13,10,0,Empiristas,6,2,61
13,10,1,Incrementalistas,0.141424,1,60
13,10,2,Evolucionistas,6,2,62
13,10,3,Isolados,7.35755,3,60
13,15,0,Empiristas,6,3,93
13,15,1,Incrementalistas,6,2,92
13,15,2,Evolucionistas,6,2,94
13,15,3,Isolados,7.40643,3,90
13,20,0,Empiristas,6,3,128
13,20,1,Incrementalistas,6,2,129
13,20,2,Evolucionistas,6,2,130
13,20,3,Isolados,7.40643,3,125
13,25,0,Empiristas,6,3,167
13,25,1,Incrementalistas,6,2,168
13,25,2,Evolucionistas,6,4,169
13,25,3,Isolados,8.77774,3,165
13,30,0,Empiristas,6,3,210
13,30,1,Incrementalistas,7.16367,3,212
13,30,2,Evolucionistas,7.16367,5,212
13,30,3,Isolados,8.77774,3,210
13,35,0,Empiristas,7.16367,4,258
13,35,1,Incrementalistas,7.16367,4,260
13,35,2,Evolucionistas,7.16367,5,262
13,35,3,Isolados,9,3,258
13,40,0,Empiristas,7.16367,4,311
13,40,1,Incrementalistas,7.16367,4,312
13,40,2,Evolucionistas,7.38487,5,315
13,40,3,Isolados,9,3,311
13,45,0,Empiristas,7.16367,4,370
13,45,1,Incrementalistas,7.38487,4,371
13,45,2,Evolucionistas,7.38487,5,373
13,45,3,Isolados,9,3,370
13,50,0,Empiristas,7.16367,4,433
13,50,1,Incrementalistas,7.50446,5,436
13,50,2,Evolucionistas,7.50446,5,437
13,50,3,Isolados,9,3,435
13,55,0,Empiristas,8.4,5,504
13,55,1,Incrementalistas,8.4,6,508
13,55,2,Evolucionistas,8.4,6,509
13,55,3,Isolados,9,5,506
13,60,0,Empiristas,8.4,6,584
13,60,1,Incrementalistas,8.4,6,587
13,60,2,Evolucionistas,8.4,6,588
13,60,3,Isolados,9,5,585
13,65,0,Empiristas,9,7,672
13,65,1,Incrementalistas,9,7,674
13,65,2,Evolucionistas,9,8,675
13,65,3,Isolados,9,5,672
13,70,0,Empiristas,9,8,768
13,70,1,Incrementalistas,9,8,769
13,70,2,Evolucionistas,9,8,772
13,70,3,Isolados,9,5,768
13,75,0,Empiristas,9,8,873
13,75,1,Incrementalistas,9,8,875
13,75,2,Evolucionistas,9,8,878
13,75,3,Isolados,9,5,874
13,80,0,Empiristas,9,8,989
13,80,1,Incrementalistas,9,8,992
13,80,2,Evolucionistas,9,8,995
13,80,3,Isolados,9,5,991
13,85,0,Empiristas,9,8,1118
13,85,1,Incrementalistas,9,8,1122
13,85,2,Evolucionistas,9,8,1124
13,85,3,Isolados,9,5,1120
13,90,0,Empiristas,9,8,1260
13,90,1,Incrementalistas,9,8,1266
13,90,2,Evolucionistas,9,8,1265
13,90,3,Isolados,9,5,1263
13,95,0,Empiristas,9,8,1418
13,95,1,Incrementalistas,9,8,1422
13,95,2,Evolucionistas,9,8,1425
13,95,3,Isolados,9,5,1421
13,100,0,Empiristas,9,8,1592
13,100,1,Incrementalistas,9,8,1595
13,100,2,Evolucionistas,9,8,1601
13,100,3,Isolados,9,5,1595
13,105,0,Empiristas,9,8,1784
13,105,1,Incrementalistas,9,8,1786
13,105,2,Evolucionistas,9,8,1793
13,105,3,Isolados,9,5,1787
13,110,0,Empiristas,9,8,1996
13,110,1,Incrementalistas,9,8,1999
13,110,2,Evolucionistas,9,8,2006
13,110,3,Isolados,9,6,2000
13,115,0,Empiristas,9,8,2232
13,115,1,Incrementalistas,9,8,2234
13,115,2,Evolucionistas,9,8,2240
13,115,3,Isolados,9,6,2235
13,120,0,Empiristas,9,8,2492
13,120,1,Incrementalistas,9,8,2493
13,120,2,Evolucionistas,9,8,2498
13,120,3,Isolados,9,7,2495
13,125,0,Empiristas,9,8,2777
13,125,1,Incrementalistas,9,8,2778
13,125,2,Evolucionistas,9,8,2784
13,125,3,Isolados,9,7,2780
13,130,0,Empiristas,9,8,3092
13,130,1,Incrementalistas,9,8,3093
13,130,2,Evolucionistas,9,8,3100
13,130,3,Isolados,9,7,3095
13,135,0,Empiristas,9,8,3441
13,135,1,Incrementalistas,9,8,3441
13,135,2,Evolucionistas,9,8,3448
13,135,3,Isolados,9,7,3444
13,140,0,Empiristas,9,8,3825
13,140,1,Incrementalistas,9,8,3825
13,140,2,Evolucionistas,9,8,3832
13,140,3,Isolados,9,7,3830
13,145,0,Empiristas,9,8,4250
13,145,1,Incrementalistas,9,8,4250
13,145,2,Evolucionistas,9,8,4257
13,145,3,Isolados,9,7,4254
13,150,0,Empiristas,9,8,4719
13,150,1,Incrementalistas,9,8,4719
13,150,2,Evolucionistas,9,8,4724
13,150,3,Isolados,9,7,4721
13,155,0,Empiristas,9,8,5236
13,155,1,Incrementalistas,9,8,5238
13,155,2,Evolucionistas,9,8,5241
13,155,3,Isolados,9,7,5239
13,160,0,Empiristas,9,8,5807
13,160,1,Incrementalistas,9,8,5810
13,160,2,Evolucionistas,9,8,5812
13,160,3,Isolados,9,7,5811
13,165,0,Empiristas,9,8,6437
13,165,1,Incrementalistas,9,8,6441
13,165,2,Evolucionistas,9,8,6442
13,165,3,Isolados,9,7,6442
13,170,0,Empiristas,9,8,7133
13,170,1,Incrementalistas,9,8,7138
13,170,2,Evolucionistas,9,8,7138
13,170,3,Isolados,9,7,7138
13,175,0,Empiristas,9,8,7903
13,175,1,Incrementalistas,9,8,7908
13,175,2,Evolucionistas,9,8,7908
13,175,3,Isolados,9,7,7908
13,180,0,Empiristas,9,8,8751
13,180,1,Incrementalistas,9,8,8755
13,180,2,Evolucionistas,9,8,8757
13,180,3,Isolados,9,7,8757
13,185,0,Empiristas,9,8,9689
13,185,1,Incrementalistas,9,8,9693
13,185,2,Evolucionistas,9,8,9696
13,185,3,Isolados,9,7,9696
13,190,0,Empiristas,9,8,10725
13,190,1,Incrementalistas,9,8,10729
13,190,2,Evolucionistas,9,8,10730
13,190,3,Isolados,9,7,10731
13,195,0,Empiristas,9,8,11869
13,195,1,Incrementalistas,9,8,11873
13,195,2,Evolucionistas,9,8,11873
13,195,3,Isolados,9,3,11873
13,200,0,Empiristas,9,8,13130
13,200,1,Incrementalistas,9,8,13135
13,200,2,Evolucionistas,9,8,13135
13,200,3,Isolados,9,6,12503
13,205,0,Empiristas,9,8,14523
13,205,1,Incrementalistas,9,8,14528
13,205,2,Evolucionistas,9,8,14528
13,205,3,Isolados,9,6,13200
13,210,0,Empiristas,9,8,16060
13,210,1,Incrementalistas,9,8,16066
13,210,2,Evolucionistas,9,8,16067
13,210,3,Isolados,9,7,13970
13,215,0,Empiristas,9,8,17758
13,215,1,Incrementalistas,9,8,17764
13,215,2,Evolucionistas,9,8,17766
13,215,3,Isolados,9,7,14821
13,220,0,Empiristas,9,8,19633
13,220,1,Incrementalistas,9,8,19640
13,220,2,Evolucionistas,9,8,19641
13,220,3,Isolados,9,7,15954
13,225,0,Empiristas,9,8,21702
13,225,1,Incrementalistas,9,8,21711
13,225,2,Evolucionistas,9,8,21710
13,225,3,Isolados,9,7,18024
13,230,0,Empiristas,9,8,23987
13,230,1,Incrementalistas,9,8,23996
13,230,2,Evolucionistas,9,8,23996
13,230,3,Isolados,9,7,20310
13,235,0,Empiristas,9,8,26466
13,235,1,Incrementalistas,9,8,26476
13,235,2,Evolucionistas,9,8,26476
13,235,3,Isolados,9,7,22790
13,240,0,Empiristas,9,8,28966
13,240,1,Incrementalistas,9,8,28976
13,240,2,Evolucionistas,9,8,28976
13,240,3,Isolados,9,8,25290
13,245,0,Empiristas,9,8,31466
13,245,1,Incrementalistas,9,8,31476
13,245,2,Evolucionistas,9,8,31476
13,245,3,Isolados,9,8,27790
13,250,0,Empiristas,9,8,33966
13,250,1,Incrementalistas,9,8,33976
13,250,2,Evolucionistas,9,8,33976
13,250,3,Isolados,9,8,30290
13,255,0,Empiristas,9,8,36466
13,255,1,Incrementalistas,9,8,36476
13,255,2,Evolucionistas,9,8,36476
13,255,3,Isolados,9,8,32790
13,260,0,Empiristas,9,8,38966
13,260,1,Incrementalistas,9,8,38976
13,260,2,Evolucionistas,9,8,38976
13,260,3,Isolados,9,8,35290
13,265,0,Empiristas,9,8,41466
13,265,1,Incrementalistas,9,8,41476
13,265,2,Evolucionistas,9,8,41476
13,265,3,Isolados,9,8,37790
13,270,0,Empiristas,9,8,43966
13,270,1,Incrementalistas,9,8,43976
13,270,2,Evolucionistas,9,8,43976
13,270,3,Isolados,9,8,40290
13,275,0,Empiristas,9,8,46466
13,275,1,Incrementalistas,9,8,46476
13,275,2,Evolucionistas,9,8,46476
13,275,3,Isolados,9,8,42790
13,280,0,Empiristas,9,8,48966
13,280,1,Incrementalistas,9,8,48976
13,280,2,Evolucionistas,9,8,48976
13,280,3,Isolados,9,8,45290
13,285,0,Empiristas,9,8,51466
13,285,1,Incrementalistas,9,8,51476
13,285,2,Evolucionistas,9,8,51476
13,285,3,Isolados,9,8,47790
13,290,0,Empiristas,9,8,53966
13,290,1,Incrementalistas,9,8,53976
13,290,2,Evolucionistas,9,8,53976
13,290,3,Isolados,9,8,50290
13,295,0,Empiristas,9,8,56466
13,295,1,Incrementalistas,9,8,56476
13,295,2,Evolucionistas,9,8,56476
13,295,3,Isolados,9,8,52790
13,300,0,Empiristas,9,8,58966
13,300,1,Incrementalistas,9,8,58976
13,300,2,Evolucionistas,9,8,58976
13,300,3,Isolados,9,5,55290
14,0,0,Empiristas,nan,0,5
14,0,1,Incrementalistas,nan,0,5
14,0,2,Evolucionistas,-0.30103,1,5
14,0,3,Isolados,-0.90309,1,5
14,5,0,Empiristas,0.126879,1,32
14,5,1,Incrementalistas,-0.166437,1,32
14,5,2,Evolucionistas,0.126879,1,30
14,5,3,Isolados,-0.30103,1,31
14,10,0,Empiristas,6,1,62
14,10,1,Incrementalistas,6.62488,3,61
14,10,2,Evolucionistas,6.62488,3,59
14,10,3,Isolados,0.231458,1,59
14,15,0,Empiristas,6.62488,3,78
14,15,1,Incrementalistas,6.62488,3,93
14,15,2,Evolucionistas,7.60976,3,90
14,15,3,Isolados,0.442104,1,93
14,20,0,Empiristas,6.62488,3,96
14,20,1,Incrementalistas,6.62488,3,129
14,20,2,Evolucionistas,7.60976,3,125
14,20,3,Isolados,0.464105,1,129
14,25,0,Empiristas,7.60976,3,115
14,25,1,Incrementalistas,6.99771,3,169
14,25,2,Evolucionistas,7.60976,3,163
14,25,3,Isolados,0.464105,1,168
14,30,0,Empiristas,7.60976,3,137
14,30,1,Incrementalistas,6.99771,3,212
14,30,2,Evolucionistas,7.60976,3,205
14,30,3,Isolados,0.464105,1,211
14,35,0,Empiristas,7.60976,3,166
14,35,1,Incrementalistas,7.60976,3,260
14,35,2,Evolucionistas,7.60976,3,252
14,35,3,Isolados,0.525145,1,259
14,40,0,Empiristas,8.60381,3,219
14,40,1,Incrementalistas,8.60381,3,312
14,40,2,Evolucionistas,9,3,305
14,40,3,Isolados,0.537327,1,311
14,45,0,Empiristas,9,3,277
14,45,1,Incrementalistas,9,3,372
14,45,2,Evolucionistas,9,3,363
14,45,3,Isolados,0.537327,1,370
14,50,0,Empiristas,9,3,343
14,50,1,Incrementalistas,9,3,438
14,50,2,Evolucionistas,9,3,427
14,50,3,Isolados,6.2939,2,434
14,55,0,Empiristas,9,3,414
14,55,1,Incrementalistas,9,3,509
14,55,2,Evolucionistas,9,3,500
14,55,3,Isolados,6.2939,2,507
14,60,0,Empiristas,9,3,494
14,60,1,Incrementalistas,9,3,589
14,60,2,Evolucionistas,9,3,579
14,60,3,Isolados,6.48197,3,585
14,65,0,Empiristas,9,3,580
14,65,1,Incrementalistas,9,3,676
14,65,2,Evolucionistas,9,3,665
14,65,3,Isolados,7.05115,6,673
14,70,0,Empiristas,9,3,677
14,70,1,Incrementalistas,9,3,771
14,70,2,Evolucionistas,9,3,760
14,70,3,Isolados,7.68375,6,769
14,75,0,Empiristas,9,3,783
14,75,1,Incrementalistas,9,3,855
14,75,2,Evolucionistas,9,3,867
14,75,3,Isolados,8.68948,6,874
14,80,0,Empiristas,9,3,901
14,80,1,Incrementalistas,9,3,913
14,80,2,Evolucionistas,9,3,986
14,80,3,Isolados,8.68948,7,990
14,85,0,Empiristas,9,3,1030
14,85,1,Incrementalistas,9,3,977
14,85,2,Evolucionistas,9,3,1115
14,85,3,Isolados,9,7,1121
14,90,0,Empiristas,9,3,1175
14,90,1,Incrementalistas,9,3,1048
14,90,2,Evolucionistas,9,3,1259
14,90,3,Isolados,9,7,1263
14,95,0,Empiristas,9,3,1334
14,95,1,Incrementalistas,9,3,1126
14,95,2,Evolucionistas,9,3,1417
14,95,3,Isolados,9,7,1420
14,100,0,Empiristas,9,3,1508
14,100,1,Incrementalistas,9,3,1267
14,100,2,Evolucionistas,9,3,1592
14,100,3,Isolados,9,7,1593
14,105,0,Empiristas,9,3,1700
14,105,1,Incrementalistas,9,3,1459
14,105,2,Evolucionistas,9,3,1784
14,105,3,Isolados,9,7,1786
14,110,0,Empiristas,9,3,1911
14,110,1,Incrementalistas,9,3,1671
14,110,2,Evolucionistas,9,3,1996
14,110,3,Isolados,9,7,1999
14,115,0,Empiristas,9,3,2144
14,115,1,Incrementalistas,9,3,1905
14,115,2,Evolucionistas,9,3,2230
14,115,3,Isolados,9,7,2233
14,120,0,Empiristas,9,4,2403
14,120,1,Incrementalistas,9,3,2163
14,120,2,Evolucionistas,9,3,2490
14,120,3,Isolados,9,7,2492
14,125,0,Empiristas,9,4,2689
14,125,1,Incrementalistas,9,3,2450
14,125,2,Evolucionistas,9,4,2776
14,125,3,Isolados,9,7,2777
14,130,0,Empiristas,9,5,3003
14,130,1,Incrementalistas,9,3,2765
14,130,2,Evolucionistas,9,5,3092
14,130,3,Isolados,9,7,3092
14,135,0,Empiristas,9,5,3352
14,135,1,Incrementalistas,9,5,3114
14,135,2,Evolucionistas,9,5,3441
14,135,3,Isolados,9,7,3440
14,140,0,Empiristas,9,6,3737
14,140,1,Incrementalistas,9,6,3498
14,140,2,Evolucionistas,9,5,3824
14,140,3,Isolados,9,7,3823
14,145,0,Empiristas,9,6,4161
14,145,1,Incrementalistas,9,7,3925
14,145,2,Evolucionistas,9,5,4249
14,145,3,Isolados,9,7,4248
14,150,0,Empiristas,9,7,4630
14,150,1,Incrementalistas,9,7,4393
14,150,2,Evolucionistas,9,5,4716
14,150,3,Isolados,9,7,4717
14,155,0,Empiristas,9,8,5147
14,155,1,Incrementalistas,9,7,4912
14,155,2,Evolucionistas,9,7,5233
14,155,3,Isolados,9,7,5235
14,160,0,Empiristas,9,8,5718
14,160,1,Incrementalistas,9,8,5483
14,160,2,Evolucionistas,9,8,5805
14,160,3,Isolados,9,7,5806
14,165,0,Empiristas,9,8,6349
14,165,1,Incrementalistas,9,8,6114
14,165,2,Evolucionistas,9,8,6437
14,165,3,Isolados,9,7,6437
14,170,0,Empiristas,9,8,7045
14,170,1,Incrementalistas,9,8,6811
14,170,2,Evolucionistas,9,8,7135
14,170,3,Isolados,9,7,7134
14,175,0,Empiristas,9,8,7812
14,175,1,Incrementalistas,9,8,7580
14,175,2,Evolucionistas,9,8,7904
14,175,3,Isolados,9,7,7904
14,180,0,Empiristas,9,8,8662
14,180,1,Incrementalistas,9,8,8431
14,180,2,Evolucionistas,9,8,8752
14,180,3,Isolados,9,7,8752
14,185,0,Empiristas,9,8,9599
14,185,1,Incrementalistas,9,7,9080
14,185,2,Evolucionistas,9,8,9690
14,185,3,Isolados,9,7,9690
14,190,0,Empiristas,9,8,10633
14,190,1,Incrementalistas,9,8,9599
14,190,2,Evolucionistas,9,8,10725
14,190,3,Isolados,9,7,10726
14,195,0,Empiristas,9,8,11776
14,195,1,Incrementalistas,9,8,10170
14,195,2,Evolucionistas,9,8,11867
14,195,3,Isolados,9,7,11869
14,200,0,Empiristas,9,8,13037
14,200,1,Incrementalistas,9,7,10801
14,200,2,Evolucionistas,9,8,13128
14,200,3,Isolados,9,7,13129
14,205,0,Empiristas,9,8,14430
14,205,1,Incrementalistas,9,7,11498
14,205,2,Evolucionistas,9,8,14521
14,205,3,Isolados,9,7,14522
14,210,0,Empiristas,9,8,15966
14,210,1,Incrementalistas,9,7,12268
14,210,2,Evolucionistas,9,8,16059
14,210,3,Isolados,9,7,16059
14,215,0,Empiristas,9,8,17665
14,215,1,Incrementalistas,9,7,13117
14,215,2,Evolucionistas,9,8,17757
14,215,3,Isolados,9,7,17756
14,220,0,Empiristas,9,8,19541
14,220,1,Incrementalistas,9,7,14055
14,220,2,Evolucionistas,9,8,19632
14,220,3,Isolados,9,7,19630
14,225,0,Empiristas,9,8,21611
14,225,1,Incrementalistas,9,7,15723
14,225,2,Evolucionistas,9,8,21701
14,225,3,Isolados,9,7,21698
14,230,0,Empiristas,9,8,23897
14,230,1,Incrementalistas,9,8,18009
14,230,2,Evolucionistas,9,8,23987
14,230,3,Isolados,9,7,23983
14,235,0,Empiristas,9,8,26375
14,235,1,Incrementalistas,9,8,20488
14,235,2,Evolucionistas,9,8,26466
14,235,3,Isolados,9,7,26463
14,240,0,Empiristas,9,8,28875
14,240,1,Incrementalistas,9,8,22988
14,240,2,Evolucionistas,9,8,28966
14,240,3,Isolados,9,7,28963
14,245,0,Empiristas,9,8,31375
14,245,1,Incrementalistas,9,8,25488
14,245,2,Evolucionistas,9,8,31466
14,245,3,Isolados,9,7,31463
14,250,0,Empiristas,9,8,33875
14,250,1,Incrementalistas,9,8,27988
14,250,2,Evolucionistas,9,8,33966
14,250,3,Isolados,9,7,33963
14,255,0,Empiristas,9,8,36375
14,255,1,Incrementalistas,9,8,30488
14,255,2,Evolucionistas,9,8,36466
14,255,3,Isolados,9,7,36463
14,260,0,Empiristas,9,8,38875
14,260,1,Incrementalistas,9,8,32988
14,260,2,Evolucionistas,9,8,38966
14,260,3,Isolados,9,7,38963
14,265,0,Empiristas,9,8,41375
14,265,1,Incrementalistas,9,8,35488
14,265,2,Evolucionistas,9,8,41466
14,265,3,Isolados,9,7,41463
14,270,0,Empiristas,9,8,43875
14,270,1,Incrementalistas,9,8,37988
14,270,2,Evolucionistas,9,8,43966
14,270,3,Isolados,9,7,43963
14,275,0,Empiristas,9,8,46375
14,275,1,Incrementalistas,9,8,40488
14,275,2,Evolucionistas,9,8,46466
14,275,3,Isolados,9,7,46463
14,280,0,Empiristas,9,8,48875
14,280,1,Incrementalistas,9,8,42988
14,280,2,Evolucionistas,9,8,48966
14,280,3,Isolados,9,7,48963
14,285,0,Empiristas,9,8,51375
14,285,1,Incrementalistas,9,8,45488
14,285,2,Evolucionistas,9,8,51466
14,285,3,Isolados,9,7,51463
14,290,0,Empiristas,9,8,53875
14,290,1,Incrementalistas,9,8,47988
14,290,2,Evolucionistas,9,8,53966
14,290,3,Isolados,9,7,53963
14,295,0,Empiristas,9,8,56375
14,295,1,Incrementalistas,9,8,50488
14,295,2,Evolucionistas,9,8,56466
14,295,3,Isolados,9,7,56463
14,300,0,Empiristas,9,8,58875
14,300,1,Incrementalistas,9,8,52988
14,300,2,Evolucionistas,9,8,58966
14,300,3,Isolados,9,7,58963
15,0,0,Empiristas,nan,0,5
15,0,1,Incrementalistas,-0.117956,1,5
15,0,2,Evolucionistas,nan,0,5
15,0,3,Isolados,nan,0,5
15,5,0,Empiristas,0.276284,1,22
15,5,1,Incrementalistas,-0.0632323,1,30
15,5,2,Evolucionistas,-0.0632323,1,32
15,5,3,Isolados,-0.134613,1,33
15,10,0,Empiristas,0.276284,1,37
15,10,1,Incrementalistas,0.0505686,1,59
15,10,2,Evolucionistas,0.276284,1,61
15,10,3,Isolados,0.0625886,1,64
15,15,0,Empiristas,0.276284,1,53
15,15,1,Incrementalistas,0.276284,1,91
15,15,2,Evolucionistas,0.276284,1,94
15,15,3,Isolados,0.228674,1,97
15,20,0,Empiristas,0.305687,1,71
15,20,1,Incrementalistas,0.329591,1,127
15,20,2,Evolucionistas,0.329591,1,129
15,20,3,Isolados,0.228674,1,133
15,25,0,Empiristas,0.349478,1,91
15,25,1,Incrementalistas,0.329591,1,166
15,25,2,Evolucionistas,0.329591,1,169
15,25,3,Isolados,0.228674,1,174
15,30,0,Empiristas,0.40119,1,115
15,30,1,Incrementalistas,0.40119,1,210
15,30,2,Evolucionistas,0.40119,1,214
15,30,3,Isolados,0.228674,1,217
15,35,0,Empiristas,0.566182,1,140
15,35,1,Incrementalistas,0.566182,1,260
15,35,2,Evolucionistas,0.528214,1,261
15,35,3,Isolados,0.228674,1,265
15,40,0,Empiristas,0.815756,1,167
15,40,1,Incrementalistas,0.566182,1,314
15,40,2,Evolucionistas,0.815756,1,313
15,40,3,Isolados,0.919853,1,319
15,45,0,Empiristas,0.815756,1,196
15,45,1,Incrementalistas,0.815756,1,373
15,45,2,Evolucionistas,1.01871,1,371
15,45,3,Isolados,0.919853,1,379
15,50,0,Empiristas,6,2,247
15,50,1,Incrementalistas,0.815756,1,439
15,50,2,Evolucionistas,6,2,437
15,50,3,Isolados,0.919853,1,444
15,55,0,Empiristas,6,2,319
15,55,1,Incrementalistas,7.50366,3,510
15,55,2,Evolucionistas,6.68724,3,509
15,55,3,Isolados,6.54667,3,516
15,60,0,Empiristas,6,2,399
15,60,1,Incrementalistas,7.50366,3,589
15,60,2,Evolucionistas,7.52787,3,589
15,60,3,Isolados,6.87468,3,595
15,65,0,Empiristas,7.52787,3,485
15,65,1,Incrementalistas,7.52787,3,675
15,65,2,Evolucionistas,7.52787,3,677
15,65,3,Isolados,6.87468,3,681
15,70,0,Empiristas,7.52787,3,579
15,70,1,Incrementalistas,8.54062,4,771
15,70,2,Evolucionistas,8.54062,5,773
15,70,3,Isolados,8.6778,3,779
15,75,0,Empiristas,9,4,685
15,75,1,Incrementalistas,9,5,879
15,75,2,Evolucionistas,9,5,879
15,75,3,Isolados,8.6778,3,885
15,80,0,Empiristas,9,4,801
15,80,1,Incrementalistas,9,7,995
15,80,2,Evolucionistas,9,6,997
15,80,3,Isolados,8.6778,3,1003
15,85,0,Empiristas,9,6,931
15,85,1,Incrementalistas,9,7,1124
15,85,2,Evolucionistas,9,7,1123
15,85,3,Isolados,8.73921,3,1132
15,90,0,Empiristas,9,7,1073
15,90,1,Incrementalistas,9,7,1267
15,90,2,Evolucionistas,9,7,1268
15,90,3,Isolados,9,3,1276
15,95,0,Empiristas,9,7,1231
15,95,1,Incrementalistas,9,7,1424
15,95,2,Evolucionistas,9,7,1424
15,95,3,Isolados,9,3,1417
15,100,0,Empiristas,9,7,1405
15,100,1,Incrementalistas,9,7,1597
15,100,2,Evolucionistas,9,7,1598
15,100,3,Isolados,9,3,1503
15,105,0,Empiristas,9,7,1597
15,105,1,Incrementalistas,9,7,1789
15,105,2,Evolucionistas,9,7,1789
15,105,3,Isolados,9,3,1599
15,110,0,Empiristas,9,7,1809
15,110,1,Incrementalistas,9,7,2000
15,110,2,Evolucionistas,9,7,2000
15,110,3,Isolados,9,3,1704
15,115,0,Empiristas,9,7,2043
15,115,1,Incrementalistas,9,7,2234
15,115,2,Evolucionistas,9,7,2233
15,115,3,Isolados,9,3,1820
15,120,0,Empiristas,9,7,2301
15,120,1,Incrementalistas,9,7,2493
15,120,2,Evolucionistas,9,7,2491
15,120,3,Isolados,9,3,2003
15,125,0,Empiristas,9,7,2587
15,125,1,Incrementalistas,9,7,2779
15,125,2,Evolucionistas,9,7,2775
15,125,3,Isolados,9,3,2289
15,130,0,Empiristas,9,7,2902
15,130,1,Incrementalistas,9,7,3094
15,130,2,Evolucionistas,9,7,3090
15,130,3,Isolados,9,6,2605
15,135,0,Empiristas,9,7,3251
15,135,1,Incrementalistas,9,7,3443
15,135,2,Evolucionistas,9,7,3439
15,135,3,Isolados,9,7,2954
15,140,0,Empiristas,9,7,3636
15,140,1,Incrementalistas,9,7,3828
15,140,2,Evolucionistas,9,7,3822
15,140,3,Isolados,9,7,3338
15,145,0,Empiristas,9,7,4061
15,145,1,Incrementalistas,9,7,4254
15,145,2,Evolucionistas,9,7,4248
15,145,3,Isolados,9,7,3762
15,150,0,Empiristas,9,7,4530
15,150,1,Incrementalistas,9,7,4722
15,150,2,Evolucionistas,9,7,4717
15,150,3,Isolados,9,7,4229
15,155,0,Empiristas,9,7,5048
15,155,1,Incrementalistas,9,7,5240
15,155,2,Evolucionistas,9,7,5236
15,155,3,Isolados,9,7,4746
15,160,0,Empiristas,9,7,5619
15,160,1,Incrementalistas,9,7,5811
15,160,2,Evolucionistas,9,7,5807
15,160,3,Isolados,9,7,5318
15,165,0,Empiristas,9,7,6249
15,165,1,Incrementalistas,9,7,6442
15,165,2,Evolucionistas,9,7,6439
15,165,3,Isolados,9,7,5949
15,170,0,Empiristas,9,7,6945
15,170,1,Incrementalistas,9,7,7140
15,170,2,Evolucionistas,9,7,7135
15,170,3,Isolados,9,7,6646
15,175,0,Empiristas,9,7,7714
15,175,1,Incrementalistas,9,7,7909
15,175,2,Evolucionistas,9,7,7905
15,175,3,Isolados,9,7,7416
15,180,0,Empiristas,9,8,8563
15,180,1,Incrementalistas,9,7,8758
15,180,2,Evolucionistas,9,7,8755
15,180,3,Isolados,9,7,8264
15,185,0,Empiristas,9,8,9499
15,185,1,Incrementalistas,9,7,9696
15,185,2,Evolucionistas,9,5,9596
15,185,3,Isolados,9,7,9201
15,190,0,Empiristas,9,8,10534
15,190,1,Incrementalistas,9,7,10729
15,190,2,Evolucionistas,9,6,10113
15,190,3,Isolados,9,7,10236
15,195,0,Empiristas,9,8,11676
15,195,1,Incrementalistas,9,7,11871
15,195,2,Evolucionistas,9,7,10684
15,195,3,Isolados,9,7,11377
15,200,0,Empiristas,9,8,12937
15,200,1,Incrementalistas,9,7,13132
15,200,2,Evolucionistas,9,7,11314
15,200,3,Isolados,9,7,12637
15,205,0,Empiristas,9,8,14331
15,205,1,Incrementalistas,9,8,14525
15,205,2,Evolucionistas,9,7,12010
15,205,3,Isolados,9,7,14031
15,210,0,Empiristas,9,8,15867
15,210,1,Incrementalistas,9,8,16063
15,210,2,Evolucionistas,9,7,13095
15,210,3,Isolados,9,7,15569
15,215,0,Empiristas,9,8,17566
15,215,1,Incrementalistas,9,8,17763
15,215,2,Evolucionistas,9,7,14793
15,215,3,Isolados,9,7,17267
15,220,0,Empiristas,9,8,19441
15,220,1,Incrementalistas,9,8,19638
15,220,2,Evolucionistas,9,8,16669
15,220,3,Isolados,9,7,19141
15,225,0,Empiristas,9,8,21509
15,225,1,Incrementalistas,9,8,21707
15,225,2,Evolucionistas,9,8,18741
15,225,3,Isolados,9,7,21212
15,230,0,Empiristas,9,8,23794
15,230,1,Incrementalistas,9,8,23993
15,230,2,Evolucionistas,9,8,21026
15,230,3,Isolados,9,7,23495
15,235,0,Empiristas,9,8,26273
15,235,1,Incrementalistas,9,8,26472
15,235,2,Evolucionistas,9,8,23506
15,235,3,Isolados,9,7,25974
15,240,0,Empiristas,9,8,28773
15,240,1,Incrementalistas,9,8,28972
15,240,2,Evolucionistas,9,8,26006
15,240,3,Isolados,9,7,28474
15,245,0,Empiristas,9,8,31273
15,245,1,Incrementalistas,9,8,31472
15,245,2,Evolucionistas,9,8,28506
15,245,3,Isolados,9,8,30974
15,250,0,Empiristas,9,8,33773
15,250,1,Incrementalistas,9,8,33972
15,250,2,Evolucionistas,9,8,31006
15,250,3,Isolados,9,8,33474
15,255,0,Empiristas,9,8,36273
15,255,1,Incrementalistas,9,8,36472
15,255,2,Evolucionistas,9,8,33506
15,255,3,Isolados,9,9,35974
15,260,0,Empiristas,9,8,38773
15,260,1,Incrementalistas,9,8,38972
15,260,2,Evolucionistas,9,8,36006
15,260,3,Isolados,9,9,38474
15,265,0,Empiristas,9,8,41273
15,265,1,Incrementalistas,9,8,41472
15,265,2,Evolucionistas,9,8,38506
15,265,3,Isolados,9,9,40974
15,270,0,Empiristas,9,8,43773
15,270,1,Incrementalistas,9,8,43972
15,270,2,Evolucionistas,9,8,41006
15,270,3,Isolados,9,9,43474
15,275,0,Empiristas,9,8,46273
15,275,1,Incrementalistas,9,8,46472
15,275,2,Evolucionistas,9,8,43506
15,275,3,Isolados,9,9,45974
15,280,0,Empiristas,9,8,48773
15,280,1,Incrementalistas,9,8,48972
15,280,2,Evolucionistas,9,8,46006
15,280,3,Isolados,9,9,48474
15,285,0,Empiristas,9,8,51273
15,285,1,Incrementalistas,9,8,51472
15,285,2,Evolucionistas,9,8,48506
15,285,3,Isolados,9,9,50974
15,290,0,Empiristas,9,8,53773
15,290,1,Incrementalistas,9,8,53972
15,290,2,Evolucionistas,9,8,51006
15,290,3,Isolados,9,9,53474
15,295,0,Empiristas,9,8,56273
15,295,1,Incrementalistas,9,8,56472
15,295,2,Evolucionistas,9,8,53506
15,295,3,Isolados,9,9,55974
15,300,0,Empiristas,9,8,58023
15,300,1,Incrementalistas,9,8,58972
15,300,2,Evolucionistas,9,8,56006
15,300,3,Isolados,9,9,58474
16,0,0,Empiristas,-0.129463,1,5
16,0,1,Incrementalistas,-0.90309,1,5
16,0,2,Evolucionistas,-0.30103,1,5
16,0,3,Isolados,-0.448396,1,5
16,5,0,Empiristas,0.358082,1,31
16,5,1,Incrementalistas,-0.90309,1,30
16,5,2,Evolucionistas,0.0514702,1,31
16,5,3,Isolados,-0.0819607,1,33
16,10,0,Empiristas,0.358082,1,59
16,10,1,Incrementalistas,0.358082,1,58
16,10,2,Evolucionistas,0.358082,1,61
16,10,3,Isolados,-0.0175207,1,61
16,15,0,Empiristas,0.380974,1,92
16,15,1,Incrementalistas,0.380974,1,91
16,15,2,Evolucionistas,0.358082,1,94
16,15,3,Isolados,-0.0175207,1,94
16,20,0,Empiristas,0.380974,1,128
16,20,1,Incrementalistas,0.380974,1,128
16,20,2,Evolucionistas,0.380974,1,129
16,20,3,Isolados,-0.0175207,1,132
16,25,0,Empiristas,0.380974,1,169
16,25,1,Incrementalistas,0.380974,1,167
16,25,2,Evolucionistas,0.396358,1,169
16,25,3,Isolados,0.0178473,1,171
16,30,0,Empiristas,0.380974,1,212
16,30,1,Incrementalistas,0.551783,1,210
16,30,2,Evolucionistas,0.396358,1,212
16,30,3,Isolados,0.0415255,1,215
16,35,0,Empiristas,0.551783,1,260
16,35,1,Incrementalistas,0.551783,1,258
16,35,2,Evolucionistas,0.551783,1,260
16,35,3,Isolados,0.0415255,1,262
16,40,0,Empiristas,0.551783,1,313
16,40,1,Incrementalistas,0.551783,1,310
16,40,2,Evolucionistas,7.74879,2,313
16,40,3,Isolados,0.0415255,1,316
16,45,0,Empiristas,0.551783,1,372
16,45,1,Incrementalistas,0.551783,1,367
16,45,2,Evolucionistas,7.74879,3,371
16,45,3,Isolados,0.0415255,1,374
16,50,0,Empiristas,0.551783,1,436
16,50,1,Incrementalistas,0.551783,1,431
16,50,2,Evolucionistas,7.74879,3,437
16,50,3,Isolados,6.59129,2,439
16,55,0,Empiristas,0.638771,1,507
16,55,1,Incrementalistas,0.551783,1,503
16,55,2,Evolucionistas,9,3,509
16,55,3,Isolados,6.59129,3,511
16,60,0,Empiristas,9,3,585
16,60,1,Incrementalistas,9,2,581
16,60,2,Evolucionistas,9,3,589
16,60,3,Isolados,6.39546,2,566
16,65,0,Empiristas,9,4,672
16,65,1,Incrementalistas,9,3,669
16,65,2,Evolucionistas,9,3,675
16,65,3,Isolados,6.39546,2,610
16,70,0,Empiristas,9,4,767
16,70,1,Incrementalistas,9,3,766
16,70,2,Evolucionistas,9,3,771
16,70,3,Isolados,7.23821,3,657
16,75,0,Empiristas,9,6,872
16,75,1,Incrementalistas,9,3,872
16,75,2,Evolucionistas,9,4,876
16,75,3,Isolados,7.36154,3,712
16,80,0,Empiristas,9,6,988
16,80,1,Incrementalistas,9,3,989
16,80,2,Evolucionistas,9,4,994
16,80,3,Isolados,7.42833,3,769
16,85,0,Empiristas,9,7,1118
16,85,1,Incrementalistas,9,3,1119
16,85,2,Evolucionistas,9,5,1123
16,85,3,Isolados,7.79251,3,874
16,90,0,Empiristas,9,7,1261
16,90,1,Incrementalistas,9,6,1262
16,90,2,Evolucionistas,9,5,1265
16,90,3,Isolados,7.79251,3,1017
16,95,0,Empiristas,9,7,1419
16,95,1,Incrementalistas,9,7,1419
16,95,2,Evolucionistas,9,7,1422
16,95,3,Isolados,8.40582,3,1174
16,100,0,Empiristas,9,7,1593
16,100,1,Incrementalistas,9,7,1593
16,100,2,Evolucionistas,9,7,1596
16,100,3,Isolados,8.91856,3,1349
16,105,0,Empiristas,9,7,1785
16,105,1,Incrementalistas,9,7,1784
16,105,2,Evolucionistas,9,7,1789
16,105,3,Isolados,9,3,1542
16,110,0,Empiristas,9,7,1995
16,110,1,Incrementalistas,9,7,1996
16,110,2,Evolucionistas,9,7,2003
16,110,3,Isolados,9,3,1755
16,115,0,Empiristas,9,5,2206
16,115,1,Incrementalistas,9,7,2229
16,115,2,Evolucionistas,9,7,2237
16,115,3,Isolados,9,3,1989
16,120,0,Empiristas,9,6,2335
16,120,1,Incrementalistas,9,7,2488
16,120,2,Evolucionistas,9,7,2495
16,120,3,Isolados,9,3,2248
16,125,0,Empiristas,9,6,2478
16,125,1,Incrementalistas,9,7,2773
16,125,2,Evolucionistas,9,7,2780
16,125,3,Isolados,9,3,2534
16,130,0,Empiristas,9,6,2637
16,130,1,Incrementalistas,9,7,3087
16,130,2,Evolucionistas,9,7,3096
16,130,3,Isolados,9,6,2852
16,135,0,Empiristas,9,6,2811
16,135,1,Incrementalistas,9,7,3436
16,135,2,Evolucionistas,9,7,3443
16,135,3,Isolados,9,7,3201
16,140,0,Empiristas,9,6,3082
16,140,1,Incrementalistas,9,7,3820
16,140,2,Evolucionistas,9,7,3827
16,140,3,Isolados,9,7,3585
16,145,0,Empiristas,9,7,3505
16,145,1,Incrementalistas,9,7,4244
16,145,2,Evolucionistas,9,7,4253
16,145,3,Isolados,9,7,4010
16,150,0,Empiristas,9,7,3974
16,150,1,Incrementalistas,9,7,4714
16,150,2,Evolucionistas,9,7,4721
16,150,3,Isolados,9,7,4478
16,155,0,Empiristas,9,7,4491
16,155,1,Incrementalistas,9,7,5230
16,155,2,Evolucionistas,9,7,5238
16,155,3,Isolados,9,7,4998
16,160,0,Empiristas,9,7,5062
16,160,1,Incrementalistas,9,7,5802
16,160,2,Evolucionistas,9,7,5808
16,160,3,Isolados,9,7,5570
16,165,0,Empiristas,9,7,5692
16,165,1,Incrementalistas,9,7,6433
16,165,2,Evolucionistas,9,7,6439
16,165,3,Isolados,9,7,6203
16,170,0,Empiristas,9,7,6389
16,170,1,Incrementalistas,9,7,7128
16,170,2,Evolucionistas,9,7,7136
16,170,3,Isolados,9,7,6900
16,175,0,Empiristas,9,7,7159
16,175,1,Incrementalistas,9,7,7894
16,175,2,Evolucionistas,9,7,7906
16,175,3,Isolados,9,7,7670
16,180,0,Empiristas,9,7,8007
16,180,1,Incrementalistas,9,7,8742
16,180,2,Evolucionistas,9,7,8755
16,180,3,Isolados,9,7,8520
16,185,0,Empiristas,9,7,8944
16,185,1,Incrementalistas,9,7,9679
16,185,2,Evolucionistas,9,7,9693
16,185,3,Isolados,9,7,9459
16,190,0,Empiristas,9,8,9978
16,190,1,Incrementalistas,9,7,10714
16,190,2,Evolucionistas,9,7,10728
16,190,3,Isolados,9,2,10074
16,195,0,Empiristas,9,8,11121
16,195,1,Incrementalistas,9,7,11858
16,195,2,Evolucionistas,9,8,11869
16,195,3,Isolados,9,5,10645
16,200,0,Empiristas,9,8,12384
16,200,1,Incrementalistas,9,7,13118
16,200,2,Evolucionistas,9,8,13131
16,200,3,Isolados,9,5,11274
16,205,0,Empiristas,9,8,13776
16,205,1,Incrementalistas,9,7,14511
16,205,2,Evolucionistas,9,8,14523
16,205,3,Isolados,9,5,11971
16,210,0,Empiristas,9,8,15312
16,210,1,Incrementalistas,9,7,16048
16,210,2,Evolucionistas,9,8,16060
16,210,3,Isolados,9,5,12739
16,215,0,Empiristas,9,8,17010
16,215,1,Incrementalistas,9,7,17745
16,215,2,Evolucionistas,9,8,17757
16,215,3,Isolados,9,5,13765
16,220,0,Empiristas,9,8,18885
16,220,1,Incrementalistas,9,7,19621
16,220,2,Evolucionistas,9,8,19634
16,220,3,Isolados,9,6,15640
16,225,0,Empiristas,9,8,20955
16,225,1,Incrementalistas,9,8,21691
16,225,2,Evolucionistas,9,8,21704
16,225,3,Isolados,9,7,17711
16,230,0,Empiristas,9,8,23241
16,230,1,Incrementalistas,9,8,23977
16,230,2,Evolucionistas,9,8,23989
16,230,3,Isolados,9,8,19995
16,235,0,Empiristas,9,8,25721
16,235,1,Incrementalistas,9,8,26457
16,235,2,Evolucionistas,9,8,26468
16,235,3,Isolados,9,8,22474
16,240,0,Empiristas,9,8,28221
16,240,1,Incrementalistas,9,8,28957
16,240,2,Evolucionistas,9,8,28968
16,240,3,Isolados,9,8,24974
16,245,0,Empiristas,9,8,30721
16,245,1,Incrementalistas,9,8,31457
16,245,2,Evolucionistas,9,8,31468
16,245,3,Isolados,9,8,27474
16,250,0,Empiristas,9,8,33221
16,250,1,Incrementalistas,9,8,33957
16,250,2,Evolucionistas,9,8,33968
16,250,3,Isolados,9,8,29974
16,255,0,Empiristas,9,8,35721
16,255,1,Incrementalistas,9,8,36457
16,255,2,Evolucionistas,9,8,36468
16,255,3,Isolados,9,8,32474
16,260,0,Empiristas,9,8,38221
16,260,1,Incrementalistas,9,8,38957
16,260,2,Evolucionistas,9,8,38968
16,260,3,Isolados,9,8,34974
16,265,0,Empiristas,9,8,40721
16,265,1,Incrementalistas,9,8,41457
16,265,2,Evolucionistas,9,8,41468
16,265,3,Isolados,9,8,37474
16,270,0,Empiristas,9,8,43221
16,270,1,Incrementalistas,9,8,43957
16,270,2,Evolucionistas,9,8,43968
16,270,3,Isolados,9,8,39974
16,275,0,Empiristas,9,8,45721
16,275,1,Incrementalistas,9,8,46457
16,275,2,Evolucionistas,9,8,46468
16,275,3,Isolados,9,8,42474
16,280,0,Empiristas,9,8,48221
16,280,1,Incrementalistas,9,8,48957
16,280,2,Evolucionistas,9,8,48968
16,280,3,Isolados,9,8,44974
16,285,0,Empiristas,9,2,50721
16,285,1,Incrementalistas,9,8,51457
16,285,2,Evolucionistas,9,8,51468
16,285,3,Isolados,9,8,47474
16,290,0,Empiristas,9,8,51971
16,290,1,Incrementalistas,9,8,53957
16,290,2,Evolucionistas,9,8,53968
16,290,3,Isolados,9,8,49974
16,295,0,Empiristas,9,8,53221
16,295,1,Incrementalistas,9,8,56457
16,295,2,Evolucionistas,9,8,56468
16,295,3,Isolados,9,8,52474
16,300,0,Empiristas,9,8,54471
16,300,1,Incrementalistas,9,8,58957
16,300,2,Evolucionistas,9,8,58968
16,300,3,Isolados,9,8,54974
17,0,0,Empiristas,-0.510018,1,5
17,0,1,Incrementalistas,-0.408503,1,5
17,0,2,Evolucionistas,0.0328286,1,5
17,0,3,Isolados,-0.216891,1,5
17,5,0,Empiristas,-0.0706586,1,30
17,5,1,Incrementalistas,0.168778,1,31
17,5,2,Evolucionistas,0.0985651,1,32
17,5,3,Isolados,0.0900253,1,33
17,10,0,Empiristas,0.293,1,60
17,10,1,Incrementalistas,0.419503,1,60
17,10,2,Evolucionistas,0.290317,1,62
17,10,3,Isolados,0.0900253,1,62
17,15,0,Empiristas,0.419503,1,93
17,15,1,Incrementalistas,0.419503,1,91
17,15,2,Evolucionistas,0.290317,1,94
17,15,3,Isolados,0.0900253,1,95
17,20,0,Empiristas,6,2,128
17,20,1,Incrementalistas,6,2,126
17,20,2,Evolucionistas,6,2,129
17,20,3,Isolados,0.20633,1,129
17,25,0,Empiristas,8.15782,4,168
17,25,1,Incrementalistas,8.15782,4,164
17,25,2,Evolucionistas,8.15782,3,169
17,25,3,Isolados,0.20633,1,167
17,30,0,Empiristas,8.54062,4,212
17,30,1,Incrementalistas,8.54062,5,208
17,30,2,Evolucionistas,8.15782,5,212
17,30,3,Isolados,0.228873,1,210
17,35,0,Empiristas,8.54062,4,258
17,35,1,Incrementalistas,8.54062,5,257
17,35,2,Evolucionistas,9,5,260
17,35,3,Isolados,0.394262,1,259
17,40,0,Empiristas,9,5,310
17,40,1,Incrementalistas,9,5,287
17,40,2,Evolucionistas,9,5,313
17,40,3,Isolados,0.43623,1,312
17,45,0,Empiristas,9,5,369
17,45,1,Incrementalistas,9,5,317
17,45,2,Evolucionistas,9,5,371
17,45,3,Isolados,0.697829,1,370
17,50,0,Empiristas,9,5,435
17,50,1,Incrementalistas,9,5,351
17,50,2,Evolucionistas,9,5,438
17,50,3,Isolados,0.697829,1,435
17,55,0,Empiristas,9,5,507
17,55,1,Incrementalistas,9,5,387
17,55,2,Evolucionistas,9,5,511
17,55,3,Isolados,6,2,507
17,60,0,Empiristas,9,5,585
17,60,1,Incrementalistas,9,5,427
17,60,2,Evolucionistas,9,5,590
17,60,3,Isolados,6,2,585
17,65,0,Empiristas,9,5,671
17,65,1,Incrementalistas,9,5,513
17,65,2,Evolucionistas,9,5,678
17,65,3,Isolados,6,2,671
17,70,0,Empiristas,9,7,768
17,70,1,Incrementalistas,9,5,611
17,70,2,Evolucionistas,9,5,775
17,70,3,Isolados,7.0603,5,767
17,75,0,Empiristas,9,7,874
17,75,1,Incrementalistas,9,6,716
17,75,2,Evolucionistas,9,6,880
17,75,3,Isolados,8.14696,5,872
17,80,0,Empiristas,9,7,992
17,80,1,Incrementalistas,9,6,832
17,80,2,Evolucionistas,9,6,996
17,80,3,Isolados,8.40825,5,989
17,85,0,Empiristas,9,7,1121
17,85,1,Incrementalistas,9,6,961
17,85,2,Evolucionistas,9,6,1125
17,85,3,Isolados,9,5,1118
17,90,0,Empiristas,9,7,1265
17,90,1,Incrementalistas,9,7,1103
17,90,2,Evolucionistas,9,6,1268
17,90,3,Isolados,9,5,1261
17,95,0,Empiristas,9,7,1423
17,95,1,Incrementalistas,9,7,1261
17,95,2,Evolucionistas,9,6,1427
17,95,3,Isolados,9,5,1418
17,100,0,Empiristas,9,7,1597
17,100,1,Incrementalistas,9,7,1434
17,100,2,Evolucionistas,9,6,1600
17,100,3,Isolados,9,5,1591
17,105,0,Empiristas,9,7,1789
17,105,1,Incrementalistas,9,7,1626
17,105,2,Evolucionistas,9,7,1791
17,105,3,Isolados,9,5,1784
17,110,0,Empiristas,9,7,2000
17,110,1,Incrementalistas,9,7,1839
17,110,2,Evolucionistas,9,7,2003
17,110,3,Isolados,9,5,1994
17,115,0,Empiristas,9,7,2235
17,115,1,Incrementalistas,9,7,2073
17,115,2,Evolucionistas,9,7,2237
17,115,3,Isolados,9,6,2228
17,120,0,Empiristas,9,7,2493
17,120,1,Incrementalistas,9,7,2331
17,120,2,Evolucionistas,9,7,2496
17,120,3,Isolados,9,7,2487
17,125,0,Empiristas,9,7,2779
17,125,1,Incrementalistas,9,7,2617
17,125,2,Evolucionistas,9,7,2782
17,125,3,Isolados,9,7,2772
17,130,0,Empiristas,9,7,3095
17,130,1,Incrementalistas,9,7,2933
17,130,2,Evolucionistas,9,7,3098
17,130,3,Isolados,9,7,3088
17,135,0,Empiristas,9,7,3443
17,135,1,Incrementalistas,9,7,3281
17,135,2,Evolucionistas,9,7,3446
17,135,3,Isolados,9,7,3437
17,140,0,Empiristas,9,7,3827
17,140,1,Incrementalistas,9,7,3666
17,140,2,Evolucionistas,9,7,3832
17,140,3,Isolados,9,7,3822
17,145,0,Empiristas,9,7,4252
17,145,1,Incrementalistas,9,7,4091
17,145,2,Evolucionistas,9,7,4255
17,145,3,Isolados,9,7,4246
17,150,0,Empiristas,9,7,4722
17,150,1,Incrementalistas,9,7,4561
17,150,2,Evolucionistas,9,7,4725
17,150,3,Isolados,9,7,4715
17,155,0,Empiristas,9,7,5239
17,155,1,Incrementalistas,9,7,5078
17,155,2,Evolucionistas,9,7,5243
17,155,3,Isolados,9,7,5235
17,160,0,Empiristas,9,7,5811
17,160,1,Incrementalistas,9,7,5650
17,160,2,Evolucionistas,9,7,5816
17,160,3,Isolados,9,7,5807
17,165,0,Empiristas,9,7,6443
17,165,1,Incrementalistas,9,7,6281
17,165,2,Evolucionistas,9,7,6447
17,165,3,Isolados,9,7,6439
17,170,0,Empiristas,9,7,7140
17,170,1,Incrementalistas,9,7,6977
17,170,2,Evolucionistas,9,7,7145
17,170,3,Isolados,9,7,7136
17,175,0,Empiristas,9,7,7910
17,175,1,Incrementalistas,9,7,7746
17,175,2,Evolucionistas,9,7,7914
17,175,3,Isolados,9,7,7904
17,180,0,Empiristas,9,7,8760
17,180,1,Incrementalistas,9,7,8595
17,180,2,Evolucionistas,9,6,8504
17,180,3,Isolados,9,7,8754
17,185,0,Empiristas,9,7,9696
17,185,1,Incrementalistas,9,7,9533
17,185,2,Evolucionistas,9,6,8972
17,185,3,Isolados,9,7,9691
17,190,0,Empiristas,9,7,10730
17,190,1,Incrementalistas,9,7,10567
17,190,2,Evolucionistas,9,6,9490
17,190,3,Isolados,9,7,10727
17,195,0,Empiristas,9,7,11872
17,195,1,Incrementalistas,9,7,11710
17,195,2,Evolucionistas,9,7,10061
17,195,3,Isolados,9,7,11871
17,200,0,Empiristas,9,7,13133
17,200,1,Incrementalistas,9,7,12971
17,200,2,Evolucionistas,9,7,10691
17,200,3,Isolados,9,7,13132
17,205,0,Empiristas,9,8,14527
17,205,1,Incrementalistas,9,7,14364
17,205,2,Evolucionistas,9,7,11950
17,205,3,Isolados,9,7,14524
17,210,0,Empiristas,9,8,16065
17,210,1,Incrementalistas,9,7,15902
17,210,2,Evolucionistas,9,7,13487
17,210,3,Isolados,9,7,16063
17,215,0,Empiristas,9,8,17763
17,215,1,Incrementalistas,9,7,17600
17,215,2,Evolucionistas,9,8,15185
17,215,3,Isolados,9,7,17760
17,220,0,Empiristas,9,8,19637
17,220,1,Incrementalistas,9,7,19475
17,220,2,Evolucionistas,9,8,17060
17,220,3,Isolados,9,7,19633
17,225,0,Empiristas,9,8,21706
17,225,1,Incrementalistas,9,7,21544
17,225,2,Evolucionistas,9,7,18496
17,225,3,Isolados,9,7,21704
17,230,0,Empiristas,9,8,23992
17,230,1,Incrementalistas,9,7,23829
17,230,2,Evolucionistas,9,8,19639
17,230,3,Isolados,9,7,23989
17,235,0,Empiristas,9,8,26472
17,235,1,Incrementalistas,9,7,26308
17,235,2,Evolucionistas,9,8,20878
17,235,3,Isolados,9,7,26469
17,240,0,Empiristas,9,8,28972
17,240,1,Incrementalistas,9,7,28808
17,240,2,Evolucionistas,9,8,22128
17,240,3,Isolados,9,7,28969
17,245,0,Empiristas,9,8,31472
17,245,1,Incrementalistas,9,7,31308
17,245,2,Evolucionistas,9,8,23378
17,245,3,Isolados,9,7,31469
17,250,0,Empiristas,9,8,33972
17,250,1,Incrementalistas,9,7,33808
17,250,2,Evolucionistas,9,8,25628
17,250,3,Isolados,9,7,33969
17,255,0,Empiristas,9,8,36472
17,255,1,Incrementalistas,9,7,36308
17,255,2,Evolucionistas,9,8,28128
17,255,3,Isolados,9,7,36469
17,260,0,Empiristas,9,8,38972
17,260,1,Incrementalistas,9,7,38808
17,260,2,Evolucionistas,9,8,30628
17,260,3,Isolados,9,7,38969
17,265,0,Empiristas,9,8,41472
17,265,1,Incrementalistas,9,8,41308
17,265,2,Evolucionistas,9,8,33128
17,265,3,Isolados,9,7,41469
17,270,0,Empiristas,9,8,43972
17,270,1,Incrementalistas,9,8,43808
17,270,2,Evolucionistas,9,8,35628
17,270,3,Isolados,9,7,43969
17,275,0,Empiristas,9,8,46472
17,275,1,Incrementalistas,9,8,46308
17,275,2,Evolucionistas,9,8,38128
17,275,3,Isolados,9,7,46469
17,280,0,Empiristas,9,8,48972
17,280,1,Incrementalistas,9,8,48808
17,280,2,Evolucionistas,9,8,40628
17,280,3,Isolados,9,7,48469
17,285,0,Empiristas,9,8,51472
17,285,1,Incrementalistas,9,8,51308
17,285,2,Evolucionistas,9,8,43128
17,285,3,Isolados,9,7,49719
17,290,0,Empiristas,9,8,53972
17,290,1,Incrementalistas,9,8,53808
17,290,2,Evolucionistas,9,8,45628
17,290,3,Isolados,9,7,50969
17,295,0,Empiristas,9,8,56472
17,295,1,Incrementalistas,9,8,56308
17,295,2,Evolucionistas,9,8,48128
17,295,3,Isolados,9,7,52219
17,300,0,Empiristas,9,8,58972
17,300,1,Incrementalistas,9,8,58808
17,300,2,Evolucionistas,9,8,50628
17,300,3,Isolados,9,7,53469
18,0,0,Empiristas,-0.445588,1,5
18,0,1,Incrementalistas,-0.445588,1,5
18,0,2,Evolucionistas,-0.510018,1,5
18,0,3,Isolados,-0.60206,1,5
18,5,0,Empiristas,0.123073,1,31
18,5,1,Incrementalistas,0.105992,1,31
18,5,2,Evolucionistas,0.105992,1,31
18,5,3,Isolados,-4.34294e-07,1,32
18,10,0,Empiristas,0.170178,1,60
18,10,1,Incrementalistas,0.131609,1,60
18,10,2,Evolucionistas,0.131609,1,60
18,10,3,Isolados,0.321248,1,60
18,15,0,Empiristas,0.208987,1,93
18,15,1,Incrementalistas,0.208987,1,93
18,15,2,Evolucionistas,0.22076,1,93
18,15,3,Isolados,7.29862,3,94
18,20,0,Empiristas,0.328136,1,128
18,20,1,Incrementalistas,0.328136,1,129
18,20,2,Evolucionistas,0.492632,1,129
18,20,3,Isolados,7.29862,3,131
18,25,0,Empiristas,0.379581,1,168
18,25,1,Incrementalistas,0.367031,1,169
18,25,2,Evolucionistas,0.492632,1,169
18,25,3,Isolados,7.39965,3,171
18,30,0,Empiristas,0.693135,1,211
18,30,1,Incrementalistas,0.667599,1,213
18,30,2,Evolucionistas,0.667599,1,211
18,30,3,Isolados,7.39965,3,216
18,35,0,Empiristas,0.761567,1,258
18,35,1,Incrementalistas,0.693135,1,260
18,35,2,Evolucionistas,0.761567,1,259
18,35,3,Isolados,7.39965,3,264
18,40,0,Empiristas,6,2,311
18,40,1,Incrementalistas,6.11145,2,314
18,40,2,Evolucionistas,6,2,311
18,40,3,Isolados,7.39965,3,319
18,45,0,Empiristas,6.86753,3,368
18,45,1,Incrementalistas,6.86753,3,372
18,45,2,Evolucionistas,6.38266,3,370
18,45,3,Isolados,7.55543,3,377
18,50,0,Empiristas,6.86753,3,434
18,50,1,Incrementalistas,6.86753,3,436
18,50,2,Evolucionistas,6.86753,3,435
18,50,3,Isolados,8.4,3,443
18,55,0,Empiristas,7.5498,3,506
18,55,1,Incrementalistas,6.99969,3,507
18,55,2,Evolucionistas,7.38673,3,506
18,55,3,Isolados,8.4,3,514
18,60,0,Empiristas,7.93633,3,586
18,60,1,Incrementalistas,7.93633,3,587
18,60,2,Evolucionistas,7.93633,3,585
18,60,3,Isolados,8.4,3,593
18,65,0,Empiristas,7.93633,4,672
18,65,1,Incrementalistas,7.93633,3,673
18,65,2,Evolucionistas,7.93633,3,673
18,65,3,Isolados,8.40366,3,680
18,70,0,Empiristas,7.93633,4,768
18,70,1,Incrementalistas,7.93633,3,769
18,70,2,Evolucionistas,7.93633,3,767
18,70,3,Isolados,8.46473,3,778
18,75,0,Empiristas,7.93633,5,873
18,75,1,Incrementalistas,7.93633,3,874
18,75,2,Evolucionistas,8.01073,3,872
18,75,3,Isolados,8.57194,3,882
18,80,0,Empiristas,8.17855,5,990
18,80,1,Incrementalistas,8.17855,3,991
18,80,2,Evolucionistas,8.17855,3,988
18,80,3,Isolados,8.57194,3,1000
18,85,0,Empiristas,8.6583,5,1120
18,85,1,Incrementalistas,8.6583,3,1122
18,85,2,Evolucionistas,8.6583,3,1118
18,85,3,Isolados,8.9258,3,1130
18,90,0,Empiristas,8.87495,5,1262
18,90,1,Incrementalistas,8.97222,3,1267
18,90,2,Evolucionistas,8.97222,3,1261
18,90,3,Isolados,8.9258,3,1273
18,95,0,Empiristas,9,5,1420
18,95,1,Incrementalistas,9,3,1425
18,95,2,Evolucionistas,9,4,1418
18,95,3,Isolados,8.9258,3,1430
18,100,0,Empiristas,9,5,1594
18,100,1,Incrementalistas,9,3,1600
18,100,2,Evolucionistas,9,4,1594
18,100,3,Isolados,8.9258,3,1603
18,105,0,Empiristas,9,5,1786
18,105,1,Incrementalistas,9,4,1793
18,105,2,Evolucionistas,9,4,1786
18,105,3,Isolados,9,3,1796
18,110,0,Empiristas,9,7,2000
18,110,1,Incrementalistas,9,5,2005
18,110,2,Evolucionistas,9,8,2000
18,110,3,Isolados,9,3,2008
18,115,0,Empiristas,9,7,2235
18,115,1,Incrementalistas,9,7,2240
18,115,2,Evolucionistas,9,8,2235
18,115,3,Isolados,9,3,2243
18,120,0,Empiristas,9,7,2495
18,120,1,Incrementalistas,9,7,2498
18,120,2,Evolucionistas,9,8,2495
18,120,3,Isolados,9,5,2502
18,125,0,Empiristas,9,7,2780
18,125,1,Incrementalistas,9,7,2782
18,125,2,Evolucionistas,9,8,2781
18,125,3,Isolados,9,5,2787
18,130,0,Empiristas,9,7,3093
18,130,1,Incrementalistas,9,7,3097
18,130,2,Evolucionistas,9,8,3098
18,130,3,Isolados,9,7,3102
18,135,0,Empiristas,9,8,3443
18,135,1,Incrementalistas,9,7,3445
18,135,2,Evolucionistas,9,4,3339
18,135,3,Isolados,9,7,3450
18,140,0,Empiristas,9,8,3828
18,140,1,Incrementalistas,9,7,3828
18,140,2,Evolucionistas,9,4,3532
18,140,3,Isolados,9,7,3834
18,145,0,Empiristas,9,8,4254
18,145,1,Incrementalistas,9,8,4252
18,145,2,Evolucionistas,9,7,3745
18,145,3,Isolados,9,7,4259
18,150,0,Empiristas,9,8,4722
18,150,1,Incrementalistas,9,8,4720
18,150,2,Evolucionistas,9,7,3979
18,150,3,Isolados,9,7,4728
18,155,0,Empiristas,9,8,5239
18,155,1,Incrementalistas,9,8,5239
18,155,2,Evolucionistas,9,8,4237
18,155,3,Isolados,9,7,5247
18,160,0,Empiristas,9,8,5811
18,160,1,Incrementalistas,9,8,5809
18,160,2,Evolucionistas,9,8,4754
18,160,3,Isolados,9,7,5818
18,165,0,Empiristas,9,8,6443
18,165,1,Incrementalistas,9,8,6439
18,165,2,Evolucionistas,9,8,5386
18,165,3,Isolados,9,7,6448
18,170,0,Empiristas,9,8,7140
18,170,1,Incrementalistas,9,8,7135
18,170,2,Evolucionistas,9,8,6083
18,170,3,Isolados,9,7,7145
18,175,0,Empiristas,9,8,7910
18,175,1,Incrementalistas,9,8,7902
18,175,2,Evolucionistas,9,8,6853
18,175,3,Isolados,9,7,7914
18,180,0,Empiristas,9,8,8759
18,180,1,Incrementalistas,9,8,8751
18,180,2,Evolucionistas,9,8,7701
18,180,3,Isolados,9,7,8764
18,185,0,Empiristas,9,8,9697
18,185,1,Incrementalistas,9,8,9689
18,185,2,Evolucionistas,9,8,8639
18,185,3,Isolados,9,7,9701
18,190,0,Empiristas,9,8,10732
18,190,1,Incrementalistas,9,8,10725
18,190,2,Evolucionistas,9,8,9675
18,190,3,Isolados,9,7,10737
18,195,0,Empiristas,9,8,11876
18,195,1,Incrementalistas,9,8,11867
18,195,2,Evolucionistas,9,8,10817
18,195,3,Isolados,9,7,11878
18,200,0,Empiristas,9,8,13138
18,200,1,Incrementalistas,9,8,13128
18,200,2,Evolucionistas,9,8,12079
18,200,3,Isolados,9,7,13139
18,205,0,Empiristas,9,8,14531
18,205,1,Incrementalistas,9,8,14522
18,205,2,Evolucionistas,9,7,13185
18,205,3,Isolados,9,7,14532
18,210,0,Empiristas,9,8,16071
18,210,1,Incrementalistas,9,8,16060
18,210,2,Evolucionistas,9,7,13954
18,210,3,Isolados,9,7,16070
18,215,0,Empiristas,9,8,17770
18,215,1,Incrementalistas,9,8,17757
18,215,2,Evolucionistas,9,7,14804
18,215,3,Isolados,9,7,17769
18,220,0,Empiristas,9,8,19645
18,220,1,Incrementalistas,9,8,19631
18,220,2,Evolucionistas,9,8,15740
18,220,3,Isolados,9,7,19644
18,225,0,Empiristas,9,8,21714
18,225,1,Incrementalistas,9,8,21701
18,225,2,Evolucionistas,9,8,16776
18,225,3,Isolados,9,7,21714
18,230,0,Empiristas,9,8,23998
18,230,1,Incrementalistas,9,8,23986
18,230,2,Evolucionistas,9,8,18617
18,230,3,Isolados,9,7,24000
18,235,0,Empiristas,9,8,26477
18,235,1,Incrementalistas,9,8,26465
18,235,2,Evolucionistas,9,8,21096
18,235,3,Isolados,9,7,26480
18,240,0,Empiristas,9,8,28977
18,240,1,Incrementalistas,9,8,28965
18,240,2,Evolucionistas,9,8,23596
18,240,3,Isolados,9,7,28980
18,245,0,Empiristas,9,8,31477
18,245,1,Incrementalistas,9,8,31465
18,245,2,Evolucionistas,9,8,26096
18,245,3,Isolados,9,7,31480
18,250,0,Empiristas,9,8,33977
18,250,1,Incrementalistas,9,8,33965
18,250,2,Evolucionistas,9,8,28596
18,250,3,Isolados,9,7,33980
18,255,0,Empiristas,9,8,36477
18,255,1,Incrementalistas,9,8,36465
18,255,2,Evolucionistas,9,8,31096
18,255,3,Isolados,9,7,36480
18,260,0,Empiristas,9,8,38977
18,260,1,Incrementalistas,9,8,38965
18,260,2,Evolucionistas,9,8,33596
18,260,3,Isolados,9,7,38980
18,265,0,Empiristas,9,8,41477
18,265,1,Incrementalistas,9,8,41465
18,265,2,Evolucionistas,9,8,36096
18,265,3,Isolados,9,7,41480
18,270,0,Empiristas,9,8,43977
18,270,1,Incrementalistas,9,8,43965
18,270,2,Evolucionistas,9,8,38596
18,270,3,Isolados,9,7,43980
18,275,0,Empiristas,9,8,46477
18,275,1,Incrementalistas,9,8,46465
18,275,2,Evolucionistas,9,8,41096
18,275,3,Isolados,9,7,46480
18,280,0,Empiristas,9,8,48977
18,280,1,Incrementalistas,9,8,48965
18,280,2,Evolucionistas,9,8,43596
18,280,3,Isolados,9,7,48980
18,285,0,Empiristas,9,8,51477
18,285,1,Incrementalistas,9,8,51465
18,285,2,Evolucionistas,9,8,46096
18,285,3,Isolados,9,7,51480
18,290,0,Empiristas,9,8,53977
18,290,1,Incrementalistas,9,8,53965
18,290,2,Evolucionistas,9,8,48596
18,290,3,Isolados,9,7,53980
18,295,0,Empiristas,9,8,56477
18,295,1,Incrementalistas,9,8,56465
18,295,2,Evolucionistas,9,8,51096
18,295,3,Isolados,9,7,56480
18,300,0,Empiristas,9,8,58977
18,300,1,Incrementalistas,9,8,58965
18,300,2,Evolucionistas,9,8,53596
18,300,3,Isolados,9,7,58980
19,0,0,Empiristas,nan,0,5
19,0,1,Incrementalistas,-0.383914,1,5
19,0,2,Evolucionistas,nan,0,5
19,0,3,Isolados,nan,0,5
19,5,0,Empiristas,0.135458,1,31
19,5,1,Incrementalistas,0.135458,1,33
19,5,2,Evolucionistas,0.135458,1,31
19,5,3,Isolados,8.92215,4,30
19,10,0,Empiristas,0.161539,1,61
19,10,1,Incrementalistas,0.135458,1,62
19,10,2,Evolucionistas,0.161539,1,61
19,10,3,Isolados,9,5,60
19,15,0,Empiristas,0.161539,1,92
19,15,1,Incrementalistas,7.21588,2,93
19,15,2,Evolucionistas,0.427187,1,93
19,15,3,Isolados,9,5,93
19,20,0,Empiristas,7.21588,2,129
19,20,1,Incrementalistas,7.21588,2,128
19,20,2,Evolucionistas,7.21588,2,130
19,20,3,Isolados,9,5,127
19,25,0,Empiristas,7.21588,2,168
19,25,1,Incrementalistas,7.21588,2,168
19,25,2,Evolucionistas,7.21588,2,168
19,25,3,Isolados,9,5,166
19,30,0,Empiristas,7.21588,2,211
19,30,1,Incrementalistas,7.21588,2,212
19,30,2,Evolucionistas,7.21588,2,212
19,30,3,Isolados,9,5,210
19,35,0,Empiristas,7.21588,2,259
19,35,1,Incrementalistas,7.21588,2,262
19,35,2,Evolucionistas,7.21588,2,261
19,35,3,Isolados,9,5,259
19,40,0,Empiristas,7.21588,2,312
19,40,1,Incrementalistas,7.21588,2,315
19,40,2,Evolucionistas,7.21588,2,313
19,40,3,Isolados,9,5,312
19,45,0,Empiristas,7.21588,2,371
19,45,1,Incrementalistas,7.21588,2,373
19,45,2,Evolucionistas,7.21588,2,372
19,45,3,Isolados,9,5,370
19,50,0,Empiristas,7.21588,2,436
19,50,1,Incrementalistas,7.21588,2,437
19,50,2,Evolucionistas,7.21588,2,438
19,50,3,Isolados,9,5,433
19,55,0,Empiristas,7.21588,2,507
19,55,1,Incrementalistas,7.21588,2,508
19,55,2,Evolucionistas,7.21588,2,509
19,55,3,Isolados,9,5,505
19,60,0,Empiristas,7.21588,2,585
19,60,1,Incrementalistas,7.21588,2,587
19,60,2,Evolucionistas,7.21588,2,588
19,60,3,Isolados,9,5,584
19,65,0,Empiristas,7.21588,2,674
19,65,1,Incrementalistas,7.21588,2,675
19,65,2,Evolucionistas,7.21588,2,641
19,65,3,Isolados,9,5,672
19,70,0,Empiristas,7.21588,2,768
19,70,1,Incrementalistas,7.21588,2,771
19,70,2,Evolucionistas,7.21588,2,688
19,70,3,Isolados,9,5,768
19,75,0,Empiristas,7.21588,2,853
19,75,1,Incrementalistas,7.21588,2,876
19,75,2,Evolucionistas,7.21588,2,741
19,75,3,Isolados,9,5,875
19,80,0,Empiristas,7.21588,2,912
19,80,1,Incrementalistas,7.21588,2,993
19,80,2,Evolucionistas,7.21588,2,798
19,80,3,Isolados,9,5,993
19,85,0,Empiristas,7.21588,2,977
19,85,1,Incrementalistas,7.21588,3,1122
19,85,2,Evolucionistas,7.21588,3,862
19,85,3,Isolados,9,5,1123
19,90,0,Empiristas,7.21588,3,1049
19,90,1,Incrementalistas,7.21588,4,1265
19,90,2,Evolucionistas,7.21588,4,1006
19,90,3,Isolados,9,5,1267
19,95,0,Empiristas,7.21588,3,1129
19,95,1,Incrementalistas,7.21588,4,1424
19,95,2,Evolucionistas,7.21588,4,1164
19,95,3,Isolados,9,5,1424
19,100,0,Empiristas,8.64974,4,1268
19,100,1,Incrementalistas,8.64974,5,1599
19,100,2,Evolucionistas,8.54062,4,1337
19,100,3,Isolados,9,5,1599
19,105,0,Empiristas,9,5,1459
19,105,1,Incrementalistas,8.64974,5,1792
19,105,2,Evolucionistas,9,5,1529
19,105,3,Isolados,9,5,1791
19,110,0,Empiristas,9,5,1671
19,110,1,Incrementalistas,9,5,2005
19,110,2,Evolucionistas,9,5,1741
19,110,3,Isolados,9,5,2004
19,115,0,Empiristas,9,5,1907
19,115,1,Incrementalistas,9,5,2240
19,115,2,Evolucionistas,9,5,1975
19,115,3,Isolados,9,5,2239
19,120,0,Empiristas,9,5,2164
19,120,1,Incrementalistas,9,5,2498
19,120,2,Evolucionistas,9,5,2233
19,120,3,Isolados,9,5,2497
19,125,0,Empiristas,9,5,2449
19,125,1,Incrementalistas,9,5,2783
19,125,2,Evolucionistas,9,5,2517
19,125,3,Isolados,9,5,2782
19,130,0,Empiristas,9,5,2766
19,130,1,Incrementalistas,9,4,3099
19,130,2,Evolucionistas,9,5,2832
19,130,3,Isolados,9,5,3100
19,135,0,Empiristas,9,5,3115
19,135,1,Incrementalistas,9,5,3273
19,135,2,Evolucionistas,9,5,3180
19,135,3,Isolados,9,5,3449
19,140,0,Empiristas,9,6,3499
19,140,1,Incrementalistas,9,5,3465
19,140,2,Evolucionistas,9,7,3563
19,140,3,Isolados,9,5,3832
19,145,0,Empiristas,9,6,3924
19,145,1,Incrementalistas,9,6,3678
19,145,2,Evolucionistas,9,7,3987
19,145,3,Isolados,9,5,4255
19,150,0,Empiristas,9,6,4392
19,150,1,Incrementalistas,9,7,3912
19,150,2,Evolucionistas,9,7,4455
19,150,3,Isolados,9,5,4724
19,155,0,Empiristas,9,6,4908
19,155,1,Incrementalistas,9,7,4224
19,155,2,Evolucionistas,9,7,4972
19,155,3,Isolados,9,5,5241
19,160,0,Empiristas,9,7,5478
19,160,1,Incrementalistas,9,7,4794
19,160,2,Evolucionistas,9,7,5543
19,160,3,Isolados,9,5,5813
19,165,0,Empiristas,9,7,6110
19,165,1,Incrementalistas,9,7,5424
19,165,2,Evolucionistas,9,7,6174
19,165,3,Isolados,9,5,6444
19,170,0,Empiristas,9,7,6808
19,170,1,Incrementalistas,9,7,6120
19,170,2,Evolucionistas,9,7,6869
19,170,3,Isolados,9,5,7140
19,175,0,Empiristas,9,7,7576
19,175,1,Incrementalistas,9,7,6889
19,175,2,Evolucionistas,9,7,7637
19,175,3,Isolados,9,5,7907
19,180,0,Empiristas,9,7,8425
19,180,1,Incrementalistas,9,7,7739
19,180,2,Evolucionistas,9,7,8486
19,180,3,Isolados,9,5,8756
19,185,0,Empiristas,9,7,9363
19,185,1,Incrementalistas,9,7,8676
19,185,2,Evolucionistas,9,7,9423
19,185,3,Isolados,9,5,9503
19,190,0,Empiristas,9,7,10400
19,190,1,Incrementalistas,9,7,9711
19,190,2,Evolucionistas,9,7,10458
19,190,3,Isolados,9,5,10021
19,195,0,Empiristas,9,7,11545
19,195,1,Incrementalistas,9,7,10853
19,195,2,Evolucionistas,9,6,11481
19,195,3,Isolados,9,5,10592
19,200,0,Empiristas,9,7,12806
19,200,1,Incrementalistas,9,7,12116
19,200,2,Evolucionistas,9,6,12112
19,200,3,Isolados,9,5,11224
19,205,0,Empiristas,9,7,14198
19,205,1,Incrementalistas,9,7,13508
19,205,2,Evolucionistas,9,7,12810
19,205,3,Isolados,9,5,11919
19,210,0,Empiristas,9,7,15735
19,210,1,Incrementalistas,9,7,15046
19,210,2,Evolucionistas,9,7,13579
19,210,3,Isolados,9,5,13158
19,215,0,Empiristas,9,7,17433
19,215,1,Incrementalistas,9,7,16743
19,215,2,Evolucionistas,9,7,14428
19,215,3,Isolados,9,5,14856
19,220,0,Empiristas,9,7,19309
19,220,1,Incrementalistas,9,7,18618
19,220,2,Evolucionistas,9,7,15752
19,220,3,Isolados,9,5,16731
19,225,0,Empiristas,9,7,21380
19,225,1,Incrementalistas,9,7,20689
19,225,2,Evolucionistas,9,7,17822
19,225,3,Isolados,9,7,18800
19,230,0,Empiristas,9,7,23665
19,230,1,Incrementalistas,9,7,22974
19,230,2,Evolucionistas,9,7,20107
19,230,3,Isolados,9,7,21085
19,235,0,Empiristas,9,7,26143
19,235,1,Incrementalistas,9,7,24456
19,235,2,Evolucionistas,9,7,22587
19,235,3,Isolados,9,7,23565
19,240,0,Empiristas,9,7,28643
19,240,1,Incrementalistas,9,7,25706
19,240,2,Evolucionistas,9,7,25087
19,240,3,Isolados,9,7,26065
19,245,0,Empiristas,9,7,31143
19,245,1,Incrementalistas,9,7,26956
19,245,2,Evolucionistas,9,7,27587
19,245,3,Isolados,9,7,28565
19,250,0,Empiristas,9,7,33643
19,250,1,Incrementalistas,9,7,28206
19,250,2,Evolucionistas,9,7,30087
19,250,3,Isolados,9,7,31065
19,255,0,Empiristas,9,7,36143
19,255,1,Incrementalistas,9,7,29456
19,255,2,Evolucionistas,9,7,32587
19,255,3,Isolados,9,7,33565
19,260,0,Empiristas,9,7,38643
19,260,1,Incrementalistas,9,7,31956
19,260,2,Evolucionistas,9,7,35087
19,260,3,Isolados,9,7,36065
19,265,0,Empiristas,9,7,41143
19,265,1,Incrementalistas,9,7,34456
19,265,2,Evolucionistas,9,7,37587
19,265,3,Isolados,9,7,38565
19,270,0,Empiristas,9,7,43643
19,270,1,Incrementalistas,9,7,36956
19,270,2,Evolucionistas,9,7,40087
19,270,3,Isolados,9,7,41065
19,275,0,Empiristas,9,7,46143
19,275,1,Incrementalistas,9,7,39456
19,275,2,Evolucionistas,9,7,42587
19,275,3,Isolados,9,7,43565
19,280,0,Empiristas,9,7,48643
19,280,1,Incrementalistas,9,7,41956
19,280,2,Evolucionistas,9,7,45087
19,280,3,Isolados,9,7,46065
19,285,0,Empiristas,9,7,51143
19,285,1,Incrementalistas,9,7,44456
19,285,2,Evolucionistas,9,7,47587
19,285,3,Isolados,9,7,48565
19,290,0,Empiristas,9,7,53643
19,290,1,Incrementalistas,9,7,46956
19,290,2,Evolucionistas,9,7,50087
19,290,3,Isolados,9,7,51065
19,295,0,Empiristas,9,7,56143
19,295,1,Incrementalistas,9,7,49456
19,295,2,Evolucionistas,9,7,52587
19,295,3,Isolados,9,7,53565
19,300,0,Empiristas,9,7,58643
19,300,1,Incrementalistas,9,7,51956
19,300,2,Evolucionistas,9,7,55087
19,300,3,Isolados,9,7,56065
20,0,0,Empiristas,nan,0,5
20,0,1,Incrementalistas,-0.42787,1,5
20,0,2,Evolucionistas,nan,0,5
20,0,3,Isolados,-0.157894,1,5
20,5,0,Empiristas,0.19064,1,31
20,5,1,Incrementalistas,0.19064,1,31
20,5,2,Evolucionistas,0.10634,1,32
20,5,3,Isolados,-0.0642312,1,31
20,10,0,Empiristas,0.428336,1,61
20,10,1,Incrementalistas,0.428336,1,58
20,10,2,Evolucionistas,0.511998,1,61
20,10,3,Isolados,-0.0274138,1,60
20,15,0,Empiristas,0.428336,1,93
20,15,1,Incrementalistas,0.511998,1,80
20,15,2,Evolucionistas,0.511998,1,94
20,15,3,Isolados,-0.0274138,1,92
20,20,0,Empiristas,0.511998,1,129
20,20,1,Incrementalistas,0.511998,1,97
20,20,2,Evolucionistas,0.511998,1,131
20,20,3,Isolados,0.0570522,1,129
20,25,0,Empiristas,0.511998,1,168
20,25,1,Incrementalistas,0.511998,1,116
20,25,2,Evolucionistas,0.511998,1,171
20,25,3,Isolados,0.161848,1,169
20,30,0,Empiristas,0.511998,1,212
20,30,1,Incrementalistas,0.511998,1,137
20,30,2,Evolucionistas,0.511998,1,215
20,30,3,Isolados,0.161848,1,213
20,35,0,Empiristas,0.591218,1,258
20,35,1,Incrementalistas,0.591218,1,161
20,35,2,Evolucionistas,0.591218,1,263
20,35,3,Isolados,0.205319,1,261
20,40,0,Empiristas,0.591218,1,311
20,40,1,Incrementalistas,0.591218,1,208
20,40,2,Evolucionistas,0.591218,1,305
20,40,3,Isolados,6,2,315
20,45,0,Empiristas,6.81097,2,371
20,45,1,Incrementalistas,0.591218,1,266
20,45,2,Evolucionistas,0.591218,1,333
20,45,3,Isolados,6,2,372
20,50,0,Empiristas,7.75692,2,435
20,50,1,Incrementalistas,7.75692,2,331
20,50,2,Evolucionistas,0.591218,1,365
20,50,3,Isolados,6.36192,3,438
20,55,0,Empiristas,8.54062,4,508
20,55,1,Incrementalistas,9,5,403
20,55,2,Evolucionistas,0.591218,1,400
20,55,3,Isolados,6.99411,3,508
20,60,0,Empiristas,9,5,587
20,60,1,Incrementalistas,9,6,482
20,60,2,Evolucionistas,9,2,439
20,60,3,Isolados,7.82359,3,586
20,65,0,Empiristas,9,6,674
20,65,1,Incrementalistas,9,6,569
20,65,2,Evolucionistas,9,6,510
20,65,3,Isolados,7.82359,3,673
20,70,0,Empiristas,9,6,771
20,70,1,Incrementalistas,9,6,665
20,70,2,Evolucionistas,9,6,606
20,70,3,Isolados,7.82359,3,770
20,75,0,Empiristas,9,7,877
20,75,1,Incrementalistas,9,6,770
20,75,2,Evolucionistas,9,6,713
20,75,3,Isolados,7.82359,3,877
20,80,0,Empiristas,9,7,993
20,80,1,Incrementalistas,9,7,887
20,80,2,Evolucionistas,9,7,830
20,80,3,Isolados,7.82359,3,993
20,85,0,Empiristas,9,7,1124
20,85,1,Incrementalistas,9,7,1017
20,85,2,Evolucionistas,9,7,960
20,85,3,Isolados,7.82359,3,1122
20,90,0,Empiristas,9,7,1268
20,90,1,Incrementalistas,9,7,1158
20,90,2,Evolucionistas,9,7,1103
20,90,3,Isolados,7.88446,3,1266
20,95,0,Empiristas,9,7,1425
20,95,1,Incrementalistas,9,7,1318
20,95,2,Evolucionistas,9,7,1261
20,95,3,Isolados,8.25642,4,1423
20,100,0,Empiristas,9,7,1600
20,100,1,Incrementalistas,9,7,1494
20,100,2,Evolucionistas,9,7,1436
20,100,3,Isolados,8.25642,4,1598
20,105,0,Empiristas,9,7,1792
20,105,1,Incrementalistas,9,7,1687
20,105,2,Evolucionistas,9,7,1629
20,105,3,Isolados,8.76805,4,1788
20,110,0,Empiristas,9,7,2004
20,110,1,Incrementalistas,9,7,1900
20,110,2,Evolucionistas,9,7,1841
20,110,3,Isolados,8.76805,4,2001
20,115,0,Empiristas,9,7,2239
20,115,1,Incrementalistas,9,7,2134
20,115,2,Evolucionistas,9,7,2075
20,115,3,Isolados,8.76805,5,2235
20,120,0,Empiristas,9,7,2498
20,120,1,Incrementalistas,9,7,2392
20,120,2,Evolucionistas,9,7,2333
20,120,3,Isolados,8.78821,5,2494
20,125,0,Empiristas,9,7,2784
20,125,1,Incrementalistas,9,7,2678
20,125,2,Evolucionistas,9,7,2619
20,125,3,Isolados,9,5,2779
20,130,0,Empiristas,9,7,3100
20,130,1,Incrementalistas,9,7,2994
20,130,2,Evolucionistas,9,7,2935
20,130,3,Isolados,9,7,3095
20,135,0,Empiristas,9,6,3412
20,135,1,Incrementalistas,9,7,3342
20,135,2,Evolucionistas,9,7,3283
20,135,3,Isolados,9,7,3444
20,140,0,Empiristas,9,7,3603
20,140,1,Incrementalistas,9,7,3726
20,140,2,Evolucionistas,9,7,3667
20,140,3,Isolados,9,7,3829
20,145,0,Empiristas,9,4,3814
20,145,1,Incrementalistas,9,7,4152
20,145,2,Evolucionistas,9,7,4092
20,145,3,Isolados,9,7,4253
20,150,0,Empiristas,9,5,4048
20,150,1,Incrementalistas,9,7,4621
20,150,2,Evolucionistas,9,7,4562
20,150,3,Isolados,9,7,4674
20,155,0,Empiristas,9,5,4308
20,155,1,Incrementalistas,9,7,5138
20,155,2,Evolucionistas,9,7,5078
20,155,3,Isolados,9,7,4934
20,160,0,Empiristas,9,5,4595
20,160,1,Incrementalistas,9,7,5710
20,160,2,Evolucionistas,9,7,5650
20,160,3,Isolados,9,7,5220
20,165,0,Empiristas,9,5,4909
20,165,1,Incrementalistas,9,7,6341
20,165,2,Evolucionistas,9,7,6281
20,165,3,Isolados,9,4,5536
20,170,0,Empiristas,9,7,5258
20,170,1,Incrementalistas,9,7,7037
20,170,2,Evolucionistas,9,7,6978
20,170,3,Isolados,9,5,5884
20,175,0,Empiristas,9,8,5643
20,175,1,Incrementalistas,9,7,7493
20,175,2,Evolucionistas,9,7,7748
20,175,3,Isolados,9,5,6268
20,180,0,Empiristas,9,8,6067
20,180,1,Incrementalistas,9,7,7916
20,180,2,Evolucionistas,9,7,8596
20,180,3,Isolados,9,5,6693
20,185,0,Empiristas,9,8,7005
20,185,1,Incrementalistas,9,7,8386
20,185,2,Evolucionistas,9,8,9533
20,185,3,Isolados,9,6,7161
20,190,0,Empiristas,9,8,8040
20,190,1,Incrementalistas,9,8,8903
20,190,2,Evolucionistas,9,8,10568
20,190,3,Isolados,9,6,7995
20,195,0,Empiristas,9,8,9181
20,195,1,Incrementalistas,9,8,9475
20,195,2,Evolucionistas,9,6,11592
20,195,3,Isolados,9,6,9139
20,200,0,Empiristas,9,8,10443
20,200,1,Incrementalistas,9,8,10736
20,200,2,Evolucionistas,9,7,12222
20,200,3,Isolados,9,6,10400
20,205,0,Empiristas,9,8,11835
20,205,1,Incrementalistas,9,8,12128
20,205,2,Evolucionistas,9,7,12918
20,205,3,Isolados,9,6,11793
20,210,0,Empiristas,9,8,13373
20,210,1,Incrementalistas,9,8,13666
20,210,2,Evolucionistas,9,8,13688
20,210,3,Isolados,9,7,13332
20,215,0,Empiristas,9,8,15071
20,215,1,Incrementalistas,9,8,15363
20,215,2,Evolucionistas,9,8,14537
20,215,3,Isolados,9,7,15031
20,220,0,Empiristas,9,8,16944
20,220,1,Incrementalistas,9,8,17238
20,220,2,Evolucionistas,9,8,15861
20,220,3,Isolados,9,7,16906
20,225,0,Empiristas,9,8,19014
20,225,1,Incrementalistas,9,8,19309
20,225,2,Evolucionistas,9,8,17931
20,225,3,Isolados,9,7,18977
20,230,0,Empiristas,9,8,21299
20,230,1,Incrementalistas,9,8,21594
20,230,2,Evolucionistas,9,8,20217
20,230,3,Isolados,9,7,21262
20,235,0,Empiristas,9,8,23777
20,235,1,Incrementalistas,9,8,24073
20,235,2,Evolucionistas,9,8,22697
20,235,3,Isolados,9,7,23741
20,240,0,Empiristas,9,8,26277
20,240,1,Incrementalistas,9,8,26573
20,240,2,Evolucionistas,9,8,25197
20,240,3,Isolados,9,7,26241
20,245,0,Empiristas,9,8,28777
20,245,1,Incrementalistas,9,8,29073
20,245,2,Evolucionistas,9,8,27697
20,245,3,Isolados,9,7,28741
20,250,0,Empiristas,9,8,31277
20,250,1,Incrementalistas,9,8,31573
20,250,2,Evolucionistas,9,8,30197
20,250,3,Isolados,9,7,31241
20,255,0,Empiristas,9,8,33777
20,255,1,Incrementalistas,9,8,34073
20,255,2,Evolucionistas,9,8,32697
20,255,3,Isolados,9,7,33741
20,260,0,Empiristas,9,8,36277
20,260,1,Incrementalistas,9,8,36573
20,260,2,Evolucionistas,9,8,35197
20,260,3,Isolados,9,7,36241
20,265,0,Empiristas,9,8,38777
20,265,1,Incrementalistas,9,8,39073
20,265,2,Evolucionistas,9,8,37697
20,265,3,Isolados,9,7,38741
20,270,0,Empiristas,9,8,41277
20,270,1,Incrementalistas,9,8,41573
20,270,2,Evolucionistas,9,8,40197
20,270,3,Isolados,9,8,41241
20,275,0,Empiristas,9,8,43777
20,275,1,Incrementalistas,9,8,44073
20,275,2,Evolucionistas,9,8,42697
20,275,3,Isolados,9,8,43741
20,280,0,Empiristas,9,8,46277
20,280,1,Incrementalistas,9,8,46573
20,280,2,Evolucionistas,9,8,45197
20,280,3,Isolados,9,8,46241
20,285,0,Empiristas,9,8,48777
20,285,1,Incrementalistas,9,8,49073
20,285,2,Evolucionistas,9,8,47697
20,285,3,Isolados,9,8,48741
20,290,0,Empiristas,9,8,51277
20,290,1,Incrementalistas,9,8,51573
20,290,2,Evolucionistas,9,8,50197
20,290,3,Isolados,9,8,51241
20,295,0,Empiristas,9,8,53777
20,295,1,Incrementalistas,9,8,54073
20,295,2,Evolucionistas,9,8,52697
20,295,3,Isolados,9,8,53741
20,300,0,Empiristas,9,6,56027
20,300,1,Incrementalistas,9,8,56573
20,300,2,Evolucionistas,9,8,55197
20,300,3,Isolados,9,8,56241
21,0,0,Empiristas,-0.374347,1,5
21,0,1,Incrementalistas,-0.30103,1,5
21,0,2,Evolucionistas,nan,0,5
21,0,3,Isolados,nan,0,5
21,5,0,Empiristas,-0.338928,1,31
21,5,1,Incrementalistas,8.21834,2,30
21,5,2,Evolucionistas,6.46984,3,30
21,5,3,Isolados,0.091124,1,31
21,10,0,Empiristas,8.21834,3,60
21,10,1,Incrementalistas,8.21834,2,60
21,10,2,Evolucionistas,6.46984,3,59
21,10,3,Isolados,0.091124,1,60
21,15,0,Empiristas,8.21834,4,92
21,15,1,Incrementalistas,8.23523,2,94
21,15,2,Evolucionistas,6.46984,3,92
21,15,3,Isolados,0.091124,1,92
21,20,0,Empiristas,8.23523,5,128
21,20,1,Incrementalistas,8.23523,2,130
21,20,2,Evolucionistas,7.36692,3,128
21,20,3,Isolados,0.091124,1,127
21,25,0,Empiristas,8.23523,5,165
21,25,1,Incrementalistas,8.23523,3,168
21,25,2,Evolucionistas,7.48727,3,167
21,25,3,Isolados,0.091124,1,166
21,30,0,Empiristas,8.26915,5,207
21,30,1,Incrementalistas,9,3,211
21,30,2,Evolucionistas,8.23523,5,211
21,30,3,Isolados,0.282306,1,210
21,35,0,Empiristas,9,6,253
21,35,1,Incrementalistas,9,6,261
21,35,2,Evolucionistas,9,5,259
21,35,3,Isolados,0.282306,1,258
21,40,0,Empiristas,9,6,304
21,40,1,Incrementalistas,9,6,313
21,40,2,Evolucionistas,9,5,311
21,40,3,Isolados,0.282306,1,311
21,45,0,Empiristas,9,6,362
21,45,1,Incrementalistas,9,5,371
21,45,2,Evolucionistas,9,6,371
21,45,3,Isolados,0.282306,1,369
21,50,0,Empiristas,9,7,427
21,50,1,Incrementalistas,9,7,403
21,50,2,Evolucionistas,9,6,435
21,50,3,Isolados,0.297637,1,433
21,55,0,Empiristas,9,7,499
21,55,1,Incrementalistas,9,7,438
21,55,2,Evolucionistas,9,6,506
21,55,3,Isolados,0.297637,1,505
21,60,0,Empiristas,9,7,579
21,60,1,Incrementalistas,9,7,477
21,60,2,Evolucionistas,9,7,585
21,60,3,Isolados,0.343209,1,582
21,65,0,Empiristas,9,7,665
21,65,1,Incrementalistas,9,7,519
21,65,2,Evolucionistas,9,7,673
21,65,3,Isolados,0.419878,1,670
21,70,0,Empiristas,9,7,760
21,70,1,Incrementalistas,9,7,578
21,70,2,Evolucionistas,9,6,740
21,70,3,Isolados,0.419878,1,767
21,75,0,Empiristas,9,7,866
21,75,1,Incrementalistas,9,7,684
21,75,2,Evolucionistas,9,7,792
21,75,3,Isolados,0.419878,1,873
21,80,0,Empiristas,9,7,981
21,80,1,Incrementalistas,9,7,801
21,80,2,Evolucionistas,9,7,852
21,80,3,Isolados,0.419878,1,989
21,85,0,Empiristas,9,7,1110
21,85,1,Incrementalistas,9,7,929
21,85,2,Evolucionistas,9,7,917
21,85,3,Isolados,0.419878,1,1118
21,90,0,Empiristas,9,7,1253
21,90,1,Incrementalistas,9,7,1071
21,90,2,Evolucionistas,9,7,990
21,90,3,Isolados,0.419878,1,1261
21,95,0,Empiristas,9,7,1411
21,95,1,Incrementalistas,9,7,1228
21,95,2,Evolucionistas,9,7,1134
21,95,3,Isolados,0.419878,1,1418
21,100,0,Empiristas,9,7,1585
21,100,1,Incrementalistas,9,7,1403
21,100,2,Evolucionistas,9,7,1307
21,100,3,Isolados,0.419878,1,1592
21,105,0,Empiristas,9,7,1777
21,105,1,Incrementalistas,9,7,1595
21,105,2,Evolucionistas,9,7,1499
21,105,3,Isolados,0.419878,1,1784
21,110,0,Empiristas,9,7,1989
21,110,1,Incrementalistas,9,7,1805
21,110,2,Evolucionistas,9,7,1710
21,110,3,Isolados,0.419878,1,1998
21,115,0,Empiristas,9,7,2223
21,115,1,Incrementalistas,9,7,2040
21,115,2,Evolucionistas,9,7,1944
21,115,3,Isolados,8.54692,3,2233
21,120,0,Empiristas,9,7,2483
21,120,1,Incrementalistas,9,7,2299
21,120,2,Evolucionistas,9,7,2202
21,120,3,Isolados,9,4,2492
21,125,0,Empiristas,9,7,2768
21,125,1,Incrementalistas,9,7,2585
21,125,2,Evolucionistas,9,7,2457
21,125,3,Isolados,9,5,2777
21,130,0,Empiristas,9,8,3084
21,130,1,Incrementalistas,9,7,2774
21,130,2,Evolucionistas,9,7,2614
21,130,3,Isolados,9,5,3094
21,135,0,Empiristas,9,8,3432
21,135,1,Incrementalistas,9,8,2948
21,135,2,Evolucionistas,9,8,2788
21,135,3,Isolados,9,5,3443
21,140,0,Empiristas,9,8,3817
21,140,1,Incrementalistas,9,8,3141
21,140,2,Evolucionistas,9,8,2981
21,140,3,Isolados,9,5,3828
21,145,0,Empiristas,9,8,4241
21,145,1,Incrementalistas,9,8,3353
21,145,2,Evolucionistas,9,8,3193
21,145,3,Isolados,9,5,4251
21,150,0,Empiristas,9,8,4711
21,150,1,Incrementalistas,9,8,3587
21,150,2,Evolucionistas,9,4,3525
21,150,3,Isolados,9,5,4718
21,155,0,Empiristas,9,8,5228
21,155,1,Incrementalistas,9,8,4104
21,155,2,Evolucionistas,9,7,3783
21,155,3,Isolados,9,5,5236
21,160,0,Empiristas,9,8,5799
21,160,1,Incrementalistas,9,8,4676
21,160,2,Evolucionistas,9,7,4069
21,160,3,Isolados,9,5,5808
21,165,0,Empiristas,9,8,6431
21,165,1,Incrementalistas,9,8,5306
21,165,2,Evolucionistas,9,7,4385
21,165,3,Isolados,9,5,6439
21,170,0,Empiristas,9,8,7127
21,170,1,Incrementalistas,9,8,6003
21,170,2,Evolucionistas,9,8,4734
21,170,3,Isolados,9,5,7135
21,175,0,Empiristas,9,8,7897
21,175,1,Incrementalistas,9,8,6772
21,175,2,Evolucionistas,9,8,5199
21,175,3,Isolados,9,5,7904
21,180,0,Empiristas,9,8,8745
21,180,1,Incrementalistas,9,8,7621
21,180,2,Evolucionistas,9,8,6048
21,180,3,Isolados,9,5,8752
21,185,0,Empiristas,9,8,9683
21,185,1,Incrementalistas,9,8,8559
21,185,2,Evolucionistas,9,8,6986
21,185,3,Isolados,9,5,9690
21,190,0,Empiristas,9,7,10503
21,190,1,Incrementalistas,9,8,9594
21,190,2,Evolucionistas,9,8,8021
21,190,3,Isolados,9,5,10724
21,195,0,Empiristas,9,7,11075
21,195,1,Incrementalistas,9,8,10738
21,195,2,Evolucionistas,9,8,9163
21,195,3,Isolados,9,5,11867
21,200,0,Empiristas,9,7,11707
21,200,1,Incrementalistas,9,8,11999
21,200,2,Evolucionistas,9,8,10425
21,200,3,Isolados,9,6,13128
21,205,0,Empiristas,9,7,12403
21,205,1,Incrementalistas,9,8,13392
21,205,2,Evolucionistas,9,8,11817
21,205,3,Isolados,9,6,14522
21,210,0,Empiristas,9,7,13172
21,210,1,Incrementalistas,9,8,14930
21,210,2,Evolucionistas,9,8,13354
21,210,3,Isolados,9,7,16062
21,215,0,Empiristas,9,7,14541
21,215,1,Incrementalistas,9,8,16628
21,215,2,Evolucionistas,9,8,15052
21,215,3,Isolados,9,7,17760
21,220,0,Empiristas,9,8,16416
21,220,1,Incrementalistas,9,8,18501
21,220,2,Evolucionistas,9,8,16926
21,220,3,Isolados,9,7,19635
21,225,0,Empiristas,9,8,18486
21,225,1,Incrementalistas,9,8,20571
21,225,2,Evolucionistas,9,8,18996
21,225,3,Isolados,9,7,21705
21,230,0,Empiristas,9,8,20772
21,230,1,Incrementalistas,9,8,22858
21,230,2,Evolucionistas,9,8,21282
21,230,3,Isolados,9,7,23990
21,235,0,Empiristas,9,8,23251
21,235,1,Incrementalistas,9,8,25338
21,235,2,Evolucionistas,9,8,23762
21,235,3,Isolados,9,7,25720
21,240,0,Empiristas,9,8,25751
21,240,1,Incrementalistas,9,8,27838
21,240,2,Evolucionistas,9,8,26262
21,240,3,Isolados,9,7,26970
21,245,0,Empiristas,9,8,28251
21,245,1,Incrementalistas,9,8,30338
21,245,2,Evolucionistas,9,8,28762
21,245,3,Isolados,9,7,28220
21,250,0,Empiristas,9,8,30751
21,250,1,Incrementalistas,9,8,32838
21,250,2,Evolucionistas,9,8,31262
21,250,3,Isolados,9,7,29470
21,255,0,Empiristas,9,8,33251
21,255,1,Incrementalistas,9,8,35338
21,255,2,Evolucionistas,9,8,33762
21,255,3,Isolados,9,7,30720
21,260,0,Empiristas,9,8,35751
21,260,1,Incrementalistas,9,8,37838
21,260,2,Evolucionistas,9,8,36262
21,260,3,Isolados,9,7,32970
21,265,0,Empiristas,9,8,38251
21,265,1,Incrementalistas,9,8,40338
21,265,2,Evolucionistas,9,8,38762
21,265,3,Isolados,9,7,35470
21,270,0,Empiristas,9,8,40751
21,270,1,Incrementalistas,9,8,42838
21,270,2,Evolucionistas,9,8,41262
21,270,3,Isolados,9,7,37970
21,275,0,Empiristas,9,8,43251
21,275,1,Incrementalistas,9,8,45338
21,275,2,Evolucionistas,9,8,43762
21,275,3,Isolados,9,7,40470
21,280,0,Empiristas,9,8,45751
21,280,1,Incrementalistas,9,8,47838
21,280,2,Evolucionistas,9,8,46262
21,280,3,Isolados,9,7,42970
21,285,0,Empiristas,9,8,48251
21,285,1,Incrementalistas,9,8,50338
21,285,2,Evolucionistas,9,8,48762
21,285,3,Isolados,9,7,45470
21,290,0,Empiristas,9,8,50751
21,290,1,Incrementalistas,9,8,52838
21,290,2,Evolucionistas,9,8,51262
21,290,3,Isolados,9,7,47970
21,295,0,Empiristas,9,8,53251
21,295,1,Incrementalistas,9,8,55338
21,295,2,Evolucionistas,9,8,53762
21,295,3,Isolados,9,7,50470
21,300,0,Empiristas,9,8,55751
21,300,1,Incrementalistas,9,8,57838
21,300,2,Evolucionistas,9,8,56262
21,300,3,Isolados,9,7,52970
22,0,0,Empiristas,-0.421362,1,5
22,0,1,Incrementalistas,nan,0,5
22,0,2,Evolucionistas,-0.421362,1,5
22,0,3,Isolados,nan,0,5
22,5,0,Empiristas,0.34531,1,31
22,5,1,Incrementalistas,0.23904,1,33
22,5,2,Evolucionistas,0.23904,1,31
22,5,3,Isolados,0.0860536,1,31
22,10,0,Empiristas,0.358617,1,60
22,10,1,Incrementalistas,6.64308,2,62
22,10,2,Evolucionistas,8.32171,2,55
22,10,3,Isolados,0.298322,1,59
22,15,0,Empiristas,8.32171,3,93
22,15,1,Incrementalistas,6.76727,2,95
22,15,2,Evolucionistas,8.32171,2,71
22,15,3,Isolados,0.298322,1,91
22,20,0,Empiristas,8.32171,5,128
22,20,1,Incrementalistas,8.4,3,131
22,20,2,Evolucionistas,8.4,2,89
22,20,3,Isolados,0.298322,1,126
22,25,0,Empiristas,8.4,6,168
22,25,1,Incrementalistas,8.4,4,170
22,25,2,Evolucionistas,8.4,3,108
22,25,3,Isolados,0.407959,1,167
22,30,0,Empiristas,8.4,7,212
22,30,1,Incrementalistas,8.4,4,214
22,30,2,Evolucionistas,8.4,3,130
22,30,3,Isolados,0.487468,1,211
22,35,0,Empiristas,8.4,7,261
22,35,1,Incrementalistas,8.4,6,262
22,35,2,Evolucionistas,8.4,4,168
22,35,3,Isolados,0.539192,1,258
22,40,0,Empiristas,9,7,313
22,40,1,Incrementalistas,9,7,314
22,40,2,Evolucionistas,9,4,220
22,40,3,Isolados,0.621369,1,312
22,45,0,Empiristas,9,7,372
22,45,1,Incrementalistas,9,7,373
22,45,2,Evolucionistas,9,6,278
22,45,3,Isolados,0.624574,1,371
22,50,0,Empiristas,9,7,438
22,50,1,Incrementalistas,9,7,437
22,50,2,Evolucionistas,9,6,342
22,50,3,Isolados,0.624574,1,435
22,55,0,Empiristas,9,7,509
22,55,1,Incrementalistas,9,7,509
22,55,2,Evolucionistas,9,7,412
22,55,3,Isolados,0.624574,1,506
22,60,0,Empiristas,9,7,588
22,60,1,Incrementalistas,9,7,590
22,60,2,Evolucionistas,9,7,491
22,60,3,Isolados,0.624574,1,584
22,65,0,Empiristas,9,7,675
22,65,1,Incrementalistas,9,7,676
22,65,2,Evolucionistas,9,7,577
22,65,3,Isolados,0.636983,1,628
22,70,0,Empiristas,9,7,772
22,70,1,Incrementalistas,9,7,773
22,70,2,Evolucionistas,9,7,674
22,70,3,Isolados,6.82302,3,677
22,75,0,Empiristas,9,7,879
22,75,1,Incrementalistas,9,7,878
22,75,2,Evolucionistas,9,7,779
22,75,3,Isolados,6.82302,3,731
22,80,0,Empiristas,9,7,995
22,80,1,Incrementalistas,9,7,995
22,80,2,Evolucionistas,9,7,896
22,80,3,Isolados,6.99583,3,789
22,85,0,Empiristas,9,7,1125
22,85,1,Incrementalistas,9,7,1124
22,85,2,Evolucionistas,9,7,1025
22,85,3,Isolados,6.99583,3,866
22,90,0,Empiristas,9,7,1266
22,90,1,Incrementalistas,9,7,1267
22,90,2,Evolucionistas,9,7,1168
22,90,3,Isolados,8.80075,6,1008
22,95,0,Empiristas,9,7,1423
22,95,1,Incrementalistas,9,7,1424
22,95,2,Evolucionistas,9,7,1325
22,95,3,Isolados,9,7,1167
22,100,0,Empiristas,9,6,1580
22,100,1,Incrementalistas,9,7,1600
22,100,2,Evolucionistas,9,7,1499
22,100,3,Isolados,9,7,1341
22,105,0,Empiristas,9,7,1675
22,105,1,Incrementalistas,9,7,1793
22,105,2,Evolucionistas,9,7,1691
22,105,3,Isolados,9,7,1534
22,110,0,Empiristas,9,7,1780
22,110,1,Incrementalistas,9,7,2007
22,110,2,Evolucionistas,9,7,1904
22,110,3,Isolados,9,7,1747
22,115,0,Empiristas,9,7,1898
22,115,1,Incrementalistas,9,7,2241
22,115,2,Evolucionistas,9,7,2138
22,115,3,Isolados,9,7,1981
22,120,0,Empiristas,9,7,2027
22,120,1,Incrementalistas,9,7,2501
22,120,2,Evolucionistas,9,7,2396
22,120,3,Isolados,9,7,2241
22,125,0,Empiristas,9,7,2228
22,125,1,Incrementalistas,9,7,2787
22,125,2,Evolucionistas,9,7,2681
22,125,3,Isolados,9,7,2526
22,130,0,Empiristas,9,7,2543
22,130,1,Incrementalistas,9,7,3101
22,130,2,Evolucionistas,9,7,2996
22,130,3,Isolados,9,7,2841
22,135,0,Empiristas,9,7,2750
22,135,1,Incrementalistas,9,7,3448
22,135,2,Evolucionistas,9,7,3344
22,135,3,Isolados,9,7,3189
22,140,0,Empiristas,9,7,2942
22,140,1,Incrementalistas,9,7,3833
22,140,2,Evolucionistas,9,7,3728
22,140,3,Isolados,9,7,3574
22,145,0,Empiristas,9,7,3156
22,145,1,Incrementalistas,9,7,4256
22,145,2,Evolucionistas,9,7,4152
22,145,3,Isolados,9,7,3999
22,150,0,Empiristas,9,7,3391
22,150,1,Incrementalistas,9,7,4725
22,150,2,Evolucionistas,9,7,4623
22,150,3,Isolados,9,7,4467
22,155,0,Empiristas,9,7,3650
22,155,1,Incrementalistas,9,7,5241
22,155,2,Evolucionistas,9,7,5138
22,155,3,Isolados,9,7,4984
22,160,0,Empiristas,9,7,4221
22,160,1,Incrementalistas,9,7,5813
22,160,2,Evolucionistas,9,7,5710
22,160,3,Isolados,9,7,5555
22,165,0,Empiristas,9,7,4851
22,165,1,Incrementalistas,9,7,6443
22,165,2,Evolucionistas,9,7,6341
22,165,3,Isolados,9,7,6186
22,170,0,Empiristas,9,7,5547
22,170,1,Incrementalistas,9,7,7139
22,170,2,Evolucionistas,9,7,7038
22,170,3,Isolados,9,7,6883
22,175,0,Empiristas,9,7,6317
22,175,1,Incrementalistas,9,7,7909
22,175,2,Evolucionistas,9,7,7807
22,175,3,Isolados,9,7,7652
22,180,0,Empiristas,9,7,7166
22,180,1,Incrementalistas,9,7,8758
22,180,2,Evolucionistas,9,7,8654
22,180,3,Isolados,9,7,8499
22,185,0,Empiristas,9,7,8103
22,185,1,Incrementalistas,9,7,9695
22,185,2,Evolucionistas,9,7,9592
22,185,3,Isolados,9,7,9437
22,190,0,Empiristas,9,8,9138
22,190,1,Incrementalistas,9,7,10731
22,190,2,Evolucionistas,9,7,10626
22,190,3,Isolados,9,7,10472
22,195,0,Empiristas,9,8,10282
22,195,1,Incrementalistas,9,7,11875
22,195,2,Evolucionistas,9,7,11770
22,195,3,Isolados,9,7,11614
22,200,0,Empiristas,9,8,11543
22,200,1,Incrementalistas,9,7,13138
22,200,2,Evolucionistas,9,7,13031
22,200,3,Isolados,9,7,12876
22,205,0,Empiristas,9,8,12936
22,205,1,Incrementalistas,9,7,14531
22,205,2,Evolucionistas,9,7,14425
22,205,3,Isolados,9,7,14269
22,210,0,Empiristas,9,8,14475
22,210,1,Incrementalistas,9,7,16069
22,210,2,Evolucionistas,9,7,15965
22,210,3,Isolados,9,7,15807
22,215,0,Empiristas,9,8,16173
22,215,1,Incrementalistas,9,6,17081
22,215,2,Evolucionistas,9,7,17662
22,215,3,Isolados,9,7,17505
22,220,0,Empiristas,9,8,18048
22,220,1,Incrementalistas,9,7,18018
22,220,2,Evolucionistas,9,7,19537
22,220,3,Isolados,9,7,19378
22,225,0,Empiristas,9,8,20119
22,225,1,Incrementalistas,9,7,19053
22,225,2,Evolucionistas,9,7,21608
22,225,3,Isolados,9,7,21449
22,230,0,Empiristas,9,8,22403
22,230,1,Incrementalistas,9,7,20196
22,230,2,Evolucionistas,9,7,23894
22,230,3,Isolados,9,7,23734
22,235,0,Empiristas,9,8,24882
22,235,1,Incrementalistas,9,7,21437
22,235,2,Evolucionistas,9,7,26374
22,235,3,Isolados,9,7,26214
22,240,0,Empiristas,9,8,27382
22,240,1,Incrementalistas,9,7,23937
22,240,2,Evolucionistas,9,7,28874
22,240,3,Isolados,9,7,28714
22,245,0,Empiristas,9,8,29882
22,245,1,Incrementalistas,9,8,26437
22,245,2,Evolucionistas,9,7,31374
22,245,3,Isolados,9,7,31214
22,250,0,Empiristas,9,8,32382
22,250,1,Incrementalistas,9,8,28937
22,250,2,Evolucionistas,9,7,33874
22,250,3,Isolados,9,7,33714
22,255,0,Empiristas,9,8,34882
22,255,1,Incrementalistas,9,8,31437
22,255,2,Evolucionistas,9,7,36374
22,255,3,Isolados,9,7,36214
22,260,0,Empiristas,9,8,37382
22,260,1,Incrementalistas,9,8,33937
22,260,2,Evolucionistas,9,8,38874
22,260,3,Isolados,9,7,38714
22,265,0,Empiristas,9,8,39882
22,265,1,Incrementalistas,9,8,36437
22,265,2,Evolucionistas,9,8,41374
22,265,3,Isolados,9,7,41214
22,270,0,Empiristas,9,8,42382
22,270,1,Incrementalistas,9,8,38937
22,270,2,Evolucionistas,9,8,43874
22,270,3,Isolados,9,7,43714
22,275,0,Empiristas,9,5,44632
22,275,1,Incrementalistas,9,8,41437
22,275,2,Evolucionistas,9,8,46374
22,275,3,Isolados,9,7,46214
22,280,0,Empiristas,9,6,45882
22,280,1,Incrementalistas,9,8,43937
22,280,2,Evolucionistas,9,8,48874
22,280,3,Isolados,9,7,48714
22,285,0,Empiristas,9,6,47132
22,285,1,Incrementalistas,9,8,46437
22,285,2,Evolucionistas,9,8,51374
22,285,3,Isolados,9,7,51214
22,290,0,Empiristas,9,7,48382
22,290,1,Incrementalistas,9,8,48937
22,290,2,Evolucionistas,9,8,53874
22,290,3,Isolados,9,7,53714
22,295,0,Empiristas,9,7,49632
22,295,1,Incrementalistas,9,8,51437
22,295,2,Evolucionistas,9,8,56374
22,295,3,Isolados,9,7,56214
22,300,0,Empiristas,9,8,51382
22,300,1,Incrementalistas,9,8,53937
22,300,2,Evolucionistas,9,8,58874
22,300,3,Isolados,9,7,58714
23,0,0,Empiristas,nan,0,5
23,0,1,Incrementalistas,-0.30103,1,5
23,0,2,Evolucionistas,-0.134601,1,5
23,0,3,Isolados,nan,0,5
23,5,0,Empiristas,-0.261532,1,33
23,5,1,Incrementalistas,-0.0920427,1,32
23,5,2,Evolucionistas,-4.34294e-07,1,30
23,5,3,Isolados,-0.30583,1,31
23,10,0,Empiristas,0.0631637,1,63
23,10,1,Incrementalistas,0.0631637,1,62
23,10,2,Evolucionistas,0.0631637,1,60
23,10,3,Isolados,-0.30583,1,60
23,15,0,Empiristas,0.0650943,1,97
23,15,1,Incrementalistas,0.126269,1,96
23,15,2,Evolucionistas,0.126269,1,91
23,15,3,Isolados,-0.0574802,1,91
23,20,0,Empiristas,0.0650943,1,133
23,20,1,Incrementalistas,0.241399,1,132
23,20,2,Evolucionistas,0.15958,1,128
23,20,3,Isolados,0.267783,1,126
23,25,0,Empiristas,0.202591,1,173
23,25,1,Incrementalistas,0.369168,1,170
23,25,2,Evolucionistas,0.369168,1,168
23,25,3,Isolados,0.267783,1,165
23,30,0,Empiristas,0.369168,1,215
23,30,1,Incrementalistas,0.369168,1,215
23,30,2,Evolucionistas,0.369168,1,212
23,30,3,Isolados,0.444003,1,209
23,35,0,Empiristas,0.369168,1,263
23,35,1,Incrementalistas,0.369168,1,264
23,35,2,Evolucionistas,0.369168,1,261
23,35,3,Isolados,0.444003,1,256
23,40,0,Empiristas,0.369168,1,316
23,40,1,Incrementalistas,0.449653,1,318
23,40,2,Evolucionistas,0.369168,1,314
23,40,3,Isolados,0.589117,1,310
23,45,0,Empiristas,0.517351,1,374
23,45,1,Incrementalistas,0.64174,1,375
23,45,2,Evolucionistas,0.517351,1,373
23,45,3,Isolados,0.662395,1,369
23,50,0,Empiristas,0.517351,1,438
23,50,1,Incrementalistas,0.64174,1,438
23,50,2,Evolucionistas,0.64174,1,436
23,50,3,Isolados,6,2,434
23,55,0,Empiristas,0.517351,1,510
23,55,1,Incrementalistas,0.64174,1,509
23,55,2,Evolucionistas,0.64174,1,507
23,55,3,Isolados,6.25513,3,506
23,60,0,Empiristas,0.64174,1,590
23,60,1,Incrementalistas,0.64174,1,588
23,60,2,Evolucionistas,0.64174,1,587
23,60,3,Isolados,6.62323,3,585
23,65,0,Empiristas,6.98878,3,678
23,65,1,Incrementalistas,6.98878,2,675
23,65,2,Evolucionistas,6.64826,2,674
23,65,3,Isolados,6.62323,3,672
23,70,0,Empiristas,6.98878,5,775
23,70,1,Incrementalistas,6.98878,2,772
23,70,2,Evolucionistas,6.98878,2,770
23,70,3,Isolados,7.05133,3,769
23,75,0,Empiristas,7.24793,5,882
23,75,1,Incrementalistas,7.75692,6,879
23,75,2,Evolucionistas,7.24793,4,874
23,75,3,Isolados,7.34287,3,876
23,80,0,Empiristas,7.39341,6,1000
23,80,1,Incrementalistas,8.96656,7,998
23,80,2,Evolucionistas,7.75692,5,991
23,80,3,Isolados,7.42301,4,993
23,85,0,Empiristas,9,7,1130
23,85,1,Incrementalistas,9,7,1126
23,85,2,Evolucionistas,9,6,1119
23,85,3,Isolados,7.86079,4,1122
23,90,0,Empiristas,9,7,1273
23,90,1,Incrementalistas,9,7,1270
23,90,2,Evolucionistas,9,6,1261
23,90,3,Isolados,7.97411,4,1265
23,95,0,Empiristas,9,7,1431
23,95,1,Incrementalistas,9,7,1427
23,95,2,Evolucionistas,9,7,1418
23,95,3,Isolados,8.09435,5,1422
23,100,0,Empiristas,9,7,1604
23,100,1,Incrementalistas,9,7,1599
23,100,2,Evolucionistas,9,7,1592
23,100,3,Isolados,8.70143,6,1595
23,105,0,Empiristas,9,7,1798
23,105,1,Incrementalistas,9,7,1790
23,105,2,Evolucionistas,9,7,1786
23,105,3,Isolados,9,6,1787
23,110,0,Empiristas,9,7,2012
23,110,1,Incrementalistas,9,6,2004
23,110,2,Evolucionistas,9,7,2000
23,110,3,Isolados,9,7,2000
23,115,0,Empiristas,9,7,2247
23,115,1,Incrementalistas,9,7,2121
23,115,2,Evolucionistas,9,7,2234
23,115,3,Isolados,9,8,2236
23,120,0,Empiristas,9,7,2505
23,120,1,Incrementalistas,9,7,2250
23,120,2,Evolucionistas,9,7,2491
23,120,3,Isolados,9,8,2494
23,125,0,Empiristas,9,7,2792
23,125,1,Incrementalistas,9,7,2391
23,125,2,Evolucionistas,9,7,2776
23,125,3,Isolados,9,8,2780
23,130,0,Empiristas,9,7,3108
23,130,1,Incrementalistas,9,7,2549
23,130,2,Evolucionistas,9,7,3091
23,130,3,Isolados,9,8,3033
23,135,0,Empiristas,9,7,3457
23,135,1,Incrementalistas,9,7,2758
23,135,2,Evolucionistas,9,7,3438
23,135,3,Isolados,9,8,3208
23,140,0,Empiristas,9,7,3841
23,140,1,Incrementalistas,9,7,3143
23,140,2,Evolucionistas,9,7,3822
23,140,3,Isolados,9,8,3400
23,145,0,Empiristas,9,7,4266
23,145,1,Incrementalistas,9,7,3569
23,145,2,Evolucionistas,9,7,4246
23,145,3,Isolados,9,8,3613
23,150,0,Empiristas,9,7,4735
23,150,1,Incrementalistas,9,7,4038
23,150,2,Evolucionistas,9,7,4715
23,150,3,Isolados,9,8,3847
23,155,0,Empiristas,9,7,5251
23,155,1,Incrementalistas,9,7,4555
23,155,2,Evolucionistas,9,7,5232
23,155,3,Isolados,9,8,4266
23,160,0,Empiristas,9,7,5824
23,160,1,Incrementalistas,9,7,5125
23,160,2,Evolucionistas,9,7,5803
23,160,3,Isolados,9,8,4838
23,165,0,Empiristas,9,7,6455
23,165,1,Incrementalistas,9,7,5758
23,165,2,Evolucionistas,9,7,6433
23,165,3,Isolados,9,8,5469
23,170,0,Empiristas,9,7,7151
23,170,1,Incrementalistas,9,7,6456
23,170,2,Evolucionistas,9,7,7130
23,170,3,Isolados,9,8,6165
23,175,0,Empiristas,9,7,7921
23,175,1,Incrementalistas,9,7,7225
23,175,2,Evolucionistas,9,7,7900
23,175,3,Isolados,9,8,6934
23,180,0,Empiristas,9,7,8769
23,180,1,Incrementalistas,9,7,8074
23,180,2,Evolucionistas,9,7,8750
23,180,3,Isolados,9,8,7782
23,185,0,Empiristas,9,7,9709
23,185,1,Incrementalistas,9,7,9011
23,185,2,Evolucionistas,9,7,9688
23,185,3,Isolados,9,8,8720
23,190,0,Empiristas,9,7,10744
23,190,1,Incrementalistas,9,7,10045
23,190,2,Evolucionistas,9,7,10724
23,190,3,Isolados,9,8,9754
23,195,0,Empiristas,9,7,11888
23,195,1,Incrementalistas,9,7,11187
23,195,2,Evolucionistas,9,7,11866
23,195,3,Isolados,9,8,10897
23,200,0,Empiristas,9,7,13149
23,200,1,Incrementalistas,9,7,12449
23,200,2,Evolucionistas,9,8,13127
23,200,3,Isolados,9,8,12159
23,205,0,Empiristas,9,7,14541
23,205,1,Incrementalistas,9,7,13841
23,205,2,Evolucionistas,9,8,14520
23,205,3,Isolados,9,8,13552
23,210,0,Empiristas,9,7,16080
23,210,1,Incrementalistas,9,7,15379
23,210,2,Evolucionistas,9,8,16056
23,210,3,Isolados,9,8,15089
23,215,0,Empiristas,9,7,17778
23,215,1,Incrementalistas,9,7,17077
23,215,2,Evolucionistas,9,8,17755
23,215,3,Isolados,9,8,16786
23,220,0,Empiristas,9,7,19654
23,220,1,Incrementalistas,9,7,18953
23,220,2,Evolucionistas,9,8,19630
23,220,3,Isolados,9,8,18661
23,225,0,Empiristas,9,7,21724
23,225,1,Incrementalistas,9,7,21023
23,225,2,Evolucionistas,9,5,21700
23,225,3,Isolados,9,8,20731
23,230,0,Empiristas,9,8,24010
23,230,1,Incrementalistas,9,7,23309
23,230,2,Evolucionistas,9,8,22843
23,230,3,Isolados,9,8,23017
23,235,0,Empiristas,9,8,26490
23,235,1,Incrementalistas,9,7,25789
23,235,2,Evolucionistas,9,8,24082
23,235,3,Isolados,9,8,25497
23,240,0,Empiristas,9,8,28990
23,240,1,Incrementalistas,9,7,28289
23,240,2,Evolucionistas,9,8,25332
23,240,3,Isolados,9,6,27497
23,245,0,Empiristas,9,8,31490
23,245,1,Incrementalistas,9,7,30789
23,245,2,Evolucionistas,9,8,26582
23,245,3,Isolados,9,8,28747
23,250,0,Empiristas,9,8,33990
23,250,1,Incrementalistas,9,7,33289
23,250,2,Evolucionistas,9,8,28082
23,250,3,Isolados,9,8,29997
23,255,0,Empiristas,9,8,36490
23,255,1,Incrementalistas,9,7,35789
23,255,2,Evolucionistas,9,8,30582
23,255,3,Isolados,9,8,31247
23,260,0,Empiristas,9,8,38990
23,260,1,Incrementalistas,9,7,38289
23,260,2,Evolucionistas,9,8,33082
23,260,3,Isolados,9,8,32497
23,265,0,Empiristas,9,8,41490
23,265,1,Incrementalistas,9,7,40789
23,265,2,Evolucionistas,9,5,35332
23,265,3,Isolados,9,8,34497
23,270,0,Empiristas,9,8,43990
23,270,1,Incrementalistas,9,7,43289
23,270,2,Evolucionistas,9,6,36582
23,270,3,Isolados,9,8,36997
23,275,0,Empiristas,9,8,46490
23,275,1,Incrementalistas,9,7,45789
23,275,2,Evolucionistas,9,6,37832
23,275,3,Isolados,9,8,39497
23,280,0,Empiristas,9,8,48990
23,280,1,Incrementalistas,9,7,48289
23,280,2,Evolucionistas,9,7,39082
23,280,3,Isolados,9,8,41997
23,285,0,Empiristas,9,8,51490
23,285,1,Incrementalistas,9,8,50789
23,285,2,Evolucionistas,9,7,40332
23,285,3,Isolados,9,8,44497
23,290,0,Empiristas,9,8,53990
23,290,1,Incrementalistas,9,8,53289
23,290,2,Evolucionistas,9,7,42082
23,290,3,Isolados,9,8,46997
23,295,0,Empiristas,9,8,56490
23,295,1,Incrementalistas,9,8,55789
23,295,2,Evolucionistas,9,7,44582
23,295,3,Isolados,9,8,49497
23,300,0,Empiristas,9,8,58990
23,300,1,Incrementalistas,9,8,58289
23,300,2,Evolucionistas,9,7,47082
23,300,3,Isolados,9,8,51997
24,0,0,Empiristas,nan,0,5
24,0,1,Incrementalistas,-0.210543,1,5
24,0,2,Evolucionistas,nan,0,5
24,0,3,Isolados,nan,0,5
24,5,0,Empiristas,-0.149039,1,31
24,5,1,Incrementalistas,0.190256,1,26
24,5,2,Evolucionistas,-0.235309,1,31
24,5,3,Isolados,0.185651,1,33
24,10,0,Empiristas,0.145176,1,61
24,10,1,Incrementalistas,0.279718,1,41
24,10,2,Evolucionistas,0.145176,1,61
24,10,3,Isolados,0.216505,1,62
24,15,0,Empiristas,0.279718,1,92
24,15,1,Incrementalistas,6,2,58
24,15,2,Evolucionistas,0.145176,1,92
24,15,3,Isolados,0.31215,1,95
24,20,0,Empiristas,6.47714,2,128
24,20,1,Incrementalistas,6.47714,3,76
24,20,2,Evolucionistas,6.47714,3,127
24,20,3,Isolados,0.52778,1,131
24,25,0,Empiristas,6.47714,3,168
24,25,1,Incrementalistas,6.65611,3,95
24,25,2,Evolucionistas,6.65611,3,167
24,25,3,Isolados,0.52778,1,171
24,30,0,Empiristas,7.37346,3,213
24,30,1,Incrementalistas,7.37346,3,130
24,30,2,Evolucionistas,7.37346,3,209
24,30,3,Isolados,0.52778,1,213
24,35,0,Empiristas,7.37346,3,262
24,35,1,Incrementalistas,7.37346,3,176
24,35,2,Evolucionistas,7.37346,3,258
24,35,3,Isolados,6,2,262
24,40,0,Empiristas,7.37346,3,314
24,40,1,Incrementalistas,7.52955,3,230
24,40,2,Evolucionistas,7.52174,3,311
24,40,3,Isolados,6.38202,3,314
24,45,0,Empiristas,7.52174,3,372
24,45,1,Incrementalistas,8.02105,4,288
24,45,2,Evolucionistas,8.02105,4,370
24,45,3,Isolados,6.94098,3,372
24,50,0,Empiristas,9,4,437
24,50,1,Incrementalistas,9,4,354
24,50,2,Evolucionistas,9,5,436
24,50,3,Isolados,6.94098,3,438
24,55,0,Empiristas,9,4,507
24,55,1,Incrementalistas,9,5,426
24,55,2,Evolucionistas,9,5,507
24,55,3,Isolados,7.27036,3,510
24,60,0,Empiristas,9,4,587
24,60,1,Incrementalistas,9,5,505
24,60,2,Evolucionistas,9,5,586
24,60,3,Isolados,7.27036,3,587
24,65,0,Empiristas,9,5,675
24,65,1,Incrementalistas,9,5,592
24,65,2,Evolucionistas,9,5,675
24,65,3,Isolados,7.58986,3,673
24,70,0,Empiristas,9,5,772
24,70,1,Incrementalistas,9,5,688
24,70,2,Evolucionistas,9,5,771
24,70,3,Isolados,7.79016,3,771
24,75,0,Empiristas,9,5,878
24,75,1,Incrementalistas,9,5,794
24,75,2,Evolucionistas,9,5,876
24,75,3,Isolados,7.79016,3,878
24,80,0,Empiristas,9,5,994
24,80,1,Incrementalistas,9,5,912
24,80,2,Evolucionistas,9,5,993
24,80,3,Isolados,8.12373,3,996
24,85,0,Empiristas,9,5,1123
24,85,1,Incrementalistas,9,5,1042
24,85,2,Evolucionistas,9,5,1122
24,85,3,Isolados,8.12373,4,1124
24,90,0,Empiristas,9,5,1265
24,90,1,Incrementalistas,9,5,1184
24,90,2,Evolucionistas,9,5,1264
24,90,3,Isolados,8.45706,4,1267
24,95,0,Empiristas,9,5,1423
24,95,1,Incrementalistas,9,5,1340
24,95,2,Evolucionistas,9,5,1422
24,95,3,Isolados,8.60568,4,1425
24,100,0,Empiristas,9,5,1598
24,100,1,Incrementalistas,9,5,1516
24,100,2,Evolucionistas,9,5,1596
24,100,3,Isolados,8.60568,4,1600
24,105,0,Empiristas,9,5,1790
24,105,1,Incrementalistas,9,5,1709
24,105,2,Evolucionistas,9,5,1787
24,105,3,Isolados,8.7229,4,1792
24,110,0,Empiristas,9,5,2003
24,110,1,Incrementalistas,9,5,1921
24,110,2,Evolucionistas,9,6,1999
24,110,3,Isolados,8.96013,4,2004
24,115,0,Empiristas,9,6,2237
24,115,1,Incrementalistas,9,5,2155
24,115,2,Evolucionistas,9,6,2233
24,115,3,Isolados,9,5,2238
24,120,0,Empiristas,9,6,2497
24,120,1,Incrementalistas,9,5,2414
24,120,2,Evolucionistas,9,6,2491
24,120,3,Isolados,9,6,2497
24,125,0,Empiristas,9,6,2782
24,125,1,Incrementalistas,9,5,2701
24,125,2,Evolucionistas,9,6,2777
24,125,3,Isolados,9,7,2782
24,130,0,Empiristas,9,6,3099
24,130,1,Incrementalistas,9,5,3016
24,130,2,Evolucionistas,9,6,3091
24,130,3,Isolados,9,7,3099
24,135,0,Empiristas,9,6,3448
24,135,1,Incrementalistas,9,5,3365
24,135,2,Evolucionistas,9,6,3439
24,135,3,Isolados,9,7,3447
24,140,0,Empiristas,9,6,3833
24,140,1,Incrementalistas,9,5,3751
24,140,2,Evolucionistas,9,6,3824
24,140,3,Isolados,9,7,3832
24,145,0,Empiristas,9,6,4258
24,145,1,Incrementalistas,9,5,4175
24,145,2,Evolucionistas,9,7,4248
24,145,3,Isolados,9,7,4255
24,150,0,Empiristas,9,6,4727
24,150,1,Incrementalistas,9,7,4644
24,150,2,Evolucionistas,9,7,4718
24,150,3,Isolados,9,8,4490
24,155,0,Empiristas,9,6,5243
24,155,1,Incrementalistas,9,7,5163
24,155,2,Evolucionistas,9,7,5236
24,155,3,Isolados,9,8,4748
24,160,0,Empiristas,9,6,5812
24,160,1,Incrementalistas,9,7,5735
24,160,2,Evolucionistas,9,7,5807
24,160,3,Isolados,9,8,5034
24,165,0,Empiristas,9,7,6444
24,165,1,Incrementalistas,9,7,6365
24,165,2,Evolucionistas,9,7,6438
24,165,3,Isolados,9,8,5351
24,170,0,Empiristas,9,8,7140
24,170,1,Incrementalistas,9,7,7061
24,170,2,Evolucionistas,9,7,7134
24,170,3,Isolados,9,8,5771
24,175,0,Empiristas,9,8,7909
24,175,1,Incrementalistas,9,7,7831
24,175,2,Evolucionistas,9,7,7904
24,175,3,Isolados,9,8,6539
24,180,0,Empiristas,9,8,8759
24,180,1,Incrementalistas,9,7,8680
24,180,2,Evolucionistas,9,7,8753
24,180,3,Isolados,9,8,7387
24,185,0,Empiristas,9,8,9697
24,185,1,Incrementalistas,9,7,9618
24,185,2,Evolucionistas,9,7,9690
24,185,3,Isolados,9,8,8325
24,190,0,Empiristas,9,8,10733
24,190,1,Incrementalistas,9,7,10653
24,190,2,Evolucionistas,9,7,10723
24,190,3,Isolados,9,8,9360
24,195,0,Empiristas,9,8,11876
24,195,1,Incrementalistas,9,7,11795
24,195,2,Evolucionistas,9,7,11866
24,195,3,Isolados,9,8,10502
24,200,0,Empiristas,9,8,13137
24,200,1,Incrementalistas,9,8,13058
24,200,2,Evolucionistas,9,8,13128
24,200,3,Isolados,9,8,11763
24,205,0,Empiristas,9,8,14532
24,205,1,Incrementalistas,9,8,14453
24,205,2,Evolucionistas,9,8,14521
24,205,3,Isolados,9,8,13155
24,210,0,Empiristas,9,8,16070
24,210,1,Incrementalistas,9,8,15990
24,210,2,Evolucionistas,9,8,16061
24,210,3,Isolados,9,8,14694
24,215,0,Empiristas,9,8,17766
24,215,1,Incrementalistas,9,8,17690
24,215,2,Evolucionistas,9,8,17759
24,215,3,Isolados,9,8,16392
24,220,0,Empiristas,9,8,19641
24,220,1,Incrementalistas,9,8,19564
24,220,2,Evolucionistas,9,8,19634
24,220,3,Isolados,9,8,18267
24,225,0,Empiristas,9,8,21711
24,225,1,Incrementalistas,9,8,21634
24,225,2,Evolucionistas,9,8,21704
24,225,3,Isolados,9,8,20338
24,230,0,Empiristas,9,8,23995
24,230,1,Incrementalistas,9,8,23921
24,230,2,Evolucionistas,9,8,23990
24,230,3,Isolados,9,8,22623
24,235,0,Empiristas,9,8,26474
24,235,1,Incrementalistas,9,8,26401
24,235,2,Evolucionistas,9,8,26469
24,235,3,Isolados,9,8,25103
24,240,0,Empiristas,9,8,28974
24,240,1,Incrementalistas,9,8,28901
24,240,2,Evolucionistas,9,8,28969
24,240,3,Isolados,9,8,27603
24,245,0,Empiristas,9,8,31474
24,245,1,Incrementalistas,9,8,31401
24,245,2,Evolucionistas,9,8,31469
24,245,3,Isolados,9,8,30103
24,250,0,Empiristas,9,6,33724
24,250,1,Incrementalistas,9,8,33901
24,250,2,Evolucionistas,9,8,33969
24,250,3,Isolados,9,8,32603
24,255,0,Empiristas,9,8,34974
24,255,1,Incrementalistas,9,5,36401
24,255,2,Evolucionistas,9,8,36469
24,255,3,Isolados,9,8,35103
24,260,0,Empiristas,9,8,36224
24,260,1,Incrementalistas,9,8,37651
24,260,2,Evolucionistas,9,8,38969
24,260,3,Isolados,9,8,37603
24,265,0,Empiristas,9,8,37474
24,265,1,Incrementalistas,9,8,38901
24,265,2,Evolucionistas,9,8,41469
24,265,3,Isolados,9,8,40103
24,270,0,Empiristas,9,8,38724
24,270,1,Incrementalistas,9,8,40151
24,270,2,Evolucionistas,9,8,43969
24,270,3,Isolados,9,8,42603
24,275,0,Empiristas,9,8,40474
24,275,1,Incrementalistas,9,8,41401
24,275,2,Evolucionistas,9,8,46469
24,275,3,Isolados,9,8,45103
24,280,0,Empiristas,9,8,42974
24,280,1,Incrementalistas,9,8,42901
24,280,2,Evolucionistas,9,8,48969
24,280,3,Isolados,9,8,47603
24,285,0,Empiristas,9,7,45224
24,285,1,Incrementalistas,9,8,45401
24,285,2,Evolucionistas,9,8,51469
24,285,3,Isolados,9,8,50103
24,290,0,Empiristas,9,8,46474
24,290,1,Incrementalistas,9,6,47901
24,290,2,Evolucionistas,9,8,53969
24,290,3,Isolados,9,8,52603
24,295,0,Empiristas,9,8,47724
24,295,1,Incrementalistas,9,8,49151
24,295,2,Evolucionistas,9,8,56469
24,295,3,Isolados,9,8,55103
24,300,0,Empiristas,9,8,48974
24,300,1,Incrementalistas,9,8,50401
24,300,2,Evolucionistas,9,8,58969
24,300,3,Isolados,9,8,57603
25,0,0,Empiristas,nan,0,5
25,0,1,Incrementalistas,nan,0,5
25,0,2,Evolucionistas,nan,0,5
25,0,3,Isolados,-0.30545,1,5
25,5,0,Empiristas,-0.155203,1,30
25,5,1,Incrementalistas,-0.309483,1,30
25,5,2,Evolucionistas,-0.0898668,1,31
25,5,3,Isolados,0.0331024,1,31
25,10,0,Empiristas,-0.155203,1,60
25,10,1,Incrementalistas,-0.109537,1,60
25,10,2,Evolucionistas,-0.0475857,1,60
25,10,3,Isolados,0.307892,0,62
25,15,0,Empiristas,0.0555201,1,93
25,15,1,Incrementalistas,0.00449539,1,93
25,15,2,Evolucionistas,0.0555201,1,92
25,15,3,Isolados,0.307892,1,79
25,20,0,Empiristas,0.38323,1,130
25,20,1,Incrementalistas,0.38323,1,128
25,20,2,Evolucionistas,0.38323,1,129
25,20,3,Isolados,0.307892,1,97
25,25,0,Empiristas,0.38323,1,170
25,25,1,Incrementalistas,0.38323,1,168
25,25,2,Evolucionistas,0.38323,1,167
25,25,3,Isolados,6.90454,3,118
25,30,0,Empiristas,0.38323,1,212
25,30,1,Incrementalistas,0.38323,1,211
25,30,2,Evolucionistas,0.38323,1,210
25,30,3,Isolados,7.81929,3,141
25,35,0,Empiristas,0.38323,1,261
25,35,1,Incrementalistas,0.38323,1,259
25,35,2,Evolucionistas,0.38323,1,259
25,35,3,Isolados,7.81929,3,171
25,40,0,Empiristas,0.38323,1,313
25,40,1,Incrementalistas,0.38323,1,312
25,40,2,Evolucionistas,0.38323,1,311
25,40,3,Isolados,8.68948,3,225
25,45,0,Empiristas,7.73078,2,372
25,45,1,Incrementalistas,7.73078,2,340
25,45,2,Evolucionistas,7.73078,2,371
25,45,3,Isolados,9,4,285
25,50,0,Empiristas,7.73078,2,437
25,50,1,Incrementalistas,7.73078,2,373
25,50,2,Evolucionistas,7.73078,2,436
25,50,3,Isolados,9,4,350
25,55,0,Empiristas,7.73078,2,486
25,55,1,Incrementalistas,7.73078,2,409
25,55,2,Evolucionistas,7.73078,2,508
25,55,3,Isolados,9,4,422
25,60,0,Empiristas,8.58807,3,525
25,60,1,Incrementalistas,8.58807,3,449
25,60,2,Evolucionistas,8.58807,3,588
25,60,3,Isolados,9,5,502
25,65,0,Empiristas,8.67385,4,569
25,65,1,Incrementalistas,8.67385,4,500
25,65,2,Evolucionistas,9,4,676
25,65,3,Isolados,9,5,590
25,70,0,Empiristas,9,5,618
25,70,1,Incrementalistas,9,4,596
25,70,2,Evolucionistas,9,5,772
25,70,3,Isolados,9,5,686
25,75,0,Empiristas,9,5,672
25,75,1,Incrementalistas,9,4,702
25,75,2,Evolucionistas,9,5,879
25,75,3,Isolados,9,5,792
25,80,0,Empiristas,9,5,779
25,80,1,Incrementalistas,9,4,818
25,80,2,Evolucionistas,9,5,997
25,80,3,Isolados,9,5,909
25,85,0,Empiristas,9,5,909
25,85,1,Incrementalistas,9,5,946
25,85,2,Evolucionistas,9,5,1126
25,85,3,Isolados,9,5,1039
25,90,0,Empiristas,9,6,1052
25,90,1,Incrementalistas,9,5,1089
25,90,2,Evolucionistas,9,5,1267
25,90,3,Isolados,9,5,1182
25,95,0,Empiristas,9,6,1211
25,95,1,Incrementalistas,9,5,1247
25,95,2,Evolucionistas,9,5,1425
25,95,3,Isolados,9,5,1339
25,100,0,Empiristas,9,6,1385
25,100,1,Incrementalistas,9,7,1421
25,100,2,Evolucionistas,9,5,1599
25,100,3,Isolados,9,5,1494
25,105,0,Empiristas,9,6,1578
25,105,1,Incrementalistas,9,7,1614
25,105,2,Evolucionistas,9,5,1792
25,105,3,Isolados,9,2,1591
25,110,0,Empiristas,9,6,1791
25,110,1,Incrementalistas,9,7,1825
25,110,2,Evolucionistas,9,5,2004
25,110,3,Isolados,9,2,1698
25,115,0,Empiristas,9,6,1954
25,115,1,Incrementalistas,9,7,2059
25,115,2,Evolucionistas,9,5,2239
25,115,3,Isolados,9,3,1817
25,120,0,Empiristas,9,6,2083
25,120,1,Incrementalistas,9,7,2318
25,120,2,Evolucionistas,9,5,2498
25,120,3,Isolados,9,3,1946
25,125,0,Empiristas,9,6,2228
25,125,1,Incrementalistas,9,7,2603
25,125,2,Evolucionistas,9,5,2783
25,125,3,Isolados,9,3,2090
25,130,0,Empiristas,9,6,2385
25,130,1,Incrementalistas,9,7,2919
25,130,2,Evolucionistas,9,5,3098
25,130,3,Isolados,9,3,2313
25,135,0,Empiristas,9,6,2560
25,135,1,Incrementalistas,9,7,3266
25,135,2,Evolucionistas,9,5,3447
25,135,3,Isolados,9,3,2662
25,140,0,Empiristas,9,6,2908
25,140,1,Incrementalistas,9,7,3650
25,140,2,Evolucionistas,9,5,3831
25,140,3,Isolados,9,2,3006
25,145,0,Empiristas,9,7,3332
25,145,1,Incrementalistas,9,7,4074
25,145,2,Evolucionistas,9,5,4256
25,145,3,Isolados,9,3,3218
25,150,0,Empiristas,9,7,3800
25,150,1,Incrementalistas,9,7,4544
25,150,2,Evolucionistas,9,5,4725
25,150,3,Isolados,9,3,3453
25,155,0,Empiristas,9,7,4316
25,155,1,Incrementalistas,9,7,5060
25,155,2,Evolucionistas,9,6,5244
25,155,3,Isolados,9,3,3711
25,160,0,Empiristas,9,7,4887
25,160,1,Incrementalistas,9,7,5632
25,160,2,Evolucionistas,9,6,5817
25,160,3,Isolados,9,3,3996
25,165,0,Empiristas,9,7,5518
25,165,1,Incrementalistas,9,7,6263
25,165,2,Evolucionistas,9,6,6448
25,165,3,Isolados,9,3,4442
25,170,0,Empiristas,9,7,6215
25,170,1,Incrementalistas,9,7,6960
25,170,2,Evolucionistas,9,7,7143
25,170,3,Isolados,9,3,5139
25,175,0,Empiristas,9,7,6982
25,175,1,Incrementalistas,9,7,7730
25,175,2,Evolucionistas,9,7,7912
25,175,3,Isolados,9,2,5673
25,180,0,Empiristas,9,7,7831
25,180,1,Incrementalistas,9,7,8579
25,180,2,Evolucionistas,9,7,8761
25,180,3,Isolados,9,3,6096
25,185,0,Empiristas,9,7,8770
25,185,1,Incrementalistas,9,7,9517
25,185,2,Evolucionistas,9,7,9697
25,185,3,Isolados,9,3,6564
25,190,0,Empiristas,9,7,9806
25,190,1,Incrementalistas,9,7,10552
25,190,2,Evolucionistas,9,7,10732
25,190,3,Isolados,9,3,7080
25,195,0,Empiristas,9,7,10949
25,195,1,Incrementalistas,9,7,11694
25,195,2,Evolucionistas,9,7,11874
25,195,3,Isolados,9,3,7650
25,200,0,Empiristas,9,7,12210
25,200,1,Incrementalistas,9,7,12955
25,200,2,Evolucionistas,9,7,13135
25,200,3,Isolados,9,5,8789
25,205,0,Empiristas,9,7,13602
25,205,1,Incrementalistas,9,7,14348
25,205,2,Evolucionistas,9,7,14528
25,205,3,Isolados,9,5,10182
25,210,0,Empiristas,9,7,15140
25,210,1,Incrementalistas,9,7,15886
25,210,2,Evolucionistas,9,7,16065
25,210,3,Isolados,9,5,11721
25,215,0,Empiristas,9,6,16837
25,215,1,Incrementalistas,9,7,17585
25,215,2,Evolucionistas,9,7,17761
25,215,3,Isolados,9,5,13419
25,220,0,Empiristas,9,7,17773
25,220,1,Incrementalistas,9,7,19459
25,220,2,Evolucionistas,9,7,19637
25,220,3,Isolados,9,5,15295
25,225,0,Empiristas,9,7,18808
25,225,1,Incrementalistas,9,7,21527
25,225,2,Evolucionistas,9,7,21706
25,225,3,Isolados,9,5,17365
25,230,0,Empiristas,9,7,19951
25,230,1,Incrementalistas,9,7,23813
25,230,2,Evolucionistas,9,7,23992
25,230,3,Isolados,9,5,19651
25,235,0,Empiristas,9,7,21191
25,235,1,Incrementalistas,9,7,26293
25,235,2,Evolucionistas,9,7,26472
25,235,3,Isolados,9,5,22130
25,240,0,Empiristas,9,7,22691
25,240,1,Incrementalistas,9,7,28793
25,240,2,Evolucionistas,9,7,28972
25,240,3,Isolados,9,5,24630
25,245,0,Empiristas,9,7,25191
25,245,1,Incrementalistas,9,7,31293
25,245,2,Evolucionistas,9,7,31472
25,245,3,Isolados,9,7,27130
25,250,0,Empiristas,9,7,27691
25,250,1,Incrementalistas,9,7,33793
25,250,2,Evolucionistas,9,7,33972
25,250,3,Isolados,9,7,29630
25,255,0,Empiristas,9,7,30191
25,255,1,Incrementalistas,9,7,36293
25,255,2,Evolucionistas,9,7,36472
25,255,3,Isolados,9,7,32130
25,260,0,Empiristas,9,7,32691
25,260,1,Incrementalistas,9,7,38793
25,260,2,Evolucionistas,9,7,38972
25,260,3,Isolados,9,8,34630
25,265,0,Empiristas,9,7,35191
25,265,1,Incrementalistas,9,7,41293
25,265,2,Evolucionistas,9,7,41472
25,265,3,Isolados,9,8,37130
25,270,0,Empiristas,9,7,37691
25,270,1,Incrementalistas,9,7,43793
25,270,2,Evolucionistas,9,7,43972
25,270,3,Isolados,9,6,39130
25,275,0,Empiristas,9,7,40191
25,275,1,Incrementalistas,9,7,46293
25,275,2,Evolucionistas,9,7,46472
25,275,3,Isolados,9,7,40380
25,280,0,Empiristas,9,7,42691
25,280,1,Incrementalistas,9,7,48793
25,280,2,Evolucionistas,9,7,48972
25,280,3,Isolados,9,7,41630
25,285,0,Empiristas,9,7,45191
25,285,1,Incrementalistas,9,7,51293
25,285,2,Evolucionistas,9,7,51472
25,285,3,Isolados,9,7,42880
25,290,0,Empiristas,9,7,47691
25,290,1,Incrementalistas,9,7,53793
25,290,2,Evolucionistas,9,7,53972
25,290,3,Isolados,9,7,44130
25,295,0,Empiristas,9,7,50191
25,295,1,Incrementalistas,9,7,56293
25,295,2,Evolucionistas,9,5,55722
25,295,3,Isolados,9,7,46130
25,300,0,Empiristas,9,7,52691
25,300,1,Incrementalistas,9,7,58793
25,300,2,Evolucionistas,9,6,56972
25,300,3,Isolados,9,7,48630
26,0,0,Empiristas,-0.208052,1,5
26,0,1,Incrementalistas,nan,0,5
26,0,2,Evolucionistas,nan,0,5
26,0,3,Isolados,-0.30103,1,5
26,5,0,Empiristas,-0.0773685,1,31
26,5,1,Incrementalistas,-0.0220662,1,31
26,5,2,Evolucionistas,6.79813,2,31
26,5,3,Isolados,-0.201838,1,30
26,10,0,Empiristas,7.16131,2,61
26,10,1,Incrementalistas,7.16131,2,62
26,10,2,Evolucionistas,7.16131,2,61
26,10,3,Isolados,0.0855174,1,59
26,15,0,Empiristas,7.31856,2,76
26,15,1,Incrementalistas,7.31856,2,94
26,15,2,Evolucionistas,7.31856,2,83
26,15,3,Isolados,0.0855174,1,90
26,20,0,Empiristas,7.31856,3,93
26,20,1,Incrementalistas,7.31856,3,130
26,20,2,Evolucionistas,7.31856,3,101
26,20,3,Isolados,0.0855174,1,127
26,25,0,Empiristas,7.31856,3,112
26,25,1,Incrementalistas,7.31856,3,169
26,25,2,Evolucionistas,7.31856,3,121
26,25,3,Isolados,6.47714,2,166
26,30,0,Empiristas,7.35371,3,133
26,30,1,Incrementalistas,7.35371,4,211
26,30,2,Evolucionistas,7.35371,3,143
26,30,3,Isolados,6.93747,3,210
26,35,0,Empiristas,7.35371,4,163
26,35,1,Incrementalistas,7.37712,4,260
26,35,2,Evolucionistas,7.35371,4,167
26,35,3,Isolados,7.52496,4,257
26,40,0,Empiristas,7.35371,4,217
26,40,1,Incrementalistas,7.76951,4,313
26,40,2,Evolucionistas,7.66554,4,194
26,40,3,Isolados,8.32171,5,311
26,45,0,Empiristas,7.75603,4,276
26,45,1,Incrementalistas,7.94244,4,371
26,45,2,Evolucionistas,7.75603,4,253
26,45,3,Isolados,8.32171,5,371
26,50,0,Empiristas,8.53386,4,342
26,50,1,Incrementalistas,8.53386,4,434
26,50,2,Evolucionistas,7.75603,4,316
26,50,3,Isolados,8.32171,5,436
26,55,0,Empiristas,8.53386,4,414
26,55,1,Incrementalistas,8.53386,4,507
26,55,2,Evolucionistas,8.53386,4,388
26,55,3,Isolados,9,5,508
26,60,0,Empiristas,8.96456,4,476
26,60,1,Incrementalistas,8.85665,4,587
26,60,2,Evolucionistas,8.85665,4,468
26,60,3,Isolados,9,5,588
26,65,0,Empiristas,8.96456,4,520
26,65,1,Incrementalistas,9,4,672
26,65,2,Evolucionistas,9,4,555
26,65,3,Isolados,9,5,675
26,70,0,Empiristas,9,4,569
26,70,1,Incrementalistas,9,4,769
26,70,2,Evolucionistas,9,4,651
26,70,3,Isolados,9,5,773
26,75,0,Empiristas,9,4,623
26,75,1,Incrementalistas,9,4,876
26,75,2,Evolucionistas,9,4,758
26,75,3,Isolados,9,5,879
26,80,0,Empiristas,9,4,680
26,80,1,Incrementalistas,9,4,994
26,80,2,Evolucionistas,9,6,875
26,80,3,Isolados,9,5,996
26,85,0,Empiristas,9,4,784
26,85,1,Incrementalistas,9,5,1125
26,85,2,Evolucionistas,9,7,1003
26,85,3,Isolados,9,5,1126
26,90,0,Empiristas,9,4,929
26,90,1,Incrementalistas,9,6,1268
26,90,2,Evolucionistas,9,7,1147
26,90,3,Isolados,9,5,1269
26,95,0,Empiristas,9,7,1087
26,95,1,Incrementalistas,9,6,1427
26,95,2,Evolucionistas,9,8,1304
26,95,3,Isolados,9,5,1426
26,100,0,Empiristas,9,7,1263
26,100,1,Incrementalistas,9,6,1601
26,100,2,Evolucionistas,9,8,1479
26,100,3,Isolados,9,5,1600
26,105,0,Empiristas,9,7,1455
26,105,1,Incrementalistas,9,7,1794
26,105,2,Evolucionistas,9,8,1671
26,105,3,Isolados,9,5,1793
26,110,0,Empiristas,9,7,1669
26,110,1,Incrementalistas,9,7,2007
26,110,2,Evolucionistas,9,8,1883
26,110,3,Isolados,9,5,2007
26,115,0,Empiristas,9,8,1904
26,115,1,Incrementalistas,9,8,2241
26,115,2,Evolucionistas,9,8,2118
26,115,3,Isolados,9,5,2241
26,120,0,Empiristas,9,8,2162
26,120,1,Incrementalistas,9,8,2501
26,120,2,Evolucionistas,9,8,2377
26,120,3,Isolados,9,5,2498
26,125,0,Empiristas,9,8,2447
26,125,1,Incrementalistas,9,8,2786
26,125,2,Evolucionistas,9,8,2663
26,125,3,Isolados,9,5,2784
26,130,0,Empiristas,9,8,2763
26,130,1,Incrementalistas,9,8,3102
26,130,2,Evolucionistas,9,8,2979
26,130,3,Isolados,9,5,3100
26,135,0,Empiristas,9,8,3112
26,135,1,Incrementalistas,9,8,3450
26,135,2,Evolucionistas,9,8,3328
26,135,3,Isolados,9,5,3449
26,140,0,Empiristas,9,8,3497
26,140,1,Incrementalistas,9,8,3834
26,140,2,Evolucionistas,9,8,3712
26,140,3,Isolados,9,5,3833
26,145,0,Empiristas,9,8,3921
26,145,1,Incrementalistas,9,8,4259
26,145,2,Evolucionistas,9,8,4137
26,145,3,Isolados,9,6,4256
26,150,0,Empiristas,9,8,4390
26,150,1,Incrementalistas,9,8,4728
26,150,2,Evolucionistas,9,8,4606
26,150,3,Isolados,9,6,4725
26,155,0,Empiristas,9,8,4908
26,155,1,Incrementalistas,9,8,5247
26,155,2,Evolucionistas,9,8,5124
26,155,3,Isolados,9,7,5244
26,160,0,Empiristas,9,8,5478
26,160,1,Incrementalistas,9,8,5819
26,160,2,Evolucionistas,9,8,5694
26,160,3,Isolados,9,7,5816
26,165,0,Empiristas,9,8,6109
26,165,1,Incrementalistas,9,8,6450
26,165,2,Evolucionistas,9,8,6325
26,165,3,Isolados,9,7,6446
26,170,0,Empiristas,9,8,6805
26,170,1,Incrementalistas,9,8,7147
26,170,2,Evolucionistas,9,8,7020
26,170,3,Isolados,9,7,7142
26,175,0,Empiristas,9,8,7572
26,175,1,Incrementalistas,9,8,7917
26,175,2,Evolucionistas,9,8,7789
26,175,3,Isolados,9,7,7909
26,180,0,Empiristas,9,8,8420
26,180,1,Incrementalistas,9,8,8768
26,180,2,Evolucionistas,9,8,8637
26,180,3,Isolados,9,7,8760
26,185,0,Empiristas,9,8,9358
26,185,1,Incrementalistas,9,8,9706
26,185,2,Evolucionistas,9,8,9576
26,185,3,Isolados,9,7,9698
26,190,0,Empiristas,9,8,10393
26,190,1,Incrementalistas,9,8,10741
26,190,2,Evolucionistas,9,8,10610
26,190,3,Isolados,9,7,10733
26,195,0,Empiristas,9,8,11534
26,195,1,Incrementalistas,9,8,11883
26,195,2,Evolucionistas,9,8,11753
26,195,3,Isolados,9,7,11875
26,200,0,Empiristas,9,8,12795
26,200,1,Incrementalistas,9,8,13143
26,200,2,Evolucionistas,9,8,13014
26,200,3,Isolados,9,7,13136
26,205,0,Empiristas,9,8,14188
26,205,1,Incrementalistas,9,8,14535
26,205,2,Evolucionistas,9,5,14262
26,205,3,Isolados,9,7,14528
26,210,0,Empiristas,9,8,15726
26,210,1,Incrementalistas,9,8,16073
26,210,2,Evolucionistas,9,6,15032
26,210,3,Isolados,9,7,16066
26,215,0,Empiristas,9,8,17425
26,215,1,Incrementalistas,9,8,17771
26,215,2,Evolucionistas,9,7,15882
26,215,3,Isolados,9,7,17764
26,220,0,Empiristas,9,8,19301
26,220,1,Incrementalistas,9,8,19646
26,220,2,Evolucionistas,9,7,16818
26,220,3,Isolados,9,7,19639
26,225,0,Empiristas,9,8,21372
26,225,1,Incrementalistas,9,8,21717
26,225,2,Evolucionistas,9,7,17853
26,225,3,Isolados,9,7,21710
26,230,0,Empiristas,9,8,23657
26,230,1,Incrementalistas,9,8,24003
26,230,2,Evolucionistas,9,8,19468
26,230,3,Isolados,9,7,23996
26,235,0,Empiristas,9,8,26136
26,235,1,Incrementalistas,9,8,26483
26,235,2,Evolucionistas,9,8,21948
26,235,3,Isolados,9,7,26475
26,240,0,Empiristas,9,8,28636
26,240,1,Incrementalistas,9,8,28983
26,240,2,Evolucionistas,9,8,24448
26,240,3,Isolados,9,7,28975
26,245,0,Empiristas,9,8,31136
26,245,1,Incrementalistas,9,8,31483
26,245,2,Evolucionistas,9,8,26948
26,245,3,Isolados,9,7,31475
26,250,0,Empiristas,9,8,33636
26,250,1,Incrementalistas,9,8,33983
26,250,2,Evolucionistas,9,8,29448
26,250,3,Isolados,9,7,33975
26,255,0,Empiristas,9,8,36136
26,255,1,Incrementalistas,9,8,36483
26,255,2,Evolucionistas,9,8,31948
26,255,3,Isolados,9,7,36475
26,260,0,Empiristas,9,8,38636
26,260,1,Incrementalistas,9,8,38983
26,260,2,Evolucionistas,9,8,34448
26,260,3,Isolados,9,7,38975
26,265,0,Empiristas,9,8,41136
26,265,1,Incrementalistas,9,8,41483
26,265,2,Evolucionistas,9,8,36948
26,265,3,Isolados,9,7,41475
26,270,0,Empiristas,9,8,43636
26,270,1,Incrementalistas,9,8,43983
26,270,2,Evolucionistas,9,8,39448
26,270,3,Isolados,9,7,43975
26,275,0,Empiristas,9,8,46136
26,275,1,Incrementalistas,9,8,46483
26,275,2,Evolucionistas,9,8,41948
26,275,3,Isolados,9,7,46475
26,280,0,Empiristas,9,8,48636
26,280,1,Incrementalistas,9,8,48983
26,280,2,Evolucionistas,9,8,44448
26,280,3,Isolados,9,7,48975
26,285,0,Empiristas,9,8,51136
26,285,1,Incrementalistas,9,8,51483
26,285,2,Evolucionistas,9,8,46948
26,285,3,Isolados,9,7,51475
26,290,0,Empiristas,9,8,53636
26,290,1,Incrementalistas,9,8,53983
26,290,2,Evolucionistas,9,8,49448
26,290,3,Isolados,9,7,53975
26,295,0,Empiristas,9,8,56136
26,295,1,Incrementalistas,9,8,56483
26,295,2,Evolucionistas,9,8,51948
26,295,3,Isolados,9,7,56475
26,300,0,Empiristas,9,8,58636
26,300,1,Incrementalistas,9,8,58983
26,300,2,Evolucionistas,9,8,54448
26,300,3,Isolados,9,7,58975
27,0,0,Empiristas,-0.198792,1,5
27,0,1,Incrementalistas,0.0358297,1,5
27,0,2,Evolucionistas,nan,0,5
27,0,3,Isolados,nan,0,5
27,5,0,Empiristas,0.132695,1,32
27,5,1,Incrementalistas,0.0358297,1,31
27,5,2,Evolucionistas,0.0358297,1,31
27,5,3,Isolados,-0.0962028,1,31
27,10,0,Empiristas,0.144643,1,61
27,10,1,Incrementalistas,0.144643,1,60
27,10,2,Evolucionistas,0.276284,1,60
27,10,3,Isolados,0.0660091,1,62
27,15,0,Empiristas,0.276284,1,92
27,15,1,Incrementalistas,0.276284,1,92
27,15,2,Evolucionistas,0.276284,1,93
27,15,3,Isolados,0.423096,1,95
27,20,0,Empiristas,0.472532,1,128
27,20,1,Incrementalistas,0.472532,1,128
27,20,2,Evolucionistas,0.276284,1,128
27,20,3,Isolados,0.423096,1,131
27,25,0,Empiristas,0.596499,1,167
27,25,1,Incrementalistas,0.596499,1,168
27,25,2,Evolucionistas,0.596499,1,167
27,25,3,Isolados,0.429516,1,171
27,30,0,Empiristas,0.641653,1,211
27,30,1,Incrementalistas,0.641653,1,212
27,30,2,Evolucionistas,0.596499,1,211
27,30,3,Isolados,0.429516,1,213
27,35,0,Empiristas,0.641653,1,259
27,35,1,Incrementalistas,0.782567,1,261
27,35,2,Evolucionistas,0.782567,1,258
27,35,3,Isolados,0.529516,1,263
27,40,0,Empiristas,6,2,311
27,40,1,Incrementalistas,6,2,314
27,40,2,Evolucionistas,6,2,312
27,40,3,Isolados,6,2,315
27,45,0,Empiristas,6.60399,3,371
27,45,1,Incrementalistas,6.14692,2,373
27,45,2,Evolucionistas,6.60399,3,348
27,45,3,Isolados,6,2,374
27,50,0,Empiristas,6.60399,5,436
27,50,1,Incrementalistas,6.60399,4,436
27,50,2,Evolucionistas,6.85902,3,380
27,50,3,Isolados,6.80588,3,439
27,55,0,Empiristas,6.85902,5,507
27,55,1,Incrementalistas,6.85902,4,507
27,55,2,Evolucionistas,6.85902,3,416
27,55,3,Isolados,7.66539,3,510
27,60,0,Empiristas,8.45903,5,587
27,60,1,Incrementalistas,8.45903,5,585
27,60,2,Evolucionistas,8.45903,5,456
27,60,3,Isolados,7.66539,3,589
27,65,0,Empiristas,8.45903,5,674
27,65,1,Incrementalistas,9,5,672
27,65,2,Evolucionistas,9,6,500
27,65,3,Isolados,7.66539,3,676
27,70,0,Empiristas,8.45903,5,770
27,70,1,Incrementalistas,9,5,768
27,70,2,Evolucionistas,9,6,597
27,70,3,Isolados,7.66539,3,771
27,75,0,Empiristas,8.45903,5,875
27,75,1,Incrementalistas,9,7,873
27,75,2,Evolucionistas,9,7,704
27,75,3,Isolados,7.66539,3,877
27,80,0,Empiristas,9,6,992
27,80,1,Incrementalistas,9,7,991
27,80,2,Evolucionistas,9,7,823
27,80,3,Isolados,7.66539,3,994
27,85,0,Empiristas,9,7,1122
27,85,1,Incrementalistas,9,7,1119
27,85,2,Evolucionistas,9,7,951
27,85,3,Isolados,7.79016,4,1124
27,90,0,Empiristas,9,7,1266
27,90,1,Incrementalistas,9,7,1260
27,90,2,Evolucionistas,9,7,1095
27,90,3,Isolados,8.01709,4,1267
27,95,0,Empiristas,9,7,1424
27,95,1,Incrementalistas,9,7,1417
27,95,2,Evolucionistas,9,7,1253
27,95,3,Isolados,8.11052,5,1424
27,100,0,Empiristas,9,7,1597
27,100,1,Incrementalistas,9,7,1592
27,100,2,Evolucionistas,9,7,1427
27,100,3,Isolados,8.11052,6,1597
27,105,0,Empiristas,9,7,1789
27,105,1,Incrementalistas,9,7,1785
27,105,2,Evolucionistas,9,7,1620
27,105,3,Isolados,8.32639,6,1789
27,110,0,Empiristas,9,7,2001
27,110,1,Incrementalistas,9,7,1996
27,110,2,Evolucionistas,9,7,1834
27,110,3,Isolados,9,7,2000
27,115,0,Empiristas,9,7,2236
27,115,1,Incrementalistas,9,7,2231
27,115,2,Evolucionistas,9,7,2068
27,115,3,Isolados,9,7,2235
27,120,0,Empiristas,9,7,2495
27,120,1,Incrementalistas,9,7,2489
27,120,2,Evolucionistas,9,7,2327
27,120,3,Isolados,9,7,2495
27,125,0,Empiristas,9,7,2780
27,125,1,Incrementalistas,9,7,2774
27,125,2,Evolucionistas,9,7,2613
27,125,3,Isolados,9,7,2781
27,130,0,Empiristas,9,7,3093
27,130,1,Incrementalistas,9,7,3088
27,130,2,Evolucionistas,9,7,2928
27,130,3,Isolados,9,7,3094
27,135,0,Empiristas,9,7,3442
27,135,1,Incrementalistas,9,7,3438
27,135,2,Evolucionistas,9,7,3276
27,135,3,Isolados,9,7,3444
27,140,0,Empiristas,9,7,3826
27,140,1,Incrementalistas,9,7,3821
27,140,2,Evolucionistas,9,7,3661
27,140,3,Isolados,9,7,3828
27,145,0,Empiristas,9,7,4250
27,145,1,Incrementalistas,9,7,4246
27,145,2,Evolucionistas,9,7,4084
27,145,3,Isolados,9,7,4254
27,150,0,Empiristas,9,7,4718
27,150,1,Incrementalistas,9,7,4716
27,150,2,Evolucionistas,9,7,4553
27,150,3,Isolados,9,7,4724
27,155,0,Empiristas,9,7,5235
27,155,1,Incrementalistas,9,7,5233
27,155,2,Evolucionistas,9,7,5068
27,155,3,Isolados,9,7,5242
27,160,0,Empiristas,9,7,5808
27,160,1,Incrementalistas,9,7,5804
27,160,2,Evolucionistas,9,7,5640
27,160,3,Isolados,9,7,5813
27,165,0,Empiristas,9,7,6439
27,165,1,Incrementalistas,9,7,6435
27,165,2,Evolucionistas,9,7,6269
27,165,3,Isolados,9,7,6445
27,170,0,Empiristas,9,7,7136
27,170,1,Incrementalistas,9,8,7132
27,170,2,Evolucionistas,9,7,6966
27,170,3,Isolados,9,7,7141
27,175,0,Empiristas,9,8,7904
27,175,1,Incrementalistas,9,8,7899
27,175,2,Evolucionistas,9,7,7735
27,175,3,Isolados,9,7,7910
27,180,0,Empiristas,9,8,8754
27,180,1,Incrementalistas,9,8,8748
27,180,2,Evolucionistas,9,7,8584
27,180,3,Isolados,9,7,8760
27,185,0,Empiristas,9,8,9691
27,185,1,Incrementalistas,9,9,9685
27,185,2,Evolucionistas,9,8,9521
27,185,3,Isolados,9,7,9698
27,190,0,Empiristas,9,8,10726
27,190,1,Incrementalistas,9,9,10720
27,190,2,Evolucionistas,9,8,10555
27,190,3,Isolados,9,7,10733
27,195,0,Empiristas,9,8,11868
27,195,1,Incrementalistas,9,9,11862
27,195,2,Evolucionistas,9,8,11698
27,195,3,Isolados,9,7,11874
27,200,0,Empiristas,9,8,13129
27,200,1,Incrementalistas,9,9,13122
27,200,2,Evolucionistas,9,8,12962
27,200,3,Isolados,9,7,13137
27,205,0,Empiristas,9,8,14523
27,205,1,Incrementalistas,9,9,14515
27,205,2,Evolucionistas,9,8,14355
27,205,3,Isolados,9,7,14530
27,210,0,Empiristas,9,9,16060
27,210,1,Incrementalistas,9,9,16052
27,210,2,Evolucionistas,9,9,15892
27,210,3,Isolados,9,7,16066
27,215,0,Empiristas,9,6,17758
27,215,1,Incrementalistas,9,9,17750
27,215,2,Evolucionistas,9,9,17591
27,215,3,Isolados,9,7,17765
27,220,0,Empiristas,9,9,18696
27,220,1,Incrementalistas,9,9,19624
27,220,2,Evolucionistas,9,9,19464
27,220,3,Isolados,9,7,19639
27,225,0,Empiristas,9,9,19731
27,225,1,Incrementalistas,9,9,21694
27,225,2,Evolucionistas,9,9,21535
27,225,3,Isolados,9,7,21709
27,230,0,Empiristas,9,9,20873
27,230,1,Incrementalistas,9,9,23979
27,230,2,Evolucionistas,9,9,23820
27,230,3,Isolados,9,7,23995
27,235,0,Empiristas,9,9,22112
27,235,1,Incrementalistas,9,9,26458
27,235,2,Evolucionistas,9,9,26300
27,235,3,Isolados,9,7,26475
27,240,0,Empiristas,9,9,23612
27,240,1,Incrementalistas,9,9,28958
27,240,2,Evolucionistas,9,9,28800
27,240,3,Isolados,9,7,28975
27,245,0,Empiristas,9,9,26112
27,245,1,Incrementalistas,9,9,31458
27,245,2,Evolucionistas,9,9,31300
27,245,3,Isolados,9,7,31475
27,250,0,Empiristas,9,9,28612
27,250,1,Incrementalistas,9,9,33958
27,250,2,Evolucionistas,9,9,33800
27,250,3,Isolados,9,7,33975
27,255,0,Empiristas,9,9,31112
27,255,1,Incrementalistas,9,9,36458
27,255,2,Evolucionistas,9,9,36300
27,255,3,Isolados,9,5,36225
27,260,0,Empiristas,9,9,33612
27,260,1,Incrementalistas,9,9,38958
27,260,2,Evolucionistas,9,9,38800
27,260,3,Isolados,9,5,37475
27,265,0,Empiristas,9,9,36112
27,265,1,Incrementalistas,9,9,41458
27,265,2,Evolucionistas,9,9,41300
27,265,3,Isolados,9,5,38725
27,270,0,Empiristas,9,9,38612
27,270,1,Incrementalistas,9,9,43958
27,270,2,Evolucionistas,9,9,43800
27,270,3,Isolados,9,6,39975
27,275,0,Empiristas,9,9,41112
27,275,1,Incrementalistas,9,9,46458
27,275,2,Evolucionistas,9,8,45550
27,275,3,Isolados,9,7,41225
27,280,0,Empiristas,9,9,43612
27,280,1,Incrementalistas,9,9,48958
27,280,2,Evolucionistas,9,9,46800
27,280,3,Isolados,9,7,42475
27,285,0,Empiristas,9,9,46112
27,285,1,Incrementalistas,9,9,51458
27,285,2,Evolucionistas,9,9,48050
27,285,3,Isolados,9,7,43725
27,290,0,Empiristas,9,9,48612
27,290,1,Incrementalistas,9,9,53958
27,290,2,Evolucionistas,9,9,49300
27,290,3,Isolados,9,7,45475
27,295,0,Empiristas,9,9,51112
27,295,1,Incrementalistas,9,9,56458
27,295,2,Evolucionistas,9,9,50550
27,295,3,Isolados,9,7,47975
27,300,0,Empiristas,9,9,53612
27,300,1,Incrementalistas,9,9,58958
27,300,2,Evolucionistas,9,9,52800
27,300,3,Isolados,9,7,50475
28,0,0,Empiristas,0.0359315,1,5
28,0,1,Incrementalistas,-0.223068,1,5
28,0,2,Evolucionistas,nan,0,5
28,0,3,Isolados,-0.277634,1,5
28,5,0,Empiristas,0.0672249,1,31
28,5,1,Incrementalistas,0.320432,1,32
28,5,2,Evolucionistas,0.239207,1,31
28,5,3,Isolados,-0.107768,1,31
28,10,0,Empiristas,0.579972,1,60
28,10,1,Incrementalistas,0.579972,1,62
28,10,2,Evolucionistas,0.579972,1,61
28,10,3,Isolados,0.108812,1,61
28,15,0,Empiristas,0.579972,1,93
28,15,1,Incrementalistas,0.579972,1,94
28,15,2,Evolucionistas,0.579972,1,94
28,15,3,Isolados,0.108812,1,94
28,20,0,Empiristas,0.579972,1,129
28,20,1,Incrementalistas,0.579972,1,129
28,20,2,Evolucionistas,0.579972,1,130
28,20,3,Isolados,0.206077,1,129
28,25,0,Empiristas,0.579972,1,167
28,25,1,Incrementalistas,0.579972,1,168
28,25,2,Evolucionistas,0.579972,1,168
28,25,3,Isolados,0.308198,1,169
28,30,0,Empiristas,1.2306,1,210
28,30,1,Incrementalistas,1.2306,1,210
28,30,2,Evolucionistas,1.2306,1,212
28,30,3,Isolados,0.336426,1,212
28,35,0,Empiristas,8.26915,3,256
28,35,1,Incrementalistas,8.26915,3,257
28,35,2,Evolucionistas,8.26915,3,261
28,35,3,Isolados,0.336426,1,262
28,40,0,Empiristas,8.67385,4,309
28,40,1,Incrementalistas,8.67385,3,310
28,40,2,Evolucionistas,9,4,313
28,40,3,Isolados,7.76699,2,316
28,45,0,Empiristas,9,6,367
28,45,1,Incrementalistas,9,5,367
28,45,2,Evolucionistas,9,6,372
28,45,3,Isolados,7.76699,2,374
28,50,0,Empiristas,9,6,431
28,50,1,Incrementalistas,9,6,433
28,50,2,Evolucionistas,9,6,436
28,50,3,Isolados,7.76699,2,440
28,55,0,Empiristas,9,6,503
28,55,1,Incrementalistas,9,7,504
28,55,2,Evolucionistas,9,6,508
28,55,3,Isolados,7.76699,2,510
28,60,0,Empiristas,9,6,582
28,60,1,Incrementalistas,9,7,584
28,60,2,Evolucionistas,9,6,587
28,60,3,Isolados,7.76699,2,590
28,65,0,Empiristas,9,6,670
28,65,1,Incrementalistas,9,7,671
28,65,2,Evolucionistas,9,7,673
28,65,3,Isolados,7.76699,2,678
28,70,0,Empiristas,9,6,766
28,70,1,Incrementalistas,9,7,767
28,70,2,Evolucionistas,9,7,770
28,70,3,Isolados,7.76699,2,774
28,75,0,Empiristas,9,6,872
28,75,1,Incrementalistas,9,7,875
28,75,2,Evolucionistas,9,7,876
28,75,3,Isolados,7.76699,2,880
28,80,0,Empiristas,9,7,989
28,80,1,Incrementalistas,9,7,993
28,80,2,Evolucionistas,9,7,994
28,80,3,Isolados,7.76699,2,998
28,85,0,Empiristas,9,7,1117
28,85,1,Incrementalistas,9,7,1122
28,85,2,Evolucionistas,9,7,1124
28,85,3,Isolados,7.76699,2,1128
28,90,0,Empiristas,9,7,1260
28,90,1,Incrementalistas,9,7,1264
28,90,2,Evolucionistas,9,7,1268
28,90,3,Isolados,7.76699,2,1271
28,95,0,Empiristas,9,7,1419
28,95,1,Incrementalistas,9,6,1421
28,95,2,Evolucionistas,9,7,1426
28,95,3,Isolados,7.76699,2,1429
28,100,0,Empiristas,9,7,1594
28,100,1,Incrementalistas,9,7,1508
28,100,2,Evolucionistas,9,7,1600
28,100,3,Isolados,7.76699,4,1604
28,105,0,Empiristas,9,7,1786
28,105,1,Incrementalistas,9,7,1602
28,105,2,Evolucionistas,9,7,1791
28,105,3,Isolados,7.76699,4,1796
28,110,0,Empiristas,9,7,1999
28,110,1,Incrementalistas,9,7,1709
28,110,2,Evolucionistas,9,7,2004
28,110,3,Isolados,8.32171,5,2008
28,115,0,Empiristas,9,7,2233
28,115,1,Incrementalistas,9,7,1827
28,115,2,Evolucionistas,9,7,2239
28,115,3,Isolados,9,5,2241
28,120,0,Empiristas,9,7,2491
28,120,1,Incrementalistas,9,7,1984
28,120,2,Evolucionistas,9,7,2498
28,120,3,Isolados,9,5,2501
28,125,0,Empiristas,9,7,2777
28,125,1,Incrementalistas,9,7,2270
28,125,2,Evolucionistas,9,7,2785
28,125,3,Isolados,9,5,2787
28,130,0,Empiristas,9,7,3092
28,130,1,Incrementalistas,9,7,2586
28,130,2,Evolucionistas,9,7,3099
28,130,3,Isolados,9,5,3103
28,135,0,Empiristas,9,7,3441
28,135,1,Incrementalistas,9,7,2936
28,135,2,Evolucionistas,9,7,3447
28,135,3,Isolados,9,5,3449
28,140,0,Empiristas,9,7,3825
28,140,1,Incrementalistas,9,7,3320
28,140,2,Evolucionistas,9,7,3831
28,140,3,Isolados,9,5,3833
28,145,0,Empiristas,9,7,4249
28,145,1,Incrementalistas,9,7,3743
28,145,2,Evolucionistas,9,7,4255
28,145,3,Isolados,9,5,4258
28,150,0,Empiristas,9,7,4718
28,150,1,Incrementalistas,9,7,4212
28,150,2,Evolucionistas,9,7,4724
28,150,3,Isolados,9,5,4727
28,155,0,Empiristas,9,7,5236
28,155,1,Incrementalistas,9,7,4729
28,155,2,Evolucionistas,9,7,5242
28,155,3,Isolados,9,5,5245
28,160,0,Empiristas,9,7,5807
28,160,1,Incrementalistas,9,7,5299
28,160,2,Evolucionistas,9,7,5813
28,160,3,Isolados,9,5,5815
28,165,0,Empiristas,9,7,6438
28,165,1,Incrementalistas,9,7,5930
28,165,2,Evolucionistas,9,7,6444
28,165,3,Isolados,9,5,6447
28,170,0,Empiristas,9,7,7134
28,170,1,Incrementalistas,9,7,6626
28,170,2,Evolucionistas,9,7,7140
28,170,3,Isolados,9,5,7143
28,175,0,Empiristas,9,7,7904
28,175,1,Incrementalistas,9,7,7395
28,175,2,Evolucionistas,9,7,7908
28,175,3,Isolados,9,5,7911
28,180,0,Empiristas,9,7,8754
28,180,1,Incrementalistas,9,7,8243
28,180,2,Evolucionistas,9,7,8758
28,180,3,Isolados,9,5,8760
28,185,0,Empiristas,9,7,9692
28,185,1,Incrementalistas,9,7,9180
28,185,2,Evolucionistas,9,7,9695
28,185,3,Isolados,9,5,9697
28,190,0,Empiristas,9,7,10727
28,190,1,Incrementalistas,9,7,10216
28,190,2,Evolucionistas,9,7,10730
28,190,3,Isolados,9,5,10733
28,195,0,Empiristas,9,7,11870
28,195,1,Incrementalistas,9,7,11359
28,195,2,Evolucionistas,9,7,11871
28,195,3,Isolados,9,5,11877
28,200,0,Empiristas,9,7,13130
28,200,1,Incrementalistas,9,7,12620
28,200,2,Evolucionistas,9,7,13134
28,200,3,Isolados,9,5,13140
28,205,0,Empiristas,9,7,14521
28,205,1,Incrementalistas,9,7,14014
28,205,2,Evolucionistas,9,7,14528
28,205,3,Isolados,9,5,14533
28,210,0,Empiristas,9,7,16059
28,210,1,Incrementalistas,9,7,15552
28,210,2,Evolucionistas,9,7,16067
28,210,3,Isolados,9,5,16070
28,215,0,Empiristas,9,7,17071
28,215,1,Incrementalistas,9,7,17251
28,215,2,Evolucionistas,9,7,17764
28,215,3,Isolados,9,5,17768
28,220,0,Empiristas,9,7,18009
28,220,1,Incrementalistas,9,7,19125
28,220,2,Evolucionistas,9,7,19638
28,220,3,Isolados,9,5,19643
28,225,0,Empiristas,9,7,19043
28,225,1,Incrementalistas,9,7,21196
28,225,2,Evolucionistas,9,7,21707
28,225,3,Isolados,9,5,21712
28,230,0,Empiristas,9,7,20185
28,230,1,Incrementalistas,9,7,23482
28,230,2,Evolucionistas,9,7,23993
28,230,3,Isolados,9,5,23997
28,235,0,Empiristas,9,7,21425
28,235,1,Incrementalistas,9,7,25962
28,235,2,Evolucionistas,9,7,26472
28,235,3,Isolados,9,5,26476
28,240,0,Empiristas,9,7,23925
28,240,1,Incrementalistas,9,7,28462
28,240,2,Evolucionistas,9,7,28972
28,240,3,Isolados,9,5,28976
28,245,0,Empiristas,9,7,26425
28,245,1,Incrementalistas,9,7,30962
28,245,2,Evolucionistas,9,7,31472
28,245,3,Isolados,9,5,31476
28,250,0,Empiristas,9,7,28925
28,250,1,Incrementalistas,9,7,33462
28,250,2,Evolucionistas,9,7,33972
28,250,3,Isolados,9,5,33976
28,255,0,Empiristas,9,7,31425
28,255,1,Incrementalistas,9,7,35962
28,255,2,Evolucionistas,9,7,36472
28,255,3,Isolados,9,7,36476
28,260,0,Empiristas,9,7,33925
28,260,1,Incrementalistas,9,7,38462
28,260,2,Evolucionistas,9,7,38972
28,260,3,Isolados,9,7,38976
28,265,0,Empiristas,9,7,36425
28,265,1,Incrementalistas,9,7,40212
28,265,2,Evolucionistas,9,7,41472
28,265,3,Isolados,9,7,41476
28,270,0,Empiristas,9,7,38925
28,270,1,Incrementalistas,9,7,41462
28,270,2,Evolucionistas,9,7,43972
28,270,3,Isolados,9,7,43976
28,275,0,Empiristas,9,7,41425
28,275,1,Incrementalistas,9,7,42712
28,275,2,Evolucionistas,9,7,46472
28,275,3,Isolados,9,7,46476
28,280,0,Empiristas,9,7,43925
28,280,1,Incrementalistas,9,7,43962
28,280,2,Evolucionistas,9,7,48972
28,280,3,Isolados,9,7,48976
28,285,0,Empiristas,9,7,46425
28,285,1,Incrementalistas,9,7,45212
28,285,2,Evolucionistas,9,7,51472
28,285,3,Isolados,9,7,51476
28,290,0,Empiristas,9,7,48925
28,290,1,Incrementalistas,9,7,47462
28,290,2,Evolucionistas,9,7,53972
28,290,3,Isolados,9,7,53976
28,295,0,Empiristas,9,7,51425
28,295,1,Incrementalistas,9,7,49962
28,295,2,Evolucionistas,9,7,56472
28,295,3,Isolados,9,7,56476
28,300,0,Empiristas,9,7,53925
28,300,1,Incrementalistas,9,7,52462
28,300,2,Evolucionistas,9,7,58972
28,300,3,Isolados,9,7,58976
29,0,0,Empiristas,nan,0,5
29,0,1,Incrementalistas,-0.103893,1,5
29,0,2,Evolucionistas,-0.103893,1,5
29,0,3,Isolados,nan,0,5
29,5,0,Empiristas,0.144887,1,33
29,5,1,Incrementalistas,0.150643,1,31
29,5,2,Evolucionistas,0.150643,1,31
29,5,3,Isolados,0.020992,1,32
29,10,0,Empiristas,0.164963,1,62
29,10,1,Incrementalistas,0.208987,1,60
29,10,2,Evolucionistas,0.208987,1,60
29,10,3,Isolados,0.10326,1,62
29,15,0,Empiristas,0.208987,1,95
29,15,1,Incrementalistas,0.208987,1,92
29,15,2,Evolucionistas,0.208987,1,94
29,15,3,Isolados,0.178888,1,94
29,20,0,Empiristas,0.446205,1,132
29,20,1,Incrementalistas,0.446205,1,130
29,20,2,Evolucionistas,0.446205,1,131
29,20,3,Isolados,0.178888,1,130
29,25,0,Empiristas,0.446205,1,172
29,25,1,Incrementalistas,0.699391,1,168
29,25,2,Evolucionistas,0.446205,1,171
29,25,3,Isolados,0.191286,1,169
29,30,0,Empiristas,0.699391,1,193
29,30,1,Incrementalistas,0.699391,1,213
29,30,2,Evolucionistas,0.699391,1,215
29,30,3,Isolados,0.191286,1,211
29,35,0,Empiristas,0.699391,1,217
29,35,1,Incrementalistas,0.699391,1,262
29,35,2,Evolucionistas,0.699391,1,264
29,35,3,Isolados,0.191286,1,259
29,40,0,Empiristas,6,2,246
29,40,1,Incrementalistas,7.48328,3,315
29,40,2,Evolucionistas,6,2,312
29,40,3,Isolados,0.191286,1,312
29,45,0,Empiristas,7.48328,3,276
29,45,1,Incrementalistas,7.48328,3,374
29,45,2,Evolucionistas,7.48328,3,342
29,45,3,Isolados,0.191286,1,369
29,50,0,Empiristas,7.48328,3,314
29,50,1,Incrementalistas,7.48328,3,440
29,50,2,Evolucionistas,7.48328,5,374
29,50,3,Isolados,0.2422,1,434
29,55,0,Empiristas,7.847,4,387
29,55,1,Incrementalistas,7.847,4,511
29,55,2,Evolucionistas,8.26915,7,410
29,55,3,Isolados,0.299264,1,506
29,60,0,Empiristas,9,5,465
29,60,1,Incrementalistas,9,6,589
29,60,2,Evolucionistas,8.26915,7,449
29,60,3,Isolados,0.299264,1,585
29,65,0,Empiristas,9,6,551
29,65,1,Incrementalistas,9,7,676
29,65,2,Evolucionistas,9,8,510
29,65,3,Isolados,0.299264,1,672
29,70,0,Empiristas,9,6,646
29,70,1,Incrementalistas,9,7,771
29,70,2,Evolucionistas,9,8,607
29,70,3,Isolados,0.374694,1,767
29,75,0,Empiristas,9,6,751
29,75,1,Incrementalistas,9,7,876
29,75,2,Evolucionistas,9,8,713
29,75,3,Isolados,0.374694,1,873
29,80,0,Empiristas,9,7,868
29,80,1,Incrementalistas,9,7,994
29,80,2,Evolucionistas,9,8,829
29,80,3,Isolados,0.679121,1,990
29,85,0,Empiristas,9,7,999
29,85,1,Incrementalistas,9,7,1123
29,85,2,Evolucionistas,9,8,958
29,85,3,Isolados,0.679121,1,1119
29,90,0,Empiristas,9,7,1142
29,90,1,Incrementalistas,9,8,1267
29,90,2,Evolucionistas,9,8,1100
29,90,3,Isolados,0.679121,1,1262
29,95,0,Empiristas,9,7,1300
29,95,1,Incrementalistas,9,8,1425
29,95,2,Evolucionistas,9,8,1258
29,95,3,Isolados,0.679121,1,1419
29,100,0,Empiristas,9,7,1474
29,100,1,Incrementalistas,9,8,1601
29,100,2,Evolucionistas,9,8,1433
29,100,3,Isolados,6,2,1593
29,105,0,Empiristas,9,7,1667
29,105,1,Incrementalistas,9,8,1793
29,105,2,Evolucionistas,9,8,1625
29,105,3,Isolados,9,5,1785
29,110,0,Empiristas,9,8,1878
29,110,1,Incrementalistas,9,8,2007
29,110,2,Evolucionistas,9,8,1838
29,110,3,Isolados,9,5,1998
29,115,0,Empiristas,9,8,2113
29,115,1,Incrementalistas,9,8,2241
29,115,2,Evolucionistas,9,8,2073
29,115,3,Isolados,9,5,2233
29,120,0,Empiristas,9,8,2373
29,120,1,Incrementalistas,9,8,2501
29,120,2,Evolucionistas,9,8,2332
29,120,3,Isolados,9,5,2492
29,125,0,Empiristas,9,8,2658
29,125,1,Incrementalistas,9,8,2787
29,125,2,Evolucionistas,9,8,2617
29,125,3,Isolados,9,5,2777
29,130,0,Empiristas,9,8,2975
29,130,1,Incrementalistas,9,8,3037
29,130,2,Evolucionistas,9,7,2806
29,130,3,Isolados,9,5,3093
29,135,0,Empiristas,9,8,3322
29,135,1,Incrementalistas,9,8,3214
29,135,2,Evolucionistas,9,7,2981
29,135,3,Isolados,9,5,3442
29,140,0,Empiristas,9,8,3707
29,140,1,Incrementalistas,9,8,3405
29,140,2,Evolucionistas,9,8,3174
29,140,3,Isolados,9,5,3826
29,145,0,Empiristas,9,8,4131
29,145,1,Incrementalistas,9,8,3617
29,145,2,Evolucionistas,9,8,3386
29,145,3,Isolados,9,5,4251
29,150,0,Empiristas,9,8,4600
29,150,1,Incrementalistas,9,5,3850
29,150,2,Evolucionistas,9,8,3620
29,150,3,Isolados,9,5,4721
29,155,0,Empiristas,9,8,5117
29,155,1,Incrementalistas,9,6,4109
29,155,2,Evolucionistas,9,8,4138
29,155,3,Isolados,9,5,5239
29,160,0,Empiristas,9,8,5688
29,160,1,Incrementalistas,9,8,4395
29,160,2,Evolucionistas,9,8,4710
29,160,3,Isolados,9,5,5810
29,165,0,Empiristas,9,8,6320
29,165,1,Incrementalistas,9,8,4712
29,165,2,Evolucionistas,9,8,5342
29,165,3,Isolados,9,5,6441
29,170,0,Empiristas,9,8,7018
29,170,1,Incrementalistas,9,8,5059
29,170,2,Evolucionistas,9,8,6038
29,170,3,Isolados,9,5,7139
29,175,0,Empiristas,9,8,7787
29,175,1,Incrementalistas,9,8,5603
29,175,2,Evolucionistas,9,8,6806
29,175,3,Isolados,9,7,7909
29,180,0,Empiristas,9,8,8636
29,180,1,Incrementalistas,9,8,6452
29,180,2,Evolucionistas,9,8,7655
29,180,3,Isolados,9,7,8758
29,185,0,Empiristas,9,8,9572
29,185,1,Incrementalistas,9,8,7389
29,185,2,Evolucionistas,9,8,8592
29,185,3,Isolados,9,7,9696
29,190,0,Empiristas,9,8,10608
29,190,1,Incrementalistas,9,8,8423
29,190,2,Evolucionistas,9,8,9626
29,190,3,Isolados,9,8,10731
29,195,0,Empiristas,9,8,11751
29,195,1,Incrementalistas,9,8,9566
29,195,2,Evolucionistas,9,8,10769
29,195,3,Isolados,9,8,11874
29,200,0,Empiristas,9,7,12627
29,200,1,Incrementalistas,9,8,10829
29,200,2,Evolucionistas,9,8,12032
29,200,3,Isolados,9,8,13138
29,205,0,Empiristas,9,8,13325
29,205,1,Incrementalistas,9,8,12222
29,205,2,Evolucionistas,9,8,13424
29,205,3,Isolados,9,8,14531
29,210,0,Empiristas,9,8,14094
29,210,1,Incrementalistas,9,8,13760
29,210,2,Evolucionistas,9,8,14964
29,210,3,Isolados,9,8,16068
29,215,0,Empiristas,9,8,14943
29,215,1,Incrementalistas,9,8,15459
29,215,2,Evolucionistas,9,8,16662
29,215,3,Isolados,9,8,17767
29,220,0,Empiristas,9,8,15881
29,220,1,Incrementalistas,9,8,17333
29,220,2,Evolucionistas,9,8,18537
29,220,3,Isolados,9,8,19641
29,225,0,Empiristas,9,8,17752
29,225,1,Incrementalistas,9,8,19404
29,225,2,Evolucionistas,9,8,20608
29,225,3,Isolados,9,8,21711
29,230,0,Empiristas,9,8,20037
29,230,1,Incrementalistas,9,8,21689
29,230,2,Evolucionistas,9,8,22893
29,230,3,Isolados,9,8,23996
29,235,0,Empiristas,9,8,22516
29,235,1,Incrementalistas,9,8,24168
29,235,2,Evolucionistas,9,8,25373
29,235,3,Isolados,9,8,26475
29,240,0,Empiristas,9,8,25016
29,240,1,Incrementalistas,9,8,26668
29,240,2,Evolucionistas,9,8,27873
29,240,3,Isolados,9,8,28975
29,245,0,Empiristas,9,7,26766
29,245,1,Incrementalistas,9,8,29168
29,245,2,Evolucionistas,9,8,30373
29,245,3,Isolados,9,8,31475
29,250,0,Empiristas,9,8,28016
29,250,1,Incrementalistas,9,8,31668
29,250,2,Evolucionistas,9,8,32873
29,250,3,Isolados,9,8,33975
29,255,0,Empiristas,9,8,29266
29,255,1,Incrementalistas,9,8,34168
29,255,2,Evolucionistas,9,8,35373
29,255,3,Isolados,9,8,36475
29,260,0,Empiristas,9,8,30516
29,260,1,Incrementalistas,9,8,36668
29,260,2,Evolucionistas,9,8,37873
29,260,3,Isolados,9,8,38975
29,265,0,Empiristas,9,8,31766
29,265,1,Incrementalistas,9,8,39168
29,265,2,Evolucionistas,9,8,40373
29,265,3,Isolados,9,8,41475
29,270,0,Empiristas,9,8,34016
29,270,1,Incrementalistas,9,8,41668
29,270,2,Evolucionistas,9,8,42873
29,270,3,Isolados,9,8,43975
29,275,0,Empiristas,9,8,36516
29,275,1,Incrementalistas,9,8,44168
29,275,2,Evolucionistas,9,8,45373
29,275,3,Isolados,9,8,46475
29,280,0,Empiristas,9,8,39016
29,280,1,Incrementalistas,9,8,46668
29,280,2,Evolucionistas,9,8,47873
29,280,3,Isolados,9,8,48975
29,285,0,Empiristas,9,8,41516
29,285,1,Incrementalistas,9,8,49168
29,285,2,Evolucionistas,9,8,49373
29,285,3,Isolados,9,8,51475
29,290,0,Empiristas,9,8,44016
29,290,1,Incrementalistas,9,8,51668
29,290,2,Evolucionistas,9,8,50623
29,290,3,Isolados,9,8,53975
29,295,0,Empiristas,9,8,46516
29,295,1,Incrementalistas,9,8,54168
29,295,2,Evolucionistas,9,8,51873
29,295,3,Isolados,9,8,56475
29,300,0,Empiristas,9,8,49016
29,300,1,Incrementalistas,9,8,56668
29,300,2,Evolucionistas,9,8,53123
29,300,3,Isolados,9,8,58975
30,0,0,Empiristas,nan,0,5
30,0,1,Incrementalistas,0.23226,1,5
30,0,2,Evolucionistas,nan,0,5
30,0,3,Isolados,-0.30103,1,5
30,5,0,Empiristas,0.30943,1,32
30,5,1,Incrementalistas,0.23226,1,31
30,5,2,Evolucionistas,0.317679,1,32
30,5,3,Isolados,0.0770141,1,32
30,10,0,Empiristas,6.66366,3,63
30,10,1,Incrementalistas,0.339084,1,61
30,10,2,Evolucionistas,6.66366,2,60
30,10,3,Isolados,0.0770141,1,59
30,15,0,Empiristas,6.66366,3,94
30,15,1,Incrementalistas,0.339084,1,94
30,15,2,Evolucionistas,6.71483,3,93
30,15,3,Isolados,6.19085,2,91
30,20,0,Empiristas,6.71483,3,130
30,20,1,Incrementalistas,6.71483,2,130
30,20,2,Evolucionistas,6.71483,3,128
30,20,3,Isolados,6.19085,2,127
30,25,0,Empiristas,6.71483,3,170
30,25,1,Incrementalistas,6.85528,3,169
30,25,2,Evolucionistas,6.85528,3,168
30,25,3,Isolados,6.7665,2,167
30,30,0,Empiristas,7.11323,3,213
30,30,1,Incrementalistas,6.85528,3,213
30,30,2,Evolucionistas,6.85528,3,211
30,30,3,Isolados,6.7665,2,196
30,35,0,Empiristas,7.17711,3,262
30,35,1,Incrementalistas,7.31536,3,261
30,35,2,Evolucionistas,7.17711,3,261
30,35,3,Isolados,7.75692,3,218
30,40,0,Empiristas,8.09357,3,314
30,40,1,Incrementalistas,7.31536,3,315
30,40,2,Evolucionistas,7.25384,3,315
30,40,3,Isolados,7.75692,3,245
30,45,0,Empiristas,8.09357,3,372
30,45,1,Incrementalistas,7.84375,3,373
30,45,2,Evolucionistas,8.76987,3,372
30,45,3,Isolados,8.81979,3,274
30,50,0,Empiristas,8.76987,3,437
30,50,1,Incrementalistas,8.4,3,438
30,50,2,Evolucionistas,8.76987,3,436
30,50,3,Isolados,8.81979,3,307
30,55,0,Empiristas,8.76987,3,510
30,55,1,Incrementalistas,8.76987,3,510
30,55,2,Evolucionistas,8.76987,3,507
30,55,3,Isolados,9,4,371
30,60,0,Empiristas,8.76987,3,588
30,60,1,Incrementalistas,8.76987,3,589
30,60,2,Evolucionistas,8.76987,3,585
30,60,3,Isolados,9,4,450
30,65,0,Empiristas,8.76987,3,675
30,65,1,Incrementalistas,8.76987,3,675
30,65,2,Evolucionistas,9,3,672
30,65,3,Isolados,9,4,537
30,70,0,Empiristas,9,4,770
30,70,1,Incrementalistas,9,3,770
30,70,2,Evolucionistas,9,3,768
30,70,3,Isolados,9,5,633
30,75,0,Empiristas,9,5,876
30,75,1,Incrementalistas,9,3,877
30,75,2,Evolucionistas,9,3,875
30,75,3,Isolados,9,5,738
30,80,0,Empiristas,9,6,992
30,80,1,Incrementalistas,9,3,995
30,80,2,Evolucionistas,9,4,992
30,80,3,Isolados,9,5,855
30,85,0,Empiristas,9,6,1120
30,85,1,Incrementalistas,9,6,1124
30,85,2,Evolucionistas,9,5,1120
30,85,3,Isolados,9,5,984
30,90,0,Empiristas,9,6,1263
30,90,1,Incrementalistas,9,6,1269
30,90,2,Evolucionistas,9,5,1263
30,90,3,Isolados,9,5,1128
30,95,0,Empiristas,9,7,1421
30,95,1,Incrementalistas,9,7,1426
30,95,2,Evolucionistas,9,6,1421
30,95,3,Isolados,9,5,1286
30,100,0,Empiristas,9,7,1594
30,100,1,Incrementalistas,9,7,1600
30,100,2,Evolucionistas,9,7,1595
30,100,3,Isolados,9,5,1459
30,105,0,Empiristas,9,3,1748
30,105,1,Incrementalistas,9,7,1791
30,105,2,Evolucionistas,9,7,1787
30,105,3,Isolados,9,5,1653
30,110,0,Empiristas,9,7,1853
30,110,1,Incrementalistas,9,7,2002
30,110,2,Evolucionistas,9,4,1977
30,110,3,Isolados,9,5,1863
30,115,0,Empiristas,9,7,1971
30,115,1,Incrementalistas,9,7,2236
30,115,2,Evolucionistas,9,6,2094
30,115,3,Isolados,9,6,2097
30,120,0,Empiristas,9,7,2100
30,120,1,Incrementalistas,9,7,2496
30,120,2,Evolucionistas,9,7,2224
30,120,3,Isolados,9,6,2357
30,125,0,Empiristas,9,7,2243
30,125,1,Incrementalistas,9,7,2781
30,125,2,Evolucionistas,9,7,2367
30,125,3,Isolados,9,6,2644
30,130,0,Empiristas,9,7,2498
30,130,1,Incrementalistas,9,7,3097
30,130,2,Evolucionistas,9,7,2525
30,130,3,Isolados,9,7,2960
30,135,0,Empiristas,9,7,2846
30,135,1,Incrementalistas,9,7,3445
30,135,2,Evolucionistas,9,7,2735
30,135,3,Isolados,9,7,3307
30,140,0,Empiristas,9,7,3231
30,140,1,Incrementalistas,9,7,3829
30,140,2,Evolucionistas,9,7,3119
30,140,3,Isolados,9,7,3692
30,145,0,Empiristas,9,7,3655
30,145,1,Incrementalistas,9,7,4253
30,145,2,Evolucionistas,9,6,3456
30,145,3,Isolados,9,7,4117
30,150,0,Empiristas,9,7,4124
30,150,1,Incrementalistas,9,7,4722
30,150,2,Evolucionistas,9,6,3691
30,150,3,Isolados,9,7,4587
30,155,0,Empiristas,9,7,4640
30,155,1,Incrementalistas,9,7,5238
30,155,2,Evolucionistas,9,6,3950
30,155,3,Isolados,9,7,5104
30,160,0,Empiristas,9,7,5211
30,160,1,Incrementalistas,9,7,5810
30,160,2,Evolucionistas,9,7,4235
30,160,3,Isolados,9,7,5675
30,165,0,Empiristas,9,7,5843
30,165,1,Incrementalistas,9,7,6440
30,165,2,Evolucionistas,9,7,4550
30,165,3,Isolados,9,7,6304
30,170,0,Empiristas,9,7,6539
30,170,1,Incrementalistas,9,7,7136
30,170,2,Evolucionistas,9,7,5111
30,170,3,Isolados,9,7,7001
30,175,0,Empiristas,9,7,7307
30,175,1,Incrementalistas,9,7,7905
30,175,2,Evolucionistas,9,7,5879
30,175,3,Isolados,9,7,7771
30,180,0,Empiristas,9,7,8155
30,180,1,Incrementalistas,9,7,8755
30,180,2,Evolucionistas,9,7,6726
30,180,3,Isolados,9,7,8621
30,185,0,Empiristas,9,7,9092
30,185,1,Incrementalistas,9,7,9691
30,185,2,Evolucionistas,9,7,7662
30,185,3,Isolados,9,7,9558
30,190,0,Empiristas,9,7,10127
30,190,1,Incrementalistas,9,7,10725
30,190,2,Evolucionistas,9,7,8698
30,190,3,Isolados,9,7,10592
30,195,0,Empiristas,9,7,11269
30,195,1,Incrementalistas,9,7,11867
30,195,2,Evolucionistas,9,7,9841
30,195,3,Isolados,9,7,11734
30,200,0,Empiristas,9,7,12531
30,200,1,Incrementalistas,9,7,13130
30,200,2,Evolucionistas,9,7,11103
30,200,3,Isolados,9,7,12995
30,205,0,Empiristas,9,7,13925
30,205,1,Incrementalistas,9,7,14522
30,205,2,Evolucionistas,9,7,12495
30,205,3,Isolados,9,7,14388
30,210,0,Empiristas,9,8,15463
30,210,1,Incrementalistas,9,7,16061
30,210,2,Evolucionistas,9,7,14034
30,210,3,Isolados,9,7,15927
30,215,0,Empiristas,9,8,17162
30,215,1,Incrementalistas,9,7,17758
30,215,2,Evolucionistas,9,7,15731
30,215,3,Isolados,9,7,17626
30,220,0,Empiristas,9,8,19038
30,220,1,Incrementalistas,9,7,19631
30,220,2,Evolucionistas,9,7,17605
30,220,3,Isolados,9,7,19501
30,225,0,Empiristas,9,8,21109
30,225,1,Incrementalistas,9,7,21702
30,225,2,Evolucionistas,9,7,19675
30,225,3,Isolados,9,7,21572
30,230,0,Empiristas,9,7,22695
30,230,1,Incrementalistas,9,7,23987
30,230,2,Evolucionistas,9,7,21959
30,230,3,Isolados,9,7,23857
30,235,0,Empiristas,9,7,23936
30,235,1,Incrementalistas,9,7,26467
30,235,2,Evolucionistas,9,7,24438
30,235,3,Isolados,9,7,26337
30,240,0,Empiristas,9,7,25186
30,240,1,Incrementalistas,9,7,28967
30,240,2,Evolucionistas,9,7,26938
30,240,3,Isolados,9,7,28837
30,245,0,Empiristas,9,7,26436
30,245,1,Incrementalistas,9,7,31467
30,245,2,Evolucionistas,9,7,29438
30,245,3,Isolados,9,7,31337
30,250,0,Empiristas,9,7,27686
30,250,1,Incrementalistas,9,7,33967
30,250,2,Evolucionistas,9,7,31938
30,250,3,Isolados,9,7,33837
30,255,0,Empiristas,9,8,29936
30,255,1,Incrementalistas,9,7,36467
30,255,2,Evolucionistas,9,7,34438
30,255,3,Isolados,9,7,36337
30,260,0,Empiristas,9,8,32436
30,260,1,Incrementalistas,9,7,38967
30,260,2,Evolucionistas,9,7,36938
30,260,3,Isolados,9,7,38837
30,265,0,Empiristas,9,8,34936
30,265,1,Incrementalistas,9,7,41467
30,265,2,Evolucionistas,9,7,39438
30,265,3,Isolados,9,7,41337
30,270,0,Empiristas,9,8,37436
30,270,1,Incrementalistas,9,7,43967
30,270,2,Evolucionistas,9,7,41938
30,270,3,Isolados,9,7,43837
30,275,0,Empiristas,9,8,39936
30,275,1,Incrementalistas,9,7,46467
30,275,2,Evolucionistas,9,7,44438
30,275,3,Isolados,9,7,46337
30,280,0,Empiristas,9,8,42436
30,280,1,Incrementalistas,9,7,48967
30,280,2,Evolucionistas,9,7,46938
30,280,3,Isolados,9,7,48837
30,285,0,Empiristas,9,8,44936
30,285,1,Incrementalistas,9,7,51467
30,285,2,Evolucionistas,9,7,49438
30,285,3,Isolados,9,7,51337
30,290,0,Empiristas,9,8,47436
30,290,1,Incrementalistas,9,7,53967
30,290,2,Evolucionistas,9,7,51938
30,290,3,Isolados,9,7,53837
30,295,0,Empiristas,9,8,49936
30,295,1,Incrementalistas,9,7,56467
30,295,2,Evolucionistas,9,7,54438
30,295,3,Isolados,9,7,56337
30,300,0,Empiristas,9,8,52436
30,300,1,Incrementalistas,9,7,58967
30,300,2,Evolucionistas,9,7,56938
30,300,3,Isolados,9,7,58837
31,0,0,Empiristas,nan,0,5
31,0,1,Incrementalistas,nan,0,5
31,0,2,Evolucionistas,-0.30103,1,5
31,0,3,Isolados,-0.30103,1,5
31,5,0,Empiristas,0.160472,1,31
31,5,1,Incrementalistas,0.116945,1,31
31,5,2,Evolucionistas,0.116945,1,32
31,5,3,Isolados,-0.093556,1,33
31,10,0,Empiristas,0.1672,1,62
31,10,1,Incrementalistas,0.1672,1,60
31,10,2,Evolucionistas,0.1672,1,61
31,10,3,Isolados,8.21384,2,63
31,15,0,Empiristas,0.1672,1,95
31,15,1,Incrementalistas,0.373149,1,92
31,15,2,Evolucionistas,0.373149,1,94
31,15,3,Isolados,8.21384,2,95
31,20,0,Empiristas,0.387934,1,130
31,20,1,Incrementalistas,0.395854,1,128
31,20,2,Evolucionistas,6,1,116
31,20,3,Isolados,8.21384,2,131
31,25,0,Empiristas,6,2,169
31,25,1,Incrementalistas,0.395854,1,167
31,25,2,Evolucionistas,6,2,135
31,25,3,Isolados,8.75734,3,170
31,30,0,Empiristas,6,2,213
31,30,1,Incrementalistas,6,2,211
31,30,2,Evolucionistas,6,2,157
31,30,3,Isolados,9,4,214
31,35,0,Empiristas,7.165,4,261
31,35,1,Incrementalistas,6,4,259
31,35,2,Evolucionistas,7.165,3,181
31,35,3,Isolados,9,4,262
31,40,0,Empiristas,8.67385,6,313
31,40,1,Incrementalistas,7.20298,5,312
31,40,2,Evolucionistas,7.20298,4,207
31,40,3,Isolados,9,4,316
31,45,0,Empiristas,8.67385,6,372
31,45,1,Incrementalistas,7.37673,5,369
31,45,2,Evolucionistas,8.67385,7,243
31,45,3,Isolados,9,4,375
31,50,0,Empiristas,8.67385,7,437
31,50,1,Incrementalistas,8.67385,7,435
31,50,2,Evolucionistas,8.67385,7,307
31,50,3,Isolados,9,5,439
31,55,0,Empiristas,8.67385,7,509
31,55,1,Incrementalistas,8.67385,7,506
31,55,2,Evolucionistas,9,7,379
31,55,3,Isolados,9,5,511
31,60,0,Empiristas,9,7,588
31,60,1,Incrementalistas,8.67385,7,585
31,60,2,Evolucionistas,9,7,457
31,60,3,Isolados,9,5,589
31,65,0,Empiristas,9,7,675
31,65,1,Incrementalistas,9,7,673
31,65,2,Evolucionistas,9,7,544
31,65,3,Isolados,9,5,675
31,70,0,Empiristas,9,7,771
31,70,1,Incrementalistas,9,8,769
31,70,2,Evolucionistas,9,7,640
31,70,3,Isolados,9,5,771
31,75,0,Empiristas,9,7,876
31,75,1,Incrementalistas,9,8,874
31,75,2,Evolucionistas,9,7,746
31,75,3,Isolados,9,5,877
31,80,0,Empiristas,9,7,993
31,80,1,Incrementalistas,9,8,992
31,80,2,Evolucionistas,9,7,863
31,80,3,Isolados,9,5,995
31,85,0,Empiristas,9,7,1123
31,85,1,Incrementalistas,9,8,1121
31,85,2,Evolucionistas,9,8,993
31,85,3,Isolados,9,5,1123
31,90,0,Empiristas,9,8,1266
31,90,1,Incrementalistas,9,8,1264
31,90,2,Evolucionistas,9,8,1136
31,90,3,Isolados,9,5,1267
31,95,0,Empiristas,9,8,1425
31,95,1,Incrementalistas,9,8,1420
31,95,2,Evolucionistas,9,8,1293
31,95,3,Isolados,9,5,1425
31,100,0,Empiristas,9,8,1598
31,100,1,Incrementalistas,9,8,1594
31,100,2,Evolucionistas,9,8,1467
31,100,3,Isolados,9,5,1599
31,105,0,Empiristas,9,8,1791
31,105,1,Incrementalistas,9,8,1787
31,105,2,Evolucionistas,9,8,1659
31,105,3,Isolados,9,5,1792
31,110,0,Empiristas,9,8,2003
31,110,1,Incrementalistas,9,8,1998
31,110,2,Evolucionistas,9,8,1872
31,110,3,Isolados,9,5,2005
31,115,0,Empiristas,9,8,2239
31,115,1,Incrementalistas,9,8,2233
31,115,2,Evolucionistas,9,8,2106
31,115,3,Isolados,9,5,2240
31,120,0,Empiristas,9,8,2498
31,120,1,Incrementalistas,9,8,2493
31,120,2,Evolucionistas,9,8,2366
31,120,3,Isolados,9,5,2498
31,125,0,Empiristas,9,8,2784
31,125,1,Incrementalistas,9,8,2777
31,125,2,Evolucionistas,9,8,2652
31,125,3,Isolados,9,6,2784
31,130,0,Empiristas,9,8,3101
31,130,1,Incrementalistas,9,8,3093
31,130,2,Evolucionistas,9,8,2966
31,130,3,Isolados,9,7,3099
31,135,0,Empiristas,9,8,3448
31,135,1,Incrementalistas,9,8,3441
31,135,2,Evolucionistas,9,8,3314
31,135,3,Isolados,9,7,3447
31,140,0,Empiristas,9,8,3832
31,140,1,Incrementalistas,9,8,3825
31,140,2,Evolucionistas,9,8,3699
31,140,3,Isolados,9,7,3831
31,145,0,Empiristas,9,8,4257
31,145,1,Incrementalistas,9,8,4249
31,145,2,Evolucionistas,9,8,4123
31,145,3,Isolados,9,7,4256
31,150,0,Empiristas,9,8,4726
31,150,1,Incrementalistas,9,8,4716
31,150,2,Evolucionistas,9,8,4593
31,150,3,Isolados,9,7,4725
31,155,0,Empiristas,9,8,5242
31,155,1,Incrementalistas,9,8,5234
31,155,2,Evolucionistas,9,8,5111
31,155,3,Isolados,9,7,5243
31,160,0,Empiristas,9,8,5815
31,160,1,Incrementalistas,9,8,5805
31,160,2,Evolucionistas,9,8,5682
31,160,3,Isolados,9,7,5814
31,165,0,Empiristas,9,8,6447
31,165,1,Incrementalistas,9,8,6435
31,165,2,Evolucionistas,9,8,6312
31,165,3,Isolados,9,7,6445
31,170,0,Empiristas,9,8,7143
31,170,1,Incrementalistas,9,8,7132
31,170,2,Evolucionistas,9,8,7010
31,170,3,Isolados,9,7,7143
31,175,0,Empiristas,9,8,7912
31,175,1,Incrementalistas,9,8,7900
31,175,2,Evolucionistas,9,8,7780
31,175,3,Isolados,9,7,7913
31,180,0,Empiristas,9,8,8761
31,180,1,Incrementalistas,9,8,8749
31,180,2,Evolucionistas,9,8,8630
31,180,3,Isolados,9,7,8762
31,185,0,Empiristas,9,8,9698
31,185,1,Incrementalistas,9,8,9686
31,185,2,Evolucionistas,9,8,9567
31,185,3,Isolados,9,7,9699
31,190,0,Empiristas,9,8,10733
31,190,1,Incrementalistas,9,8,10720
31,190,2,Evolucionistas,9,8,10602
31,190,3,Isolados,9,7,10734
31,195,0,Empiristas,9,8,11876
31,195,1,Incrementalistas,9,8,11863
31,195,2,Evolucionistas,9,8,11746
31,195,3,Isolados,9,7,11876
31,200,0,Empiristas,9,8,13138
31,200,1,Incrementalistas,9,8,13124
31,200,2,Evolucionistas,9,8,13006
31,200,3,Isolados,9,7,13139
31,205,0,Empiristas,9,8,14532
31,205,1,Incrementalistas,9,8,14516
31,205,2,Evolucionistas,9,8,14400
31,205,3,Isolados,9,7,14532
31,210,0,Empiristas,9,8,16069
31,210,1,Incrementalistas,9,8,16054
31,210,2,Evolucionistas,9,7,15468
31,210,3,Isolados,9,7,16071
31,215,0,Empiristas,9,8,17768
31,215,1,Incrementalistas,9,8,17753
31,215,2,Evolucionistas,9,8,16316
31,215,3,Isolados,9,7,17767
31,220,0,Empiristas,9,8,19642
31,220,1,Incrementalistas,9,8,19628
31,220,2,Evolucionistas,9,8,17253
31,220,3,Isolados,9,7,19642
31,225,0,Empiristas,9,8,21712
31,225,1,Incrementalistas,9,8,21698
31,225,2,Evolucionistas,9,8,18290
31,225,3,Isolados,9,7,21711
31,230,0,Empiristas,9,8,23997
31,230,1,Incrementalistas,9,8,23984
31,230,2,Evolucionistas,9,8,19433
31,230,3,Isolados,9,7,23997
31,235,0,Empiristas,9,8,26477
31,235,1,Incrementalistas,9,8,26463
31,235,2,Evolucionistas,9,8,21670
31,235,3,Isolados,9,7,26475
31,240,0,Empiristas,9,8,28977
31,240,1,Incrementalistas,9,8,28963
31,240,2,Evolucionistas,9,8,24170
31,240,3,Isolados,9,7,28975
31,245,0,Empiristas,9,8,31477
31,245,1,Incrementalistas,9,8,31463
31,245,2,Evolucionistas,9,8,26670
31,245,3,Isolados,9,7,31475
31,250,0,Empiristas,9,8,33727
31,250,1,Incrementalistas,9,8,33963
31,250,2,Evolucionistas,9,8,29170
31,250,3,Isolados,9,7,33975
31,255,0,Empiristas,9,8,34977
31,255,1,Incrementalistas,9,8,36463
31,255,2,Evolucionistas,9,8,31670
31,255,3,Isolados,9,7,36475
31,260,0,Empiristas,9,8,36227
31,260,1,Incrementalistas,9,8,38963
31,260,2,Evolucionistas,9,8,34170
31,260,3,Isolados,9,7,38975
31,265,0,Empiristas,9,8,37477
31,265,1,Incrementalistas,9,8,41463
31,265,2,Evolucionistas,9,8,36670
31,265,3,Isolados,9,7,41475
31,270,0,Empiristas,9,8,38727
31,270,1,Incrementalistas,9,8,43963
31,270,2,Evolucionistas,9,8,39170
31,270,3,Isolados,9,7,43975
31,275,0,Empiristas,9,8,40477
31,275,1,Incrementalistas,9,8,46463
31,275,2,Evolucionistas,9,8,41670
31,275,3,Isolados,9,7,46475
31,280,0,Empiristas,9,8,42977
31,280,1,Incrementalistas,9,8,48963
31,280,2,Evolucionistas,9,8,44170
31,280,3,Isolados,9,7,48975
31,285,0,Empiristas,9,8,45477
31,285,1,Incrementalistas,9,8,51463
31,285,2,Evolucionistas,9,8,46670
31,285,3,Isolados,9,7,51475
31,290,0,Empiristas,9,8,47977
31,290,1,Incrementalistas,9,8,53963
31,290,2,Evolucionistas,9,8,49170
31,290,3,Isolados,9,7,53975
31,295,0,Empiristas,9,8,50477
31,295,1,Incrementalistas,9,8,56463
31,295,2,Evolucionistas,9,8,51670
31,295,3,Isolados,9,7,56475
31,300,0,Empiristas,9,8,52977
31,300,1,Incrementalistas,9,8,58963
31,300,2,Evolucionistas,9,8,54170
31,300,3,Isolados,9,7,58975
