rodada,ano,civilizacao,cultura,classe,score,primeira_do_universo,por_contato
0,0,0,Carbono/agua,"nenhuma lei",0.505516,1,0
0,0,1,Carbono/amonia,"nenhuma lei",0.483973,0,0
0,0,2,Carbono/acido sulfurico,"nenhuma lei",0.503774,0,0
0,0,3,Carbono/metano,"nenhuma lei",0.6191,0,0
0,0,4,Silicio/agua,"Lei-D",0.624582,1,0
0,0,4,Silicio/agua,"nenhuma lei",0.577918,0,0
0,0,5,Silicio/acido sulfurico,"nenhuma lei",0.444993,0,0
0,0,5,Silicio/acido sulfurico,"Lei-B",0.659398,1,0
0,3,0,Carbono/agua,"Lei-C",0.674399,1,0
0,4,0,Carbono/agua,"Lei-C+Lei-D",0.713167,1,0
0,10,0,Carbono/agua,"Lei-D",0.65793,0,0
0,12,2,Carbono/acido sulfurico,"Lei-B",0.605057,0,0
0,20,0,Carbono/agua,"Lei-A",0.597793,1,0
0,20,2,Carbono/acido sulfurico,"Lei-A",0.635509,0,0
0,20,5,Silicio/acido sulfurico,"Lei-C",0.581465,0,0
0,21,3,Carbono/metano,"Lei-B",0.652255,0,0
0,21,3,Carbono/metano,"Lei-D",0.658315,0,0
0,22,1,Carbono/amonia,"Lei-A",0.53347,0,0
0,25,4,Silicio/agua,"Lei-A",0.563388,0,0
0,25,5,Silicio/acido sulfurico,"Lei-A",0.693981,0,0
0,35,4,Silicio/agua,"Lei-A+Lei-D",0.753261,1,0
0,40,5,Silicio/acido sulfurico,"Lei-D",0.633483,0,0
0,44,4,Silicio/agua,"Lei-B",0.672827,0,0
0,45,2,Carbono/acido sulfurico,"Lei-B+Lei-C",0.805771,1,0
0,46,2,Carbono/acido sulfurico,"Lei-C",0.727849,0,0
0,48,0,Carbono/agua,"Lei-B",0.542529,0,0
0,48,2,Carbono/acido sulfurico,"Lei-B",0.77473,0,0
0,48,2,Carbono/acido sulfurico,"Lei-A+Lei-C",0.811145,1,0
0,49,2,Carbono/acido sulfurico,"Lei-D",0.629713,0,0
0,52,2,Carbono/acido sulfurico,"Lei-A",0.663853,0,0
0,52,2,Carbono/acido sulfurico,"Lei-C",0.700103,0,0
0,54,3,Carbono/metano,"Lei-A",0.691799,0,0
0,56,1,Carbono/amonia,"Lei-D",0.665841,0,0
0,57,1,Carbono/amonia,"Lei-A+Lei-D",0.816675,0,0
0,58,1,Carbono/amonia,"Lei-C",0.757926,0,0
0,60,1,Carbono/amonia,"Lei-B",0.772016,0,0
0,62,5,Silicio/acido sulfurico,"Lei-B+Lei-C",0.716191,0,0
0,64,1,Carbono/amonia,"Lei-B+Lei-C",0.888828,0,0
0,64,2,Carbono/acido sulfurico,"Lei-A+Lei-C+Lei-D",0.854815,1,0
0,67,2,Carbono/acido sulfurico,"Lei-A+Lei-D",0.774427,0,0
0,73,0,Carbono/agua,"Lei-B+Lei-C",0.814734,0,0
0,77,5,Silicio/acido sulfurico,"nenhuma lei",0.673847,0,0
0,77,5,Silicio/acido sulfurico,"Lei-B+Lei-C",0.919849,0,0
0,78,3,Carbono/metano,"Lei-B+Lei-C",0.847314,0,0
0,79,3,Carbono/metano,"Lei-A+Lei-D",0.712556,0,0
0,82,4,Silicio/agua,"Lei-C",0.548378,0,0
0,83,4,Silicio/agua,"Lei-A+Lei-C+Lei-D",0.865054,0,0
0,86,2,Carbono/acido sulfurico,"Lei-C+Lei-D",0.79831,0,0
0,86,4,Silicio/agua,"Lei-A+Lei-C",0.745279,0,0
0,87,1,Carbono/amonia,"Lei-A+Lei-C",0.764147,0,0
0,88,4,Silicio/agua,"Lei-C+Lei-D",0.757526,0,0
0,95,2,Carbono/acido sulfurico,"Lei-B",0.825866,0,0
0,95,3,Carbono/metano,"Lei-A+Lei-C",0.778747,0,0
0,96,2,Carbono/acido sulfurico,"Lei-A",0.795042,0,0
0,101,3,Carbono/metano,"Lei-C",0.698546,0,0
0,111,5,Silicio/acido sulfurico,"Lei-A+Lei-D",0.677115,0,0
0,122,0,Carbono/agua,"Lei-A+Lei-C+Lei-D",0.898903,0,0
0,122,3,Carbono/metano,"Lei-A+Lei-C+Lei-D",0.820402,0,0
0,123,0,Carbono/agua,"Lei-A+Lei-D",0.78686,0,0
0,131,3,Carbono/metano,"Lei-C+Lei-D",0.724419,0,0
0,136,4,Silicio/agua,"Lei-B+Lei-C",0.86187,0,0
0,139,5,Silicio/acido sulfurico,"Lei-A+Lei-C+Lei-D",0.816096,0,0
0,142,0,Carbono/agua,"Lei-A+Lei-C",0.814683,0,0
0,148,5,Silicio/acido sulfurico,"nenhuma lei",0.587821,0,0
0,148,5,Silicio/acido sulfurico,"Lei-B+Lei-C",0.945227,0,0
0,155,4,Silicio/agua,"nenhuma lei",0.594804,0,0
0,155,4,Silicio/agua,"Lei-A+Lei-C",0.81627,0,0
0,155,4,Silicio/agua,"Lei-D",0.696714,0,0
0,155,4,Silicio/agua,"Lei-A+Lei-D",0.824852,0,0
0,155,5,Silicio/acido sulfurico,"Lei-B+Lei-C",0.921772,0,0
0,155,5,Silicio/acido sulfurico,"Lei-B",0.733597,0,0
0,156,4,Silicio/agua,"Lei-A",0.683836,0,0
0,157,4,Silicio/agua,"Lei-C",0.654761,0,0
0,160,1,Carbono/amonia,"Lei-C+Lei-D",0.866807,0,0
0,161,1,Carbono/amonia,"Lei-B+Lei-C",0.909143,0,0
0,161,1,Carbono/amonia,"nenhuma lei",0.495547,0,0
0,168,5,Silicio/acido sulfurico,"Lei-A",0.611753,0,0
0,180,0,Carbono/agua,"Lei-C",0.80682,0,0
0,180,0,Carbono/agua,"Lei-C+Lei-D",0.925251,0,0
0,181,0,Carbono/agua,"Lei-B+Lei-C",0.826491,0,0
0,183,0,Carbono/agua,"Lei-B",0.683812,0,0
0,189,5,Silicio/acido sulfurico,"Lei-A+Lei-C",0.777737,0,0
0,198,5,Silicio/acido sulfurico,"Lei-C+Lei-D",0.85322,0,0
0,199,1,Carbono/amonia,"Lei-B+Lei-C",0.924862,0,0
0,199,1,Carbono/amonia,"nenhuma lei",0.52599,0,0
0,199,1,Carbono/amonia,"Lei-A",0.587315,0,0
0,201,1,Carbono/amonia,"Lei-C",0.643621,0,0
0,203,0,Carbono/agua,"Lei-C+Lei-D",0.802896,0,0
0,204,0,Carbono/agua,"Lei-B",0.577242,0,0
0,224,1,Carbono/amonia,"Lei-A+Lei-C",0.856655,0,0
0,244,5,Silicio/acido sulfurico,"Lei-A+Lei-D",0.743705,0,0
0,248,0,Carbono/agua,"Lei-A+Lei-C",0.827778,0,0
0,251,0,Carbono/agua,"Lei-A+Lei-C+Lei-D",0.918599,0,0
1,0,0,Carbono/agua,"nenhuma lei",0.473183,1,0
1,0,1,Carbono/amonia,"Lei-C",0.534418,1,0
1,0,1,Carbono/amonia,"nenhuma lei",0.487805,0,0
1,0,2,Carbono/acido sulfurico,"nenhuma lei",0.50896,0,0
1,0,3,Carbono/metano,"nenhuma lei",0.62272,0,0
1,0,4,Silicio/agua,"nenhuma lei",0.510766,0,0
1,0,5,Silicio/acido sulfurico,"nenhuma lei",0.520444,0,0
1,5,0,Carbono/agua,"Lei-A",0.684935,1,0
1,8,1,Carbono/amonia,"Lei-A",0.633827,0,0
1,10,5,Silicio/acido sulfurico,"Lei-B+Lei-C",0.701866,1,0
1,12,2,Carbono/acido sulfurico,"Lei-B",0.667489,1,0
1,13,4,Silicio/agua,"Lei-C",0.661756,0,0
1,13,5,Silicio/acido sulfurico,"Lei-C",0.564178,0,0
1,16,5,Silicio/acido sulfurico,"Lei-D",0.572935,1,0
1,17,1,Carbono/amonia,"Lei-A+Lei-C",0.704553,1,0
1,17,3,Carbono/metano,"Lei-B",0.574346,0,0
1,18,4,Silicio/agua,"Lei-B+Lei-C",0.761899,0,0
1,19,5,Silicio/acido sulfurico,"Lei-A",0.627097,0,0
1,20,4,Silicio/agua,"Lei-B",0.612308,0,0
1,20,5,Silicio/acido sulfurico,"Lei-B",0.60785,0,0
1,26,1,Carbono/amonia,"Lei-C+Lei-D",0.810494,1,0
1,27,4,Silicio/agua,"Lei-D",0.601163,0,0
1,28,3,Carbono/metano,"Lei-A",0.59176,0,0
1,31,5,Silicio/acido sulfurico,"Lei-A+Lei-D",0.701247,1,0
1,32,1,Carbono/amonia,"Lei-D",0.595497,0,0
1,33,0,Carbono/agua,"Lei-C",0.621923,0,0
1,39,2,Carbono/acido sulfurico,"Lei-A",0.557922,0,0
1,42,5,Silicio/acido sulfurico,"Lei-A+Lei-C+Lei-D",0.837942,1,0
1,44,2,Carbono/acido sulfurico,"Lei-B+Lei-C",0.76743,0,0
1,47,3,Carbono/metano,"Lei-D",0.63517,0,0
1,48,0,Carbono/agua,"Lei-A+Lei-D",0.78539,0,0
1,49,1,Carbono/amonia,"Lei-A+Lei-C+Lei-D",0.847275,0,0
1,51,0,Carbono/agua,"Lei-D",0.714348,0,0
1,53,1,Carbono/amonia,"Lei-B+Lei-C",0.811421,0,0
1,53,2,Carbono/acido sulfurico,"Lei-C",0.673587,0,0
1,53,4,Silicio/agua,"Lei-A+Lei-C",0.745184,0,0
1,54,3,Carbono/metano,"Lei-B+Lei-C",0.78279,0,0
1,54,4,Silicio/agua,"Lei-B+Lei-C",0.711239,0,0
1,55,2,Carbono/acido sulfurico,"Lei-D",0.579379,0,0
1,56,4,Silicio/agua,"Lei-B",0.636611,0,0
1,57,1,Carbono/amonia,"Lei-A+Lei-D",0.658173,0,0
1,57,4,Silicio/agua,"nenhuma lei",0.506294,0,0
1,59,4,Silicio/agua,"Lei-A+Lei-D",0.74494,0,0
1,63,0,Carbono/agua,"Lei-B",0.642057,0,0
1,64,4,Silicio/agua,"Lei-A",0.670067,0,0
1,65,3,Carbono/metano,"Lei-C",0.656832,0,0
1,67,5,Silicio/acido sulfurico,"Lei-A+Lei-C",0.75096,0,0
1,67,5,Silicio/acido sulfurico,"Lei-C+Lei-D",0.739797,0,0
1,74,2,Carbono/acido sulfurico,"Lei-A+Lei-C",0.697289,0,0
1,87,2,Carbono/acido sulfurico,"Lei-A+Lei-C+Lei-D",0.834471,0,0
1,87,2,Carbono/acido sulfurico,"Lei-C+Lei-D",0.82855,0,0
1,89,4,Silicio/agua,"Lei-C+Lei-D",0.735499,0,0
1,91,1,Carbono/amonia,"Lei-B",0.722268,0,0
1,104,3,Carbono/metano,"Lei-A+Lei-C",0.746142,0,0
1,106,2,Carbono/acido sulfurico,"Lei-A+Lei-D",0.595996,0,0
1,123,0,Carbono/agua,"Lei-B+Lei-C",0.679867,0,0
1,131,4,Silicio/agua,"Lei-B",0.614281,0,0
1,140,4,Silicio/agua,"Lei-A+Lei-C+Lei-D",0.920555,0,0
1,142,4,Silicio/agua,"Lei-A+Lei-D",0.842004,0,0
1,143,4,Silicio/agua,"Lei-A+Lei-C",0.723863,0,0
1,144,4,Silicio/agua,"Lei-C+Lei-D",0.784177,0,0
1,158,0,Carbono/agua,"Lei-A+Lei-C",0.810331,0,0
1,165,0,Carbono/agua,"Lei-A+Lei-C+Lei-D",0.934406,0,0
1,166,0,Carbono/agua,"Lei-C+Lei-D",0.885709,0,0
1,232,3,Carbono/metano,"Lei-A+Lei-D",0.777888,0,0
1,241,3,Carbono/metano,"Lei-C+Lei-D",0.738153,0,0
2,0,0,Carbono/agua,"nenhuma lei",0.545352,1,0
2,0,1,Carbono/amonia,"nenhuma lei",0.479784,0,0
2,0,2,Carbono/acido sulfurico,"nenhuma lei",0.473929,0,0
2,0,3,Carbono/metano,"nenhuma lei",0.461294,0,0
2,0,4,Silicio/agua,"nenhuma lei",0.500416,0,0
2,0,5,Silicio/acido sulfurico,"Lei-A",0.553097,1,0
2,0,5,Silicio/acido sulfurico,"nenhuma lei",0.529313,0,0
2,1,5,Silicio/acido sulfurico,"Lei-C",0.638812,1,0
2,2,1,Carbono/amonia,"Lei-B",0.706241,1,0
2,8,2,Carbono/acido sulfurico,"Lei-C",0.681769,0,0
2,9,5,Silicio/acido sulfurico,"Lei-B",0.648472,0,0
2,11,4,Silicio/agua,"Lei-A",0.604527,0,0
2,15,0,Carbono/agua,"Lei-B",0.708663,0,0
2,15,4,Silicio/agua,"Lei-D",0.565817,1,0
2,15,5,Silicio/acido sulfurico,"Lei-B+Lei-C",0.728433,1,0
2,24,5,Silicio/acido sulfurico,"Lei-A+Lei-C",0.714712,1,0
2,26,4,Silicio/agua,"Lei-C",0.623982,0,0
2,29,2,Carbono/acido sulfurico,"Lei-A+Lei-C",0.789958,0,0
2,30,3,Carbono/metano,"nenhuma lei",0.55022,0,0
2,38,0,Carbono/agua,"Lei-C",0.685194,0,0
2,39,2,Carbono/acido sulfurico,"Lei-A",0.607284,0,0
2,39,5,Silicio/acido sulfurico,"Lei-D",0.626684,0,0
2,43,0,Carbono/agua,"Lei-B+Lei-C",0.87541,0,0
2,44,3,Carbono/metano,"Lei-A",0.544894,0,0
2,46,3,Carbono/metano,"Lei-C",0.675558,0,0
2,47,4,Silicio/agua,"Lei-B",0.595682,0,0
2,48,0,Carbono/agua,"Lei-A",0.667832,0,0
2,56,2,Carbono/acido sulfurico,"Lei-A+Lei-C+Lei-D",0.86501,1,0
2,57,1,Carbono/amonia,"Lei-A",0.786357,0,0
2,61,0,Carbono/agua,"Lei-D",0.653952,0,0
2,61,0,Carbono/agua,"Lei-C+Lei-D",0.777316,1,0
2,61,2,Carbono/acido sulfurico,"Lei-C+Lei-D",0.73928,0,0
2,62,0,Carbono/agua,"Lei-A+Lei-C+Lei-D",0.834805,0,0
2,62,3,Carbono/metano,"Lei-A+Lei-C",0.762193,0,0
2,63,0,Carbono/agua,"Lei-A+Lei-C",0.75693,0,0
2,68,2,Carbono/acido sulfurico,"Lei-D",0.582839,0,0
2,70,2,Carbono/acido sulfurico,"Lei-A+Lei-D",0.740967,1,0
2,75,2,Carbono/acido sulfurico,"Lei-B",0.684371,0,0
2,75,3,Carbono/metano,"Lei-B",0.71973,0,0
2,76,0,Carbono/agua,"Lei-A+Lei-D",0.714067,0,0
2,77,4,Silicio/agua,"Lei-A+Lei-C",0.753795,0,0
2,78,2,Carbono/acido sulfurico,"Lei-B+Lei-C",0.829181,0,0
2,87,1,Carbono/amonia,"Lei-D",0.595052,0,0
2,90,5,Silicio/acido sulfurico,"Lei-C+Lei-D",0.796705,0,0
2,96,4,Silicio/agua,"Lei-A+Lei-D",0.826595,0,0
2,105,3,Carbono/metano,"Lei-D",0.518389,0,0
2,106,1,Carbono/amonia,"Lei-C",0.700909,0,0
2,115,1,Carbono/amonia,"nenhuma lei",0.50973,0,0
2,120,4,Silicio/agua,"Lei-B+Lei-C",0.752197,0,0
2,121,3,Carbono/metano,"Lei-C+Lei-D",0.752821,0,0
2,122,3,Carbono/metano,"Lei-A+Lei-D",0.668695,0,0
2,142,3,Carbono/metano,"Lei-A+Lei-C+Lei-D",0.921053,0,0
2,143,1,Carbono/amonia,"Lei-C",0.565609,0,0
2,144,1,Carbono/amonia,"Lei-A+Lei-C",0.734916,0,0
2,147,3,Carbono/metano,"Lei-A+Lei-C",0.80184,0,0
2,148,3,Carbono/metano,"Lei-A",0.695087,0,0
2,154,4,Silicio/agua,"Lei-A+Lei-C+Lei-D",0.805359,0,0
2,155,5,Silicio/acido sulfurico,"Lei-A+Lei-D",0.75495,0,0
2,169,1,Carbono/amonia,"Lei-B+Lei-C",0.812663,0,0
2,173,5,Silicio/acido sulfurico,"Lei-A+Lei-C+Lei-D",0.88609,0,0
2,174,4,Silicio/agua,"Lei-C+Lei-D",0.834407,0,0
2,233,1,Carbono/amonia,"Lei-A+Lei-C+Lei-D",0.881758,0,0
2,236,1,Carbono/amonia,"Lei-A+Lei-D",0.762945,0,0
2,245,1,Carbono/amonia,"Lei-C+Lei-D",0.810768,0,0
2,260,3,Carbono/metano,"Lei-B+Lei-C",0.773319,0,0
2,288,3,Carbono/metano,"Lei-C",0.740521,0,0
2,291,3,Carbono/metano,"Lei-A+Lei-D",0.700535,0,0
2,299,0,Carbono/agua,"Lei-C",0.823415,0,0
2,299,0,Carbono/agua,"Lei-C+Lei-D",0.739864,0,0
2,300,0,Carbono/agua,"Lei-D",0.634151,0,0
3,0,0,Carbono/agua,"nenhuma lei",0.506646,1,0
3,0,1,Carbono/amonia,"nenhuma lei",0.540598,0,0
3,0,2,Carbono/acido sulfurico,"nenhuma lei",0.54589,0,0
3,0,3,Carbono/metano,"nenhuma lei",0.463376,0,0
3,0,4,Silicio/agua,"nenhuma lei",0.483104,0,0
3,0,5,Silicio/acido sulfurico,"nenhuma lei",0.411886,0,0
3,1,5,Silicio/acido sulfurico,"Lei-B",0.518584,1,0
3,6,4,Silicio/agua,"Lei-A",0.576003,1,0
3,9,1,Carbono/amonia,"Lei-C",0.611704,1,0
3,10,4,Silicio/agua,"Lei-C",0.686756,0,0
3,12,1,Carbono/amonia,"Lei-A",0.668721,0,0
3,15,5,Silicio/acido sulfurico,"Lei-D",0.664229,1,0
3,16,2,Carbono/acido sulfurico,"Lei-A",0.630759,0,0
3,16,5,Silicio/acido sulfurico,"Lei-A+Lei-D",0.810641,1,0
3,17,2,Carbono/acido sulfurico,"Lei-D",0.564959,0,0
3,19,1,Carbono/amonia,"Lei-D",0.603115,0,0
3,20,0,Carbono/agua,"Lei-A",0.602416,0,0
3,20,5,Silicio/acido sulfurico,"Lei-A",0.623852,0,0
3,22,0,Carbono/agua,"Lei-C",0.728082,0,0
3,23,5,Silicio/acido sulfurico,"Lei-C",0.670176,0,0
3,27,4,Silicio/agua,"Lei-A+Lei-C",0.69865,1,0
3,30,2,Carbono/acido sulfurico,"Lei-B",0.742414,0,0
3,31,5,Silicio/acido sulfurico,"Lei-C+Lei-D",0.736112,1,0
3,33,3,Carbono/metano,"Lei-C",0.6253,0,0
3,33,4,Silicio/agua,"Lei-D",0.643176,0,0
3,37,0,Carbono/agua,"Lei-A+Lei-C",0.732851,0,0
3,41,5,Silicio/acido sulfurico,"Lei-A+Lei-C+Lei-D",0.882118,1,0
3,43,5,Silicio/acido sulfurico,"Lei-A+Lei-C",0.753042,0,0
3,46,1,Carbono/amonia,"Lei-A+Lei-C",0.774827,0,0
3,46,2,Carbono/acido sulfurico,"Lei-C",0.585399,0,0
3,47,3,Carbono/metano,"Lei-B",0.607085,0,0
3,54,3,Carbono/metano,"Lei-D",0.672831,0,0
3,55,1,Carbono/amonia,"Lei-B",0.775254,0,0
3,57,0,Carbono/agua,"Lei-B",0.672159,0,0
3,60,0,Carbono/agua,"Lei-D",0.579032,0,0
3,60,2,Carbono/acido sulfurico,"Lei-A+Lei-C",0.82443,0,0
3,65,0,Carbono/agua,"Lei-A+Lei-C+Lei-D",0.884012,0,0
3,66,3,Carbono/metano,"Lei-C+Lei-D",0.845004,0,0
3,67,4,Silicio/agua,"Lei-D",0.623199,0,0
3,71,0,Carbono/agua,"Lei-C+Lei-D",0.807665,0,0
3,73,3,Carbono/metano,"Lei-B+Lei-C",0.72544,1,0
3,76,3,Carbono/metano,"Lei-A",0.663139,0,0
3,83,1,Carbono/amonia,"Lei-A+Lei-D",0.675888,0,0
3,85,0,Carbono/agua,"Lei-A+Lei-D",0.720845,0,0
3,88,2,Carbono/acido sulfurico,"Lei-A+Lei-C+Lei-D",0.912792,0,0
3,88,2,Carbono/acido sulfurico,"Lei-B+Lei-C",0.727886,0,0
3,93,2,Carbono/acido sulfurico,"Lei-A+Lei-D",0.775641,0,0
3,94,0,Carbono/agua,"Lei-B+Lei-C",0.770984,0,0
3,94,4,Silicio/agua,"Lei-B",0.651627,0,0
3,100,2,Carbono/acido sulfurico,"Lei-C+Lei-D",0.847261,0,0
3,117,4,Silicio/agua,"Lei-A+Lei-C+Lei-D",0.813893,0,0
3,121,4,Silicio/agua,"Lei-B+Lei-C",0.730244,0,0
3,128,4,Silicio/agua,"Lei-A+Lei-D",0.736707,0,0
3,133,1,Carbono/amonia,"Lei-A+Lei-C+Lei-D",0.861164,0,0
3,136,1,Carbono/amonia,"Lei-C+Lei-D",0.675581,0,0
3,145,4,Silicio/agua,"Lei-A+Lei-C",0.897858,0,0
3,145,4,Silicio/agua,"Lei-A",0.752511,0,0
3,148,4,Silicio/agua,"Lei-B+Lei-C",0.725004,0,0
3,152,5,Silicio/acido sulfurico,"Lei-B+Lei-C",0.764425,0,0
3,153,3,Carbono/metano,"Lei-A+Lei-C",0.783468,0,0
3,158,4,Silicio/agua,"Lei-B",0.640442,0,0
3,186,4,Silicio/agua,"Lei-C+Lei-D",0.771501,0,0
3,204,1,Carbono/amonia,"Lei-B+Lei-C",0.813056,0,0
3,209,2,Carbono/acido sulfurico,"Lei-C+Lei-D",0.882745,0,0
3,209,2,Carbono/acido sulfurico,"Lei-A+Lei-D",0.826962,0,0
3,218,2,Carbono/acido sulfurico,"Lei-B",0.653084,0,0
3,247,4,Silicio/agua,"Lei-A+Lei-C+Lei-D",0.980526,0,0
3,247,4,Silicio/agua,"nenhuma lei",0.544216,0,0
3,247,4,Silicio/agua,"Lei-B",0.689839,0,0
3,247,4,Silicio/agua,"Lei-D",0.609925,0,0
3,247,4,Silicio/agua,"Lei-A+Lei-C",0.84901,0,0
3,250,4,Silicio/agua,"Lei-B+Lei-C",0.760034,0,0
3,255,5,Silicio/acido sulfurico,"Lei-A+Lei-D",0.798804,0,0
3,255,5,Silicio/acido sulfurico,"Lei-A+Lei-C",0.732553,0,0
3,256,5,Silicio/acido sulfurico,"Lei-C+Lei-D",0.829359,0,0
3,256,5,Silicio/acido sulfurico,"Lei-B",0.667464,0,0
3,275,1,Carbono/amonia,"nenhuma lei",0.488154,0,0
3,275,1,Carbono/amonia,"Lei-A+Lei-C+Lei-D",0.873344,0,0
3,276,1,Carbono/amonia,"Lei-A+Lei-C",0.774754,0,0
3,276,1,Carbono/amonia,"Lei-C",0.656174,0,0
3,280,1,Carbono/amonia,"Lei-C+Lei-D",0.805881,0,0
3,285,1,Carbono/amonia,"Lei-A",0.63138,0,0
3,292,1,Carbono/amonia,"Lei-B",0.753268,0,0
4,0,0,Carbono/agua,"nenhuma lei",0.539283,1,0
4,0,1,Carbono/amonia,"nenhuma lei",0.458475,0,0
4,0,2,Carbono/acido sulfurico,"nenhuma lei",0.567717,0,0
4,0,2,Carbono/acido sulfurico,"Lei-B",0.619358,1,0
4,0,2,Carbono/acido sulfurico,"Lei-D",0.615898,1,0
4,0,3,Carbono/metano,"nenhuma lei",0.453035,0,0
4,0,4,Silicio/agua,"nenhuma lei",0.448629,0,0
4,0,4,Silicio/agua,"Lei-B",0.646486,0,0
4,0,5,Silicio/acido sulfurico,"nenhuma lei",0.546446,0,0
4,1,3,Carbono/metano,"Lei-A",0.577624,1,0
4,2,2,Carbono/acido sulfurico,"Lei-A",0.627728,0,0
4,3,0,Carbono/agua,"Lei-D",0.674766,0,0
4,8,0,Carbono/agua,"Lei-A+Lei-D",0.652636,1,0
4,9,0,Carbono/agua,"Lei-B",0.73741,0,0
4,9,2,Carbono/acido sulfurico,"Lei-A+Lei-D",0.657183,0,0
4,9,5,Silicio/acido sulfurico,"Lei-A",0.551368,0,0
4,12,3,Carbono/metano,"Lei-A+Lei-D",0.750891,0,0
4,13,4,Silicio/agua,"Lei-B+Lei-C",0.730603,1,0
4,13,5,Silicio/acido sulfurico,"Lei-C",0.73049,1,0
4,16,0,Carbono/agua,"Lei-A",0.613011,0,0
4,18,1,Carbono/amonia,"Lei-A",0.597887,0,0
4,18,5,Silicio/acido sulfurico,"Lei-A+Lei-C",0.755498,1,0
4,20,3,Carbono/metano,"Lei-D",0.599163,0,0
4,21,4,Silicio/agua,"Lei-C",0.664629,0,0
4,22,5,Silicio/acido sulfurico,"Lei-B+Lei-C",0.827182,0,0
4,23,5,Silicio/acido sulfurico,"Lei-B",0.670712,0,0
4,30,5,Silicio/acido sulfurico,"Lei-A+Lei-D",0.624051,0,0
4,31,0,Carbono/agua,"Lei-C",0.679248,0,0
4,31,2,Carbono/acido sulfurico,"Lei-C",0.618047,0,0
4,32,5,Silicio/acido sulfurico,"Lei-D",0.632879,0,0
4,34,4,Silicio/agua,"Lei-D",0.663741,0,0
4,37,5,Silicio/acido sulfurico,"Lei-C+Lei-D",0.765661,1,0
4,45,1,Carbono/amonia,"Lei-D",0.603779,0,0
4,49,0,Carbono/agua,"Lei-A+Lei-C+Lei-D",0.809066,1,0
4,50,0,Carbono/agua,"Lei-C+Lei-D",0.725865,0,0
4,52,1,Carbono/amonia,"Lei-C",0.57773,0,0
4,53,0,Carbono/agua,"Lei-A+Lei-C",0.691257,0,0
4,59,5,Silicio/acido sulfurico,"Lei-A+Lei-C+Lei-D",0.771241,0,0
4,61,1,Carbono/amonia,"Lei-B",0.668693,0,0
4,75,2,Carbono/acido sulfurico,"Lei-A+Lei-C",0.77038,0,0
4,75,2,Carbono/acido sulfurico,"Lei-B+Lei-C",0.835368,0,0
4,78,4,Silicio/agua,"Lei-A",0.623405,0,0
4,81,1,Carbono/amonia,"Lei-A+Lei-C",0.781302,0,0
4,83,0,Carbono/agua,"Lei-B+Lei-C",0.773978,0,0
4,84,3,Carbono/metano,"Lei-A+Lei-C",0.695796,0,0
4,86,2,Carbono/acido sulfurico,"Lei-C+Lei-D",0.892153,0,0
4,89,2,Carbono/acido sulfurico,"Lei-A+Lei-C+Lei-D",0.954708,0,0
4,89,3,Carbono/metano,"Lei-B",0.57291,0,0
4,91,1,Carbono/amonia,"Lei-A+Lei-D",0.80513,0,0
4,92,1,Carbono/amonia,"Lei-B+Lei-C",0.746473,0,0
4,95,2,Carbono/acido sulfurico,"Lei-A+Lei-D",0.802919,0,0
4,96,2,Carbono/acido sulfurico,"Lei-C",0.756307,0,0
4,96,2,Carbono/acido sulfurico,"Lei-A+Lei-C+Lei-D",1,0,0
4,98,1,Carbono/amonia,"Lei-C+Lei-D",0.737557,0,0
4,101,2,Carbono/acido sulfurico,"Lei-B",0.646429,0,0
4,109,3,Carbono/metano,"Lei-A+Lei-C+Lei-D",0.868513,0,0
4,114,1,Carbono/amonia,"Lei-A+Lei-C+Lei-D",0.923884,0,0
4,115,3,Carbono/metano,"Lei-C+Lei-D",0.769606,0,0
4,119,3,Carbono/metano,"Lei-C",0.596458,0,0
4,119,4,Silicio/agua,"Lei-A+Lei-C",0.829338,0,0
4,181,4,Silicio/agua,"Lei-C+Lei-D",0.80962,0,0
4,181,4,Silicio/agua,"Lei-A+Lei-D",0.772713,0,0
4,200,4,Silicio/agua,"Lei-A+Lei-C+Lei-D",0.871846,0,0
4,233,4,Silicio/agua,"Lei-A",0.727896,0,0
4,235,4,Silicio/agua,"nenhuma lei",0.62608,0,0
4,235,4,Silicio/agua,"Lei-B+Lei-C",0.944702,0,0
4,247,4,Silicio/agua,"Lei-C+Lei-D",0.787214,0,0
4,254,3,Carbono/metano,"Lei-D",0.571812,0,0
4,254,3,Carbono/metano,"Lei-C+Lei-D",0.772997,0,0
4,255,3,Carbono/metano,"Lei-A+Lei-C",0.764124,0,0
4,255,4,Silicio/agua,"Lei-A+Lei-C+Lei-D",0.842088,0,0
4,261,4,Silicio/agua,"Lei-A+Lei-D",0.69001,0,0
4,278,3,Carbono/metano,"Lei-B",0.543588,0,0
5,0,0,Carbono/agua,"nenhuma lei",0.530607,1,0
5,0,1,Carbono/amonia,"nenhuma lei",0.509883,0,0
5,0,2,Carbono/acido sulfurico,"nenhuma lei",0.572758,0,0
5,0,2,Carbono/acido sulfurico,"Lei-A",0.586961,1,0
5,0,3,Carbono/metano,"nenhuma lei",0.489208,0,0
5,0,4,Silicio/agua,"nenhuma lei",0.408435,0,0
5,0,5,Silicio/acido sulfurico,"nenhuma lei",0.457853,0,0
5,3,0,Carbono/agua,"Lei-B",0.751001,1,0
5,3,2,Carbono/acido sulfurico,"Lei-D",0.499736,1,0
5,4,1,Carbono/amonia,"Lei-B",0.579389,0,0
5,4,2,Carbono/acido sulfurico,"Lei-C",0.67641,1,0
5,5,0,Carbono/agua,"Lei-B+Lei-C",0.782809,1,0
5,5,4,Silicio/agua,"Lei-C",0.580394,0,0
5,9,1,Carbono/amonia,"Lei-A",0.699245,0,0
5,11,5,Silicio/acido sulfurico,"Lei-C",0.682031,0,0
5,19,0,Carbono/agua,"Lei-C",0.653131,0,0
5,19,5,Silicio/acido sulfurico,"Lei-D",0.574948,0,0
5,19,5,Silicio/acido sulfurico,"Lei-B",0.678943,0,0
5,20,2,Carbono/acido sulfurico,"Lei-A+Lei-D",0.729857,1,0
5,22,2,Carbono/acido sulfurico,"Lei-B+Lei-C",0.796437,0,0
5,24,4,Silicio/agua,"Lei-D",0.645381,0,0
5,31,5,Silicio/acido sulfurico,"Lei-A",0.701501,0,0
5,32,3,Carbono/metano,"Lei-C",0.60122,0,0
5,33,1,Carbono/amonia,"Lei-B+Lei-C",0.757778,0,0
5,34,2,Carbono/acido sulfurico,"Lei-C+Lei-D",0.659592,1,0
5,35,4,Silicio/agua,"Lei-B+Lei-C",0.70322,0,0
5,36,2,Carbono/acido sulfurico,"Lei-B",0.584676,0,0
5,38,4,Silicio/agua,"Lei-B",0.597456,0,0
5,45,2,Carbono/acido sulfurico,"Lei-A+Lei-C",0.758961,1,0
5,47,1,Carbono/amonia,"Lei-C",0.691947,0,0
5,47,3,Carbono/metano,"Lei-B",0.707619,0,0
5,49,0,Carbono/agua,"Lei-A+Lei-C",0.732235,0,0
5,49,2,Carbono/acido sulfurico,"Lei-A+Lei-C+Lei-D",0.859132,1,0
5,49,4,Silicio/agua,"Lei-A",0.591111,0,0
5,60,0,Carbono/agua,"Lei-D",0.586016,0,0
5,61,5,Silicio/acido sulfurico,"Lei-B+Lei-C",0.775208,0,0
5,68,5,Silicio/acido sulfurico,"Lei-C+Lei-D",0.73158,0,0
5,72,0,Carbono/agua,"Lei-A+Lei-C+Lei-D",0.844572,0,0
5,72,3,Carbono/metano,"Lei-A",0.699854,0,0
5,76,0,Carbono/agua,"Lei-A",0.655442,0,0
5,77,4,Silicio/agua,"Lei-A+Lei-C",0.705272,0,0
5,77,5,Silicio/acido sulfurico,"Lei-A+Lei-C",0.711382,0,0
5,81,1,Carbono/amonia,"Lei-D",0.647519,0,0
5,82,5,Silicio/acido sulfurico,"Lei-B+Lei-C",0.784688,0,0
5,89,5,Silicio/acido sulfurico,"Lei-D",0.685765,0,0
5,92,5,Silicio/acido sulfurico,"Lei-C+Lei-D",0.7905,0,0
5,93,5,Silicio/acido sulfurico,"Lei-A",0.654934,0,0
5,96,0,Carbono/agua,"Lei-C+Lei-D",0.641471,0,0
5,98,1,Carbono/amonia,"Lei-A+Lei-C",0.84336,0,0
5,107,0,Carbono/agua,"Lei-A+Lei-D",0.797511,0,0
5,129,3,Carbono/metano,"Lei-A+Lei-C",0.750556,0,0
5,137,3,Carbono/metano,"Lei-D",0.560859,0,0
5,140,3,Carbono/metano,"nenhuma lei",0.578022,0,0
5,140,3,Carbono/metano,"Lei-B",0.834381,0,0
5,143,3,Carbono/metano,"Lei-C",0.686785,0,0
5,143,4,Silicio/agua,"Lei-A+Lei-C+Lei-D",0.92417,0,0
5,153,4,Silicio/agua,"Lei-C+Lei-D",0.793202,0,0
5,154,4,Silicio/agua,"Lei-A+Lei-D",0.773732,0,0
5,160,3,Carbono/metano,"Lei-A",0.710232,0,0
5,175,5,Silicio/acido sulfurico,"Lei-A+Lei-D",0.730998,0,0
5,198,2,Carbono/acido sulfurico,"nenhuma lei",0.513026,0,0
5,198,2,Carbono/acido sulfurico,"Lei-A+Lei-C",0.79724,0,0
5,198,2,Carbono/acido sulfurico,"Lei-C+Lei-D",0.808931,0,0
5,199,2,Carbono/acido sulfurico,"Lei-A",0.674297,0,0
5,202,1,Carbono/amonia,"Lei-C+Lei-D",0.798279,0,0
5,204,2,Carbono/acido sulfurico,"Lei-B+Lei-C",0.85718,0,0
5,206,5,Silicio/acido sulfurico,"Lei-A+Lei-C+Lei-D",0.880886,0,0
5,208,5,Silicio/acido sulfurico,"Lei-B",0.807137,0,0
5,209,1,Carbono/amonia,"Lei-A+Lei-C+Lei-D",0.895022,0,0
5,213,5,Silicio/acido sulfurico,"Lei-A+Lei-D",0.743085,0,0
5,216,5,Silicio/acido sulfurico,"Lei-C+Lei-D",0.834293,0,0
5,238,3,Carbono/metano,"Lei-B+Lei-C",0.878238,0,0
5,250,1,Carbono/amonia,"Lei-A",0.682375,0,0
5,266,1,Carbono/amonia,"nenhuma lei",0.50086,0,0
5,266,1,Carbono/amonia,"Lei-A",0.729898,0,0
5,275,1,Carbono/amonia,"Lei-D",0.693259,0,0
5,300,3,Carbono/metano,"Lei-B+Lei-C",0.931729,0,0
6,0,0,Carbono/agua,"nenhuma lei",0.503688,1,0
6,0,1,Carbono/amonia,"nenhuma lei",0.455862,0,0
6,0,2,Carbono/acido sulfurico,"nenhuma lei",0.569478,0,0
6,0,3,Carbono/metano,"nenhuma lei",0.436214,0,0
6,0,4,Silicio/agua,"Lei-B",0.601642,1,0
6,0,4,Silicio/agua,"nenhuma lei",0.574976,0,0
6,0,5,Silicio/acido sulfurico,"nenhuma lei",0.429785,0,0
6,5,2,Carbono/acido sulfurico,"Lei-C",0.668456,1,0
6,5,5,Silicio/acido sulfurico,"Lei-B",0.669479,0,0
6,11,1,Carbono/amonia,"Lei-A",0.576129,1,0
6,13,2,Carbono/acido sulfurico,"Lei-A",0.670954,0,0
6,14,2,Carbono/acido sulfurico,"Lei-D",0.605767,1,0
6,15,5,Silicio/acido sulfurico,"Lei-A+Lei-D",0.803329,1,0
6,19,1,Carbono/amonia,"Lei-D",0.635482,0,0
6,20,3,Carbono/metano,"Lei-C",0.606631,0,0
6,20,5,Silicio/acido sulfurico,"Lei-A",0.597132,0,0
6,21,0,Carbono/agua,"Lei-D",0.691391,0,0
6,23,0,Carbono/agua,"Lei-C",0.669713,0,0
6,23,5,Silicio/acido sulfurico,"Lei-D",0.638718,0,0
6,26,2,Carbono/acido sulfurico,"Lei-A+Lei-C",0.791475,1,0
6,27,1,Carbono/amonia,"Lei-B",0.652524,0,0
6,28,2,Carbono/acido sulfurico,"Lei-B+Lei-C",0.792672,1,0
6,29,3,Carbono/metano,"Lei-A",0.707569,0,0
6,30,2,Carbono/acido sulfurico,"Lei-B",0.59861,0,0
6,32,5,Silicio/acido sulfurico,"Lei-A+Lei-D",0.805837,0,0
6,35,4,Silicio/agua,"Lei-B+Lei-C",0.806266,0,0
6,36,0,Carbono/agua,"Lei-B",0.70621,0,0
6,36,4,Silicio/agua,"Lei-A",0.781759,0,0
6,38,0,Carbono/agua,"Lei-A",0.717434,0,0
6,40,4,Silicio/agua,"Lei-C",0.600109,0,0
6,41,4,Silicio/agua,"Lei-D",0.625947,0,0
6,45,0,Carbono/agua,"Lei-B+Lei-C",0.789459,0,0
6,53,1,Carbono/amonia,"Lei-C",0.508231,0,0
6,53,5,Silicio/acido sulfurico,"Lei-C",0.628536,0,0
6,54,0,Carbono/agua,"Lei-A+Lei-C",0.723678,0,0
6,56,2,Carbono/acido sulfurico,"Lei-C+Lei-D",0.683696,1,0
6,56,4,Silicio/agua,"Lei-C+Lei-D",0.774464,0,0
6,66,2,Carbono/acido sulfurico,"Lei-A+Lei-C+Lei-D",0.77139,1,0
6,75,3,Carbono/metano,"Lei-B",0.593362,0,0
6,82,2,Carbono/acido sulfurico,"Lei-A+Lei-D",0.731995,0,0
6,87,3,Carbono/metano,"Lei-A+Lei-D",0.774186,0,0
6,88,3,Carbono/metano,"Lei-A+Lei-C+Lei-D",0.884887,0,0
6,90,3,Carbono/metano,"Lei-A+Lei-C",0.751392,0,0
6,91,3,Carbono/metano,"Lei-D",0.535767,0,0
6,93,4,Silicio/agua,"Lei-A+Lei-C+Lei-D",0.897891,0,0
6,96,3,Carbono/metano,"Lei-C+Lei-D",0.732648,0,0
6,96,4,Silicio/agua,"Lei-A+Lei-C",0.748975,0,0
6,98,4,Silicio/agua,"Lei-A+Lei-D",0.766297,0,0
6,116,0,Carbono/agua,"nenhuma lei",0.490641,0,0
6,122,1,Carbono/amonia,"Lei-B+Lei-C",0.838372,0,0
6,127,5,Silicio/acido sulfurico,"Lei-A+Lei-C",0.815347,0,0
6,130,0,Carbono/agua,"Lei-A",0.778663,0,0
6,131,1,Carbono/amonia,"Lei-C+Lei-D",0.792514,0,0
6,141,2,Carbono/acido sulfurico,"Lei-B",0.773582,0,0
6,141,2,Carbono/acido sulfurico,"nenhuma lei",0.537827,0,0
6,141,2,Carbono/acido sulfurico,"Lei-A+Lei-C",0.8575,0,0
6,142,2,Carbono/acido sulfurico,"Lei-C",0.773969,0,0
6,144,0,Carbono/agua,"Lei-A+Lei-C",0.763149,0,0
6,161,0,Carbono/agua,"Lei-A+Lei-D",0.806739,0,0
6,161,5,Silicio/acido sulfurico,"Lei-A+Lei-D",0.887071,0,0
6,161,5,Silicio/acido sulfurico,"Lei-A",0.598595,0,0
6,161,5,Silicio/acido sulfurico,"Lei-D",0.829234,0,0
6,167,5,Silicio/acido sulfurico,"Lei-A+Lei-C+Lei-D",0.902135,0,0
6,169,5,Silicio/acido sulfurico,"Lei-C+Lei-D",0.882457,0,0
6,171,5,Silicio/acido sulfurico,"Lei-A+Lei-C",0.679826,0,0
6,179,0,Carbono/agua,"Lei-C+Lei-D",0.727271,0,0
6,181,0,Carbono/agua,"Lei-A+Lei-C+Lei-D",0.851718,0,0
6,181,3,Carbono/metano,"Lei-B+Lei-C",0.759554,0,0
6,181,5,Silicio/acido sulfurico,"Lei-C",0.727301,0,0
6,191,5,Silicio/acido sulfurico,"Lei-B+Lei-C",0.771553,0,0
6,227,0,Carbono/agua,"Lei-D",0.556226,0,0
6,247,3,Carbono/metano,"nenhuma lei",0.572159,0,0
6,247,3,Carbono/metano,"Lei-C+Lei-D",0.795452,0,0
6,260,1,Carbono/amonia,"Lei-A+Lei-C",0.726916,0,0
6,267,0,Carbono/agua,"Lei-A+Lei-C+Lei-D",0.8949,0,0
6,285,1,Carbono/amonia,"Lei-B+Lei-C",0.864588,0,0
6,285,1,Carbono/amonia,"Lei-C",0.77242,0,0
6,285,4,Silicio/agua,"Lei-A+Lei-C+Lei-D",0.816465,0,0
6,286,4,Silicio/agua,"Lei-A+Lei-C",0.826636,0,0
6,287,3,Carbono/metano,"Lei-B+Lei-C",0.822591,0,0
7,0,0,Carbono/agua,"nenhuma lei",0.4955,1,0
7,0,0,Carbono/agua,"Lei-A",0.578827,1,0
7,0,1,Carbono/amonia,"nenhuma lei",0.601321,0,0
7,0,2,Carbono/acido sulfurico,"Lei-D",0.642995,1,0
7,0,2,Carbono/acido sulfurico,"nenhuma lei",0.545746,0,0
7,0,3,Carbono/metano,"nenhuma lei",0.594071,0,0
7,0,4,Silicio/agua,"nenhuma lei",0.469631,0,0
7,0,5,Silicio/acido sulfurico,"nenhuma lei",0.55104,0,0
7,9,2,Carbono/acido sulfurico,"Lei-B",0.654678,1,0
7,11,4,Silicio/agua,"Lei-B",0.697972,0,0
7,14,0,Carbono/agua,"Lei-A+Lei-C",0.78478,1,0
7,14,2,Carbono/acido sulfurico,"Lei-A+Lei-D",0.694247,1,0
7,18,0,Carbono/agua,"Lei-C",0.644111,1,0
7,19,2,Carbono/acido sulfurico,"Lei-C+Lei-D",0.743081,1,0
7,20,5,Silicio/acido sulfurico,"Lei-A",0.737327,0,0
7,23,1,Carbono/amonia,"Lei-B",0.57596,0,0
7,25,2,Carbono/acido sulfurico,"Lei-C",0.669882,0,0
7,26,2,Carbono/acido sulfurico,"Lei-A",0.597967,0,0
7,29,3,Carbono/metano,"Lei-A",0.620106,0,0
7,32,2,Carbono/acido sulfurico,"Lei-B+Lei-C",0.806302,1,0
7,32,2,Carbono/acido sulfurico,"Lei-A+Lei-C+Lei-D",0.853383,1,0
7,34,1,Carbono/amonia,"Lei-C",0.566091,0,0
7,40,5,Silicio/acido sulfurico,"Lei-A+Lei-D",0.676051,0,0
7,40,5,Silicio/acido sulfurico,"Lei-C",0.638665,0,0
7,44,2,Carbono/acido sulfurico,"Lei-A+Lei-C",0.763015,0,0
7,54,1,Carbono/amonia,"Lei-A",0.633432,0,0
7,57,5,Silicio/acido sulfurico,"Lei-B",0.586802,0,0
7,58,4,Silicio/agua,"Lei-A",0.592829,0,0
7,59,0,Carbono/agua,"Lei-A+Lei-C+Lei-D",0.867074,0,0
7,59,5,Silicio/acido sulfurico,"Lei-D",0.659044,0,0
7,62,0,Carbono/agua,"Lei-A+Lei-D",0.751484,0,0
7,66,5,Silicio/acido sulfurico,"Lei-A+Lei-C",0.855736,0,0
7,70,2,Carbono/acido sulfurico,"Lei-A",0.630067,0,0
7,70,2,Carbono/acido sulfurico,"nenhuma lei",0.541201,0,0
7,70,5,Silicio/acido sulfurico,"Lei-B+Lei-C",0.752655,0,0
7,71,2,Carbono/acido sulfurico,"Lei-A+Lei-C",0.721096,0,0
7,72,4,Silicio/agua,"Lei-B+Lei-C",0.81559,0,0
7,74,0,Carbono/agua,"Lei-C+Lei-D",0.801599,0,0
7,74,4,Silicio/agua,"nenhuma lei",0.552756,0,0
7,78,3,Carbono/metano,"Lei-B",0.591575,0,0
7,79,0,Carbono/agua,"Lei-B",0.632269,0,0
7,79,1,Carbono/amonia,"Lei-D",0.643319,0,0
7,80,2,Carbono/acido sulfurico,"Lei-B",0.704997,0,0
7,81,1,Carbono/amonia,"Lei-B+Lei-C",0.8652,0,0
7,81,1,Carbono/amonia,"Lei-A+Lei-C",0.72919,0,0
7,83,0,Carbono/agua,"Lei-D",0.589116,0,0
7,86,4,Silicio/agua,"Lei-C",0.636942,0,0
7,91,3,Carbono/metano,"Lei-C",0.645094,0,0
7,94,4,Silicio/agua,"Lei-D",0.695399,0,0
7,99,3,Carbono/metano,"Lei-B+Lei-C",0.804532,0,0
7,103,3,Carbono/metano,"Lei-D",0.583717,0,0
7,109,5,Silicio/acido sulfurico,"Lei-A+Lei-C+Lei-D",0.861786,0,0
7,111,3,Carbono/metano,"Lei-A+Lei-C",0.806631,0,0
7,112,3,Carbono/metano,"Lei-A+Lei-D",0.688586,0,0
7,116,1,Carbono/amonia,"Lei-A+Lei-D",0.776246,0,0
7,120,4,Silicio/agua,"Lei-A+Lei-C",0.72334,0,0
7,124,5,Silicio/acido sulfurico,"Lei-C+Lei-D",0.845053,0,0
7,128,1,Carbono/amonia,"nenhuma lei",0.531805,0,0
7,128,1,Carbono/amonia,"Lei-B",0.758254,0,0
7,136,1,Carbono/amonia,"Lei-A",0.58181,0,0
7,136,4,Silicio/agua,"Lei-C+Lei-D",0.831754,0,0
7,138,0,Carbono/agua,"Lei-B+Lei-C",0.770791,0,0
7,172,1,Carbono/amonia,"Lei-C",0.826681,0,0
7,177,4,Silicio/agua,"Lei-A+Lei-D",0.684952,0,0
7,198,4,Silicio/agua,"Lei-A+Lei-C+Lei-D",0.830089,0,0
7,200,1,Carbono/amonia,"Lei-A",0.578224,0,0
7,210,1,Carbono/amonia,"Lei-A+Lei-D",0.732485,0,0
7,217,1,Carbono/amonia,"Lei-A+Lei-C+Lei-D",0.849362,0,0
7,243,3,Carbono/metano,"Lei-C",0.826424,0,0
7,252,5,Silicio/acido sulfurico,"nenhuma lei",0.422669,0,0
7,252,5,Silicio/acido sulfurico,"Lei-A+Lei-C+Lei-D",0.944473,0,0
7,252,5,Silicio/acido sulfurico,"Lei-A+Lei-D",0.817818,0,0
7,252,5,Silicio/acido sulfurico,"Lei-D",0.592616,0,0
7,266,4,Silicio/agua,"nenhuma lei",0.441837,0,0
7,266,4,Silicio/agua,"Lei-A+Lei-D",0.858532,0,0
7,267,4,Silicio/agua,"Lei-D",0.67811,0,0
7,271,5,Silicio/acido sulfurico,"Lei-B+Lei-C",0.896447,0,0
7,290,3,Carbono/metano,"Lei-C+Lei-D",0.883205,0,0
8,0,0,Carbono/agua,"nenhuma lei",0.487689,1,0
8,0,1,Carbono/amonia,"nenhuma lei",0.4605,0,0
8,0,2,Carbono/acido sulfurico,"nenhuma lei",0.515681,0,0
8,0,3,Carbono/metano,"nenhuma lei",0.592625,0,0
8,0,4,Silicio/agua,"nenhuma lei",0.499366,0,0
8,0,5,Silicio/acido sulfurico,"nenhuma lei",0.436377,0,0
8,2,5,Silicio/acido sulfurico,"Lei-B",0.658579,1,0
8,3,0,Carbono/agua,"Lei-B+Lei-C",0.700368,1,0
8,4,4,Silicio/agua,"Lei-C",0.640234,1,0
8,5,0,Carbono/agua,"Lei-C",0.658746,0,0
8,6,1,Carbono/amonia,"Lei-B",0.553918,0,0
8,9,5,Silicio/acido sulfurico,"Lei-C",0.662346,0,0
8,11,0,Carbono/agua,"Lei-B",0.588175,0,0
8,12,5,Silicio/acido sulfurico,"Lei-D",0.60286,1,0
8,14,5,Silicio/acido sulfurico,"Lei-A",0.726179,1,0
8,16,3,Carbono/metano,"Lei-B",0.593077,0,0
8,22,2,Carbono/acido sulfurico,"Lei-A",0.72577,0,0
8,23,1,Carbono/amonia,"Lei-D",0.619592,0,0
8,25,4,Silicio/agua,"Lei-B",0.476986,0,0
8,26,4,Silicio/agua,"Lei-A",0.668611,0,0
8,30,2,Carbono/acido sulfurico,"Lei-C",0.654397,0,0
8,31,4,Silicio/agua,"Lei-A+Lei-C",0.769426,1,0
8,32,1,Carbono/amonia,"Lei-A",0.633967,0,0
8,34,2,Carbono/acido sulfurico,"Lei-B",0.649741,0,0
8,35,5,Silicio/acido sulfurico,"Lei-B+Lei-C",0.846508,0,0
8,42,2,Carbono/acido sulfurico,"Lei-A+Lei-C",0.849824,0,0
8,43,1,Carbono/amonia,"Lei-C",0.580696,0,0
8,46,2,Carbono/acido sulfurico,"Lei-B+Lei-C",0.782915,0,0
8,46,4,Silicio/agua,"Lei-A+Lei-D",0.687277,1,0
8,51,0,Carbono/agua,"Lei-A",0.627926,0,0
8,51,3,Carbono/metano,"Lei-B",0.775617,0,0
8,51,4,Silicio/agua,"Lei-D",0.631208,0,0
8,54,4,Silicio/agua,"Lei-B+Lei-C",0.757336,0,0
8,56,4,Silicio/agua,"Lei-C+Lei-D",0.76146,1,0
8,56,4,Silicio/agua,"Lei-A+Lei-C+Lei-D",0.823885,1,0
8,61,5,Silicio/acido sulfurico,"Lei-A+Lei-C",0.824051,0,0
8,66,2,Carbono/acido sulfurico,"Lei-D",0.566384,0,0
8,70,3,Carbono/metano,"Lei-D",0.621533,0,0
8,73,0,Carbono/agua,"Lei-D",0.574202,0,0
8,79,1,Carbono/amonia,"Lei-A+Lei-C",0.806792,0,0
8,82,2,Carbono/acido sulfurico,"Lei-B+Lei-C",0.805782,0,0
8,85,0,Carbono/agua,"Lei-A+Lei-C",0.810575,0,0
8,88,3,Carbono/metano,"Lei-B+Lei-C",0.872928,0,0
8,90,1,Carbono/amonia,"Lei-A+Lei-D",0.679273,0,0
8,95,3,Carbono/metano,"Lei-C",0.542724,0,0
8,108,5,Silicio/acido sulfurico,"Lei-C+Lei-D",0.685516,0,0
8,109,3,Carbono/metano,"Lei-A+Lei-C",0.784152,0,0
8,112,0,Carbono/agua,"Lei-C",0.711782,0,0
8,115,5,Silicio/acido sulfurico,"Lei-A+Lei-C+Lei-D",0.711794,0,0
8,116,3,Carbono/metano,"Lei-A",0.620056,0,0
8,123,0,Carbono/agua,"Lei-A+Lei-D",0.693963,0,0
8,127,1,Carbono/amonia,"Lei-B+Lei-C",0.917708,0,0
8,130,1,Carbono/amonia,"Lei-C+Lei-D",0.76879,0,0
8,131,5,Silicio/acido sulfurico,"Lei-A+Lei-D",0.791427,0,0
8,140,3,Carbono/metano,"Lei-A+Lei-C+Lei-D",0.851122,0,0
8,141,3,Carbono/metano,"Lei-C+Lei-D",0.698068,0,0
8,145,3,Carbono/metano,"Lei-A+Lei-D",0.794618,0,0
8,174,0,Carbono/agua,"Lei-C+Lei-D",0.705764,0,0
8,184,0,Carbono/agua,"Lei-A+Lei-C+Lei-D",0.795219,0,0
8,213,2,Carbono/acido sulfurico,"Lei-A+Lei-D",0.722793,0,0
8,223,1,Carbono/amonia,"Lei-A+Lei-C+Lei-D",0.898923,0,0
8,272,2,Carbono/acido sulfurico,"Lei-C+Lei-D",0.735061,0,0
8,299,5,Silicio/acido sulfurico,"Lei-A+Lei-C",0.817727,0,0
8,299,5,Silicio/acido sulfurico,"nenhuma lei",0.530069,0,0
9,0,0,Carbono/agua,"nenhuma lei",0.606236,1,0
9,0,1,Carbono/amonia,"nenhuma lei",0.527418,0,0
9,0,2,Carbono/acido sulfurico,"nenhuma lei",0.548389,0,0
9,0,3,Carbono/metano,"nenhuma lei",0.508014,0,0
9,0,4,Silicio/agua,"nenhuma lei",0.560732,0,0
9,0,5,Silicio/acido sulfurico,"nenhuma lei",0.508195,0,0
9,3,0,Carbono/agua,"Lei-D",0.659993,1,0
9,5,0,Carbono/agua,"Lei-A+Lei-D",0.673975,1,0
9,5,2,Carbono/acido sulfurico,"Lei-B",0.66389,1,0
9,6,5,Silicio/acido sulfurico,"Lei-D",0.719901,0,0
9,8,3,Carbono/metano,"nenhuma lei",0.42822,0,0
9,11,1,Carbono/amonia,"Lei-C",0.62348,1,0
9,13,4,Silicio/agua,"Lei-B",0.552312,0,0
9,18,0,Carbono/agua,"Lei-A",0.605522,1,0
9,18,3,Carbono/metano,"Lei-B",0.626719,0,0
9,18,5,Silicio/acido sulfurico,"Lei-B",0.663068,0,0
9,22,2,Carbono/acido sulfurico,"Lei-D",0.670352,0,0
9,22,3,Carbono/metano,"Lei-A",0.728224,0,0
9,25,1,Carbono/amonia,"nenhuma lei",0.538181,0,0
9,30,4,Silicio/agua,"Lei-A",0.621143,0,0
9,30,4,Silicio/agua,"Lei-D",0.636495,0,0
9,31,2,Carbono/acido sulfurico,"Lei-B+Lei-C",0.792245,1,0
9,31,4,Silicio/agua,"Lei-C",0.670303,0,0
9,31,5,Silicio/acido sulfurico,"Lei-A",0.680992,0,0
9,31,5,Silicio/acido sulfurico,"Lei-A+Lei-D",0.808845,0,0
9,37,1,Carbono/amonia,"Lei-B",0.684451,0,0
9,37,2,Carbono/acido sulfurico,"Lei-C+Lei-D",0.74486,1,0
9,37,4,Silicio/agua,"Lei-C+Lei-D",0.778943,0,0
9,38,2,Carbono/acido sulfurico,"Lei-C",0.687826,0,0
9,39,3,Carbono/metano,"Lei-C",0.675765,0,0
9,42,0,Carbono/agua,"Lei-B",0.688516,0,0
9,46,4,Silicio/agua,"Lei-B+Lei-C",0.797812,0,0
9,46,5,Silicio/acido sulfurico,"Lei-C",0.562782,0,0
9,53,1,Carbono/amonia,"Lei-A",0.674034,0,0
9,56,1,Carbono/amonia,"Lei-A+Lei-C",0.810872,1,0
9,64,2,Carbono/acido sulfurico,"Lei-A+Lei-D",0.711938,0,0
9,68,0,Carbono/agua,"Lei-A+Lei-C+Lei-D",0.771576,1,0
9,69,0,Carbono/agua,"Lei-A+Lei-C",0.791613,0,0
9,73,0,Carbono/agua,"Lei-C+Lei-D",0.804959,0,0
9,76,2,Carbono/acido sulfurico,"Lei-A",0.525762,0,0
9,77,0,Carbono/agua,"Lei-C",0.650319,0,0
9,80,2,Carbono/acido sulfurico,"Lei-A+Lei-C",0.792789,0,0
9,87,1,Carbono/amonia,"Lei-A+Lei-C+Lei-D",0.975606,0,0
9,90,4,Silicio/agua,"Lei-D",0.699756,0,0
9,92,1,Carbono/amonia,"Lei-D",0.628479,0,0
9,96,1,Carbono/amonia,"Lei-A+Lei-D",0.727388,0,0
9,101,4,Silicio/agua,"Lei-A+Lei-C",0.826618,0,0
9,103,1,Carbono/amonia,"Lei-C+Lei-D",0.686075,0,0
9,108,3,Carbono/metano,"Lei-B+Lei-C",0.788105,0,0
9,111,0,Carbono/agua,"Lei-B+Lei-C",0.780839,0,0
9,117,1,Carbono/amonia,"Lei-B+Lei-C",0.872565,0,0
9,119,3,Carbono/metano,"Lei-D",0.630917,0,0
9,121,5,Silicio/acido sulfurico,"Lei-A+Lei-C+Lei-D",0.764183,0,0
9,124,3,Carbono/metano,"Lei-A+Lei-C",0.76838,0,0
9,127,5,Silicio/acido sulfurico,"Lei-A+Lei-C",0.692731,0,0
9,128,5,Silicio/acido sulfurico,"Lei-C+Lei-D",0.812343,0,0
9,132,5,Silicio/acido sulfurico,"Lei-B+Lei-C",0.845162,0,0
9,137,1,Carbono/amonia,"Lei-A",0.698876,0,0
9,137,1,Carbono/amonia,"Lei-A+Lei-D",0.7858,0,0
9,138,1,Carbono/amonia,"nenhuma lei",0.549174,0,0
9,153,2,Carbono/acido sulfurico,"Lei-B",0.778589,0,0
9,168,2,Carbono/acido sulfurico,"Lei-A",0.681612,0,0
9,172,1,Carbono/amonia,"Lei-B+Lei-C",0.890252,0,0
9,189,4,Silicio/agua,"Lei-A+Lei-D",0.694136,0,0
9,201,4,Silicio/agua,"Lei-A+Lei-C+Lei-D",0.845399,0,0
9,231,5,Silicio/acido sulfurico,"Lei-A+Lei-C+Lei-D",0.886487,0,0
9,232,5,Silicio/acido sulfurico,"Lei-C",0.637218,0,0
9,233,3,Carbono/metano,"Lei-A+Lei-D",0.644718,0,0
9,242,5,Silicio/acido sulfurico,"Lei-B",0.645661,0,0
9,244,3,Carbono/metano,"Lei-C+Lei-D",0.759796,0,0
9,263,1,Carbono/amonia,"Lei-A+Lei-C+Lei-D",0.975606,0,0
9,263,1,Carbono/amonia,"Lei-D",0.726148,0,0
9,264,1,Carbono/amonia,"Lei-A",0.532853,0,0
9,265,1,Carbono/amonia,"Lei-C+Lei-D",0.875496,0,0
9,265,1,Carbono/amonia,"Lei-C",0.686664,0,0
9,268,1,Carbono/amonia,"Lei-B+Lei-C",0.804435,0,0
9,275,1,Carbono/amonia,"Lei-A+Lei-C+Lei-D",0.837268,0,0
9,275,1,Carbono/amonia,"nenhuma lei",0.563402,0,0
9,275,1,Carbono/amonia,"Lei-C",0.660168,0,0
9,276,1,Carbono/amonia,"Lei-D",0.579902,0,0
9,287,5,Silicio/acido sulfurico,"Lei-B+Lei-C",0.750366,0,0
9,293,2,Carbono/acido sulfurico,"Lei-A+Lei-C+Lei-D",0.713528,0,0
10,0,0,Carbono/agua,"nenhuma lei",0.427324,1,0
10,0,0,Carbono/agua,"Lei-A",0.580893,1,0
10,0,1,Carbono/amonia,"nenhuma lei",0.493501,0,0
10,0,2,Carbono/acido sulfurico,"nenhuma lei",0.492111,0,0
10,0,3,Carbono/metano,"nenhuma lei",0.547019,0,0
10,0,4,Silicio/agua,"nenhuma lei",0.506604,0,0
10,0,5,Silicio/acido sulfurico,"nenhuma lei",0.617614,0,0
10,4,4,Silicio/agua,"Lei-A",0.616749,0,0
10,11,2,Carbono/acido sulfurico,"Lei-A+Lei-C",0.760033,1,0
10,11,2,Carbono/acido sulfurico,"Lei-C",0.63881,1,0
10,12,4,Silicio/agua,"Lei-B+Lei-C",0.668834,1,0
10,14,5,Silicio/acido sulfurico,"Lei-A",0.745847,0,0
10,15,3,Carbono/metano,"Lei-B",0.613663,1,0
10,15,4,Silicio/agua,"Lei-C",0.555152,0,0
10,16,4,Silicio/agua,"Lei-D",0.578829,1,0
10,19,0,Carbono/agua,"Lei-B",0.513217,0,0
10,19,2,Carbono/acido sulfurico,"Lei-B",0.588463,0,0
10,22,0,Carbono/agua,"Lei-D",0.527375,0,0
10,22,3,Carbono/metano,"Lei-D",0.563784,0,0
10,27,1,Carbono/amonia,"Lei-D",0.655459,0,0
10,27,5,Silicio/acido sulfurico,"Lei-A+Lei-D",0.786707,1,0
10,32,5,Silicio/acido sulfurico,"Lei-D",0.684336,0,0
10,34,4,Silicio/agua,"Lei-A+Lei-C",0.733674,0,0
10,38,2,Carbono/acido sulfurico,"Lei-A",0.602357,0,0
10,39,5,Silicio/acido sulfurico,"Lei-B",0.673883,0,0
10,41,4,Silicio/agua,"Lei-B",0.604616,0,0
10,42,4,Silicio/agua,"Lei-C+Lei-D",0.823017,1,0
10,45,5,Silicio/acido sulfurico,"Lei-A+Lei-C",0.727623,0,0
10,48,1,Carbono/amonia,"Lei-C+Lei-D",0.736564,0,0
10,51,1,Carbono/amonia,"Lei-C",0.635453,0,0
10,53,2,Carbono/acido sulfurico,"Lei-D",0.685827,0,0
10,54,2,Carbono/acido sulfurico,"Lei-A+Lei-D",0.697738,0,0
10,61,0,Carbono/agua,"Lei-C",0.664434,0,0
10,62,5,Silicio/acido sulfurico,"Lei-C",0.622367,0,0
10,64,5,Silicio/acido sulfurico,"Lei-A+Lei-C+Lei-D",0.908031,1,0
10,66,1,Carbono/amonia,"Lei-A",0.640495,0,0
10,71,5,Silicio/acido sulfurico,"Lei-C+Lei-D",0.793086,0,0
10,78,1,Carbono/amonia,"Lei-A+Lei-C+Lei-D",0.860276,0,0
10,78,3,Carbono/metano,"Lei-A",0.647556,0,0
10,83,1,Carbono/amonia,"Lei-A+Lei-D",0.747024,0,0
10,83,1,Carbono/amonia,"Lei-A+Lei-C",0.697281,0,0
10,88,0,Carbono/agua,"Lei-A+Lei-D",0.895288,0,0
10,88,2,Carbono/acido sulfurico,"Lei-A+Lei-C+Lei-D",0.833161,0,0
10,90,0,Carbono/agua,"Lei-C+Lei-D",0.774309,0,0
10,91,0,Carbono/agua,"Lei-B+Lei-C",0.754802,0,0
10,94,2,Carbono/acido sulfurico,"Lei-C+Lei-D",0.807828,0,0
10,97,3,Carbono/metano,"Lei-C+Lei-D",0.78219,0,0
10,101,1,Carbono/amonia,"Lei-B",0.630821,0,0
10,102,1,Carbono/amonia,"Lei-B+Lei-C",0.826115,0,0
10,108,3,Carbono/metano,"Lei-C",0.683258,0,0
10,114,4,Silicio/agua,"Lei-A+Lei-C+Lei-D",0.840081,0,0
10,117,2,Carbono/acido sulfurico,"Lei-B+Lei-C",0.734997,0,0
10,119,3,Carbono/metano,"Lei-B+Lei-C",0.795437,0,0
10,123,5,Silicio/acido sulfurico,"Lei-B+Lei-C",0.781578,0,0
10,131,4,Silicio/agua,"Lei-A+Lei-D",0.746042,0,0
10,142,2,Carbono/acido sulfurico,"Lei-A+Lei-C+Lei-D",0.941021,0,0
10,142,2,Carbono/acido sulfurico,"Lei-A+Lei-C",0.806365,0,0
10,142,2,Carbono/acido sulfurico,"Lei-A",0.638292,0,0
10,144,0,Carbono/agua,"Lei-A+Lei-C+Lei-D",0.934406,0,0
10,144,2,Carbono/acido sulfurico,"Lei-A+Lei-D",0.841249,0,0
10,145,0,Carbono/agua,"Lei-A+Lei-C",0.825181,0,0
10,165,0,Carbono/agua,"Lei-A+Lei-C",0.728103,0,0
10,166,0,Carbono/agua,"Lei-B+Lei-C",0.749506,0,0
10,167,0,Carbono/agua,"Lei-B",0.566686,0,0
10,180,3,Carbono/metano,"Lei-A+Lei-D",0.828599,0,0
11,0,0,Carbono/agua,"nenhuma lei",0.539894,1,0
11,0,1,Carbono/amonia,"nenhuma lei",0.606382,0,0
11,0,2,Carbono/acido sulfurico,"nenhuma lei",0.476561,0,0
11,0,4,Silicio/agua,"nenhuma lei",0.514223,0,0
11,0,5,Silicio/acido sulfurico,"nenhuma lei",0.536012,0,0
11,1,3,Carbono/metano,"nenhuma lei",0.487622,0,0
11,2,5,Silicio/acido sulfurico,"Lei-C+Lei-D",0.744485,1,0
11,3,5,Silicio/acido sulfurico,"Lei-D",0.65501,1,0
11,4,2,Carbono/acido sulfurico,"Lei-C",0.573532,1,0
11,7,5,Silicio/acido sulfurico,"Lei-C",0.592406,0,0
11,8,0,Carbono/agua,"Lei-A",0.575057,1,0
11,10,2,Carbono/acido sulfurico,"Lei-B",0.648498,1,0
11,10,3,Carbono/metano,"Lei-A",0.598543,0,0
11,12,3,Carbono/metano,"Lei-D",0.547055,0,0
11,14,3,Carbono/metano,"Lei-B",0.734189,0,0
11,15,5,Silicio/acido sulfurico,"Lei-B+Lei-C",0.777051,1,0
11,19,4,Silicio/agua,"Lei-C",0.706689,0,0
11,20,5,Silicio/acido sulfurico,"Lei-B",0.664298,0,0
11,22,3,Carbono/metano,"Lei-C",0.701843,0,0
11,24,0,Carbono/agua,"Lei-B",0.654522,0,0
11,28,4,Silicio/agua,"Lei-D",0.758864,0,0
11,29,2,Carbono/acido sulfurico,"Lei-B+Lei-C",0.840628,0,0
11,29,5,Silicio/acido sulfurico,"Lei-A+Lei-C+Lei-D",0.876959,1,0
11,39,2,Carbono/acido sulfurico,"Lei-A",0.576233,0,0
11,39,5,Silicio/acido sulfurico,"Lei-A+Lei-D",0.783306,1,0
11,39,5,Silicio/acido sulfurico,"Lei-A+Lei-C",0.733929,1,0
11,40,2,Carbono/acido sulfurico,"Lei-D",0.57342,0,0
11,41,4,Silicio/agua,"Lei-B",0.612422,0,0
11,43,1,Carbono/amonia,"Lei-C",0.640761,0,0
11,43,5,Silicio/acido sulfurico,"Lei-A",0.627533,0,0
11,47,4,Silicio/agua,"Lei-A",0.625096,0,0
11,50,0,Carbono/agua,"Lei-D",0.6104,0,0
11,50,3,Carbono/metano,"Lei-B+Lei-C",0.83521,0,0
11,65,1,Carbono/amonia,"Lei-D",0.587562,0,0
11,66,4,Silicio/agua,"Lei-A+Lei-C",0.718586,0,0
11,70,1,Carbono/amonia,"Lei-B",0.704938,0,0
11,70,3,Carbono/metano,"Lei-C+Lei-D",0.730584,0,0
11,74,3,Carbono/metano,"Lei-A+Lei-C",0.688578,0,0
11,82,4,Silicio/agua,"Lei-C+Lei-D",0.868361,0,0
11,89,1,Carbono/amonia,"Lei-A",0.640568,0,0
11,94,5,Silicio/acido sulfurico,"Lei-A+Lei-C+Lei-D",0.93074,0,0
11,94,5,Silicio/acido sulfurico,"Lei-A+Lei-D",0.665121,0,0
11,94,5,Silicio/acido sulfurico,"Lei-C",0.672905,0,0
11,98,5,Silicio/acido sulfurico,"Lei-D",0.668721,0,0
11,101,1,Carbono/amonia,"Lei-C+Lei-D",0.843865,0,0
11,104,0,Carbono/agua,"Lei-B+Lei-C",0.901412,0,0
11,104,0,Carbono/agua,"Lei-C",0.629084,0,0
11,107,2,Carbono/acido sulfurico,"Lei-A+Lei-C",0.719886,0,0
11,110,1,Carbono/amonia,"Lei-A+Lei-D",0.689035,0,0
11,114,4,Silicio/agua,"Lei-B+Lei-C",0.874368,0,0
11,116,3,Carbono/metano,"Lei-A+Lei-D",0.779402,0,0
11,120,0,Carbono/agua,"Lei-A+Lei-C",0.748166,0,0
11,122,0,Carbono/agua,"Lei-C+Lei-D",0.783158,0,0
11,126,1,Carbono/amonia,"Lei-B+Lei-C",0.805607,0,0
11,129,4,Silicio/agua,"Lei-A+Lei-C+Lei-D",0.853306,0,0
11,131,4,Silicio/agua,"Lei-A+Lei-D",0.738752,0,0
11,136,2,Carbono/acido sulfurico,"Lei-C",0.769935,0,0
11,136,2,Carbono/acido sulfurico,"Lei-B",0.815932,0,0
11,138,1,Carbono/amonia,"Lei-A+Lei-C",0.728954,0,0
11,155,0,Carbono/agua,"Lei-A+Lei-C+Lei-D",0.829708,0,0
11,164,0,Carbono/agua,"Lei-A+Lei-D",0.672197,0,0
11,164,2,Carbono/acido sulfurico,"Lei-C+Lei-D",0.756711,0,0
11,177,2,Carbono/acido sulfurico,"Lei-A+Lei-D",0.786096,0,0
11,190,1,Carbono/amonia,"Lei-A+Lei-C+Lei-D",0.798092,0,0
11,193,2,Carbono/acido sulfurico,"Lei-A+Lei-C+Lei-D",0.866114,0,0
11,213,3,Carbono/metano,"Lei-A+Lei-C+Lei-D",0.940552,0,0
11,245,0,Carbono/agua,"Lei-B",0.815945,0,0
11,245,0,Carbono/agua,"Lei-A+Lei-C",0.747255,0,0
11,252,0,Carbono/agua,"Lei-A",0.647367,0,0
12,0,0,Carbono/agua,"Lei-C",0.746926,1,0
12,0,0,Carbono/agua,"nenhuma lei",0.516247,1,0
12,0,1,Carbono/amonia,"nenhuma lei",0.525007,0,0
12,0,2,Carbono/acido sulfurico,"Lei-A",0.690772,1,0
12,0,2,Carbono/acido sulfurico,"nenhuma lei",0.622246,0,0
12,0,2,Carbono/acido sulfurico,"Lei-D",0.616992,1,0
12,0,4,Silicio/agua,"Lei-A",0.670547,0,0
12,0,4,Silicio/agua,"nenhuma lei",0.554593,0,0
12,0,5,Silicio/acido sulfurico,"nenhuma lei",0.578213,0,0
12,1,3,Carbono/metano,"Lei-B",0.662986,1,0
12,2,3,Carbono/metano,"nenhuma lei",0.556081,0,0
12,2,5,Silicio/acido sulfurico,"Lei-C",0.605662,0,0
12,5,1,Carbono/amonia,"Lei-D",0.786173,0,0
12,7,2,Carbono/acido sulfurico,"Lei-B",0.712001,0,0
12,8,1,Carbono/amonia,"Lei-C",0.614389,0,0
12,10,4,Silicio/agua,"Lei-B",0.635222,0,0
12,14,1,Carbono/amonia,"Lei-A",0.614608,0,0
12,17,2,Carbono/acido sulfurico,"Lei-A+Lei-D",0.787601,1,0
12,17,4,Silicio/agua,"Lei-C",0.566329,0,0
12,18,0,Carbono/agua,"Lei-B",0.646991,0,0
12,19,3,Carbono/metano,"Lei-D",0.613531,0,0
12,20,2,Carbono/acido sulfurico,"Lei-A+Lei-C",0.647598,1,0
12,22,0,Carbono/agua,"Lei-D",0.59359,0,0
12,22,5,Silicio/acido sulfurico,"Lei-B+Lei-C",0.797185,1,0
12,28,5,Silicio/acido sulfurico,"Lei-B",0.676862,0,0
12,31,2,Carbono/acido sulfurico,"Lei-A+Lei-C+Lei-D",0.801863,1,0
12,33,5,Silicio/acido sulfurico,"Lei-A+Lei-C",0.773123,0,0
12,34,0,Carbono/agua,"Lei-A+Lei-C",0.739754,0,0
12,41,0,Carbono/agua,"Lei-A",0.658922,0,0
12,42,0,Carbono/agua,"Lei-A",0.597184,0,0
12,42,2,Carbono/acido sulfurico,"Lei-C",0.719287,0,0
12,42,5,Silicio/acido sulfurico,"Lei-A+Lei-C+Lei-D",0.86534,0,0
12,43,0,Carbono/agua,"nenhuma lei",0.609075,0,0
12,43,5,Silicio/acido sulfurico,"Lei-A",0.752098,0,0
12,43,5,Silicio/acido sulfurico,"Lei-C+Lei-D",0.753987,1,0
12,45,2,Carbono/acido sulfurico,"Lei-B+Lei-C",0.850509,0,0
12,45,4,Silicio/agua,"Lei-D",0.667645,0,0
12,49,1,Carbono/amonia,"Lei-B",0.713637,0,0
12,51,5,Silicio/acido sulfurico,"Lei-D",0.65441,0,0
12,52,0,Carbono/agua,"Lei-D",0.561177,0,0
12,54,2,Carbono/acido sulfurico,"Lei-C+Lei-D",0.803517,0,0
12,54,5,Silicio/acido sulfurico,"Lei-A+Lei-D",0.778754,0,0
12,57,1,Carbono/amonia,"Lei-A+Lei-D",0.774637,0,0
12,64,3,Carbono/metano,"Lei-C",0.632312,0,0
12,65,4,Silicio/agua,"Lei-A+Lei-C",0.741224,0,0
12,66,1,Carbono/amonia,"nenhuma lei",0.64495,0,0
12,79,3,Carbono/metano,"Lei-A",0.618712,0,0
12,84,0,Carbono/agua,"Lei-A+Lei-D",0.704917,0,0
12,91,1,Carbono/amonia,"Lei-B",0.664268,0,0
12,93,0,Carbono/agua,"Lei-D",0.614123,0,0
12,95,0,Carbono/agua,"Lei-A+Lei-C",0.74929,0,0
12,96,0,Carbono/agua,"Lei-B",0.6946,0,0
12,103,0,Carbono/agua,"Lei-B+Lei-C",0.862813,0,0
12,103,0,Carbono/agua,"Lei-A+Lei-C+Lei-D",0.835767,0,0
12,103,1,Carbono/amonia,"Lei-C",0.64921,0,0
12,105,0,Carbono/agua,"Lei-C+Lei-D",0.743961,0,0
12,108,0,Carbono/agua,"Lei-A+Lei-D",0.731359,0,0
12,115,4,Silicio/agua,"nenhuma lei",0.673092,0,0
12,121,4,Silicio/agua,"Lei-C",0.708385,0,0
12,122,4,Silicio/agua,"Lei-A+Lei-D",0.733038,0,0
12,127,4,Silicio/agua,"Lei-A+Lei-C+Lei-D",0.900426,0,0
12,132,4,Silicio/agua,"Lei-C+Lei-D",0.776754,0,0
12,135,5,Silicio/acido sulfurico,"Lei-C",0.620628,0,0
12,135,5,Silicio/acido sulfurico,"Lei-A+Lei-C+Lei-D",0.854232,0,0
12,138,1,Carbono/amonia,"Lei-A+Lei-C",0.689438,0,0
12,138,1,Carbono/amonia,"Lei-B+Lei-C",0.716208,0,0
12,156,1,Carbono/amonia,"Lei-B",0.746084,0,0
12,156,1,Carbono/amonia,"nenhuma lei",0.565391,0,0
12,158,4,Silicio/agua,"nenhuma lei",0.504345,0,0
12,158,4,Silicio/agua,"Lei-D",0.65894,0,0
12,160,4,Silicio/agua,"Lei-A",0.529472,0,0
12,188,3,Carbono/metano,"Lei-B+Lei-C",0.766214,0,0
12,190,4,Silicio/agua,"Lei-B+Lei-C",0.707068,0,0
12,196,1,Carbono/amonia,"Lei-A+Lei-C+Lei-D",0.894664,0,0
12,198,1,Carbono/amonia,"Lei-C+Lei-D",0.740822,0,0
12,201,2,Carbono/acido sulfurico,"Lei-C+Lei-D",0.869262,0,0
12,203,3,Carbono/metano,"Lei-A+Lei-C",0.773336,0,0
12,224,2,Carbono/acido sulfurico,"Lei-B+Lei-C",0.820394,0,0
12,231,3,Carbono/metano,"Lei-C+Lei-D",0.784792,0,0
12,258,3,Carbono/metano,"Lei-A+Lei-D",0.804295,0,0
12,282,2,Carbono/acido sulfurico,"Lei-C+Lei-D",0.882745,0,0
12,282,2,Carbono/acido sulfurico,"Lei-A+Lei-C+Lei-D",0.974211,0,0
12,282,2,Carbono/acido sulfurico,"Lei-A+Lei-D",0.799728,0,0
12,283,2,Carbono/acido sulfurico,"Lei-D",0.656674,0,0
12,283,2,Carbono/acido sulfurico,"Lei-A",0.522496,0,0
13,0,0,Carbono/agua,"nenhuma lei",0.511866,1,0
13,0,1,Carbono/amonia,"nenhuma lei",0.531212,0,0
13,0,2,Carbono/acido sulfurico,"nenhuma lei",0.422889,0,0
13,0,3,Carbono/metano,"Lei-C",0.582565,1,0
13,0,4,Silicio/agua,"nenhuma lei",0.540348,0,0
13,0,4,Silicio/agua,"Lei-A",0.539954,1,0
13,0,5,Silicio/acido sulfurico,"nenhuma lei",0.523597,0,0
13,1,1,Carbono/amonia,"Lei-C",0.666783,0,0
13,1,3,Carbono/metano,"nenhuma lei",0.480895,0,0
13,2,5,Silicio/acido sulfurico,"Lei-A",0.690018,0,0
13,3,0,Carbono/agua,"Lei-B",0.642025,1,0
13,9,3,Carbono/metano,"Lei-B+Lei-C",0.746613,1,0
13,9,5,Silicio/acido sulfurico,"Lei-D",0.615007,1,0
13,10,5,Silicio/acido sulfurico,"Lei-A+Lei-D",0.765193,1,0
13,11,0,Carbono/agua,"Lei-D",0.636945,0,0
13,13,5,Silicio/acido sulfurico,"Lei-B",0.749393,0,0
13,15,0,Carbono/agua,"Lei-A",0.677429,0,0
13,17,1,Carbono/amonia,"Lei-A+Lei-C",0.704592,1,0
13,17,3,Carbono/metano,"Lei-C+Lei-D",0.732221,1,0
13,18,4,Silicio/agua,"Lei-D",0.613842,0,0
13,20,3,Carbono/metano,"Lei-B",0.678521,0,0
13,26,3,Carbono/metano,"Lei-A",0.669526,0,0
13,27,2,Carbono/acido sulfurico,"Lei-C",0.588626,0,0
13,28,2,Carbono/acido sulfurico,"Lei-A",0.604692,0,0
13,33,4,Silicio/agua,"Lei-B",0.725008,0,0
13,35,4,Silicio/agua,"Lei-C",0.660582,0,0
13,36,1,Carbono/amonia,"Lei-B+Lei-C",0.778813,0,0
13,41,2,Carbono/acido sulfurico,"Lei-A+Lei-D",0.611705,0,0
13,47,1,Carbono/amonia,"Lei-A",0.565773,0,0
13,50,3,Carbono/metano,"Lei-A+Lei-C",0.756938,0,0
13,51,4,Silicio/agua,"Lei-B+Lei-C",0.786103,0,0
13,52,2,Carbono/acido sulfurico,"Lei-D",0.660976,0,0
13,54,2,Carbono/acido sulfurico,"Lei-B",0.656019,0,0
13,54,3,Carbono/metano,"Lei-A+Lei-C+Lei-D",0.803168,1,0
13,55,1,Carbono/amonia,"Lei-D",0.54337,0,0
13,58,0,Carbono/agua,"Lei-C",0.754958,0,0
13,62,4,Silicio/agua,"Lei-A+Lei-D",0.728126,0,0
13,63,2,Carbono/acido sulfurico,"Lei-B+Lei-C",0.743159,0,0
13,64,1,Carbono/amonia,"Lei-B",0.644283,0,0
13,65,2,Carbono/acido sulfurico,"Lei-A+Lei-C+Lei-D",0.893689,0,0
13,66,5,Silicio/acido sulfurico,"Lei-B+Lei-C",0.747329,0,0
13,66,5,Silicio/acido sulfurico,"Lei-C",0.593827,0,0
13,67,2,Carbono/acido sulfurico,"Lei-A+Lei-C",0.77768,0,0
13,69,4,Silicio/agua,"Lei-A+Lei-C",0.732898,0,0
13,74,1,Carbono/amonia,"Lei-A+Lei-D",0.628175,0,0
13,76,3,Carbono/metano,"Lei-A+Lei-D",0.709628,0,0
13,79,5,Silicio/acido sulfurico,"Lei-A+Lei-C",0.802684,0,0
13,80,2,Carbono/acido sulfurico,"Lei-C+Lei-D",0.805596,0,0
13,113,3,Carbono/metano,"Lei-D",0.60311,0,0
13,120,4,Silicio/agua,"nenhuma lei",0.473394,0,0
13,120,4,Silicio/agua,"Lei-B",0.635348,0,0
13,120,4,Silicio/agua,"Lei-C",0.653212,0,0
13,121,1,Carbono/amonia,"Lei-C+Lei-D",0.7576,0,0
13,122,0,Carbono/agua,"Lei-C+Lei-D",0.678584,0,0
13,122,4,Silicio/agua,"Lei-A+Lei-D",0.761218,0,0
13,127,0,Carbono/agua,"Lei-A+Lei-D",0.678487,0,0
13,127,1,Carbono/amonia,"Lei-A+Lei-C+Lei-D",0.859933,0,0
13,129,4,Silicio/agua,"nenhuma lei",0.424188,0,0
13,130,0,Carbono/agua,"Lei-A+Lei-C",0.6699,0,0
13,135,4,Silicio/agua,"Lei-A",0.66293,0,0
13,146,0,Carbono/agua,"Lei-B+Lei-C",0.772963,0,0
13,151,4,Silicio/agua,"Lei-A+Lei-C",0.743497,0,0
13,163,3,Carbono/metano,"Lei-C",0.771741,0,0
13,164,3,Carbono/metano,"nenhuma lei",0.555416,0,0
13,181,0,Carbono/agua,"Lei-A",0.617217,0,0
13,184,5,Silicio/acido sulfurico,"Lei-A+Lei-C+Lei-D",0.954796,0,0
13,184,5,Silicio/acido sulfurico,"Lei-C+Lei-D",0.824837,0,0
13,189,4,Silicio/agua,"Lei-A+Lei-C+Lei-D",0.887905,0,0
13,196,5,Silicio/acido sulfurico,"Lei-A+Lei-C+Lei-D",0.914386,0,0
13,196,5,Silicio/acido sulfurico,"Lei-D",0.692335,0,0
13,196,5,Silicio/acido sulfurico,"Lei-C",0.771492,0,0
13,196,5,Silicio/acido sulfurico,"nenhuma lei",0.549067,0,0
13,196,5,Silicio/acido sulfurico,"Lei-A+Lei-C",0.844056,0,0
13,208,0,Carbono/agua,"Lei-A+Lei-D",0.686539,0,0
13,218,4,Silicio/agua,"Lei-C+Lei-D",0.772105,0,0
13,261,0,Carbono/agua,"Lei-A+Lei-C+Lei-D",0.954796,0,0
13,287,1,Carbono/amonia,"Lei-C+Lei-D",0.853993,0,0
14,0,0,Carbono/agua,"nenhuma lei",0.535946,1,0
14,0,1,Carbono/amonia,"nenhuma lei",0.464511,0,0
14,0,2,Carbono/acido sulfurico,"Lei-D",0.583488,1,0
14,0,2,Carbono/acido sulfurico,"Lei-C",0.595268,1,0
14,0,3,Carbono/metano,"nenhuma lei",0.491846,0,0
14,0,4,Silicio/agua,"nenhuma lei",0.422183,0,0
14,0,5,Silicio/acido sulfurico,"nenhuma lei",0.593079,0,0
14,0,5,Silicio/acido sulfurico,"Lei-B",0.650245,1,0
14,1,2,Carbono/acido sulfurico,"nenhuma lei",0.593109,0,0
14,6,1,Carbono/amonia,"Lei-B",0.634872,0,0
14,6,5,Silicio/acido sulfurico,"Lei-D",0.590297,0,0
14,7,0,Carbono/agua,"Lei-A",0.741593,1,0
14,10,2,Carbono/acido sulfurico,"Lei-A+Lei-C",0.792299,1,0
14,11,0,Carbono/agua,"Lei-C",0.760517,0,0
14,11,4,Silicio/agua,"Lei-A",0.646238,0,0
14,14,2,Carbono/acido sulfurico,"Lei-A",0.584408,0,0
14,14,3,Carbono/metano,"Lei-D",0.61174,0,0
14,14,4,Silicio/agua,"Lei-C",0.579979,0,0
14,15,4,Silicio/agua,"Lei-D",0.612323,0,0
14,16,0,Carbono/agua,"Lei-B",0.655063,0,0
14,16,1,Carbono/amonia,"Lei-A",0.672118,0,0
14,18,1,Carbono/amonia,"Lei-C",0.5015,0,0
14,26,2,Carbono/acido sulfurico,"Lei-B",0.554752,0,0
14,27,3,Carbono/metano,"Lei-B",0.698125,0,0
14,29,4,Silicio/agua,"Lei-D",0.556055,0,0
14,33,5,Silicio/acido sulfurico,"Lei-C",0.634227,0,0
14,43,0,Carbono/agua,"Lei-D",0.657848,0,0
14,44,5,Silicio/acido sulfurico,"Lei-C",0.60015,0,0
14,48,0,Carbono/agua,"Lei-A+Lei-C",0.826391,0,0
14,48,4,Silicio/agua,"Lei-B",0.693173,0,0
14,55,4,Silicio/agua,"Lei-A+Lei-D",0.788876,1,0
14,57,4,Silicio/agua,"Lei-C",0.662623,0,0
14,58,4,Silicio/agua,"Lei-A+Lei-C",0.768215,0,0
14,62,1,Carbono/amonia,"Lei-A",0.622876,0,0
14,67,5,Silicio/acido sulfurico,"Lei-B+Lei-C",0.721509,1,0
14,69,5,Silicio/acido sulfurico,"Lei-A+Lei-C",0.796563,0,0
14,71,5,Silicio/acido sulfurico,"Lei-A",0.690656,0,0
14,79,4,Silicio/agua,"Lei-A+Lei-C+Lei-D",0.906925,1,0
14,81,2,Carbono/acido sulfurico,"Lei-C",0.77129,0,0
14,84,0,Carbono/agua,"Lei-B+Lei-C",0.773956,0,0
14,84,2,Carbono/acido sulfurico,"Lei-B",0.731026,0,0
14,84,3,Carbono/metano,"Lei-A+Lei-C",0.785486,0,0
14,84,3,Carbono/metano,"Lei-B",0.60175,0,0
14,86,3,Carbono/metano,"Lei-A",0.654926,0,0
14,86,4,Silicio/agua,"Lei-C+Lei-D",0.679024,1,0
14,88,3,Carbono/metano,"Lei-C",0.690247,0,0
14,89,4,Silicio/agua,"Lei-B+Lei-C",0.812409,0,0
14,95,1,Carbono/amonia,"Lei-D",0.496169,0,0
14,99,3,Carbono/metano,"Lei-A+Lei-D",0.716727,0,0
14,101,0,Carbono/agua,"Lei-A+Lei-C+Lei-D",0.837296,0,0
14,101,0,Carbono/agua,"Lei-C+Lei-D",0.737764,0,0
14,103,0,Carbono/agua,"Lei-A+Lei-D",0.705695,0,0
14,109,3,Carbono/metano,"Lei-C+Lei-D",0.827576,0,0
14,116,3,Carbono/metano,"Lei-A",0.727966,0,0
14,117,3,Carbono/metano,"nenhuma lei",0.535949,0,0
14,118,3,Carbono/metano,"Lei-D",0.619183,0,0
14,121,1,Carbono/amonia,"Lei-A+Lei-D",0.710948,0,0
14,124,3,Carbono/metano,"Lei-A+Lei-C+Lei-D",0.848935,0,0
14,129,4,Silicio/agua,"Lei-C+Lei-D",0.829111,0,0
14,129,4,Silicio/agua,"Lei-A",0.639613,0,0
14,131,4,Silicio/agua,"Lei-A+Lei-D",0.754832,0,0
14,137,3,Carbono/metano,"Lei-A+Lei-C",0.825586,0,0
14,137,5,Silicio/acido sulfurico,"Lei-A+Lei-D",0.714533,0,0
14,138,2,Carbono/acido sulfurico,"Lei-A+Lei-D",0.729723,0,0
14,140,2,Carbono/acido sulfurico,"Lei-C+Lei-D",0.773285,0,0
14,142,3,Carbono/metano,"Lei-D",0.678621,0,0
14,149,1,Carbono/amonia,"Lei-B+Lei-C",0.814258,0,0
14,154,2,Carbono/acido sulfurico,"Lei-B+Lei-C",0.733748,0,0
14,166,3,Carbono/metano,"Lei-B+Lei-C",0.85555,0,0
14,170,2,Carbono/acido sulfurico,"Lei-A+Lei-C+Lei-D",0.839737,0,0
14,177,1,Carbono/amonia,"Lei-A+Lei-C",0.736223,0,0
14,189,1,Carbono/amonia,"Lei-D",0.633981,0,0
14,197,1,Carbono/amonia,"Lei-B+Lei-C",0.623321,0,0
14,222,5,Silicio/acido sulfurico,"Lei-C+Lei-D",0.739789,0,0
14,247,5,Silicio/acido sulfurico,"Lei-C",0.821371,0,0
14,256,5,Silicio/acido sulfurico,"Lei-A",0.727059,0,0
14,279,4,Silicio/agua,"Lei-C+Lei-D",0.813688,0,0
15,0,0,Carbono/agua,"nenhuma lei",0.484925,1,0
15,0,1,Carbono/amonia,"nenhuma lei",0.445296,0,0
15,0,2,Carbono/acido sulfurico,"nenhuma lei",0.472464,0,0
15,0,3,Carbono/metano,"nenhuma lei",0.460105,0,0
15,0,4,Silicio/agua,"nenhuma lei",0.490174,0,0
15,0,5,Silicio/acido sulfurico,"nenhuma lei",0.546514,0,0
15,4,1,Carbono/amonia,"Lei-B",0.629238,1,0
15,4,2,Carbono/acido sulfurico,"Lei-C",0.695268,1,0
15,5,5,Silicio/acido sulfurico,"Lei-D",0.703159,1,0
15,6,0,Carbono/agua,"Lei-C",0.597982,0,0
15,6,5,Silicio/acido sulfurico,"Lei-A",0.688298,1,0
15,8,2,Carbono/acido sulfurico,"Lei-A",0.602915,0,0
15,13,4,Silicio/agua,"Lei-B",0.692411,0,0
15,14,3,Carbono/metano,"Lei-C",0.681529,0,0
15,16,0,Carbono/agua,"Lei-D",0.694591,0,0
15,16,2,Carbono/acido sulfurico,"Lei-A+Lei-C",0.755525,1,0
15,21,5,Silicio/acido sulfurico,"Lei-C",0.693552,0,0
15,22,1,Carbono/amonia,"Lei-C",0.622951,0,0
15,22,4,Silicio/agua,"Lei-C",0.732388,0,0
15,22,5,Silicio/acido sulfurico,"Lei-A+Lei-D",0.811387,1,0
15,25,4,Silicio/agua,"Lei-A+Lei-C",0.799949,0,0
15,29,1,Carbono/amonia,"Lei-D",0.661082,0,0
15,30,0,Carbono/agua,"Lei-B+Lei-C",0.768815,1,0
15,31,4,Silicio/agua,"Lei-A",0.579787,0,0
15,34,5,Silicio/acido sulfurico,"Lei-B",0.590666,0,0
15,35,0,Carbono/agua,"Lei-B",0.75694,0,0
15,37,5,Silicio/acido sulfurico,"Lei-B+Lei-C",0.826492,0,0
15,38,1,Carbono/amonia,"Lei-A+Lei-D",0.707202,0,0
15,41,4,Silicio/agua,"Lei-B",0.689752,0,0
15,43,5,Silicio/acido sulfurico,"Lei-A+Lei-C",0.83547,0,0
15,44,3,Carbono/metano,"Lei-B+Lei-C",0.76408,0,0
15,45,1,Carbono/amonia,"Lei-B+Lei-C",0.851978,0,0
15,45,4,Silicio/agua,"Lei-B+Lei-C",0.799215,0,0
15,48,4,Silicio/agua,"Lei-C+Lei-D",0.832237,1,0
15,49,5,Silicio/acido sulfurico,"Lei-A+Lei-C+Lei-D",0.90442,1,0
15,50,4,Silicio/agua,"Lei-D",0.605713,0,0
15,51,3,Carbono/metano,"nenhuma lei",0.570779,0,0
15,51,3,Carbono/metano,"Lei-A",0.601045,0,0
15,52,0,Carbono/agua,"Lei-A+Lei-C",0.805125,0,0
15,55,2,Carbono/acido sulfurico,"Lei-B",0.619136,0,0
15,57,3,Carbono/metano,"Lei-B",0.690126,0,0
15,60,0,Carbono/agua,"Lei-A",0.617553,0,0
15,61,1,Carbono/amonia,"Lei-A",0.693337,0,0
15,64,2,Carbono/acido sulfurico,"Lei-D",0.561627,0,0
15,67,5,Silicio/acido sulfurico,"Lei-C+Lei-D",0.74847,0,0
15,68,4,Silicio/agua,"Lei-A+Lei-D",0.748507,0,0
15,74,4,Silicio/agua,"Lei-A+Lei-C+Lei-D",0.826343,0,0
15,81,0,Carbono/agua,"Lei-A+Lei-C+Lei-D",0.915838,0,0
15,87,2,Carbono/acido sulfurico,"Lei-A+Lei-C+Lei-D",0.898689,0,0
15,88,0,Carbono/agua,"Lei-A+Lei-D",0.747527,0,0
15,90,0,Carbono/agua,"Lei-C+Lei-D",0.814977,0,0
15,91,2,Carbono/acido sulfurico,"Lei-C+Lei-D",0.757151,0,0
15,96,2,Carbono/acido sulfurico,"Lei-A+Lei-D",0.648727,0,0
15,107,3,Carbono/metano,"Lei-D",0.631216,0,0
15,109,2,Carbono/acido sulfurico,"Lei-B+Lei-C",0.831837,0,0
15,119,3,Carbono/metano,"Lei-A+Lei-C",0.766099,0,0
15,150,0,Carbono/agua,"Lei-C",0.769379,0,0
15,153,0,Carbono/agua,"Lei-D",0.630036,0,0
15,158,4,Silicio/agua,"nenhuma lei",0.475218,0,0
15,158,4,Silicio/agua,"Lei-A+Lei-C",0.765562,0,0
15,159,0,Carbono/agua,"Lei-C",0.695215,0,0
15,163,0,Carbono/agua,"Lei-A",0.624846,0,0
15,164,4,Silicio/agua,"Lei-A",0.70084,0,0
15,169,0,Carbono/agua,"Lei-A+Lei-D",0.756149,0,0
15,191,3,Carbono/metano,"Lei-C+Lei-D",0.750355,0,0
15,205,3,Carbono/metano,"Lei-A+Lei-D",0.833049,0,0
15,210,1,Carbono/amonia,"Lei-A+Lei-C",0.82809,0,0
15,231,3,Carbono/metano,"Lei-A+Lei-C+Lei-D",0.803668,0,0
15,246,1,Carbono/amonia,"Lei-A+Lei-C+Lei-D",0.804157,0,0
15,251,1,Carbono/amonia,"Lei-B",0.624895,0,0
15,258,1,Carbono/amonia,"Lei-D",0.684374,0,0
15,292,1,Carbono/amonia,"Lei-C+Lei-D",0.787683,0,0
16,0,0,Carbono/agua,"nenhuma lei",0.516093,1,0
16,0,1,Carbono/amonia,"nenhuma lei",0.48128,0,0
16,0,2,Carbono/acido sulfurico,"nenhuma lei",0.552145,0,0
16,0,3,Carbono/metano,"nenhuma lei",0.472922,0,0
16,0,4,Silicio/agua,"nenhuma lei",0.503967,0,0
16,0,5,Silicio/acido sulfurico,"nenhuma lei",0.505289,0,0
16,2,4,Silicio/agua,"Lei-B",0.601485,1,0
16,3,1,Carbono/amonia,"Lei-A",0.642165,1,0
16,3,4,Silicio/agua,"Lei-D",0.540332,1,0
16,5,3,Carbono/metano,"Lei-C",0.652703,1,0
16,6,2,Carbono/acido sulfurico,"Lei-D",0.607935,0,0
16,10,0,Carbono/agua,"Lei-A",0.702424,0,0
16,11,0,Carbono/agua,"Lei-D",0.702655,0,0
16,11,4,Silicio/agua,"Lei-B+Lei-C",0.719292,1,0
16,16,5,Silicio/acido sulfurico,"Lei-C",0.7758,0,0
16,18,5,Silicio/acido sulfurico,"Lei-A",0.684487,0,0
16,23,1,Carbono/amonia,"Lei-A+Lei-C",0.805239,1,0
16,23,5,Silicio/acido sulfurico,"Lei-D",0.605461,0,0
16,25,3,Carbono/metano,"Lei-C+Lei-D",0.729275,1,0
16,27,2,Carbono/acido sulfurico,"Lei-C",0.724117,0,0
16,28,4,Silicio/agua,"Lei-C",0.625249,0,0
16,30,3,Carbono/metano,"Lei-D",0.649349,0,0
16,34,5,Silicio/acido sulfurico,"Lei-B",0.606063,0,0
16,37,5,Silicio/acido sulfurico,"Lei-A+Lei-D",0.695585,1,0
16,38,1,Carbono/amonia,"Lei-C",0.684632,0,0
16,40,5,Silicio/acido sulfurico,"Lei-A+Lei-C",0.787369,0,0
16,46,2,Carbono/acido sulfurico,"Lei-D",0.51875,0,0
16,46,5,Silicio/acido sulfurico,"Lei-C+Lei-D",0.881912,0,0
16,50,5,Silicio/acido sulfurico,"Lei-A+Lei-C+Lei-D",0.90599,1,0
16,52,2,Carbono/acido sulfurico,"Lei-B",0.650867,0,0
16,54,0,Carbono/agua,"Lei-A+Lei-D",0.749414,0,0
16,55,3,Carbono/metano,"Lei-B+Lei-C",0.786102,0,0
16,56,0,Carbono/agua,"Lei-A+Lei-C",0.807782,0,0
16,57,0,Carbono/agua,"Lei-C",0.687655,0,0
16,57,2,Carbono/acido sulfurico,"Lei-D",0.61264,0,0
16,63,3,Carbono/metano,"Lei-B",0.661285,0,0
16,65,0,Carbono/agua,"Lei-B",0.583181,0,0
16,72,3,Carbono/metano,"Lei-A+Lei-D",0.789506,0,0
16,76,2,Carbono/acido sulfurico,"Lei-A",0.720631,0,0
16,77,2,Carbono/acido sulfurico,"Lei-B+Lei-C",0.807915,0,0
16,79,2,Carbono/acido sulfurico,"Lei-A+Lei-D",0.747935,0,0
16,83,4,Silicio/agua,"Lei-C+Lei-D",0.791392,0,0
16,83,5,Silicio/acido sulfurico,"Lei-B+Lei-C",0.767581,0,0
16,90,4,Silicio/agua,"Lei-A+Lei-C",0.785334,0,0
16,93,1,Carbono/amonia,"nenhuma lei",0.48192,0,0
16,93,1,Carbono/amonia,"Lei-A+Lei-C",0.877605,0,0
16,95,2,Carbono/acido sulfurico,"Lei-A+Lei-C",0.692154,0,0
16,95,3,Carbono/metano,"Lei-A+Lei-C+Lei-D",0.851168,0,0
16,96,1,Carbono/amonia,"Lei-A+Lei-C",0.88109,0,0
16,98,1,Carbono/amonia,"Lei-A",0.704809,0,0
16,100,0,Carbono/agua,"Lei-B+Lei-C",0.737703,0,0
16,103,2,Carbono/acido sulfurico,"Lei-A+Lei-C+Lei-D",0.797044,0,0
16,103,2,Carbono/acido sulfurico,"Lei-C+Lei-D",0.876048,0,0
16,107,1,Carbono/amonia,"Lei-D",0.595584,0,0
16,110,3,Carbono/metano,"Lei-A",0.696919,0,0
16,113,3,Carbono/metano,"Lei-A+Lei-C",0.765538,0,0
16,113,4,Silicio/agua,"Lei-A",0.625296,0,0
16,119,0,Carbono/agua,"Lei-C+Lei-D",0.742282,0,0
16,124,0,Carbono/agua,"Lei-A+Lei-C+Lei-D",0.888864,0,0
16,138,1,Carbono/amonia,"Lei-B+Lei-C",0.69411,0,0
16,144,1,Carbono/amonia,"Lei-B",0.555004,0,0
16,170,1,Carbono/amonia,"Lei-C+Lei-D",0.752217,0,0
16,172,0,Carbono/agua,"Lei-C+Lei-D",0.787595,0,0
16,173,5,Silicio/acido sulfurico,"Lei-C+Lei-D",0.828454,0,0
16,173,5,Silicio/acido sulfurico,"Lei-A+Lei-C",0.815879,0,0
16,174,5,Silicio/acido sulfurico,"Lei-B",0.757592,0,0
16,191,4,Silicio/agua,"Lei-A+Lei-C+Lei-D",0.782114,0,0
16,200,4,Silicio/agua,"Lei-A+Lei-D",0.736475,0,0
16,204,1,Carbono/amonia,"Lei-B+Lei-C",0.904235,0,0
16,205,1,Carbono/amonia,"Lei-A",0.693061,0,0
17,0,0,Carbono/agua,"nenhuma lei",0.476496,1,0
17,0,1,Carbono/amonia,"nenhuma lei",0.481631,0,0
17,0,2,Carbono/acido sulfurico,"nenhuma lei",0.483083,0,0
17,0,3,Carbono/metano,"nenhuma lei",0.634393,0,0
17,0,4,Silicio/agua,"nenhuma lei",0.584097,0,0
17,0,5,Silicio/acido sulfurico,"Lei-B",0.779513,1,0
17,0,5,Silicio/acido sulfurico,"Lei-C",0.68693,1,0
17,1,5,Silicio/acido sulfurico,"nenhuma lei",0.623073,0,0
17,2,0,Carbono/agua,"Lei-C",0.543463,0,0
17,4,4,Silicio/agua,"Lei-C",0.675609,0,0
17,5,3,Carbono/metano,"Lei-B",0.676634,0,0
17,8,2,Carbono/acido sulfurico,"Lei-B",0.582649,0,0
17,10,5,Silicio/acido sulfurico,"Lei-A",0.759944,1,0
17,11,4,Silicio/agua,"Lei-A",0.706697,0,0
17,18,0,Carbono/agua,"Lei-B",0.6131,0,0
17,19,5,Silicio/acido sulfurico,"Lei-D",0.52202,1,0
17,22,0,Carbono/agua,"Lei-D",0.651073,0,0
17,27,3,Carbono/metano,"Lei-A",0.661482,0,0
17,31,4,Silicio/agua,"Lei-B",0.717191,0,0
17,39,1,Carbono/amonia,"Lei-A",0.695031,0,0
17,41,2,Carbono/acido sulfurico,"Lei-A",0.575488,0,0
17,41,2,Carbono/acido sulfurico,"Lei-A+Lei-C",0.820639,1,0
17,44,2,Carbono/acido sulfurico,"Lei-C",0.662551,0,0
17,46,3,Carbono/metano,"Lei-D",0.575723,0,0
17,47,0,Carbono/agua,"Lei-A",0.626528,0,0
17,50,1,Carbono/amonia,"Lei-C",0.718615,0,0
17,51,2,Carbono/acido sulfurico,"Lei-A+Lei-D",0.760741,1,0
17,55,2,Carbono/acido sulfurico,"nenhuma lei",0.555064,0,0
17,55,2,Carbono/acido sulfurico,"Lei-B",0.715736,0,0
17,55,4,Silicio/agua,"Lei-B+Lei-C",0.799547,1,0
17,56,0,Carbono/agua,"Lei-C+Lei-D",0.814934,1,0
17,57,3,Carbono/metano,"Lei-B+Lei-C",0.724205,0,0
17,61,5,Silicio/acido sulfurico,"Lei-A+Lei-C",0.8186,0,0
17,62,0,Carbono/agua,"Lei-A+Lei-C",0.769437,0,0
17,63,2,Carbono/acido sulfurico,"Lei-A",0.697741,0,0
17,65,2,Carbono/acido sulfurico,"Lei-A+Lei-C",0.777708,0,0
17,66,4,Silicio/agua,"Lei-A+Lei-C",0.734666,0,0
17,67,0,Carbono/agua,"Lei-A+Lei-C+Lei-D",0.849954,1,0
17,71,2,Carbono/acido sulfurico,"Lei-D",0.53572,0,0
17,72,2,Carbono/acido sulfurico,"Lei-A+Lei-D",0.724303,0,0
17,75,1,Carbono/amonia,"Lei-B+Lei-C",0.878817,0,0
17,80,3,Carbono/metano,"Lei-C",0.597738,0,0
17,81,0,Carbono/agua,"Lei-A+Lei-D",0.685686,0,0
17,81,5,Silicio/acido sulfurico,"Lei-B+Lei-C",0.76913,0,0
17,83,5,Silicio/acido sulfurico,"Lei-A+Lei-D",0.855692,0,0
17,84,1,Carbono/amonia,"Lei-A+Lei-D",0.829252,0,0
17,85,1,Carbono/amonia,"Lei-A+Lei-C+Lei-D",0.869565,0,0
17,86,1,Carbono/amonia,"Lei-B",0.700916,0,0
17,86,1,Carbono/amonia,"Lei-A+Lei-C",0.67855,0,0
17,88,0,Carbono/agua,"Lei-B+Lei-C",0.775908,0,0
17,88,1,Carbono/amonia,"Lei-C+Lei-D",0.72451,0,0
17,95,1,Carbono/amonia,"Lei-D",0.624901,0,0
17,111,2,Carbono/acido sulfurico,"Lei-A+Lei-C+Lei-D",0.873515,0,0
17,114,2,Carbono/acido sulfurico,"Lei-B+Lei-C",0.778462,0,0
17,116,5,Silicio/acido sulfurico,"Lei-A",0.659811,0,0
17,118,4,Silicio/agua,"Lei-D",0.603435,0,0
17,119,2,Carbono/acido sulfurico,"Lei-C+Lei-D",0.73118,0,0
17,129,3,Carbono/metano,"Lei-A+Lei-D",0.674946,0,0
17,131,4,Silicio/agua,"Lei-A+Lei-D",0.766586,0,0
17,136,3,Carbono/metano,"Lei-A+Lei-C+Lei-D",0.909529,0,0
17,136,5,Silicio/acido sulfurico,"Lei-C+Lei-D",0.772565,0,0
17,142,3,Carbono/metano,"Lei-C+Lei-D",0.766969,0,0
17,143,5,Silicio/acido sulfurico,"Lei-A+Lei-C+Lei-D",0.733307,0,0
17,146,5,Silicio/acido sulfurico,"Lei-A+Lei-D",0.62541,0,0
17,149,3,Carbono/metano,"Lei-A+Lei-C",0.704906,0,0
17,159,4,Silicio/agua,"nenhuma lei",0.519792,0,0
17,159,4,Silicio/agua,"Lei-C",0.620409,0,0
17,162,4,Silicio/agua,"Lei-C+Lei-D",0.765664,0,0
17,215,4,Silicio/agua,"Lei-A+Lei-C+Lei-D",0.93865,0,0
17,236,1,Carbono/amonia,"Lei-A+Lei-C+Lei-D",0.923951,0,0
17,236,1,Carbono/amonia,"Lei-A+Lei-C",0.689589,0,0
17,258,2,Carbono/acido sulfurico,"Lei-A+Lei-D",0.832933,0,0
17,271,2,Carbono/acido sulfurico,"Lei-C+Lei-D",0.765412,0,0
17,271,2,Carbono/acido sulfurico,"nenhuma lei",0.533436,0,0
17,271,2,Carbono/acido sulfurico,"Lei-A+Lei-D",0.746728,0,0
17,279,2,Carbono/acido sulfurico,"Lei-A+Lei-C",0.87818,0,0
17,280,2,Carbono/acido sulfurico,"Lei-D",0.65251,0,0
18,0,0,Carbono/agua,"Lei-C",0.700436,1,0
18,0,0,Carbono/agua,"nenhuma lei",0.439349,1,0
18,0,1,Carbono/amonia,"nenhuma lei",0.590828,0,0
18,0,2,Carbono/acido sulfurico,"nenhuma lei",0.460557,0,0
18,0,3,Carbono/metano,"Lei-B",0.573668,1,0
18,0,4,Silicio/agua,"nenhuma lei",0.479948,0,0
18,0,5,Silicio/acido sulfurico,"nenhuma lei",0.522989,0,0
18,1,0,Carbono/agua,"Lei-D",0.56652,1,0
18,1,3,Carbono/metano,"nenhuma lei",0.526734,0,0
18,5,4,Silicio/agua,"Lei-B",0.669254,0,0
18,13,3,Carbono/metano,"Lei-A",0.678496,1,0
18,14,4,Silicio/agua,"Lei-D",0.636337,0,0
18,15,2,Carbono/acido sulfurico,"Lei-C",0.560528,0,0
18,16,1,Carbono/amonia,"Lei-D",0.735162,0,0
18,21,0,Carbono/agua,"Lei-B+Lei-C",0.85737,1,0
18,21,5,Silicio/acido sulfurico,"Lei-A",0.766733,0,0
18,23,2,Carbono/acido sulfurico,"Lei-D",0.591459,0,0
18,24,1,Carbono/amonia,"Lei-A+Lei-C",0.657794,1,0
18,24,2,Carbono/acido sulfurico,"Lei-B",0.642056,0,0
18,26,5,Silicio/acido sulfurico,"Lei-A+Lei-D",0.762648,1,0
18,28,5,Silicio/acido sulfurico,"Lei-C+Lei-D",0.851981,1,0
18,28,5,Silicio/acido sulfurico,"Lei-D",0.582858,0,0
18,29,4,Silicio/agua,"Lei-A",0.624846,0,0
18,29,5,Silicio/acido sulfurico,"Lei-C",0.695879,0,0
18,34,5,Silicio/acido sulfurico,"Lei-B",0.641292,0,0
18,36,2,Carbono/acido sulfurico,"Lei-D",0.526159,0,0
18,37,0,Carbono/agua,"Lei-A+Lei-C",0.740792,0,0
18,37,5,Silicio/acido sulfurico,"Lei-A+Lei-C",0.873311,0,0
18,38,0,Carbono/agua,"Lei-A",0.590986,0,0
18,42,0,Carbono/agua,"Lei-B",0.727228,0,0
18,49,2,Carbono/acido sulfurico,"Lei-C+Lei-D",0.750605,0,0
18,54,1,Carbono/amonia,"Lei-A",0.556026,0,0
18,57,5,Silicio/acido sulfurico,"Lei-A+Lei-C+Lei-D",0.862337,1,0
18,58,5,Silicio/acido sulfurico,"Lei-B+Lei-C",0.882522,0,0
18,61,1,Carbono/amonia,"Lei-B",0.602578,0,0
18,62,1,Carbono/amonia,"Lei-C",0.667381,0,0
18,66,3,Carbono/metano,"Lei-B",0.65708,0,0
18,67,2,Carbono/acido sulfurico,"Lei-A+Lei-D",0.745097,0,0
18,69,2,Carbono/acido sulfurico,"Lei-A",0.71337,0,0
18,70,2,Carbono/acido sulfurico,"Lei-B+Lei-C",0.799848,0,0
18,73,2,Carbono/acido sulfurico,"Lei-A+Lei-C",0.684899,0,0
18,73,4,Silicio/agua,"Lei-B+Lei-C",0.968917,0,0
18,75,3,Carbono/metano,"Lei-C",0.671987,0,0
18,77,4,Silicio/agua,"Lei-C",0.715971,0,0
18,78,2,Carbono/acido sulfurico,"Lei-A+Lei-C+Lei-D",0.94581,0,0
18,83,3,Carbono/metano,"Lei-A",0.678496,0,0
18,84,3,Carbono/metano,"Lei-B",0.620332,0,0
18,90,0,Carbono/agua,"Lei-C+Lei-D",0.829102,0,0
18,90,3,Carbono/metano,"Lei-D",0.494643,0,0
18,101,0,Carbono/agua,"Lei-D",0.672015,0,0
18,117,4,Silicio/agua,"Lei-A+Lei-C",0.735631,0,0
18,125,3,Carbono/metano,"Lei-A+Lei-D",0.771736,0,0
18,136,0,Carbono/agua,"Lei-A+Lei-C",0.848975,0,0
18,138,4,Silicio/agua,"Lei-A+Lei-D",0.788144,0,0
18,141,1,Carbono/amonia,"Lei-A+Lei-C+Lei-D",0.779155,0,0
18,142,1,Carbono/amonia,"Lei-A+Lei-D",0.625772,0,0
18,145,3,Carbono/metano,"Lei-C",0.675863,0,0
18,150,1,Carbono/amonia,"Lei-C+Lei-D",0.803851,0,0
18,159,1,Carbono/amonia,"Lei-B+Lei-C",0.877787,0,0
18,167,4,Silicio/agua,"Lei-A+Lei-C+Lei-D",0.859815,0,0
18,169,4,Silicio/agua,"Lei-C+Lei-D",0.762462,0,0
18,175,1,Carbono/amonia,"Lei-C+Lei-D",0.777781,0,0
18,175,1,Carbono/amonia,"nenhuma lei",0.608989,0,0
18,175,1,Carbono/amonia,"Lei-A+Lei-C",0.756641,0,0
18,177,1,Carbono/amonia,"Lei-D",0.57852,0,0
18,178,3,Carbono/metano,"Lei-C+Lei-D",0.687611,0,0
18,186,0,Carbono/agua,"Lei-A+Lei-D",0.693812,0,0
18,198,3,Carbono/metano,"Lei-B+Lei-C",0.784849,0,0
18,208,5,Silicio/acido sulfurico,"Lei-C",0.710771,0,0
18,208,5,Silicio/acido sulfurico,"Lei-A+Lei-C+Lei-D",0.953047,0,0
18,208,5,Silicio/acido sulfurico,"Lei-B",0.788267,0,0
18,209,5,Silicio/acido sulfurico,"Lei-C+Lei-D",0.825742,0,0
18,210,5,Silicio/acido sulfurico,"Lei-A",0.681547,0,0
18,213,0,Carbono/agua,"Lei-A+Lei-C+Lei-D",0.850641,0,0
18,216,1,Carbono/amonia,"Lei-B+Lei-C",0.771085,0,0
18,231,3,Carbono/metano,"Lei-A+Lei-C+Lei-D",0.765624,0,0
18,267,3,Carbono/metano,"Lei-A+Lei-C",0.669991,0,0
19,0,0,Carbono/agua,"nenhuma lei",0.565313,1,0
19,0,1,Carbono/amonia,"Lei-B",0.646131,1,0
19,0,2,Carbono/acido sulfurico,"nenhuma lei",0.448268,0,0
19,0,3,Carbono/metano,"Lei-A",0.589107,1,0
19,0,4,Silicio/agua,"nenhuma lei",0.495769,0,0
19,0,5,Silicio/acido sulfurico,"nenhuma lei",0.521029,0,0
19,0,5,Silicio/acido sulfurico,"Lei-B",0.728202,0,0
19,1,1,Carbono/amonia,"nenhuma lei",0.465679,0,0
19,1,3,Carbono/metano,"nenhuma lei",0.602651,0,0
19,3,0,Carbono/agua,"Lei-C",0.689631,1,0
19,5,1,Carbono/amonia,"Lei-B+Lei-C",0.748833,1,0
19,7,5,Silicio/acido sulfurico,"Lei-D",0.516028,1,0
19,9,5,Silicio/acido sulfurico,"Lei-C",0.580821,0,0
19,12,0,Carbono/agua,"Lei-A+Lei-C",0.752328,1,0
19,13,2,Carbono/acido sulfurico,"Lei-B",0.697387,0,0
19,14,0,Carbono/agua,"Lei-A",0.596781,0,0
19,14,4,Silicio/agua,"Lei-C",0.739432,0,0
19,15,1,Carbono/amonia,"Lei-C",0.687901,0,0
19,17,5,Silicio/acido sulfurico,"Lei-A",0.618566,0,0
19,26,4,Silicio/agua,"Lei-A",0.56056,0,0
19,29,2,Carbono/acido sulfurico,"Lei-B+Lei-C",0.911332,0,0
19,31,2,Carbono/acido sulfurico,"Lei-A",0.552301,0,0
19,34,4,Silicio/agua,"Lei-B",0.824582,0,0
19,39,5,Silicio/acido sulfurico,"Lei-B+Lei-C",0.883179,0,0
19,41,4,Silicio/agua,"nenhuma lei",0.537767,0,0
19,43,2,Carbono/acido sulfurico,"Lei-C",0.716313,0,0
19,45,1,Carbono/amonia,"Lei-A",0.621025,0,0
19,47,4,Silicio/agua,"Lei-D",0.624923,0,0
19,48,5,Silicio/acido sulfurico,"Lei-A+Lei-D",0.764316,1,0
19,68,2,Carbono/acido sulfurico,"Lei-D",0.643932,0,0
19,70,2,Carbono/acido sulfurico,"Lei-A+Lei-D",0.807226,0,0
19,70,5,Silicio/acido sulfurico,"Lei-A+Lei-C",0.87134,0,0
19,71,3,Carbono/metano,"Lei-B",0.507035,0,0
19,73,1,Carbono/amonia,"Lei-A+Lei-C",0.733112,0,0
19,76,0,Carbono/agua,"Lei-B",0.645452,0,0
19,78,4,Silicio/agua,"Lei-C",0.589415,0,0
19,86,1,Carbono/amonia,"Lei-D",0.692332,0,0
19,86,4,Silicio/agua,"Lei-B+Lei-C",0.831515,0,0
19,88,3,Carbono/metano,"Lei-A+Lei-C",0.799034,0,0
19,96,3,Carbono/metano,"Lei-C",0.642045,0,0
19,101,0,Carbono/agua,"Lei-A+Lei-C+Lei-D",0.929452,1,0
19,102,0,Carbono/agua,"Lei-D",0.660791,0,0
19,104,0,Carbono/agua,"Lei-A+Lei-D",0.725571,0,0
19,114,0,Carbono/agua,"Lei-C+Lei-D",0.769417,1,0
19,124,3,Carbono/metano,"Lei-D",0.660665,0,0
19,129,0,Carbono/agua,"Lei-B+Lei-C",0.75992,0,0
19,129,2,Carbono/acido sulfurico,"Lei-A+Lei-C",0.848722,0,0
19,131,4,Silicio/agua,"Lei-A+Lei-C",0.843719,0,0
19,136,3,Carbono/metano,"Lei-C+Lei-D",0.729339,0,0
19,138,5,Silicio/acido sulfurico,"nenhuma lei",0.445945,0,0
19,138,5,Silicio/acido sulfurico,"Lei-B+Lei-C",0.960995,0,0
19,138,5,Silicio/acido sulfurico,"Lei-D",0.570654,0,0
19,144,1,Carbono/amonia,"Lei-C+Lei-D",0.878394,0,0
19,146,2,Carbono/acido sulfurico,"Lei-C+Lei-D",0.78297,0,0
19,165,5,Silicio/acido sulfurico,"Lei-C+Lei-D",0.758277,0,0
19,182,4,Silicio/agua,"Lei-D",0.561042,0,0
19,196,3,Carbono/metano,"Lei-B+Lei-C",0.777984,0,0
19,196,4,Silicio/agua,"Lei-C+Lei-D",0.865718,0,0
19,208,4,Silicio/agua,"Lei-A+Lei-D",0.74849,0,0
19,216,3,Carbono/metano,"Lei-A+Lei-C+Lei-D",0.843604,0,0
19,228,5,Silicio/acido sulfurico,"Lei-A+Lei-C+Lei-D",0.923927,0,0
19,229,3,Carbono/metano,"Lei-A+Lei-D",0.685423,0,0
19,251,1,Carbono/amonia,"nenhuma lei",0.407172,0,0
19,251,1,Carbono/amonia,"Lei-B",0.765872,0,0
19,253,1,Carbono/amonia,"Lei-D",0.512047,0,0
19,255,1,Carbono/amonia,"Lei-A+Lei-C",0.82369,0,0
19,255,1,Carbono/amonia,"Lei-B+Lei-C",0.963044,0,0
19,256,1,Carbono/amonia,"Lei-C",0.71039,0,0
19,260,5,Silicio/acido sulfurico,"Lei-B+Lei-C",0.904555,0,0
19,260,5,Silicio/acido sulfurico,"nenhuma lei",0.616759,0,0
19,260,5,Silicio/acido sulfurico,"Lei-B",0.826235,0,0
19,261,5,Silicio/acido sulfurico,"Lei-A+Lei-C",0.819644,0,0
19,261,5,Silicio/acido sulfurico,"Lei-D",0.635306,0,0
19,263,5,Silicio/acido sulfurico,"Lei-A",0.571456,0,0
19,264,1,Carbono/amonia,"Lei-C+Lei-D",0.697709,0,0
19,264,1,Carbono/amonia,"Lei-A",0.724664,0,0
19,269,4,Silicio/agua,"Lei-A+Lei-C+Lei-D",0.873078,0,0
20,0,0,Carbono/agua,"nenhuma lei",0.690668,1,0
20,0,1,Carbono/amonia,"nenhuma lei",0.524601,0,0
20,0,2,Carbono/acido sulfurico,"nenhuma lei",0.673758,0,0
20,0,3,Carbono/metano,"nenhuma lei",0.471239,0,0
20,0,4,Silicio/agua,"nenhuma lei",0.560107,0,0
20,0,5,Silicio/acido sulfurico,"nenhuma lei",0.470582,0,0
20,1,0,Carbono/agua,"Lei-A",0.711346,1,0
20,4,1,Carbono/amonia,"Lei-D",0.609575,1,0
20,6,4,Silicio/agua,"Lei-A",0.793926,0,0
20,7,2,Carbono/acido sulfurico,"Lei-B",0.756498,1,0
20,7,5,Silicio/acido sulfurico,"nenhuma lei",0.586368,0,0
20,10,0,Carbono/agua,"Lei-B",0.701696,0,0
20,11,5,Silicio/acido sulfurico,"Lei-B",0.657409,0,0
20,14,2,Carbono/acido sulfurico,"Lei-D",0.631608,0,0
20,17,5,Silicio/acido sulfurico,"Lei-C",0.643063,1,0
20,18,1,Carbono/amonia,"Lei-A",0.682605,0,0
20,22,0,Carbono/agua,"Lei-D",0.616824,0,0
20,25,2,Carbono/acido sulfurico,"Lei-A",0.56085,0,0
20,27,3,Carbono/metano,"Lei-C",0.558413,0,0
20,34,5,Silicio/acido sulfurico,"Lei-A",0.683706,0,0
20,36,2,Carbono/acido sulfurico,"Lei-C",0.603843,0,0
20,39,4,Silicio/agua,"Lei-C",0.607413,0,0
20,45,5,Silicio/acido sulfurico,"Lei-D",0.688572,0,0
20,48,0,Carbono/agua,"Lei-C",0.554641,0,0
20,50,3,Carbono/metano,"Lei-B",0.717193,0,0
20,61,1,Carbono/amonia,"Lei-A+Lei-C",0.744012,1,0
20,63,3,Carbono/metano,"Lei-B+Lei-C",0.901372,1,0
20,63,4,Silicio/agua,"Lei-D",0.565623,0,0
20,64,4,Silicio/agua,"Lei-A+Lei-C",0.642632,0,0
20,66,0,Carbono/agua,"Lei-A+Lei-C",0.853089,0,0
20,67,5,Silicio/acido sulfurico,"Lei-B+Lei-C",0.84463,0,0
20,69,1,Carbono/amonia,"Lei-C",0.667756,0,0
20,70,0,Carbono/agua,"Lei-A+Lei-D",0.737155,1,0
20,71,4,Silicio/agua,"Lei-B",0.677558,0,0
20,74,3,Carbono/metano,"Lei-D",0.573918,0,0
20,76,1,Carbono/amonia,"Lei-B+Lei-C",0.707499,0,0
20,77,1,Carbono/amonia,"Lei-B",0.597472,0,0
20,80,1,Carbono/amonia,"Lei-A+Lei-C+Lei-D",0.836403,1,0
20,84,0,Carbono/agua,"Lei-A+Lei-C+Lei-D",0.871529,0,0
20,88,5,Silicio/acido sulfurico,"Lei-A+Lei-C",0.78058,0,0
20,95,1,Carbono/amonia,"Lei-C+Lei-D",0.719561,1,0
20,95,4,Silicio/agua,"Lei-A+Lei-C+Lei-D",0.871486,0,0
20,96,3,Carbono/metano,"Lei-A",0.611073,0,0
20,96,3,Carbono/metano,"Lei-A+Lei-C+Lei-D",0.856622,0,0
20,97,0,Carbono/agua,"Lei-C+Lei-D",0.834825,0,0
20,98,1,Carbono/amonia,"Lei-A+Lei-D",0.772076,0,0
20,98,3,Carbono/metano,"Lei-A+Lei-C",0.770399,0,0
20,104,4,Silicio/agua,"Lei-A+Lei-D",0.614153,0,0
20,105,5,Silicio/acido sulfurico,"Lei-A+Lei-D",0.641758,0,0
20,109,3,Carbono/metano,"Lei-A+Lei-D",0.704449,0,0
20,114,0,Carbono/agua,"Lei-B+Lei-C",0.797093,0,0
20,118,4,Silicio/agua,"Lei-B+Lei-C",0.889667,0,0
20,120,2,Carbono/acido sulfurico,"Lei-B+Lei-C",0.684856,0,0
20,121,4,Silicio/agua,"Lei-C+Lei-D",0.817805,0,0
20,137,3,Carbono/metano,"Lei-C+Lei-D",0.864153,0,0
20,139,2,Carbono/acido sulfurico,"Lei-C+Lei-D",0.765111,0,0
20,143,2,Carbono/acido sulfurico,"Lei-A+Lei-C",0.706498,0,0
20,151,2,Carbono/acido sulfurico,"Lei-A+Lei-D",0.77274,0,0
20,161,2,Carbono/acido sulfurico,"Lei-A+Lei-C+Lei-D",0.845355,0,0
20,175,5,Silicio/acido sulfurico,"Lei-B",0.658417,0,0
20,175,5,Silicio/acido sulfurico,"Lei-C",0.644211,0,0
20,187,2,Carbono/acido sulfurico,"Lei-A",0.64527,0,0
20,190,5,Silicio/acido sulfurico,"Lei-D",0.665959,0,0
20,200,2,Carbono/acido sulfurico,"Lei-B",0.790512,0,0
20,202,5,Silicio/acido sulfurico,"Lei-A+Lei-C+Lei-D",0.815918,0,0
20,205,2,Carbono/acido sulfurico,"Lei-A",0.572103,0,0
20,207,5,Silicio/acido sulfurico,"Lei-C+Lei-D",0.734421,0,0
20,214,2,Carbono/acido sulfurico,"Lei-D",0.612045,0,0
20,232,2,Carbono/acido sulfurico,"Lei-A+Lei-D",0.675117,0,0
20,234,2,Carbono/acido sulfurico,"Lei-C+Lei-D",0.703403,0,0
20,270,1,Carbono/amonia,"Lei-D",0.720119,0,0
20,271,1,Carbono/amonia,"Lei-C",0.693155,0,0
20,300,1,Carbono/amonia,"Lei-B",0.595414,0,0
21,0,0,Carbono/agua,"nenhuma lei",0.599838,1,0
21,0,1,Carbono/amonia,"nenhuma lei",0.373197,0,0
21,0,2,Carbono/acido sulfurico,"nenhuma lei",0.482487,0,0
21,0,3,Carbono/metano,"nenhuma lei",0.560279,0,0
21,0,4,Silicio/agua,"nenhuma lei",0.520748,0,0
21,0,5,Silicio/acido sulfurico,"nenhuma lei",0.571158,0,0
21,2,2,Carbono/acido sulfurico,"Lei-A",0.653184,1,0
21,4,1,Carbono/amonia,"Lei-A",0.719633,0,0
21,6,2,Carbono/acido sulfurico,"Lei-C",0.549484,1,0
21,7,0,Carbono/agua,"Lei-A+Lei-C",0.825391,1,0
21,7,4,Silicio/agua,"Lei-B",0.533815,1,0
21,8,4,Silicio/agua,"Lei-D",0.728078,1,0
21,9,5,Silicio/acido sulfurico,"Lei-D",0.603593,0,0
21,10,0,Carbono/agua,"Lei-C",0.682818,0,0
21,10,5,Silicio/acido sulfurico,"Lei-A",0.642754,0,0
21,12,3,Carbono/metano,"Lei-D",0.655247,0,0
21,12,4,Silicio/agua,"Lei-A",0.54762,0,0
21,14,0,Carbono/agua,"Lei-A",0.612468,0,0
21,21,5,Silicio/acido sulfurico,"Lei-B",0.717878,0,0
21,23,1,Carbono/amonia,"Lei-B",0.697554,0,0
21,24,4,Silicio/agua,"Lei-C+Lei-D",0.809118,1,0
21,26,1,Carbono/amonia,"Lei-C",0.650664,0,0
21,28,2,Carbono/acido sulfurico,"Lei-B+Lei-C",0.691164,1,0
21,30,2,Carbono/acido sulfurico,"Lei-B",0.690559,0,0
21,33,4,Silicio/agua,"Lei-A+Lei-D",0.684816,1,0
21,35,2,Carbono/acido sulfurico,"Lei-A+Lei-C",0.777194,0,0
21,36,0,Carbono/agua,"Lei-B",0.613916,0,0
21,36,5,Silicio/acido sulfurico,"Lei-B+Lei-C",0.728377,0,0
21,37,1,Carbono/amonia,"Lei-A+Lei-D",0.775963,0,0
21,40,4,Silicio/agua,"Lei-C",0.689228,0,0
21,42,0,Carbono/agua,"Lei-B+Lei-C",0.797938,0,0
21,43,5,Silicio/acido sulfurico,"Lei-C",0.627043,0,0
21,47,3,Carbono/metano,"Lei-B",0.54029,0,0
21,48,1,Carbono/amonia,"Lei-D",0.66495,0,0
21,49,2,Carbono/acido sulfurico,"Lei-D",0.648168,0,0
21,51,3,Carbono/metano,"Lei-A+Lei-D",0.743577,0,0
21,51,4,Silicio/agua,"Lei-A+Lei-C+Lei-D",0.820705,1,0
21,53,5,Silicio/acido sulfurico,"Lei-A+Lei-C",0.746009,0,0
21,53,5,Silicio/acido sulfurico,"Lei-A+Lei-C+Lei-D",0.847972,0,0
21,55,4,Silicio/agua,"Lei-A+Lei-C",0.746014,0,0
21,59,3,Carbono/metano,"Lei-A",0.642208,0,0
21,60,5,Silicio/acido sulfurico,"Lei-A+Lei-D",0.716543,0,0
21,63,2,Carbono/acido sulfurico,"Lei-A+Lei-D",0.649234,0,0
21,71,5,Silicio/acido sulfurico,"Lei-C+Lei-D",0.812241,0,0
21,72,0,Carbono/agua,"Lei-D",0.674202,0,0
21,77,3,Carbono/metano,"Lei-C",0.515043,0,0
21,79,0,Carbono/agua,"nenhuma lei",0.514801,0,0
21,81,0,Carbono/agua,"Lei-C",0.712061,0,0
21,81,1,Carbono/amonia,"Lei-B+Lei-C",0.767415,0,0
21,85,3,Carbono/metano,"Lei-C+Lei-D",0.800683,0,0
21,88,0,Carbono/agua,"Lei-A+Lei-C",0.77867,0,0
21,89,4,Silicio/agua,"Lei-B+Lei-C",0.751021,0,0
21,93,1,Carbono/amonia,"Lei-A+Lei-C+Lei-D",0.765701,0,0
21,94,1,Carbono/amonia,"Lei-A+Lei-C",0.814471,0,0
21,97,2,Carbono/acido sulfurico,"Lei-A+Lei-C",0.793346,0,0
21,100,2,Carbono/acido sulfurico,"Lei-A",0.709253,0,0
21,109,3,Carbono/metano,"Lei-B+Lei-C",0.710681,0,0
21,112,2,Carbono/acido sulfurico,"Lei-B+Lei-C",0.864441,0,0
21,116,0,Carbono/agua,"Lei-C+Lei-D",0.845473,0,0
21,130,1,Carbono/amonia,"Lei-C+Lei-D",0.808459,0,0
21,134,2,Carbono/acido sulfurico,"Lei-C+Lei-D",0.808546,0,0
21,141,0,Carbono/agua,"Lei-A+Lei-C+Lei-D",0.873764,0,0
21,142,3,Carbono/metano,"Lei-A+Lei-C+Lei-D",0.862493,0,0
21,143,2,Carbono/acido sulfurico,"Lei-B",0.797332,0,0
21,143,2,Carbono/acido sulfurico,"Lei-B+Lei-C",0.944065,0,0
21,143,2,Carbono/acido sulfurico,"nenhuma lei",0.531314,0,0
21,144,3,Carbono/metano,"Lei-A+Lei-C",0.72201,0,0
21,170,0,Carbono/agua,"Lei-A+Lei-D",0.7427,0,0
21,185,2,Carbono/acido sulfurico,"Lei-A+Lei-D",0.83252,0,0
21,190,2,Carbono/acido sulfurico,"Lei-C+Lei-D",0.813905,0,0
21,232,0,Carbono/agua,"Lei-C",0.772895,0,0
21,236,0,Carbono/agua,"Lei-D",0.709228,0,0
21,268,5,Silicio/acido sulfurico,"Lei-B",0.81132,0,0
21,271,5,Silicio/acido sulfurico,"Lei-A+Lei-D",0.711894,0,0
21,271,5,Silicio/acido sulfurico,"Lei-A",0.616196,0,0
21,273,5,Silicio/acido sulfurico,"Lei-C+Lei-D",0.833769,0,0
21,273,5,Silicio/acido sulfurico,"Lei-D",0.568519,0,0
22,0,0,Carbono/agua,"Lei-B",0.615219,1,0
22,0,0,Carbono/agua,"nenhuma lei",0.57116,1,0
22,0,1,Carbono/amonia,"nenhuma lei",0.40018,0,0
22,0,1,Carbono/amonia,"Lei-A",0.579121,1,0
22,0,2,Carbono/acido sulfurico,"nenhuma lei",0.464329,0,0
22,0,2,Carbono/acido sulfurico,"Lei-B+Lei-C",0.648186,1,0
22,0,3,Carbono/metano,"nenhuma lei",0.461672,0,0
22,0,4,Silicio/agua,"nenhuma lei",0.514118,0,0
22,0,5,Silicio/acido sulfurico,"nenhuma lei",0.490498,0,0
22,1,2,Carbono/acido sulfurico,"Lei-C",0.49925,1,0
22,1,5,Silicio/acido sulfurico,"Lei-B",0.597597,0,0
22,4,2,Carbono/acido sulfurico,"Lei-C+Lei-D",0.716612,1,0
22,5,2,Carbono/acido sulfurico,"Lei-D",0.58414,1,0
22,7,5,Silicio/acido sulfurico,"Lei-D",0.662972,0,0
22,8,2,Carbono/acido sulfurico,"Lei-B",0.679084,0,0
22,8,5,Silicio/acido sulfurico,"Lei-A",0.635411,0,0
22,9,1,Carbono/amonia,"Lei-A+Lei-D",0.708023,1,0
22,12,0,Carbono/agua,"Lei-B+Lei-C",0.749822,0,0
22,15,0,Carbono/agua,"Lei-A+Lei-C",0.6951,1,0
22,15,4,Silicio/agua,"Lei-B",0.661954,0,0
22,16,0,Carbono/agua,"Lei-A",0.598728,0,0
22,17,4,Silicio/agua,"Lei-D",0.683348,0,0
22,19,1,Carbono/amonia,"Lei-A+Lei-C+Lei-D",0.76698,1,0
22,19,4,Silicio/agua,"Lei-A",0.60705,0,0
22,26,1,Carbono/amonia,"Lei-D",0.600563,0,0
22,28,0,Carbono/agua,"Lei-D",0.562453,0,0
22,29,1,Carbono/amonia,"Lei-A+Lei-C",0.754315,0,0
22,30,0,Carbono/agua,"Lei-C",0.630106,0,0
22,30,3,Carbono/metano,"Lei-B",0.652071,0,0
22,31,3,Carbono/metano,"Lei-A",0.576975,0,0
22,33,3,Carbono/metano,"Lei-C",0.56977,0,0
22,36,4,Silicio/agua,"Lei-C",0.658662,0,0
22,38,0,Carbono/agua,"Lei-C+Lei-D",0.699548,0,0
22,41,4,Silicio/agua,"Lei-A+Lei-D",0.688615,0,0
22,42,2,Carbono/acido sulfurico,"Lei-A",0.528465,0,0
22,44,1,Carbono/amonia,"Lei-C",0.649882,0,0
22,49,4,Silicio/agua,"Lei-B+Lei-C",0.838911,0,0
22,50,1,Carbono/amonia,"Lei-C+Lei-D",0.669567,0,0
22,55,3,Carbono/metano,"Lei-A",0.583437,0,0
22,61,5,Silicio/acido sulfurico,"Lei-B+Lei-C",0.763808,0,0
22,63,2,Carbono/acido sulfurico,"nenhuma lei",0.575332,0,0
22,63,2,Carbono/acido sulfurico,"Lei-B+Lei-C",0.784703,0,0
22,63,5,Silicio/acido sulfurico,"Lei-A+Lei-C",0.752339,0,0
22,63,5,Silicio/acido sulfurico,"Lei-A+Lei-D",0.61809,0,0
22,68,1,Carbono/amonia,"Lei-B+Lei-C",0.691893,0,0
22,73,5,Silicio/acido sulfurico,"Lei-C",0.69423,0,0
22,75,5,Silicio/acido sulfurico,"nenhuma lei",0.432159,0,0
22,76,5,Silicio/acido sulfurico,"Lei-C",0.614555,0,0
22,80,5,Silicio/acido sulfurico,"Lei-C+Lei-D",0.786758,0,0
22,81,4,Silicio/agua,"Lei-A+Lei-C",0.753057,0,0
22,84,5,Silicio/acido sulfurico,"Lei-D",0.623202,0,0
22,85,1,Carbono/amonia,"Lei-B",0.632092,0,0
22,89,5,Silicio/acido sulfurico,"Lei-B",0.734452,0,0
22,89,5,Silicio/acido sulfurico,"nenhuma lei",0.474419,0,0
22,92,3,Carbono/metano,"Lei-D",0.595063,0,0
22,93,5,Silicio/acido sulfurico,"Lei-C+Lei-D",0.786758,0,0
22,112,2,Carbono/acido sulfurico,"Lei-A+Lei-C",0.805854,0,0
22,112,3,Carbono/metano,"Lei-B+Lei-C",0.793681,0,0
22,135,3,Carbono/metano,"Lei-A+Lei-C",0.746,0,0
22,138,0,Carbono/agua,"Lei-A+Lei-D",0.633689,0,0
22,139,5,Silicio/acido sulfurico,"Lei-A+Lei-C+Lei-D",0.820442,0,0
22,177,0,Carbono/agua,"Lei-A+Lei-C+Lei-D",0.886923,0,0
22,185,4,Silicio/agua,"Lei-A+Lei-C+Lei-D",0.832514,0,0
22,192,4,Silicio/agua,"Lei-C+Lei-D",0.734037,0,0
22,225,2,Carbono/acido sulfurico,"Lei-A+Lei-D",0.742062,0,0
22,257,2,Carbono/acido sulfurico,"Lei-A+Lei-C+Lei-D",0.749003,0,0
22,288,3,Carbono/metano,"Lei-B",0.815057,0,0
22,289,3,Carbono/metano,"Lei-C",0.763587,0,0
23,0,0,Carbono/agua,"nenhuma lei",0.456267,1,0
23,0,1,Carbono/amonia,"nenhuma lei",0.495664,0,0
23,0,2,Carbono/acido sulfurico,"nenhuma lei",0.548885,0,0
23,0,3,Carbono/metano,"nenhuma lei",0.504757,0,0
23,0,4,Silicio/agua,"nenhuma lei",0.509724,0,0
23,0,5,Silicio/acido sulfurico,"nenhuma lei",0.498064,0,0
23,0,5,Silicio/acido sulfurico,"Lei-C",0.555043,1,0
23,1,5,Silicio/acido sulfurico,"Lei-C+Lei-D",0.637968,1,0
23,2,1,Carbono/amonia,"Lei-A+Lei-C",0.689857,1,0
23,4,5,Silicio/acido sulfurico,"Lei-A",0.62257,1,0
23,5,1,Carbono/amonia,"Lei-A",0.658605,0,0
23,5,4,Silicio/agua,"Lei-C",0.522797,0,0
23,6,2,Carbono/acido sulfurico,"Lei-C",0.657649,0,0
23,7,5,Silicio/acido sulfurico,"Lei-D",0.606193,1,0
23,8,2,Carbono/acido sulfurico,"Lei-D",0.6316,0,0
23,8,5,Silicio/acido sulfurico,"Lei-A+Lei-D",0.652065,1,0
23,12,2,Carbono/acido sulfurico,"Lei-A+Lei-C",0.767893,0,0
23,12,5,Silicio/acido sulfurico,"Lei-A+Lei-C",0.683483,0,0
23,14,2,Carbono/acido sulfurico,"Lei-A",0.730015,0,0
23,14,5,Silicio/acido sulfurico,"Lei-B",0.596847,1,0
23,18,1,Carbono/amonia,"Lei-C",0.641104,0,0
23,20,0,Carbono/agua,"Lei-C",0.707527,0,0
23,25,4,Silicio/agua,"Lei-B+Lei-C",0.836728,1,0
23,36,4,Silicio/agua,"Lei-B",0.66723,0,0
23,38,0,Carbono/agua,"Lei-B",0.606809,0,0
23,38,1,Carbono/amonia,"Lei-D",0.65429,0,0
23,41,3,Carbono/metano,"Lei-D",0.693845,0,0
23,42,3,Carbono/metano,"Lei-A+Lei-D",0.71509,0,0
23,46,2,Carbono/acido sulfurico,"Lei-C+Lei-D",0.839923,0,0
23,51,0,Carbono/agua,"Lei-A+Lei-C",0.746689,0,0
23,56,1,Carbono/amonia,"Lei-B",0.639792,0,0
23,57,0,Carbono/agua,"Lei-A",0.65376,0,0
23,60,1,Carbono/amonia,"Lei-B+Lei-C",0.762212,0,0
23,62,5,Silicio/acido sulfurico,"Lei-A+Lei-C+Lei-D",0.911929,1,0
23,63,2,Carbono/acido sulfurico,"Lei-A+Lei-C+Lei-D",0.785711,0,0
23,63,3,Carbono/metano,"Lei-A",0.6663,0,0
23,67,2,Carbono/acido sulfurico,"Lei-B",0.69814,0,0
23,68,0,Carbono/agua,"Lei-D",0.62607,0,0
23,68,0,Carbono/agua,"Lei-B+Lei-C",0.906347,0,0
23,68,3,Carbono/metano,"Lei-B",0.582019,0,0
23,85,0,Carbono/agua,"Lei-A+Lei-C+Lei-D",0.838166,0,0
23,88,0,Carbono/agua,"Lei-A+Lei-D",0.717,0,0
23,93,4,Silicio/agua,"Lei-D",0.663172,0,0
23,95,4,Silicio/agua,"Lei-A",0.633941,0,0
23,101,2,Carbono/acido sulfurico,"Lei-A+Lei-D",0.760849,0,0
23,109,4,Silicio/agua,"Lei-A+Lei-C",0.767195,0,0
23,116,5,Silicio/acido sulfurico,"Lei-B+Lei-C",0.867043,0,0
23,118,2,Carbono/acido sulfurico,"Lei-B+Lei-C",0.840802,0,0
23,123,0,Carbono/agua,"Lei-C+Lei-D",0.770122,0,0
23,132,1,Carbono/amonia,"Lei-A+Lei-C+Lei-D",0.860455,0,0
23,132,3,Carbono/metano,"Lei-B",0.670027,0,0
23,134,1,Carbono/amonia,"Lei-A+Lei-C",0.803106,0,0
23,134,1,Carbono/amonia,"Lei-A",0.693042,0,0
23,137,1,Carbono/amonia,"Lei-B",0.809987,0,0
23,159,0,Carbono/agua,"Lei-A",0.634735,0,0
23,161,3,Carbono/metano,"Lei-C+Lei-D",0.730695,0,0
23,163,3,Carbono/metano,"Lei-A+Lei-C+Lei-D",0.868365,0,0
23,163,3,Carbono/metano,"Lei-C",0.641517,0,0
23,164,4,Silicio/agua,"Lei-A+Lei-C+Lei-D",0.854117,0,0
23,167,4,Silicio/agua,"Lei-A+Lei-D",0.682892,0,0
23,170,3,Carbono/metano,"Lei-A+Lei-C",0.81485,0,0
23,170,4,Silicio/agua,"Lei-C+Lei-D",0.766626,0,0
23,171,1,Carbono/amonia,"nenhuma lei",0.501988,0,0
23,172,1,Carbono/amonia,"Lei-A",0.726964,0,0
23,193,0,Carbono/agua,"Lei-A",0.541406,0,0
23,193,0,Carbono/agua,"nenhuma lei",0.397238,0,0
23,199,0,Carbono/agua,"Lei-A+Lei-C",0.829348,0,0
23,200,0,Carbono/agua,"Lei-C+Lei-D",0.699803,0,0
23,239,3,Carbono/metano,"Lei-B+Lei-C",0.820627,0,0
23,242,1,Carbono/amonia,"Lei-A+Lei-C+Lei-D",0.699166,0,0
23,247,1,Carbono/amonia,"Lei-A+Lei-D",0.808956,0,0
23,248,5,Silicio/acido sulfurico,"Lei-A+Lei-C+Lei-D",0.923221,0,0
23,248,5,Silicio/acido sulfurico,"Lei-A",0.695547,0,0
23,248,5,Silicio/acido sulfurico,"Lei-D",0.703816,0,0
23,249,5,Silicio/acido sulfurico,"Lei-C+Lei-D",0.799786,0,0
23,261,1,Carbono/amonia,"nenhuma lei",0.524759,0,0
23,270,1,Carbono/amonia,"Lei-C+Lei-D",0.659803,0,0
23,281,1,Carbono/amonia,"Lei-A+Lei-D",0.698581,0,0
24,0,0,Carbono/agua,"nenhuma lei",0.49022,1,0
24,0,0,Carbono/agua,"Lei-A",0.638714,1,0
24,0,1,Carbono/amonia,"nenhuma lei",0.450888,0,0
24,0,2,Carbono/acido sulfurico,"nenhuma lei",0.604092,0,0
24,0,3,Carbono/metano,"nenhuma lei",0.511245,0,0
24,0,4,Silicio/agua,"nenhuma lei",0.539571,0,0
24,0,4,Silicio/agua,"Lei-B",0.60742,1,0
24,0,5,Silicio/acido sulfurico,"nenhuma lei",0.489244,0,0
24,1,0,Carbono/agua,"Lei-A+Lei-D",0.754638,1,0
24,1,0,Carbono/agua,"Lei-D",0.648432,1,0
24,1,1,Carbono/amonia,"Lei-C",0.682863,1,0
24,2,1,Carbono/amonia,"Lei-D",0.640623,0,0
24,6,4,Silicio/agua,"Lei-A",0.671072,0,0
24,7,1,Carbono/amonia,"Lei-C+Lei-D",0.802751,1,0
24,7,5,Silicio/acido sulfurico,"Lei-B",0.720677,0,0
24,8,4,Silicio/agua,"Lei-C",0.693613,0,0
24,10,2,Carbono/acido sulfurico,"Lei-A",0.728168,0,0
24,11,5,Silicio/acido sulfurico,"Lei-A",0.720908,0,0
24,12,0,Carbono/agua,"Lei-B",0.664992,0,0
24,12,3,Carbono/metano,"Lei-A",0.650815,0,0
24,13,5,Silicio/acido sulfurico,"Lei-D",0.65153,0,0
24,23,3,Carbono/metano,"Lei-B",0.547034,0,0
24,24,5,Silicio/acido sulfurico,"Lei-C",0.737249,0,0
24,24,5,Silicio/acido sulfurico,"Lei-B+Lei-C",0.737895,1,0
24,25,4,Silicio/agua,"Lei-D",0.542721,0,0
24,28,4,Silicio/agua,"Lei-B+Lei-C",0.785708,0,0
24,30,5,Silicio/acido sulfurico,"Lei-A+Lei-D",0.73304,0,0
24,37,4,Silicio/agua,"Lei-A+Lei-C",0.801486,1,0
24,39,1,Carbono/amonia,"Lei-B",0.606818,0,0
24,41,1,Carbono/amonia,"Lei-B+Lei-C",0.785269,0,0
24,41,2,Carbono/acido sulfurico,"Lei-C",0.658427,0,0
24,42,5,Silicio/acido sulfurico,"Lei-A+Lei-C",0.763509,0,0
24,43,1,Carbono/amonia,"Lei-A+Lei-C",0.740064,0,0
24,49,1,Carbono/amonia,"Lei-A",0.523971,0,0
24,59,3,Carbono/metano,"Lei-A+Lei-D",0.717093,0,0
24,59,3,Carbono/metano,"Lei-D",0.599968,0,0
24,73,4,Silicio/agua,"Lei-A+Lei-C+Lei-D",0.963504,1,0
24,75,0,Carbono/agua,"Lei-C",0.721274,0,0
24,75,4,Silicio/agua,"Lei-C+Lei-D",0.725298,0,0
24,78,2,Carbono/acido sulfurico,"Lei-B",0.634279,0,0
24,83,4,Silicio/agua,"Lei-A+Lei-D",0.786324,0,0
24,84,3,Carbono/metano,"Lei-C",0.689508,0,0
24,89,2,Carbono/acido sulfurico,"Lei-A+Lei-C",0.755221,0,0
24,91,1,Carbono/amonia,"Lei-A+Lei-D",0.735326,0,0
24,95,3,Carbono/metano,"Lei-A+Lei-C",0.728023,0,0
24,100,3,Carbono/metano,"Lei-A+Lei-C+Lei-D",0.833609,0,0
24,107,0,Carbono/agua,"Lei-A",0.775787,0,0
24,107,0,Carbono/agua,"nenhuma lei",0.515281,0,0
24,107,2,Carbono/acido sulfurico,"Lei-D",0.555789,0,0
24,108,3,Carbono/metano,"Lei-C+Lei-D",0.710745,0,0
24,110,2,Carbono/acido sulfurico,"Lei-A+Lei-D",0.706831,0,0
24,120,1,Carbono/amonia,"Lei-A+Lei-C+Lei-D",0.892032,0,0
24,120,2,Carbono/acido sulfurico,"Lei-B+Lei-C",0.850924,0,0
24,136,2,Carbono/acido sulfurico,"Lei-C+Lei-D",0.752464,0,0
24,138,3,Carbono/metano,"Lei-B+Lei-C",0.849297,0,0
24,140,5,Silicio/acido sulfurico,"Lei-C+Lei-D",0.693599,0,0
24,144,0,Carbono/agua,"Lei-C",0.602088,0,0
24,149,0,Carbono/agua,"Lei-B+Lei-C",0.79204,0,0
24,170,0,Carbono/agua,"Lei-C+Lei-D",0.863736,0,0
24,186,0,Carbono/agua,"Lei-A+Lei-C+Lei-D",0.872774,0,0
24,189,0,Carbono/agua,"Lei-A+Lei-C",0.762236,0,0
24,212,1,Carbono/amonia,"Lei-D",0.72441,0,0
24,212,1,Carbono/amonia,"Lei-B+Lei-C",0.968587,0,0
24,212,1,Carbono/amonia,"Lei-C+Lei-D",0.906989,0,0
24,212,1,Carbono/amonia,"Lei-C",0.690134,0,0
24,228,5,Silicio/acido sulfurico,"Lei-A+Lei-C+Lei-D",0.8717,0,0
24,276,3,Carbono/metano,"Lei-A+Lei-D",0.730264,0,0
24,276,3,Carbono/metano,"Lei-B+Lei-C",0.726847,0,0
24,280,3,Carbono/metano,"Lei-D",0.62659,0,0
24,286,3,Carbono/metano,"Lei-A+Lei-D",0.747989,0,0
24,286,3,Carbono/metano,"Lei-C+Lei-D",0.807136,0,0
24,287,3,Carbono/metano,"Lei-A+Lei-C+Lei-D",0.938022,0,0
24,287,3,Carbono/metano,"Lei-C",0.69156,0,0
24,288,3,Carbono/metano,"Lei-A",0.699857,0,0
25,0,0,Carbono/agua,"nenhuma lei",0.4832,1,0
25,0,1,Carbono/amonia,"nenhuma lei",0.596614,0,0
25,0,2,Carbono/acido sulfurico,"Lei-B",0.629185,1,0
25,0,2,Carbono/acido sulfurico,"Lei-A",0.713357,1,0
25,0,2,Carbono/acido sulfurico,"nenhuma lei",0.595758,0,0
25,0,3,Carbono/metano,"nenhuma lei",0.557157,0,0
25,0,4,Silicio/agua,"nenhuma lei",0.565012,0,0
25,0,5,Silicio/acido sulfurico,"nenhuma lei",0.430314,0,0
25,3,4,Silicio/agua,"Lei-D",0.650446,1,0
25,5,0,Carbono/agua,"Lei-D",0.573601,0,0
25,5,4,Silicio/agua,"Lei-C+Lei-D",0.650451,1,0
25,5,4,Silicio/agua,"Lei-C",0.554637,1,0
25,8,4,Silicio/agua,"Lei-A",0.548872,0,0
25,9,2,Carbono/acido sulfurico,"Lei-C",0.656521,0,0
25,9,5,Silicio/acido sulfurico,"Lei-C",0.48166,0,0
25,10,2,Carbono/acido sulfurico,"Lei-B+Lei-C",0.773439,1,0
25,12,5,Silicio/acido sulfurico,"Lei-A",0.748806,0,0
25,14,1,Carbono/amonia,"Lei-B",0.681019,0,0
25,14,3,Carbono/metano,"Lei-D",0.693289,0,0
25,14,5,Silicio/acido sulfurico,"Lei-D",0.655133,0,0
25,19,0,Carbono/agua,"Lei-B",0.644325,0,0
25,25,2,Carbono/acido sulfurico,"Lei-A+Lei-C",0.775018,1,0
25,25,4,Silicio/agua,"Lei-A+Lei-C",0.68643,0,0
25,28,3,Carbono/metano,"Lei-C",0.568657,0,0
25,31,1,Carbono/amonia,"Lei-D",0.683936,0,0
25,35,5,Silicio/acido sulfurico,"Lei-A+Lei-C",0.753431,0,0
25,36,2,Carbono/acido sulfurico,"Lei-A+Lei-C+Lei-D",0.829984,1,0
25,36,3,Carbono/metano,"Lei-B",0.609528,0,0
25,39,4,Silicio/agua,"Lei-A+Lei-D",0.728647,1,0
25,40,2,Carbono/acido sulfurico,"Lei-A+Lei-D",0.715161,0,0
25,42,0,Carbono/agua,"Lei-A",0.663792,0,0
25,42,2,Carbono/acido sulfurico,"Lei-D",0.686961,0,0
25,45,2,Carbono/acido sulfurico,"Lei-C+Lei-D",0.732086,0,0
25,52,5,Silicio/acido sulfurico,"Lei-B",0.643685,0,0
25,61,4,Silicio/agua,"Lei-A+Lei-C+Lei-D",0.804239,0,0
25,62,4,Silicio/agua,"nenhuma lei",0.593407,0,0
25,63,3,Carbono/metano,"Lei-A",0.654789,0,0
25,69,1,Carbono/amonia,"Lei-A",0.672876,0,0
25,77,3,Carbono/metano,"nenhuma lei",0.671816,0,0
25,80,0,Carbono/agua,"Lei-C",0.652239,0,0
25,81,1,Carbono/amonia,"Lei-C+Lei-D",0.800174,0,0
25,84,0,Carbono/agua,"Lei-B+Lei-C",0.834405,0,0
25,90,1,Carbono/amonia,"Lei-A+Lei-D",0.816274,0,0
25,96,1,Carbono/amonia,"Lei-C",0.691565,0,0
25,96,1,Carbono/amonia,"Lei-B+Lei-C",0.689099,0,0
25,97,1,Carbono/amonia,"Lei-A+Lei-C",0.714711,0,0
25,101,0,Carbono/agua,"Lei-A+Lei-D",0.65869,0,0
25,101,1,Carbono/amonia,"Lei-A+Lei-C+Lei-D",0.852558,0,0
25,102,0,Carbono/agua,"Lei-A+Lei-C",0.809662,0,0
25,104,4,Silicio/agua,"Lei-B+Lei-C",0.818929,0,0
25,104,4,Silicio/agua,"Lei-B",0.481429,0,0
25,115,5,Silicio/acido sulfurico,"Lei-B+Lei-C",0.757525,0,0
25,118,3,Carbono/metano,"Lei-B+Lei-C",0.76616,0,0
25,124,5,Silicio/acido sulfurico,"Lei-A+Lei-C+Lei-D",0.916434,0,0
25,126,3,Carbono/metano,"Lei-C",0.543787,0,0
25,128,3,Carbono/metano,"Lei-C+Lei-D",0.775376,0,0
25,129,5,Silicio/acido sulfurico,"Lei-C+Lei-D",0.835283,0,0
25,131,5,Silicio/acido sulfurico,"Lei-A+Lei-D",0.745552,0,0
25,132,0,Carbono/agua,"nenhuma lei",0.483132,0,0
25,132,3,Carbono/metano,"Lei-A+Lei-D",0.811772,0,0
25,133,3,Carbono/metano,"Lei-A+Lei-C",0.692743,0,0
25,134,0,Carbono/agua,"Lei-A+Lei-C",0.858879,0,0
25,134,0,Carbono/agua,"Lei-A",0.732097,0,0
25,136,0,Carbono/agua,"Lei-D",0.602775,0,0
25,165,0,Carbono/agua,"Lei-A+Lei-C+Lei-D",0.827998,0,0
25,170,1,Carbono/amonia,"Lei-C+Lei-D",0.853864,0,0
25,170,4,Silicio/agua,"Lei-A+Lei-C+Lei-D",0.941052,0,0
25,170,4,Silicio/agua,"Lei-A+Lei-D",0.755218,0,0
25,170,4,Silicio/agua,"nenhuma lei",0.603333,0,0
25,171,4,Silicio/agua,"Lei-D",0.710324,0,0
25,176,1,Carbono/amonia,"Lei-A",0.659223,0,0
25,183,0,Carbono/agua,"Lei-C+Lei-D",0.648554,0,0
25,186,4,Silicio/agua,"Lei-B+Lei-C",0.769194,0,0
25,224,3,Carbono/metano,"nenhuma lei",0.516109,0,0
25,226,3,Carbono/metano,"Lei-D",0.605525,0,0
25,230,3,Carbono/metano,"Lei-B",0.758929,0,0
25,231,1,Carbono/amonia,"Lei-A",0.547151,0,0
25,231,1,Carbono/amonia,"Lei-A+Lei-C",0.834048,0,0
25,232,1,Carbono/amonia,"Lei-D",0.698487,0,0
25,232,1,Carbono/amonia,"Lei-C",0.670604,0,0
26,0,0,Carbono/agua,"nenhuma lei",0.512193,1,0
26,0,0,Carbono/agua,"Lei-C",0.66616,1,0
26,0,1,Carbono/amonia,"Lei-C",0.542781,0,0
26,0,2,Carbono/acido sulfurico,"nenhuma lei",0.562887,0,0
26,0,3,Carbono/metano,"nenhuma lei",0.43984,0,0
26,0,4,Silicio/agua,"Lei-B",0.732377,1,0
26,0,4,Silicio/agua,"Lei-C",0.597439,0,0
26,0,5,Silicio/acido sulfurico,"nenhuma lei",0.512632,0,0
26,1,1,Carbono/amonia,"nenhuma lei",0.4631,0,0
26,2,4,Silicio/agua,"nenhuma lei",0.527326,0,0
26,3,2,Carbono/acido sulfurico,"Lei-A",0.552306,1,0
26,9,0,Carbono/agua,"Lei-A+Lei-D",0.768852,1,0
26,12,4,Silicio/agua,"Lei-D",0.582564,1,0
26,13,0,Carbono/agua,"Lei-A",0.625107,0,0
26,13,0,Carbono/agua,"Lei-B+Lei-C",0.800743,1,0
26,14,0,Carbono/agua,"Lei-D",0.626933,0,0
26,16,0,Carbono/agua,"Lei-B",0.642682,0,0
26,17,1,Carbono/amonia,"Lei-B",0.65478,0,0
26,17,2,Carbono/acido sulfurico,"Lei-A+Lei-C",0.734036,1,0
26,17,2,Carbono/acido sulfurico,"Lei-B",0.596063,0,0
26,20,0,Carbono/agua,"Lei-C+Lei-D",0.680966,1,0
26,21,2,Carbono/acido sulfurico,"Lei-C",0.697722,0,0
26,22,1,Carbono/amonia,"Lei-B+Lei-C",0.835976,0,0
26,26,2,Carbono/acido sulfurico,"Lei-D",0.653059,0,0
26,28,1,Carbono/amonia,"Lei-A+Lei-C",0.733398,0,0
26,30,3,Carbono/metano,"Lei-A",0.670626,0,0
26,38,4,Silicio/agua,"Lei-A",0.510741,0,0
26,39,5,Silicio/acido sulfurico,"Lei-D",0.620407,0,0
26,39,5,Silicio/acido sulfurico,"Lei-C",0.696889,0,0
26,40,5,Silicio/acido sulfurico,"Lei-A",0.725317,0,0
26,46,5,Silicio/acido sulfurico,"Lei-A+Lei-C",0.805763,0,0
26,49,3,Carbono/metano,"Lei-B",0.675719,0,0
26,51,1,Carbono/amonia,"Lei-A",0.634119,0,0
26,52,3,Carbono/metano,"Lei-C",0.740361,0,0
26,60,1,Carbono/amonia,"Lei-D",0.636394,0,0
26,66,2,Carbono/acido sulfurico,"Lei-B+Lei-C",0.692794,0,0
26,71,2,Carbono/acido sulfurico,"Lei-A+Lei-D",0.759299,0,0
26,75,4,Silicio/agua,"Lei-B+Lei-C",0.854079,0,0
26,79,3,Carbono/metano,"Lei-D",0.594498,0,0
26,81,0,Carbono/agua,"Lei-A+Lei-C+Lei-D",0.915722,1,0
26,82,0,Carbono/agua,"Lei-A+Lei-C",0.773633,0,0
26,85,3,Carbono/metano,"Lei-A+Lei-C",0.784588,0,0
26,88,3,Carbono/metano,"Lei-B+Lei-C",0.881949,0,0
26,91,5,Silicio/acido sulfurico,"Lei-B",0.543539,0,0
26,98,4,Silicio/agua,"Lei-A+Lei-C",0.822647,0,0
26,106,1,Carbono/amonia,"Lei-C+Lei-D",0.804301,0,0
26,125,5,Silicio/acido sulfurico,"Lei-A+Lei-C+Lei-D",0.85533,0,0
26,139,5,Silicio/acido sulfurico,"Lei-A+Lei-D",0.741478,0,0
26,142,5,Silicio/acido sulfurico,"Lei-C+Lei-D",0.780371,0,0
26,146,4,Silicio/agua,"Lei-C",0.794623,0,0
26,148,4,Silicio/agua,"Lei-C+Lei-D",0.724078,0,0
26,149,5,Silicio/acido sulfurico,"Lei-B+Lei-C",0.775398,0,0
26,188,1,Carbono/amonia,"Lei-A+Lei-D",0.771771,0,0
26,189,2,Carbono/acido sulfurico,"Lei-A+Lei-C+Lei-D",0.768614,0,0
26,193,2,Carbono/acido sulfurico,"Lei-C+Lei-D",0.661433,0,0
26,198,4,Silicio/agua,"Lei-A+Lei-C+Lei-D",0.915632,0,0
26,203,0,Carbono/agua,"Lei-A+Lei-C+Lei-D",0.913613,0,0
26,203,0,Carbono/agua,"Lei-C+Lei-D",0.922044,0,0
26,203,0,Carbono/agua,"Lei-C",0.720584,0,0
26,203,0,Carbono/agua,"Lei-A+Lei-D",0.777306,0,0
26,205,4,Silicio/agua,"Lei-A+Lei-D",0.683424,0,0
26,213,4,Silicio/agua,"Lei-C+Lei-D",0.806737,0,0
26,217,4,Silicio/agua,"Lei-A",0.652371,0,0
26,226,1,Carbono/amonia,"nenhuma lei",0.473689,0,0
26,226,1,Carbono/amonia,"Lei-C",0.750956,0,0
26,226,1,Carbono/amonia,"Lei-A",0.639555,0,0
26,227,1,Carbono/amonia,"Lei-B",0.752217,0,0
26,228,1,Carbono/amonia,"Lei-D",0.690175,0,0
26,251,4,Silicio/agua,"nenhuma lei",0.503917,0,0
26,251,4,Silicio/agua,"Lei-B+Lei-C",0.968587,0,0
26,251,4,Silicio/agua,"Lei-A+Lei-C",0.84227,0,0
26,254,4,Silicio/agua,"Lei-C+Lei-D",0.790108,0,0
26,255,4,Silicio/agua,"Lei-D",0.588098,0,0
27,0,0,Carbono/agua,"Lei-B",0.581248,1,0
27,0,0,Carbono/agua,"nenhuma lei",0.501561,1,0
27,0,1,Carbono/amonia,"Lei-C",0.642644,1,0
27,0,2,Carbono/acido sulfurico,"nenhuma lei",0.457373,0,0
27,0,2,Carbono/acido sulfurico,"Lei-A",0.637129,1,0
27,0,3,Carbono/metano,"nenhuma lei",0.373229,0,0
27,0,4,Silicio/agua,"nenhuma lei",0.535347,0,0
27,0,5,Silicio/acido sulfurico,"nenhuma lei",0.515507,0,0
27,0,5,Silicio/acido sulfurico,"Lei-B",0.756393,0,0
27,1,1,Carbono/amonia,"nenhuma lei",0.399324,0,0
27,2,1,Carbono/amonia,"Lei-A+Lei-D",0.695188,1,0
27,3,0,Carbono/agua,"Lei-D",0.660864,1,0
27,8,1,Carbono/amonia,"Lei-A+Lei-C",0.780499,1,0
27,12,5,Silicio/acido sulfurico,"Lei-A",0.691567,0,0
27,15,1,Carbono/amonia,"Lei-A",0.643287,0,0
27,15,2,Carbono/acido sulfurico,"Lei-C",0.60911,0,0
27,17,4,Silicio/agua,"Lei-C",0.675635,0,0
27,21,3,Carbono/metano,"Lei-B",0.70501,0,0
27,25,0,Carbono/agua,"Lei-B+Lei-C",0.810197,1,0
27,27,1,Carbono/amonia,"Lei-D",0.690913,0,0
27,29,2,Carbono/acido sulfurico,"Lei-D",0.590609,0,0
27,30,2,Carbono/acido sulfurico,"Lei-B",0.760168,0,0
27,33,0,Carbono/agua,"Lei-C",0.732651,0,0
27,37,0,Carbono/agua,"Lei-A+Lei-D",0.867992,0,0
27,37,4,Silicio/agua,"Lei-D",0.673403,0,0
27,41,0,Carbono/agua,"Lei-A",0.590903,0,0
27,48,1,Carbono/amonia,"Lei-B+Lei-C",0.888976,0,0
27,48,4,Silicio/agua,"Lei-B",0.640215,0,0
27,52,1,Carbono/amonia,"Lei-A+Lei-C+Lei-D",0.901563,1,0
27,54,1,Carbono/amonia,"Lei-B",0.749456,0,0
27,54,3,Carbono/metano,"Lei-C",0.622323,0,0
27,56,5,Silicio/acido sulfurico,"Lei-C",0.449925,0,0
27,59,4,Silicio/agua,"Lei-A",0.568197,0,0
27,65,3,Carbono/metano,"Lei-C",0.629641,0,0
27,75,5,Silicio/acido sulfurico,"Lei-B+Lei-C",0.842539,0,0
27,76,2,Carbono/acido sulfurico,"Lei-A+Lei-D",0.859943,0,0
27,76,4,Silicio/agua,"Lei-B+Lei-C",0.846114,0,0
27,77,0,Carbono/agua,"Lei-A+Lei-C",0.751519,0,0
27,77,5,Silicio/acido sulfurico,"Lei-A+Lei-C",0.821749,0,0
27,78,5,Silicio/acido sulfurico,"Lei-D",0.59632,0,0
27,80,1,Carbono/amonia,"Lei-C+Lei-D",0.851138,1,0
27,89,5,Silicio/acido sulfurico,"Lei-A+Lei-C+Lei-D",0.857971,0,0
27,91,3,Carbono/metano,"Lei-B",0.643602,0,0
27,91,5,Silicio/acido sulfurico,"Lei-C+Lei-D",0.714971,0,0
27,92,5,Silicio/acido sulfurico,"Lei-A+Lei-D",0.706921,0,0
27,93,4,Silicio/agua,"Lei-C+Lei-D",0.717688,0,0
27,96,2,Carbono/acido sulfurico,"Lei-C",0.695549,0,0
27,97,5,Silicio/acido sulfurico,"Lei-B",0.785127,0,0
27,98,4,Silicio/agua,"Lei-A+Lei-C",0.738559,0,0
27,98,5,Silicio/acido sulfurico,"Lei-A",0.758736,0,0
27,100,3,Carbono/metano,"Lei-B+Lei-C",0.90829,0,0
27,100,5,Silicio/acido sulfurico,"Lei-A+Lei-D",0.778673,0,0
27,101,3,Carbono/metano,"Lei-D",0.531591,0,0
27,103,2,Carbono/acido sulfurico,"Lei-A+Lei-C",0.689929,0,0
27,103,2,Carbono/acido sulfurico,"Lei-C+Lei-D",0.800179,0,0
27,104,3,Carbono/metano,"Lei-A",0.727091,0,0
27,108,4,Silicio/agua,"Lei-A+Lei-D",0.827048,0,0
27,109,3,Carbono/metano,"Lei-A+Lei-C",0.770053,0,0
27,111,2,Carbono/acido sulfurico,"Lei-B+Lei-C",0.745993,0,0
27,111,3,Carbono/metano,"Lei-C+Lei-D",0.830643,0,0
27,118,2,Carbono/acido sulfurico,"Lei-A+Lei-C+Lei-D",0.92485,0,0
27,124,2,Carbono/acido sulfurico,"Lei-D",0.715488,0,0
27,124,2,Carbono/acido sulfurico,"Lei-C+Lei-D",0.762778,0,0
27,124,2,Carbono/acido sulfurico,"Lei-A+Lei-D",0.85662,0,0
27,125,2,Carbono/acido sulfurico,"Lei-A+Lei-C",0.754107,0,0
27,126,2,Carbono/acido sulfurico,"Lei-B",0.656225,0,0
27,126,2,Carbono/acido sulfurico,"Lei-C",0.601785,0,0
27,162,4,Silicio/agua,"Lei-A+Lei-C+Lei-D",0.88609,0,0
27,174,0,Carbono/agua,"Lei-C+Lei-D",0.754033,0,0
27,198,0,Carbono/agua,"Lei-A+Lei-C+Lei-D",0.827334,0,0
27,207,0,Carbono/agua,"Lei-A+Lei-C",0.693728,0,0
27,256,0,Carbono/agua,"Lei-A+Lei-C+Lei-D",0.834708,0,0
28,0,0,Carbono/agua,"nenhuma lei",0.497554,1,0
28,0,1,Carbono/amonia,"nenhuma lei",0.477449,0,0
28,0,2,Carbono/acido sulfurico,"nenhuma lei",0.539065,0,0
28,0,3,Carbono/metano,"Lei-D",0.596792,1,0
28,0,4,Silicio/agua,"nenhuma lei",0.589743,0,0
28,0,5,Silicio/acido sulfurico,"nenhuma lei",0.531294,0,0
28,1,0,Carbono/agua,"Lei-A+Lei-D",0.801972,1,0
28,1,1,Carbono/amonia,"Lei-B",0.647181,1,0
28,1,3,Carbono/metano,"Lei-A",0.673147,1,0
28,2,3,Carbono/metano,"nenhuma lei",0.450957,0,0
28,2,4,Silicio/agua,"Lei-B",0.674556,0,0
28,7,0,Carbono/agua,"Lei-D",0.643557,0,0
28,8,5,Silicio/acido sulfurico,"Lei-B",0.708688,0,0
28,10,0,Carbono/agua,"Lei-A+Lei-C+Lei-D",0.825047,1,0
28,12,2,Carbono/acido sulfurico,"Lei-A",0.613508,0,0
28,13,1,Carbono/amonia,"Lei-D",0.645643,0,0
28,14,1,Carbono/amonia,"Lei-A",0.643496,0,0
28,16,5,Silicio/acido sulfurico,"Lei-C",0.626909,1,0
28,19,0,Carbono/agua,"Lei-B",0.662043,0,0
28,22,4,Silicio/agua,"Lei-B+Lei-C",0.797081,1,0
28,26,0,Carbono/agua,"Lei-A",0.622276,0,0
28,27,0,Carbono/agua,"Lei-C",0.513045,0,0
28,27,4,Silicio/agua,"Lei-C",0.612912,0,0
28,29,1,Carbono/amonia,"Lei-C",0.591889,0,0
28,30,0,Carbono/agua,"Lei-A+Lei-C",0.80812,1,0
28,30,2,Carbono/acido sulfurico,"Lei-D",0.617983,0,0
28,31,2,Carbono/acido sulfurico,"Lei-C",0.586469,0,0
28,37,3,Carbono/metano,"Lei-A+Lei-C",0.776136,0,0
28,37,5,Silicio/acido sulfurico,"Lei-D",0.606049,0,0
28,41,2,Carbono/acido sulfurico,"Lei-A+Lei-C",0.689231,0,0
28,48,5,Silicio/acido sulfurico,"Lei-B+Lei-C",0.88176,0,0
28,49,0,Carbono/agua,"Lei-C+Lei-D",0.670589,1,0
28,50,2,Carbono/acido sulfurico,"Lei-B",0.575093,0,0
28,51,4,Silicio/agua,"Lei-A",0.69666,0,0
28,52,3,Carbono/metano,"Lei-B",0.615843,0,0
28,57,2,Carbono/acido sulfurico,"Lei-A+Lei-C",0.797695,0,0
28,57,2,Carbono/acido sulfurico,"nenhuma lei",0.536929,0,0
28,57,4,Silicio/agua,"Lei-D",0.601304,0,0
28,58,2,Carbono/acido sulfurico,"Lei-C",0.653409,0,0
28,61,2,Carbono/acido sulfurico,"Lei-A",0.619501,0,0
28,64,3,Carbono/metano,"Lei-C",0.695788,0,0
28,73,5,Silicio/acido sulfurico,"Lei-A+Lei-C",0.749231,0,0
28,84,2,Carbono/acido sulfurico,"Lei-B+Lei-C",0.837367,0,0
28,85,1,Carbono/amonia,"Lei-B+Lei-C",0.926708,0,0
28,88,5,Silicio/acido sulfurico,"Lei-A",0.659762,0,0
28,90,4,Silicio/agua,"Lei-A+Lei-C",0.752026,0,0
28,96,5,Silicio/acido sulfurico,"Lei-A+Lei-D",0.74571,0,0
28,99,0,Carbono/agua,"Lei-A+Lei-C",0.70993,0,0
28,99,0,Carbono/agua,"Lei-A+Lei-D",0.733027,0,0
28,100,0,Carbono/agua,"Lei-C",0.670029,0,0
28,103,0,Carbono/agua,"Lei-D",0.65444,0,0
28,106,5,Silicio/acido sulfurico,"Lei-D",0.579124,0,0
28,108,0,Carbono/agua,"Lei-B+Lei-C",0.826189,0,0
28,112,5,Silicio/acido sulfurico,"Lei-A",0.611022,0,0
28,113,5,Silicio/acido sulfurico,"Lei-A+Lei-C",0.682491,0,0
28,116,2,Carbono/acido sulfurico,"Lei-A+Lei-D",0.659255,0,0
28,125,4,Silicio/agua,"Lei-A+Lei-D",0.738766,0,0
28,126,0,Carbono/agua,"Lei-B",0.596045,0,0
28,127,3,Carbono/metano,"Lei-B+Lei-C",0.839398,0,0
28,135,3,Carbono/metano,"Lei-A+Lei-C+Lei-D",0.868397,0,0
28,139,4,Silicio/agua,"Lei-C+Lei-D",0.810962,0,0
28,140,3,Carbono/metano,"Lei-A+Lei-D",0.771834,0,0
28,146,2,Carbono/acido sulfurico,"Lei-A+Lei-C+Lei-D",0.919182,0,0
28,146,5,Silicio/acido sulfurico,"Lei-C+Lei-D",0.729901,0,0
28,147,2,Carbono/acido sulfurico,"Lei-C+Lei-D",0.743289,0,0
28,147,3,Carbono/metano,"Lei-C+Lei-D",0.733666,0,0
28,148,1,Carbono/amonia,"Lei-A+Lei-D",0.826602,0,0
28,150,3,Carbono/metano,"Lei-C",0.670912,0,0
28,150,3,Carbono/metano,"Lei-A+Lei-D",0.810642,0,0
28,150,3,Carbono/metano,"Lei-A+Lei-C+Lei-D",0.85522,0,0
28,150,3,Carbono/metano,"nenhuma lei",0.61592,0,0
28,151,3,Carbono/metano,"Lei-B+Lei-C",0.822632,0,0
28,155,3,Carbono/metano,"Lei-C",0.738489,0,0
28,155,3,Carbono/metano,"Lei-B",0.706224,0,0
28,156,3,Carbono/metano,"Lei-A+Lei-D",0.786954,0,0
28,157,4,Silicio/agua,"Lei-A+Lei-C+Lei-D",0.932359,0,0
28,163,3,Carbono/metano,"Lei-C+Lei-D",0.671185,0,0
28,165,3,Carbono/metano,"Lei-A",0.701869,0,0
28,175,1,Carbono/amonia,"Lei-A+Lei-C",0.733226,0,0
28,179,3,Carbono/metano,"Lei-D",0.637144,0,0
28,197,1,Carbono/amonia,"Lei-C+Lei-D",0.795114,0,0
28,241,2,Carbono/acido sulfurico,"Lei-B+Lei-C",0.917792,0,0
28,244,0,Carbono/agua,"Lei-C",0.716163,0,0
28,244,0,Carbono/agua,"nenhuma lei",0.468089,0,0
28,244,0,Carbono/agua,"Lei-C+Lei-D",0.786916,0,0
28,245,0,Carbono/agua,"Lei-B+Lei-C",0.857331,0,0
28,274,2,Carbono/acido sulfurico,"nenhuma lei",0.476822,0,0
28,275,2,Carbono/acido sulfurico,"Lei-B",0.739309,0,0
28,275,2,Carbono/acido sulfurico,"Lei-A+Lei-D",0.774639,0,0
28,275,2,Carbono/acido sulfurico,"Lei-A+Lei-C",0.877001,0,0
28,292,2,Carbono/acido sulfurico,"Lei-C+Lei-D",0.82004,0,0
29,0,0,Carbono/agua,"nenhuma lei",0.505822,1,0
29,0,1,Carbono/amonia,"Lei-A",0.625811,1,0
29,0,2,Carbono/acido sulfurico,"Lei-A",0.574706,0,0
29,0,2,Carbono/acido sulfurico,"nenhuma lei",0.495859,0,0
29,0,3,Carbono/metano,"nenhuma lei",0.499904,0,0
29,0,4,Silicio/agua,"nenhuma lei",0.568234,0,0
29,0,5,Silicio/acido sulfurico,"nenhuma lei",0.393727,0,0
29,1,1,Carbono/amonia,"nenhuma lei",0.57173,0,0
29,2,1,Carbono/amonia,"Lei-B",0.606681,1,0
29,5,3,Carbono/metano,"Lei-A",0.588171,0,0
29,6,5,Silicio/acido sulfurico,"Lei-C",0.663869,1,0
29,11,0,Carbono/agua,"Lei-B",0.618639,0,0
29,12,2,Carbono/acido sulfurico,"Lei-B",0.677441,0,0
29,13,2,Carbono/acido sulfurico,"Lei-D",0.7454,1,0
29,15,0,Carbono/agua,"Lei-C",0.531343,0,0
29,16,2,Carbono/acido sulfurico,"Lei-A+Lei-D",0.662628,1,0
29,19,4,Silicio/agua,"Lei-D",0.607468,0,0
29,21,1,Carbono/amonia,"Lei-C",0.611262,0,0
29,23,5,Silicio/acido sulfurico,"Lei-B",0.658982,0,0
29,26,1,Carbono/amonia,"Lei-D",0.640704,0,0
29,29,1,Carbono/amonia,"Lei-B+Lei-C",0.739341,1,0
29,31,5,Silicio/acido sulfurico,"Lei-A",0.617413,0,0
29,34,5,Silicio/acido sulfurico,"Lei-C+Lei-D",0.813025,1,0
29,38,4,Silicio/agua,"Lei-A+Lei-D",0.736116,0,0
29,39,5,Silicio/acido sulfurico,"Lei-D",0.612389,0,0
29,39,5,Silicio/acido sulfurico,"Lei-A+Lei-C",0.767033,1,0
29,41,4,Silicio/agua,"Lei-A",0.68642,0,0
29,42,5,Silicio/acido sulfurico,"Lei-A+Lei-C+Lei-D",0.851598,1,0
29,45,0,Carbono/agua,"Lei-D",0.67615,0,0
29,45,1,Carbono/amonia,"Lei-A+Lei-C",0.733101,0,0
29,46,0,Carbono/agua,"Lei-A",0.574749,0,0
29,46,0,Carbono/agua,"Lei-B+Lei-C",0.801929,0,0
29,46,1,Carbono/amonia,"Lei-A+Lei-D",0.740397,0,0
29,51,3,Carbono/metano,"Lei-D",0.656515,0,0
29,53,5,Silicio/acido sulfurico,"Lei-A+Lei-D",0.667709,0,0
29,55,2,Carbono/acido sulfurico,"Lei-A+Lei-C",0.767165,0,0
29,56,1,Carbono/amonia,"Lei-A+Lei-C+Lei-D",0.811534,0,0
29,58,2,Carbono/acido sulfurico,"Lei-C",0.605435,0,0
29,59,2,Carbono/acido sulfurico,"Lei-C+Lei-D",0.710128,0,0
29,66,2,Carbono/acido sulfurico,"Lei-A+Lei-C+Lei-D",0.855894,0,0
29,67,3,Carbono/metano,"Lei-B",0.680249,0,0
29,67,3,Carbono/metano,"Lei-A+Lei-C",0.799438,0,0
29,68,4,Silicio/agua,"Lei-A+Lei-C+Lei-D",0.814306,0,0
29,70,4,Silicio/agua,"Lei-A+Lei-C",0.754951,0,0
29,72,0,Carbono/agua,"Lei-A+Lei-C",0.742969,0,0
29,73,5,Silicio/acido sulfurico,"Lei-B+Lei-C",0.760812,0,0
29,75,1,Carbono/amonia,"Lei-C+Lei-D",0.755732,0,0
29,78,4,Silicio/agua,"Lei-C",0.723336,0,0
29,78,4,Silicio/agua,"Lei-C+Lei-D",0.777842,0,0
29,80,2,Carbono/acido sulfurico,"Lei-B+Lei-C",0.813658,0,0
29,82,3,Carbono/metano,"Lei-A+Lei-D",0.794886,0,0
29,82,4,Silicio/agua,"Lei-B+Lei-C",0.706929,0,0
29,86,4,Silicio/agua,"Lei-B",0.629514,0,0
29,93,3,Carbono/metano,"Lei-C",0.675199,0,0
29,97,4,Silicio/agua,"nenhuma lei",0.423117,0,0
29,99,4,Silicio/agua,"Lei-C",0.666661,0,0
29,102,0,Carbono/agua,"Lei-C+Lei-D",0.865194,0,0
29,102,4,Silicio/agua,"Lei-D",0.666346,0,0
29,107,3,Carbono/metano,"Lei-B+Lei-C",0.817177,0,0
29,110,3,Carbono/metano,"Lei-A+Lei-C+Lei-D",0.849048,0,0
29,115,3,Carbono/metano,"Lei-C+Lei-D",0.78348,0,0
29,116,5,Silicio/acido sulfurico,"Lei-A+Lei-C+Lei-D",0.873261,0,0
29,116,5,Silicio/acido sulfurico,"Lei-A+Lei-D",0.772769,0,0
29,116,5,Silicio/acido sulfurico,"Lei-C+Lei-D",0.794654,0,0
29,117,5,Silicio/acido sulfurico,"Lei-A+Lei-C",0.797547,0,0
29,117,5,Silicio/acido sulfurico,"Lei-A",0.71908,0,0
29,118,2,Carbono/acido sulfurico,"Lei-A+Lei-D",0.751469,0,0
29,121,2,Carbono/acido sulfurico,"Lei-B",0.600321,0,0
29,124,0,Carbono/agua,"Lei-A+Lei-D",0.782437,0,0
29,132,2,Carbono/acido sulfurico,"Lei-B+Lei-C",0.758881,0,0
29,138,5,Silicio/acido sulfurico,"Lei-B+Lei-C",0.682758,0,0
29,153,0,Carbono/agua,"nenhuma lei",0.663681,0,0
29,153,0,Carbono/agua,"Lei-C",0.835482,0,0
29,163,5,Silicio/acido sulfurico,"Lei-A+Lei-C",0.812847,0,0
29,163,5,Silicio/acido sulfurico,"nenhuma lei",0.570325,0,0
29,183,0,Carbono/agua,"Lei-A+Lei-C+Lei-D",0.866489,0,0
29,196,5,Silicio/acido sulfurico,"Lei-B+Lei-C",0.770266,0,0
29,207,0,Carbono/agua,"Lei-B",0.808931,0,0
29,208,0,Carbono/agua,"Lei-A+Lei-C",0.896244,0,0
29,214,0,Carbono/agua,"Lei-C+Lei-D",0.862728,0,0
29,220,0,Carbono/agua,"Lei-A+Lei-D",0.768443,0,0
29,229,3,Carbono/metano,"Lei-A+Lei-C+Lei-D",0.933914,0,0
29,229,3,Carbono/metano,"nenhuma lei",0.486294,0,0
29,229,3,Carbono/metano,"Lei-C",0.752414,0,0
29,230,3,Carbono/metano,"Lei-A",0.619567,0,0
29,231,3,Carbono/metano,"Lei-A+Lei-C",0.79721,0,0
29,257,1,Carbono/amonia,"Lei-D",0.691698,0,0
29,257,1,Carbono/amonia,"Lei-C+Lei-D",0.775038,0,0
29,257,1,Carbono/amonia,"Lei-B+Lei-C",0.813415,0,0
29,257,1,Carbono/amonia,"nenhuma lei",0.55053,0,0
30,0,0,Carbono/agua,"nenhuma lei",0.542321,1,0
30,0,1,Carbono/amonia,"nenhuma lei",0.481023,0,0
30,0,2,Carbono/acido sulfurico,"nenhuma lei",0.520263,0,0
30,0,3,Carbono/metano,"nenhuma lei",0.566614,0,0
30,0,4,Silicio/agua,"nenhuma lei",0.523538,0,0
30,0,5,Silicio/acido sulfurico,"nenhuma lei",0.505018,0,0
30,1,5,Silicio/acido sulfurico,"Lei-C",0.577677,1,0
30,3,0,Carbono/agua,"Lei-B",0.705113,1,0
30,4,2,Carbono/acido sulfurico,"Lei-A",0.676921,1,0
30,4,3,Carbono/metano,"Lei-B",0.613594,0,0
30,6,5,Silicio/acido sulfurico,"Lei-B+Lei-C",0.730623,1,0
30,15,4,Silicio/agua,"Lei-C",0.613523,0,0
30,17,1,Carbono/amonia,"Lei-D",0.547995,1,0
30,17,5,Silicio/acido sulfurico,"Lei-B",0.613234,0,0
30,23,1,Carbono/amonia,"Lei-B",0.583217,0,0
30,25,2,Carbono/acido sulfurico,"Lei-B",0.681847,0,0
30,26,2,Carbono/acido sulfurico,"Lei-C",0.690346,0,0
30,26,4,Silicio/agua,"nenhuma lei",0.523608,0,0
30,32,2,Carbono/acido sulfurico,"Lei-D",0.5638,0,0
30,39,0,Carbono/agua,"Lei-C",0.720636,0,0
30,39,1,Carbono/amonia,"Lei-A+Lei-D",0.707672,1,0
30,40,5,Silicio/acido sulfurico,"Lei-A",0.603853,0,0
30,43,5,Silicio/acido sulfurico,"Lei-D",0.531257,0,0
30,44,1,Carbono/amonia,"nenhuma lei",0.4639,0,0
30,45,0,Carbono/agua,"Lei-D",0.677462,0,0
30,46,2,Carbono/acido sulfurico,"Lei-B+Lei-C",0.825773,0,0
30,46,4,Silicio/agua,"nenhuma lei",0.622555,0,0
30,48,0,Carbono/agua,"Lei-A",0.590239,0,0
30,51,5,Silicio/acido sulfurico,"Lei-A+Lei-C",0.777331,1,0
30,53,2,Carbono/acido sulfurico,"Lei-C+Lei-D",0.758803,1,0
30,55,2,Carbono/acido sulfurico,"Lei-A+Lei-D",0.715105,0,0
30,55,3,Carbono/metano,"nenhuma lei",0.536864,0,0
30,60,4,Silicio/agua,"Lei-C",0.614168,0,0
30,64,2,Carbono/acido sulfurico,"Lei-A+Lei-C",0.800744,0,0
30,64,2,Carbono/acido sulfurico,"Lei-A+Lei-C+Lei-D",0.811961,1,0
30,67,0,Carbono/agua,"Lei-A+Lei-D",0.788258,0,0
30,71,0,Carbono/agua,"Lei-B+Lei-C",0.86059,0,0
30,71,1,Carbono/amonia,"Lei-B+Lei-C",0.775235,0,0
30,71,3,Carbono/metano,"Lei-A",0.634112,0,0
30,78,4,Silicio/agua,"Lei-B+Lei-C",0.836576,0,0
30,80,4,Silicio/agua,"Lei-B",0.623863,0,0
30,82,3,Carbono/metano,"Lei-D",0.606473,0,0
30,83,1,Carbono/amonia,"Lei-C",0.646531,0,0
30,88,4,Silicio/agua,"Lei-D",0.684352,0,0
30,93,0,Carbono/agua,"Lei-C+Lei-D",0.850586,0,0
30,101,1,Carbono/amonia,"Lei-A",0.635512,0,0
30,101,5,Silicio/acido sulfurico,"Lei-A+Lei-C+Lei-D",0.855949,0,0
30,107,4,Silicio/agua,"Lei-C+Lei-D",0.786266,0,0
30,109,4,Silicio/agua,"Lei-A",0.581896,0,0
30,112,0,Carbono/agua,"Lei-A+Lei-C",0.864721,0,0
30,116,1,Carbono/amonia,"Lei-A+Lei-C",0.800429,0,0
30,120,5,Silicio/acido sulfurico,"Lei-C+Lei-D",0.707133,0,0
30,122,4,Silicio/agua,"Lei-A+Lei-D",0.728328,0,0
30,133,4,Silicio/agua,"Lei-A+Lei-C",0.771031,0,0
30,140,4,Silicio/agua,"Lei-A+Lei-C+Lei-D",0.818692,0,0
30,144,0,Carbono/agua,"Lei-A+Lei-C+Lei-D",0.914677,0,0
30,149,5,Silicio/acido sulfurico,"Lei-A+Lei-D",0.716183,0,0
30,155,1,Carbono/amonia,"Lei-A+Lei-D",0.750967,0,0
30,162,3,Carbono/metano,"Lei-A+Lei-D",0.769305,0,0
30,162,3,Carbono/metano,"Lei-C",0.68075,0,0
30,175,3,Carbono/metano,"Lei-B+Lei-C",0.767376,0,0
30,178,5,Silicio/acido sulfurico,"Lei-C+Lei-D",0.697654,0,0
30,178,5,Silicio/acido sulfurico,"Lei-B+Lei-C",0.946175,0,0
30,178,5,Silicio/acido sulfurico,"nenhuma lei",0.496005,0,0
30,195,1,Carbono/amonia,"Lei-C+Lei-D",0.755272,0,0
30,210,3,Carbono/metano,"Lei-A",0.818406,0,0
30,210,3,Carbono/metano,"nenhuma lei",0.503647,0,0
30,213,3,Carbono/metano,"Lei-A+Lei-C",0.802605,0,0
30,227,1,Carbono/amonia,"Lei-A+Lei-C+Lei-D",0.837844,0,0
30,259,3,Carbono/metano,"Lei-A+Lei-C+Lei-D",0.913613,0,0
30,259,3,Carbono/metano,"Lei-C+Lei-D",0.791448,0,0
30,298,5,Silicio/acido sulfurico,"Lei-B+Lei-C",0.979893,0,0
30,298,5,Silicio/acido sulfurico,"Lei-C",0.643249,0,0
30,298,5,Silicio/acido sulfurico,"nenhuma lei",0.461812,0,0
30,299,5,Silicio/acido sulfurico,"Lei-A+Lei-C",0.896244,0,0
31,0,0,Carbono/agua,"Lei-B",0.645908,1,0
31,0,0,Carbono/agua,"nenhuma lei",0.54705,1,0
31,0,1,Carbono/amonia,"nenhuma lei",0.54403,0,0
31,0,2,Carbono/acido sulfurico,"nenhuma lei",0.453927,0,0
31,0,3,Carbono/metano,"nenhuma lei",0.535477,0,0
31,0,4,Silicio/agua,"nenhuma lei",0.556967,0,0
31,0,5,Silicio/acido sulfurico,"nenhuma lei",0.486094,0,0
31,1,0,Carbono/agua,"Lei-B+Lei-C",0.765196,1,0
31,1,3,Carbono/metano,"Lei-B",0.585146,0,0
31,2,0,Carbono/agua,"Lei-D",0.631149,1,0
31,3,2,Carbono/acido sulfurico,"nenhuma lei",0.497071,0,0
31,3,5,Silicio/acido sulfurico,"Lei-A",0.659202,1,0
31,6,5,Silicio/acido sulfurico,"Lei-D",0.602376,0,0
31,8,1,Carbono/amonia,"nenhuma lei",0.540568,0,0
31,13,2,Carbono/acido sulfurico,"Lei-B",0.6577,0,0
31,15,0,Carbono/agua,"Lei-C",0.743213,1,0
31,17,0,Carbono/agua,"Lei-C+Lei-D",0.733725,1,0
31,18,4,Silicio/agua,"Lei-C",0.600668,0,0
31,18,5,Silicio/acido sulfurico,"Lei-A+Lei-C",0.676166,1,0
31,20,2,Carbono/acido sulfurico,"Lei-D",0.60829,0,0
31,24,1,Carbono/amonia,"Lei-C",0.643414,0,0
31,25,5,Silicio/acido sulfurico,"Lei-C",0.785735,0,0
31,30,4,Silicio/agua,"Lei-D",0.654238,0,0
31,32,5,Silicio/acido sulfurico,"Lei-B",0.678466,0,0
31,34,1,Carbono/amonia,"Lei-D",0.658492,0,0
31,37,2,Carbono/acido sulfurico,"Lei-A",0.660104,0,0
31,38,5,Silicio/acido sulfurico,"Lei-C+Lei-D",0.696016,0,0
31,43,2,Carbono/acido sulfurico,"Lei-A+Lei-D",0.672417,1,0
31,43,4,Silicio/agua,"Lei-B+Lei-C",0.806421,0,0
31,43,4,Silicio/agua,"Lei-A",0.624794,0,0
31,45,3,Carbono/metano,"Lei-D",0.691805,0,0
31,45,3,Carbono/metano,"Lei-A",0.705314,0,0
31,47,4,Silicio/agua,"Lei-B",0.642204,0,0
31,53,1,Carbono/amonia,"Lei-B",0.603918,0,0
31,58,3,Carbono/metano,"Lei-A+Lei-D",0.805046,0,0
31,58,5,Silicio/acido sulfurico,"Lei-B+Lei-C",0.783187,0,0
31,71,3,Carbono/metano,"Lei-C",0.662764,0,0
31,73,0,Carbono/agua,"Lei-A",0.62366,0,0
31,74,5,Silicio/acido sulfurico,"Lei-A+Lei-C+Lei-D",0.708205,1,0
31,76,3,Carbono/metano,"Lei-B+Lei-C",0.86614,0,0
31,77,4,Silicio/agua,"Lei-C+Lei-D",0.781114,0,0
31,77,5,Silicio/acido sulfurico,"Lei-A+Lei-D",0.652729,0,0
31,79,2,Carbono/acido sulfurico,"Lei-C",0.58531,0,0
31,80,1,Carbono/amonia,"Lei-A",0.622983,0,0
31,81,3,Carbono/metano,"Lei-C+Lei-D",0.693279,0,0
31,83,1,Carbono/amonia,"Lei-B+Lei-C",0.879441,0,0
31,87,2,Carbono/acido sulfurico,"Lei-A+Lei-C",0.778692,0,0
31,90,1,Carbono/amonia,"Lei-C+Lei-D",0.797416,0,0
31,96,4,Silicio/agua,"Lei-A+Lei-C",0.846728,0,0
31,98,2,Carbono/acido sulfurico,"Lei-B+Lei-C",0.711653,0,0
31,103,1,Carbono/amonia,"Lei-A+Lei-C+Lei-D",0.858378,0,0
31,104,1,Carbono/amonia,"Lei-A+Lei-D",0.801883,0,0
31,104,3,Carbono/metano,"Lei-A+Lei-C",0.781021,0,0
31,108,1,Carbono/amonia,"Lei-A+Lei-C",0.759923,0,0
31,111,5,Silicio/acido sulfurico,"Lei-A+Lei-C+Lei-D",0.875592,0,0
31,112,3,Carbono/metano,"Lei-A+Lei-C+Lei-D",0.89194,0,0
31,125,2,Carbono/acido sulfurico,"Lei-C+Lei-D",0.85418,0,0
31,126,5,Silicio/acido sulfurico,"Lei-B",0.65068,0,0
31,134,0,Carbono/agua,"Lei-A",0.71389,0,0
31,134,4,Silicio/agua,"Lei-A+Lei-D",0.644278,0,0
31,148,0,Carbono/agua,"Lei-A+Lei-C",0.80405,0,0
31,183,2,Carbono/acido sulfurico,"Lei-A+Lei-C+Lei-D",0.890879,0,0
31,198,0,Carbono/agua,"Lei-A+Lei-D",0.680917,0,0
31,200,3,Carbono/metano,"Lei-B+Lei-C",0.944495,0,0
31,200,3,Carbono/metano,"Lei-C",0.669168,0,0
31,201,3,Carbono/metano,"nenhuma lei",0.549386,0,0
31,208,3,Carbono/metano,"Lei-A",0.699783,0,0
31,215,2,Carbono/acido sulfurico,"nenhuma lei",0.476079,0,0
31,215,2,Carbono/acido sulfurico,"Lei-A",0.682551,0,0
31,216,2,Carbono/acido sulfurico,"Lei-A+Lei-C",0.801446,0,0
31,226,2,Carbono/acido sulfurico,"Lei-D",0.61508,0,0
31,238,1,Carbono/amonia,"nenhuma lei",0.403332,0,0
31,238,1,Carbono/amonia,"Lei-B",0.823718,0,0
31,240,1,Carbono/amonia,"Lei-A",0.632086,0,0
31,245,4,Silicio/agua,"Lei-A+Lei-C+Lei-D",0.903855,0,0
31,281,1,Carbono/amonia,"Lei-A+Lei-D",0.744891,0,0
31,291,0,Carbono/agua,"Lei-A+Lei-C+Lei-D",0.819885,0,0
31,292,3,Carbono/metano,"Lei-A+Lei-C+Lei-D",0.875388,0,0
