rodada,ano,civilizacao,cultura,melhor,classes,experimentos
0,0,0,Carbono/agua,0.515057,1,2
0,0,1,Carbono/amonia,0.620837,1,2
0,0,2,Carbono/acido sulfurico,0.505619,1,3
0,0,3,Carbono/metano,0.6191,1,1
0,0,4,Silicio/agua,0.624582,2,2
0,0,5,Silicio/acido sulfurico,0.659398,2,3
0,5,0,Carbono/agua,0.744949,3,13
0,5,1,Carbono/amonia,0.620837,1,9
0,5,2,Carbono/acido sulfurico,0.541472,1,16
0,5,3,Carbono/metano,0.657855,1,6
0,5,4,Silicio/agua,0.656315,2,16
0,5,5,Silicio/acido sulfurico,0.659398,2,19
0,10,0,Carbono/agua,0.744949,4,26
0,10,1,Carbono/amonia,0.620837,1,18
0,10,2,Carbono/acido sulfurico,0.588798,1,31
0,10,3,Carbono/metano,0.657855,1,12
0,10,4,Silicio/agua,0.667013,2,29
0,10,5,Silicio/acido sulfurico,0.707533,2,36
0,15,0,Carbono/agua,0.744949,4,41
0,15,1,Carbono/amonia,0.620837,1,28
0,15,2,Carbono/acido sulfurico,0.611175,2,47
0,15,3,Carbono/metano,0.681623,1,18
0,15,4,Silicio/agua,0.703851,2,44
0,15,5,Silicio/acido sulfurico,0.707533,2,54
0,20,0,Carbono/agua,0.75981,5,57
0,20,1,Carbono/amonia,0.649013,1,41
0,20,2,Carbono/acido sulfurico,0.688853,3,67
0,20,3,Carbono/metano,0.681623,1,25
0,20,4,Silicio/agua,0.715332,2,60
0,20,5,Silicio/acido sulfurico,0.707533,3,76
0,25,0,Carbono/agua,0.763724,5,73
0,25,1,Carbono/amonia,0.649013,2,51
0,25,2,Carbono/acido sulfurico,0.696133,3,88
0,25,3,Carbono/metano,0.681623,3,34
0,25,4,Silicio/agua,0.715332,3,77
0,25,5,Silicio/acido sulfurico,0.746968,4,101
0,30,0,Carbono/agua,0.763724,5,93
0,30,1,Carbono/amonia,0.649013,2,64
0,30,2,Carbono/acido sulfurico,0.707122,3,111
0,30,3,Carbono/metano,0.733722,3,42
0,30,4,Silicio/agua,0.751898,3,98
0,30,5,Silicio/acido sulfurico,0.754567,4,126
0,35,0,Carbono/agua,0.763724,5,113
0,35,1,Carbono/amonia,0.649013,2,79
0,35,2,Carbono/acido sulfurico,0.735777,3,136
0,35,3,Carbono/metano,0.733722,3,52
0,35,4,Silicio/agua,0.755557,4,119
0,35,5,Silicio/acido sulfurico,0.754567,4,156
0,40,0,Carbono/agua,0.854743,5,137
0,40,1,Carbono/amonia,0.650429,2,95
0,40,2,Carbono/acido sulfurico,0.769212,3,165
0,40,3,Carbono/metano,0.733722,3,61
0,40,4,Silicio/agua,0.755557,4,140
0,40,5,Silicio/acido sulfurico,0.791902,5,188
0,45,0,Carbono/agua,0.854743,5,162
0,45,1,Carbono/amonia,0.655712,2,115
0,45,2,Carbono/acido sulfurico,0.883632,4,197
0,45,3,Carbono/metano,0.733722,3,73
0,45,4,Silicio/agua,0.759771,5,167
0,45,5,Silicio/acido sulfurico,0.791902,5,223
0,50,0,Carbono/agua,0.854743,6,189
0,50,1,Carbono/amonia,0.655712,2,133
0,50,2,Carbono/acido sulfurico,0.883632,5,222
0,50,3,Carbono/metano,0.733722,3,86
0,50,4,Silicio/agua,0.759771,5,196
0,50,5,Silicio/acido sulfurico,0.791902,5,263
0,55,0,Carbono/agua,0.854743,6,219
0,55,1,Carbono/amonia,0.655712,2,155
0,55,2,Carbono/acido sulfurico,0.883632,7,241
0,55,3,Carbono/metano,0.735592,4,100
0,55,4,Silicio/agua,0.798903,5,228
0,55,5,Silicio/acido sulfurico,0.791902,5,305
0,60,0,Carbono/agua,0.854743,6,254
0,60,1,Carbono/amonia,0.816675,6,179
0,60,2,Carbono/acido sulfurico,0.883632,7,261
0,60,3,Carbono/metano,0.746564,4,115
0,60,4,Silicio/agua,0.798903,5,262
0,60,5,Silicio/acido sulfurico,0.791902,5,354
0,65,0,Carbono/agua,0.861486,6,292
0,65,1,Carbono/amonia,0.888828,7,206
0,65,2,Carbono/acido sulfurico,0.903836,8,283
0,65,3,Carbono/metano,0.746564,4,130
0,65,4,Silicio/agua,0.798903,5,302
0,65,5,Silicio/acido sulfurico,0.800732,6,406
0,70,0,Carbono/agua,0.887736,6,332
0,70,1,Carbono/amonia,0.91054,7,235
0,70,2,Carbono/acido sulfurico,0.903836,9,309
0,70,3,Carbono/metano,0.746564,4,150
0,70,4,Silicio/agua,0.808346,5,345
0,70,5,Silicio/acido sulfurico,0.800916,6,463
0,75,0,Carbono/agua,0.888822,7,377
0,75,1,Carbono/amonia,0.91054,7,267
0,75,2,Carbono/acido sulfurico,0.903836,9,362
0,75,3,Carbono/metano,0.746564,4,171
0,75,4,Silicio/agua,0.813149,5,393
0,75,5,Silicio/acido sulfurico,0.800916,4,526
0,80,0,Carbono/agua,0.897884,7,427
0,80,1,Carbono/amonia,0.91054,7,302
0,80,2,Carbono/acido sulfurico,0.929174,9,427
0,80,3,Carbono/metano,0.847314,6,195
0,80,4,Silicio/agua,0.87672,5,446
0,80,5,Silicio/acido sulfurico,0.919849,6,560
0,85,0,Carbono/agua,0.925814,7,481
0,85,1,Carbono/amonia,0.916335,7,338
0,85,2,Carbono/acido sulfurico,0.929174,9,497
0,85,3,Carbono/metano,0.847314,6,219
0,85,4,Silicio/agua,0.87672,7,504
0,85,5,Silicio/acido sulfurico,0.919849,6,598
0,90,0,Carbono/agua,0.925814,7,542
0,90,1,Carbono/amonia,0.916335,8,382
0,90,2,Carbono/acido sulfurico,0.929174,10,558
0,90,3,Carbono/metano,0.847314,6,246
0,90,4,Silicio/agua,0.87672,9,569
0,90,5,Silicio/acido sulfurico,0.919849,6,641
0,95,0,Carbono/agua,0.934884,7,609
0,95,1,Carbono/amonia,0.916335,8,430
0,95,2,Carbono/acido sulfurico,0.948589,9,603
0,95,3,Carbono/metano,0.847314,7,276
0,95,4,Silicio/agua,0.924661,9,639
0,95,5,Silicio/acido sulfurico,0.919849,6,688
0,100,0,Carbono/agua,0.934884,7,684
0,100,1,Carbono/amonia,0.930269,8,481
0,100,2,Carbono/acido sulfurico,0.948589,10,650
0,100,3,Carbono/metano,0.847314,7,309
0,100,4,Silicio/agua,0.934247,9,718
0,100,5,Silicio/acido sulfurico,0.945222,6,750
0,105,0,Carbono/agua,0.934884,7,768
0,105,1,Carbono/amonia,0.930269,8,538
0,105,2,Carbono/acido sulfurico,0.948589,10,703
0,105,3,Carbono/metano,0.847314,8,345
0,105,4,Silicio/agua,0.934247,9,803
0,105,5,Silicio/acido sulfurico,0.945222,6,865
0,110,0,Carbono/agua,0.942382,7,858
0,110,1,Carbono/amonia,0.946709,8,601
0,110,2,Carbono/acido sulfurico,0.948589,10,761
0,110,3,Carbono/metano,0.861123,8,385
0,110,4,Silicio/agua,0.980526,9,897
0,110,5,Silicio/acido sulfurico,0.956841,6,994
0,115,0,Carbono/agua,0.942382,7,959
0,115,1,Carbono/amonia,0.946709,8,670
0,115,2,Carbono/acido sulfurico,0.968587,10,825
0,115,3,Carbono/metano,0.861123,8,431
0,115,4,Silicio/agua,0.980526,9,1001
0,115,5,Silicio/acido sulfurico,0.956841,7,1134
0,120,0,Carbono/agua,0.942382,7,1070
0,120,1,Carbono/amonia,0.946709,8,748
0,120,2,Carbono/acido sulfurico,0.968587,10,924
0,120,3,Carbono/metano,0.861123,8,481
0,120,4,Silicio/agua,0.980526,9,1116
0,120,5,Silicio/acido sulfurico,0.956841,7,1291
0,125,0,Carbono/agua,0.942382,9,1193
0,125,1,Carbono/amonia,0.946709,8,832
0,125,2,Carbono/acido sulfurico,0.968587,10,1080
0,125,3,Carbono/metano,0.875939,9,537
0,125,4,Silicio/agua,0.980526,9,1244
0,125,5,Silicio/acido sulfurico,0.956841,7,1464
0,130,0,Carbono/agua,0.942382,9,1328
0,130,1,Carbono/amonia,0.946709,8,925
0,130,2,Carbono/acido sulfurico,0.968587,10,1253
0,130,3,Carbono/metano,0.885053,9,598
0,130,4,Silicio/agua,0.980526,9,1385
0,130,5,Silicio/acido sulfurico,0.956841,7,1655
0,135,0,Carbono/agua,0.942382,9,1476
0,135,1,Carbono/amonia,0.946709,8,1029
0,135,2,Carbono/acido sulfurico,0.968587,10,1443
0,135,3,Carbono/metano,0.898207,10,664
0,135,4,Silicio/agua,0.980526,9,1539
0,135,5,Silicio/acido sulfurico,0.960995,7,1864
0,140,0,Carbono/agua,0.942382,9,1641
0,140,1,Carbono/amonia,0.946709,8,1139
0,140,2,Carbono/acido sulfurico,0.98783,10,1648
0,140,3,Carbono/metano,0.908293,10,736
0,140,4,Silicio/agua,0.980526,10,1709
0,140,5,Silicio/acido sulfurico,0.960995,8,2088
0,145,0,Carbono/agua,0.946836,10,1822
0,145,1,Carbono/amonia,0.979893,8,1249
0,145,2,Carbono/acido sulfurico,0.98783,10,1854
0,145,3,Carbono/metano,0.908293,10,807
0,145,4,Silicio/agua,0.980526,10,1898
0,145,5,Silicio/acido sulfurico,0.960995,8,2313
0,150,0,Carbono/agua,0.946836,10,2022
0,150,1,Carbono/amonia,0.979893,8,1359
0,150,2,Carbono/acido sulfurico,0.98783,10,2059
0,150,3,Carbono/metano,0.928646,10,878
0,150,4,Silicio/agua,0.980526,10,2107
0,150,5,Silicio/acido sulfurico,0.960995,7,2470
0,155,0,Carbono/agua,0.946836,10,2244
0,155,1,Carbono/amonia,0.979893,8,1470
0,155,2,Carbono/acido sulfurico,0.98783,10,2266
0,155,3,Carbono/metano,0.928646,10,949
0,155,4,Silicio/agua,0.980526,8,2313
0,155,5,Silicio/acido sulfurico,0.960995,5,2583
0,160,0,Carbono/agua,0.946836,10,2489
0,160,1,Carbono/amonia,0.979893,7,1582
0,160,2,Carbono/acido sulfurico,0.98783,10,2474
0,160,3,Carbono/metano,0.928646,10,1019
0,160,4,Silicio/agua,0.980526,10,2440
0,160,5,Silicio/acido sulfurico,0.960995,5,2695
0,165,0,Carbono/agua,0.946836,10,2759
0,165,1,Carbono/amonia,0.979893,9,1637
0,165,2,Carbono/acido sulfurico,0.98783,10,2680
0,165,3,Carbono/metano,0.942385,10,1090
0,165,4,Silicio/agua,0.980526,10,2581
0,165,5,Silicio/acido sulfurico,0.960995,5,2809
0,170,0,Carbono/agua,0.946836,10,3058
0,170,1,Carbono/amonia,0.979893,9,1692
0,170,2,Carbono/acido sulfurico,0.98783,10,2885
0,170,3,Carbono/metano,0.942385,10,1160
0,170,4,Silicio/agua,0.980526,10,2736
0,170,5,Silicio/acido sulfurico,0.960995,6,2923
0,175,0,Carbono/agua,0.946836,10,3388
0,175,1,Carbono/amonia,0.979893,9,1748
0,175,2,Carbono/acido sulfurico,0.98783,10,3092
0,175,3,Carbono/metano,0.942385,10,1230
0,175,4,Silicio/agua,0.980526,10,2906
0,175,5,Silicio/acido sulfurico,0.960995,6,3038
0,180,0,Carbono/agua,0.946836,7,3712
0,180,1,Carbono/amonia,0.979893,9,1804
0,180,2,Carbono/acido sulfurico,0.98783,10,3297
0,180,3,Carbono/metano,0.942385,10,1303
0,180,4,Silicio/agua,0.980526,10,3173
0,180,5,Silicio/acido sulfurico,0.960995,6,3196
0,185,0,Carbono/agua,0.946836,9,3914
0,185,1,Carbono/amonia,0.979893,9,1872
0,185,2,Carbono/acido sulfurico,0.98783,10,3502
0,185,3,Carbono/metano,0.942385,10,1373
0,185,4,Silicio/agua,0.980526,10,3590
0,185,5,Silicio/acido sulfurico,0.960995,6,3423
0,190,0,Carbono/agua,0.946836,9,4136
0,190,1,Carbono/amonia,0.979893,9,1983
0,190,2,Carbono/acido sulfurico,0.98783,10,3707
0,190,3,Carbono/metano,0.942385,10,1446
0,190,4,Silicio/agua,0.980526,10,4052
0,190,5,Silicio/acido sulfurico,0.974186,7,3649
0,195,0,Carbono/agua,0.946836,9,4381
0,195,1,Carbono/amonia,0.98602,9,2093
0,195,2,Carbono/acido sulfurico,0.98783,10,3913
0,195,3,Carbono/metano,0.942385,10,1517
0,195,4,Silicio/agua,0.980526,10,4560
0,195,5,Silicio/acido sulfurico,0.98602,7,3874
0,200,0,Carbono/agua,0.946836,9,4647
0,200,1,Carbono/amonia,0.968917,7,2181
0,200,2,Carbono/acido sulfurico,0.98783,10,4119
0,200,3,Carbono/metano,0.942385,10,1589
0,200,4,Silicio/agua,0.980526,10,5112
0,200,5,Silicio/acido sulfurico,0.98602,8,4099
0,205,0,Carbono/agua,0.942382,8,4915
0,205,1,Carbono/amonia,0.968917,8,2236
0,205,2,Carbono/acido sulfurico,0.98783,10,4325
0,205,3,Carbono/metano,0.954996,10,1662
0,205,4,Silicio/agua,0.980526,10,5671
0,205,5,Silicio/acido sulfurico,0.98602,8,4326
0,210,0,Carbono/agua,0.942382,8,5185
0,210,1,Carbono/amonia,0.979893,8,2292
0,210,2,Carbono/acido sulfurico,0.98783,10,4530
0,210,3,Carbono/metano,0.954996,10,1733
0,210,4,Silicio/agua,1,10,6228
0,210,5,Silicio/acido sulfurico,0.98602,8,4552
0,215,0,Carbono/agua,0.946836,8,5452
0,215,1,Carbono/amonia,0.98602,8,2348
0,215,2,Carbono/acido sulfurico,0.98783,10,4735
0,215,3,Carbono/metano,0.954996,10,1805
0,215,4,Silicio/agua,1,10,6784
0,215,5,Silicio/acido sulfurico,0.98602,8,4777
0,220,0,Carbono/agua,0.946836,8,5722
0,220,1,Carbono/amonia,0.98602,8,2404
0,220,2,Carbono/acido sulfurico,0.98783,10,4940
0,220,3,Carbono/metano,0.956708,10,1876
0,220,4,Silicio/agua,1,10,7339
0,220,5,Silicio/acido sulfurico,0.98602,8,5002
0,225,0,Carbono/agua,0.946836,8,5990
0,225,1,Carbono/amonia,0.98602,9,2493
0,225,2,Carbono/acido sulfurico,0.98783,10,5146
0,225,3,Carbono/metano,0.958114,10,1946
0,225,4,Silicio/agua,1,10,7894
0,225,5,Silicio/acido sulfurico,0.98602,8,5227
0,230,0,Carbono/agua,0.946836,8,6472
0,230,1,Carbono/amonia,0.98602,9,2603
0,230,2,Carbono/acido sulfurico,0.98783,10,5351
0,230,3,Carbono/metano,0.958114,10,2017
0,230,4,Silicio/agua,1,10,8450
0,230,5,Silicio/acido sulfurico,0.98602,8,5452
0,235,0,Carbono/agua,0.946836,8,7008
0,235,1,Carbono/amonia,0.98602,9,2715
0,235,2,Carbono/acido sulfurico,0.98783,10,5557
0,235,3,Carbono/metano,0.958114,10,2087
0,235,4,Silicio/agua,1,10,9005
0,235,5,Silicio/acido sulfurico,0.98602,8,5677
0,240,0,Carbono/agua,0.946836,8,7544
0,240,1,Carbono/amonia,0.98602,9,2826
0,240,2,Carbono/acido sulfurico,0.98783,10,5763
0,240,3,Carbono/metano,0.976647,10,2158
0,240,4,Silicio/agua,1,10,9562
0,240,5,Silicio/acido sulfurico,0.98602,8,5903
0,245,0,Carbono/agua,0.946836,8,8079
0,245,1,Carbono/amonia,0.98783,9,2937
0,245,2,Carbono/acido sulfurico,0.98783,10,5971
0,245,3,Carbono/metano,0.976647,10,2230
0,245,4,Silicio/agua,1,10,10121
0,245,5,Silicio/acido sulfurico,0.98783,9,6129
0,250,0,Carbono/agua,0.946836,9,8614
0,250,1,Carbono/amonia,0.98783,9,3048
0,250,2,Carbono/acido sulfurico,0.98783,10,6179
0,250,3,Carbono/metano,0.976647,10,2303
0,250,4,Silicio/agua,1,10,10678
0,250,5,Silicio/acido sulfurico,0.98783,9,6355
0,255,0,Carbono/agua,0.946836,10,9151
0,255,1,Carbono/amonia,0.98783,9,3160
0,255,2,Carbono/acido sulfurico,0.98783,10,6385
0,255,3,Carbono/metano,0.976647,10,2374
0,255,4,Silicio/agua,1,10,11235
0,255,5,Silicio/acido sulfurico,0.98783,9,6582
0,260,0,Carbono/agua,0.946836,10,9687
0,260,1,Carbono/amonia,0.98783,9,3272
0,260,2,Carbono/acido sulfurico,0.98783,10,6591
0,260,3,Carbono/metano,0.976647,10,2445
0,260,4,Silicio/agua,1,10,11791
0,260,5,Silicio/acido sulfurico,0.98783,9,6809
0,265,0,Carbono/agua,0.946836,10,10223
0,265,1,Carbono/amonia,0.98783,9,3383
0,265,2,Carbono/acido sulfurico,0.98783,10,6797
0,265,3,Carbono/metano,0.976647,10,2517
0,265,4,Silicio/agua,1,10,12348
0,265,5,Silicio/acido sulfurico,0.98783,9,7035
0,270,0,Carbono/agua,0.946836,10,10758
0,270,1,Carbono/amonia,0.98783,9,3493
0,270,2,Carbono/acido sulfurico,0.98783,10,7002
0,270,3,Carbono/metano,0.982287,10,2588
0,270,4,Silicio/agua,1,10,12904
0,270,5,Silicio/acido sulfurico,0.98783,9,7261
0,275,0,Carbono/agua,0.946836,10,11294
0,275,1,Carbono/amonia,0.98783,9,3604
0,275,2,Carbono/acido sulfurico,0.98783,10,7208
0,275,3,Carbono/metano,0.982287,10,2660
0,275,4,Silicio/agua,1,10,13461
0,275,5,Silicio/acido sulfurico,0.98783,9,7487
0,280,0,Carbono/agua,0.946836,10,11829
0,280,1,Carbono/amonia,0.98783,9,3715
0,280,2,Carbono/acido sulfurico,0.98783,10,7413
0,280,3,Carbono/metano,0.982287,10,2731
0,280,4,Silicio/agua,1,10,14019
0,280,5,Silicio/acido sulfurico,0.98783,9,7712
0,285,0,Carbono/agua,0.946836,10,12364
0,285,1,Carbono/amonia,0.98783,9,3827
0,285,2,Carbono/acido sulfurico,0.98783,10,7618
0,285,3,Carbono/metano,0.98783,10,2804
0,285,4,Silicio/agua,1,10,14577
0,285,5,Silicio/acido sulfurico,0.98783,9,7939
0,290,0,Carbono/agua,0.946836,10,12901
0,290,1,Carbono/amonia,0.98783,9,3939
0,290,2,Carbono/acido sulfurico,0.98783,10,7825
0,290,3,Carbono/metano,0.98783,10,2876
0,290,4,Silicio/agua,1,10,15135
0,290,5,Silicio/acido sulfurico,0.98783,9,8166
0,295,0,Carbono/agua,0.946836,10,13436
0,295,1,Carbono/amonia,0.98783,9,4049
0,295,2,Carbono/acido sulfurico,0.98783,10,8031
0,295,3,Carbono/metano,0.98783,10,2948
0,295,4,Silicio/agua,1,10,15691
0,295,5,Silicio/acido sulfurico,0.98783,9,8393
0,300,0,Carbono/agua,0.946836,10,13972
0,300,1,Carbono/amonia,0.98783,9,4160
0,300,2,Carbono/acido sulfurico,0.98783,10,8237
0,300,3,Carbono/metano,0.98783,10,3020
0,300,4,Silicio/agua,1,10,16248
0,300,5,Silicio/acido sulfurico,0.98783,9,8619
1,0,0,Carbono/agua,0.549601,1,2
1,0,1,Carbono/amonia,0.534418,2,2
1,0,2,Carbono/acido sulfurico,0.517737,1,3
1,0,3,Carbono/metano,0.62272,1,1
1,0,4,Silicio/agua,0.526906,1,2
1,0,5,Silicio/acido sulfurico,0.520444,1,3
1,5,0,Carbono/agua,0.684935,2,13
1,5,1,Carbono/amonia,0.65258,2,9
1,5,2,Carbono/acido sulfurico,0.586205,1,19
1,5,3,Carbono/metano,0.62272,1,5
1,5,4,Silicio/agua,0.608141,1,15
1,5,5,Silicio/acido sulfurico,0.619442,1,20
1,10,0,Carbono/agua,0.684935,2,26
1,10,1,Carbono/amonia,0.65258,3,17
1,10,2,Carbono/acido sulfurico,0.624551,1,35
1,10,3,Carbono/metano,0.622985,1,10
1,10,4,Silicio/agua,0.650409,1,27
1,10,5,Silicio/acido sulfurico,0.701866,2,37
1,15,0,Carbono/agua,0.727683,2,39
1,15,1,Carbono/amonia,0.65258,3,26
1,15,2,Carbono/acido sulfurico,0.710086,2,54
1,15,3,Carbono/metano,0.646225,1,15
1,15,4,Silicio/agua,0.663463,2,41
1,15,5,Silicio/acido sulfurico,0.701866,3,57
1,20,0,Carbono/agua,0.727683,2,56
1,20,1,Carbono/amonia,0.704553,4,36
1,20,2,Carbono/acido sulfurico,0.710086,2,74
1,20,3,Carbono/metano,0.654047,2,22
1,20,4,Silicio/agua,0.761899,4,59
1,20,5,Silicio/acido sulfurico,0.701866,6,81
1,25,0,Carbono/agua,0.766063,2,73
1,25,1,Carbono/amonia,0.812671,4,47
1,25,2,Carbono/acido sulfurico,0.719788,2,94
1,25,3,Carbono/metano,0.654047,2,30
1,25,4,Silicio/agua,0.761899,4,76
1,25,5,Silicio/acido sulfurico,0.701866,6,106
1,30,0,Carbono/agua,0.766063,2,92
1,30,1,Carbono/amonia,0.814193,5,61
1,30,2,Carbono/acido sulfurico,0.732098,2,117
1,30,3,Carbono/metano,0.654047,3,36
1,30,4,Silicio/agua,0.837929,5,96
1,30,5,Silicio/acido sulfurico,0.724075,6,133
1,35,0,Carbono/agua,0.789762,3,113
1,35,1,Carbono/amonia,0.814193,6,76
1,35,2,Carbono/acido sulfurico,0.750437,2,142
1,35,3,Carbono/metano,0.654047,3,45
1,35,4,Silicio/agua,0.837929,5,118
1,35,5,Silicio/acido sulfurico,0.785898,7,161
1,40,0,Carbono/agua,0.792863,3,136
1,40,1,Carbono/amonia,0.814193,6,92
1,40,2,Carbono/acido sulfurico,0.750437,3,171
1,40,3,Carbono/metano,0.68727,3,55
1,40,4,Silicio/agua,0.837929,5,142
1,40,5,Silicio/acido sulfurico,0.825075,7,193
1,45,0,Carbono/agua,0.792863,3,161
1,45,1,Carbono/amonia,0.853573,6,109
1,45,2,Carbono/acido sulfurico,0.76743,4,202
1,45,3,Carbono/metano,0.74631,3,66
1,45,4,Silicio/agua,0.837929,5,168
1,45,5,Silicio/acido sulfurico,0.837942,8,228
1,50,0,Carbono/agua,0.792863,4,190
1,50,1,Carbono/amonia,0.853573,7,129
1,50,2,Carbono/acido sulfurico,0.782837,4,237
1,50,3,Carbono/metano,0.756475,4,79
1,50,4,Silicio/agua,0.837929,5,198
1,50,5,Silicio/acido sulfurico,0.841127,8,266
1,55,0,Carbono/agua,0.831536,5,220
1,55,1,Carbono/amonia,0.853573,8,149
1,55,2,Carbono/acido sulfurico,0.78894,6,275
1,55,3,Carbono/metano,0.78279,5,94
1,55,4,Silicio/agua,0.785222,4,223
1,55,5,Silicio/acido sulfurico,0.859995,8,308
1,60,0,Carbono/agua,0.851119,5,254
1,60,1,Carbono/amonia,0.946229,9,172
1,60,2,Carbono/acido sulfurico,0.802062,6,318
1,60,3,Carbono/metano,0.894326,5,110
1,60,4,Silicio/agua,0.856788,7,241
1,60,5,Silicio/acido sulfurico,0.859995,8,355
1,65,0,Carbono/agua,0.853983,6,291
1,65,1,Carbono/amonia,0.962857,9,199
1,65,2,Carbono/acido sulfurico,0.802062,6,366
1,65,3,Carbono/metano,0.894326,6,127
1,65,4,Silicio/agua,0.856788,8,261
1,65,5,Silicio/acido sulfurico,0.859995,8,407
1,70,0,Carbono/agua,0.853983,6,332
1,70,1,Carbono/amonia,0.962857,9,226
1,70,2,Carbono/acido sulfurico,0.822272,6,418
1,70,3,Carbono/metano,0.905692,6,145
1,70,4,Silicio/agua,0.856788,8,281
1,70,5,Silicio/acido sulfurico,0.927814,10,465
1,75,0,Carbono/agua,0.853983,6,377
1,75,1,Carbono/amonia,0.962857,9,258
1,75,2,Carbono/acido sulfurico,0.837252,7,476
1,75,3,Carbono/metano,0.905692,6,165
1,75,4,Silicio/agua,0.856788,8,304
1,75,5,Silicio/acido sulfurico,0.927814,10,530
1,80,0,Carbono/agua,0.869084,6,428
1,80,1,Carbono/amonia,0.962857,9,293
1,80,2,Carbono/acido sulfurico,0.883599,7,540
1,80,3,Carbono/metano,0.905692,6,187
1,80,4,Silicio/agua,0.887535,8,346
1,80,5,Silicio/acido sulfurico,0.927814,10,601
1,85,0,Carbono/agua,0.87192,6,484
1,85,1,Carbono/amonia,0.962857,9,331
1,85,2,Carbono/acido sulfurico,0.909143,7,612
1,85,3,Carbono/metano,0.905692,6,213
1,85,4,Silicio/agua,0.887535,8,403
1,85,5,Silicio/acido sulfurico,0.927814,10,678
1,90,0,Carbono/agua,0.887113,6,546
1,90,1,Carbono/amonia,0.962857,9,374
1,90,2,Carbono/acido sulfurico,0.921987,9,690
1,90,3,Carbono/metano,0.921644,6,240
1,90,4,Silicio/agua,0.887535,9,466
1,90,5,Silicio/acido sulfurico,0.950182,10,764
1,95,0,Carbono/agua,0.887113,6,614
1,95,1,Carbono/amonia,0.980526,10,422
1,95,2,Carbono/acido sulfurico,0.921987,9,775
1,95,3,Carbono/metano,0.935264,6,270
1,95,4,Silicio/agua,0.905879,9,537
1,95,5,Silicio/acido sulfurico,0.950182,10,859
1,100,0,Carbono/agua,0.903931,6,687
1,100,1,Carbono/amonia,0.980526,10,474
1,100,2,Carbono/acido sulfurico,0.92565,9,869
1,100,3,Carbono/metano,0.968059,6,304
1,100,4,Silicio/agua,0.933998,9,616
1,100,5,Silicio/acido sulfurico,0.950182,10,964
1,105,0,Carbono/agua,0.908677,6,770
1,105,1,Carbono/amonia,0.980526,10,531
1,105,2,Carbono/acido sulfurico,0.937672,9,976
1,105,3,Carbono/metano,0.968059,7,342
1,105,4,Silicio/agua,0.933998,9,702
1,105,5,Silicio/acido sulfurico,0.953254,10,1079
1,110,0,Carbono/agua,0.908677,6,861
1,110,1,Carbono/amonia,0.980526,10,592
1,110,2,Carbono/acido sulfurico,0.954179,10,1092
1,110,3,Carbono/metano,0.968059,7,383
1,110,4,Silicio/agua,0.933998,9,797
1,110,5,Silicio/acido sulfurico,0.953254,10,1206
1,115,0,Carbono/agua,0.908677,6,961
1,115,1,Carbono/amonia,0.980526,10,662
1,115,2,Carbono/acido sulfurico,0.954179,10,1222
1,115,3,Carbono/metano,0.968059,7,429
1,115,4,Silicio/agua,0.933998,9,900
1,115,5,Silicio/acido sulfurico,0.968614,10,1347
1,120,0,Carbono/agua,0.908998,6,1072
1,120,1,Carbono/amonia,0.980526,10,739
1,120,2,Carbono/acido sulfurico,0.976647,10,1362
1,120,3,Carbono/metano,0.968059,7,478
1,120,4,Silicio/agua,0.952526,9,1014
1,120,5,Silicio/acido sulfurico,0.968614,10,1502
1,125,0,Carbono/agua,0.908998,7,1193
1,125,1,Carbono/amonia,0.980526,10,823
1,125,2,Carbono/acido sulfurico,0.98783,10,1520
1,125,3,Carbono/metano,0.968059,7,533
1,125,4,Silicio/agua,0.952526,9,1141
1,125,5,Silicio/acido sulfurico,0.982376,10,1674
1,130,0,Carbono/agua,0.908998,7,1329
1,130,1,Carbono/amonia,0.980526,10,917
1,130,2,Carbono/acido sulfurico,0.98783,10,1693
1,130,3,Carbono/metano,0.968059,7,594
1,130,4,Silicio/agua,0.952526,6,1282
1,130,5,Silicio/acido sulfurico,0.988807,10,1865
1,135,0,Carbono/agua,0.908998,7,1479
1,135,1,Carbono/amonia,0.980526,10,1020
1,135,2,Carbono/acido sulfurico,0.98783,10,1883
1,135,3,Carbono/metano,0.979893,7,658
1,135,4,Silicio/agua,0.958114,7,1359
1,135,5,Silicio/acido sulfurico,1,10,2075
1,140,0,Carbono/agua,0.908998,7,1645
1,140,1,Carbono/amonia,0.980526,10,1132
1,140,2,Carbono/acido sulfurico,0.98783,10,2088
1,140,3,Carbono/metano,0.979893,7,730
1,140,4,Silicio/agua,0.958114,8,1446
1,140,5,Silicio/acido sulfurico,1,10,2301
1,145,0,Carbono/agua,0.910797,7,1828
1,145,1,Carbono/amonia,0.980526,10,1243
1,145,2,Carbono/acido sulfurico,0.98783,10,2294
1,145,3,Carbono/metano,0.979893,7,800
1,145,4,Silicio/agua,0.958114,10,1540
1,145,5,Silicio/acido sulfurico,1,10,2526
1,150,0,Carbono/agua,0.910797,7,2031
1,150,1,Carbono/amonia,0.980526,10,1353
1,150,2,Carbono/acido sulfurico,0.98783,10,2499
1,150,3,Carbono/metano,0.979893,7,870
1,150,4,Silicio/agua,0.958114,10,1644
1,150,5,Silicio/acido sulfurico,1,10,2752
1,155,0,Carbono/agua,0.910797,7,2254
1,155,1,Carbono/amonia,0.988807,10,1466
1,155,2,Carbono/acido sulfurico,0.98783,10,2706
1,155,3,Carbono/metano,0.979893,7,942
1,155,4,Silicio/agua,0.958114,10,1760
1,155,5,Silicio/acido sulfurico,1,10,2978
1,160,0,Carbono/agua,0.920206,8,2500
1,160,1,Carbono/amonia,0.988807,10,1577
1,160,2,Carbono/acido sulfurico,0.98783,10,2912
1,160,3,Carbono/metano,0.98602,7,1013
1,160,4,Silicio/agua,0.965541,10,1887
1,160,5,Silicio/acido sulfurico,1,10,3206
1,165,0,Carbono/agua,0.934406,9,2770
1,165,1,Carbono/amonia,0.988807,10,1688
1,165,2,Carbono/acido sulfurico,0.98783,10,3118
1,165,3,Carbono/metano,0.98602,7,1083
1,165,4,Silicio/agua,0.965541,10,2029
1,165,5,Silicio/acido sulfurico,1,10,3433
1,170,0,Carbono/agua,0.934406,10,3068
1,170,1,Carbono/amonia,0.988807,10,1801
1,170,2,Carbono/acido sulfurico,0.98783,10,3323
1,170,3,Carbono/metano,0.98602,7,1153
1,170,4,Silicio/agua,0.968614,10,2340
1,170,5,Silicio/acido sulfurico,1,10,3659
1,175,0,Carbono/agua,0.935089,10,3397
1,175,1,Carbono/amonia,0.988807,10,1911
1,175,2,Carbono/acido sulfurico,0.98783,10,3531
1,175,3,Carbono/metano,0.98602,7,1226
1,175,4,Silicio/agua,0.980526,10,2684
1,175,5,Silicio/acido sulfurico,1,10,3885
1,180,0,Carbono/agua,0.954329,10,3762
1,180,1,Carbono/amonia,0.988807,10,2021
1,180,2,Carbono/acido sulfurico,0.98783,10,3737
1,180,3,Carbono/metano,0.98602,7,1296
1,180,4,Silicio/agua,0.980526,10,3061
1,180,5,Silicio/acido sulfurico,1,10,4112
1,185,0,Carbono/agua,0.954329,10,4164
1,185,1,Carbono/amonia,0.988807,10,2134
1,185,2,Carbono/acido sulfurico,0.98783,10,3942
1,185,3,Carbono/metano,0.98602,7,1369
1,185,4,Silicio/agua,0.98602,10,3478
1,185,5,Silicio/acido sulfurico,1,10,4337
1,190,0,Carbono/agua,0.954329,10,4606
1,190,1,Carbono/amonia,0.988807,10,2245
1,190,2,Carbono/acido sulfurico,0.98783,10,4147
1,190,3,Carbono/metano,0.98602,7,1442
1,190,4,Silicio/agua,0.98602,10,3939
1,190,5,Silicio/acido sulfurico,1,10,4563
1,195,0,Carbono/agua,0.954329,10,5096
1,195,1,Carbono/amonia,0.988807,10,2355
1,195,2,Carbono/acido sulfurico,0.98783,10,4354
1,195,3,Carbono/metano,0.98783,7,1513
1,195,4,Silicio/agua,0.98602,10,4448
1,195,5,Silicio/acido sulfurico,1,10,4789
1,200,0,Carbono/agua,0.954329,10,5627
1,200,1,Carbono/amonia,0.988807,10,2467
1,200,2,Carbono/acido sulfurico,0.98783,10,4560
1,200,3,Carbono/metano,0.98783,7,1584
1,200,4,Silicio/agua,0.98602,10,5000
1,200,5,Silicio/acido sulfurico,1,10,5015
1,205,0,Carbono/agua,0.954329,10,6164
1,205,1,Carbono/amonia,0.988807,10,2577
1,205,2,Carbono/acido sulfurico,0.98783,10,4766
1,205,3,Carbono/metano,0.98783,7,1655
1,205,4,Silicio/agua,0.98602,10,5558
1,205,5,Silicio/acido sulfurico,1,10,5241
1,210,0,Carbono/agua,0.954329,10,6700
1,210,1,Carbono/amonia,1,10,2689
1,210,2,Carbono/acido sulfurico,0.98783,10,4971
1,210,3,Carbono/metano,0.98783,7,1726
1,210,4,Silicio/agua,0.988807,10,6114
1,210,5,Silicio/acido sulfurico,1,10,5466
1,215,0,Carbono/agua,0.954329,10,7235
1,215,1,Carbono/amonia,1,10,2800
1,215,2,Carbono/acido sulfurico,0.98783,10,5178
1,215,3,Carbono/metano,0.98783,7,1797
1,215,4,Silicio/agua,0.988807,10,6671
1,215,5,Silicio/acido sulfurico,1,10,5693
1,220,0,Carbono/agua,0.954329,10,7771
1,220,1,Carbono/amonia,1,10,2910
1,220,2,Carbono/acido sulfurico,0.98783,10,5385
1,220,3,Carbono/metano,0.98783,7,1869
1,220,4,Silicio/agua,0.988807,10,7227
1,220,5,Silicio/acido sulfurico,1,10,5918
1,225,0,Carbono/agua,0.954329,10,8307
1,225,1,Carbono/amonia,1,10,3021
1,225,2,Carbono/acido sulfurico,0.98783,10,5592
1,225,3,Carbono/metano,0.98783,7,1940
1,225,4,Silicio/agua,1,10,7783
1,225,5,Silicio/acido sulfurico,1,10,6145
1,230,0,Carbono/agua,0.959315,10,8842
1,230,1,Carbono/amonia,1,10,3131
1,230,2,Carbono/acido sulfurico,0.98783,10,5798
1,230,3,Carbono/metano,0.98783,7,2011
1,230,4,Silicio/agua,1,10,8340
1,230,5,Silicio/acido sulfurico,1,10,6370
1,235,0,Carbono/agua,0.959315,10,9378
1,235,1,Carbono/amonia,1,10,3243
1,235,2,Carbono/acido sulfurico,0.98783,10,6003
1,235,3,Carbono/metano,0.98783,8,2082
1,235,4,Silicio/agua,1,10,8897
1,235,5,Silicio/acido sulfurico,1,10,6596
1,240,0,Carbono/agua,0.959315,10,9913
1,240,1,Carbono/amonia,1,10,3354
1,240,2,Carbono/acido sulfurico,0.98783,10,6210
1,240,3,Carbono/metano,0.98783,8,2153
1,240,4,Silicio/agua,1,10,9453
1,240,5,Silicio/acido sulfurico,1,10,6822
1,245,0,Carbono/agua,0.982287,10,10450
1,245,1,Carbono/amonia,1,10,3465
1,245,2,Carbono/acido sulfurico,0.98783,10,6416
1,245,3,Carbono/metano,0.98783,9,2223
1,245,4,Silicio/agua,1,10,10011
1,245,5,Silicio/acido sulfurico,1,10,7048
1,250,0,Carbono/agua,0.98783,10,10985
1,250,1,Carbono/amonia,1,10,3576
1,250,2,Carbono/acido sulfurico,0.98783,10,6621
1,250,3,Carbono/metano,0.98783,9,2295
1,250,4,Silicio/agua,1,10,10567
1,250,5,Silicio/acido sulfurico,1,10,7273
1,255,0,Carbono/agua,0.98783,10,11521
1,255,1,Carbono/amonia,1,10,3688
1,255,2,Carbono/acido sulfurico,0.98783,10,6827
1,255,3,Carbono/metano,0.98783,9,2365
1,255,4,Silicio/agua,1,10,11126
1,255,5,Silicio/acido sulfurico,1,10,7499
1,260,0,Carbono/agua,0.98783,10,12057
1,260,1,Carbono/amonia,1,10,3800
1,260,2,Carbono/acido sulfurico,0.98783,10,7032
1,260,3,Carbono/metano,0.98783,9,2436
1,260,4,Silicio/agua,1,10,11683
1,260,5,Silicio/acido sulfurico,1,10,7724
1,265,0,Carbono/agua,0.98783,10,12593
1,265,1,Carbono/amonia,1,10,3911
1,265,2,Carbono/acido sulfurico,0.98783,10,7239
1,265,3,Carbono/metano,0.98783,9,2506
1,265,4,Silicio/agua,1,10,12238
1,265,5,Silicio/acido sulfurico,1,10,7949
1,270,0,Carbono/agua,0.98783,10,13130
1,270,1,Carbono/amonia,1,10,4021
1,270,2,Carbono/acido sulfurico,0.98783,10,7445
1,270,3,Carbono/metano,0.98783,9,2576
1,270,4,Silicio/agua,1,10,12795
1,270,5,Silicio/acido sulfurico,1,10,8174
1,275,0,Carbono/agua,0.98783,10,13666
1,275,1,Carbono/amonia,1,10,4131
1,275,2,Carbono/acido sulfurico,0.98783,10,7651
1,275,3,Carbono/metano,0.98783,9,2647
1,275,4,Silicio/agua,1,10,13350
1,275,5,Silicio/acido sulfurico,1,10,8399
1,280,0,Carbono/agua,0.98783,10,14203
1,280,1,Carbono/amonia,1,10,4242
1,280,2,Carbono/acido sulfurico,0.98783,10,7856
1,280,3,Carbono/metano,0.98783,9,2718
1,280,4,Silicio/agua,1,10,13906
1,280,5,Silicio/acido sulfurico,1,10,8625
1,285,0,Carbono/agua,0.98783,10,14740
1,285,1,Carbono/amonia,1,10,4355
1,285,2,Carbono/acido sulfurico,0.98783,10,8061
1,285,3,Carbono/metano,0.98783,9,2791
1,285,4,Silicio/agua,1,10,14462
1,285,5,Silicio/acido sulfurico,1,10,8850
1,290,0,Carbono/agua,0.98783,10,15275
1,290,1,Carbono/amonia,1,10,4466
1,290,2,Carbono/acido sulfurico,0.98783,10,8266
1,290,3,Carbono/metano,0.98783,9,2863
1,290,4,Silicio/agua,1,10,15019
1,290,5,Silicio/acido sulfurico,1,10,9075
1,295,0,Carbono/agua,0.98783,10,15810
1,295,1,Carbono/amonia,1,10,4578
1,295,2,Carbono/acido sulfurico,0.98783,10,8472
1,295,3,Carbono/metano,0.98783,9,2933
1,295,4,Silicio/agua,1,10,15576
1,295,5,Silicio/acido sulfurico,1,10,9301
1,300,0,Carbono/agua,0.98783,10,16347
1,300,1,Carbono/amonia,1,10,4689
1,300,2,Carbono/acido sulfurico,0.98783,10,8677
1,300,3,Carbono/metano,0.98783,9,3004
1,300,4,Silicio/agua,1,10,16133
1,300,5,Silicio/acido sulfurico,1,10,9527
2,0,0,Carbono/agua,0.545352,1,2
2,0,1,Carbono/amonia,0.479784,1,1
2,0,2,Carbono/acido sulfurico,0.473929,1,3
2,0,3,Carbono/metano,0.461294,1,1
2,0,4,Silicio/agua,0.500416,1,2
2,0,5,Silicio/acido sulfurico,0.553097,2,3
2,5,0,Carbono/agua,0.545352,1,12
2,5,1,Carbono/amonia,0.706241,2,8
2,5,2,Carbono/acido sulfurico,0.534041,1,17
2,5,3,Carbono/metano,0.658963,1,5
2,5,4,Silicio/agua,0.53752,1,13
2,5,5,Silicio/acido sulfurico,0.685945,3,18
2,10,0,Carbono/agua,0.58649,1,25
2,10,1,Carbono/amonia,0.706241,2,17
2,10,2,Carbono/acido sulfurico,0.707087,2,34
2,10,3,Carbono/metano,0.658963,1,7
2,10,4,Silicio/agua,0.580298,1,27
2,10,5,Silicio/acido sulfurico,0.7294,4,36
2,15,0,Carbono/agua,0.708663,2,38
2,15,1,Carbono/amonia,0.706241,2,27
2,15,2,Carbono/acido sulfurico,0.707087,2,51
2,15,3,Carbono/metano,0.658963,1,9
2,15,4,Silicio/agua,0.686376,3,42
2,15,5,Silicio/acido sulfurico,0.7294,5,56
2,20,0,Carbono/agua,0.764942,2,53
2,20,1,Carbono/amonia,0.752337,2,39
2,20,2,Carbono/acido sulfurico,0.710925,2,71
2,20,3,Carbono/metano,0.658963,1,11
2,20,4,Silicio/agua,0.686376,3,57
2,20,5,Silicio/acido sulfurico,0.810229,5,76
2,25,0,Carbono/agua,0.764942,2,70
2,25,1,Carbono/amonia,0.752337,2,51
2,25,2,Carbono/acido sulfurico,0.739739,2,93
2,25,3,Carbono/metano,0.658963,1,15
2,25,4,Silicio/agua,0.686376,3,74
2,25,5,Silicio/acido sulfurico,0.810229,6,99
2,30,0,Carbono/agua,0.788034,2,89
2,30,1,Carbono/amonia,0.752337,2,65
2,30,2,Carbono/acido sulfurico,0.789958,3,117
2,30,3,Carbono/metano,0.579169,1,19
2,30,4,Silicio/agua,0.71051,4,94
2,30,5,Silicio/acido sulfurico,0.847307,6,125
2,35,0,Carbono/agua,0.81253,2,109
2,35,1,Carbono/amonia,0.791244,2,80
2,35,2,Carbono/acido sulfurico,0.789958,3,143
2,35,3,Carbono/metano,0.60217,1,24
2,35,4,Silicio/agua,0.71051,4,115
2,35,5,Silicio/acido sulfurico,0.847307,6,153
2,40,0,Carbono/agua,0.81253,3,132
2,40,1,Carbono/amonia,0.791244,2,95
2,40,2,Carbono/acido sulfurico,0.789958,4,171
2,40,3,Carbono/metano,0.60217,1,29
2,40,4,Silicio/agua,0.718785,4,139
2,40,5,Silicio/acido sulfurico,0.860937,7,185
2,45,0,Carbono/agua,0.87541,4,158
2,45,1,Carbono/amonia,0.791244,2,112
2,45,2,Carbono/acido sulfurico,0.801432,4,203
2,45,3,Carbono/metano,0.60217,2,34
2,45,4,Silicio/agua,0.74999,4,164
2,45,5,Silicio/acido sulfurico,0.874257,7,220
2,50,0,Carbono/agua,0.89479,5,185
2,50,1,Carbono/amonia,0.791244,2,131
2,50,2,Carbono/acido sulfurico,0.805524,4,222
2,50,3,Carbono/metano,0.675558,3,41
2,50,4,Silicio/agua,0.819296,5,193
2,50,5,Silicio/acido sulfurico,0.874257,7,259
2,55,0,Carbono/agua,0.89479,5,216
2,55,1,Carbono/amonia,0.791244,2,152
2,55,2,Carbono/acido sulfurico,0.805524,4,242
2,55,3,Carbono/metano,0.681776,3,49
2,55,4,Silicio/agua,0.819695,5,225
2,55,5,Silicio/acido sulfurico,0.874257,7,300
2,60,0,Carbono/agua,0.89479,5,251
2,60,1,Carbono/amonia,0.833722,3,175
2,60,2,Carbono/acido sulfurico,0.86501,5,264
2,60,3,Carbono/metano,0.681776,3,59
2,60,4,Silicio/agua,0.819695,5,260
2,60,5,Silicio/acido sulfurico,0.881641,7,348
2,65,0,Carbono/agua,0.922118,9,287
2,65,1,Carbono/amonia,0.833722,3,201
2,65,2,Carbono/acido sulfurico,0.86501,6,287
2,65,3,Carbono/metano,0.762193,4,76
2,65,4,Silicio/agua,0.819695,5,298
2,65,5,Silicio/acido sulfurico,0.881641,7,402
2,70,0,Carbono/agua,0.922118,9,329
2,70,1,Carbono/amonia,0.833722,3,231
2,70,2,Carbono/acido sulfurico,0.885633,8,320
2,70,3,Carbono/metano,0.804677,4,93
2,70,4,Silicio/agua,0.819695,5,342
2,70,5,Silicio/acido sulfurico,0.881641,7,461
2,75,0,Carbono/agua,0.922118,9,375
2,75,1,Carbono/amonia,0.833722,3,262
2,75,2,Carbono/acido sulfurico,0.88866,9,377
2,75,3,Carbono/metano,0.804677,5,115
2,75,4,Silicio/agua,0.819695,5,390
2,75,5,Silicio/acido sulfurico,0.885949,7,525
2,80,0,Carbono/agua,0.922118,10,426
2,80,1,Carbono/amonia,0.833722,3,297
2,80,2,Carbono/acido sulfurico,0.88866,10,441
2,80,3,Carbono/metano,0.804677,5,135
2,80,4,Silicio/agua,0.833203,6,442
2,80,5,Silicio/acido sulfurico,0.905563,7,596
2,85,0,Carbono/agua,0.922118,10,482
2,85,1,Carbono/amonia,0.833722,3,335
2,85,2,Carbono/acido sulfurico,0.926052,10,511
2,85,3,Carbono/metano,0.804677,5,160
2,85,4,Silicio/agua,0.841677,6,499
2,85,5,Silicio/acido sulfurico,0.911487,7,673
2,90,0,Carbono/agua,0.922118,10,543
2,90,1,Carbono/amonia,0.833722,4,378
2,90,2,Carbono/acido sulfurico,0.941401,10,589
2,90,3,Carbono/metano,0.804677,5,188
2,90,4,Silicio/agua,0.841677,6,563
2,90,5,Silicio/acido sulfurico,0.930988,8,759
2,95,0,Carbono/agua,0.928718,10,610
2,95,1,Carbono/amonia,0.865513,4,424
2,95,2,Carbono/acido sulfurico,0.96047,10,674
2,95,3,Carbono/metano,0.804677,5,217
2,95,4,Silicio/agua,0.851464,6,633
2,95,5,Silicio/acido sulfurico,0.930988,8,856
2,100,0,Carbono/agua,0.928718,10,684
2,100,1,Carbono/amonia,0.865513,4,477
2,100,2,Carbono/acido sulfurico,0.96047,10,770
2,100,3,Carbono/metano,0.804677,5,251
2,100,4,Silicio/agua,0.855128,7,711
2,100,5,Silicio/acido sulfurico,0.930988,8,961
2,105,0,Carbono/agua,0.938933,10,766
2,105,1,Carbono/amonia,0.865513,4,535
2,105,2,Carbono/acido sulfurico,0.985403,10,876
2,105,3,Carbono/metano,0.829713,6,287
2,105,4,Silicio/agua,0.871002,7,798
2,105,5,Silicio/acido sulfurico,0.944105,8,1078
2,110,0,Carbono/agua,0.948052,10,857
2,110,1,Carbono/amonia,0.865513,5,597
2,110,2,Carbono/acido sulfurico,0.985403,10,991
2,110,3,Carbono/metano,0.829713,6,328
2,110,4,Silicio/agua,0.871002,7,891
2,110,5,Silicio/acido sulfurico,0.944105,8,1206
2,115,0,Carbono/agua,0.98602,10,957
2,115,1,Carbono/amonia,0.865513,5,658
2,115,2,Carbono/acido sulfurico,1,10,1121
2,115,3,Carbono/metano,0.836949,6,373
2,115,4,Silicio/agua,0.876352,7,997
2,115,5,Silicio/acido sulfurico,0.944105,8,1348
2,120,0,Carbono/agua,0.98602,10,1069
2,120,1,Carbono/amonia,0.865513,5,697
2,120,2,Carbono/acido sulfurico,1,10,1263
2,120,3,Carbono/metano,0.858992,6,423
2,120,4,Silicio/agua,0.882006,8,1113
2,120,5,Silicio/acido sulfurico,0.947623,8,1503
2,125,0,Carbono/agua,0.98602,10,1191
2,125,1,Carbono/amonia,0.865513,5,738
2,125,2,Carbono/acido sulfurico,1,10,1418
2,125,3,Carbono/metano,0.868966,8,478
2,125,4,Silicio/agua,0.884852,8,1239
2,125,5,Silicio/acido sulfurico,0.954179,8,1675
2,130,0,Carbono/agua,0.98602,10,1326
2,130,1,Carbono/amonia,0.865513,5,785
2,130,2,Carbono/acido sulfurico,1,10,1592
2,130,3,Carbono/metano,0.868966,8,538
2,130,4,Silicio/agua,0.895857,8,1380
2,130,5,Silicio/acido sulfurico,0.95614,8,1865
2,135,0,Carbono/agua,0.98602,10,1476
2,135,1,Carbono/amonia,0.865513,5,836
2,135,2,Carbono/acido sulfurico,1,10,1783
2,135,3,Carbono/metano,0.868966,8,606
2,135,4,Silicio/agua,0.895857,8,1535
2,135,5,Silicio/acido sulfurico,0.95614,8,2075
2,140,0,Carbono/agua,0.98602,10,1641
2,140,1,Carbono/amonia,0.865513,4,902
2,140,2,Carbono/acido sulfurico,1,10,1988
2,140,3,Carbono/metano,0.868966,8,677
2,140,4,Silicio/agua,0.895857,8,1707
2,140,5,Silicio/acido sulfurico,0.95614,8,2299
2,145,0,Carbono/agua,0.98602,10,1822
2,145,1,Carbono/amonia,0.865513,6,959
2,145,2,Carbono/acido sulfurico,1,10,2194
2,145,3,Carbono/metano,0.94507,9,748
2,145,4,Silicio/agua,0.895857,8,1897
2,145,5,Silicio/acido sulfurico,0.968587,8,2524
2,150,0,Carbono/agua,0.98602,10,2024
2,150,1,Carbono/amonia,0.865513,6,1014
2,150,2,Carbono/acido sulfurico,1,10,2399
2,150,3,Carbono/metano,0.94507,9,790
2,150,4,Silicio/agua,0.895857,8,2107
2,150,5,Silicio/acido sulfurico,0.98783,8,2750
2,155,0,Carbono/agua,0.98602,10,2248
2,155,1,Carbono/amonia,0.865513,6,1069
2,155,2,Carbono/acido sulfurico,1,10,2606
2,155,3,Carbono/metano,0.94507,9,825
2,155,4,Silicio/agua,0.896271,9,2338
2,155,5,Silicio/acido sulfurico,0.98783,9,2976
2,160,0,Carbono/agua,0.98783,10,2493
2,160,1,Carbono/amonia,0.865513,6,1124
2,160,2,Carbono/acido sulfurico,1,10,2811
2,160,3,Carbono/metano,0.94507,9,860
2,160,4,Silicio/agua,0.896271,9,2593
2,160,5,Silicio/acido sulfurico,0.98783,9,3202
2,165,0,Carbono/agua,0.98783,10,2764
2,165,1,Carbono/amonia,0.865513,6,1202
2,165,2,Carbono/acido sulfurico,1,10,3018
2,165,3,Carbono/metano,0.94507,9,895
2,165,4,Silicio/agua,0.920206,9,2874
2,165,5,Silicio/acido sulfurico,0.98783,9,3427
2,170,0,Carbono/agua,0.98783,10,3063
2,170,1,Carbono/amonia,0.865513,7,1314
2,170,2,Carbono/acido sulfurico,1,10,3225
2,170,3,Carbono/metano,0.94507,9,931
2,170,4,Silicio/agua,0.920206,9,3185
2,170,5,Silicio/acido sulfurico,0.98783,9,3652
2,175,0,Carbono/agua,0.98783,10,3393
2,175,1,Carbono/amonia,0.865513,7,1426
2,175,2,Carbono/acido sulfurico,1,10,3431
2,175,3,Carbono/metano,0.975909,9,1002
2,175,4,Silicio/agua,0.932291,10,3526
2,175,5,Silicio/acido sulfurico,0.98783,10,3877
2,180,0,Carbono/agua,0.98783,10,3758
2,180,1,Carbono/amonia,0.865513,7,1537
2,180,2,Carbono/acido sulfurico,1,10,3637
2,180,3,Carbono/metano,0.975909,9,1073
2,180,4,Silicio/agua,0.932291,10,3905
2,180,5,Silicio/acido sulfurico,0.98783,10,4102
2,185,0,Carbono/agua,0.98783,10,4161
2,185,1,Carbono/amonia,0.871075,7,1648
2,185,2,Carbono/acido sulfurico,1,10,3842
2,185,3,Carbono/metano,0.975909,9,1146
2,185,4,Silicio/agua,0.932291,10,4323
2,185,5,Silicio/acido sulfurico,0.98783,10,4329
2,190,0,Carbono/agua,0.98783,10,4605
2,190,1,Carbono/amonia,0.871075,7,1758
2,190,2,Carbono/acido sulfurico,1,10,4047
2,190,3,Carbono/metano,0.980526,9,1217
2,190,4,Silicio/agua,0.934406,10,4784
2,190,5,Silicio/acido sulfurico,0.98783,10,4555
2,195,0,Carbono/agua,0.98783,10,5095
2,195,1,Carbono/amonia,0.871075,7,1868
2,195,2,Carbono/acido sulfurico,1,10,4252
2,195,3,Carbono/metano,0.980526,9,1289
2,195,4,Silicio/agua,0.954329,10,5293
2,195,5,Silicio/acido sulfurico,0.98783,10,4781
2,200,0,Carbono/agua,0.98783,10,5626
2,200,1,Carbono/amonia,0.871075,7,1980
2,200,2,Carbono/acido sulfurico,1,10,4458
2,200,3,Carbono/metano,0.980526,9,1361
2,200,4,Silicio/agua,0.954329,10,5846
2,200,5,Silicio/acido sulfurico,0.98783,10,5006
2,205,0,Carbono/agua,0.98783,10,6162
2,205,1,Carbono/amonia,0.871075,7,2092
2,205,2,Carbono/acido sulfurico,1,10,4667
2,205,3,Carbono/metano,0.980526,9,1431
2,205,4,Silicio/agua,0.954329,10,6402
2,205,5,Silicio/acido sulfurico,0.98783,10,5231
2,210,0,Carbono/agua,0.98783,10,6697
2,210,1,Carbono/amonia,0.871075,7,2204
2,210,2,Carbono/acido sulfurico,1,10,4873
2,210,3,Carbono/metano,0.980526,9,1502
2,210,4,Silicio/agua,0.954329,10,6959
2,210,5,Silicio/acido sulfurico,0.98783,10,5456
2,215,0,Carbono/agua,0.98783,10,7234
2,215,1,Carbono/amonia,0.871075,7,2314
2,215,2,Carbono/acido sulfurico,1,10,5078
2,215,3,Carbono/metano,0.980526,9,1572
2,215,4,Silicio/agua,0.954329,10,7516
2,215,5,Silicio/acido sulfurico,0.98783,10,5682
2,220,0,Carbono/agua,0.98783,10,7770
2,220,1,Carbono/amonia,0.871075,7,2424
2,220,2,Carbono/acido sulfurico,1,10,5285
2,220,3,Carbono/metano,0.980526,9,1645
2,220,4,Silicio/agua,0.954329,10,8072
2,220,5,Silicio/acido sulfurico,0.98783,10,5909
2,225,0,Carbono/agua,0.98783,10,8306
2,225,1,Carbono/amonia,0.871075,7,2538
2,225,2,Carbono/acido sulfurico,1,10,5490
2,225,3,Carbono/metano,0.980526,9,1718
2,225,4,Silicio/agua,0.954329,10,8627
2,225,5,Silicio/acido sulfurico,0.98783,10,6134
2,230,0,Carbono/agua,0.98783,10,8843
2,230,1,Carbono/amonia,0.871075,7,2648
2,230,2,Carbono/acido sulfurico,1,10,5695
2,230,3,Carbono/metano,0.980526,9,1790
2,230,4,Silicio/agua,0.959315,10,9185
2,230,5,Silicio/acido sulfurico,0.98783,10,6359
2,235,0,Carbono/agua,0.98783,10,9380
2,235,1,Carbono/amonia,0.881758,8,2759
2,235,2,Carbono/acido sulfurico,1,10,5901
2,235,3,Carbono/metano,0.980526,9,1860
2,235,4,Silicio/agua,0.959315,10,9741
2,235,5,Silicio/acido sulfurico,0.98783,10,6585
2,240,0,Carbono/agua,0.98783,10,9916
2,240,1,Carbono/amonia,0.966513,9,2870
2,240,2,Carbono/acido sulfurico,1,10,6107
2,240,3,Carbono/metano,0.980526,9,1931
2,240,4,Silicio/agua,0.959315,10,10297
2,240,5,Silicio/acido sulfurico,0.98783,10,6811
2,245,0,Carbono/agua,0.98783,10,10452
2,245,1,Carbono/amonia,0.966513,10,2982
2,245,2,Carbono/acido sulfurico,1,10,6314
2,245,3,Carbono/metano,0.980526,9,2001
2,245,4,Silicio/agua,0.959315,10,10852
2,245,5,Silicio/acido sulfurico,0.98783,10,7036
2,250,0,Carbono/agua,0.98783,10,10989
2,250,1,Carbono/amonia,0.966513,10,3094
2,250,2,Carbono/acido sulfurico,1,10,6519
2,250,3,Carbono/metano,0.980526,9,2073
2,250,4,Silicio/agua,0.959315,10,11408
2,250,5,Silicio/acido sulfurico,0.98783,10,7263
2,255,0,Carbono/agua,0.98783,10,11524
2,255,1,Carbono/amonia,0.966513,10,3205
2,255,2,Carbono/acido sulfurico,1,10,6726
2,255,3,Carbono/metano,0.980526,9,2143
2,255,4,Silicio/agua,0.959315,10,11964
2,255,5,Silicio/acido sulfurico,0.98783,10,7489
2,260,0,Carbono/agua,0.98783,10,12062
2,260,1,Carbono/amonia,0.966513,10,3316
2,260,2,Carbono/acido sulfurico,1,10,6934
2,260,3,Carbono/metano,0.980526,10,2213
2,260,4,Silicio/agua,0.959315,10,12519
2,260,5,Silicio/acido sulfurico,0.98783,10,7714
2,265,0,Carbono/agua,0.98783,10,12597
2,265,1,Carbono/amonia,0.985403,10,3426
2,265,2,Carbono/acido sulfurico,1,10,7140
2,265,3,Carbono/metano,0.980526,10,2285
2,265,4,Silicio/agua,0.959315,10,13074
2,265,5,Silicio/acido sulfurico,0.98783,10,7939
2,270,0,Carbono/agua,0.98783,10,13134
2,270,1,Carbono/amonia,1,10,3536
2,270,2,Carbono/acido sulfurico,1,10,7347
2,270,3,Carbono/metano,0.980526,10,2355
2,270,4,Silicio/agua,0.959315,10,13629
2,270,5,Silicio/acido sulfurico,0.98783,10,8165
2,275,0,Carbono/agua,0.98783,10,13670
2,275,1,Carbono/amonia,1,10,3647
2,275,2,Carbono/acido sulfurico,1,10,7553
2,275,3,Carbono/metano,0.980526,10,2426
2,275,4,Silicio/agua,0.959315,10,14184
2,275,5,Silicio/acido sulfurico,0.98783,10,8392
2,280,0,Carbono/agua,0.98783,10,14208
2,280,1,Carbono/amonia,1,10,3760
2,280,2,Carbono/acido sulfurico,1,10,7759
2,280,3,Carbono/metano,0.980526,10,2497
2,280,4,Silicio/agua,0.959315,10,14742
2,280,5,Silicio/acido sulfurico,0.98783,10,8618
2,285,0,Carbono/agua,0.98783,10,14743
2,285,1,Carbono/amonia,1,10,3873
2,285,2,Carbono/acido sulfurico,1,10,7966
2,285,3,Carbono/metano,0.980526,10,2569
2,285,4,Silicio/agua,0.959315,10,15298
2,285,5,Silicio/acido sulfurico,0.98783,10,8844
2,290,0,Carbono/agua,0.98783,10,15279
2,290,1,Carbono/amonia,1,10,3984
2,290,2,Carbono/acido sulfurico,1,10,8171
2,290,3,Carbono/metano,0.980526,9,2619
2,290,4,Silicio/agua,0.959315,10,15855
2,290,5,Silicio/acido sulfurico,0.98783,10,9070
2,295,0,Carbono/agua,0.98783,10,15814
2,295,1,Carbono/amonia,1,10,4095
2,295,2,Carbono/acido sulfurico,1,10,8376
2,295,3,Carbono/metano,0.980526,10,2655
2,295,4,Silicio/agua,0.959315,10,16412
2,295,5,Silicio/acido sulfurico,0.98783,10,9296
2,300,0,Carbono/agua,0.98783,10,16243
2,300,1,Carbono/amonia,1,10,4205
2,300,2,Carbono/acido sulfurico,1,10,8582
2,300,3,Carbono/metano,0.980526,10,2690
2,300,4,Silicio/agua,0.959315,10,16970
2,300,5,Silicio/acido sulfurico,0.98783,10,9522
3,0,0,Carbono/agua,0.506646,1,2
3,0,1,Carbono/amonia,0.571923,1,2
3,0,2,Carbono/acido sulfurico,0.54589,1,2
3,0,3,Carbono/metano,0.463376,1,1
3,0,4,Silicio/agua,0.593229,1,2
3,0,5,Silicio/acido sulfurico,0.564924,1,3
3,5,0,Carbono/agua,0.566177,1,13
3,5,1,Carbono/amonia,0.575894,1,10
3,5,2,Carbono/acido sulfurico,0.577592,1,16
3,5,3,Carbono/metano,0.537899,1,5
3,5,4,Silicio/agua,0.61653,1,15
3,5,5,Silicio/acido sulfurico,0.573671,2,18
3,10,0,Carbono/agua,0.566177,1,26
3,10,1,Carbono/amonia,0.623638,2,20
3,10,2,Carbono/acido sulfurico,0.649188,1,32
3,10,3,Carbono/metano,0.537899,1,10
3,10,4,Silicio/agua,0.702517,3,28
3,10,5,Silicio/acido sulfurico,0.604762,2,34
3,15,0,Carbono/agua,0.566177,1,40
3,15,1,Carbono/amonia,0.668721,3,30
3,15,2,Carbono/acido sulfurico,0.651935,1,49
3,15,3,Carbono/metano,0.545298,1,16
3,15,4,Silicio/agua,0.702517,3,43
3,15,5,Silicio/acido sulfurico,0.664229,3,53
3,20,0,Carbono/agua,0.632777,2,55
3,20,1,Carbono/amonia,0.704388,4,41
3,20,2,Carbono/acido sulfurico,0.70679,3,69
3,20,3,Carbono/metano,0.601482,1,23
3,20,4,Silicio/agua,0.702517,3,58
3,20,5,Silicio/acido sulfurico,0.810641,5,76
3,25,0,Carbono/agua,0.728082,3,70
3,25,1,Carbono/amonia,0.704388,4,55
3,25,2,Carbono/acido sulfurico,0.735461,3,91
3,25,3,Carbono/metano,0.601482,1,31
3,25,4,Silicio/agua,0.716017,3,74
3,25,5,Silicio/acido sulfurico,0.810641,6,100
3,30,0,Carbono/agua,0.75701,3,89
3,30,1,Carbono/amonia,0.704388,4,69
3,30,2,Carbono/acido sulfurico,0.742414,4,116
3,30,3,Carbono/metano,0.601482,1,39
3,30,4,Silicio/agua,0.729608,4,94
3,30,5,Silicio/acido sulfurico,0.810641,6,126
3,35,0,Carbono/agua,0.75701,3,110
3,35,1,Carbono/amonia,0.704388,4,83
3,35,2,Carbono/acido sulfurico,0.770512,4,141
3,35,3,Carbono/metano,0.6253,2,49
3,35,4,Silicio/agua,0.729608,5,117
3,35,5,Silicio/acido sulfurico,0.810641,7,156
3,40,0,Carbono/agua,0.847497,4,133
3,40,1,Carbono/amonia,0.704388,4,98
3,40,2,Carbono/acido sulfurico,0.770512,4,171
3,40,3,Carbono/metano,0.689587,2,59
3,40,4,Silicio/agua,0.798668,5,141
3,40,5,Silicio/acido sulfurico,0.853117,7,189
3,45,0,Carbono/agua,0.862366,4,158
3,45,1,Carbono/amonia,0.761931,4,116
3,45,2,Carbono/acido sulfurico,0.777388,4,203
3,45,3,Carbono/metano,0.689587,2,69
3,45,4,Silicio/agua,0.798668,5,166
3,45,5,Silicio/acido sulfurico,0.882118,9,225
3,50,0,Carbono/agua,0.874945,4,185
3,50,1,Carbono/amonia,0.774827,5,136
3,50,2,Carbono/acido sulfurico,0.783104,5,240
3,50,3,Carbono/metano,0.689587,3,82
3,50,4,Silicio/agua,0.798668,5,195
3,50,5,Silicio/acido sulfurico,0.906251,9,263
3,55,0,Carbono/agua,0.874945,4,215
3,55,1,Carbono/amonia,0.79041,6,158
3,55,2,Carbono/acido sulfurico,0.783104,5,280
3,55,3,Carbono/metano,0.693312,4,96
3,55,4,Silicio/agua,0.811138,4,227
3,55,5,Silicio/acido sulfurico,0.906251,9,307
3,60,0,Carbono/agua,0.874945,6,248
3,60,1,Carbono/amonia,0.799704,6,182
3,60,2,Carbono/acido sulfurico,0.82443,6,325
3,60,3,Carbono/metano,0.71391,4,111
3,60,4,Silicio/agua,0.843558,4,246
3,60,5,Silicio/acido sulfurico,0.906251,9,354
3,65,0,Carbono/agua,0.884519,7,286
3,65,1,Carbono/amonia,0.808727,6,209
3,65,2,Carbono/acido sulfurico,0.82443,6,373
3,65,3,Carbono/metano,0.723839,4,126
3,65,4,Silicio/agua,0.843558,4,264
3,65,5,Silicio/acido sulfurico,0.947721,9,407
3,70,0,Carbono/agua,0.884519,7,325
3,70,1,Carbono/amonia,0.838883,6,237
3,70,2,Carbono/acido sulfurico,0.82443,6,425
3,70,3,Carbono/metano,0.845004,5,143
3,70,4,Silicio/agua,0.885987,5,284
3,70,5,Silicio/acido sulfurico,0.952745,9,465
3,75,0,Carbono/agua,0.884519,8,371
3,75,1,Carbono/amonia,0.838883,6,270
3,75,2,Carbono/acido sulfurico,0.839156,6,484
3,75,3,Carbono/metano,0.845004,6,163
3,75,4,Silicio/agua,0.885987,5,306
3,75,5,Silicio/acido sulfurico,0.952745,9,530
3,80,0,Carbono/agua,0.968461,8,421
3,80,1,Carbono/amonia,0.856346,6,304
3,80,2,Carbono/acido sulfurico,0.855621,6,549
3,80,3,Carbono/metano,0.872582,7,186
3,80,4,Silicio/agua,0.886212,5,338
3,80,5,Silicio/acido sulfurico,0.952745,9,599
3,85,0,Carbono/agua,0.968461,9,477
3,85,1,Carbono/amonia,0.856522,7,343
3,85,2,Carbono/acido sulfurico,0.868608,6,620
3,85,3,Carbono/metano,0.872582,7,211
3,85,4,Silicio/agua,0.894307,5,396
3,85,5,Silicio/acido sulfurico,0.952745,9,677
3,90,0,Carbono/agua,0.968461,9,539
3,90,1,Carbono/amonia,0.895576,7,386
3,90,2,Carbono/acido sulfurico,0.912792,8,698
3,90,3,Carbono/metano,0.87663,7,238
3,90,4,Silicio/agua,0.901601,5,461
3,90,5,Silicio/acido sulfurico,0.952745,9,762
3,95,0,Carbono/agua,0.968461,10,606
3,95,1,Carbono/amonia,0.895576,7,432
3,95,2,Carbono/acido sulfurico,0.912792,9,785
3,95,3,Carbono/metano,0.877297,7,269
3,95,4,Silicio/agua,0.904202,6,531
3,95,5,Silicio/acido sulfurico,0.952745,9,858
3,100,0,Carbono/agua,0.968461,10,682
3,100,1,Carbono/amonia,0.895576,7,483
3,100,2,Carbono/acido sulfurico,0.944332,10,881
3,100,3,Carbono/metano,0.877297,7,300
3,100,4,Silicio/agua,0.904202,6,609
3,100,5,Silicio/acido sulfurico,0.952745,9,963
3,105,0,Carbono/agua,0.968461,10,765
3,105,1,Carbono/amonia,0.895576,7,540
3,105,2,Carbono/acido sulfurico,0.949418,10,986
3,105,3,Carbono/metano,0.914236,7,336
3,105,4,Silicio/agua,0.904202,6,694
3,105,5,Silicio/acido sulfurico,0.966621,9,1078
3,110,0,Carbono/agua,0.968461,10,856
3,110,1,Carbono/amonia,0.895576,7,604
3,110,2,Carbono/acido sulfurico,0.952938,10,1104
3,110,3,Carbono/metano,0.914236,7,377
3,110,4,Silicio/agua,0.915848,6,789
3,110,5,Silicio/acido sulfurico,0.966621,9,1206
3,115,0,Carbono/agua,0.971533,10,957
3,115,1,Carbono/amonia,0.915401,7,673
3,115,2,Carbono/acido sulfurico,0.974211,10,1233
3,115,3,Carbono/metano,0.914236,7,423
3,115,4,Silicio/agua,0.915848,6,894
3,115,5,Silicio/acido sulfurico,0.966621,9,1347
3,120,0,Carbono/agua,0.971533,10,1066
3,120,1,Carbono/amonia,0.918801,7,751
3,120,2,Carbono/acido sulfurico,0.982376,10,1375
3,120,3,Carbono/metano,0.914236,7,473
3,120,4,Silicio/agua,0.915848,7,1009
3,120,5,Silicio/acido sulfurico,0.967455,9,1503
3,125,0,Carbono/agua,1,10,1189
3,125,1,Carbono/amonia,0.918801,7,837
3,125,2,Carbono/acido sulfurico,0.988807,10,1532
3,125,3,Carbono/metano,0.919178,7,525
3,125,4,Silicio/agua,0.915848,8,1135
3,125,5,Silicio/acido sulfurico,0.980526,9,1675
3,130,0,Carbono/agua,1,10,1323
3,130,1,Carbono/amonia,0.918801,7,930
3,130,2,Carbono/acido sulfurico,1,10,1705
3,130,3,Carbono/metano,0.922478,7,583
3,130,4,Silicio/agua,0.915848,9,1276
3,130,5,Silicio/acido sulfurico,0.980526,9,1866
3,135,0,Carbono/agua,1,10,1473
3,135,1,Carbono/amonia,0.918801,8,1034
3,135,2,Carbono/acido sulfurico,1,10,1897
3,135,3,Carbono/metano,0.933328,7,651
3,135,4,Silicio/agua,0.915848,9,1432
3,135,5,Silicio/acido sulfurico,0.980526,9,2077
3,140,0,Carbono/agua,1,10,1637
3,140,1,Carbono/amonia,0.918801,9,1144
3,140,2,Carbono/acido sulfurico,1,10,2103
3,140,3,Carbono/metano,0.933328,7,722
3,140,4,Silicio/agua,0.915848,9,1603
3,140,5,Silicio/acido sulfurico,0.980526,9,2301
3,145,0,Carbono/agua,1,10,1819
3,145,1,Carbono/amonia,0.918801,9,1256
3,145,2,Carbono/acido sulfurico,1,10,2308
3,145,3,Carbono/metano,0.933328,7,793
3,145,4,Silicio/agua,0.915622,7,1772
3,145,5,Silicio/acido sulfurico,0.980526,9,2527
3,150,0,Carbono/agua,1,10,2019
3,150,1,Carbono/amonia,0.918801,9,1367
3,150,2,Carbono/acido sulfurico,1,10,2513
3,150,3,Carbono/metano,0.933328,7,864
3,150,4,Silicio/agua,0.915622,8,1875
3,150,5,Silicio/acido sulfurico,0.980526,9,2752
3,155,0,Carbono/agua,1,10,2240
3,155,1,Carbono/amonia,0.918801,9,1477
3,155,2,Carbono/acido sulfurico,1,10,2718
3,155,3,Carbono/metano,0.933328,8,935
3,155,4,Silicio/agua,0.915848,8,1990
3,155,5,Silicio/acido sulfurico,0.980526,10,2978
3,160,0,Carbono/agua,1,10,2485
3,160,1,Carbono/amonia,0.934922,9,1588
3,160,2,Carbono/acido sulfurico,1,10,2924
3,160,3,Carbono/metano,0.933328,8,1006
3,160,4,Silicio/agua,0.915848,9,2116
3,160,5,Silicio/acido sulfurico,0.980526,10,3205
3,165,0,Carbono/agua,1,10,2755
3,165,1,Carbono/amonia,0.980526,9,1699
3,165,2,Carbono/acido sulfurico,1,10,3130
3,165,3,Carbono/metano,0.933328,8,1077
3,165,4,Silicio/agua,0.915848,9,2257
3,165,5,Silicio/acido sulfurico,0.980526,10,3431
3,170,0,Carbono/agua,1,10,3054
3,170,1,Carbono/amonia,0.980526,9,1809
3,170,2,Carbono/acido sulfurico,1,10,3337
3,170,3,Carbono/metano,0.933328,8,1148
3,170,4,Silicio/agua,0.915848,9,2478
3,170,5,Silicio/acido sulfurico,0.980526,10,3656
3,175,0,Carbono/agua,1,10,3384
3,175,1,Carbono/amonia,0.980526,9,1919
3,175,2,Carbono/acido sulfurico,1,10,3543
3,175,3,Carbono/metano,0.933328,8,1220
3,175,4,Silicio/agua,0.915848,9,2820
3,175,5,Silicio/acido sulfurico,0.980526,10,3881
3,180,0,Carbono/agua,1,10,3749
3,180,1,Carbono/amonia,0.980526,9,2030
3,180,2,Carbono/acido sulfurico,1,10,3750
3,180,3,Carbono/metano,0.933328,8,1290
3,180,4,Silicio/agua,0.915848,9,3197
3,180,5,Silicio/acido sulfurico,0.980526,10,4109
3,185,0,Carbono/agua,1,10,4151
3,185,1,Carbono/amonia,0.980526,9,2140
3,185,2,Carbono/acido sulfurico,1,10,3957
3,185,3,Carbono/metano,0.933328,8,1362
3,185,4,Silicio/agua,0.915848,9,3615
3,185,5,Silicio/acido sulfurico,0.980526,10,4334
3,190,0,Carbono/agua,1,10,4597
3,190,1,Carbono/amonia,0.980526,9,2252
3,190,2,Carbono/acido sulfurico,1,10,4163
3,190,3,Carbono/metano,0.933328,8,1433
3,190,4,Silicio/agua,0.915848,10,4075
3,190,5,Silicio/acido sulfurico,0.980526,10,4559
3,195,0,Carbono/agua,1,10,5086
3,195,1,Carbono/amonia,1,9,2363
3,195,2,Carbono/acido sulfurico,1,10,4369
3,195,3,Carbono/metano,0.933328,8,1504
3,195,4,Silicio/agua,0.915848,10,4584
3,195,5,Silicio/acido sulfurico,0.980526,10,4784
3,200,0,Carbono/agua,1,10,5619
3,200,1,Carbono/amonia,1,9,2474
3,200,2,Carbono/acido sulfurico,1,10,4574
3,200,3,Carbono/metano,0.933328,8,1577
3,200,4,Silicio/agua,0.915848,10,5139
3,200,5,Silicio/acido sulfurico,0.980526,10,5010
3,205,0,Carbono/agua,1,10,6156
3,205,1,Carbono/amonia,1,10,2585
3,205,2,Carbono/acido sulfurico,1,10,4780
3,205,3,Carbono/metano,0.933328,8,1648
3,205,4,Silicio/agua,0.946238,10,5695
3,205,5,Silicio/acido sulfurico,0.980526,10,5239
3,210,0,Carbono/agua,1,10,6693
3,210,1,Carbono/amonia,1,10,2697
3,210,2,Carbono/acido sulfurico,1,9,4945
3,210,3,Carbono/metano,0.933328,8,1718
3,210,4,Silicio/agua,0.97215,10,6252
3,210,5,Silicio/acido sulfurico,0.980526,10,5464
3,215,0,Carbono/agua,1,10,7229
3,215,1,Carbono/amonia,1,10,2809
3,215,2,Carbono/acido sulfurico,1,9,5046
3,215,3,Carbono/metano,0.933328,8,1788
3,215,4,Silicio/agua,0.988807,10,6807
3,215,5,Silicio/acido sulfurico,0.980526,10,5689
3,220,0,Carbono/agua,1,10,7765
3,220,1,Carbono/amonia,1,10,2919
3,220,2,Carbono/acido sulfurico,1,10,5151
3,220,3,Carbono/metano,0.933328,8,1860
3,220,4,Silicio/agua,1,10,7362
3,220,5,Silicio/acido sulfurico,0.980526,10,5914
3,225,0,Carbono/agua,1,10,8302
3,225,1,Carbono/amonia,1,10,3029
3,225,2,Carbono/acido sulfurico,1,10,5253
3,225,3,Carbono/metano,0.933328,8,1930
3,225,4,Silicio/agua,1,10,7921
3,225,5,Silicio/acido sulfurico,0.980526,10,6140
3,230,0,Carbono/agua,1,10,8837
3,230,1,Carbono/amonia,1,10,3141
3,230,2,Carbono/acido sulfurico,1,10,5355
3,230,3,Carbono/metano,0.933328,8,2001
3,230,4,Silicio/agua,1,10,8477
3,230,5,Silicio/acido sulfurico,0.980526,10,6365
3,235,0,Carbono/agua,1,10,9372
3,235,1,Carbono/amonia,1,10,3251
3,235,2,Carbono/acido sulfurico,1,10,5519
3,235,3,Carbono/metano,0.933328,8,2072
3,235,4,Silicio/agua,1,10,9033
3,235,5,Silicio/acido sulfurico,0.980526,10,6590
3,240,0,Carbono/agua,1,10,9907
3,240,1,Carbono/amonia,1,10,3364
3,240,2,Carbono/acido sulfurico,1,10,5725
3,240,3,Carbono/metano,0.933328,8,2144
3,240,4,Silicio/agua,1,10,9589
3,240,5,Silicio/acido sulfurico,0.980526,10,6816
3,245,0,Carbono/agua,1,10,10444
3,245,1,Carbono/amonia,1,10,3475
3,245,2,Carbono/acido sulfurico,1,10,5930
3,245,3,Carbono/metano,0.933328,8,2216
3,245,4,Silicio/agua,1,10,10145
3,245,5,Silicio/acido sulfurico,0.980526,10,7041
3,250,0,Carbono/agua,1,10,10980
3,250,1,Carbono/amonia,1,10,3587
3,250,2,Carbono/acido sulfurico,1,10,6135
3,250,3,Carbono/metano,0.933328,8,2287
3,250,4,Silicio/agua,1,10,10478
3,250,5,Silicio/acido sulfurico,0.980526,10,7268
3,255,0,Carbono/agua,1,10,11517
3,255,1,Carbono/amonia,1,10,3698
3,255,2,Carbono/acido sulfurico,1,10,6340
3,255,3,Carbono/metano,0.933328,8,2357
3,255,4,Silicio/agua,1,10,10754
3,255,5,Silicio/acido sulfurico,0.980526,8,7471
3,260,0,Carbono/agua,1,10,12053
3,260,1,Carbono/amonia,1,10,3809
3,260,2,Carbono/acido sulfurico,1,10,6547
3,260,3,Carbono/metano,0.933328,8,2428
3,260,4,Silicio/agua,1,10,11034
3,260,5,Silicio/acido sulfurico,0.980526,10,7584
3,265,0,Carbono/agua,1,10,12588
3,265,1,Carbono/amonia,1,10,3922
3,265,2,Carbono/acido sulfurico,1,10,6753
3,265,3,Carbono/metano,0.933328,8,2500
3,265,4,Silicio/agua,1,10,11312
3,265,5,Silicio/acido sulfurico,0.980526,10,7695
3,270,0,Carbono/agua,1,10,13125
3,270,1,Carbono/amonia,1,10,4034
3,270,2,Carbono/acido sulfurico,1,10,6960
3,270,3,Carbono/metano,0.933328,8,2572
3,270,4,Silicio/agua,1,10,11590
3,270,5,Silicio/acido sulfurico,0.980526,10,7810
3,275,0,Carbono/agua,1,10,13661
3,275,1,Carbono/amonia,0.988807,5,4133
3,275,2,Carbono/acido sulfurico,1,10,7165
3,275,3,Carbono/metano,0.933328,8,2644
3,275,4,Silicio/agua,1,10,12147
3,275,5,Silicio/acido sulfurico,0.980526,10,7922
3,280,0,Carbono/agua,1,10,14197
3,280,1,Carbono/amonia,1,8,4189
3,280,2,Carbono/acido sulfurico,1,10,7370
3,280,3,Carbono/metano,0.933328,8,2714
3,280,4,Silicio/agua,1,10,12705
3,280,5,Silicio/acido sulfurico,0.980526,10,8081
3,285,0,Carbono/agua,1,10,14733
3,285,1,Carbono/amonia,1,9,4244
3,285,2,Carbono/acido sulfurico,1,10,7575
3,285,3,Carbono/metano,0.933328,8,2784
3,285,4,Silicio/agua,1,10,13261
3,285,5,Silicio/acido sulfurico,0.980526,10,8306
3,290,0,Carbono/agua,1,10,15269
3,290,1,Carbono/amonia,1,9,4300
3,290,2,Carbono/acido sulfurico,1,10,7782
3,290,3,Carbono/metano,0.933328,8,2856
3,290,4,Silicio/agua,1,10,13818
3,290,5,Silicio/acido sulfurico,0.980526,10,8533
3,295,0,Carbono/agua,1,10,15806
3,295,1,Carbono/amonia,1,10,4357
3,295,2,Carbono/acido sulfurico,1,10,7990
3,295,3,Carbono/metano,0.933328,8,2927
3,295,4,Silicio/agua,1,10,14374
3,295,5,Silicio/acido sulfurico,0.980526,10,8758
3,300,0,Carbono/agua,1,10,16342
3,300,1,Carbono/amonia,1,10,4434
3,300,2,Carbono/acido sulfurico,1,10,8195
3,300,3,Carbono/metano,0.933328,8,2998
3,300,4,Silicio/agua,1,10,14930
3,300,5,Silicio/acido sulfurico,0.980526,10,8985
4,0,0,Carbono/agua,0.595072,1,3
4,0,1,Carbono/amonia,0.458475,1,1
4,0,2,Carbono/acido sulfurico,0.619358,3,3
4,0,3,Carbono/metano,0.453035,1,1
4,0,4,Silicio/agua,0.646486,2,2
4,0,5,Silicio/acido sulfurico,0.546446,1,3
4,5,0,Carbono/agua,0.674766,2,15
4,5,1,Carbono/amonia,0.617539,1,9
4,5,2,Carbono/acido sulfurico,0.627728,4,18
4,5,3,Carbono/metano,0.599721,2,6
4,5,4,Silicio/agua,0.679768,2,14
4,5,5,Silicio/acido sulfurico,0.627981,1,18
4,10,0,Carbono/agua,0.73741,4,29
4,10,1,Carbono/amonia,0.617539,1,17
4,10,2,Carbono/acido sulfurico,0.705318,5,33
4,10,3,Carbono/metano,0.776676,2,11
4,10,4,Silicio/agua,0.702839,2,27
4,10,5,Silicio/acido sulfurico,0.627981,2,36
4,15,0,Carbono/agua,0.743659,4,43
4,15,1,Carbono/amonia,0.617539,1,27
4,15,2,Carbono/acido sulfurico,0.705318,5,51
4,15,3,Carbono/metano,0.776676,3,18
4,15,4,Silicio/agua,0.730603,3,41
4,15,5,Silicio/acido sulfurico,0.741945,3,56
4,20,0,Carbono/agua,0.743659,5,58
4,20,1,Carbono/amonia,0.617539,2,37
4,20,2,Carbono/acido sulfurico,0.705318,5,71
4,20,3,Carbono/metano,0.782971,4,26
4,20,4,Silicio/agua,0.75596,3,57
4,20,5,Silicio/acido sulfurico,0.755498,4,77
4,25,0,Carbono/agua,0.762842,5,74
4,25,1,Carbono/amonia,0.671621,2,50
4,25,2,Carbono/acido sulfurico,0.72285,5,93
4,25,3,Carbono/metano,0.782971,4,33
4,25,4,Silicio/agua,0.767981,4,75
4,25,5,Silicio/acido sulfurico,0.827182,6,100
4,30,0,Carbono/agua,0.762842,5,94
4,30,1,Carbono/amonia,0.674396,2,63
4,30,2,Carbono/acido sulfurico,0.72285,5,116
4,30,3,Carbono/metano,0.782971,4,41
4,30,4,Silicio/agua,0.767981,4,94
4,30,5,Silicio/acido sulfurico,0.827182,7,127
4,35,0,Carbono/agua,0.762842,6,115
4,35,1,Carbono/amonia,0.674396,2,77
4,35,2,Carbono/acido sulfurico,0.742104,6,145
4,35,3,Carbono/metano,0.782971,4,50
4,35,4,Silicio/agua,0.767981,5,116
4,35,5,Silicio/acido sulfurico,0.827182,8,157
4,40,0,Carbono/agua,0.762842,6,140
4,40,1,Carbono/amonia,0.674396,2,92
4,40,2,Carbono/acido sulfurico,0.747819,6,174
4,40,3,Carbono/metano,0.799031,4,60
4,40,4,Silicio/agua,0.767981,5,140
4,40,5,Silicio/acido sulfurico,0.827182,9,187
4,45,0,Carbono/agua,0.762842,6,166
4,45,1,Carbono/amonia,0.674396,3,108
4,45,2,Carbono/acido sulfurico,0.756803,6,208
4,45,3,Carbono/metano,0.799031,4,70
4,45,4,Silicio/agua,0.767981,5,166
4,45,5,Silicio/acido sulfurico,0.864968,9,222
4,50,0,Carbono/agua,0.809066,8,193
4,50,1,Carbono/amonia,0.674396,3,127
4,50,2,Carbono/acido sulfurico,0.766689,6,245
4,50,3,Carbono/metano,0.805382,4,82
4,50,4,Silicio/agua,0.788815,5,196
4,50,5,Silicio/acido sulfurico,0.864968,9,262
4,55,0,Carbono/agua,0.809066,9,223
4,55,1,Carbono/amonia,0.769526,4,147
4,55,2,Carbono/acido sulfurico,0.766689,6,283
4,55,3,Carbono/metano,0.805382,4,97
4,55,4,Silicio/agua,0.788815,5,230
4,55,5,Silicio/acido sulfurico,0.864968,9,304
4,60,0,Carbono/agua,0.810493,9,256
4,60,1,Carbono/amonia,0.769526,4,171
4,60,2,Carbono/acido sulfurico,0.816405,6,327
4,60,3,Carbono/metano,0.805382,4,112
4,60,4,Silicio/agua,0.81226,5,266
4,60,5,Silicio/acido sulfurico,0.915704,10,352
4,65,0,Carbono/agua,0.816066,9,293
4,65,1,Carbono/amonia,0.769526,5,197
4,65,2,Carbono/acido sulfurico,0.826972,6,375
4,65,3,Carbono/metano,0.816431,4,128
4,65,4,Silicio/agua,0.83099,5,305
4,65,5,Silicio/acido sulfurico,0.915704,10,405
4,70,0,Carbono/agua,0.834624,9,336
4,70,1,Carbono/amonia,0.769526,5,225
4,70,2,Carbono/acido sulfurico,0.866931,6,428
4,70,3,Carbono/metano,0.816431,4,145
4,70,4,Silicio/agua,0.836415,5,348
4,70,5,Silicio/acido sulfurico,0.941023,10,463
4,75,0,Carbono/agua,0.865525,9,383
4,75,1,Carbono/amonia,0.769526,5,258
4,75,2,Carbono/acido sulfurico,0.868882,8,487
4,75,3,Carbono/metano,0.834713,4,164
4,75,4,Silicio/agua,0.836415,5,395
4,75,5,Silicio/acido sulfurico,0.952206,10,528
4,80,0,Carbono/agua,0.883967,9,432
4,80,1,Carbono/amonia,0.836896,5,292
4,80,2,Carbono/acido sulfurico,0.868882,8,550
4,80,3,Carbono/metano,0.834713,4,187
4,80,4,Silicio/agua,0.886821,6,448
4,80,5,Silicio/acido sulfurico,0.952206,10,598
4,85,0,Carbono/agua,0.883967,10,486
4,85,1,Carbono/amonia,0.836896,6,332
4,85,2,Carbono/acido sulfurico,0.89133,8,622
4,85,3,Carbono/metano,0.835135,5,212
4,85,4,Silicio/agua,0.886821,6,506
4,85,5,Silicio/acido sulfurico,0.963945,10,677
4,90,0,Carbono/agua,0.909266,10,548
4,90,1,Carbono/amonia,0.836896,6,374
4,90,2,Carbono/acido sulfurico,0.954708,10,700
4,90,3,Carbono/metano,0.835135,6,239
4,90,4,Silicio/agua,0.916198,6,569
4,90,5,Silicio/acido sulfurico,0.970008,10,763
4,95,0,Carbono/agua,0.909266,10,616
4,95,1,Carbono/amonia,0.836896,8,421
4,95,2,Carbono/acido sulfurico,0.892153,7,777
4,95,3,Carbono/metano,0.835135,6,269
4,95,4,Silicio/agua,0.935256,6,639
4,95,5,Silicio/acido sulfurico,0.970008,10,857
4,100,0,Carbono/agua,0.909266,10,689
4,100,1,Carbono/amonia,0.843253,9,473
4,100,2,Carbono/acido sulfurico,1,9,825
4,100,3,Carbono/metano,0.837113,6,303
4,100,4,Silicio/agua,0.935256,6,716
4,100,5,Silicio/acido sulfurico,0.970008,10,960
4,105,0,Carbono/agua,0.911859,10,772
4,105,1,Carbono/amonia,0.880255,9,528
4,105,2,Carbono/acido sulfurico,1,10,878
4,105,3,Carbono/metano,0.853353,6,340
4,105,4,Silicio/agua,0.937158,6,802
4,105,5,Silicio/acido sulfurico,0.970008,10,1075
4,110,0,Carbono/agua,0.959315,10,863
4,110,1,Carbono/amonia,0.880255,9,591
4,110,2,Carbono/acido sulfurico,1,10,935
4,110,3,Carbono/metano,0.868513,7,381
4,110,4,Silicio/agua,0.942978,6,896
4,110,5,Silicio/acido sulfurico,0.982287,10,1202
4,115,0,Carbono/agua,0.959315,10,963
4,115,1,Carbono/amonia,0.923884,10,661
4,115,2,Carbono/acido sulfurico,1,10,1000
4,115,3,Carbono/metano,0.888688,8,426
4,115,4,Silicio/agua,0.963044,6,1000
4,115,5,Silicio/acido sulfurico,0.982287,10,1344
4,120,0,Carbono/agua,0.959315,10,1074
4,120,1,Carbono/amonia,0.923884,10,738
4,120,2,Carbono/acido sulfurico,1,10,1100
4,120,3,Carbono/metano,0.903717,9,473
4,120,4,Silicio/agua,0.982287,7,1115
4,120,5,Silicio/acido sulfurico,0.98783,10,1500
4,125,0,Carbono/agua,0.959315,10,1195
4,125,1,Carbono/amonia,0.923884,10,821
4,125,2,Carbono/acido sulfurico,1,10,1257
4,125,3,Carbono/metano,0.903717,9,530
4,125,4,Silicio/agua,0.98783,7,1244
4,125,5,Silicio/acido sulfurico,0.98783,10,1672
4,130,0,Carbono/agua,0.959315,10,1329
4,130,1,Carbono/amonia,0.939918,10,914
4,130,2,Carbono/acido sulfurico,1,10,1430
4,130,3,Carbono/metano,0.903717,9,589
4,130,4,Silicio/agua,0.98783,7,1385
4,130,5,Silicio/acido sulfurico,0.98783,10,1862
4,135,0,Carbono/agua,0.959315,10,1479
4,135,1,Carbono/amonia,0.939918,10,1019
4,135,2,Carbono/acido sulfurico,1,10,1622
4,135,3,Carbono/metano,0.903717,9,656
4,135,4,Silicio/agua,0.98783,7,1540
4,135,5,Silicio/acido sulfurico,0.98783,10,2072
4,140,0,Carbono/agua,0.960939,10,1644
4,140,1,Carbono/amonia,0.974211,10,1130
4,140,2,Carbono/acido sulfurico,1,10,1826
4,140,3,Carbono/metano,0.903717,9,729
4,140,4,Silicio/agua,0.98783,7,1711
4,140,5,Silicio/acido sulfurico,0.98783,10,2296
4,145,0,Carbono/agua,0.960939,10,1826
4,145,1,Carbono/amonia,0.976002,10,1240
4,145,2,Carbono/acido sulfurico,1,10,2032
4,145,3,Carbono/metano,0.926808,9,802
4,145,4,Silicio/agua,0.98783,7,1899
4,145,5,Silicio/acido sulfurico,0.98783,10,2522
4,150,0,Carbono/agua,0.960939,10,2026
4,150,1,Carbono/amonia,0.985403,10,1352
4,150,2,Carbono/acido sulfurico,1,10,2238
4,150,3,Carbono/metano,0.938302,9,872
4,150,4,Silicio/agua,0.98783,7,2108
4,150,5,Silicio/acido sulfurico,0.98783,10,2747
4,155,0,Carbono/agua,0.960939,10,2250
4,155,1,Carbono/amonia,0.985403,10,1462
4,155,2,Carbono/acido sulfurico,1,10,2444
4,155,3,Carbono/metano,0.959315,9,943
4,155,4,Silicio/agua,0.98783,7,2339
4,155,5,Silicio/acido sulfurico,0.98783,10,2974
4,160,0,Carbono/agua,0.988807,10,2495
4,160,1,Carbono/amonia,0.985403,10,1574
4,160,2,Carbono/acido sulfurico,1,10,2650
4,160,3,Carbono/metano,0.959315,9,1014
4,160,4,Silicio/agua,0.98783,7,2593
4,160,5,Silicio/acido sulfurico,0.98783,10,3199
4,165,0,Carbono/agua,1,10,2766
4,165,1,Carbono/amonia,1,10,1685
4,165,2,Carbono/acido sulfurico,1,10,2855
4,165,3,Carbono/metano,0.959315,9,1085
4,165,4,Silicio/agua,0.98783,7,2874
4,165,5,Silicio/acido sulfurico,0.98783,10,3424
4,170,0,Carbono/agua,1,10,3064
4,170,1,Carbono/amonia,1,10,1797
4,170,2,Carbono/acido sulfurico,1,10,3061
4,170,3,Carbono/metano,0.959315,9,1155
4,170,4,Silicio/agua,0.98783,7,3183
4,170,5,Silicio/acido sulfurico,0.98783,10,3651
4,175,0,Carbono/agua,1,10,3393
4,175,1,Carbono/amonia,1,10,1910
4,175,2,Carbono/acido sulfurico,1,10,3268
4,175,3,Carbono/metano,0.959315,9,1227
4,175,4,Silicio/agua,0.98783,7,3526
4,175,5,Silicio/acido sulfurico,0.98783,10,3877
4,180,0,Carbono/agua,1,10,3758
4,180,1,Carbono/amonia,1,10,2020
4,180,2,Carbono/acido sulfurico,1,10,3473
4,180,3,Carbono/metano,0.959315,9,1297
4,180,4,Silicio/agua,0.98783,7,3906
4,180,5,Silicio/acido sulfurico,0.98783,10,4102
4,185,0,Carbono/agua,1,10,4161
4,185,1,Carbono/amonia,1,10,2132
4,185,2,Carbono/acido sulfurico,1,10,3678
4,185,3,Carbono/metano,0.959315,9,1368
4,185,4,Silicio/agua,0.98783,9,4325
4,185,5,Silicio/acido sulfurico,0.98783,10,4328
4,190,0,Carbono/agua,1,10,4605
4,190,1,Carbono/amonia,1,10,2244
4,190,2,Carbono/acido sulfurico,1,10,3884
4,190,3,Carbono/metano,0.959315,9,1440
4,190,4,Silicio/agua,0.98783,9,4788
4,190,5,Silicio/acido sulfurico,0.98783,10,4555
4,195,0,Carbono/agua,1,10,5095
4,195,1,Carbono/amonia,1,10,2354
4,195,2,Carbono/acido sulfurico,1,10,4089
4,195,3,Carbono/metano,0.959315,9,1510
4,195,4,Silicio/agua,0.98783,9,5297
4,195,5,Silicio/acido sulfurico,0.98783,10,4781
4,200,0,Carbono/agua,1,10,5625
4,200,1,Carbono/amonia,1,10,2464
4,200,2,Carbono/acido sulfurico,1,10,4295
4,200,3,Carbono/metano,0.959315,9,1580
4,200,4,Silicio/agua,0.98783,10,5850
4,200,5,Silicio/acido sulfurico,0.98783,10,5006
4,205,0,Carbono/agua,1,10,6160
4,205,1,Carbono/amonia,1,10,2575
4,205,2,Carbono/acido sulfurico,1,10,4501
4,205,3,Carbono/metano,0.959315,9,1651
4,205,4,Silicio/agua,0.98783,10,6409
4,205,5,Silicio/acido sulfurico,0.98783,10,5231
4,210,0,Carbono/agua,1,10,6696
4,210,1,Carbono/amonia,1,10,2685
4,210,2,Carbono/acido sulfurico,1,10,4706
4,210,3,Carbono/metano,0.959315,9,1721
4,210,4,Silicio/agua,0.98783,10,6964
4,210,5,Silicio/acido sulfurico,0.98783,10,5458
4,215,0,Carbono/agua,1,10,7233
4,215,1,Carbono/amonia,1,10,2795
4,215,2,Carbono/acido sulfurico,1,10,4912
4,215,3,Carbono/metano,0.959315,9,1792
4,215,4,Silicio/agua,0.98783,10,7522
4,215,5,Silicio/acido sulfurico,0.98783,10,5684
4,220,0,Carbono/agua,1,10,7768
4,220,1,Carbono/amonia,1,10,2906
4,220,2,Carbono/acido sulfurico,1,10,5118
4,220,3,Carbono/metano,0.959315,9,1866
4,220,4,Silicio/agua,0.98783,10,8078
4,220,5,Silicio/acido sulfurico,0.98783,10,5909
4,225,0,Carbono/agua,1,10,8303
4,225,1,Carbono/amonia,1,10,3017
4,225,2,Carbono/acido sulfurico,1,10,5324
4,225,3,Carbono/metano,0.959315,9,1939
4,225,4,Silicio/agua,0.98783,10,8635
4,225,5,Silicio/acido sulfurico,0.98783,10,6137
4,230,0,Carbono/agua,1,10,8840
4,230,1,Carbono/amonia,1,10,3128
4,230,2,Carbono/acido sulfurico,1,10,5530
4,230,3,Carbono/metano,0.959315,9,2009
4,230,4,Silicio/agua,0.98783,7,9191
4,230,5,Silicio/acido sulfurico,0.98783,10,6364
4,235,0,Carbono/agua,1,10,9377
4,235,1,Carbono/amonia,1,10,3240
4,235,2,Carbono/acido sulfurico,1,10,5736
4,235,3,Carbono/metano,0.959315,9,2080
4,235,4,Silicio/agua,0.979893,7,9469
4,235,5,Silicio/acido sulfurico,0.98783,10,6590
4,240,0,Carbono/agua,1,10,9915
4,240,1,Carbono/amonia,1,10,3351
4,240,2,Carbono/acido sulfurico,1,10,5943
4,240,3,Carbono/metano,0.959315,9,2153
4,240,4,Silicio/agua,0.98602,7,9746
4,240,5,Silicio/acido sulfurico,0.98783,10,6817
4,245,0,Carbono/agua,1,10,10452
4,245,1,Carbono/amonia,1,10,3462
4,245,2,Carbono/acido sulfurico,1,10,6150
4,245,3,Carbono/metano,0.959315,9,2224
4,245,4,Silicio/agua,0.98783,7,10026
4,245,5,Silicio/acido sulfurico,0.98783,10,7043
4,250,0,Carbono/agua,1,10,10988
4,250,1,Carbono/amonia,1,10,3573
4,250,2,Carbono/acido sulfurico,1,10,6357
4,250,3,Carbono/metano,0.959315,9,2295
4,250,4,Silicio/agua,0.98783,8,10305
4,250,5,Silicio/acido sulfurico,0.98783,10,7268
4,255,0,Carbono/agua,1,10,11524
4,255,1,Carbono/amonia,1,10,3686
4,255,2,Carbono/acido sulfurico,1,10,6565
4,255,3,Carbono/metano,0.971533,8,2353
4,255,4,Silicio/agua,0.98783,9,10583
4,255,5,Silicio/acido sulfurico,0.98783,10,7493
4,260,0,Carbono/agua,1,10,12059
4,260,1,Carbono/amonia,1,10,3798
4,260,2,Carbono/acido sulfurico,1,10,6771
4,260,3,Carbono/metano,0.971533,8,2390
4,260,4,Silicio/agua,0.98783,9,10972
4,260,5,Silicio/acido sulfurico,0.98783,10,7719
4,265,0,Carbono/agua,1,10,12594
4,265,1,Carbono/amonia,1,10,3909
4,265,2,Carbono/acido sulfurico,1,10,6978
4,265,3,Carbono/metano,0.971533,8,2426
4,265,4,Silicio/agua,0.98783,10,11531
4,265,5,Silicio/acido sulfurico,0.98783,10,7946
4,270,0,Carbono/agua,1,10,13130
4,270,1,Carbono/amonia,1,10,4022
4,270,2,Carbono/acido sulfurico,1,10,7183
4,270,3,Carbono/metano,0.971533,8,2462
4,270,4,Silicio/agua,0.98783,10,12090
4,270,5,Silicio/acido sulfurico,0.98783,10,8172
4,275,0,Carbono/agua,1,10,13665
4,275,1,Carbono/amonia,1,10,4133
4,275,2,Carbono/acido sulfurico,1,10,7390
4,275,3,Carbono/metano,0.971533,8,2498
4,275,4,Silicio/agua,0.98783,10,12647
4,275,5,Silicio/acido sulfurico,0.98783,10,8397
4,280,0,Carbono/agua,1,10,14200
4,280,1,Carbono/amonia,1,10,4243
4,280,2,Carbono/acido sulfurico,1,10,7596
4,280,3,Carbono/metano,0.971533,9,2556
4,280,4,Silicio/agua,0.98783,10,13203
4,280,5,Silicio/acido sulfurico,0.98783,10,8623
4,285,0,Carbono/agua,1,10,14737
4,285,1,Carbono/amonia,1,10,4354
4,285,2,Carbono/acido sulfurico,1,10,7801
4,285,3,Carbono/metano,0.971533,9,2626
4,285,4,Silicio/agua,0.98783,10,13758
4,285,5,Silicio/acido sulfurico,0.98783,10,8849
4,290,0,Carbono/agua,1,10,15274
4,290,1,Carbono/amonia,1,10,4464
4,290,2,Carbono/acido sulfurico,1,10,8008
4,290,3,Carbono/metano,0.971533,9,2697
4,290,4,Silicio/agua,0.98783,10,14313
4,290,5,Silicio/acido sulfurico,0.98783,10,9074
4,295,0,Carbono/agua,1,10,15810
4,295,1,Carbono/amonia,1,10,4576
4,295,2,Carbono/acido sulfurico,1,10,8214
4,295,3,Carbono/metano,0.971533,9,2767
4,295,4,Silicio/agua,0.98783,10,14870
4,295,5,Silicio/acido sulfurico,0.98783,10,9301
4,300,0,Carbono/agua,1,10,16346
4,300,1,Carbono/amonia,1,10,4688
4,300,2,Carbono/acido sulfurico,1,10,8422
4,300,3,Carbono/metano,0.971533,9,2838
4,300,4,Silicio/agua,0.98783,10,15428
4,300,5,Silicio/acido sulfurico,0.98783,10,9526
5,0,0,Carbono/agua,0.530607,1,2
5,0,1,Carbono/amonia,0.509883,1,2
5,0,2,Carbono/acido sulfurico,0.586961,2,2
5,0,3,Carbono/metano,0.489208,1,1
5,0,4,Silicio/agua,0.523993,1,2
5,0,5,Silicio/acido sulfurico,0.487494,1,3
5,5,0,Carbono/agua,0.782809,3,17
5,5,1,Carbono/amonia,0.579389,2,10
5,5,2,Carbono/acido sulfurico,0.67641,4,17
5,5,3,Carbono/metano,0.609349,1,6
5,5,4,Silicio/agua,0.580394,2,13
5,5,5,Silicio/acido sulfurico,0.577576,1,18
5,10,0,Carbono/agua,0.782809,3,29
5,10,1,Carbono/amonia,0.699245,3,19
5,10,2,Carbono/acido sulfurico,0.67641,4,34
5,10,3,Carbono/metano,0.650164,1,12
5,10,4,Silicio/agua,0.580394,2,23
5,10,5,Silicio/acido sulfurico,0.609542,1,35
5,15,0,Carbono/agua,0.782809,3,42
5,15,1,Carbono/amonia,0.699245,3,28
5,15,2,Carbono/acido sulfurico,0.68633,4,52
5,15,3,Carbono/metano,0.654582,1,18
5,15,4,Silicio/agua,0.675268,2,37
5,15,5,Silicio/acido sulfurico,0.682031,2,55
5,20,0,Carbono/agua,0.782809,4,57
5,20,1,Carbono/amonia,0.719694,3,38
5,20,2,Carbono/acido sulfurico,0.729857,5,72
5,20,3,Carbono/metano,0.654582,1,24
5,20,4,Silicio/agua,0.675268,2,54
5,20,5,Silicio/acido sulfurico,0.75616,4,78
5,25,0,Carbono/agua,0.782809,4,73
5,25,1,Carbono/amonia,0.719694,3,50
5,25,2,Carbono/acido sulfurico,0.796437,6,93
5,25,3,Carbono/metano,0.654582,1,32
5,25,4,Silicio/agua,0.696113,3,71
5,25,5,Silicio/acido sulfurico,0.75616,4,101
5,30,0,Carbono/agua,0.782809,4,91
5,30,1,Carbono/amonia,0.719744,3,62
5,30,2,Carbono/acido sulfurico,0.796437,6,118
5,30,3,Carbono/metano,0.654676,1,40
5,30,4,Silicio/agua,0.71685,3,89
5,30,5,Silicio/acido sulfurico,0.75616,4,128
5,35,0,Carbono/agua,0.788798,4,112
5,35,1,Carbono/amonia,0.757778,4,77
5,35,2,Carbono/acido sulfurico,0.798882,7,143
5,35,3,Carbono/metano,0.678422,2,50
5,35,4,Silicio/agua,0.71685,4,111
5,35,5,Silicio/acido sulfurico,0.75616,5,156
5,40,0,Carbono/agua,0.788798,4,135
5,40,1,Carbono/amonia,0.757778,4,93
5,40,2,Carbono/acido sulfurico,0.82562,8,172
5,40,3,Carbono/metano,0.678422,2,60
5,40,4,Silicio/agua,0.71685,5,134
5,40,5,Silicio/acido sulfurico,0.757476,5,187
5,45,0,Carbono/agua,0.792423,4,160
5,45,1,Carbono/amonia,0.757778,4,109
5,45,2,Carbono/acido sulfurico,0.82562,9,204
5,45,3,Carbono/metano,0.678422,2,70
5,45,4,Silicio/agua,0.728809,5,160
5,45,5,Silicio/acido sulfurico,0.787984,5,222
5,50,0,Carbono/agua,0.792423,5,187
5,50,1,Carbono/amonia,0.769413,5,129
5,50,2,Carbono/acido sulfurico,0.873907,10,238
5,50,3,Carbono/metano,0.707619,3,83
5,50,4,Silicio/agua,0.761849,6,188
5,50,5,Silicio/acido sulfurico,0.787984,5,260
5,55,0,Carbono/agua,0.792423,5,217
5,55,1,Carbono/amonia,0.809702,5,150
5,55,2,Carbono/acido sulfurico,0.873907,10,276
5,55,3,Carbono/metano,0.714438,3,97
5,55,4,Silicio/agua,0.840927,6,221
5,55,5,Silicio/acido sulfurico,0.795942,5,302
5,60,0,Carbono/agua,0.882476,6,251
5,60,1,Carbono/amonia,0.809702,5,174
5,60,2,Carbono/acido sulfurico,0.929699,10,319
5,60,3,Carbono/metano,0.714438,3,112
5,60,4,Silicio/agua,0.840927,6,256
5,60,5,Silicio/acido sulfurico,0.795942,5,349
5,65,0,Carbono/agua,0.882476,6,288
5,65,1,Carbono/amonia,0.809702,5,200
5,65,2,Carbono/acido sulfurico,0.929699,10,367
5,65,3,Carbono/metano,0.806417,3,129
5,65,4,Silicio/agua,0.863111,6,294
5,65,5,Silicio/acido sulfurico,0.8108,6,400
5,70,0,Carbono/agua,0.890307,6,327
5,70,1,Carbono/amonia,0.809702,5,228
5,70,2,Carbono/acido sulfurico,0.929699,10,420
5,70,3,Carbono/metano,0.806417,3,148
5,70,4,Silicio/agua,0.863111,6,337
5,70,5,Silicio/acido sulfurico,0.845909,7,459
5,75,0,Carbono/agua,0.890307,7,372
5,75,1,Carbono/amonia,0.809702,5,262
5,75,2,Carbono/acido sulfurico,0.929699,10,478
5,75,3,Carbono/metano,0.806417,4,169
5,75,4,Silicio/agua,0.876092,6,384
5,75,5,Silicio/acido sulfurico,0.845909,7,524
5,80,0,Carbono/agua,0.954179,8,423
5,80,1,Carbono/amonia,0.812507,5,295
5,80,2,Carbono/acido sulfurico,0.933425,10,542
5,80,3,Carbono/metano,0.806417,4,191
5,80,4,Silicio/agua,0.904533,7,436
5,80,5,Silicio/acido sulfurico,0.867023,8,595
5,85,0,Carbono/agua,0.954179,8,479
5,85,1,Carbono/amonia,0.825995,6,334
5,85,2,Carbono/acido sulfurico,0.933425,10,614
5,85,3,Carbono/metano,0.806417,4,216
5,85,4,Silicio/agua,0.929179,7,494
5,85,5,Silicio/acido sulfurico,0.855656,6,640
5,90,0,Carbono/agua,0.954179,8,541
5,90,1,Carbono/amonia,0.825995,6,377
5,90,2,Carbono/acido sulfurico,0.933425,10,693
5,90,3,Carbono/metano,0.806417,4,242
5,90,4,Silicio/agua,0.929179,7,559
5,90,5,Silicio/acido sulfurico,0.864522,6,685
5,95,0,Carbono/agua,0.954179,8,608
5,95,1,Carbono/amonia,0.915037,6,425
5,95,2,Carbono/acido sulfurico,0.933425,10,780
5,95,3,Carbono/metano,0.807135,4,271
5,95,4,Silicio/agua,0.932451,7,628
5,95,5,Silicio/acido sulfurico,0.864522,8,733
5,100,0,Carbono/agua,0.954179,9,681
5,100,1,Carbono/amonia,0.915037,7,478
5,100,2,Carbono/acido sulfurico,0.933425,10,877
5,100,3,Carbono/metano,0.82758,4,306
5,100,4,Silicio/agua,0.947854,7,705
5,100,5,Silicio/acido sulfurico,0.871164,8,786
5,105,0,Carbono/agua,0.954179,9,764
5,105,1,Carbono/amonia,0.915037,7,536
5,105,2,Carbono/acido sulfurico,0.933425,10,982
5,105,3,Carbono/metano,0.82758,4,342
5,105,4,Silicio/agua,0.958114,7,791
5,105,5,Silicio/acido sulfurico,0.93814,8,843
5,110,0,Carbono/agua,0.954179,10,854
5,110,1,Carbono/amonia,0.928217,7,597
5,110,2,Carbono/acido sulfurico,0.933425,10,1099
5,110,3,Carbono/metano,0.82758,4,383
5,110,4,Silicio/agua,0.958114,7,885
5,110,5,Silicio/acido sulfurico,0.93814,8,907
5,115,0,Carbono/agua,0.974186,10,956
5,115,1,Carbono/amonia,0.948477,7,665
5,115,2,Carbono/acido sulfurico,0.933425,10,1226
5,115,3,Carbono/metano,0.82758,4,428
5,115,4,Silicio/agua,0.958114,7,987
5,115,5,Silicio/acido sulfurico,0.943183,8,993
5,120,0,Carbono/agua,0.974186,10,1066
5,120,1,Carbono/amonia,0.948477,7,743
5,120,2,Carbono/acido sulfurico,0.952354,10,1368
5,120,3,Carbono/metano,0.82758,4,477
5,120,4,Silicio/agua,0.958114,7,1103
5,120,5,Silicio/acido sulfurico,0.943183,8,1148
5,125,0,Carbono/agua,0.974186,10,1188
5,125,1,Carbono/amonia,0.948477,7,827
5,125,2,Carbono/acido sulfurico,0.952354,10,1525
5,125,3,Carbono/metano,0.829645,4,530
5,125,4,Silicio/agua,0.958114,7,1230
5,125,5,Silicio/acido sulfurico,0.946972,8,1320
5,130,0,Carbono/agua,0.974186,10,1323
5,130,1,Carbono/amonia,0.954549,7,920
5,130,2,Carbono/acido sulfurico,0.954291,10,1698
5,130,3,Carbono/metano,0.83718,5,591
5,130,4,Silicio/agua,0.964719,7,1372
5,130,5,Silicio/acido sulfurico,0.965586,8,1507
5,135,0,Carbono/agua,0.98602,10,1472
5,135,1,Carbono/amonia,0.954549,7,1024
5,135,2,Carbono/acido sulfurico,0.954329,10,1889
5,135,3,Carbono/metano,0.846739,5,658
5,135,4,Silicio/agua,0.964719,7,1528
5,135,5,Silicio/acido sulfurico,0.965586,8,1716
5,140,0,Carbono/agua,0.98602,10,1638
5,140,1,Carbono/amonia,0.959598,7,1135
5,140,2,Carbono/acido sulfurico,0.954329,10,2094
5,140,3,Carbono/metano,0.851724,3,722
5,140,4,Silicio/agua,0.965586,7,1700
5,140,5,Silicio/acido sulfurico,0.965586,8,1942
5,145,0,Carbono/agua,0.98602,10,1821
5,145,1,Carbono/amonia,0.959598,7,1245
5,145,2,Carbono/acido sulfurico,0.954329,10,2301
5,145,3,Carbono/metano,0.862039,4,757
5,145,4,Silicio/agua,0.965586,8,1889
5,145,5,Silicio/acido sulfurico,0.965586,8,2167
5,150,0,Carbono/agua,0.98602,10,2022
5,150,1,Carbono/amonia,0.959598,7,1356
5,150,2,Carbono/acido sulfurico,0.954329,10,2506
5,150,3,Carbono/metano,0.862039,4,792
5,150,4,Silicio/agua,0.965586,8,2098
5,150,5,Silicio/acido sulfurico,0.965586,8,2392
5,155,0,Carbono/agua,0.98602,10,2245
5,155,1,Carbono/amonia,0.959598,7,1466
5,155,2,Carbono/acido sulfurico,0.954329,10,2712
5,155,3,Carbono/metano,0.862039,4,827
5,155,4,Silicio/agua,0.965586,10,2329
5,155,5,Silicio/acido sulfurico,0.965586,8,2617
5,160,0,Carbono/agua,0.98602,10,2489
5,160,1,Carbono/amonia,0.959598,7,1577
5,160,2,Carbono/acido sulfurico,0.959315,10,2917
5,160,3,Carbono/metano,0.862039,5,862
5,160,4,Silicio/agua,0.965586,10,2581
5,160,5,Silicio/acido sulfurico,0.965586,8,2843
5,165,0,Carbono/agua,0.98602,10,2759
5,165,1,Carbono/amonia,0.959598,7,1688
5,165,2,Carbono/acido sulfurico,0.959315,10,3123
5,165,3,Carbono/metano,0.862039,5,911
5,165,4,Silicio/agua,0.965586,10,2862
5,165,5,Silicio/acido sulfurico,0.965586,8,3070
5,170,0,Carbono/agua,0.98602,10,3058
5,170,1,Carbono/amonia,0.959598,7,1801
5,170,2,Carbono/acido sulfurico,0.959315,10,3331
5,170,3,Carbono/metano,0.862039,5,983
5,170,4,Silicio/agua,0.965586,10,3171
5,170,5,Silicio/acido sulfurico,0.965586,8,3296
5,175,0,Carbono/agua,0.98783,10,3388
5,175,1,Carbono/amonia,0.959598,7,1911
5,175,2,Carbono/acido sulfurico,0.959315,10,3536
5,175,3,Carbono/metano,0.862039,5,1054
5,175,4,Silicio/agua,0.965586,10,3513
5,175,5,Silicio/acido sulfurico,0.965586,9,3521
5,180,0,Carbono/agua,0.98783,10,3752
5,180,1,Carbono/amonia,0.971104,7,2022
5,180,2,Carbono/acido sulfurico,0.959315,10,3742
5,180,3,Carbono/metano,0.862039,5,1126
5,180,4,Silicio/agua,0.965586,10,3891
5,180,5,Silicio/acido sulfurico,0.965586,9,3747
5,185,0,Carbono/agua,0.98783,10,4152
5,185,1,Carbono/amonia,0.971104,7,2133
5,185,2,Carbono/acido sulfurico,0.959315,10,3950
5,185,3,Carbono/metano,0.862039,5,1184
5,185,4,Silicio/agua,0.965586,10,4310
5,185,5,Silicio/acido sulfurico,0.965586,9,3973
5,190,0,Carbono/agua,0.98783,10,4596
5,190,1,Carbono/amonia,0.98602,7,2244
5,190,2,Carbono/acido sulfurico,0.959315,10,4157
5,190,3,Carbono/metano,0.862039,5,1219
5,190,4,Silicio/agua,0.965586,10,4771
5,190,5,Silicio/acido sulfurico,0.965586,9,4199
5,195,0,Carbono/agua,0.98783,10,5086
5,195,1,Carbono/amonia,0.98602,7,2354
5,195,2,Carbono/acido sulfurico,0.959315,10,4364
5,195,3,Carbono/metano,0.862039,5,1254
5,195,4,Silicio/agua,0.965586,10,5281
5,195,5,Silicio/acido sulfurico,0.965586,9,4424
5,200,0,Carbono/agua,0.98783,10,5617
5,200,1,Carbono/amonia,0.98602,7,2465
5,200,2,Carbono/acido sulfurico,0.959315,9,4508
5,200,3,Carbono/metano,0.862039,5,1289
5,200,4,Silicio/agua,0.965586,10,5833
5,200,5,Silicio/acido sulfurico,0.965586,9,4649
5,205,0,Carbono/agua,0.98783,10,6153
5,205,1,Carbono/amonia,0.98602,8,2575
5,205,2,Carbono/acido sulfurico,0.959315,10,4611
5,205,3,Carbono/metano,0.862039,5,1325
5,205,4,Silicio/agua,0.965586,10,6389
5,205,5,Silicio/acido sulfurico,0.965586,9,4874
5,210,0,Carbono/agua,0.98783,10,6690
5,210,1,Carbono/amonia,0.98602,9,2687
5,210,2,Carbono/acido sulfurico,0.959315,10,4714
5,210,3,Carbono/metano,0.862039,5,1381
5,210,4,Silicio/agua,0.965586,10,6946
5,210,5,Silicio/acido sulfurico,0.965586,8,5032
5,215,0,Carbono/agua,0.98783,10,7225
5,215,1,Carbono/amonia,0.98602,9,2799
5,215,2,Carbono/acido sulfurico,0.959315,10,4818
5,215,3,Carbono/metano,0.862039,5,1452
5,215,4,Silicio/agua,0.965586,10,7502
5,215,5,Silicio/acido sulfurico,0.965586,9,5145
5,220,0,Carbono/agua,0.98783,10,7761
5,220,1,Carbono/amonia,0.98602,9,2910
5,220,2,Carbono/acido sulfurico,0.959315,10,4922
5,220,3,Carbono/metano,0.862039,5,1523
5,220,4,Silicio/agua,0.965586,10,8059
5,220,5,Silicio/acido sulfurico,0.965586,10,5257
5,225,0,Carbono/agua,0.98783,10,8297
5,225,1,Carbono/amonia,0.98783,9,3021
5,225,2,Carbono/acido sulfurico,0.959315,10,5107
5,225,3,Carbono/metano,0.862039,5,1596
5,225,4,Silicio/agua,0.965586,10,8614
5,225,5,Silicio/acido sulfurico,0.965586,10,5369
5,230,0,Carbono/agua,0.98783,10,8833
5,230,1,Carbono/amonia,0.98783,9,3133
5,230,2,Carbono/acido sulfurico,0.959315,10,5313
5,230,3,Carbono/metano,0.862039,5,1668
5,230,4,Silicio/agua,0.965586,10,9171
5,230,5,Silicio/acido sulfurico,0.965586,10,5481
5,235,0,Carbono/agua,0.98783,10,9369
5,235,1,Carbono/amonia,0.98783,9,3245
5,235,2,Carbono/acido sulfurico,0.959315,10,5519
5,235,3,Carbono/metano,0.862039,5,1740
5,235,4,Silicio/agua,0.965586,10,9728
5,235,5,Silicio/acido sulfurico,0.965586,10,5683
5,240,0,Carbono/agua,0.98783,10,9905
5,240,1,Carbono/amonia,0.98783,6,3324
5,240,2,Carbono/acido sulfurico,0.959315,10,5725
5,240,3,Carbono/metano,0.878238,6,1810
5,240,4,Silicio/agua,0.965586,10,10284
5,240,5,Silicio/acido sulfurico,0.965586,10,5909
5,245,0,Carbono/agua,0.98783,10,10441
5,245,1,Carbono/amonia,0.98783,6,3380
5,245,2,Carbono/acido sulfurico,0.959315,10,5931
5,245,3,Carbono/metano,0.888519,6,1880
5,245,4,Silicio/agua,0.965586,10,10840
5,245,5,Silicio/acido sulfurico,0.965586,10,6135
5,250,0,Carbono/agua,0.98783,10,10978
5,250,1,Carbono/amonia,0.98783,7,3436
5,250,2,Carbono/acido sulfurico,0.959315,10,6137
5,250,3,Carbono/metano,0.888519,6,1951
5,250,4,Silicio/agua,0.965586,10,11396
5,250,5,Silicio/acido sulfurico,0.965586,10,6360
5,255,0,Carbono/agua,0.98783,10,11516
5,255,1,Carbono/amonia,0.98783,7,3491
5,255,2,Carbono/acido sulfurico,0.959315,10,6342
5,255,3,Carbono/metano,0.903278,6,2024
5,255,4,Silicio/agua,0.965586,10,11951
5,255,5,Silicio/acido sulfurico,0.965586,10,6587
5,260,0,Carbono/agua,0.98783,10,12052
5,260,1,Carbono/amonia,0.98783,7,3549
5,260,2,Carbono/acido sulfurico,0.959315,10,6548
5,260,3,Carbono/metano,0.903278,6,2096
5,260,4,Silicio/agua,0.965586,10,12507
5,260,5,Silicio/acido sulfurico,0.965586,10,6813
5,265,0,Carbono/agua,0.98783,10,12587
5,265,1,Carbono/amonia,0.98783,4,3637
5,265,2,Carbono/acido sulfurico,0.959315,10,6755
5,265,3,Carbono/metano,0.903278,6,2169
5,265,4,Silicio/agua,0.965586,10,13064
5,265,5,Silicio/acido sulfurico,0.965586,10,7041
5,270,0,Carbono/agua,0.98783,10,13125
5,270,1,Carbono/amonia,0.98783,6,3692
5,270,2,Carbono/acido sulfurico,0.959315,10,6960
5,270,3,Carbono/metano,0.903278,6,2243
5,270,4,Silicio/agua,0.965586,10,13620
5,270,5,Silicio/acido sulfurico,0.965586,10,7267
5,275,0,Carbono/agua,0.98783,10,13660
5,275,1,Carbono/amonia,0.98783,7,3749
5,275,2,Carbono/acido sulfurico,0.959315,10,7166
5,275,3,Carbono/metano,0.925876,6,2313
5,275,4,Silicio/agua,0.965586,10,14176
5,275,5,Silicio/acido sulfurico,0.965586,10,7492
5,280,0,Carbono/agua,0.98783,10,14196
5,280,1,Carbono/amonia,0.98783,7,3805
5,280,2,Carbono/acido sulfurico,0.959315,10,7372
5,280,3,Carbono/metano,0.968917,6,2383
5,280,4,Silicio/agua,0.974186,10,14732
5,280,5,Silicio/acido sulfurico,0.965586,10,7718
5,285,0,Carbono/agua,0.98783,10,14732
5,285,1,Carbono/amonia,0.98783,7,3860
5,285,2,Carbono/acido sulfurico,0.959315,10,7577
5,285,3,Carbono/metano,0.968917,6,2454
5,285,4,Silicio/agua,0.98602,10,15287
5,285,5,Silicio/acido sulfurico,0.965586,10,7943
5,290,0,Carbono/agua,0.98783,10,15268
5,290,1,Carbono/amonia,0.98783,7,3938
5,290,2,Carbono/acido sulfurico,0.959315,10,7783
5,290,3,Carbono/metano,0.968917,6,2524
5,290,4,Silicio/agua,0.98602,10,15843
5,290,5,Silicio/acido sulfurico,0.965586,10,8170
5,295,0,Carbono/agua,0.98783,10,15804
5,295,1,Carbono/amonia,0.98783,7,4049
5,295,2,Carbono/acido sulfurico,0.959315,10,7990
5,295,3,Carbono/metano,0.970008,6,2595
5,295,4,Silicio/agua,0.98602,10,16398
5,295,5,Silicio/acido sulfurico,0.965586,10,8395
5,300,0,Carbono/agua,0.98783,10,16339
5,300,1,Carbono/amonia,0.98783,7,4159
5,300,2,Carbono/acido sulfurico,0.959315,10,8197
5,300,3,Carbono/metano,0.967678,5,2660
5,300,4,Silicio/agua,0.98783,10,16955
5,300,5,Silicio/acido sulfurico,0.965586,10,8621
6,0,0,Carbono/agua,0.503688,1,2
6,0,1,Carbono/amonia,0.455862,1,1
6,0,2,Carbono/acido sulfurico,0.569478,1,3
6,0,3,Carbono/metano,0.436214,1,1
6,0,4,Silicio/agua,0.601642,2,2
6,0,5,Silicio/acido sulfurico,0.452183,1,3
6,5,0,Carbono/agua,0.606036,1,15
6,5,1,Carbono/amonia,0.559551,1,7
6,5,2,Carbono/acido sulfurico,0.668456,2,18
6,5,3,Carbono/metano,0.610326,1,6
6,5,4,Silicio/agua,0.628846,2,14
6,5,5,Silicio/acido sulfurico,0.669479,2,19
6,10,0,Carbono/agua,0.614776,1,28
6,10,1,Carbono/amonia,0.598737,1,15
6,10,2,Carbono/acido sulfurico,0.673978,2,34
6,10,3,Carbono/metano,0.62846,1,11
6,10,4,Silicio/agua,0.67495,2,26
6,10,5,Silicio/acido sulfurico,0.669479,2,29
6,15,0,Carbono/agua,0.630764,1,43
6,15,1,Carbono/amonia,0.601083,2,25
6,15,2,Carbono/acido sulfurico,0.756963,4,53
6,15,3,Carbono/metano,0.62846,1,17
6,15,4,Silicio/agua,0.755111,2,39
6,15,5,Silicio/acido sulfurico,0.803329,3,39
6,20,0,Carbono/agua,0.630764,1,58
6,20,1,Carbono/amonia,0.635482,3,35
6,20,2,Carbono/acido sulfurico,0.759862,4,73
6,20,3,Carbono/metano,0.62846,2,24
6,20,4,Silicio/agua,0.755111,2,56
6,20,5,Silicio/acido sulfurico,0.803329,4,50
6,25,0,Carbono/agua,0.707228,3,75
6,25,1,Carbono/amonia,0.635482,3,48
6,25,2,Carbono/acido sulfurico,0.759862,4,94
6,25,3,Carbono/metano,0.62846,2,33
6,25,4,Silicio/agua,0.806098,2,73
6,25,5,Silicio/acido sulfurico,0.803329,5,63
6,30,0,Carbono/agua,0.727035,3,92
6,30,1,Carbono/amonia,0.656313,4,61
6,30,2,Carbono/acido sulfurico,0.792672,7,118
6,30,3,Carbono/metano,0.707569,3,42
6,30,4,Silicio/agua,0.806098,2,92
6,30,5,Silicio/acido sulfurico,0.785487,4,74
6,35,0,Carbono/agua,0.727035,3,113
6,35,1,Carbono/amonia,0.660751,4,76
6,35,2,Carbono/acido sulfurico,0.792672,7,146
6,35,3,Carbono/metano,0.707569,3,49
6,35,4,Silicio/agua,0.806266,3,113
6,35,5,Silicio/acido sulfurico,0.805837,5,86
6,40,0,Carbono/agua,0.727659,5,134
6,40,1,Carbono/amonia,0.660751,4,91
6,40,2,Carbono/acido sulfurico,0.792672,7,175
6,40,3,Carbono/metano,0.707569,3,60
6,40,4,Silicio/agua,0.821036,5,137
6,40,5,Silicio/acido sulfurico,0.842529,5,102
6,45,0,Carbono/agua,0.789459,6,158
6,45,1,Carbono/amonia,0.660751,4,109
6,45,2,Carbono/acido sulfurico,0.804117,7,208
6,45,3,Carbono/metano,0.740405,3,72
6,45,4,Silicio/agua,0.832302,6,164
6,45,5,Silicio/acido sulfurico,0.842529,5,121
6,50,0,Carbono/agua,0.824993,6,186
6,50,1,Carbono/amonia,0.663839,4,128
6,50,2,Carbono/acido sulfurico,0.829448,7,244
6,50,3,Carbono/metano,0.740405,3,86
6,50,4,Silicio/agua,0.839982,6,194
6,50,5,Silicio/acido sulfurico,0.842529,5,142
6,55,0,Carbono/agua,0.868419,7,216
6,55,1,Carbono/amonia,0.714421,5,149
6,55,2,Carbono/acido sulfurico,0.841798,7,283
6,55,3,Carbono/metano,0.740405,3,99
6,55,4,Silicio/agua,0.839982,6,227
6,55,5,Silicio/acido sulfurico,0.853344,6,179
6,60,0,Carbono/agua,0.868419,7,251
6,60,1,Carbono/amonia,0.74266,5,173
6,60,2,Carbono/acido sulfurico,0.841798,8,327
6,60,3,Carbono/metano,0.740405,3,114
6,60,4,Silicio/agua,0.839982,7,263
6,60,5,Silicio/acido sulfurico,0.853344,6,227
6,65,0,Carbono/agua,0.868419,7,287
6,65,1,Carbono/amonia,0.747705,5,198
6,65,2,Carbono/acido sulfurico,0.841798,8,374
6,65,3,Carbono/metano,0.740405,3,131
6,65,4,Silicio/agua,0.839982,7,302
6,65,5,Silicio/acido sulfurico,0.853344,6,280
6,70,0,Carbono/agua,0.868419,7,329
6,70,1,Carbono/amonia,0.75215,5,225
6,70,2,Carbono/acido sulfurico,0.869971,9,426
6,70,3,Carbono/metano,0.740405,3,149
6,70,4,Silicio/agua,0.839982,7,345
6,70,5,Silicio/acido sulfurico,0.875558,6,338
6,75,0,Carbono/agua,0.914991,7,375
6,75,1,Carbono/amonia,0.75215,5,255
6,75,2,Carbono/acido sulfurico,0.869971,9,483
6,75,3,Carbono/metano,0.740612,4,169
6,75,4,Silicio/agua,0.840854,7,393
6,75,5,Silicio/acido sulfurico,0.875558,6,402
6,80,0,Carbono/agua,0.914991,7,425
6,80,1,Carbono/amonia,0.759586,5,290
6,80,2,Carbono/acido sulfurico,0.883229,9,548
6,80,3,Carbono/metano,0.749571,4,192
6,80,4,Silicio/agua,0.874495,7,446
6,80,5,Silicio/acido sulfurico,0.875558,6,472
6,85,0,Carbono/agua,0.927783,7,482
6,85,1,Carbono/amonia,0.759586,5,327
6,85,2,Carbono/acido sulfurico,0.883229,10,620
6,85,3,Carbono/metano,0.750212,4,216
6,85,4,Silicio/agua,0.874495,7,503
6,85,5,Silicio/acido sulfurico,0.875558,6,549
6,90,0,Carbono/agua,0.945095,7,543
6,90,1,Carbono/amonia,0.76889,5,367
6,90,2,Carbono/acido sulfurico,0.919513,10,699
6,90,3,Carbono/metano,0.884887,7,242
6,90,4,Silicio/agua,0.879605,7,564
6,90,5,Silicio/acido sulfurico,0.875558,6,634
6,95,0,Carbono/agua,0.948477,7,611
6,95,1,Carbono/amonia,0.76889,5,413
6,95,2,Carbono/acido sulfurico,0.919513,10,786
6,95,3,Carbono/metano,0.891355,8,273
6,95,4,Silicio/agua,0.897891,8,637
6,95,5,Silicio/acido sulfurico,0.875558,6,727
6,100,0,Carbono/agua,0.954549,7,686
6,100,1,Carbono/amonia,0.806759,5,465
6,100,2,Carbono/acido sulfurico,0.919513,10,882
6,100,3,Carbono/metano,0.891355,9,306
6,100,4,Silicio/agua,0.897891,10,714
6,100,5,Silicio/acido sulfurico,0.884352,6,832
6,105,0,Carbono/agua,0.954549,7,768
6,105,1,Carbono/amonia,0.806759,5,523
6,105,2,Carbono/acido sulfurico,0.957491,10,987
6,105,3,Carbono/metano,0.910922,9,343
6,105,4,Silicio/agua,0.928547,10,800
6,105,5,Silicio/acido sulfurico,0.891126,6,947
6,110,0,Carbono/agua,0.954549,7,859
6,110,1,Carbono/amonia,0.817638,5,585
6,110,2,Carbono/acido sulfurico,0.957491,10,1104
6,110,3,Carbono/metano,0.910922,9,383
6,110,4,Silicio/agua,0.932693,10,894
6,110,5,Silicio/acido sulfurico,0.905958,6,1077
6,115,0,Carbono/agua,0.954549,4,960
6,115,1,Carbono/amonia,0.817638,5,655
6,115,2,Carbono/acido sulfurico,0.957491,10,1232
6,115,3,Carbono/metano,0.976973,9,428
6,115,4,Silicio/agua,0.939725,10,1000
6,115,5,Silicio/acido sulfurico,0.908677,6,1219
6,120,0,Carbono/agua,0.954549,5,1016
6,120,1,Carbono/amonia,0.828848,5,733
6,120,2,Carbono/acido sulfurico,0.974186,10,1376
6,120,3,Carbono/metano,0.976973,9,476
6,120,4,Silicio/agua,0.966685,10,1114
6,120,5,Silicio/acido sulfurico,0.908677,6,1358
6,125,0,Carbono/agua,0.954549,5,1077
6,125,1,Carbono/amonia,0.847593,6,818
6,125,2,Carbono/acido sulfurico,0.98602,10,1533
6,125,3,Carbono/metano,0.976973,9,531
6,125,4,Silicio/agua,0.966685,10,1240
6,125,5,Silicio/acido sulfurico,0.908677,6,1444
6,130,0,Carbono/agua,0.958332,6,1145
6,130,1,Carbono/amonia,0.945362,6,911
6,130,2,Carbono/acido sulfurico,0.98602,10,1705
6,130,3,Carbono/metano,0.976973,9,589
6,130,4,Silicio/agua,0.966685,10,1380
6,130,5,Silicio/acido sulfurico,0.908677,7,1539
6,135,0,Carbono/agua,0.958332,6,1218
6,135,1,Carbono/amonia,0.945686,7,1016
6,135,2,Carbono/acido sulfurico,0.98602,10,1896
6,135,3,Carbono/metano,0.976973,9,656
6,135,4,Silicio/agua,0.98602,10,1534
6,135,5,Silicio/acido sulfurico,0.908677,7,1643
6,140,0,Carbono/agua,0.958332,6,1317
6,140,1,Carbono/amonia,0.946971,7,1128
6,140,2,Carbono/acido sulfurico,0.98602,5,2101
6,140,3,Carbono/metano,0.976973,9,728
6,140,4,Silicio/agua,0.98602,10,1704
6,140,5,Silicio/acido sulfurico,0.908677,7,1756
6,145,0,Carbono/agua,0.963936,7,1498
6,145,1,Carbono/amonia,0.946971,7,1238
6,145,2,Carbono/acido sulfurico,0.98602,9,2205
6,145,3,Carbono/metano,0.976973,9,799
6,145,4,Silicio/agua,0.98602,10,1892
6,145,5,Silicio/acido sulfurico,0.910797,7,1912
6,150,0,Carbono/agua,0.98602,7,1700
6,150,1,Carbono/amonia,0.946971,7,1349
6,150,2,Carbono/acido sulfurico,0.98602,9,2307
6,150,3,Carbono/metano,0.976973,9,869
6,150,4,Silicio/agua,0.98602,10,2100
6,150,5,Silicio/acido sulfurico,0.910797,7,2137
6,155,0,Carbono/agua,0.98602,7,1921
6,155,1,Carbono/amonia,0.958114,7,1460
6,155,2,Carbono/acido sulfurico,0.98602,9,2409
6,155,3,Carbono/metano,0.976973,9,941
6,155,4,Silicio/agua,0.98602,10,2331
6,155,5,Silicio/acido sulfurico,0.911984,7,2362
6,160,0,Carbono/agua,0.98602,7,2166
6,160,1,Carbono/amonia,0.958114,7,1570
6,160,2,Carbono/acido sulfurico,0.98783,9,2511
6,160,3,Carbono/metano,0.976973,9,1012
6,160,4,Silicio/agua,0.98602,10,2586
6,160,5,Silicio/acido sulfurico,0.910797,2,2588
6,165,0,Carbono/agua,0.98783,8,2437
6,165,1,Carbono/amonia,0.958114,7,1680
6,165,2,Carbono/acido sulfurico,0.98783,9,2634
6,165,3,Carbono/metano,0.976973,9,1083
6,165,4,Silicio/agua,0.98602,10,2868
6,165,5,Silicio/acido sulfurico,0.920206,5,2699
6,170,0,Carbono/agua,0.98783,8,2736
6,170,1,Carbono/amonia,0.964719,7,1793
6,170,2,Carbono/acido sulfurico,0.98783,9,2840
6,170,3,Carbono/metano,0.980526,9,1155
6,170,4,Silicio/agua,0.98602,10,3179
6,170,5,Silicio/acido sulfurico,0.920206,7,2812
6,175,0,Carbono/agua,0.98783,8,3065
6,175,1,Carbono/amonia,0.964719,7,1903
6,175,2,Carbono/acido sulfurico,0.98783,9,3045
6,175,3,Carbono/metano,0.980526,9,1228
6,175,4,Silicio/agua,0.98602,10,3523
6,175,5,Silicio/acido sulfurico,0.920206,8,2926
6,180,0,Carbono/agua,0.98783,9,3430
6,180,1,Carbono/amonia,0.965586,7,2014
6,180,2,Carbono/acido sulfurico,0.98783,9,3250
6,180,3,Carbono/metano,0.980526,9,1298
6,180,4,Silicio/agua,0.98602,10,3902
6,180,5,Silicio/acido sulfurico,0.937615,8,3037
6,185,0,Carbono/agua,0.98783,10,3834
6,185,1,Carbono/amonia,0.965586,7,2124
6,185,2,Carbono/acido sulfurico,0.98783,9,3457
6,185,3,Carbono/metano,0.980526,10,1370
6,185,4,Silicio/agua,0.98602,10,4320
6,185,5,Silicio/acido sulfurico,0.937615,9,3171
6,190,0,Carbono/agua,0.98783,10,4279
6,190,1,Carbono/amonia,0.965586,7,2235
6,190,2,Carbono/acido sulfurico,0.98783,9,3664
6,190,3,Carbono/metano,0.980526,10,1440
6,190,4,Silicio/agua,0.98783,10,4781
6,190,5,Silicio/acido sulfurico,0.937615,9,3397
6,195,0,Carbono/agua,0.98783,10,4770
6,195,1,Carbono/amonia,0.965586,7,2345
6,195,2,Carbono/acido sulfurico,0.98783,9,3870
6,195,3,Carbono/metano,0.980526,10,1511
6,195,4,Silicio/agua,0.98783,10,5291
6,195,5,Silicio/acido sulfurico,0.937615,10,3625
6,200,0,Carbono/agua,0.98783,10,5301
6,200,1,Carbono/amonia,0.965586,7,2458
6,200,2,Carbono/acido sulfurico,0.98783,9,4076
6,200,3,Carbono/metano,0.980526,10,1582
6,200,4,Silicio/agua,0.98783,10,5844
6,200,5,Silicio/acido sulfurico,0.942174,10,3851
6,205,0,Carbono/agua,0.98783,10,5837
6,205,1,Carbono/amonia,0.965586,7,2568
6,205,2,Carbono/acido sulfurico,0.98783,9,4281
6,205,3,Carbono/metano,0.980526,10,1652
6,205,4,Silicio/agua,0.98783,10,6399
6,205,5,Silicio/acido sulfurico,0.944146,10,4077
6,210,0,Carbono/agua,0.98783,10,6373
6,210,1,Carbono/amonia,0.965586,7,2679
6,210,2,Carbono/acido sulfurico,0.98783,9,4487
6,210,3,Carbono/metano,0.980526,10,1723
6,210,4,Silicio/agua,0.98783,10,6957
6,210,5,Silicio/acido sulfurico,0.944146,10,4303
6,215,0,Carbono/agua,0.98783,10,6908
6,215,1,Carbono/amonia,0.965586,7,2792
6,215,2,Carbono/acido sulfurico,0.98783,9,4693
6,215,3,Carbono/metano,0.980526,10,1794
6,215,4,Silicio/agua,0.98783,10,7513
6,215,5,Silicio/acido sulfurico,0.954329,10,4528
6,220,0,Carbono/agua,0.98783,10,7444
6,220,1,Carbono/amonia,0.965586,7,2903
6,220,2,Carbono/acido sulfurico,0.98783,9,4899
6,220,3,Carbono/metano,0.980526,10,1865
6,220,4,Silicio/agua,0.98783,10,8069
6,220,5,Silicio/acido sulfurico,0.954329,10,4753
6,225,0,Carbono/agua,0.98783,8,7981
6,225,1,Carbono/amonia,0.965586,7,3013
6,225,2,Carbono/acido sulfurico,0.98783,9,5106
6,225,3,Carbono/metano,0.980526,10,1936
6,225,4,Silicio/agua,0.98783,10,8627
6,225,5,Silicio/acido sulfurico,0.954329,10,4979
6,230,0,Carbono/agua,0.98783,9,8250
6,230,1,Carbono/amonia,0.965586,7,3124
6,230,2,Carbono/acido sulfurico,0.98783,9,5312
6,230,3,Carbono/metano,0.980526,10,2007
6,230,4,Silicio/agua,0.98783,10,9184
6,230,5,Silicio/acido sulfurico,0.954329,10,5204
6,235,0,Carbono/agua,0.98783,9,8517
6,235,1,Carbono/amonia,0.965586,7,3236
6,235,2,Carbono/acido sulfurico,0.98783,9,5517
6,235,3,Carbono/metano,0.980526,10,2079
6,235,4,Silicio/agua,0.98783,10,9742
6,235,5,Silicio/acido sulfurico,0.954329,10,5430
6,240,0,Carbono/agua,0.98783,9,8786
6,240,1,Carbono/amonia,0.965586,7,3347
6,240,2,Carbono/acido sulfurico,0.98783,9,5724
6,240,3,Carbono/metano,0.980526,10,2150
6,240,4,Silicio/agua,0.98783,10,10299
6,240,5,Silicio/acido sulfurico,0.954329,10,5655
6,245,0,Carbono/agua,0.98783,9,9056
6,245,1,Carbono/amonia,0.965586,7,3460
6,245,2,Carbono/acido sulfurico,0.98783,9,5931
6,245,3,Carbono/metano,0.980526,10,2221
6,245,4,Silicio/agua,0.98783,10,10855
6,245,5,Silicio/acido sulfurico,0.954329,10,5882
6,250,0,Carbono/agua,0.98783,9,9379
6,250,1,Carbono/amonia,0.965586,7,3571
6,250,2,Carbono/acido sulfurico,0.98783,9,6136
6,250,3,Carbono/metano,0.980526,9,2264
6,250,4,Silicio/agua,0.98783,10,11411
6,250,5,Silicio/acido sulfurico,0.954329,10,6108
6,255,0,Carbono/agua,0.98783,9,9914
6,255,1,Carbono/amonia,0.965586,7,3682
6,255,2,Carbono/acido sulfurico,0.98783,9,6342
6,255,3,Carbono/metano,0.980526,9,2300
6,255,4,Silicio/agua,0.98783,10,11967
6,255,5,Silicio/acido sulfurico,0.954329,10,6333
6,260,0,Carbono/agua,0.98783,9,10452
6,260,1,Carbono/amonia,0.965586,8,3794
6,260,2,Carbono/acido sulfurico,0.98783,9,6547
6,260,3,Carbono/metano,0.980526,9,2335
6,260,4,Silicio/agua,0.98783,10,12523
6,260,5,Silicio/acido sulfurico,0.954329,10,6558
6,265,0,Carbono/agua,0.98783,9,10988
6,265,1,Carbono/amonia,0.965586,8,3904
6,265,2,Carbono/acido sulfurico,0.98783,9,6753
6,265,3,Carbono/metano,0.980526,9,2371
6,265,4,Silicio/agua,0.98783,10,13080
6,265,5,Silicio/acido sulfurico,0.954329,10,6783
6,270,0,Carbono/agua,0.98783,10,11524
6,270,1,Carbono/amonia,0.965586,8,4014
6,270,2,Carbono/acido sulfurico,0.98783,9,6958
6,270,3,Carbono/metano,0.980526,9,2408
6,270,4,Silicio/agua,0.98783,10,13638
6,270,5,Silicio/acido sulfurico,0.959315,10,7008
6,275,0,Carbono/agua,0.98783,10,12060
6,275,1,Carbono/amonia,0.965586,8,4125
6,275,2,Carbono/acido sulfurico,0.98783,9,7164
6,275,3,Carbono/metano,0.980526,9,2479
6,275,4,Silicio/agua,0.98783,10,14194
6,275,5,Silicio/acido sulfurico,0.959315,10,7234
6,280,0,Carbono/agua,0.98783,10,12597
6,280,1,Carbono/amonia,0.965586,8,4235
6,280,2,Carbono/acido sulfurico,0.98783,9,7370
6,280,3,Carbono/metano,0.980526,9,2552
6,280,4,Silicio/agua,0.98783,10,14751
6,280,5,Silicio/acido sulfurico,0.959315,10,7460
6,285,0,Carbono/agua,0.98783,10,13135
6,285,1,Carbono/amonia,0.958114,6,4336
6,285,2,Carbono/acido sulfurico,0.98783,9,7577
6,285,3,Carbono/metano,0.980526,9,2623
6,285,4,Silicio/agua,0.98783,9,15251
6,285,5,Silicio/acido sulfurico,0.959315,10,7686
6,290,0,Carbono/agua,0.98783,10,13673
6,290,1,Carbono/amonia,0.958114,6,4391
6,290,2,Carbono/acido sulfurico,0.98783,9,7782
6,290,3,Carbono/metano,0.980526,10,2694
6,290,4,Silicio/agua,0.98783,10,15530
6,290,5,Silicio/acido sulfurico,0.959315,10,7912
6,295,0,Carbono/agua,0.98783,10,14208
6,295,1,Carbono/amonia,0.958114,6,4447
6,295,2,Carbono/acido sulfurico,0.98783,9,7988
6,295,3,Carbono/metano,0.980526,10,2766
6,295,4,Silicio/agua,0.98783,10,15810
6,295,5,Silicio/acido sulfurico,0.959315,10,8137
6,300,0,Carbono/agua,0.98783,10,14745
6,300,1,Carbono/amonia,0.958114,6,4504
6,300,2,Carbono/acido sulfurico,0.98783,9,8193
6,300,3,Carbono/metano,0.980526,10,2838
6,300,4,Silicio/agua,0.98783,10,16088
6,300,5,Silicio/acido sulfurico,0.959315,10,8363
7,0,0,Carbono/agua,0.578827,2,2
7,0,1,Carbono/amonia,0.601321,1,2
7,0,2,Carbono/acido sulfurico,0.642995,2,2
7,0,3,Carbono/metano,0.594071,1,1
7,0,4,Silicio/agua,0.586264,1,2
7,0,5,Silicio/acido sulfurico,0.557738,1,3
7,5,0,Carbono/agua,0.661326,2,12
7,5,1,Carbono/amonia,0.611834,1,12
7,5,2,Carbono/acido sulfurico,0.659289,2,17
7,5,3,Carbono/metano,0.594071,1,6
7,5,4,Silicio/agua,0.652146,1,12
7,5,5,Silicio/acido sulfurico,0.581338,1,18
7,10,0,Carbono/agua,0.663411,2,23
7,10,1,Carbono/amonia,0.611834,1,21
7,10,2,Carbono/acido sulfurico,0.704646,3,34
7,10,3,Carbono/metano,0.594071,1,12
7,10,4,Silicio/agua,0.658874,1,26
7,10,5,Silicio/acido sulfurico,0.594382,1,36
7,15,0,Carbono/agua,0.78478,3,37
7,15,1,Carbono/amonia,0.651643,1,31
7,15,2,Carbono/acido sulfurico,0.704646,4,53
7,15,3,Carbono/metano,0.608614,1,19
7,15,4,Silicio/agua,0.697972,2,41
7,15,5,Silicio/acido sulfurico,0.61582,1,55
7,20,0,Carbono/agua,0.78478,4,52
7,20,1,Carbono/amonia,0.651643,1,41
7,20,2,Carbono/acido sulfurico,0.772041,5,73
7,20,3,Carbono/metano,0.613352,1,26
7,20,4,Silicio/agua,0.758533,2,57
7,20,5,Silicio/acido sulfurico,0.737327,2,76
7,25,0,Carbono/agua,0.78478,4,71
7,25,1,Carbono/amonia,0.651643,2,52
7,25,2,Carbono/acido sulfurico,0.809823,6,94
7,25,3,Carbono/metano,0.613352,1,36
7,25,4,Silicio/agua,0.758533,2,76
7,25,5,Silicio/acido sulfurico,0.737327,2,100
7,30,0,Carbono/agua,0.78478,4,91
7,30,1,Carbono/amonia,0.688016,2,66
7,30,2,Carbono/acido sulfurico,0.809823,7,116
7,30,3,Carbono/metano,0.620106,2,45
7,30,4,Silicio/agua,0.777009,2,96
7,30,5,Silicio/acido sulfurico,0.73827,2,127
7,35,0,Carbono/agua,0.78478,4,111
7,35,1,Carbono/amonia,0.688016,3,79
7,35,2,Carbono/acido sulfurico,0.853383,9,143
7,35,3,Carbono/metano,0.620106,2,54
7,35,4,Silicio/agua,0.777009,2,117
7,35,5,Silicio/acido sulfurico,0.750033,2,157
7,40,0,Carbono/agua,0.78478,4,133
7,40,1,Carbono/amonia,0.688016,3,95
7,40,2,Carbono/acido sulfurico,0.857767,9,173
7,40,3,Carbono/metano,0.620106,2,64
7,40,4,Silicio/agua,0.777009,2,141
7,40,5,Silicio/acido sulfurico,0.760517,4,191
7,45,0,Carbono/agua,0.798565,4,158
7,45,1,Carbono/amonia,0.7199,3,111
7,45,2,Carbono/acido sulfurico,0.857767,10,204
7,45,3,Carbono/metano,0.661446,2,75
7,45,4,Silicio/agua,0.83407,2,167
7,45,5,Silicio/acido sulfurico,0.760517,4,226
7,50,0,Carbono/agua,0.80672,4,187
7,50,1,Carbono/amonia,0.801522,3,130
7,50,2,Carbono/acido sulfurico,0.864359,10,239
7,50,3,Carbono/metano,0.661446,2,88
7,50,4,Silicio/agua,0.83407,2,196
7,50,5,Silicio/acido sulfurico,0.765718,4,265
7,55,0,Carbono/agua,0.869236,4,216
7,55,1,Carbono/amonia,0.801522,4,152
7,55,2,Carbono/acido sulfurico,0.895211,10,279
7,55,3,Carbono/metano,0.661446,2,102
7,55,4,Silicio/agua,0.83407,2,229
7,55,5,Silicio/acido sulfurico,0.799796,4,308
7,60,0,Carbono/agua,0.869236,5,250
7,60,1,Carbono/amonia,0.801522,4,176
7,60,2,Carbono/acido sulfurico,0.909921,10,322
7,60,3,Carbono/metano,0.667346,2,116
7,60,4,Silicio/agua,0.83407,3,264
7,60,5,Silicio/acido sulfurico,0.799796,6,356
7,65,0,Carbono/agua,0.869236,6,289
7,65,1,Carbono/amonia,0.801522,4,201
7,65,2,Carbono/acido sulfurico,0.953996,10,368
7,65,3,Carbono/metano,0.669026,2,133
7,65,4,Silicio/agua,0.850158,3,304
7,65,5,Silicio/acido sulfurico,0.812769,6,408
7,70,0,Carbono/agua,0.869236,6,331
7,70,1,Carbono/amonia,0.814137,4,229
7,70,2,Carbono/acido sulfurico,0.953996,8,415
7,70,3,Carbono/metano,0.731771,2,151
7,70,4,Silicio/agua,0.850158,3,346
7,70,5,Silicio/acido sulfurico,0.855736,8,466
7,75,0,Carbono/agua,0.869236,7,377
7,75,1,Carbono/amonia,0.828827,4,260
7,75,2,Carbono/acido sulfurico,0.953996,9,443
7,75,3,Carbono/metano,0.731771,2,172
7,75,4,Silicio/agua,0.850158,4,385
7,75,5,Silicio/acido sulfurico,0.855736,8,530
7,80,0,Carbono/agua,0.882239,8,428
7,80,1,Carbono/amonia,0.828827,5,295
7,80,2,Carbono/acido sulfurico,0.953996,10,475
7,80,3,Carbono/metano,0.731771,3,194
7,80,4,Silicio/agua,0.850158,4,410
7,80,5,Silicio/acido sulfurico,0.855736,8,600
7,85,0,Carbono/agua,0.882239,9,482
7,85,1,Carbono/amonia,0.8652,7,331
7,85,2,Carbono/acido sulfurico,0.953996,10,511
7,85,3,Carbono/metano,0.73413,3,219
7,85,4,Silicio/agua,0.862588,4,438
7,85,5,Silicio/acido sulfurico,0.855736,8,677
7,90,0,Carbono/agua,0.89814,9,542
7,90,1,Carbono/amonia,0.8652,7,375
7,90,2,Carbono/acido sulfurico,0.953996,10,551
7,90,3,Carbono/metano,0.757285,3,245
7,90,4,Silicio/agua,0.862588,5,470
7,90,5,Silicio/acido sulfurico,0.909911,8,764
7,95,0,Carbono/agua,0.89814,9,609
7,95,1,Carbono/amonia,0.8652,7,422
7,95,2,Carbono/acido sulfurico,0.953996,10,612
7,95,3,Carbono/metano,0.757285,4,274
7,95,4,Silicio/agua,0.877464,6,505
7,95,5,Silicio/acido sulfurico,0.909911,8,859
7,100,0,Carbono/agua,0.908122,9,685
7,100,1,Carbono/amonia,0.898848,7,474
7,100,2,Carbono/acido sulfurico,0.953996,10,707
7,100,3,Carbono/metano,0.804532,5,308
7,100,4,Silicio/agua,0.946971,6,569
7,100,5,Silicio/acido sulfurico,0.909911,8,964
7,105,0,Carbono/agua,0.922499,9,766
7,105,1,Carbono/amonia,0.920536,7,532
7,105,2,Carbono/acido sulfurico,0.954291,10,813
7,105,3,Carbono/metano,0.804532,6,345
7,105,4,Silicio/agua,0.952526,6,654
7,105,5,Silicio/acido sulfurico,0.909911,8,1079
7,110,0,Carbono/agua,0.946517,9,857
7,110,1,Carbono/amonia,0.920536,7,595
7,110,2,Carbono/acido sulfurico,0.954291,10,931
7,110,3,Carbono/metano,0.818704,6,385
7,110,4,Silicio/agua,0.952526,6,748
7,110,5,Silicio/acido sulfurico,0.909911,9,1206
7,115,0,Carbono/agua,0.950872,9,957
7,115,1,Carbono/amonia,0.925997,7,663
7,115,2,Carbono/acido sulfurico,0.954291,10,1058
7,115,3,Carbono/metano,0.818704,8,429
7,115,4,Silicio/agua,0.952526,6,852
7,115,5,Silicio/acido sulfurico,0.931061,9,1346
7,120,0,Carbono/agua,0.980526,9,1068
7,120,1,Carbono/amonia,0.931882,8,740
7,120,2,Carbono/acido sulfurico,0.959315,10,1200
7,120,3,Carbono/metano,0.826065,8,478
7,120,4,Silicio/agua,0.952526,7,967
7,120,5,Silicio/acido sulfurico,0.945785,9,1501
7,125,0,Carbono/agua,0.980526,9,1189
7,125,1,Carbono/amonia,0.931882,8,824
7,125,2,Carbono/acido sulfurico,0.959315,10,1358
7,125,3,Carbono/metano,0.872708,8,533
7,125,4,Silicio/agua,0.958114,7,1095
7,125,5,Silicio/acido sulfurico,0.952354,10,1673
7,130,0,Carbono/agua,0.980526,9,1325
7,130,1,Carbono/amonia,0.931882,6,889
7,130,2,Carbono/acido sulfurico,0.959315,10,1531
7,130,3,Carbono/metano,0.872708,8,593
7,130,4,Silicio/agua,0.958114,7,1235
7,130,5,Silicio/acido sulfurico,0.952354,10,1863
7,135,0,Carbono/agua,0.980526,9,1474
7,135,1,Carbono/amonia,0.931882,6,941
7,135,2,Carbono/acido sulfurico,0.959315,10,1722
7,135,3,Carbono/metano,0.872708,8,660
7,135,4,Silicio/agua,0.964719,7,1391
7,135,5,Silicio/acido sulfurico,0.952354,10,2072
7,140,0,Carbono/agua,0.980526,10,1639
7,140,1,Carbono/amonia,0.931882,7,997
7,140,2,Carbono/acido sulfurico,0.971533,10,1927
7,140,3,Carbono/metano,0.872708,8,732
7,140,4,Silicio/agua,0.964719,8,1562
7,140,5,Silicio/acido sulfurico,0.954291,10,2297
7,145,0,Carbono/agua,0.980526,10,1823
7,145,1,Carbono/amonia,0.931882,7,1052
7,145,2,Carbono/acido sulfurico,0.971533,10,2132
7,145,3,Carbono/metano,0.884225,8,803
7,145,4,Silicio/agua,0.965586,8,1750
7,145,5,Silicio/acido sulfurico,0.954291,10,2522
7,150,0,Carbono/agua,0.980526,10,2024
7,150,1,Carbono/amonia,0.931882,7,1107
7,150,2,Carbono/acido sulfurico,0.971533,10,2337
7,150,3,Carbono/metano,0.901117,8,875
7,150,4,Silicio/agua,0.965586,8,1958
7,150,5,Silicio/acido sulfurico,0.954291,10,2749
7,155,0,Carbono/agua,0.980526,10,2246
7,155,1,Carbono/amonia,0.934992,7,1207
7,155,2,Carbono/acido sulfurico,0.971533,10,2544
7,155,3,Carbono/metano,0.901117,8,948
7,155,4,Silicio/agua,0.965586,8,2188
7,155,5,Silicio/acido sulfurico,0.959315,10,2974
7,160,0,Carbono/agua,0.980526,10,2491
7,160,1,Carbono/amonia,0.971104,7,1318
7,160,2,Carbono/acido sulfurico,0.977454,10,2750
7,160,3,Carbono/metano,0.911923,8,1018
7,160,4,Silicio/agua,0.965586,8,2442
7,160,5,Silicio/acido sulfurico,0.964413,10,3201
7,165,0,Carbono/agua,0.980526,10,2761
7,165,1,Carbono/amonia,0.971104,7,1430
7,165,2,Carbono/acido sulfurico,0.980526,10,2956
7,165,3,Carbono/metano,0.933132,8,1090
7,165,4,Silicio/agua,0.965586,8,2722
7,165,5,Silicio/acido sulfurico,0.975606,10,3427
7,170,0,Carbono/agua,0.980526,10,3059
7,170,1,Carbono/amonia,0.971104,5,1542
7,170,2,Carbono/acido sulfurico,0.980526,10,3162
7,170,3,Carbono/metano,0.951474,8,1161
7,170,4,Silicio/agua,0.965586,8,3032
7,170,5,Silicio/acido sulfurico,0.985403,10,3652
7,175,0,Carbono/agua,0.980526,10,3388
7,175,1,Carbono/amonia,0.971104,6,1597
7,175,2,Carbono/acido sulfurico,0.980526,10,3367
7,175,3,Carbono/metano,0.951474,8,1234
7,175,4,Silicio/agua,0.965586,8,3374
7,175,5,Silicio/acido sulfurico,1,10,3878
7,180,0,Carbono/agua,0.980526,10,3753
7,180,1,Carbono/amonia,0.982287,6,1654
7,180,2,Carbono/acido sulfurico,1,10,3573
7,180,3,Carbono/metano,0.951474,8,1305
7,180,4,Silicio/agua,0.965586,9,3751
7,180,5,Silicio/acido sulfurico,1,10,4104
7,185,0,Carbono/agua,0.980526,10,4155
7,185,1,Carbono/amonia,0.982287,6,1709
7,185,2,Carbono/acido sulfurico,1,10,3778
7,185,3,Carbono/metano,0.959598,8,1377
7,185,4,Silicio/agua,0.965586,9,4168
7,185,5,Silicio/acido sulfurico,1,10,4329
7,190,0,Carbono/agua,0.980526,10,4599
7,190,1,Carbono/amonia,0.982287,6,1765
7,190,2,Carbono/acido sulfurico,1,10,3983
7,190,3,Carbono/metano,0.959598,8,1447
7,190,4,Silicio/agua,0.965586,9,4628
7,190,5,Silicio/acido sulfurico,1,10,4555
7,195,0,Carbono/agua,0.980526,10,5089
7,195,1,Carbono/amonia,0.982287,6,1832
7,195,2,Carbono/acido sulfurico,1,10,4188
7,195,3,Carbono/metano,0.959598,8,1520
7,195,4,Silicio/agua,0.965586,9,5137
7,195,5,Silicio/acido sulfurico,1,10,4780
7,200,0,Carbono/agua,0.980526,10,5621
7,200,1,Carbono/amonia,0.98783,7,1942
7,200,2,Carbono/acido sulfurico,1,10,4394
7,200,3,Carbono/metano,0.959598,8,1592
7,200,4,Silicio/agua,0.965586,10,5690
7,200,5,Silicio/acido sulfurico,1,10,5007
7,205,0,Carbono/agua,0.980526,10,6157
7,205,1,Carbono/amonia,0.98783,7,2053
7,205,2,Carbono/acido sulfurico,1,10,4601
7,205,3,Carbono/metano,0.959598,8,1665
7,205,4,Silicio/agua,0.965586,10,6249
7,205,5,Silicio/acido sulfurico,1,10,5233
7,210,0,Carbono/agua,0.980526,10,6693
7,210,1,Carbono/amonia,0.98783,8,2164
7,210,2,Carbono/acido sulfurico,1,10,4807
7,210,3,Carbono/metano,0.959598,8,1736
7,210,4,Silicio/agua,0.965586,10,6806
7,210,5,Silicio/acido sulfurico,1,10,5458
7,215,0,Carbono/agua,0.980526,10,7228
7,215,1,Carbono/amonia,0.98783,8,2274
7,215,2,Carbono/acido sulfurico,1,10,5013
7,215,3,Carbono/metano,0.959598,8,1809
7,215,4,Silicio/agua,0.965586,10,7363
7,215,5,Silicio/acido sulfurico,1,10,5684
7,220,0,Carbono/agua,0.980526,10,7767
7,220,1,Carbono/amonia,0.98783,9,2385
7,220,2,Carbono/acido sulfurico,1,10,5219
7,220,3,Carbono/metano,0.959598,8,1880
7,220,4,Silicio/agua,0.965586,10,7920
7,220,5,Silicio/acido sulfurico,1,10,5909
7,225,0,Carbono/agua,0.982376,10,8304
7,225,1,Carbono/amonia,0.98783,9,2495
7,225,2,Carbono/acido sulfurico,1,10,5427
7,225,3,Carbono/metano,0.960995,8,1952
7,225,4,Silicio/agua,0.965586,10,8476
7,225,5,Silicio/acido sulfurico,1,10,6134
7,230,0,Carbono/agua,1,10,8840
7,230,1,Carbono/amonia,0.98783,9,2606
7,230,2,Carbono/acido sulfurico,1,10,5633
7,230,3,Carbono/metano,0.960995,8,2023
7,230,4,Silicio/agua,0.966844,10,9033
7,230,5,Silicio/acido sulfurico,1,10,6361
7,235,0,Carbono/agua,1,10,9375
7,235,1,Carbono/amonia,0.98783,9,2718
7,235,2,Carbono/acido sulfurico,1,10,5839
7,235,3,Carbono/metano,0.960995,8,2094
7,235,4,Silicio/agua,0.985403,10,9590
7,235,5,Silicio/acido sulfurico,1,10,6587
7,240,0,Carbono/agua,1,10,9913
7,240,1,Carbono/amonia,0.98783,9,2830
7,240,2,Carbono/acido sulfurico,1,10,6044
7,240,3,Carbono/metano,0.960995,8,2166
7,240,4,Silicio/agua,0.988807,10,10146
7,240,5,Silicio/acido sulfurico,1,10,6813
7,245,0,Carbono/agua,1,10,10449
7,245,1,Carbono/amonia,0.98783,9,2941
7,245,2,Carbono/acido sulfurico,1,10,6249
7,245,3,Carbono/metano,0.960995,8,2217
7,245,4,Silicio/agua,1,10,10701
7,245,5,Silicio/acido sulfurico,1,10,7038
7,250,0,Carbono/agua,1,10,10986
7,250,1,Carbono/amonia,0.98783,9,3052
7,250,2,Carbono/acido sulfurico,1,10,6456
7,250,3,Carbono/metano,0.960995,8,2253
7,250,4,Silicio/agua,1,10,11258
7,250,5,Silicio/acido sulfurico,1,10,7263
7,255,0,Carbono/agua,1,10,11522
7,255,1,Carbono/amonia,0.98783,9,3165
7,255,2,Carbono/acido sulfurico,1,10,6663
7,255,3,Carbono/metano,0.960995,8,2288
7,255,4,Silicio/agua,1,10,11814
7,255,5,Silicio/acido sulfurico,1,9,7399
7,260,0,Carbono/agua,1,10,12057
7,260,1,Carbono/amonia,0.98783,9,3277
7,260,2,Carbono/acido sulfurico,1,10,6868
7,260,3,Carbono/metano,0.960995,8,2324
7,260,4,Silicio/agua,1,10,12370
7,260,5,Silicio/acido sulfurico,1,9,7510
7,265,0,Carbono/agua,1,10,12594
7,265,1,Carbono/amonia,0.98783,9,3390
7,265,2,Carbono/acido sulfurico,1,10,7074
7,265,3,Carbono/metano,0.960995,8,2360
7,265,4,Silicio/agua,1,7,12927
7,265,5,Silicio/acido sulfurico,1,9,7624
7,270,0,Carbono/agua,1,10,13129
7,270,1,Carbono/amonia,0.98783,9,3500
7,270,2,Carbono/acido sulfurico,1,10,7280
7,270,3,Carbono/metano,0.960995,8,2424
7,270,4,Silicio/agua,1,10,13204
7,270,5,Silicio/acido sulfurico,1,9,7737
7,275,0,Carbono/agua,1,10,13666
7,275,1,Carbono/amonia,0.98783,9,3611
7,275,2,Carbono/acido sulfurico,1,10,7486
7,275,3,Carbono/metano,0.960995,8,2494
7,275,4,Silicio/agua,1,10,13481
7,275,5,Silicio/acido sulfurico,1,10,7851
7,280,0,Carbono/agua,1,10,14203
7,280,1,Carbono/amonia,0.98783,9,3722
7,280,2,Carbono/acido sulfurico,1,10,7693
7,280,3,Carbono/metano,0.960995,8,2565
7,280,4,Silicio/agua,1,10,13759
7,280,5,Silicio/acido sulfurico,1,10,8078
7,285,0,Carbono/agua,1,10,14739
7,285,1,Carbono/amonia,0.98783,9,3834
7,285,2,Carbono/acido sulfurico,1,10,7898
7,285,3,Carbono/metano,0.960995,8,2635
7,285,4,Silicio/agua,1,10,14035
7,285,5,Silicio/acido sulfurico,1,10,8303
7,290,0,Carbono/agua,1,10,15276
7,290,1,Carbono/amonia,0.98783,9,3945
7,290,2,Carbono/acido sulfurico,1,10,8104
7,290,3,Carbono/metano,0.960995,9,2708
7,290,4,Silicio/agua,1,10,14369
7,290,5,Silicio/acido sulfurico,1,10,8528
7,295,0,Carbono/agua,1,10,15814
7,295,1,Carbono/amonia,0.98783,9,4056
7,295,2,Carbono/acido sulfurico,1,10,8310
7,295,3,Carbono/metano,0.960995,9,2780
7,295,4,Silicio/agua,1,10,14926
7,295,5,Silicio/acido sulfurico,1,10,8753
7,300,0,Carbono/agua,1,10,16350
7,300,1,Carbono/amonia,0.98783,9,4168
7,300,2,Carbono/acido sulfurico,1,10,8516
7,300,3,Carbono/metano,0.960995,9,2851
7,300,4,Silicio/agua,1,10,15481
7,300,5,Silicio/acido sulfurico,1,10,8978
8,0,0,Carbono/agua,0.538299,1,3
8,0,1,Carbono/amonia,0.502534,1,2
8,0,2,Carbono/acido sulfurico,0.598738,1,3
8,0,3,Carbono/metano,0.592625,1,1
8,0,4,Silicio/agua,0.499366,1,2
8,0,5,Silicio/acido sulfurico,0.559649,1,3
8,5,0,Carbono/agua,0.700368,3,13
8,5,1,Carbono/amonia,0.603221,1,10
8,5,2,Carbono/acido sulfurico,0.631984,1,18
8,5,3,Carbono/metano,0.615676,1,6
8,5,4,Silicio/agua,0.640234,2,14
8,5,5,Silicio/acido sulfurico,0.658579,2,19
8,10,0,Carbono/agua,0.707392,3,27
8,10,1,Carbono/amonia,0.603221,2,18
8,10,2,Carbono/acido sulfurico,0.631984,1,33
8,10,3,Carbono/metano,0.633474,1,11
8,10,4,Silicio/agua,0.667174,2,26
8,10,5,Silicio/acido sulfurico,0.662346,3,37
8,15,0,Carbono/agua,0.740346,4,40
8,15,1,Carbono/amonia,0.603221,2,28
8,15,2,Carbono/acido sulfurico,0.631984,1,52
8,15,3,Carbono/metano,0.637364,1,18
8,15,4,Silicio/agua,0.667174,2,40
8,15,5,Silicio/acido sulfurico,0.726179,5,57
8,20,0,Carbono/agua,0.780115,4,56
8,20,1,Carbono/amonia,0.603221,2,39
8,20,2,Carbono/acido sulfurico,0.632055,1,71
8,20,3,Carbono/metano,0.642079,2,24
8,20,4,Silicio/agua,0.668729,2,55
8,20,5,Silicio/acido sulfurico,0.77436,5,78
8,25,0,Carbono/agua,0.806655,4,72
8,25,1,Carbono/amonia,0.644377,3,51
8,25,2,Carbono/acido sulfurico,0.72577,2,93
8,25,3,Carbono/metano,0.642079,2,31
8,25,4,Silicio/agua,0.771473,3,73
8,25,5,Silicio/acido sulfurico,0.77436,5,102
8,30,0,Carbono/agua,0.807443,4,89
8,30,1,Carbono/amonia,0.644377,3,64
8,30,2,Carbono/acido sulfurico,0.815293,3,117
8,30,3,Carbono/metano,0.642079,2,39
8,30,4,Silicio/agua,0.771473,4,92
8,30,5,Silicio/acido sulfurico,0.77436,5,128
8,35,0,Carbono/agua,0.833749,4,110
8,35,1,Carbono/amonia,0.644377,4,78
8,35,2,Carbono/acido sulfurico,0.815293,4,143
8,35,3,Carbono/metano,0.642079,2,46
8,35,4,Silicio/agua,0.771473,5,114
8,35,5,Silicio/acido sulfurico,0.846508,6,158
8,40,0,Carbono/agua,0.833749,4,133
8,40,1,Carbono/amonia,0.721286,4,93
8,40,2,Carbono/acido sulfurico,0.815293,4,172
8,40,3,Carbono/metano,0.642079,2,56
8,40,4,Silicio/agua,0.772432,5,136
8,40,5,Silicio/acido sulfurico,0.846508,6,190
8,45,0,Carbono/agua,0.858292,4,157
8,45,1,Carbono/amonia,0.721286,5,113
8,45,2,Carbono/acido sulfurico,0.849824,5,204
8,45,3,Carbono/metano,0.642079,2,66
8,45,4,Silicio/agua,0.772432,5,162
8,45,5,Silicio/acido sulfurico,0.892628,6,226
8,50,0,Carbono/agua,0.864,4,185
8,50,1,Carbono/amonia,0.721286,5,133
8,50,2,Carbono/acido sulfurico,0.860201,6,239
8,50,3,Carbono/metano,0.642079,1,75
8,50,4,Silicio/agua,0.825428,6,192
8,50,5,Silicio/acido sulfurico,0.899658,6,265
8,55,0,Carbono/agua,0.902283,5,216
8,55,1,Carbono/amonia,0.721286,5,153
8,55,2,Carbono/acido sulfurico,0.870415,6,279
8,55,3,Carbono/metano,0.775617,2,82
8,55,4,Silicio/agua,0.825428,8,222
8,55,5,Silicio/acido sulfurico,0.899658,6,308
8,60,0,Carbono/agua,0.932298,5,248
8,60,1,Carbono/amonia,0.721286,5,177
8,60,2,Carbono/acido sulfurico,0.870415,6,321
8,60,3,Carbono/metano,0.785146,2,89
8,60,4,Silicio/agua,0.825428,10,257
8,60,5,Silicio/acido sulfurico,0.902123,6,355
8,65,0,Carbono/agua,0.956841,5,288
8,65,1,Carbono/amonia,0.721286,5,202
8,65,2,Carbono/acido sulfurico,0.870415,6,369
8,65,3,Carbono/metano,0.785146,2,97
8,65,4,Silicio/agua,0.937995,10,295
8,65,5,Silicio/acido sulfurico,0.902123,7,407
8,70,0,Carbono/agua,0.956841,5,330
8,70,1,Carbono/amonia,0.721286,5,232
8,70,2,Carbono/acido sulfurico,0.870415,7,422
8,70,3,Carbono/metano,0.785146,3,106
8,70,4,Silicio/agua,0.937995,10,339
8,70,5,Silicio/acido sulfurico,0.923026,7,464
8,75,0,Carbono/agua,0.956841,6,375
8,75,1,Carbono/amonia,0.734145,5,262
8,75,2,Carbono/acido sulfurico,0.870935,7,480
8,75,3,Carbono/metano,0.785146,3,124
8,75,4,Silicio/agua,0.937995,10,386
8,75,5,Silicio/acido sulfurico,0.923026,7,528
8,80,0,Carbono/agua,0.956841,6,425
8,80,1,Carbono/amonia,0.806792,6,298
8,80,2,Carbono/acido sulfurico,0.889055,6,543
8,80,3,Carbono/metano,0.785146,3,146
8,80,4,Silicio/agua,0.947139,10,438
8,80,5,Silicio/acido sulfurico,0.928831,7,597
8,85,0,Carbono/agua,0.956841,7,480
8,85,1,Carbono/amonia,0.806792,6,337
8,85,2,Carbono/acido sulfurico,0.889055,7,578
8,85,3,Carbono/metano,0.786972,3,171
8,85,4,Silicio/agua,0.95497,10,497
8,85,5,Silicio/acido sulfurico,0.930242,7,675
8,90,0,Carbono/agua,0.956841,7,542
8,90,1,Carbono/amonia,0.806792,7,379
8,90,2,Carbono/acido sulfurico,0.889055,7,617
8,90,3,Carbono/metano,0.881854,4,199
8,90,4,Silicio/agua,0.95497,10,559
8,90,5,Silicio/acido sulfurico,0.930242,7,761
8,95,0,Carbono/agua,0.956841,7,610
8,95,1,Carbono/amonia,0.806792,7,425
8,95,2,Carbono/acido sulfurico,0.889055,7,660
8,95,3,Carbono/metano,0.928317,5,229
8,95,4,Silicio/agua,0.95497,10,628
8,95,5,Silicio/acido sulfurico,0.947149,7,855
8,100,0,Carbono/agua,0.956841,7,686
8,100,1,Carbono/amonia,0.806792,7,476
8,100,2,Carbono/acido sulfurico,0.889055,7,708
8,100,3,Carbono/metano,0.928317,5,263
8,100,4,Silicio/agua,0.962389,10,705
8,100,5,Silicio/acido sulfurico,0.952762,7,959
8,105,0,Carbono/agua,0.956841,7,769
8,105,1,Carbono/amonia,0.806792,7,533
8,105,2,Carbono/acido sulfurico,0.889055,7,771
8,105,3,Carbono/metano,0.947295,5,300
8,105,4,Silicio/agua,0.963692,10,792
8,105,5,Silicio/acido sulfurico,0.982287,7,1074
8,110,0,Carbono/agua,0.956841,6,860
8,110,1,Carbono/amonia,0.83951,7,595
8,110,2,Carbono/acido sulfurico,0.898631,7,888
8,110,3,Carbono/metano,0.947295,6,340
8,110,4,Silicio/agua,0.985403,10,885
8,110,5,Silicio/acido sulfurico,0.98783,8,1201
8,115,0,Carbono/agua,0.956841,7,912
8,115,1,Carbono/amonia,0.83951,7,664
8,115,2,Carbono/acido sulfurico,0.899786,7,1016
8,115,3,Carbono/metano,0.947295,6,383
8,115,4,Silicio/agua,0.985403,10,990
8,115,5,Silicio/acido sulfurico,0.98783,9,1341
8,120,0,Carbono/agua,0.970008,7,968
8,120,1,Carbono/amonia,0.878756,7,742
8,120,2,Carbono/acido sulfurico,0.908846,7,1158
8,120,3,Carbono/metano,0.947295,7,433
8,120,4,Silicio/agua,1,10,1105
8,120,5,Silicio/acido sulfurico,0.98783,9,1496
8,125,0,Carbono/agua,0.970008,8,1031
8,125,1,Carbono/amonia,0.883149,7,826
8,125,2,Carbono/acido sulfurico,0.940114,7,1315
8,125,3,Carbono/metano,0.947295,7,488
8,125,4,Silicio/agua,1,10,1232
8,125,5,Silicio/acido sulfurico,0.98783,9,1668
8,130,0,Carbono/agua,0.970008,8,1099
8,130,1,Carbono/amonia,0.949868,9,920
8,130,2,Carbono/acido sulfurico,0.964719,7,1489
8,130,3,Carbono/metano,0.947295,7,548
8,130,4,Silicio/agua,1,10,1373
8,130,5,Silicio/acido sulfurico,0.98783,9,1858
8,135,0,Carbono/agua,0.971104,8,1189
8,135,1,Carbono/amonia,0.966685,9,1022
8,135,2,Carbono/acido sulfurico,0.964719,7,1680
8,135,3,Carbono/metano,0.947295,7,613
8,135,4,Silicio/agua,1,10,1527
8,135,5,Silicio/acido sulfurico,0.98783,10,2069
8,140,0,Carbono/agua,0.971104,8,1353
8,140,1,Carbono/amonia,0.98783,9,1132
8,140,2,Carbono/acido sulfurico,0.964719,7,1886
8,140,3,Carbono/metano,0.947295,8,683
8,140,4,Silicio/agua,1,10,1698
8,140,5,Silicio/acido sulfurico,0.98783,10,2294
8,145,0,Carbono/agua,0.971104,8,1536
8,145,1,Carbono/amonia,0.98783,9,1243
8,145,2,Carbono/acido sulfurico,0.964719,7,2091
8,145,3,Carbono/metano,0.947295,10,754
8,145,4,Silicio/agua,1,10,1886
8,145,5,Silicio/acido sulfurico,0.98783,10,2521
8,150,0,Carbono/agua,0.98783,8,1737
8,150,1,Carbono/amonia,0.98783,9,1353
8,150,2,Carbono/acido sulfurico,0.964719,7,2298
8,150,3,Carbono/metano,0.947295,10,825
8,150,4,Silicio/agua,1,10,2095
8,150,5,Silicio/acido sulfurico,0.98783,10,2747
8,155,0,Carbono/agua,0.98783,8,1957
8,155,1,Carbono/amonia,0.98783,9,1465
8,155,2,Carbono/acido sulfurico,0.964719,7,2504
8,155,3,Carbono/metano,0.949092,10,896
8,155,4,Silicio/agua,1,10,2325
8,155,5,Silicio/acido sulfurico,0.98783,10,2974
8,160,0,Carbono/agua,0.98783,8,2202
8,160,1,Carbono/amonia,0.98783,9,1578
8,160,2,Carbono/acido sulfurico,0.964719,7,2710
8,160,3,Carbono/metano,0.949092,10,966
8,160,4,Silicio/agua,1,10,2577
8,160,5,Silicio/acido sulfurico,0.98783,10,3200
8,165,0,Carbono/agua,0.98783,8,2473
8,165,1,Carbono/amonia,0.98783,9,1688
8,165,2,Carbono/acido sulfurico,0.965586,7,2916
8,165,3,Carbono/metano,0.949092,10,1037
8,165,4,Silicio/agua,1,10,2857
8,165,5,Silicio/acido sulfurico,0.98783,10,3426
8,170,0,Carbono/agua,0.98783,8,2772
8,170,1,Carbono/amonia,0.98783,9,1798
8,170,2,Carbono/acido sulfurico,0.965586,7,3122
8,170,3,Carbono/metano,0.949092,10,1108
8,170,4,Silicio/agua,1,10,3166
8,170,5,Silicio/acido sulfurico,0.98783,10,3651
8,175,0,Carbono/agua,0.98783,9,3103
8,175,1,Carbono/amonia,0.98783,9,1909
8,175,2,Carbono/acido sulfurico,0.965586,7,3327
8,175,3,Carbono/metano,0.949092,10,1178
8,175,4,Silicio/agua,1,10,3508
8,175,5,Silicio/acido sulfurico,0.98783,10,3877
8,180,0,Carbono/agua,0.98783,9,3467
8,180,1,Carbono/amonia,0.98783,9,2020
8,180,2,Carbono/acido sulfurico,0.965586,7,3533
8,180,3,Carbono/metano,0.949092,10,1249
8,180,4,Silicio/agua,1,10,3885
8,180,5,Silicio/acido sulfurico,0.98783,10,4103
8,185,0,Carbono/agua,0.98783,10,3869
8,185,1,Carbono/amonia,0.98783,9,2131
8,185,2,Carbono/acido sulfurico,0.965586,7,3739
8,185,3,Carbono/metano,0.958114,10,1321
8,185,4,Silicio/agua,1,10,4302
8,185,5,Silicio/acido sulfurico,0.98783,10,4329
8,190,0,Carbono/agua,0.98783,10,4313
8,190,1,Carbono/amonia,0.98783,9,2243
8,190,2,Carbono/acido sulfurico,0.965586,7,3946
8,190,3,Carbono/metano,0.958114,10,1391
8,190,4,Silicio/agua,1,10,4762
8,190,5,Silicio/acido sulfurico,0.98783,10,4554
8,195,0,Carbono/agua,0.98783,10,4804
8,195,1,Carbono/amonia,0.98783,9,2353
8,195,2,Carbono/acido sulfurico,0.965586,7,4151
8,195,3,Carbono/metano,0.958114,10,1462
8,195,4,Silicio/agua,1,10,5270
8,195,5,Silicio/acido sulfurico,0.98783,10,4781
8,200,0,Carbono/agua,0.98783,10,5335
8,200,1,Carbono/amonia,0.98783,9,2464
8,200,2,Carbono/acido sulfurico,0.965586,7,4356
8,200,3,Carbono/metano,0.958114,10,1533
8,200,4,Silicio/agua,1,10,5821
8,200,5,Silicio/acido sulfurico,0.98783,10,5007
8,205,0,Carbono/agua,0.98783,10,5872
8,205,1,Carbono/amonia,0.98783,9,2574
8,205,2,Carbono/acido sulfurico,0.965586,7,4561
8,205,3,Carbono/metano,0.958114,10,1603
8,205,4,Silicio/agua,1,10,6378
8,205,5,Silicio/acido sulfurico,0.98783,10,5233
8,210,0,Carbono/agua,0.98783,10,6407
8,210,1,Carbono/amonia,0.98783,9,2684
8,210,2,Carbono/acido sulfurico,0.965586,7,4767
8,210,3,Carbono/metano,0.958114,10,1673
8,210,4,Silicio/agua,1,10,6935
8,210,5,Silicio/acido sulfurico,0.98783,10,5459
8,215,0,Carbono/agua,0.98783,10,6942
8,215,1,Carbono/amonia,0.98783,9,2796
8,215,2,Carbono/acido sulfurico,0.965586,8,4974
8,215,3,Carbono/metano,0.958114,10,1744
8,215,4,Silicio/agua,1,10,7491
8,215,5,Silicio/acido sulfurico,0.98783,10,5684
8,220,0,Carbono/agua,0.98783,10,7479
8,220,1,Carbono/amonia,0.98783,9,2907
8,220,2,Carbono/acido sulfurico,0.965586,8,5180
8,220,3,Carbono/metano,0.958114,10,1815
8,220,4,Silicio/agua,1,10,8049
8,220,5,Silicio/acido sulfurico,0.98783,10,5910
8,225,0,Carbono/agua,0.98783,10,8015
8,225,1,Carbono/amonia,0.98783,10,3020
8,225,2,Carbono/acido sulfurico,0.965586,8,5386
8,225,3,Carbono/metano,0.958114,10,1885
8,225,4,Silicio/agua,1,10,8605
8,225,5,Silicio/acido sulfurico,0.98783,10,6135
8,230,0,Carbono/agua,0.98783,10,8552
8,230,1,Carbono/amonia,0.98783,10,3130
8,230,2,Carbono/acido sulfurico,0.965586,8,5593
8,230,3,Carbono/metano,0.958114,10,1955
8,230,4,Silicio/agua,1,10,9162
8,230,5,Silicio/acido sulfurico,0.98783,10,6360
8,235,0,Carbono/agua,0.98783,10,9087
8,235,1,Carbono/amonia,0.98783,10,3241
8,235,2,Carbono/acido sulfurico,0.965586,8,5799
8,235,3,Carbono/metano,0.958114,10,2026
8,235,4,Silicio/agua,1,10,9719
8,235,5,Silicio/acido sulfurico,0.98783,10,6586
8,240,0,Carbono/agua,0.98783,10,9622
8,240,1,Carbono/amonia,0.98783,10,3351
8,240,2,Carbono/acido sulfurico,0.965586,8,6004
8,240,3,Carbono/metano,0.958114,10,2100
8,240,4,Silicio/agua,1,10,10276
8,240,5,Silicio/acido sulfurico,0.98783,10,6811
8,245,0,Carbono/agua,0.98783,10,10159
8,245,1,Carbono/amonia,0.98783,10,3464
8,245,2,Carbono/acido sulfurico,0.965586,8,6210
8,245,3,Carbono/metano,0.958114,10,2171
8,245,4,Silicio/agua,1,10,10831
8,245,5,Silicio/acido sulfurico,0.98783,10,7036
8,250,0,Carbono/agua,0.98783,10,10696
8,250,1,Carbono/amonia,0.98783,10,3574
8,250,2,Carbono/acido sulfurico,0.965586,8,6415
8,250,3,Carbono/metano,0.958114,10,2242
8,250,4,Silicio/agua,1,10,11386
8,250,5,Silicio/acido sulfurico,0.98783,10,7263
8,255,0,Carbono/agua,0.98783,10,11232
8,255,1,Carbono/amonia,0.98783,10,3686
8,255,2,Carbono/acido sulfurico,0.965586,8,6620
8,255,3,Carbono/metano,0.958114,10,2315
8,255,4,Silicio/agua,1,10,11945
8,255,5,Silicio/acido sulfurico,0.98783,10,7488
8,260,0,Carbono/agua,0.98783,10,11768
8,260,1,Carbono/amonia,0.98783,10,3797
8,260,2,Carbono/acido sulfurico,0.965586,8,6825
8,260,3,Carbono/metano,0.958114,10,2387
8,260,4,Silicio/agua,1,10,12501
8,260,5,Silicio/acido sulfurico,0.98783,10,7715
8,265,0,Carbono/agua,0.98783,10,12304
8,265,1,Carbono/amonia,0.98783,10,3909
8,265,2,Carbono/acido sulfurico,0.965586,8,7032
8,265,3,Carbono/metano,0.958114,10,2460
8,265,4,Silicio/agua,1,10,13057
8,265,5,Silicio/acido sulfurico,0.98783,10,7941
8,270,0,Carbono/agua,0.98783,10,12840
8,270,1,Carbono/amonia,0.98783,10,4021
8,270,2,Carbono/acido sulfurico,0.974186,8,7239
8,270,3,Carbono/metano,0.958114,10,2532
8,270,4,Silicio/agua,1,10,13613
8,270,5,Silicio/acido sulfurico,0.98783,10,8167
8,275,0,Carbono/agua,0.98783,10,13377
8,275,1,Carbono/amonia,0.98783,10,4132
8,275,2,Carbono/acido sulfurico,0.98602,9,7445
8,275,3,Carbono/metano,0.958114,10,2605
8,275,4,Silicio/agua,1,10,14170
8,275,5,Silicio/acido sulfurico,0.98783,10,8393
8,280,0,Carbono/agua,0.98783,10,13913
8,280,1,Carbono/amonia,0.98783,10,4244
8,280,2,Carbono/acido sulfurico,0.98602,9,7651
8,280,3,Carbono/metano,0.958114,10,2676
8,280,4,Silicio/agua,1,10,14727
8,280,5,Silicio/acido sulfurico,0.98783,10,8618
8,285,0,Carbono/agua,0.98783,10,14449
8,285,1,Carbono/amonia,0.98783,10,4355
8,285,2,Carbono/acido sulfurico,0.98602,9,7856
8,285,3,Carbono/metano,0.958114,10,2747
8,285,4,Silicio/agua,1,10,15284
8,285,5,Silicio/acido sulfurico,0.98783,10,8843
8,290,0,Carbono/agua,0.98783,10,14985
8,290,1,Carbono/amonia,0.98783,10,4465
8,290,2,Carbono/acido sulfurico,0.98602,9,8062
8,290,3,Carbono/metano,0.958114,10,2818
8,290,4,Silicio/agua,1,10,15842
8,290,5,Silicio/acido sulfurico,0.98783,10,9068
8,295,0,Carbono/agua,0.98783,10,15521
8,295,1,Carbono/amonia,0.98783,10,4576
8,295,2,Carbono/acido sulfurico,0.98602,9,8269
8,295,3,Carbono/metano,0.958114,10,2888
8,295,4,Silicio/agua,1,10,16398
8,295,5,Silicio/acido sulfurico,0.98783,10,9294
8,300,0,Carbono/agua,0.98783,10,16056
8,300,1,Carbono/amonia,0.98783,10,4687
8,300,2,Carbono/acido sulfurico,0.98602,9,8474
8,300,3,Carbono/metano,0.958114,10,2959
8,300,4,Silicio/agua,1,10,16954
8,300,5,Silicio/acido sulfurico,0.98783,10,9475
9,0,0,Carbono/agua,0.606236,1,2
9,0,1,Carbono/amonia,0.599604,1,2
9,0,2,Carbono/acido sulfurico,0.548389,1,2
9,0,3,Carbono/metano,0.508014,1,1
9,0,4,Silicio/agua,0.560732,1,3
9,0,5,Silicio/acido sulfurico,0.56094,1,3
9,5,0,Carbono/agua,0.673975,3,15
9,5,1,Carbono/amonia,0.599604,1,11
9,5,2,Carbono/acido sulfurico,0.66389,2,16
9,5,3,Carbono/metano,0.51748,1,6
9,5,4,Silicio/agua,0.637658,1,15
9,5,5,Silicio/acido sulfurico,0.667073,1,19
9,10,0,Carbono/agua,0.673975,3,27
9,10,1,Carbono/amonia,0.64785,1,20
9,10,2,Carbono/acido sulfurico,0.684852,2,32
9,10,3,Carbono/metano,0.619428,1,10
9,10,4,Silicio/agua,0.637658,1,29
9,10,5,Silicio/acido sulfurico,0.719901,2,36
9,15,0,Carbono/agua,0.673975,3,42
9,15,1,Carbono/amonia,0.64785,2,29
9,15,2,Carbono/acido sulfurico,0.684852,2,51
9,15,3,Carbono/metano,0.619428,1,12
9,15,4,Silicio/agua,0.637658,2,44
9,15,5,Silicio/acido sulfurico,0.719901,2,56
9,20,0,Carbono/agua,0.7108,4,58
9,20,1,Carbono/amonia,0.64785,2,41
9,20,2,Carbono/acido sulfurico,0.722192,2,71
9,20,3,Carbono/metano,0.626719,2,16
9,20,4,Silicio/agua,0.693082,2,61
9,20,5,Silicio/acido sulfurico,0.719901,3,78
9,25,0,Carbono/agua,0.7108,4,77
9,25,1,Carbono/amonia,0.62348,2,52
9,25,2,Carbono/acido sulfurico,0.722192,3,93
9,25,3,Carbono/metano,0.728224,3,21
9,25,4,Silicio/agua,0.827239,2,79
9,25,5,Silicio/acido sulfurico,0.746797,3,101
9,30,0,Carbono/agua,0.7108,4,96
9,30,1,Carbono/amonia,0.639056,2,60
9,30,2,Carbono/acido sulfurico,0.722192,3,116
9,30,3,Carbono/metano,0.731586,3,25
9,30,4,Silicio/agua,0.827239,4,97
9,30,5,Silicio/acido sulfurico,0.746797,3,127
9,35,0,Carbono/agua,0.7108,4,116
9,35,1,Carbono/amonia,0.639056,2,67
9,35,2,Carbono/acido sulfurico,0.855211,4,142
9,35,3,Carbono/metano,0.740961,3,33
9,35,4,Silicio/agua,0.827239,5,118
9,35,5,Silicio/acido sulfurico,0.808845,5,155
9,40,0,Carbono/agua,0.723946,4,137
9,40,1,Carbono/amonia,0.684451,3,74
9,40,2,Carbono/acido sulfurico,0.862628,6,172
9,40,3,Carbono/metano,0.793927,4,43
9,40,4,Silicio/agua,0.827239,6,140
9,40,5,Silicio/acido sulfurico,0.815072,5,187
9,45,0,Carbono/agua,0.723946,5,162
9,45,1,Carbono/amonia,0.684451,3,81
9,45,2,Carbono/acido sulfurico,0.876495,6,206
9,45,3,Carbono/metano,0.793927,4,55
9,45,4,Silicio/agua,0.868251,6,166
9,45,5,Silicio/acido sulfurico,0.82833,5,222
9,50,0,Carbono/agua,0.79995,5,189
9,50,1,Carbono/amonia,0.684451,3,95
9,50,2,Carbono/acido sulfurico,0.878529,6,242
9,50,3,Carbono/metano,0.793927,4,66
9,50,4,Silicio/agua,0.868251,7,195
9,50,5,Silicio/acido sulfurico,0.839862,6,262
9,55,0,Carbono/agua,0.79995,5,219
9,55,1,Carbono/amonia,0.688528,4,116
9,55,2,Carbono/acido sulfurico,0.878529,6,282
9,55,3,Carbono/metano,0.793927,4,81
9,55,4,Silicio/agua,0.868251,7,226
9,55,5,Silicio/acido sulfurico,0.857441,6,305
9,60,0,Carbono/agua,0.79995,5,252
9,60,1,Carbono/amonia,0.810872,5,141
9,60,2,Carbono/acido sulfurico,0.882886,6,326
9,60,3,Carbono/metano,0.793927,4,96
9,60,4,Silicio/agua,0.868251,7,261
9,60,5,Silicio/acido sulfurico,0.866961,6,352
9,65,0,Carbono/agua,0.802698,5,288
9,65,1,Carbono/amonia,0.810872,5,167
9,65,2,Carbono/acido sulfurico,0.882886,7,374
9,65,3,Carbono/metano,0.793927,4,113
9,65,4,Silicio/agua,0.868251,7,298
9,65,5,Silicio/acido sulfurico,0.873385,6,405
9,70,0,Carbono/agua,0.923122,7,330
9,70,1,Carbono/amonia,0.810872,5,196
9,70,2,Carbono/acido sulfurico,0.916326,7,427
9,70,3,Carbono/metano,0.793927,4,131
9,70,4,Silicio/agua,0.868251,7,341
9,70,5,Silicio/acido sulfurico,0.873385,6,463
9,75,0,Carbono/agua,0.932561,8,377
9,75,1,Carbono/amonia,0.864383,5,228
9,75,2,Carbono/acido sulfurico,0.92159,7,485
9,75,3,Carbono/metano,0.793927,4,151
9,75,4,Silicio/agua,0.873048,7,389
9,75,5,Silicio/acido sulfurico,0.873385,6,525
9,80,0,Carbono/agua,0.934275,9,427
9,80,1,Carbono/amonia,0.864383,5,263
9,80,2,Carbono/acido sulfurico,0.92159,9,550
9,80,3,Carbono/metano,0.806287,4,173
9,80,4,Silicio/agua,0.884263,7,440
9,80,5,Silicio/acido sulfurico,0.873385,6,594
9,85,0,Carbono/agua,0.96593,9,482
9,85,1,Carbono/amonia,0.885081,5,302
9,85,2,Carbono/acido sulfurico,0.92159,9,620
9,85,3,Carbono/metano,0.806287,4,198
9,85,4,Silicio/agua,0.887069,7,496
9,85,5,Silicio/acido sulfurico,0.895605,6,672
9,90,0,Carbono/agua,0.966764,9,543
9,90,1,Carbono/amonia,0.975606,6,344
9,90,2,Carbono/acido sulfurico,0.931628,9,699
9,90,3,Carbono/metano,0.806287,4,225
9,90,4,Silicio/agua,0.899201,7,540
9,90,5,Silicio/acido sulfurico,0.895605,6,758
9,95,0,Carbono/agua,0.966764,9,610
9,95,1,Carbono/amonia,0.975606,7,390
9,95,2,Carbono/acido sulfurico,0.931628,9,785
9,95,3,Carbono/metano,0.806287,4,256
9,95,4,Silicio/agua,0.899201,7,576
9,95,5,Silicio/acido sulfurico,0.895605,6,852
9,100,0,Carbono/agua,0.976282,9,685
9,100,1,Carbono/amonia,0.975606,8,442
9,100,2,Carbono/acido sulfurico,0.931628,9,881
9,100,3,Carbono/metano,0.817461,4,289
9,100,4,Silicio/agua,0.899201,7,614
9,100,5,Silicio/acido sulfurico,0.895605,6,957
9,105,0,Carbono/agua,0.976973,9,767
9,105,1,Carbono/amonia,0.975606,9,501
9,105,2,Carbono/acido sulfurico,0.931628,9,986
9,105,3,Carbono/metano,0.817461,4,326
9,105,4,Silicio/agua,0.899201,8,655
9,105,5,Silicio/acido sulfurico,0.895605,6,1072
9,110,0,Carbono/agua,0.985403,9,857
9,110,1,Carbono/amonia,0.983343,9,564
9,110,2,Carbono/acido sulfurico,0.931628,9,1104
9,110,3,Carbono/metano,0.839172,5,367
9,110,4,Silicio/agua,0.916335,8,702
9,110,5,Silicio/acido sulfurico,0.895605,6,1200
9,115,0,Carbono/agua,0.985403,10,957
9,115,1,Carbono/amonia,0.983343,9,634
9,115,2,Carbono/acido sulfurico,0.931628,9,1234
9,115,3,Carbono/metano,0.839172,5,411
9,115,4,Silicio/agua,0.926516,8,796
9,115,5,Silicio/acido sulfurico,0.895605,6,1342
9,120,0,Carbono/agua,0.985403,10,1069
9,120,1,Carbono/amonia,0.983343,10,709
9,120,2,Carbono/acido sulfurico,0.946971,9,1374
9,120,3,Carbono/metano,0.839172,6,461
9,120,4,Silicio/agua,0.926516,8,911
9,120,5,Silicio/acido sulfurico,0.897667,6,1497
9,125,0,Carbono/agua,0.985403,10,1192
9,125,1,Carbono/amonia,1,10,794
9,125,2,Carbono/acido sulfurico,0.947295,9,1531
9,125,3,Carbono/metano,0.921644,7,516
9,125,4,Silicio/agua,0.926516,8,1040
9,125,5,Silicio/acido sulfurico,0.918688,7,1669
9,130,0,Carbono/agua,0.985403,10,1327
9,130,1,Carbono/amonia,1,10,887
9,130,2,Carbono/acido sulfurico,0.952526,9,1705
9,130,3,Carbono/metano,0.968587,7,577
9,130,4,Silicio/agua,0.948477,8,1180
9,130,5,Silicio/acido sulfurico,0.960939,9,1858
9,135,0,Carbono/agua,1,10,1476
9,135,1,Carbono/amonia,1,10,991
9,135,2,Carbono/acido sulfurico,0.958114,9,1896
9,135,3,Carbono/metano,0.968587,7,644
9,135,4,Silicio/agua,0.954549,8,1337
9,135,5,Silicio/acido sulfurico,0.960939,10,2067
9,140,0,Carbono/agua,1,10,1642
9,140,1,Carbono/amonia,1,9,1057
9,140,2,Carbono/acido sulfurico,0.958114,9,2101
9,140,3,Carbono/metano,0.98783,7,714
9,140,4,Silicio/agua,0.954549,8,1508
9,140,5,Silicio/acido sulfurico,0.969449,10,2292
9,145,0,Carbono/agua,1,10,1824
9,145,1,Carbono/amonia,1,9,1112
9,145,2,Carbono/acido sulfurico,0.958114,9,2307
9,145,3,Carbono/metano,0.98783,7,784
9,145,4,Silicio/agua,0.954549,8,1697
9,145,5,Silicio/acido sulfurico,0.971694,10,2518
9,150,0,Carbono/agua,1,10,2026
9,150,1,Carbono/amonia,1,9,1167
9,150,2,Carbono/acido sulfurico,0.958114,9,2513
9,150,3,Carbono/metano,0.98783,7,857
9,150,4,Silicio/agua,0.967678,8,1905
9,150,5,Silicio/acido sulfurico,0.971694,10,2744
9,155,0,Carbono/agua,1,10,2247
9,155,1,Carbono/amonia,1,9,1223
9,155,2,Carbono/acido sulfurico,0.958114,8,2656
9,155,3,Carbono/metano,0.98783,7,931
9,155,4,Silicio/agua,0.970008,8,2136
9,155,5,Silicio/acido sulfurico,0.977454,10,2970
9,160,0,Carbono/agua,1,10,2493
9,160,1,Carbono/amonia,1,9,1278
9,160,2,Carbono/acido sulfurico,0.958114,8,2760
9,160,3,Carbono/metano,0.98783,7,1001
9,160,4,Silicio/agua,0.982287,8,2391
9,160,5,Silicio/acido sulfurico,0.980526,10,3195
9,165,0,Carbono/agua,1,10,2763
9,165,1,Carbono/amonia,1,9,1388
9,165,2,Carbono/acido sulfurico,0.958114,8,2862
9,165,3,Carbono/metano,0.98783,7,1072
9,165,4,Silicio/agua,0.98783,8,2673
9,165,5,Silicio/acido sulfurico,0.980526,10,3420
9,170,0,Carbono/agua,1,10,3060
9,170,1,Carbono/amonia,1,9,1499
9,170,2,Carbono/acido sulfurico,0.958114,9,2965
9,170,3,Carbono/metano,0.98783,7,1144
9,170,4,Silicio/agua,0.98783,8,2984
9,170,5,Silicio/acido sulfurico,0.980526,10,3646
9,175,0,Carbono/agua,1,10,3390
9,175,1,Carbono/amonia,1,10,1610
9,175,2,Carbono/acido sulfurico,0.958114,9,3066
9,175,3,Carbono/metano,0.98783,7,1214
9,175,4,Silicio/agua,0.98783,8,3327
9,175,5,Silicio/acido sulfurico,0.980526,10,3872
9,180,0,Carbono/agua,1,10,3753
9,180,1,Carbono/amonia,1,10,1721
9,180,2,Carbono/acido sulfurico,0.958114,9,3254
9,180,3,Carbono/metano,0.98783,7,1284
9,180,4,Silicio/agua,0.98783,8,3706
9,180,5,Silicio/acido sulfurico,0.980526,10,4097
9,185,0,Carbono/agua,1,10,4156
9,185,1,Carbono/amonia,1,10,1834
9,185,2,Carbono/acido sulfurico,0.958114,9,3461
9,185,3,Carbono/metano,0.98783,7,1356
9,185,4,Silicio/agua,0.98783,8,4124
9,185,5,Silicio/acido sulfurico,0.980526,10,4322
9,190,0,Carbono/agua,1,10,4600
9,190,1,Carbono/amonia,1,10,1946
9,190,2,Carbono/acido sulfurico,0.965586,9,3668
9,190,3,Carbono/metano,0.98783,7,1429
9,190,4,Silicio/agua,0.98783,9,4586
9,190,5,Silicio/acido sulfurico,0.980526,10,4548
9,195,0,Carbono/agua,1,10,5090
9,195,1,Carbono/amonia,1,10,2058
9,195,2,Carbono/acido sulfurico,0.965586,9,3875
9,195,3,Carbono/metano,0.98783,7,1500
9,195,4,Silicio/agua,0.98783,9,5095
9,195,5,Silicio/acido sulfurico,0.980526,10,4774
9,200,0,Carbono/agua,1,10,5622
9,200,1,Carbono/amonia,1,10,2169
9,200,2,Carbono/acido sulfurico,0.965586,9,4081
9,200,3,Carbono/metano,0.98783,7,1570
9,200,4,Silicio/agua,0.98783,9,5647
9,200,5,Silicio/acido sulfurico,0.980526,10,5000
9,205,0,Carbono/agua,1,10,6157
9,205,1,Carbono/amonia,1,10,2282
9,205,2,Carbono/acido sulfurico,0.965586,9,4286
9,205,3,Carbono/metano,0.98783,7,1643
9,205,4,Silicio/agua,0.98783,10,6203
9,205,5,Silicio/acido sulfurico,0.980526,10,5226
9,210,0,Carbono/agua,1,10,6692
9,210,1,Carbono/amonia,1,10,2394
9,210,2,Carbono/acido sulfurico,0.965586,9,4493
9,210,3,Carbono/metano,0.98783,7,1715
9,210,4,Silicio/agua,0.98783,10,6758
9,210,5,Silicio/acido sulfurico,0.980526,10,5451
9,215,0,Carbono/agua,1,10,7227
9,215,1,Carbono/amonia,1,10,2505
9,215,2,Carbono/acido sulfurico,0.965586,9,4699
9,215,3,Carbono/metano,0.98783,7,1785
9,215,4,Silicio/agua,0.98783,10,7313
9,215,5,Silicio/acido sulfurico,0.980526,10,5676
9,220,0,Carbono/agua,1,10,7764
9,220,1,Carbono/amonia,1,10,2617
9,220,2,Carbono/acido sulfurico,0.965586,9,4905
9,220,3,Carbono/metano,0.98783,7,1856
9,220,4,Silicio/agua,0.98783,10,7871
9,220,5,Silicio/acido sulfurico,0.980526,10,5901
9,225,0,Carbono/agua,1,10,8301
9,225,1,Carbono/amonia,1,10,2727
9,225,2,Carbono/acido sulfurico,0.965586,9,5110
9,225,3,Carbono/metano,0.98783,7,1928
9,225,4,Silicio/agua,0.98783,10,8426
9,225,5,Silicio/acido sulfurico,0.980526,10,6127
9,230,0,Carbono/agua,1,10,8838
9,230,1,Carbono/amonia,1,10,2838
9,230,2,Carbono/acido sulfurico,0.965586,9,5315
9,230,3,Carbono/metano,0.98783,7,2000
9,230,4,Silicio/agua,0.98783,10,8983
9,230,5,Silicio/acido sulfurico,0.975909,6,6352
9,235,0,Carbono/agua,1,10,9376
9,235,1,Carbono/amonia,1,10,2948
9,235,2,Carbono/acido sulfurico,0.965586,9,5520
9,235,3,Carbono/metano,0.98783,8,2071
9,235,4,Silicio/agua,0.98783,10,9539
9,235,5,Silicio/acido sulfurico,0.975909,8,6465
9,240,0,Carbono/agua,1,10,9912
9,240,1,Carbono/amonia,1,10,3059
9,240,2,Carbono/acido sulfurico,0.965586,9,5727
9,240,3,Carbono/metano,0.98783,8,2142
9,240,4,Silicio/agua,0.98783,10,10096
9,240,5,Silicio/acido sulfurico,0.980526,8,6578
9,245,0,Carbono/agua,1,10,10448
9,245,1,Carbono/amonia,1,10,3170
9,245,2,Carbono/acido sulfurico,0.965586,9,5933
9,245,3,Carbono/metano,0.98783,9,2214
9,245,4,Silicio/agua,0.98783,10,10655
9,245,5,Silicio/acido sulfurico,0.980526,9,6689
9,250,0,Carbono/agua,1,10,10983
9,250,1,Carbono/amonia,1,10,3280
9,250,2,Carbono/acido sulfurico,0.965586,9,6138
9,250,3,Carbono/metano,0.98783,9,2285
9,250,4,Silicio/agua,0.98783,10,11211
9,250,5,Silicio/acido sulfurico,0.980526,9,6801
9,255,0,Carbono/agua,1,10,11521
9,255,1,Carbono/amonia,1,10,3391
9,255,2,Carbono/acido sulfurico,0.965586,9,6347
9,255,3,Carbono/metano,0.98783,9,2355
9,255,4,Silicio/agua,0.98783,10,11766
9,255,5,Silicio/acido sulfurico,1,9,6935
9,260,0,Carbono/agua,1,10,12056
9,260,1,Carbono/amonia,1,10,3503
9,260,2,Carbono/acido sulfurico,0.965586,9,6553
9,260,3,Carbono/metano,0.98783,9,2427
9,260,4,Silicio/agua,0.98783,10,12325
9,260,5,Silicio/acido sulfurico,1,9,7161
9,265,0,Carbono/agua,1,10,12595
9,265,1,Carbono/amonia,0.982376,9,3581
9,265,2,Carbono/acido sulfurico,0.965586,9,6759
9,265,3,Carbono/metano,0.98783,9,2498
9,265,4,Silicio/agua,0.98783,10,12883
9,265,5,Silicio/acido sulfurico,1,9,7386
9,270,0,Carbono/agua,1,10,13130
9,270,1,Carbono/amonia,1,10,3636
9,270,2,Carbono/acido sulfurico,0.965586,9,6966
9,270,3,Carbono/metano,0.98783,9,2570
9,270,4,Silicio/agua,0.98783,10,13439
9,270,5,Silicio/acido sulfurico,1,9,7612
9,275,0,Carbono/agua,1,10,13666
9,275,1,Carbono/amonia,0.983343,9,3691
9,275,2,Carbono/acido sulfurico,0.965586,9,7173
9,275,3,Carbono/metano,0.98783,9,2641
9,275,4,Silicio/agua,0.98783,10,13996
9,275,5,Silicio/acido sulfurico,1,9,7837
9,280,0,Carbono/agua,1,10,14205
9,280,1,Carbono/amonia,1,10,3746
9,280,2,Carbono/acido sulfurico,0.965586,9,7378
9,280,3,Carbono/metano,0.98783,9,2711
9,280,4,Silicio/agua,0.98783,10,14552
9,280,5,Silicio/acido sulfurico,1,9,8063
9,285,0,Carbono/agua,1,10,14742
9,285,1,Carbono/amonia,1,10,3801
9,285,2,Carbono/acido sulfurico,0.965586,9,7585
9,285,3,Carbono/metano,0.98783,9,2782
9,285,4,Silicio/agua,0.98783,10,15109
9,285,5,Silicio/acido sulfurico,1,9,8288
9,290,0,Carbono/agua,1,10,15278
9,290,1,Carbono/amonia,1,10,3857
9,290,2,Carbono/acido sulfurico,0.965586,9,7790
9,290,3,Carbono/metano,0.98783,9,2854
9,290,4,Silicio/agua,0.98783,10,15666
9,290,5,Silicio/acido sulfurico,1,10,8515
9,295,0,Carbono/agua,1,10,15815
9,295,1,Carbono/amonia,1,10,3913
9,295,2,Carbono/acido sulfurico,0.965586,10,7995
9,295,3,Carbono/metano,0.98783,9,2927
9,295,4,Silicio/agua,0.98783,10,16224
9,295,5,Silicio/acido sulfurico,1,10,8742
9,300,0,Carbono/agua,1,10,16351
9,300,1,Carbono/amonia,1,10,3990
9,300,2,Carbono/acido sulfurico,0.965586,10,8201
9,300,3,Carbono/metano,0.98783,9,2999
9,300,4,Silicio/agua,0.98783,10,16780
9,300,5,Silicio/acido sulfurico,1,10,8968
10,0,0,Carbono/agua,0.580893,2,2
10,0,1,Carbono/amonia,0.54926,1,2
10,0,2,Carbono/acido sulfurico,0.523358,1,3
10,0,3,Carbono/metano,0.547019,1,1
10,0,4,Silicio/agua,0.548421,1,2
10,0,5,Silicio/acido sulfurico,0.617889,1,3
10,5,0,Carbono/agua,0.653285,2,13
10,5,1,Carbono/amonia,0.588132,1,10
10,5,2,Carbono/acido sulfurico,0.580042,1,18
10,5,3,Carbono/metano,0.563483,1,7
10,5,4,Silicio/agua,0.625618,2,14
10,5,5,Silicio/acido sulfurico,0.629708,1,20
10,10,0,Carbono/agua,0.672561,2,27
10,10,1,Carbono/amonia,0.591722,1,19
10,10,2,Carbono/acido sulfurico,0.663642,1,34
10,10,3,Carbono/metano,0.621755,1,12
10,10,4,Silicio/agua,0.6404,2,28
10,10,5,Silicio/acido sulfurico,0.629708,1,39
10,15,0,Carbono/agua,0.715287,2,41
10,15,1,Carbono/amonia,0.631274,1,29
10,15,2,Carbono/acido sulfurico,0.760033,3,53
10,15,3,Carbono/metano,0.628735,2,18
10,15,4,Silicio/agua,0.689859,4,42
10,15,5,Silicio/acido sulfurico,0.745847,2,58
10,20,0,Carbono/agua,0.715287,3,56
10,20,1,Carbono/amonia,0.631274,1,40
10,20,2,Carbono/acido sulfurico,0.760033,4,72
10,20,3,Carbono/metano,0.741941,2,23
10,20,4,Silicio/agua,0.819563,5,57
10,20,5,Silicio/acido sulfurico,0.745847,2,80
10,25,0,Carbono/agua,0.715287,4,72
10,25,1,Carbono/amonia,0.631274,1,51
10,25,2,Carbono/acido sulfurico,0.760033,4,92
10,25,3,Carbono/metano,0.741941,3,29
10,25,4,Silicio/agua,0.819563,5,74
10,25,5,Silicio/acido sulfurico,0.745847,2,104
10,30,0,Carbono/agua,0.715287,4,81
10,30,1,Carbono/amonia,0.662516,2,64
10,30,2,Carbono/acido sulfurico,0.760033,4,115
10,30,3,Carbono/metano,0.741941,3,36
10,30,4,Silicio/agua,0.819563,5,94
10,30,5,Silicio/acido sulfurico,0.817392,3,131
10,35,0,Carbono/agua,0.715287,4,91
10,35,1,Carbono/amonia,0.662516,2,79
10,35,2,Carbono/acido sulfurico,0.760033,4,142
10,35,3,Carbono/metano,0.747559,3,44
10,35,4,Silicio/agua,0.819563,6,116
10,35,5,Silicio/acido sulfurico,0.817392,4,161
10,40,0,Carbono/agua,0.715287,4,103
10,40,1,Carbono/amonia,0.662516,2,94
10,40,2,Carbono/acido sulfurico,0.782375,5,172
10,40,3,Carbono/metano,0.747559,3,54
10,40,4,Silicio/agua,0.819563,6,139
10,40,5,Silicio/acido sulfurico,0.820783,5,194
10,45,0,Carbono/agua,0.715287,4,116
10,45,1,Carbono/amonia,0.678689,2,110
10,45,2,Carbono/acido sulfurico,0.782375,5,205
10,45,3,Carbono/metano,0.747559,3,64
10,45,4,Silicio/agua,0.840991,8,166
10,45,5,Silicio/acido sulfurico,0.836673,6,230
10,50,0,Carbono/agua,0.715287,4,133
10,50,1,Carbono/amonia,0.736564,3,129
10,50,2,Carbono/acido sulfurico,0.805145,5,242
10,50,3,Carbono/metano,0.760848,3,75
10,50,4,Silicio/agua,0.840991,8,196
10,50,5,Silicio/acido sulfurico,0.851358,6,271
10,55,0,Carbono/agua,0.731555,4,164
10,55,1,Carbono/amonia,0.797766,4,150
10,55,2,Carbono/acido sulfurico,0.805145,7,282
10,55,3,Carbono/metano,0.763824,3,90
10,55,4,Silicio/agua,0.842675,8,227
10,55,5,Silicio/acido sulfurico,0.851358,6,313
10,60,0,Carbono/agua,0.74623,4,198
10,60,1,Carbono/amonia,0.798161,4,173
10,60,2,Carbono/acido sulfurico,0.841247,7,326
10,60,3,Carbono/metano,0.763824,3,105
10,60,4,Silicio/agua,0.891339,8,263
10,60,5,Silicio/acido sulfurico,0.879719,6,362
10,65,0,Carbono/agua,0.766704,5,234
10,65,1,Carbono/amonia,0.798161,4,198
10,65,2,Carbono/acido sulfurico,0.841247,7,373
10,65,3,Carbono/metano,0.763824,3,121
10,65,4,Silicio/agua,0.891339,8,301
10,65,5,Silicio/acido sulfurico,0.908031,8,415
10,70,0,Carbono/agua,0.784695,5,277
10,70,1,Carbono/amonia,0.827609,5,226
10,70,2,Carbono/acido sulfurico,0.841247,7,426
10,70,3,Carbono/metano,0.770997,3,138
10,70,4,Silicio/agua,0.891339,8,344
10,70,5,Silicio/acido sulfurico,0.908031,8,472
10,75,0,Carbono/agua,0.791451,5,322
10,75,1,Carbono/amonia,0.829454,5,257
10,75,2,Carbono/acido sulfurico,0.841247,7,485
10,75,3,Carbono/metano,0.771003,3,158
10,75,4,Silicio/agua,0.891339,8,391
10,75,5,Silicio/acido sulfurico,0.908031,9,535
10,80,0,Carbono/agua,0.808237,5,372
10,80,1,Carbono/amonia,0.860276,6,278
10,80,2,Carbono/acido sulfurico,0.841247,7,549
10,80,3,Carbono/metano,0.771003,4,180
10,80,4,Silicio/agua,0.915156,8,445
10,80,5,Silicio/acido sulfurico,0.908031,9,605
10,85,0,Carbono/agua,0.808237,5,427
10,85,1,Carbono/amonia,0.897666,8,297
10,85,2,Carbono/acido sulfurico,0.852351,7,620
10,85,3,Carbono/metano,0.771003,4,205
10,85,4,Silicio/agua,0.919385,8,501
10,85,5,Silicio/acido sulfurico,0.908031,9,683
10,90,0,Carbono/agua,0.895288,7,488
10,90,1,Carbono/amonia,0.897666,8,317
10,90,2,Carbono/acido sulfurico,0.892515,8,698
10,90,3,Carbono/metano,0.804983,4,233
10,90,4,Silicio/agua,0.926516,8,565
10,90,5,Silicio/acido sulfurico,0.928071,9,769
10,95,0,Carbono/agua,0.895288,8,556
10,95,1,Carbono/amonia,0.897666,8,339
10,95,2,Carbono/acido sulfurico,0.892515,9,785
10,95,3,Carbono/metano,0.804983,4,263
10,95,4,Silicio/agua,0.926516,8,635
10,95,5,Silicio/acido sulfurico,0.928071,9,864
10,100,0,Carbono/agua,0.895288,8,631
10,100,1,Carbono/amonia,0.897666,8,364
10,100,2,Carbono/acido sulfurico,0.892515,9,880
10,100,3,Carbono/metano,0.804983,5,297
10,100,4,Silicio/agua,0.926516,8,714
10,100,5,Silicio/acido sulfurico,0.945785,9,967
10,105,0,Carbono/agua,0.895288,8,713
10,105,1,Carbono/amonia,0.911123,10,420
10,105,2,Carbono/acido sulfurico,0.918599,9,986
10,105,3,Carbono/metano,0.804983,5,334
10,105,4,Silicio/agua,0.929401,8,801
10,105,5,Silicio/acido sulfurico,0.945785,9,1083
10,110,0,Carbono/agua,0.896271,8,803
10,110,1,Carbono/amonia,0.936617,10,483
10,110,2,Carbono/acido sulfurico,0.954329,9,1103
10,110,3,Carbono/metano,0.804983,6,376
10,110,4,Silicio/agua,0.934209,8,895
10,110,5,Silicio/acido sulfurico,0.952354,9,1212
10,115,0,Carbono/agua,0.896271,8,904
10,115,1,Carbono/amonia,0.941611,10,552
10,115,2,Carbono/acido sulfurico,0.954329,9,1232
10,115,3,Carbono/metano,0.807928,6,421
10,115,4,Silicio/agua,0.935204,9,999
10,115,5,Silicio/acido sulfurico,0.952354,9,1352
10,120,0,Carbono/agua,0.911984,8,1014
10,120,1,Carbono/amonia,0.951898,10,629
10,120,2,Carbono/acido sulfurico,0.954329,10,1375
10,120,3,Carbono/metano,0.811235,7,470
10,120,4,Silicio/agua,0.963945,9,1115
10,120,5,Silicio/acido sulfurico,0.954329,9,1507
10,125,0,Carbono/agua,0.911984,8,1138
10,125,1,Carbono/amonia,0.95497,10,715
10,125,2,Carbono/acido sulfurico,0.954329,10,1532
10,125,3,Carbono/metano,0.82937,7,525
10,125,4,Silicio/agua,0.963945,9,1242
10,125,5,Silicio/acido sulfurico,0.954329,10,1680
10,130,0,Carbono/agua,0.911984,8,1274
10,130,1,Carbono/amonia,0.975909,10,807
10,130,2,Carbono/acido sulfurico,0.954329,10,1706
10,130,3,Carbono/metano,0.82937,7,585
10,130,4,Silicio/agua,0.982287,9,1382
10,130,5,Silicio/acido sulfurico,0.954329,10,1870
10,135,0,Carbono/agua,0.911984,8,1423
10,135,1,Carbono/amonia,0.975909,10,912
10,135,2,Carbono/acido sulfurico,0.954329,10,1895
10,135,3,Carbono/metano,0.82937,7,652
10,135,4,Silicio/agua,0.982287,10,1537
10,135,5,Silicio/acido sulfurico,0.954329,10,2080
10,140,0,Carbono/agua,0.920206,8,1588
10,140,1,Carbono/amonia,0.975909,10,1022
10,140,2,Carbono/acido sulfurico,0.954329,10,2099
10,140,3,Carbono/metano,0.82937,7,722
10,140,4,Silicio/agua,0.98783,10,1710
10,140,5,Silicio/acido sulfurico,0.954329,10,2306
10,145,0,Carbono/agua,0.934406,10,1769
10,145,1,Carbono/amonia,0.975909,10,1135
10,145,2,Carbono/acido sulfurico,0.944146,10,2222
10,145,3,Carbono/metano,0.82937,7,794
10,145,4,Silicio/agua,0.98783,10,1898
10,145,5,Silicio/acido sulfurico,0.954329,10,2533
10,150,0,Carbono/agua,0.934406,10,1971
10,150,1,Carbono/amonia,0.980526,10,1246
10,150,2,Carbono/acido sulfurico,0.944146,10,2326
10,150,3,Carbono/metano,0.844526,7,864
10,150,4,Silicio/agua,0.98783,10,2107
10,150,5,Silicio/acido sulfurico,0.964773,10,2758
10,155,0,Carbono/agua,0.934406,10,2195
10,155,1,Carbono/amonia,0.983343,10,1356
10,155,2,Carbono/acido sulfurico,0.954329,10,2430
10,155,3,Carbono/metano,0.869943,7,935
10,155,4,Silicio/agua,0.98783,10,2338
10,155,5,Silicio/acido sulfurico,1,10,2985
10,160,0,Carbono/agua,0.954329,10,2440
10,160,1,Carbono/amonia,0.983343,10,1466
10,160,2,Carbono/acido sulfurico,0.954329,10,2531
10,160,3,Carbono/metano,0.875333,7,1005
10,160,4,Silicio/agua,0.98783,10,2593
10,160,5,Silicio/acido sulfurico,1,10,3210
10,165,0,Carbono/agua,0.954329,8,2683
10,165,1,Carbono/amonia,1,10,1579
10,165,2,Carbono/acido sulfurico,0.954329,10,2633
10,165,3,Carbono/metano,0.896972,7,1078
10,165,4,Silicio/agua,0.98783,10,2873
10,165,5,Silicio/acido sulfurico,1,10,3435
10,170,0,Carbono/agua,0.954329,10,2832
10,170,1,Carbono/amonia,1,10,1690
10,170,2,Carbono/acido sulfurico,0.954329,10,2839
10,170,3,Carbono/metano,0.899546,7,1148
10,170,4,Silicio/agua,0.98783,10,3183
10,170,5,Silicio/acido sulfurico,1,10,3662
10,175,0,Carbono/agua,0.954329,10,2997
10,175,1,Carbono/amonia,1,10,1801
10,175,2,Carbono/acido sulfurico,0.954329,10,3045
10,175,3,Carbono/metano,0.919254,7,1221
10,175,4,Silicio/agua,0.98783,10,3526
10,175,5,Silicio/acido sulfurico,1,10,3887
10,180,0,Carbono/agua,0.954329,10,3178
10,180,1,Carbono/amonia,1,10,1913
10,180,2,Carbono/acido sulfurico,0.954329,10,3250
10,180,3,Carbono/metano,0.944816,8,1293
10,180,4,Silicio/agua,0.98783,10,3904
10,180,5,Silicio/acido sulfurico,1,10,4112
10,185,0,Carbono/agua,0.954329,10,3379
10,185,1,Carbono/amonia,1,10,2023
10,185,2,Carbono/acido sulfurico,0.954329,10,3456
10,185,3,Carbono/metano,0.944816,8,1365
10,185,4,Silicio/agua,0.98783,10,4322
10,185,5,Silicio/acido sulfurico,1,10,4337
10,190,0,Carbono/agua,0.954329,10,3693
10,190,1,Carbono/amonia,1,10,2133
10,190,2,Carbono/acido sulfurico,0.954329,10,3661
10,190,3,Carbono/metano,0.944816,8,1437
10,190,4,Silicio/agua,0.98783,10,4782
10,190,5,Silicio/acido sulfurico,1,10,4562
10,195,0,Carbono/agua,0.954329,10,4184
10,195,1,Carbono/amonia,1,10,2243
10,195,2,Carbono/acido sulfurico,0.954329,10,3866
10,195,3,Carbono/metano,0.944816,8,1507
10,195,4,Silicio/agua,0.98783,10,5291
10,195,5,Silicio/acido sulfurico,1,10,4791
10,200,0,Carbono/agua,0.954329,10,4716
10,200,1,Carbono/amonia,1,10,2353
10,200,2,Carbono/acido sulfurico,0.954329,10,4072
10,200,3,Carbono/metano,0.944816,8,1578
10,200,4,Silicio/agua,0.98783,10,5842
10,200,5,Silicio/acido sulfurico,1,10,5018
10,205,0,Carbono/agua,0.954329,10,5251
10,205,1,Carbono/amonia,1,10,2465
10,205,2,Carbono/acido sulfurico,0.954329,10,4279
10,205,3,Carbono/metano,0.944816,8,1650
10,205,4,Silicio/agua,0.98783,10,6400
10,205,5,Silicio/acido sulfurico,1,10,5243
10,210,0,Carbono/agua,0.954329,10,5788
10,210,1,Carbono/amonia,1,10,2579
10,210,2,Carbono/acido sulfurico,0.954329,10,4484
10,210,3,Carbono/metano,0.944816,8,1721
10,210,4,Silicio/agua,0.98783,10,6956
10,210,5,Silicio/acido sulfurico,1,10,5470
10,215,0,Carbono/agua,0.954329,10,6323
10,215,1,Carbono/amonia,1,10,2690
10,215,2,Carbono/acido sulfurico,0.954329,10,4691
10,215,3,Carbono/metano,0.948229,8,1792
10,215,4,Silicio/agua,0.98783,10,7513
10,215,5,Silicio/acido sulfurico,1,10,5696
10,220,0,Carbono/agua,0.954329,10,6860
10,220,1,Carbono/amonia,1,10,2802
10,220,2,Carbono/acido sulfurico,0.954329,10,4896
10,220,3,Carbono/metano,0.948229,8,1864
10,220,4,Silicio/agua,0.98783,10,8069
10,220,5,Silicio/acido sulfurico,1,10,5923
10,225,0,Carbono/agua,0.954329,10,7397
10,225,1,Carbono/amonia,1,10,2913
10,225,2,Carbono/acido sulfurico,0.954329,10,5101
10,225,3,Carbono/metano,0.948229,8,1935
10,225,4,Silicio/agua,0.98783,10,8624
10,225,5,Silicio/acido sulfurico,1,10,6148
10,230,0,Carbono/agua,0.954329,10,7933
10,230,1,Carbono/amonia,1,10,3026
10,230,2,Carbono/acido sulfurico,0.954329,10,5307
10,230,3,Carbono/metano,0.952963,8,2006
10,230,4,Silicio/agua,0.98783,10,9180
10,230,5,Silicio/acido sulfurico,1,10,6373
10,235,0,Carbono/agua,0.959315,10,8470
10,235,1,Carbono/amonia,1,10,3136
10,235,2,Carbono/acido sulfurico,0.954329,10,5513
10,235,3,Carbono/metano,0.952963,8,2078
10,235,4,Silicio/agua,0.98783,10,9738
10,235,5,Silicio/acido sulfurico,1,10,6598
10,240,0,Carbono/agua,0.959315,10,9006
10,240,1,Carbono/amonia,1,10,3247
10,240,2,Carbono/acido sulfurico,0.959315,10,5720
10,240,3,Carbono/metano,0.952963,8,2151
10,240,4,Silicio/agua,0.98783,10,10295
10,240,5,Silicio/acido sulfurico,1,10,6824
10,245,0,Carbono/agua,0.959315,10,9541
10,245,1,Carbono/amonia,1,10,3359
10,245,2,Carbono/acido sulfurico,0.959315,10,5926
10,245,3,Carbono/metano,0.952963,8,2221
10,245,4,Silicio/agua,0.98783,10,10850
10,245,5,Silicio/acido sulfurico,1,10,7050
10,250,0,Carbono/agua,0.959315,10,10078
10,250,1,Carbono/amonia,1,10,3471
10,250,2,Carbono/acido sulfurico,0.959315,10,6133
10,250,3,Carbono/metano,0.952963,8,2292
10,250,4,Silicio/agua,0.98783,10,11407
10,250,5,Silicio/acido sulfurico,1,10,7275
10,255,0,Carbono/agua,0.959315,10,10614
10,255,1,Carbono/amonia,1,10,3582
10,255,2,Carbono/acido sulfurico,0.959315,10,6339
10,255,3,Carbono/metano,0.965586,8,2363
10,255,4,Silicio/agua,0.98783,10,11964
10,255,5,Silicio/acido sulfurico,1,10,7501
10,260,0,Carbono/agua,0.959315,10,11149
10,260,1,Carbono/amonia,1,10,3694
10,260,2,Carbono/acido sulfurico,0.959315,10,6546
10,260,3,Carbono/metano,0.965586,8,2436
10,260,4,Silicio/agua,0.98783,10,12520
10,260,5,Silicio/acido sulfurico,1,10,7727
10,265,0,Carbono/agua,0.959315,10,11687
10,265,1,Carbono/amonia,1,10,3806
10,265,2,Carbono/acido sulfurico,0.959315,10,6752
10,265,3,Carbono/metano,0.965586,8,2506
10,265,4,Silicio/agua,0.98783,10,13077
10,265,5,Silicio/acido sulfurico,1,10,7953
10,270,0,Carbono/agua,0.959315,10,12224
10,270,1,Carbono/amonia,1,10,3916
10,270,2,Carbono/acido sulfurico,0.959315,10,6957
10,270,3,Carbono/metano,0.965586,8,2577
10,270,4,Silicio/agua,0.98783,10,13635
10,270,5,Silicio/acido sulfurico,1,10,8180
10,275,0,Carbono/agua,0.959315,10,12761
10,275,1,Carbono/amonia,1,10,4027
10,275,2,Carbono/acido sulfurico,0.959315,10,7162
10,275,3,Carbono/metano,0.965586,8,2649
10,275,4,Silicio/agua,0.98783,10,14194
10,275,5,Silicio/acido sulfurico,1,10,8406
10,280,0,Carbono/agua,0.959315,10,13298
10,280,1,Carbono/amonia,1,10,4137
10,280,2,Carbono/acido sulfurico,0.959315,10,7367
10,280,3,Carbono/metano,0.965586,8,2720
10,280,4,Silicio/agua,0.98783,10,14749
10,280,5,Silicio/acido sulfurico,1,10,8631
10,285,0,Carbono/agua,0.959315,10,13833
10,285,1,Carbono/amonia,1,10,4247
10,285,2,Carbono/acido sulfurico,0.959315,10,7573
10,285,3,Carbono/metano,0.965586,8,2790
10,285,4,Silicio/agua,0.98783,10,15305
10,285,5,Silicio/acido sulfurico,1,10,8856
10,290,0,Carbono/agua,0.959315,10,14369
10,290,1,Carbono/amonia,1,10,4357
10,290,2,Carbono/acido sulfurico,0.959315,10,7778
10,290,3,Carbono/metano,0.965586,8,2864
10,290,4,Silicio/agua,0.98783,10,15862
10,290,5,Silicio/acido sulfurico,1,10,9082
10,295,0,Carbono/agua,0.959315,10,14905
10,295,1,Carbono/amonia,1,10,4467
10,295,2,Carbono/acido sulfurico,0.959315,10,7983
10,295,3,Carbono/metano,0.965586,8,2936
10,295,4,Silicio/agua,0.98783,10,16418
10,295,5,Silicio/acido sulfurico,1,10,9308
10,300,0,Carbono/agua,0.975606,10,15441
10,300,1,Carbono/amonia,1,10,4577
10,300,2,Carbono/acido sulfurico,0.959315,10,8189
10,300,3,Carbono/metano,0.965586,8,3006
10,300,4,Silicio/agua,0.98783,10,16975
10,300,5,Silicio/acido sulfurico,1,10,9535
11,0,0,Carbono/agua,0.539894,1,2
11,0,1,Carbono/amonia,0.606382,1,2
11,0,2,Carbono/acido sulfurico,0.476561,1,3
11,0,3,Carbono/metano,nan,0,0
11,0,4,Silicio/agua,0.586317,1,2
11,0,5,Silicio/acido sulfurico,0.536012,1,3
11,5,0,Carbono/agua,0.553985,1,14
11,5,1,Carbono/amonia,0.640977,1,9
11,5,2,Carbono/acido sulfurico,0.628212,2,18
11,5,3,Carbono/metano,0.584647,1,5
11,5,4,Silicio/agua,0.586317,1,12
11,5,5,Silicio/acido sulfurico,0.772234,3,19
11,10,0,Carbono/agua,0.590795,2,27
11,10,1,Carbono/amonia,0.640977,1,19
11,10,2,Carbono/acido sulfurico,0.648498,3,34
11,10,3,Carbono/metano,0.629351,2,10
11,10,4,Silicio/agua,0.640228,1,26
11,10,5,Silicio/acido sulfurico,0.773666,4,37
11,15,0,Carbono/agua,0.712031,2,41
11,15,1,Carbono/amonia,0.65827,1,28
11,15,2,Carbono/acido sulfurico,0.69372,3,52
11,15,3,Carbono/metano,0.734189,4,16
11,15,4,Silicio/agua,0.679814,1,40
11,15,5,Silicio/acido sulfurico,0.790962,5,57
11,20,0,Carbono/agua,0.712031,2,56
11,20,1,Carbono/amonia,0.65827,1,38
11,20,2,Carbono/acido sulfurico,0.778293,3,71
11,20,3,Carbono/metano,0.734189,4,23
11,20,4,Silicio/agua,0.718627,2,55
11,20,5,Silicio/acido sulfurico,0.790962,6,77
11,25,0,Carbono/agua,0.712031,3,73
11,25,1,Carbono/amonia,0.704388,1,49
11,25,2,Carbono/acido sulfurico,0.778293,3,94
11,25,3,Carbono/metano,0.734189,5,32
11,25,4,Silicio/agua,0.718627,2,74
11,25,5,Silicio/acido sulfurico,0.832964,6,100
11,30,0,Carbono/agua,0.712031,3,93
11,30,1,Carbono/amonia,0.704388,1,61
11,30,2,Carbono/acido sulfurico,0.840628,4,118
11,30,3,Carbono/metano,0.742805,5,40
11,30,4,Silicio/agua,0.758864,3,93
11,30,5,Silicio/acido sulfurico,0.876959,7,127
11,35,0,Carbono/agua,0.712031,3,113
11,35,1,Carbono/amonia,0.704388,1,74
11,35,2,Carbono/acido sulfurico,0.840628,4,146
11,35,3,Carbono/metano,0.776877,5,49
11,35,4,Silicio/agua,0.758864,3,116
11,35,5,Silicio/acido sulfurico,0.890502,7,154
11,40,0,Carbono/agua,0.712031,3,135
11,40,1,Carbono/amonia,0.704388,1,90
11,40,2,Carbono/acido sulfurico,0.873294,6,176
11,40,3,Carbono/metano,0.776877,5,59
11,40,4,Silicio/agua,0.774757,3,140
11,40,5,Silicio/acido sulfurico,0.895086,9,185
11,45,0,Carbono/agua,0.720859,3,160
11,45,1,Carbono/amonia,0.704388,2,107
11,45,2,Carbono/acido sulfurico,0.873294,6,207
11,45,3,Carbono/metano,0.776877,5,69
11,45,4,Silicio/agua,0.774757,4,167
11,45,5,Silicio/acido sulfurico,0.898082,10,220
11,50,0,Carbono/agua,0.720859,4,188
11,50,1,Carbono/amonia,0.704388,2,126
11,50,2,Carbono/acido sulfurico,0.876478,6,244
11,50,3,Carbono/metano,0.83521,6,83
11,50,4,Silicio/agua,0.815922,5,196
11,50,5,Silicio/acido sulfurico,0.898082,10,259
11,55,0,Carbono/agua,0.750312,4,218
11,55,1,Carbono/amonia,0.837203,2,147
11,55,2,Carbono/acido sulfurico,0.895095,6,283
11,55,3,Carbono/metano,0.83521,6,97
11,55,4,Silicio/agua,0.815922,5,227
11,55,5,Silicio/acido sulfurico,0.922659,10,304
11,60,0,Carbono/agua,0.766829,4,252
11,60,1,Carbono/amonia,0.837203,2,170
11,60,2,Carbono/acido sulfurico,0.895095,6,326
11,60,3,Carbono/metano,0.83521,6,113
11,60,4,Silicio/agua,0.815922,5,262
11,60,5,Silicio/acido sulfurico,0.922659,10,351
11,65,0,Carbono/agua,0.766829,4,290
11,65,1,Carbono/amonia,0.837203,3,195
11,65,2,Carbono/acido sulfurico,0.895095,6,374
11,65,3,Carbono/metano,0.83521,6,130
11,65,4,Silicio/agua,0.815922,5,301
11,65,5,Silicio/acido sulfurico,0.922659,10,403
11,70,0,Carbono/agua,0.793313,4,331
11,70,1,Carbono/amonia,0.837203,4,224
11,70,2,Carbono/acido sulfurico,0.90985,6,427
11,70,3,Carbono/metano,0.866396,7,147
11,70,4,Silicio/agua,0.815922,6,343
11,70,5,Silicio/acido sulfurico,0.922659,10,462
11,75,0,Carbono/agua,0.842146,4,377
11,75,1,Carbono/amonia,0.837203,4,254
11,75,2,Carbono/acido sulfurico,0.935289,6,487
11,75,3,Carbono/metano,0.932066,8,167
11,75,4,Silicio/agua,0.815922,6,391
11,75,5,Silicio/acido sulfurico,0.922659,10,527
11,80,0,Carbono/agua,0.842146,4,426
11,80,1,Carbono/amonia,0.837203,4,290
11,80,2,Carbono/acido sulfurico,0.935289,6,551
11,80,3,Carbono/metano,0.932066,8,189
11,80,4,Silicio/agua,0.815922,6,444
11,80,5,Silicio/acido sulfurico,0.928547,10,598
11,85,0,Carbono/agua,0.842146,4,483
11,85,1,Carbono/amonia,0.837203,4,329
11,85,2,Carbono/acido sulfurico,0.935289,6,621
11,85,3,Carbono/metano,0.932066,8,213
11,85,4,Silicio/agua,0.868361,7,502
11,85,5,Silicio/acido sulfurico,0.941021,10,675
11,90,0,Carbono/agua,0.862019,4,544
11,90,1,Carbono/amonia,0.837203,5,371
11,90,2,Carbono/acido sulfurico,0.936504,6,699
11,90,3,Carbono/metano,0.932066,8,240
11,90,4,Silicio/agua,0.868361,7,567
11,90,5,Silicio/acido sulfurico,0.941317,10,761
11,95,0,Carbono/agua,0.862019,4,611
11,95,1,Carbono/amonia,0.837203,5,419
11,95,2,Carbono/acido sulfurico,0.964719,6,786
11,95,3,Carbono/metano,0.932066,8,270
11,95,4,Silicio/agua,0.868361,7,637
11,95,5,Silicio/acido sulfurico,0.954329,9,836
11,100,0,Carbono/agua,0.862019,4,686
11,100,1,Carbono/amonia,0.837203,5,472
11,100,2,Carbono/acido sulfurico,0.964719,6,882
11,100,3,Carbono/metano,0.932066,8,302
11,100,4,Silicio/agua,0.884227,7,715
11,100,5,Silicio/acido sulfurico,0.954329,10,888
11,105,0,Carbono/agua,0.901412,6,768
11,105,1,Carbono/amonia,0.843865,6,528
11,105,2,Carbono/acido sulfurico,0.964719,6,987
11,105,3,Carbono/metano,0.932066,8,339
11,105,4,Silicio/agua,0.884793,7,802
11,105,5,Silicio/acido sulfurico,0.954329,10,946
11,110,0,Carbono/agua,0.901412,6,860
11,110,1,Carbono/amonia,0.867311,7,591
11,110,2,Carbono/acido sulfurico,0.964719,7,1103
11,110,3,Carbono/metano,0.932066,8,379
11,110,4,Silicio/agua,0.903259,7,896
11,110,5,Silicio/acido sulfurico,0.954329,10,1010
11,115,0,Carbono/agua,0.901412,6,958
11,115,1,Carbono/amonia,0.867311,7,660
11,115,2,Carbono/acido sulfurico,0.965586,7,1233
11,115,3,Carbono/metano,0.940046,8,423
11,115,4,Silicio/agua,0.903259,8,1001
11,115,5,Silicio/acido sulfurico,0.954329,10,1081
11,120,0,Carbono/agua,0.901412,7,1068
11,120,1,Carbono/amonia,0.867311,7,736
11,120,2,Carbono/acido sulfurico,0.965586,7,1375
11,120,3,Carbono/metano,0.944347,9,473
11,120,4,Silicio/agua,0.917904,8,1118
11,120,5,Silicio/acido sulfurico,0.954329,10,1207
11,125,0,Carbono/agua,0.911127,8,1190
11,125,1,Carbono/amonia,0.867311,7,820
11,125,2,Carbono/acido sulfurico,0.965586,7,1532
11,125,3,Carbono/metano,0.952313,9,528
11,125,4,Silicio/agua,0.918734,8,1245
11,125,5,Silicio/acido sulfurico,1,10,1379
11,130,0,Carbono/agua,0.932667,8,1325
11,130,1,Carbono/amonia,0.875721,8,912
11,130,2,Carbono/acido sulfurico,0.965586,7,1705
11,130,3,Carbono/metano,0.952313,9,586
11,130,4,Silicio/agua,0.946836,9,1386
11,130,5,Silicio/acido sulfurico,1,10,1569
11,135,0,Carbono/agua,0.945362,8,1475
11,135,1,Carbono/amonia,0.89309,8,1016
11,135,2,Carbono/acido sulfurico,0.965586,5,1897
11,135,3,Carbono/metano,0.952313,9,653
11,135,4,Silicio/agua,0.946836,10,1541
11,135,5,Silicio/acido sulfurico,1,10,1779
11,140,0,Carbono/agua,0.945362,8,1640
11,140,1,Carbono/amonia,0.899166,9,1127
11,140,2,Carbono/acido sulfurico,0.965586,7,1999
11,140,3,Carbono/metano,0.960559,9,723
11,140,4,Silicio/agua,0.946836,10,1713
11,140,5,Silicio/acido sulfurico,1,10,2004
11,145,0,Carbono/agua,0.958114,8,1822
11,145,1,Carbono/amonia,0.899166,9,1238
11,145,2,Carbono/acido sulfurico,0.965586,7,2104
11,145,3,Carbono/metano,0.979893,9,796
11,145,4,Silicio/agua,0.946836,10,1902
11,145,5,Silicio/acido sulfurico,1,10,2229
11,150,0,Carbono/agua,0.958114,8,2024
11,150,1,Carbono/amonia,0.903478,9,1350
11,150,2,Carbono/acido sulfurico,0.965586,7,2206
11,150,3,Carbono/metano,0.979893,9,867
11,150,4,Silicio/agua,0.946836,10,2110
11,150,5,Silicio/acido sulfurico,1,10,2455
11,155,0,Carbono/agua,0.958114,9,2245
11,155,1,Carbono/amonia,0.919178,9,1462
11,155,2,Carbono/acido sulfurico,0.965586,7,2309
11,155,3,Carbono/metano,0.979893,9,937
11,155,4,Silicio/agua,0.946836,10,2340
11,155,5,Silicio/acido sulfurico,1,10,2681
11,160,0,Carbono/agua,0.965586,9,2490
11,160,1,Carbono/amonia,0.919178,9,1572
11,160,2,Carbono/acido sulfurico,0.965586,7,2431
11,160,3,Carbono/metano,0.982287,9,1008
11,160,4,Silicio/agua,0.946836,10,2595
11,160,5,Silicio/acido sulfurico,1,10,2906
11,165,0,Carbono/agua,0.965586,10,2762
11,165,1,Carbono/amonia,0.919178,9,1682
11,165,2,Carbono/acido sulfurico,0.965586,8,2636
11,165,3,Carbono/metano,0.982287,9,1079
11,165,4,Silicio/agua,0.954329,10,2875
11,165,5,Silicio/acido sulfurico,1,10,3131
11,170,0,Carbono/agua,0.965586,10,3060
11,170,1,Carbono/amonia,0.920995,9,1792
11,170,2,Carbono/acido sulfurico,0.965586,8,2842
11,170,3,Carbono/metano,0.98602,9,1150
11,170,4,Silicio/agua,0.954329,10,3186
11,170,5,Silicio/acido sulfurico,1,10,3358
11,175,0,Carbono/agua,0.965586,10,3390
11,175,1,Carbono/amonia,0.920995,9,1903
11,175,2,Carbono/acido sulfurico,0.965586,8,3047
11,175,3,Carbono/metano,0.98602,9,1221
11,175,4,Silicio/agua,0.954329,10,3528
11,175,5,Silicio/acido sulfurico,1,10,3585
11,180,0,Carbono/agua,0.965586,10,3754
11,180,1,Carbono/amonia,0.920995,9,2013
11,180,2,Carbono/acido sulfurico,0.965586,9,3252
11,180,3,Carbono/metano,0.98602,9,1292
11,180,4,Silicio/agua,0.954329,10,3905
11,180,5,Silicio/acido sulfurico,1,10,3811
11,185,0,Carbono/agua,0.965586,10,4158
11,185,1,Carbono/amonia,0.920995,9,2124
11,185,2,Carbono/acido sulfurico,0.965586,9,3459
11,185,3,Carbono/metano,0.98783,9,1362
11,185,4,Silicio/agua,0.954329,10,4323
11,185,5,Silicio/acido sulfurico,1,10,4037
11,190,0,Carbono/agua,0.965586,10,4602
11,190,1,Carbono/amonia,0.920995,10,2235
11,190,2,Carbono/acido sulfurico,0.965586,9,3666
11,190,3,Carbono/metano,0.98783,9,1434
11,190,4,Silicio/agua,0.954329,10,4784
11,190,5,Silicio/acido sulfurico,1,10,4262
11,195,0,Carbono/agua,0.965586,10,5093
11,195,1,Carbono/amonia,0.92111,10,2346
11,195,2,Carbono/acido sulfurico,0.965586,10,3873
11,195,3,Carbono/metano,0.98783,9,1504
11,195,4,Silicio/agua,0.954329,10,5293
11,195,5,Silicio/acido sulfurico,1,10,4487
11,200,0,Carbono/agua,0.965586,10,5624
11,200,1,Carbono/amonia,0.921921,10,2457
11,200,2,Carbono/acido sulfurico,0.965586,10,4080
11,200,3,Carbono/metano,0.98783,9,1574
11,200,4,Silicio/agua,0.954329,10,5847
11,200,5,Silicio/acido sulfurico,1,10,4712
11,205,0,Carbono/agua,0.965586,10,6160
11,205,1,Carbono/amonia,0.921921,10,2568
11,205,2,Carbono/acido sulfurico,0.965586,10,4287
11,205,3,Carbono/metano,0.98783,9,1645
11,205,4,Silicio/agua,0.954329,10,6402
11,205,5,Silicio/acido sulfurico,1,10,4938
11,210,0,Carbono/agua,0.965586,10,6697
11,210,1,Carbono/amonia,0.921921,10,2678
11,210,2,Carbono/acido sulfurico,0.965586,10,4493
11,210,3,Carbono/metano,0.98783,9,1717
11,210,4,Silicio/agua,0.954329,10,6959
11,210,5,Silicio/acido sulfurico,1,10,5164
11,215,0,Carbono/agua,0.965586,10,7232
11,215,1,Carbono/amonia,0.921921,10,2788
11,215,2,Carbono/acido sulfurico,0.965586,10,4698
11,215,3,Carbono/metano,0.98783,10,1788
11,215,4,Silicio/agua,0.954329,10,7514
11,215,5,Silicio/acido sulfurico,1,10,5390
11,220,0,Carbono/agua,0.965586,10,7767
11,220,1,Carbono/amonia,0.9307,10,2901
11,220,2,Carbono/acido sulfurico,0.965586,10,4903
11,220,3,Carbono/metano,0.98783,10,1860
11,220,4,Silicio/agua,0.954329,10,8070
11,220,5,Silicio/acido sulfurico,1,10,5615
11,225,0,Carbono/agua,0.965586,10,8303
11,225,1,Carbono/amonia,0.935673,10,3013
11,225,2,Carbono/acido sulfurico,0.965586,10,5108
11,225,3,Carbono/metano,0.98783,10,1933
11,225,4,Silicio/agua,0.954329,10,8626
11,225,5,Silicio/acido sulfurico,1,10,5840
11,230,0,Carbono/agua,0.965586,10,8840
11,230,1,Carbono/amonia,0.935673,10,3123
11,230,2,Carbono/acido sulfurico,0.965586,10,5314
11,230,3,Carbono/metano,0.98783,10,2003
11,230,4,Silicio/agua,0.954329,10,9183
11,230,5,Silicio/acido sulfurico,1,10,6065
11,235,0,Carbono/agua,0.965586,10,9375
11,235,1,Carbono/amonia,0.935673,10,3234
11,235,2,Carbono/acido sulfurico,0.965586,10,5522
11,235,3,Carbono/metano,0.98783,10,2075
11,235,4,Silicio/agua,0.954329,10,9739
11,235,5,Silicio/acido sulfurico,1,10,6291
11,240,0,Carbono/agua,0.966844,10,9910
11,240,1,Carbono/amonia,0.935673,10,3346
11,240,2,Carbono/acido sulfurico,0.965586,10,5728
11,240,3,Carbono/metano,0.98783,10,2147
11,240,4,Silicio/agua,0.954329,10,10294
11,240,5,Silicio/acido sulfurico,1,10,6516
11,245,0,Carbono/agua,0.976002,9,10392
11,245,1,Carbono/amonia,0.935673,10,3457
11,245,2,Carbono/acido sulfurico,0.965586,10,5933
11,245,3,Carbono/metano,0.98783,10,2219
11,245,4,Silicio/agua,0.959315,10,10850
11,245,5,Silicio/acido sulfurico,1,10,6741
11,250,0,Carbono/agua,0.976002,9,10661
11,250,1,Carbono/amonia,0.950564,10,3568
11,250,2,Carbono/acido sulfurico,0.965586,10,6139
11,250,3,Carbono/metano,0.98783,10,2290
11,250,4,Silicio/agua,0.959315,10,11406
11,250,5,Silicio/acido sulfurico,1,10,6967
11,255,0,Carbono/agua,0.982376,10,10929
11,255,1,Carbono/amonia,0.950564,10,3679
11,255,2,Carbono/acido sulfurico,0.965586,10,6345
11,255,3,Carbono/metano,0.98783,10,2360
11,255,4,Silicio/agua,0.959315,10,11963
11,255,5,Silicio/acido sulfurico,1,10,7192
11,260,0,Carbono/agua,1,10,11196
11,260,1,Carbono/amonia,0.950564,10,3792
11,260,2,Carbono/acido sulfurico,0.965586,10,6551
11,260,3,Carbono/metano,0.98783,10,2432
11,260,4,Silicio/agua,0.959315,10,12521
11,260,5,Silicio/acido sulfurico,1,10,7417
11,265,0,Carbono/agua,1,10,11464
11,265,1,Carbono/amonia,0.950564,10,3903
11,265,2,Carbono/acido sulfurico,0.965586,10,6757
11,265,3,Carbono/metano,0.98783,10,2502
11,265,4,Silicio/agua,0.959315,10,13077
11,265,5,Silicio/acido sulfurico,1,10,7642
11,270,0,Carbono/agua,1,10,11839
11,270,1,Carbono/amonia,0.950564,10,4015
11,270,2,Carbono/acido sulfurico,0.965586,10,6963
11,270,3,Carbono/metano,0.98783,10,2574
11,270,4,Silicio/agua,0.959315,10,13634
11,270,5,Silicio/acido sulfurico,1,10,7867
11,275,0,Carbono/agua,1,10,12374
11,275,1,Carbono/amonia,0.950564,10,4126
11,275,2,Carbono/acido sulfurico,0.965586,10,7168
11,275,3,Carbono/metano,0.98783,10,2647
11,275,4,Silicio/agua,0.959315,10,14191
11,275,5,Silicio/acido sulfurico,1,10,8094
11,280,0,Carbono/agua,1,10,12909
11,280,1,Carbono/amonia,0.950564,10,4237
11,280,2,Carbono/acido sulfurico,0.965586,10,7373
11,280,3,Carbono/metano,0.98783,10,2718
11,280,4,Silicio/agua,0.959315,10,14748
11,280,5,Silicio/acido sulfurico,1,10,8322
11,285,0,Carbono/agua,1,10,13444
11,285,1,Carbono/amonia,0.959315,10,4348
11,285,2,Carbono/acido sulfurico,0.965586,10,7579
11,285,3,Carbono/metano,0.98783,10,2788
11,285,4,Silicio/agua,0.959315,10,15304
11,285,5,Silicio/acido sulfurico,1,10,8547
11,290,0,Carbono/agua,1,10,13981
11,290,1,Carbono/amonia,0.959315,10,4459
11,290,2,Carbono/acido sulfurico,0.965586,10,7785
11,290,3,Carbono/metano,0.98783,10,2859
11,290,4,Silicio/agua,0.959315,10,15862
11,290,5,Silicio/acido sulfurico,1,10,8773
11,295,0,Carbono/agua,1,10,14516
11,295,1,Carbono/amonia,0.959315,10,4569
11,295,2,Carbono/acido sulfurico,0.965586,10,7992
11,295,3,Carbono/metano,0.98783,10,2931
11,295,4,Silicio/agua,0.959315,10,16420
11,295,5,Silicio/acido sulfurico,1,10,9000
11,300,0,Carbono/agua,1,10,15051
11,300,1,Carbono/amonia,0.959315,10,4680
11,300,2,Carbono/acido sulfurico,0.965586,6,8198
11,300,3,Carbono/metano,0.98783,10,3003
11,300,4,Silicio/agua,0.959315,10,16976
11,300,5,Silicio/acido sulfurico,1,10,9225
12,0,0,Carbono/agua,0.746926,2,2
12,0,1,Carbono/amonia,0.525007,1,1
12,0,2,Carbono/acido sulfurico,0.690772,3,3
12,0,3,Carbono/metano,nan,0,0
12,0,4,Silicio/agua,0.670547,2,2
12,0,5,Silicio/acido sulfurico,0.651367,1,3
12,5,0,Carbono/agua,0.768709,2,15
12,5,1,Carbono/amonia,0.786173,2,10
12,5,2,Carbono/acido sulfurico,0.72613,3,18
12,5,3,Carbono/metano,0.693088,2,5
12,5,4,Silicio/agua,0.711606,2,13
12,5,5,Silicio/acido sulfurico,0.682754,2,20
12,10,0,Carbono/agua,0.768709,2,28
12,10,1,Carbono/amonia,0.786173,3,19
12,10,2,Carbono/acido sulfurico,0.742271,4,34
12,10,3,Carbono/metano,0.693088,2,10
12,10,4,Silicio/agua,0.734697,3,25
12,10,5,Silicio/acido sulfurico,0.682754,2,37
12,15,0,Carbono/agua,0.768709,2,42
12,15,1,Carbono/amonia,0.826367,4,29
12,15,2,Carbono/acido sulfurico,0.742271,4,53
12,15,3,Carbono/metano,0.719407,2,16
12,15,4,Silicio/agua,0.734697,3,40
12,15,5,Silicio/acido sulfurico,0.682754,2,57
12,20,0,Carbono/agua,0.768709,3,58
12,20,1,Carbono/amonia,0.826367,4,40
12,20,2,Carbono/acido sulfurico,0.787601,6,73
12,20,3,Carbono/metano,0.719407,3,22
12,20,4,Silicio/agua,0.734697,4,58
12,20,5,Silicio/acido sulfurico,0.687036,2,78
12,25,0,Carbono/agua,0.77728,4,74
12,25,1,Carbono/amonia,0.834798,4,50
12,25,2,Carbono/acido sulfurico,0.807452,6,96
12,25,3,Carbono/metano,0.719407,3,30
12,25,4,Silicio/agua,0.734697,4,75
12,25,5,Silicio/acido sulfurico,0.797185,3,103
12,30,0,Carbono/agua,0.786331,4,92
12,30,1,Carbono/amonia,0.834798,4,63
12,30,2,Carbono/acido sulfurico,0.807452,6,120
12,30,3,Carbono/metano,0.719407,3,38
12,30,4,Silicio/agua,0.748478,4,95
12,30,5,Silicio/acido sulfurico,0.797185,4,129
12,35,0,Carbono/agua,0.786331,5,113
12,35,1,Carbono/amonia,0.834798,4,78
12,35,2,Carbono/acido sulfurico,0.813201,7,145
12,35,3,Carbono/metano,0.719407,3,48
12,35,4,Silicio/agua,0.769984,4,116
12,35,5,Silicio/acido sulfurico,0.812277,5,156
12,40,0,Carbono/agua,0.786331,5,134
12,40,1,Carbono/amonia,0.834798,4,93
12,40,2,Carbono/acido sulfurico,0.813201,7,175
12,40,3,Carbono/metano,0.720003,3,59
12,40,4,Silicio/agua,0.769984,4,140
12,40,5,Silicio/acido sulfurico,0.829834,5,188
12,45,0,Carbono/agua,0.786331,4,149
12,45,1,Carbono/amonia,0.834798,4,109
12,45,2,Carbono/acido sulfurico,0.881034,9,207
12,45,3,Carbono/metano,0.742953,3,71
12,45,4,Silicio/agua,0.769984,5,167
12,45,5,Silicio/acido sulfurico,0.86534,8,223
12,50,0,Carbono/agua,0.786331,4,161
12,50,1,Carbono/amonia,0.834798,5,128
12,50,2,Carbono/acido sulfurico,0.881034,9,242
12,50,3,Carbono/metano,0.787853,3,84
12,50,4,Silicio/agua,0.769984,5,196
12,50,5,Silicio/acido sulfurico,0.867087,8,263
12,55,0,Carbono/agua,0.786331,5,176
12,55,1,Carbono/amonia,0.834798,5,149
12,55,2,Carbono/acido sulfurico,0.881034,10,282
12,55,3,Carbono/metano,0.787853,3,97
12,55,4,Silicio/agua,0.769984,5,227
12,55,5,Silicio/acido sulfurico,0.870696,10,304
12,60,0,Carbono/agua,0.786331,5,193
12,60,1,Carbono/amonia,0.845843,6,174
12,60,2,Carbono/acido sulfurico,0.881034,10,324
12,60,3,Carbono/metano,0.787853,3,110
12,60,4,Silicio/agua,0.769984,5,263
12,60,5,Silicio/acido sulfurico,0.870696,10,352
12,65,0,Carbono/agua,0.786331,5,211
12,65,1,Carbono/amonia,0.845843,3,200
12,65,2,Carbono/acido sulfurico,0.881034,10,373
12,65,3,Carbono/metano,0.792987,4,125
12,65,4,Silicio/agua,0.823422,6,300
12,65,5,Silicio/acido sulfurico,0.921284,10,406
12,70,0,Carbono/agua,0.786331,5,253
12,70,1,Carbono/amonia,0.845843,4,214
12,70,2,Carbono/acido sulfurico,0.888744,10,426
12,70,3,Carbono/metano,0.792987,4,142
12,70,4,Silicio/agua,0.823422,6,344
12,70,5,Silicio/acido sulfurico,0.938751,10,464
12,75,0,Carbono/agua,0.786331,5,296
12,75,1,Carbono/amonia,0.845843,4,229
12,75,2,Carbono/acido sulfurico,0.924832,10,485
12,75,3,Carbono/metano,0.792987,4,162
12,75,4,Silicio/agua,0.823422,6,391
12,75,5,Silicio/acido sulfurico,0.938751,10,529
12,80,0,Carbono/agua,0.786331,5,346
12,80,1,Carbono/amonia,0.845843,4,247
12,80,2,Carbono/acido sulfurico,0.943654,10,550
12,80,3,Carbono/metano,0.792987,5,185
12,80,4,Silicio/agua,0.840303,6,444
12,80,5,Silicio/acido sulfurico,0.953898,10,600
12,85,0,Carbono/agua,0.803213,6,401
12,85,1,Carbono/amonia,0.845843,4,265
12,85,2,Carbono/acido sulfurico,0.960488,10,621
12,85,3,Carbono/metano,0.796321,5,210
12,85,4,Silicio/agua,0.851488,6,502
12,85,5,Silicio/acido sulfurico,0.953898,10,679
12,90,0,Carbono/agua,0.830901,6,461
12,90,1,Carbono/amonia,0.845843,4,291
12,90,2,Carbono/acido sulfurico,1,10,701
12,90,3,Carbono/metano,0.796321,5,237
12,90,4,Silicio/agua,0.852866,6,567
12,90,5,Silicio/acido sulfurico,0.953898,10,765
12,95,0,Carbono/agua,0.830901,5,507
12,95,1,Carbono/amonia,0.848713,5,338
12,95,2,Carbono/acido sulfurico,1,10,787
12,95,3,Carbono/metano,0.796321,5,267
12,95,4,Silicio/agua,0.852866,6,636
12,95,5,Silicio/acido sulfurico,0.963692,10,859
12,100,0,Carbono/agua,0.830901,6,544
12,100,1,Carbono/amonia,0.848713,5,391
12,100,2,Carbono/acido sulfurico,1,10,882
12,100,3,Carbono/metano,0.796321,5,300
12,100,4,Silicio/agua,0.856014,6,714
12,100,5,Silicio/acido sulfurico,0.963692,10,965
12,105,0,Carbono/agua,0.862813,9,586
12,105,1,Carbono/amonia,0.848713,6,448
12,105,2,Carbono/acido sulfurico,1,10,989
12,105,3,Carbono/metano,0.804242,5,335
12,105,4,Silicio/agua,0.856014,6,800
12,105,5,Silicio/acido sulfurico,0.963692,10,1083
12,110,0,Carbono/agua,0.862813,10,631
12,110,1,Carbono/amonia,0.848713,6,511
12,110,2,Carbono/acido sulfurico,1,10,1105
12,110,3,Carbono/metano,0.804242,5,376
12,110,4,Silicio/agua,0.858136,6,894
12,110,5,Silicio/acido sulfurico,0.966513,10,1210
12,115,0,Carbono/agua,0.883742,10,681
12,115,1,Carbono/amonia,0.848713,6,581
12,115,2,Carbono/acido sulfurico,1,10,1235
12,115,3,Carbono/metano,0.825324,5,421
12,115,4,Silicio/agua,0.858136,5,987
12,115,5,Silicio/acido sulfurico,0.985403,10,1350
12,120,0,Carbono/agua,0.883742,10,782
12,120,1,Carbono/amonia,0.857056,6,657
12,120,2,Carbono/acido sulfurico,1,10,1377
12,120,3,Carbono/metano,0.825324,5,469
12,120,4,Silicio/agua,0.858136,5,1044
12,120,5,Silicio/acido sulfurico,0.985403,10,1505
12,125,0,Carbono/agua,0.886682,10,904
12,125,1,Carbono/amonia,0.875218,6,742
12,125,2,Carbono/acido sulfurico,1,10,1535
12,125,3,Carbono/metano,0.825324,5,522
12,125,4,Silicio/agua,0.86363,7,1108
12,125,5,Silicio/acido sulfurico,0.985403,10,1678
12,130,0,Carbono/agua,0.927879,10,1039
12,130,1,Carbono/amonia,0.875218,6,835
12,130,2,Carbono/acido sulfurico,1,10,1707
12,130,3,Carbono/metano,0.825324,5,583
12,130,4,Silicio/agua,0.900426,8,1178
12,130,5,Silicio/acido sulfurico,0.985403,10,1868
12,135,0,Carbono/agua,0.933425,10,1189
12,135,1,Carbono/amonia,0.906156,6,938
12,135,2,Carbono/acido sulfurico,1,10,1897
12,135,3,Carbono/metano,0.825324,5,650
12,135,4,Silicio/agua,0.900426,9,1256
12,135,5,Silicio/acido sulfurico,0.977454,10,2055
12,140,0,Carbono/agua,0.933425,10,1355
12,140,1,Carbono/amonia,0.911984,8,1049
12,140,2,Carbono/acido sulfurico,1,10,2102
12,140,3,Carbono/metano,0.825324,5,721
12,140,4,Silicio/agua,0.930436,9,1378
12,140,5,Silicio/acido sulfurico,0.977454,10,2168
12,145,0,Carbono/agua,0.933425,10,1538
12,145,1,Carbono/amonia,0.911984,8,1159
12,145,2,Carbono/acido sulfurico,1,10,2310
12,145,3,Carbono/metano,0.825324,5,794
12,145,4,Silicio/agua,0.943994,9,1567
12,145,5,Silicio/acido sulfurico,0.980526,10,2281
12,150,0,Carbono/agua,0.941021,10,1739
12,150,1,Carbono/amonia,0.911984,8,1271
12,150,2,Carbono/acido sulfurico,1,10,2516
12,150,3,Carbono/metano,0.852974,5,864
12,150,4,Silicio/agua,0.95907,9,1777
12,150,5,Silicio/acido sulfurico,0.980526,10,2396
12,155,0,Carbono/agua,0.95226,10,1962
12,155,1,Carbono/amonia,0.911984,6,1382
12,155,2,Carbono/acido sulfurico,1,10,2721
12,155,3,Carbono/metano,0.852974,5,934
12,155,4,Silicio/agua,0.968614,9,2007
12,155,5,Silicio/acido sulfurico,0.980526,10,2510
12,160,0,Carbono/agua,0.968059,10,2207
12,160,1,Carbono/amonia,0.911984,8,1438
12,160,2,Carbono/acido sulfurico,1,10,2927
12,160,3,Carbono/metano,0.867507,5,1005
12,160,4,Silicio/agua,0.971694,9,2185
12,160,5,Silicio/acido sulfurico,1,10,2669
12,165,0,Carbono/agua,0.982287,10,2477
12,165,1,Carbono/amonia,0.911984,8,1493
12,165,2,Carbono/acido sulfurico,1,10,3134
12,165,3,Carbono/metano,0.867507,5,1076
12,165,4,Silicio/agua,0.971694,9,2327
12,165,5,Silicio/acido sulfurico,1,10,2895
12,170,0,Carbono/agua,0.982287,10,2776
12,170,1,Carbono/amonia,0.911984,8,1549
12,170,2,Carbono/acido sulfurico,1,10,3339
12,170,3,Carbono/metano,0.867507,5,1147
12,170,4,Silicio/agua,0.980526,9,2482
12,170,5,Silicio/acido sulfurico,1,10,3121
12,175,0,Carbono/agua,0.98783,10,3105
12,175,1,Carbono/amonia,0.911984,8,1606
12,175,2,Carbono/acido sulfurico,1,10,3545
12,175,3,Carbono/metano,0.867507,5,1220
12,175,4,Silicio/agua,0.980526,9,2653
12,175,5,Silicio/acido sulfurico,1,10,3348
12,180,0,Carbono/agua,0.98783,10,3470
12,180,1,Carbono/amonia,0.911984,8,1673
12,180,2,Carbono/acido sulfurico,1,10,3751
12,180,3,Carbono/metano,0.870859,5,1291
12,180,4,Silicio/agua,0.980526,9,2841
12,180,5,Silicio/acido sulfurico,1,10,3576
12,185,0,Carbono/agua,0.98783,10,3874
12,185,1,Carbono/amonia,0.911984,8,1783
12,185,2,Carbono/acido sulfurico,1,10,3956
12,185,3,Carbono/metano,0.870859,5,1363
12,185,4,Silicio/agua,0.980526,9,3218
12,185,5,Silicio/acido sulfurico,1,10,3803
12,190,0,Carbono/agua,0.98783,10,4318
12,190,1,Carbono/amonia,0.911984,8,1895
12,190,2,Carbono/acido sulfurico,1,10,4162
12,190,3,Carbono/metano,0.870859,6,1434
12,190,4,Silicio/agua,0.980526,10,3678
12,190,5,Silicio/acido sulfurico,1,10,4028
12,195,0,Carbono/agua,0.98783,10,4808
12,195,1,Carbono/amonia,0.911984,8,2008
12,195,2,Carbono/acido sulfurico,1,10,4367
12,195,3,Carbono/metano,0.877589,6,1505
12,195,4,Silicio/agua,0.980526,10,4188
12,195,5,Silicio/acido sulfurico,1,10,4254
12,200,0,Carbono/agua,0.98783,10,5339
12,200,1,Carbono/amonia,0.911984,10,2121
12,200,2,Carbono/acido sulfurico,1,8,4532
12,200,3,Carbono/metano,0.877589,6,1576
12,200,4,Silicio/agua,0.980526,10,4739
12,200,5,Silicio/acido sulfurico,1,10,4481
12,205,0,Carbono/agua,0.98783,10,5875
12,205,1,Carbono/amonia,0.911984,10,2232
12,205,2,Carbono/acido sulfurico,1,9,4637
12,205,3,Carbono/metano,0.877589,7,1647
12,205,4,Silicio/agua,0.988807,10,5296
12,205,5,Silicio/acido sulfurico,1,10,4706
12,210,0,Carbono/agua,0.98783,10,6411
12,210,1,Carbono/amonia,0.911984,10,2343
12,210,2,Carbono/acido sulfurico,1,9,4741
12,210,3,Carbono/metano,0.877589,7,1717
12,210,4,Silicio/agua,0.988807,10,5852
12,210,5,Silicio/acido sulfurico,1,10,4932
12,215,0,Carbono/agua,0.98783,10,6947
12,215,1,Carbono/amonia,0.911984,10,2453
12,215,2,Carbono/acido sulfurico,1,9,4845
12,215,3,Carbono/metano,0.877589,7,1787
12,215,4,Silicio/agua,1,10,6409
12,215,5,Silicio/acido sulfurico,1,10,5160
12,220,0,Carbono/agua,0.98783,10,7484
12,220,1,Carbono/amonia,0.920206,10,2564
12,220,2,Carbono/acido sulfurico,1,9,4948
12,220,3,Carbono/metano,0.877589,7,1860
12,220,4,Silicio/agua,1,10,6964
12,220,5,Silicio/acido sulfurico,1,10,5385
12,225,0,Carbono/agua,0.98783,10,8020
12,225,1,Carbono/amonia,0.920206,10,2676
12,225,2,Carbono/acido sulfurico,1,10,5113
12,225,3,Carbono/metano,0.926516,7,1932
12,225,4,Silicio/agua,1,10,7521
12,225,5,Silicio/acido sulfurico,1,10,5612
12,230,0,Carbono/agua,0.98783,10,8555
12,230,1,Carbono/amonia,0.920206,10,2787
12,230,2,Carbono/acido sulfurico,1,10,5318
12,230,3,Carbono/metano,0.926516,7,2002
12,230,4,Silicio/agua,1,10,8078
12,230,5,Silicio/acido sulfurico,1,10,5838
12,235,0,Carbono/agua,0.98783,10,9090
12,235,1,Carbono/amonia,0.920206,10,2898
12,235,2,Carbono/acido sulfurico,1,10,5524
12,235,3,Carbono/metano,0.926516,8,2072
12,235,4,Silicio/agua,1,10,8634
12,235,5,Silicio/acido sulfurico,1,10,6063
12,240,0,Carbono/agua,0.98783,10,9627
12,240,1,Carbono/amonia,0.920206,10,3010
12,240,2,Carbono/acido sulfurico,1,10,5729
12,240,3,Carbono/metano,0.926516,8,2144
12,240,4,Silicio/agua,1,10,9192
12,240,5,Silicio/acido sulfurico,1,10,6289
12,245,0,Carbono/agua,0.98783,10,10162
12,245,1,Carbono/amonia,0.921225,10,3120
12,245,2,Carbono/acido sulfurico,1,10,5934
12,245,3,Carbono/metano,0.926516,8,2218
12,245,4,Silicio/agua,1,10,9749
12,245,5,Silicio/acido sulfurico,1,10,6514
12,250,0,Carbono/agua,0.98783,10,10698
12,250,1,Carbono/amonia,0.928252,10,3232
12,250,2,Carbono/acido sulfurico,1,10,6139
12,250,3,Carbono/metano,0.926516,8,2290
12,250,4,Silicio/agua,1,10,10305
12,250,5,Silicio/acido sulfurico,1,10,6742
12,255,0,Carbono/agua,0.98783,10,11234
12,255,1,Carbono/amonia,0.928252,10,3344
12,255,2,Carbono/acido sulfurico,1,10,6345
12,255,3,Carbono/metano,0.926516,8,2361
12,255,4,Silicio/agua,1,10,10861
12,255,5,Silicio/acido sulfurico,1,10,6968
12,260,0,Carbono/agua,0.98783,10,11770
12,260,1,Carbono/amonia,0.935089,10,3455
12,260,2,Carbono/acido sulfurico,1,10,6551
12,260,3,Carbono/metano,0.926516,9,2432
12,260,4,Silicio/agua,1,10,11418
12,260,5,Silicio/acido sulfurico,1,10,7193
12,265,0,Carbono/agua,0.98783,10,12306
12,265,1,Carbono/amonia,0.935089,10,3567
12,265,2,Carbono/acido sulfurico,1,10,6757
12,265,3,Carbono/metano,0.926516,9,2502
12,265,4,Silicio/agua,1,10,11974
12,265,5,Silicio/acido sulfurico,1,10,7418
12,270,0,Carbono/agua,0.98783,10,12844
12,270,1,Carbono/amonia,0.944146,10,3678
12,270,2,Carbono/acido sulfurico,1,10,6963
12,270,3,Carbono/metano,0.926516,9,2574
12,270,4,Silicio/agua,1,10,12529
12,270,5,Silicio/acido sulfurico,1,10,7643
12,275,0,Carbono/agua,0.98783,10,13381
12,275,1,Carbono/amonia,0.944146,10,3790
12,275,2,Carbono/acido sulfurico,1,10,7169
12,275,3,Carbono/metano,0.926516,9,2648
12,275,4,Silicio/agua,1,10,13087
12,275,5,Silicio/acido sulfurico,1,10,7869
12,280,0,Carbono/agua,0.98783,10,13916
12,280,1,Carbono/amonia,0.944146,10,3901
12,280,2,Carbono/acido sulfurico,1,10,7374
12,280,3,Carbono/metano,0.926516,9,2720
12,280,4,Silicio/agua,1,10,13643
12,280,5,Silicio/acido sulfurico,1,10,8094
12,285,0,Carbono/agua,0.98783,10,14451
12,285,1,Carbono/amonia,0.944146,10,4013
12,285,2,Carbono/acido sulfurico,1,10,7497
12,285,3,Carbono/metano,0.926516,9,2791
12,285,4,Silicio/agua,1,10,14201
12,285,5,Silicio/acido sulfurico,1,10,8320
12,290,0,Carbono/agua,0.98783,10,14988
12,290,1,Carbono/amonia,0.944146,10,4124
12,290,2,Carbono/acido sulfurico,1,10,7601
12,290,3,Carbono/metano,0.926516,9,2863
12,290,4,Silicio/agua,1,10,14757
12,290,5,Silicio/acido sulfurico,1,10,8545
12,295,0,Carbono/agua,0.98783,10,15523
12,295,1,Carbono/amonia,0.944146,10,4235
12,295,2,Carbono/acido sulfurico,1,10,7704
12,295,3,Carbono/metano,0.926516,9,2935
12,295,4,Silicio/agua,1,10,15313
12,295,5,Silicio/acido sulfurico,1,10,8770
12,300,0,Carbono/agua,0.98783,10,16059
12,300,1,Carbono/amonia,0.944146,10,4346
12,300,2,Carbono/acido sulfurico,1,10,7807
12,300,3,Carbono/metano,0.926516,9,3005
12,300,4,Silicio/agua,1,10,15869
12,300,5,Silicio/acido sulfurico,1,10,8996
13,0,0,Carbono/agua,0.511866,1,2
13,0,1,Carbono/amonia,0.531212,1,1
13,0,2,Carbono/acido sulfurico,0.472524,1,3
13,0,3,Carbono/metano,0.582565,1,1
13,0,4,Silicio/agua,0.540348,2,2
13,0,5,Silicio/acido sulfurico,0.523597,1,3
13,5,0,Carbono/agua,0.642025,2,14
13,5,1,Carbono/amonia,0.674457,2,9
13,5,2,Carbono/acido sulfurico,0.578123,1,18
13,5,3,Carbono/metano,0.606259,2,6
13,5,4,Silicio/agua,0.556805,2,14
13,5,5,Silicio/acido sulfurico,0.70184,2,19
13,10,0,Carbono/agua,0.703727,2,27
13,10,1,Carbono/amonia,0.717835,2,19
13,10,2,Carbono/acido sulfurico,0.637764,1,33
13,10,3,Carbono/metano,0.746613,3,12
13,10,4,Silicio/agua,0.593551,2,29
13,10,5,Silicio/acido sulfurico,0.793362,4,35
13,15,0,Carbono/agua,0.703727,4,41
13,15,1,Carbono/amonia,0.717835,2,29
13,15,2,Carbono/acido sulfurico,0.655495,1,52
13,15,3,Carbono/metano,0.857081,3,20
13,15,4,Silicio/agua,0.593551,2,44
13,15,5,Silicio/acido sulfurico,0.81576,5,55
13,20,0,Carbono/agua,0.711009,4,56
13,20,1,Carbono/amonia,0.717835,3,39
13,20,2,Carbono/acido sulfurico,0.655495,1,72
13,20,3,Carbono/metano,0.857081,5,26
13,20,4,Silicio/agua,0.618508,3,59
13,20,5,Silicio/acido sulfurico,0.853387,5,77
13,25,0,Carbono/agua,0.783154,4,74
13,25,1,Carbono/amonia,0.743805,3,50
13,25,2,Carbono/acido sulfurico,0.655495,1,94
13,25,3,Carbono/metano,0.857081,5,31
13,25,4,Silicio/agua,0.626015,3,76
13,25,5,Silicio/acido sulfurico,0.853387,5,102
13,30,0,Carbono/agua,0.783154,4,93
13,30,1,Carbono/amonia,0.743805,3,63
13,30,2,Carbono/acido sulfurico,0.692614,3,117
13,30,3,Carbono/metano,0.857081,6,40
13,30,4,Silicio/agua,0.734924,3,95
13,30,5,Silicio/acido sulfurico,0.861296,5,129
13,35,0,Carbono/agua,0.783154,4,114
13,35,1,Carbono/amonia,0.745597,3,77
13,35,2,Carbono/acido sulfurico,0.692614,3,144
13,35,3,Carbono/metano,0.857081,6,49
13,35,4,Silicio/agua,0.734924,5,116
13,35,5,Silicio/acido sulfurico,0.8751,5,158
13,40,0,Carbono/agua,0.827856,4,137
13,40,1,Carbono/amonia,0.778813,4,92
13,40,2,Carbono/acido sulfurico,0.742607,3,172
13,40,3,Carbono/metano,0.857081,6,59
13,40,4,Silicio/agua,0.734924,5,139
13,40,5,Silicio/acido sulfurico,0.8751,5,191
13,45,0,Carbono/agua,0.827856,4,163
13,45,1,Carbono/amonia,0.793572,4,108
13,45,2,Carbono/acido sulfurico,0.765345,4,204
13,45,3,Carbono/metano,0.866278,6,69
13,45,4,Silicio/agua,0.734924,5,165
13,45,5,Silicio/acido sulfurico,0.8751,5,226
13,50,0,Carbono/agua,0.827856,4,189
13,50,1,Carbono/amonia,0.794772,5,127
13,50,2,Carbono/acido sulfurico,0.765345,4,239
13,50,3,Carbono/metano,0.906335,7,82
13,50,4,Silicio/agua,0.734924,5,194
13,50,5,Silicio/acido sulfurico,0.8751,5,266
13,55,0,Carbono/agua,0.827856,4,220
13,55,1,Carbono/amonia,0.794772,6,148
13,55,2,Carbono/acido sulfurico,0.794821,6,278
13,55,3,Carbono/metano,0.906335,8,95
13,55,4,Silicio/agua,0.815927,6,225
13,55,5,Silicio/acido sulfurico,0.921392,5,308
13,60,0,Carbono/agua,0.827856,5,255
13,60,1,Carbono/amonia,0.807443,6,171
13,60,2,Carbono/acido sulfurico,0.794821,6,321
13,60,3,Carbono/metano,0.906335,8,110
13,60,4,Silicio/agua,0.845331,6,261
13,60,5,Silicio/acido sulfurico,0.921392,5,355
13,65,0,Carbono/agua,0.846488,5,292
13,65,1,Carbono/amonia,0.818353,7,197
13,65,2,Carbono/acido sulfurico,0.893689,8,369
13,65,3,Carbono/metano,0.906335,8,126
13,65,4,Silicio/agua,0.845331,7,300
13,65,5,Silicio/acido sulfurico,0.921392,5,406
13,70,0,Carbono/agua,0.846488,5,334
13,70,1,Carbono/amonia,0.838695,7,227
13,70,2,Carbono/acido sulfurico,0.893689,9,423
13,70,3,Carbono/metano,0.906335,8,143
13,70,4,Silicio/agua,0.845331,8,342
13,70,5,Silicio/acido sulfurico,0.921392,7,466
13,75,0,Carbono/agua,0.846488,5,379
13,75,1,Carbono/amonia,0.838695,8,259
13,75,2,Carbono/acido sulfurico,0.893689,9,482
13,75,3,Carbono/metano,0.921413,8,163
13,75,4,Silicio/agua,0.850871,8,391
13,75,5,Silicio/acido sulfurico,0.921392,7,529
13,80,0,Carbono/agua,0.846488,5,430
13,80,1,Carbono/amonia,0.838695,8,294
13,80,2,Carbono/acido sulfurico,0.934755,10,547
13,80,3,Carbono/metano,0.921413,9,183
13,80,4,Silicio/agua,0.857298,8,444
13,80,5,Silicio/acido sulfurico,0.921392,8,601
13,85,0,Carbono/agua,0.846488,5,485
13,85,1,Carbono/amonia,0.838695,8,334
13,85,2,Carbono/acido sulfurico,0.939918,10,619
13,85,3,Carbono/metano,0.95077,9,208
13,85,4,Silicio/agua,0.857298,8,501
13,85,5,Silicio/acido sulfurico,0.921392,8,678
13,90,0,Carbono/agua,0.846488,5,546
13,90,1,Carbono/amonia,0.838695,8,376
13,90,2,Carbono/acido sulfurico,0.957983,10,698
13,90,3,Carbono/metano,0.95077,9,235
13,90,4,Silicio/agua,0.857298,8,565
13,90,5,Silicio/acido sulfurico,0.921392,8,766
13,95,0,Carbono/agua,0.846488,5,613
13,95,1,Carbono/amonia,0.889516,8,422
13,95,2,Carbono/acido sulfurico,0.957983,10,785
13,95,3,Carbono/metano,0.95077,9,266
13,95,4,Silicio/agua,0.88274,8,637
13,95,5,Silicio/acido sulfurico,0.923711,8,861
13,100,0,Carbono/agua,0.846488,5,689
13,100,1,Carbono/amonia,0.900727,8,473
13,100,2,Carbono/acido sulfurico,0.982376,10,880
13,100,3,Carbono/metano,0.956841,9,301
13,100,4,Silicio/agua,0.892859,8,713
13,100,5,Silicio/acido sulfurico,0.923711,8,967
13,105,0,Carbono/agua,0.852974,5,772
13,105,1,Carbono/amonia,0.90248,8,530
13,105,2,Carbono/acido sulfurico,0.982376,10,986
13,105,3,Carbono/metano,0.956841,9,336
13,105,4,Silicio/agua,0.908562,8,798
13,105,5,Silicio/acido sulfurico,0.923711,8,1082
13,110,0,Carbono/agua,0.852974,5,863
13,110,1,Carbono/amonia,0.90248,8,593
13,110,2,Carbono/acido sulfurico,0.982376,10,1103
13,110,3,Carbono/metano,0.956841,9,377
13,110,4,Silicio/agua,0.908998,8,892
13,110,5,Silicio/acido sulfurico,0.923711,8,1210
13,115,0,Carbono/agua,0.852974,5,965
13,115,1,Carbono/amonia,0.905386,8,661
13,115,2,Carbono/acido sulfurico,1,10,1232
13,115,3,Carbono/metano,0.956841,10,422
13,115,4,Silicio/agua,0.937942,8,996
13,115,5,Silicio/acido sulfurico,0.923711,8,1352
13,120,0,Carbono/agua,0.856071,5,1077
13,120,1,Carbono/amonia,0.905386,8,736
13,120,2,Carbono/acido sulfurico,1,10,1374
13,120,3,Carbono/metano,0.956841,10,471
13,120,4,Silicio/agua,0.937942,5,1099
13,120,5,Silicio/acido sulfurico,0.923711,8,1507
13,125,0,Carbono/agua,0.867507,6,1200
13,125,1,Carbono/amonia,0.931459,9,821
13,125,2,Carbono/acido sulfurico,1,10,1532
13,125,3,Carbono/metano,0.959598,10,524
13,125,4,Silicio/agua,0.937942,6,1162
13,125,5,Silicio/acido sulfurico,0.933061,8,1679
13,130,0,Carbono/agua,0.867507,8,1335
13,130,1,Carbono/amonia,0.935107,10,914
13,130,2,Carbono/acido sulfurico,1,10,1706
13,130,3,Carbono/metano,0.959598,10,584
13,130,4,Silicio/agua,0.937942,6,1234
13,130,5,Silicio/acido sulfurico,0.933061,8,1870
13,135,0,Carbono/agua,0.867507,8,1484
13,135,1,Carbono/amonia,0.937002,10,1017
13,135,2,Carbono/acido sulfurico,1,10,1897
13,135,3,Carbono/metano,0.959598,10,650
13,135,4,Silicio/agua,0.98602,7,1312
13,135,5,Silicio/acido sulfurico,0.933061,8,2079
13,140,0,Carbono/agua,0.867507,8,1648
13,140,1,Carbono/amonia,0.95077,10,1128
13,140,2,Carbono/acido sulfurico,1,10,2103
13,140,3,Carbono/metano,0.959598,10,720
13,140,4,Silicio/agua,0.98602,7,1396
13,140,5,Silicio/acido sulfurico,0.933061,8,2306
13,145,0,Carbono/agua,0.877589,8,1830
13,145,1,Carbono/amonia,0.95191,10,1240
13,145,2,Carbono/acido sulfurico,1,10,2310
13,145,3,Carbono/metano,0.959598,10,790
13,145,4,Silicio/agua,0.98602,7,1490
13,145,5,Silicio/acido sulfurico,0.933061,8,2531
13,150,0,Carbono/agua,0.910393,9,2032
13,150,1,Carbono/amonia,0.95191,10,1351
13,150,2,Carbono/acido sulfurico,1,10,2517
13,150,3,Carbono/metano,0.959598,10,861
13,150,4,Silicio/agua,0.98602,7,1595
13,150,5,Silicio/acido sulfurico,0.933061,8,2757
13,155,0,Carbono/agua,0.919385,9,2253
13,155,1,Carbono/amonia,0.953527,10,1461
13,155,2,Carbono/acido sulfurico,1,10,2724
13,155,3,Carbono/metano,0.959598,10,933
13,155,4,Silicio/agua,0.98602,8,1780
13,155,5,Silicio/acido sulfurico,0.933061,8,2982
13,160,0,Carbono/agua,0.919385,9,2498
13,160,1,Carbono/amonia,0.953527,10,1571
13,160,2,Carbono/acido sulfurico,1,10,2929
13,160,3,Carbono/metano,0.959598,10,1006
13,160,4,Silicio/agua,0.98602,8,2034
13,160,5,Silicio/acido sulfurico,0.933061,8,3208
13,165,0,Carbono/agua,0.926516,7,2714
13,165,1,Carbono/amonia,0.953527,10,1683
13,165,2,Carbono/acido sulfurico,1,10,3134
13,165,3,Carbono/metano,0.959598,10,1058
13,165,4,Silicio/agua,0.98602,8,2316
13,165,5,Silicio/acido sulfurico,0.933061,8,3434
13,170,0,Carbono/agua,0.926516,7,2863
13,170,1,Carbono/amonia,0.953527,10,1795
13,170,2,Carbono/acido sulfurico,1,10,3341
13,170,3,Carbono/metano,0.959598,10,1093
13,170,4,Silicio/agua,0.98602,8,2625
13,170,5,Silicio/acido sulfurico,0.933061,8,3660
13,175,0,Carbono/agua,0.926516,7,3029
13,175,1,Carbono/amonia,0.960995,10,1906
13,175,2,Carbono/acido sulfurico,1,10,3547
13,175,3,Carbono/metano,0.959598,10,1129
13,175,4,Silicio/agua,0.98602,8,2967
13,175,5,Silicio/acido sulfurico,0.933061,8,3885
13,180,0,Carbono/agua,0.926516,7,3211
13,180,1,Carbono/amonia,0.960995,10,2017
13,180,2,Carbono/acido sulfurico,1,10,3754
13,180,3,Carbono/metano,0.959598,10,1164
13,180,4,Silicio/agua,0.98602,8,3346
13,180,5,Silicio/acido sulfurico,0.933061,8,4111
13,185,0,Carbono/agua,0.926516,8,3412
13,185,1,Carbono/amonia,0.960995,10,2129
13,185,2,Carbono/acido sulfurico,1,10,3960
13,185,3,Carbono/metano,0.959598,10,1201
13,185,4,Silicio/agua,0.98783,8,3762
13,185,5,Silicio/acido sulfurico,0.954796,10,4338
13,190,0,Carbono/agua,0.926516,8,3771
13,190,1,Carbono/amonia,0.971104,10,2239
13,190,2,Carbono/acido sulfurico,1,10,4167
13,190,3,Carbono/metano,0.959598,10,1266
13,190,4,Silicio/agua,0.98783,9,4223
13,190,5,Silicio/acido sulfurico,0.971694,10,4563
13,195,0,Carbono/agua,0.946709,8,4261
13,195,1,Carbono/amonia,0.979893,10,2350
13,195,2,Carbono/acido sulfurico,1,10,4373
13,195,3,Carbono/metano,0.960995,10,1339
13,195,4,Silicio/agua,0.98783,9,4731
13,195,5,Silicio/acido sulfurico,0.971694,5,4788
13,200,0,Carbono/agua,0.954179,8,4792
13,200,1,Carbono/amonia,0.979893,10,2461
13,200,2,Carbono/acido sulfurico,1,10,4579
13,200,3,Carbono/metano,0.960995,10,1410
13,200,4,Silicio/agua,0.98783,9,5283
13,200,5,Silicio/acido sulfurico,0.976282,10,4902
13,205,0,Carbono/agua,0.98602,8,5329
13,205,1,Carbono/amonia,0.979893,10,2572
13,205,2,Carbono/acido sulfurico,1,10,4784
13,205,3,Carbono/metano,0.960995,10,1482
13,205,4,Silicio/agua,0.98783,9,5839
13,205,5,Silicio/acido sulfurico,0.976282,10,5014
13,210,0,Carbono/agua,0.98602,9,5866
13,210,1,Carbono/amonia,0.979893,10,2682
13,210,2,Carbono/acido sulfurico,1,10,4989
13,210,3,Carbono/metano,0.960995,10,1553
13,210,4,Silicio/agua,0.98783,9,6396
13,210,5,Silicio/acido sulfurico,0.977454,10,5128
13,215,0,Carbono/agua,0.98783,9,6403
13,215,1,Carbono/amonia,0.98602,10,2794
13,215,2,Carbono/acido sulfurico,1,10,5196
13,215,3,Carbono/metano,0.960995,10,1624
13,215,4,Silicio/agua,0.98783,9,6956
13,215,5,Silicio/acido sulfurico,0.977454,10,5240
13,220,0,Carbono/agua,0.98783,9,6938
13,220,1,Carbono/amonia,0.98602,10,2906
13,220,2,Carbono/acido sulfurico,1,10,5402
13,220,3,Carbono/metano,0.962845,10,1697
13,220,4,Silicio/agua,0.98783,10,7514
13,220,5,Silicio/acido sulfurico,0.977454,10,5374
13,225,0,Carbono/agua,0.98783,9,7474
13,225,1,Carbono/amonia,0.98602,10,3018
13,225,2,Carbono/acido sulfurico,1,10,5609
13,225,3,Carbono/metano,0.962845,10,1767
13,225,4,Silicio/agua,0.98783,10,8070
13,225,5,Silicio/acido sulfurico,0.977454,10,5600
13,230,0,Carbono/agua,0.98783,9,8011
13,230,1,Carbono/amonia,0.98783,10,3128
13,230,2,Carbono/acido sulfurico,1,10,5814
13,230,3,Carbono/metano,0.962845,10,1838
13,230,4,Silicio/agua,0.98783,10,8627
13,230,5,Silicio/acido sulfurico,0.977454,10,5826
13,235,0,Carbono/agua,0.98783,9,8548
13,235,1,Carbono/amonia,0.98783,10,3238
13,235,2,Carbono/acido sulfurico,1,10,6020
13,235,3,Carbono/metano,0.962845,10,1909
13,235,4,Silicio/agua,0.98783,10,9184
13,235,5,Silicio/acido sulfurico,0.980526,10,6051
13,240,0,Carbono/agua,0.98783,9,9085
13,240,1,Carbono/amonia,0.98783,10,3348
13,240,2,Carbono/acido sulfurico,1,10,6226
13,240,3,Carbono/metano,0.98602,10,1979
13,240,4,Silicio/agua,0.98783,10,9741
13,240,5,Silicio/acido sulfurico,1,10,6277
13,245,0,Carbono/agua,0.98783,9,9623
13,245,1,Carbono/amonia,0.98783,9,3425
13,245,2,Carbono/acido sulfurico,1,10,6433
13,245,3,Carbono/metano,0.98602,10,2051
13,245,4,Silicio/agua,0.98783,10,10298
13,245,5,Silicio/acido sulfurico,1,10,6502
13,250,0,Carbono/agua,0.98783,9,10160
13,250,1,Carbono/amonia,0.98783,9,3482
13,250,2,Carbono/acido sulfurico,1,10,6638
13,250,3,Carbono/metano,0.98602,10,2122
13,250,4,Silicio/agua,0.98783,10,10856
13,250,5,Silicio/acido sulfurico,1,10,6727
13,255,0,Carbono/agua,0.98783,9,10697
13,255,1,Carbono/amonia,0.98783,9,3538
13,255,2,Carbono/acido sulfurico,1,10,6843
13,255,3,Carbono/metano,0.98602,10,2193
13,255,4,Silicio/agua,0.98783,10,11412
13,255,5,Silicio/acido sulfurico,1,10,6952
13,260,0,Carbono/agua,0.98783,9,11234
13,260,1,Carbono/amonia,0.98783,9,3593
13,260,2,Carbono/acido sulfurico,1,10,7048
13,260,3,Carbono/metano,0.98602,10,2264
13,260,4,Silicio/agua,0.98783,10,11969
13,260,5,Silicio/acido sulfurico,1,10,7178
13,265,0,Carbono/agua,0.98783,10,11771
13,265,1,Carbono/amonia,0.98783,9,3648
13,265,2,Carbono/acido sulfurico,1,10,7253
13,265,3,Carbono/metano,0.98602,10,2335
13,265,4,Silicio/agua,0.98783,10,12525
13,265,5,Silicio/acido sulfurico,1,10,7403
13,270,0,Carbono/agua,0.98783,10,12307
13,270,1,Carbono/amonia,0.98783,9,3747
13,270,2,Carbono/acido sulfurico,1,10,7459
13,270,3,Carbono/metano,0.98602,10,2408
13,270,4,Silicio/agua,0.98783,10,13081
13,270,5,Silicio/acido sulfurico,1,10,7628
13,275,0,Carbono/agua,0.98783,10,12842
13,275,1,Carbono/amonia,0.98783,9,3858
13,275,2,Carbono/acido sulfurico,1,10,7664
13,275,3,Carbono/metano,0.98602,10,2480
13,275,4,Silicio/agua,0.98783,10,13636
13,275,5,Silicio/acido sulfurico,1,10,7853
13,280,0,Carbono/agua,0.98783,10,13380
13,280,1,Carbono/amonia,0.98783,9,3969
13,280,2,Carbono/acido sulfurico,1,10,7870
13,280,3,Carbono/metano,0.98602,10,2551
13,280,4,Silicio/agua,0.98783,10,14192
13,280,5,Silicio/acido sulfurico,1,10,8078
13,285,0,Carbono/agua,0.98783,10,13916
13,285,1,Carbono/amonia,0.98783,9,4079
13,285,2,Carbono/acido sulfurico,1,10,8075
13,285,3,Carbono/metano,0.98602,10,2623
13,285,4,Silicio/agua,0.98783,10,14748
13,285,5,Silicio/acido sulfurico,1,10,8304
13,290,0,Carbono/agua,0.98783,10,14453
13,290,1,Carbono/amonia,0.98783,10,4190
13,290,2,Carbono/acido sulfurico,1,10,8281
13,290,3,Carbono/metano,0.98602,10,2694
13,290,4,Silicio/agua,0.98783,8,15250
13,290,5,Silicio/acido sulfurico,1,10,8529
13,295,0,Carbono/agua,0.98783,10,14988
13,295,1,Carbono/amonia,0.98783,10,4301
13,295,2,Carbono/acido sulfurico,1,10,8487
13,295,3,Carbono/metano,0.98602,10,2764
13,295,4,Silicio/agua,0.98783,8,15527
13,295,5,Silicio/acido sulfurico,1,10,8756
13,300,0,Carbono/agua,0.98783,10,15523
13,300,1,Carbono/amonia,0.98783,10,4413
13,300,2,Carbono/acido sulfurico,1,10,8694
13,300,3,Carbono/metano,0.98602,7,2814
13,300,4,Silicio/agua,0.98783,8,15806
13,300,5,Silicio/acido sulfurico,1,10,8981
14,0,0,Carbono/agua,0.562855,1,2
14,0,1,Carbono/amonia,0.464511,1,1
14,0,2,Carbono/acido sulfurico,0.595268,2,3
14,0,3,Carbono/metano,0.491846,1,1
14,0,4,Silicio/agua,0.451071,1,3
14,0,5,Silicio/acido sulfurico,0.650245,2,4
14,5,0,Carbono/agua,0.612929,1,14
14,5,1,Carbono/amonia,0.617838,1,9
14,5,2,Carbono/acido sulfurico,0.702623,3,18
14,5,3,Carbono/metano,0.51081,1,6
14,5,4,Silicio/agua,0.514272,1,13
14,5,5,Silicio/acido sulfurico,0.735966,2,20
14,10,0,Carbono/agua,0.741593,2,26
14,10,1,Carbono/amonia,0.716388,2,18
14,10,2,Carbono/acido sulfurico,0.812098,4,34
14,10,3,Carbono/metano,0.628418,1,12
14,10,4,Silicio/agua,0.584716,1,25
14,10,5,Silicio/acido sulfurico,0.735966,3,38
14,15,0,Carbono/agua,0.760517,3,39
14,15,1,Carbono/amonia,0.716388,2,28
14,15,2,Carbono/acido sulfurico,0.812098,5,51
14,15,3,Carbono/metano,0.628418,2,17
14,15,4,Silicio/agua,0.646238,4,40
14,15,5,Silicio/acido sulfurico,0.735966,3,57
14,20,0,Carbono/agua,0.760517,4,54
14,20,1,Carbono/amonia,0.716388,4,39
14,20,2,Carbono/acido sulfurico,0.812098,5,70
14,20,3,Carbono/metano,0.628418,2,24
14,20,4,Silicio/agua,0.646238,4,55
14,20,5,Silicio/acido sulfurico,0.744027,3,78
14,25,0,Carbono/agua,0.796721,4,71
14,25,1,Carbono/amonia,0.716388,4,50
14,25,2,Carbono/acido sulfurico,0.812098,5,93
14,25,3,Carbono/metano,0.628418,2,29
14,25,4,Silicio/agua,0.646238,2,66
14,25,5,Silicio/acido sulfurico,0.744027,3,101
14,30,0,Carbono/agua,0.796721,4,89
14,30,1,Carbono/amonia,0.716388,4,55
14,30,2,Carbono/acido sulfurico,0.812231,6,118
14,30,3,Carbono/metano,0.698125,3,39
14,30,4,Silicio/agua,0.692736,3,75
14,30,5,Silicio/acido sulfurico,0.744027,3,127
14,35,0,Carbono/agua,0.821919,4,110
14,35,1,Carbono/amonia,0.716388,4,61
14,35,2,Carbono/acido sulfurico,0.845488,6,144
14,35,3,Carbono/metano,0.698125,3,47
14,35,4,Silicio/agua,0.692736,3,86
14,35,5,Silicio/acido sulfurico,0.830146,4,156
14,40,0,Carbono/agua,0.821919,4,132
14,40,1,Carbono/amonia,0.716388,4,69
14,40,2,Carbono/acido sulfurico,0.845488,6,173
14,40,3,Carbono/metano,0.698125,3,56
14,40,4,Silicio/agua,0.692736,3,98
14,40,5,Silicio/acido sulfurico,0.830146,3,186
14,45,0,Carbono/agua,0.821919,5,157
14,45,1,Carbono/amonia,0.716388,4,78
14,45,2,Carbono/acido sulfurico,0.845488,6,208
14,45,3,Carbono/metano,0.698125,3,67
14,45,4,Silicio/agua,0.692736,3,109
14,45,5,Silicio/acido sulfurico,0.830146,4,202
14,50,0,Carbono/agua,0.826391,6,185
14,50,1,Carbono/amonia,0.716388,4,91
14,50,2,Carbono/acido sulfurico,0.845488,6,243
14,50,3,Carbono/metano,0.698125,3,78
14,50,4,Silicio/agua,0.730416,4,135
14,50,5,Silicio/acido sulfurico,0.830146,4,221
14,55,0,Carbono/agua,0.826391,6,216
14,55,1,Carbono/amonia,0.759932,3,106
14,55,2,Carbono/acido sulfurico,0.855499,6,283
14,55,3,Carbono/metano,0.709739,3,92
14,55,4,Silicio/agua,0.788876,5,166
14,55,5,Silicio/acido sulfurico,0.830146,4,244
14,60,0,Carbono/agua,0.826391,6,249
14,60,1,Carbono/amonia,0.784935,3,116
14,60,2,Carbono/acido sulfurico,0.861152,6,325
14,60,3,Carbono/metano,0.709739,3,107
14,60,4,Silicio/agua,0.788876,7,201
14,60,5,Silicio/acido sulfurico,0.830146,4,268
14,65,0,Carbono/agua,0.843198,6,286
14,65,1,Carbono/amonia,0.784935,4,128
14,65,2,Carbono/acido sulfurico,0.886036,6,374
14,65,3,Carbono/metano,0.709739,3,123
14,65,4,Silicio/agua,0.788876,7,239
14,65,5,Silicio/acido sulfurico,0.830146,4,305
14,70,0,Carbono/agua,0.843198,6,326
14,70,1,Carbono/amonia,0.816614,4,143
14,70,2,Carbono/acido sulfurico,0.886036,6,426
14,70,3,Carbono/metano,0.751826,3,142
14,70,4,Silicio/agua,0.795915,7,282
14,70,5,Silicio/acido sulfurico,0.836878,6,362
14,75,0,Carbono/agua,0.843967,6,374
14,75,1,Carbono/amonia,0.816614,4,159
14,75,2,Carbono/acido sulfurico,0.89569,6,484
14,75,3,Carbono/metano,0.751826,3,162
14,75,4,Silicio/agua,0.909886,7,329
14,75,5,Silicio/acido sulfurico,0.837945,7,425
14,80,0,Carbono/agua,0.843967,6,424
14,80,1,Carbono/amonia,0.816614,4,191
14,80,2,Carbono/acido sulfurico,0.915848,4,548
14,80,3,Carbono/metano,0.751826,3,184
14,80,4,Silicio/agua,0.909886,8,383
14,80,5,Silicio/acido sulfurico,0.837945,7,495
14,85,0,Carbono/agua,0.843967,7,478
14,85,1,Carbono/amonia,0.816614,4,228
14,85,2,Carbono/acido sulfurico,0.915848,6,585
14,85,3,Carbono/metano,0.785486,4,201
14,85,4,Silicio/agua,0.909886,8,441
14,85,5,Silicio/acido sulfurico,0.846982,7,573
14,90,0,Carbono/agua,0.862406,7,539
14,90,1,Carbono/amonia,0.850262,4,271
14,90,2,Carbono/acido sulfurico,0.915848,6,623
14,90,3,Carbono/metano,0.785486,6,214
14,90,4,Silicio/agua,0.933486,10,505
14,90,5,Silicio/acido sulfurico,0.846982,7,659
14,95,0,Carbono/agua,0.881248,7,606
14,95,1,Carbono/amonia,0.853215,5,318
14,95,2,Carbono/acido sulfurico,0.915848,6,667
14,95,3,Carbono/metano,0.785486,6,228
14,95,4,Silicio/agua,0.934275,10,575
14,95,5,Silicio/acido sulfurico,0.853293,7,754
14,100,0,Carbono/agua,0.881248,7,681
14,100,1,Carbono/amonia,0.868515,5,370
14,100,2,Carbono/acido sulfurico,0.915848,6,716
14,100,3,Carbono/metano,0.819475,7,244
14,100,4,Silicio/agua,0.939585,10,653
14,100,5,Silicio/acido sulfurico,0.854119,7,859
14,105,0,Carbono/agua,0.881248,10,763
14,105,1,Carbono/amonia,0.868515,5,426
14,105,2,Carbono/acido sulfurico,0.915848,6,779
14,105,3,Carbono/metano,0.819475,7,264
14,105,4,Silicio/agua,0.963583,10,737
14,105,5,Silicio/acido sulfurico,0.86043,7,974
14,110,0,Carbono/agua,0.881248,10,852
14,110,1,Carbono/amonia,0.868515,5,488
14,110,2,Carbono/acido sulfurico,0.915848,6,896
14,110,3,Carbono/metano,0.838043,8,300
14,110,4,Silicio/agua,0.983343,10,832
14,110,5,Silicio/acido sulfurico,0.86043,7,1102
14,115,0,Carbono/agua,0.882934,10,952
14,115,1,Carbono/amonia,0.868515,5,558
14,115,2,Carbono/acido sulfurico,0.915848,6,1025
14,115,3,Carbono/metano,0.838043,5,344
14,115,4,Silicio/agua,0.983343,10,937
14,115,5,Silicio/acido sulfurico,0.86043,7,1243
14,120,0,Carbono/agua,0.886653,10,1064
14,120,1,Carbono/amonia,0.868515,5,634
14,120,2,Carbono/acido sulfurico,0.915848,6,1167
14,120,3,Carbono/metano,0.864086,8,369
14,120,4,Silicio/agua,0.985403,10,1051
14,120,5,Silicio/acido sulfurico,0.871075,7,1400
14,125,0,Carbono/agua,0.904563,10,1186
14,125,1,Carbono/amonia,0.868515,6,719
14,125,2,Carbono/acido sulfurico,0.915848,6,1325
14,125,3,Carbono/metano,0.875791,9,397
14,125,4,Silicio/agua,0.988807,10,1178
14,125,5,Silicio/acido sulfurico,0.871075,7,1573
14,130,0,Carbono/agua,0.907962,10,1322
14,130,1,Carbono/amonia,0.868515,6,811
14,130,2,Carbono/acido sulfurico,0.915848,6,1497
14,130,3,Carbono/metano,0.891564,9,427
14,130,4,Silicio/agua,0.988807,9,1290
14,130,5,Silicio/acido sulfurico,0.871075,7,1764
14,135,0,Carbono/agua,0.907962,10,1472
14,135,1,Carbono/amonia,0.868515,6,914
14,135,2,Carbono/acido sulfurico,0.915848,6,1688
14,135,3,Carbono/metano,0.891564,9,459
14,135,4,Silicio/agua,0.988807,10,1367
14,135,5,Silicio/acido sulfurico,0.871075,7,1973
14,140,0,Carbono/agua,0.907962,10,1637
14,140,1,Carbono/amonia,0.868515,6,1024
14,140,2,Carbono/acido sulfurico,0.915848,8,1892
14,140,3,Carbono/metano,0.915396,8,495
14,140,4,Silicio/agua,0.988807,10,1451
14,140,5,Silicio/acido sulfurico,0.890188,8,2198
14,145,0,Carbono/agua,0.909972,10,1820
14,145,1,Carbono/amonia,0.868515,6,1137
14,145,2,Carbono/acido sulfurico,0.915848,8,2097
14,145,3,Carbono/metano,0.923695,9,530
14,145,4,Silicio/agua,0.988807,10,1545
14,145,5,Silicio/acido sulfurico,0.931785,8,2424
14,150,0,Carbono/agua,0.909972,10,2021
14,150,1,Carbono/amonia,0.868515,7,1248
14,150,2,Carbono/acido sulfurico,0.915848,8,2304
14,150,3,Carbono/metano,0.928361,9,565
14,150,4,Silicio/agua,0.988807,10,1648
14,150,5,Silicio/acido sulfurico,0.931882,8,2650
14,155,0,Carbono/agua,0.918801,10,2244
14,155,1,Carbono/amonia,0.868515,7,1361
14,155,2,Carbono/acido sulfurico,0.915848,9,2510
14,155,3,Carbono/metano,0.928858,9,600
14,155,4,Silicio/agua,0.988807,10,1833
14,155,5,Silicio/acido sulfurico,0.95226,8,2875
14,160,0,Carbono/agua,0.918801,10,2489
14,160,1,Carbono/amonia,0.868515,7,1473
14,160,2,Carbono/acido sulfurico,0.915848,9,2715
14,160,3,Carbono/metano,0.929452,9,635
14,160,4,Silicio/agua,1,10,2088
14,160,5,Silicio/acido sulfurico,0.958332,8,3101
14,165,0,Carbono/agua,0.959316,10,2759
14,165,1,Carbono/amonia,0.868515,7,1585
14,165,2,Carbono/acido sulfurico,0.915848,9,2921
14,165,3,Carbono/metano,0.958101,9,707
14,165,4,Silicio/agua,1,10,2370
14,165,5,Silicio/acido sulfurico,0.968917,8,3327
14,170,0,Carbono/agua,0.985403,10,3059
14,170,1,Carbono/amonia,0.871075,7,1695
14,170,2,Carbono/acido sulfurico,0.915848,10,3129
14,170,3,Carbono/metano,0.958101,10,778
14,170,4,Silicio/agua,1,10,2680
14,170,5,Silicio/acido sulfurico,0.968917,8,3553
14,175,0,Carbono/agua,0.988807,10,3390
14,175,1,Carbono/amonia,0.871075,7,1805
14,175,2,Carbono/acido sulfurico,0.915848,10,3334
14,175,3,Carbono/metano,0.958101,10,848
14,175,4,Silicio/agua,1,10,3022
14,175,5,Silicio/acido sulfurico,0.98602,8,3778
14,180,0,Carbono/agua,1,10,3754
14,180,1,Carbono/amonia,0.871075,8,1916
14,180,2,Carbono/acido sulfurico,0.915848,10,3540
14,180,3,Carbono/metano,0.958101,10,919
14,180,4,Silicio/agua,1,10,3402
14,180,5,Silicio/acido sulfurico,0.98602,8,4004
14,185,0,Carbono/agua,1,10,4157
14,185,1,Carbono/amonia,0.871075,8,2027
14,185,2,Carbono/acido sulfurico,0.915848,10,3745
14,185,3,Carbono/metano,0.958101,10,990
14,185,4,Silicio/agua,1,10,3818
14,185,5,Silicio/acido sulfurico,0.98602,8,4229
14,190,0,Carbono/agua,1,10,4601
14,190,1,Carbono/amonia,0.871075,7,2094
14,190,2,Carbono/acido sulfurico,0.915848,10,3953
14,190,3,Carbono/metano,0.958101,10,1061
14,190,4,Silicio/agua,1,10,4279
14,190,5,Silicio/acido sulfurico,0.98602,8,4455
14,195,0,Carbono/agua,1,10,5091
14,195,1,Carbono/amonia,0.871075,7,2150
14,195,2,Carbono/acido sulfurico,0.915848,10,4158
14,195,3,Carbono/metano,0.968614,10,1131
14,195,4,Silicio/agua,1,10,4789
14,195,5,Silicio/acido sulfurico,0.98783,8,4681
14,200,0,Carbono/agua,1,10,5623
14,200,1,Carbono/amonia,0.871075,8,2205
14,200,2,Carbono/acido sulfurico,0.915848,10,4363
14,200,3,Carbono/metano,0.968614,10,1202
14,200,4,Silicio/agua,1,10,5340
14,200,5,Silicio/acido sulfurico,0.98783,8,4907
14,205,0,Carbono/agua,1,10,6159
14,205,1,Carbono/amonia,0.871075,8,2260
14,205,2,Carbono/acido sulfurico,0.915848,10,4569
14,205,3,Carbono/metano,0.968614,10,1272
14,205,4,Silicio/agua,1,10,5896
14,205,5,Silicio/acido sulfurico,0.98783,8,5133
14,210,0,Carbono/agua,1,10,6694
14,210,1,Carbono/amonia,0.871075,8,2315
14,210,2,Carbono/acido sulfurico,0.915848,10,4777
14,210,3,Carbono/metano,0.974211,10,1344
14,210,4,Silicio/agua,1,10,6451
14,210,5,Silicio/acido sulfurico,0.98783,8,5358
14,215,0,Carbono/agua,1,10,7230
14,215,1,Carbono/amonia,0.871075,8,2425
14,215,2,Carbono/acido sulfurico,0.915848,10,4982
14,215,3,Carbono/metano,0.985403,10,1415
14,215,4,Silicio/agua,1,10,7006
14,215,5,Silicio/acido sulfurico,0.98783,8,5583
14,220,0,Carbono/agua,1,10,7768
14,220,1,Carbono/amonia,0.871075,8,2536
14,220,2,Carbono/acido sulfurico,0.915848,10,5188
14,220,3,Carbono/metano,0.985403,10,1486
14,220,4,Silicio/agua,1,10,7563
14,220,5,Silicio/acido sulfurico,0.98783,8,5809
14,225,0,Carbono/agua,1,10,8303
14,225,1,Carbono/amonia,0.879219,8,2646
14,225,2,Carbono/acido sulfurico,0.915848,10,5394
14,225,3,Carbono/metano,0.985403,10,1559
14,225,4,Silicio/agua,1,10,8119
14,225,5,Silicio/acido sulfurico,0.98783,9,6035
14,230,0,Carbono/agua,1,10,8842
14,230,1,Carbono/amonia,0.879219,8,2758
14,230,2,Carbono/acido sulfurico,0.915848,10,5599
14,230,3,Carbono/metano,0.985403,10,1632
14,230,4,Silicio/agua,1,10,8675
14,230,5,Silicio/acido sulfurico,0.98783,9,6261
14,235,0,Carbono/agua,1,10,9379
14,235,1,Carbono/amonia,0.879219,8,2870
14,235,2,Carbono/acido sulfurico,0.915848,10,5804
14,235,3,Carbono/metano,0.985403,10,1703
14,235,4,Silicio/agua,1,10,9232
14,235,5,Silicio/acido sulfurico,0.98783,9,6487
14,240,0,Carbono/agua,1,10,9915
14,240,1,Carbono/amonia,0.879219,8,2983
14,240,2,Carbono/acido sulfurico,0.915848,10,6011
14,240,3,Carbono/metano,0.985403,10,1777
14,240,4,Silicio/agua,1,10,9791
14,240,5,Silicio/acido sulfurico,0.98783,9,6714
14,245,0,Carbono/agua,1,10,10451
14,245,1,Carbono/amonia,0.905553,8,3094
14,245,2,Carbono/acido sulfurico,0.915848,10,6217
14,245,3,Carbono/metano,0.985403,10,1848
14,245,4,Silicio/agua,1,10,10349
14,245,5,Silicio/acido sulfurico,0.98783,7,6940
14,250,0,Carbono/agua,1,10,10987
14,250,1,Carbono/amonia,0.905553,8,3206
14,250,2,Carbono/acido sulfurico,0.915848,10,6424
14,250,3,Carbono/metano,1,10,1920
14,250,4,Silicio/agua,1,10,10905
14,250,5,Silicio/acido sulfurico,0.98783,8,7052
14,255,0,Carbono/agua,1,10,11523
14,255,1,Carbono/amonia,0.930201,8,3319
14,255,2,Carbono/acido sulfurico,0.915848,10,6630
14,255,3,Carbono/metano,1,10,1990
14,255,4,Silicio/agua,1,10,11460
14,255,5,Silicio/acido sulfurico,0.98783,8,7165
14,260,0,Carbono/agua,1,10,12060
14,260,1,Carbono/amonia,0.930269,8,3429
14,260,2,Carbono/acido sulfurico,0.915848,10,6836
14,260,3,Carbono/metano,1,10,2061
14,260,4,Silicio/agua,1,10,12017
14,260,5,Silicio/acido sulfurico,0.98783,9,7277
14,265,0,Carbono/agua,1,10,12595
14,265,1,Carbono/amonia,0.954179,8,3541
14,265,2,Carbono/acido sulfurico,0.915848,10,7042
14,265,3,Carbono/metano,1,10,2132
14,265,4,Silicio/agua,1,10,12574
14,265,5,Silicio/acido sulfurico,0.98783,9,7391
14,270,0,Carbono/agua,1,10,13130
14,270,1,Carbono/amonia,0.954179,8,3653
14,270,2,Carbono/acido sulfurico,0.915848,10,7248
14,270,3,Carbono/metano,1,10,2204
14,270,4,Silicio/agua,1,10,13131
14,270,5,Silicio/acido sulfurico,0.98783,9,7527
14,275,0,Carbono/agua,1,10,13665
14,275,1,Carbono/amonia,0.954179,8,3764
14,275,2,Carbono/acido sulfurico,0.915848,10,7453
14,275,3,Carbono/metano,1,10,2276
14,275,4,Silicio/agua,1,10,13687
14,275,5,Silicio/acido sulfurico,0.98783,9,7754
14,280,0,Carbono/agua,1,10,14203
14,280,1,Carbono/amonia,0.954179,8,3876
14,280,2,Carbono/acido sulfurico,0.944247,10,7658
14,280,3,Carbono/metano,1,10,2348
14,280,4,Silicio/agua,1,10,14132
14,280,5,Silicio/acido sulfurico,0.98783,9,7979
14,285,0,Carbono/agua,1,10,14741
14,285,1,Carbono/amonia,0.954179,8,3988
14,285,2,Carbono/acido sulfurico,0.959315,10,7865
14,285,3,Carbono/metano,1,10,2418
14,285,4,Silicio/agua,1,10,14409
14,285,5,Silicio/acido sulfurico,0.98783,9,8205
14,290,0,Carbono/agua,1,10,15276
14,290,1,Carbono/amonia,0.954179,8,4098
14,290,2,Carbono/acido sulfurico,0.959315,10,8072
14,290,3,Carbono/metano,1,10,2488
14,290,4,Silicio/agua,1,10,14688
14,290,5,Silicio/acido sulfurico,0.98783,9,8431
14,295,0,Carbono/agua,1,10,15811
14,295,1,Carbono/amonia,0.954179,8,4209
14,295,2,Carbono/acido sulfurico,0.959315,10,8278
14,295,3,Carbono/metano,1,10,2559
14,295,4,Silicio/agua,1,10,14967
14,295,5,Silicio/acido sulfurico,0.98783,9,8656
14,300,0,Carbono/agua,1,10,16348
14,300,1,Carbono/amonia,0.954179,8,4319
14,300,2,Carbono/acido sulfurico,0.959315,10,8483
14,300,3,Carbono/metano,1,10,2630
14,300,4,Silicio/agua,1,10,15247
14,300,5,Silicio/acido sulfurico,0.98783,9,8883
15,0,0,Carbono/agua,0.484925,1,2
15,0,1,Carbono/amonia,0.460818,1,2
15,0,2,Carbono/acido sulfurico,0.675899,1,3
15,0,3,Carbono/metano,0.460105,1,1
15,0,4,Silicio/agua,0.490174,1,2
15,0,5,Silicio/acido sulfurico,0.546514,1,3
15,5,0,Carbono/agua,0.540601,1,13
15,5,1,Carbono/amonia,0.629238,2,9
15,5,2,Carbono/acido sulfurico,0.695268,2,17
15,5,3,Carbono/metano,0.568359,1,6
15,5,4,Silicio/agua,0.632684,1,14
15,5,5,Silicio/acido sulfurico,0.703159,2,19
15,10,0,Carbono/agua,0.597982,2,27
15,10,1,Carbono/amonia,0.734913,2,17
15,10,2,Carbono/acido sulfurico,0.695268,3,32
15,10,3,Carbono/metano,0.568359,1,11
15,10,4,Silicio/agua,0.632684,1,29
15,10,5,Silicio/acido sulfurico,0.703159,3,36
15,15,0,Carbono/agua,0.609163,2,40
15,15,1,Carbono/amonia,0.734913,2,26
15,15,2,Carbono/acido sulfurico,0.695268,3,46
15,15,3,Carbono/metano,0.681529,2,17
15,15,4,Silicio/agua,0.692411,2,44
15,15,5,Silicio/acido sulfurico,0.703159,3,56
15,20,0,Carbono/agua,0.694591,3,55
15,20,1,Carbono/amonia,0.746965,2,37
15,20,2,Carbono/acido sulfurico,0.755525,4,56
15,20,3,Carbono/metano,0.681529,2,24
15,20,4,Silicio/agua,0.692411,2,61
15,20,5,Silicio/acido sulfurico,0.721079,3,76
15,25,0,Carbono/agua,0.694591,3,71
15,25,1,Carbono/amonia,0.792654,3,50
15,25,2,Carbono/acido sulfurico,0.755525,4,67
15,25,3,Carbono/metano,0.681529,2,31
15,25,4,Silicio/agua,0.799949,4,78
15,25,5,Silicio/acido sulfurico,0.811387,5,100
15,30,0,Carbono/agua,0.768815,4,89
15,30,1,Carbono/amonia,0.792654,4,63
15,30,2,Carbono/acido sulfurico,0.755525,4,81
15,30,3,Carbono/metano,0.681529,2,39
15,30,4,Silicio/agua,0.799949,4,96
15,30,5,Silicio/acido sulfurico,0.842334,5,126
15,35,0,Carbono/agua,0.768815,5,110
15,35,1,Carbono/amonia,0.792654,4,78
15,35,2,Carbono/acido sulfurico,0.755525,4,95
15,35,3,Carbono/metano,0.681529,2,48
15,35,4,Silicio/agua,0.799949,5,117
15,35,5,Silicio/acido sulfurico,0.842334,6,155
15,40,0,Carbono/agua,0.77154,5,132
15,40,1,Carbono/amonia,0.792654,5,93
15,40,2,Carbono/acido sulfurico,0.755525,4,119
15,40,3,Carbono/metano,0.685594,2,58
15,40,4,Silicio/agua,0.799949,4,134
15,40,5,Silicio/acido sulfurico,0.88149,7,187
15,45,0,Carbono/agua,0.77154,5,157
15,45,1,Carbono/amonia,0.851978,6,110
15,45,2,Carbono/acido sulfurico,0.79309,4,151
15,45,3,Carbono/metano,0.76408,3,69
15,45,4,Silicio/agua,0.799949,6,148
15,45,5,Silicio/acido sulfurico,0.88149,8,223
15,50,0,Carbono/agua,0.77154,5,185
15,50,1,Carbono/amonia,0.886398,6,130
15,50,2,Carbono/acido sulfurico,0.84045,4,186
15,50,3,Carbono/metano,0.76408,2,80
15,50,4,Silicio/agua,0.840965,8,163
15,50,5,Silicio/acido sulfurico,0.90442,9,262
15,55,0,Carbono/agua,0.853228,6,216
15,55,1,Carbono/amonia,0.888007,6,151
15,55,2,Carbono/acido sulfurico,0.858689,5,226
15,55,3,Carbono/metano,0.76408,4,86
15,55,4,Silicio/agua,0.840965,8,179
15,55,5,Silicio/acido sulfurico,0.90442,9,304
15,60,0,Carbono/agua,0.866688,7,251
15,60,1,Carbono/amonia,0.888007,6,175
15,60,2,Carbono/acido sulfurico,0.866205,5,271
15,60,3,Carbono/metano,0.76408,5,96
15,60,4,Silicio/agua,0.840965,8,198
15,60,5,Silicio/acido sulfurico,0.938302,9,353
15,65,0,Carbono/agua,0.866688,7,288
15,65,1,Carbono/amonia,0.888007,7,201
15,65,2,Carbono/acido sulfurico,0.866205,6,318
15,65,3,Carbono/metano,0.76408,5,106
15,65,4,Silicio/agua,0.881939,8,233
15,65,5,Silicio/acido sulfurico,0.938302,9,406
15,70,0,Carbono/agua,0.866688,7,328
15,70,1,Carbono/amonia,0.888007,7,229
15,70,2,Carbono/acido sulfurico,0.866205,6,371
15,70,3,Carbono/metano,0.76408,5,114
15,70,4,Silicio/agua,0.881939,9,275
15,70,5,Silicio/acido sulfurico,0.938302,10,465
15,75,0,Carbono/agua,0.868602,7,373
15,75,1,Carbono/amonia,0.888007,7,261
15,75,2,Carbono/acido sulfurico,0.87254,6,431
15,75,3,Carbono/metano,0.776348,5,129
15,75,4,Silicio/agua,0.881939,10,323
15,75,5,Silicio/acido sulfurico,0.938302,10,528
15,80,0,Carbono/agua,0.874312,7,424
15,80,1,Carbono/amonia,0.888007,7,296
15,80,2,Carbono/acido sulfurico,0.87254,6,495
15,80,3,Carbono/metano,0.776348,5,151
15,80,4,Silicio/agua,0.92105,10,375
15,80,5,Silicio/acido sulfurico,0.960939,10,599
15,85,0,Carbono/agua,0.945686,8,480
15,85,1,Carbono/amonia,0.905812,7,334
15,85,2,Carbono/acido sulfurico,0.9278,6,566
15,85,3,Carbono/metano,0.776348,5,176
15,85,4,Silicio/agua,0.929394,10,432
15,85,5,Silicio/acido sulfurico,0.960939,10,676
15,90,0,Carbono/agua,0.947295,10,541
15,90,1,Carbono/amonia,0.905812,7,377
15,90,2,Carbono/acido sulfurico,0.9278,7,645
15,90,3,Carbono/metano,0.7842,5,204
15,90,4,Silicio/agua,0.929394,10,494
15,90,5,Silicio/acido sulfurico,0.960939,10,762
15,95,0,Carbono/agua,0.947295,10,608
15,95,1,Carbono/amonia,0.905812,7,423
15,95,2,Carbono/acido sulfurico,0.9278,8,732
15,95,3,Carbono/metano,0.7842,5,232
15,95,4,Silicio/agua,0.929394,10,564
15,95,5,Silicio/acido sulfurico,0.960939,10,857
15,100,0,Carbono/agua,0.947295,10,682
15,100,1,Carbono/amonia,0.905812,7,474
15,100,2,Carbono/acido sulfurico,0.9278,9,828
15,100,3,Carbono/metano,0.86355,5,266
15,100,4,Silicio/agua,0.929394,10,642
15,100,5,Silicio/acido sulfurico,0.960939,10,961
15,105,0,Carbono/agua,0.947295,10,764
15,105,1,Carbono/amonia,0.909289,7,531
15,105,2,Carbono/acido sulfurico,0.966844,9,933
15,105,3,Carbono/metano,0.86355,5,301
15,105,4,Silicio/agua,0.929394,10,726
15,105,5,Silicio/acido sulfurico,0.960939,10,1076
15,110,0,Carbono/agua,0.958114,10,855
15,110,1,Carbono/amonia,0.909289,7,594
15,110,2,Carbono/acido sulfurico,0.966844,10,1050
15,110,3,Carbono/metano,0.897777,6,342
15,110,4,Silicio/agua,0.929394,10,821
15,110,5,Silicio/acido sulfurico,0.960939,10,1204
15,115,0,Carbono/agua,0.958114,10,956
15,115,1,Carbono/amonia,0.94794,7,664
15,115,2,Carbono/acido sulfurico,0.966844,10,1178
15,115,3,Carbono/metano,0.897777,6,385
15,115,4,Silicio/agua,0.929394,10,926
15,115,5,Silicio/acido sulfurico,0.960939,10,1345
15,120,0,Carbono/agua,0.958114,10,1067
15,120,1,Carbono/amonia,0.94794,7,741
15,120,2,Carbono/acido sulfurico,0.988807,10,1321
15,120,3,Carbono/metano,0.897777,7,435
15,120,4,Silicio/agua,0.929394,10,1043
15,120,5,Silicio/acido sulfurico,0.960939,10,1502
15,125,0,Carbono/agua,0.958114,10,1188
15,125,1,Carbono/amonia,0.958114,7,827
15,125,2,Carbono/acido sulfurico,0.988807,10,1479
15,125,3,Carbono/metano,0.907487,7,490
15,125,4,Silicio/agua,0.929394,10,1170
15,125,5,Silicio/acido sulfurico,0.960939,10,1674
15,130,0,Carbono/agua,0.958114,10,1324
15,130,1,Carbono/amonia,0.958114,7,921
15,130,2,Carbono/acido sulfurico,0.988807,10,1653
15,130,3,Carbono/metano,0.934925,7,549
15,130,4,Silicio/agua,0.929394,10,1311
15,130,5,Silicio/acido sulfurico,0.960939,10,1863
15,135,0,Carbono/agua,0.964719,10,1472
15,135,1,Carbono/amonia,0.958114,7,1024
15,135,2,Carbono/acido sulfurico,1,10,1844
15,135,3,Carbono/metano,0.968917,7,615
15,135,4,Silicio/agua,0.929394,10,1465
15,135,5,Silicio/acido sulfurico,0.960939,10,2073
15,140,0,Carbono/agua,0.964719,10,1637
15,140,1,Carbono/amonia,0.958114,7,1135
15,140,2,Carbono/acido sulfurico,1,10,2050
15,140,3,Carbono/metano,0.98602,7,687
15,140,4,Silicio/agua,0.929394,10,1636
15,140,5,Silicio/acido sulfurico,0.960939,10,2299
15,145,0,Carbono/agua,0.965586,10,1819
15,145,1,Carbono/amonia,0.958114,7,1245
15,145,2,Carbono/acido sulfurico,1,10,2255
15,145,3,Carbono/metano,0.98602,7,758
15,145,4,Silicio/agua,0.929394,10,1826
15,145,5,Silicio/acido sulfurico,0.960939,10,2526
15,150,0,Carbono/agua,0.965586,9,2000
15,150,1,Carbono/amonia,0.958114,7,1356
15,150,2,Carbono/acido sulfurico,1,10,2462
15,150,3,Carbono/metano,0.98602,7,828
15,150,4,Silicio/agua,0.942382,10,2036
15,150,5,Silicio/acido sulfurico,0.960939,10,2753
15,155,0,Carbono/agua,0.965586,10,2110
15,155,1,Carbono/amonia,0.958114,7,1467
15,155,2,Carbono/acido sulfurico,1,10,2668
15,155,3,Carbono/metano,0.98602,7,899
15,155,4,Silicio/agua,0.942382,10,2267
15,155,5,Silicio/acido sulfurico,0.960939,10,2980
15,160,0,Carbono/agua,0.965586,8,2234
15,160,1,Carbono/amonia,0.958114,7,1578
15,160,2,Carbono/acido sulfurico,1,10,2874
15,160,3,Carbono/metano,0.98602,7,971
15,160,4,Silicio/agua,0.942382,9,2444
15,160,5,Silicio/acido sulfurico,0.960939,10,3206
15,165,0,Carbono/agua,0.965586,9,2369
15,165,1,Carbono/amonia,0.958114,7,1688
15,165,2,Carbono/acido sulfurico,1,10,3081
15,165,3,Carbono/metano,0.98602,7,1043
15,165,4,Silicio/agua,0.942382,10,2585
15,165,5,Silicio/acido sulfurico,0.960939,10,3431
15,170,0,Carbono/agua,0.965586,10,2519
15,170,1,Carbono/amonia,0.958114,7,1800
15,170,2,Carbono/acido sulfurico,1,10,3287
15,170,3,Carbono/metano,0.98602,7,1114
15,170,4,Silicio/agua,0.946836,10,2739
15,170,5,Silicio/acido sulfurico,0.960939,10,3656
15,175,0,Carbono/agua,0.965586,10,2684
15,175,1,Carbono/amonia,0.965586,7,1912
15,175,2,Carbono/acido sulfurico,1,10,3492
15,175,3,Carbono/metano,0.98602,7,1184
15,175,4,Silicio/agua,0.946836,10,2911
15,175,5,Silicio/acido sulfurico,0.960939,10,3882
15,180,0,Carbono/agua,0.965586,10,2865
15,180,1,Carbono/amonia,0.965586,7,2022
15,180,2,Carbono/acido sulfurico,1,10,3698
15,180,3,Carbono/metano,0.98602,7,1256
15,180,4,Silicio/agua,0.946836,10,3101
15,180,5,Silicio/acido sulfurico,0.960939,10,4107
15,185,0,Carbono/agua,0.965586,10,3189
15,185,1,Carbono/amonia,0.965586,7,2135
15,185,2,Carbono/acido sulfurico,1,10,3905
15,185,3,Carbono/metano,0.98602,7,1327
15,185,4,Silicio/agua,0.946836,10,3478
15,185,5,Silicio/acido sulfurico,0.960939,10,4333
15,190,0,Carbono/agua,0.965586,10,3635
15,190,1,Carbono/amonia,0.965586,7,2245
15,190,2,Carbono/acido sulfurico,1,10,4111
15,190,3,Carbono/metano,0.98602,7,1398
15,190,4,Silicio/agua,0.946836,10,3939
15,190,5,Silicio/acido sulfurico,0.960939,10,4559
15,195,0,Carbono/agua,0.965586,10,4125
15,195,1,Carbono/amonia,0.965586,7,2356
15,195,2,Carbono/acido sulfurico,1,10,4316
15,195,3,Carbono/metano,0.98602,8,1470
15,195,4,Silicio/agua,0.946836,10,4447
15,195,5,Silicio/acido sulfurico,0.960939,10,4785
15,200,0,Carbono/agua,0.965586,10,4656
15,200,1,Carbono/amonia,0.965586,7,2467
15,200,2,Carbono/acido sulfurico,1,10,4521
15,200,3,Carbono/metano,0.98602,8,1543
15,200,4,Silicio/agua,0.954329,10,4998
15,200,5,Silicio/acido sulfurico,0.960939,10,5011
15,205,0,Carbono/agua,0.965586,10,5192
15,205,1,Carbono/amonia,0.965586,7,2580
15,205,2,Carbono/acido sulfurico,1,10,4726
15,205,3,Carbono/metano,0.98602,9,1615
15,205,4,Silicio/agua,0.968587,10,5554
15,205,5,Silicio/acido sulfurico,0.960939,10,5237
15,210,0,Carbono/agua,0.965586,10,5728
15,210,1,Carbono/amonia,0.965586,8,2692
15,210,2,Carbono/acido sulfurico,1,10,4933
15,210,3,Carbono/metano,0.98602,9,1687
15,210,4,Silicio/agua,0.968587,10,6110
15,210,5,Silicio/acido sulfurico,0.960939,10,5462
15,215,0,Carbono/agua,0.965586,10,6264
15,215,1,Carbono/amonia,0.965586,8,2802
15,215,2,Carbono/acido sulfurico,1,10,5138
15,215,3,Carbono/metano,0.98602,9,1757
15,215,4,Silicio/agua,0.98783,10,6666
15,215,5,Silicio/acido sulfurico,0.960939,10,5687
15,220,0,Carbono/agua,0.965586,10,6799
15,220,1,Carbono/amonia,0.965586,8,2913
15,220,2,Carbono/acido sulfurico,1,10,5344
15,220,3,Carbono/metano,0.98602,9,1827
15,220,4,Silicio/agua,0.98783,10,7222
15,220,5,Silicio/acido sulfurico,0.960939,10,5912
15,225,0,Carbono/agua,0.965586,10,7334
15,225,1,Carbono/amonia,0.965586,8,3025
15,225,2,Carbono/acido sulfurico,1,10,5550
15,225,3,Carbono/metano,0.98602,9,1898
15,225,4,Silicio/agua,0.98783,10,7781
15,225,5,Silicio/acido sulfurico,0.960939,10,6137
15,230,0,Carbono/agua,0.965586,10,7869
15,230,1,Carbono/amonia,0.965586,8,3136
15,230,2,Carbono/acido sulfurico,1,10,5755
15,230,3,Carbono/metano,0.98602,9,1968
15,230,4,Silicio/agua,0.98783,10,8338
15,230,5,Silicio/acido sulfurico,0.960939,10,6364
15,235,0,Carbono/agua,0.965586,10,8405
15,235,1,Carbono/amonia,0.965586,8,3247
15,235,2,Carbono/acido sulfurico,1,10,5960
15,235,3,Carbono/metano,0.98602,10,2039
15,235,4,Silicio/agua,0.98783,10,8894
15,235,5,Silicio/acido sulfurico,0.960939,10,6590
15,240,0,Carbono/agua,0.965586,10,8940
15,240,1,Carbono/amonia,0.965586,8,3357
15,240,2,Carbono/acido sulfurico,1,10,6167
15,240,3,Carbono/metano,0.98602,10,2109
15,240,4,Silicio/agua,0.98783,10,9452
15,240,5,Silicio/acido sulfurico,0.960939,10,6815
15,245,0,Carbono/agua,0.965586,10,9477
15,245,1,Carbono/amonia,0.965586,8,3469
15,245,2,Carbono/acido sulfurico,1,10,6373
15,245,3,Carbono/metano,0.98602,10,2181
15,245,4,Silicio/agua,0.98783,10,10007
15,245,5,Silicio/acido sulfurico,0.966685,10,7041
15,250,0,Carbono/agua,0.965586,10,10013
15,250,1,Carbono/amonia,0.965586,7,3580
15,250,2,Carbono/acido sulfurico,1,10,6579
15,250,3,Carbono/metano,0.98602,10,2252
15,250,4,Silicio/agua,0.98783,10,10564
15,250,5,Silicio/acido sulfurico,0.982376,10,7266
15,255,0,Carbono/agua,0.965586,10,10550
15,255,1,Carbono/amonia,0.965586,8,3635
15,255,2,Carbono/acido sulfurico,1,10,6785
15,255,3,Carbono/metano,0.98602,10,2325
15,255,4,Silicio/agua,0.98783,10,11119
15,255,5,Silicio/acido sulfurico,1,10,7491
15,260,0,Carbono/agua,0.965586,10,11086
15,260,1,Carbono/amonia,0.965586,9,3690
15,260,2,Carbono/acido sulfurico,1,10,6992
15,260,3,Carbono/metano,0.98602,10,2397
15,260,4,Silicio/agua,0.98783,10,11674
15,260,5,Silicio/acido sulfurico,1,10,7716
15,265,0,Carbono/agua,0.965586,10,11622
15,265,1,Carbono/amonia,0.965586,9,3745
15,265,2,Carbono/acido sulfurico,1,10,7198
15,265,3,Carbono/metano,0.98783,10,2470
15,265,4,Silicio/agua,0.98783,10,12231
15,265,5,Silicio/acido sulfurico,1,10,7941
15,270,0,Carbono/agua,0.965586,10,12158
15,270,1,Carbono/amonia,0.965586,9,3800
15,270,2,Carbono/acido sulfurico,1,10,7404
15,270,3,Carbono/metano,0.98783,10,2542
15,270,4,Silicio/agua,0.98783,10,12788
15,270,5,Silicio/acido sulfurico,1,10,8167
15,275,0,Carbono/agua,0.965586,10,12695
15,275,1,Carbono/amonia,0.965586,9,3866
15,275,2,Carbono/acido sulfurico,1,10,7609
15,275,3,Carbono/metano,0.98783,10,2613
15,275,4,Silicio/agua,0.98783,10,13344
15,275,5,Silicio/acido sulfurico,1,10,8393
15,280,0,Carbono/agua,0.965586,10,13232
15,280,1,Carbono/amonia,0.965586,9,3976
15,280,2,Carbono/acido sulfurico,1,10,7815
15,280,3,Carbono/metano,0.98783,10,2684
15,280,4,Silicio/agua,0.98783,10,13902
15,280,5,Silicio/acido sulfurico,1,10,8619
15,285,0,Carbono/agua,0.965586,10,13769
15,285,1,Carbono/amonia,0.965586,9,4087
15,285,2,Carbono/acido sulfurico,1,10,8021
15,285,3,Carbono/metano,0.98783,10,2757
15,285,4,Silicio/agua,0.98783,10,14458
15,285,5,Silicio/acido sulfurico,1,10,8846
15,290,0,Carbono/agua,0.965586,10,14304
15,290,1,Carbono/amonia,0.965586,9,4199
15,290,2,Carbono/acido sulfurico,1,10,8227
15,290,3,Carbono/metano,0.98783,10,2830
15,290,4,Silicio/agua,0.98783,10,15014
15,290,5,Silicio/acido sulfurico,1,10,9071
15,295,0,Carbono/agua,0.965586,10,14839
15,295,1,Carbono/amonia,0.965586,10,4310
15,295,2,Carbono/acido sulfurico,1,10,8432
15,295,3,Carbono/metano,0.98783,10,2900
15,295,4,Silicio/agua,0.98783,10,15570
15,295,5,Silicio/acido sulfurico,1,10,9297
15,300,0,Carbono/agua,0.965586,10,15376
15,300,1,Carbono/amonia,0.965586,10,4421
15,300,2,Carbono/acido sulfurico,1,10,8638
15,300,3,Carbono/metano,0.98783,10,2970
15,300,4,Silicio/agua,0.98783,10,16128
15,300,5,Silicio/acido sulfurico,1,10,9522
16,0,0,Carbono/agua,0.533677,1,2
16,0,1,Carbono/amonia,0.48128,1,1
16,0,2,Carbono/acido sulfurico,0.552145,1,3
16,0,3,Carbono/metano,0.472922,1,1
16,0,4,Silicio/agua,0.503967,1,2
16,0,5,Silicio/acido sulfurico,0.505289,1,3
16,5,0,Carbono/agua,0.566211,1,12
16,5,1,Carbono/amonia,0.67232,2,10
16,5,2,Carbono/acido sulfurico,0.617207,1,18
16,5,3,Carbono/metano,0.652703,2,6
16,5,4,Silicio/agua,0.620597,3,14
16,5,5,Silicio/acido sulfurico,0.614847,1,19
16,10,0,Carbono/agua,0.702424,2,27
16,10,1,Carbono/amonia,0.704184,2,19
16,10,2,Carbono/acido sulfurico,0.631584,2,35
16,10,3,Carbono/metano,0.652703,2,11
16,10,4,Silicio/agua,0.620597,3,27
16,10,5,Silicio/acido sulfurico,0.614847,1,38
16,15,0,Carbono/agua,0.702655,3,42
16,15,1,Carbono/amonia,0.718386,2,29
16,15,2,Carbono/acido sulfurico,0.631672,2,53
16,15,3,Carbono/metano,0.652703,2,16
16,15,4,Silicio/agua,0.719292,4,41
16,15,5,Silicio/acido sulfurico,0.629625,1,58
16,20,0,Carbono/agua,0.705898,3,57
16,20,1,Carbono/amonia,0.718386,2,40
16,20,2,Carbono/acido sulfurico,0.645053,2,73
16,20,3,Carbono/metano,0.743258,2,24
16,20,4,Silicio/agua,0.719292,4,57
16,20,5,Silicio/acido sulfurico,0.7758,3,81
16,25,0,Carbono/agua,0.705898,3,76
16,25,1,Carbono/amonia,0.805239,3,53
16,25,2,Carbono/acido sulfurico,0.653179,2,94
16,25,3,Carbono/metano,0.743258,3,33
16,25,4,Silicio/agua,0.719292,4,74
16,25,5,Silicio/acido sulfurico,0.7758,4,105
16,30,0,Carbono/agua,0.705898,3,94
16,30,1,Carbono/amonia,0.841929,3,68
16,30,2,Carbono/acido sulfurico,0.724117,3,117
16,30,3,Carbono/metano,0.746122,4,41
16,30,4,Silicio/agua,0.719292,5,91
16,30,5,Silicio/acido sulfurico,0.817789,4,132
16,35,0,Carbono/agua,0.707076,3,116
16,35,1,Carbono/amonia,0.841929,3,83
16,35,2,Carbono/acido sulfurico,0.724117,3,143
16,35,3,Carbono/metano,0.780929,4,49
16,35,4,Silicio/agua,0.796805,5,112
16,35,5,Silicio/acido sulfurico,0.817789,5,161
16,40,0,Carbono/agua,0.707076,3,139
16,40,1,Carbono/amonia,0.841929,4,98
16,40,2,Carbono/acido sulfurico,0.746849,3,173
16,40,3,Carbono/metano,0.846932,4,60
16,40,4,Silicio/agua,0.796805,5,135
16,40,5,Silicio/acido sulfurico,0.817789,7,193
16,45,0,Carbono/agua,0.75568,3,164
16,45,1,Carbono/amonia,0.841929,4,117
16,45,2,Carbono/acido sulfurico,0.746849,2,201
16,45,3,Carbono/metano,0.846932,4,70
16,45,4,Silicio/agua,0.796805,5,162
16,45,5,Silicio/acido sulfurico,0.817789,7,228
16,50,0,Carbono/agua,0.78495,3,192
16,50,1,Carbono/amonia,0.904477,4,137
16,50,2,Carbono/acido sulfurico,0.746849,2,219
16,50,3,Carbono/metano,0.846932,4,81
16,50,4,Silicio/agua,0.842322,5,191
16,50,5,Silicio/acido sulfurico,0.90599,9,268
16,55,0,Carbono/agua,0.804634,4,222
16,55,1,Carbono/amonia,0.904477,4,159
16,55,2,Carbono/acido sulfurico,0.746849,3,239
16,55,3,Carbono/metano,0.846932,5,94
16,55,4,Silicio/agua,0.861563,5,222
16,55,5,Silicio/acido sulfurico,0.941021,9,310
16,60,0,Carbono/agua,0.807782,6,256
16,60,1,Carbono/amonia,0.904477,4,184
16,60,2,Carbono/acido sulfurico,0.746849,4,260
16,60,3,Carbono/metano,0.846932,5,110
16,60,4,Silicio/agua,0.864171,5,257
16,60,5,Silicio/acido sulfurico,0.941021,9,357
16,65,0,Carbono/agua,0.807782,7,293
16,65,1,Carbono/amonia,0.904477,4,210
16,65,2,Carbono/acido sulfurico,0.746849,4,284
16,65,3,Carbono/metano,0.846932,6,127
16,65,4,Silicio/agua,0.90178,5,296
16,65,5,Silicio/acido sulfurico,0.941021,9,409
16,70,0,Carbono/agua,0.807782,7,333
16,70,1,Carbono/amonia,0.904477,4,238
16,70,2,Carbono/acido sulfurico,0.746849,4,310
16,70,3,Carbono/metano,0.846932,6,146
16,70,4,Silicio/agua,0.90178,5,340
16,70,5,Silicio/acido sulfurico,0.941021,9,466
16,75,0,Carbono/agua,0.823833,7,380
16,75,1,Carbono/amonia,0.904477,4,268
16,75,2,Carbono/acido sulfurico,0.746849,4,358
16,75,3,Carbono/metano,0.884091,7,166
16,75,4,Silicio/agua,0.90178,5,387
16,75,5,Silicio/acido sulfurico,0.941021,9,529
16,80,0,Carbono/agua,0.823833,7,430
16,80,1,Carbono/amonia,0.904477,4,301
16,80,2,Carbono/acido sulfurico,0.807915,7,423
16,80,3,Carbono/metano,0.884091,7,188
16,80,4,Silicio/agua,0.90178,5,439
16,80,5,Silicio/acido sulfurico,0.942174,9,601
16,85,0,Carbono/agua,0.834845,7,485
16,85,1,Carbono/amonia,0.904477,4,340
16,85,2,Carbono/acido sulfurico,0.836053,7,494
16,85,3,Carbono/metano,0.884091,7,212
16,85,4,Silicio/agua,0.906366,6,496
16,85,5,Silicio/acido sulfurico,0.942174,10,678
16,90,0,Carbono/agua,0.857944,7,547
16,90,1,Carbono/amonia,0.909886,4,381
16,90,2,Carbono/acido sulfurico,0.836053,7,572
16,90,3,Carbono/metano,0.884091,7,239
16,90,4,Silicio/agua,0.944816,7,558
16,90,5,Silicio/acido sulfurico,0.942174,10,763
16,95,0,Carbono/agua,0.867275,7,614
16,95,1,Carbono/amonia,0.877605,2,414
16,95,2,Carbono/acido sulfurico,0.86033,8,659
16,95,3,Carbono/metano,0.922257,8,270
16,95,4,Silicio/agua,0.944816,7,629
16,95,5,Silicio/acido sulfurico,0.942174,10,857
16,100,0,Carbono/agua,0.881401,8,689
16,100,1,Carbono/amonia,0.913371,4,440
16,100,2,Carbono/acido sulfurico,0.86033,8,755
16,100,3,Carbono/metano,0.922257,8,301
16,100,4,Silicio/agua,0.958114,7,706
16,100,5,Silicio/acido sulfurico,0.942174,10,961
16,105,0,Carbono/agua,0.881401,8,770
16,105,1,Carbono/amonia,0.913371,4,469
16,105,2,Carbono/acido sulfurico,0.889693,10,860
16,105,3,Carbono/metano,0.922257,8,337
16,105,4,Silicio/agua,0.958114,7,792
16,105,5,Silicio/acido sulfurico,0.942174,10,1077
16,110,0,Carbono/agua,0.920452,8,860
16,110,1,Carbono/amonia,0.913371,5,500
16,110,2,Carbono/acido sulfurico,0.926082,10,976
16,110,3,Carbono/metano,0.922257,9,377
16,110,4,Silicio/agua,0.958114,7,885
16,110,5,Silicio/acido sulfurico,0.942174,10,1203
16,115,0,Carbono/agua,0.92137,8,960
16,115,1,Carbono/amonia,0.913371,5,536
16,115,2,Carbono/acido sulfurico,0.942978,10,1105
16,115,3,Carbono/metano,0.922257,10,421
16,115,4,Silicio/agua,0.958114,8,988
16,115,5,Silicio/acido sulfurico,0.954329,10,1345
16,120,0,Carbono/agua,0.92137,9,1069
16,120,1,Carbono/amonia,0.918801,5,584
16,120,2,Carbono/acido sulfurico,0.942978,10,1247
16,120,3,Carbono/metano,0.922257,10,470
16,120,4,Silicio/agua,0.958114,8,1103
16,120,5,Silicio/acido sulfurico,0.954329,10,1501
16,125,0,Carbono/agua,0.92137,10,1191
16,125,1,Carbono/amonia,0.918801,5,670
16,125,2,Carbono/acido sulfurico,0.976647,10,1404
16,125,3,Carbono/metano,0.922257,10,525
16,125,4,Silicio/agua,0.958114,8,1231
16,125,5,Silicio/acido sulfurico,0.954329,10,1671
16,130,0,Carbono/agua,0.92137,10,1327
16,130,1,Carbono/amonia,0.918801,5,765
16,130,2,Carbono/acido sulfurico,0.976647,10,1577
16,130,3,Carbono/metano,0.922257,10,585
16,130,4,Silicio/agua,0.958114,8,1371
16,130,5,Silicio/acido sulfurico,0.954329,10,1861
16,135,0,Carbono/agua,0.923181,10,1476
16,135,1,Carbono/amonia,0.918801,5,869
16,135,2,Carbono/acido sulfurico,0.98602,10,1767
16,135,3,Carbono/metano,0.941317,10,650
16,135,4,Silicio/agua,0.958114,8,1525
16,135,5,Silicio/acido sulfurico,0.954329,10,2071
16,140,0,Carbono/agua,0.94148,10,1642
16,140,1,Carbono/amonia,0.918801,6,981
16,140,2,Carbono/acido sulfurico,0.98783,10,1972
16,140,3,Carbono/metano,0.941317,10,720
16,140,4,Silicio/agua,0.958114,8,1697
16,140,5,Silicio/acido sulfurico,0.954329,10,2295
16,145,0,Carbono/agua,0.947552,10,1825
16,145,1,Carbono/amonia,0.918801,7,1093
16,145,2,Carbono/acido sulfurico,0.98783,10,2177
16,145,3,Carbono/metano,0.942698,10,791
16,145,4,Silicio/agua,0.98783,8,1887
16,145,5,Silicio/acido sulfurico,0.954329,10,2521
16,150,0,Carbono/agua,0.952028,10,2027
16,150,1,Carbono/amonia,0.918801,7,1204
16,150,2,Carbono/acido sulfurico,0.98783,10,2384
16,150,3,Carbono/metano,0.954549,10,861
16,150,4,Silicio/agua,0.98783,8,2095
16,150,5,Silicio/acido sulfurico,0.954329,10,2747
16,155,0,Carbono/agua,0.957545,10,2251
16,155,1,Carbono/amonia,0.918801,7,1315
16,155,2,Carbono/acido sulfurico,0.98783,10,2589
16,155,3,Carbono/metano,0.954549,10,932
16,155,4,Silicio/agua,0.98783,8,2325
16,155,5,Silicio/acido sulfurico,0.954329,10,2972
16,160,0,Carbono/agua,0.968917,10,2496
16,160,1,Carbono/amonia,0.918801,7,1427
16,160,2,Carbono/acido sulfurico,0.98783,10,2795
16,160,3,Carbono/metano,0.968587,10,1003
16,160,4,Silicio/agua,0.98783,8,2579
16,160,5,Silicio/acido sulfurico,0.954329,10,3197
16,165,0,Carbono/agua,0.976282,10,2766
16,165,1,Carbono/amonia,0.918801,7,1539
16,165,2,Carbono/acido sulfurico,0.98783,10,3001
16,165,3,Carbono/metano,0.968587,10,1075
16,165,4,Silicio/agua,0.98783,8,2859
16,165,5,Silicio/acido sulfurico,0.954329,10,3423
16,170,0,Carbono/agua,0.980526,9,3065
16,170,1,Carbono/amonia,0.918801,8,1649
16,170,2,Carbono/acido sulfurico,0.98783,10,3207
16,170,3,Carbono/metano,0.979893,10,1147
16,170,4,Silicio/agua,0.98783,8,3169
16,170,5,Silicio/acido sulfurico,0.954329,10,3649
16,175,0,Carbono/agua,0.980526,10,3229
16,175,1,Carbono/amonia,0.918801,8,1760
16,175,2,Carbono/acido sulfurico,0.98783,10,3412
16,175,3,Carbono/metano,0.982287,10,1218
16,175,4,Silicio/agua,0.98783,8,3512
16,175,5,Silicio/acido sulfurico,0.954329,10,3807
16,180,0,Carbono/agua,0.980526,10,3412
16,180,1,Carbono/amonia,0.918801,8,1871
16,180,2,Carbono/acido sulfurico,0.98783,10,3617
16,180,3,Carbono/metano,0.982287,10,1290
16,180,4,Silicio/agua,0.98783,8,3890
16,180,5,Silicio/acido sulfurico,0.954329,10,3920
16,185,0,Carbono/agua,0.980526,10,3611
16,185,1,Carbono/amonia,0.918801,8,1983
16,185,2,Carbono/acido sulfurico,0.98783,10,3823
16,185,3,Carbono/metano,0.98602,10,1363
16,185,4,Silicio/agua,0.98783,8,4308
16,185,5,Silicio/acido sulfurico,0.954329,10,4032
16,190,0,Carbono/agua,0.980526,10,3831
16,190,1,Carbono/amonia,0.920686,8,2093
16,190,2,Carbono/acido sulfurico,0.98783,10,4029
16,190,3,Carbono/metano,0.98602,10,1433
16,190,4,Silicio/agua,0.98783,8,4768
16,190,5,Silicio/acido sulfurico,0.954329,10,4144
16,195,0,Carbono/agua,0.980526,10,4127
16,195,1,Carbono/amonia,0.924807,8,2205
16,195,2,Carbono/acido sulfurico,0.98783,10,4235
16,195,3,Carbono/metano,0.98602,10,1505
16,195,4,Silicio/agua,0.98783,9,5277
16,195,5,Silicio/acido sulfurico,0.957491,10,4256
16,200,0,Carbono/agua,0.988807,10,4659
16,200,1,Carbono/amonia,0.924807,8,2315
16,200,2,Carbono/acido sulfurico,0.98783,10,4440
16,200,3,Carbono/metano,0.98602,10,1576
16,200,4,Silicio/agua,0.98783,10,5830
16,200,5,Silicio/acido sulfurico,0.957491,10,4458
16,205,0,Carbono/agua,1,10,5194
16,205,1,Carbono/amonia,0.924807,8,2404
16,205,2,Carbono/acido sulfurico,0.98783,10,4645
16,205,3,Carbono/metano,0.98783,10,1648
16,205,4,Silicio/agua,0.98783,10,6386
16,205,5,Silicio/acido sulfurico,0.957491,10,4685
16,210,0,Carbono/agua,1,10,5730
16,210,1,Carbono/amonia,0.924807,8,2459
16,210,2,Carbono/acido sulfurico,0.98783,10,4850
16,210,3,Carbono/metano,0.98783,10,1722
16,210,4,Silicio/agua,0.98783,10,6944
16,210,5,Silicio/acido sulfurico,0.957491,10,4910
16,215,0,Carbono/agua,1,10,6266
16,215,1,Carbono/amonia,0.924807,8,2514
16,215,2,Carbono/acido sulfurico,0.98783,10,5056
16,215,3,Carbono/metano,0.98783,10,1794
16,215,4,Silicio/agua,0.98783,10,7501
16,215,5,Silicio/acido sulfurico,0.957491,10,5136
16,220,0,Carbono/agua,1,10,6801
16,220,1,Carbono/amonia,0.92491,8,2570
16,220,2,Carbono/acido sulfurico,0.98783,10,5262
16,220,3,Carbono/metano,0.98783,10,1865
16,220,4,Silicio/agua,0.98783,10,8057
16,220,5,Silicio/acido sulfurico,0.966685,10,5363
16,225,0,Carbono/agua,1,10,7337
16,225,1,Carbono/amonia,0.92491,8,2626
16,225,2,Carbono/acido sulfurico,0.98783,10,5467
16,225,3,Carbono/metano,0.98783,10,1937
16,225,4,Silicio/agua,0.98783,10,8613
16,225,5,Silicio/acido sulfurico,0.98602,10,5589
16,230,0,Carbono/agua,1,10,7872
16,230,1,Carbono/amonia,0.92491,8,2715
16,230,2,Carbono/acido sulfurico,0.98783,10,5672
16,230,3,Carbono/metano,0.98783,10,2010
16,230,4,Silicio/agua,0.98783,10,9170
16,230,5,Silicio/acido sulfurico,0.98602,10,5814
16,235,0,Carbono/agua,1,10,8409
16,235,1,Carbono/amonia,0.95077,8,2826
16,235,2,Carbono/acido sulfurico,0.98783,10,5877
16,235,3,Carbono/metano,0.98783,10,2081
16,235,4,Silicio/agua,0.98783,10,9726
16,235,5,Silicio/acido sulfurico,0.98602,10,6040
16,240,0,Carbono/agua,1,10,8945
16,240,1,Carbono/amonia,0.95077,8,2937
16,240,2,Carbono/acido sulfurico,0.98783,10,6082
16,240,3,Carbono/metano,0.98783,10,2151
16,240,4,Silicio/agua,0.98783,10,10284
16,240,5,Silicio/acido sulfurico,0.98602,10,6265
16,245,0,Carbono/agua,1,10,9482
16,245,1,Carbono/amonia,0.959598,8,3048
16,245,2,Carbono/acido sulfurico,0.98783,10,6288
16,245,3,Carbono/metano,0.98783,10,2222
16,245,4,Silicio/agua,0.98783,10,10840
16,245,5,Silicio/acido sulfurico,0.98602,10,6490
16,250,0,Carbono/agua,1,10,10018
16,250,1,Carbono/amonia,0.959598,8,3159
16,250,2,Carbono/acido sulfurico,0.98783,10,6493
16,250,3,Carbono/metano,0.98783,10,2293
16,250,4,Silicio/agua,0.98783,10,11397
16,250,5,Silicio/acido sulfurico,0.98602,10,6716
16,255,0,Carbono/agua,1,10,10554
16,255,1,Carbono/amonia,0.959598,8,3270
16,255,2,Carbono/acido sulfurico,0.98783,10,6700
16,255,3,Carbono/metano,0.98783,10,2365
16,255,4,Silicio/agua,0.98783,10,11952
16,255,5,Silicio/acido sulfurico,0.98602,10,6941
16,260,0,Carbono/agua,1,10,11090
16,260,1,Carbono/amonia,0.959598,8,3380
16,260,2,Carbono/acido sulfurico,0.98783,10,6905
16,260,3,Carbono/metano,0.98783,10,2437
16,260,4,Silicio/agua,0.98783,10,12509
16,260,5,Silicio/acido sulfurico,0.98602,10,7168
16,265,0,Carbono/agua,1,10,11628
16,265,1,Carbono/amonia,0.959598,8,3492
16,265,2,Carbono/acido sulfurico,0.98783,10,7112
16,265,3,Carbono/metano,0.98783,10,2508
16,265,4,Silicio/agua,0.98783,10,13066
16,265,5,Silicio/acido sulfurico,0.98602,10,7394
16,270,0,Carbono/agua,1,10,12164
16,270,1,Carbono/amonia,0.959598,8,3602
16,270,2,Carbono/acido sulfurico,0.98783,10,7317
16,270,3,Carbono/metano,0.98783,10,2579
16,270,4,Silicio/agua,0.98783,10,13622
16,270,5,Silicio/acido sulfurico,0.98602,10,7619
16,275,0,Carbono/agua,1,10,12699
16,275,1,Carbono/amonia,0.959598,8,3713
16,275,2,Carbono/acido sulfurico,0.98783,10,7523
16,275,3,Carbono/metano,0.98783,10,2649
16,275,4,Silicio/agua,0.98783,10,14177
16,275,5,Silicio/acido sulfurico,0.98602,10,7844
16,280,0,Carbono/agua,1,10,13235
16,280,1,Carbono/amonia,0.959598,8,3824
16,280,2,Carbono/acido sulfurico,0.98783,10,7728
16,280,3,Carbono/metano,0.98783,10,2720
16,280,4,Silicio/agua,0.98783,10,14733
16,280,5,Silicio/acido sulfurico,0.98602,10,8069
16,285,0,Carbono/agua,1,10,13770
16,285,1,Carbono/amonia,0.959598,8,3935
16,285,2,Carbono/acido sulfurico,0.98783,10,7934
16,285,3,Carbono/metano,0.98783,10,2791
16,285,4,Silicio/agua,0.98783,10,15290
16,285,5,Silicio/acido sulfurico,0.98602,10,8294
16,290,0,Carbono/agua,1,10,14306
16,290,1,Carbono/amonia,0.959598,8,4047
16,290,2,Carbono/acido sulfurico,0.98783,10,8141
16,290,3,Carbono/metano,0.98783,10,2861
16,290,4,Silicio/agua,0.98783,10,15848
16,290,5,Silicio/acido sulfurico,0.98602,10,8520
16,295,0,Carbono/agua,1,10,14841
16,295,1,Carbono/amonia,0.959598,8,4158
16,295,2,Carbono/acido sulfurico,0.98783,10,8348
16,295,3,Carbono/metano,0.98783,10,2932
16,295,4,Silicio/agua,0.98783,10,16404
16,295,5,Silicio/acido sulfurico,0.98602,10,8747
16,300,0,Carbono/agua,1,10,15378
16,300,1,Carbono/amonia,0.959598,8,4268
16,300,2,Carbono/acido sulfurico,0.98783,10,8554
16,300,3,Carbono/metano,0.98783,10,3003
16,300,4,Silicio/agua,0.98783,10,16960
16,300,5,Silicio/acido sulfurico,0.98602,10,8972
17,0,0,Carbono/agua,0.539179,1,3
17,0,1,Carbono/amonia,0.560273,1,2
17,0,2,Carbono/acido sulfurico,0.548435,1,2
17,0,3,Carbono/metano,0.634393,1,1
17,0,4,Silicio/agua,0.586493,1,3
17,0,5,Silicio/acido sulfurico,0.779513,2,3
17,5,0,Carbono/agua,0.573022,2,15
17,5,1,Carbono/amonia,0.610131,1,10
17,5,2,Carbono/acido sulfurico,0.602481,1,16
17,5,3,Carbono/metano,0.676634,2,6
17,5,4,Silicio/agua,0.675609,2,17
17,5,5,Silicio/acido sulfurico,0.779513,3,18
17,10,0,Carbono/agua,0.721431,2,28
17,10,1,Carbono/amonia,0.640955,1,19
17,10,2,Carbono/acido sulfurico,0.632873,2,33
17,10,3,Carbono/metano,0.701891,2,13
17,10,4,Silicio/agua,0.681573,2,28
17,10,5,Silicio/acido sulfurico,0.779513,4,36
17,15,0,Carbono/agua,0.721431,2,43
17,15,1,Carbono/amonia,0.640955,1,29
17,15,2,Carbono/acido sulfurico,0.677581,2,51
17,15,3,Carbono/metano,0.701891,2,18
17,15,4,Silicio/agua,0.706697,3,41
17,15,5,Silicio/acido sulfurico,0.779513,4,55
17,20,0,Carbono/agua,0.721431,3,59
17,20,1,Carbono/amonia,0.654923,1,40
17,20,2,Carbono/acido sulfurico,0.677581,2,71
17,20,3,Carbono/metano,0.701891,2,23
17,20,4,Silicio/agua,0.709583,3,57
17,20,5,Silicio/acido sulfurico,0.779513,5,76
17,25,0,Carbono/agua,0.732653,4,75
17,25,1,Carbono/amonia,0.654923,1,51
17,25,2,Carbono/acido sulfurico,0.68164,2,92
17,25,3,Carbono/metano,0.701891,2,30
17,25,4,Silicio/agua,0.709583,3,77
17,25,5,Silicio/acido sulfurico,0.779513,5,98
17,30,0,Carbono/agua,0.732653,4,93
17,30,1,Carbono/amonia,0.663529,1,64
17,30,2,Carbono/acido sulfurico,0.686574,2,117
17,30,3,Carbono/metano,0.701891,3,39
17,30,4,Silicio/agua,0.741366,3,97
17,30,5,Silicio/acido sulfurico,0.801847,5,123
17,35,0,Carbono/agua,0.752701,4,112
17,35,1,Carbono/amonia,0.663529,1,79
17,35,2,Carbono/acido sulfurico,0.742304,2,144
17,35,3,Carbono/metano,0.701891,3,47
17,35,4,Silicio/agua,0.741366,4,117
17,35,5,Silicio/acido sulfurico,0.801847,5,151
17,40,0,Carbono/agua,0.765282,4,134
17,40,1,Carbono/amonia,0.695031,2,94
17,40,2,Carbono/acido sulfurico,0.780594,2,174
17,40,3,Carbono/metano,0.722778,3,58
17,40,4,Silicio/agua,0.741366,4,142
17,40,5,Silicio/acido sulfurico,0.801847,5,183
17,45,0,Carbono/agua,0.765282,4,160
17,45,1,Carbono/amonia,0.695031,2,111
17,45,2,Carbono/acido sulfurico,0.820639,5,207
17,45,3,Carbono/metano,0.730077,3,71
17,45,4,Silicio/agua,0.744744,4,169
17,45,5,Silicio/acido sulfurico,0.801847,5,218
17,50,0,Carbono/agua,0.778093,5,189
17,50,1,Carbono/amonia,0.71905,3,131
17,50,2,Carbono/acido sulfurico,0.820639,5,242
17,50,3,Carbono/metano,0.75493,4,82
17,50,4,Silicio/agua,0.784887,4,197
17,50,5,Silicio/acido sulfurico,0.801847,5,257
17,55,0,Carbono/agua,0.778093,5,219
17,55,1,Carbono/amonia,0.72106,3,152
17,55,2,Carbono/acido sulfurico,0.820639,6,276
17,55,3,Carbono/metano,0.75493,4,96
17,55,4,Silicio/agua,0.817191,5,229
17,55,5,Silicio/acido sulfurico,0.808999,5,301
17,60,0,Carbono/agua,0.814934,6,253
17,60,1,Carbono/amonia,0.724536,3,175
17,60,2,Carbono/acido sulfurico,0.820639,6,298
17,60,3,Carbono/metano,0.75493,5,111
17,60,4,Silicio/agua,0.817191,5,265
17,60,5,Silicio/acido sulfurico,0.808999,5,350
17,65,0,Carbono/agua,0.824592,7,289
17,65,1,Carbono/amonia,0.741881,3,200
17,65,2,Carbono/acido sulfurico,0.777708,5,322
17,65,3,Carbono/metano,0.769205,5,127
17,65,4,Silicio/agua,0.817191,5,304
17,65,5,Silicio/acido sulfurico,0.8186,6,403
17,70,0,Carbono/agua,0.849954,8,329
17,70,1,Carbono/amonia,0.745346,3,228
17,70,2,Carbono/acido sulfurico,0.81197,5,350
17,70,3,Carbono/metano,0.769205,5,145
17,70,4,Silicio/agua,0.866226,6,347
17,70,5,Silicio/acido sulfurico,0.8186,6,460
17,75,0,Carbono/agua,0.849954,8,376
17,75,1,Carbono/amonia,0.878817,4,259
17,75,2,Carbono/acido sulfurico,0.824088,7,379
17,75,3,Carbono/metano,0.769205,5,166
17,75,4,Silicio/agua,0.867626,6,394
17,75,5,Silicio/acido sulfurico,0.819693,6,526
17,80,0,Carbono/agua,0.884385,8,425
17,80,1,Carbono/amonia,0.878817,4,294
17,80,2,Carbono/acido sulfurico,0.824088,7,411
17,80,3,Carbono/metano,0.769205,6,188
17,80,4,Silicio/agua,0.875712,6,445
17,80,5,Silicio/acido sulfurico,0.830823,6,596
17,85,0,Carbono/agua,0.884385,9,480
17,85,1,Carbono/amonia,0.878817,6,332
17,85,2,Carbono/acido sulfurico,0.826769,7,447
17,85,3,Carbono/metano,0.769205,6,212
17,85,4,Silicio/agua,0.875712,6,501
17,85,5,Silicio/acido sulfurico,0.855692,8,674
17,90,0,Carbono/agua,0.884385,10,541
17,90,1,Carbono/amonia,0.894527,9,373
17,90,2,Carbono/acido sulfurico,0.826769,7,518
17,90,3,Carbono/metano,0.773637,6,240
17,90,4,Silicio/agua,0.875712,6,563
17,90,5,Silicio/acido sulfurico,0.855692,8,760
17,95,0,Carbono/agua,0.884385,10,608
17,95,1,Carbono/amonia,0.894527,10,420
17,95,2,Carbono/acido sulfurico,0.854414,7,604
17,95,3,Carbono/metano,0.773977,6,270
17,95,4,Silicio/agua,0.896439,6,634
17,95,5,Silicio/acido sulfurico,0.86136,8,856
17,100,0,Carbono/agua,0.908141,10,683
17,100,1,Carbono/amonia,0.894527,10,472
17,100,2,Carbono/acido sulfurico,0.868579,7,701
17,100,3,Carbono/metano,0.797743,6,303
17,100,4,Silicio/agua,0.896439,6,711
17,100,5,Silicio/acido sulfurico,0.877917,8,959
17,105,0,Carbono/agua,0.928443,10,767
17,105,1,Carbono/amonia,0.910312,10,529
17,105,2,Carbono/acido sulfurico,0.868582,7,807
17,105,3,Carbono/metano,0.797743,6,338
17,105,4,Silicio/agua,0.905967,6,797
17,105,5,Silicio/acido sulfurico,0.909248,8,1075
17,110,0,Carbono/agua,0.928443,10,859
17,110,1,Carbono/amonia,0.910312,10,592
17,110,2,Carbono/acido sulfurico,0.876354,7,923
17,110,3,Carbono/metano,0.797743,6,378
17,110,4,Silicio/agua,0.958114,6,891
17,110,5,Silicio/acido sulfurico,0.912563,8,1204
17,115,0,Carbono/agua,0.929394,10,958
17,115,1,Carbono/amonia,0.910312,10,662
17,115,2,Carbono/acido sulfurico,0.879999,9,1051
17,115,3,Carbono/metano,0.847903,6,422
17,115,4,Silicio/agua,0.965586,6,994
17,115,5,Silicio/acido sulfurico,0.939918,6,1344
17,120,0,Carbono/agua,0.946836,10,1068
17,120,1,Carbono/amonia,0.92221,10,738
17,120,2,Carbono/acido sulfurico,0.892056,10,1192
17,120,3,Carbono/metano,0.946709,6,470
17,120,4,Silicio/agua,0.965586,7,1109
17,120,5,Silicio/acido sulfurico,0.939918,7,1421
17,125,0,Carbono/agua,0.953081,10,1190
17,125,1,Carbono/amonia,0.927124,10,823
17,125,2,Carbono/acido sulfurico,0.909879,10,1348
17,125,3,Carbono/metano,0.946709,6,524
17,125,4,Silicio/agua,0.965586,7,1237
17,125,5,Silicio/acido sulfurico,0.939918,7,1508
17,130,0,Carbono/agua,0.953081,10,1325
17,130,1,Carbono/amonia,0.927124,10,916
17,130,2,Carbono/acido sulfurico,0.977454,10,1522
17,130,3,Carbono/metano,0.948052,7,584
17,130,4,Silicio/agua,0.965586,7,1378
17,130,5,Silicio/acido sulfurico,0.939918,7,1603
17,135,0,Carbono/agua,0.959316,10,1473
17,135,1,Carbono/amonia,0.927124,10,1019
17,135,2,Carbono/acido sulfurico,0.977454,10,1713
17,135,3,Carbono/metano,0.948052,7,650
17,135,4,Silicio/agua,0.965586,8,1533
17,135,5,Silicio/acido sulfurico,0.954996,7,1708
17,140,0,Carbono/agua,0.959316,10,1638
17,140,1,Carbono/amonia,0.943994,10,1130
17,140,2,Carbono/acido sulfurico,0.988807,10,1918
17,140,3,Carbono/metano,0.948052,8,720
17,140,4,Silicio/agua,0.965586,8,1706
17,140,5,Silicio/acido sulfurico,0.954996,8,1843
17,145,0,Carbono/agua,0.985403,10,1821
17,145,1,Carbono/amonia,0.943994,10,1241
17,145,2,Carbono/acido sulfurico,1,10,2123
17,145,3,Carbono/metano,0.967455,9,790
17,145,4,Silicio/agua,0.965586,8,1895
17,145,5,Silicio/acido sulfurico,0.98783,9,2068
17,150,0,Carbono/agua,0.985403,10,2022
17,150,1,Carbono/amonia,0.943994,10,1352
17,150,2,Carbono/acido sulfurico,1,10,2329
17,150,3,Carbono/metano,0.967455,10,862
17,150,4,Silicio/agua,0.965586,8,2104
17,150,5,Silicio/acido sulfurico,0.98783,10,2295
17,155,0,Carbono/agua,0.985403,10,2244
17,155,1,Carbono/amonia,0.943994,10,1464
17,155,2,Carbono/acido sulfurico,1,10,2534
17,155,3,Carbono/metano,0.967455,10,934
17,155,4,Silicio/agua,0.965586,8,2335
17,155,5,Silicio/acido sulfurico,0.98783,10,2520
17,160,0,Carbono/agua,0.985403,10,2490
17,160,1,Carbono/amonia,0.950564,10,1577
17,160,2,Carbono/acido sulfurico,1,10,2740
17,160,3,Carbono/metano,0.967455,10,1007
17,160,4,Silicio/agua,0.965586,8,2538
17,160,5,Silicio/acido sulfurico,0.98783,10,2745
17,165,0,Carbono/agua,0.985403,10,2761
17,165,1,Carbono/amonia,0.950564,10,1688
17,165,2,Carbono/acido sulfurico,1,10,2947
17,165,3,Carbono/metano,0.967455,10,1080
17,165,4,Silicio/agua,0.965586,9,2678
17,165,5,Silicio/acido sulfurico,0.98783,10,2971
17,170,0,Carbono/agua,1,10,3060
17,170,1,Carbono/amonia,0.953996,10,1799
17,170,2,Carbono/acido sulfurico,1,10,3152
17,170,3,Carbono/metano,0.967455,10,1153
17,170,4,Silicio/agua,0.965586,9,2833
17,170,5,Silicio/acido sulfurico,0.98783,10,3196
17,175,0,Carbono/agua,1,10,3390
17,175,1,Carbono/amonia,0.953996,10,1909
17,175,2,Carbono/acido sulfurico,1,10,3357
17,175,3,Carbono/metano,0.967455,10,1224
17,175,4,Silicio/agua,0.965586,9,3004
17,175,5,Silicio/acido sulfurico,0.98783,10,3423
17,180,0,Carbono/agua,1,10,3755
17,180,1,Carbono/amonia,0.953996,10,2019
17,180,2,Carbono/acido sulfurico,1,10,3564
17,180,3,Carbono/metano,0.967455,10,1294
17,180,4,Silicio/agua,0.965586,9,3194
17,180,5,Silicio/acido sulfurico,0.98783,10,3650
17,185,0,Carbono/agua,1,10,4156
17,185,1,Carbono/amonia,0.953996,10,2131
17,185,2,Carbono/acido sulfurico,1,10,3772
17,185,3,Carbono/metano,0.967455,10,1365
17,185,4,Silicio/agua,0.965586,9,3530
17,185,5,Silicio/acido sulfurico,0.98783,10,3876
17,190,0,Carbono/agua,1,10,4600
17,190,1,Carbono/amonia,0.953996,10,2243
17,190,2,Carbono/acido sulfurico,1,10,3978
17,190,3,Carbono/metano,0.976973,10,1439
17,190,4,Silicio/agua,0.965586,9,3989
17,190,5,Silicio/acido sulfurico,0.98783,10,4102
17,195,0,Carbono/agua,1,10,5090
17,195,1,Carbono/amonia,0.953996,10,2355
17,195,2,Carbono/acido sulfurico,1,10,4183
17,195,3,Carbono/metano,0.976973,10,1510
17,195,4,Silicio/agua,0.965586,9,4497
17,195,5,Silicio/acido sulfurico,0.98783,10,4327
17,200,0,Carbono/agua,1,10,5621
17,200,1,Carbono/amonia,0.953996,10,2466
17,200,2,Carbono/acido sulfurico,1,10,4389
17,200,3,Carbono/metano,0.980526,10,1580
17,200,4,Silicio/agua,0.965586,9,5048
17,200,5,Silicio/acido sulfurico,0.98783,10,4552
17,205,0,Carbono/agua,1,10,6158
17,205,1,Carbono/amonia,0.953996,10,2576
17,205,2,Carbono/acido sulfurico,1,10,4594
17,205,3,Carbono/metano,0.980526,10,1653
17,205,4,Silicio/agua,0.965586,9,5604
17,205,5,Silicio/acido sulfurico,0.98783,10,4778
17,210,0,Carbono/agua,1,10,6694
17,210,1,Carbono/amonia,0.953996,10,2688
17,210,2,Carbono/acido sulfurico,1,10,4801
17,210,3,Carbono/metano,0.980526,10,1723
17,210,4,Silicio/agua,0.965586,9,6161
17,210,5,Silicio/acido sulfurico,0.98783,10,5003
17,215,0,Carbono/agua,1,10,7230
17,215,1,Carbono/amonia,0.953996,10,2798
17,215,2,Carbono/acido sulfurico,1,10,5008
17,215,3,Carbono/metano,0.980526,10,1794
17,215,4,Silicio/agua,0.965586,10,6717
17,215,5,Silicio/acido sulfurico,0.98783,10,5228
17,220,0,Carbono/agua,1,10,7767
17,220,1,Carbono/amonia,0.959315,10,2909
17,220,2,Carbono/acido sulfurico,1,10,5214
17,220,3,Carbono/metano,0.980526,10,1867
17,220,4,Silicio/agua,0.965586,10,7274
17,220,5,Silicio/acido sulfurico,0.98783,10,5455
17,225,0,Carbono/agua,1,10,8303
17,225,1,Carbono/amonia,0.959315,10,3019
17,225,2,Carbono/acido sulfurico,1,10,5421
17,225,3,Carbono/metano,0.980526,10,1939
17,225,4,Silicio/agua,0.965586,10,7831
17,225,5,Silicio/acido sulfurico,1,10,5680
17,230,0,Carbono/agua,1,10,8839
17,230,1,Carbono/amonia,0.959315,10,3131
17,230,2,Carbono/acido sulfurico,1,10,5629
17,230,3,Carbono/metano,0.980526,10,2009
17,230,4,Silicio/agua,0.965586,10,8386
17,230,5,Silicio/acido sulfurico,1,10,5905
17,235,0,Carbono/agua,1,10,9374
17,235,1,Carbono/amonia,0.959315,8,3243
17,235,2,Carbono/acido sulfurico,1,10,5834
17,235,3,Carbono/metano,0.980526,10,2080
17,235,4,Silicio/agua,0.965586,10,8941
17,235,5,Silicio/acido sulfurico,1,10,6131
17,240,0,Carbono/agua,1,10,9910
17,240,1,Carbono/amonia,0.959315,10,3298
17,240,2,Carbono/acido sulfurico,1,10,6039
17,240,3,Carbono/metano,0.980526,10,2150
17,240,4,Silicio/agua,0.97215,10,9496
17,240,5,Silicio/acido sulfurico,1,10,6356
17,245,0,Carbono/agua,1,10,10446
17,245,1,Carbono/amonia,0.959315,10,3354
17,245,2,Carbono/acido sulfurico,1,10,6245
17,245,3,Carbono/metano,0.980526,10,2223
17,245,4,Silicio/agua,0.97215,10,10054
17,245,5,Silicio/acido sulfurico,1,10,6583
17,250,0,Carbono/agua,1,10,10981
17,250,1,Carbono/amonia,0.959315,10,3411
17,250,2,Carbono/acido sulfurico,1,10,6451
17,250,3,Carbono/metano,0.980526,10,2294
17,250,4,Silicio/agua,1,10,10609
17,250,5,Silicio/acido sulfurico,1,10,6809
17,255,0,Carbono/agua,1,10,11516
17,255,1,Carbono/amonia,0.959315,10,3466
17,255,2,Carbono/acido sulfurico,1,10,6657
17,255,3,Carbono/metano,0.980526,10,2364
17,255,4,Silicio/agua,1,10,11164
17,255,5,Silicio/acido sulfurico,1,10,7034
17,260,0,Carbono/agua,1,10,12051
17,260,1,Carbono/amonia,0.959315,10,3532
17,260,2,Carbono/acido sulfurico,1,10,6800
17,260,3,Carbono/metano,0.980526,10,2435
17,260,4,Silicio/agua,1,10,11720
17,260,5,Silicio/acido sulfurico,1,10,7261
17,265,0,Carbono/agua,1,10,12587
17,265,1,Carbono/amonia,0.959315,10,3644
17,265,2,Carbono/acido sulfurico,1,10,6902
17,265,3,Carbono/metano,0.98602,10,2507
17,265,4,Silicio/agua,1,10,12277
17,265,5,Silicio/acido sulfurico,1,10,7487
17,270,0,Carbono/agua,1,10,13122
17,270,1,Carbono/amonia,0.959315,10,3755
17,270,2,Carbono/acido sulfurico,1,7,7007
17,270,3,Carbono/metano,0.98602,10,2577
17,270,4,Silicio/agua,1,10,12835
17,270,5,Silicio/acido sulfurico,1,10,7713
17,275,0,Carbono/agua,1,10,13657
17,275,1,Carbono/amonia,0.959315,10,3866
17,275,2,Carbono/acido sulfurico,1,10,7110
17,275,3,Carbono/metano,0.98602,10,2650
17,275,4,Silicio/agua,1,10,13393
17,275,5,Silicio/acido sulfurico,1,10,7938
17,280,0,Carbono/agua,1,10,14192
17,280,1,Carbono/amonia,0.959315,10,3978
17,280,2,Carbono/acido sulfurico,1,10,7214
17,280,3,Carbono/metano,0.98602,10,2722
17,280,4,Silicio/agua,1,10,13949
17,280,5,Silicio/acido sulfurico,1,10,8163
17,285,0,Carbono/agua,1,10,14730
17,285,1,Carbono/amonia,0.959315,10,4089
17,285,2,Carbono/acido sulfurico,1,10,7316
17,285,3,Carbono/metano,0.98602,10,2796
17,285,4,Silicio/agua,1,10,14506
17,285,5,Silicio/acido sulfurico,1,10,8390
17,290,0,Carbono/agua,1,10,15267
17,290,1,Carbono/amonia,0.959315,10,4199
17,290,2,Carbono/acido sulfurico,1,10,7418
17,290,3,Carbono/metano,0.98602,10,2866
17,290,4,Silicio/agua,1,10,15062
17,290,5,Silicio/acido sulfurico,1,10,8615
17,295,0,Carbono/agua,1,10,15803
17,295,1,Carbono/amonia,0.964778,10,4310
17,295,2,Carbono/acido sulfurico,1,10,7522
17,295,3,Carbono/metano,0.98602,10,2938
17,295,4,Silicio/agua,1,10,15619
17,295,5,Silicio/acido sulfurico,1,10,8841
17,300,0,Carbono/agua,1,10,16338
17,300,1,Carbono/amonia,0.976973,10,4423
17,300,2,Carbono/acido sulfurico,1,10,7624
17,300,3,Carbono/metano,0.98602,10,3010
17,300,4,Silicio/agua,1,10,16176
17,300,5,Silicio/acido sulfurico,1,10,9066
18,0,0,Carbono/agua,0.700436,2,2
18,0,1,Carbono/amonia,0.590828,1,1
18,0,2,Carbono/acido sulfurico,0.483454,1,3
18,0,3,Carbono/metano,0.573668,1,1
18,0,4,Silicio/agua,0.603788,1,2
18,0,5,Silicio/acido sulfurico,0.555515,1,3
18,5,0,Carbono/agua,0.732717,3,13
18,5,1,Carbono/amonia,0.622505,1,8
18,5,2,Carbono/acido sulfurico,0.53366,1,18
18,5,3,Carbono/metano,0.573668,2,6
18,5,4,Silicio/agua,0.669254,2,13
18,5,5,Silicio/acido sulfurico,0.610281,1,18
18,10,0,Carbono/agua,0.759678,3,27
18,10,1,Carbono/amonia,0.636092,1,16
18,10,2,Carbono/acido sulfurico,0.543468,1,34
18,10,3,Carbono/metano,0.630052,2,11
18,10,4,Silicio/agua,0.748602,2,26
18,10,5,Silicio/acido sulfurico,0.693159,1,36
18,15,0,Carbono/agua,0.759678,3,40
18,15,1,Carbono/amonia,0.65774,1,26
18,15,2,Carbono/acido sulfurico,0.565591,2,50
18,15,3,Carbono/metano,0.678496,3,17
18,15,4,Silicio/agua,0.748602,3,41
18,15,5,Silicio/acido sulfurico,0.693159,1,55
18,20,0,Carbono/agua,0.759678,3,55
18,20,1,Carbono/amonia,0.735162,2,37
18,20,2,Carbono/acido sulfurico,0.646782,2,62
18,20,3,Carbono/metano,0.678496,3,23
18,20,4,Silicio/agua,0.748602,3,57
18,20,5,Silicio/acido sulfurico,0.702474,1,76
18,25,0,Carbono/agua,0.870392,4,72
18,25,1,Carbono/amonia,0.735162,3,48
18,25,2,Carbono/acido sulfurico,0.646782,4,73
18,25,3,Carbono/metano,0.705886,3,30
18,25,4,Silicio/agua,0.750216,3,76
18,25,5,Silicio/acido sulfurico,0.766733,2,98
18,30,0,Carbono/agua,0.870392,4,89
18,30,1,Carbono/amonia,0.735162,3,61
18,30,2,Carbono/acido sulfurico,0.646782,3,84
18,30,3,Carbono/metano,0.705886,3,38
18,30,4,Silicio/agua,0.750216,4,96
18,30,5,Silicio/acido sulfurico,0.851981,6,124
18,35,0,Carbono/agua,0.893144,4,109
18,35,1,Carbono/amonia,0.735162,3,76
18,35,2,Carbono/acido sulfurico,0.646782,3,97
18,35,3,Carbono/metano,0.760144,3,48
18,35,4,Silicio/agua,0.750216,4,118
18,35,5,Silicio/acido sulfurico,0.851981,7,153
18,40,0,Carbono/agua,0.893144,6,134
18,40,1,Carbono/amonia,0.735162,3,93
18,40,2,Carbono/acido sulfurico,0.646782,4,111
18,40,3,Carbono/metano,0.760144,3,59
18,40,4,Silicio/agua,0.779392,4,142
18,40,5,Silicio/acido sulfurico,0.873311,8,184
18,45,0,Carbono/agua,0.893144,7,158
18,45,1,Carbono/amonia,0.735162,3,110
18,45,2,Carbono/acido sulfurico,0.646782,4,128
18,45,3,Carbono/metano,0.781053,3,70
18,45,4,Silicio/agua,0.779392,4,169
18,45,5,Silicio/acido sulfurico,0.887656,8,219
18,50,0,Carbono/agua,0.893144,7,188
18,50,1,Carbono/amonia,0.759791,3,129
18,50,2,Carbono/acido sulfurico,0.750605,5,147
18,50,3,Carbono/metano,0.781053,3,82
18,50,4,Silicio/agua,0.779392,4,197
18,50,5,Silicio/acido sulfurico,0.887656,8,259
18,55,0,Carbono/agua,0.906188,7,219
18,55,1,Carbono/amonia,0.759791,4,149
18,55,2,Carbono/acido sulfurico,0.783031,5,172
18,55,3,Carbono/metano,0.781053,3,92
18,55,4,Silicio/agua,0.779392,4,229
18,55,5,Silicio/acido sulfurico,0.887656,8,304
18,60,0,Carbono/agua,0.906188,5,250
18,60,1,Carbono/amonia,0.767672,4,172
18,60,2,Carbono/acido sulfurico,0.783031,5,214
18,60,3,Carbono/metano,0.798493,3,107
18,60,4,Silicio/agua,0.797968,4,263
18,60,5,Silicio/acido sulfurico,0.931676,10,352
18,65,0,Carbono/agua,0.906188,5,268
18,65,1,Carbono/amonia,0.767672,6,198
18,65,2,Carbono/acido sulfurico,0.828413,5,262
18,65,3,Carbono/metano,0.761273,2,117
18,65,4,Silicio/agua,0.830157,4,303
18,65,5,Silicio/acido sulfurico,0.931676,10,405
18,70,0,Carbono/agua,0.906188,5,290
18,70,1,Carbono/amonia,0.815504,6,227
18,70,2,Carbono/acido sulfurico,0.828413,8,315
18,70,3,Carbono/metano,0.761273,3,125
18,70,4,Silicio/agua,0.83944,4,345
18,70,5,Silicio/acido sulfurico,0.943695,10,462
18,75,0,Carbono/agua,0.906188,5,312
18,75,1,Carbono/amonia,0.815504,6,260
18,75,2,Carbono/acido sulfurico,0.828413,9,374
18,75,3,Carbono/metano,0.761273,4,135
18,75,4,Silicio/agua,0.968917,5,391
18,75,5,Silicio/acido sulfurico,0.943695,10,526
18,80,0,Carbono/agua,0.906188,5,338
18,80,1,Carbono/amonia,0.815504,6,295
18,80,2,Carbono/acido sulfurico,0.965822,10,439
18,80,3,Carbono/metano,0.761273,4,146
18,80,4,Silicio/agua,0.968917,6,442
18,80,5,Silicio/acido sulfurico,0.943695,10,597
18,85,0,Carbono/agua,0.906188,5,379
18,85,1,Carbono/amonia,0.815504,6,333
18,85,2,Carbono/acido sulfurico,0.976282,10,508
18,85,3,Carbono/metano,0.730003,3,157
18,85,4,Silicio/agua,0.968917,6,500
18,85,5,Silicio/acido sulfurico,0.954996,10,675
18,90,0,Carbono/agua,0.925635,6,440
18,90,1,Carbono/amonia,0.873938,6,377
18,90,2,Carbono/acido sulfurico,0.976282,10,587
18,90,3,Carbono/metano,0.730003,4,170
18,90,4,Silicio/agua,0.968917,6,564
18,90,5,Silicio/acido sulfurico,0.954996,10,761
18,95,0,Carbono/agua,0.925635,6,509
18,95,1,Carbono/amonia,0.873938,6,425
18,95,2,Carbono/acido sulfurico,0.976282,10,672
18,95,3,Carbono/metano,0.730003,4,186
18,95,4,Silicio/agua,0.968917,6,634
18,95,5,Silicio/acido sulfurico,0.954996,10,856
18,100,0,Carbono/agua,0.925635,6,584
18,100,1,Carbono/amonia,0.873938,6,477
18,100,2,Carbono/acido sulfurico,0.976973,10,769
18,100,3,Carbono/metano,0.730003,4,204
18,100,4,Silicio/agua,0.968917,6,711
18,100,5,Silicio/acido sulfurico,0.954996,10,961
18,105,0,Carbono/agua,0.925635,7,667
18,105,1,Carbono/amonia,0.873938,6,533
18,105,2,Carbono/acido sulfurico,0.976973,10,876
18,105,3,Carbono/metano,0.730003,4,223
18,105,4,Silicio/agua,0.968917,6,795
18,105,5,Silicio/acido sulfurico,0.954996,10,1076
18,110,0,Carbono/agua,0.925635,7,760
18,110,1,Carbono/amonia,0.904676,6,596
18,110,2,Carbono/acido sulfurico,0.980526,10,994
18,110,3,Carbono/metano,0.737428,4,264
18,110,4,Silicio/agua,0.968917,6,890
18,110,5,Silicio/acido sulfurico,0.954996,10,1204
18,115,0,Carbono/agua,0.926516,7,862
18,115,1,Carbono/amonia,0.904676,6,666
18,115,2,Carbono/acido sulfurico,0.980526,10,1123
18,115,3,Carbono/metano,0.742338,4,309
18,115,4,Silicio/agua,0.968917,6,995
18,115,5,Silicio/acido sulfurico,0.962611,10,1346
18,120,0,Carbono/agua,0.926516,7,973
18,120,1,Carbono/amonia,0.904676,6,744
18,120,2,Carbono/acido sulfurico,0.980526,10,1265
18,120,3,Carbono/metano,0.759059,4,359
18,120,4,Silicio/agua,0.968917,7,1110
18,120,5,Silicio/acido sulfurico,0.962611,10,1501
18,125,0,Carbono/agua,0.926516,7,1096
18,125,1,Carbono/amonia,0.904676,6,827
18,125,2,Carbono/acido sulfurico,0.980526,10,1422
18,125,3,Carbono/metano,0.771736,5,413
18,125,4,Silicio/agua,0.968917,7,1238
18,125,5,Silicio/acido sulfurico,0.971104,10,1673
18,130,0,Carbono/agua,0.926516,7,1230
18,130,1,Carbono/amonia,0.904676,6,922
18,130,2,Carbono/acido sulfurico,0.980526,10,1594
18,130,3,Carbono/metano,0.805557,5,473
18,130,4,Silicio/agua,0.979893,7,1377
18,130,5,Silicio/acido sulfurico,0.985403,10,1862
18,135,0,Carbono/agua,0.926516,7,1379
18,135,1,Carbono/amonia,0.904676,6,1026
18,135,2,Carbono/acido sulfurico,0.980526,10,1786
18,135,3,Carbono/metano,0.805557,5,539
18,135,4,Silicio/agua,0.979893,7,1532
18,135,5,Silicio/acido sulfurico,1,10,2071
18,140,0,Carbono/agua,0.927879,8,1543
18,140,1,Carbono/amonia,0.904676,6,1137
18,140,2,Carbono/acido sulfurico,0.980526,10,1990
18,140,3,Carbono/metano,0.820433,5,610
18,140,4,Silicio/agua,0.98602,8,1702
18,140,5,Silicio/acido sulfurico,1,10,2297
18,145,0,Carbono/agua,0.933425,8,1724
18,145,1,Carbono/amonia,0.904676,8,1250
18,145,2,Carbono/acido sulfurico,0.980526,10,2195
18,145,3,Carbono/metano,0.821872,6,682
18,145,4,Silicio/agua,0.98602,8,1893
18,145,5,Silicio/acido sulfurico,1,10,2522
18,150,0,Carbono/agua,0.933425,8,1925
18,150,1,Carbono/amonia,0.96101,9,1362
18,150,2,Carbono/acido sulfurico,0.980526,10,2403
18,150,3,Carbono/metano,0.851882,6,752
18,150,4,Silicio/agua,0.98602,8,2101
18,150,5,Silicio/acido sulfurico,1,10,2747
18,155,0,Carbono/agua,0.933425,8,2148
18,155,1,Carbono/amonia,0.96101,9,1474
18,155,2,Carbono/acido sulfurico,0.980526,10,2609
18,155,3,Carbono/metano,0.866334,6,823
18,155,4,Silicio/agua,0.98602,8,2333
18,155,5,Silicio/acido sulfurico,1,10,2973
18,160,0,Carbono/agua,0.933425,8,2393
18,160,1,Carbono/amonia,0.983343,10,1587
18,160,2,Carbono/acido sulfurico,0.980526,10,2815
18,160,3,Carbono/metano,0.866334,6,897
18,160,4,Silicio/agua,0.98602,8,2588
18,160,5,Silicio/acido sulfurico,1,10,3198
18,165,0,Carbono/agua,0.933425,8,2664
18,165,1,Carbono/amonia,0.985403,10,1698
18,165,2,Carbono/acido sulfurico,0.988807,10,3021
18,165,3,Carbono/metano,0.866334,6,968
18,165,4,Silicio/agua,0.98783,8,2869
18,165,5,Silicio/acido sulfurico,1,10,3423
18,170,0,Carbono/agua,0.933425,8,2963
18,170,1,Carbono/amonia,1,10,1811
18,170,2,Carbono/acido sulfurico,0.988807,10,3227
18,170,3,Carbono/metano,0.866334,6,1040
18,170,4,Silicio/agua,0.98783,10,3179
18,170,5,Silicio/acido sulfurico,1,10,3649
18,175,0,Carbono/agua,0.933425,8,3292
18,175,1,Carbono/amonia,1,8,1910
18,175,2,Carbono/acido sulfurico,0.988807,10,3432
18,175,3,Carbono/metano,0.869506,6,1110
18,175,4,Silicio/agua,0.98783,10,3523
18,175,5,Silicio/acido sulfurico,1,10,3875
18,180,0,Carbono/agua,0.933425,8,3657
18,180,1,Carbono/amonia,1,9,1965
18,180,2,Carbono/acido sulfurico,0.988807,10,3637
18,180,3,Carbono/metano,0.869506,7,1181
18,180,4,Silicio/agua,0.98783,10,3902
18,180,5,Silicio/acido sulfurico,1,10,4100
18,185,0,Carbono/agua,0.946709,8,4060
18,185,1,Carbono/amonia,1,9,2022
18,185,2,Carbono/acido sulfurico,0.988807,10,3843
18,185,3,Carbono/metano,0.869506,7,1253
18,185,4,Silicio/agua,0.98783,10,4320
18,185,5,Silicio/acido sulfurico,1,10,4326
18,190,0,Carbono/agua,0.946709,9,4504
18,190,1,Carbono/amonia,1,9,2078
18,190,2,Carbono/acido sulfurico,1,10,4051
18,190,3,Carbono/metano,0.869506,7,1324
18,190,4,Silicio/agua,0.98783,10,4780
18,190,5,Silicio/acido sulfurico,1,10,4551
18,195,0,Carbono/agua,0.979893,9,4994
18,195,1,Carbono/amonia,1,9,2135
18,195,2,Carbono/acido sulfurico,1,10,4256
18,195,3,Carbono/metano,0.871075,7,1394
18,195,4,Silicio/agua,0.98783,10,5290
18,195,5,Silicio/acido sulfurico,1,10,4776
18,200,0,Carbono/agua,0.979893,9,5526
18,200,1,Carbono/amonia,1,9,2212
18,200,2,Carbono/acido sulfurico,1,10,4463
18,200,3,Carbono/metano,0.871075,8,1465
18,200,4,Silicio/agua,0.98783,10,5841
18,200,5,Silicio/acido sulfurico,1,10,5002
18,205,0,Carbono/agua,0.98602,9,6063
18,205,1,Carbono/amonia,1,9,2322
18,205,2,Carbono/acido sulfurico,1,10,4669
18,205,3,Carbono/metano,0.871075,8,1538
18,205,4,Silicio/agua,0.98783,10,6398
18,205,5,Silicio/acido sulfurico,1,10,5227
18,210,0,Carbono/agua,0.98783,9,6599
18,210,1,Carbono/amonia,1,9,2433
18,210,2,Carbono/acido sulfurico,1,10,4874
18,210,3,Carbono/metano,0.871075,8,1610
18,210,4,Silicio/agua,0.98783,10,6956
18,210,5,Silicio/acido sulfurico,0.98783,10,5384
18,215,0,Carbono/agua,0.98783,10,7134
18,215,1,Carbono/amonia,1,9,2544
18,215,2,Carbono/acido sulfurico,1,10,5079
18,215,3,Carbono/metano,0.871075,8,1682
18,215,4,Silicio/agua,0.98783,10,7514
18,215,5,Silicio/acido sulfurico,1,10,5496
18,220,0,Carbono/agua,0.98783,10,7670
18,220,1,Carbono/amonia,1,10,2656
18,220,2,Carbono/acido sulfurico,1,10,5284
18,220,3,Carbono/metano,0.871075,8,1755
18,220,4,Silicio/agua,0.98783,10,8073
18,220,5,Silicio/acido sulfurico,1,10,5610
18,225,0,Carbono/agua,0.98783,10,8206
18,225,1,Carbono/amonia,1,10,2767
18,225,2,Carbono/acido sulfurico,1,10,5491
18,225,3,Carbono/metano,0.871075,8,1827
18,225,4,Silicio/agua,0.98783,10,8630
18,225,5,Silicio/acido sulfurico,1,10,5725
18,230,0,Carbono/agua,0.98783,10,8742
18,230,1,Carbono/amonia,1,10,2877
18,230,2,Carbono/acido sulfurico,1,10,5696
18,230,3,Carbono/metano,0.871075,8,1898
18,230,4,Silicio/agua,0.98783,10,9187
18,230,5,Silicio/acido sulfurico,1,10,5840
18,235,0,Carbono/agua,0.98783,10,9277
18,235,1,Carbono/amonia,1,10,2987
18,235,2,Carbono/acido sulfurico,1,10,5902
18,235,3,Carbono/metano,0.871075,9,1969
18,235,4,Silicio/agua,0.98783,10,9744
18,235,5,Silicio/acido sulfurico,1,10,6042
18,240,0,Carbono/agua,0.98783,10,9812
18,240,1,Carbono/amonia,1,10,3098
18,240,2,Carbono/acido sulfurico,1,10,6107
18,240,3,Carbono/metano,0.871075,9,2039
18,240,4,Silicio/agua,0.98783,10,10301
18,240,5,Silicio/acido sulfurico,1,10,6268
18,245,0,Carbono/agua,0.98783,10,10350
18,245,1,Carbono/amonia,1,10,3208
18,245,2,Carbono/acido sulfurico,1,10,6312
18,245,3,Carbono/metano,0.871075,9,2112
18,245,4,Silicio/agua,0.98783,10,10858
18,245,5,Silicio/acido sulfurico,1,10,6494
18,250,0,Carbono/agua,0.98783,10,10885
18,250,1,Carbono/amonia,1,10,3318
18,250,2,Carbono/acido sulfurico,1,10,6517
18,250,3,Carbono/metano,0.871075,9,2182
18,250,4,Silicio/agua,0.98783,10,11416
18,250,5,Silicio/acido sulfurico,1,10,6720
18,255,0,Carbono/agua,0.98783,10,11421
18,255,1,Carbono/amonia,1,10,3428
18,255,2,Carbono/acido sulfurico,1,10,6722
18,255,3,Carbono/metano,0.897454,9,2254
18,255,4,Silicio/agua,0.98783,10,11973
18,255,5,Silicio/acido sulfurico,1,10,6946
18,260,0,Carbono/agua,0.98783,10,11956
18,260,1,Carbono/amonia,1,10,3539
18,260,2,Carbono/acido sulfurico,1,10,6927
18,260,3,Carbono/metano,0.897454,9,2325
18,260,4,Silicio/agua,0.98783,10,12531
18,260,5,Silicio/acido sulfurico,1,10,7172
18,265,0,Carbono/agua,0.98783,10,12493
18,265,1,Carbono/amonia,1,10,3651
18,265,2,Carbono/acido sulfurico,1,10,7132
18,265,3,Carbono/metano,0.897454,9,2397
18,265,4,Silicio/agua,0.98783,10,13087
18,265,5,Silicio/acido sulfurico,1,10,7397
18,270,0,Carbono/agua,0.98783,10,13029
18,270,1,Carbono/amonia,1,10,3761
18,270,2,Carbono/acido sulfurico,1,10,7340
18,270,3,Carbono/metano,0.897454,10,2468
18,270,4,Silicio/agua,0.98783,10,13644
18,270,5,Silicio/acido sulfurico,1,10,7623
18,275,0,Carbono/agua,0.98783,10,13566
18,275,1,Carbono/amonia,1,10,3871
18,275,2,Carbono/acido sulfurico,1,10,7545
18,275,3,Carbono/metano,0.905686,10,2539
18,275,4,Silicio/agua,0.98783,10,14201
18,275,5,Silicio/acido sulfurico,1,10,7848
18,280,0,Carbono/agua,0.98783,10,14104
18,280,1,Carbono/amonia,1,10,3981
18,280,2,Carbono/acido sulfurico,1,10,7751
18,280,3,Carbono/metano,0.933855,10,2610
18,280,4,Silicio/agua,0.98783,10,14757
18,280,5,Silicio/acido sulfurico,1,10,8073
18,285,0,Carbono/agua,0.98783,10,14641
18,285,1,Carbono/amonia,1,10,4092
18,285,2,Carbono/acido sulfurico,1,10,7956
18,285,3,Carbono/metano,0.933855,10,2682
18,285,4,Silicio/agua,0.98783,10,15315
18,285,5,Silicio/acido sulfurico,1,10,8299
18,290,0,Carbono/agua,0.98783,10,15177
18,290,1,Carbono/amonia,1,10,4202
18,290,2,Carbono/acido sulfurico,1,10,8162
18,290,3,Carbono/metano,0.936091,10,2754
18,290,4,Silicio/agua,0.98783,10,15871
18,290,5,Silicio/acido sulfurico,1,10,8525
18,295,0,Carbono/agua,0.98783,10,15713
18,295,1,Carbono/amonia,1,10,4313
18,295,2,Carbono/acido sulfurico,1,10,8368
18,295,3,Carbono/metano,0.952313,10,2826
18,295,4,Silicio/agua,0.98783,10,16427
18,295,5,Silicio/acido sulfurico,1,10,8751
18,300,0,Carbono/agua,0.98783,10,16249
18,300,1,Carbono/amonia,1,10,4424
18,300,2,Carbono/acido sulfurico,1,10,8573
18,300,3,Carbono/metano,0.952313,10,2896
18,300,4,Silicio/agua,0.98783,10,16984
18,300,5,Silicio/acido sulfurico,1,10,8977
19,0,0,Carbono/agua,0.610666,1,2
19,0,1,Carbono/amonia,0.646131,1,1
19,0,2,Carbono/acido sulfurico,0.581966,1,3
19,0,3,Carbono/metano,0.589107,1,1
19,0,4,Silicio/agua,0.616525,1,2
19,0,5,Silicio/acido sulfurico,0.728202,2,3
19,5,0,Carbono/agua,0.739233,2,14
19,5,1,Carbono/amonia,0.748833,3,8
19,5,2,Carbono/acido sulfurico,0.630232,1,17
19,5,3,Carbono/metano,0.60745,2,6
19,5,4,Silicio/agua,0.653277,1,13
19,5,5,Silicio/acido sulfurico,0.758307,2,18
19,10,0,Carbono/agua,0.739233,2,29
19,10,1,Carbono/amonia,0.843292,3,17
19,10,2,Carbono/acido sulfurico,0.631282,1,32
19,10,3,Carbono/metano,0.610518,2,11
19,10,4,Silicio/agua,0.66051,1,27
19,10,5,Silicio/acido sulfurico,0.758307,4,36
19,15,0,Carbono/agua,0.757472,4,44
19,15,1,Carbono/amonia,0.843292,4,26
19,15,2,Carbono/acido sulfurico,0.697387,2,50
19,15,3,Carbono/metano,0.610518,2,17
19,15,4,Silicio/agua,0.739432,2,41
19,15,5,Silicio/acido sulfurico,0.765264,4,56
19,20,0,Carbono/agua,0.757472,4,59
19,20,1,Carbono/amonia,0.843292,4,36
19,20,2,Carbono/acido sulfurico,0.740099,2,68
19,20,3,Carbono/metano,0.668835,2,26
19,20,4,Silicio/agua,0.743979,2,57
19,20,5,Silicio/acido sulfurico,0.765264,5,77
19,25,0,Carbono/agua,0.757472,4,76
19,25,1,Carbono/amonia,0.843292,4,49
19,25,2,Carbono/acido sulfurico,0.740099,2,89
19,25,3,Carbono/metano,0.674837,2,32
19,25,4,Silicio/agua,0.743979,2,76
19,25,5,Silicio/acido sulfurico,0.786103,5,99
19,30,0,Carbono/agua,0.757472,4,96
19,30,1,Carbono/amonia,0.869466,4,62
19,30,2,Carbono/acido sulfurico,0.911332,3,113
19,30,3,Carbono/metano,0.69924,2,40
19,30,4,Silicio/agua,0.743979,3,95
19,30,5,Silicio/acido sulfurico,0.786103,5,125
19,35,0,Carbono/agua,0.790294,4,117
19,35,1,Carbono/amonia,0.869466,4,77
19,35,2,Carbono/acido sulfurico,0.911332,4,139
19,35,3,Carbono/metano,0.69924,2,49
19,35,4,Silicio/agua,0.824582,4,118
19,35,5,Silicio/acido sulfurico,0.786103,5,154
19,40,0,Carbono/agua,0.812472,4,131
19,40,1,Carbono/amonia,0.869466,4,92
19,40,2,Carbono/acido sulfurico,0.940426,4,168
19,40,3,Carbono/metano,0.69924,2,59
19,40,4,Silicio/agua,0.833722,2,141
19,40,5,Silicio/acido sulfurico,0.883179,6,185
19,45,0,Carbono/agua,0.812472,4,145
19,45,1,Carbono/amonia,0.869466,5,109
19,45,2,Carbono/acido sulfurico,0.940426,5,199
19,45,3,Carbono/metano,0.739719,2,70
19,45,4,Silicio/agua,0.833722,3,152
19,45,5,Silicio/acido sulfurico,0.911027,6,220
19,50,0,Carbono/agua,0.830118,4,160
19,50,1,Carbono/amonia,0.869466,5,128
19,50,2,Carbono/acido sulfurico,0.963936,5,234
19,50,3,Carbono/metano,0.739719,2,81
19,50,4,Silicio/agua,0.833722,4,166
19,50,5,Silicio/acido sulfurico,0.919529,7,258
19,55,0,Carbono/agua,0.830118,4,175
19,55,1,Carbono/amonia,0.876052,5,149
19,55,2,Carbono/acido sulfurico,0.963936,5,273
19,55,3,Carbono/metano,0.739719,2,95
19,55,4,Silicio/agua,0.842904,4,181
19,55,5,Silicio/acido sulfurico,0.919529,7,300
19,60,0,Carbono/agua,0.830118,4,192
19,60,1,Carbono/amonia,0.876052,5,171
19,60,2,Carbono/acido sulfurico,0.963936,5,317
19,60,3,Carbono/metano,0.746591,2,109
19,60,4,Silicio/agua,0.842904,4,200
19,60,5,Silicio/acido sulfurico,0.921322,7,347
19,65,0,Carbono/agua,0.830118,4,229
19,65,1,Carbono/amonia,0.876052,5,198
19,65,2,Carbono/acido sulfurico,0.963936,5,365
19,65,3,Carbono/metano,0.746591,2,124
19,65,4,Silicio/agua,0.842904,4,224
19,65,5,Silicio/acido sulfurico,0.926212,7,400
19,70,0,Carbono/agua,0.834301,4,271
19,70,1,Carbono/amonia,0.876052,5,226
19,70,2,Carbono/acido sulfurico,0.963936,7,418
19,70,3,Carbono/metano,0.746591,2,142
19,70,4,Silicio/agua,0.842904,4,267
19,70,5,Silicio/acido sulfurico,0.926212,8,456
19,75,0,Carbono/agua,0.845192,4,316
19,75,1,Carbono/amonia,0.888169,6,257
19,75,2,Carbono/acido sulfurico,0.98602,7,476
19,75,3,Carbono/metano,0.754634,3,153
19,75,4,Silicio/agua,0.842904,4,315
19,75,5,Silicio/acido sulfurico,0.95191,8,519
19,80,0,Carbono/agua,0.845192,5,366
19,80,1,Carbono/amonia,0.888169,6,291
19,80,2,Carbono/acido sulfurico,0.98602,7,540
19,80,3,Carbono/metano,0.754634,3,164
19,80,4,Silicio/agua,0.842904,5,366
19,80,5,Silicio/acido sulfurico,0.954996,8,590
19,85,0,Carbono/agua,0.862015,5,422
19,85,1,Carbono/amonia,0.888169,6,330
19,85,2,Carbono/acido sulfurico,0.98602,7,612
19,85,3,Carbono/metano,0.754634,3,176
19,85,4,Silicio/agua,0.842904,5,424
19,85,5,Silicio/acido sulfurico,0.954996,8,669
19,90,0,Carbono/agua,0.8723,5,483
19,90,1,Carbono/amonia,0.888169,7,373
19,90,2,Carbono/acido sulfurico,0.98602,7,691
19,90,3,Carbono/metano,0.799034,4,190
19,90,4,Silicio/agua,0.86043,6,488
19,90,5,Silicio/acido sulfurico,0.954996,8,755
19,95,0,Carbono/agua,0.8723,5,550
19,95,1,Carbono/amonia,0.899352,7,419
19,95,2,Carbono/acido sulfurico,0.98602,7,778
19,95,3,Carbono/metano,0.799034,4,205
19,95,4,Silicio/agua,0.86043,6,558
19,95,5,Silicio/acido sulfurico,0.954996,8,850
19,100,0,Carbono/agua,0.8723,5,625
19,100,1,Carbono/amonia,0.921763,7,470
19,100,2,Carbono/acido sulfurico,0.98602,7,873
19,100,3,Carbono/metano,0.825984,5,238
19,100,4,Silicio/agua,0.86043,6,636
19,100,5,Silicio/acido sulfurico,0.954996,8,955
19,105,0,Carbono/agua,0.929452,8,708
19,105,1,Carbono/amonia,0.921763,7,527
19,105,2,Carbono/acido sulfurico,0.98602,7,978
19,105,3,Carbono/metano,0.853898,5,276
19,105,4,Silicio/agua,0.865513,6,723
19,105,5,Silicio/acido sulfurico,0.956841,8,1070
19,110,0,Carbono/agua,0.929452,8,799
19,110,1,Carbono/amonia,0.937406,7,590
19,110,2,Carbono/acido sulfurico,0.98602,7,1095
19,110,3,Carbono/metano,0.853898,5,317
19,110,4,Silicio/agua,0.880911,6,818
19,110,5,Silicio/acido sulfurico,0.956841,8,1197
19,115,0,Carbono/agua,0.940379,9,898
19,115,1,Carbono/amonia,0.937406,7,661
19,115,2,Carbono/acido sulfurico,0.98602,7,1224
19,115,3,Carbono/metano,0.868966,5,362
19,115,4,Silicio/agua,0.880911,6,922
19,115,5,Silicio/acido sulfurico,0.959598,8,1339
19,120,0,Carbono/agua,0.957983,9,1009
19,120,1,Carbono/amonia,0.937406,7,737
19,120,2,Carbono/acido sulfurico,0.98602,7,1367
19,120,3,Carbono/metano,0.868966,5,410
19,120,4,Silicio/agua,0.880911,6,1037
19,120,5,Silicio/acido sulfurico,0.959598,8,1495
19,125,0,Carbono/agua,0.982376,9,1132
19,125,1,Carbono/amonia,0.937406,7,822
19,125,2,Carbono/acido sulfurico,0.98783,7,1524
19,125,3,Carbono/metano,0.896748,6,464
19,125,4,Silicio/agua,0.888391,6,1165
19,125,5,Silicio/acido sulfurico,0.959598,8,1667
19,130,0,Carbono/agua,0.982376,10,1267
19,130,1,Carbono/amonia,0.947098,7,915
19,130,2,Carbono/acido sulfurico,0.98783,8,1697
19,130,3,Carbono/metano,0.896748,6,524
19,130,4,Silicio/agua,0.948241,6,1307
19,130,5,Silicio/acido sulfurico,0.959598,8,1856
19,135,0,Carbono/agua,0.988807,10,1417
19,135,1,Carbono/amonia,0.956719,7,1020
19,135,2,Carbono/acido sulfurico,0.98783,8,1890
19,135,3,Carbono/metano,0.896748,6,590
19,135,4,Silicio/agua,0.956708,7,1461
19,135,5,Silicio/acido sulfurico,0.960995,8,2065
19,140,0,Carbono/agua,1,10,1584
19,140,1,Carbono/amonia,0.963936,7,1130
19,140,2,Carbono/acido sulfurico,0.98783,8,2095
19,140,3,Carbono/metano,0.896748,7,662
19,140,4,Silicio/agua,0.956708,7,1632
19,140,5,Silicio/acido sulfurico,0.960995,8,2224
19,145,0,Carbono/agua,1,10,1766
19,145,1,Carbono/amonia,0.963936,8,1242
19,145,2,Carbono/acido sulfurico,0.98783,8,2301
19,145,3,Carbono/metano,0.896748,7,733
19,145,4,Silicio/agua,0.98783,7,1822
19,145,5,Silicio/acido sulfurico,0.960995,8,2339
19,150,0,Carbono/agua,1,10,1968
19,150,1,Carbono/amonia,0.982287,8,1355
19,150,2,Carbono/acido sulfurico,0.98783,9,2506
19,150,3,Carbono/metano,0.896748,7,804
19,150,4,Silicio/agua,0.98783,7,2031
19,150,5,Silicio/acido sulfurico,0.98602,8,2453
19,155,0,Carbono/agua,1,10,2191
19,155,1,Carbono/amonia,0.982287,8,1467
19,155,2,Carbono/acido sulfurico,0.98783,9,2711
19,155,3,Carbono/metano,0.896748,7,875
19,155,4,Silicio/agua,0.98783,7,2261
19,155,5,Silicio/acido sulfurico,0.98602,8,2567
19,160,0,Carbono/agua,1,10,2436
19,160,1,Carbono/amonia,0.982287,8,1579
19,160,2,Carbono/acido sulfurico,0.98783,9,2917
19,160,3,Carbono/metano,0.896748,7,947
19,160,4,Silicio/agua,0.98783,7,2516
19,160,5,Silicio/acido sulfurico,0.98602,8,2681
19,165,0,Carbono/agua,1,10,2706
19,165,1,Carbono/amonia,0.982287,8,1689
19,165,2,Carbono/acido sulfurico,0.98783,9,3122
19,165,3,Carbono/metano,0.896748,7,1021
19,165,4,Silicio/agua,0.98783,7,2797
19,165,5,Silicio/acido sulfurico,0.98602,9,2884
19,170,0,Carbono/agua,1,10,3003
19,170,1,Carbono/amonia,0.982287,8,1800
19,170,2,Carbono/acido sulfurico,0.98783,9,3328
19,170,3,Carbono/metano,0.896748,7,1091
19,170,4,Silicio/agua,0.98783,6,3075
19,170,5,Silicio/acido sulfurico,0.98602,9,3109
19,175,0,Carbono/agua,1,10,3333
19,175,1,Carbono/amonia,0.98783,8,1911
19,175,2,Carbono/acido sulfurico,0.98783,9,3534
19,175,3,Carbono/metano,0.915316,7,1164
19,175,4,Silicio/agua,0.98783,6,3246
19,175,5,Silicio/acido sulfurico,0.98602,9,3335
19,180,0,Carbono/agua,1,10,3695
19,180,1,Carbono/amonia,0.98783,8,2022
19,180,2,Carbono/acido sulfurico,0.98783,9,3740
19,180,3,Carbono/metano,0.915401,7,1235
19,180,4,Silicio/agua,0.98783,6,3436
19,180,5,Silicio/acido sulfurico,0.98602,9,3560
19,185,0,Carbono/agua,1,10,4098
19,185,1,Carbono/amonia,0.98783,8,2132
19,185,2,Carbono/acido sulfurico,0.98783,9,3945
19,185,3,Carbono/metano,0.918801,7,1306
19,185,4,Silicio/agua,0.98783,7,3645
19,185,5,Silicio/acido sulfurico,0.98602,9,3786
19,190,0,Carbono/agua,1,10,4543
19,190,1,Carbono/amonia,0.98783,8,2242
19,190,2,Carbono/acido sulfurico,0.98783,9,4150
19,190,3,Carbono/metano,0.918801,7,1377
19,190,4,Silicio/agua,0.98783,7,3876
19,190,5,Silicio/acido sulfurico,0.98602,9,4011
19,195,0,Carbono/agua,1,10,5033
19,195,1,Carbono/amonia,0.98783,8,2353
19,195,2,Carbono/acido sulfurico,0.98783,9,4355
19,195,3,Carbono/metano,0.918801,7,1450
19,195,4,Silicio/agua,0.98783,7,4236
19,195,5,Silicio/acido sulfurico,0.98602,9,4236
19,200,0,Carbono/agua,1,10,5566
19,200,1,Carbono/amonia,0.98783,8,2465
19,200,2,Carbono/acido sulfurico,0.98783,9,4561
19,200,3,Carbono/metano,0.918801,8,1521
19,200,4,Silicio/agua,0.98783,8,4787
19,200,5,Silicio/acido sulfurico,0.98602,9,4462
19,205,0,Carbono/agua,1,10,6103
19,205,1,Carbono/amonia,0.98783,8,2575
19,205,2,Carbono/acido sulfurico,0.98783,9,4767
19,205,3,Carbono/metano,0.918801,8,1592
19,205,4,Silicio/agua,0.98783,8,5343
19,205,5,Silicio/acido sulfurico,0.98602,9,4687
19,210,0,Carbono/agua,1,10,6640
19,210,1,Carbono/amonia,0.98783,8,2686
19,210,2,Carbono/acido sulfurico,0.98783,9,4975
19,210,3,Carbono/metano,0.918801,8,1663
19,210,4,Silicio/agua,0.98783,9,5899
19,210,5,Silicio/acido sulfurico,0.98602,9,4912
19,215,0,Carbono/agua,1,10,7175
19,215,1,Carbono/amonia,0.98783,8,2797
19,215,2,Carbono/acido sulfurico,0.98783,9,5181
19,215,3,Carbono/metano,0.918801,8,1734
19,215,4,Silicio/agua,0.98783,9,6457
19,215,5,Silicio/acido sulfurico,0.98602,9,5138
19,220,0,Carbono/agua,1,10,7711
19,220,1,Carbono/amonia,0.98783,8,2908
19,220,2,Carbono/acido sulfurico,0.98783,9,5388
19,220,3,Carbono/metano,0.918801,9,1804
19,220,4,Silicio/agua,0.98783,9,7013
19,220,5,Silicio/acido sulfurico,0.98783,9,5364
19,225,0,Carbono/agua,1,10,8246
19,225,1,Carbono/amonia,0.98783,8,3020
19,225,2,Carbono/acido sulfurico,0.98783,9,5595
19,225,3,Carbono/metano,0.918801,9,1877
19,225,4,Silicio/agua,0.98783,9,7570
19,225,5,Silicio/acido sulfurico,0.98783,9,5591
19,230,0,Carbono/agua,1,10,8782
19,230,1,Carbono/amonia,0.98783,8,3131
19,230,2,Carbono/acido sulfurico,0.98783,9,5803
19,230,3,Carbono/metano,0.918801,10,1950
19,230,4,Silicio/agua,0.98783,9,8125
19,230,5,Silicio/acido sulfurico,0.98783,10,5817
19,235,0,Carbono/agua,1,10,9318
19,235,1,Carbono/amonia,0.98783,8,3242
19,235,2,Carbono/acido sulfurico,0.98783,9,6008
19,235,3,Carbono/metano,0.918801,10,2020
19,235,4,Silicio/agua,0.98783,9,8681
19,235,5,Silicio/acido sulfurico,0.98783,10,6042
19,240,0,Carbono/agua,1,10,9854
19,240,1,Carbono/amonia,0.98783,8,3352
19,240,2,Carbono/acido sulfurico,0.98783,9,6214
19,240,3,Carbono/metano,0.918801,10,2092
19,240,4,Silicio/agua,0.98783,9,9239
19,240,5,Silicio/acido sulfurico,0.98783,10,6269
19,245,0,Carbono/agua,1,10,10391
19,245,1,Carbono/amonia,0.98783,8,3463
19,245,2,Carbono/acido sulfurico,0.98783,9,6421
19,245,3,Carbono/metano,0.918801,10,2163
19,245,4,Silicio/agua,0.98783,9,9796
19,245,5,Silicio/acido sulfurico,0.98783,10,6494
19,250,0,Carbono/agua,1,10,10927
19,250,1,Carbono/amonia,0.98783,3,3577
19,250,2,Carbono/acido sulfurico,0.98783,9,6626
19,250,3,Carbono/metano,0.918801,10,2234
19,250,4,Silicio/agua,0.98783,9,10353
19,250,5,Silicio/acido sulfurico,0.98783,10,6719
19,255,0,Carbono/agua,1,10,11464
19,255,1,Carbono/amonia,0.974186,5,3632
19,255,2,Carbono/acido sulfurico,0.98783,9,6832
19,255,3,Carbono/metano,0.918801,10,2304
19,255,4,Silicio/agua,0.98783,9,10911
19,255,5,Silicio/acido sulfurico,0.98783,10,6945
19,260,0,Carbono/agua,1,10,11999
19,260,1,Carbono/amonia,0.982287,6,3688
19,260,2,Carbono/acido sulfurico,0.98783,9,7037
19,260,3,Carbono/metano,0.918801,10,2375
19,260,4,Silicio/agua,0.98783,9,11466
19,260,5,Silicio/acido sulfurico,0.979893,7,7148
19,265,0,Carbono/agua,1,10,12536
19,265,1,Carbono/amonia,0.982287,8,3743
19,265,2,Carbono/acido sulfurico,0.98783,9,7243
19,265,3,Carbono/metano,0.918801,10,2447
19,265,4,Silicio/agua,0.98783,9,12023
19,265,5,Silicio/acido sulfurico,0.979893,10,7263
19,270,0,Carbono/agua,1,10,13072
19,270,1,Carbono/amonia,0.982287,8,3799
19,270,2,Carbono/acido sulfurico,0.98783,9,7449
19,270,3,Carbono/metano,0.927124,10,2519
19,270,4,Silicio/agua,0.98783,10,12580
19,270,5,Silicio/acido sulfurico,0.98602,10,7375
19,275,0,Carbono/agua,1,10,13610
19,275,1,Carbono/amonia,0.982287,8,3854
19,275,2,Carbono/acido sulfurico,0.98783,9,7657
19,275,3,Carbono/metano,0.927124,10,2590
19,275,4,Silicio/agua,0.98783,10,13137
19,275,5,Silicio/acido sulfurico,0.98602,10,7487
19,280,0,Carbono/agua,1,10,14145
19,280,1,Carbono/amonia,0.982287,8,3931
19,280,2,Carbono/acido sulfurico,0.98783,9,7864
19,280,3,Carbono/metano,0.927124,10,2662
19,280,4,Silicio/agua,0.98783,10,13693
19,280,5,Silicio/acido sulfurico,0.98602,10,7600
19,285,0,Carbono/agua,1,10,14681
19,285,1,Carbono/amonia,0.98602,8,4041
19,285,2,Carbono/acido sulfurico,0.98783,9,8069
19,285,3,Carbono/metano,0.927124,10,2734
19,285,4,Silicio/agua,0.98783,10,14252
19,285,5,Silicio/acido sulfurico,0.98783,10,7757
19,290,0,Carbono/agua,1,10,15218
19,290,1,Carbono/amonia,0.98602,8,4151
19,290,2,Carbono/acido sulfurico,0.98783,9,8275
19,290,3,Carbono/metano,0.927124,10,2806
19,290,4,Silicio/agua,0.98783,10,14810
19,290,5,Silicio/acido sulfurico,0.98783,10,7982
19,295,0,Carbono/agua,1,10,15753
19,295,1,Carbono/amonia,0.98602,8,4261
19,295,2,Carbono/acido sulfurico,0.98783,9,8482
19,295,3,Carbono/metano,0.927124,10,2878
19,295,4,Silicio/agua,0.98783,10,15365
19,295,5,Silicio/acido sulfurico,0.98783,10,8207
19,300,0,Carbono/agua,1,10,16288
19,300,1,Carbono/amonia,0.98602,8,4371
19,300,2,Carbono/acido sulfurico,0.98783,9,8688
19,300,3,Carbono/metano,0.927124,10,2950
19,300,4,Silicio/agua,0.98783,10,15921
19,300,5,Silicio/acido sulfurico,0.98783,10,8432
20,0,0,Carbono/agua,0.690668,1,3
20,0,1,Carbono/amonia,0.524601,1,1
20,0,2,Carbono/acido sulfurico,0.673758,1,3
20,0,3,Carbono/metano,0.471239,1,1
20,0,4,Silicio/agua,0.560107,1,2
20,0,5,Silicio/acido sulfurico,0.520066,1,3
20,5,0,Carbono/agua,0.769215,2,14
20,5,1,Carbono/amonia,0.609575,2,7
20,5,2,Carbono/acido sulfurico,0.714358,1,18
20,5,3,Carbono/metano,0.545843,1,5
20,5,4,Silicio/agua,0.629272,1,13
20,5,5,Silicio/acido sulfurico,0.608442,1,18
20,10,0,Carbono/agua,0.773093,3,25
20,10,1,Carbono/amonia,0.609575,2,13
20,10,2,Carbono/acido sulfurico,0.756498,2,36
20,10,3,Carbono/metano,0.637362,1,10
20,10,4,Silicio/agua,0.793926,2,26
20,10,5,Silicio/acido sulfurico,0.618416,1,29
20,15,0,Carbono/agua,0.773227,3,37
20,15,1,Carbono/amonia,0.696816,2,23
20,15,2,Carbono/acido sulfurico,0.756498,3,54
20,15,3,Carbono/metano,0.637362,1,16
20,15,4,Silicio/agua,0.793926,2,40
20,15,5,Silicio/acido sulfurico,0.686454,2,39
20,20,0,Carbono/agua,0.773227,3,54
20,20,1,Carbono/amonia,0.703116,3,34
20,20,2,Carbono/acido sulfurico,0.756498,3,73
20,20,3,Carbono/metano,0.637362,1,22
20,20,4,Silicio/agua,0.793926,2,56
20,20,5,Silicio/acido sulfurico,0.686454,3,49
20,25,0,Carbono/agua,0.780331,4,70
20,25,1,Carbono/amonia,0.703116,3,46
20,25,2,Carbono/acido sulfurico,0.768121,4,94
20,25,3,Carbono/metano,0.643898,1,30
20,25,4,Silicio/agua,0.793926,2,73
20,25,5,Silicio/acido sulfurico,0.696947,3,62
20,30,0,Carbono/agua,0.780331,4,89
20,30,1,Carbono/amonia,0.703116,3,59
20,30,2,Carbono/acido sulfurico,0.783575,4,118
20,30,3,Carbono/metano,0.643898,2,37
20,30,4,Silicio/agua,0.793926,2,92
20,30,5,Silicio/acido sulfurico,0.696947,3,76
20,35,0,Carbono/agua,0.782208,4,109
20,35,1,Carbono/amonia,0.703116,3,73
20,35,2,Carbono/acido sulfurico,0.783575,4,144
20,35,3,Carbono/metano,0.673448,2,47
20,35,4,Silicio/agua,0.815799,2,114
20,35,5,Silicio/acido sulfurico,0.72668,4,90
20,40,0,Carbono/agua,0.796293,4,133
20,40,1,Carbono/amonia,0.724953,3,88
20,40,2,Carbono/acido sulfurico,0.79954,5,173
20,40,3,Carbono/metano,0.673448,2,57
20,40,4,Silicio/agua,0.815799,3,137
20,40,5,Silicio/acido sulfurico,0.72668,4,117
20,45,0,Carbono/agua,0.807084,4,159
20,45,1,Carbono/amonia,0.724953,3,107
20,45,2,Carbono/acido sulfurico,0.79954,5,204
20,45,3,Carbono/metano,0.673448,2,67
20,45,4,Silicio/agua,0.815799,3,163
20,45,5,Silicio/acido sulfurico,0.72668,5,153
20,50,0,Carbono/agua,0.807084,5,188
20,50,1,Carbono/amonia,0.724953,3,126
20,50,2,Carbono/acido sulfurico,0.79954,5,239
20,50,3,Carbono/metano,0.717193,3,81
20,50,4,Silicio/agua,0.815799,3,193
20,50,5,Silicio/acido sulfurico,0.72668,5,192
20,55,0,Carbono/agua,0.807084,5,218
20,55,1,Carbono/amonia,0.724953,3,147
20,55,2,Carbono/acido sulfurico,0.813548,5,278
20,55,3,Carbono/metano,0.717193,3,95
20,55,4,Silicio/agua,0.815799,3,225
20,55,5,Silicio/acido sulfurico,0.75618,5,235
20,60,0,Carbono/agua,0.807084,5,253
20,60,1,Carbono/amonia,0.727232,3,170
20,60,2,Carbono/acido sulfurico,0.822385,5,322
20,60,3,Carbono/metano,0.717193,3,110
20,60,4,Silicio/agua,0.815799,3,260
20,60,5,Silicio/acido sulfurico,0.765823,5,282
20,65,0,Carbono/agua,0.807084,5,290
20,65,1,Carbono/amonia,0.744012,4,195
20,65,2,Carbono/acido sulfurico,0.840531,5,369
20,65,3,Carbono/metano,0.901372,4,126
20,65,4,Silicio/agua,0.834485,5,298
20,65,5,Silicio/acido sulfurico,0.780845,5,336
20,70,0,Carbono/agua,0.853089,7,332
20,70,1,Carbono/amonia,0.770563,5,223
20,70,2,Carbono/acido sulfurico,0.840531,5,421
20,70,3,Carbono/metano,0.901372,4,145
20,70,4,Silicio/agua,0.835595,5,342
20,70,5,Silicio/acido sulfurico,0.84463,6,393
20,75,0,Carbono/agua,0.853089,7,378
20,75,1,Carbono/amonia,0.770563,5,253
20,75,2,Carbono/acido sulfurico,0.840531,5,480
20,75,3,Carbono/metano,0.901372,5,165
20,75,4,Silicio/agua,0.876352,6,389
20,75,5,Silicio/acido sulfurico,0.84463,6,456
20,80,0,Carbono/agua,0.869321,7,429
20,80,1,Carbono/amonia,0.836403,8,288
20,80,2,Carbono/acido sulfurico,0.840531,5,545
20,80,3,Carbono/metano,0.901372,5,188
20,80,4,Silicio/agua,0.887077,6,441
20,80,5,Silicio/acido sulfurico,0.890576,6,527
20,85,0,Carbono/agua,0.871529,8,483
20,85,1,Carbono/amonia,0.836403,8,326
20,85,2,Carbono/acido sulfurico,0.849368,5,616
20,85,3,Carbono/metano,0.907158,5,213
20,85,4,Silicio/agua,0.887077,6,497
20,85,5,Silicio/acido sulfurico,0.890576,6,604
20,90,0,Carbono/agua,0.894613,8,545
20,90,1,Carbono/amonia,0.836403,8,369
20,90,2,Carbono/acido sulfurico,0.849368,5,694
20,90,3,Carbono/metano,0.927372,5,241
20,90,4,Silicio/agua,0.895292,6,560
20,90,5,Silicio/acido sulfurico,0.890576,7,690
20,95,0,Carbono/agua,0.894613,8,613
20,95,1,Carbono/amonia,0.849768,9,415
20,95,2,Carbono/acido sulfurico,0.849368,5,781
20,95,3,Carbono/metano,0.927372,5,272
20,95,4,Silicio/agua,0.895292,7,631
20,95,5,Silicio/acido sulfurico,0.900686,7,784
20,100,0,Carbono/agua,0.894613,9,688
20,100,1,Carbono/amonia,0.849768,10,466
20,100,2,Carbono/acido sulfurico,0.860104,5,876
20,100,3,Carbono/metano,0.927372,8,305
20,100,4,Silicio/agua,0.905507,7,710
20,100,5,Silicio/acido sulfurico,0.905157,7,890
20,105,0,Carbono/agua,0.922135,9,769
20,105,1,Carbono/amonia,0.88576,10,524
20,105,2,Carbono/acido sulfurico,0.864661,5,983
20,105,3,Carbono/metano,0.927372,8,343
20,105,4,Silicio/agua,0.905507,8,795
20,105,5,Silicio/acido sulfurico,0.939149,8,1006
20,110,0,Carbono/agua,0.928252,9,861
20,110,1,Carbono/amonia,0.886631,10,586
20,110,2,Carbono/acido sulfurico,0.864661,5,1100
20,110,3,Carbono/metano,0.927372,9,385
20,110,4,Silicio/agua,0.905507,8,889
20,110,5,Silicio/acido sulfurico,0.94584,8,1133
20,115,0,Carbono/agua,0.9304,10,962
20,115,1,Carbono/amonia,0.886631,10,656
20,115,2,Carbono/acido sulfurico,0.864661,5,1229
20,115,3,Carbono/metano,0.927372,9,430
20,115,4,Silicio/agua,0.936274,8,992
20,115,5,Silicio/acido sulfurico,0.970008,8,1275
20,120,0,Carbono/agua,0.9304,10,1073
20,120,1,Carbono/amonia,0.886631,10,733
20,120,2,Carbono/acido sulfurico,0.864661,6,1371
20,120,3,Carbono/metano,0.930547,9,482
20,120,4,Silicio/agua,0.936274,9,1106
20,120,5,Silicio/acido sulfurico,0.98602,8,1432
20,125,0,Carbono/agua,0.9304,10,1197
20,125,1,Carbono/amonia,0.886631,10,818
20,125,2,Carbono/acido sulfurico,0.918331,6,1527
20,125,3,Carbono/metano,0.936333,9,536
20,125,4,Silicio/agua,0.936274,10,1234
20,125,5,Silicio/acido sulfurico,0.98602,8,1603
20,130,0,Carbono/agua,0.944146,10,1331
20,130,1,Carbono/amonia,0.886631,10,912
20,130,2,Carbono/acido sulfurico,0.932667,6,1700
20,130,3,Carbono/metano,0.936333,9,596
20,130,4,Silicio/agua,0.936274,10,1375
20,130,5,Silicio/acido sulfurico,0.98602,8,1792
20,135,0,Carbono/agua,0.944146,10,1481
20,135,1,Carbono/amonia,0.938217,10,1015
20,135,2,Carbono/acido sulfurico,0.932667,6,1891
20,135,3,Carbono/metano,0.936333,9,661
20,135,4,Silicio/agua,0.941317,10,1529
20,135,5,Silicio/acido sulfurico,0.98602,8,2000
20,140,0,Carbono/agua,0.944146,10,1647
20,140,1,Carbono/amonia,0.938217,10,1125
20,140,2,Carbono/acido sulfurico,0.932667,7,2095
20,140,3,Carbono/metano,0.948229,10,731
20,140,4,Silicio/agua,0.941317,10,1700
20,140,5,Silicio/acido sulfurico,0.98602,8,2225
20,145,0,Carbono/agua,0.954329,10,1830
20,145,1,Carbono/amonia,0.962611,10,1235
20,145,2,Carbono/acido sulfurico,0.932667,8,2303
20,145,3,Carbono/metano,0.948229,10,802
20,145,4,Silicio/agua,0.944146,10,1890
20,145,5,Silicio/acido sulfurico,0.98602,8,2451
20,150,0,Carbono/agua,0.954329,10,2032
20,150,1,Carbono/amonia,1,10,1346
20,150,2,Carbono/acido sulfurico,0.945686,8,2508
20,150,3,Carbono/metano,0.948229,10,873
20,150,4,Silicio/agua,0.946238,10,2098
20,150,5,Silicio/acido sulfurico,0.98602,8,2676
20,155,0,Carbono/agua,0.954329,10,2254
20,155,1,Carbono/amonia,1,10,1460
20,155,2,Carbono/acido sulfurico,0.945686,9,2713
20,155,3,Carbono/metano,0.958114,10,943
20,155,4,Silicio/agua,0.954329,10,2328
20,155,5,Silicio/acido sulfurico,0.98602,8,2901
20,160,0,Carbono/agua,0.954329,10,2499
20,160,1,Carbono/amonia,1,10,1570
20,160,2,Carbono/acido sulfurico,0.958114,9,2919
20,160,3,Carbono/metano,0.958114,10,1013
20,160,4,Silicio/agua,0.954329,10,2581
20,160,5,Silicio/acido sulfurico,0.98602,8,3128
20,165,0,Carbono/agua,0.954329,10,2769
20,165,1,Carbono/amonia,1,10,1682
20,165,2,Carbono/acido sulfurico,0.958114,10,3124
20,165,3,Carbono/metano,0.958114,10,1083
20,165,4,Silicio/agua,0.954329,10,2862
20,165,5,Silicio/acido sulfurico,0.98602,8,3354
20,170,0,Carbono/agua,0.954329,10,3068
20,170,1,Carbono/amonia,1,10,1794
20,170,2,Carbono/acido sulfurico,0.958114,10,3329
20,170,3,Carbono/metano,0.958114,10,1153
20,170,4,Silicio/agua,0.954329,10,3172
20,170,5,Silicio/acido sulfurico,0.98602,7,3535
20,175,0,Carbono/agua,0.954329,10,3397
20,175,1,Carbono/amonia,1,10,1906
20,175,2,Carbono/acido sulfurico,0.958114,8,3452
20,175,3,Carbono/metano,0.958114,10,1226
20,175,4,Silicio/agua,0.954329,10,3514
20,175,5,Silicio/acido sulfurico,0.98602,7,3648
20,180,0,Carbono/agua,0.954329,10,3762
20,180,1,Carbono/amonia,1,10,2018
20,180,2,Carbono/acido sulfurico,0.958114,8,3555
20,180,3,Carbono/metano,0.958114,10,1297
20,180,4,Silicio/agua,0.954329,10,3893
20,180,5,Silicio/acido sulfurico,0.98602,7,3761
20,185,0,Carbono/agua,0.954329,10,4165
20,185,1,Carbono/amonia,1,10,2129
20,185,2,Carbono/acido sulfurico,0.958114,8,3658
20,185,3,Carbono/metano,0.958114,10,1368
20,185,4,Silicio/agua,0.954329,10,4311
20,185,5,Silicio/acido sulfurico,0.98602,7,3875
20,190,0,Carbono/agua,0.98783,10,4609
20,190,1,Carbono/amonia,1,10,2241
20,190,2,Carbono/acido sulfurico,0.958114,9,3762
20,190,3,Carbono/metano,0.958114,10,1439
20,190,4,Silicio/agua,0.954329,10,4771
20,190,5,Silicio/acido sulfurico,0.98602,8,3987
20,195,0,Carbono/agua,0.98783,10,5100
20,195,1,Carbono/amonia,1,10,2351
20,195,2,Carbono/acido sulfurico,0.958114,9,3866
20,195,3,Carbono/metano,0.958114,10,1509
20,195,4,Silicio/agua,0.959315,10,5281
20,195,5,Silicio/acido sulfurico,0.98602,8,4101
20,200,0,Carbono/agua,0.98783,10,5632
20,200,1,Carbono/amonia,1,10,2462
20,200,2,Carbono/acido sulfurico,0.958114,6,4053
20,200,3,Carbono/metano,0.958114,10,1581
20,200,4,Silicio/agua,0.959315,10,5832
20,200,5,Silicio/acido sulfurico,0.98602,8,4259
20,205,0,Carbono/agua,0.98783,10,6169
20,205,1,Carbono/amonia,1,10,2572
20,205,2,Carbono/acido sulfurico,0.958114,7,4155
20,205,3,Carbono/metano,0.958114,10,1653
20,205,4,Silicio/agua,0.959315,10,6389
20,205,5,Silicio/acido sulfurico,0.98602,9,4486
20,210,0,Carbono/agua,0.98783,10,6705
20,210,1,Carbono/amonia,1,10,2682
20,210,2,Carbono/acido sulfurico,0.958114,7,4259
20,210,3,Carbono/metano,0.958114,10,1726
20,210,4,Silicio/agua,0.959315,10,6944
20,210,5,Silicio/acido sulfurico,0.98602,10,4714
20,215,0,Carbono/agua,0.98783,10,7241
20,215,1,Carbono/amonia,1,10,2792
20,215,2,Carbono/acido sulfurico,0.958114,8,4362
20,215,3,Carbono/metano,0.958114,10,1797
20,215,4,Silicio/agua,0.959315,10,7503
20,215,5,Silicio/acido sulfurico,0.98602,10,4939
20,220,0,Carbono/agua,0.98783,10,7776
20,220,1,Carbono/amonia,1,10,2902
20,220,2,Carbono/acido sulfurico,0.958114,8,4466
20,220,3,Carbono/metano,0.958114,10,1869
20,220,4,Silicio/agua,0.959315,10,8058
20,220,5,Silicio/acido sulfurico,0.98602,10,5164
20,225,0,Carbono/agua,0.98783,10,8313
20,225,1,Carbono/amonia,1,10,3013
20,225,2,Carbono/acido sulfurico,0.958114,8,4609
20,225,3,Carbono/metano,0.958114,10,1940
20,225,4,Silicio/agua,0.959315,10,8614
20,225,5,Silicio/acido sulfurico,0.98783,10,5391
20,230,0,Carbono/agua,0.98783,10,8848
20,230,1,Carbono/amonia,1,10,3124
20,230,2,Carbono/acido sulfurico,0.958114,8,4814
20,230,3,Carbono/metano,0.964719,10,2012
20,230,4,Silicio/agua,0.959315,10,9171
20,230,5,Silicio/acido sulfurico,0.98783,10,5616
20,235,0,Carbono/agua,0.98783,10,9384
20,235,1,Carbono/amonia,1,10,3235
20,235,2,Carbono/acido sulfurico,0.958114,10,5020
20,235,3,Carbono/metano,0.964719,10,2083
20,235,4,Silicio/agua,0.959315,10,9728
20,235,5,Silicio/acido sulfurico,0.98783,10,5841
20,240,0,Carbono/agua,0.98783,10,9919
20,240,1,Carbono/amonia,1,10,3345
20,240,2,Carbono/acido sulfurico,0.958114,10,5225
20,240,3,Carbono/metano,0.964719,10,2154
20,240,4,Silicio/agua,0.959315,10,10284
20,240,5,Silicio/acido sulfurico,0.98783,10,6067
20,245,0,Carbono/agua,0.98783,10,10455
20,245,1,Carbono/amonia,1,10,3457
20,245,2,Carbono/acido sulfurico,0.958114,10,5430
20,245,3,Carbono/metano,0.964719,10,2227
20,245,4,Silicio/agua,0.959315,10,10841
20,245,5,Silicio/acido sulfurico,0.98783,10,6292
20,250,0,Carbono/agua,0.98783,10,10992
20,250,1,Carbono/amonia,1,10,3567
20,250,2,Carbono/acido sulfurico,0.958114,10,5635
20,250,3,Carbono/metano,0.964719,10,2297
20,250,4,Silicio/agua,0.959315,10,11397
20,250,5,Silicio/acido sulfurico,0.98783,10,6517
20,255,0,Carbono/agua,0.98783,10,11528
20,255,1,Carbono/amonia,1,10,3677
20,255,2,Carbono/acido sulfurico,0.958114,10,5841
20,255,3,Carbono/metano,0.964719,10,2369
20,255,4,Silicio/agua,0.959315,10,11953
20,255,5,Silicio/acido sulfurico,0.98783,10,6743
20,260,0,Carbono/agua,0.98783,10,12064
20,260,1,Carbono/amonia,1,10,3789
20,260,2,Carbono/acido sulfurico,0.960995,10,6048
20,260,3,Carbono/metano,0.965586,10,2440
20,260,4,Silicio/agua,0.959315,10,12511
20,260,5,Silicio/acido sulfurico,0.98783,10,6968
20,265,0,Carbono/agua,0.98783,10,12599
20,265,1,Carbono/amonia,1,10,3899
20,265,2,Carbono/acido sulfurico,0.960995,10,6254
20,265,3,Carbono/metano,0.965586,10,2511
20,265,4,Silicio/agua,0.959315,10,13067
20,265,5,Silicio/acido sulfurico,0.98783,10,7194
20,270,0,Carbono/agua,0.98783,10,13135
20,270,1,Carbono/amonia,1,7,3999
20,270,2,Carbono/acido sulfurico,0.964719,10,6461
20,270,3,Carbono/metano,0.965586,10,2582
20,270,4,Silicio/agua,0.959315,10,13625
20,270,5,Silicio/acido sulfurico,0.98783,10,7420
20,275,0,Carbono/agua,0.98783,10,13671
20,275,1,Carbono/amonia,1,8,4055
20,275,2,Carbono/acido sulfurico,0.964719,10,6669
20,275,3,Carbono/metano,0.965586,10,2653
20,275,4,Silicio/agua,0.959315,10,14182
20,275,5,Silicio/acido sulfurico,0.98783,10,7646
20,280,0,Carbono/agua,0.98783,10,14206
20,280,1,Carbono/amonia,1,8,4111
20,280,2,Carbono/acido sulfurico,0.964719,10,6874
20,280,3,Carbono/metano,0.965586,10,2725
20,280,4,Silicio/agua,0.959315,10,14739
20,280,5,Silicio/acido sulfurico,0.98783,10,7871
20,285,0,Carbono/agua,0.98783,10,14742
20,285,1,Carbono/amonia,1,8,4166
20,285,2,Carbono/acido sulfurico,0.964719,10,7079
20,285,3,Carbono/metano,0.965586,10,2796
20,285,4,Silicio/agua,0.959315,10,15295
20,285,5,Silicio/acido sulfurico,0.98783,10,8097
20,290,0,Carbono/agua,0.98783,10,15279
20,290,1,Carbono/amonia,1,8,4222
20,290,2,Carbono/acido sulfurico,0.964719,10,7286
20,290,3,Carbono/metano,0.965586,10,2868
20,290,4,Silicio/agua,0.959315,10,15851
20,290,5,Silicio/acido sulfurico,0.98783,10,8322
20,295,0,Carbono/agua,0.98783,10,15815
20,295,1,Carbono/amonia,1,8,4299
20,295,2,Carbono/acido sulfurico,0.98602,10,7492
20,295,3,Carbono/metano,0.965586,10,2939
20,295,4,Silicio/agua,0.959315,10,16409
20,295,5,Silicio/acido sulfurico,0.98783,10,8549
20,300,0,Carbono/agua,0.98783,10,16351
20,300,1,Carbono/amonia,1,9,4410
20,300,2,Carbono/acido sulfurico,0.98602,10,7698
20,300,3,Carbono/metano,0.965586,10,3009
20,300,4,Silicio/agua,0.959315,10,16964
20,300,5,Silicio/acido sulfurico,0.98783,10,8774
21,0,0,Carbono/agua,0.599838,1,2
21,0,1,Carbono/amonia,0.373197,1,1
21,0,2,Carbono/acido sulfurico,0.574496,1,2
21,0,3,Carbono/metano,0.560279,1,1
21,0,4,Silicio/agua,0.522961,1,2
21,0,5,Silicio/acido sulfurico,0.571158,1,3
21,5,0,Carbono/agua,0.603792,1,13
21,5,1,Carbono/amonia,0.719633,2,10
21,5,2,Carbono/acido sulfurico,0.653184,2,17
21,5,3,Carbono/metano,0.56082,1,6
21,5,4,Silicio/agua,0.59623,1,14
21,5,5,Silicio/acido sulfurico,0.595551,1,18
21,10,0,Carbono/agua,0.825391,3,26
21,10,1,Carbono/amonia,0.719633,2,20
21,10,2,Carbono/acido sulfurico,0.653184,3,33
21,10,3,Carbono/metano,0.56082,1,12
21,10,4,Silicio/agua,0.728078,3,26
21,10,5,Silicio/acido sulfurico,0.642754,3,35
21,15,0,Carbono/agua,0.825391,4,41
21,15,1,Carbono/amonia,0.725844,2,29
21,15,2,Carbono/acido sulfurico,0.699535,3,51
21,15,3,Carbono/metano,0.655247,2,17
21,15,4,Silicio/agua,0.728078,4,41
21,15,5,Silicio/acido sulfurico,0.658642,3,56
21,20,0,Carbono/agua,0.825391,4,56
21,20,1,Carbono/amonia,0.725844,2,39
21,20,2,Carbono/acido sulfurico,0.773767,3,71
21,20,3,Carbono/metano,0.655247,2,25
21,20,4,Silicio/agua,0.744485,4,57
21,20,5,Silicio/acido sulfurico,0.68896,3,76
21,25,0,Carbono/agua,0.825391,4,74
21,25,1,Carbono/amonia,0.725844,3,49
21,25,2,Carbono/acido sulfurico,0.773767,3,94
21,25,3,Carbono/metano,0.655247,2,32
21,25,4,Silicio/agua,0.809118,5,77
21,25,5,Silicio/acido sulfurico,0.728401,4,101
21,30,0,Carbono/agua,0.825391,4,93
21,30,1,Carbono/amonia,0.750629,4,62
21,30,2,Carbono/acido sulfurico,0.786519,5,118
21,30,3,Carbono/metano,0.677057,2,40
21,30,4,Silicio/agua,0.809118,5,96
21,30,5,Silicio/acido sulfurico,0.7667,4,127
21,35,0,Carbono/agua,0.825391,4,113
21,35,1,Carbono/amonia,0.750629,4,76
21,35,2,Carbono/acido sulfurico,0.786519,6,144
21,35,3,Carbono/metano,0.677057,2,48
21,35,4,Silicio/agua,0.809118,6,116
21,35,5,Silicio/acido sulfurico,0.7667,4,155
21,40,0,Carbono/agua,0.825391,5,135
21,40,1,Carbono/amonia,0.775963,5,91
21,40,2,Carbono/acido sulfurico,0.796535,6,174
21,40,3,Carbono/metano,0.677057,2,58
21,40,4,Silicio/agua,0.840755,7,139
21,40,5,Silicio/acido sulfurico,0.7667,5,188
21,45,0,Carbono/agua,0.825391,6,160
21,45,1,Carbono/amonia,0.775963,5,109
21,45,2,Carbono/acido sulfurico,0.815648,6,205
21,45,3,Carbono/metano,0.715619,2,69
21,45,4,Silicio/agua,0.840755,7,165
21,45,5,Silicio/acido sulfurico,0.816065,6,222
21,50,0,Carbono/agua,0.84883,6,189
21,50,1,Carbono/amonia,0.784891,6,128
21,50,2,Carbono/acido sulfurico,0.815648,7,242
21,50,3,Carbono/metano,0.715619,3,81
21,50,4,Silicio/agua,0.861286,7,193
21,50,5,Silicio/acido sulfurico,0.844093,6,262
21,55,0,Carbono/agua,0.87641,6,219
21,55,1,Carbono/amonia,0.790936,6,150
21,55,2,Carbono/acido sulfurico,0.815648,7,281
21,55,3,Carbono/metano,0.743577,4,96
21,55,4,Silicio/agua,0.861286,9,225
21,55,5,Silicio/acido sulfurico,0.861538,8,304
21,60,0,Carbono/agua,0.941113,6,252
21,60,1,Carbono/amonia,0.790936,6,173
21,60,2,Carbono/acido sulfurico,0.831235,7,326
21,60,3,Carbono/metano,0.746324,5,111
21,60,4,Silicio/agua,0.882839,9,259
21,60,5,Silicio/acido sulfurico,0.906437,9,352
21,65,0,Carbono/agua,0.958114,6,289
21,65,1,Carbono/amonia,0.800138,6,198
21,65,2,Carbono/acido sulfurico,0.853941,8,374
21,65,3,Carbono/metano,0.760843,5,129
21,65,4,Silicio/agua,0.903259,9,297
21,65,5,Silicio/acido sulfurico,0.954329,9,405
21,70,0,Carbono/agua,0.958114,6,330
21,70,1,Carbono/amonia,0.800138,6,226
21,70,2,Carbono/acido sulfurico,0.871272,8,427
21,70,3,Carbono/metano,0.760843,5,149
21,70,4,Silicio/agua,0.903259,9,341
21,70,5,Silicio/acido sulfurico,0.954329,9,462
21,75,0,Carbono/agua,0.958114,7,374
21,75,1,Carbono/amonia,0.800791,6,258
21,75,2,Carbono/acido sulfurico,0.882799,8,487
21,75,3,Carbono/metano,0.762755,5,169
21,75,4,Silicio/agua,0.903259,9,388
21,75,5,Silicio/acido sulfurico,0.954329,10,526
21,80,0,Carbono/agua,0.958114,5,413
21,80,1,Carbono/amonia,0.804525,6,292
21,80,2,Carbono/acido sulfurico,0.885844,8,551
21,80,3,Carbono/metano,0.777458,6,191
21,80,4,Silicio/agua,0.917904,9,441
21,80,5,Silicio/acido sulfurico,0.954329,10,597
21,85,0,Carbono/agua,0.958114,6,442
21,85,1,Carbono/amonia,0.817515,7,331
21,85,2,Carbono/acido sulfurico,0.922264,8,623
21,85,3,Carbono/metano,0.800683,7,215
21,85,4,Silicio/agua,0.929874,9,500
21,85,5,Silicio/acido sulfurico,0.954329,10,674
21,90,0,Carbono/agua,0.958114,7,474
21,90,1,Carbono/amonia,0.8261,7,374
21,90,2,Carbono/acido sulfurico,0.934642,8,700
21,90,3,Carbono/metano,0.800683,7,244
21,90,4,Silicio/agua,0.929874,10,563
21,90,5,Silicio/acido sulfurico,0.954329,10,759
21,95,0,Carbono/agua,0.958114,7,509
21,95,1,Carbono/amonia,0.83252,9,421
21,95,2,Carbono/acido sulfurico,0.939228,5,787
21,95,3,Carbono/metano,0.800683,7,274
21,95,4,Silicio/agua,0.929874,10,635
21,95,5,Silicio/acido sulfurico,0.954329,10,854
21,100,0,Carbono/agua,0.958114,7,547
21,100,1,Carbono/amonia,0.840562,9,473
21,100,2,Carbono/acido sulfurico,0.939228,7,835
21,100,3,Carbono/metano,0.845169,7,307
21,100,4,Silicio/agua,0.944247,10,714
21,100,5,Silicio/acido sulfurico,0.954329,10,960
21,105,0,Carbono/agua,0.958114,7,614
21,105,1,Carbono/amonia,0.863462,9,530
21,105,2,Carbono/acido sulfurico,0.944816,7,888
21,105,3,Carbono/metano,0.845169,7,344
21,105,4,Silicio/agua,0.944247,10,799
21,105,5,Silicio/acido sulfurico,0.960559,10,1077
21,110,0,Carbono/agua,0.958114,7,705
21,110,1,Carbono/amonia,0.863462,9,594
21,110,2,Carbono/acido sulfurico,0.949092,7,947
21,110,3,Carbono/metano,0.845169,8,384
21,110,4,Silicio/agua,0.944247,10,892
21,110,5,Silicio/acido sulfurico,0.960559,10,1205
21,115,0,Carbono/agua,0.958114,7,805
21,115,1,Carbono/amonia,0.870205,9,664
21,115,2,Carbono/acido sulfurico,0.94794,7,1012
21,115,3,Carbono/metano,0.845169,8,428
21,115,4,Silicio/agua,0.944247,10,998
21,115,5,Silicio/acido sulfurico,0.960559,10,1347
21,120,0,Carbono/agua,0.958114,8,916
21,120,1,Carbono/amonia,0.901755,9,740
21,120,2,Carbono/acido sulfurico,0.94794,7,1084
21,120,3,Carbono/metano,0.845169,8,477
21,120,4,Silicio/agua,0.946836,10,1114
21,120,5,Silicio/acido sulfurico,0.98602,10,1503
21,125,0,Carbono/agua,0.958114,8,1037
21,125,1,Carbono/amonia,0.913369,9,825
21,125,2,Carbono/acido sulfurico,0.952526,7,1163
21,125,3,Carbono/metano,0.845169,8,532
21,125,4,Silicio/agua,0.959315,10,1240
21,125,5,Silicio/acido sulfurico,0.98602,10,1675
21,130,0,Carbono/agua,0.958114,8,1173
21,130,1,Carbono/amonia,0.935373,10,920
21,130,2,Carbono/acido sulfurico,0.952526,7,1249
21,130,3,Carbono/metano,0.845169,8,592
21,130,4,Silicio/agua,0.959315,10,1380
21,130,5,Silicio/acido sulfurico,0.98602,10,1866
21,135,0,Carbono/agua,0.958114,8,1323
21,135,1,Carbono/amonia,0.946987,10,1023
21,135,2,Carbono/acido sulfurico,0.961796,8,1343
21,135,3,Carbono/metano,0.845169,8,657
21,135,4,Silicio/agua,0.959315,10,1535
21,135,5,Silicio/acido sulfurico,0.98602,10,2075
21,140,0,Carbono/agua,0.958114,8,1488
21,140,1,Carbono/amonia,0.948225,10,1133
21,140,2,Carbono/acido sulfurico,0.965586,8,1550
21,140,3,Carbono/metano,0.854343,8,727
21,140,4,Silicio/agua,0.959315,10,1705
21,140,5,Silicio/acido sulfurico,0.98602,10,2300
21,145,0,Carbono/agua,0.965586,9,1671
21,145,1,Carbono/amonia,0.948225,10,1244
21,145,2,Carbono/acido sulfurico,0.961796,7,1692
21,145,3,Carbono/metano,0.882695,10,797
21,145,4,Silicio/agua,0.959315,10,1893
21,145,5,Silicio/acido sulfurico,0.98783,10,2525
21,150,0,Carbono/agua,0.965586,9,1872
21,150,1,Carbono/amonia,0.961796,10,1355
21,150,2,Carbono/acido sulfurico,0.964719,7,1796
21,150,3,Carbono/metano,0.882695,10,868
21,150,4,Silicio/agua,0.959315,10,2102
21,150,5,Silicio/acido sulfurico,0.98783,10,2752
21,155,0,Carbono/agua,0.965586,9,2093
21,155,1,Carbono/amonia,0.961796,10,1465
21,155,2,Carbono/acido sulfurico,0.964719,7,1899
21,155,3,Carbono/metano,0.884522,10,938
21,155,4,Silicio/agua,0.959315,10,2332
21,155,5,Silicio/acido sulfurico,0.98783,10,2979
21,160,0,Carbono/agua,0.965586,9,2338
21,160,1,Carbono/amonia,0.965586,10,1577
21,160,2,Carbono/acido sulfurico,0.964719,7,2001
21,160,3,Carbono/metano,0.884781,10,1011
21,160,4,Silicio/agua,0.959315,10,2587
21,160,5,Silicio/acido sulfurico,0.98783,10,3205
21,165,0,Carbono/agua,0.965586,9,2610
21,165,1,Carbono/amonia,0.965586,10,1687
21,165,2,Carbono/acido sulfurico,0.965586,7,2106
21,165,3,Carbono/metano,0.884781,10,1083
21,165,4,Silicio/agua,0.959315,10,2868
21,165,5,Silicio/acido sulfurico,0.98783,10,3430
21,170,0,Carbono/agua,0.965586,10,2909
21,170,1,Carbono/amonia,0.965586,10,1799
21,170,2,Carbono/acido sulfurico,0.965586,7,2291
21,170,3,Carbono/metano,0.8891,10,1153
21,170,4,Silicio/agua,0.959315,10,3179
21,170,5,Silicio/acido sulfurico,0.98783,10,3655
21,175,0,Carbono/agua,0.965586,10,3238
21,175,1,Carbono/amonia,0.965586,10,1909
21,175,2,Carbono/acido sulfurico,0.965586,7,2497
21,175,3,Carbono/metano,0.911299,10,1225
21,175,4,Silicio/agua,0.980526,10,3521
21,175,5,Silicio/acido sulfurico,0.98783,10,3880
21,180,0,Carbono/agua,0.965586,10,3602
21,180,1,Carbono/amonia,0.965586,10,2019
21,180,2,Carbono/acido sulfurico,0.965586,7,2703
21,180,3,Carbono/metano,0.911299,10,1297
21,180,4,Silicio/agua,0.980526,10,3901
21,180,5,Silicio/acido sulfurico,0.98783,10,4105
21,185,0,Carbono/agua,0.965586,10,4004
21,185,1,Carbono/amonia,0.965586,10,2131
21,185,2,Carbono/acido sulfurico,0.965586,8,2909
21,185,3,Carbono/metano,0.929665,10,1367
21,185,4,Silicio/agua,0.980526,10,4317
21,185,5,Silicio/acido sulfurico,0.98783,10,4330
21,190,0,Carbono/agua,0.965586,10,4447
21,190,1,Carbono/amonia,0.965586,10,2241
21,190,2,Carbono/acido sulfurico,0.965586,9,3115
21,190,3,Carbono/metano,0.929665,10,1438
21,190,4,Silicio/agua,0.980526,10,4778
21,190,5,Silicio/acido sulfurico,0.98783,10,4556
21,195,0,Carbono/agua,0.965586,10,4937
21,195,1,Carbono/amonia,0.965586,10,2352
21,195,2,Carbono/acido sulfurico,0.965586,9,3320
21,195,3,Carbono/metano,0.931662,10,1508
21,195,4,Silicio/agua,0.980526,10,5287
21,195,5,Silicio/acido sulfurico,0.98783,10,4782
21,200,0,Carbono/agua,0.965586,10,5469
21,200,1,Carbono/amonia,0.965586,10,2464
21,200,2,Carbono/acido sulfurico,0.965586,9,3525
21,200,3,Carbono/metano,0.948278,10,1578
21,200,4,Silicio/agua,0.980526,10,5840
21,200,5,Silicio/acido sulfurico,0.98783,10,5007
21,205,0,Carbono/agua,0.965586,10,6005
21,205,1,Carbono/amonia,0.965586,10,2574
21,205,2,Carbono/acido sulfurico,0.965586,9,3731
21,205,3,Carbono/metano,0.948278,10,1648
21,205,4,Silicio/agua,0.980526,10,6397
21,205,5,Silicio/acido sulfurico,0.98783,10,5232
21,210,0,Carbono/agua,0.965586,10,6541
21,210,1,Carbono/amonia,0.965586,10,2685
21,210,2,Carbono/acido sulfurico,0.965586,9,3936
21,210,3,Carbono/metano,0.948278,10,1720
21,210,4,Silicio/agua,1,10,6955
21,210,5,Silicio/acido sulfurico,0.98783,10,5457
21,215,0,Carbono/agua,0.965586,10,7076
21,215,1,Carbono/amonia,0.965586,10,2795
21,215,2,Carbono/acido sulfurico,0.965586,9,4141
21,215,3,Carbono/metano,0.963936,10,1792
21,215,4,Silicio/agua,1,10,7510
21,215,5,Silicio/acido sulfurico,0.98783,10,5683
21,220,0,Carbono/agua,0.965586,10,7613
21,220,1,Carbono/amonia,0.965586,10,2906
21,220,2,Carbono/acido sulfurico,0.965586,9,4347
21,220,3,Carbono/metano,0.963936,10,1864
21,220,4,Silicio/agua,1,10,8069
21,220,5,Silicio/acido sulfurico,0.98783,10,5908
21,225,0,Carbono/agua,1,10,8148
21,225,1,Carbono/amonia,0.965586,10,3019
21,225,2,Carbono/acido sulfurico,0.965586,9,4552
21,225,3,Carbono/metano,0.971104,10,1935
21,225,4,Silicio/agua,1,10,8626
21,225,5,Silicio/acido sulfurico,0.98783,10,6133
21,230,0,Carbono/agua,1,10,8683
21,230,1,Carbono/amonia,0.965586,10,3130
21,230,2,Carbono/acido sulfurico,0.965586,9,4758
21,230,3,Carbono/metano,0.971104,10,2005
21,230,4,Silicio/agua,1,10,9184
21,230,5,Silicio/acido sulfurico,0.98783,10,6360
21,235,0,Carbono/agua,1,9,9005
21,235,1,Carbono/amonia,0.965586,10,3241
21,235,2,Carbono/acido sulfurico,0.965586,9,4964
21,235,3,Carbono/metano,0.971104,10,2076
21,235,4,Silicio/agua,1,10,9739
21,235,5,Silicio/acido sulfurico,0.98783,10,6586
21,240,0,Carbono/agua,1,10,9274
21,240,1,Carbono/amonia,0.965586,10,3352
21,240,2,Carbono/acido sulfurico,0.965586,9,5170
21,240,3,Carbono/metano,0.971104,10,2146
21,240,4,Silicio/agua,1,10,10295
21,240,5,Silicio/acido sulfurico,0.98783,10,6811
21,245,0,Carbono/agua,1,10,9543
21,245,1,Carbono/amonia,0.965586,10,3464
21,245,2,Carbono/acido sulfurico,0.965586,9,5377
21,245,3,Carbono/metano,0.976647,10,2218
21,245,4,Silicio/agua,1,10,10853
21,245,5,Silicio/acido sulfurico,0.98783,10,7037
21,250,0,Carbono/agua,1,10,9810
21,250,1,Carbono/amonia,0.965586,10,3575
21,250,2,Carbono/acido sulfurico,0.965586,9,5583
21,250,3,Carbono/metano,0.976647,10,2291
21,250,4,Silicio/agua,1,10,11408
21,250,5,Silicio/acido sulfurico,0.98783,10,7262
21,255,0,Carbono/agua,1,10,10079
21,255,1,Carbono/amonia,0.965586,10,3687
21,255,2,Carbono/acido sulfurico,0.965586,9,5788
21,255,3,Carbono/metano,0.976647,10,2364
21,255,4,Silicio/agua,1,10,11964
21,255,5,Silicio/acido sulfurico,0.98783,10,7489
21,260,0,Carbono/agua,1,10,10615
21,260,1,Carbono/amonia,0.965586,10,3797
21,260,2,Carbono/acido sulfurico,0.965586,9,5996
21,260,3,Carbono/metano,0.976647,10,2435
21,260,4,Silicio/agua,1,10,12523
21,260,5,Silicio/acido sulfurico,0.98783,10,7714
21,265,0,Carbono/agua,1,10,11153
21,265,1,Carbono/amonia,0.965586,10,3908
21,265,2,Carbono/acido sulfurico,0.965586,9,6202
21,265,3,Carbono/metano,0.98783,10,2506
21,265,4,Silicio/agua,1,10,13078
21,265,5,Silicio/acido sulfurico,0.98783,10,7941
21,270,0,Carbono/agua,1,10,11690
21,270,1,Carbono/amonia,0.965586,10,4019
21,270,2,Carbono/acido sulfurico,0.965586,9,6410
21,270,3,Carbono/metano,0.98783,10,2576
21,270,4,Silicio/agua,1,10,13634
21,270,5,Silicio/acido sulfurico,0.98783,6,8098
21,275,0,Carbono/agua,1,10,12226
21,275,1,Carbono/amonia,0.965586,10,4132
21,275,2,Carbono/acido sulfurico,0.965586,9,6616
21,275,3,Carbono/metano,0.98783,10,2648
21,275,4,Silicio/agua,1,10,14193
21,275,5,Silicio/acido sulfurico,0.98783,10,8212
21,280,0,Carbono/agua,1,10,12762
21,280,1,Carbono/amonia,0.965586,10,4244
21,280,2,Carbono/acido sulfurico,0.965586,9,6822
21,280,3,Carbono/metano,0.98783,10,2720
21,280,4,Silicio/agua,1,10,14748
21,280,5,Silicio/acido sulfurico,0.98783,10,8326
21,285,0,Carbono/agua,1,10,13297
21,285,1,Carbono/amonia,0.965586,10,4356
21,285,2,Carbono/acido sulfurico,0.965586,9,7027
21,285,3,Carbono/metano,0.98783,10,2793
21,285,4,Silicio/agua,1,10,15307
21,285,5,Silicio/acido sulfurico,0.98783,10,8440
21,290,0,Carbono/agua,1,10,13835
21,290,1,Carbono/amonia,0.965586,10,4466
21,290,2,Carbono/acido sulfurico,0.965586,9,7234
21,290,3,Carbono/metano,0.98783,10,2864
21,290,4,Silicio/agua,1,10,15864
21,290,5,Silicio/acido sulfurico,0.98783,10,8552
21,295,0,Carbono/agua,1,10,14372
21,295,1,Carbono/amonia,0.965586,10,4576
21,295,2,Carbono/acido sulfurico,0.965586,9,7441
21,295,3,Carbono/metano,0.98783,10,2936
21,295,4,Silicio/agua,1,10,16422
21,295,5,Silicio/acido sulfurico,0.98783,10,8754
21,300,0,Carbono/agua,1,10,14907
21,300,1,Carbono/amonia,0.965586,10,4687
21,300,2,Carbono/acido sulfurico,0.965586,9,7647
21,300,3,Carbono/metano,0.98783,10,3007
21,300,4,Silicio/agua,1,10,16979
21,300,5,Silicio/acido sulfurico,0.98783,10,8981
22,0,0,Carbono/agua,0.615219,2,2
22,0,1,Carbono/amonia,0.579121,2,2
22,0,2,Carbono/acido sulfurico,0.648186,2,2
22,0,3,Carbono/metano,0.461672,1,1
22,0,4,Silicio/agua,0.567584,1,3
22,0,5,Silicio/acido sulfurico,0.492829,1,3
22,5,0,Carbono/agua,0.635608,2,13
22,5,1,Carbono/amonia,0.601715,2,11
22,5,2,Carbono/acido sulfurico,0.767301,5,17
22,5,3,Carbono/metano,0.509182,1,6
22,5,4,Silicio/agua,0.591899,1,16
22,5,5,Silicio/acido sulfurico,0.637224,2,18
22,10,0,Carbono/agua,0.635608,2,26
22,10,1,Carbono/amonia,0.708023,3,21
22,10,2,Carbono/acido sulfurico,0.810003,6,33
22,10,3,Carbono/metano,0.513508,1,12
22,10,4,Silicio/agua,0.641089,1,30
22,10,5,Silicio/acido sulfurico,0.721212,4,36
22,15,0,Carbono/agua,0.749822,4,40
22,15,1,Carbono/amonia,0.708023,3,30
22,15,2,Carbono/acido sulfurico,0.810003,6,51
22,15,3,Carbono/metano,0.537332,1,18
22,15,4,Silicio/agua,0.661954,2,44
22,15,5,Silicio/acido sulfurico,0.721285,4,56
22,20,0,Carbono/agua,0.805473,5,55
22,20,1,Carbono/amonia,0.76698,4,40
22,20,2,Carbono/acido sulfurico,0.871562,6,71
22,20,3,Carbono/metano,0.561439,1,27
22,20,4,Silicio/agua,0.735682,4,61
22,20,5,Silicio/acido sulfurico,0.721285,4,77
22,25,0,Carbono/agua,0.805473,5,71
22,25,1,Carbono/amonia,0.76698,4,52
22,25,2,Carbono/acido sulfurico,0.871562,6,94
22,25,3,Carbono/metano,0.608698,1,33
22,25,4,Silicio/agua,0.740856,4,80
22,25,5,Silicio/acido sulfurico,0.721285,4,99
22,30,0,Carbono/agua,0.805473,7,89
22,30,1,Carbono/amonia,0.76698,6,66
22,30,2,Carbono/acido sulfurico,0.871562,6,118
22,30,3,Carbono/metano,0.652071,2,41
22,30,4,Silicio/agua,0.740856,4,100
22,30,5,Silicio/acido sulfurico,0.74436,4,125
22,35,0,Carbono/agua,0.831559,7,110
22,35,1,Carbono/amonia,0.76698,6,80
22,35,2,Carbono/acido sulfurico,0.873615,6,144
22,35,3,Carbono/metano,0.652071,4,51
22,35,4,Silicio/agua,0.803819,4,121
22,35,5,Silicio/acido sulfurico,0.796704,4,153
22,40,0,Carbono/agua,0.874188,8,132
22,40,1,Carbono/amonia,0.76698,6,96
22,40,2,Carbono/acido sulfurico,0.873615,6,173
22,40,3,Carbono/metano,0.652071,4,61
22,40,4,Silicio/agua,0.803819,5,145
22,40,5,Silicio/acido sulfurico,0.796704,4,184
22,45,0,Carbono/agua,0.874188,8,156
22,45,1,Carbono/amonia,0.76698,7,115
22,45,2,Carbono/acido sulfurico,0.873615,7,205
22,45,3,Carbono/metano,0.652071,4,72
22,45,4,Silicio/agua,0.803819,6,173
22,45,5,Silicio/acido sulfurico,0.796704,4,220
22,50,0,Carbono/agua,0.874188,8,184
22,50,1,Carbono/amonia,0.794232,8,134
22,50,2,Carbono/acido sulfurico,0.873615,7,241
22,50,3,Carbono/metano,0.652071,4,84
22,50,4,Silicio/agua,0.838911,7,201
22,50,5,Silicio/acido sulfurico,0.81278,4,259
22,55,0,Carbono/agua,0.891016,8,214
22,55,1,Carbono/amonia,0.840351,8,155
22,55,2,Carbono/acido sulfurico,0.884406,7,282
22,55,3,Carbono/metano,0.654685,4,96
22,55,4,Silicio/agua,0.838911,7,234
22,55,5,Silicio/acido sulfurico,0.81278,4,302
22,60,0,Carbono/agua,0.891016,8,248
22,60,1,Carbono/amonia,0.917208,8,178
22,60,2,Carbono/acido sulfurico,0.894895,7,326
22,60,3,Carbono/metano,0.654685,4,102
22,60,4,Silicio/agua,0.838911,7,269
22,60,5,Silicio/acido sulfurico,0.814815,4,350
22,65,0,Carbono/agua,0.910674,8,286
22,65,1,Carbono/amonia,0.917208,8,204
22,65,2,Carbono/acido sulfurico,0.931676,7,358
22,65,3,Carbono/metano,0.654685,4,110
22,65,4,Silicio/agua,0.868758,7,308
22,65,5,Silicio/acido sulfurico,0.819111,7,403
22,70,0,Carbono/agua,0.910729,8,328
22,70,1,Carbono/amonia,0.917208,9,233
22,70,2,Carbono/acido sulfurico,0.931676,7,385
22,70,3,Carbono/metano,0.678016,4,120
22,70,4,Silicio/agua,0.911618,7,351
22,70,5,Silicio/acido sulfurico,0.819111,7,461
22,75,0,Carbono/agua,0.910729,8,374
22,75,1,Carbono/amonia,0.917208,9,265
22,75,2,Carbono/acido sulfurico,0.931676,7,414
22,75,3,Carbono/metano,0.678016,4,130
22,75,4,Silicio/agua,0.911618,7,400
22,75,5,Silicio/acido sulfurico,0.819111,6,510
22,80,0,Carbono/agua,0.910729,8,424
22,80,1,Carbono/amonia,0.917208,9,299
22,80,2,Carbono/acido sulfurico,0.942882,7,446
22,80,3,Carbono/metano,0.678016,4,145
22,80,4,Silicio/agua,0.911618,7,452
22,80,5,Silicio/acido sulfurico,0.819111,8,547
22,85,0,Carbono/agua,0.933388,8,479
22,85,1,Carbono/amonia,0.917208,10,339
22,85,2,Carbono/acido sulfurico,0.942978,7,480
22,85,3,Carbono/metano,0.728415,4,171
22,85,4,Silicio/agua,0.911618,8,508
22,85,5,Silicio/acido sulfurico,0.843169,9,585
22,90,0,Carbono/agua,0.933388,8,541
22,90,1,Carbono/amonia,0.917208,10,381
22,90,2,Carbono/acido sulfurico,0.942978,7,552
22,90,3,Carbono/metano,0.772739,4,197
22,90,4,Silicio/agua,0.911618,8,573
22,90,5,Silicio/acido sulfurico,0.843169,8,628
22,95,0,Carbono/agua,0.933388,8,608
22,95,1,Carbono/amonia,0.917208,10,428
22,95,2,Carbono/acido sulfurico,0.942978,7,638
22,95,3,Carbono/metano,0.776292,5,227
22,95,4,Silicio/agua,0.919681,8,643
22,95,5,Silicio/acido sulfurico,0.870375,9,676
22,100,0,Carbono/agua,0.933388,8,683
22,100,1,Carbono/amonia,0.917208,10,479
22,100,2,Carbono/acido sulfurico,0.943695,7,733
22,100,3,Carbono/metano,0.776292,5,262
22,100,4,Silicio/agua,0.939486,8,721
22,100,5,Silicio/acido sulfurico,0.888318,9,729
22,105,0,Carbono/agua,0.933388,8,768
22,105,1,Carbono/amonia,0.917208,10,536
22,105,2,Carbono/acido sulfurico,0.943695,7,838
22,105,3,Carbono/metano,0.79725,5,300
22,105,4,Silicio/agua,0.968587,8,806
22,105,5,Silicio/acido sulfurico,0.88895,9,788
22,110,0,Carbono/agua,0.933388,8,860
22,110,1,Carbono/amonia,0.917208,10,598
22,110,2,Carbono/acido sulfurico,0.944275,7,954
22,110,3,Carbono/metano,0.79725,5,341
22,110,4,Silicio/agua,0.982287,8,902
22,110,5,Silicio/acido sulfurico,0.922177,9,852
22,115,0,Carbono/agua,0.95614,8,960
22,115,1,Carbono/amonia,0.917208,10,668
22,115,2,Carbono/acido sulfurico,0.951474,8,1082
22,115,3,Carbono/metano,0.877198,6,385
22,115,4,Silicio/agua,0.98783,8,1006
22,115,5,Silicio/acido sulfurico,0.922177,9,967
22,120,0,Carbono/agua,0.976647,8,1072
22,120,1,Carbono/amonia,0.917208,10,745
22,120,2,Carbono/acido sulfurico,0.951474,8,1225
22,120,3,Carbono/metano,0.877198,6,434
22,120,4,Silicio/agua,0.98783,8,1122
22,120,5,Silicio/acido sulfurico,0.922177,9,1123
22,125,0,Carbono/agua,0.976647,8,1194
22,125,1,Carbono/amonia,0.917208,10,829
22,125,2,Carbono/acido sulfurico,0.951474,8,1381
22,125,3,Carbono/metano,0.877198,6,488
22,125,4,Silicio/agua,0.98783,8,1250
22,125,5,Silicio/acido sulfurico,0.927879,9,1295
22,130,0,Carbono/agua,0.976647,8,1329
22,130,1,Carbono/amonia,0.917208,10,924
22,130,2,Carbono/acido sulfurico,0.954996,8,1555
22,130,3,Carbono/metano,0.877198,6,548
22,130,4,Silicio/agua,0.98783,8,1389
22,130,5,Silicio/acido sulfurico,0.927879,9,1486
22,135,0,Carbono/agua,0.98783,8,1478
22,135,1,Carbono/amonia,0.949817,10,1028
22,135,2,Carbono/acido sulfurico,0.954996,8,1745
22,135,3,Carbono/metano,0.877198,7,614
22,135,4,Silicio/agua,0.98783,8,1545
22,135,5,Silicio/acido sulfurico,0.927879,9,1695
22,140,0,Carbono/agua,0.98783,9,1642
22,140,1,Carbono/amonia,0.949817,10,1139
22,140,2,Carbono/acido sulfurico,0.954996,8,1951
22,140,3,Carbono/metano,0.882405,7,685
22,140,4,Silicio/agua,0.98783,8,1716
22,140,5,Silicio/acido sulfurico,0.933425,10,1921
22,145,0,Carbono/agua,0.98783,9,1823
22,145,1,Carbono/amonia,0.974211,10,1251
22,145,2,Carbono/acido sulfurico,0.954996,8,2158
22,145,3,Carbono/metano,0.899422,7,756
22,145,4,Silicio/agua,0.98783,8,1906
22,145,5,Silicio/acido sulfurico,0.933425,10,2147
22,150,0,Carbono/agua,0.98783,9,2025
22,150,1,Carbono/amonia,0.974211,10,1363
22,150,2,Carbono/acido sulfurico,0.954996,8,2364
22,150,3,Carbono/metano,0.905973,7,826
22,150,4,Silicio/agua,0.98783,8,2115
22,150,5,Silicio/acido sulfurico,0.933425,10,2373
22,155,0,Carbono/agua,0.98783,9,2249
22,155,1,Carbono/amonia,0.988807,10,1473
22,155,2,Carbono/acido sulfurico,0.98783,8,2570
22,155,3,Carbono/metano,0.916347,7,897
22,155,4,Silicio/agua,0.98783,8,2345
22,155,5,Silicio/acido sulfurico,0.946134,10,2599
22,160,0,Carbono/agua,0.98783,9,2494
22,160,1,Carbono/amonia,1,10,1584
22,160,2,Carbono/acido sulfurico,0.98783,8,2777
22,160,3,Carbono/metano,0.931746,7,968
22,160,4,Silicio/agua,0.98783,8,2600
22,160,5,Silicio/acido sulfurico,0.982287,10,2825
22,165,0,Carbono/agua,0.98783,9,2767
22,165,1,Carbono/amonia,1,10,1695
22,165,2,Carbono/acido sulfurico,0.98783,8,2984
22,165,3,Carbono/metano,0.931746,7,1039
22,165,4,Silicio/agua,0.98783,8,2880
22,165,5,Silicio/acido sulfurico,0.98783,10,3051
22,170,0,Carbono/agua,0.98783,9,3066
22,170,1,Carbono/amonia,1,10,1807
22,170,2,Carbono/acido sulfurico,0.98783,8,3189
22,170,3,Carbono/metano,0.931746,7,1112
22,170,4,Silicio/agua,0.98783,8,3191
22,170,5,Silicio/acido sulfurico,0.98783,10,3276
22,175,0,Carbono/agua,0.98783,9,3395
22,175,1,Carbono/amonia,1,10,1919
22,175,2,Carbono/acido sulfurico,0.98783,8,3395
22,175,3,Carbono/metano,0.95614,7,1184
22,175,4,Silicio/agua,0.98783,8,3534
22,175,5,Silicio/acido sulfurico,0.98783,10,3502
22,180,0,Carbono/agua,0.98783,10,3760
22,180,1,Carbono/amonia,1,10,2029
22,180,2,Carbono/acido sulfurico,0.98783,8,3600
22,180,3,Carbono/metano,0.95614,7,1257
22,180,4,Silicio/agua,0.98783,8,3913
22,180,5,Silicio/acido sulfurico,0.98783,10,3727
22,185,0,Carbono/agua,0.98783,10,4161
22,185,1,Carbono/amonia,1,10,2140
22,185,2,Carbono/acido sulfurico,0.98783,8,3806
22,185,3,Carbono/metano,0.95614,7,1328
22,185,4,Silicio/agua,0.98783,9,4331
22,185,5,Silicio/acido sulfurico,0.98783,10,3952
22,190,0,Carbono/agua,0.98783,10,4606
22,190,1,Carbono/amonia,1,10,2251
22,190,2,Carbono/acido sulfurico,0.98783,8,4013
22,190,3,Carbono/metano,0.95614,7,1398
22,190,4,Silicio/agua,0.98783,9,4791
22,190,5,Silicio/acido sulfurico,0.98783,10,4178
22,195,0,Carbono/agua,0.98783,10,5096
22,195,1,Carbono/amonia,1,10,2361
22,195,2,Carbono/acido sulfurico,0.98783,8,4219
22,195,3,Carbono/metano,0.95614,7,1469
22,195,4,Silicio/agua,0.98783,10,5301
22,195,5,Silicio/acido sulfurico,0.98783,10,4405
22,200,0,Carbono/agua,0.98783,10,5628
22,200,1,Carbono/amonia,1,10,2471
22,200,2,Carbono/acido sulfurico,0.98783,8,4424
22,200,3,Carbono/metano,0.95614,7,1540
22,200,4,Silicio/agua,0.98783,10,5853
22,200,5,Silicio/acido sulfurico,0.98783,10,4630
22,205,0,Carbono/agua,0.98783,10,6163
22,205,1,Carbono/amonia,1,10,2582
22,205,2,Carbono/acido sulfurico,0.98783,8,4629
22,205,3,Carbono/metano,0.95614,7,1610
22,205,4,Silicio/agua,0.98783,10,6409
22,205,5,Silicio/acido sulfurico,0.98783,10,4856
22,210,0,Carbono/agua,0.98783,10,6699
22,210,1,Carbono/amonia,1,10,2693
22,210,2,Carbono/acido sulfurico,0.98783,8,4835
22,210,3,Carbono/metano,0.974186,7,1681
22,210,4,Silicio/agua,0.98783,10,6966
22,210,5,Silicio/acido sulfurico,0.98783,10,5082
22,215,0,Carbono/agua,0.98783,10,7237
22,215,1,Carbono/amonia,1,10,2804
22,215,2,Carbono/acido sulfurico,0.98783,8,5042
22,215,3,Carbono/metano,0.974186,7,1752
22,215,4,Silicio/agua,0.98783,10,7524
22,215,5,Silicio/acido sulfurico,0.98783,10,5308
22,220,0,Carbono/agua,0.98783,10,7774
22,220,1,Carbono/amonia,1,10,2915
22,220,2,Carbono/acido sulfurico,0.98783,8,5247
22,220,3,Carbono/metano,0.974186,7,1823
22,220,4,Silicio/agua,0.98783,10,8082
22,220,5,Silicio/acido sulfurico,0.98783,10,5533
22,225,0,Carbono/agua,0.98783,10,8310
22,225,1,Carbono/amonia,1,10,3027
22,225,2,Carbono/acido sulfurico,0.98783,9,5452
22,225,3,Carbono/metano,0.974186,7,1893
22,225,4,Silicio/agua,0.98783,10,8638
22,225,5,Silicio/acido sulfurico,0.98783,10,5759
22,230,0,Carbono/agua,0.98783,10,8846
22,230,1,Carbono/amonia,1,10,3137
22,230,2,Carbono/acido sulfurico,0.98783,9,5657
22,230,3,Carbono/metano,0.974186,7,1964
22,230,4,Silicio/agua,0.98783,10,9194
22,230,5,Silicio/acido sulfurico,0.98783,10,5984
22,235,0,Carbono/agua,0.98783,10,9383
22,235,1,Carbono/amonia,1,10,3247
22,235,2,Carbono/acido sulfurico,0.98783,9,5863
22,235,3,Carbono/metano,0.974186,7,2034
22,235,4,Silicio/agua,0.98783,10,9753
22,235,5,Silicio/acido sulfurico,0.98783,10,6211
22,240,0,Carbono/agua,0.98783,10,9920
22,240,1,Carbono/amonia,1,10,3359
22,240,2,Carbono/acido sulfurico,0.98783,9,6068
22,240,3,Carbono/metano,0.974186,7,2105
22,240,4,Silicio/agua,0.98783,10,10311
22,240,5,Silicio/acido sulfurico,0.98783,10,6436
22,245,0,Carbono/agua,0.98783,10,10457
22,245,1,Carbono/amonia,1,10,3471
22,245,2,Carbono/acido sulfurico,0.98783,9,6273
22,245,3,Carbono/metano,0.974186,7,2176
22,245,4,Silicio/agua,0.98783,10,10870
22,245,5,Silicio/acido sulfurico,0.98783,10,6662
22,250,0,Carbono/agua,0.98783,10,10994
22,250,1,Carbono/amonia,1,10,3581
22,250,2,Carbono/acido sulfurico,0.98783,9,6479
22,250,3,Carbono/metano,0.982287,7,2248
22,250,4,Silicio/agua,0.98783,10,11426
22,250,5,Silicio/acido sulfurico,0.98783,10,6890
22,255,0,Carbono/agua,0.98783,10,11531
22,255,1,Carbono/amonia,1,10,3691
22,255,2,Carbono/acido sulfurico,0.98783,9,6685
22,255,3,Carbono/metano,0.982287,7,2318
22,255,4,Silicio/agua,0.98783,10,11983
22,255,5,Silicio/acido sulfurico,0.98783,10,7116
22,260,0,Carbono/agua,0.98783,10,12067
22,260,1,Carbono/amonia,1,10,3802
22,260,2,Carbono/acido sulfurico,0.98783,10,6891
22,260,3,Carbono/metano,0.98783,7,2389
22,260,4,Silicio/agua,0.98783,10,12541
22,260,5,Silicio/acido sulfurico,0.98783,10,7341
22,265,0,Carbono/agua,0.98783,10,12602
22,265,1,Carbono/amonia,1,10,3913
22,265,2,Carbono/acido sulfurico,0.98783,10,7098
22,265,3,Carbono/metano,0.98783,7,2462
22,265,4,Silicio/agua,0.98783,10,13096
22,265,5,Silicio/acido sulfurico,0.98783,10,7567
22,270,0,Carbono/agua,0.98783,10,13138
22,270,1,Carbono/amonia,1,10,4024
22,270,2,Carbono/acido sulfurico,0.98783,10,7303
22,270,3,Carbono/metano,0.98783,7,2536
22,270,4,Silicio/agua,0.98783,10,13651
22,270,5,Silicio/acido sulfurico,0.98783,10,7794
22,275,0,Carbono/agua,0.98783,10,13674
22,275,1,Carbono/amonia,1,10,4135
22,275,2,Carbono/acido sulfurico,0.98783,10,7510
22,275,3,Carbono/metano,0.98783,7,2607
22,275,4,Silicio/agua,0.98783,10,14208
22,275,5,Silicio/acido sulfurico,0.98783,10,8019
22,280,0,Carbono/agua,0.98783,10,14210
22,280,1,Carbono/amonia,1,10,4247
22,280,2,Carbono/acido sulfurico,0.98783,10,7715
22,280,3,Carbono/metano,0.98783,7,2678
22,280,4,Silicio/agua,0.98783,10,14765
22,280,5,Silicio/acido sulfurico,0.98783,10,8244
22,285,0,Carbono/agua,0.98783,10,14746
22,285,1,Carbono/amonia,1,10,4360
22,285,2,Carbono/acido sulfurico,0.98783,10,7921
22,285,3,Carbono/metano,0.98783,7,2750
22,285,4,Silicio/agua,0.98783,10,15324
22,285,5,Silicio/acido sulfurico,0.98783,10,8470
22,290,0,Carbono/agua,0.98783,10,15282
22,290,1,Carbono/amonia,1,10,4470
22,290,2,Carbono/acido sulfurico,0.98783,10,8126
22,290,3,Carbono/metano,0.98783,7,2800
22,290,4,Silicio/agua,0.98783,10,15880
22,290,5,Silicio/acido sulfurico,0.98783,10,8696
22,295,0,Carbono/agua,0.98783,10,15817
22,295,1,Carbono/amonia,1,10,4580
22,295,2,Carbono/acido sulfurico,0.98783,10,8332
22,295,3,Carbono/metano,0.98783,7,2836
22,295,4,Silicio/agua,0.98783,10,16436
22,295,5,Silicio/acido sulfurico,0.98783,10,8921
22,300,0,Carbono/agua,0.98783,10,16353
22,300,1,Carbono/amonia,1,10,4692
22,300,2,Carbono/acido sulfurico,0.98783,10,8537
22,300,3,Carbono/metano,0.98783,7,2874
22,300,4,Silicio/agua,0.98783,10,16992
22,300,5,Silicio/acido sulfurico,0.98783,10,9147
23,0,0,Carbono/agua,0.576528,1,2
23,0,1,Carbono/amonia,0.495664,1,1
23,0,2,Carbono/acido sulfurico,0.548885,1,2
23,0,3,Carbono/metano,0.504757,1,1
23,0,4,Silicio/agua,0.509724,1,2
23,0,5,Silicio/acido sulfurico,0.555043,2,3
23,5,0,Carbono/agua,0.643338,1,12
23,5,1,Carbono/amonia,0.769523,3,9
23,5,2,Carbono/acido sulfurico,0.580303,1,16
23,5,3,Carbono/metano,0.546626,1,6
23,5,4,Silicio/agua,0.522797,2,14
23,5,5,Silicio/acido sulfurico,0.683018,4,20
23,10,0,Carbono/agua,0.643338,1,24
23,10,1,Carbono/amonia,0.769523,3,17
23,10,2,Carbono/acido sulfurico,0.657649,3,32
23,10,3,Carbono/metano,0.546626,1,12
23,10,4,Silicio/agua,0.687422,2,26
23,10,5,Silicio/acido sulfurico,0.683018,6,37
23,15,0,Carbono/agua,0.643338,1,37
23,15,1,Carbono/amonia,0.793629,3,27
23,15,2,Carbono/acido sulfurico,0.771323,5,49
23,15,3,Carbono/metano,0.560016,1,17
23,15,4,Silicio/agua,0.702775,2,41
23,15,5,Silicio/acido sulfurico,0.708481,8,57
23,20,0,Carbono/agua,0.707527,2,52
23,20,1,Carbono/amonia,0.793629,4,37
23,20,2,Carbono/acido sulfurico,0.776016,5,67
23,20,3,Carbono/metano,0.562992,1,23
23,20,4,Silicio/agua,0.754746,2,57
23,20,5,Silicio/acido sulfurico,0.742936,8,79
23,25,0,Carbono/agua,0.707527,2,70
23,25,1,Carbono/amonia,0.793629,4,49
23,25,2,Carbono/acido sulfurico,0.776016,5,87
23,25,3,Carbono/metano,0.562992,1,29
23,25,4,Silicio/agua,0.836728,3,74
23,25,5,Silicio/acido sulfurico,0.764008,8,103
23,30,0,Carbono/agua,0.72201,2,90
23,30,1,Carbono/amonia,0.793629,4,62
23,30,2,Carbono/acido sulfurico,0.776016,5,111
23,30,3,Carbono/metano,0.575271,1,37
23,30,4,Silicio/agua,0.836728,3,94
23,30,5,Silicio/acido sulfurico,0.772474,8,129
23,35,0,Carbono/agua,0.726818,2,111
23,35,1,Carbono/amonia,0.793629,4,77
23,35,2,Carbono/acido sulfurico,0.82138,5,137
23,35,3,Carbono/metano,0.575271,1,45
23,35,4,Silicio/agua,0.88104,3,117
23,35,5,Silicio/acido sulfurico,0.807482,8,158
23,40,0,Carbono/agua,0.726818,3,133
23,40,1,Carbono/amonia,0.799989,5,93
23,40,2,Carbono/acido sulfurico,0.82491,5,165
23,40,3,Carbono/metano,0.576221,1,54
23,40,4,Silicio/agua,0.88104,4,142
23,40,5,Silicio/acido sulfurico,0.809897,8,189
23,45,0,Carbono/agua,0.727748,3,158
23,45,1,Carbono/amonia,0.800887,5,110
23,45,2,Carbono/acido sulfurico,0.837294,5,198
23,45,3,Carbono/metano,0.71509,3,66
23,45,4,Silicio/agua,0.881735,4,168
23,45,5,Silicio/acido sulfurico,0.809897,8,224
23,50,0,Carbono/agua,0.727748,3,186
23,50,1,Carbono/amonia,0.800887,5,128
23,50,2,Carbono/acido sulfurico,0.839923,6,234
23,50,3,Carbono/metano,0.71509,3,80
23,50,4,Silicio/agua,0.881735,4,195
23,50,5,Silicio/acido sulfurico,0.81906,8,262
23,55,0,Carbono/agua,0.811722,4,216
23,55,1,Carbono/amonia,0.814103,5,151
23,55,2,Carbono/acido sulfurico,0.84063,6,273
23,55,3,Carbono/metano,0.736363,3,93
23,55,4,Silicio/agua,0.881735,4,226
23,55,5,Silicio/acido sulfurico,0.81906,8,305
23,60,0,Carbono/agua,0.811722,5,249
23,60,1,Carbono/amonia,0.814103,7,173
23,60,2,Carbono/acido sulfurico,0.847498,6,316
23,60,3,Carbono/metano,0.736363,3,108
23,60,4,Silicio/agua,0.881735,4,262
23,60,5,Silicio/acido sulfurico,0.827128,8,353
23,65,0,Carbono/agua,0.811722,5,286
23,65,1,Carbono/amonia,0.81793,7,198
23,65,2,Carbono/acido sulfurico,0.854574,7,364
23,65,3,Carbono/metano,0.783284,4,125
23,65,4,Silicio/agua,0.881735,4,302
23,65,5,Silicio/acido sulfurico,0.911929,9,404
23,70,0,Carbono/agua,0.908062,7,328
23,70,1,Carbono/amonia,0.81793,7,226
23,70,2,Carbono/acido sulfurico,0.920452,8,418
23,70,3,Carbono/metano,0.785098,5,141
23,70,4,Silicio/agua,0.881735,4,344
23,70,5,Silicio/acido sulfurico,0.911929,9,463
23,75,0,Carbono/agua,0.908315,7,373
23,75,1,Carbono/amonia,0.81793,7,256
23,75,2,Carbono/acido sulfurico,0.920452,8,476
23,75,3,Carbono/metano,0.788265,5,162
23,75,4,Silicio/agua,0.893144,4,391
23,75,5,Silicio/acido sulfurico,0.91309,9,528
23,80,0,Carbono/agua,0.908315,7,422
23,80,1,Carbono/amonia,0.834509,7,290
23,80,2,Carbono/acido sulfurico,0.920452,8,542
23,80,3,Carbono/metano,0.788265,5,183
23,80,4,Silicio/agua,0.922177,4,443
23,80,5,Silicio/acido sulfurico,0.91309,9,599
23,85,0,Carbono/agua,0.920129,8,479
23,85,1,Carbono/amonia,0.834509,7,327
23,85,2,Carbono/acido sulfurico,0.920452,8,614
23,85,3,Carbono/metano,0.788265,5,208
23,85,4,Silicio/agua,0.925786,4,501
23,85,5,Silicio/acido sulfurico,0.927491,9,677
23,90,0,Carbono/agua,0.964655,9,542
23,90,1,Carbono/amonia,0.866956,7,369
23,90,2,Carbono/acido sulfurico,0.920452,8,691
23,90,3,Carbono/metano,0.79381,5,235
23,90,4,Silicio/agua,0.925786,4,563
23,90,5,Silicio/acido sulfurico,0.927491,9,762
23,95,0,Carbono/agua,0.964655,9,610
23,95,1,Carbono/amonia,0.880151,7,416
23,95,2,Carbono/acido sulfurico,0.920452,8,779
23,95,3,Carbono/metano,0.816805,5,265
23,95,4,Silicio/agua,0.925786,6,633
23,95,5,Silicio/acido sulfurico,0.941052,9,857
23,100,0,Carbono/agua,0.964655,9,685
23,100,1,Carbono/amonia,0.888245,7,467
23,100,2,Carbono/acido sulfurico,0.924861,8,875
23,100,3,Carbono/metano,0.847327,5,297
23,100,4,Silicio/agua,0.947854,6,711
23,100,5,Silicio/acido sulfurico,0.941052,9,962
23,105,0,Carbono/agua,0.964655,9,768
23,105,1,Carbono/amonia,0.897633,7,522
23,105,2,Carbono/acido sulfurico,0.924861,9,981
23,105,3,Carbono/metano,0.847327,5,333
23,105,4,Silicio/agua,0.947854,6,797
23,105,5,Silicio/acido sulfurico,0.941735,9,1078
23,110,0,Carbono/agua,0.98602,9,859
23,110,1,Carbono/amonia,0.915848,7,586
23,110,2,Carbono/acido sulfurico,0.931134,9,1098
23,110,3,Carbono/metano,0.847327,5,372
23,110,4,Silicio/agua,0.947854,7,891
23,110,5,Silicio/acido sulfurico,0.944247,9,1205
23,115,0,Carbono/agua,0.98602,9,959
23,115,1,Carbono/amonia,0.915848,7,656
23,115,2,Carbono/acido sulfurico,0.931134,9,1228
23,115,3,Carbono/metano,0.864692,5,416
23,115,4,Silicio/agua,0.947854,7,996
23,115,5,Silicio/acido sulfurico,0.952745,9,1345
23,120,0,Carbono/agua,0.98602,9,1070
23,120,1,Carbono/amonia,0.915848,7,732
23,120,2,Carbono/acido sulfurico,0.954329,10,1371
23,120,3,Carbono/metano,0.864692,5,465
23,120,4,Silicio/agua,0.947854,7,1111
23,120,5,Silicio/acido sulfurico,0.955704,10,1501
23,125,0,Carbono/agua,0.98602,10,1192
23,125,1,Carbono/amonia,0.915848,7,817
23,125,2,Carbono/acido sulfurico,0.954329,10,1527
23,125,3,Carbono/metano,0.889339,5,520
23,125,4,Silicio/agua,0.947854,7,1239
23,125,5,Silicio/acido sulfurico,0.955704,10,1674
23,130,0,Carbono/agua,0.98602,10,1328
23,130,1,Carbono/amonia,0.915848,7,912
23,130,2,Carbono/acido sulfurico,0.988807,10,1702
23,130,3,Carbono/metano,0.890443,4,581
23,130,4,Silicio/agua,0.947854,7,1379
23,130,5,Silicio/acido sulfurico,0.959315,10,1864
23,135,0,Carbono/agua,0.98602,10,1478
23,135,1,Carbono/amonia,0.915622,7,994
23,135,2,Carbono/acido sulfurico,0.988807,10,1893
23,135,3,Carbono/metano,0.890443,5,613
23,135,4,Silicio/agua,0.947854,7,1534
23,135,5,Silicio/acido sulfurico,0.977454,10,2072
23,140,0,Carbono/agua,0.98783,10,1643
23,140,1,Carbono/amonia,0.915622,8,1049
23,140,2,Carbono/acido sulfurico,0.988807,10,2098
23,140,3,Carbono/metano,0.890443,5,649
23,140,4,Silicio/agua,0.958114,7,1705
23,140,5,Silicio/acido sulfurico,0.977454,10,2298
23,145,0,Carbono/agua,0.98783,10,1825
23,145,1,Carbono/amonia,0.915622,8,1104
23,145,2,Carbono/acido sulfurico,1,10,2304
23,145,3,Carbono/metano,0.890443,5,684
23,145,4,Silicio/agua,0.958114,7,1895
23,145,5,Silicio/acido sulfurico,0.980526,10,2523
23,150,0,Carbono/agua,0.98783,10,2026
23,150,1,Carbono/amonia,0.915622,8,1161
23,150,2,Carbono/acido sulfurico,1,10,2510
23,150,3,Carbono/metano,0.890443,5,720
23,150,4,Silicio/agua,0.958114,7,2104
23,150,5,Silicio/acido sulfurico,0.980526,10,2748
23,155,0,Carbono/agua,0.98783,9,2249
23,155,1,Carbono/amonia,0.915622,8,1217
23,155,2,Carbono/acido sulfurico,1,10,2716
23,155,3,Carbono/metano,0.890443,5,763
23,155,4,Silicio/agua,0.958114,7,2334
23,155,5,Silicio/acido sulfurico,0.980526,10,2973
23,160,0,Carbono/agua,0.98783,10,2371
23,160,1,Carbono/amonia,0.915622,8,1305
23,160,2,Carbono/acido sulfurico,1,10,2923
23,160,3,Carbono/metano,0.896271,5,833
23,160,4,Silicio/agua,0.965586,7,2588
23,160,5,Silicio/acido sulfurico,0.980526,10,3198
23,165,0,Carbono/agua,0.98783,10,2507
23,165,1,Carbono/amonia,0.915622,8,1416
23,165,2,Carbono/acido sulfurico,1,10,3129
23,165,3,Carbono/metano,0.896271,8,903
23,165,4,Silicio/agua,0.965586,8,2870
23,165,5,Silicio/acido sulfurico,0.980526,10,3424
23,170,0,Carbono/agua,0.98783,10,2657
23,170,1,Carbono/amonia,0.915848,5,1527
23,170,2,Carbono/acido sulfurico,1,10,3335
23,170,3,Carbono/metano,0.896271,9,975
23,170,4,Silicio/agua,0.965586,10,3181
23,170,5,Silicio/acido sulfurico,0.980526,10,3649
23,175,0,Carbono/agua,0.98783,10,2821
23,175,1,Carbono/amonia,0.922177,7,1583
23,175,2,Carbono/acido sulfurico,1,10,3541
23,175,3,Carbono/metano,0.920979,9,1047
23,175,4,Silicio/agua,0.965586,10,3523
23,175,5,Silicio/acido sulfurico,0.980526,10,3876
23,180,0,Carbono/agua,0.98783,10,3042
23,180,1,Carbono/amonia,0.922177,7,1639
23,180,2,Carbono/acido sulfurico,1,10,3747
23,180,3,Carbono/metano,0.920979,9,1119
23,180,4,Silicio/agua,0.965586,10,3900
23,180,5,Silicio/acido sulfurico,0.980526,10,4101
23,185,0,Carbono/agua,0.98783,10,3444
23,185,1,Carbono/amonia,0.922177,7,1694
23,185,2,Carbono/acido sulfurico,1,10,3952
23,185,3,Carbono/metano,0.920979,9,1191
23,185,4,Silicio/agua,0.965586,10,4318
23,185,5,Silicio/acido sulfurico,0.980526,10,4327
23,190,0,Carbono/agua,0.98783,10,3886
23,190,1,Carbono/amonia,0.922177,7,1749
23,190,2,Carbono/acido sulfurico,1,10,4158
23,190,3,Carbono/metano,0.935148,9,1262
23,190,4,Silicio/agua,0.965586,10,4778
23,190,5,Silicio/acido sulfurico,0.980526,10,4553
23,195,0,Carbono/agua,0.98783,7,4227
23,195,1,Carbono/amonia,0.922177,7,1815
23,195,2,Carbono/acido sulfurico,1,10,4363
23,195,3,Carbono/metano,0.942174,9,1335
23,195,4,Silicio/agua,0.965586,10,5286
23,195,5,Silicio/acido sulfurico,0.980526,10,4778
23,200,0,Carbono/agua,0.98783,9,4494
23,200,1,Carbono/amonia,0.922177,7,1925
23,200,2,Carbono/acido sulfurico,1,10,4569
23,200,3,Carbono/metano,0.942174,9,1405
23,200,4,Silicio/agua,0.965586,10,5838
23,200,5,Silicio/acido sulfurico,0.980526,10,5003
23,205,0,Carbono/agua,0.98783,9,4761
23,205,1,Carbono/amonia,0.922177,7,2036
23,205,2,Carbono/acido sulfurico,1,10,4775
23,205,3,Carbono/metano,0.942174,9,1477
23,205,4,Silicio/agua,0.965586,10,6395
23,205,5,Silicio/acido sulfurico,0.983343,10,5228
23,210,0,Carbono/agua,0.98783,9,5029
23,210,1,Carbono/amonia,0.925635,7,2147
23,210,2,Carbono/acido sulfurico,1,10,4982
23,210,3,Carbono/metano,0.942174,9,1550
23,210,4,Silicio/agua,0.972836,10,6953
23,210,5,Silicio/acido sulfurico,0.983343,10,5455
23,215,0,Carbono/agua,0.98783,9,5297
23,215,1,Carbono/amonia,0.925635,7,2259
23,215,2,Carbono/acido sulfurico,1,10,5187
23,215,3,Carbono/metano,0.942174,9,1621
23,215,4,Silicio/agua,0.972836,10,7511
23,215,5,Silicio/acido sulfurico,1,10,5683
23,220,0,Carbono/agua,0.98783,9,5781
23,220,1,Carbono/amonia,0.925786,7,2370
23,220,2,Carbono/acido sulfurico,1,10,5393
23,220,3,Carbono/metano,0.942174,9,1692
23,220,4,Silicio/agua,0.977454,10,8068
23,220,5,Silicio/acido sulfurico,1,10,5909
23,225,0,Carbono/agua,0.98783,9,6317
23,225,1,Carbono/amonia,0.933425,7,2481
23,225,2,Carbono/acido sulfurico,1,10,5600
23,225,3,Carbono/metano,0.942174,9,1764
23,225,4,Silicio/agua,0.980526,10,8625
23,225,5,Silicio/acido sulfurico,1,10,6135
23,230,0,Carbono/agua,0.98783,9,6852
23,230,1,Carbono/amonia,0.933425,7,2592
23,230,2,Carbono/acido sulfurico,1,10,5806
23,230,3,Carbono/metano,0.942174,9,1837
23,230,4,Silicio/agua,0.980526,10,9181
23,230,5,Silicio/acido sulfurico,1,10,6361
23,235,0,Carbono/agua,0.98783,9,7388
23,235,1,Carbono/amonia,0.933425,7,2703
23,235,2,Carbono/acido sulfurico,1,10,6015
23,235,3,Carbono/metano,0.942174,9,1908
23,235,4,Silicio/agua,0.980526,10,9738
23,235,5,Silicio/acido sulfurico,1,10,6587
23,240,0,Carbono/agua,0.98783,9,7924
23,240,1,Carbono/amonia,0.933425,7,2814
23,240,2,Carbono/acido sulfurico,1,10,6221
23,240,3,Carbono/metano,0.942174,10,1978
23,240,4,Silicio/agua,0.980526,10,10295
23,240,5,Silicio/acido sulfurico,1,10,6814
23,245,0,Carbono/agua,0.98783,9,8460
23,245,1,Carbono/amonia,0.933425,8,2924
23,245,2,Carbono/acido sulfurico,1,10,6427
23,245,3,Carbono/metano,0.942174,10,2048
23,245,4,Silicio/agua,0.980526,10,10851
23,245,5,Silicio/acido sulfurico,1,10,7041
23,250,0,Carbono/agua,0.98783,9,8996
23,250,1,Carbono/amonia,0.933425,9,3035
23,250,2,Carbono/acido sulfurico,1,10,6633
23,250,3,Carbono/metano,0.942174,10,2119
23,250,4,Silicio/agua,0.980526,10,11408
23,250,5,Silicio/acido sulfurico,1,10,7198
23,255,0,Carbono/agua,0.98783,9,9533
23,255,1,Carbono/amonia,0.933425,9,3146
23,255,2,Carbono/acido sulfurico,1,10,6840
23,255,3,Carbono/metano,0.942174,10,2191
23,255,4,Silicio/agua,0.980526,10,11963
23,255,5,Silicio/acido sulfurico,1,10,7311
23,260,0,Carbono/agua,0.98783,9,10069
23,260,1,Carbono/amonia,0.933425,7,3246
23,260,2,Carbono/acido sulfurico,1,10,7047
23,260,3,Carbono/metano,0.942174,10,2261
23,260,4,Silicio/agua,1,10,12518
23,260,5,Silicio/acido sulfurico,1,10,7426
23,265,0,Carbono/agua,0.98783,9,10604
23,265,1,Carbono/amonia,0.933425,8,3301
23,265,2,Carbono/acido sulfurico,1,10,7252
23,265,3,Carbono/metano,0.942174,10,2334
23,265,4,Silicio/agua,1,10,13074
23,265,5,Silicio/acido sulfurico,1,10,7540
23,270,0,Carbono/agua,0.98783,9,11140
23,270,1,Carbono/amonia,0.933425,9,3356
23,270,2,Carbono/acido sulfurico,1,10,7459
23,270,3,Carbono/metano,0.942174,10,2406
23,270,4,Silicio/agua,1,10,13631
23,270,5,Silicio/acido sulfurico,1,10,7652
23,275,0,Carbono/agua,0.98783,9,11676
23,275,1,Carbono/amonia,0.933425,9,3412
23,275,2,Carbono/acido sulfurico,1,10,7666
23,275,3,Carbono/metano,0.946238,10,2477
23,275,4,Silicio/agua,1,10,14188
23,275,5,Silicio/acido sulfurico,1,10,7856
23,280,0,Carbono/agua,0.98783,9,12213
23,280,1,Carbono/amonia,0.933425,9,3469
23,280,2,Carbono/acido sulfurico,1,10,7872
23,280,3,Carbono/metano,0.946238,10,2547
23,280,4,Silicio/agua,1,10,14743
23,280,5,Silicio/acido sulfurico,1,10,8081
23,285,0,Carbono/agua,0.98783,9,12750
23,285,1,Carbono/amonia,0.933425,10,3547
23,285,2,Carbono/acido sulfurico,1,10,8078
23,285,3,Carbono/metano,0.946238,10,2618
23,285,4,Silicio/agua,1,10,15302
23,285,5,Silicio/acido sulfurico,1,10,8306
23,290,0,Carbono/agua,0.98783,9,13286
23,290,1,Carbono/amonia,0.974186,10,3657
23,290,2,Carbono/acido sulfurico,1,10,8283
23,290,3,Carbono/metano,0.946238,10,2688
23,290,4,Silicio/agua,1,10,15857
23,290,5,Silicio/acido sulfurico,1,10,8532
23,295,0,Carbono/agua,0.98783,9,13823
23,295,1,Carbono/amonia,0.974186,10,3769
23,295,2,Carbono/acido sulfurico,1,10,8489
23,295,3,Carbono/metano,0.946238,10,2759
23,295,4,Silicio/agua,1,10,16413
23,295,5,Silicio/acido sulfurico,1,10,8759
23,300,0,Carbono/agua,0.98783,9,14359
23,300,1,Carbono/amonia,0.974186,10,3881
23,300,2,Carbono/acido sulfurico,1,10,8696
23,300,3,Carbono/metano,0.946238,10,2831
23,300,4,Silicio/agua,1,10,16970
23,300,5,Silicio/acido sulfurico,1,10,8987
24,0,0,Carbono/agua,0.638714,2,2
24,0,1,Carbono/amonia,0.450888,1,1
24,0,2,Carbono/acido sulfurico,0.604092,1,2
24,0,3,Carbono/metano,0.511245,1,1
24,0,4,Silicio/agua,0.60742,2,2
24,0,5,Silicio/acido sulfurico,0.489244,1,3
24,5,0,Carbono/agua,0.754638,4,13
24,5,1,Carbono/amonia,0.682863,3,7
24,5,2,Carbono/acido sulfurico,0.620555,1,17
24,5,3,Carbono/metano,0.573371,1,6
24,5,4,Silicio/agua,0.60742,2,13
24,5,5,Silicio/acido sulfurico,0.60817,1,19
24,10,0,Carbono/agua,0.785267,4,27
24,10,1,Carbono/amonia,0.802751,4,13
24,10,2,Carbono/acido sulfurico,0.74684,2,35
24,10,3,Carbono/metano,0.573371,1,11
24,10,4,Silicio/agua,0.694407,4,27
24,10,5,Silicio/acido sulfurico,0.720677,2,36
24,15,0,Carbono/agua,0.785267,5,42
24,15,1,Carbono/amonia,0.802751,4,22
24,15,2,Carbono/acido sulfurico,0.74684,2,51
24,15,3,Carbono/metano,0.674241,2,18
24,15,4,Silicio/agua,0.748121,4,42
24,15,5,Silicio/acido sulfurico,0.720908,4,54
24,20,0,Carbono/agua,0.785267,5,58
24,20,1,Carbono/amonia,0.802751,4,34
24,20,2,Carbono/acido sulfurico,0.817286,2,71
24,20,3,Carbono/metano,0.674241,2,24
24,20,4,Silicio/agua,0.748121,4,57
24,20,5,Silicio/acido sulfurico,0.745164,4,75
24,25,0,Carbono/agua,0.785267,5,73
24,25,1,Carbono/amonia,0.802751,4,47
24,25,2,Carbono/acido sulfurico,0.817286,2,91
24,25,3,Carbono/metano,0.674241,3,32
24,25,4,Silicio/agua,0.748121,5,76
24,25,5,Silicio/acido sulfurico,0.747118,6,99
24,30,0,Carbono/agua,0.785267,5,91
24,30,1,Carbono/amonia,0.802751,4,59
24,30,2,Carbono/acido sulfurico,0.817286,2,115
24,30,3,Carbono/metano,0.674241,3,38
24,30,4,Silicio/agua,0.785708,6,95
24,30,5,Silicio/acido sulfurico,0.78688,7,125
24,35,0,Carbono/agua,0.797633,5,111
24,35,1,Carbono/amonia,0.802751,4,73
24,35,2,Carbono/acido sulfurico,0.817286,2,141
24,35,3,Carbono/metano,0.674241,3,47
24,35,4,Silicio/agua,0.785708,6,115
24,35,5,Silicio/acido sulfurico,0.78688,7,155
24,40,0,Carbono/agua,0.797633,5,133
24,40,1,Carbono/amonia,0.802751,5,88
24,40,2,Carbono/acido sulfurico,0.817286,2,171
24,40,3,Carbono/metano,0.674241,3,57
24,40,4,Silicio/agua,0.801486,7,140
24,40,5,Silicio/acido sulfurico,0.78688,7,187
24,45,0,Carbono/agua,0.812423,5,158
24,45,1,Carbono/amonia,0.802751,7,104
24,45,2,Carbono/acido sulfurico,0.817286,3,203
24,45,3,Carbono/metano,0.674241,3,68
24,45,4,Silicio/agua,0.803021,7,167
24,45,5,Silicio/acido sulfurico,0.78688,8,224
24,50,0,Carbono/agua,0.838482,5,184
24,50,1,Carbono/amonia,0.826393,8,124
24,50,2,Carbono/acido sulfurico,0.853378,3,239
24,50,3,Carbono/metano,0.674241,3,81
24,50,4,Silicio/agua,0.858442,7,196
24,50,5,Silicio/acido sulfurico,0.836075,8,264
24,55,0,Carbono/agua,0.838482,5,216
24,55,1,Carbono/amonia,0.853539,8,144
24,55,2,Carbono/acido sulfurico,0.853378,3,277
24,55,3,Carbono/metano,0.735222,3,95
24,55,4,Silicio/agua,0.858442,7,227
24,55,5,Silicio/acido sulfurico,0.852074,8,308
24,60,0,Carbono/agua,0.838482,5,249
24,60,1,Carbono/amonia,0.875879,8,167
24,60,2,Carbono/acido sulfurico,0.853378,3,321
24,60,3,Carbono/metano,0.735222,5,109
24,60,4,Silicio/agua,0.877589,7,262
24,60,5,Silicio/acido sulfurico,0.852074,8,355
24,65,0,Carbono/agua,0.841525,5,286
24,65,1,Carbono/amonia,0.905288,8,195
24,65,2,Carbono/acido sulfurico,0.853378,3,370
24,65,3,Carbono/metano,0.735222,5,125
24,65,4,Silicio/agua,0.877589,7,299
24,65,5,Silicio/acido sulfurico,0.852074,8,407
24,70,0,Carbono/agua,0.841525,5,326
24,70,1,Carbono/amonia,0.905288,8,225
24,70,2,Carbono/acido sulfurico,0.853378,3,422
24,70,3,Carbono/metano,0.735222,5,145
24,70,4,Silicio/agua,0.877589,7,342
24,70,5,Silicio/acido sulfurico,0.89156,8,466
24,75,0,Carbono/agua,0.86015,6,372
24,75,1,Carbono/amonia,0.905288,8,256
24,75,2,Carbono/acido sulfurico,0.86664,3,481
24,75,3,Carbono/metano,0.735222,5,165
24,75,4,Silicio/agua,0.963504,9,390
24,75,5,Silicio/acido sulfurico,0.935204,8,531
24,80,0,Carbono/agua,0.86015,6,422
24,80,1,Carbono/amonia,0.905288,8,289
24,80,2,Carbono/acido sulfurico,0.86664,4,545
24,80,3,Carbono/metano,0.805961,5,188
24,80,4,Silicio/agua,0.963504,9,441
24,80,5,Silicio/acido sulfurico,0.938172,8,602
24,85,0,Carbono/agua,0.884813,6,477
24,85,1,Carbono/amonia,0.905288,8,328
24,85,2,Carbono/acido sulfurico,0.86664,4,615
24,85,3,Carbono/metano,0.805961,6,213
24,85,4,Silicio/agua,0.982376,10,498
24,85,5,Silicio/acido sulfurico,0.938172,8,680
24,90,0,Carbono/agua,0.897013,6,537
24,90,1,Carbono/amonia,0.905288,8,371
24,90,2,Carbono/acido sulfurico,0.86664,5,692
24,90,3,Carbono/metano,0.805961,6,240
24,90,4,Silicio/agua,0.982376,10,562
24,90,5,Silicio/acido sulfurico,0.944082,8,765
24,95,0,Carbono/agua,0.897013,6,605
24,95,1,Carbono/amonia,0.905288,9,418
24,95,2,Carbono/acido sulfurico,0.880483,5,778
24,95,3,Carbono/metano,0.805961,7,270
24,95,4,Silicio/agua,0.982376,10,631
24,95,5,Silicio/acido sulfurico,0.979893,8,860
24,100,0,Carbono/agua,0.899185,6,679
24,100,1,Carbono/amonia,0.925192,9,469
24,100,2,Carbono/acido sulfurico,0.880483,5,874
24,100,3,Carbono/metano,0.833609,8,301
24,100,4,Silicio/agua,1,10,709
24,100,5,Silicio/acido sulfurico,0.979893,8,965
24,105,0,Carbono/agua,0.899185,6,761
24,105,1,Carbono/amonia,0.925192,9,526
24,105,2,Carbono/acido sulfurico,0.880483,5,979
24,105,3,Carbono/metano,0.884805,8,339
24,105,4,Silicio/agua,1,10,794
24,105,5,Silicio/acido sulfurico,0.979893,8,1081
24,110,0,Carbono/agua,0.899185,5,814
24,110,1,Carbono/amonia,0.945589,9,588
24,110,2,Carbono/acido sulfurico,0.880483,7,1096
24,110,3,Carbono/metano,0.884805,9,379
24,110,4,Silicio/agua,1,10,888
24,110,5,Silicio/acido sulfurico,0.979893,8,1209
24,115,0,Carbono/agua,0.899185,5,863
24,115,1,Carbono/amonia,0.945589,9,658
24,115,2,Carbono/acido sulfurico,0.880483,7,1225
24,115,3,Carbono/metano,0.884805,9,424
24,115,4,Silicio/agua,1,10,993
24,115,5,Silicio/acido sulfurico,0.98602,8,1351
24,120,0,Carbono/agua,0.899185,5,921
24,120,1,Carbono/amonia,0.945589,10,736
24,120,2,Carbono/acido sulfurico,0.880483,8,1367
24,120,3,Carbono/metano,0.905685,9,474
24,120,4,Silicio/agua,1,10,1108
24,120,5,Silicio/acido sulfurico,0.98602,8,1508
24,125,0,Carbono/agua,0.899185,5,982
24,125,1,Carbono/amonia,0.948241,10,819
24,125,2,Carbono/acido sulfurico,0.895857,8,1525
24,125,3,Carbono/metano,0.905685,9,528
24,125,4,Silicio/agua,1,10,1237
24,125,5,Silicio/acido sulfurico,0.98602,8,1679
24,130,0,Carbono/agua,0.910797,5,1049
24,130,1,Carbono/amonia,0.968587,10,913
24,130,2,Carbono/acido sulfurico,0.895857,8,1699
24,130,3,Carbono/metano,0.915712,9,588
24,130,4,Silicio/agua,1,10,1377
24,130,5,Silicio/acido sulfurico,0.98602,8,1869
24,135,0,Carbono/agua,0.910797,5,1198
24,135,1,Carbono/amonia,0.98783,10,1016
24,135,2,Carbono/acido sulfurico,0.89904,8,1891
24,135,3,Carbono/metano,0.924353,9,655
24,135,4,Silicio/agua,1,10,1533
24,135,5,Silicio/acido sulfurico,0.98602,8,2078
24,140,0,Carbono/agua,0.920206,5,1364
24,140,1,Carbono/amonia,0.98783,10,1127
24,140,2,Carbono/acido sulfurico,0.909076,9,2097
24,140,3,Carbono/metano,0.934884,10,726
24,140,4,Silicio/agua,1,10,1704
24,140,5,Silicio/acido sulfurico,0.98602,9,2302
24,145,0,Carbono/agua,0.920206,6,1546
24,145,1,Carbono/amonia,0.98783,10,1240
24,145,2,Carbono/acido sulfurico,0.956841,9,2303
24,145,3,Carbono/metano,0.934884,10,798
24,145,4,Silicio/agua,1,10,1893
24,145,5,Silicio/acido sulfurico,0.98783,9,2527
24,150,0,Carbono/agua,0.920206,7,1747
24,150,1,Carbono/amonia,0.98783,10,1350
24,150,2,Carbono/acido sulfurico,0.959598,9,2509
24,150,3,Carbono/metano,0.934884,10,870
24,150,4,Silicio/agua,1,10,2103
24,150,5,Silicio/acido sulfurico,0.98783,9,2754
24,155,0,Carbono/agua,0.920206,7,1970
24,155,1,Carbono/amonia,0.98783,10,1461
24,155,2,Carbono/acido sulfurico,0.959598,9,2714
24,155,3,Carbono/metano,0.954291,10,940
24,155,4,Silicio/agua,1,10,2334
24,155,5,Silicio/acido sulfurico,0.98783,9,2979
24,160,0,Carbono/agua,0.920206,7,2215
24,160,1,Carbono/amonia,0.98783,10,1571
24,160,2,Carbono/acido sulfurico,0.959598,9,2921
24,160,3,Carbono/metano,0.954291,10,1013
24,160,4,Silicio/agua,1,10,2589
24,160,5,Silicio/acido sulfurico,0.98783,9,3205
24,165,0,Carbono/agua,0.920206,7,2485
24,165,1,Carbono/amonia,0.98783,10,1683
24,165,2,Carbono/acido sulfurico,0.959598,9,3126
24,165,3,Carbono/metano,0.954291,10,1083
24,165,4,Silicio/agua,1,10,2870
24,165,5,Silicio/acido sulfurico,0.98783,9,3430
24,170,0,Carbono/agua,0.920206,8,2783
24,170,1,Carbono/amonia,0.98783,10,1793
24,170,2,Carbono/acido sulfurico,0.959598,9,3331
24,170,3,Carbono/metano,0.954291,10,1154
24,170,4,Silicio/agua,1,10,3181
24,170,5,Silicio/acido sulfurico,0.98783,9,3655
24,175,0,Carbono/agua,0.920206,8,3111
24,175,1,Carbono/amonia,0.98783,10,1903
24,175,2,Carbono/acido sulfurico,0.959598,9,3537
24,175,3,Carbono/metano,0.959315,10,1224
24,175,4,Silicio/agua,1,10,3524
24,175,5,Silicio/acido sulfurico,0.98783,9,3882
24,180,0,Carbono/agua,0.920206,8,3474
24,180,1,Carbono/amonia,0.98783,10,2014
24,180,2,Carbono/acido sulfurico,0.959598,9,3743
24,180,3,Carbono/metano,0.959315,10,1296
24,180,4,Silicio/agua,1,10,3902
24,180,5,Silicio/acido sulfurico,0.98783,9,4107
24,185,0,Carbono/agua,0.920206,8,3876
24,185,1,Carbono/amonia,0.98783,10,2126
24,185,2,Carbono/acido sulfurico,0.976647,9,3949
24,185,3,Carbono/metano,0.959315,10,1368
24,185,4,Silicio/agua,1,10,4318
24,185,5,Silicio/acido sulfurico,0.98783,9,4336
24,190,0,Carbono/agua,0.920206,10,4319
24,190,1,Carbono/amonia,0.98783,10,2237
24,190,2,Carbono/acido sulfurico,0.976647,9,4154
24,190,3,Carbono/metano,0.959315,10,1440
24,190,4,Silicio/agua,1,10,4778
24,190,5,Silicio/acido sulfurico,0.98783,9,4562
24,195,0,Carbono/agua,0.920206,10,4809
24,195,1,Carbono/amonia,0.98783,10,2350
24,195,2,Carbono/acido sulfurico,0.982287,9,4360
24,195,3,Carbono/metano,0.959315,10,1512
24,195,4,Silicio/agua,1,10,5288
24,195,5,Silicio/acido sulfurico,0.98783,9,4788
24,200,0,Carbono/agua,0.929922,10,5341
24,200,1,Carbono/amonia,0.98783,10,2462
24,200,2,Carbono/acido sulfurico,0.982287,9,4566
24,200,3,Carbono/metano,0.959315,10,1584
24,200,4,Silicio/agua,1,10,5839
24,200,5,Silicio/acido sulfurico,0.98783,9,5016
24,205,0,Carbono/agua,0.956841,10,5876
24,205,1,Carbono/amonia,0.98783,10,2573
24,205,2,Carbono/acido sulfurico,0.98783,9,4774
24,205,3,Carbono/metano,0.959315,10,1656
24,205,4,Silicio/agua,1,10,6398
24,205,5,Silicio/acido sulfurico,0.98783,9,5242
24,210,0,Carbono/agua,0.959598,10,6411
24,210,1,Carbono/amonia,0.98783,10,2686
24,210,2,Carbono/acido sulfurico,0.98783,9,4981
24,210,3,Carbono/metano,0.959315,10,1726
24,210,4,Silicio/agua,1,10,6953
24,210,5,Silicio/acido sulfurico,0.98783,9,5467
24,215,0,Carbono/agua,0.965586,10,6947
24,215,1,Carbono/amonia,0.970008,9,2754
24,215,2,Carbono/acido sulfurico,0.98783,9,5188
24,215,3,Carbono/metano,0.959315,10,1799
24,215,4,Silicio/agua,1,10,7510
24,215,5,Silicio/acido sulfurico,0.98783,9,5692
24,220,0,Carbono/agua,0.965586,10,7483
24,220,1,Carbono/amonia,0.970008,9,2810
24,220,2,Carbono/acido sulfurico,0.98783,9,5393
24,220,3,Carbono/metano,0.968614,10,1871
24,220,4,Silicio/agua,1,10,8065
24,220,5,Silicio/acido sulfurico,0.98783,9,5917
24,225,0,Carbono/agua,0.965586,10,8019
24,225,1,Carbono/amonia,0.98783,9,2865
24,225,2,Carbono/acido sulfurico,0.98783,9,5599
24,225,3,Carbono/metano,0.968614,10,1943
24,225,4,Silicio/agua,1,10,8622
24,225,5,Silicio/acido sulfurico,0.98783,9,6142
24,230,0,Carbono/agua,0.965586,10,8556
24,230,1,Carbono/amonia,0.98783,9,2921
24,230,2,Carbono/acido sulfurico,0.98783,9,5804
24,230,3,Carbono/metano,0.980526,10,2014
24,230,4,Silicio/agua,1,10,9178
24,230,5,Silicio/acido sulfurico,0.98783,10,6370
24,235,0,Carbono/agua,0.965586,10,9092
24,235,1,Carbono/amonia,0.98783,9,2976
24,235,2,Carbono/acido sulfurico,0.98783,9,6009
24,235,3,Carbono/metano,0.980526,10,2086
24,235,4,Silicio/agua,1,10,9736
24,235,5,Silicio/acido sulfurico,0.98783,10,6595
24,240,0,Carbono/agua,0.965586,10,9629
24,240,1,Carbono/amonia,0.98783,9,3087
24,240,2,Carbono/acido sulfurico,0.98783,9,6215
24,240,3,Carbono/metano,0.980526,10,2156
24,240,4,Silicio/agua,1,10,10292
24,240,5,Silicio/acido sulfurico,0.98783,10,6820
24,245,0,Carbono/agua,0.965586,10,10164
24,245,1,Carbono/amonia,0.98783,9,3199
24,245,2,Carbono/acido sulfurico,0.98783,9,6422
24,245,3,Carbono/metano,0.980526,10,2226
24,245,4,Silicio/agua,1,10,10848
24,245,5,Silicio/acido sulfurico,0.98783,10,7045
24,250,0,Carbono/agua,0.965586,10,10700
24,250,1,Carbono/amonia,0.98783,9,3310
24,250,2,Carbono/acido sulfurico,0.98783,9,6628
24,250,3,Carbono/metano,0.980526,10,2297
24,250,4,Silicio/agua,1,10,11404
24,250,5,Silicio/acido sulfurico,0.98783,10,7270
24,255,0,Carbono/agua,0.965586,10,11236
24,255,1,Carbono/amonia,0.98783,9,3421
24,255,2,Carbono/acido sulfurico,0.98783,9,6833
24,255,3,Carbono/metano,0.980526,10,2369
24,255,4,Silicio/agua,1,10,11960
24,255,5,Silicio/acido sulfurico,0.98783,10,7495
24,260,0,Carbono/agua,0.965586,10,11772
24,260,1,Carbono/amonia,0.98783,9,3532
24,260,2,Carbono/acido sulfurico,0.98783,9,7038
24,260,3,Carbono/metano,0.980526,10,2440
24,260,4,Silicio/agua,1,10,12518
24,260,5,Silicio/acido sulfurico,0.98783,10,7721
24,265,0,Carbono/agua,0.965586,10,12309
24,265,1,Carbono/amonia,0.98783,9,3642
24,265,2,Carbono/acido sulfurico,0.98783,9,7244
24,265,3,Carbono/metano,0.980526,10,2511
24,265,4,Silicio/agua,1,10,13076
24,265,5,Silicio/acido sulfurico,0.98783,10,7946
24,270,0,Carbono/agua,0.965586,10,12845
24,270,1,Carbono/amonia,0.98783,9,3753
24,270,2,Carbono/acido sulfurico,0.98783,9,7450
24,270,3,Carbono/metano,0.980526,10,2582
24,270,4,Silicio/agua,1,10,13634
24,270,5,Silicio/acido sulfurico,0.98783,10,8173
24,275,0,Carbono/agua,0.965586,10,13381
24,275,1,Carbono/amonia,0.98783,9,3863
24,275,2,Carbono/acido sulfurico,0.98783,9,7658
24,275,3,Carbono/metano,0.980526,7,2638
24,275,4,Silicio/agua,1,10,14191
24,275,5,Silicio/acido sulfurico,0.98783,10,8398
24,280,0,Carbono/agua,0.965586,10,13917
24,280,1,Carbono/amonia,0.98783,9,3974
24,280,2,Carbono/acido sulfurico,0.98783,9,7863
24,280,3,Carbono/metano,0.980526,10,2674
24,280,4,Silicio/agua,1,10,14748
24,280,5,Silicio/acido sulfurico,0.98783,10,8623
24,285,0,Carbono/agua,0.965586,10,14453
24,285,1,Carbono/amonia,0.98783,9,4087
24,285,2,Carbono/acido sulfurico,0.98783,9,8070
24,285,3,Carbono/metano,0.959315,4,2710
24,285,4,Silicio/agua,1,10,15305
24,285,5,Silicio/acido sulfurico,0.98783,10,8848
24,290,0,Carbono/agua,0.965586,10,14991
24,290,1,Carbono/amonia,0.98783,9,4197
24,290,2,Carbono/acido sulfurico,0.98783,9,8276
24,290,3,Carbono/metano,0.959315,9,2745
24,290,4,Silicio/agua,1,10,15861
24,290,5,Silicio/acido sulfurico,0.98783,10,9074
24,295,0,Carbono/agua,0.965586,10,15529
24,295,1,Carbono/amonia,0.98783,9,4309
24,295,2,Carbono/acido sulfurico,0.98783,9,8481
24,295,3,Carbono/metano,0.959315,9,2781
24,295,4,Silicio/agua,1,10,16418
24,295,5,Silicio/acido sulfurico,0.98783,10,9299
24,300,0,Carbono/agua,0.965586,10,16066
24,300,1,Carbono/amonia,0.98783,9,4421
24,300,2,Carbono/acido sulfurico,0.98783,9,8686
24,300,3,Carbono/metano,0.959315,9,2817
24,300,4,Silicio/agua,1,10,16974
24,300,5,Silicio/acido sulfurico,0.98783,10,9525
25,0,0,Carbono/agua,0.4832,1,2
25,0,1,Carbono/amonia,0.596614,1,1
25,0,2,Carbono/acido sulfurico,0.713357,3,3
25,0,3,Carbono/metano,0.557157,1,1
25,0,4,Silicio/agua,0.565012,1,2
25,0,5,Silicio/acido sulfurico,0.526319,1,3
25,5,0,Carbono/agua,0.573601,2,15
25,5,1,Carbono/amonia,0.606926,1,8
25,5,2,Carbono/acido sulfurico,0.735519,3,18
25,5,3,Carbono/metano,0.624004,1,6
25,5,4,Silicio/agua,0.650451,4,15
25,5,5,Silicio/acido sulfurico,0.581957,1,20
25,10,0,Carbono/agua,0.573601,2,27
25,10,1,Carbono/amonia,0.6458,1,16
25,10,2,Carbono/acido sulfurico,0.773439,5,33
25,10,3,Carbono/metano,0.680312,1,12
25,10,4,Silicio/agua,0.660255,5,28
25,10,5,Silicio/acido sulfurico,0.597502,2,37
25,15,0,Carbono/agua,0.620867,2,40
25,15,1,Carbono/amonia,0.681019,2,24
25,15,2,Carbono/acido sulfurico,0.773439,5,50
25,15,3,Carbono/metano,0.693289,2,19
25,15,4,Silicio/agua,0.678116,5,42
25,15,5,Silicio/acido sulfurico,0.748806,4,56
25,20,0,Carbono/agua,0.644325,3,54
25,20,1,Carbono/amonia,0.681019,2,34
25,20,2,Carbono/acido sulfurico,0.773439,5,70
25,20,3,Carbono/metano,0.697865,2,25
25,20,4,Silicio/agua,0.690027,5,58
25,20,5,Silicio/acido sulfurico,0.748806,4,78
25,25,0,Carbono/agua,0.669353,3,73
25,25,1,Carbono/amonia,0.681019,2,46
25,25,2,Carbono/acido sulfurico,0.775018,6,94
25,25,3,Carbono/metano,0.697865,2,32
25,25,4,Silicio/agua,0.731106,6,75
25,25,5,Silicio/acido sulfurico,0.804037,4,102
25,30,0,Carbono/agua,0.669353,3,92
25,30,1,Carbono/amonia,0.695309,2,59
25,30,2,Carbono/acido sulfurico,0.775018,6,117
25,30,3,Carbono/metano,0.697865,3,39
25,30,4,Silicio/agua,0.731106,6,94
25,30,5,Silicio/acido sulfurico,0.804037,4,128
25,35,0,Carbono/agua,0.690481,3,113
25,35,1,Carbono/amonia,0.708256,3,74
25,35,2,Carbono/acido sulfurico,0.775018,6,144
25,35,3,Carbono/metano,0.697865,3,49
25,35,4,Silicio/agua,0.731106,6,116
25,35,5,Silicio/acido sulfurico,0.804037,5,157
25,40,0,Carbono/agua,0.696409,3,136
25,40,1,Carbono/amonia,0.708256,3,90
25,40,2,Carbono/acido sulfurico,0.829984,8,172
25,40,3,Carbono/metano,0.705567,4,59
25,40,4,Silicio/agua,0.731106,7,140
25,40,5,Silicio/acido sulfurico,0.80425,5,189
25,45,0,Carbono/agua,0.696409,4,162
25,45,1,Carbono/amonia,0.708256,3,107
25,45,2,Carbono/acido sulfurico,0.87516,10,203
25,45,3,Carbono/metano,0.705567,4,70
25,45,4,Silicio/agua,0.731106,7,167
25,45,5,Silicio/acido sulfurico,0.878773,5,224
25,50,0,Carbono/agua,0.754198,4,189
25,50,1,Carbono/amonia,0.708256,3,124
25,50,2,Carbono/acido sulfurico,0.876717,10,238
25,50,3,Carbono/metano,0.705567,4,81
25,50,4,Silicio/agua,0.731106,7,195
25,50,5,Silicio/acido sulfurico,0.878773,5,261
25,55,0,Carbono/agua,0.770448,4,219
25,55,1,Carbono/amonia,0.708256,3,147
25,55,2,Carbono/acido sulfurico,0.876717,10,277
25,55,3,Carbono/metano,0.705567,4,95
25,55,4,Silicio/agua,0.733879,7,229
25,55,5,Silicio/acido sulfurico,0.878773,6,304
25,60,0,Carbono/agua,0.787029,4,252
25,60,1,Carbono/amonia,0.71701,3,171
25,60,2,Carbono/acido sulfurico,0.917167,10,321
25,60,3,Carbono/metano,0.709959,4,110
25,60,4,Silicio/agua,0.829325,6,266
25,60,5,Silicio/acido sulfurico,0.878773,6,350
25,65,0,Carbono/agua,0.787029,4,290
25,65,1,Carbono/amonia,0.752489,3,198
25,65,2,Carbono/acido sulfurico,0.927377,10,369
25,65,3,Carbono/metano,0.712151,5,127
25,65,4,Silicio/agua,0.857612,8,284
25,65,5,Silicio/acido sulfurico,0.878773,6,403
25,70,0,Carbono/agua,0.819613,4,331
25,70,1,Carbono/amonia,0.752655,4,227
25,70,2,Carbono/acido sulfurico,0.927377,10,421
25,70,3,Carbono/metano,0.712151,5,145
25,70,4,Silicio/agua,0.857612,8,306
25,70,5,Silicio/acido sulfurico,0.878773,6,460
25,75,0,Carbono/agua,0.833297,4,377
25,75,1,Carbono/amonia,0.752655,4,258
25,75,2,Carbono/acido sulfurico,0.941052,10,480
25,75,3,Carbono/metano,0.713343,5,165
25,75,4,Silicio/agua,0.857612,8,328
25,75,5,Silicio/acido sulfurico,0.915316,6,523
25,80,0,Carbono/agua,0.840637,5,428
25,80,1,Carbono/amonia,0.76324,4,293
25,80,2,Carbono/acido sulfurico,0.944247,10,545
25,80,3,Carbono/metano,0.729088,4,179
25,80,4,Silicio/agua,0.952745,8,354
25,80,5,Silicio/acido sulfurico,0.918801,6,593
25,85,0,Carbono/agua,0.865265,6,486
25,85,1,Carbono/amonia,0.800174,5,332
25,85,2,Carbono/acido sulfurico,0.944247,10,617
25,85,3,Carbono/metano,0.729088,4,193
25,85,4,Silicio/agua,0.952745,8,389
25,85,5,Silicio/acido sulfurico,0.918801,6,670
25,90,0,Carbono/agua,0.865265,6,547
25,90,1,Carbono/amonia,0.830042,6,374
25,90,2,Carbono/acido sulfurico,0.959315,10,697
25,90,3,Carbono/metano,0.743089,4,206
25,90,4,Silicio/agua,0.952745,8,454
25,90,5,Silicio/acido sulfurico,0.918801,6,757
25,95,0,Carbono/agua,0.91353,6,615
25,95,1,Carbono/amonia,0.830042,6,420
25,95,2,Carbono/acido sulfurico,0.959315,10,784
25,95,3,Carbono/metano,0.743089,4,221
25,95,4,Silicio/agua,0.952745,8,524
25,95,5,Silicio/acido sulfurico,0.918801,6,852
25,100,0,Carbono/agua,0.933388,6,690
25,100,1,Carbono/amonia,0.830042,9,472
25,100,2,Carbono/acido sulfurico,0.959315,10,878
25,100,3,Carbono/metano,0.743089,4,237
25,100,4,Silicio/agua,0.952745,8,603
25,100,5,Silicio/acido sulfurico,0.918801,6,957
25,105,0,Carbono/agua,0.957644,8,772
25,105,1,Carbono/amonia,0.944005,10,529
25,105,2,Carbono/acido sulfurico,0.959315,10,984
25,105,3,Carbono/metano,0.743089,4,274
25,105,4,Silicio/agua,0.952745,10,690
25,105,5,Silicio/acido sulfurico,0.918801,6,1071
25,110,0,Carbono/agua,0.98783,8,864
25,110,1,Carbono/amonia,0.944005,10,592
25,110,2,Carbono/acido sulfurico,0.959315,10,1102
25,110,3,Carbono/metano,0.743089,4,314
25,110,4,Silicio/agua,0.952745,10,783
25,110,5,Silicio/acido sulfurico,0.918801,6,1198
25,115,0,Carbono/agua,0.98783,8,965
25,115,1,Carbono/amonia,0.978179,10,662
25,115,2,Carbono/acido sulfurico,0.959315,10,1231
25,115,3,Carbono/metano,0.743089,4,358
25,115,4,Silicio/agua,0.952745,10,887
25,115,5,Silicio/acido sulfurico,0.918801,7,1340
25,120,0,Carbono/agua,0.98783,8,1075
25,120,1,Carbono/amonia,0.978179,10,740
25,120,2,Carbono/acido sulfurico,0.959315,10,1372
25,120,3,Carbono/metano,0.824621,5,408
25,120,4,Silicio/agua,0.952745,10,1003
25,120,5,Silicio/acido sulfurico,0.918801,7,1497
25,125,0,Carbono/agua,0.98783,8,1198
25,125,1,Carbono/amonia,0.978179,10,824
25,125,2,Carbono/acido sulfurico,0.959315,10,1529
25,125,3,Carbono/metano,0.88591,5,462
25,125,4,Silicio/agua,0.952745,10,1131
25,125,5,Silicio/acido sulfurico,0.918801,8,1670
25,130,0,Carbono/agua,0.98783,8,1334
25,130,1,Carbono/amonia,0.980526,10,918
25,130,2,Carbono/acido sulfurico,0.959315,10,1703
25,130,3,Carbono/metano,0.89333,7,522
25,130,4,Silicio/agua,0.952745,10,1272
25,130,5,Silicio/acido sulfurico,0.952665,9,1859
25,135,0,Carbono/agua,0.98783,7,1422
25,135,1,Carbono/amonia,0.983343,10,1021
25,135,2,Carbono/acido sulfurico,0.959315,10,1895
25,135,3,Carbono/metano,0.894841,9,588
25,135,4,Silicio/agua,0.952745,10,1426
25,135,5,Silicio/acido sulfurico,1,10,2068
25,140,0,Carbono/agua,0.98783,8,1504
25,140,1,Carbono/amonia,0.983343,10,1131
25,140,2,Carbono/acido sulfurico,0.959315,10,2100
25,140,3,Carbono/metano,0.922777,9,660
25,140,4,Silicio/agua,0.952745,10,1598
25,140,5,Silicio/acido sulfurico,1,10,2293
25,145,0,Carbono/agua,0.98783,8,1595
25,145,1,Carbono/amonia,0.983343,10,1242
25,145,2,Carbono/acido sulfurico,0.959315,10,2306
25,145,3,Carbono/metano,0.979893,9,731
25,145,4,Silicio/agua,0.952745,10,1787
25,145,5,Silicio/acido sulfurico,1,10,2520
25,150,0,Carbono/agua,0.98783,8,1695
25,150,1,Carbono/amonia,0.983343,10,1353
25,150,2,Carbono/acido sulfurico,0.959315,10,2511
25,150,3,Carbono/metano,0.979893,9,803
25,150,4,Silicio/agua,0.952745,10,1995
25,150,5,Silicio/acido sulfurico,1,10,2745
25,155,0,Carbono/agua,0.98783,8,1807
25,155,1,Carbono/amonia,0.983343,10,1464
25,155,2,Carbono/acido sulfurico,0.959315,10,2716
25,155,3,Carbono/metano,0.98602,9,874
25,155,4,Silicio/agua,0.953996,10,2225
25,155,5,Silicio/acido sulfurico,1,10,2970
25,160,0,Carbono/agua,0.98783,8,2053
25,160,1,Carbono/amonia,0.983343,10,1575
25,160,2,Carbono/acido sulfurico,0.959315,10,2924
25,160,3,Carbono/metano,0.98602,9,945
25,160,4,Silicio/agua,0.953996,10,2479
25,160,5,Silicio/acido sulfurico,1,10,3195
25,165,0,Carbono/agua,0.98783,9,2324
25,165,1,Carbono/amonia,0.983343,10,1686
25,165,2,Carbono/acido sulfurico,0.959315,10,3130
25,165,3,Carbono/metano,0.98602,9,1015
25,165,4,Silicio/agua,0.953996,10,2759
25,165,5,Silicio/acido sulfurico,1,10,3421
25,170,0,Carbono/agua,0.98783,9,2623
25,170,1,Carbono/amonia,0.988807,9,1775
25,170,2,Carbono/acido sulfurico,0.959315,10,3336
25,170,3,Carbono/metano,0.98602,9,1085
25,170,4,Silicio/agua,0.959315,8,3039
25,170,5,Silicio/acido sulfurico,1,10,3646
25,175,0,Carbono/agua,0.98783,9,2955
25,175,1,Carbono/amonia,0.988807,9,1830
25,175,2,Carbono/acido sulfurico,0.959315,10,3541
25,175,3,Carbono/metano,0.98602,9,1156
25,175,4,Silicio/agua,0.959315,9,3211
25,175,5,Silicio/acido sulfurico,1,10,3874
25,180,0,Carbono/agua,0.98783,9,3318
25,180,1,Carbono/amonia,0.988807,10,1886
25,180,2,Carbono/acido sulfurico,0.959315,10,3746
25,180,3,Carbono/metano,0.98602,9,1226
25,180,4,Silicio/agua,0.959315,9,3399
25,180,5,Silicio/acido sulfurico,1,10,4100
25,185,0,Carbono/agua,0.98783,10,3720
25,185,1,Carbono/amonia,0.988807,10,1941
25,185,2,Carbono/acido sulfurico,0.959315,10,3951
25,185,3,Carbono/metano,0.98602,9,1297
25,185,4,Silicio/agua,0.959315,9,3608
25,185,5,Silicio/acido sulfurico,1,10,4327
25,190,0,Carbono/agua,0.98783,10,4164
25,190,1,Carbono/amonia,0.988807,10,1996
25,190,2,Carbono/acido sulfurico,0.959315,10,4157
25,190,3,Carbono/metano,0.98602,9,1367
25,190,4,Silicio/agua,0.959315,10,3839
25,190,5,Silicio/acido sulfurico,1,10,4554
25,195,0,Carbono/agua,0.98783,10,4654
25,195,1,Carbono/amonia,0.988807,10,2085
25,195,2,Carbono/acido sulfurico,0.959315,10,4363
25,195,3,Carbono/metano,0.98602,9,1438
25,195,4,Silicio/agua,0.959315,10,4198
25,195,5,Silicio/acido sulfurico,1,10,4781
25,200,0,Carbono/agua,0.98783,10,5187
25,200,1,Carbono/amonia,1,10,2197
25,200,2,Carbono/acido sulfurico,0.959315,10,4570
25,200,3,Carbono/metano,0.98602,9,1510
25,200,4,Silicio/agua,0.959315,10,4750
25,200,5,Silicio/acido sulfurico,1,10,5007
25,205,0,Carbono/agua,0.98783,10,5723
25,205,1,Carbono/amonia,1,10,2308
25,205,2,Carbono/acido sulfurico,0.959315,10,4776
25,205,3,Carbono/metano,0.98602,9,1582
25,205,4,Silicio/agua,0.959315,10,5307
25,205,5,Silicio/acido sulfurico,1,10,5233
25,210,0,Carbono/agua,0.98783,10,6260
25,210,1,Carbono/amonia,1,10,2420
25,210,2,Carbono/acido sulfurico,0.959315,10,4981
25,210,3,Carbono/metano,0.98602,9,1654
25,210,4,Silicio/agua,0.959315,10,5863
25,210,5,Silicio/acido sulfurico,1,10,5459
25,215,0,Carbono/agua,0.98783,10,6796
25,215,1,Carbono/amonia,1,10,2530
25,215,2,Carbono/acido sulfurico,0.959315,10,5186
25,215,3,Carbono/metano,0.98602,9,1725
25,215,4,Silicio/agua,0.959315,10,6420
25,215,5,Silicio/acido sulfurico,1,10,5686
25,220,0,Carbono/agua,0.98783,10,7332
25,220,1,Carbono/amonia,1,10,2641
25,220,2,Carbono/acido sulfurico,0.959315,10,5391
25,220,3,Carbono/metano,0.98602,9,1795
25,220,4,Silicio/agua,0.959315,10,6976
25,220,5,Silicio/acido sulfurico,1,10,5912
25,225,0,Carbono/agua,0.98783,10,7867
25,225,1,Carbono/amonia,1,10,2753
25,225,2,Carbono/acido sulfurico,0.959315,10,5597
25,225,3,Carbono/metano,0.98602,6,1844
25,225,4,Silicio/agua,0.959315,10,7532
25,225,5,Silicio/acido sulfurico,1,10,6137
25,230,0,Carbono/agua,0.98783,10,8403
25,230,1,Carbono/amonia,1,6,2864
25,230,2,Carbono/acido sulfurico,0.964778,10,5803
25,230,3,Carbono/metano,0.98602,8,1879
25,230,4,Silicio/agua,0.959315,10,8089
25,230,5,Silicio/acido sulfurico,1,10,6362
25,235,0,Carbono/agua,0.98783,10,8938
25,235,1,Carbono/amonia,1,10,2921
25,235,2,Carbono/acido sulfurico,0.964778,10,6010
25,235,3,Carbono/metano,0.98602,8,1916
25,235,4,Silicio/agua,0.959315,10,8648
25,235,5,Silicio/acido sulfurico,1,10,6587
25,240,0,Carbono/agua,0.98783,10,9474
25,240,1,Carbono/amonia,1,10,2976
25,240,2,Carbono/acido sulfurico,0.964778,10,6215
25,240,3,Carbono/metano,0.98602,8,1952
25,240,4,Silicio/agua,0.959315,10,9204
25,240,5,Silicio/acido sulfurico,1,10,6813
25,245,0,Carbono/agua,0.98783,10,10011
25,245,1,Carbono/amonia,1,10,3032
25,245,2,Carbono/acido sulfurico,0.968614,10,6422
25,245,3,Carbono/metano,0.98783,8,1987
25,245,4,Silicio/agua,0.959315,10,9761
25,245,5,Silicio/acido sulfurico,1,10,7039
25,250,0,Carbono/agua,0.98783,10,10549
25,250,1,Carbono/amonia,1,10,3090
25,250,2,Carbono/acido sulfurico,0.988807,10,6630
25,250,3,Carbono/metano,0.98783,8,2050
25,250,4,Silicio/agua,0.959315,10,10318
25,250,5,Silicio/acido sulfurico,1,10,7264
25,255,0,Carbono/agua,0.98783,10,11086
25,255,1,Carbono/amonia,1,10,3157
25,255,2,Carbono/acido sulfurico,0.988807,10,6837
25,255,3,Carbono/metano,0.98783,8,2123
25,255,4,Silicio/agua,0.959315,10,10875
25,255,5,Silicio/acido sulfurico,1,10,7489
25,260,0,Carbono/agua,0.98783,10,11623
25,260,1,Carbono/amonia,1,10,3268
25,260,2,Carbono/acido sulfurico,0.988807,10,7043
25,260,3,Carbono/metano,0.98783,8,2195
25,260,4,Silicio/agua,0.959315,10,11431
25,260,5,Silicio/acido sulfurico,1,10,7714
25,265,0,Carbono/agua,0.98783,10,12160
25,265,1,Carbono/amonia,1,10,3379
25,265,2,Carbono/acido sulfurico,0.988807,10,7250
25,265,3,Carbono/metano,0.98783,8,2266
25,265,4,Silicio/agua,0.959315,10,11988
25,265,5,Silicio/acido sulfurico,1,10,7939
25,270,0,Carbono/agua,0.98783,10,12699
25,270,1,Carbono/amonia,1,10,3491
25,270,2,Carbono/acido sulfurico,0.988807,10,7455
25,270,3,Carbono/metano,0.98783,8,2336
25,270,4,Silicio/agua,0.959315,10,12544
25,270,5,Silicio/acido sulfurico,1,10,8165
25,275,0,Carbono/agua,0.98783,10,13237
25,275,1,Carbono/amonia,1,10,3602
25,275,2,Carbono/acido sulfurico,0.988807,10,7662
25,275,3,Carbono/metano,0.98783,8,2408
25,275,4,Silicio/agua,0.959315,10,13099
25,275,5,Silicio/acido sulfurico,1,10,8391
25,280,0,Carbono/agua,0.98783,10,13772
25,280,1,Carbono/amonia,1,10,3712
25,280,2,Carbono/acido sulfurico,0.988807,10,7867
25,280,3,Carbono/metano,0.98783,8,2480
25,280,4,Silicio/agua,0.959315,10,13656
25,280,5,Silicio/acido sulfurico,1,10,8616
25,285,0,Carbono/agua,0.98783,10,14308
25,285,1,Carbono/amonia,1,10,3822
25,285,2,Carbono/acido sulfurico,0.988807,10,8073
25,285,3,Carbono/metano,0.98783,8,2552
25,285,4,Silicio/agua,0.959315,10,14212
25,285,5,Silicio/acido sulfurico,1,10,8842
25,290,0,Carbono/agua,0.98783,10,14843
25,290,1,Carbono/amonia,1,10,3934
25,290,2,Carbono/acido sulfurico,0.988807,10,8279
25,290,3,Carbono/metano,0.98783,8,2622
25,290,4,Silicio/agua,0.959315,10,14771
25,290,5,Silicio/acido sulfurico,1,10,9068
25,295,0,Carbono/agua,0.98783,10,15379
25,295,1,Carbono/amonia,1,10,4045
25,295,2,Carbono/acido sulfurico,1,10,8486
25,295,3,Carbono/metano,0.98783,8,2694
25,295,4,Silicio/agua,0.959315,10,15328
25,295,5,Silicio/acido sulfurico,1,10,9294
25,300,0,Carbono/agua,0.98783,10,15914
25,300,1,Carbono/amonia,1,10,4155
25,300,2,Carbono/acido sulfurico,1,10,8691
25,300,3,Carbono/metano,0.98783,8,2765
25,300,4,Silicio/agua,0.963504,10,15883
25,300,5,Silicio/acido sulfurico,1,10,9520
26,0,0,Carbono/agua,0.66616,2,2
26,0,1,Carbono/amonia,0.542781,1,1
26,0,2,Carbono/acido sulfurico,0.562887,1,3
26,0,3,Carbono/metano,0.43984,1,1
26,0,4,Silicio/agua,0.739066,2,3
26,0,5,Silicio/acido sulfurico,0.521331,1,3
26,5,0,Carbono/agua,0.66616,2,16
26,5,1,Carbono/amonia,0.623779,2,8
26,5,2,Carbono/acido sulfurico,0.630135,2,17
26,5,3,Carbono/metano,0.586613,1,6
26,5,4,Silicio/agua,0.739066,3,14
26,5,5,Silicio/acido sulfurico,0.61428,1,19
26,10,0,Carbono/agua,0.768852,3,30
26,10,1,Carbono/amonia,0.7002,2,17
26,10,2,Carbono/acido sulfurico,0.676436,2,33
26,10,3,Carbono/metano,0.650563,1,11
26,10,4,Silicio/agua,0.739066,3,27
26,10,5,Silicio/acido sulfurico,0.61428,1,35
26,15,0,Carbono/agua,0.808125,6,45
26,15,1,Carbono/amonia,0.7002,2,27
26,15,2,Carbono/acido sulfurico,0.676436,2,49
26,15,3,Carbono/metano,0.650563,1,16
26,15,4,Silicio/agua,0.739066,4,41
26,15,5,Silicio/acido sulfurico,0.616826,1,55
26,20,0,Carbono/agua,0.811631,8,60
26,20,1,Carbono/amonia,0.75005,3,37
26,20,2,Carbono/acido sulfurico,0.734036,4,68
26,20,3,Carbono/metano,0.650563,1,22
26,20,4,Silicio/agua,0.739066,4,57
26,20,5,Silicio/acido sulfurico,0.616826,1,76
26,25,0,Carbono/agua,0.821966,8,79
26,25,1,Carbono/amonia,0.835976,4,48
26,25,2,Carbono/acido sulfurico,0.764614,5,89
26,25,3,Carbono/metano,0.675447,1,30
26,25,4,Silicio/agua,0.765553,4,75
26,25,5,Silicio/acido sulfurico,0.627121,1,100
26,30,0,Carbono/agua,0.821966,8,97
26,30,1,Carbono/amonia,0.835976,5,60
26,30,2,Carbono/acido sulfurico,0.798355,6,113
26,30,3,Carbono/metano,0.675447,2,40
26,30,4,Silicio/agua,0.765553,4,95
26,30,5,Silicio/acido sulfurico,0.645436,1,126
26,35,0,Carbono/agua,0.821966,8,117
26,35,1,Carbono/amonia,0.835976,5,74
26,35,2,Carbono/acido sulfurico,0.82131,6,140
26,35,3,Carbono/metano,0.739325,2,50
26,35,4,Silicio/agua,0.765553,4,115
26,35,5,Silicio/acido sulfurico,0.646525,1,155
26,40,0,Carbono/agua,0.821966,8,141
26,40,1,Carbono/amonia,0.835976,5,90
26,40,2,Carbono/acido sulfurico,0.839172,6,169
26,40,3,Carbono/metano,0.739325,2,60
26,40,4,Silicio/agua,0.770963,5,140
26,40,5,Silicio/acido sulfurico,0.725317,4,188
26,45,0,Carbono/agua,0.853068,8,166
26,45,1,Carbono/amonia,0.835976,5,107
26,45,2,Carbono/acido sulfurico,0.839172,6,202
26,45,3,Carbono/metano,0.739325,2,72
26,45,4,Silicio/agua,0.788484,5,165
26,45,5,Silicio/acido sulfurico,0.725317,4,223
26,50,0,Carbono/agua,0.856042,8,193
26,50,1,Carbono/amonia,0.843054,5,126
26,50,2,Carbono/acido sulfurico,0.839172,6,237
26,50,3,Carbono/metano,0.739325,3,85
26,50,4,Silicio/agua,0.79741,5,194
26,50,5,Silicio/acido sulfurico,0.830062,5,263
26,55,0,Carbono/agua,0.856042,8,223
26,55,1,Carbono/amonia,0.843054,6,148
26,55,2,Carbono/acido sulfurico,0.878058,6,276
26,55,3,Carbono/metano,0.740361,4,100
26,55,4,Silicio/agua,0.79741,5,226
26,55,5,Silicio/acido sulfurico,0.830062,5,306
26,60,0,Carbono/agua,0.893481,8,257
26,60,1,Carbono/amonia,0.843054,7,172
26,60,2,Carbono/acido sulfurico,0.878058,6,319
26,60,3,Carbono/metano,0.740361,4,115
26,60,4,Silicio/agua,0.79741,5,262
26,60,5,Silicio/acido sulfurico,0.855506,5,355
26,65,0,Carbono/agua,0.898012,8,294
26,65,1,Carbono/amonia,0.843054,7,197
26,65,2,Carbono/acido sulfurico,0.878204,6,368
26,65,3,Carbono/metano,0.752578,4,131
26,65,4,Silicio/agua,0.82212,5,301
26,65,5,Silicio/acido sulfurico,0.891603,5,405
26,70,0,Carbono/agua,0.898012,8,335
26,70,1,Carbono/amonia,0.884237,7,225
26,70,2,Carbono/acido sulfurico,0.878204,7,420
26,70,3,Carbono/metano,0.800879,4,151
26,70,4,Silicio/agua,0.82374,5,344
26,70,5,Silicio/acido sulfurico,0.891603,5,463
26,75,0,Carbono/agua,0.92366,8,380
26,75,1,Carbono/amonia,0.884237,7,257
26,75,2,Carbono/acido sulfurico,0.878204,8,480
26,75,3,Carbono/metano,0.800879,4,171
26,75,4,Silicio/agua,0.854079,6,392
26,75,5,Silicio/acido sulfurico,0.915622,5,526
26,80,0,Carbono/agua,0.92366,8,432
26,80,1,Carbono/amonia,0.919273,7,293
26,80,2,Carbono/acido sulfurico,0.878204,8,544
26,80,3,Carbono/metano,0.800879,5,193
26,80,4,Silicio/agua,0.940072,6,444
26,80,5,Silicio/acido sulfurico,0.915622,5,596
26,85,0,Carbono/agua,0.92366,10,488
26,85,1,Carbono/amonia,0.919273,7,330
26,85,2,Carbono/acido sulfurico,0.89363,8,616
26,85,3,Carbono/metano,0.800879,6,216
26,85,4,Silicio/agua,0.948589,6,501
26,85,5,Silicio/acido sulfurico,0.915848,5,674
26,90,0,Carbono/agua,0.929346,10,549
26,90,1,Carbono/amonia,0.919273,7,372
26,90,2,Carbono/acido sulfurico,0.89363,8,694
26,90,3,Carbono/metano,0.881949,7,243
26,90,4,Silicio/agua,0.948589,6,564
26,90,5,Silicio/acido sulfurico,0.915848,5,761
26,95,0,Carbono/agua,0.929346,10,617
26,95,1,Carbono/amonia,0.943695,7,418
26,95,2,Carbono/acido sulfurico,0.918801,8,781
26,95,3,Carbono/metano,0.881949,7,272
26,95,4,Silicio/agua,0.948589,6,635
26,95,5,Silicio/acido sulfurico,0.915848,6,856
26,100,0,Carbono/agua,0.932291,10,693
26,100,1,Carbono/amonia,0.943695,7,470
26,100,2,Carbono/acido sulfurico,0.918801,8,876
26,100,3,Carbono/metano,0.881949,7,305
26,100,4,Silicio/agua,0.948589,7,712
26,100,5,Silicio/acido sulfurico,0.915848,6,961
26,105,0,Carbono/agua,0.932291,10,775
26,105,1,Carbono/amonia,0.943695,7,526
26,105,2,Carbono/acido sulfurico,0.918801,8,981
26,105,3,Carbono/metano,0.92417,7,342
26,105,4,Silicio/agua,0.948589,7,799
26,105,5,Silicio/acido sulfurico,0.915848,6,1076
26,110,0,Carbono/agua,0.938937,10,865
26,110,1,Carbono/amonia,0.945589,8,589
26,110,2,Carbono/acido sulfurico,0.918801,8,1097
26,110,3,Carbono/metano,0.92417,7,382
26,110,4,Silicio/agua,0.958825,7,893
26,110,5,Silicio/acido sulfurico,0.915848,6,1203
26,115,0,Carbono/agua,0.938937,10,966
26,115,1,Carbono/amonia,0.956708,8,659
26,115,2,Carbono/acido sulfurico,0.918801,8,1225
26,115,3,Carbono/metano,0.92417,7,426
26,115,4,Silicio/agua,0.968587,7,999
26,115,5,Silicio/acido sulfurico,0.915848,6,1344
26,120,0,Carbono/agua,0.938937,10,1076
26,120,1,Carbono/amonia,0.963936,8,735
26,120,2,Carbono/acido sulfurico,0.918801,8,1367
26,120,3,Carbono/metano,0.953527,7,474
26,120,4,Silicio/agua,0.98783,7,1115
26,120,5,Silicio/acido sulfurico,0.915848,6,1501
26,125,0,Carbono/agua,0.942174,10,1200
26,125,1,Carbono/amonia,0.971104,8,819
26,125,2,Carbono/acido sulfurico,0.918801,8,1524
26,125,3,Carbono/metano,0.953527,7,528
26,125,4,Silicio/agua,0.98783,7,1242
26,125,5,Silicio/acido sulfurico,0.915848,7,1673
26,130,0,Carbono/agua,0.942174,10,1336
26,130,1,Carbono/amonia,0.971104,8,912
26,130,2,Carbono/acido sulfurico,0.918801,8,1697
26,130,3,Carbono/metano,0.953527,7,587
26,130,4,Silicio/agua,0.98783,7,1381
26,130,5,Silicio/acido sulfurico,0.915848,7,1863
26,135,0,Carbono/agua,0.942174,10,1487
26,135,1,Carbono/amonia,0.971104,8,1014
26,135,2,Carbono/acido sulfurico,0.918801,8,1888
26,135,3,Carbono/metano,0.954996,7,652
26,135,4,Silicio/agua,0.98783,7,1537
26,135,5,Silicio/acido sulfurico,0.915848,7,2073
26,140,0,Carbono/agua,0.942174,10,1653
26,140,1,Carbono/amonia,0.98783,8,1124
26,140,2,Carbono/acido sulfurico,0.918801,8,2093
26,140,3,Carbono/metano,0.954996,7,724
26,140,4,Silicio/agua,0.98783,7,1709
26,140,5,Silicio/acido sulfurico,0.915848,8,2297
26,145,0,Carbono/agua,0.944146,10,1835
26,145,1,Carbono/amonia,0.98783,8,1234
26,145,2,Carbono/acido sulfurico,0.918801,8,2300
26,145,3,Carbono/metano,0.963044,7,794
26,145,4,Silicio/agua,0.98783,6,1877
26,145,5,Silicio/acido sulfurico,0.926556,9,2522
26,150,0,Carbono/agua,0.944146,10,2036
26,150,1,Carbono/amonia,0.98783,8,1345
26,150,2,Carbono/acido sulfurico,0.918801,8,2505
26,150,3,Carbono/metano,0.963044,7,866
26,150,4,Silicio/agua,0.98783,8,1980
26,150,5,Silicio/acido sulfurico,0.926556,10,2749
26,155,0,Carbono/agua,0.944146,10,2258
26,155,1,Carbono/amonia,0.98783,8,1455
26,155,2,Carbono/acido sulfurico,0.918801,8,2711
26,155,3,Carbono/metano,0.971104,7,939
26,155,4,Silicio/agua,0.98783,8,2096
26,155,5,Silicio/acido sulfurico,0.926556,10,2975
26,160,0,Carbono/agua,0.954329,10,2503
26,160,1,Carbono/amonia,0.98783,8,1565
26,160,2,Carbono/acido sulfurico,0.918801,8,2917
26,160,3,Carbono/metano,0.971104,7,1009
26,160,4,Silicio/agua,0.98783,8,2224
26,160,5,Silicio/acido sulfurico,0.926556,10,3202
26,165,0,Carbono/agua,0.954329,10,2774
26,165,1,Carbono/amonia,0.98783,8,1675
26,165,2,Carbono/acido sulfurico,0.918801,8,3123
26,165,3,Carbono/metano,0.971104,7,1083
26,165,4,Silicio/agua,0.98783,8,2365
26,165,5,Silicio/acido sulfurico,0.940026,10,3428
26,170,0,Carbono/agua,0.954329,10,3073
26,170,1,Carbono/amonia,0.98783,8,1786
26,170,2,Carbono/acido sulfurico,0.918801,8,3329
26,170,3,Carbono/metano,0.971104,7,1154
26,170,4,Silicio/agua,0.98783,8,2584
26,170,5,Silicio/acido sulfurico,0.940026,10,3653
26,175,0,Carbono/agua,0.954329,10,3403
26,175,1,Carbono/amonia,0.98783,8,1899
26,175,2,Carbono/acido sulfurico,0.918801,8,3535
26,175,3,Carbono/metano,0.971104,7,1226
26,175,4,Silicio/agua,0.98783,8,2927
26,175,5,Silicio/acido sulfurico,0.957553,10,3879
26,180,0,Carbono/agua,0.954329,10,3767
26,180,1,Carbono/amonia,0.98783,8,2009
26,180,2,Carbono/acido sulfurico,0.918801,8,3743
26,180,3,Carbono/metano,0.971104,7,1298
26,180,4,Silicio/agua,0.98783,8,3303
26,180,5,Silicio/acido sulfurico,0.957553,10,4107
26,185,0,Carbono/agua,0.959315,10,4169
26,185,1,Carbono/amonia,0.98783,8,2119
26,185,2,Carbono/acido sulfurico,0.918801,8,3949
26,185,3,Carbono/metano,0.971104,7,1369
26,185,4,Silicio/agua,0.98783,8,3721
26,185,5,Silicio/acido sulfurico,0.983343,10,4334
26,190,0,Carbono/agua,0.959315,10,4614
26,190,1,Carbono/amonia,0.98783,9,2231
26,190,2,Carbono/acido sulfurico,0.918801,9,4154
26,190,3,Carbono/metano,0.971104,7,1443
26,190,4,Silicio/agua,0.98783,8,4181
26,190,5,Silicio/acido sulfurico,0.985403,10,4561
26,195,0,Carbono/agua,0.959315,10,5106
26,195,1,Carbono/amonia,0.98783,9,2343
26,195,2,Carbono/acido sulfurico,0.918801,10,4360
26,195,3,Carbono/metano,0.982287,7,1514
26,195,4,Silicio/agua,0.98783,8,4690
26,195,5,Silicio/acido sulfurico,1,10,4787
26,200,0,Carbono/agua,0.959315,10,5638
26,200,1,Carbono/amonia,0.98783,9,2456
26,200,2,Carbono/acido sulfurico,0.918801,10,4565
26,200,3,Carbono/metano,0.982287,7,1586
26,200,4,Silicio/agua,0.98783,9,5242
26,200,5,Silicio/acido sulfurico,1,10,5012
26,205,0,Carbono/agua,0.959315,10,6013
26,205,1,Carbono/amonia,0.98783,9,2567
26,205,2,Carbono/acido sulfurico,0.918801,10,4771
26,205,3,Carbono/metano,0.982287,7,1656
26,205,4,Silicio/agua,0.98783,10,5799
26,205,5,Silicio/acido sulfurico,1,10,5239
26,210,0,Carbono/agua,0.959315,10,6281
26,210,1,Carbono/amonia,0.98783,9,2677
26,210,2,Carbono/acido sulfurico,0.918801,10,4977
26,210,3,Carbono/metano,0.982287,7,1726
26,210,4,Silicio/agua,0.98783,10,6357
26,210,5,Silicio/acido sulfurico,1,10,5464
26,215,0,Carbono/agua,0.959315,10,6548
26,215,1,Carbono/amonia,0.98783,9,2788
26,215,2,Carbono/acido sulfurico,0.918801,10,5184
26,215,3,Carbono/metano,0.98783,7,1796
26,215,4,Silicio/agua,0.98783,9,6748
26,215,5,Silicio/acido sulfurico,1,10,5692
26,220,0,Carbono/agua,0.959315,10,6816
26,220,1,Carbono/amonia,0.98783,9,2898
26,220,2,Carbono/acido sulfurico,0.918801,10,5389
26,220,3,Carbono/metano,0.98783,7,1867
26,220,4,Silicio/agua,0.98783,10,7025
26,220,5,Silicio/acido sulfurico,1,10,5918
26,225,0,Carbono/agua,0.959315,10,7083
26,225,1,Carbono/amonia,0.98783,3,3010
26,225,2,Carbono/acido sulfurico,0.918801,10,5595
26,225,3,Carbono/metano,0.98783,7,1939
26,225,4,Silicio/agua,0.98783,10,7304
26,225,5,Silicio/acido sulfurico,1,10,6143
26,230,0,Carbono/agua,0.959315,10,7565
26,230,1,Carbono/amonia,0.98783,8,3066
26,230,2,Carbono/acido sulfurico,0.921738,10,5801
26,230,3,Carbono/metano,0.98783,7,2010
26,230,4,Silicio/agua,0.98783,10,7582
26,230,5,Silicio/acido sulfurico,1,10,6368
26,235,0,Carbono/agua,0.959315,10,8102
26,235,1,Carbono/amonia,0.98783,8,3123
26,235,2,Carbono/acido sulfurico,0.940641,10,6008
26,235,3,Carbono/metano,0.98783,7,2080
26,235,4,Silicio/agua,0.98783,10,7860
26,235,5,Silicio/acido sulfurico,1,10,6593
26,240,0,Carbono/agua,0.959315,10,8638
26,240,1,Carbono/amonia,0.98783,8,3179
26,240,2,Carbono/acido sulfurico,0.972836,10,6215
26,240,3,Carbono/metano,0.98783,7,2152
26,240,4,Silicio/agua,0.98783,10,8360
26,240,5,Silicio/acido sulfurico,1,10,6818
26,245,0,Carbono/agua,0.959315,10,9176
26,245,1,Carbono/amonia,0.98783,8,3234
26,245,2,Carbono/acido sulfurico,0.980526,10,6423
26,245,3,Carbono/metano,0.98783,7,2222
26,245,4,Silicio/agua,0.98783,10,8916
26,245,5,Silicio/acido sulfurico,1,10,7043
26,250,0,Carbono/agua,0.959315,10,9713
26,250,1,Carbono/amonia,0.98783,8,3302
26,250,2,Carbono/acido sulfurico,0.980526,10,6628
26,250,3,Carbono/metano,0.98783,7,2292
26,250,4,Silicio/agua,0.982287,5,9473
26,250,5,Silicio/acido sulfurico,1,10,7269
26,255,0,Carbono/agua,0.959315,10,10248
26,255,1,Carbono/amonia,0.98783,8,3412
26,255,2,Carbono/acido sulfurico,0.980526,10,6833
26,255,3,Carbono/metano,0.98783,7,2363
26,255,4,Silicio/agua,0.98602,10,9752
26,255,5,Silicio/acido sulfurico,1,10,7495
26,260,0,Carbono/agua,0.959315,10,10786
26,260,1,Carbono/amonia,0.98783,8,3524
26,260,2,Carbono/acido sulfurico,0.985403,10,7040
26,260,3,Carbono/metano,0.98783,7,2435
26,260,4,Silicio/agua,0.98602,10,10031
26,260,5,Silicio/acido sulfurico,1,10,7720
26,265,0,Carbono/agua,0.959315,10,11323
26,265,1,Carbono/amonia,0.98783,8,3635
26,265,2,Carbono/acido sulfurico,0.985403,10,7247
26,265,3,Carbono/metano,0.98783,7,2507
26,265,4,Silicio/agua,0.98783,10,10311
26,265,5,Silicio/acido sulfurico,1,10,7945
26,270,0,Carbono/agua,0.959315,10,11858
26,270,1,Carbono/amonia,0.98783,8,3745
26,270,2,Carbono/acido sulfurico,0.985403,10,7454
26,270,3,Carbono/metano,0.98783,7,2578
26,270,4,Silicio/agua,0.988807,10,10590
26,270,5,Silicio/acido sulfurico,1,10,8172
26,275,0,Carbono/agua,0.959315,10,12395
26,275,1,Carbono/amonia,0.98783,8,3857
26,275,2,Carbono/acido sulfurico,0.985403,10,7659
26,275,3,Carbono/metano,0.98783,7,2649
26,275,4,Silicio/agua,1,10,10924
26,275,5,Silicio/acido sulfurico,1,10,8399
26,280,0,Carbono/agua,0.959315,10,12931
26,280,1,Carbono/amonia,0.98783,8,3967
26,280,2,Carbono/acido sulfurico,0.985403,10,7865
26,280,3,Carbono/metano,0.98783,7,2720
26,280,4,Silicio/agua,1,10,11482
26,280,5,Silicio/acido sulfurico,1,10,8625
26,285,0,Carbono/agua,0.959315,10,13468
26,285,1,Carbono/amonia,0.98783,8,4077
26,285,2,Carbono/acido sulfurico,0.985403,10,8070
26,285,3,Carbono/metano,0.98783,7,2792
26,285,4,Silicio/agua,1,10,12039
26,285,5,Silicio/acido sulfurico,1,10,8850
26,290,0,Carbono/agua,0.959315,10,14006
26,290,1,Carbono/amonia,0.98783,8,4188
26,290,2,Carbono/acido sulfurico,1,10,8277
26,290,3,Carbono/metano,0.98783,7,2862
26,290,4,Silicio/agua,1,10,12596
26,290,5,Silicio/acido sulfurico,1,10,9075
26,295,0,Carbono/agua,0.959315,10,14542
26,295,1,Carbono/amonia,0.98783,8,4298
26,295,2,Carbono/acido sulfurico,1,10,8483
26,295,3,Carbono/metano,0.98783,7,2933
26,295,4,Silicio/agua,1,10,13154
26,295,5,Silicio/acido sulfurico,1,10,9301
26,300,0,Carbono/agua,0.959315,10,15079
26,300,1,Carbono/amonia,0.98783,8,4408
26,300,2,Carbono/acido sulfurico,1,10,8689
26,300,3,Carbono/metano,0.98783,7,3004
26,300,4,Silicio/agua,1,10,13709
26,300,5,Silicio/acido sulfurico,1,10,9526
27,0,0,Carbono/agua,0.581248,2,2
27,0,1,Carbono/amonia,0.642644,1,1
27,0,2,Carbono/acido sulfurico,0.637129,2,2
27,0,3,Carbono/metano,0.373229,1,1
27,0,4,Silicio/agua,0.535347,1,2
27,0,5,Silicio/acido sulfurico,0.756393,2,3
27,5,0,Carbono/agua,0.660864,3,12
27,5,1,Carbono/amonia,0.695188,3,9
27,5,2,Carbono/acido sulfurico,0.769924,2,17
27,5,3,Carbono/metano,0.568335,1,6
27,5,4,Silicio/agua,0.59748,1,15
27,5,5,Silicio/acido sulfurico,0.756393,2,19
27,10,0,Carbono/agua,0.660864,3,26
27,10,1,Carbono/amonia,0.782328,4,19
27,10,2,Carbono/acido sulfurico,0.769924,2,34
27,10,3,Carbono/metano,0.568335,1,12
27,10,4,Silicio/agua,0.636162,1,27
27,10,5,Silicio/acido sulfurico,0.766562,2,36
27,15,0,Carbono/agua,0.694977,3,40
27,15,1,Carbono/amonia,0.782328,5,29
27,15,2,Carbono/acido sulfurico,0.769924,3,50
27,15,3,Carbono/metano,0.610857,1,17
27,15,4,Silicio/agua,0.636162,1,42
27,15,5,Silicio/acido sulfurico,0.780728,3,55
27,20,0,Carbono/agua,0.75109,3,55
27,20,1,Carbono/amonia,0.782328,5,39
27,20,2,Carbono/acido sulfurico,0.769924,3,70
27,20,3,Carbono/metano,0.610857,1,25
27,20,4,Silicio/agua,0.675635,2,59
27,20,5,Silicio/acido sulfurico,0.780728,3,76
27,25,0,Carbono/agua,0.810197,4,73
27,25,1,Carbono/amonia,0.782328,5,51
27,25,2,Carbono/acido sulfurico,0.812061,3,91
27,25,3,Carbono/metano,0.70501,2,33
27,25,4,Silicio/agua,0.675635,2,77
27,25,5,Silicio/acido sulfurico,0.780728,3,101
27,30,0,Carbono/agua,0.810197,4,92
27,30,1,Carbono/amonia,0.782328,6,65
27,30,2,Carbono/acido sulfurico,0.813305,5,115
27,30,3,Carbono/metano,0.70501,2,42
27,30,4,Silicio/agua,0.675635,2,96
27,30,5,Silicio/acido sulfurico,0.780728,3,127
27,35,0,Carbono/agua,0.810197,5,112
27,35,1,Carbono/amonia,0.796422,6,79
27,35,2,Carbono/acido sulfurico,0.825793,5,141
27,35,3,Carbono/metano,0.70501,2,51
27,35,4,Silicio/agua,0.693255,2,116
27,35,5,Silicio/acido sulfurico,0.804321,3,154
27,40,0,Carbono/agua,0.868851,6,136
27,40,1,Carbono/amonia,0.796422,6,94
27,40,2,Carbono/acido sulfurico,0.833602,5,171
27,40,3,Carbono/metano,0.70501,2,61
27,40,4,Silicio/agua,0.711634,3,140
27,40,5,Silicio/acido sulfurico,0.804321,3,185
27,45,0,Carbono/agua,0.868851,7,161
27,45,1,Carbono/amonia,0.796422,6,110
27,45,2,Carbono/acido sulfurico,0.833602,5,203
27,45,3,Carbono/metano,0.70501,2,67
27,45,4,Silicio/agua,0.715534,3,167
27,45,5,Silicio/acido sulfurico,0.817134,3,220
27,50,0,Carbono/agua,0.868851,7,188
27,50,1,Carbono/amonia,0.888976,7,128
27,50,2,Carbono/acido sulfurico,0.833602,5,238
27,50,3,Carbono/metano,0.70501,2,72
27,50,4,Silicio/agua,0.715534,4,197
27,50,5,Silicio/acido sulfurico,0.817134,3,259
27,55,0,Carbono/agua,0.868851,7,217
27,55,1,Carbono/amonia,0.901563,9,149
27,55,2,Carbono/acido sulfurico,0.833602,5,278
27,55,3,Carbono/metano,0.70501,3,81
27,55,4,Silicio/agua,0.716577,4,228
27,55,5,Silicio/acido sulfurico,0.828276,3,302
27,60,0,Carbono/agua,0.868851,7,251
27,60,1,Carbono/amonia,0.901563,9,173
27,60,2,Carbono/acido sulfurico,0.833602,5,320
27,60,3,Carbono/metano,0.623598,1,90
27,60,4,Silicio/agua,0.716577,5,263
27,60,5,Silicio/acido sulfurico,0.828276,4,350
27,65,0,Carbono/agua,0.868851,7,286
27,65,1,Carbono/amonia,0.901563,9,197
27,65,2,Carbono/acido sulfurico,0.833602,4,358
27,65,3,Carbono/metano,0.629641,2,97
27,65,4,Silicio/agua,0.727327,5,301
27,65,5,Silicio/acido sulfurico,0.828276,4,403
27,70,0,Carbono/agua,0.881942,7,326
27,70,1,Carbono/amonia,0.901563,9,225
27,70,2,Carbono/acido sulfurico,0.833602,4,384
27,70,3,Carbono/metano,0.674562,2,106
27,70,4,Silicio/agua,0.745229,5,344
27,70,5,Silicio/acido sulfurico,0.828276,4,461
27,75,0,Carbono/agua,0.883827,7,370
27,75,1,Carbono/amonia,0.901563,9,256
27,75,2,Carbono/acido sulfurico,0.833602,4,414
27,75,3,Carbono/metano,0.674562,2,116
27,75,4,Silicio/agua,0.771395,5,391
27,75,5,Silicio/acido sulfurico,0.842539,5,524
27,80,0,Carbono/agua,0.889925,8,420
27,80,1,Carbono/amonia,0.932835,10,290
27,80,2,Carbono/acido sulfurico,0.859943,5,445
27,80,3,Carbono/metano,0.674562,2,127
27,80,4,Silicio/agua,0.846114,6,443
27,80,5,Silicio/acido sulfurico,0.851682,7,594
27,85,0,Carbono/agua,0.904712,8,476
27,85,1,Carbono/amonia,0.93772,10,327
27,85,2,Carbono/acido sulfurico,0.859943,5,480
27,85,3,Carbono/metano,0.674562,2,151
27,85,4,Silicio/agua,0.884956,6,502
27,85,5,Silicio/acido sulfurico,0.851682,7,673
27,90,0,Carbono/agua,0.904712,8,536
27,90,1,Carbono/amonia,0.952951,10,369
27,90,2,Carbono/acido sulfurico,0.870532,5,545
27,90,3,Carbono/metano,0.710168,2,178
27,90,4,Silicio/agua,0.884956,6,564
27,90,5,Silicio/acido sulfurico,0.909642,8,760
27,95,0,Carbono/agua,0.917605,8,605
27,95,1,Carbono/amonia,0.962389,10,417
27,95,2,Carbono/acido sulfurico,0.870532,5,632
27,95,3,Carbono/metano,0.712037,3,208
27,95,4,Silicio/agua,0.884956,7,634
27,95,5,Silicio/acido sulfurico,0.948589,10,855
27,100,0,Carbono/agua,0.937106,8,681
27,100,1,Carbono/amonia,0.962389,10,468
27,100,2,Carbono/acido sulfurico,0.870532,6,728
27,100,3,Carbono/metano,0.90829,4,241
27,100,4,Silicio/agua,0.894863,8,710
27,100,5,Silicio/acido sulfurico,0.948589,10,919
27,105,0,Carbono/agua,0.94646,8,763
27,105,1,Carbono/amonia,0.964773,10,525
27,105,2,Carbono/acido sulfurico,0.870532,8,833
27,105,3,Carbono/metano,0.90829,6,277
27,105,4,Silicio/agua,0.909729,8,795
27,105,5,Silicio/acido sulfurico,0.948589,10,976
27,110,0,Carbono/agua,0.98783,8,854
27,110,1,Carbono/amonia,0.964773,10,589
27,110,2,Carbono/acido sulfurico,0.873468,8,950
27,110,3,Carbono/metano,0.90829,7,317
27,110,4,Silicio/agua,0.924696,9,889
27,110,5,Silicio/acido sulfurico,0.948589,10,1041
27,115,0,Carbono/agua,0.98783,8,954
27,115,1,Carbono/amonia,0.978179,10,660
27,115,2,Carbono/acido sulfurico,0.888407,9,1079
27,115,3,Carbono/metano,0.90829,8,362
27,115,4,Silicio/agua,0.94139,9,993
27,115,5,Silicio/acido sulfurico,0.948589,10,1112
27,120,0,Carbono/agua,0.98783,8,1065
27,120,1,Carbono/amonia,0.978179,10,737
27,120,2,Carbono/acido sulfurico,0.930557,10,1220
27,120,3,Carbono/metano,0.95226,8,411
27,120,4,Silicio/agua,0.967678,9,1109
27,120,5,Silicio/acido sulfurico,0.948589,10,1190
27,125,0,Carbono/agua,0.98783,8,1187
27,125,1,Carbono/amonia,0.978179,10,821
27,125,2,Carbono/acido sulfurico,0.930557,8,1344
27,125,3,Carbono/metano,0.95226,8,466
27,125,4,Silicio/agua,0.98602,9,1236
27,125,5,Silicio/acido sulfurico,0.948589,10,1362
27,130,0,Carbono/agua,0.98783,8,1322
27,130,1,Carbono/amonia,1,10,914
27,130,2,Carbono/acido sulfurico,0.930557,10,1430
27,130,3,Carbono/metano,0.95226,8,527
27,130,4,Silicio/agua,0.98602,9,1376
27,130,5,Silicio/acido sulfurico,0.95614,10,1551
27,135,0,Carbono/agua,0.98783,8,1472
27,135,1,Carbono/amonia,1,10,1016
27,135,2,Carbono/acido sulfurico,0.930557,10,1527
27,135,3,Carbono/metano,0.95226,8,594
27,135,4,Silicio/agua,0.98602,9,1532
27,135,5,Silicio/acido sulfurico,0.95614,10,1761
27,140,0,Carbono/agua,0.98783,8,1638
27,140,1,Carbono/amonia,1,10,1129
27,140,2,Carbono/acido sulfurico,0.931134,10,1629
27,140,3,Carbono/metano,0.962845,8,664
27,140,4,Silicio/agua,0.98783,9,1702
27,140,5,Silicio/acido sulfurico,0.976647,10,1986
27,145,0,Carbono/agua,0.98783,8,1819
27,145,1,Carbono/amonia,1,10,1240
27,145,2,Carbono/acido sulfurico,0.952658,10,1734
27,145,3,Carbono/metano,0.962845,8,734
27,145,4,Silicio/agua,0.98783,9,1892
27,145,5,Silicio/acido sulfurico,0.976647,10,2211
27,150,0,Carbono/agua,0.98783,8,2020
27,150,1,Carbono/amonia,1,10,1350
27,150,2,Carbono/acido sulfurico,0.972836,10,1899
27,150,3,Carbono/metano,0.968059,8,805
27,150,4,Silicio/agua,0.98783,9,2101
27,150,5,Silicio/acido sulfurico,0.976647,10,2436
27,155,0,Carbono/agua,0.98783,8,2241
27,155,1,Carbono/amonia,1,10,1461
27,155,2,Carbono/acido sulfurico,0.972836,10,2104
27,155,3,Carbono/metano,0.968059,8,877
27,155,4,Silicio/agua,0.98783,9,2331
27,155,5,Silicio/acido sulfurico,0.982287,10,2661
27,160,0,Carbono/agua,0.98783,8,2486
27,160,1,Carbono/amonia,1,10,1573
27,160,2,Carbono/acido sulfurico,0.975909,10,2309
27,160,3,Carbono/metano,0.98602,8,947
27,160,4,Silicio/agua,0.98783,9,2586
27,160,5,Silicio/acido sulfurico,0.98783,10,2886
27,165,0,Carbono/agua,0.98783,8,2757
27,165,1,Carbono/amonia,1,10,1685
27,165,2,Carbono/acido sulfurico,0.980526,10,2514
27,165,3,Carbono/metano,0.98602,8,1017
27,165,4,Silicio/agua,0.98783,10,2867
27,165,5,Silicio/acido sulfurico,0.98783,10,3113
27,170,0,Carbono/agua,0.98783,8,3055
27,170,1,Carbono/amonia,1,10,1796
27,170,2,Carbono/acido sulfurico,0.980526,10,2719
27,170,3,Carbono/metano,0.98602,8,1089
27,170,4,Silicio/agua,0.98783,10,3177
27,170,5,Silicio/acido sulfurico,0.98783,10,3339
27,175,0,Carbono/agua,0.98783,9,3387
27,175,1,Carbono/amonia,1,10,1907
27,175,2,Carbono/acido sulfurico,0.980526,10,2925
27,175,3,Carbono/metano,0.98602,8,1162
27,175,4,Silicio/agua,0.98783,10,3521
27,175,5,Silicio/acido sulfurico,0.98783,10,3564
27,180,0,Carbono/agua,0.98783,9,3751
27,180,1,Carbono/amonia,1,10,2019
27,180,2,Carbono/acido sulfurico,0.980526,10,3133
27,180,3,Carbono/metano,0.98602,8,1235
27,180,4,Silicio/agua,0.98783,10,3899
27,180,5,Silicio/acido sulfurico,0.98783,10,3790
27,185,0,Carbono/agua,0.98783,9,4152
27,185,1,Carbono/amonia,1,10,2131
27,185,2,Carbono/acido sulfurico,0.980526,10,3339
27,185,3,Carbono/metano,0.98602,8,1305
27,185,4,Silicio/agua,0.98783,10,4315
27,185,5,Silicio/acido sulfurico,0.98783,10,4016
27,190,0,Carbono/agua,0.98783,9,4595
27,190,1,Carbono/amonia,1,10,2242
27,190,2,Carbono/acido sulfurico,1,10,3545
27,190,3,Carbono/metano,0.98602,8,1377
27,190,4,Silicio/agua,0.98783,10,4778
27,190,5,Silicio/acido sulfurico,0.98783,10,4241
27,195,0,Carbono/agua,0.98783,9,5084
27,195,1,Carbono/amonia,1,10,2352
27,195,2,Carbono/acido sulfurico,1,10,3752
27,195,3,Carbono/metano,0.98602,8,1449
27,195,4,Silicio/agua,0.98783,10,5286
27,195,5,Silicio/acido sulfurico,0.98783,10,4466
27,200,0,Carbono/agua,0.98783,10,5617
27,200,1,Carbono/amonia,1,10,2464
27,200,2,Carbono/acido sulfurico,1,10,3957
27,200,3,Carbono/metano,0.98602,8,1520
27,200,4,Silicio/agua,0.98783,10,5838
27,200,5,Silicio/acido sulfurico,0.98783,10,4691
27,205,0,Carbono/agua,0.98783,8,6152
27,205,1,Carbono/amonia,1,10,2576
27,205,2,Carbono/acido sulfurico,1,10,4162
27,205,3,Carbono/metano,0.98602,8,1591
27,205,4,Silicio/agua,0.98783,10,6394
27,205,5,Silicio/acido sulfurico,0.98783,10,4916
27,210,0,Carbono/agua,0.98783,9,6420
27,210,1,Carbono/amonia,1,10,2686
27,210,2,Carbono/acido sulfurico,1,10,4367
27,210,3,Carbono/metano,0.98602,8,1661
27,210,4,Silicio/agua,0.98783,10,6951
27,210,5,Silicio/acido sulfurico,0.98783,10,5141
27,215,0,Carbono/agua,0.98783,9,6689
27,215,1,Carbono/amonia,1,10,2797
27,215,2,Carbono/acido sulfurico,1,10,4573
27,215,3,Carbono/metano,0.98602,8,1733
27,215,4,Silicio/agua,0.98783,10,7507
27,215,5,Silicio/acido sulfurico,0.98783,10,5366
27,220,0,Carbono/agua,0.98783,9,6957
27,220,1,Carbono/amonia,1,10,2907
27,220,2,Carbono/acido sulfurico,1,10,4779
27,220,3,Carbono/metano,0.98602,8,1803
27,220,4,Silicio/agua,0.98783,10,8064
27,220,5,Silicio/acido sulfurico,0.98783,10,5591
27,225,0,Carbono/agua,0.98783,9,7225
27,225,1,Carbono/amonia,1,10,3018
27,225,2,Carbono/acido sulfurico,1,10,4984
27,225,3,Carbono/metano,0.98602,8,1874
27,225,4,Silicio/agua,0.98783,10,8619
27,225,5,Silicio/acido sulfurico,0.98783,10,5819
27,230,0,Carbono/agua,0.98783,9,7546
27,230,1,Carbono/amonia,1,10,3129
27,230,2,Carbono/acido sulfurico,1,10,5190
27,230,3,Carbono/metano,0.98602,8,1944
27,230,4,Silicio/agua,0.98783,10,9176
27,230,5,Silicio/acido sulfurico,0.98783,10,6044
27,235,0,Carbono/agua,0.98783,9,8081
27,235,1,Carbono/amonia,1,10,3241
27,235,2,Carbono/acido sulfurico,1,10,5396
27,235,3,Carbono/metano,0.98602,8,2015
27,235,4,Silicio/agua,0.98783,10,9733
27,235,5,Silicio/acido sulfurico,0.98783,10,6269
27,240,0,Carbono/agua,0.98783,9,8616
27,240,1,Carbono/amonia,1,10,3351
27,240,2,Carbono/acido sulfurico,1,10,5602
27,240,3,Carbono/metano,0.98602,8,2086
27,240,4,Silicio/agua,0.98783,10,10288
27,240,5,Silicio/acido sulfurico,0.98783,10,6494
27,245,0,Carbono/agua,0.98783,9,9152
27,245,1,Carbono/amonia,1,10,3462
27,245,2,Carbono/acido sulfurico,1,10,5809
27,245,3,Carbono/metano,0.98602,8,2156
27,245,4,Silicio/agua,0.98783,10,10845
27,245,5,Silicio/acido sulfurico,0.98783,10,6719
27,250,0,Carbono/agua,0.98783,9,9690
27,250,1,Carbono/amonia,1,10,3573
27,250,2,Carbono/acido sulfurico,1,10,6015
27,250,3,Carbono/metano,0.98602,8,2229
27,250,4,Silicio/agua,0.98783,10,11401
27,250,5,Silicio/acido sulfurico,0.98783,10,6947
27,255,0,Carbono/agua,0.98783,9,10225
27,255,1,Carbono/amonia,1,10,3683
27,255,2,Carbono/acido sulfurico,1,10,6222
27,255,3,Carbono/metano,0.98602,8,2300
27,255,4,Silicio/agua,0.98783,10,11959
27,255,5,Silicio/acido sulfurico,0.98783,10,7173
27,260,0,Carbono/agua,0.98783,10,10761
27,260,1,Carbono/amonia,1,10,3793
27,260,2,Carbono/acido sulfurico,1,10,6428
27,260,3,Carbono/metano,0.98602,8,2372
27,260,4,Silicio/agua,0.98783,10,12516
27,260,5,Silicio/acido sulfurico,0.98783,10,7399
27,265,0,Carbono/agua,0.98783,10,11296
27,265,1,Carbono/amonia,1,10,3903
27,265,2,Carbono/acido sulfurico,1,10,6635
27,265,3,Carbono/metano,0.98602,8,2443
27,265,4,Silicio/agua,0.98783,10,13072
27,265,5,Silicio/acido sulfurico,0.98783,10,7624
27,270,0,Carbono/agua,0.98783,10,11832
27,270,1,Carbono/amonia,1,10,4015
27,270,2,Carbono/acido sulfurico,1,10,6840
27,270,3,Carbono/metano,0.98602,8,2515
27,270,4,Silicio/agua,0.98783,10,13629
27,270,5,Silicio/acido sulfurico,0.98783,10,7850
27,275,0,Carbono/agua,0.98783,10,12368
27,275,1,Carbono/amonia,1,10,4125
27,275,2,Carbono/acido sulfurico,1,10,7046
27,275,3,Carbono/metano,0.98602,8,2587
27,275,4,Silicio/agua,0.98783,10,14184
27,275,5,Silicio/acido sulfurico,0.98783,10,8076
27,280,0,Carbono/agua,0.98783,10,12903
27,280,1,Carbono/amonia,1,10,4236
27,280,2,Carbono/acido sulfurico,1,10,7254
27,280,3,Carbono/metano,0.98602,8,2658
27,280,4,Silicio/agua,0.98783,10,14741
27,280,5,Silicio/acido sulfurico,0.98783,10,8303
27,285,0,Carbono/agua,0.98783,10,13439
27,285,1,Carbono/amonia,1,10,4348
27,285,2,Carbono/acido sulfurico,1,10,7459
27,285,3,Carbono/metano,0.98602,8,2729
27,285,4,Silicio/agua,0.98783,10,15298
27,285,5,Silicio/acido sulfurico,0.98783,10,8531
27,290,0,Carbono/agua,0.98783,10,13974
27,290,1,Carbono/amonia,1,10,4458
27,290,2,Carbono/acido sulfurico,1,10,7664
27,290,3,Carbono/metano,0.98602,8,2800
27,290,4,Silicio/agua,0.98783,10,15856
27,290,5,Silicio/acido sulfurico,0.98783,10,8757
27,295,0,Carbono/agua,0.98783,10,14511
27,295,1,Carbono/amonia,1,10,4571
27,295,2,Carbono/acido sulfurico,1,10,7870
27,295,3,Carbono/metano,0.98602,8,2871
27,295,4,Silicio/agua,0.98783,10,16413
27,295,5,Silicio/acido sulfurico,0.98783,10,8983
27,300,0,Carbono/agua,0.98783,10,15048
27,300,1,Carbono/amonia,1,10,4683
27,300,2,Carbono/acido sulfurico,1,10,8075
27,300,3,Carbono/metano,0.98602,8,2943
27,300,4,Silicio/agua,0.98783,10,16969
27,300,5,Silicio/acido sulfurico,0.98783,10,9208
28,0,0,Carbono/agua,0.497554,1,2
28,0,1,Carbono/amonia,0.509641,1,2
28,0,2,Carbono/acido sulfurico,0.566483,1,3
28,0,3,Carbono/metano,0.596792,1,1
28,0,4,Silicio/agua,0.589743,1,2
28,0,5,Silicio/acido sulfurico,0.56462,1,3
28,5,0,Carbono/agua,0.815579,2,12
28,5,1,Carbono/amonia,0.660489,2,10
28,5,2,Carbono/acido sulfurico,0.632516,1,17
28,5,3,Carbono/metano,0.67325,3,6
28,5,4,Silicio/agua,0.696093,2,14
28,5,5,Silicio/acido sulfurico,0.592823,1,19
28,10,0,Carbono/agua,0.857757,4,26
28,10,1,Carbono/amonia,0.701327,2,18
28,10,2,Carbono/acido sulfurico,0.632516,1,34
28,10,3,Carbono/metano,0.693089,3,11
28,10,4,Silicio/agua,0.69938,2,27
28,10,5,Silicio/acido sulfurico,0.708688,2,37
28,15,0,Carbono/agua,0.857757,4,40
28,15,1,Carbono/amonia,0.713267,4,27
28,15,2,Carbono/acido sulfurico,0.648536,2,51
28,15,3,Carbono/metano,0.693089,3,18
28,15,4,Silicio/agua,0.744309,2,42
28,15,5,Silicio/acido sulfurico,0.74173,2,57
28,20,0,Carbono/agua,0.857757,5,55
28,20,1,Carbono/amonia,0.753934,4,38
28,20,2,Carbono/acido sulfurico,0.660517,2,71
28,20,3,Carbono/metano,0.693089,3,26
28,20,4,Silicio/agua,0.744309,2,58
28,20,5,Silicio/acido sulfurico,0.751767,3,80
28,25,0,Carbono/agua,0.907441,5,72
28,25,1,Carbono/amonia,0.753934,4,51
28,25,2,Carbono/acido sulfurico,0.675211,2,94
28,25,3,Carbono/metano,0.693089,3,34
28,25,4,Silicio/agua,0.797081,3,77
28,25,5,Silicio/acido sulfurico,0.751767,3,104
28,30,0,Carbono/agua,0.907441,8,90
28,30,1,Carbono/amonia,0.753934,5,63
28,30,2,Carbono/acido sulfurico,0.675211,3,118
28,30,3,Carbono/metano,0.693089,3,41
28,30,4,Silicio/agua,0.797081,4,96
28,30,5,Silicio/acido sulfurico,0.751768,3,129
28,35,0,Carbono/agua,0.907441,8,110
28,35,1,Carbono/amonia,0.753934,5,78
28,35,2,Carbono/acido sulfurico,0.699732,4,144
28,35,3,Carbono/metano,0.693089,3,50
28,35,4,Silicio/agua,0.797081,4,118
28,35,5,Silicio/acido sulfurico,0.792148,3,158
28,40,0,Carbono/agua,0.907441,8,132
28,40,1,Carbono/amonia,0.753934,5,94
28,40,2,Carbono/acido sulfurico,0.699732,4,174
28,40,3,Carbono/metano,0.776136,4,60
28,40,4,Silicio/agua,0.800957,4,142
28,40,5,Silicio/acido sulfurico,0.81415,4,191
28,45,0,Carbono/agua,0.907441,8,157
28,45,1,Carbono/amonia,0.753934,5,112
28,45,2,Carbono/acido sulfurico,0.699732,5,204
28,45,3,Carbono/metano,0.776136,4,70
28,45,4,Silicio/agua,0.800957,4,167
28,45,5,Silicio/acido sulfurico,0.81415,4,226
28,50,0,Carbono/agua,0.907441,9,185
28,50,1,Carbono/amonia,0.786692,5,131
28,50,2,Carbono/acido sulfurico,0.859739,6,240
28,50,3,Carbono/metano,0.776136,4,81
28,50,4,Silicio/agua,0.800957,4,194
28,50,5,Silicio/acido sulfurico,0.88176,5,264
28,55,0,Carbono/agua,0.907441,9,215
28,55,1,Carbono/amonia,0.786692,5,152
28,55,2,Carbono/acido sulfurico,0.859739,6,278
28,55,3,Carbono/metano,0.776136,5,93
28,55,4,Silicio/agua,0.896008,5,226
28,55,5,Silicio/acido sulfurico,0.88176,5,307
28,60,0,Carbono/agua,0.907441,9,248
28,60,1,Carbono/amonia,0.786692,5,174
28,60,2,Carbono/acido sulfurico,0.809352,5,303
28,60,3,Carbono/metano,0.776136,5,108
28,60,4,Silicio/agua,0.936768,6,262
28,60,5,Silicio/acido sulfurico,0.88176,5,355
28,65,0,Carbono/agua,0.907441,9,283
28,65,1,Carbono/amonia,0.786692,5,201
28,65,2,Carbono/acido sulfurico,0.873051,6,326
28,65,3,Carbono/metano,0.776136,6,124
28,65,4,Silicio/agua,0.936768,6,301
28,65,5,Silicio/acido sulfurico,0.88176,5,408
28,70,0,Carbono/agua,0.921225,9,325
28,70,1,Carbono/amonia,0.786692,5,229
28,70,2,Carbono/acido sulfurico,0.873051,6,353
28,70,3,Carbono/metano,0.776136,6,141
28,70,4,Silicio/agua,0.936768,6,344
28,70,5,Silicio/acido sulfurico,0.88176,5,465
28,75,0,Carbono/agua,0.923816,9,372
28,75,1,Carbono/amonia,0.786692,5,261
28,75,2,Carbono/acido sulfurico,0.873051,6,383
28,75,3,Carbono/metano,0.776136,6,162
28,75,4,Silicio/agua,0.936768,6,393
28,75,5,Silicio/acido sulfurico,0.893795,6,528
28,80,0,Carbono/agua,0.923816,9,422
28,80,1,Carbono/amonia,0.855574,5,297
28,80,2,Carbono/acido sulfurico,0.873051,6,414
28,80,3,Carbono/metano,0.776136,6,186
28,80,4,Silicio/agua,0.936768,6,446
28,80,5,Silicio/acido sulfurico,0.893795,6,598
28,85,0,Carbono/agua,0.934265,9,477
28,85,1,Carbono/amonia,0.926708,6,336
28,85,2,Carbono/acido sulfurico,0.873051,7,485
28,85,3,Carbono/metano,0.779926,6,210
28,85,4,Silicio/agua,0.938993,6,503
28,85,5,Silicio/acido sulfurico,0.893795,6,676
28,90,0,Carbono/agua,0.939223,9,537
28,90,1,Carbono/amonia,0.928317,6,379
28,90,2,Carbono/acido sulfurico,0.891596,7,564
28,90,3,Carbono/metano,0.780964,6,238
28,90,4,Silicio/agua,0.938993,7,568
28,90,5,Silicio/acido sulfurico,0.914158,7,762
28,95,0,Carbono/agua,0.939223,9,605
28,95,1,Carbono/amonia,0.928317,6,426
28,95,2,Carbono/acido sulfurico,0.891596,7,652
28,95,3,Carbono/metano,0.782032,6,269
28,95,4,Silicio/agua,0.943073,7,640
28,95,5,Silicio/acido sulfurico,0.914158,7,856
28,100,0,Carbono/agua,0.939223,7,664
28,100,1,Carbono/amonia,0.945686,6,476
28,100,2,Carbono/acido sulfurico,0.898233,7,747
28,100,3,Carbono/metano,0.792393,6,303
28,100,4,Silicio/agua,0.945222,7,718
28,100,5,Silicio/acido sulfurico,0.914158,8,961
28,105,0,Carbono/agua,0.939223,8,705
28,105,1,Carbono/amonia,0.945686,6,533
28,105,2,Carbono/acido sulfurico,0.92178,7,851
28,105,3,Carbono/metano,0.805552,6,339
28,105,4,Silicio/agua,0.956841,7,802
28,105,5,Silicio/acido sulfurico,0.914158,5,1064
28,110,0,Carbono/agua,0.939223,9,750
28,110,1,Carbono/amonia,0.945686,6,597
28,110,2,Carbono/acido sulfurico,0.92178,7,967
28,110,3,Carbono/metano,0.809777,6,379
28,110,4,Silicio/agua,0.959598,7,898
28,110,5,Silicio/acido sulfurico,0.940309,6,1129
28,115,0,Carbono/agua,0.939223,9,800
28,115,1,Carbono/amonia,0.945686,6,668
28,115,2,Carbono/acido sulfurico,0.925388,7,1096
28,115,3,Carbono/metano,0.825523,6,425
28,115,4,Silicio/agua,0.959598,7,1002
28,115,5,Silicio/acido sulfurico,0.940309,8,1200
28,120,0,Carbono/agua,0.939223,9,855
28,120,1,Carbono/amonia,0.947295,6,744
28,120,2,Carbono/acido sulfurico,0.939686,8,1238
28,120,3,Carbono/metano,0.825523,6,474
28,120,4,Silicio/agua,0.959598,7,1117
28,120,5,Silicio/acido sulfurico,0.963945,8,1279
28,125,0,Carbono/agua,0.944247,9,954
28,125,1,Carbono/amonia,0.958114,6,830
28,125,2,Carbono/acido sulfurico,0.945433,8,1393
28,125,3,Carbono/metano,0.844964,6,529
28,125,4,Silicio/agua,0.959598,8,1245
28,125,5,Silicio/acido sulfurico,0.982287,8,1365
28,130,0,Carbono/agua,0.944247,10,1090
28,130,1,Carbono/amonia,0.958114,6,923
28,130,2,Carbono/acido sulfurico,0.959598,8,1566
28,130,3,Carbono/metano,0.871322,7,591
28,130,4,Silicio/agua,0.959598,8,1385
28,130,5,Silicio/acido sulfurico,0.982287,8,1498
28,135,0,Carbono/agua,0.944247,10,1240
28,135,1,Carbono/amonia,0.958114,6,1025
28,135,2,Carbono/acido sulfurico,0.959598,8,1756
28,135,3,Carbono/metano,0.889645,8,658
28,135,4,Silicio/agua,0.961796,8,1542
28,135,5,Silicio/acido sulfurico,0.98783,8,1708
28,140,0,Carbono/agua,0.953996,10,1404
28,140,1,Carbono/amonia,0.958114,6,1135
28,140,2,Carbono/acido sulfurico,0.959598,8,1962
28,140,3,Carbono/metano,0.946229,9,730
28,140,4,Silicio/agua,0.965586,9,1713
28,140,5,Silicio/acido sulfurico,0.98783,8,1933
28,145,0,Carbono/agua,0.953996,10,1587
28,145,1,Carbono/amonia,0.958114,6,1245
28,145,2,Carbono/acido sulfurico,0.968917,8,2168
28,145,3,Carbono/metano,0.946229,9,801
28,145,4,Silicio/agua,0.965586,9,1901
28,145,5,Silicio/acido sulfurico,0.98783,8,2159
28,150,0,Carbono/agua,0.953996,10,1787
28,150,1,Carbono/amonia,0.958114,7,1355
28,150,2,Carbono/acido sulfurico,0.968917,10,2375
28,150,3,Carbono/metano,0.950564,8,865
28,150,4,Silicio/agua,0.965586,9,2111
28,150,5,Silicio/acido sulfurico,0.98783,9,2386
28,155,0,Carbono/agua,0.953996,10,2009
28,155,1,Carbono/amonia,0.964719,7,1467
28,155,2,Carbono/acido sulfurico,0.968917,10,2581
28,155,3,Carbono/metano,0.92396,6,902
28,155,4,Silicio/agua,0.965586,9,2342
28,155,5,Silicio/acido sulfurico,0.98783,9,2611
28,160,0,Carbono/agua,0.953996,10,2254
28,160,1,Carbono/amonia,0.964719,7,1577
28,160,2,Carbono/acido sulfurico,0.970008,10,2788
28,160,3,Carbono/metano,0.92396,7,937
28,160,4,Silicio/agua,0.965586,10,2595
28,160,5,Silicio/acido sulfurico,0.98783,9,2839
28,165,0,Carbono/agua,0.954329,10,2525
28,165,1,Carbono/amonia,0.965586,7,1690
28,165,2,Carbono/acido sulfurico,0.970008,10,2993
28,165,3,Carbono/metano,0.92396,9,973
28,165,4,Silicio/agua,0.965586,10,2875
28,165,5,Silicio/acido sulfurico,0.98783,9,3065
28,170,0,Carbono/agua,0.954329,10,2823
28,170,1,Carbono/amonia,0.965586,7,1801
28,170,2,Carbono/acido sulfurico,0.970008,10,3199
28,170,3,Carbono/metano,0.92396,9,1009
28,170,4,Silicio/agua,0.965586,10,3185
28,170,5,Silicio/acido sulfurico,0.98783,9,3292
28,175,0,Carbono/agua,0.959315,10,3153
28,175,1,Carbono/amonia,0.965586,8,1912
28,175,2,Carbono/acido sulfurico,0.970008,10,3404
28,175,3,Carbono/metano,0.92396,9,1044
28,175,4,Silicio/agua,0.974186,10,3529
28,175,5,Silicio/acido sulfurico,0.98783,9,3518
28,180,0,Carbono/agua,0.959315,10,3517
28,180,1,Carbono/amonia,0.965586,8,2024
28,180,2,Carbono/acido sulfurico,0.98602,10,3611
28,180,3,Carbono/metano,0.962845,10,1101
28,180,4,Silicio/agua,0.974186,10,3906
28,180,5,Silicio/acido sulfurico,0.98783,9,3744
28,185,0,Carbono/agua,0.959315,10,3918
28,185,1,Carbono/amonia,0.965586,8,2134
28,185,2,Carbono/acido sulfurico,0.98602,10,3817
28,185,3,Carbono/metano,0.962845,10,1172
28,185,4,Silicio/agua,0.979893,10,4322
28,185,5,Silicio/acido sulfurico,0.98783,9,3971
28,190,0,Carbono/agua,0.959315,10,4362
28,190,1,Carbono/amonia,0.965586,8,2246
28,190,2,Carbono/acido sulfurico,0.98783,10,4023
28,190,3,Carbono/metano,0.974186,10,1243
28,190,4,Silicio/agua,0.98602,10,4783
28,190,5,Silicio/acido sulfurico,0.98783,9,4197
28,195,0,Carbono/agua,0.959315,10,4852
28,195,1,Carbono/amonia,0.965586,8,2356
28,195,2,Carbono/acido sulfurico,0.98783,10,4229
28,195,3,Carbono/metano,0.974186,10,1314
28,195,4,Silicio/agua,0.98602,10,5291
28,195,5,Silicio/acido sulfurico,0.98783,9,4422
28,200,0,Carbono/agua,0.959315,10,5383
28,200,1,Carbono/amonia,0.965586,9,2468
28,200,2,Carbono/acido sulfurico,0.98783,10,4434
28,200,3,Carbono/metano,0.974186,10,1386
28,200,4,Silicio/agua,0.98602,10,5844
28,200,5,Silicio/acido sulfurico,0.98783,9,4649
28,205,0,Carbono/agua,0.959315,10,5919
28,205,1,Carbono/amonia,0.965586,9,2579
28,205,2,Carbono/acido sulfurico,0.98783,10,4639
28,205,3,Carbono/metano,0.974186,10,1457
28,205,4,Silicio/agua,0.98602,10,6401
28,205,5,Silicio/acido sulfurico,0.98783,9,4875
28,210,0,Carbono/agua,0.966621,10,6455
28,210,1,Carbono/amonia,0.965586,9,2691
28,210,2,Carbono/acido sulfurico,0.98783,10,4844
28,210,3,Carbono/metano,0.98602,10,1528
28,210,4,Silicio/agua,0.98602,10,6958
28,210,5,Silicio/acido sulfurico,0.98783,9,5101
28,215,0,Carbono/agua,0.980526,10,6991
28,215,1,Carbono/amonia,0.965586,9,2802
28,215,2,Carbono/acido sulfurico,0.98783,10,5050
28,215,3,Carbono/metano,0.98602,10,1599
28,215,4,Silicio/agua,0.98602,10,7515
28,215,5,Silicio/acido sulfurico,0.98783,9,5326
28,220,0,Carbono/agua,0.980526,10,7527
28,220,1,Carbono/amonia,0.965586,9,2913
28,220,2,Carbono/acido sulfurico,0.98783,10,5255
28,220,3,Carbono/metano,0.98602,10,1670
28,220,4,Silicio/agua,0.98783,10,8072
28,220,5,Silicio/acido sulfurico,0.98783,9,5553
28,225,0,Carbono/agua,0.980526,10,8064
28,225,1,Carbono/amonia,0.965586,9,3024
28,225,2,Carbono/acido sulfurico,0.98783,10,5460
28,225,3,Carbono/metano,0.98602,10,1741
28,225,4,Silicio/agua,0.98783,10,8630
28,225,5,Silicio/acido sulfurico,0.98783,9,5779
28,230,0,Carbono/agua,0.988807,10,8601
28,230,1,Carbono/amonia,0.965586,9,3138
28,230,2,Carbono/acido sulfurico,0.98783,10,5665
28,230,3,Carbono/metano,0.98602,10,1813
28,230,4,Silicio/agua,0.98783,10,9186
28,230,5,Silicio/acido sulfurico,0.98783,9,6005
28,235,0,Carbono/agua,0.988807,10,9138
28,235,1,Carbono/amonia,0.965586,9,3249
28,235,2,Carbono/acido sulfurico,0.98783,10,5870
28,235,3,Carbono/metano,0.98602,10,1884
28,235,4,Silicio/agua,0.98783,10,9741
28,235,5,Silicio/acido sulfurico,0.98783,9,6231
28,240,0,Carbono/agua,0.988807,10,9676
28,240,1,Carbono/amonia,0.965586,9,3360
28,240,2,Carbono/acido sulfurico,0.976647,9,6077
28,240,3,Carbono/metano,0.98602,10,1954
28,240,4,Silicio/agua,0.98783,10,10298
28,240,5,Silicio/acido sulfurico,0.98783,9,6456
28,245,0,Carbono/agua,0.988807,10,10106
28,245,1,Carbono/amonia,0.965586,9,3472
28,245,2,Carbono/acido sulfurico,0.98783,10,6180
28,245,3,Carbono/metano,0.98602,10,2024
28,245,4,Silicio/agua,0.98783,10,10857
28,245,5,Silicio/acido sulfurico,0.98783,9,6683
28,250,0,Carbono/agua,0.988807,10,10375
28,250,1,Carbono/amonia,0.965586,9,3585
28,250,2,Carbono/acido sulfurico,0.98783,10,6282
28,250,3,Carbono/metano,0.98602,10,2096
28,250,4,Silicio/agua,0.98783,10,11413
28,250,5,Silicio/acido sulfurico,0.98783,9,6909
28,255,0,Carbono/agua,0.988807,10,10645
28,255,1,Carbono/amonia,0.965586,9,3695
28,255,2,Carbono/acido sulfurico,0.98783,10,6383
28,255,3,Carbono/metano,0.98602,10,2169
28,255,4,Silicio/agua,0.98783,10,11970
28,255,5,Silicio/acido sulfurico,0.98783,9,7136
28,260,0,Carbono/agua,1,10,10914
28,260,1,Carbono/amonia,0.965586,9,3805
28,260,2,Carbono/acido sulfurico,0.98783,10,6486
28,260,3,Carbono/metano,0.98783,10,2240
28,260,4,Silicio/agua,0.98783,10,12527
28,260,5,Silicio/acido sulfurico,0.98783,9,7363
28,265,0,Carbono/agua,1,10,11184
28,265,1,Carbono/amonia,0.965586,9,3916
28,265,2,Carbono/acido sulfurico,0.98783,10,6608
28,265,3,Carbono/metano,0.98783,10,2311
28,265,4,Silicio/agua,0.98783,10,13083
28,265,5,Silicio/acido sulfurico,0.98783,9,7589
28,270,0,Carbono/agua,1,10,11612
28,270,1,Carbono/amonia,0.965586,9,4027
28,270,2,Carbono/acido sulfurico,0.98783,10,6814
28,270,3,Carbono/metano,0.98783,10,2383
28,270,4,Silicio/agua,0.98783,10,13643
28,270,5,Silicio/acido sulfurico,0.98783,9,7814
28,275,0,Carbono/agua,1,10,12148
28,275,1,Carbono/amonia,0.965586,9,4138
28,275,2,Carbono/acido sulfurico,0.98783,9,6978
28,275,3,Carbono/metano,0.98783,10,2453
28,275,4,Silicio/agua,0.98783,10,14199
28,275,5,Silicio/acido sulfurico,0.98783,9,8040
28,280,0,Carbono/agua,1,10,12684
28,280,1,Carbono/amonia,0.965586,9,4249
28,280,2,Carbono/acido sulfurico,0.98783,9,7081
28,280,3,Carbono/metano,0.98783,10,2525
28,280,4,Silicio/agua,0.98783,10,14757
28,280,5,Silicio/acido sulfurico,0.98783,9,8266
28,285,0,Carbono/agua,1,10,13220
28,285,1,Carbono/amonia,0.965586,9,4360
28,285,2,Carbono/acido sulfurico,0.98783,9,7184
28,285,3,Carbono/metano,0.98783,10,2596
28,285,4,Silicio/agua,0.98783,10,15314
28,285,5,Silicio/acido sulfurico,0.98783,9,8492
28,290,0,Carbono/agua,1,10,13757
28,290,1,Carbono/amonia,0.965586,9,4471
28,290,2,Carbono/acido sulfurico,0.98783,9,7286
28,290,3,Carbono/metano,0.98783,10,2667
28,290,4,Silicio/agua,0.98783,10,15872
28,290,5,Silicio/acido sulfurico,0.98783,9,8717
28,295,0,Carbono/agua,1,10,14294
28,295,1,Carbono/amonia,0.965586,9,4581
28,295,2,Carbono/acido sulfurico,0.98783,10,7388
28,295,3,Carbono/metano,0.98783,10,2738
28,295,4,Silicio/agua,0.98783,10,16428
28,295,5,Silicio/acido sulfurico,0.98783,9,8943
28,300,0,Carbono/agua,1,10,14830
28,300,1,Carbono/amonia,0.965586,9,4693
28,300,2,Carbono/acido sulfurico,0.98783,10,7553
28,300,3,Carbono/metano,0.98783,10,2808
28,300,4,Silicio/agua,0.98783,10,16985
28,300,5,Silicio/acido sulfurico,0.98783,9,9168
29,0,0,Carbono/agua,0.623619,1,2
29,0,1,Carbono/amonia,0.625811,1,1
29,0,2,Carbono/acido sulfurico,0.574706,2,2
29,0,3,Carbono/metano,0.499904,1,1
29,0,4,Silicio/agua,0.568234,1,2
29,0,5,Silicio/acido sulfurico,0.574049,1,3
29,5,0,Carbono/agua,0.64929,1,14
29,5,1,Carbono/amonia,0.688136,3,9
29,5,2,Carbono/acido sulfurico,0.722899,2,16
29,5,3,Carbono/metano,0.588171,2,7
29,5,4,Silicio/agua,0.59634,1,13
29,5,5,Silicio/acido sulfurico,0.68107,1,20
29,10,0,Carbono/agua,0.64929,1,27
29,10,1,Carbono/amonia,0.723128,3,18
29,10,2,Carbono/acido sulfurico,0.722899,2,32
29,10,3,Carbono/metano,0.665209,2,12
29,10,4,Silicio/agua,0.602988,1,27
29,10,5,Silicio/acido sulfurico,0.68107,2,38
29,15,0,Carbono/agua,0.64929,3,41
29,15,1,Carbono/amonia,0.723128,3,27
29,15,2,Carbono/acido sulfurico,0.753226,4,50
29,15,3,Carbono/metano,0.712976,2,17
29,15,4,Silicio/agua,0.62109,1,42
29,15,5,Silicio/acido sulfurico,0.696041,2,57
29,20,0,Carbono/agua,0.64929,3,56
29,20,1,Carbono/amonia,0.723128,3,37
29,20,2,Carbono/acido sulfurico,0.753226,5,70
29,20,3,Carbono/metano,0.712976,2,24
29,20,4,Silicio/agua,0.628105,2,57
29,20,5,Silicio/acido sulfurico,0.696041,2,78
29,25,0,Carbono/agua,0.701578,3,72
29,25,1,Carbono/amonia,0.737056,4,50
29,25,2,Carbono/acido sulfurico,0.753226,5,91
29,25,3,Carbono/metano,0.712976,2,31
29,25,4,Silicio/agua,0.639488,2,74
29,25,5,Silicio/acido sulfurico,0.696532,3,100
29,30,0,Carbono/agua,0.701578,3,90
29,30,1,Carbono/amonia,0.739341,6,64
29,30,2,Carbono/acido sulfurico,0.781218,5,116
29,30,3,Carbono/metano,0.712976,2,39
29,30,4,Silicio/agua,0.644222,2,94
29,30,5,Silicio/acido sulfurico,0.697044,3,125
29,35,0,Carbono/agua,0.747353,3,113
29,35,1,Carbono/amonia,0.739341,6,79
29,35,2,Carbono/acido sulfurico,0.781218,5,131
29,35,3,Carbono/metano,0.712976,2,47
29,35,4,Silicio/agua,0.681828,2,115
29,35,5,Silicio/acido sulfurico,0.813025,5,154
29,40,0,Carbono/agua,0.747353,3,136
29,40,1,Carbono/amonia,0.814773,6,95
29,40,2,Carbono/acido sulfurico,0.8072,5,146
29,40,3,Carbono/metano,0.734892,2,57
29,40,4,Silicio/agua,0.736116,3,139
29,40,5,Silicio/acido sulfurico,0.813025,7,185
29,45,0,Carbono/agua,0.747353,4,161
29,45,1,Carbono/amonia,0.814773,7,113
29,45,2,Carbono/acido sulfurico,0.8072,5,161
29,45,3,Carbono/metano,0.734892,2,68
29,45,4,Silicio/agua,0.736116,4,164
29,45,5,Silicio/acido sulfurico,0.851598,8,221
29,50,0,Carbono/agua,0.829121,6,188
29,50,1,Carbono/amonia,0.840767,8,133
29,50,2,Carbono/acido sulfurico,0.8072,5,179
29,50,3,Carbono/metano,0.734892,2,80
29,50,4,Silicio/agua,0.736116,4,192
29,50,5,Silicio/acido sulfurico,0.851598,8,260
29,55,0,Carbono/agua,0.829121,6,218
29,55,1,Carbono/amonia,0.847786,8,155
29,55,2,Carbono/acido sulfurico,0.8072,6,202
29,55,3,Carbono/metano,0.734892,3,95
29,55,4,Silicio/agua,0.757355,4,222
29,55,5,Silicio/acido sulfurico,0.856866,9,303
29,60,0,Carbono/agua,0.848393,6,253
29,60,1,Carbono/amonia,0.847786,9,178
29,60,2,Carbono/acido sulfurico,0.8072,8,245
29,60,3,Carbono/metano,0.734892,3,110
29,60,4,Silicio/agua,0.757355,4,258
29,60,5,Silicio/acido sulfurico,0.891338,9,350
29,65,0,Carbono/agua,0.848393,6,290
29,65,1,Carbono/amonia,0.847786,9,203
29,65,2,Carbono/acido sulfurico,0.896005,8,293
29,65,3,Carbono/metano,0.772271,3,127
29,65,4,Silicio/agua,0.801508,4,296
29,65,5,Silicio/acido sulfurico,0.902981,9,401
29,70,0,Carbono/agua,0.848393,6,330
29,70,1,Carbono/amonia,0.87458,9,233
29,70,2,Carbono/acido sulfurico,0.896005,9,345
29,70,3,Carbono/metano,0.799438,5,146
29,70,4,Silicio/agua,0.814306,6,339
29,70,5,Silicio/acido sulfurico,0.90485,9,460
29,75,0,Carbono/agua,0.848393,7,375
29,75,1,Carbono/amonia,0.879415,10,266
29,75,2,Carbono/acido sulfurico,0.924861,9,404
29,75,3,Carbono/metano,0.802757,5,167
29,75,4,Silicio/agua,0.825658,6,387
29,75,5,Silicio/acido sulfurico,0.960488,10,524
29,80,0,Carbono/agua,0.861939,7,425
29,80,1,Carbono/amonia,0.916925,10,301
29,80,2,Carbono/acido sulfurico,0.925906,10,468
29,80,3,Carbono/metano,0.82855,5,189
29,80,4,Silicio/agua,0.856731,8,439
29,80,5,Silicio/acido sulfurico,0.960488,10,593
29,85,0,Carbono/agua,0.904219,7,481
29,85,1,Carbono/amonia,0.916925,10,340
29,85,2,Carbono/acido sulfurico,0.925906,10,539
29,85,3,Carbono/metano,0.82855,6,214
29,85,4,Silicio/agua,0.856731,9,496
29,85,5,Silicio/acido sulfurico,0.960488,10,671
29,90,0,Carbono/agua,0.914514,7,544
29,90,1,Carbono/amonia,0.916925,10,383
29,90,2,Carbono/acido sulfurico,0.925906,10,618
29,90,3,Carbono/metano,0.843676,6,243
29,90,4,Silicio/agua,0.868551,10,559
29,90,5,Silicio/acido sulfurico,1,10,756
29,95,0,Carbono/agua,0.914514,7,611
29,95,1,Carbono/amonia,0.9304,10,429
29,95,2,Carbono/acido sulfurico,0.934406,10,705
29,95,3,Carbono/metano,0.846914,7,274
29,95,4,Silicio/agua,0.885735,10,631
29,95,5,Silicio/acido sulfurico,1,10,853
29,100,0,Carbono/agua,0.949161,7,686
29,100,1,Carbono/amonia,0.936274,10,482
29,100,2,Carbono/acido sulfurico,0.954329,10,801
29,100,3,Carbono/metano,0.855664,7,307
29,100,4,Silicio/agua,0.898462,9,678
29,100,5,Silicio/acido sulfurico,1,10,957
29,105,0,Carbono/agua,0.949161,8,768
29,105,1,Carbono/amonia,0.941021,10,540
29,105,2,Carbono/acido sulfurico,0.954329,10,907
29,105,3,Carbono/metano,0.86363,7,344
29,105,4,Silicio/agua,0.906958,10,722
29,105,5,Silicio/acido sulfurico,1,10,1073
29,110,0,Carbono/agua,0.949161,8,860
29,110,1,Carbono/amonia,0.942174,10,602
29,110,2,Carbono/acido sulfurico,0.954329,10,1023
29,110,3,Carbono/metano,0.86363,9,384
29,110,4,Silicio/agua,0.931188,10,769
29,110,5,Silicio/acido sulfurico,1,10,1201
29,115,0,Carbono/agua,0.974186,8,961
29,115,1,Carbono/amonia,0.942174,10,673
29,115,2,Carbono/acido sulfurico,0.954329,10,1151
29,115,3,Carbono/metano,0.883898,10,430
29,115,4,Silicio/agua,0.931202,10,822
29,115,5,Silicio/acido sulfurico,0.988807,4,1342
29,120,0,Carbono/agua,0.98602,8,1072
29,120,1,Carbono/amonia,0.942174,10,750
29,120,2,Carbono/acido sulfurico,0.954329,8,1250
29,120,3,Carbono/metano,0.933914,10,479
29,120,4,Silicio/agua,0.931202,10,880
29,120,5,Silicio/acido sulfurico,0.988807,9,1420
29,125,0,Carbono/agua,0.98602,9,1193
29,125,1,Carbono/amonia,0.942174,10,833
29,125,2,Carbono/acido sulfurico,0.954329,9,1329
29,125,3,Carbono/metano,0.933914,10,534
29,125,4,Silicio/agua,0.9459,10,1007
29,125,5,Silicio/acido sulfurico,0.988807,9,1507
29,130,0,Carbono/agua,0.98602,9,1327
29,130,1,Carbono/amonia,0.954329,10,926
29,130,2,Carbono/acido sulfurico,0.954329,9,1417
29,130,3,Carbono/metano,0.959315,10,595
29,130,4,Silicio/agua,0.988807,10,1149
29,130,5,Silicio/acido sulfurico,1,9,1603
29,135,0,Carbono/agua,0.98602,9,1476
29,135,1,Carbono/amonia,0.954329,10,1027
29,135,2,Carbono/acido sulfurico,0.954329,10,1512
29,135,3,Carbono/metano,0.959315,10,662
29,135,4,Silicio/agua,1,10,1303
29,135,5,Silicio/acido sulfurico,1,9,1707
29,140,0,Carbono/agua,0.98602,9,1641
29,140,1,Carbono/amonia,0.954329,10,1138
29,140,2,Carbono/acido sulfurico,0.954329,10,1616
29,140,3,Carbono/metano,0.959315,10,734
29,140,4,Silicio/agua,1,10,1474
29,140,5,Silicio/acido sulfurico,1,10,1843
29,145,0,Carbono/agua,0.98602,9,1822
29,145,1,Carbono/amonia,0.954329,10,1248
29,145,2,Carbono/acido sulfurico,0.954329,10,1804
29,145,3,Carbono/metano,0.959315,10,804
29,145,4,Silicio/agua,1,10,1664
29,145,5,Silicio/acido sulfurico,1,10,2070
29,150,0,Carbono/agua,0.98602,9,2023
29,150,1,Carbono/amonia,0.954329,10,1359
29,150,2,Carbono/acido sulfurico,0.954329,10,2010
29,150,3,Carbono/metano,0.959315,10,875
29,150,4,Silicio/agua,1,10,1874
29,150,5,Silicio/acido sulfurico,1,10,2295
29,155,0,Carbono/agua,0.98602,9,2178
29,155,1,Carbono/amonia,0.954329,10,1470
29,155,2,Carbono/acido sulfurico,0.954329,10,2216
29,155,3,Carbono/metano,0.959315,10,946
29,155,4,Silicio/agua,1,10,2104
29,155,5,Silicio/acido sulfurico,1,10,2520
29,160,0,Carbono/agua,0.98602,9,2299
29,160,1,Carbono/amonia,0.954329,10,1582
29,160,2,Carbono/acido sulfurico,0.954329,10,2421
29,160,3,Carbono/metano,0.959315,10,1018
29,160,4,Silicio/agua,1,10,2358
29,160,5,Silicio/acido sulfurico,1,10,2745
29,165,0,Carbono/agua,0.98602,9,2434
29,165,1,Carbono/amonia,0.954329,10,1692
29,165,2,Carbono/acido sulfurico,0.954329,10,2627
29,165,3,Carbono/metano,0.959315,10,1090
29,165,4,Silicio/agua,1,10,2639
29,165,5,Silicio/acido sulfurico,1,9,2903
29,170,0,Carbono/agua,0.98602,9,2584
29,170,1,Carbono/amonia,0.954329,10,1803
29,170,2,Carbono/acido sulfurico,0.954329,10,2833
29,170,3,Carbono/metano,0.959315,10,1160
29,170,4,Silicio/agua,1,10,2948
29,170,5,Silicio/acido sulfurico,1,9,3016
29,175,0,Carbono/agua,0.98602,9,2748
29,175,1,Carbono/amonia,0.954329,10,1915
29,175,2,Carbono/acido sulfurico,0.954329,10,3039
29,175,3,Carbono/metano,0.959315,10,1230
29,175,4,Silicio/agua,1,10,3291
29,175,5,Silicio/acido sulfurico,1,9,3128
29,180,0,Carbono/agua,0.98602,9,3077
29,180,1,Carbono/amonia,0.954329,10,2026
29,180,2,Carbono/acido sulfurico,0.954329,10,3245
29,180,3,Carbono/metano,0.959315,10,1304
29,180,4,Silicio/agua,1,10,3669
29,180,5,Silicio/acido sulfurico,1,9,3238
29,185,0,Carbono/agua,0.98602,10,3480
29,185,1,Carbono/amonia,0.954329,10,2136
29,185,2,Carbono/acido sulfurico,0.954329,10,3451
29,185,3,Carbono/metano,0.959315,10,1374
29,185,4,Silicio/agua,1,10,4085
29,185,5,Silicio/acido sulfurico,1,9,3350
29,190,0,Carbono/agua,0.98602,10,3924
29,190,1,Carbono/amonia,0.954329,10,2246
29,190,2,Carbono/acido sulfurico,0.959315,10,3656
29,190,3,Carbono/metano,0.959315,10,1444
29,190,4,Silicio/agua,1,10,4546
29,190,5,Silicio/acido sulfurico,1,9,3553
29,195,0,Carbono/agua,0.98783,10,4414
29,195,1,Carbono/amonia,0.954329,10,2356
29,195,2,Carbono/acido sulfurico,0.959315,10,3862
29,195,3,Carbono/metano,0.959315,10,1515
29,195,4,Silicio/agua,1,10,5055
29,195,5,Silicio/acido sulfurico,1,9,3779
29,200,0,Carbono/agua,0.98783,10,4945
29,200,1,Carbono/amonia,0.954329,10,2466
29,200,2,Carbono/acido sulfurico,0.959315,10,4069
29,200,3,Carbono/metano,0.959315,10,1586
29,200,4,Silicio/agua,1,10,5607
29,200,5,Silicio/acido sulfurico,1,10,4004
29,205,0,Carbono/agua,0.98783,10,5481
29,205,1,Carbono/amonia,0.954329,10,2578
29,205,2,Carbono/acido sulfurico,0.959315,10,4274
29,205,3,Carbono/metano,0.959315,10,1658
29,205,4,Silicio/agua,1,10,6163
29,205,5,Silicio/acido sulfurico,1,10,4230
29,210,0,Carbono/agua,0.98783,8,5803
29,210,1,Carbono/amonia,0.954329,10,2688
29,210,2,Carbono/acido sulfurico,0.959315,10,4479
29,210,3,Carbono/metano,0.959315,10,1730
29,210,4,Silicio/agua,1,10,6719
29,210,5,Silicio/acido sulfurico,1,10,4455
29,215,0,Carbono/agua,0.98783,9,6070
29,215,1,Carbono/amonia,0.954329,10,2798
29,215,2,Carbono/acido sulfurico,0.959315,10,4684
29,215,3,Carbono/metano,0.959315,10,1800
29,215,4,Silicio/agua,1,10,7277
29,215,5,Silicio/acido sulfurico,1,10,4683
29,220,0,Carbono/agua,0.98783,10,6338
29,220,1,Carbono/amonia,0.954329,10,2908
29,220,2,Carbono/acido sulfurico,0.959315,10,4889
29,220,3,Carbono/metano,0.959315,10,1871
29,220,4,Silicio/agua,1,10,7832
29,220,5,Silicio/acido sulfurico,1,10,4909
29,225,0,Carbono/agua,0.98783,10,6605
29,225,1,Carbono/amonia,0.955737,10,3018
29,225,2,Carbono/acido sulfurico,0.959315,10,5095
29,225,3,Carbono/metano,0.959315,10,1943
29,225,4,Silicio/agua,1,10,8388
29,225,5,Silicio/acido sulfurico,1,10,5136
29,230,0,Carbono/agua,0.98783,10,6874
29,230,1,Carbono/amonia,0.955737,10,3129
29,230,2,Carbono/acido sulfurico,0.959315,10,5301
29,230,3,Carbono/metano,0.950564,9,1999
29,230,4,Silicio/agua,1,10,8944
29,230,5,Silicio/acido sulfurico,1,10,5363
29,235,0,Carbono/agua,0.98783,10,7411
29,235,1,Carbono/amonia,0.955737,10,3240
29,235,2,Carbono/acido sulfurico,0.959315,10,5507
29,235,3,Carbono/metano,0.950564,10,2034
29,235,4,Silicio/agua,1,10,9500
29,235,5,Silicio/acido sulfurico,1,10,5588
29,240,0,Carbono/agua,0.98783,10,7948
29,240,1,Carbono/amonia,0.955737,10,3351
29,240,2,Carbono/acido sulfurico,0.959315,10,5713
29,240,3,Carbono/metano,0.950564,10,2069
29,240,4,Silicio/agua,1,10,10056
29,240,5,Silicio/acido sulfurico,1,10,5814
29,245,0,Carbono/agua,0.98783,10,8483
29,245,1,Carbono/amonia,0.955737,10,3461
29,245,2,Carbono/acido sulfurico,0.959315,10,5918
29,245,3,Carbono/metano,0.950564,10,2105
29,245,4,Silicio/agua,1,10,10613
29,245,5,Silicio/acido sulfurico,1,10,6041
29,250,0,Carbono/agua,0.98783,10,9018
29,250,1,Carbono/amonia,0.955737,10,3572
29,250,2,Carbono/acido sulfurico,0.959315,10,6124
29,250,3,Carbono/metano,0.950564,10,2140
29,250,4,Silicio/agua,1,10,11169
29,250,5,Silicio/acido sulfurico,1,10,6266
29,255,0,Carbono/agua,0.98783,10,9553
29,255,1,Carbono/amonia,0.955737,6,3682
29,255,2,Carbono/acido sulfurico,0.959315,10,6330
29,255,3,Carbono/metano,0.950564,10,2198
29,255,4,Silicio/agua,1,10,11725
29,255,5,Silicio/acido sulfurico,1,10,6492
29,260,0,Carbono/agua,0.98783,10,10089
29,260,1,Carbono/amonia,0.971533,10,3738
29,260,2,Carbono/acido sulfurico,0.959315,10,6537
29,260,3,Carbono/metano,0.950564,10,2270
29,260,4,Silicio/agua,1,10,12281
29,260,5,Silicio/acido sulfurico,1,10,6718
29,265,0,Carbono/agua,0.98783,10,10624
29,265,1,Carbono/amonia,0.971533,10,3793
29,265,2,Carbono/acido sulfurico,0.959315,10,6744
29,265,3,Carbono/metano,0.954291,10,2344
29,265,4,Silicio/agua,1,10,12838
29,265,5,Silicio/acido sulfurico,1,10,6944
29,270,0,Carbono/agua,0.98783,10,11161
29,270,1,Carbono/amonia,0.971533,10,3849
29,270,2,Carbono/acido sulfurico,0.959315,10,6950
29,270,3,Carbono/metano,0.954291,10,2416
29,270,4,Silicio/agua,1,10,13394
29,270,5,Silicio/acido sulfurico,1,10,7169
29,275,0,Carbono/agua,0.98783,10,11696
29,275,1,Carbono/amonia,0.971533,10,3905
29,275,2,Carbono/acido sulfurico,0.959315,10,7157
29,275,3,Carbono/metano,0.954291,10,2486
29,275,4,Silicio/agua,1,10,13949
29,275,5,Silicio/acido sulfurico,1,10,7394
29,280,0,Carbono/agua,0.98783,10,12233
29,280,1,Carbono/amonia,0.971533,10,3972
29,280,2,Carbono/acido sulfurico,0.959315,10,7363
29,280,3,Carbono/metano,0.954291,10,2556
29,280,4,Silicio/agua,1,10,14506
29,280,5,Silicio/acido sulfurico,1,10,7619
29,285,0,Carbono/agua,0.98783,10,12769
29,285,1,Carbono/amonia,0.971533,10,4082
29,285,2,Carbono/acido sulfurico,0.959315,10,7569
29,285,3,Carbono/metano,0.954291,10,2627
29,285,4,Silicio/agua,1,10,15063
29,285,5,Silicio/acido sulfurico,1,10,7844
29,290,0,Carbono/agua,0.98783,10,13305
29,290,1,Carbono/amonia,0.971533,10,4194
29,290,2,Carbono/acido sulfurico,0.959315,10,7775
29,290,3,Carbono/metano,0.954291,10,2697
29,290,4,Silicio/agua,1,10,15620
29,290,5,Silicio/acido sulfurico,1,10,8069
29,295,0,Carbono/agua,0.98783,10,13842
29,295,1,Carbono/amonia,1,10,4306
29,295,2,Carbono/acido sulfurico,0.959315,10,7982
29,295,3,Carbono/metano,0.954291,10,2768
29,295,4,Silicio/agua,1,10,16177
29,295,5,Silicio/acido sulfurico,1,10,8295
29,300,0,Carbono/agua,0.98783,10,14378
29,300,1,Carbono/amonia,1,10,4418
29,300,2,Carbono/acido sulfurico,0.959315,10,8187
29,300,3,Carbono/metano,0.954291,10,2840
29,300,4,Silicio/agua,1,10,16735
29,300,5,Silicio/acido sulfurico,1,10,8521
30,0,0,Carbono/agua,0.542321,1,2
30,0,1,Carbono/amonia,0.583782,1,2
30,0,2,Carbono/acido sulfurico,0.527626,1,2
30,0,3,Carbono/metano,0.566614,1,1
30,0,4,Silicio/agua,0.523538,1,2
30,0,5,Silicio/acido sulfurico,0.505018,1,3
30,5,0,Carbono/agua,0.705113,2,14
30,5,1,Carbono/amonia,0.583782,1,9
30,5,2,Carbono/acido sulfurico,0.676921,2,17
30,5,3,Carbono/metano,0.633001,2,6
30,5,4,Silicio/agua,0.608047,1,15
30,5,5,Silicio/acido sulfurico,0.66316,2,19
30,10,0,Carbono/agua,0.705113,2,26
30,10,1,Carbono/amonia,0.583782,1,17
30,10,2,Carbono/acido sulfurico,0.676921,2,32
30,10,3,Carbono/metano,0.698147,2,11
30,10,4,Silicio/agua,0.608902,1,28
30,10,5,Silicio/acido sulfurico,0.821621,3,36
30,15,0,Carbono/agua,0.735659,2,40
30,15,1,Carbono/amonia,0.583782,1,24
30,15,2,Carbono/acido sulfurico,0.676921,2,50
30,15,3,Carbono/metano,0.698147,2,20
30,15,4,Silicio/agua,0.613523,2,42
30,15,5,Silicio/acido sulfurico,0.830406,3,56
30,20,0,Carbono/agua,0.78221,2,56
30,20,1,Carbono/amonia,0.583782,2,29
30,20,2,Carbono/acido sulfurico,0.71879,2,70
30,20,3,Carbono/metano,0.702776,2,26
30,20,4,Silicio/agua,0.613523,2,58
30,20,5,Silicio/acido sulfurico,0.860756,4,76
30,25,0,Carbono/agua,0.78221,2,74
30,25,1,Carbono/amonia,0.587441,3,35
30,25,2,Carbono/acido sulfurico,0.71879,3,93
30,25,3,Carbono/metano,0.702776,2,33
30,25,4,Silicio/agua,0.613523,1,75
30,25,5,Silicio/acido sulfurico,0.872672,4,101
30,30,0,Carbono/agua,0.78221,2,94
30,30,1,Carbono/amonia,0.619583,3,40
30,30,2,Carbono/acido sulfurico,0.71879,4,118
30,30,3,Carbono/metano,0.702776,2,43
30,30,4,Silicio/agua,0.613523,2,84
30,30,5,Silicio/acido sulfurico,0.90747,4,126
30,35,0,Carbono/agua,0.782785,2,115
30,35,1,Carbono/amonia,0.619583,3,46
30,35,2,Carbono/acido sulfurico,0.71879,5,144
30,35,3,Carbono/metano,0.709461,2,53
30,35,4,Silicio/agua,0.613523,2,94
30,35,5,Silicio/acido sulfurico,0.933511,4,156
30,40,0,Carbono/agua,0.785628,3,138
30,40,1,Carbono/amonia,0.707672,4,62
30,40,2,Carbono/acido sulfurico,0.71879,5,172
30,40,3,Carbono/metano,0.709461,2,63
30,40,4,Silicio/agua,0.66413,2,105
30,40,5,Silicio/acido sulfurico,0.933511,5,188
30,45,0,Carbono/agua,0.820885,4,164
30,45,1,Carbono/amonia,0.669918,3,76
30,45,2,Carbono/acido sulfurico,0.75104,5,202
30,45,3,Carbono/metano,0.709461,2,75
30,45,4,Silicio/agua,0.636301,0,117
30,45,5,Silicio/acido sulfurico,0.933511,6,224
30,50,0,Carbono/agua,0.820885,5,192
30,50,1,Carbono/amonia,0.672168,3,86
30,50,2,Carbono/acido sulfurico,0.825773,6,237
30,50,3,Carbono/metano,0.709461,2,86
30,50,4,Silicio/agua,0.658604,1,131
30,50,5,Silicio/acido sulfurico,0.952753,6,264
30,55,0,Carbono/agua,0.820885,5,222
30,55,1,Carbono/amonia,0.672168,3,96
30,55,2,Carbono/acido sulfurico,0.825773,8,278
30,55,3,Carbono/metano,0.709461,2,98
30,55,4,Silicio/agua,0.658604,1,146
30,55,5,Silicio/acido sulfurico,0.952753,7,307
30,60,0,Carbono/agua,0.820885,5,256
30,60,1,Carbono/amonia,0.74183,3,108
30,60,2,Carbono/acido sulfurico,0.825773,8,321
30,60,3,Carbono/metano,0.709461,2,106
30,60,4,Silicio/agua,0.6729,2,165
30,60,5,Silicio/acido sulfurico,0.952753,7,354
30,65,0,Carbono/agua,0.820885,5,294
30,65,1,Carbono/amonia,0.74183,3,119
30,65,2,Carbono/acido sulfurico,0.825773,10,368
30,65,3,Carbono/metano,0.712173,2,116
30,65,4,Silicio/agua,0.736136,2,185
30,65,5,Silicio/acido sulfurico,0.952753,7,408
30,70,0,Carbono/agua,0.820885,6,335
30,70,1,Carbono/amonia,0.74183,3,143
30,70,2,Carbono/acido sulfurico,0.825773,10,421
30,70,3,Carbono/metano,0.712173,2,125
30,70,4,Silicio/agua,0.736136,2,211
30,70,5,Silicio/acido sulfurico,0.971104,7,466
30,75,0,Carbono/agua,0.883279,7,380
30,75,1,Carbono/amonia,0.775235,4,173
30,75,2,Carbono/acido sulfurico,0.839377,10,478
30,75,3,Carbono/metano,0.712173,3,135
30,75,4,Silicio/agua,0.736136,2,257
30,75,5,Silicio/acido sulfurico,0.971104,7,530
30,80,0,Carbono/agua,0.883279,7,430
30,80,1,Carbono/amonia,0.775235,4,208
30,80,2,Carbono/acido sulfurico,0.881234,10,543
30,80,3,Carbono/metano,0.729119,3,151
30,80,4,Silicio/agua,0.836576,4,309
30,80,5,Silicio/acido sulfurico,0.971104,7,600
30,85,0,Carbono/agua,0.895063,7,485
30,85,1,Carbono/amonia,0.775235,5,246
30,85,2,Carbono/acido sulfurico,0.881234,10,615
30,85,3,Carbono/metano,0.729119,4,176
30,85,4,Silicio/agua,0.836576,4,367
30,85,5,Silicio/acido sulfurico,0.971104,7,678
30,90,0,Carbono/agua,0.895063,7,547
30,90,1,Carbono/amonia,0.846877,5,287
30,90,2,Carbono/acido sulfurico,0.881234,10,692
30,90,3,Carbono/metano,0.733884,4,203
30,90,4,Silicio/agua,0.87702,5,429
30,90,5,Silicio/acido sulfurico,0.971104,7,764
30,95,0,Carbono/agua,0.895063,8,616
30,95,1,Carbono/amonia,0.846877,5,333
30,95,2,Carbono/acido sulfurico,0.920298,10,778
30,95,3,Carbono/metano,0.733884,4,234
30,95,4,Silicio/agua,0.880427,5,499
30,95,5,Silicio/acido sulfurico,0.982287,7,859
30,100,0,Carbono/agua,0.913583,8,689
30,100,1,Carbono/amonia,0.918933,5,383
30,100,2,Carbono/acido sulfurico,0.920298,10,874
30,100,3,Carbono/metano,0.748232,4,265
30,100,4,Silicio/agua,0.929922,5,576
30,100,5,Silicio/acido sulfurico,0.982287,7,964
30,105,0,Carbono/agua,0.938937,8,772
30,105,1,Carbono/amonia,0.918933,6,439
30,105,2,Carbono/acido sulfurico,0.920298,10,979
30,105,3,Carbono/metano,0.748232,4,301
30,105,4,Silicio/agua,0.929922,5,663
30,105,5,Silicio/acido sulfurico,0.98783,8,1080
30,110,0,Carbono/agua,0.938937,8,865
30,110,1,Carbono/amonia,0.918933,6,501
30,110,2,Carbono/acido sulfurico,0.95614,10,1094
30,110,3,Carbono/metano,0.762838,4,343
30,110,4,Silicio/agua,0.929922,7,758
30,110,5,Silicio/acido sulfurico,0.98783,8,1209
30,115,0,Carbono/agua,0.938937,9,966
30,115,1,Carbono/amonia,0.92434,6,571
30,115,2,Carbono/acido sulfurico,0.95614,10,1223
30,115,3,Carbono/metano,0.762838,4,389
30,115,4,Silicio/agua,0.933328,7,864
30,115,5,Silicio/acido sulfurico,0.98783,8,1351
30,120,0,Carbono/agua,0.938937,9,1077
30,120,1,Carbono/amonia,0.952753,7,648
30,120,2,Carbono/acido sulfurico,0.95614,10,1365
30,120,3,Carbono/metano,0.776907,4,438
30,120,4,Silicio/agua,0.933328,7,979
30,120,5,Silicio/acido sulfurico,0.98783,9,1506
30,125,0,Carbono/agua,0.938937,9,1198
30,125,1,Carbono/amonia,0.958332,7,732
30,125,2,Carbono/acido sulfurico,0.95614,10,1522
30,125,3,Carbono/metano,0.783221,4,493
30,125,4,Silicio/agua,0.933328,8,1106
30,125,5,Silicio/acido sulfurico,0.98783,9,1677
30,130,0,Carbono/agua,0.953527,9,1334
30,130,1,Carbono/amonia,0.958332,7,825
30,130,2,Carbono/acido sulfurico,0.982287,10,1695
30,130,3,Carbono/metano,0.783221,4,552
30,130,4,Silicio/agua,0.933328,8,1246
30,130,5,Silicio/acido sulfurico,0.98783,9,1867
30,135,0,Carbono/agua,0.959598,9,1484
30,135,1,Carbono/amonia,0.96279,7,928
30,135,2,Carbono/acido sulfurico,0.98783,10,1886
30,135,3,Carbono/metano,0.787751,4,619
30,135,4,Silicio/agua,0.933328,9,1401
30,135,5,Silicio/acido sulfurico,0.98783,9,2076
30,140,0,Carbono/agua,0.959598,9,1650
30,140,1,Carbono/amonia,0.96279,7,1040
30,140,2,Carbono/acido sulfurico,0.98783,10,2091
30,140,3,Carbono/metano,0.797224,4,690
30,140,4,Silicio/agua,0.933328,10,1573
30,140,5,Silicio/acido sulfurico,0.98783,9,2302
30,145,0,Carbono/agua,0.959598,10,1832
30,145,1,Carbono/amonia,0.971104,7,1150
30,145,2,Carbono/acido sulfurico,0.98783,10,2297
30,145,3,Carbono/metano,0.810743,4,762
30,145,4,Silicio/agua,0.933328,10,1761
30,145,5,Silicio/acido sulfurico,0.98783,9,2527
30,150,0,Carbono/agua,0.959598,10,2034
30,150,1,Carbono/amonia,0.971104,7,1260
30,150,2,Carbono/acido sulfurico,0.98783,10,2503
30,150,3,Carbono/metano,0.810743,4,833
30,150,4,Silicio/agua,0.933328,10,1968
30,150,5,Silicio/acido sulfurico,0.98783,10,2753
30,155,0,Carbono/agua,0.959598,10,2256
30,155,1,Carbono/amonia,0.971104,8,1370
30,155,2,Carbono/acido sulfurico,0.98783,10,2708
30,155,3,Carbono/metano,0.833081,4,905
30,155,4,Silicio/agua,0.933328,10,2198
30,155,5,Silicio/acido sulfurico,0.98783,10,2979
30,160,0,Carbono/agua,0.959598,10,2501
30,160,1,Carbono/amonia,0.971104,8,1481
30,160,2,Carbono/acido sulfurico,0.98783,10,2914
30,160,3,Carbono/metano,0.833081,4,977
30,160,4,Silicio/agua,0.933328,10,2452
30,160,5,Silicio/acido sulfurico,0.98783,10,3205
30,165,0,Carbono/agua,0.959598,10,2772
30,165,1,Carbono/amonia,0.976647,8,1591
30,165,2,Carbono/acido sulfurico,0.98783,10,3120
30,165,3,Carbono/metano,0.833081,6,1050
30,165,4,Silicio/agua,0.933328,10,2732
30,165,5,Silicio/acido sulfurico,0.98783,10,3430
30,170,0,Carbono/agua,0.959598,10,3071
30,170,1,Carbono/amonia,0.976647,8,1702
30,170,2,Carbono/acido sulfurico,0.98783,10,3325
30,170,3,Carbono/metano,0.833081,6,1121
30,170,4,Silicio/agua,0.933328,10,3042
30,170,5,Silicio/acido sulfurico,0.98783,10,3655
30,175,0,Carbono/agua,0.98783,10,3401
30,175,1,Carbono/amonia,0.976647,8,1812
30,175,2,Carbono/acido sulfurico,0.98783,10,3530
30,175,3,Carbono/metano,0.833081,7,1192
30,175,4,Silicio/agua,0.958114,10,3385
30,175,5,Silicio/acido sulfurico,0.98783,10,3880
30,180,0,Carbono/agua,0.98783,10,3765
30,180,1,Carbono/amonia,0.982287,8,1922
30,180,2,Carbono/acido sulfurico,0.98783,10,3736
30,180,3,Carbono/metano,0.833081,7,1262
30,180,4,Silicio/agua,0.958114,10,3763
30,180,5,Silicio/acido sulfurico,0.98783,9,4038
30,185,0,Carbono/agua,0.98783,10,4167
30,185,1,Carbono/amonia,0.98783,8,2033
30,185,2,Carbono/acido sulfurico,0.98783,10,3941
30,185,3,Carbono/metano,0.833081,7,1334
30,185,4,Silicio/agua,0.958114,10,4181
30,185,5,Silicio/acido sulfurico,0.98783,9,4150
30,190,0,Carbono/agua,0.98783,10,4611
30,190,1,Carbono/amonia,0.98783,8,2143
30,190,2,Carbono/acido sulfurico,0.98783,10,4146
30,190,3,Carbono/metano,0.833081,7,1406
30,190,4,Silicio/agua,0.958114,10,4642
30,190,5,Silicio/acido sulfurico,0.98783,9,4264
30,195,0,Carbono/agua,0.98783,10,5102
30,195,1,Carbono/amonia,0.98783,9,2253
30,195,2,Carbono/acido sulfurico,0.98783,10,4353
30,195,3,Carbono/metano,0.833081,7,1477
30,195,4,Silicio/agua,0.958114,10,5151
30,195,5,Silicio/acido sulfurico,0.98783,9,4378
30,200,0,Carbono/agua,0.98783,10,5633
30,200,1,Carbono/amonia,0.98783,9,2364
30,200,2,Carbono/acido sulfurico,0.98783,10,4558
30,200,3,Carbono/metano,0.833081,7,1547
30,200,4,Silicio/agua,0.965586,10,5703
30,200,5,Silicio/acido sulfurico,0.98783,9,4489
30,205,0,Carbono/agua,0.98783,10,6168
30,205,1,Carbono/amonia,0.98783,9,2475
30,205,2,Carbono/acido sulfurico,0.98783,10,4764
30,205,3,Carbono/metano,0.86832,7,1617
30,205,4,Silicio/agua,0.965586,10,6259
30,205,5,Silicio/acido sulfurico,0.98783,9,4693
30,210,0,Carbono/agua,0.98783,10,6704
30,210,1,Carbono/amonia,0.98783,9,2586
30,210,2,Carbono/acido sulfurico,0.98783,10,4972
30,210,3,Carbono/metano,0.86832,7,1681
30,210,4,Silicio/agua,0.965586,10,6817
30,210,5,Silicio/acido sulfurico,0.98783,9,4918
30,215,0,Carbono/agua,0.98783,10,7241
30,215,1,Carbono/amonia,0.98783,9,2700
30,215,2,Carbono/acido sulfurico,0.98783,10,5179
30,215,3,Carbono/metano,0.86832,8,1718
30,215,4,Silicio/agua,0.965586,10,7373
30,215,5,Silicio/acido sulfurico,0.98783,9,5144
30,220,0,Carbono/agua,0.98783,10,7777
30,220,1,Carbono/amonia,0.98783,9,2810
30,220,2,Carbono/acido sulfurico,0.98783,10,5385
30,220,3,Carbono/metano,0.86832,8,1753
30,220,4,Silicio/agua,0.965586,10,7931
30,220,5,Silicio/acido sulfurico,0.98783,9,5371
30,225,0,Carbono/agua,0.98783,10,8314
30,225,1,Carbono/amonia,0.98783,9,2922
30,225,2,Carbono/acido sulfurico,0.98783,10,5591
30,225,3,Carbono/metano,0.86832,8,1788
30,225,4,Silicio/agua,0.965586,10,8487
30,225,5,Silicio/acido sulfurico,0.98783,9,5596
30,230,0,Carbono/agua,0.98783,10,8850
30,230,1,Carbono/amonia,0.98783,10,3033
30,230,2,Carbono/acido sulfurico,0.98783,10,5797
30,230,3,Carbono/metano,0.86832,8,1825
30,230,4,Silicio/agua,0.965586,10,9043
30,230,5,Silicio/acido sulfurico,0.98783,9,5822
30,235,0,Carbono/agua,0.98783,10,9386
30,235,1,Carbono/amonia,0.98783,10,3144
30,235,2,Carbono/acido sulfurico,0.98783,10,6003
30,235,3,Carbono/metano,0.87297,8,1874
30,235,4,Silicio/agua,0.965586,10,9599
30,235,5,Silicio/acido sulfurico,0.98783,9,6049
30,240,0,Carbono/agua,0.98783,10,9922
30,240,1,Carbono/amonia,0.98783,10,3254
30,240,2,Carbono/acido sulfurico,0.98783,10,6208
30,240,3,Carbono/metano,0.88614,8,1946
30,240,4,Silicio/agua,0.965586,10,10157
30,240,5,Silicio/acido sulfurico,0.98783,9,6274
30,245,0,Carbono/agua,0.98783,10,10458
30,245,1,Carbono/amonia,0.98783,10,3367
30,245,2,Carbono/acido sulfurico,0.98783,10,6415
30,245,3,Carbono/metano,0.88614,8,2016
30,245,4,Silicio/agua,0.965586,10,10714
30,245,5,Silicio/acido sulfurico,0.98783,9,6500
30,250,0,Carbono/agua,0.98783,10,10993
30,250,1,Carbono/amonia,0.98783,10,3477
30,250,2,Carbono/acido sulfurico,0.98783,10,6621
30,250,3,Carbono/metano,0.88614,8,2086
30,250,4,Silicio/agua,0.967455,10,11271
30,250,5,Silicio/acido sulfurico,0.98783,9,6726
30,255,0,Carbono/agua,0.98783,10,11529
30,255,1,Carbono/amonia,0.98783,10,3588
30,255,2,Carbono/acido sulfurico,0.98783,10,6826
30,255,3,Carbono/metano,0.88614,8,2159
30,255,4,Silicio/agua,0.967455,10,11826
30,255,5,Silicio/acido sulfurico,0.98783,9,6952
30,260,0,Carbono/agua,0.98783,10,12066
30,260,1,Carbono/amonia,0.98783,10,3698
30,260,2,Carbono/acido sulfurico,0.98783,10,7031
30,260,3,Carbono/metano,0.913613,10,2229
30,260,4,Silicio/agua,0.975909,10,12382
30,260,5,Silicio/acido sulfurico,0.98783,9,7178
30,265,0,Carbono/agua,0.98783,10,12602
30,265,1,Carbono/amonia,0.98783,10,3808
30,265,2,Carbono/acido sulfurico,0.98783,10,7236
30,265,3,Carbono/metano,0.929271,10,2301
30,265,4,Silicio/agua,0.976282,10,12939
30,265,5,Silicio/acido sulfurico,0.98783,9,7404
30,270,0,Carbono/agua,0.98783,10,13138
30,270,1,Carbono/amonia,0.98783,10,3919
30,270,2,Carbono/acido sulfurico,0.98783,10,7441
30,270,3,Carbono/metano,0.929271,10,2373
30,270,4,Silicio/agua,0.977454,10,13495
30,270,5,Silicio/acido sulfurico,0.98783,9,7631
30,275,0,Carbono/agua,0.98783,10,13674
30,275,1,Carbono/amonia,0.98783,10,4030
30,275,2,Carbono/acido sulfurico,0.98783,10,7646
30,275,3,Carbono/metano,0.929271,10,2444
30,275,4,Silicio/agua,0.980526,10,14051
30,275,5,Silicio/acido sulfurico,0.98783,9,7857
30,280,0,Carbono/agua,0.98783,10,14212
30,280,1,Carbono/amonia,0.98783,10,4141
30,280,2,Carbono/acido sulfurico,0.98783,10,7852
30,280,3,Carbono/metano,0.934739,10,2515
30,280,4,Silicio/agua,0.980526,10,14606
30,280,5,Silicio/acido sulfurico,0.98783,9,8085
30,285,0,Carbono/agua,0.98783,10,14749
30,285,1,Carbono/amonia,0.98783,10,4251
30,285,2,Carbono/acido sulfurico,0.98783,10,8058
30,285,3,Carbono/metano,0.950564,10,2585
30,285,4,Silicio/agua,0.980526,10,15164
30,285,5,Silicio/acido sulfurico,0.98783,9,8310
30,290,0,Carbono/agua,0.98783,10,15284
30,290,1,Carbono/amonia,0.98783,10,4361
30,290,2,Carbono/acido sulfurico,0.98783,10,8263
30,290,3,Carbono/metano,0.950564,10,2657
30,290,4,Silicio/agua,0.982376,10,15721
30,290,5,Silicio/acido sulfurico,0.98783,9,8535
30,295,0,Carbono/agua,0.98783,10,15819
30,295,1,Carbono/amonia,0.98783,10,4472
30,295,2,Carbono/acido sulfurico,0.98783,10,8468
30,295,3,Carbono/metano,0.950564,10,2728
30,295,4,Silicio/agua,0.982376,10,16277
30,295,5,Silicio/acido sulfurico,0.98783,9,8761
30,300,0,Carbono/agua,0.98783,10,16356
30,300,1,Carbono/amonia,0.98783,10,4584
30,300,2,Carbono/acido sulfurico,0.98783,10,8674
30,300,3,Carbono/metano,0.950564,10,2802
30,300,4,Silicio/agua,0.985403,10,16832
30,300,5,Silicio/acido sulfurico,0.98602,7,8918
31,0,0,Carbono/agua,0.645908,2,2
31,0,1,Carbono/amonia,0.54403,1,1
31,0,2,Carbono/acido sulfurico,0.551257,1,3
31,0,3,Carbono/metano,0.535477,1,1
31,0,4,Silicio/agua,0.556967,1,3
31,0,5,Silicio/acido sulfurico,0.486094,1,3
31,5,0,Carbono/agua,0.765196,4,14
31,5,1,Carbono/amonia,0.605301,1,9
31,5,2,Carbono/acido sulfurico,0.533255,1,9
31,5,3,Carbono/metano,0.695017,2,7
31,5,4,Silicio/agua,0.620999,1,15
31,5,5,Silicio/acido sulfurico,0.681798,2,19
31,10,0,Carbono/agua,0.765196,4,28
31,10,1,Carbono/amonia,0.650452,1,16
31,10,2,Carbono/acido sulfurico,0.57368,1,17
31,10,3,Carbono/metano,0.718739,2,13
31,10,4,Silicio/agua,0.703753,1,28
31,10,5,Silicio/acido sulfurico,0.686444,3,37
31,15,0,Carbono/agua,0.793684,5,42
31,15,1,Carbono/amonia,0.650452,1,21
31,15,2,Carbono/acido sulfurico,0.6577,2,26
31,15,3,Carbono/metano,0.718739,2,20
31,15,4,Silicio/agua,0.703753,1,43
31,15,5,Silicio/acido sulfurico,0.716391,3,57
31,20,0,Carbono/agua,0.793684,6,57
31,20,1,Carbono/amonia,0.650452,1,26
31,20,2,Carbono/acido sulfurico,0.6577,3,36
31,20,3,Carbono/metano,0.718739,2,26
31,20,4,Silicio/agua,0.713289,2,60
31,20,5,Silicio/acido sulfurico,0.777914,4,80
31,25,0,Carbono/agua,0.813084,6,75
31,25,1,Carbono/amonia,0.650452,2,32
31,25,2,Carbono/acido sulfurico,0.691142,3,46
31,25,3,Carbono/metano,0.718739,2,35
31,25,4,Silicio/agua,0.713289,2,76
31,25,5,Silicio/acido sulfurico,0.785735,5,103
31,30,0,Carbono/agua,0.813084,6,93
31,30,1,Carbono/amonia,0.650452,2,38
31,30,2,Carbono/acido sulfurico,0.724972,3,67
31,30,3,Carbono/metano,0.718739,2,44
31,30,4,Silicio/agua,0.713289,3,95
31,30,5,Silicio/acido sulfurico,0.785735,5,128
31,35,0,Carbono/agua,0.813084,6,114
31,35,1,Carbono/amonia,0.658492,3,51
31,35,2,Carbono/acido sulfurico,0.748977,3,94
31,35,3,Carbono/metano,0.718739,2,53
31,35,4,Silicio/agua,0.713289,3,116
31,35,5,Silicio/acido sulfurico,0.785735,6,157
31,40,0,Carbono/agua,0.863441,6,136
31,40,1,Carbono/amonia,0.694253,3,66
31,40,2,Carbono/acido sulfurico,0.748977,4,124
31,40,3,Carbono/metano,0.774066,2,63
31,40,4,Silicio/agua,0.720212,3,139
31,40,5,Silicio/acido sulfurico,0.824807,7,190
31,45,0,Carbono/agua,0.867965,6,160
31,45,1,Carbono/amonia,0.709772,3,84
31,45,2,Carbono/acido sulfurico,0.771741,5,156
31,45,3,Carbono/metano,0.780566,4,74
31,45,4,Silicio/agua,0.806421,5,167
31,45,5,Silicio/acido sulfurico,0.824807,7,227
31,50,0,Carbono/agua,0.867965,6,187
31,50,1,Carbono/amonia,0.709772,3,103
31,50,2,Carbono/acido sulfurico,0.776778,5,190
31,50,3,Carbono/metano,0.780566,4,85
31,50,4,Silicio/agua,0.806421,6,196
31,50,5,Silicio/acido sulfurico,0.865157,7,266
31,55,0,Carbono/agua,0.867965,6,218
31,55,1,Carbono/amonia,0.738202,4,123
31,55,2,Carbono/acido sulfurico,0.786608,5,229
31,55,3,Carbono/metano,0.780566,4,98
31,55,4,Silicio/agua,0.844091,6,227
31,55,5,Silicio/acido sulfurico,0.865157,7,309
31,60,0,Carbono/agua,0.894368,6,253
31,60,1,Carbono/amonia,0.738202,4,146
31,60,2,Carbono/acido sulfurico,0.798769,5,273
31,60,3,Carbono/metano,0.805046,5,113
31,60,4,Silicio/agua,0.844091,6,262
31,60,5,Silicio/acido sulfurico,0.865157,8,358
31,65,0,Carbono/agua,0.897907,6,290
31,65,1,Carbono/amonia,0.738202,4,172
31,65,2,Carbono/acido sulfurico,0.810125,5,319
31,65,3,Carbono/metano,0.805046,5,130
31,65,4,Silicio/agua,0.844091,6,302
31,65,5,Silicio/acido sulfurico,0.887267,8,411
31,70,0,Carbono/agua,0.897907,6,331
31,70,1,Carbono/amonia,0.777396,4,200
31,70,2,Carbono/acido sulfurico,0.815454,5,374
31,70,3,Carbono/metano,0.805046,5,146
31,70,4,Silicio/agua,0.86283,6,343
31,70,5,Silicio/acido sulfurico,0.887267,8,469
31,75,0,Carbono/agua,0.902757,7,377
31,75,1,Carbono/amonia,0.77774,4,231
31,75,2,Carbono/acido sulfurico,0.846965,5,433
31,75,3,Carbono/metano,0.805046,6,165
31,75,4,Silicio/agua,0.86283,6,390
31,75,5,Silicio/acido sulfurico,0.887267,9,534
31,80,0,Carbono/agua,0.91697,7,428
31,80,1,Carbono/amonia,0.77774,5,265
31,80,2,Carbono/acido sulfurico,0.880483,6,498
31,80,3,Carbono/metano,0.86614,7,188
31,80,4,Silicio/agua,0.86283,7,442
31,80,5,Silicio/acido sulfurico,0.887267,10,604
31,85,0,Carbono/agua,0.921099,7,483
31,85,1,Carbono/amonia,0.879441,6,303
31,85,2,Carbono/acido sulfurico,0.880483,6,569
31,85,3,Carbono/metano,0.86614,8,213
31,85,4,Silicio/agua,0.882969,7,499
31,85,5,Silicio/acido sulfurico,0.896005,10,683
31,90,0,Carbono/agua,0.921099,7,543
31,90,1,Carbono/amonia,0.879441,7,345
31,90,2,Carbono/acido sulfurico,0.880483,7,647
31,90,3,Carbono/metano,0.868544,8,240
31,90,4,Silicio/agua,0.906188,7,563
31,90,5,Silicio/acido sulfurico,0.908126,10,771
31,95,0,Carbono/agua,0.924586,7,611
31,95,1,Carbono/amonia,0.879441,7,390
31,95,2,Carbono/acido sulfurico,0.880483,7,732
31,95,3,Carbono/metano,0.868544,8,269
31,95,4,Silicio/agua,0.906188,7,633
31,95,5,Silicio/acido sulfurico,0.908126,10,866
31,100,0,Carbono/agua,0.940399,7,686
31,100,1,Carbono/amonia,0.897592,7,443
31,100,2,Carbono/acido sulfurico,0.880483,8,827
31,100,3,Carbono/metano,0.868544,8,301
31,100,4,Silicio/agua,0.919385,8,710
31,100,5,Silicio/acido sulfurico,0.92137,10,971
31,105,0,Carbono/agua,0.940399,6,768
31,105,1,Carbono/amonia,0.897592,9,500
31,105,2,Carbono/acido sulfurico,0.898293,8,933
31,105,3,Carbono/metano,0.868544,9,339
31,105,4,Silicio/agua,0.926516,8,795
31,105,5,Silicio/acido sulfurico,0.92137,10,1087
31,110,0,Carbono/agua,0.940399,6,812
31,110,1,Carbono/amonia,0.897592,10,564
31,110,2,Carbono/acido sulfurico,0.935535,8,1052
31,110,3,Carbono/metano,0.952313,9,379
31,110,4,Silicio/agua,0.926516,8,890
31,110,5,Silicio/acido sulfurico,0.92137,8,1215
31,115,0,Carbono/agua,0.940399,6,862
31,115,1,Carbono/amonia,0.904733,10,635
31,115,2,Carbono/acido sulfurico,0.942103,8,1180
31,115,3,Carbono/metano,0.952313,10,424
31,115,4,Silicio/agua,0.926516,8,993
31,115,5,Silicio/acido sulfurico,0.92137,9,1286
31,120,0,Carbono/agua,0.940399,6,917
31,120,1,Carbono/amonia,0.958114,10,712
31,120,2,Carbono/acido sulfurico,0.953286,8,1322
31,120,3,Carbono/metano,0.952313,10,473
31,120,4,Silicio/agua,0.926516,8,1109
31,120,5,Silicio/acido sulfurico,0.92137,9,1363
31,125,0,Carbono/agua,0.940399,6,978
31,125,1,Carbono/amonia,0.958114,10,796
31,125,2,Carbono/acido sulfurico,0.957404,9,1479
31,125,3,Carbono/metano,0.952313,10,526
31,125,4,Silicio/agua,0.926516,8,1237
31,125,5,Silicio/acido sulfurico,0.92137,9,1450
31,130,0,Carbono/agua,0.940399,6,1059
31,130,1,Carbono/amonia,0.958114,10,889
31,130,2,Carbono/acido sulfurico,0.957404,9,1652
31,130,3,Carbono/metano,0.954549,10,587
31,130,4,Silicio/agua,0.926516,8,1378
31,130,5,Silicio/acido sulfurico,0.932998,10,1545
31,135,0,Carbono/agua,0.964719,7,1207
31,135,1,Carbono/amonia,0.958114,10,991
31,135,2,Carbono/acido sulfurico,0.957644,9,1843
31,135,3,Carbono/metano,0.954549,10,654
31,135,4,Silicio/agua,0.926516,9,1536
31,135,5,Silicio/acido sulfurico,0.932998,10,1672
31,140,0,Carbono/agua,0.964719,7,1372
31,140,1,Carbono/amonia,0.958114,10,1101
31,140,2,Carbono/acido sulfurico,0.98783,9,2048
31,140,3,Carbono/metano,0.963044,10,727
31,140,4,Silicio/agua,0.926516,9,1707
31,140,5,Silicio/acido sulfurico,0.947721,10,1897
31,145,0,Carbono/agua,0.964719,7,1554
31,145,1,Carbono/amonia,0.958114,10,1211
31,145,2,Carbono/acido sulfurico,0.98783,9,2253
31,145,3,Carbono/metano,0.963044,10,799
31,145,4,Silicio/agua,0.926516,9,1895
31,145,5,Silicio/acido sulfurico,0.959315,10,2123
31,150,0,Carbono/agua,0.965586,8,1756
31,150,1,Carbono/amonia,0.958114,10,1321
31,150,2,Carbono/acido sulfurico,0.98783,9,2459
31,150,3,Carbono/metano,0.963044,10,870
31,150,4,Silicio/agua,0.926516,9,2104
31,150,5,Silicio/acido sulfurico,0.959315,10,2348
31,155,0,Carbono/agua,0.965586,8,1977
31,155,1,Carbono/amonia,0.958114,10,1431
31,155,2,Carbono/acido sulfurico,0.98783,9,2666
31,155,3,Carbono/metano,0.963044,10,943
31,155,4,Silicio/agua,0.933425,9,2334
31,155,5,Silicio/acido sulfurico,0.959315,10,2576
31,160,0,Carbono/agua,0.968917,8,2222
31,160,1,Carbono/amonia,0.958114,10,1541
31,160,2,Carbono/acido sulfurico,0.98783,9,2873
31,160,3,Carbono/metano,0.971104,10,1015
31,160,4,Silicio/agua,0.933425,9,2589
31,160,5,Silicio/acido sulfurico,0.959315,10,2802
31,165,0,Carbono/agua,0.968917,8,2494
31,165,1,Carbono/amonia,0.964719,10,1653
31,165,2,Carbono/acido sulfurico,0.98783,9,3079
31,165,3,Carbono/metano,0.971104,10,1086
31,165,4,Silicio/agua,0.933425,9,2869
31,165,5,Silicio/acido sulfurico,0.959315,10,3028
31,170,0,Carbono/agua,0.968917,8,2794
31,170,1,Carbono/amonia,0.964719,10,1767
31,170,2,Carbono/acido sulfurico,0.98783,9,3285
31,170,3,Carbono/metano,0.982287,10,1156
31,170,4,Silicio/agua,0.933425,9,3178
31,170,5,Silicio/acido sulfurico,0.959315,10,3254
31,175,0,Carbono/agua,0.970008,8,3125
31,175,1,Carbono/amonia,0.965586,10,1878
31,175,2,Carbono/acido sulfurico,0.98783,9,3490
31,175,3,Carbono/metano,0.982287,10,1227
31,175,4,Silicio/agua,0.933425,9,3520
31,175,5,Silicio/acido sulfurico,0.959315,10,3479
31,180,0,Carbono/agua,0.979893,8,3488
31,180,1,Carbono/amonia,0.965586,10,1990
31,180,2,Carbono/acido sulfurico,0.98783,9,3696
31,180,3,Carbono/metano,0.982287,10,1299
31,180,4,Silicio/agua,0.933425,9,3900
31,180,5,Silicio/acido sulfurico,0.959315,10,3705
31,185,0,Carbono/agua,0.98602,8,3889
31,185,1,Carbono/amonia,0.965586,10,2101
31,185,2,Carbono/acido sulfurico,0.98783,10,3903
31,185,3,Carbono/metano,0.982287,10,1369
31,185,4,Silicio/agua,0.933425,9,4318
31,185,5,Silicio/acido sulfurico,0.959315,10,3931
31,190,0,Carbono/agua,0.98602,8,4334
31,190,1,Carbono/amonia,0.965586,10,2212
31,190,2,Carbono/acido sulfurico,0.98783,10,4108
31,190,3,Carbono/metano,0.982287,10,1442
31,190,4,Silicio/agua,0.933425,9,4778
31,190,5,Silicio/acido sulfurico,0.959315,10,4157
31,195,0,Carbono/agua,0.98783,8,4824
31,195,1,Carbono/amonia,0.965586,10,2324
31,195,2,Carbono/acido sulfurico,0.98783,10,4314
31,195,3,Carbono/metano,0.982287,10,1513
31,195,4,Silicio/agua,0.933425,9,5285
31,195,5,Silicio/acido sulfurico,0.959315,10,4382
31,200,0,Carbono/agua,0.98783,9,5355
31,200,1,Carbono/amonia,0.965586,10,2437
31,200,2,Carbono/acido sulfurico,0.98783,10,4520
31,200,3,Carbono/metano,0.970008,7,1576
31,200,4,Silicio/agua,0.933425,9,5837
31,200,5,Silicio/acido sulfurico,0.959315,10,4607
31,205,0,Carbono/agua,0.98783,9,5891
31,205,1,Carbono/amonia,0.965586,10,2549
31,205,2,Carbono/acido sulfurico,0.98783,10,4727
31,205,3,Carbono/metano,0.976647,8,1611
31,205,4,Silicio/agua,0.933425,9,6394
31,205,5,Silicio/acido sulfurico,0.959315,10,4833
31,210,0,Carbono/agua,0.98783,9,6427
31,210,1,Carbono/amonia,0.965586,10,2660
31,210,2,Carbono/acido sulfurico,0.98783,10,4932
31,210,3,Carbono/metano,0.976647,9,1647
31,210,4,Silicio/agua,0.933425,9,6950
31,210,5,Silicio/acido sulfurico,0.959315,10,5058
31,215,0,Carbono/agua,0.98783,9,6963
31,215,1,Carbono/amonia,0.965586,10,2770
31,215,2,Carbono/acido sulfurico,0.98783,8,5117
31,215,3,Carbono/metano,0.976647,9,1682
31,215,4,Silicio/agua,0.933425,9,7505
31,215,5,Silicio/acido sulfurico,0.959315,10,5285
31,220,0,Carbono/agua,0.98783,9,7499
31,220,1,Carbono/amonia,0.965586,10,2881
31,220,2,Carbono/acido sulfurico,0.98783,9,5219
31,220,3,Carbono/metano,0.976647,9,1717
31,220,4,Silicio/agua,0.933425,9,8061
31,220,5,Silicio/acido sulfurico,0.959315,10,5510
31,225,0,Carbono/agua,0.98783,9,8035
31,225,1,Carbono/amonia,0.965586,10,2992
31,225,2,Carbono/acido sulfurico,0.98783,9,5322
31,225,3,Carbono/metano,0.976647,9,1768
31,225,4,Silicio/agua,0.933425,9,8617
31,225,5,Silicio/acido sulfurico,0.959315,10,5735
31,230,0,Carbono/agua,0.98783,9,8571
31,230,1,Carbono/amonia,0.965586,10,3102
31,230,2,Carbono/acido sulfurico,0.98783,10,5425
31,230,3,Carbono/metano,0.976647,9,1841
31,230,4,Silicio/agua,0.933425,9,9173
31,230,5,Silicio/acido sulfurico,0.959315,10,5960
31,235,0,Carbono/agua,0.98783,9,9107
31,235,1,Carbono/amonia,0.965586,10,3212
31,235,2,Carbono/acido sulfurico,0.98783,10,5528
31,235,3,Carbono/metano,0.98783,9,1911
31,235,4,Silicio/agua,0.933425,9,9731
31,235,5,Silicio/acido sulfurico,0.959315,10,6185
31,240,0,Carbono/agua,0.98783,9,9644
31,240,1,Carbono/amonia,0.965586,9,3290
31,240,2,Carbono/acido sulfurico,0.98783,10,5670
31,240,3,Carbono/metano,0.98783,9,1982
31,240,4,Silicio/agua,0.933425,9,10288
31,240,5,Silicio/acido sulfurico,0.959315,10,6410
31,245,0,Carbono/agua,0.98783,9,10180
31,245,1,Carbono/amonia,0.965586,9,3347
31,245,2,Carbono/acido sulfurico,0.98783,10,5876
31,245,3,Carbono/metano,0.98783,9,2054
31,245,4,Silicio/agua,0.937672,10,10844
31,245,5,Silicio/acido sulfurico,0.959315,10,6636
31,250,0,Carbono/agua,0.98783,9,10718
31,250,1,Carbono/amonia,0.965586,9,3403
31,250,2,Carbono/acido sulfurico,0.98783,10,6082
31,250,3,Carbono/metano,0.98783,9,2127
31,250,4,Silicio/agua,0.945302,10,11401
31,250,5,Silicio/acido sulfurico,0.959315,10,6862
31,255,0,Carbono/agua,0.98783,9,11254
31,255,1,Carbono/amonia,0.965586,9,3458
31,255,2,Carbono/acido sulfurico,0.98783,10,6287
31,255,3,Carbono/metano,0.98783,9,2198
31,255,4,Silicio/agua,0.954064,10,11958
31,255,5,Silicio/acido sulfurico,0.959315,10,7087
31,260,0,Carbono/agua,0.98783,9,11789
31,260,1,Carbono/amonia,0.965586,9,3514
31,260,2,Carbono/acido sulfurico,0.98783,10,6492
31,260,3,Carbono/metano,0.98783,9,2269
31,260,4,Silicio/agua,0.961796,10,12515
31,260,5,Silicio/acido sulfurico,0.959315,10,7312
31,265,0,Carbono/agua,0.98783,9,12324
31,265,1,Carbono/amonia,0.965586,9,3613
31,265,2,Carbono/acido sulfurico,0.98783,10,6698
31,265,3,Carbono/metano,0.98783,9,2343
31,265,4,Silicio/agua,0.965586,10,13071
31,265,5,Silicio/acido sulfurico,0.959315,10,7538
31,270,0,Carbono/agua,0.98783,9,12862
31,270,1,Carbono/amonia,0.965586,9,3725
31,270,2,Carbono/acido sulfurico,0.98783,10,6905
31,270,3,Carbono/metano,0.98783,9,2416
31,270,4,Silicio/agua,0.965586,10,13629
31,270,5,Silicio/acido sulfurico,0.959315,10,7764
31,275,0,Carbono/agua,0.98783,9,13400
31,275,1,Carbono/amonia,0.965586,9,3836
31,275,2,Carbono/acido sulfurico,0.98783,10,7111
31,275,3,Carbono/metano,0.98783,9,2488
31,275,4,Silicio/agua,0.965586,10,14185
31,275,5,Silicio/acido sulfurico,0.959315,10,7989
31,280,0,Carbono/agua,0.98783,9,13935
31,280,1,Carbono/amonia,0.965586,9,3947
31,280,2,Carbono/acido sulfurico,0.98783,10,7318
31,280,3,Carbono/metano,0.98783,9,2560
31,280,4,Silicio/agua,0.965586,10,14742
31,280,5,Silicio/acido sulfurico,0.959315,10,8215
31,285,0,Carbono/agua,0.98783,9,14470
31,285,1,Carbono/amonia,0.965586,10,4058
31,285,2,Carbono/acido sulfurico,0.98783,10,7525
31,285,3,Carbono/metano,0.98783,9,2633
31,285,4,Silicio/agua,0.965586,10,15299
31,285,5,Silicio/acido sulfurico,0.959315,10,8441
31,290,0,Carbono/agua,0.98783,9,15005
31,290,1,Carbono/amonia,0.965586,10,4168
31,290,2,Carbono/acido sulfurico,0.98783,10,7731
31,290,3,Carbono/metano,0.98783,9,2704
31,290,4,Silicio/agua,0.965586,10,15855
31,290,5,Silicio/acido sulfurico,0.959315,10,8668
31,295,0,Carbono/agua,0.98783,10,15541
31,295,1,Carbono/amonia,0.965586,10,4278
31,295,2,Carbono/acido sulfurico,0.98783,10,7937
31,295,3,Carbono/metano,0.98783,10,2775
31,295,4,Silicio/agua,0.965586,10,16410
31,295,5,Silicio/acido sulfurico,0.959315,10,8893
31,300,0,Carbono/agua,0.98783,10,16079
31,300,1,Carbono/amonia,0.965586,10,4390
31,300,2,Carbono/acido sulfurico,0.98783,10,8143
31,300,3,Carbono/metano,0.98783,10,2845
31,300,4,Silicio/agua,0.965586,10,16969
31,300,5,Silicio/acido sulfurico,0.959315,10,9118
