rodada,ano,civilizacao,cultura,melhor,classes,experimentos
0,0,0,Empiristas,0.94,2,5
0,0,1,Incrementalistas,0.94,2,5
0,0,2,Evolucionistas,0.94,2,5
0,0,3,Isolados,0.94,1,5
0,5,0,Empiristas,0.94,2,33
0,5,1,Incrementalistas,0.94,2,30
0,5,2,Evolucionistas,1.88,3,31
0,5,3,Isolados,0.94,2,33
0,10,0,Empiristas,0.94,2,63
0,10,1,Incrementalistas,0.94,2,58
0,10,2,Evolucionistas,1.88,3,61
0,10,3,Isolados,0.94,2,63
0,15,0,Empiristas,0.94,2,95
0,15,1,Incrementalistas,1.88,3,89
0,15,2,Evolucionistas,1.88,3,94
0,15,3,Isolados,1.88,3,97
0,20,0,Empiristas,1.88,3,131
0,20,1,Incrementalistas,1.88,3,125
0,20,2,Evolucionistas,1.88,3,129
0,20,3,Isolados,5.7,4,132
0,25,0,Empiristas,1.88,3,171
0,25,1,Incrementalistas,1.88,3,165
0,25,2,Evolucionistas,1.88,3,167
0,25,3,Isolados,5.7,4,170
0,30,0,Empiristas,1.88,3,215
0,30,1,Incrementalistas,1.88,3,208
0,30,2,Evolucionistas,1.88,3,208
0,30,3,Isolados,5.7,4,215
0,35,0,Empiristas,1.88,3,264
0,35,1,Incrementalistas,1.88,3,255
0,35,2,Evolucionistas,1.88,3,258
0,35,3,Isolados,5.7,4,263
0,40,0,Empiristas,1.88,3,317
0,40,1,Incrementalistas,1.88,3,308
0,40,2,Evolucionistas,1.88,3,309
0,40,3,Isolados,5.7,4,316
0,45,0,Empiristas,1.88,3,374
0,45,1,Incrementalistas,1.88,3,366
0,45,2,Evolucionistas,1.88,3,366
0,45,3,Isolados,5.7,4,374
0,50,0,Empiristas,1.88,3,439
0,50,1,Incrementalistas,1.88,3,432
0,50,2,Evolucionistas,1.88,3,431
0,50,3,Isolados,5.7,4,438
0,55,0,Empiristas,2.76,4,509
0,55,1,Incrementalistas,1.88,3,502
0,55,2,Evolucionistas,1.88,3,502
0,55,3,Isolados,5.7,4,509
0,60,0,Empiristas,2.76,4,587
0,60,1,Incrementalistas,2.76,4,580
0,60,2,Evolucionistas,2.76,4,581
0,60,3,Isolados,5.7,4,589
0,65,0,Empiristas,2.78,4,674
0,65,1,Incrementalistas,2.78,4,668
0,65,2,Evolucionistas,2.76,4,668
0,65,3,Isolados,5.72,4,677
0,70,0,Empiristas,2.78,4,771
0,70,1,Incrementalistas,2.78,4,763
0,70,2,Evolucionistas,2.78,4,765
0,70,3,Isolados,5.72,4,773
0,75,0,Empiristas,2.8,4,877
0,75,1,Incrementalistas,2.8,4,868
0,75,2,Evolucionistas,2.8,4,872
0,75,3,Isolados,5.74,4,878
0,80,0,Empiristas,2.8,4,994
0,80,1,Incrementalistas,2.8,4,985
0,80,2,Evolucionistas,2.8,4,990
0,80,3,Isolados,5.74,4,996
0,85,0,Empiristas,2.8,4,1123
0,85,1,Incrementalistas,2.8,4,1115
0,85,2,Evolucionistas,2.8,4,1120
0,85,3,Isolados,5.76,5,1125
0,90,0,Empiristas,2.82,4,1267
0,90,1,Incrementalistas,2.82,4,1258
0,90,2,Evolucionistas,2.82,4,1263
0,90,3,Isolados,6.68,6,1268
0,95,0,Empiristas,2.82,4,1423
0,95,1,Incrementalistas,2.82,4,1416
0,95,2,Evolucionistas,2.82,4,1421
0,95,3,Isolados,6.7,6,1425
0,100,0,Empiristas,2.82,4,1598
0,100,1,Incrementalistas,2.82,4,1591
0,100,2,Evolucionistas,2.82,4,1596
0,100,3,Isolados,6.7,5,1562
0,105,0,Empiristas,2.82,4,1791
0,105,1,Incrementalistas,2.82,4,1782
0,105,2,Evolucionistas,2.82,4,1787
0,105,3,Isolados,6.72,5,1657
0,110,0,Empiristas,2.82,4,2003
0,110,1,Incrementalistas,2.82,4,1992
0,110,2,Evolucionistas,2.82,4,1998
0,110,3,Isolados,6.72,5,1763
0,115,0,Empiristas,2.82,4,2237
0,115,1,Incrementalistas,2.82,4,2227
0,115,2,Evolucionistas,2.82,4,2232
0,115,3,Isolados,6.72,5,1881
0,120,0,Empiristas,2.82,4,2496
0,120,1,Incrementalistas,2.82,4,2486
0,120,2,Evolucionistas,2.82,4,2491
0,120,3,Isolados,6.72,5,2011
0,125,0,Empiristas,2.82,4,2782
0,125,1,Incrementalistas,2.82,4,2773
0,125,2,Evolucionistas,2.82,4,2776
0,125,3,Isolados,6.72,6,2241
0,130,0,Empiristas,2.82,4,3096
0,130,1,Incrementalistas,2.82,4,3089
0,130,2,Evolucionistas,2.82,4,3093
0,130,3,Isolados,6.72,6,2557
0,135,0,Empiristas,2.82,4,3443
0,135,1,Incrementalistas,2.82,4,3437
0,135,2,Evolucionistas,2.82,4,3442
0,135,3,Isolados,6.72,6,2906
0,140,0,Empiristas,2.82,4,3828
0,140,1,Incrementalistas,2.82,4,3821
0,140,2,Evolucionistas,2.82,4,3827
0,140,3,Isolados,6.72,6,3290
0,145,0,Empiristas,2.82,4,4254
0,145,1,Incrementalistas,2.82,4,4245
0,145,2,Evolucionistas,2.82,4,4252
0,145,3,Isolados,6.72,6,3714
0,150,0,Empiristas,2.82,4,4580
0,150,1,Incrementalistas,2.82,4,4715
0,150,2,Evolucionistas,2.82,4,4720
0,150,3,Isolados,6.72,6,4182
0,155,0,Empiristas,2.82,4,4837
0,155,1,Incrementalistas,2.82,4,5232
0,155,2,Evolucionistas,2.82,4,5236
0,155,3,Isolados,6.72,6,4701
0,160,0,Empiristas,2.82,4,5123
0,160,1,Incrementalistas,2.82,4,5804
0,160,2,Evolucionistas,2.82,4,5808
0,160,3,Isolados,6.72,6,5271
0,165,0,Empiristas,2.82,4,5438
0,165,1,Incrementalistas,2.82,4,6435
0,165,2,Evolucionistas,2.82,4,6437
0,165,3,Isolados,6.72,6,5903
0,170,0,Empiristas,2.82,4,5787
0,170,1,Incrementalistas,2.82,4,7132
0,170,2,Evolucionistas,2.82,4,7133
0,170,3,Isolados,6.72,6,6600
0,175,0,Empiristas,2.82,4,6482
0,175,1,Incrementalistas,2.82,4,7901
0,175,2,Evolucionistas,2.82,4,7902
0,175,3,Isolados,6.72,6,7370
0,180,0,Empiristas,2.82,4,7331
0,180,1,Incrementalistas,2.82,4,8751
0,180,2,Evolucionistas,2.82,4,8751
0,180,3,Isolados,6.72,6,8219
0,185,0,Empiristas,2.82,4,8268
0,185,1,Incrementalistas,2.82,4,9689
0,185,2,Evolucionistas,2.82,4,9688
0,185,3,Isolados,6.72,6,9155
0,190,0,Empiristas,2.82,4,9303
0,190,1,Incrementalistas,2.82,4,10723
0,190,2,Evolucionistas,2.82,4,10722
0,190,3,Isolados,6.72,6,10191
0,195,0,Empiristas,2.82,4,10328
0,195,1,Incrementalistas,2.82,4,11867
0,195,2,Evolucionistas,2.82,4,11865
0,195,3,Isolados,6.72,6,11333
0,200,0,Empiristas,2.82,4,10960
0,200,1,Incrementalistas,2.82,4,13128
0,200,2,Evolucionistas,2.82,4,13127
0,200,3,Isolados,6.72,6,12594
0,205,0,Empiristas,2.82,4,11656
0,205,1,Incrementalistas,2.82,4,14520
0,205,2,Evolucionistas,2.82,4,14520
0,205,3,Isolados,6.72,6,13987
0,210,0,Empiristas,2.82,4,12426
0,210,1,Incrementalistas,2.82,4,16058
0,210,2,Evolucionistas,2.82,4,16057
0,210,3,Isolados,6.72,6,15524
0,215,0,Empiristas,2.82,4,13275
0,215,1,Incrementalistas,2.82,4,17755
0,215,2,Evolucionistas,2.82,4,17756
0,215,3,Isolados,6.72,6,17221
0,220,0,Empiristas,2.82,4,14212
0,220,1,Incrementalistas,2.82,4,19629
0,220,2,Evolucionistas,2.82,4,19631
0,220,3,Isolados,6.72,6,19096
0,225,0,Empiristas,2.82,4,15247
0,225,1,Incrementalistas,2.82,4,21698
0,225,2,Evolucionistas,2.82,4,21701
0,225,3,Isolados,6.72,6,20534
0,230,0,Empiristas,2.82,4,16389
0,230,1,Incrementalistas,2.82,4,23983
0,230,2,Evolucionistas,3.72,5,23987
0,230,3,Isolados,6.72,6,21678
0,235,0,Empiristas,2.82,4,17630
0,235,1,Incrementalistas,2.82,4,26463
0,235,2,Evolucionistas,3.72,5,26466
0,235,3,Isolados,6.72,6,22919
0,240,0,Empiristas,2.82,4,19630
0,240,1,Incrementalistas,3.72,5,28963
0,240,2,Evolucionistas,3.72,5,28966
0,240,3,Isolados,6.72,6,24169
0,245,0,Empiristas,3.72,5,22130
0,245,1,Incrementalistas,3.72,5,31463
0,245,2,Evolucionistas,3.72,5,31466
0,245,3,Isolados,6.72,6,25419
0,250,0,Empiristas,3.72,5,24630
0,250,1,Incrementalistas,3.72,5,33963
0,250,2,Evolucionistas,3.72,5,33966
0,250,3,Isolados,6.72,6,27669
0,255,0,Empiristas,3.72,5,27130
0,255,1,Incrementalistas,3.72,5,36463
0,255,2,Evolucionistas,3.72,5,36466
0,255,3,Isolados,6.72,6,30169
0,260,0,Empiristas,3.72,5,29630
0,260,1,Incrementalistas,3.72,5,38963
0,260,2,Evolucionistas,3.72,5,38966
0,260,3,Isolados,6.72,6,32669
0,265,0,Empiristas,3.72,5,32130
0,265,1,Incrementalistas,3.72,5,41463
0,265,2,Evolucionistas,3.72,5,41466
0,265,3,Isolados,6.72,6,35169
0,270,0,Empiristas,3.72,5,34630
0,270,1,Incrementalistas,3.72,5,43963
0,270,2,Evolucionistas,3.72,5,43966
0,270,3,Isolados,6.72,6,37669
0,275,0,Empiristas,3.72,5,37130
0,275,1,Incrementalistas,3.72,5,46463
0,275,2,Evolucionistas,3.72,5,46466
0,275,3,Isolados,6.72,6,40169
0,280,0,Empiristas,3.72,5,39630
0,280,1,Incrementalistas,3.72,5,48963
0,280,2,Evolucionistas,3.72,5,48966
0,280,3,Isolados,6.72,6,42669
0,285,0,Empiristas,3.72,5,42130
0,285,1,Incrementalistas,3.72,5,51463
0,285,2,Evolucionistas,3.72,5,51466
0,285,3,Isolados,6.72,6,45169
0,290,0,Empiristas,3.72,5,44630
0,290,1,Incrementalistas,3.72,5,53963
0,290,2,Evolucionistas,3.72,5,53966
0,290,3,Isolados,6.72,6,47669
0,295,0,Empiristas,3.72,5,47130
0,295,1,Incrementalistas,3.72,5,56463
0,295,2,Evolucionistas,3.72,5,56466
0,295,3,Isolados,6.72,6,50169
0,300,0,Empiristas,3.72,5,49630
0,300,1,Incrementalistas,3.72,5,58963
0,300,2,Evolucionistas,3.72,5,58966
0,300,3,Isolados,6.72,6,52669
1,0,0,Empiristas,0.92,2,5
1,0,1,Incrementalistas,nan,0,5
1,0,2,Evolucionistas,0.9,1,5
1,0,3,Isolados,0.94,2,5
1,5,0,Empiristas,2.76,4,31
1,5,1,Incrementalistas,1.88,3,31
1,5,2,Evolucionistas,1.88,3,32
1,5,3,Isolados,0.94,2,32
1,10,0,Empiristas,2.76,4,59
1,10,1,Incrementalistas,2.76,4,61
1,10,2,Evolucionistas,2.76,4,62
1,10,3,Isolados,0.94,2,63
1,15,0,Empiristas,2.76,4,92
1,15,1,Incrementalistas,2.78,4,95
1,15,2,Evolucionistas,2.76,4,95
1,15,3,Isolados,0.94,2,96
1,20,0,Empiristas,2.78,4,128
1,20,1,Incrementalistas,2.78,4,131
1,20,2,Evolucionistas,2.78,4,130
1,20,3,Isolados,0.94,2,133
1,25,0,Empiristas,1.88,3,160
1,25,1,Incrementalistas,2.8,4,171
1,25,2,Evolucionistas,2.78,4,170
1,25,3,Isolados,0.94,2,173
1,30,0,Empiristas,2.8,4,184
1,30,1,Incrementalistas,2.8,4,214
1,30,2,Evolucionistas,2.78,4,214
1,30,3,Isolados,0.94,2,217
1,35,0,Empiristas,2.8,4,208
1,35,1,Incrementalistas,2.8,4,262
1,35,2,Evolucionistas,2.8,4,262
1,35,3,Isolados,0.94,2,265
1,40,0,Empiristas,2.8,4,233
1,40,1,Incrementalistas,2.82,4,313
1,40,2,Evolucionistas,2.8,4,315
1,40,3,Isolados,0.94,2,318
1,45,0,Empiristas,2.82,4,263
1,45,1,Incrementalistas,2.82,4,373
1,45,2,Evolucionistas,2.82,4,373
1,45,3,Isolados,0.94,2,376
1,50,0,Empiristas,2.82,4,314
1,50,1,Incrementalistas,2.82,4,437
1,50,2,Evolucionistas,2.82,4,438
1,50,3,Isolados,0.94,2,442
1,55,0,Empiristas,2.82,4,385
1,55,1,Incrementalistas,2.82,4,509
1,55,2,Evolucionistas,2.82,4,510
1,55,3,Isolados,0.94,2,513
1,60,0,Empiristas,2.82,4,465
1,60,1,Incrementalistas,2.82,4,589
1,60,2,Evolucionistas,2.82,4,588
1,60,3,Isolados,0.94,2,591
1,65,0,Empiristas,2.82,4,553
1,65,1,Incrementalistas,2.82,4,676
1,65,2,Evolucionistas,2.82,4,674
1,65,3,Isolados,0.94,2,677
1,70,0,Empiristas,2.78,4,619
1,70,1,Incrementalistas,2.82,4,771
1,70,2,Evolucionistas,2.82,4,769
1,70,3,Isolados,0.94,2,773
1,75,0,Empiristas,2.82,4,673
1,75,1,Incrementalistas,2.82,4,877
1,75,2,Evolucionistas,2.82,4,875
1,75,3,Isolados,1.72,3,880
1,80,0,Empiristas,2.82,4,732
1,80,1,Incrementalistas,2.82,4,996
1,80,2,Evolucionistas,2.82,4,992
1,80,3,Isolados,1.88,3,998
1,85,0,Empiristas,2.82,4,797
1,85,1,Incrementalistas,2.82,4,1125
1,85,2,Evolucionistas,2.82,4,1122
1,85,3,Isolados,2.78,4,1127
1,90,0,Empiristas,2.82,4,869
1,90,1,Incrementalistas,2.82,3,1239
1,90,2,Evolucionistas,2.82,4,1267
1,90,3,Isolados,2.78,4,1269
1,95,0,Empiristas,2.82,4,1011
1,95,1,Incrementalistas,2.82,4,1318
1,95,2,Evolucionistas,2.82,4,1426
1,95,3,Isolados,2.78,4,1377
1,100,0,Empiristas,2.82,4,1185
1,100,1,Incrementalistas,2.82,4,1406
1,100,2,Evolucionistas,2.82,4,1600
1,100,3,Isolados,2.78,4,1464
1,105,0,Empiristas,2.82,4,1378
1,105,1,Incrementalistas,2.82,4,1502
1,105,2,Evolucionistas,2.82,4,1791
1,105,3,Isolados,2.78,4,1559
1,110,0,Empiristas,2.82,4,1592
1,110,1,Incrementalistas,2.82,4,1608
1,110,2,Evolucionistas,2.82,4,2004
1,110,3,Isolados,2.78,4,1664
1,115,0,Empiristas,2.82,4,1826
1,115,1,Incrementalistas,2.82,4,1797
1,115,2,Evolucionistas,2.82,4,2239
1,115,3,Isolados,2.78,4,1782
1,120,0,Empiristas,2.82,4,2085
1,120,1,Incrementalistas,2.82,4,2056
1,120,2,Evolucionistas,2.82,4,2497
1,120,3,Isolados,2.8,4,1909
1,125,0,Empiristas,2.82,4,2372
1,125,1,Incrementalistas,2.82,4,2343
1,125,2,Evolucionistas,2.82,4,2783
1,125,3,Isolados,2.82,4,2052
1,130,0,Empiristas,2.82,4,2688
1,130,1,Incrementalistas,2.82,4,2659
1,130,2,Evolucionistas,2.82,4,3099
1,130,3,Isolados,2.82,4,2209
1,135,0,Empiristas,2.82,4,3035
1,135,1,Incrementalistas,2.82,4,3008
1,135,2,Evolucionistas,2.82,4,3447
1,135,3,Isolados,2.82,4,2384
1,140,0,Empiristas,2.82,4,3419
1,140,1,Incrementalistas,2.82,4,3392
1,140,2,Evolucionistas,2.82,4,3832
1,140,3,Isolados,2.82,4,2695
1,145,0,Empiristas,2.82,4,3843
1,145,1,Incrementalistas,2.82,4,3819
1,145,2,Evolucionistas,2.82,4,4256
1,145,3,Isolados,2.82,4,3118
1,150,0,Empiristas,2.82,4,4313
1,150,1,Incrementalistas,2.82,4,4288
1,150,2,Evolucionistas,2.82,4,4725
1,150,3,Isolados,2.82,4,3588
1,155,0,Empiristas,2.82,4,4832
1,155,1,Incrementalistas,2.82,4,4805
1,155,2,Evolucionistas,2.82,4,5242
1,155,3,Isolados,2.82,4,4105
1,160,0,Empiristas,2.82,4,5404
1,160,1,Incrementalistas,2.82,4,5377
1,160,2,Evolucionistas,2.82,4,5812
1,160,3,Isolados,2.82,4,4676
1,165,0,Empiristas,2.82,4,6035
1,165,1,Incrementalistas,2.82,4,6007
1,165,2,Evolucionistas,2.82,4,6442
1,165,3,Isolados,2.82,4,5307
1,170,0,Empiristas,3.74,5,6732
1,170,1,Incrementalistas,3.74,5,6704
1,170,2,Evolucionistas,2.82,4,7138
1,170,3,Isolados,2.82,4,5860
1,175,0,Empiristas,3.74,5,7501
1,175,1,Incrementalistas,3.74,5,7472
1,175,2,Evolucionistas,3.74,5,7907
1,175,3,Isolados,3.7,5,6245
1,180,0,Empiristas,3.74,5,8350
1,180,1,Incrementalistas,3.74,5,8323
1,180,2,Evolucionistas,3.74,5,8756
1,180,3,Isolados,3.72,5,6670
1,185,0,Empiristas,3.74,5,9288
1,185,1,Incrementalistas,3.74,5,9260
1,185,2,Evolucionistas,3.74,5,9694
1,185,3,Isolados,3.72,5,7139
1,190,0,Empiristas,3.74,5,10323
1,190,1,Incrementalistas,3.74,5,10295
1,190,2,Evolucionistas,3.74,5,10729
1,190,3,Isolados,3.72,5,7657
1,195,0,Empiristas,3.74,5,11466
1,195,1,Incrementalistas,3.74,5,11437
1,195,2,Evolucionistas,3.74,5,11872
1,195,3,Isolados,3.72,5,8578
1,200,0,Empiristas,3.74,5,12728
1,200,1,Incrementalistas,3.74,5,12699
1,200,2,Evolucionistas,3.74,5,13135
1,200,3,Isolados,3.72,5,9839
1,205,0,Empiristas,3.74,5,14121
1,205,1,Incrementalistas,3.74,5,14092
1,205,2,Evolucionistas,3.74,5,14529
1,205,3,Isolados,3.72,5,11233
1,210,0,Empiristas,5.76,6,15657
1,210,1,Incrementalistas,3.74,5,15631
1,210,2,Evolucionistas,3.74,5,16068
1,210,3,Isolados,3.72,5,12773
1,215,0,Empiristas,6.72,7,17356
1,215,1,Incrementalistas,5.78,6,17329
1,215,2,Evolucionistas,5.78,6,17766
1,215,3,Isolados,3.72,5,14471
1,220,0,Empiristas,6.72,7,19231
1,220,1,Incrementalistas,6.72,7,19205
1,220,2,Evolucionistas,6.72,7,19641
1,220,3,Isolados,3.72,5,16345
1,225,0,Empiristas,6.72,5,21086
1,225,1,Incrementalistas,6.72,7,21273
1,225,2,Evolucionistas,6.72,7,21710
1,225,3,Isolados,3.72,5,18415
1,230,0,Empiristas,6.72,6,22228
1,230,1,Incrementalistas,6.72,7,23558
1,230,2,Evolucionistas,6.72,7,23994
1,230,3,Isolados,3.72,5,20700
1,235,0,Empiristas,6.72,6,23467
1,235,1,Incrementalistas,6.72,7,26037
1,235,2,Evolucionistas,6.72,7,26472
1,235,3,Isolados,3.72,5,23180
1,240,0,Empiristas,6.72,6,24717
1,240,1,Incrementalistas,6.72,7,28537
1,240,2,Evolucionistas,6.72,7,28972
1,240,3,Isolados,3.72,5,25680
1,245,0,Empiristas,6.72,6,25967
1,245,1,Incrementalistas,6.72,7,31037
1,245,2,Evolucionistas,6.72,7,31472
1,245,3,Isolados,3.72,5,28180
1,250,0,Empiristas,6.72,6,27717
1,250,1,Incrementalistas,6.72,7,33537
1,250,2,Evolucionistas,6.72,7,33972
1,250,3,Isolados,3.72,5,30680
1,255,0,Empiristas,6.72,6,30217
1,255,1,Incrementalistas,6.72,7,36037
1,255,2,Evolucionistas,6.72,7,36472
1,255,3,Isolados,3.72,5,33180
1,260,0,Empiristas,6.72,7,32717
1,260,1,Incrementalistas,6.72,7,38537
1,260,2,Evolucionistas,6.72,7,38972
1,260,3,Isolados,3.72,5,35680
1,265,0,Empiristas,6.72,7,35217
1,265,1,Incrementalistas,6.72,7,41037
1,265,2,Evolucionistas,6.72,7,41472
1,265,3,Isolados,3.72,5,38180
1,270,0,Empiristas,6.72,7,37717
1,270,1,Incrementalistas,6.72,7,43537
1,270,2,Evolucionistas,6.72,7,43972
1,270,3,Isolados,3.72,5,40680
1,275,0,Empiristas,6.72,7,40217
1,275,1,Incrementalistas,6.72,7,46037
1,275,2,Evolucionistas,6.72,7,46472
1,275,3,Isolados,3.72,5,43180
1,280,0,Empiristas,6.72,7,42717
1,280,1,Incrementalistas,6.72,7,48537
1,280,2,Evolucionistas,6.72,7,48972
1,280,3,Isolados,3.72,5,45680
1,285,0,Empiristas,6.72,7,45217
1,285,1,Incrementalistas,6.72,7,51037
1,285,2,Evolucionistas,6.72,7,51472
1,285,3,Isolados,3.72,5,48180
1,290,0,Empiristas,6.72,7,47717
1,290,1,Incrementalistas,6.72,7,53537
1,290,2,Evolucionistas,6.72,7,53972
1,290,3,Isolados,3.72,5,50680
1,295,0,Empiristas,6.72,7,50217
1,295,1,Incrementalistas,6.72,7,56037
1,295,2,Evolucionistas,6.72,7,56472
1,295,3,Isolados,3.72,5,53180
1,300,0,Empiristas,6.72,7,52717
1,300,1,Incrementalistas,6.72,7,58537
1,300,2,Evolucionistas,6.72,7,58972
1,300,3,Isolados,6.72,7,55680
2,0,0,Empiristas,0.88,2,5
2,0,1,Incrementalistas,-0.06,1,5
2,0,2,Evolucionistas,0.94,2,5
2,0,3,Isolados,-0.08,1,5
2,5,0,Empiristas,0.94,2,32
2,5,1,Incrementalistas,0.94,2,31
2,5,2,Evolucionistas,0.94,2,32
2,5,3,Isolados,0.94,2,32
2,10,0,Empiristas,0.94,2,61
2,10,1,Incrementalistas,0.94,2,61
2,10,2,Evolucionistas,0.94,2,61
2,10,3,Isolados,0.94,2,62
2,15,0,Empiristas,0.94,2,92
2,15,1,Incrementalistas,0.94,2,92
2,15,2,Evolucionistas,0.94,2,93
2,15,3,Isolados,0.94,2,95
2,20,0,Empiristas,1.8,3,128
2,20,1,Incrementalistas,0.94,2,128
2,20,2,Evolucionistas,0.94,2,128
2,20,3,Isolados,0.94,2,131
2,25,0,Empiristas,1.8,3,166
2,25,1,Incrementalistas,0.94,2,167
2,25,2,Evolucionistas,1.88,3,167
2,25,3,Isolados,1.88,3,170
2,30,0,Empiristas,1.86,3,209
2,30,1,Incrementalistas,0.94,1,210
2,30,2,Evolucionistas,1.88,3,211
2,30,3,Isolados,1.88,3,215
2,35,0,Empiristas,1.88,3,257
2,35,1,Incrementalistas,1.88,3,233
2,35,2,Evolucionistas,1.88,3,259
2,35,3,Isolados,1.88,3,263
2,40,0,Empiristas,1.88,3,309
2,40,1,Incrementalistas,1.88,3,258
2,40,2,Evolucionistas,1.88,3,312
2,40,3,Isolados,1.88,3,316
2,45,0,Empiristas,1.88,3,369
2,45,1,Incrementalistas,1.88,3,288
2,45,2,Evolucionistas,1.88,3,370
2,45,3,Isolados,1.88,3,375
2,50,0,Empiristas,1.88,3,435
2,50,1,Incrementalistas,1.88,3,321
2,50,2,Evolucionistas,1.88,3,435
2,50,3,Isolados,1.88,3,440
2,55,0,Empiristas,1.88,3,507
2,55,1,Incrementalistas,1.88,3,364
2,55,2,Evolucionistas,1.88,3,508
2,55,3,Isolados,1.88,3,510
2,60,0,Empiristas,1.88,3,585
2,60,1,Incrementalistas,1.88,3,443
2,60,2,Evolucionistas,1.88,3,586
2,60,3,Isolados,1.88,3,589
2,65,0,Empiristas,1.88,3,628
2,65,1,Incrementalistas,1.88,3,530
2,65,2,Evolucionistas,1.88,3,674
2,65,3,Isolados,1.88,3,677
2,70,0,Empiristas,1.88,3,674
2,70,1,Incrementalistas,1.88,3,625
2,70,2,Evolucionistas,1.88,3,769
2,70,3,Isolados,1.88,3,773
2,75,0,Empiristas,1.88,3,727
2,75,1,Incrementalistas,1.88,3,732
2,75,2,Evolucionistas,1.88,3,876
2,75,3,Isolados,1.88,3,879
2,80,0,Empiristas,2.82,4,785
2,80,1,Incrementalistas,1.88,3,847
2,80,2,Evolucionistas,1.88,3,992
2,80,3,Isolados,2.8,4,997
2,85,0,Empiristas,2.82,3,851
2,85,1,Incrementalistas,2.82,4,976
2,85,2,Evolucionistas,1.88,3,1121
2,85,3,Isolados,2.8,4,1126
2,90,0,Empiristas,2.82,4,923
2,90,1,Incrementalistas,2.82,4,1119
2,90,2,Evolucionistas,2.82,4,1263
2,90,3,Isolados,2.8,4,1270
2,95,0,Empiristas,2.82,4,1001
2,95,1,Incrementalistas,2.82,4,1278
2,95,2,Evolucionistas,2.82,4,1421
2,95,3,Isolados,2.82,4,1428
2,100,0,Empiristas,2.82,4,1087
2,100,1,Incrementalistas,2.82,4,1453
2,100,2,Evolucionistas,2.82,4,1595
2,100,3,Isolados,2.82,4,1601
2,105,0,Empiristas,2.82,4,1184
2,105,1,Incrementalistas,2.82,4,1645
2,105,2,Evolucionistas,2.82,4,1787
2,105,3,Isolados,2.82,4,1793
2,110,0,Empiristas,2.82,4,1332
2,110,1,Incrementalistas,2.82,4,1856
2,110,2,Evolucionistas,2.82,4,1998
2,110,3,Isolados,2.82,4,2006
2,115,0,Empiristas,2.82,4,1566
2,115,1,Incrementalistas,2.82,4,2091
2,115,2,Evolucionistas,2.82,4,2233
2,115,3,Isolados,2.82,4,2239
2,120,0,Empiristas,2.82,4,1825
2,120,1,Incrementalistas,2.82,4,2351
2,120,2,Evolucionistas,2.82,4,2490
2,120,3,Isolados,2.82,4,2498
2,125,0,Empiristas,2.82,4,2110
2,125,1,Incrementalistas,2.82,4,2637
2,125,2,Evolucionistas,2.82,4,2776
2,125,3,Isolados,2.82,4,2783
2,130,0,Empiristas,2.82,4,2424
2,130,1,Incrementalistas,2.82,4,2954
2,130,2,Evolucionistas,2.82,4,3091
2,130,3,Isolados,2.82,4,3099
2,135,0,Empiristas,2.82,4,2771
2,135,1,Incrementalistas,2.82,4,3302
2,135,2,Evolucionistas,2.82,4,3441
2,135,3,Isolados,2.82,4,3448
2,140,0,Empiristas,2.82,4,3155
2,140,1,Incrementalistas,2.82,4,3687
2,140,2,Evolucionistas,2.82,4,3825
2,140,3,Isolados,2.82,4,3833
2,145,0,Empiristas,2.82,4,3579
2,145,1,Incrementalistas,2.82,4,4112
2,145,2,Evolucionistas,2.82,4,4250
2,145,3,Isolados,2.82,4,4257
2,150,0,Empiristas,2.82,4,4048
2,150,1,Incrementalistas,2.82,4,4580
2,150,2,Evolucionistas,2.82,4,4719
2,150,3,Isolados,2.82,4,4726
2,155,0,Empiristas,2.82,4,4565
2,155,1,Incrementalistas,2.82,4,5097
2,155,2,Evolucionistas,2.82,4,5236
2,155,3,Isolados,2.82,4,5244
2,160,0,Empiristas,2.82,4,5135
2,160,1,Incrementalistas,2.82,4,5667
2,160,2,Evolucionistas,2.82,4,5808
2,160,3,Isolados,2.82,4,5817
2,165,0,Empiristas,2.82,4,5765
2,165,1,Incrementalistas,2.82,4,6297
2,165,2,Evolucionistas,2.82,4,6439
2,165,3,Isolados,2.82,4,6448
2,170,0,Empiristas,2.82,4,6462
2,170,1,Incrementalistas,2.82,4,6994
2,170,2,Evolucionistas,2.82,4,7136
2,170,3,Isolados,2.82,4,7145
2,175,0,Empiristas,2.82,4,7230
2,175,1,Incrementalistas,2.82,4,7763
2,175,2,Evolucionistas,2.82,4,7905
2,175,3,Isolados,2.82,4,7915
2,180,0,Empiristas,2.82,4,8079
2,180,1,Incrementalistas,2.82,4,8611
2,180,2,Evolucionistas,2.82,4,8753
2,180,3,Isolados,2.82,4,8763
2,185,0,Empiristas,2.82,4,9016
2,185,1,Incrementalistas,2.82,4,9549
2,185,2,Evolucionistas,2.82,4,9691
2,185,3,Isolados,2.82,4,9701
2,190,0,Empiristas,2.82,4,10051
2,190,1,Incrementalistas,2.82,4,10585
2,190,2,Evolucionistas,2.82,4,10726
2,190,3,Isolados,2.82,4,10736
2,195,0,Empiristas,2.82,4,11192
2,195,1,Incrementalistas,2.82,4,11727
2,195,2,Evolucionistas,2.82,4,11869
2,195,3,Isolados,2.82,4,11880
2,200,0,Empiristas,2.82,4,12455
2,200,1,Incrementalistas,2.82,4,12989
2,200,2,Evolucionistas,2.82,4,13131
2,200,3,Isolados,2.82,4,13140
2,205,0,Empiristas,2.82,4,13848
2,205,1,Incrementalistas,2.82,4,14382
2,205,2,Evolucionistas,2.82,4,14524
2,205,3,Isolados,2.82,4,14533
2,210,0,Empiristas,2.82,4,15386
2,210,1,Incrementalistas,2.82,4,15919
2,210,2,Evolucionistas,2.82,4,16063
2,210,3,Isolados,2.82,4,16072
2,215,0,Empiristas,2.82,4,17084
2,215,1,Incrementalistas,2.82,4,17618
2,215,2,Evolucionistas,2.82,4,17761
2,215,3,Isolados,2.82,4,17769
2,220,0,Empiristas,2.82,4,18958
2,220,1,Incrementalistas,2.82,4,19493
2,220,2,Evolucionistas,2.82,4,19635
2,220,3,Isolados,2.82,4,19643
2,225,0,Empiristas,2.82,4,21030
2,225,1,Incrementalistas,2.82,4,21563
2,225,2,Evolucionistas,2.82,4,21704
2,225,3,Isolados,2.82,4,21714
2,230,0,Empiristas,2.82,4,23316
2,230,1,Incrementalistas,2.82,4,23848
2,230,2,Evolucionistas,2.82,4,23988
2,230,3,Isolados,2.82,4,23998
2,235,0,Empiristas,2.82,4,25796
2,235,1,Incrementalistas,2.82,4,26327
2,235,2,Evolucionistas,2.82,4,26467
2,235,3,Isolados,2.8,1,26477
2,240,0,Empiristas,2.82,4,28296
2,240,1,Incrementalistas,2.82,4,28827
2,240,2,Evolucionistas,2.82,4,28967
2,240,3,Isolados,2.82,4,27727
2,245,0,Empiristas,2.82,4,30796
2,245,1,Incrementalistas,2.82,4,31327
2,245,2,Evolucionistas,2.82,4,31467
2,245,3,Isolados,2.82,4,28977
2,250,0,Empiristas,2.82,4,33296
2,250,1,Incrementalistas,2.82,4,33827
2,250,2,Evolucionistas,2.82,4,33967
2,250,3,Isolados,2.82,4,30227
2,255,0,Empiristas,2.82,4,35796
2,255,1,Incrementalistas,2.82,4,36327
2,255,2,Evolucionistas,2.82,4,36467
2,255,3,Isolados,2.82,4,31477
2,260,0,Empiristas,2.82,4,38296
2,260,1,Incrementalistas,2.82,4,38827
2,260,2,Evolucionistas,2.82,4,38967
2,260,3,Isolados,3.74,5,32977
2,265,0,Empiristas,2.82,4,40796
2,265,1,Incrementalistas,2.82,4,41327
2,265,2,Evolucionistas,2.82,4,41467
2,265,3,Isolados,3.74,5,35477
2,270,0,Empiristas,2.82,4,43296
2,270,1,Incrementalistas,2.82,4,43827
2,270,2,Evolucionistas,2.82,4,43967
2,270,3,Isolados,5.78,6,37977
2,275,0,Empiristas,2.82,4,45796
2,275,1,Incrementalistas,2.82,4,46327
2,275,2,Evolucionistas,2.82,4,46467
2,275,3,Isolados,6.72,7,40477
2,280,0,Empiristas,5.78,5,48296
2,280,1,Incrementalistas,2.82,4,48827
2,280,2,Evolucionistas,2.82,4,48967
2,280,3,Isolados,6.72,7,42977
2,285,0,Empiristas,5.78,5,50796
2,285,1,Incrementalistas,5.78,5,50577
2,285,2,Evolucionistas,5.78,5,51467
2,285,3,Isolados,6.72,7,45477
2,290,0,Empiristas,6.7,6,53296
2,290,1,Incrementalistas,5.78,3,51827
2,290,2,Evolucionistas,5.78,5,53967
2,290,3,Isolados,6.72,7,47977
2,295,0,Empiristas,6.72,6,55796
2,295,1,Incrementalistas,6.72,5,53077
2,295,2,Evolucionistas,5.78,5,56467
2,295,3,Isolados,6.72,7,50477
2,300,0,Empiristas,6.72,6,58296
2,300,1,Incrementalistas,6.72,5,54327
2,300,2,Evolucionistas,6.72,6,58967
2,300,3,Isolados,6.72,6,52727
3,0,0,Empiristas,-0.06,1,5
3,0,1,Incrementalistas,-0.04,1,5
3,0,2,Evolucionistas,0.9,2,5
3,0,3,Isolados,0.84,2,5
3,5,0,Empiristas,0.94,2,32
3,5,1,Incrementalistas,0.94,2,31
3,5,2,Evolucionistas,0.94,2,32
3,5,3,Isolados,0.9,2,31
3,10,0,Empiristas,0.94,2,60
3,10,1,Incrementalistas,0.94,2,59
3,10,2,Evolucionistas,0.94,2,61
3,10,3,Isolados,0.94,2,60
3,15,0,Empiristas,0.94,2,94
3,15,1,Incrementalistas,0.94,2,90
3,15,2,Evolucionistas,0.94,2,94
3,15,3,Isolados,0.94,2,93
3,20,0,Empiristas,0.94,2,129
3,20,1,Incrementalistas,0.94,2,125
3,20,2,Evolucionistas,0.94,2,129
3,20,3,Isolados,0.94,2,129
3,25,0,Empiristas,0.94,2,168
3,25,1,Incrementalistas,1.82,3,165
3,25,2,Evolucionistas,1.86,3,168
3,25,3,Isolados,0.94,2,168
3,30,0,Empiristas,1.82,3,210
3,30,1,Incrementalistas,1.82,3,210
3,30,2,Evolucionistas,1.86,3,210
3,30,3,Isolados,0.94,2,212
3,35,0,Empiristas,1.82,3,259
3,35,1,Incrementalistas,1.82,3,258
3,35,2,Evolucionistas,1.88,3,258
3,35,3,Isolados,1.8,3,261
3,40,0,Empiristas,1.88,3,312
3,40,1,Incrementalistas,1.88,3,312
3,40,2,Evolucionistas,1.88,3,311
3,40,3,Isolados,1.8,3,315
3,45,0,Empiristas,1.88,3,370
3,45,1,Incrementalistas,1.88,3,371
3,45,2,Evolucionistas,1.88,3,369
3,45,3,Isolados,1.8,3,374
3,50,0,Empiristas,1.88,3,434
3,50,1,Incrementalistas,1.88,3,435
3,50,2,Evolucionistas,1.88,3,433
3,50,3,Isolados,1.8,3,438
3,55,0,Empiristas,1.88,3,505
3,55,1,Incrementalistas,1.88,3,505
3,55,2,Evolucionistas,1.88,3,504
3,55,3,Isolados,2.76,4,509
3,60,0,Empiristas,1.88,3,583
3,60,1,Incrementalistas,1.88,3,584
3,60,2,Evolucionistas,1.88,3,584
3,60,3,Isolados,2.82,4,591
3,65,0,Empiristas,1.88,3,671
3,65,1,Incrementalistas,1.88,3,672
3,65,2,Evolucionistas,1.88,3,671
3,65,3,Isolados,2.82,4,679
3,70,0,Empiristas,1.88,3,727
3,70,1,Incrementalistas,1.88,3,767
3,70,2,Evolucionistas,1.88,3,765
3,70,3,Isolados,2.82,4,774
3,75,0,Empiristas,1.88,3,780
3,75,1,Incrementalistas,1.88,3,873
3,75,2,Evolucionistas,1.88,3,871
3,75,3,Isolados,2.82,4,880
3,80,0,Empiristas,1.88,3,839
3,80,1,Incrementalistas,1.88,3,990
3,80,2,Evolucionistas,1.88,3,989
3,80,3,Isolados,2.82,4,996
3,85,0,Empiristas,1.88,3,903
3,85,1,Incrementalistas,1.88,3,1120
3,85,2,Evolucionistas,1.88,3,1118
3,85,3,Isolados,2.82,4,1125
3,90,0,Empiristas,2.7,4,975
3,90,1,Incrementalistas,1.88,3,1263
3,90,2,Evolucionistas,2.7,4,1259
3,90,3,Isolados,2.82,4,1267
3,95,0,Empiristas,2.72,4,1055
3,95,1,Incrementalistas,2.74,4,1421
3,95,2,Evolucionistas,2.74,4,1416
3,95,3,Isolados,2.82,4,1424
3,100,0,Empiristas,2.74,4,1144
3,100,1,Incrementalistas,2.8,4,1596
3,100,2,Evolucionistas,2.76,4,1592
3,100,3,Isolados,2.82,4,1598
3,105,0,Empiristas,2.76,4,1241
3,105,1,Incrementalistas,2.8,4,1787
3,105,2,Evolucionistas,2.8,4,1785
3,105,3,Isolados,2.82,4,1789
3,110,0,Empiristas,2.82,4,1348
3,110,1,Incrementalistas,2.82,4,2000
3,110,2,Evolucionistas,2.82,4,1997
3,110,3,Isolados,2.82,4,2001
3,115,0,Empiristas,2.82,4,1583
3,115,1,Incrementalistas,2.82,4,2234
3,115,2,Evolucionistas,2.82,4,2231
3,115,3,Isolados,2.82,4,2236
3,120,0,Empiristas,2.82,4,1840
3,120,1,Incrementalistas,2.82,4,2493
3,120,2,Evolucionistas,2.82,4,2491
3,120,3,Isolados,2.82,4,2495
3,125,0,Empiristas,3.7,5,2126
3,125,1,Incrementalistas,2.82,4,2780
3,125,2,Evolucionistas,3.7,5,2777
3,125,3,Isolados,2.82,4,2781
3,130,0,Empiristas,3.7,5,2443
3,130,1,Incrementalistas,3.7,5,3097
3,130,2,Evolucionistas,3.72,5,3092
3,130,3,Isolados,2.82,4,3097
3,135,0,Empiristas,3.7,5,2791
3,135,1,Incrementalistas,3.72,5,3446
3,135,2,Evolucionistas,3.72,5,3439
3,135,3,Isolados,2.82,4,3444
3,140,0,Empiristas,3.72,5,3177
3,140,1,Incrementalistas,3.72,5,3832
3,140,2,Evolucionistas,3.72,5,3823
3,140,3,Isolados,2.82,4,3828
3,145,0,Empiristas,3.72,5,3601
3,145,1,Incrementalistas,3.72,5,4257
3,145,2,Evolucionistas,3.72,5,4249
3,145,3,Isolados,2.82,4,4253
3,150,0,Empiristas,3.72,5,4070
3,150,1,Incrementalistas,3.72,5,4727
3,150,2,Evolucionistas,3.72,5,4718
3,150,3,Isolados,2.82,4,4722
3,155,0,Empiristas,3.72,5,4590
3,155,1,Incrementalistas,3.72,5,5243
3,155,2,Evolucionistas,3.72,5,5233
3,155,3,Isolados,2.82,4,5239
3,160,0,Empiristas,3.72,5,5162
3,160,1,Incrementalistas,3.72,5,5813
3,160,2,Evolucionistas,3.72,5,5805
3,160,3,Isolados,2.82,4,5811
3,165,0,Empiristas,3.72,5,5793
3,165,1,Incrementalistas,3.72,5,6444
3,165,2,Evolucionistas,3.72,5,6436
3,165,3,Isolados,2.82,4,6441
3,170,0,Empiristas,3.72,5,6489
3,170,1,Incrementalistas,3.72,5,7141
3,170,2,Evolucionistas,3.72,5,7133
3,170,3,Isolados,2.82,4,7137
3,175,0,Empiristas,3.72,5,7258
3,175,1,Incrementalistas,3.72,5,7909
3,175,2,Evolucionistas,3.72,5,7902
3,175,3,Isolados,2.82,4,7907
3,180,0,Empiristas,3.72,5,7763
3,180,1,Incrementalistas,3.72,5,8758
3,180,2,Evolucionistas,3.72,5,8750
3,180,3,Isolados,2.82,4,8756
3,185,0,Empiristas,3.72,5,8232
3,185,1,Incrementalistas,3.72,5,9695
3,185,2,Evolucionistas,3.72,5,9687
3,185,3,Isolados,2.82,4,9694
3,190,0,Empiristas,3.72,5,8751
3,190,1,Incrementalistas,3.72,5,10729
3,190,2,Evolucionistas,3.72,5,10721
3,190,3,Isolados,2.82,4,10729
3,195,0,Empiristas,3.72,5,9321
3,195,1,Incrementalistas,3.72,5,11872
3,195,2,Evolucionistas,3.72,5,11865
3,195,3,Isolados,2.82,4,11871
3,200,0,Empiristas,3.72,5,9953
3,200,1,Incrementalistas,3.72,5,13134
3,200,2,Evolucionistas,3.72,5,13126
3,200,3,Isolados,2.82,4,13133
3,205,0,Empiristas,3.72,5,11347
3,205,1,Incrementalistas,3.72,5,14527
3,205,2,Evolucionistas,3.72,5,14520
3,205,3,Isolados,2.82,4,14527
3,210,0,Empiristas,3.72,5,12885
3,210,1,Incrementalistas,3.72,5,16065
3,210,2,Evolucionistas,3.72,5,16057
3,210,3,Isolados,2.82,4,16065
3,215,0,Empiristas,3.72,5,14583
3,215,1,Incrementalistas,3.72,5,17763
3,215,2,Evolucionistas,3.72,5,17755
3,215,3,Isolados,2.82,4,17763
3,220,0,Empiristas,3.72,5,16457
3,220,1,Incrementalistas,3.72,5,19639
3,220,2,Evolucionistas,3.72,5,19630
3,220,3,Isolados,6.68,6,19638
3,225,0,Empiristas,3.72,5,18528
3,225,1,Incrementalistas,3.72,5,21708
3,225,2,Evolucionistas,3.72,5,21700
3,225,3,Isolados,6.72,6,21707
3,230,0,Empiristas,5.78,6,20813
3,230,1,Incrementalistas,5.78,6,23993
3,230,2,Evolucionistas,5.78,6,23985
3,230,3,Isolados,6.72,6,23992
3,235,0,Empiristas,6.7,7,23292
3,235,1,Incrementalistas,6.7,7,26472
3,235,2,Evolucionistas,5.78,6,26465
3,235,3,Isolados,6.72,6,26470
3,240,0,Empiristas,6.7,7,25792
3,240,1,Incrementalistas,6.72,7,28972
3,240,2,Evolucionistas,6.72,7,28965
3,240,3,Isolados,6.72,6,28970
3,245,0,Empiristas,6.72,7,28292
3,245,1,Incrementalistas,6.72,7,31472
3,245,2,Evolucionistas,6.72,7,31465
3,245,3,Isolados,6.72,6,31470
3,250,0,Empiristas,6.72,7,30792
3,250,1,Incrementalistas,6.72,7,33972
3,250,2,Evolucionistas,6.72,7,33965
3,250,3,Isolados,6.72,6,33970
3,255,0,Empiristas,6.72,7,33292
3,255,1,Incrementalistas,6.72,7,36472
3,255,2,Evolucionistas,6.72,7,36465
3,255,3,Isolados,6.72,6,36470
3,260,0,Empiristas,6.72,7,35792
3,260,1,Incrementalistas,6.72,7,38972
3,260,2,Evolucionistas,6.72,7,38965
3,260,3,Isolados,6.72,6,38970
3,265,0,Empiristas,6.72,7,38292
3,265,1,Incrementalistas,6.72,7,41472
3,265,2,Evolucionistas,6.72,7,41465
3,265,3,Isolados,6.72,6,41470
3,270,0,Empiristas,6.72,7,40792
3,270,1,Incrementalistas,6.72,7,43972
3,270,2,Evolucionistas,6.72,7,43965
3,270,3,Isolados,6.72,6,43970
3,275,0,Empiristas,6.72,7,43292
3,275,1,Incrementalistas,6.72,7,46472
3,275,2,Evolucionistas,6.72,5,46215
3,275,3,Isolados,6.72,6,46470
3,280,0,Empiristas,6.72,7,45792
3,280,1,Incrementalistas,6.72,7,48972
3,280,2,Evolucionistas,6.72,5,47465
3,280,3,Isolados,6.72,6,48970
3,285,0,Empiristas,6.72,7,48292
3,285,1,Incrementalistas,6.72,7,51472
3,285,2,Evolucionistas,6.72,6,48715
3,285,3,Isolados,6.72,5,51470
3,290,0,Empiristas,6.72,7,50792
3,290,1,Incrementalistas,6.72,7,53972
3,290,2,Evolucionistas,6.72,7,49965
3,290,3,Isolados,6.72,6,52720
3,295,0,Empiristas,6.72,7,53292
3,295,1,Incrementalistas,6.72,7,56472
3,295,2,Evolucionistas,6.72,7,51215
3,295,3,Isolados,6.72,6,53970
3,300,0,Empiristas,6.72,7,55792
3,300,1,Incrementalistas,6.72,7,58972
3,300,2,Evolucionistas,6.72,7,52965
3,300,3,Isolados,6.72,6,55220
4,0,0,Empiristas,0.82,2,5
4,0,1,Incrementalistas,0.74,2,5
4,0,2,Evolucionistas,0.94,2,5
4,0,3,Isolados,-0.04,1,5
4,5,0,Empiristas,1.8,3,31
4,5,1,Incrementalistas,1.76,3,30
4,5,2,Evolucionistas,0.94,2,31
4,5,3,Isolados,-0.02,1,32
4,10,0,Empiristas,2.7,4,60
4,10,1,Incrementalistas,2.72,4,59
4,10,2,Evolucionistas,2.72,3,61
4,10,3,Isolados,0.94,2,61
4,15,0,Empiristas,3.68,5,94
4,15,1,Incrementalistas,3.7,5,91
4,15,2,Evolucionistas,3.68,5,93
4,15,3,Isolados,0.94,2,93
4,20,0,Empiristas,3.7,5,131
4,20,1,Incrementalistas,3.7,5,129
4,20,2,Evolucionistas,3.68,5,130
4,20,3,Isolados,0.94,2,128
4,25,0,Empiristas,3.7,5,170
4,25,1,Incrementalistas,3.7,5,168
4,25,2,Evolucionistas,3.7,5,170
4,25,3,Isolados,1.8,3,168
4,30,0,Empiristas,3.7,5,213
4,30,1,Incrementalistas,3.7,5,212
4,30,2,Evolucionistas,3.7,5,214
4,30,3,Isolados,1.8,3,210
4,35,0,Empiristas,3.7,5,261
4,35,1,Incrementalistas,3.7,5,259
4,35,2,Evolucionistas,3.7,5,263
4,35,3,Isolados,1.8,3,257
4,40,0,Empiristas,3.7,5,315
4,40,1,Incrementalistas,3.7,5,312
4,40,2,Evolucionistas,3.7,5,317
4,40,3,Isolados,1.8,3,310
4,45,0,Empiristas,3.72,5,373
4,45,1,Incrementalistas,3.72,5,371
4,45,2,Evolucionistas,3.72,5,375
4,45,3,Isolados,1.84,3,370
4,50,0,Empiristas,3.72,5,439
4,50,1,Incrementalistas,3.72,5,435
4,50,2,Evolucionistas,3.72,5,439
4,50,3,Isolados,1.84,3,409
4,55,0,Empiristas,3.72,5,510
4,55,1,Incrementalistas,3.72,5,508
4,55,2,Evolucionistas,3.72,5,511
4,55,3,Isolados,1.84,3,445
4,60,0,Empiristas,3.72,5,588
4,60,1,Incrementalistas,3.72,5,586
4,60,2,Evolucionistas,3.72,5,591
4,60,3,Isolados,1.86,3,483
4,65,0,Empiristas,3.72,5,647
4,65,1,Incrementalistas,3.72,5,674
4,65,2,Evolucionistas,3.72,5,679
4,65,3,Isolados,1.86,3,526
4,70,0,Empiristas,3.72,5,696
4,70,1,Incrementalistas,3.72,5,769
4,70,2,Evolucionistas,3.72,5,776
4,70,3,Isolados,1.86,3,573
4,75,0,Empiristas,3.72,5,749
4,75,1,Incrementalistas,3.72,5,876
4,75,2,Evolucionistas,3.72,5,882
4,75,3,Isolados,1.88,3,679
4,80,0,Empiristas,3.72,5,807
4,80,1,Incrementalistas,3.72,5,991
4,80,2,Evolucionistas,3.72,5,1000
4,80,3,Isolados,1.88,3,796
4,85,0,Empiristas,3.72,5,872
4,85,1,Incrementalistas,3.72,5,1121
4,85,2,Evolucionistas,3.72,5,1128
4,85,3,Isolados,1.88,3,925
4,90,0,Empiristas,3.72,5,1002
4,90,1,Incrementalistas,3.72,5,1263
4,90,2,Evolucionistas,3.72,5,1271
4,90,3,Isolados,1.88,3,1068
4,95,0,Empiristas,3.72,5,1160
4,95,1,Incrementalistas,3.72,5,1420
4,95,2,Evolucionistas,3.72,5,1427
4,95,3,Isolados,1.88,3,1228
4,100,0,Empiristas,3.72,5,1334
4,100,1,Incrementalistas,3.72,5,1594
4,100,2,Evolucionistas,3.72,5,1603
4,100,3,Isolados,1.88,3,1403
4,105,0,Empiristas,3.72,5,1526
4,105,1,Incrementalistas,3.72,5,1787
4,105,2,Evolucionistas,3.72,5,1796
4,105,3,Isolados,1.88,3,1595
4,110,0,Empiristas,3.72,5,1737
4,110,1,Incrementalistas,3.72,5,2000
4,110,2,Evolucionistas,3.72,5,2008
4,110,3,Isolados,1.88,3,1806
4,115,0,Empiristas,3.72,5,1970
4,115,1,Incrementalistas,3.72,5,2235
4,115,2,Evolucionistas,3.72,5,2243
4,115,3,Isolados,1.88,3,2041
4,120,0,Empiristas,3.72,5,2228
4,120,1,Incrementalistas,3.72,5,2495
4,120,2,Evolucionistas,3.72,5,2502
4,120,3,Isolados,1.88,3,2299
4,125,0,Empiristas,3.72,5,2513
4,125,1,Incrementalistas,3.72,5,2780
4,125,2,Evolucionistas,3.72,5,2788
4,125,3,Isolados,1.88,3,2586
4,130,0,Empiristas,3.72,5,2830
4,130,1,Incrementalistas,3.72,5,3097
4,130,2,Evolucionistas,3.72,5,3104
4,130,3,Isolados,1.88,3,2901
4,135,0,Empiristas,3.72,5,3180
4,135,1,Incrementalistas,3.72,5,3445
4,135,2,Evolucionistas,3.72,5,3453
4,135,3,Isolados,1.88,3,3249
4,140,0,Empiristas,3.72,5,3565
4,140,1,Incrementalistas,3.72,5,3829
4,140,2,Evolucionistas,3.72,5,3839
4,140,3,Isolados,1.88,3,3633
4,145,0,Empiristas,3.72,5,3991
4,145,1,Incrementalistas,3.72,5,4254
4,145,2,Evolucionistas,3.72,5,4263
4,145,3,Isolados,1.88,3,4056
4,150,0,Empiristas,3.72,5,4459
4,150,1,Incrementalistas,3.72,5,4724
4,150,2,Evolucionistas,3.72,5,4733
4,150,3,Isolados,1.88,3,4526
4,155,0,Empiristas,3.72,5,4976
4,155,1,Incrementalistas,3.72,5,5241
4,155,2,Evolucionistas,3.72,5,5251
4,155,3,Isolados,1.88,3,5043
4,160,0,Empiristas,3.72,5,5548
4,160,1,Incrementalistas,3.72,5,5812
4,160,2,Evolucionistas,3.72,5,5822
4,160,3,Isolados,1.88,3,5613
4,165,0,Empiristas,3.72,3,6179
4,165,1,Incrementalistas,3.72,5,6442
4,165,2,Evolucionistas,3.72,5,6453
4,165,3,Isolados,2.82,4,6244
4,170,0,Empiristas,3.72,5,6527
4,170,1,Incrementalistas,3.72,5,7139
4,170,2,Evolucionistas,3.72,5,7150
4,170,3,Isolados,2.82,4,6940
4,175,0,Empiristas,3.72,5,6911
4,175,1,Incrementalistas,3.72,5,7908
4,175,2,Evolucionistas,3.72,5,7918
4,175,3,Isolados,2.82,4,7709
4,180,0,Empiristas,3.72,5,7335
4,180,1,Incrementalistas,3.72,5,8756
4,180,2,Evolucionistas,3.72,5,8767
4,180,3,Isolados,2.82,4,8556
4,185,0,Empiristas,3.72,5,7803
4,185,1,Incrementalistas,3.72,5,9694
4,185,2,Evolucionistas,3.72,5,9704
4,185,3,Isolados,2.82,4,9494
4,190,0,Empiristas,3.72,5,8430
4,190,1,Incrementalistas,3.72,5,10728
4,190,2,Evolucionistas,3.72,5,10738
4,190,3,Isolados,2.82,4,10529
4,195,0,Empiristas,3.72,5,9574
4,195,1,Incrementalistas,3.72,5,11871
4,195,2,Evolucionistas,3.72,5,11881
4,195,3,Isolados,2.82,4,11673
4,200,0,Empiristas,3.72,5,10835
4,200,1,Incrementalistas,3.72,5,13134
4,200,2,Evolucionistas,3.72,5,13144
4,200,3,Isolados,2.82,4,12935
4,205,0,Empiristas,3.72,5,12228
4,205,1,Incrementalistas,3.72,5,14526
4,205,2,Evolucionistas,3.72,5,14536
4,205,3,Isolados,2.82,4,14329
4,210,0,Empiristas,3.72,5,13766
4,210,1,Incrementalistas,3.72,5,16063
4,210,2,Evolucionistas,3.72,5,16074
4,210,3,Isolados,2.82,4,15867
4,215,0,Empiristas,3.72,5,15465
4,215,1,Incrementalistas,3.72,5,17761
4,215,2,Evolucionistas,3.72,5,17773
4,215,3,Isolados,3.74,5,17566
4,220,0,Empiristas,3.72,5,17340
4,220,1,Incrementalistas,3.72,5,19637
4,220,2,Evolucionistas,3.72,5,19648
4,220,3,Isolados,3.74,5,19440
4,225,0,Empiristas,3.72,5,19409
4,225,1,Incrementalistas,3.72,5,21708
4,225,2,Evolucionistas,3.72,5,21718
4,225,3,Isolados,3.74,5,21509
4,230,0,Empiristas,3.72,5,21696
4,230,1,Incrementalistas,3.72,5,23993
4,230,2,Evolucionistas,3.72,5,24004
4,230,3,Isolados,3.74,5,23795
4,235,0,Empiristas,3.72,5,24175
4,235,1,Incrementalistas,3.72,5,26472
4,235,2,Evolucionistas,3.72,5,26483
4,235,3,Isolados,3.74,5,26274
4,240,0,Empiristas,3.72,5,26675
4,240,1,Incrementalistas,3.72,5,28972
4,240,2,Evolucionistas,3.72,5,28983
4,240,3,Isolados,3.74,5,28774
4,245,0,Empiristas,3.72,5,29175
4,245,1,Incrementalistas,3.72,5,31472
4,245,2,Evolucionistas,3.72,5,31483
4,245,3,Isolados,3.74,5,31274
4,250,0,Empiristas,3.72,5,31675
4,250,1,Incrementalistas,3.72,5,33972
4,250,2,Evolucionistas,3.72,5,33983
4,250,3,Isolados,5.68,6,33774
4,255,0,Empiristas,3.72,5,34175
4,255,1,Incrementalistas,3.72,5,36472
4,255,2,Evolucionistas,3.72,5,36483
4,255,3,Isolados,5.74,6,36274
4,260,0,Empiristas,3.72,5,36675
4,260,1,Incrementalistas,3.72,5,38972
4,260,2,Evolucionistas,3.72,5,38983
4,260,3,Isolados,6.68,7,38774
4,265,0,Empiristas,3.72,5,39175
4,265,1,Incrementalistas,3.72,5,41472
4,265,2,Evolucionistas,3.72,5,41483
4,265,3,Isolados,6.72,7,41274
4,270,0,Empiristas,3.72,5,41675
4,270,1,Incrementalistas,3.72,5,43972
4,270,2,Evolucionistas,3.72,5,43983
4,270,3,Isolados,6.72,7,43774
4,275,0,Empiristas,3.72,5,44175
4,275,1,Incrementalistas,3.72,5,46472
4,275,2,Evolucionistas,3.72,5,46483
4,275,3,Isolados,6.72,7,46274
4,280,0,Empiristas,3.72,5,46675
4,280,1,Incrementalistas,3.72,5,48972
4,280,2,Evolucionistas,3.72,5,48983
4,280,3,Isolados,6.72,7,48774
4,285,0,Empiristas,3.72,5,49175
4,285,1,Incrementalistas,3.72,5,51472
4,285,2,Evolucionistas,3.72,5,51483
4,285,3,Isolados,6.72,7,51274
4,290,0,Empiristas,3.72,5,51675
4,290,1,Incrementalistas,3.72,5,53972
4,290,2,Evolucionistas,3.72,5,53983
4,290,3,Isolados,6.72,7,53774
4,295,0,Empiristas,3.72,5,54175
4,295,1,Incrementalistas,3.72,5,56472
4,295,2,Evolucionistas,3.72,5,56483
4,295,3,Isolados,6.72,7,56274
4,300,0,Empiristas,3.72,5,56675
4,300,1,Incrementalistas,3.72,5,58972
4,300,2,Evolucionistas,3.72,5,58983
4,300,3,Isolados,6.72,7,58774
5,0,0,Empiristas,0.94,2,5
5,0,1,Incrementalistas,0.68,2,5
5,0,2,Evolucionistas,0.68,2,5
5,0,3,Isolados,-0.02,1,5
5,5,0,Empiristas,0.94,2,31
5,5,1,Incrementalistas,0.94,2,32
5,5,2,Evolucionistas,0.82,2,31
5,5,3,Isolados,0.94,2,32
5,10,0,Empiristas,0.94,2,60
5,10,1,Incrementalistas,0.94,2,60
5,10,2,Evolucionistas,1.84,3,61
5,10,3,Isolados,2.74,3,61
5,15,0,Empiristas,1.84,3,91
5,15,1,Incrementalistas,1.84,3,93
5,15,2,Evolucionistas,1.84,3,92
5,15,3,Isolados,2.74,4,93
5,20,0,Empiristas,1.84,3,127
5,20,1,Incrementalistas,1.86,3,129
5,20,2,Evolucionistas,1.86,3,127
5,20,3,Isolados,2.74,4,131
5,25,0,Empiristas,1.88,3,165
5,25,1,Incrementalistas,1.86,3,169
5,25,2,Evolucionistas,1.86,3,166
5,25,3,Isolados,2.74,4,170
5,30,0,Empiristas,1.88,3,208
5,30,1,Incrementalistas,2.78,4,211
5,30,2,Evolucionistas,1.88,3,211
5,30,3,Isolados,2.74,4,213
5,35,0,Empiristas,1.88,3,255
5,35,1,Incrementalistas,2.78,4,259
5,35,2,Evolucionistas,2.78,4,259
5,35,3,Isolados,2.74,4,261
5,40,0,Empiristas,2.78,4,308
5,40,1,Incrementalistas,2.78,4,313
5,40,2,Evolucionistas,2.78,4,312
5,40,3,Isolados,3.68,5,316
5,45,0,Empiristas,2.8,4,368
5,45,1,Incrementalistas,2.78,4,373
5,45,2,Evolucionistas,2.8,4,370
5,45,3,Isolados,3.68,5,375
5,50,0,Empiristas,2.8,4,433
5,50,1,Incrementalistas,2.8,4,438
5,50,2,Evolucionistas,2.8,4,436
5,50,3,Isolados,3.68,5,440
5,55,0,Empiristas,2.8,4,506
5,55,1,Incrementalistas,2.8,4,509
5,55,2,Evolucionistas,2.8,4,508
5,55,3,Isolados,3.68,5,509
5,60,0,Empiristas,2.8,4,585
5,60,1,Incrementalistas,2.82,4,589
5,60,2,Evolucionistas,2.82,4,587
5,60,3,Isolados,3.68,5,588
5,65,0,Empiristas,2.82,4,673
5,65,1,Incrementalistas,2.82,4,676
5,65,2,Evolucionistas,2.82,4,673
5,65,3,Isolados,3.7,5,676
5,70,0,Empiristas,2.82,4,768
5,70,1,Incrementalistas,2.82,4,773
5,70,2,Evolucionistas,2.82,4,768
5,70,3,Isolados,3.7,5,772
5,75,0,Empiristas,2.82,4,876
5,75,1,Incrementalistas,2.82,4,881
5,75,2,Evolucionistas,2.82,4,873
5,75,3,Isolados,3.7,5,878
5,80,0,Empiristas,2.82,4,992
5,80,1,Incrementalistas,2.82,4,998
5,80,2,Evolucionistas,2.82,4,990
5,80,3,Isolados,3.7,5,995
5,85,0,Empiristas,2.82,4,1120
5,85,1,Incrementalistas,2.82,4,1128
5,85,2,Evolucionistas,2.82,4,1120
5,85,3,Isolados,3.7,5,1123
5,90,0,Empiristas,2.82,4,1263
5,90,1,Incrementalistas,2.82,4,1270
5,90,2,Evolucionistas,2.82,4,1264
5,90,3,Isolados,3.7,5,1264
5,95,0,Empiristas,2.82,4,1421
5,95,1,Incrementalistas,2.82,4,1428
5,95,2,Evolucionistas,2.82,4,1421
5,95,3,Isolados,3.74,5,1422
5,100,0,Empiristas,2.82,4,1596
5,100,1,Incrementalistas,2.82,4,1602
5,100,2,Evolucionistas,2.82,4,1595
5,100,3,Isolados,3.74,5,1597
5,105,0,Empiristas,2.82,4,1789
5,105,1,Incrementalistas,2.82,4,1794
5,105,2,Evolucionistas,2.82,4,1787
5,105,3,Isolados,3.74,5,1788
5,110,0,Empiristas,2.82,4,2002
5,110,1,Incrementalistas,2.82,4,2008
5,110,2,Evolucionistas,2.82,4,2000
5,110,3,Isolados,3.74,5,1999
5,115,0,Empiristas,2.82,4,2236
5,115,1,Incrementalistas,2.82,4,2171
5,115,2,Evolucionistas,2.82,4,2233
5,115,3,Isolados,3.74,5,2235
5,120,0,Empiristas,2.82,4,2493
5,120,1,Incrementalistas,2.82,4,2301
5,120,2,Evolucionistas,2.82,4,2493
5,120,3,Isolados,3.74,5,2495
5,125,0,Empiristas,2.82,4,2778
5,125,1,Incrementalistas,2.82,4,2445
5,125,2,Evolucionistas,2.82,4,2779
5,125,3,Isolados,3.74,5,2780
5,130,0,Empiristas,2.82,4,3093
5,130,1,Incrementalistas,2.82,4,2603
5,130,2,Evolucionistas,2.82,4,3094
5,130,3,Isolados,3.74,5,3096
5,135,0,Empiristas,2.82,4,3441
5,135,1,Incrementalistas,2.82,4,2778
5,135,2,Evolucionistas,2.82,4,3441
5,135,3,Isolados,3.74,5,3445
5,140,0,Empiristas,2.82,4,3827
5,140,1,Incrementalistas,2.82,4,3125
5,140,2,Evolucionistas,2.82,4,3826
5,140,3,Isolados,3.74,5,3830
5,145,0,Empiristas,2.82,4,4252
5,145,1,Incrementalistas,2.82,4,3550
5,145,2,Evolucionistas,2.82,4,4120
5,145,3,Isolados,3.74,5,4255
5,150,0,Empiristas,2.82,4,4720
5,150,1,Incrementalistas,2.82,4,4018
5,150,2,Evolucionistas,2.82,4,4354
5,150,3,Isolados,3.74,5,4723
5,155,0,Empiristas,2.82,4,5236
5,155,1,Incrementalistas,2.82,4,4535
5,155,2,Evolucionistas,2.82,4,4613
5,155,3,Isolados,3.74,5,5240
5,160,0,Empiristas,2.82,4,5805
5,160,1,Incrementalistas,2.82,4,5106
5,160,2,Evolucionistas,2.82,4,4899
5,160,3,Isolados,3.74,5,5811
5,165,0,Empiristas,2.82,4,6436
5,165,1,Incrementalistas,2.82,4,5736
5,165,2,Evolucionistas,2.82,4,5214
5,165,3,Isolados,3.74,5,6443
5,170,0,Empiristas,2.82,4,7132
5,170,1,Incrementalistas,2.82,4,6434
5,170,2,Evolucionistas,2.82,4,5843
5,170,3,Isolados,3.74,5,7140
5,175,0,Empiristas,2.82,4,7901
5,175,1,Incrementalistas,2.82,4,7203
5,175,2,Evolucionistas,2.82,4,6612
5,175,3,Isolados,3.74,5,7908
5,180,0,Empiristas,2.82,4,8749
5,180,1,Incrementalistas,2.82,4,8052
5,180,2,Evolucionistas,2.82,4,7462
5,180,3,Isolados,3.74,5,8758
5,185,0,Empiristas,2.82,4,9687
5,185,1,Incrementalistas,2.82,4,8989
5,185,2,Evolucionistas,2.82,4,8398
5,185,3,Isolados,3.74,5,9696
5,190,0,Empiristas,3.72,5,10721
5,190,1,Incrementalistas,3.72,5,10024
5,190,2,Evolucionistas,3.72,5,9433
5,190,3,Isolados,3.74,5,10730
5,195,0,Empiristas,3.72,5,11864
5,195,1,Incrementalistas,3.72,5,11168
5,195,2,Evolucionistas,3.72,5,10575
5,195,3,Isolados,3.74,5,11872
5,200,0,Empiristas,3.72,5,12867
5,200,1,Incrementalistas,3.72,5,12429
5,200,2,Evolucionistas,3.72,5,11836
5,200,3,Isolados,3.74,5,13133
5,205,0,Empiristas,3.72,5,13564
5,205,1,Incrementalistas,3.72,5,13821
5,205,2,Evolucionistas,3.72,5,13230
5,205,3,Isolados,3.74,5,14526
5,210,0,Empiristas,3.72,5,14334
5,210,1,Incrementalistas,3.72,5,15359
5,210,2,Evolucionistas,3.72,5,14768
5,210,3,Isolados,3.74,5,16065
5,215,0,Empiristas,3.72,5,15183
5,215,1,Incrementalistas,3.72,5,17056
5,215,2,Evolucionistas,3.72,5,16467
5,215,3,Isolados,3.74,5,17763
5,220,0,Empiristas,3.72,5,16120
5,220,1,Incrementalistas,3.72,5,18932
5,220,2,Evolucionistas,3.72,5,18341
5,220,3,Isolados,3.74,5,19637
5,225,0,Empiristas,3.72,5,17787
5,225,1,Incrementalistas,3.72,5,21002
5,225,2,Evolucionistas,3.72,5,20410
5,225,3,Isolados,3.74,5,21706
5,230,0,Empiristas,3.72,5,20071
5,230,1,Incrementalistas,3.72,5,23288
5,230,2,Evolucionistas,3.72,5,22694
5,230,3,Isolados,3.74,5,23992
5,235,0,Empiristas,3.72,5,22551
5,235,1,Incrementalistas,3.72,5,25768
5,235,2,Evolucionistas,3.72,5,25174
5,235,3,Isolados,3.74,5,26470
5,240,0,Empiristas,3.72,5,25051
5,240,1,Incrementalistas,3.72,5,28268
5,240,2,Evolucionistas,3.72,5,27674
5,240,3,Isolados,3.74,5,28970
5,245,0,Empiristas,3.72,5,27551
5,245,1,Incrementalistas,3.72,5,30768
5,245,2,Evolucionistas,3.72,5,30174
5,245,3,Isolados,3.74,5,31470
5,250,0,Empiristas,3.72,5,30051
5,250,1,Incrementalistas,3.72,5,33268
5,250,2,Evolucionistas,3.72,5,32674
5,250,3,Isolados,3.74,5,33970
5,255,0,Empiristas,3.72,5,32551
5,255,1,Incrementalistas,3.72,5,35768
5,255,2,Evolucionistas,3.72,5,35174
5,255,3,Isolados,3.74,5,36470
5,260,0,Empiristas,3.72,5,35051
5,260,1,Incrementalistas,3.72,5,38268
5,260,2,Evolucionistas,3.72,5,37674
5,260,3,Isolados,3.74,5,38970
5,265,0,Empiristas,5.7,6,37551
5,265,1,Incrementalistas,3.72,5,40768
5,265,2,Evolucionistas,3.72,5,40174
5,265,3,Isolados,3.74,5,41470
5,270,0,Empiristas,5.76,6,40051
5,270,1,Incrementalistas,5.76,6,43268
5,270,2,Evolucionistas,3.72,5,42674
5,270,3,Isolados,3.74,5,43970
5,275,0,Empiristas,5.78,6,42551
5,275,1,Incrementalistas,5.78,6,45768
5,275,2,Evolucionistas,5.78,6,45174
5,275,3,Isolados,3.74,5,46470
5,280,0,Empiristas,5.78,6,45051
5,280,1,Incrementalistas,5.78,6,48268
5,280,2,Evolucionistas,5.78,6,47674
5,280,3,Isolados,3.74,5,48970
5,285,0,Empiristas,5.78,6,47551
5,285,1,Incrementalistas,6.72,7,50768
5,285,2,Evolucionistas,5.78,6,50174
5,285,3,Isolados,3.74,5,51470
5,290,0,Empiristas,5.78,6,50051
5,290,1,Incrementalistas,6.72,7,53268
5,290,2,Evolucionistas,6.72,7,51674
5,290,3,Isolados,3.74,5,53970
5,295,0,Empiristas,6.72,7,52551
5,295,1,Incrementalistas,6.72,7,55768
5,295,2,Evolucionistas,6.72,7,52924
5,295,3,Isolados,3.74,5,56470
5,300,0,Empiristas,6.72,7,55051
5,300,1,Incrementalistas,6.72,7,58268
5,300,2,Evolucionistas,6.72,7,54174
5,300,3,Isolados,3.74,5,58970
6,0,0,Empiristas,1.76,2,5
6,0,1,Incrementalistas,0.9,2,5
6,0,2,Evolucionistas,0.9,2,5
6,0,3,Isolados,0.86,2,5
6,5,0,Empiristas,1.76,3,32
6,5,1,Incrementalistas,0.94,2,31
6,5,2,Evolucionistas,1.76,3,31
6,5,3,Isolados,1.82,3,31
6,10,0,Empiristas,1.76,3,61
6,10,1,Incrementalistas,0.94,2,60
6,10,2,Evolucionistas,1.76,3,61
6,10,3,Isolados,1.84,3,60
6,15,0,Empiristas,1.76,3,93
6,15,1,Incrementalistas,1.76,3,90
6,15,2,Evolucionistas,1.76,3,93
6,15,3,Isolados,1.84,3,93
6,20,0,Empiristas,1.76,3,128
6,20,1,Incrementalistas,1.76,3,125
6,20,2,Evolucionistas,1.76,3,128
6,20,3,Isolados,1.84,3,129
6,25,0,Empiristas,1.76,3,168
6,25,1,Incrementalistas,1.76,3,164
6,25,2,Evolucionistas,1.76,3,166
6,25,3,Isolados,1.84,3,168
6,30,0,Empiristas,1.76,3,212
6,30,1,Incrementalistas,1.76,3,208
6,30,2,Evolucionistas,1.76,3,209
6,30,3,Isolados,1.86,3,211
6,35,0,Empiristas,2.72,4,260
6,35,1,Incrementalistas,2.72,4,255
6,35,2,Evolucionistas,2.72,4,257
6,35,3,Isolados,1.86,3,258
6,40,0,Empiristas,2.72,4,313
6,40,1,Incrementalistas,2.72,4,307
6,40,2,Evolucionistas,2.72,4,310
6,40,3,Isolados,1.86,3,311
6,45,0,Empiristas,2.72,4,372
6,45,1,Incrementalistas,2.72,4,348
6,45,2,Evolucionistas,2.72,4,369
6,45,3,Isolados,1.88,3,370
6,50,0,Empiristas,2.74,4,436
6,50,1,Incrementalistas,2.72,4,381
6,50,2,Evolucionistas,2.74,4,434
6,50,3,Isolados,1.88,3,435
6,55,0,Empiristas,2.74,4,508
6,55,1,Incrementalistas,2.74,4,417
6,55,2,Evolucionistas,2.74,4,506
6,55,3,Isolados,1.88,3,507
6,60,0,Empiristas,2.74,4,588
6,60,1,Incrementalistas,2.74,4,457
6,60,2,Evolucionistas,2.74,4,584
6,60,3,Isolados,1.88,3,585
6,65,0,Empiristas,2.76,4,675
6,65,1,Incrementalistas,2.74,4,501
6,65,2,Evolucionistas,2.76,4,672
6,65,3,Isolados,1.88,3,672
6,70,0,Empiristas,5.7,5,772
6,70,1,Incrementalistas,5.7,5,588
6,70,2,Evolucionistas,5.7,5,767
6,70,3,Isolados,1.88,3,769
6,75,0,Empiristas,5.7,5,879
6,75,1,Incrementalistas,5.7,5,694
6,75,2,Evolucionistas,5.7,5,873
6,75,3,Isolados,1.88,3,876
6,80,0,Empiristas,5.7,5,997
6,80,1,Incrementalistas,5.72,5,809
6,80,2,Evolucionistas,5.7,5,990
6,80,3,Isolados,1.88,3,993
6,85,0,Empiristas,6.68,6,1127
6,85,1,Incrementalistas,6.68,6,938
6,85,2,Evolucionistas,6.68,6,1119
6,85,3,Isolados,1.88,3,1122
6,90,0,Empiristas,6.7,6,1270
6,90,1,Incrementalistas,6.68,6,1081
6,90,2,Evolucionistas,6.7,6,1261
6,90,3,Isolados,2.76,4,1264
6,95,0,Empiristas,6.7,6,1428
6,95,1,Incrementalistas,6.7,7,1238
6,95,2,Evolucionistas,6.7,6,1418
6,95,3,Isolados,2.8,4,1422
6,100,0,Empiristas,6.7,6,1603
6,100,1,Incrementalistas,6.7,7,1411
6,100,2,Evolucionistas,6.7,6,1593
6,100,3,Isolados,2.82,4,1596
6,105,0,Empiristas,6.7,6,1796
6,105,1,Incrementalistas,6.7,7,1604
6,105,2,Evolucionistas,6.7,6,1785
6,105,3,Isolados,2.82,4,1789
6,110,0,Empiristas,6.7,6,2007
6,110,1,Incrementalistas,6.7,7,1815
6,110,2,Evolucionistas,6.7,6,1997
6,110,3,Isolados,2.82,4,2000
6,115,0,Empiristas,6.7,6,2242
6,115,1,Incrementalistas,6.7,7,2049
6,115,2,Evolucionistas,6.7,6,2231
6,115,3,Isolados,2.82,4,2235
6,120,0,Empiristas,6.7,6,2500
6,120,1,Incrementalistas,6.7,7,2308
6,120,2,Evolucionistas,6.7,6,2491
6,120,3,Isolados,2.82,4,2493
6,125,0,Empiristas,6.7,5,2756
6,125,1,Incrementalistas,6.72,7,2593
6,125,2,Evolucionistas,6.72,6,2776
6,125,3,Isolados,2.82,4,2778
6,130,0,Empiristas,6.72,5,2913
6,130,1,Incrementalistas,6.72,7,2908
6,130,2,Evolucionistas,6.72,6,3093
6,130,3,Isolados,2.82,4,3096
6,135,0,Empiristas,6.72,5,3086
6,135,1,Incrementalistas,6.72,7,3258
6,135,2,Evolucionistas,6.72,6,3441
6,135,3,Isolados,2.82,4,3444
6,140,0,Empiristas,6.72,6,3278
6,140,1,Incrementalistas,6.72,7,3643
6,140,2,Evolucionistas,6.72,7,3826
6,140,3,Isolados,2.82,4,3828
6,145,0,Empiristas,6.72,7,3490
6,145,1,Incrementalistas,6.72,7,4066
6,145,2,Evolucionistas,6.72,7,4251
6,145,3,Isolados,2.82,4,4252
6,150,0,Empiristas,6.72,7,3821
6,150,1,Incrementalistas,6.72,7,4533
6,150,2,Evolucionistas,6.72,7,4719
6,150,3,Isolados,2.82,4,4720
6,155,0,Empiristas,6.72,7,4339
6,155,1,Incrementalistas,6.72,7,5053
6,155,2,Evolucionistas,6.72,7,5238
6,155,3,Isolados,2.8,1,5238
6,160,0,Empiristas,6.72,7,4912
6,160,1,Incrementalistas,6.72,7,5624
6,160,2,Evolucionistas,6.72,7,5810
6,160,3,Isolados,2.82,4,5523
6,165,0,Empiristas,6.72,7,5544
6,165,1,Incrementalistas,6.72,7,6256
6,165,2,Evolucionistas,6.72,7,6440
6,165,3,Isolados,2.82,4,5837
6,170,0,Empiristas,6.72,7,6240
6,170,1,Incrementalistas,6.72,7,6953
6,170,2,Evolucionistas,6.72,7,7137
6,170,3,Isolados,2.82,4,6185
6,175,0,Empiristas,6.72,7,7010
6,175,1,Incrementalistas,6.72,7,7723
6,175,2,Evolucionistas,6.72,7,7905
6,175,3,Isolados,2.82,4,6570
6,180,0,Empiristas,6.72,7,7860
6,180,1,Incrementalistas,6.72,7,8571
6,180,2,Evolucionistas,6.72,7,8755
6,180,3,Isolados,2.82,4,7083
6,185,0,Empiristas,6.72,7,8797
6,185,1,Incrementalistas,6.72,7,9508
6,185,2,Evolucionistas,6.72,7,9692
6,185,3,Isolados,2.82,4,8020
6,190,0,Empiristas,6.72,7,9832
6,190,1,Incrementalistas,6.72,7,10544
6,190,2,Evolucionistas,6.72,7,10728
6,190,3,Isolados,2.82,4,9054
6,195,0,Empiristas,6.72,7,10975
6,195,1,Incrementalistas,6.72,7,11687
6,195,2,Evolucionistas,6.72,7,11871
6,195,3,Isolados,2.82,4,10196
6,200,0,Empiristas,6.72,7,12237
6,200,1,Incrementalistas,6.72,7,12948
6,200,2,Evolucionistas,6.72,7,13132
6,200,3,Isolados,2.82,4,11457
6,205,0,Empiristas,6.72,7,13630
6,205,1,Incrementalistas,6.72,7,14342
6,205,2,Evolucionistas,6.72,7,14526
6,205,3,Isolados,2.82,4,12850
6,210,0,Empiristas,6.72,7,15169
6,210,1,Incrementalistas,6.72,7,15879
6,210,2,Evolucionistas,6.72,7,16065
6,210,3,Isolados,2.82,4,14388
6,215,0,Empiristas,6.72,7,16868
6,215,1,Incrementalistas,6.72,7,17577
6,215,2,Evolucionistas,6.72,7,17762
6,215,3,Isolados,2.82,4,16086
6,220,0,Empiristas,6.72,7,18743
6,220,1,Incrementalistas,6.72,7,19452
6,220,2,Evolucionistas,6.72,7,19636
6,220,3,Isolados,2.82,4,17960
6,225,0,Empiristas,6.72,7,20814
6,225,1,Incrementalistas,6.72,7,21523
6,225,2,Evolucionistas,6.72,7,21707
6,225,3,Isolados,2.82,4,20030
6,230,0,Empiristas,6.72,7,23100
6,230,1,Incrementalistas,6.72,7,23809
6,230,2,Evolucionistas,6.72,7,23992
6,230,3,Isolados,2.82,4,22314
6,235,0,Empiristas,6.72,7,25579
6,235,1,Incrementalistas,6.72,7,26289
6,235,2,Evolucionistas,6.72,7,26470
6,235,3,Isolados,2.82,4,24794
6,240,0,Empiristas,6.72,7,28079
6,240,1,Incrementalistas,6.72,7,28789
6,240,2,Evolucionistas,6.72,7,28970
6,240,3,Isolados,2.82,4,27294
6,245,0,Empiristas,6.72,7,30579
6,245,1,Incrementalistas,6.72,7,31289
6,245,2,Evolucionistas,6.72,7,31470
6,245,3,Isolados,2.82,4,29794
6,250,0,Empiristas,6.72,7,33079
6,250,1,Incrementalistas,6.72,7,33789
6,250,2,Evolucionistas,6.72,7,33970
6,250,3,Isolados,5.78,5,32294
6,255,0,Empiristas,6.72,7,35579
6,255,1,Incrementalistas,6.72,7,36289
6,255,2,Evolucionistas,6.72,7,36470
6,255,3,Isolados,5.78,5,34794
6,260,0,Empiristas,6.72,7,38079
6,260,1,Incrementalistas,6.72,7,38789
6,260,2,Evolucionistas,6.72,7,38970
6,260,3,Isolados,5.78,5,37294
6,265,0,Empiristas,6.72,7,40579
6,265,1,Incrementalistas,6.72,7,41289
6,265,2,Evolucionistas,6.72,6,40720
6,265,3,Isolados,5.78,5,39794
6,270,0,Empiristas,6.72,7,43079
6,270,1,Incrementalistas,6.72,7,43789
6,270,2,Evolucionistas,6.72,6,41970
6,270,3,Isolados,6.72,7,42294
6,275,0,Empiristas,6.72,7,45579
6,275,1,Incrementalistas,6.72,7,46289
6,275,2,Evolucionistas,6.72,6,43220
6,275,3,Isolados,6.72,7,44794
6,280,0,Empiristas,6.72,7,48079
6,280,1,Incrementalistas,6.72,7,48789
6,280,2,Evolucionistas,6.72,6,44470
6,280,3,Isolados,6.72,7,47294
6,285,0,Empiristas,6.72,7,50579
6,285,1,Incrementalistas,6.72,7,51289
6,285,2,Evolucionistas,6.72,6,45720
6,285,3,Isolados,6.72,7,49794
6,290,0,Empiristas,6.72,7,53079
6,290,1,Incrementalistas,6.72,7,53789
6,290,2,Evolucionistas,6.72,6,47470
6,290,3,Isolados,6.72,7,52294
6,295,0,Empiristas,6.72,7,55579
6,295,1,Incrementalistas,6.72,6,56289
6,295,2,Evolucionistas,6.72,6,48720
6,295,3,Isolados,6.72,7,54794
6,300,0,Empiristas,6.72,7,58079
6,300,1,Incrementalistas,6.72,7,57539
6,300,2,Evolucionistas,6.72,6,49970
6,300,3,Isolados,6.72,7,57294
7,0,0,Empiristas,-0.02,1,5
7,0,1,Incrementalistas,0.88,2,5
7,0,2,Evolucionistas,0.88,2,5
7,0,3,Isolados,0.86,2,5
7,5,0,Empiristas,0.9,2,32
7,5,1,Incrementalistas,0.92,2,33
7,5,2,Evolucionistas,0.92,2,32
7,5,3,Isolados,0.92,2,31
7,10,0,Empiristas,1.82,3,60
7,10,1,Incrementalistas,1.8,3,61
7,10,2,Evolucionistas,0.92,2,49
7,10,3,Isolados,0.94,2,61
7,15,0,Empiristas,1.88,3,91
7,15,1,Incrementalistas,1.82,3,95
7,15,2,Evolucionistas,0.92,2,65
7,15,3,Isolados,0.94,2,92
7,20,0,Empiristas,1.88,3,125
7,20,1,Incrementalistas,1.84,3,130
7,20,2,Evolucionistas,0.94,2,82
7,20,3,Isolados,1.88,3,127
7,25,0,Empiristas,1.88,3,163
7,25,1,Incrementalistas,1.88,3,170
7,25,2,Evolucionistas,1.88,3,102
7,25,3,Isolados,1.88,3,166
7,30,0,Empiristas,1.88,3,207
7,30,1,Incrementalistas,1.88,3,214
7,30,2,Evolucionistas,1.88,3,124
7,30,3,Isolados,1.88,3,210
7,35,0,Empiristas,1.88,3,257
7,35,1,Incrementalistas,1.88,3,263
7,35,2,Evolucionistas,1.88,3,163
7,35,3,Isolados,1.88,3,258
7,40,0,Empiristas,1.88,3,310
7,40,1,Incrementalistas,1.88,3,315
7,40,2,Evolucionistas,1.88,3,215
7,40,3,Isolados,1.88,3,309
7,45,0,Empiristas,1.88,3,370
7,45,1,Incrementalistas,1.88,3,374
7,45,2,Evolucionistas,1.88,3,274
7,45,3,Isolados,1.88,3,368
7,50,0,Empiristas,1.88,3,433
7,50,1,Incrementalistas,1.88,3,439
7,50,2,Evolucionistas,1.88,3,340
7,50,3,Isolados,1.88,3,432
7,55,0,Empiristas,2.8,4,504
7,55,1,Incrementalistas,1.88,3,510
7,55,2,Evolucionistas,2.8,4,410
7,55,3,Isolados,1.88,3,503
7,60,0,Empiristas,2.8,4,582
7,60,1,Incrementalistas,1.88,3,587
7,60,2,Evolucionistas,2.8,4,489
7,60,3,Isolados,1.88,3,584
7,65,0,Empiristas,2.8,4,669
7,65,1,Incrementalistas,2.8,4,675
7,65,2,Evolucionistas,2.8,4,577
7,65,3,Isolados,1.88,3,671
7,70,0,Empiristas,2.8,4,765
7,70,1,Incrementalistas,2.8,4,771
7,70,2,Evolucionistas,2.8,4,674
7,70,3,Isolados,1.88,3,768
7,75,0,Empiristas,2.8,4,871
7,75,1,Incrementalistas,2.8,4,877
7,75,2,Evolucionistas,2.8,4,779
7,75,3,Isolados,1.88,3,874
7,80,0,Empiristas,2.8,4,988
7,80,1,Incrementalistas,2.82,4,957
7,80,2,Evolucionistas,2.82,4,896
7,80,3,Isolados,1.88,3,990
7,85,0,Empiristas,2.82,4,1118
7,85,1,Incrementalistas,2.82,4,1022
7,85,2,Evolucionistas,2.82,4,1027
7,85,3,Isolados,1.88,3,1119
7,90,0,Empiristas,2.82,4,1261
7,90,1,Incrementalistas,2.82,4,1094
7,90,2,Evolucionistas,2.82,4,1171
7,90,3,Isolados,1.88,3,1262
7,95,0,Empiristas,2.82,4,1420
7,95,1,Incrementalistas,2.82,4,1173
7,95,2,Evolucionistas,2.82,4,1330
7,95,3,Isolados,1.88,3,1418
7,100,0,Empiristas,2.82,4,1596
7,100,1,Incrementalistas,2.82,4,1261
7,100,2,Evolucionistas,2.82,4,1504
7,100,3,Isolados,1.88,3,1591
7,105,0,Empiristas,2.82,4,1788
7,105,1,Incrementalistas,2.82,4,1417
7,105,2,Evolucionistas,2.82,4,1697
7,105,3,Isolados,1.88,3,1784
7,110,0,Empiristas,2.82,4,2000
7,110,1,Incrementalistas,2.82,4,1629
7,110,2,Evolucionistas,2.82,4,1909
7,110,3,Isolados,2.78,4,1996
7,115,0,Empiristas,2.82,4,2234
7,115,1,Incrementalistas,2.82,4,1863
7,115,2,Evolucionistas,2.82,4,2141
7,115,3,Isolados,2.8,4,2230
7,120,0,Empiristas,2.82,4,2493
7,120,1,Incrementalistas,2.82,4,2123
7,120,2,Evolucionistas,2.82,4,2397
7,120,3,Isolados,2.82,4,2488
7,125,0,Empiristas,2.82,4,2779
7,125,1,Incrementalistas,2.82,4,2409
7,125,2,Evolucionistas,2.82,4,2682
7,125,3,Isolados,2.82,4,2774
7,130,0,Empiristas,2.82,4,3095
7,130,1,Incrementalistas,2.82,4,2725
7,130,2,Evolucionistas,2.82,4,2996
7,130,3,Isolados,2.82,4,3089
7,135,0,Empiristas,2.82,4,3443
7,135,1,Incrementalistas,2.82,4,3074
7,135,2,Evolucionistas,2.82,4,3344
7,135,3,Isolados,2.82,4,3437
7,140,0,Empiristas,2.82,4,3828
7,140,1,Incrementalistas,2.82,4,3458
7,140,2,Evolucionistas,2.82,4,3727
7,140,3,Isolados,2.82,4,3821
7,145,0,Empiristas,2.82,4,4253
7,145,1,Incrementalistas,2.82,4,3883
7,145,2,Evolucionistas,2.82,4,4150
7,145,3,Isolados,2.82,4,4245
7,150,0,Empiristas,2.82,4,4721
7,150,1,Incrementalistas,2.82,4,4354
7,150,2,Evolucionistas,2.82,4,4620
7,150,3,Isolados,2.82,4,4715
7,155,0,Empiristas,5.74,5,5240
7,155,1,Incrementalistas,5.78,5,4872
7,155,2,Evolucionistas,5.78,5,5137
7,155,3,Isolados,2.82,4,5232
7,160,0,Empiristas,5.76,5,5812
7,160,1,Incrementalistas,5.78,5,5443
7,160,2,Evolucionistas,5.78,5,5709
7,160,3,Isolados,2.82,4,5803
7,165,0,Empiristas,5.78,5,6443
7,165,1,Incrementalistas,5.78,5,6074
7,165,2,Evolucionistas,5.78,5,6339
7,165,3,Isolados,2.82,4,6433
7,170,0,Empiristas,5.78,5,7140
7,170,1,Incrementalistas,5.78,5,6771
7,170,2,Evolucionistas,5.78,5,7035
7,170,3,Isolados,2.82,4,7130
7,175,0,Empiristas,5.78,5,7908
7,175,1,Incrementalistas,5.78,5,7540
7,175,2,Evolucionistas,5.78,5,7804
7,175,3,Isolados,2.82,4,7898
7,180,0,Empiristas,6.68,5,8582
7,180,1,Incrementalistas,5.78,5,8388
7,180,2,Evolucionistas,5.78,5,8653
7,180,3,Isolados,2.82,4,8746
7,185,0,Empiristas,6.7,6,9049
7,185,1,Incrementalistas,6.72,6,9327
7,185,2,Evolucionistas,6.72,6,9591
7,185,3,Isolados,2.82,4,9683
7,190,0,Empiristas,6.72,6,9567
7,190,1,Incrementalistas,6.72,6,10362
7,190,2,Evolucionistas,6.72,6,10626
7,190,3,Isolados,2.82,4,10717
7,195,0,Empiristas,6.72,6,10136
7,195,1,Incrementalistas,6.72,6,11505
7,195,2,Evolucionistas,6.72,6,11770
7,195,3,Isolados,2.82,4,11860
7,200,0,Empiristas,6.72,6,10768
7,200,1,Incrementalistas,6.72,6,12765
7,200,2,Evolucionistas,6.72,6,13031
7,200,3,Isolados,2.82,4,13122
7,205,0,Empiristas,6.72,6,11891
7,205,1,Incrementalistas,6.72,6,14158
7,205,2,Evolucionistas,6.72,6,14424
7,205,3,Isolados,2.82,4,14515
7,210,0,Empiristas,6.72,6,13429
7,210,1,Incrementalistas,6.72,6,15697
7,210,2,Evolucionistas,6.72,6,15962
7,210,3,Isolados,2.82,4,15893
7,215,0,Empiristas,6.72,6,15125
7,215,1,Incrementalistas,6.72,6,17394
7,215,2,Evolucionistas,6.72,6,17658
7,215,3,Isolados,2.82,4,16743
7,220,0,Empiristas,6.72,6,17001
7,220,1,Incrementalistas,6.72,6,19268
7,220,2,Evolucionistas,6.72,6,19532
7,220,3,Isolados,2.82,4,17681
7,225,0,Empiristas,6.72,6,19070
7,225,1,Incrementalistas,6.72,6,21337
7,225,2,Evolucionistas,6.72,6,21600
7,225,3,Isolados,2.82,4,18716
7,230,0,Empiristas,6.72,6,21356
7,230,1,Incrementalistas,6.72,6,22699
7,230,2,Evolucionistas,6.72,6,23885
7,230,3,Isolados,2.82,4,19860
7,235,0,Empiristas,6.72,6,23834
7,235,1,Incrementalistas,6.72,6,23940
7,235,2,Evolucionistas,6.72,6,25615
7,235,3,Isolados,2.82,4,21599
7,240,0,Empiristas,6.72,6,26334
7,240,1,Incrementalistas,6.72,6,25190
7,240,2,Evolucionistas,6.72,6,26865
7,240,3,Isolados,2.82,4,24099
7,245,0,Empiristas,6.72,6,28834
7,245,1,Incrementalistas,6.72,6,26440
7,245,2,Evolucionistas,6.72,6,28115
7,245,3,Isolados,2.82,4,26599
7,250,0,Empiristas,6.72,6,31334
7,250,1,Incrementalistas,6.72,6,27690
7,250,2,Evolucionistas,6.72,6,29365
7,250,3,Isolados,2.82,4,29099
7,255,0,Empiristas,6.72,6,33834
7,255,1,Incrementalistas,6.72,6,30190
7,255,2,Evolucionistas,6.72,6,30615
7,255,3,Isolados,5.72,5,31599
7,260,0,Empiristas,6.72,6,36334
7,260,1,Incrementalistas,6.72,6,32690
7,260,2,Evolucionistas,6.72,6,32865
7,260,3,Isolados,6.72,6,34099
7,265,0,Empiristas,6.72,6,38834
7,265,1,Incrementalistas,6.72,6,35190
7,265,2,Evolucionistas,6.72,6,35365
7,265,3,Isolados,6.72,6,36599
7,270,0,Empiristas,6.72,6,41334
7,270,1,Incrementalistas,6.72,6,37690
7,270,2,Evolucionistas,6.72,6,37865
7,270,3,Isolados,6.72,6,39099
7,275,0,Empiristas,6.72,6,43834
7,275,1,Incrementalistas,6.72,6,40190
7,275,2,Evolucionistas,6.72,6,40365
7,275,3,Isolados,6.72,6,41599
7,280,0,Empiristas,6.72,6,46334
7,280,1,Incrementalistas,6.72,6,42690
7,280,2,Evolucionistas,6.72,6,42865
7,280,3,Isolados,6.72,6,44099
7,285,0,Empiristas,6.72,6,48834
7,285,1,Incrementalistas,6.72,6,45190
7,285,2,Evolucionistas,6.72,6,45365
7,285,3,Isolados,6.72,6,46599
7,290,0,Empiristas,6.72,6,50334
7,290,1,Incrementalistas,6.72,6,47690
7,290,2,Evolucionistas,6.72,6,47865
7,290,3,Isolados,6.72,6,49099
7,295,0,Empiristas,6.72,6,51584
7,295,1,Incrementalistas,6.72,6,50190
7,295,2,Evolucionistas,6.72,6,50365
7,295,3,Isolados,6.72,6,51599
7,300,0,Empiristas,6.72,6,52834
7,300,1,Incrementalistas,6.72,6,52690
7,300,2,Evolucionistas,6.72,6,52865
7,300,3,Isolados,6.72,6,54099
8,0,0,Empiristas,0.88,2,5
8,0,1,Incrementalistas,0.88,2,5
8,0,2,Evolucionistas,0.88,2,5
8,0,3,Isolados,0.82,2,5
8,5,0,Empiristas,0.94,2,31
8,5,1,Incrementalistas,0.94,2,31
8,5,2,Evolucionistas,0.94,2,31
8,5,3,Isolados,1.86,3,30
8,10,0,Empiristas,0.94,2,61
8,10,1,Incrementalistas,0.94,2,61
8,10,2,Evolucionistas,0.94,2,60
8,10,3,Isolados,1.86,3,60
8,15,0,Empiristas,0.94,2,93
8,15,1,Incrementalistas,0.94,2,95
8,15,2,Evolucionistas,0.94,2,91
8,15,3,Isolados,1.86,3,93
8,20,0,Empiristas,0.94,2,127
8,20,1,Incrementalistas,0.94,2,130
8,20,2,Evolucionistas,0.94,2,129
8,20,3,Isolados,1.86,3,129
8,25,0,Empiristas,0.94,2,166
8,25,1,Incrementalistas,1.84,3,170
8,25,2,Evolucionistas,1.86,3,169
8,25,3,Isolados,1.86,3,166
8,30,0,Empiristas,1.86,3,209
8,30,1,Incrementalistas,1.84,3,215
8,30,2,Evolucionistas,1.88,3,211
8,30,3,Isolados,1.88,3,210
8,35,0,Empiristas,1.88,3,257
8,35,1,Incrementalistas,1.84,3,264
8,35,2,Evolucionistas,1.88,3,258
8,35,3,Isolados,1.88,3,258
8,40,0,Empiristas,1.88,3,310
8,40,1,Incrementalistas,1.88,3,318
8,40,2,Evolucionistas,1.88,3,311
8,40,3,Isolados,1.88,3,310
8,45,0,Empiristas,1.88,3,369
8,45,1,Incrementalistas,1.88,3,377
8,45,2,Evolucionistas,1.88,3,371
8,45,3,Isolados,1.88,3,368
8,50,0,Empiristas,1.88,3,432
8,50,1,Incrementalistas,1.88,3,442
8,50,2,Evolucionistas,1.88,3,437
8,50,3,Isolados,1.88,3,433
8,55,0,Empiristas,1.88,3,503
8,55,1,Incrementalistas,1.88,3,513
8,55,2,Evolucionistas,1.88,3,508
8,55,3,Isolados,1.88,3,503
8,60,0,Empiristas,1.88,3,582
8,60,1,Incrementalistas,1.88,3,590
8,60,2,Evolucionistas,1.88,3,587
8,60,3,Isolados,1.88,3,581
8,65,0,Empiristas,1.88,3,669
8,65,1,Incrementalistas,1.88,3,676
8,65,2,Evolucionistas,1.88,3,675
8,65,3,Isolados,1.88,3,669
8,70,0,Empiristas,2.76,4,765
8,70,1,Incrementalistas,2.76,4,771
8,70,2,Evolucionistas,1.88,3,772
8,70,3,Isolados,2.78,4,765
8,75,0,Empiristas,2.76,4,870
8,75,1,Incrementalistas,2.76,4,876
8,75,2,Evolucionistas,2.76,4,879
8,75,3,Isolados,2.78,4,870
8,80,0,Empiristas,2.78,4,986
8,80,1,Incrementalistas,2.76,4,993
8,80,2,Evolucionistas,2.76,4,996
8,80,3,Isolados,2.78,4,988
8,85,0,Empiristas,2.78,4,1115
8,85,1,Incrementalistas,2.78,4,1123
8,85,2,Evolucionistas,2.78,4,1124
8,85,3,Isolados,2.78,4,1117
8,90,0,Empiristas,2.8,4,1258
8,90,1,Incrementalistas,2.8,4,1265
8,90,2,Evolucionistas,2.8,4,1266
8,90,3,Isolados,2.78,4,1260
8,95,0,Empiristas,2.8,4,1414
8,95,1,Incrementalistas,2.8,4,1423
8,95,2,Evolucionistas,2.8,4,1423
8,95,3,Isolados,2.78,4,1419
8,100,0,Empiristas,2.8,4,1589
8,100,1,Incrementalistas,2.8,4,1597
8,100,2,Evolucionistas,3.74,5,1599
8,100,3,Isolados,2.78,4,1593
8,105,0,Empiristas,3.74,5,1782
8,105,1,Incrementalistas,3.74,5,1789
8,105,2,Evolucionistas,3.74,5,1791
8,105,3,Isolados,2.78,4,1785
8,110,0,Empiristas,3.74,5,1995
8,110,1,Incrementalistas,3.74,5,1999
8,110,2,Evolucionistas,3.74,5,2003
8,110,3,Isolados,2.78,4,1996
8,115,0,Empiristas,3.74,5,2230
8,115,1,Incrementalistas,3.74,5,2234
8,115,2,Evolucionistas,3.74,5,2238
8,115,3,Isolados,3.72,5,2230
8,120,0,Empiristas,4.68,6,2490
8,120,1,Incrementalistas,3.74,5,2494
8,120,2,Evolucionistas,3.74,5,2497
8,120,3,Isolados,3.74,5,2488
8,125,0,Empiristas,4.68,6,2775
8,125,1,Incrementalistas,3.74,5,2781
8,125,2,Evolucionistas,3.74,5,2783
8,125,3,Isolados,3.74,5,2774
8,130,0,Empiristas,4.68,6,3091
8,130,1,Incrementalistas,3.74,5,3097
8,130,2,Evolucionistas,4.68,6,3096
8,130,3,Isolados,3.74,5,3090
8,135,0,Empiristas,4.68,6,3439
8,135,1,Incrementalistas,4.68,6,3445
8,135,2,Evolucionistas,4.68,6,3444
8,135,3,Isolados,3.74,5,3437
8,140,0,Empiristas,4.68,6,3823
8,140,1,Incrementalistas,4.68,6,3829
8,140,2,Evolucionistas,4.68,6,3828
8,140,3,Isolados,3.74,5,3822
8,145,0,Empiristas,4.68,6,4249
8,145,1,Incrementalistas,4.68,6,4254
8,145,2,Evolucionistas,4.68,6,4252
8,145,3,Isolados,3.74,5,4246
8,150,0,Empiristas,4.68,6,4717
8,150,1,Incrementalistas,4.68,6,4722
8,150,2,Evolucionistas,4.68,6,4722
8,150,3,Isolados,3.74,5,4715
8,155,0,Empiristas,4.68,6,5235
8,155,1,Incrementalistas,4.68,6,5239
8,155,2,Evolucionistas,4.68,6,5241
8,155,3,Isolados,3.74,5,5231
8,160,0,Empiristas,4.68,6,5805
8,160,1,Incrementalistas,4.68,6,5811
8,160,2,Evolucionistas,4.68,6,5814
8,160,3,Isolados,3.74,5,5802
8,165,0,Empiristas,4.68,6,6437
8,165,1,Incrementalistas,4.68,6,6442
8,165,2,Evolucionistas,4.68,6,6446
8,165,3,Isolados,3.74,5,6432
8,170,0,Empiristas,4.68,6,7134
8,170,1,Incrementalistas,4.68,6,7139
8,170,2,Evolucionistas,4.68,6,7143
8,170,3,Isolados,3.74,5,7129
8,175,0,Empiristas,4.68,6,7903
8,175,1,Incrementalistas,4.68,6,7909
8,175,2,Evolucionistas,4.68,6,7911
8,175,3,Isolados,3.74,5,7898
8,180,0,Empiristas,4.68,6,8753
8,180,1,Incrementalistas,4.68,6,8758
8,180,2,Evolucionistas,4.68,6,8760
8,180,3,Isolados,3.74,5,8747
8,185,0,Empiristas,4.68,6,9689
8,185,1,Incrementalistas,4.68,6,9696
8,185,2,Evolucionistas,4.68,6,9698
8,185,3,Isolados,3.74,5,9684
8,190,0,Empiristas,4.68,6,10725
8,190,1,Incrementalistas,4.68,6,10731
8,190,2,Evolucionistas,4.68,6,10732
8,190,3,Isolados,3.74,5,10719
8,195,0,Empiristas,4.68,6,11867
8,195,1,Incrementalistas,4.68,6,11873
8,195,2,Evolucionistas,4.68,6,11876
8,195,3,Isolados,3.74,5,11863
8,200,0,Empiristas,4.68,6,13127
8,200,1,Incrementalistas,4.68,6,13134
8,200,2,Evolucionistas,4.68,6,13139
8,200,3,Isolados,3.74,5,13124
8,205,0,Empiristas,4.68,6,14521
8,205,1,Incrementalistas,4.68,6,14526
8,205,2,Evolucionistas,4.68,6,14531
8,205,3,Isolados,3.74,5,14518
8,210,0,Empiristas,4.68,6,16058
8,210,1,Incrementalistas,4.68,6,16066
8,210,2,Evolucionistas,4.68,6,16068
8,210,3,Isolados,3.74,5,16055
8,215,0,Empiristas,4.68,6,17758
8,215,1,Incrementalistas,4.68,6,17764
8,215,2,Evolucionistas,4.68,6,17767
8,215,3,Isolados,3.74,5,17752
8,220,0,Empiristas,4.68,6,19632
8,220,1,Incrementalistas,4.68,6,19640
8,220,2,Evolucionistas,4.68,6,19643
8,220,3,Isolados,3.74,5,19628
8,225,0,Empiristas,4.68,6,21701
8,225,1,Incrementalistas,4.68,6,21709
8,225,2,Evolucionistas,4.68,6,21712
8,225,3,Isolados,3.74,5,21697
8,230,0,Empiristas,5.74,7,23987
8,230,1,Incrementalistas,4.68,6,23995
8,230,2,Evolucionistas,5.74,7,23998
8,230,3,Isolados,3.74,5,23982
8,235,0,Empiristas,6.72,8,26466
8,235,1,Incrementalistas,5.74,7,26474
8,235,2,Evolucionistas,6.72,8,26477
8,235,3,Isolados,3.74,5,26460
8,240,0,Empiristas,6.72,8,28966
8,240,1,Incrementalistas,6.72,8,28974
8,240,2,Evolucionistas,6.72,8,28977
8,240,3,Isolados,3.74,5,28960
8,245,0,Empiristas,6.72,8,31466
8,245,1,Incrementalistas,6.72,8,31474
8,245,2,Evolucionistas,6.72,8,31477
8,245,3,Isolados,3.74,5,31460
8,250,0,Empiristas,6.72,8,33966
8,250,1,Incrementalistas,6.72,8,33974
8,250,2,Evolucionistas,6.72,8,33977
8,250,3,Isolados,3.74,5,33960
8,255,0,Empiristas,6.72,8,36466
8,255,1,Incrementalistas,6.72,8,36474
8,255,2,Evolucionistas,6.72,8,36477
8,255,3,Isolados,3.74,5,36460
8,260,0,Empiristas,6.72,8,38966
8,260,1,Incrementalistas,6.72,8,38974
8,260,2,Evolucionistas,6.72,8,38977
8,260,3,Isolados,3.74,5,38960
8,265,0,Empiristas,6.72,6,41216
8,265,1,Incrementalistas,6.72,8,41474
8,265,2,Evolucionistas,6.72,8,41477
8,265,3,Isolados,3.74,5,41460
8,270,0,Empiristas,6.72,6,42466
8,270,1,Incrementalistas,6.72,8,43974
8,270,2,Evolucionistas,6.72,8,43977
8,270,3,Isolados,3.74,5,43960
8,275,0,Empiristas,6.72,7,43716
8,275,1,Incrementalistas,6.72,8,46474
8,275,2,Evolucionistas,6.72,8,46477
8,275,3,Isolados,3.74,5,46460
8,280,0,Empiristas,6.72,7,44966
8,280,1,Incrementalistas,6.72,8,48974
8,280,2,Evolucionistas,6.72,8,47977
8,280,3,Isolados,3.74,5,48960
8,285,0,Empiristas,6.72,7,46216
8,285,1,Incrementalistas,6.72,8,51474
8,285,2,Evolucionistas,6.72,8,49227
8,285,3,Isolados,3.74,5,51460
8,290,0,Empiristas,6.72,7,47966
8,290,1,Incrementalistas,6.72,8,53974
8,290,2,Evolucionistas,6.72,8,50477
8,290,3,Isolados,3.74,5,53960
8,295,0,Empiristas,6.72,7,50466
8,295,1,Incrementalistas,6.72,8,56474
8,295,2,Evolucionistas,6.72,8,51727
8,295,3,Isolados,3.74,5,56460
8,300,0,Empiristas,6.72,7,52966
8,300,1,Incrementalistas,6.72,8,58974
8,300,2,Evolucionistas,6.72,8,52977
8,300,3,Isolados,3.74,5,58960
9,0,0,Empiristas,0.94,2,5
9,0,1,Incrementalistas,0.88,2,5
9,0,2,Evolucionistas,-0.02,1,5
9,0,3,Isolados,-0.02,1,5
9,5,0,Empiristas,0.94,2,32
9,5,1,Incrementalistas,1.84,3,31
9,5,2,Evolucionistas,0.94,2,31
9,5,3,Isolados,0.92,2,33
9,10,0,Empiristas,1.84,3,59
9,10,1,Incrementalistas,1.84,3,61
9,10,2,Evolucionistas,0.94,2,61
9,10,3,Isolados,0.94,2,62
9,15,0,Empiristas,1.86,3,90
9,15,1,Incrementalistas,1.86,3,94
9,15,2,Evolucionistas,1.86,3,94
9,15,3,Isolados,0.94,2,93
9,20,0,Empiristas,1.88,3,125
9,20,1,Incrementalistas,1.88,3,130
9,20,2,Evolucionistas,1.88,3,130
9,20,3,Isolados,0.94,2,128
9,25,0,Empiristas,1.88,3,166
9,25,1,Incrementalistas,1.88,3,169
9,25,2,Evolucionistas,1.88,3,169
9,25,3,Isolados,1.82,3,167
9,30,0,Empiristas,2.74,4,210
9,30,1,Incrementalistas,1.88,3,211
9,30,2,Evolucionistas,1.88,3,213
9,30,3,Isolados,1.82,3,212
9,35,0,Empiristas,2.74,4,258
9,35,1,Incrementalistas,2.74,4,258
9,35,2,Evolucionistas,2.74,4,261
9,35,3,Isolados,1.82,3,261
9,40,0,Empiristas,2.74,4,312
9,40,1,Incrementalistas,2.76,4,311
9,40,2,Evolucionistas,2.74,4,313
9,40,3,Isolados,1.82,2,314
9,45,0,Empiristas,2.74,4,371
9,45,1,Incrementalistas,2.76,4,369
9,45,2,Evolucionistas,2.76,4,372
9,45,3,Isolados,1.82,3,342
9,50,0,Empiristas,2.8,4,435
9,50,1,Incrementalistas,2.8,4,434
9,50,2,Evolucionistas,2.8,4,437
9,50,3,Isolados,1.88,3,372
9,55,0,Empiristas,2.8,4,505
9,55,1,Incrementalistas,2.8,4,506
9,55,2,Evolucionistas,2.8,4,509
9,55,3,Isolados,1.88,3,407
9,60,0,Empiristas,2.8,4,584
9,60,1,Incrementalistas,2.8,4,585
9,60,2,Evolucionistas,2.8,4,588
9,60,3,Isolados,1.88,3,446
9,65,0,Empiristas,2.82,4,672
9,65,1,Incrementalistas,2.82,4,673
9,65,2,Evolucionistas,2.8,4,675
9,65,3,Isolados,1.88,3,499
9,70,0,Empiristas,2.82,4,768
9,70,1,Incrementalistas,2.82,4,769
9,70,2,Evolucionistas,2.82,4,771
9,70,3,Isolados,1.88,3,596
9,75,0,Empiristas,2.82,4,874
9,75,1,Incrementalistas,2.82,4,875
9,75,2,Evolucionistas,2.82,4,879
9,75,3,Isolados,1.88,3,702
9,80,0,Empiristas,2.82,1,991
9,80,1,Incrementalistas,2.82,4,992
9,80,2,Evolucionistas,2.82,4,996
9,80,3,Isolados,2.8,4,819
9,85,0,Empiristas,2.82,4,1055
9,85,1,Incrementalistas,2.82,4,1122
9,85,2,Evolucionistas,5.7,5,1126
9,85,3,Isolados,2.8,4,947
9,90,0,Empiristas,2.82,4,1127
9,90,1,Incrementalistas,6.7,7,1265
9,90,2,Evolucionistas,6.68,6,1267
9,90,3,Isolados,2.8,4,1091
9,95,0,Empiristas,2.82,4,1206
9,95,1,Incrementalistas,6.72,7,1422
9,95,2,Evolucionistas,6.72,6,1425
9,95,3,Isolados,2.8,4,1250
9,100,0,Empiristas,6.72,5,1293
9,100,1,Incrementalistas,6.72,7,1596
9,100,2,Evolucionistas,6.72,6,1600
9,100,3,Isolados,2.8,4,1424
9,105,0,Empiristas,6.72,6,1410
9,105,1,Incrementalistas,6.72,7,1787
9,105,2,Evolucionistas,6.72,6,1793
9,105,3,Isolados,2.8,4,1617
9,110,0,Empiristas,6.72,2,1621
9,110,1,Incrementalistas,6.72,7,1999
9,110,2,Evolucionistas,6.72,6,2006
9,110,3,Isolados,2.8,4,1829
9,115,0,Empiristas,6.72,6,1738
9,115,1,Incrementalistas,6.72,7,2234
9,115,2,Evolucionistas,6.72,6,2217
9,115,3,Isolados,2.82,4,2063
9,120,0,Empiristas,6.72,6,1868
9,120,1,Incrementalistas,6.72,7,2493
9,120,2,Evolucionistas,6.72,7,2347
9,120,3,Isolados,2.82,4,2322
9,125,0,Empiristas,6.72,6,2011
9,125,1,Incrementalistas,6.72,7,2780
9,125,2,Evolucionistas,6.72,7,2489
9,125,3,Isolados,2.82,4,2607
9,130,0,Empiristas,6.72,6,2169
9,130,1,Incrementalistas,6.72,7,3095
9,130,2,Evolucionistas,6.72,7,2647
9,130,3,Isolados,2.82,4,2922
9,135,0,Empiristas,6.72,6,2379
9,135,1,Incrementalistas,6.72,7,3443
9,135,2,Evolucionistas,6.72,7,2821
9,135,3,Isolados,2.82,4,3270
9,140,0,Empiristas,6.72,6,2764
9,140,1,Incrementalistas,6.72,7,3828
9,140,2,Evolucionistas,6.72,7,3092
9,140,3,Isolados,2.82,4,3655
9,145,0,Empiristas,6.72,6,3189
9,145,1,Incrementalistas,6.72,7,4251
9,145,2,Evolucionistas,6.72,7,3517
9,145,3,Isolados,2.82,4,4079
9,150,0,Empiristas,6.72,6,3657
9,150,1,Incrementalistas,6.72,7,4719
9,150,2,Evolucionistas,6.72,7,3985
9,150,3,Isolados,5.78,5,4548
9,155,0,Empiristas,6.72,7,4175
9,155,1,Incrementalistas,6.72,7,5234
9,155,2,Evolucionistas,6.72,7,4501
9,155,3,Isolados,5.78,5,5066
9,160,0,Empiristas,6.72,7,4746
9,160,1,Incrementalistas,6.72,7,5805
9,160,2,Evolucionistas,6.72,7,5074
9,160,3,Isolados,5.78,5,5637
9,165,0,Empiristas,6.72,7,5376
9,165,1,Incrementalistas,6.72,7,6435
9,165,2,Evolucionistas,6.72,7,5707
9,165,3,Isolados,5.78,5,6268
9,170,0,Empiristas,6.72,7,6072
9,170,1,Incrementalistas,6.72,7,7133
9,170,2,Evolucionistas,6.72,7,6403
9,170,3,Isolados,5.78,5,6965
9,175,0,Empiristas,6.72,7,6842
9,175,1,Incrementalistas,6.72,7,7903
9,175,2,Evolucionistas,6.72,7,7171
9,175,3,Isolados,5.78,5,7732
9,180,0,Empiristas,6.72,7,7691
9,180,1,Incrementalistas,6.72,7,8753
9,180,2,Evolucionistas,6.72,7,8020
9,180,3,Isolados,5.78,5,8581
9,185,0,Empiristas,6.72,7,8629
9,185,1,Incrementalistas,6.72,7,9690
9,185,2,Evolucionistas,6.72,7,8958
9,185,3,Isolados,5.78,5,9519
9,190,0,Empiristas,6.72,7,9664
9,190,1,Incrementalistas,6.72,7,10725
9,190,2,Evolucionistas,6.72,7,9993
9,190,3,Isolados,5.78,5,10555
9,195,0,Empiristas,6.72,7,10806
9,195,1,Incrementalistas,6.72,7,11869
9,195,2,Evolucionistas,6.72,7,11137
9,195,3,Isolados,5.78,5,11697
9,200,0,Empiristas,6.72,7,12067
9,200,1,Incrementalistas,6.72,7,13130
9,200,2,Evolucionistas,6.72,7,12400
9,200,3,Isolados,5.78,5,12960
9,205,0,Empiristas,6.72,7,13461
9,205,1,Incrementalistas,6.72,7,14522
9,205,2,Evolucionistas,6.72,7,13793
9,205,3,Isolados,5.78,5,14352
9,210,0,Empiristas,6.72,7,14999
9,210,1,Incrementalistas,6.72,7,16059
9,210,2,Evolucionistas,6.72,7,15330
9,210,3,Isolados,6.72,6,15890
9,215,0,Empiristas,6.72,7,16697
9,215,1,Incrementalistas,6.72,7,17757
9,215,2,Evolucionistas,6.72,7,17029
9,215,3,Isolados,6.72,6,17589
9,220,0,Empiristas,6.72,7,18570
9,220,1,Incrementalistas,6.72,7,19631
9,220,2,Evolucionistas,6.72,7,18903
9,220,3,Isolados,6.72,6,19464
9,225,0,Empiristas,6.72,7,20639
9,225,1,Incrementalistas,6.72,7,21700
9,225,2,Evolucionistas,6.72,7,20973
9,225,3,Isolados,6.72,6,21534
9,230,0,Empiristas,6.72,7,22924
9,230,1,Incrementalistas,6.72,7,23985
9,230,2,Evolucionistas,6.72,7,23258
9,230,3,Isolados,6.72,6,23819
9,235,0,Empiristas,6.72,7,25403
9,235,1,Incrementalistas,6.72,7,26464
9,235,2,Evolucionistas,6.72,7,25737
9,235,3,Isolados,6.72,6,26298
9,240,0,Empiristas,6.72,7,27903
9,240,1,Incrementalistas,6.72,7,28964
9,240,2,Evolucionistas,6.72,7,28237
9,240,3,Isolados,6.72,6,28798
9,245,0,Empiristas,6.72,7,30403
9,245,1,Incrementalistas,6.72,7,31464
9,245,2,Evolucionistas,6.72,7,30737
9,245,3,Isolados,6.72,6,31298
9,250,0,Empiristas,6.72,7,32903
9,250,1,Incrementalistas,6.72,7,33964
9,250,2,Evolucionistas,6.72,7,33237
9,250,3,Isolados,6.72,6,33798
9,255,0,Empiristas,6.72,7,35403
9,255,1,Incrementalistas,6.72,7,36464
9,255,2,Evolucionistas,6.72,7,35737
9,255,3,Isolados,6.72,6,36298
9,260,0,Empiristas,6.72,7,37903
9,260,1,Incrementalistas,6.72,7,38964
9,260,2,Evolucionistas,6.72,7,38237
9,260,3,Isolados,6.72,6,38798
9,265,0,Empiristas,6.72,7,40403
9,265,1,Incrementalistas,6.72,7,41464
9,265,2,Evolucionistas,6.72,7,40737
9,265,3,Isolados,6.72,6,41298
9,270,0,Empiristas,6.72,7,42903
9,270,1,Incrementalistas,6.72,7,43964
9,270,2,Evolucionistas,6.72,7,43237
9,270,3,Isolados,6.72,6,43798
9,275,0,Empiristas,6.72,7,45403
9,275,1,Incrementalistas,6.72,7,46464
9,275,2,Evolucionistas,6.72,7,45737
9,275,3,Isolados,6.72,6,46298
9,280,0,Empiristas,6.72,7,47903
9,280,1,Incrementalistas,6.72,7,48964
9,280,2,Evolucionistas,6.72,7,48237
9,280,3,Isolados,6.72,6,48798
9,285,0,Empiristas,6.72,7,50403
9,285,1,Incrementalistas,6.72,7,51464
9,285,2,Evolucionistas,6.72,7,50737
9,285,3,Isolados,6.72,6,51298
9,290,0,Empiristas,6.72,7,52903
9,290,1,Incrementalistas,6.72,7,53964
9,290,2,Evolucionistas,6.72,7,53237
9,290,3,Isolados,6.72,6,53798
9,295,0,Empiristas,6.72,7,55403
9,295,1,Incrementalistas,6.72,7,56464
9,295,2,Evolucionistas,6.72,7,55737
9,295,3,Isolados,6.72,6,56298
9,300,0,Empiristas,6.72,7,57903
9,300,1,Incrementalistas,6.72,7,58964
9,300,2,Evolucionistas,6.72,7,58237
9,300,3,Isolados,6.72,6,58798
10,0,0,Empiristas,1.84,3,5
10,0,1,Incrementalistas,1.84,3,5
10,0,2,Evolucionistas,0.9,2,5
10,0,3,Isolados,-0.04,1,5
10,5,0,Empiristas,1.84,3,32
10,5,1,Incrementalistas,1.88,3,34
10,5,2,Evolucionistas,1.88,3,30
10,5,3,Isolados,-0.02,1,31
10,10,0,Empiristas,1.88,3,62
10,10,1,Incrementalistas,1.88,3,63
10,10,2,Evolucionistas,1.88,3,60
10,10,3,Isolados,-0.02,1,61
10,15,0,Empiristas,1.88,3,95
10,15,1,Incrementalistas,1.88,3,96
10,15,2,Evolucionistas,1.88,3,94
10,15,3,Isolados,0.94,2,93
10,20,0,Empiristas,1.88,3,130
10,20,1,Incrementalistas,1.88,3,132
10,20,2,Evolucionistas,1.88,3,129
10,20,3,Isolados,0.94,2,128
10,25,0,Empiristas,2.68,4,169
10,25,1,Incrementalistas,2.68,4,171
10,25,2,Evolucionistas,2.68,4,167
10,25,3,Isolados,0.94,2,167
10,30,0,Empiristas,2.74,4,210
10,30,1,Incrementalistas,2.74,4,214
10,30,2,Evolucionistas,2.68,4,210
10,30,3,Isolados,0.94,2,210
10,35,0,Empiristas,3.72,5,258
10,35,1,Incrementalistas,3.72,5,262
10,35,2,Evolucionistas,3.72,5,258
10,35,3,Isolados,0.94,2,260
10,40,0,Empiristas,3.72,5,312
10,40,1,Incrementalistas,3.72,5,315
10,40,2,Evolucionistas,3.72,5,311
10,40,3,Isolados,0.94,2,313
10,45,0,Empiristas,3.72,5,370
10,45,1,Incrementalistas,3.72,4,367
10,45,2,Evolucionistas,3.72,5,368
10,45,3,Isolados,0.94,2,373
10,50,0,Empiristas,3.72,5,433
10,50,1,Incrementalistas,3.72,5,399
10,50,2,Evolucionistas,3.72,5,432
10,50,3,Isolados,0.94,2,438
10,55,0,Empiristas,3.72,5,505
10,55,1,Incrementalistas,3.72,5,434
10,55,2,Evolucionistas,3.72,5,504
10,55,3,Isolados,0.94,2,508
10,60,0,Empiristas,3.72,5,583
10,60,1,Incrementalistas,3.72,5,472
10,60,2,Evolucionistas,3.72,5,582
10,60,3,Isolados,0.94,2,586
10,65,0,Empiristas,3.72,5,671
10,65,1,Incrementalistas,3.72,5,515
10,65,2,Evolucionistas,3.72,5,670
10,65,3,Isolados,0.94,2,673
10,70,0,Empiristas,3.72,5,765
10,70,1,Incrementalistas,3.72,5,582
10,70,2,Evolucionistas,3.72,5,766
10,70,3,Isolados,0.94,2,770
10,75,0,Empiristas,3.72,5,871
10,75,1,Incrementalistas,3.72,5,690
10,75,2,Evolucionistas,3.72,5,874
10,75,3,Isolados,1.88,3,876
10,80,0,Empiristas,3.72,5,989
10,80,1,Incrementalistas,3.72,5,807
10,80,2,Evolucionistas,3.72,5,990
10,80,3,Isolados,1.88,3,994
10,85,0,Empiristas,3.72,5,1119
10,85,1,Incrementalistas,3.72,5,937
10,85,2,Evolucionistas,3.72,5,1120
10,85,3,Isolados,1.88,3,1123
10,90,0,Empiristas,3.72,5,1263
10,90,1,Incrementalistas,3.72,5,1080
10,90,2,Evolucionistas,3.72,5,1264
10,90,3,Isolados,1.88,3,1265
10,95,0,Empiristas,3.72,5,1422
10,95,1,Incrementalistas,3.72,5,1239
10,95,2,Evolucionistas,3.72,5,1422
10,95,3,Isolados,1.88,3,1421
10,100,0,Empiristas,3.72,5,1596
10,100,1,Incrementalistas,3.72,5,1413
10,100,2,Evolucionistas,3.72,5,1597
10,100,3,Isolados,1.88,3,1594
10,105,0,Empiristas,3.72,5,1788
10,105,1,Incrementalistas,3.72,5,1604
10,105,2,Evolucionistas,3.72,5,1789
10,105,3,Isolados,1.88,3,1786
10,110,0,Empiristas,3.72,5,1999
10,110,1,Incrementalistas,3.72,5,1818
10,110,2,Evolucionistas,3.72,5,2002
10,110,3,Isolados,1.88,3,1999
10,115,0,Empiristas,3.72,5,2232
10,115,1,Incrementalistas,3.72,5,2052
10,115,2,Evolucionistas,3.72,5,2237
10,115,3,Isolados,1.88,3,2234
10,120,0,Empiristas,3.72,5,2491
10,120,1,Incrementalistas,3.72,5,2312
10,120,2,Evolucionistas,3.72,5,2496
10,120,3,Isolados,1.88,3,2493
10,125,0,Empiristas,3.72,5,2777
10,125,1,Incrementalistas,3.72,5,2598
10,125,2,Evolucionistas,3.72,5,2783
10,125,3,Isolados,1.88,3,2778
10,130,0,Empiristas,3.72,5,3092
10,130,1,Incrementalistas,3.72,5,2913
10,130,2,Evolucionistas,3.72,5,3100
10,130,3,Isolados,1.88,3,3094
10,135,0,Empiristas,3.72,5,3440
10,135,1,Incrementalistas,3.72,5,3261
10,135,2,Evolucionistas,3.72,5,3447
10,135,3,Isolados,2.8,4,3442
10,140,0,Empiristas,3.72,5,3825
10,140,1,Incrementalistas,3.72,5,3646
10,140,2,Evolucionistas,5.78,6,3833
10,140,3,Isolados,2.8,4,3826
10,145,0,Empiristas,5.78,6,4249
10,145,1,Incrementalistas,5.78,6,4071
10,145,2,Evolucionistas,5.78,6,4258
10,145,3,Isolados,2.82,4,4251
10,150,0,Empiristas,5.78,6,4719
10,150,1,Incrementalistas,5.78,6,4539
10,150,2,Evolucionistas,5.78,6,4726
10,150,3,Isolados,2.82,4,4718
10,155,0,Empiristas,5.78,6,5236
10,155,1,Incrementalistas,5.78,6,5057
10,155,2,Evolucionistas,5.78,6,5243
10,155,3,Isolados,2.82,4,5235
10,160,0,Empiristas,5.78,6,5807
10,160,1,Incrementalistas,5.78,6,5628
10,160,2,Evolucionistas,5.78,6,5814
10,160,3,Isolados,2.82,4,5807
10,165,0,Empiristas,5.78,6,6440
10,165,1,Incrementalistas,5.78,6,6260
10,165,2,Evolucionistas,5.78,6,6446
10,165,3,Isolados,2.82,4,6438
10,170,0,Empiristas,5.78,6,7137
10,170,1,Incrementalistas,5.78,6,6955
10,170,2,Evolucionistas,5.78,6,7142
10,170,3,Isolados,2.82,4,7135
10,175,0,Empiristas,5.78,6,7906
10,175,1,Incrementalistas,5.78,6,7724
10,175,2,Evolucionistas,5.78,6,7912
10,175,3,Isolados,2.82,4,7905
10,180,0,Empiristas,5.78,6,8755
10,180,1,Incrementalistas,5.78,6,8573
10,180,2,Evolucionistas,5.78,6,8761
10,180,3,Isolados,2.82,4,8756
10,185,0,Empiristas,5.78,6,9691
10,185,1,Incrementalistas,6.72,7,9511
10,185,2,Evolucionistas,5.78,6,9699
10,185,3,Isolados,2.82,4,9694
10,190,0,Empiristas,6.72,7,10726
10,190,1,Incrementalistas,6.72,7,10546
10,190,2,Evolucionistas,6.72,7,10734
10,190,3,Isolados,2.82,4,10728
10,195,0,Empiristas,6.72,7,11867
10,195,1,Incrementalistas,6.72,7,11690
10,195,2,Evolucionistas,6.72,7,11877
10,195,3,Isolados,2.82,4,11872
10,200,0,Empiristas,6.72,7,13129
10,200,1,Incrementalistas,6.72,7,12953
10,200,2,Evolucionistas,6.72,7,13139
10,200,3,Isolados,2.82,4,13133
10,205,0,Empiristas,6.72,7,14521
10,205,1,Incrementalistas,6.72,7,14345
10,205,2,Evolucionistas,6.72,7,14532
10,205,3,Isolados,2.82,4,14526
10,210,0,Empiristas,6.72,7,16060
10,210,1,Incrementalistas,6.72,7,15263
10,210,2,Evolucionistas,6.72,7,16070
10,210,3,Isolados,2.82,4,16063
10,215,0,Empiristas,6.72,7,17758
10,215,1,Incrementalistas,6.72,7,16113
10,215,2,Evolucionistas,6.72,7,17769
10,215,3,Isolados,2.82,4,17760
10,220,0,Empiristas,6.72,7,19633
10,220,1,Incrementalistas,6.72,7,17051
10,220,2,Evolucionistas,6.72,7,19642
10,220,3,Isolados,2.82,4,19634
10,225,0,Empiristas,6.72,7,21702
10,225,1,Incrementalistas,6.72,7,18087
10,225,2,Evolucionistas,6.72,7,21711
10,225,3,Isolados,2.82,4,21705
10,230,0,Empiristas,6.72,7,23988
10,230,1,Incrementalistas,6.72,7,19230
10,230,2,Evolucionistas,6.72,7,23996
10,230,3,Isolados,2.82,4,23990
10,235,0,Empiristas,6.72,7,26468
10,235,1,Incrementalistas,6.72,7,21709
10,235,2,Evolucionistas,6.72,3,26475
10,235,3,Isolados,2.82,4,26469
10,240,0,Empiristas,6.72,7,28968
10,240,1,Incrementalistas,6.72,7,24209
10,240,2,Evolucionistas,6.72,7,27725
10,240,3,Isolados,2.82,4,28969
10,245,0,Empiristas,6.72,7,31468
10,245,1,Incrementalistas,6.72,7,26709
10,245,2,Evolucionistas,6.72,7,28975
10,245,3,Isolados,2.82,4,31469
10,250,0,Empiristas,6.72,7,33968
10,250,1,Incrementalistas,6.72,7,29209
10,250,2,Evolucionistas,6.72,7,30225
10,250,3,Isolados,2.82,4,33969
10,255,0,Empiristas,6.72,7,36468
10,255,1,Incrementalistas,6.72,7,31709
10,255,2,Evolucionistas,6.72,7,31475
10,255,3,Isolados,2.82,4,36469
10,260,0,Empiristas,6.72,7,38968
10,260,1,Incrementalistas,6.72,7,34209
10,260,2,Evolucionistas,6.72,7,32975
10,260,3,Isolados,2.82,4,38969
10,265,0,Empiristas,6.72,6,40468
10,265,1,Incrementalistas,6.72,7,36709
10,265,2,Evolucionistas,6.72,7,35475
10,265,3,Isolados,2.82,4,41469
10,270,0,Empiristas,6.72,6,41718
10,270,1,Incrementalistas,6.72,7,39209
10,270,2,Evolucionistas,6.72,7,37975
10,270,3,Isolados,3.74,5,43969
10,275,0,Empiristas,6.72,6,42968
10,275,1,Incrementalistas,6.72,7,41709
10,275,2,Evolucionistas,6.72,7,40475
10,275,3,Isolados,3.74,5,46469
10,280,0,Empiristas,6.72,6,44218
10,280,1,Incrementalistas,6.72,7,44209
10,280,2,Evolucionistas,6.72,7,42975
10,280,3,Isolados,3.74,5,48969
10,285,0,Empiristas,6.72,6,45468
10,285,1,Incrementalistas,6.72,7,46709
10,285,2,Evolucionistas,6.72,7,45475
10,285,3,Isolados,3.74,5,51469
10,290,0,Empiristas,6.72,7,47218
10,290,1,Incrementalistas,6.72,7,49209
10,290,2,Evolucionistas,6.72,7,47975
10,290,3,Isolados,3.74,5,53969
10,295,0,Empiristas,6.72,7,48468
10,295,1,Incrementalistas,6.72,7,51709
10,295,2,Evolucionistas,6.72,7,50475
10,295,3,Isolados,3.74,5,56469
10,300,0,Empiristas,6.72,7,49718
10,300,1,Incrementalistas,6.72,7,54209
10,300,2,Evolucionistas,6.72,7,52975
10,300,3,Isolados,3.74,5,58969
11,0,0,Empiristas,1.82,3,5
11,0,1,Incrementalistas,1.82,3,5
11,0,2,Evolucionistas,1.82,3,5
11,0,3,Isolados,-0.06,1,5
11,5,0,Empiristas,1.86,3,31
11,5,1,Incrementalistas,1.86,3,30
11,5,2,Evolucionistas,2.78,4,31
11,5,3,Isolados,0.9,2,20
11,10,0,Empiristas,1.86,3,54
11,10,1,Incrementalistas,2.78,4,58
11,10,2,Evolucionistas,2.78,4,60
11,10,3,Isolados,0.94,2,34
11,15,0,Empiristas,2.8,4,69
11,15,1,Incrementalistas,2.78,4,91
11,15,2,Evolucionistas,2.8,4,92
11,15,3,Isolados,0.94,2,51
11,20,0,Empiristas,2.8,4,88
11,20,1,Incrementalistas,2.78,4,126
11,20,2,Evolucionistas,2.8,4,128
11,20,3,Isolados,1.72,3,70
11,25,0,Empiristas,2.8,4,107
11,25,1,Incrementalistas,3.74,5,167
11,25,2,Evolucionistas,2.8,4,168
11,25,3,Isolados,1.72,3,94
11,30,0,Empiristas,3.74,5,127
11,30,1,Incrementalistas,3.74,5,211
11,30,2,Evolucionistas,3.74,5,212
11,30,3,Isolados,1.84,3,138
11,35,0,Empiristas,3.74,5,164
11,35,1,Incrementalistas,3.74,5,258
11,35,2,Evolucionistas,3.74,5,262
11,35,3,Isolados,2.78,4,185
11,40,0,Empiristas,3.74,5,219
11,40,1,Incrementalistas,3.74,5,310
11,40,2,Evolucionistas,3.74,5,315
11,40,3,Isolados,2.78,4,239
11,45,0,Empiristas,3.74,5,278
11,45,1,Incrementalistas,3.74,5,368
11,45,2,Evolucionistas,3.74,5,372
11,45,3,Isolados,2.78,4,297
11,50,0,Empiristas,3.74,5,344
11,50,1,Incrementalistas,3.74,5,434
11,50,2,Evolucionistas,3.74,5,436
11,50,3,Isolados,2.78,4,362
11,55,0,Empiristas,3.74,5,416
11,55,1,Incrementalistas,3.74,5,505
11,55,2,Evolucionistas,3.74,5,508
11,55,3,Isolados,2.78,4,434
11,60,0,Empiristas,3.74,5,496
11,60,1,Incrementalistas,3.74,5,583
11,60,2,Evolucionistas,3.74,5,588
11,60,3,Isolados,2.78,4,511
11,65,0,Empiristas,3.74,5,584
11,65,1,Incrementalistas,3.74,5,670
11,65,2,Evolucionistas,3.74,5,674
11,65,3,Isolados,2.8,4,600
11,70,0,Empiristas,3.74,5,680
11,70,1,Incrementalistas,3.74,5,767
11,70,2,Evolucionistas,3.74,5,771
11,70,3,Isolados,2.82,4,696
11,75,0,Empiristas,3.74,5,786
11,75,1,Incrementalistas,3.74,5,873
11,75,2,Evolucionistas,3.74,5,877
11,75,3,Isolados,2.82,4,803
11,80,0,Empiristas,3.74,5,878
11,80,1,Incrementalistas,3.74,5,990
11,80,2,Evolucionistas,3.74,5,993
11,80,3,Isolados,2.82,4,920
11,85,0,Empiristas,3.74,5,941
11,85,1,Incrementalistas,3.74,5,1121
11,85,2,Evolucionistas,3.74,5,1122
11,85,3,Isolados,2.82,4,1050
11,90,0,Empiristas,3.74,5,1013
11,90,1,Incrementalistas,3.74,5,1266
11,90,2,Evolucionistas,3.74,5,1266
11,90,3,Isolados,2.82,4,1192
11,95,0,Empiristas,3.74,5,1091
11,95,1,Incrementalistas,3.74,5,1424
11,95,2,Evolucionistas,3.74,5,1424
11,95,3,Isolados,2.82,4,1350
11,100,0,Empiristas,3.74,5,1178
11,100,1,Incrementalistas,3.74,5,1599
11,100,2,Evolucionistas,3.74,5,1599
11,100,3,Isolados,2.82,4,1526
11,105,0,Empiristas,3.74,5,1331
11,105,1,Incrementalistas,3.74,5,1791
11,105,2,Evolucionistas,3.74,5,1792
11,105,3,Isolados,2.82,4,1719
11,110,0,Empiristas,3.74,5,1544
11,110,1,Incrementalistas,3.74,5,2002
11,110,2,Evolucionistas,3.74,5,2005
11,110,3,Isolados,2.82,4,1932
11,115,0,Empiristas,3.74,5,1778
11,115,1,Incrementalistas,3.74,4,2142
11,115,2,Evolucionistas,3.74,5,2238
11,115,3,Isolados,2.82,4,2166
11,120,0,Empiristas,3.74,5,2037
11,120,1,Incrementalistas,3.74,5,2272
11,120,2,Evolucionistas,3.74,5,2496
11,120,3,Isolados,2.82,4,2425
11,125,0,Empiristas,3.74,5,2322
11,125,1,Incrementalistas,3.74,5,2415
11,125,2,Evolucionistas,3.74,5,2782
11,125,3,Isolados,2.82,4,2711
11,130,0,Empiristas,5.76,6,2636
11,130,1,Incrementalistas,5.76,6,2571
11,130,2,Evolucionistas,3.74,5,3099
11,130,3,Isolados,2.82,4,3026
11,135,0,Empiristas,5.76,6,2983
11,135,1,Incrementalistas,5.76,6,2744
11,135,2,Evolucionistas,5.76,6,3448
11,135,3,Isolados,2.82,4,3375
11,140,0,Empiristas,5.78,6,3367
11,140,1,Incrementalistas,5.78,6,3130
11,140,2,Evolucionistas,5.78,6,3832
11,140,3,Isolados,2.82,4,3759
11,145,0,Empiristas,5.78,6,3793
11,145,1,Incrementalistas,5.78,6,3554
11,145,2,Evolucionistas,5.78,6,4257
11,145,3,Isolados,2.82,4,4182
11,150,0,Empiristas,5.78,6,4262
11,150,1,Incrementalistas,5.78,6,4021
11,150,2,Evolucionistas,5.78,6,4726
11,150,3,Isolados,2.82,4,4651
11,155,0,Empiristas,5.78,6,4779
11,155,1,Incrementalistas,5.78,6,4538
11,155,2,Evolucionistas,5.78,6,5244
11,155,3,Isolados,2.82,4,5171
11,160,0,Empiristas,5.78,6,5350
11,160,1,Incrementalistas,5.78,6,5111
11,160,2,Evolucionistas,5.78,6,5815
11,160,3,Isolados,2.82,4,5741
11,165,0,Empiristas,5.78,6,5982
11,165,1,Incrementalistas,5.78,6,5742
11,165,2,Evolucionistas,5.78,6,6448
11,165,3,Isolados,2.82,4,6371
11,170,0,Empiristas,5.78,6,6679
11,170,1,Incrementalistas,5.78,6,6439
11,170,2,Evolucionistas,5.78,6,7146
11,170,3,Isolados,2.82,4,7067
11,175,0,Empiristas,5.78,6,7448
11,175,1,Incrementalistas,5.78,6,7209
11,175,2,Evolucionistas,5.78,6,7916
11,175,3,Isolados,2.82,4,7835
11,180,0,Empiristas,6.7,7,8297
11,180,1,Incrementalistas,5.78,6,8056
11,180,2,Evolucionistas,6.7,7,8766
11,180,3,Isolados,2.82,4,8683
11,185,0,Empiristas,6.72,7,9235
11,185,1,Incrementalistas,6.72,7,8993
11,185,2,Evolucionistas,6.72,7,9704
11,185,3,Isolados,2.82,4,9621
11,190,0,Empiristas,6.72,7,10270
11,190,1,Incrementalistas,6.72,7,10029
11,190,2,Evolucionistas,6.72,7,10740
11,190,3,Isolados,2.82,4,10657
11,195,0,Empiristas,6.72,7,11414
11,195,1,Incrementalistas,6.72,7,11173
11,195,2,Evolucionistas,6.72,7,11882
11,195,3,Isolados,2.82,4,11799
11,200,0,Empiristas,6.72,7,12416
11,200,1,Incrementalistas,6.72,7,12436
11,200,2,Evolucionistas,6.72,7,13142
11,200,3,Isolados,3.74,5,13060
11,205,0,Empiristas,6.72,7,13112
11,205,1,Incrementalistas,6.72,7,13828
11,205,2,Evolucionistas,6.72,7,14534
11,205,3,Isolados,3.74,5,14452
11,210,0,Empiristas,6.72,7,13880
11,210,1,Incrementalistas,6.72,7,15365
11,210,2,Evolucionistas,6.72,7,16073
11,210,3,Isolados,3.74,5,15991
11,215,0,Empiristas,6.72,7,14728
11,215,1,Incrementalistas,6.72,7,17062
11,215,2,Evolucionistas,6.72,7,17770
11,215,3,Isolados,3.74,5,17688
11,220,0,Empiristas,6.72,7,15664
11,220,1,Incrementalistas,6.72,7,18937
11,220,2,Evolucionistas,6.72,7,19647
11,220,3,Isolados,3.74,5,19564
11,225,0,Empiristas,6.72,7,17333
11,225,1,Incrementalistas,6.72,7,21008
11,225,2,Evolucionistas,6.72,7,21718
11,225,3,Isolados,3.74,5,21634
11,230,0,Empiristas,6.72,7,19619
11,230,1,Incrementalistas,6.72,7,23292
11,230,2,Evolucionistas,6.72,7,24003
11,230,3,Isolados,3.74,5,23920
11,235,0,Empiristas,6.72,7,22099
11,235,1,Incrementalistas,6.72,7,25770
11,235,2,Evolucionistas,6.72,7,26483
11,235,3,Isolados,3.74,5,26398
11,240,0,Empiristas,6.72,7,24599
11,240,1,Incrementalistas,6.72,7,28270
11,240,2,Evolucionistas,6.72,7,28983
11,240,3,Isolados,3.74,5,28898
11,245,0,Empiristas,6.72,7,27099
11,245,1,Incrementalistas,6.72,7,30770
11,245,2,Evolucionistas,6.72,7,31483
11,245,3,Isolados,3.74,5,31398
11,250,0,Empiristas,6.72,7,29599
11,250,1,Incrementalistas,6.72,7,33270
11,250,2,Evolucionistas,6.72,7,33983
11,250,3,Isolados,3.74,5,33898
11,255,0,Empiristas,6.72,7,32099
11,255,1,Incrementalistas,6.72,7,35770
11,255,2,Evolucionistas,6.72,7,36483
11,255,3,Isolados,3.74,5,36398
11,260,0,Empiristas,6.72,7,34599
11,260,1,Incrementalistas,6.72,7,38270
11,260,2,Evolucionistas,6.72,7,38983
11,260,3,Isolados,5.78,6,38898
11,265,0,Empiristas,6.72,7,37099
11,265,1,Incrementalistas,6.72,7,40770
11,265,2,Evolucionistas,6.72,7,41483
11,265,3,Isolados,5.78,6,41398
11,270,0,Empiristas,6.72,7,39599
11,270,1,Incrementalistas,6.72,7,43270
11,270,2,Evolucionistas,6.72,7,43983
11,270,3,Isolados,5.78,6,43898
11,275,0,Empiristas,6.72,7,42099
11,275,1,Incrementalistas,6.72,7,45770
11,275,2,Evolucionistas,6.72,7,46483
11,275,3,Isolados,5.78,6,46398
11,280,0,Empiristas,6.72,7,44599
11,280,1,Incrementalistas,6.72,7,48270
11,280,2,Evolucionistas,6.72,7,48983
11,280,3,Isolados,5.78,6,48898
11,285,0,Empiristas,6.72,7,47099
11,285,1,Incrementalistas,6.72,7,50770
11,285,2,Evolucionistas,6.72,7,51483
11,285,3,Isolados,6.72,7,51398
11,290,0,Empiristas,6.72,7,49599
11,290,1,Incrementalistas,6.72,7,53270
11,290,2,Evolucionistas,6.72,7,53983
11,290,3,Isolados,6.72,7,53898
11,295,0,Empiristas,6.72,7,52099
11,295,1,Incrementalistas,6.72,7,55770
11,295,2,Evolucionistas,6.72,7,56483
11,295,3,Isolados,6.72,7,56398
11,300,0,Empiristas,6.72,7,54599
11,300,1,Incrementalistas,6.72,7,58270
11,300,2,Evolucionistas,6.72,7,58983
11,300,3,Isolados,6.72,7,58898
12,0,0,Empiristas,0.86,2,5
12,0,1,Incrementalistas,0.94,1,5
12,0,2,Evolucionistas,0.86,2,5
12,0,3,Isolados,0.92,2,5
12,5,0,Empiristas,0.94,2,31
12,5,1,Incrementalistas,0.94,2,32
12,5,2,Evolucionistas,1.84,3,32
12,5,3,Isolados,0.92,2,33
12,10,0,Empiristas,1.84,3,60
12,10,1,Incrementalistas,1.84,3,61
12,10,2,Evolucionistas,1.84,3,61
12,10,3,Isolados,0.94,2,62
12,15,0,Empiristas,1.84,3,93
12,15,1,Incrementalistas,1.84,3,92
12,15,2,Evolucionistas,1.84,3,94
12,15,3,Isolados,0.94,2,95
12,20,0,Empiristas,1.84,3,129
12,20,1,Incrementalistas,1.84,3,127
12,20,2,Evolucionistas,1.84,3,130
12,20,3,Isolados,0.94,2,131
12,25,0,Empiristas,1.84,3,167
12,25,1,Incrementalistas,1.84,3,166
12,25,2,Evolucionistas,1.84,3,169
12,25,3,Isolados,0.94,2,171
12,30,0,Empiristas,1.84,3,198
12,30,1,Incrementalistas,1.84,3,211
12,30,2,Evolucionistas,1.84,3,213
12,30,3,Isolados,0.94,2,213
12,35,0,Empiristas,1.84,3,222
12,35,1,Incrementalistas,1.88,3,261
12,35,2,Evolucionistas,1.84,3,261
12,35,3,Isolados,0.94,2,262
12,40,0,Empiristas,1.88,3,250
12,40,1,Incrementalistas,1.88,3,314
12,40,2,Evolucionistas,1.88,3,314
12,40,3,Isolados,0.94,2,314
12,45,0,Empiristas,1.88,3,279
12,45,1,Incrementalistas,1.88,3,373
12,45,2,Evolucionistas,1.88,3,373
12,45,3,Isolados,0.94,2,372
12,50,0,Empiristas,1.88,3,312
12,50,1,Incrementalistas,1.88,3,439
12,50,2,Evolucionistas,1.88,3,439
12,50,3,Isolados,0.94,2,437
12,55,0,Empiristas,1.88,3,376
12,55,1,Incrementalistas,1.88,3,510
12,55,2,Evolucionistas,1.88,3,510
12,55,3,Isolados,0.94,2,509
12,60,0,Empiristas,2.78,4,456
12,60,1,Incrementalistas,2.78,4,587
12,60,2,Evolucionistas,1.88,3,589
12,60,3,Isolados,0.94,2,588
12,65,0,Empiristas,2.78,3,517
12,65,1,Incrementalistas,2.78,4,674
12,65,2,Evolucionistas,2.78,4,676
12,65,3,Isolados,0.94,2,676
12,70,0,Empiristas,2.78,4,563
12,70,1,Incrementalistas,2.78,4,770
12,70,2,Evolucionistas,2.78,4,772
12,70,3,Isolados,0.94,2,770
12,75,0,Empiristas,2.78,4,616
12,75,1,Incrementalistas,2.8,4,877
12,75,2,Evolucionistas,2.78,4,878
12,75,3,Isolados,1.88,3,876
12,80,0,Empiristas,2.8,4,676
12,80,1,Incrementalistas,2.8,4,994
12,80,2,Evolucionistas,2.8,4,994
12,80,3,Isolados,1.88,3,991
12,85,0,Empiristas,2.8,4,743
12,85,1,Incrementalistas,2.8,4,1123
12,85,2,Evolucionistas,2.8,4,1123
12,85,3,Isolados,1.88,3,1120
12,90,0,Empiristas,3.68,5,873
12,90,1,Incrementalistas,3.7,5,1267
12,90,2,Evolucionistas,2.8,4,1264
12,90,3,Isolados,1.88,3,1263
12,95,0,Empiristas,3.72,5,1029
12,95,1,Incrementalistas,3.74,5,1424
12,95,2,Evolucionistas,3.72,5,1422
12,95,3,Isolados,1.88,3,1423
12,100,0,Empiristas,3.74,5,1202
12,100,1,Incrementalistas,3.74,5,1598
12,100,2,Evolucionistas,3.74,5,1596
12,100,3,Isolados,1.88,3,1597
12,105,0,Empiristas,3.74,5,1395
12,105,1,Incrementalistas,3.74,5,1791
12,105,2,Evolucionistas,3.74,5,1788
12,105,3,Isolados,1.88,3,1790
12,110,0,Empiristas,3.74,5,1607
12,110,1,Incrementalistas,3.74,5,2004
12,110,2,Evolucionistas,3.74,5,1999
12,110,3,Isolados,1.88,3,2003
12,115,0,Empiristas,3.74,5,1840
12,115,1,Incrementalistas,3.74,5,2239
12,115,2,Evolucionistas,3.74,5,2233
12,115,3,Isolados,2.76,4,2238
12,120,0,Empiristas,3.74,5,2100
12,120,1,Incrementalistas,3.74,5,2499
12,120,2,Evolucionistas,3.74,5,2492
12,120,3,Isolados,2.8,4,2497
12,125,0,Empiristas,3.74,5,2387
12,125,1,Incrementalistas,3.74,5,2786
12,125,2,Evolucionistas,3.74,5,2779
12,125,3,Isolados,2.82,4,2783
12,130,0,Empiristas,3.74,5,2701
12,130,1,Incrementalistas,3.74,5,3102
12,130,2,Evolucionistas,3.74,5,3094
12,130,3,Isolados,2.82,4,3099
12,135,0,Empiristas,3.74,5,3048
12,135,1,Incrementalistas,4.68,6,3450
12,135,2,Evolucionistas,3.74,5,3441
12,135,3,Isolados,2.82,4,3448
12,140,0,Empiristas,4.68,6,3434
12,140,1,Incrementalistas,4.68,6,3835
12,140,2,Evolucionistas,3.74,5,3824
12,140,3,Isolados,2.82,4,3832
12,145,0,Empiristas,4.68,6,3858
12,145,1,Incrementalistas,4.68,6,4259
12,145,2,Evolucionistas,4.68,6,4248
12,145,3,Isolados,2.82,4,4258
12,150,0,Empiristas,4.68,6,4326
12,150,1,Incrementalistas,4.68,6,4729
12,150,2,Evolucionistas,4.68,6,4717
12,150,3,Isolados,2.82,4,4726
12,155,0,Empiristas,4.68,6,4843
12,155,1,Incrementalistas,4.68,6,5245
12,155,2,Evolucionistas,4.68,6,5233
12,155,3,Isolados,2.82,4,5245
12,160,0,Empiristas,4.68,6,5416
12,160,1,Incrementalistas,4.68,6,5817
12,160,2,Evolucionistas,4.68,6,5804
12,160,3,Isolados,2.82,4,5815
12,165,0,Empiristas,4.68,6,6048
12,165,1,Incrementalistas,4.68,6,6448
12,165,2,Evolucionistas,4.68,6,6436
12,165,3,Isolados,2.82,4,6447
12,170,0,Empiristas,4.68,6,6743
12,170,1,Incrementalistas,4.68,6,7145
12,170,2,Evolucionistas,4.68,6,7131
12,170,3,Isolados,2.82,4,7143
12,175,0,Empiristas,4.68,6,7511
12,175,1,Incrementalistas,4.68,6,7914
12,175,2,Evolucionistas,4.68,6,7900
12,175,3,Isolados,2.82,4,7912
12,180,0,Empiristas,4.68,6,8361
12,180,1,Incrementalistas,4.68,6,8762
12,180,2,Evolucionistas,4.68,6,8749
12,180,3,Isolados,2.82,4,8761
12,185,0,Empiristas,4.68,6,9298
12,185,1,Incrementalistas,4.68,6,9700
12,185,2,Evolucionistas,4.68,6,9687
12,185,3,Isolados,2.82,4,9698
12,190,0,Empiristas,4.68,6,10333
12,190,1,Incrementalistas,4.68,6,10736
12,190,2,Evolucionistas,4.68,6,10723
12,190,3,Isolados,2.82,4,10735
12,195,0,Empiristas,4.68,6,11476
12,195,1,Incrementalistas,4.68,6,11877
12,195,2,Evolucionistas,4.68,6,11866
12,195,3,Isolados,2.82,4,11876
12,200,0,Empiristas,4.68,6,12736
12,200,1,Incrementalistas,4.68,6,13139
12,200,2,Evolucionistas,4.68,6,13127
12,200,3,Isolados,2.82,4,13136
12,205,0,Empiristas,4.68,6,14128
12,205,1,Incrementalistas,4.68,6,14532
12,205,2,Evolucionistas,4.68,6,14521
12,205,3,Isolados,2.82,4,14529
12,210,0,Empiristas,4.68,6,15664
12,210,1,Incrementalistas,4.68,6,16071
12,210,2,Evolucionistas,4.68,6,16056
12,210,3,Isolados,2.82,4,16068
12,215,0,Empiristas,4.68,6,17364
12,215,1,Incrementalistas,4.68,6,17769
12,215,2,Evolucionistas,4.68,6,17754
12,215,3,Isolados,2.82,4,17765
12,220,0,Empiristas,4.68,6,19238
12,220,1,Incrementalistas,4.68,6,19644
12,220,2,Evolucionistas,4.68,6,19628
12,220,3,Isolados,2.82,4,19640
12,225,0,Empiristas,4.68,6,21309
12,225,1,Incrementalistas,4.68,6,21713
12,225,2,Evolucionistas,4.68,6,21698
12,225,3,Isolados,2.82,4,21711
12,230,0,Empiristas,4.68,6,23594
12,230,1,Incrementalistas,4.68,6,24000
12,230,2,Evolucionistas,4.68,6,23983
12,230,3,Isolados,2.82,4,23997
12,235,0,Empiristas,4.68,6,26073
12,235,1,Incrementalistas,4.68,6,26479
12,235,2,Evolucionistas,4.68,6,26462
12,235,3,Isolados,2.82,4,26477
12,240,0,Empiristas,4.68,6,28573
12,240,1,Incrementalistas,4.68,6,28979
12,240,2,Evolucionistas,4.68,6,28962
12,240,3,Isolados,2.82,4,28977
12,245,0,Empiristas,4.68,6,31073
12,245,1,Incrementalistas,4.68,6,31479
12,245,2,Evolucionistas,4.68,6,31462
12,245,3,Isolados,2.82,4,31477
12,250,0,Empiristas,4.68,6,33573
12,250,1,Incrementalistas,4.68,6,33229
12,250,2,Evolucionistas,4.68,6,33962
12,250,3,Isolados,2.82,4,33977
12,255,0,Empiristas,4.68,6,36073
12,255,1,Incrementalistas,4.68,6,34479
12,255,2,Evolucionistas,4.68,6,36462
12,255,3,Isolados,2.82,4,36477
12,260,0,Empiristas,4.68,6,38573
12,260,1,Incrementalistas,4.68,6,35729
12,260,2,Evolucionistas,4.68,6,38962
12,260,3,Isolados,2.82,4,38977
12,265,0,Empiristas,4.68,6,41073
12,265,1,Incrementalistas,4.68,6,36979
12,265,2,Evolucionistas,4.68,6,41462
12,265,3,Isolados,2.82,4,41477
12,270,0,Empiristas,4.68,6,43573
12,270,1,Incrementalistas,4.68,6,38229
12,270,2,Evolucionistas,4.68,6,43962
12,270,3,Isolados,2.82,4,43977
12,275,0,Empiristas,4.68,6,46073
12,275,1,Incrementalistas,4.68,6,40479
12,275,2,Evolucionistas,4.68,6,45962
12,275,3,Isolados,3.74,5,46477
12,280,0,Empiristas,4.68,6,48573
12,280,1,Incrementalistas,4.68,6,42979
12,280,2,Evolucionistas,4.68,6,47212
12,280,3,Isolados,3.74,5,48977
12,285,0,Empiristas,4.68,6,51073
12,285,1,Incrementalistas,4.68,6,45479
12,285,2,Evolucionistas,4.68,6,48462
12,285,3,Isolados,3.74,5,51477
12,290,0,Empiristas,4.68,6,53573
12,290,1,Incrementalistas,4.68,6,47979
12,290,2,Evolucionistas,4.68,6,49712
12,290,3,Isolados,3.74,5,53977
12,295,0,Empiristas,4.68,6,56073
12,295,1,Incrementalistas,4.68,6,50479
12,295,2,Evolucionistas,4.68,6,50962
12,295,3,Isolados,3.74,5,56477
12,300,0,Empiristas,4.68,6,58573
12,300,1,Incrementalistas,4.68,6,52979
12,300,2,Evolucionistas,4.68,6,52962
12,300,3,Isolados,3.74,5,58977
13,0,0,Empiristas,-0.02,1,5
13,0,1,Incrementalistas,0.78,2,5
13,0,2,Evolucionistas,-0.06,1,5
13,0,3,Isolados,0.7,2,5
13,5,0,Empiristas,1.84,3,33
13,5,1,Incrementalistas,1.84,2,29
13,5,2,Evolucionistas,0.94,2,32
13,5,3,Isolados,1.76,3,33
13,10,0,Empiristas,1.84,3,63
13,10,1,Incrementalistas,1.84,3,43
13,10,2,Evolucionistas,1.84,3,61
13,10,3,Isolados,1.78,3,63
13,15,0,Empiristas,1.84,3,95
13,15,1,Incrementalistas,1.84,3,59
13,15,2,Evolucionistas,1.84,3,94
13,15,3,Isolados,2.74,4,96
13,20,0,Empiristas,1.84,3,131
13,20,1,Incrementalistas,1.84,3,75
13,20,2,Evolucionistas,1.84,3,130
13,20,3,Isolados,2.74,4,131
13,25,0,Empiristas,1.84,3,171
13,25,1,Incrementalistas,1.84,3,94
13,25,2,Evolucionistas,1.84,3,170
13,25,3,Isolados,2.74,4,171
13,30,0,Empiristas,1.84,3,214
13,30,1,Incrementalistas,1.84,3,124
13,30,2,Evolucionistas,1.84,3,213
13,30,3,Isolados,2.74,4,215
13,35,0,Empiristas,1.84,3,263
13,35,1,Incrementalistas,1.84,3,171
13,35,2,Evolucionistas,1.84,3,262
13,35,3,Isolados,2.76,4,263
13,40,0,Empiristas,1.86,3,316
13,40,1,Incrementalistas,1.84,3,224
13,40,2,Evolucionistas,1.86,3,314
13,40,3,Isolados,2.76,4,316
13,45,0,Empiristas,1.86,3,376
13,45,1,Incrementalistas,1.88,3,282
13,45,2,Evolucionistas,1.88,3,373
13,45,3,Isolados,2.76,4,374
13,50,0,Empiristas,1.88,3,442
13,50,1,Incrementalistas,2.78,4,346
13,50,2,Evolucionistas,2.78,4,437
13,50,3,Isolados,2.78,4,438
13,55,0,Empiristas,2.8,4,514
13,55,1,Incrementalistas,2.8,4,417
13,55,2,Evolucionistas,2.8,4,509
13,55,3,Isolados,2.78,4,510
13,60,0,Empiristas,2.8,4,593
13,60,1,Incrementalistas,2.8,4,496
13,60,2,Evolucionistas,2.8,4,589
13,60,3,Isolados,2.78,4,590
13,65,0,Empiristas,2.8,4,680
13,65,1,Incrementalistas,2.8,4,583
13,65,2,Evolucionistas,2.8,4,675
13,65,3,Isolados,2.8,4,677
13,70,0,Empiristas,2.8,4,777
13,70,1,Incrementalistas,2.8,4,681
13,70,2,Evolucionistas,2.8,4,771
13,70,3,Isolados,2.8,4,772
13,75,0,Empiristas,2.8,4,883
13,75,1,Incrementalistas,2.8,4,787
13,75,2,Evolucionistas,2.8,4,877
13,75,3,Isolados,3.72,5,880
13,80,0,Empiristas,2.8,4,1000
13,80,1,Incrementalistas,2.8,4,905
13,80,2,Evolucionistas,2.8,4,995
13,80,3,Isolados,3.72,5,999
13,85,0,Empiristas,2.8,4,1128
13,85,1,Incrementalistas,2.8,4,1033
13,85,2,Evolucionistas,2.8,4,1125
13,85,3,Isolados,3.72,5,1129
13,90,0,Empiristas,2.8,4,1271
13,90,1,Incrementalistas,2.8,4,1176
13,90,2,Evolucionistas,2.8,4,1268
13,90,3,Isolados,3.72,5,1272
13,95,0,Empiristas,2.8,4,1429
13,95,1,Incrementalistas,2.8,4,1334
13,95,2,Evolucionistas,2.8,4,1427
13,95,3,Isolados,3.72,5,1429
13,100,0,Empiristas,3.7,5,1604
13,100,1,Incrementalistas,2.8,4,1507
13,100,2,Evolucionistas,2.8,4,1600
13,100,3,Isolados,3.72,5,1603
13,105,0,Empiristas,5.72,6,1797
13,105,1,Incrementalistas,3.7,5,1700
13,105,2,Evolucionistas,2.8,4,1793
13,105,3,Isolados,3.72,5,1795
13,110,0,Empiristas,5.74,6,2008
13,110,1,Incrementalistas,5.74,6,1912
13,110,2,Evolucionistas,5.74,5,2005
13,110,3,Isolados,3.72,5,2007
13,115,0,Empiristas,5.74,6,2242
13,115,1,Incrementalistas,5.76,6,2147
13,115,2,Evolucionistas,5.76,5,2238
13,115,3,Isolados,3.72,5,2241
13,120,0,Empiristas,5.76,6,2499
13,120,1,Incrementalistas,5.76,6,2406
13,120,2,Evolucionistas,5.76,5,2496
13,120,3,Isolados,3.72,5,2394
13,125,0,Empiristas,5.76,6,2784
13,125,1,Incrementalistas,5.76,6,2692
13,125,2,Evolucionistas,5.76,5,2782
13,125,3,Isolados,3.72,5,2537
13,130,0,Empiristas,5.76,6,3099
13,130,1,Incrementalistas,5.76,6,3006
13,130,2,Evolucionistas,5.76,6,3098
13,130,3,Isolados,3.72,5,2695
13,135,0,Empiristas,5.76,6,3447
13,135,1,Incrementalistas,5.76,4,3354
13,135,2,Evolucionistas,5.76,6,3447
13,135,3,Isolados,3.72,3,2869
13,140,0,Empiristas,5.76,6,3832
13,140,1,Incrementalistas,5.76,6,3547
13,140,2,Evolucionistas,5.76,6,3831
13,140,3,Isolados,3.72,5,3062
13,145,0,Empiristas,5.76,6,4257
13,145,1,Incrementalistas,5.76,6,3760
13,145,2,Evolucionistas,5.76,6,4257
13,145,3,Isolados,3.72,5,3273
13,150,0,Empiristas,5.76,6,4727
13,150,1,Incrementalistas,5.76,6,3995
13,150,2,Evolucionistas,5.76,6,4725
13,150,3,Isolados,3.72,5,3508
13,155,0,Empiristas,5.76,6,5246
13,155,1,Incrementalistas,5.76,6,4255
13,155,2,Evolucionistas,5.76,6,5242
13,155,3,Isolados,3.72,5,3768
13,160,0,Empiristas,5.76,6,5816
13,160,1,Incrementalistas,5.76,6,4600
13,160,2,Evolucionistas,6.68,7,5815
13,160,3,Isolados,3.72,5,4113
13,165,0,Empiristas,6.7,7,6445
13,165,1,Incrementalistas,6.7,7,5231
13,165,2,Evolucionistas,6.7,7,6445
13,165,3,Isolados,3.72,5,4744
13,170,0,Empiristas,6.7,7,7142
13,170,1,Incrementalistas,6.7,7,5929
13,170,2,Evolucionistas,6.7,7,7141
13,170,3,Isolados,3.72,5,5440
13,175,0,Empiristas,6.7,7,7911
13,175,1,Incrementalistas,6.7,7,6698
13,175,2,Evolucionistas,6.7,7,7911
13,175,3,Isolados,3.72,5,6209
13,180,0,Empiristas,6.7,7,8760
13,180,1,Incrementalistas,6.7,7,7546
13,180,2,Evolucionistas,6.7,7,8758
13,180,3,Isolados,3.72,5,7057
13,185,0,Empiristas,6.7,7,9697
13,185,1,Incrementalistas,6.7,7,8482
13,185,2,Evolucionistas,6.7,7,9695
13,185,3,Isolados,3.72,5,7995
13,190,0,Empiristas,6.7,7,10733
13,190,1,Incrementalistas,6.7,7,9517
13,190,2,Evolucionistas,6.7,7,10729
13,190,3,Isolados,3.72,5,9030
13,195,0,Empiristas,6.7,7,11876
13,195,1,Incrementalistas,6.7,7,10660
13,195,2,Evolucionistas,6.7,7,11870
13,195,3,Isolados,3.72,5,10173
13,200,0,Empiristas,6.7,7,13137
13,200,1,Incrementalistas,6.7,7,11922
13,200,2,Evolucionistas,6.7,7,13131
13,200,3,Isolados,3.72,5,11435
13,205,0,Empiristas,6.7,7,14529
13,205,1,Incrementalistas,6.7,7,13314
13,205,2,Evolucionistas,6.7,7,14523
13,205,3,Isolados,3.72,5,12829
13,210,0,Empiristas,6.7,7,16067
13,210,1,Incrementalistas,6.7,7,14851
13,210,2,Evolucionistas,6.7,7,16063
13,210,3,Isolados,3.72,5,14365
13,215,0,Empiristas,6.7,7,17766
13,215,1,Incrementalistas,6.7,7,16549
13,215,2,Evolucionistas,6.7,7,17760
13,215,3,Isolados,3.72,5,16063
13,220,0,Empiristas,6.7,7,19641
13,220,1,Incrementalistas,6.7,7,18423
13,220,2,Evolucionistas,6.7,7,19634
13,220,3,Isolados,3.72,5,17937
13,225,0,Empiristas,6.7,7,21712
13,225,1,Incrementalistas,6.7,7,20493
13,225,2,Evolucionistas,6.7,7,21703
13,225,3,Isolados,3.72,5,20007
13,230,0,Empiristas,6.7,7,23997
13,230,1,Incrementalistas,6.7,7,22778
13,230,2,Evolucionistas,6.7,7,23989
13,230,3,Isolados,3.72,5,22292
13,235,0,Empiristas,6.7,7,26477
13,235,1,Incrementalistas,6.7,7,25258
13,235,2,Evolucionistas,6.7,7,26468
13,235,3,Isolados,3.72,5,24771
13,240,0,Empiristas,6.7,7,28977
13,240,1,Incrementalistas,6.7,7,27758
13,240,2,Evolucionistas,6.7,7,28968
13,240,3,Isolados,3.72,5,27271
13,245,0,Empiristas,6.7,7,31477
13,245,1,Incrementalistas,6.7,7,30258
13,245,2,Evolucionistas,6.7,7,31468
13,245,3,Isolados,3.72,5,29771
13,250,0,Empiristas,6.7,7,33977
13,250,1,Incrementalistas,6.7,7,32758
13,250,2,Evolucionistas,6.7,7,33968
13,250,3,Isolados,3.72,5,32271
13,255,0,Empiristas,6.7,7,36477
13,255,1,Incrementalistas,6.7,7,35258
13,255,2,Evolucionistas,6.7,7,36468
13,255,3,Isolados,3.72,5,34771
13,260,0,Empiristas,6.7,7,38977
13,260,1,Incrementalistas,6.7,7,37758
13,260,2,Evolucionistas,6.7,7,38968
13,260,3,Isolados,3.72,5,37271
13,265,0,Empiristas,6.7,7,41477
13,265,1,Incrementalistas,6.7,7,40258
13,265,2,Evolucionistas,6.7,7,41468
13,265,3,Isolados,3.72,5,39771
13,270,0,Empiristas,6.7,7,43977
13,270,1,Incrementalistas,6.7,7,42758
13,270,2,Evolucionistas,6.7,7,43968
13,270,3,Isolados,3.72,5,42271
13,275,0,Empiristas,6.7,7,46477
13,275,1,Incrementalistas,6.7,7,45258
13,275,2,Evolucionistas,6.7,7,46468
13,275,3,Isolados,3.72,5,44771
13,280,0,Empiristas,6.7,7,48977
13,280,1,Incrementalistas,6.7,7,47758
13,280,2,Evolucionistas,6.7,7,48968
13,280,3,Isolados,3.72,5,47271
13,285,0,Empiristas,6.7,7,51477
13,285,1,Incrementalistas,6.7,7,50258
13,285,2,Evolucionistas,6.7,7,51468
13,285,3,Isolados,3.72,5,49771
13,290,0,Empiristas,6.7,7,53977
13,290,1,Incrementalistas,6.7,7,52758
13,290,2,Evolucionistas,6.7,7,53968
13,290,3,Isolados,3.72,5,52271
13,295,0,Empiristas,6.7,7,56477
13,295,1,Incrementalistas,6.7,7,55258
13,295,2,Evolucionistas,6.7,7,56468
13,295,3,Isolados,3.72,5,54771
13,300,0,Empiristas,6.7,7,58977
13,300,1,Incrementalistas,6.7,7,57758
13,300,2,Evolucionistas,6.7,7,58968
13,300,3,Isolados,3.72,5,57271
14,0,0,Empiristas,0.92,1,5
14,0,1,Incrementalistas,0.9,2,5
14,0,2,Evolucionistas,-0.02,1,5
14,0,3,Isolados,0.74,2,5
14,5,0,Empiristas,0.92,2,31
14,5,1,Incrementalistas,0.94,2,33
14,5,2,Evolucionistas,0.94,2,31
14,5,3,Isolados,1.72,3,32
14,10,0,Empiristas,0.94,2,59
14,10,1,Incrementalistas,0.94,2,64
14,10,2,Evolucionistas,0.94,2,60
14,10,3,Isolados,1.74,3,61
14,15,0,Empiristas,0.94,2,93
14,15,1,Incrementalistas,0.94,2,96
14,15,2,Evolucionistas,0.94,2,93
14,15,3,Isolados,2.74,4,93
14,20,0,Empiristas,1.86,3,129
14,20,1,Incrementalistas,0.94,2,132
14,20,2,Evolucionistas,1.86,3,129
14,20,3,Isolados,2.76,4,129
14,25,0,Empiristas,1.88,3,167
14,25,1,Incrementalistas,0.94,2,170
14,25,2,Evolucionistas,1.88,3,167
14,25,3,Isolados,2.76,4,169
14,30,0,Empiristas,1.88,3,211
14,30,1,Incrementalistas,1.88,3,197
14,30,2,Evolucionistas,1.88,3,210
14,30,3,Isolados,2.78,4,211
14,35,0,Empiristas,1.88,3,258
14,35,1,Incrementalistas,1.88,3,221
14,35,2,Evolucionistas,1.88,3,258
14,35,3,Isolados,2.78,4,260
14,40,0,Empiristas,1.88,3,310
14,40,1,Incrementalistas,1.88,3,248
14,40,2,Evolucionistas,1.88,3,312
14,40,3,Isolados,2.78,4,312
14,45,0,Empiristas,1.88,3,367
14,45,1,Incrementalistas,1.88,3,279
14,45,2,Evolucionistas,1.88,3,372
14,45,3,Isolados,2.8,4,371
14,50,0,Empiristas,1.88,3,434
14,50,1,Incrementalistas,1.88,3,312
14,50,2,Evolucionistas,1.88,3,436
14,50,3,Isolados,2.8,4,437
14,55,0,Empiristas,1.88,3,506
14,55,1,Incrementalistas,1.88,3,383
14,55,2,Evolucionistas,1.88,3,509
14,55,3,Isolados,2.8,4,508
14,60,0,Empiristas,1.88,3,585
14,60,1,Incrementalistas,1.88,3,464
14,60,2,Evolucionistas,1.88,3,586
14,60,3,Isolados,2.8,4,588
14,65,0,Empiristas,1.88,3,672
14,65,1,Incrementalistas,1.88,3,532
14,65,2,Evolucionistas,1.88,3,673
14,65,3,Isolados,2.82,4,675
14,70,0,Empiristas,1.88,3,769
14,70,1,Incrementalistas,1.88,3,582
14,70,2,Evolucionistas,1.88,3,769
14,70,3,Isolados,2.82,4,771
14,75,0,Empiristas,1.88,3,874
14,75,1,Incrementalistas,1.88,3,635
14,75,2,Evolucionistas,1.88,3,876
14,75,3,Isolados,2.82,4,877
14,80,0,Empiristas,1.86,3,978
14,80,1,Incrementalistas,1.88,3,694
14,80,2,Evolucionistas,1.88,3,993
14,80,3,Isolados,2.82,4,993
14,85,0,Empiristas,1.88,3,1044
14,85,1,Incrementalistas,1.88,3,757
14,85,2,Evolucionistas,1.88,3,1122
14,85,3,Isolados,2.82,4,1122
14,90,0,Empiristas,1.88,3,1115
14,90,1,Incrementalistas,1.88,3,872
14,90,2,Evolucionistas,1.88,3,1266
14,90,3,Isolados,2.82,4,1265
14,95,0,Empiristas,1.88,3,1193
14,95,1,Incrementalistas,1.88,3,1030
14,95,2,Evolucionistas,1.88,3,1424
14,95,3,Isolados,2.82,4,1422
14,100,0,Empiristas,1.88,3,1280
14,100,1,Incrementalistas,1.88,3,1204
14,100,2,Evolucionistas,1.88,3,1597
14,100,3,Isolados,2.82,4,1594
14,105,0,Empiristas,2.82,4,1415
14,105,1,Incrementalistas,2.82,4,1397
14,105,2,Evolucionistas,2.82,4,1789
14,105,3,Isolados,2.82,4,1785
14,110,0,Empiristas,2.82,4,1628
14,110,1,Incrementalistas,2.82,4,1608
14,110,2,Evolucionistas,2.82,4,2002
14,110,3,Isolados,2.82,4,1998
14,115,0,Empiristas,3.72,5,1836
14,115,1,Incrementalistas,3.72,5,1842
14,115,2,Evolucionistas,3.72,5,2237
14,115,3,Isolados,2.82,4,2233
14,120,0,Empiristas,3.74,5,1964
14,120,1,Incrementalistas,3.74,5,2102
14,120,2,Evolucionistas,3.74,5,2495
14,120,3,Isolados,2.82,4,2490
14,125,0,Empiristas,3.74,5,2107
14,125,1,Incrementalistas,3.74,5,2387
14,125,2,Evolucionistas,3.74,5,2780
14,125,3,Isolados,2.82,4,2776
14,130,0,Empiristas,3.74,5,2264
14,130,1,Incrementalistas,3.74,5,2703
14,130,2,Evolucionistas,3.74,5,3097
14,130,3,Isolados,2.82,4,3091
14,135,0,Empiristas,3.74,5,2438
14,135,1,Incrementalistas,3.74,5,3052
14,135,2,Evolucionistas,3.74,5,3445
14,135,3,Isolados,2.82,4,3440
14,140,0,Empiristas,3.74,5,2709
14,140,1,Incrementalistas,3.74,5,3436
14,140,2,Evolucionistas,3.74,5,3829
14,140,3,Isolados,2.82,4,3825
14,145,0,Empiristas,3.74,5,3134
14,145,1,Incrementalistas,3.74,5,3860
14,145,2,Evolucionistas,3.74,5,4253
14,145,3,Isolados,2.82,4,4248
14,150,0,Empiristas,3.74,5,3602
14,150,1,Incrementalistas,3.74,5,4330
14,150,2,Evolucionistas,3.74,5,4722
14,150,3,Isolados,2.82,4,4717
14,155,0,Empiristas,3.74,5,4120
14,155,1,Incrementalistas,3.74,5,4848
14,155,2,Evolucionistas,3.74,5,5238
14,155,3,Isolados,2.82,4,5236
14,160,0,Empiristas,3.74,5,4692
14,160,1,Incrementalistas,3.74,5,5419
14,160,2,Evolucionistas,3.74,5,5809
14,160,3,Isolados,2.82,4,5807
14,165,0,Empiristas,3.74,5,5322
14,165,1,Incrementalistas,3.74,5,6052
14,165,2,Evolucionistas,3.74,5,6440
14,165,3,Isolados,2.82,4,6438
14,170,0,Empiristas,3.74,5,6020
14,170,1,Incrementalistas,3.74,5,6749
14,170,2,Evolucionistas,3.74,5,7137
14,170,3,Isolados,2.82,4,7135
14,175,0,Empiristas,3.74,5,6789
14,175,1,Incrementalistas,3.74,5,7517
14,175,2,Evolucionistas,3.74,5,7595
14,175,3,Isolados,2.82,4,7905
14,180,0,Empiristas,3.74,5,7638
14,180,1,Incrementalistas,3.74,5,8365
14,180,2,Evolucionistas,3.74,5,8020
14,180,3,Isolados,2.82,4,8754
14,185,0,Empiristas,3.74,5,8576
14,185,1,Incrementalistas,3.74,5,9303
14,185,2,Evolucionistas,3.74,5,8490
14,185,3,Isolados,2.82,4,9693
14,190,0,Empiristas,3.74,5,9611
14,190,1,Incrementalistas,3.74,5,10338
14,190,2,Evolucionistas,3.74,5,9007
14,190,3,Isolados,2.82,4,10728
14,195,0,Empiristas,3.74,5,10754
14,195,1,Incrementalistas,3.74,5,11480
14,195,2,Evolucionistas,3.74,5,9578
14,195,3,Isolados,3.72,5,11870
14,200,0,Empiristas,3.74,5,12016
14,200,1,Incrementalistas,3.74,5,12742
14,200,2,Evolucionistas,3.74,5,10840
14,200,3,Isolados,3.72,5,13130
14,205,0,Empiristas,3.74,5,13409
14,205,1,Incrementalistas,3.74,5,14135
14,205,2,Evolucionistas,3.74,5,12232
14,205,3,Isolados,3.72,5,14524
14,210,0,Empiristas,3.74,5,14948
14,210,1,Incrementalistas,3.74,5,15674
14,210,2,Evolucionistas,3.74,5,13770
14,210,3,Isolados,3.72,5,16061
14,215,0,Empiristas,3.74,5,16647
14,215,1,Incrementalistas,3.74,5,17371
14,215,2,Evolucionistas,3.74,5,15468
14,215,3,Isolados,3.72,5,17761
14,220,0,Empiristas,3.74,5,18523
14,220,1,Incrementalistas,3.74,5,19245
14,220,2,Evolucionistas,3.74,5,17343
14,220,3,Isolados,3.72,5,19638
14,225,0,Empiristas,3.74,5,20592
14,225,1,Incrementalistas,3.74,5,21316
14,225,2,Evolucionistas,3.74,5,19412
14,225,3,Isolados,3.72,5,21708
14,230,0,Empiristas,3.74,5,22876
14,230,1,Incrementalistas,3.74,5,23602
14,230,2,Evolucionistas,3.74,5,21699
14,230,3,Isolados,3.72,5,23994
14,235,0,Empiristas,3.74,5,25355
14,235,1,Incrementalistas,3.74,5,26082
14,235,2,Evolucionistas,3.74,5,24179
14,235,3,Isolados,3.72,5,26474
14,240,0,Empiristas,3.74,5,27855
14,240,1,Incrementalistas,3.74,5,28582
14,240,2,Evolucionistas,3.74,5,26679
14,240,3,Isolados,3.72,5,28974
14,245,0,Empiristas,3.74,5,30355
14,245,1,Incrementalistas,3.74,5,31082
14,245,2,Evolucionistas,3.74,5,29179
14,245,3,Isolados,3.72,4,31474
14,250,0,Empiristas,3.74,5,32855
14,250,1,Incrementalistas,3.74,5,33582
14,250,2,Evolucionistas,3.74,5,30929
14,250,3,Isolados,3.72,5,32724
14,255,0,Empiristas,3.74,5,35355
14,255,1,Incrementalistas,3.74,5,36082
14,255,2,Evolucionistas,3.74,5,32179
14,255,3,Isolados,3.72,5,33974
14,260,0,Empiristas,3.74,5,37855
14,260,1,Incrementalistas,3.74,5,38582
14,260,2,Evolucionistas,3.74,5,33429
14,260,3,Isolados,3.72,5,35224
14,265,0,Empiristas,3.74,5,40355
14,265,1,Incrementalistas,3.74,5,41082
14,265,2,Evolucionistas,3.74,5,34679
14,265,3,Isolados,3.72,5,36474
14,270,0,Empiristas,3.74,5,42855
14,270,1,Incrementalistas,3.74,5,43582
14,270,2,Evolucionistas,3.74,5,35929
14,270,3,Isolados,3.72,5,37974
14,275,0,Empiristas,3.74,3,45355
14,275,1,Incrementalistas,3.74,5,46082
14,275,2,Evolucionistas,3.74,5,38179
14,275,3,Isolados,3.72,5,40474
14,280,0,Empiristas,3.74,5,46605
14,280,1,Incrementalistas,3.74,5,48582
14,280,2,Evolucionistas,3.74,5,40679
14,280,3,Isolados,3.72,5,42974
14,285,0,Empiristas,3.74,5,47855
14,285,1,Incrementalistas,3.74,5,51082
14,285,2,Evolucionistas,3.74,5,43179
14,285,3,Isolados,3.72,5,45474
14,290,0,Empiristas,3.74,5,49105
14,290,1,Incrementalistas,3.74,5,53582
14,290,2,Evolucionistas,3.74,5,45679
14,290,3,Isolados,5.78,6,47974
14,295,0,Empiristas,3.74,5,50355
14,295,1,Incrementalistas,3.74,5,56082
14,295,2,Evolucionistas,3.74,5,48179
14,295,3,Isolados,5.78,6,50224
14,300,0,Empiristas,3.74,5,51855
14,300,1,Incrementalistas,3.74,5,58582
14,300,2,Evolucionistas,3.74,5,50679
14,300,3,Isolados,5.78,6,51474
15,0,0,Empiristas,-0.04,1,5
15,0,1,Incrementalistas,0.92,2,5
15,0,2,Evolucionistas,0.92,2,5
15,0,3,Isolados,-0.02,1,5
15,5,0,Empiristas,0.94,2,31
15,5,1,Incrementalistas,0.94,2,33
15,5,2,Evolucionistas,0.94,2,31
15,5,3,Isolados,0.94,2,31
15,10,0,Empiristas,0.94,2,59
15,10,1,Incrementalistas,0.94,2,63
15,10,2,Evolucionistas,0.94,2,60
15,10,3,Isolados,0.94,2,60
15,15,0,Empiristas,0.94,2,91
15,15,1,Incrementalistas,0.94,2,95
15,15,2,Evolucionistas,0.94,2,94
15,15,3,Isolados,0.94,2,92
15,20,0,Empiristas,2.78,4,129
15,20,1,Incrementalistas,0.94,2,131
15,20,2,Evolucionistas,0.94,2,130
15,20,3,Isolados,1.88,3,128
15,25,0,Empiristas,2.8,4,170
15,25,1,Incrementalistas,2.82,3,170
15,25,2,Evolucionistas,2.82,3,169
15,25,3,Isolados,1.88,3,167
15,30,0,Empiristas,2.82,4,215
15,30,1,Incrementalistas,2.82,4,214
15,30,2,Evolucionistas,2.82,3,213
15,30,3,Isolados,1.88,3,209
15,35,0,Empiristas,2.82,4,263
15,35,1,Incrementalistas,2.82,4,262
15,35,2,Evolucionistas,2.82,4,261
15,35,3,Isolados,1.88,3,257
15,40,0,Empiristas,5.72,5,317
15,40,1,Incrementalistas,5.72,5,315
15,40,2,Evolucionistas,2.82,4,315
15,40,3,Isolados,1.88,3,309
15,45,0,Empiristas,5.72,5,377
15,45,1,Incrementalistas,5.72,5,374
15,45,2,Evolucionistas,5.72,5,373
15,45,3,Isolados,1.88,3,367
15,50,0,Empiristas,5.74,5,443
15,50,1,Incrementalistas,5.74,5,440
15,50,2,Evolucionistas,5.74,5,438
15,50,3,Isolados,1.88,3,433
15,55,0,Empiristas,5.74,5,516
15,55,1,Incrementalistas,2.82,4,511
15,55,2,Evolucionistas,5.78,5,510
15,55,3,Isolados,1.88,3,505
15,60,0,Empiristas,5.78,5,594
15,60,1,Incrementalistas,5.78,5,550
15,60,2,Evolucionistas,5.78,5,589
15,60,3,Isolados,1.88,3,584
15,65,0,Empiristas,5.78,5,680
15,65,1,Incrementalistas,5.78,5,594
15,65,2,Evolucionistas,5.78,5,676
15,65,3,Isolados,1.88,3,671
15,70,0,Empiristas,5.78,5,777
15,70,1,Incrementalistas,5.78,5,643
15,70,2,Evolucionistas,5.78,5,770
15,70,3,Isolados,1.88,3,767
15,75,0,Empiristas,5.78,5,884
15,75,1,Incrementalistas,5.78,5,695
15,75,2,Evolucionistas,5.78,5,876
15,75,3,Isolados,1.88,3,873
15,80,0,Empiristas,5.78,5,1002
15,80,1,Incrementalistas,5.78,5,753
15,80,2,Evolucionistas,5.78,5,993
15,80,3,Isolados,1.88,3,990
15,85,0,Empiristas,5.78,5,1131
15,85,1,Incrementalistas,5.78,5,815
15,85,2,Evolucionistas,5.78,5,1124
15,85,3,Isolados,2.78,4,1120
15,90,0,Empiristas,5.78,5,1274
15,90,1,Incrementalistas,5.78,5,885
15,90,2,Evolucionistas,5.78,5,1266
15,90,3,Isolados,2.8,4,1264
15,95,0,Empiristas,5.78,5,1432
15,95,1,Incrementalistas,5.78,5,963
15,95,2,Evolucionistas,5.78,5,1424
15,95,3,Isolados,2.8,4,1423
15,100,0,Empiristas,5.78,5,1607
15,100,1,Incrementalistas,5.78,5,1120
15,100,2,Evolucionistas,5.78,5,1599
15,100,3,Isolados,2.8,4,1596
15,105,0,Empiristas,5.78,4,1721
15,105,1,Incrementalistas,5.78,5,1313
15,105,2,Evolucionistas,5.78,5,1792
15,105,3,Isolados,2.82,4,1786
15,110,0,Empiristas,6.7,5,1827
15,110,1,Incrementalistas,6.7,6,1526
15,110,2,Evolucionistas,5.78,5,2004
15,110,3,Isolados,2.82,4,1999
15,115,0,Empiristas,6.7,5,1945
15,115,1,Incrementalistas,6.7,6,1759
15,115,2,Evolucionistas,6.72,6,2239
15,115,3,Isolados,2.82,4,2233
15,120,0,Empiristas,6.72,5,2074
15,120,1,Incrementalistas,6.72,6,2017
15,120,2,Evolucionistas,6.72,6,2496
15,120,3,Isolados,2.82,4,2491
15,125,0,Empiristas,6.72,5,2216
15,125,1,Incrementalistas,6.72,6,2303
15,125,2,Evolucionistas,6.72,6,2781
15,125,3,Isolados,2.82,4,2776
15,130,0,Empiristas,6.72,5,2532
15,130,1,Incrementalistas,6.72,6,2620
15,130,2,Evolucionistas,6.72,6,3096
15,130,3,Isolados,2.82,4,3094
15,135,0,Empiristas,6.72,6,2881
15,135,1,Incrementalistas,6.72,6,2969
15,135,2,Evolucionistas,6.72,6,3445
15,135,3,Isolados,2.82,4,3441
15,140,0,Empiristas,6.72,6,3265
15,140,1,Incrementalistas,6.72,6,3352
15,140,2,Evolucionistas,6.72,6,3828
15,140,3,Isolados,2.82,4,3826
15,145,0,Empiristas,6.72,6,3690
15,145,1,Incrementalistas,6.72,6,3776
15,145,2,Evolucionistas,6.72,4,4253
15,145,3,Isolados,2.82,4,4251
15,150,0,Empiristas,6.72,6,4157
15,150,1,Incrementalistas,6.72,6,4245
15,150,2,Evolucionistas,6.72,6,4487
15,150,3,Isolados,2.82,4,4719
15,155,0,Empiristas,6.72,6,4674
15,155,1,Incrementalistas,6.72,6,4763
15,155,2,Evolucionistas,6.72,6,4747
15,155,3,Isolados,2.82,4,5235
15,160,0,Empiristas,6.72,6,5245
15,160,1,Incrementalistas,6.72,6,5334
15,160,2,Evolucionistas,6.72,6,5031
15,160,3,Isolados,2.82,4,5806
15,165,0,Empiristas,6.72,6,5875
15,165,1,Incrementalistas,6.72,6,5965
15,165,2,Evolucionistas,6.72,6,5347
15,165,3,Isolados,2.82,4,6436
15,170,0,Empiristas,6.72,6,6570
15,170,1,Incrementalistas,6.72,6,6661
15,170,2,Evolucionistas,6.72,6,5768
15,170,3,Isolados,2.82,4,7133
15,175,0,Empiristas,6.72,6,7340
15,175,1,Incrementalistas,6.72,6,7428
15,175,2,Evolucionistas,6.72,6,6537
15,175,3,Isolados,2.82,4,7902
15,180,0,Empiristas,6.72,6,8188
15,180,1,Incrementalistas,6.72,6,8277
15,180,2,Evolucionistas,6.72,6,7386
15,180,3,Isolados,2.82,4,8750
15,185,0,Empiristas,6.72,6,9126
15,185,1,Incrementalistas,6.72,6,9215
15,185,2,Evolucionistas,6.72,6,8324
15,185,3,Isolados,2.82,4,9686
15,190,0,Empiristas,6.72,6,10161
15,190,1,Incrementalistas,6.72,6,10250
15,190,2,Evolucionistas,6.72,6,9359
15,190,3,Isolados,2.82,4,10722
15,195,0,Empiristas,6.72,6,11304
15,195,1,Incrementalistas,6.72,6,11393
15,195,2,Evolucionistas,6.72,6,10501
15,195,3,Isolados,2.82,4,11865
15,200,0,Empiristas,6.72,6,12566
15,200,1,Incrementalistas,6.72,6,12654
15,200,2,Evolucionistas,6.72,6,11763
15,200,3,Isolados,2.82,4,13128
15,205,0,Empiristas,6.72,6,13959
15,205,1,Incrementalistas,6.72,6,14048
15,205,2,Evolucionistas,6.72,6,13156
15,205,3,Isolados,2.82,4,13959
15,210,0,Empiristas,6.72,6,15497
15,210,1,Incrementalistas,6.72,6,15588
15,210,2,Evolucionistas,6.72,6,14694
15,210,3,Isolados,2.82,4,14726
15,215,0,Empiristas,6.72,6,17194
15,215,1,Incrementalistas,6.72,6,17286
15,215,2,Evolucionistas,6.72,6,16391
15,215,3,Isolados,2.82,4,15574
15,220,0,Empiristas,6.72,6,19070
15,220,1,Incrementalistas,6.72,6,19160
15,220,2,Evolucionistas,6.72,6,18265
15,220,3,Isolados,2.82,4,16511
15,225,0,Empiristas,6.72,6,21141
15,225,1,Incrementalistas,6.72,6,21229
15,225,2,Evolucionistas,6.72,6,20335
15,225,3,Isolados,2.82,4,17546
15,230,0,Empiristas,6.72,6,23426
15,230,1,Incrementalistas,6.72,6,23515
15,230,2,Evolucionistas,6.72,6,22621
15,230,3,Isolados,2.82,4,19832
15,235,0,Empiristas,6.72,6,25906
15,235,1,Incrementalistas,6.72,6,25994
15,235,2,Evolucionistas,6.72,6,25100
15,235,3,Isolados,2.82,4,22311
15,240,0,Empiristas,6.72,6,28406
15,240,1,Incrementalistas,6.72,6,28494
15,240,2,Evolucionistas,6.72,6,27600
15,240,3,Isolados,2.82,4,24811
15,245,0,Empiristas,6.72,6,30906
15,245,1,Incrementalistas,6.72,6,30994
15,245,2,Evolucionistas,6.72,6,30100
15,245,3,Isolados,2.82,4,27311
15,250,0,Empiristas,6.72,6,33406
15,250,1,Incrementalistas,6.72,6,33494
15,250,2,Evolucionistas,6.72,6,32600
15,250,3,Isolados,2.82,4,29811
15,255,0,Empiristas,6.72,6,35906
15,255,1,Incrementalistas,6.72,6,35994
15,255,2,Evolucionistas,6.72,6,34600
15,255,3,Isolados,2.82,4,32311
15,260,0,Empiristas,6.72,6,38406
15,260,1,Incrementalistas,6.72,6,38494
15,260,2,Evolucionistas,6.72,6,35850
15,260,3,Isolados,3.74,5,34811
15,265,0,Empiristas,6.72,6,40906
15,265,1,Incrementalistas,6.72,6,40994
15,265,2,Evolucionistas,6.72,6,37100
15,265,3,Isolados,3.74,5,37311
15,270,0,Empiristas,6.72,6,43406
15,270,1,Incrementalistas,6.72,6,43494
15,270,2,Evolucionistas,6.72,6,38350
15,270,3,Isolados,3.74,5,39811
15,275,0,Empiristas,6.72,6,45906
15,275,1,Incrementalistas,6.72,6,45994
15,275,2,Evolucionistas,6.72,6,39600
15,275,3,Isolados,3.74,5,42311
15,280,0,Empiristas,6.72,6,48406
15,280,1,Incrementalistas,6.72,6,48494
15,280,2,Evolucionistas,6.72,6,41600
15,280,3,Isolados,3.74,5,44811
15,285,0,Empiristas,6.72,6,50906
15,285,1,Incrementalistas,6.72,6,50994
15,285,2,Evolucionistas,6.72,6,44100
15,285,3,Isolados,3.74,5,47311
15,290,0,Empiristas,6.72,6,53406
15,290,1,Incrementalistas,6.72,6,53494
15,290,2,Evolucionistas,6.72,6,46600
15,290,3,Isolados,3.74,5,49811
15,295,0,Empiristas,6.72,6,55906
15,295,1,Incrementalistas,6.72,6,55994
15,295,2,Evolucionistas,6.72,6,49100
15,295,3,Isolados,3.74,5,52311
15,300,0,Empiristas,6.72,6,57406
15,300,1,Incrementalistas,6.72,6,58494
15,300,2,Evolucionistas,6.72,6,51600
15,300,3,Isolados,3.74,5,54811
16,0,0,Empiristas,0.9,2,5
16,0,1,Incrementalistas,0.92,2,5
16,0,2,Evolucionistas,0.92,2,5
16,0,3,Isolados,-0.1,1,5
16,5,0,Empiristas,0.94,2,33
16,5,1,Incrementalistas,0.94,2,31
16,5,2,Evolucionistas,0.94,2,32
16,5,3,Isolados,0.94,2,31
16,10,0,Empiristas,0.94,2,62
16,10,1,Incrementalistas,0.94,2,61
16,10,2,Evolucionistas,0.94,2,61
16,10,3,Isolados,0.94,2,61
16,15,0,Empiristas,0.94,2,96
16,15,1,Incrementalistas,0.94,2,94
16,15,2,Evolucionistas,0.94,2,95
16,15,3,Isolados,0.94,2,91
16,20,0,Empiristas,0.94,2,131
16,20,1,Incrementalistas,0.94,2,122
16,20,2,Evolucionistas,0.94,2,130
16,20,3,Isolados,0.94,2,126
16,25,0,Empiristas,0.94,2,170
16,25,1,Incrementalistas,0.94,2,141
16,25,2,Evolucionistas,0.94,2,169
16,25,3,Isolados,0.94,2,165
16,30,0,Empiristas,0.94,2,213
16,30,1,Incrementalistas,0.94,2,161
16,30,2,Evolucionistas,0.94,2,212
16,30,3,Isolados,0.94,2,208
16,35,0,Empiristas,1.84,3,260
16,35,1,Incrementalistas,1.84,3,185
16,35,2,Evolucionistas,1.84,3,259
16,35,3,Isolados,0.94,2,256
16,40,0,Empiristas,1.84,3,313
16,40,1,Incrementalistas,1.84,3,212
16,40,2,Evolucionistas,1.84,3,313
16,40,3,Isolados,1.88,3,310
16,45,0,Empiristas,1.84,3,372
16,45,1,Incrementalistas,1.84,3,258
16,45,2,Evolucionistas,1.84,3,371
16,45,3,Isolados,1.88,3,368
16,50,0,Empiristas,1.86,3,437
16,50,1,Incrementalistas,1.84,3,322
16,50,2,Evolucionistas,1.86,3,435
16,50,3,Isolados,1.88,3,432
16,55,0,Empiristas,1.86,3,508
16,55,1,Incrementalistas,1.86,3,395
16,55,2,Evolucionistas,1.86,3,507
16,55,3,Isolados,1.88,3,504
16,60,0,Empiristas,1.88,3,588
16,60,1,Incrementalistas,1.88,3,472
16,60,2,Evolucionistas,1.88,3,587
16,60,3,Isolados,1.88,3,584
16,65,0,Empiristas,1.88,3,675
16,65,1,Incrementalistas,1.88,3,559
16,65,2,Evolucionistas,1.88,3,674
16,65,3,Isolados,1.88,3,672
16,70,0,Empiristas,2.8,4,772
16,70,1,Incrementalistas,2.8,4,656
16,70,2,Evolucionistas,2.8,4,771
16,70,3,Isolados,1.88,3,769
16,75,0,Empiristas,2.82,4,880
16,75,1,Incrementalistas,2.82,4,761
16,75,2,Evolucionistas,2.82,4,879
16,75,3,Isolados,1.88,3,875
16,80,0,Empiristas,2.82,4,997
16,80,1,Incrementalistas,2.82,4,879
16,80,2,Evolucionistas,2.82,4,996
16,80,3,Isolados,1.88,3,991
16,85,0,Empiristas,2.82,4,1127
16,85,1,Incrementalistas,2.82,4,1008
16,85,2,Evolucionistas,2.82,4,1125
16,85,3,Isolados,1.88,3,1120
16,90,0,Empiristas,2.82,4,1271
16,90,1,Incrementalistas,2.82,4,1151
16,90,2,Evolucionistas,2.82,4,1268
16,90,3,Isolados,1.88,3,1264
16,95,0,Empiristas,2.82,4,1429
16,95,1,Incrementalistas,2.82,4,1308
16,95,2,Evolucionistas,2.82,4,1424
16,95,3,Isolados,1.88,3,1422
16,100,0,Empiristas,2.82,4,1603
16,100,1,Incrementalistas,2.82,4,1482
16,100,2,Evolucionistas,2.82,4,1599
16,100,3,Isolados,1.88,3,1597
16,105,0,Empiristas,2.82,4,1796
16,105,1,Incrementalistas,2.82,4,1676
16,105,2,Evolucionistas,2.82,4,1791
16,105,3,Isolados,1.88,3,1788
16,110,0,Empiristas,2.82,4,2009
16,110,1,Incrementalistas,2.82,4,1888
16,110,2,Evolucionistas,2.82,4,2003
16,110,3,Isolados,1.88,3,2002
16,115,0,Empiristas,2.82,4,2244
16,115,1,Incrementalistas,2.82,4,2123
16,115,2,Evolucionistas,2.82,4,2238
16,115,3,Isolados,1.88,3,2237
16,120,0,Empiristas,2.82,4,2504
16,120,1,Incrementalistas,3.7,5,2381
16,120,2,Evolucionistas,2.82,4,2496
16,120,3,Isolados,1.88,3,2495
16,125,0,Empiristas,3.7,5,2789
16,125,1,Incrementalistas,3.7,5,2666
16,125,2,Evolucionistas,2.82,4,2782
16,125,3,Isolados,1.88,3,2781
16,130,0,Empiristas,3.72,5,3104
16,130,1,Incrementalistas,3.72,5,2981
16,130,2,Evolucionistas,2.82,4,3097
16,130,3,Isolados,2.74,4,3097
16,135,0,Empiristas,3.72,5,3453
16,135,1,Incrementalistas,3.72,5,3330
16,135,2,Evolucionistas,2.82,4,3446
16,135,3,Isolados,2.8,4,3447
16,140,0,Empiristas,3.72,5,3836
16,140,1,Incrementalistas,3.72,5,3715
16,140,2,Evolucionistas,3.72,5,3831
16,140,3,Isolados,2.82,4,3832
16,145,0,Empiristas,3.72,5,4260
16,145,1,Incrementalistas,3.72,5,4139
16,145,2,Evolucionistas,3.72,5,4256
16,145,3,Isolados,2.82,4,4255
16,150,0,Empiristas,3.72,5,4728
16,150,1,Incrementalistas,3.72,5,4609
16,150,2,Evolucionistas,3.72,5,4725
16,150,3,Isolados,2.82,4,4724
16,155,0,Empiristas,3.72,5,5246
16,155,1,Incrementalistas,3.72,5,5128
16,155,2,Evolucionistas,3.72,5,5242
16,155,3,Isolados,2.82,4,5242
16,160,0,Empiristas,3.72,5,5817
16,160,1,Incrementalistas,3.72,5,5698
16,160,2,Evolucionistas,3.72,5,5814
16,160,3,Isolados,2.82,4,5814
16,165,0,Empiristas,3.72,5,6449
16,165,1,Incrementalistas,3.72,5,6328
16,165,2,Evolucionistas,3.72,5,6445
16,165,3,Isolados,2.82,4,6446
16,170,0,Empiristas,3.72,5,7145
16,170,1,Incrementalistas,3.72,5,7025
16,170,2,Evolucionistas,3.72,5,7141
16,170,3,Isolados,2.82,4,7143
16,175,0,Empiristas,3.72,5,7914
16,175,1,Incrementalistas,3.72,5,7793
16,175,2,Evolucionistas,3.72,5,7911
16,175,3,Isolados,2.82,4,7913
16,180,0,Empiristas,5.76,6,8764
16,180,1,Incrementalistas,3.72,5,8644
16,180,2,Evolucionistas,3.72,5,8760
16,180,3,Isolados,2.82,4,8762
16,185,0,Empiristas,6.7,7,9703
16,185,1,Incrementalistas,5.78,6,9582
16,185,2,Evolucionistas,5.78,6,9699
16,185,3,Isolados,2.82,4,9699
16,190,0,Empiristas,6.7,7,10737
16,190,1,Incrementalistas,6.7,7,10405
16,190,2,Evolucionistas,5.78,6,10734
16,190,3,Isolados,2.82,4,10734
16,195,0,Empiristas,6.7,7,11879
16,195,1,Incrementalistas,6.7,7,10976
16,195,2,Evolucionistas,5.78,6,11876
16,195,3,Isolados,2.82,4,11877
16,200,0,Empiristas,6.72,7,13141
16,200,1,Incrementalistas,6.72,7,11606
16,200,2,Evolucionistas,5.78,6,13137
16,200,3,Isolados,2.82,4,13139
16,205,0,Empiristas,6.72,7,14533
16,205,1,Incrementalistas,6.72,7,12303
16,205,2,Evolucionistas,6.72,7,14530
16,205,3,Isolados,2.82,4,14533
16,210,0,Empiristas,6.72,7,16071
16,210,1,Incrementalistas,6.72,7,13072
16,210,2,Evolucionistas,6.72,7,16069
16,210,3,Isolados,2.82,4,16070
16,215,0,Empiristas,6.72,7,17769
16,215,1,Incrementalistas,6.72,7,14442
16,215,2,Evolucionistas,6.72,7,17767
16,215,3,Isolados,2.82,4,17770
16,220,0,Empiristas,6.72,7,19643
16,220,1,Incrementalistas,6.72,7,16316
16,220,2,Evolucionistas,6.72,7,19641
16,220,3,Isolados,2.82,4,19644
16,225,0,Empiristas,6.72,7,21713
16,225,1,Incrementalistas,6.72,7,18385
16,225,2,Evolucionistas,6.72,7,21711
16,225,3,Isolados,2.82,4,21712
16,230,0,Empiristas,6.72,7,23999
16,230,1,Incrementalistas,6.72,7,20670
16,230,2,Evolucionistas,6.72,7,23996
16,230,3,Isolados,2.82,4,23998
16,235,0,Empiristas,6.72,7,26478
16,235,1,Incrementalistas,6.72,7,23149
16,235,2,Evolucionistas,6.72,7,26475
16,235,3,Isolados,2.82,4,26478
16,240,0,Empiristas,6.72,7,28978
16,240,1,Incrementalistas,6.72,7,25649
16,240,2,Evolucionistas,6.72,7,28975
16,240,3,Isolados,2.82,4,28978
16,245,0,Empiristas,6.72,7,31478
16,245,1,Incrementalistas,6.72,7,28149
16,245,2,Evolucionistas,6.72,7,31475
16,245,3,Isolados,2.82,4,31478
16,250,0,Empiristas,6.72,7,33978
16,250,1,Incrementalistas,6.72,7,30649
16,250,2,Evolucionistas,6.72,7,33975
16,250,3,Isolados,2.82,4,33978
16,255,0,Empiristas,6.72,7,36478
16,255,1,Incrementalistas,6.72,7,33149
16,255,2,Evolucionistas,6.72,7,36475
16,255,3,Isolados,2.82,4,36478
16,260,0,Empiristas,6.72,7,38978
16,260,1,Incrementalistas,6.72,7,35649
16,260,2,Evolucionistas,6.72,7,38975
16,260,3,Isolados,2.82,4,38978
16,265,0,Empiristas,6.72,7,41478
16,265,1,Incrementalistas,6.72,7,38149
16,265,2,Evolucionistas,6.72,7,41475
16,265,3,Isolados,2.82,4,41478
16,270,0,Empiristas,6.72,7,43978
16,270,1,Incrementalistas,6.72,7,40649
16,270,2,Evolucionistas,6.72,7,43975
16,270,3,Isolados,2.82,4,43978
16,275,0,Empiristas,6.72,7,46478
16,275,1,Incrementalistas,6.72,7,43149
16,275,2,Evolucionistas,6.72,7,46475
16,275,3,Isolados,2.82,4,46478
16,280,0,Empiristas,6.72,7,48978
16,280,1,Incrementalistas,6.72,7,45649
16,280,2,Evolucionistas,6.72,7,48975
16,280,3,Isolados,2.82,4,48978
16,285,0,Empiristas,6.72,7,51478
16,285,1,Incrementalistas,6.72,7,48149
16,285,2,Evolucionistas,6.72,7,51475
16,285,3,Isolados,2.82,4,51478
16,290,0,Empiristas,6.72,7,53978
16,290,1,Incrementalistas,6.72,7,50649
16,290,2,Evolucionistas,6.72,7,53975
16,290,3,Isolados,2.82,4,53978
16,295,0,Empiristas,6.72,7,56478
16,295,1,Incrementalistas,6.72,7,53149
16,295,2,Evolucionistas,6.72,7,56475
16,295,3,Isolados,2.82,4,56478
16,300,0,Empiristas,6.72,7,58978
16,300,1,Incrementalistas,6.72,7,55649
16,300,2,Evolucionistas,6.72,7,58975
16,300,3,Isolados,2.82,4,58978
17,0,0,Empiristas,0.84,2,5
17,0,1,Incrementalistas,-0.08,1,5
17,0,2,Evolucionistas,0.84,2,5
17,0,3,Isolados,0.74,1,5
17,5,0,Empiristas,0.9,2,31
17,5,1,Incrementalistas,1.88,3,30
17,5,2,Evolucionistas,0.94,2,33
17,5,3,Isolados,1.76,3,30
17,10,0,Empiristas,0.92,2,61
17,10,1,Incrementalistas,1.88,3,59
17,10,2,Evolucionistas,1.88,3,62
17,10,3,Isolados,1.78,3,60
17,15,0,Empiristas,1.76,3,93
17,15,1,Incrementalistas,1.88,3,91
17,15,2,Evolucionistas,1.88,3,95
17,15,3,Isolados,1.8,3,93
17,20,0,Empiristas,1.88,3,127
17,20,1,Incrementalistas,1.88,3,128
17,20,2,Evolucionistas,1.88,3,130
17,20,3,Isolados,1.8,3,131
17,25,0,Empiristas,1.88,3,166
17,25,1,Incrementalistas,1.88,3,167
17,25,2,Evolucionistas,1.88,3,170
17,25,3,Isolados,1.84,3,171
17,30,0,Empiristas,1.88,3,210
17,30,1,Incrementalistas,1.88,3,210
17,30,2,Evolucionistas,1.88,3,214
17,30,3,Isolados,1.84,3,214
17,35,0,Empiristas,1.88,3,259
17,35,1,Incrementalistas,1.88,3,258
17,35,2,Evolucionistas,1.88,3,263
17,35,3,Isolados,1.84,3,252
17,40,0,Empiristas,1.88,3,314
17,40,1,Incrementalistas,1.88,3,311
17,40,2,Evolucionistas,1.88,3,316
17,40,3,Isolados,1.84,3,278
17,45,0,Empiristas,1.88,3,372
17,45,1,Incrementalistas,1.88,3,371
17,45,2,Evolucionistas,1.88,3,375
17,45,3,Isolados,1.86,3,308
17,50,0,Empiristas,1.88,3,437
17,50,1,Incrementalistas,1.88,3,437
17,50,2,Evolucionistas,1.88,3,441
17,50,3,Isolados,2.76,4,341
17,55,0,Empiristas,1.88,3,508
17,55,1,Incrementalistas,1.88,3,509
17,55,2,Evolucionistas,1.88,3,512
17,55,3,Isolados,2.76,4,377
17,60,0,Empiristas,1.88,3,587
17,60,1,Incrementalistas,1.88,3,587
17,60,2,Evolucionistas,1.88,3,592
17,60,3,Isolados,2.76,4,441
17,65,0,Empiristas,1.88,3,674
17,65,1,Incrementalistas,1.88,3,675
17,65,2,Evolucionistas,1.88,3,679
17,65,3,Isolados,2.78,4,529
17,70,0,Empiristas,1.88,3,770
17,70,1,Incrementalistas,1.88,3,770
17,70,2,Evolucionistas,1.88,3,775
17,70,3,Isolados,2.78,4,625
17,75,0,Empiristas,5.76,4,878
17,75,1,Incrementalistas,1.88,3,877
17,75,2,Evolucionistas,5.76,4,880
17,75,3,Isolados,2.78,4,732
17,80,0,Empiristas,5.76,4,995
17,80,1,Incrementalistas,1.88,3,993
17,80,2,Evolucionistas,5.76,3,972
17,80,3,Isolados,2.78,4,850
17,85,0,Empiristas,5.76,5,1124
17,85,1,Incrementalistas,5.76,4,1122
17,85,2,Evolucionistas,5.76,4,1037
17,85,3,Isolados,2.78,4,979
17,90,0,Empiristas,5.76,5,1268
17,90,1,Incrementalistas,5.76,4,1265
17,90,2,Evolucionistas,5.76,5,1108
17,90,3,Isolados,2.78,4,1123
17,95,0,Empiristas,5.76,5,1426
17,95,1,Incrementalistas,5.76,4,1422
17,95,2,Evolucionistas,5.76,5,1188
17,95,3,Isolados,2.78,4,1280
17,100,0,Empiristas,5.76,5,1600
17,100,1,Incrementalistas,6.68,6,1596
17,100,2,Evolucionistas,5.76,5,1274
17,100,3,Isolados,2.8,4,1454
17,105,0,Empiristas,5.76,5,1793
17,105,1,Incrementalistas,6.68,6,1788
17,105,2,Evolucionistas,5.76,5,1391
17,105,3,Isolados,2.8,4,1647
17,110,0,Empiristas,5.76,5,2006
17,110,1,Incrementalistas,6.68,6,2000
17,110,2,Evolucionistas,5.76,5,1602
17,110,3,Isolados,2.82,4,1859
17,115,0,Empiristas,6.7,6,2240
17,115,1,Incrementalistas,6.7,6,2235
17,115,2,Evolucionistas,6.7,6,1837
17,115,3,Isolados,2.82,4,2093
17,120,0,Empiristas,6.7,6,2497
17,120,1,Incrementalistas,6.7,6,2495
17,120,2,Evolucionistas,6.7,6,2095
17,120,3,Isolados,2.82,4,2351
17,125,0,Empiristas,6.7,6,2783
17,125,1,Incrementalistas,6.7,6,2780
17,125,2,Evolucionistas,6.72,6,2380
17,125,3,Isolados,3.72,5,2636
17,130,0,Empiristas,6.72,6,3100
17,130,1,Incrementalistas,6.72,6,3095
17,130,2,Evolucionistas,6.72,6,2696
17,130,3,Isolados,3.72,5,2951
17,135,0,Empiristas,6.72,6,3447
17,135,1,Incrementalistas,6.72,6,3442
17,135,2,Evolucionistas,6.72,6,3044
17,135,3,Isolados,3.72,5,3298
17,140,0,Empiristas,6.72,6,3831
17,140,1,Incrementalistas,6.72,6,3826
17,140,2,Evolucionistas,6.72,6,3428
17,140,3,Isolados,3.72,5,3682
17,145,0,Empiristas,6.72,6,4255
17,145,1,Incrementalistas,6.72,6,4249
17,145,2,Evolucionistas,6.72,6,3852
17,145,3,Isolados,3.72,5,4106
17,150,0,Empiristas,6.72,6,4724
17,150,1,Incrementalistas,6.72,6,4719
17,150,2,Evolucionistas,6.72,6,4319
17,150,3,Isolados,3.72,5,4575
17,155,0,Empiristas,6.72,6,5241
17,155,1,Incrementalistas,6.72,6,5238
17,155,2,Evolucionistas,6.72,6,4838
17,155,3,Isolados,3.72,5,5092
17,160,0,Empiristas,6.72,6,5813
17,160,1,Incrementalistas,6.72,6,5809
17,160,2,Evolucionistas,6.72,6,5410
17,160,3,Isolados,3.72,5,5663
17,165,0,Empiristas,6.72,6,6444
17,165,1,Incrementalistas,6.72,6,6439
17,165,2,Evolucionistas,6.72,6,6041
17,165,3,Isolados,3.72,5,6295
17,170,0,Empiristas,6.72,6,7140
17,170,1,Incrementalistas,6.72,6,7136
17,170,2,Evolucionistas,6.72,6,6738
17,170,3,Isolados,3.72,5,6991
17,175,0,Empiristas,6.72,6,7910
17,175,1,Incrementalistas,6.72,6,7905
17,175,2,Evolucionistas,6.72,6,7508
17,175,3,Isolados,3.72,5,7759
17,180,0,Empiristas,6.72,6,8759
17,180,1,Incrementalistas,6.72,6,8755
17,180,2,Evolucionistas,6.72,6,8356
17,180,3,Isolados,3.72,5,8609
17,185,0,Empiristas,6.72,6,9697
17,185,1,Incrementalistas,6.72,6,9693
17,185,2,Evolucionistas,6.72,6,9293
17,185,3,Isolados,3.72,5,9547
17,190,0,Empiristas,6.72,6,10732
17,190,1,Incrementalistas,6.72,6,10726
17,190,2,Evolucionistas,6.72,6,10327
17,190,3,Isolados,3.72,5,10582
17,195,0,Empiristas,6.72,6,11873
17,195,1,Incrementalistas,6.72,6,11869
17,195,2,Evolucionistas,6.72,6,11470
17,195,3,Isolados,3.72,5,11725
17,200,0,Empiristas,6.72,6,13134
17,200,1,Incrementalistas,6.72,6,13132
17,200,2,Evolucionistas,6.72,6,12731
17,200,3,Isolados,3.72,5,12987
17,205,0,Empiristas,6.72,6,14527
17,205,1,Incrementalistas,6.72,6,14525
17,205,2,Evolucionistas,6.72,6,14124
17,205,3,Isolados,3.72,5,14380
17,210,0,Empiristas,6.72,6,16065
17,210,1,Incrementalistas,6.72,6,16063
17,210,2,Evolucionistas,6.72,6,15662
17,210,3,Isolados,3.72,5,15919
17,215,0,Empiristas,6.72,6,17763
17,215,1,Incrementalistas,6.72,6,17760
17,215,2,Evolucionistas,6.72,6,17360
17,215,3,Isolados,3.72,5,17615
17,220,0,Empiristas,6.72,6,19638
17,220,1,Incrementalistas,6.72,6,19634
17,220,2,Evolucionistas,6.72,6,19234
17,220,3,Isolados,3.72,5,19489
17,225,0,Empiristas,6.72,6,21707
17,225,1,Incrementalistas,6.72,6,21705
17,225,2,Evolucionistas,6.72,6,21304
17,225,3,Isolados,3.72,5,21559
17,230,0,Empiristas,6.72,6,23992
17,230,1,Incrementalistas,6.72,6,23990
17,230,2,Evolucionistas,6.72,6,23590
17,230,3,Isolados,3.72,5,23844
17,235,0,Empiristas,6.72,6,26472
17,235,1,Incrementalistas,6.72,6,26469
17,235,2,Evolucionistas,6.72,6,26069
17,235,3,Isolados,3.72,5,26323
17,240,0,Empiristas,6.72,6,28972
17,240,1,Incrementalistas,6.72,6,28969
17,240,2,Evolucionistas,6.72,6,28569
17,240,3,Isolados,3.72,5,28823
17,245,0,Empiristas,6.72,6,31472
17,245,1,Incrementalistas,6.72,6,31469
17,245,2,Evolucionistas,6.72,6,31069
17,245,3,Isolados,3.72,5,31323
17,250,0,Empiristas,6.72,6,33972
17,250,1,Incrementalistas,6.72,6,33969
17,250,2,Evolucionistas,6.72,6,33569
17,250,3,Isolados,3.72,5,33823
17,255,0,Empiristas,6.72,6,36472
17,255,1,Incrementalistas,6.72,6,36469
17,255,2,Evolucionistas,6.72,6,36069
17,255,3,Isolados,3.72,5,36323
17,260,0,Empiristas,6.72,6,38972
17,260,1,Incrementalistas,6.72,6,38969
17,260,2,Evolucionistas,6.72,6,38569
17,260,3,Isolados,3.72,5,38823
17,265,0,Empiristas,6.72,6,41472
17,265,1,Incrementalistas,6.72,6,41469
17,265,2,Evolucionistas,6.72,6,41069
17,265,3,Isolados,3.72,5,41323
17,270,0,Empiristas,6.72,6,43972
17,270,1,Incrementalistas,6.72,6,43969
17,270,2,Evolucionistas,6.72,6,43569
17,270,3,Isolados,3.72,5,43823
17,275,0,Empiristas,6.72,6,46472
17,275,1,Incrementalistas,6.72,6,46469
17,275,2,Evolucionistas,6.72,6,46069
17,275,3,Isolados,3.72,5,46323
17,280,0,Empiristas,6.72,6,48972
17,280,1,Incrementalistas,6.72,6,48969
17,280,2,Evolucionistas,6.72,6,48569
17,280,3,Isolados,3.72,5,48823
17,285,0,Empiristas,6.72,6,51472
17,285,1,Incrementalistas,6.72,6,51469
17,285,2,Evolucionistas,6.72,6,51069
17,285,3,Isolados,3.72,5,51323
17,290,0,Empiristas,6.72,6,53972
17,290,1,Incrementalistas,6.72,6,53969
17,290,2,Evolucionistas,6.72,6,53569
17,290,3,Isolados,3.72,5,53823
17,295,0,Empiristas,6.72,6,56472
17,295,1,Incrementalistas,6.72,6,56469
17,295,2,Evolucionistas,6.72,6,56069
17,295,3,Isolados,3.72,5,56323
17,300,0,Empiristas,6.72,6,58972
17,300,1,Incrementalistas,6.72,6,58969
17,300,2,Evolucionistas,6.72,6,58569
17,300,3,Isolados,3.72,5,58823
18,0,0,Empiristas,-0.02,1,5
18,0,1,Incrementalistas,0.74,2,5
18,0,2,Evolucionistas,-0.06,1,5
18,0,3,Isolados,-0.02,1,5
18,5,0,Empiristas,0.94,2,32
18,5,1,Incrementalistas,0.94,2,32
18,5,2,Evolucionistas,0.94,2,32
18,5,3,Isolados,0.94,2,32
18,10,0,Empiristas,0.94,2,61
18,10,1,Incrementalistas,0.94,2,61
18,10,2,Evolucionistas,0.94,2,60
18,10,3,Isolados,1.72,3,61
18,15,0,Empiristas,1.86,3,94
18,15,1,Incrementalistas,1.78,3,94
18,15,2,Evolucionistas,1.86,3,92
18,15,3,Isolados,1.72,3,94
18,20,0,Empiristas,2.76,4,128
18,20,1,Incrementalistas,1.8,3,130
18,20,2,Evolucionistas,1.86,3,127
18,20,3,Isolados,1.72,3,128
18,25,0,Empiristas,2.76,4,166
18,25,1,Incrementalistas,2.76,4,169
18,25,2,Evolucionistas,1.86,3,165
18,25,3,Isolados,1.72,3,168
18,30,0,Empiristas,2.76,4,210
18,30,1,Incrementalistas,2.76,4,213
18,30,2,Evolucionistas,1.86,3,207
18,30,3,Isolados,1.76,3,210
18,35,0,Empiristas,2.78,4,257
18,35,1,Incrementalistas,2.76,4,259
18,35,2,Evolucionistas,2.76,4,255
18,35,3,Isolados,1.84,2,254
18,40,0,Empiristas,2.78,4,309
18,40,1,Incrementalistas,2.78,4,312
18,40,2,Evolucionistas,2.78,4,309
18,40,3,Isolados,1.84,2,280
18,45,0,Empiristas,5.76,5,369
18,45,1,Incrementalistas,5.76,5,354
18,45,2,Evolucionistas,2.78,4,368
18,45,3,Isolados,1.84,3,308
18,50,0,Empiristas,5.76,5,432
18,50,1,Incrementalistas,5.76,5,385
18,50,2,Evolucionistas,5.76,5,434
18,50,3,Isolados,1.84,3,341
18,55,0,Empiristas,5.76,5,503
18,55,1,Incrementalistas,5.78,5,420
18,55,2,Evolucionistas,5.76,5,505
18,55,3,Isolados,1.88,3,377
18,60,0,Empiristas,5.78,5,583
18,60,1,Incrementalistas,5.78,5,459
18,60,2,Evolucionistas,5.78,5,584
18,60,3,Isolados,1.88,3,435
18,65,0,Empiristas,5.78,5,670
18,65,1,Incrementalistas,5.78,5,502
18,65,2,Evolucionistas,5.78,5,672
18,65,3,Isolados,1.88,3,522
18,70,0,Empiristas,5.78,5,767
18,70,1,Incrementalistas,5.78,5,590
18,70,2,Evolucionistas,5.78,5,769
18,70,3,Isolados,2.8,4,619
18,75,0,Empiristas,5.78,5,874
18,75,1,Incrementalistas,5.78,5,696
18,75,2,Evolucionistas,5.78,5,875
18,75,3,Isolados,2.8,4,725
18,80,0,Empiristas,5.78,5,991
18,80,1,Incrementalistas,5.78,5,813
18,80,2,Evolucionistas,5.78,5,994
18,80,3,Isolados,2.8,4,842
18,85,0,Empiristas,5.78,5,1119
18,85,1,Incrementalistas,5.78,5,942
18,85,2,Evolucionistas,5.78,5,1122
18,85,3,Isolados,2.8,4,972
18,90,0,Empiristas,5.78,5,1262
18,90,1,Incrementalistas,5.78,5,1085
18,90,2,Evolucionistas,5.78,5,1264
18,90,3,Isolados,2.82,4,1116
18,95,0,Empiristas,5.78,5,1418
18,95,1,Incrementalistas,5.78,5,1242
18,95,2,Evolucionistas,5.78,5,1423
18,95,3,Isolados,2.82,4,1273
18,100,0,Empiristas,5.78,5,1592
18,100,1,Incrementalistas,5.78,5,1415
18,100,2,Evolucionistas,5.78,5,1597
18,100,3,Isolados,2.82,4,1447
18,105,0,Empiristas,5.78,5,1784
18,105,1,Incrementalistas,5.78,5,1606
18,105,2,Evolucionistas,5.78,5,1790
18,105,3,Isolados,2.82,4,1639
18,110,0,Empiristas,5.78,5,1997
18,110,1,Incrementalistas,5.78,5,1819
18,110,2,Evolucionistas,5.78,5,2004
18,110,3,Isolados,2.82,4,1852
18,115,0,Empiristas,5.78,5,2232
18,115,1,Incrementalistas,5.78,5,2054
18,115,2,Evolucionistas,5.78,5,2239
18,115,3,Isolados,2.82,4,2086
18,120,0,Empiristas,6.7,6,2491
18,120,1,Incrementalistas,6.7,6,2286
18,120,2,Evolucionistas,6.7,6,2498
18,120,3,Isolados,2.82,4,2344
18,125,0,Empiristas,6.7,6,2777
18,125,1,Incrementalistas,6.7,6,2427
18,125,2,Evolucionistas,6.7,6,2785
18,125,3,Isolados,2.82,4,2629
18,130,0,Empiristas,6.7,6,3094
18,130,1,Incrementalistas,6.7,6,2583
18,130,2,Evolucionistas,6.72,6,3099
18,130,3,Isolados,2.82,4,2945
18,135,0,Empiristas,6.7,6,3442
18,135,1,Incrementalistas,6.72,3,2757
18,135,2,Evolucionistas,6.72,6,3445
18,135,3,Isolados,2.82,4,3293
18,140,0,Empiristas,6.72,6,3826
18,140,1,Incrementalistas,6.72,6,2950
18,140,2,Evolucionistas,6.72,7,3829
18,140,3,Isolados,2.82,4,3677
18,145,0,Empiristas,6.72,6,4249
18,145,1,Incrementalistas,6.72,6,3162
18,145,2,Evolucionistas,6.72,7,4253
18,145,3,Isolados,2.82,4,4102
18,150,0,Empiristas,6.72,6,4719
18,150,1,Incrementalistas,6.72,6,3397
18,150,2,Evolucionistas,6.72,7,4722
18,150,3,Isolados,2.82,4,4571
18,155,0,Empiristas,6.72,6,5236
18,155,1,Incrementalistas,6.72,6,3655
18,155,2,Evolucionistas,6.72,7,5241
18,155,3,Isolados,2.82,4,5089
18,160,0,Empiristas,6.72,6,5806
18,160,1,Incrementalistas,6.72,6,4000
18,160,2,Evolucionistas,6.72,7,5811
18,160,3,Isolados,2.82,4,5659
18,165,0,Empiristas,6.72,6,6437
18,165,1,Incrementalistas,6.72,6,4633
18,165,2,Evolucionistas,6.72,7,6443
18,165,3,Isolados,2.82,4,6291
18,170,0,Empiristas,6.72,6,7133
18,170,1,Incrementalistas,6.72,6,5329
18,170,2,Evolucionistas,6.72,7,7140
18,170,3,Isolados,2.82,4,6988
18,175,0,Empiristas,6.72,7,7902
18,175,1,Incrementalistas,6.72,6,6099
18,175,2,Evolucionistas,6.72,7,7909
18,175,3,Isolados,2.82,4,7757
18,180,0,Empiristas,6.72,7,8752
18,180,1,Incrementalistas,6.72,6,6948
18,180,2,Evolucionistas,6.72,7,8757
18,180,3,Isolados,2.82,4,8607
18,185,0,Empiristas,6.72,7,9689
18,185,1,Incrementalistas,6.72,7,7885
18,185,2,Evolucionistas,6.72,7,9694
18,185,3,Isolados,2.82,4,9544
18,190,0,Empiristas,6.72,7,10724
18,190,1,Incrementalistas,6.72,7,8921
18,190,2,Evolucionistas,6.72,7,10729
18,190,3,Isolados,2.82,4,10579
18,195,0,Empiristas,6.72,7,11868
18,195,1,Incrementalistas,6.72,7,10065
18,195,2,Evolucionistas,6.72,7,11872
18,195,3,Isolados,2.82,4,11721
18,200,0,Empiristas,6.72,7,13133
18,200,1,Incrementalistas,6.72,7,11067
18,200,2,Evolucionistas,6.72,7,13132
18,200,3,Isolados,2.82,4,12983
18,205,0,Empiristas,6.72,7,14527
18,205,1,Incrementalistas,6.72,7,11763
18,205,2,Evolucionistas,6.72,7,14526
18,205,3,Isolados,2.82,4,14376
18,210,0,Empiristas,6.72,7,16064
18,210,1,Incrementalistas,6.72,7,12533
18,210,2,Evolucionistas,6.72,7,16062
18,210,3,Isolados,2.82,4,15915
18,215,0,Empiristas,6.72,7,17761
18,215,1,Incrementalistas,6.72,7,13382
18,215,2,Evolucionistas,6.72,7,17759
18,215,3,Isolados,2.82,4,17613
18,220,0,Empiristas,6.72,7,19634
18,220,1,Incrementalistas,6.72,7,14320
18,220,2,Evolucionistas,6.72,7,19633
18,220,3,Isolados,2.82,4,19488
18,225,0,Empiristas,6.72,7,21704
18,225,1,Incrementalistas,6.72,7,15988
18,225,2,Evolucionistas,6.72,7,21703
18,225,3,Isolados,2.82,4,21558
18,230,0,Empiristas,6.72,7,23990
18,230,1,Incrementalistas,6.72,3,18272
18,230,2,Evolucionistas,6.72,7,23989
18,230,3,Isolados,2.82,4,23844
18,235,0,Empiristas,6.72,7,26469
18,235,1,Incrementalistas,6.72,6,19511
18,235,2,Evolucionistas,6.72,7,26468
18,235,3,Isolados,2.82,4,26323
18,240,0,Empiristas,6.72,7,28969
18,240,1,Incrementalistas,6.72,6,20761
18,240,2,Evolucionistas,6.72,7,28968
18,240,3,Isolados,2.82,4,28823
18,245,0,Empiristas,6.72,7,31469
18,245,1,Incrementalistas,6.72,6,22011
18,245,2,Evolucionistas,6.72,7,31468
18,245,3,Isolados,2.82,4,31323
18,250,0,Empiristas,6.72,7,33969
18,250,1,Incrementalistas,6.72,6,23261
18,250,2,Evolucionistas,6.72,7,33968
18,250,3,Isolados,2.82,4,33823
18,255,0,Empiristas,6.72,7,36469
18,255,1,Incrementalistas,6.72,6,24761
18,255,2,Evolucionistas,6.72,7,36468
18,255,3,Isolados,3.74,5,36323
18,260,0,Empiristas,6.72,7,38969
18,260,1,Incrementalistas,6.72,6,27261
18,260,2,Evolucionistas,6.72,7,38968
18,260,3,Isolados,3.74,5,38823
18,265,0,Empiristas,6.72,7,41469
18,265,1,Incrementalistas,6.72,6,29761
18,265,2,Evolucionistas,6.72,7,41468
18,265,3,Isolados,3.74,5,41323
18,270,0,Empiristas,6.72,7,43969
18,270,1,Incrementalistas,6.72,6,32261
18,270,2,Evolucionistas,6.72,7,43968
18,270,3,Isolados,3.74,5,43823
18,275,0,Empiristas,6.72,7,46469
18,275,1,Incrementalistas,6.72,6,34261
18,275,2,Evolucionistas,6.72,7,46468
18,275,3,Isolados,3.74,5,46323
18,280,0,Empiristas,6.72,7,48969
18,280,1,Incrementalistas,6.72,6,35511
18,280,2,Evolucionistas,6.72,7,48968
18,280,3,Isolados,3.74,5,48823
18,285,0,Empiristas,6.72,7,51469
18,285,1,Incrementalistas,6.72,6,36761
18,285,2,Evolucionistas,6.72,7,51468
18,285,3,Isolados,3.74,5,51323
18,290,0,Empiristas,6.72,7,53969
18,290,1,Incrementalistas,6.72,6,38011
18,290,2,Evolucionistas,6.72,7,53968
18,290,3,Isolados,3.74,5,53823
18,295,0,Empiristas,6.72,7,56469
18,295,1,Incrementalistas,6.72,6,39261
18,295,2,Evolucionistas,6.72,7,56468
18,295,3,Isolados,3.74,5,56323
18,300,0,Empiristas,6.72,7,58969
18,300,1,Incrementalistas,6.72,6,41261
18,300,2,Evolucionistas,6.72,7,58968
18,300,3,Isolados,3.74,5,58823
19,0,0,Empiristas,0.92,2,5
19,0,1,Incrementalistas,0.92,2,5
19,0,2,Evolucionistas,0.94,2,5
19,0,3,Isolados,-0.02,1,5
19,5,0,Empiristas,0.92,2,31
19,5,1,Incrementalistas,0.92,2,31
19,5,2,Evolucionistas,0.94,2,30
19,5,3,Isolados,0.9,2,30
19,10,0,Empiristas,0.92,2,60
19,10,1,Incrementalistas,0.94,2,60
19,10,2,Evolucionistas,0.94,2,60
19,10,3,Isolados,0.94,2,59
19,15,0,Empiristas,1.7,3,94
19,15,1,Incrementalistas,0.94,2,93
19,15,2,Evolucionistas,0.94,2,94
19,15,3,Isolados,0.94,2,93
19,20,0,Empiristas,1.82,3,129
19,20,1,Incrementalistas,1.88,3,128
19,20,2,Evolucionistas,1.88,3,130
19,20,3,Isolados,0.94,2,129
19,25,0,Empiristas,1.88,3,169
19,25,1,Incrementalistas,1.88,3,167
19,25,2,Evolucionistas,1.88,3,171
19,25,3,Isolados,1.86,3,168
19,30,0,Empiristas,1.88,3,211
19,30,1,Incrementalistas,1.88,3,209
19,30,2,Evolucionistas,1.88,3,212
19,30,3,Isolados,1.86,3,211
19,35,0,Empiristas,1.88,3,259
19,35,1,Incrementalistas,1.88,3,258
19,35,2,Evolucionistas,1.88,3,261
19,35,3,Isolados,1.86,3,258
19,40,0,Empiristas,1.88,3,313
19,40,1,Incrementalistas,1.88,3,312
19,40,2,Evolucionistas,1.88,3,314
19,40,3,Isolados,1.86,3,312
19,45,0,Empiristas,1.88,3,372
19,45,1,Incrementalistas,1.88,3,370
19,45,2,Evolucionistas,1.88,3,372
19,45,3,Isolados,1.88,3,372
19,50,0,Empiristas,1.88,3,436
19,50,1,Incrementalistas,1.88,3,428
19,50,2,Evolucionistas,1.88,3,436
19,50,3,Isolados,1.88,3,438
19,55,0,Empiristas,1.88,3,507
19,55,1,Incrementalistas,1.88,3,465
19,55,2,Evolucionistas,1.88,3,507
19,55,3,Isolados,1.88,3,509
19,60,0,Empiristas,1.88,3,587
19,60,1,Incrementalistas,1.88,3,504
19,60,2,Evolucionistas,1.88,3,586
19,60,3,Isolados,1.88,3,588
19,65,0,Empiristas,1.88,3,673
19,65,1,Incrementalistas,1.88,3,548
19,65,2,Evolucionistas,2.74,4,674
19,65,3,Isolados,1.88,3,676
19,70,0,Empiristas,1.88,3,769
19,70,1,Incrementalistas,2.74,4,596
19,70,2,Evolucionistas,2.74,4,770
19,70,3,Isolados,1.88,3,774
19,75,0,Empiristas,2.74,4,875
19,75,1,Incrementalistas,2.74,4,670
19,75,2,Evolucionistas,2.74,4,875
19,75,3,Isolados,1.88,3,881
19,80,0,Empiristas,2.76,4,994
19,80,1,Incrementalistas,2.78,4,788
19,80,2,Evolucionistas,2.76,4,992
19,80,3,Isolados,1.88,3,997
19,85,0,Empiristas,2.78,4,1124
19,85,1,Incrementalistas,2.78,4,918
19,85,2,Evolucionistas,2.76,4,1122
19,85,3,Isolados,1.88,3,1125
19,90,0,Empiristas,2.78,4,1268
19,90,1,Incrementalistas,2.8,4,1031
19,90,2,Evolucionistas,2.8,4,1266
19,90,3,Isolados,1.88,3,1267
19,95,0,Empiristas,2.8,4,1426
19,95,1,Incrementalistas,2.8,4,1108
19,95,2,Evolucionistas,2.8,4,1423
19,95,3,Isolados,1.88,3,1425
19,100,0,Empiristas,2.8,4,1598
19,100,1,Incrementalistas,2.8,4,1194
19,100,2,Evolucionistas,2.8,4,1597
19,100,3,Isolados,1.88,3,1599
19,105,0,Empiristas,2.8,4,1792
19,105,1,Incrementalistas,2.8,4,1289
19,105,2,Evolucionistas,2.8,4,1790
19,105,3,Isolados,1.88,3,1792
19,110,0,Empiristas,2.8,4,2003
19,110,1,Incrementalistas,2.8,4,1395
19,110,2,Evolucionistas,2.8,4,2002
19,110,3,Isolados,1.88,3,1898
19,115,0,Empiristas,2.8,4,2237
19,115,1,Incrementalistas,2.82,4,1585
19,115,2,Evolucionistas,2.82,4,2235
19,115,3,Isolados,1.88,3,2015
19,120,0,Empiristas,2.8,4,2496
19,120,1,Incrementalistas,2.82,4,1844
19,120,2,Evolucionistas,3.72,5,2492
19,120,3,Isolados,1.88,3,2144
19,125,0,Empiristas,3.72,5,2781
19,125,1,Incrementalistas,3.72,5,2129
19,125,2,Evolucionistas,3.72,5,2777
19,125,3,Isolados,1.88,3,2288
19,130,0,Empiristas,3.74,5,3095
19,130,1,Incrementalistas,3.74,5,2444
19,130,2,Evolucionistas,3.74,5,3093
19,130,3,Isolados,1.88,3,2479
19,135,0,Empiristas,3.74,5,3443
19,135,1,Incrementalistas,3.74,5,2792
19,135,2,Evolucionistas,3.74,5,3301
19,135,3,Isolados,1.88,3,2829
19,140,0,Empiristas,3.74,5,3828
19,140,1,Incrementalistas,3.74,5,3177
19,140,2,Evolucionistas,3.74,5,3494
19,140,3,Isolados,1.88,3,3214
19,145,0,Empiristas,3.74,5,4254
19,145,1,Incrementalistas,3.74,5,3603
19,145,2,Evolucionistas,3.74,5,3706
19,145,3,Isolados,2.8,4,3637
19,150,0,Empiristas,3.74,5,4722
19,150,1,Incrementalistas,3.74,5,4071
19,150,2,Evolucionistas,3.74,5,3941
19,150,3,Isolados,3.72,5,4105
19,155,0,Empiristas,3.74,5,5239
19,155,1,Incrementalistas,3.74,5,4590
19,155,2,Evolucionistas,3.74,5,4198
19,155,3,Isolados,3.72,5,4621
19,160,0,Empiristas,3.74,5,5812
19,160,1,Incrementalistas,3.74,5,5162
19,160,2,Evolucionistas,3.74,5,4769
19,160,3,Isolados,3.72,5,5193
19,165,0,Empiristas,3.74,5,6442
19,165,1,Incrementalistas,3.74,5,5793
19,165,2,Evolucionistas,3.74,5,5400
19,165,3,Isolados,3.72,5,5824
19,170,0,Empiristas,5.68,6,7137
19,170,1,Incrementalistas,3.74,5,6278
19,170,2,Evolucionistas,3.74,5,6095
19,170,3,Isolados,3.72,5,6522
19,175,0,Empiristas,5.68,6,7907
19,175,1,Incrementalistas,3.74,5,6662
19,175,2,Evolucionistas,5.68,6,6864
19,175,3,Isolados,3.72,5,7291
19,180,0,Empiristas,6.7,7,8757
19,180,1,Incrementalistas,5.76,6,7086
19,180,2,Evolucionistas,6.7,7,7715
19,180,3,Isolados,3.72,5,8140
19,185,0,Empiristas,6.7,7,9695
19,185,1,Incrementalistas,6.7,7,7554
19,185,2,Evolucionistas,6.7,7,8652
19,185,3,Isolados,3.72,5,9079
19,190,0,Empiristas,6.7,7,10730
19,190,1,Incrementalistas,6.72,7,8071
19,190,2,Evolucionistas,6.72,7,9688
19,190,3,Isolados,3.72,5,10114
19,195,0,Empiristas,6.72,7,11874
19,195,1,Incrementalistas,6.72,7,9105
19,195,2,Evolucionistas,6.72,7,10830
19,195,3,Isolados,3.72,5,11256
19,200,0,Empiristas,6.72,7,13135
19,200,1,Incrementalistas,6.72,7,9856
19,200,2,Evolucionistas,6.72,7,12091
19,200,3,Isolados,3.72,5,12517
19,205,0,Empiristas,6.72,7,14527
19,205,1,Incrementalistas,6.72,7,10552
19,205,2,Evolucionistas,6.72,7,13484
19,205,3,Isolados,3.72,5,13911
19,210,0,Empiristas,6.72,7,16063
19,210,1,Incrementalistas,6.72,7,11322
19,210,2,Evolucionistas,6.72,7,15020
19,210,3,Isolados,3.72,5,15451
19,215,0,Empiristas,6.72,7,17762
19,215,1,Incrementalistas,6.72,7,12173
19,215,2,Evolucionistas,6.72,7,16717
19,215,3,Isolados,3.72,5,17150
19,220,0,Empiristas,6.72,7,19637
19,220,1,Incrementalistas,6.72,7,13111
19,220,2,Evolucionistas,6.72,7,18591
19,220,3,Isolados,3.72,5,19025
19,225,0,Empiristas,6.72,7,21704
19,225,1,Incrementalistas,6.72,7,15181
19,225,2,Evolucionistas,6.72,7,20661
19,225,3,Isolados,3.72,5,21094
19,230,0,Empiristas,6.72,7,23991
19,230,1,Incrementalistas,6.72,7,17466
19,230,2,Evolucionistas,6.72,7,22946
19,230,3,Isolados,3.72,5,23379
19,235,0,Empiristas,6.72,7,26470
19,235,1,Incrementalistas,6.72,7,19945
19,235,2,Evolucionistas,6.72,7,25426
19,235,3,Isolados,3.72,5,25858
19,240,0,Empiristas,6.72,7,28970
19,240,1,Incrementalistas,6.72,7,22445
19,240,2,Evolucionistas,6.72,7,27926
19,240,3,Isolados,3.72,5,28358
19,245,0,Empiristas,6.72,7,31470
19,245,1,Incrementalistas,6.72,7,24945
19,245,2,Evolucionistas,6.72,7,30426
19,245,3,Isolados,3.72,5,30858
19,250,0,Empiristas,6.72,7,33970
19,250,1,Incrementalistas,6.72,7,27445
19,250,2,Evolucionistas,6.72,7,32926
19,250,3,Isolados,3.72,5,33358
19,255,0,Empiristas,6.72,7,36470
19,255,1,Incrementalistas,6.72,7,29945
19,255,2,Evolucionistas,6.72,7,35426
19,255,3,Isolados,3.72,5,35858
19,260,0,Empiristas,6.72,7,38970
19,260,1,Incrementalistas,6.72,7,32445
19,260,2,Evolucionistas,6.72,7,37926
19,260,3,Isolados,3.72,5,38358
19,265,0,Empiristas,6.72,7,41470
19,265,1,Incrementalistas,6.72,7,34945
19,265,2,Evolucionistas,6.72,7,40426
19,265,3,Isolados,3.72,5,40858
19,270,0,Empiristas,6.72,7,43970
19,270,1,Incrementalistas,6.72,7,37445
19,270,2,Evolucionistas,6.72,7,42926
19,270,3,Isolados,3.72,5,43358
19,275,0,Empiristas,6.72,7,46470
19,275,1,Incrementalistas,6.72,7,39945
19,275,2,Evolucionistas,6.72,7,45426
19,275,3,Isolados,3.72,5,45858
19,280,0,Empiristas,6.72,7,48970
19,280,1,Incrementalistas,6.72,7,42445
19,280,2,Evolucionistas,6.72,7,47926
19,280,3,Isolados,3.72,5,48358
19,285,0,Empiristas,6.72,7,51470
19,285,1,Incrementalistas,6.72,7,44945
19,285,2,Evolucionistas,6.72,6,50176
19,285,3,Isolados,3.72,5,50858
19,290,0,Empiristas,6.72,7,53970
19,290,1,Incrementalistas,6.72,7,47445
19,290,2,Evolucionistas,6.72,6,51426
19,290,3,Isolados,3.72,5,53358
19,295,0,Empiristas,6.72,7,56470
19,295,1,Incrementalistas,6.72,7,49945
19,295,2,Evolucionistas,6.72,6,52676
19,295,3,Isolados,3.72,5,55858
19,300,0,Empiristas,6.72,7,58970
19,300,1,Incrementalistas,6.72,7,52445
19,300,2,Evolucionistas,6.72,6,53926
19,300,3,Isolados,3.72,5,58358
20,0,0,Empiristas,-0.02,1,5
20,0,1,Incrementalistas,-0.02,1,5
20,0,2,Evolucionistas,0.88,2,5
20,0,3,Isolados,0.72,2,5
20,5,0,Empiristas,1.8,3,32
20,5,1,Incrementalistas,0.94,2,31
20,5,2,Evolucionistas,1.8,3,30
20,5,3,Isolados,0.72,2,27
20,10,0,Empiristas,1.82,3,61
20,10,1,Incrementalistas,1.8,3,59
20,10,2,Evolucionistas,1.8,3,59
20,10,3,Isolados,0.94,2,41
20,15,0,Empiristas,1.82,3,94
20,15,1,Incrementalistas,1.8,3,90
20,15,2,Evolucionistas,1.86,3,92
20,15,3,Isolados,0.94,2,58
20,20,0,Empiristas,1.86,3,129
20,20,1,Incrementalistas,1.86,3,125
20,20,2,Evolucionistas,1.86,3,127
20,20,3,Isolados,0.94,2,75
20,25,0,Empiristas,1.88,3,168
20,25,1,Incrementalistas,1.88,3,165
20,25,2,Evolucionistas,1.86,3,166
20,25,3,Isolados,0.94,2,95
20,30,0,Empiristas,1.88,3,212
20,30,1,Incrementalistas,1.88,3,210
20,30,2,Evolucionistas,1.88,3,210
20,30,3,Isolados,0.94,2,128
20,35,0,Empiristas,1.88,3,261
20,35,1,Incrementalistas,1.88,3,259
20,35,2,Evolucionistas,1.88,3,258
20,35,3,Isolados,0.94,2,176
20,40,0,Empiristas,1.88,3,315
20,40,1,Incrementalistas,1.88,3,311
20,40,2,Evolucionistas,1.88,3,309
20,40,3,Isolados,0.94,2,229
20,45,0,Empiristas,1.88,3,372
20,45,1,Incrementalistas,1.88,3,370
20,45,2,Evolucionistas,1.88,3,368
20,45,3,Isolados,1.86,3,288
20,50,0,Empiristas,1.88,3,436
20,50,1,Incrementalistas,1.88,3,435
20,50,2,Evolucionistas,1.88,3,432
20,50,3,Isolados,1.86,3,353
20,55,0,Empiristas,1.88,3,509
20,55,1,Incrementalistas,1.88,3,507
20,55,2,Evolucionistas,1.88,3,505
20,55,3,Isolados,1.88,3,425
20,60,0,Empiristas,1.88,3,587
20,60,1,Incrementalistas,1.88,3,587
20,60,2,Evolucionistas,2.72,4,583
20,60,3,Isolados,1.88,3,503
20,65,0,Empiristas,1.88,3,674
20,65,1,Incrementalistas,1.88,3,674
20,65,2,Evolucionistas,2.8,4,672
20,65,3,Isolados,1.88,3,591
20,70,0,Empiristas,2.8,4,770
20,70,1,Incrementalistas,2.8,4,769
20,70,2,Evolucionistas,2.8,4,767
20,70,3,Isolados,1.88,3,688
20,75,0,Empiristas,2.8,4,875
20,75,1,Incrementalistas,2.8,4,875
20,75,2,Evolucionistas,2.8,4,874
20,75,3,Isolados,1.88,3,792
20,80,0,Empiristas,2.8,4,992
20,80,1,Incrementalistas,2.8,4,992
20,80,2,Evolucionistas,2.8,4,990
20,80,3,Isolados,1.88,3,908
20,85,0,Empiristas,2.8,4,1122
20,85,1,Incrementalistas,2.8,4,1121
20,85,2,Evolucionistas,2.8,4,1118
20,85,3,Isolados,1.88,3,1037
20,90,0,Empiristas,2.8,4,1265
20,90,1,Incrementalistas,2.8,4,1262
20,90,2,Evolucionistas,2.8,4,1261
20,90,3,Isolados,1.88,3,1164
20,95,0,Empiristas,2.8,4,1422
20,95,1,Incrementalistas,2.8,4,1420
20,95,2,Evolucionistas,2.8,4,1419
20,95,3,Isolados,1.88,3,1241
20,100,0,Empiristas,2.8,4,1598
20,100,1,Incrementalistas,2.8,4,1594
20,100,2,Evolucionistas,2.8,4,1592
20,100,3,Isolados,2.78,4,1327
20,105,0,Empiristas,2.8,4,1791
20,105,1,Incrementalistas,2.8,4,1786
20,105,2,Evolucionistas,2.8,4,1785
20,105,3,Isolados,2.8,4,1421
20,110,0,Empiristas,2.8,4,2003
20,110,1,Incrementalistas,2.8,4,1997
20,110,2,Evolucionistas,2.8,4,1997
20,110,3,Isolados,2.8,4,1526
20,115,0,Empiristas,3.72,5,2237
20,115,1,Incrementalistas,2.8,4,2232
20,115,2,Evolucionistas,2.8,4,2231
20,115,3,Isolados,2.8,4,1692
20,120,0,Empiristas,3.72,5,2495
20,120,1,Incrementalistas,2.8,4,2491
20,120,2,Evolucionistas,3.72,5,2490
20,120,3,Isolados,2.8,4,1951
20,125,0,Empiristas,3.72,5,2780
20,125,1,Incrementalistas,2.8,4,2776
20,125,2,Evolucionistas,3.72,5,2776
20,125,3,Isolados,3.74,5,2237
20,130,0,Empiristas,3.72,5,3095
20,130,1,Incrementalistas,3.74,5,3090
20,130,2,Evolucionistas,3.72,5,3091
20,130,3,Isolados,3.74,5,2553
20,135,0,Empiristas,3.74,5,3443
20,135,1,Incrementalistas,5.78,6,3437
20,135,2,Evolucionistas,5.78,6,3439
20,135,3,Isolados,3.74,5,2901
20,140,0,Empiristas,3.74,5,3828
20,140,1,Incrementalistas,5.78,6,3821
20,140,2,Evolucionistas,5.78,6,3824
20,140,3,Isolados,3.74,5,3285
20,145,0,Empiristas,5.78,6,4254
20,145,1,Incrementalistas,5.78,6,4246
20,145,2,Evolucionistas,5.78,6,4248
20,145,3,Isolados,3.74,5,3709
20,150,0,Empiristas,5.78,6,4723
20,150,1,Incrementalistas,5.78,6,4715
20,150,2,Evolucionistas,5.78,6,4717
20,150,3,Isolados,3.74,5,4179
20,155,0,Empiristas,6.7,7,5239
20,155,1,Incrementalistas,6.7,7,5231
20,155,2,Evolucionistas,6.7,7,5236
20,155,3,Isolados,3.74,5,4696
20,160,0,Empiristas,6.72,7,5811
20,160,1,Incrementalistas,6.72,7,5802
20,160,2,Evolucionistas,6.72,7,5807
20,160,3,Isolados,3.74,5,5266
20,165,0,Empiristas,6.72,7,6442
20,165,1,Incrementalistas,6.72,7,6432
20,165,2,Evolucionistas,6.72,7,6437
20,165,3,Isolados,3.74,5,5896
20,170,0,Empiristas,6.72,7,7139
20,170,1,Incrementalistas,6.72,7,7128
20,170,2,Evolucionistas,6.72,7,7134
20,170,3,Isolados,3.74,5,6593
20,175,0,Empiristas,6.72,7,7909
20,175,1,Incrementalistas,6.72,7,7897
20,175,2,Evolucionistas,6.72,7,7903
20,175,3,Isolados,3.74,5,7363
20,180,0,Empiristas,6.72,7,8759
20,180,1,Incrementalistas,6.72,7,8747
20,180,2,Evolucionistas,6.72,7,8752
20,180,3,Isolados,3.74,5,8214
20,185,0,Empiristas,6.72,7,9698
20,185,1,Incrementalistas,6.72,7,9684
20,185,2,Evolucionistas,6.72,7,9688
20,185,3,Isolados,3.74,5,9152
20,190,0,Empiristas,6.72,7,10733
20,190,1,Incrementalistas,6.72,7,10719
20,190,2,Evolucionistas,6.72,7,10722
20,190,3,Isolados,3.74,5,10187
20,195,0,Empiristas,6.72,7,11877
20,195,1,Incrementalistas,6.72,7,11862
20,195,2,Evolucionistas,6.72,7,11865
20,195,3,Isolados,3.74,5,11328
20,200,0,Empiristas,6.72,7,13140
20,200,1,Incrementalistas,6.72,7,13123
20,200,2,Evolucionistas,6.72,7,13125
20,200,3,Isolados,3.74,5,12589
20,205,0,Empiristas,6.72,7,14533
20,205,1,Incrementalistas,6.72,7,14516
20,205,2,Evolucionistas,6.72,7,14518
20,205,3,Isolados,3.74,5,13980
20,210,0,Empiristas,6.72,7,16071
20,210,1,Incrementalistas,6.72,7,16052
20,210,2,Evolucionistas,6.72,7,15740
20,210,3,Isolados,4.68,6,15518
20,215,0,Empiristas,6.72,7,17768
20,215,1,Incrementalistas,6.72,7,17750
20,215,2,Evolucionistas,6.72,7,16590
20,215,3,Isolados,4.68,6,17217
20,220,0,Empiristas,6.72,7,19070
20,220,1,Incrementalistas,6.72,7,19623
20,220,2,Evolucionistas,6.72,7,17527
20,220,3,Isolados,4.68,6,19092
20,225,0,Empiristas,6.72,7,20105
20,225,1,Incrementalistas,6.72,7,21693
20,225,2,Evolucionistas,6.72,7,18562
20,225,3,Isolados,4.68,6,21162
20,230,0,Empiristas,6.72,7,21248
20,230,1,Incrementalistas,6.72,7,23979
20,230,2,Evolucionistas,6.72,7,19705
20,230,3,Isolados,4.68,6,23446
20,235,0,Empiristas,6.72,7,22488
20,235,1,Incrementalistas,6.72,7,26459
20,235,2,Evolucionistas,6.72,7,21695
20,235,3,Isolados,4.68,6,25926
20,240,0,Empiristas,6.72,7,23738
20,240,1,Incrementalistas,6.72,7,28959
20,240,2,Evolucionistas,6.72,7,24195
20,240,3,Isolados,4.68,6,28426
20,245,0,Empiristas,6.72,7,25988
20,245,1,Incrementalistas,6.72,7,31459
20,245,2,Evolucionistas,6.72,7,26695
20,245,3,Isolados,4.68,6,30926
20,250,0,Empiristas,6.72,7,28488
20,250,1,Incrementalistas,6.72,7,33959
20,250,2,Evolucionistas,6.72,8,29195
20,250,3,Isolados,4.68,6,33426
20,255,0,Empiristas,6.72,7,30988
20,255,1,Incrementalistas,6.72,7,36459
20,255,2,Evolucionistas,6.72,8,31695
20,255,3,Isolados,4.68,6,35926
20,260,0,Empiristas,6.72,7,33488
20,260,1,Incrementalistas,6.72,7,38959
20,260,2,Evolucionistas,6.72,8,34195
20,260,3,Isolados,4.68,6,38426
20,265,0,Empiristas,6.72,7,35988
20,265,1,Incrementalistas,6.72,7,41459
20,265,2,Evolucionistas,6.72,8,36695
20,265,3,Isolados,4.68,6,40926
20,270,0,Empiristas,6.72,7,38488
20,270,1,Incrementalistas,6.72,7,43959
20,270,2,Evolucionistas,6.72,8,39195
20,270,3,Isolados,5.74,7,43426
20,275,0,Empiristas,6.72,7,40988
20,275,1,Incrementalistas,6.72,7,46459
20,275,2,Evolucionistas,6.72,8,41695
20,275,3,Isolados,6.72,8,45926
20,280,0,Empiristas,6.72,7,43488
20,280,1,Incrementalistas,6.72,7,48959
20,280,2,Evolucionistas,6.72,8,44195
20,280,3,Isolados,6.72,8,48426
20,285,0,Empiristas,6.72,7,45988
20,285,1,Incrementalistas,6.72,8,51459
20,285,2,Evolucionistas,6.72,8,46695
20,285,3,Isolados,6.72,8,50426
20,290,0,Empiristas,6.72,7,48488
20,290,1,Incrementalistas,6.72,8,53959
20,290,2,Evolucionistas,6.72,8,49195
20,290,3,Isolados,6.72,8,51676
20,295,0,Empiristas,6.72,7,50988
20,295,1,Incrementalistas,6.72,8,56459
20,295,2,Evolucionistas,6.72,8,51695
20,295,3,Isolados,6.72,8,52926
20,300,0,Empiristas,6.72,7,53488
20,300,1,Incrementalistas,6.72,8,58959
20,300,2,Evolucionistas,6.72,8,54195
20,300,3,Isolados,6.72,8,54176
21,0,0,Empiristas,0.76,2,5
21,0,1,Incrementalistas,0.88,2,5
21,0,2,Evolucionistas,0.88,2,5
21,0,3,Isolados,0.86,2,5
21,5,0,Empiristas,1.84,3,31
21,5,1,Incrementalistas,0.94,2,31
21,5,2,Evolucionistas,1.84,3,31
21,5,3,Isolados,1.86,3,30
21,10,0,Empiristas,1.84,3,60
21,10,1,Incrementalistas,1.86,3,59
21,10,2,Evolucionistas,1.84,3,60
21,10,3,Isolados,1.88,3,60
21,15,0,Empiristas,1.86,3,93
21,15,1,Incrementalistas,1.86,3,91
21,15,2,Evolucionistas,1.84,3,92
21,15,3,Isolados,1.88,3,92
21,20,0,Empiristas,1.86,3,130
21,20,1,Incrementalistas,1.86,3,125
21,20,2,Evolucionistas,1.88,3,129
21,20,3,Isolados,1.88,3,111
21,25,0,Empiristas,1.88,3,170
21,25,1,Incrementalistas,1.88,3,164
21,25,2,Evolucionistas,1.88,3,169
21,25,3,Isolados,1.88,3,131
21,30,0,Empiristas,1.88,3,215
21,30,1,Incrementalistas,1.88,3,207
21,30,2,Evolucionistas,1.88,3,213
21,30,3,Isolados,1.88,3,152
21,35,0,Empiristas,1.88,3,263
21,35,1,Incrementalistas,1.88,3,256
21,35,2,Evolucionistas,1.88,3,261
21,35,3,Isolados,1.88,3,176
21,40,0,Empiristas,1.88,3,317
21,40,1,Incrementalistas,1.88,3,308
21,40,2,Evolucionistas,1.88,3,314
21,40,3,Isolados,1.88,3,203
21,45,0,Empiristas,1.88,3,375
21,45,1,Incrementalistas,1.88,3,367
21,45,2,Evolucionistas,1.88,3,373
21,45,3,Isolados,1.88,3,263
21,50,0,Empiristas,1.88,3,440
21,50,1,Incrementalistas,1.88,3,431
21,50,2,Evolucionistas,1.88,3,438
21,50,3,Isolados,1.88,3,328
21,55,0,Empiristas,1.88,3,512
21,55,1,Incrementalistas,1.88,3,502
21,55,2,Evolucionistas,1.88,3,510
21,55,3,Isolados,1.88,3,400
21,60,0,Empiristas,1.88,3,591
21,60,1,Incrementalistas,1.88,3,579
21,60,2,Evolucionistas,1.88,3,588
21,60,3,Isolados,1.88,3,480
21,65,0,Empiristas,1.88,3,677
21,65,1,Incrementalistas,1.88,3,665
21,65,2,Evolucionistas,1.88,3,675
21,65,3,Isolados,1.88,3,566
21,70,0,Empiristas,1.88,3,773
21,70,1,Incrementalistas,1.88,3,740
21,70,2,Evolucionistas,1.88,3,771
21,70,3,Isolados,1.88,3,663
21,75,0,Empiristas,1.88,3,878
21,75,1,Incrementalistas,1.88,3,792
21,75,2,Evolucionistas,1.88,3,877
21,75,3,Isolados,1.88,3,769
21,80,0,Empiristas,1.88,3,997
21,80,1,Incrementalistas,1.88,3,849
21,80,2,Evolucionistas,1.88,3,994
21,80,3,Isolados,2.8,4,888
21,85,0,Empiristas,1.88,3,1126
21,85,1,Incrementalistas,1.88,3,914
21,85,2,Evolucionistas,1.88,3,1123
21,85,3,Isolados,2.82,4,1018
21,90,0,Empiristas,2.8,4,1268
21,90,1,Incrementalistas,2.8,4,986
21,90,2,Evolucionistas,1.88,3,1266
21,90,3,Isolados,2.82,4,1162
21,95,0,Empiristas,2.8,4,1425
21,95,1,Incrementalistas,2.8,4,1114
21,95,2,Evolucionistas,2.8,4,1424
21,95,3,Isolados,2.82,4,1320
21,100,0,Empiristas,2.8,4,1599
21,100,1,Incrementalistas,2.8,4,1289
21,100,2,Evolucionistas,2.8,4,1599
21,100,3,Isolados,2.82,4,1494
21,105,0,Empiristas,2.8,4,1792
21,105,1,Incrementalistas,2.8,4,1480
21,105,2,Evolucionistas,2.8,4,1792
21,105,3,Isolados,2.82,4,1688
21,110,0,Empiristas,2.8,4,2004
21,110,1,Incrementalistas,2.82,4,1690
21,110,2,Evolucionistas,2.82,4,2005
21,110,3,Isolados,2.82,4,1900
21,115,0,Empiristas,2.82,4,2238
21,115,1,Incrementalistas,2.82,4,1924
21,115,2,Evolucionistas,2.82,4,2240
21,115,3,Isolados,2.82,4,2135
21,120,0,Empiristas,2.82,4,2497
21,120,1,Incrementalistas,2.82,4,2182
21,120,2,Evolucionistas,2.82,4,2499
21,120,3,Isolados,2.82,4,2394
21,125,0,Empiristas,2.82,4,2783
21,125,1,Incrementalistas,2.82,4,2467
21,125,2,Evolucionistas,2.82,4,2785
21,125,3,Isolados,2.82,4,2679
21,130,0,Empiristas,2.82,4,3099
21,130,1,Incrementalistas,2.82,4,2783
21,130,2,Evolucionistas,2.82,4,3100
21,130,3,Isolados,2.82,4,2994
21,135,0,Empiristas,2.82,4,3446
21,135,1,Incrementalistas,2.82,4,3131
21,135,2,Evolucionistas,2.82,4,3379
21,135,3,Isolados,2.82,4,3342
21,140,0,Empiristas,2.82,4,3829
21,140,1,Incrementalistas,2.82,4,3516
21,140,2,Evolucionistas,2.82,4,3570
21,140,3,Isolados,2.82,4,3725
21,145,0,Empiristas,2.82,4,4254
21,145,1,Incrementalistas,2.82,4,3941
21,145,2,Evolucionistas,2.82,4,3782
21,145,3,Isolados,2.82,4,4149
21,150,0,Empiristas,2.82,4,4724
21,150,1,Incrementalistas,2.82,4,4410
21,150,2,Evolucionistas,2.82,4,4017
21,150,3,Isolados,2.82,4,4617
21,155,0,Empiristas,2.82,4,5244
21,155,1,Incrementalistas,2.82,4,4927
21,155,2,Evolucionistas,2.82,4,4276
21,155,3,Isolados,2.82,4,5136
21,160,0,Empiristas,2.82,4,5816
21,160,1,Incrementalistas,2.82,4,5499
21,160,2,Evolucionistas,2.82,4,4562
21,160,3,Isolados,2.82,4,5708
21,165,0,Empiristas,2.82,4,6446
21,165,1,Incrementalistas,2.82,4,6128
21,165,2,Evolucionistas,2.82,4,5007
21,165,3,Isolados,2.82,4,6339
21,170,0,Empiristas,2.82,4,7142
21,170,1,Incrementalistas,2.82,4,6825
21,170,2,Evolucionistas,2.82,4,5703
21,170,3,Isolados,2.82,4,7036
21,175,0,Empiristas,2.82,4,7912
21,175,1,Incrementalistas,2.82,4,7595
21,175,2,Evolucionistas,2.82,4,6470
21,175,3,Isolados,2.82,4,7805
21,180,0,Empiristas,2.82,4,8761
21,180,1,Incrementalistas,2.82,4,8442
21,180,2,Evolucionistas,2.82,4,7319
21,180,3,Isolados,2.82,4,8656
21,185,0,Empiristas,2.82,4,9697
21,185,1,Incrementalistas,2.82,4,9381
21,185,2,Evolucionistas,2.82,4,8256
21,185,3,Isolados,2.82,4,9594
21,190,0,Empiristas,2.82,4,10732
21,190,1,Incrementalistas,2.82,4,10416
21,190,2,Evolucionistas,2.82,4,9291
21,190,3,Isolados,2.82,4,10628
21,195,0,Empiristas,2.82,4,11874
21,195,1,Incrementalistas,2.82,4,11559
21,195,2,Evolucionistas,2.82,4,10434
21,195,3,Isolados,2.82,4,11771
21,200,0,Empiristas,2.82,4,13134
21,200,1,Incrementalistas,2.82,4,12820
21,200,2,Evolucionistas,2.82,4,11694
21,200,3,Isolados,2.82,4,13032
21,205,0,Empiristas,2.82,4,14527
21,205,1,Incrementalistas,2.82,4,14214
21,205,2,Evolucionistas,2.82,4,13088
21,205,3,Isolados,2.82,4,14425
21,210,0,Empiristas,2.82,4,16066
21,210,1,Incrementalistas,2.82,4,15752
21,210,2,Evolucionistas,2.82,4,14627
21,210,3,Isolados,2.82,4,15961
21,215,0,Empiristas,2.82,4,17764
21,215,1,Incrementalistas,2.82,4,17450
21,215,2,Evolucionistas,2.82,4,16326
21,215,3,Isolados,3.74,5,17659
21,220,0,Empiristas,2.82,4,19640
21,220,1,Incrementalistas,2.82,4,19325
21,220,2,Evolucionistas,2.82,4,18202
21,220,3,Isolados,3.74,5,19534
21,225,0,Empiristas,2.82,4,21710
21,225,1,Incrementalistas,2.82,4,21395
21,225,2,Evolucionistas,2.82,4,20271
21,225,3,Isolados,3.74,5,21604
21,230,0,Empiristas,2.82,4,23994
21,230,1,Incrementalistas,2.82,4,23679
21,230,2,Evolucionistas,2.82,4,22556
21,230,3,Isolados,3.74,5,23652
21,235,0,Empiristas,2.82,4,26474
21,235,1,Incrementalistas,2.82,4,26158
21,235,2,Evolucionistas,2.82,4,25035
21,235,3,Isolados,3.74,5,24891
21,240,0,Empiristas,2.82,4,28974
21,240,1,Incrementalistas,2.82,4,28658
21,240,2,Evolucionistas,2.82,4,27535
21,240,3,Isolados,3.74,5,26141
21,245,0,Empiristas,3.72,5,31474
21,245,1,Incrementalistas,3.72,5,31158
21,245,2,Evolucionistas,3.72,5,30035
21,245,3,Isolados,3.74,5,27391
21,250,0,Empiristas,3.72,5,33974
21,250,1,Incrementalistas,3.72,5,33658
21,250,2,Evolucionistas,3.72,5,32535
21,250,3,Isolados,3.74,5,28641
21,255,0,Empiristas,3.72,5,36474
21,255,1,Incrementalistas,3.72,5,36158
21,255,2,Evolucionistas,3.72,5,35035
21,255,3,Isolados,3.74,5,30391
21,260,0,Empiristas,3.72,5,38974
21,260,1,Incrementalistas,3.72,5,38658
21,260,2,Evolucionistas,3.72,5,37535
21,260,3,Isolados,3.74,5,32891
21,265,0,Empiristas,3.72,5,41474
21,265,1,Incrementalistas,3.72,5,41158
21,265,2,Evolucionistas,3.72,5,40035
21,265,3,Isolados,3.74,5,35391
21,270,0,Empiristas,3.72,5,43974
21,270,1,Incrementalistas,3.72,5,43658
21,270,2,Evolucionistas,3.72,5,42535
21,270,3,Isolados,3.74,5,37891
21,275,0,Empiristas,3.72,5,46474
21,275,1,Incrementalistas,3.72,5,46158
21,275,2,Evolucionistas,3.72,5,45035
21,275,3,Isolados,5.78,6,40391
21,280,0,Empiristas,3.72,5,48724
21,280,1,Incrementalistas,3.72,5,48658
21,280,2,Evolucionistas,3.72,5,47535
21,280,3,Isolados,5.78,6,42891
21,285,0,Empiristas,3.72,5,49974
21,285,1,Incrementalistas,3.72,5,51158
21,285,2,Evolucionistas,3.72,5,50035
21,285,3,Isolados,5.78,6,45391
21,290,0,Empiristas,3.72,5,51224
21,290,1,Incrementalistas,3.72,5,53658
21,290,2,Evolucionistas,3.72,5,52535
21,290,3,Isolados,5.78,6,47891
21,295,0,Empiristas,3.72,5,52474
21,295,1,Incrementalistas,3.72,5,56158
21,295,2,Evolucionistas,3.72,5,55035
21,295,3,Isolados,5.78,6,50391
21,300,0,Empiristas,3.72,5,53724
21,300,1,Incrementalistas,3.72,5,58658
21,300,2,Evolucionistas,3.72,5,57535
21,300,3,Isolados,5.78,6,52891
22,0,0,Empiristas,-0.04,1,5
22,0,1,Incrementalistas,-0.12,1,5
22,0,2,Evolucionistas,-0.12,1,5
22,0,3,Isolados,-0.02,1,5
22,5,0,Empiristas,0.92,2,23
22,5,1,Incrementalistas,1.86,3,31
22,5,2,Evolucionistas,0.94,2,33
22,5,3,Isolados,0.92,2,33
22,10,0,Empiristas,1.88,3,37
22,10,1,Incrementalistas,1.88,3,61
22,10,2,Evolucionistas,0.94,2,63
22,10,3,Isolados,0.94,2,63
22,15,0,Empiristas,1.88,3,54
22,15,1,Incrementalistas,1.88,3,92
22,15,2,Evolucionistas,0.94,2,95
22,15,3,Isolados,0.94,2,94
22,20,0,Empiristas,1.88,3,72
22,20,1,Incrementalistas,1.88,3,128
22,20,2,Evolucionistas,0.94,2,132
22,20,3,Isolados,0.94,2,130
22,25,0,Empiristas,1.88,3,92
22,25,1,Incrementalistas,1.88,3,168
22,25,2,Evolucionistas,1.88,3,171
22,25,3,Isolados,0.94,2,169
22,30,0,Empiristas,1.88,3,133
22,30,1,Incrementalistas,1.88,3,211
22,30,2,Evolucionistas,1.88,3,215
22,30,3,Isolados,0.94,2,213
22,35,0,Empiristas,1.88,3,179
22,35,1,Incrementalistas,2.78,4,258
22,35,2,Evolucionistas,2.78,4,263
22,35,3,Isolados,0.94,2,260
22,40,0,Empiristas,2.78,4,231
22,40,1,Incrementalistas,2.78,4,310
22,40,2,Evolucionistas,2.78,4,316
22,40,3,Isolados,1.88,3,312
22,45,0,Empiristas,2.78,4,266
22,45,1,Incrementalistas,2.78,4,368
22,45,2,Evolucionistas,2.78,4,374
22,45,3,Isolados,1.88,3,369
22,50,0,Empiristas,2.78,4,300
22,50,1,Incrementalistas,2.78,4,432
22,50,2,Evolucionistas,2.78,4,440
22,50,3,Isolados,1.88,3,427
22,55,0,Empiristas,2.8,4,335
22,55,1,Incrementalistas,2.8,4,503
22,55,2,Evolucionistas,2.8,4,512
22,55,3,Isolados,1.88,3,463
22,60,0,Empiristas,2.8,4,376
22,60,1,Incrementalistas,2.8,4,580
22,60,2,Evolucionistas,2.8,4,591
22,60,3,Isolados,1.88,3,502
22,65,0,Empiristas,2.8,4,420
22,65,1,Incrementalistas,2.8,4,666
22,65,2,Evolucionistas,2.8,4,679
22,65,3,Isolados,1.88,3,546
22,70,0,Empiristas,2.8,4,517
22,70,1,Incrementalistas,2.8,4,761
22,70,2,Evolucionistas,2.8,4,775
22,70,3,Isolados,1.88,3,594
22,75,0,Empiristas,2.8,4,623
22,75,1,Incrementalistas,2.8,4,867
22,75,2,Evolucionistas,2.8,4,882
22,75,3,Isolados,1.88,3,669
22,80,0,Empiristas,2.8,4,738
22,80,1,Incrementalistas,2.8,4,983
22,80,2,Evolucionistas,2.8,4,998
22,80,3,Isolados,1.88,3,787
22,85,0,Empiristas,2.8,4,867
22,85,1,Incrementalistas,2.8,4,1112
22,85,2,Evolucionistas,2.8,4,1128
22,85,3,Isolados,1.88,3,917
22,90,0,Empiristas,2.8,4,1011
22,90,1,Incrementalistas,2.8,4,1256
22,90,2,Evolucionistas,2.8,4,1271
22,90,3,Isolados,1.88,3,1061
22,95,0,Empiristas,2.8,4,1167
22,95,1,Incrementalistas,2.8,4,1413
22,95,2,Evolucionistas,2.8,4,1430
22,95,3,Isolados,2.74,4,1218
22,100,0,Empiristas,2.8,4,1340
22,100,1,Incrementalistas,2.8,4,1586
22,100,2,Evolucionistas,2.8,4,1602
22,100,3,Isolados,3.7,5,1391
22,105,0,Empiristas,2.8,4,1532
22,105,1,Incrementalistas,2.8,4,1777
22,105,2,Evolucionistas,3.74,5,1794
22,105,3,Isolados,3.72,5,1584
22,110,0,Empiristas,2.8,4,1746
22,110,1,Incrementalistas,3.74,5,1989
22,110,2,Evolucionistas,3.74,5,2006
22,110,3,Isolados,3.72,5,1798
22,115,0,Empiristas,3.74,5,1981
22,115,1,Incrementalistas,3.74,5,2222
22,115,2,Evolucionistas,3.74,5,2240
22,115,3,Isolados,3.72,5,2032
22,120,0,Empiristas,3.74,5,2239
22,120,1,Incrementalistas,3.74,5,2480
22,120,2,Evolucionistas,3.74,5,2499
22,120,3,Isolados,3.72,5,2290
22,125,0,Empiristas,3.74,5,2526
22,125,1,Incrementalistas,3.74,5,2765
22,125,2,Evolucionistas,3.74,5,2784
22,125,3,Isolados,3.72,5,2577
22,130,0,Empiristas,3.74,5,2841
22,130,1,Incrementalistas,3.74,5,3079
22,130,2,Evolucionistas,3.74,5,3099
22,130,3,Isolados,3.72,5,2893
22,135,0,Empiristas,3.74,5,3191
22,135,1,Incrementalistas,3.74,5,3427
22,135,2,Evolucionistas,3.74,5,3447
22,135,3,Isolados,3.72,5,3241
22,140,0,Empiristas,3.74,5,3575
22,140,1,Incrementalistas,3.74,5,3656
22,140,2,Evolucionistas,3.74,5,3831
22,140,3,Isolados,3.72,5,3626
22,145,0,Empiristas,3.74,5,4000
22,145,1,Incrementalistas,3.74,5,3869
22,145,2,Evolucionistas,3.74,5,4257
22,145,3,Isolados,3.72,5,4050
22,150,0,Empiristas,3.74,5,4468
22,150,1,Incrementalistas,3.74,5,4104
22,150,2,Evolucionistas,3.74,5,4724
22,150,3,Isolados,3.72,5,4520
22,155,0,Empiristas,3.74,5,4985
22,155,1,Incrementalistas,3.74,5,4362
22,155,2,Evolucionistas,3.74,5,5241
22,155,3,Isolados,3.72,5,5035
22,160,0,Empiristas,3.74,5,5555
22,160,1,Incrementalistas,4.68,6,4648
22,160,2,Evolucionistas,3.74,5,5813
22,160,3,Isolados,3.72,5,5606
22,165,0,Empiristas,4.68,6,6186
22,165,1,Incrementalistas,4.68,6,5278
22,165,2,Evolucionistas,3.74,5,6446
22,165,3,Isolados,3.72,5,6235
22,170,0,Empiristas,4.68,6,6882
22,170,1,Incrementalistas,4.68,6,5975
22,170,2,Evolucionistas,4.68,6,7142
22,170,3,Isolados,3.72,5,6932
22,175,0,Empiristas,4.68,6,7650
22,175,1,Incrementalistas,4.68,6,6745
22,175,2,Evolucionistas,4.68,6,7910
22,175,3,Isolados,3.72,5,7700
22,180,0,Empiristas,4.68,6,8498
22,180,1,Incrementalistas,4.68,6,7594
22,180,2,Evolucionistas,4.68,6,8759
22,180,3,Isolados,3.72,5,8547
22,185,0,Empiristas,4.68,6,9435
22,185,1,Incrementalistas,4.68,6,8532
22,185,2,Evolucionistas,4.68,6,9698
22,185,3,Isolados,3.72,5,9483
22,190,0,Empiristas,4.68,6,10470
22,190,1,Incrementalistas,4.68,6,9567
22,190,2,Evolucionistas,4.68,6,10732
22,190,3,Isolados,3.72,5,10517
22,195,0,Empiristas,4.68,6,11611
22,195,1,Incrementalistas,4.68,6,10711
22,195,2,Evolucionistas,4.68,6,11876
22,195,3,Isolados,3.72,5,11659
22,200,0,Empiristas,4.68,6,12741
22,200,1,Incrementalistas,4.68,6,11972
22,200,2,Evolucionistas,4.68,6,13139
22,200,3,Isolados,3.72,5,12919
22,205,0,Empiristas,4.68,6,13439
22,205,1,Incrementalistas,4.68,6,13365
22,205,2,Evolucionistas,4.68,6,14531
22,205,3,Isolados,3.72,5,14313
22,210,0,Empiristas,4.68,6,14208
22,210,1,Incrementalistas,4.68,6,14904
22,210,2,Evolucionistas,4.68,6,16069
22,210,3,Isolados,3.72,5,15849
22,215,0,Empiristas,4.68,6,15058
22,215,1,Incrementalistas,4.68,6,16602
22,215,2,Evolucionistas,4.68,6,17766
22,215,3,Isolados,3.72,5,17547
22,220,0,Empiristas,3.74,5,15996
22,220,1,Incrementalistas,4.68,6,18477
22,220,2,Evolucionistas,4.68,6,19640
22,220,3,Isolados,3.72,5,19422
22,225,0,Empiristas,4.68,6,17031
22,225,1,Incrementalistas,4.68,6,20546
22,225,2,Evolucionistas,4.68,6,21709
22,225,3,Isolados,3.72,5,21492
22,230,0,Empiristas,4.68,6,18172
22,230,1,Incrementalistas,4.68,6,22832
22,230,2,Evolucionistas,4.68,6,23994
22,230,3,Isolados,3.72,5,23777
22,235,0,Empiristas,4.68,6,19412
22,235,1,Incrementalistas,4.68,6,25312
22,235,2,Evolucionistas,4.68,6,26473
22,235,3,Isolados,3.72,5,26256
22,240,0,Empiristas,4.68,6,20662
22,240,1,Incrementalistas,4.68,6,27812
22,240,2,Evolucionistas,4.68,2,28973
22,240,3,Isolados,3.72,5,28756
22,245,0,Empiristas,4.68,6,22912
22,245,1,Incrementalistas,4.68,6,30312
22,245,2,Evolucionistas,4.68,6,30223
22,245,3,Isolados,3.72,5,31256
22,250,0,Empiristas,4.68,6,25412
22,250,1,Incrementalistas,4.68,6,32812
22,250,2,Evolucionistas,4.68,6,31473
22,250,3,Isolados,3.72,5,33756
22,255,0,Empiristas,4.68,6,27912
22,255,1,Incrementalistas,4.68,6,35312
22,255,2,Evolucionistas,4.68,6,32723
22,255,3,Isolados,3.72,5,36256
22,260,0,Empiristas,4.68,6,30412
22,260,1,Incrementalistas,4.68,6,37812
22,260,2,Evolucionistas,4.68,6,33973
22,260,3,Isolados,3.72,5,38756
22,265,0,Empiristas,4.68,6,32912
22,265,1,Incrementalistas,4.68,6,40312
22,265,2,Evolucionistas,4.68,6,35473
22,265,3,Isolados,3.72,5,41256
22,270,0,Empiristas,4.68,6,35412
22,270,1,Incrementalistas,4.68,6,42812
22,270,2,Evolucionistas,4.68,6,37973
22,270,3,Isolados,3.72,5,43756
22,275,0,Empiristas,4.68,6,37912
22,275,1,Incrementalistas,4.68,6,45312
22,275,2,Evolucionistas,4.68,6,40473
22,275,3,Isolados,3.72,5,46256
22,280,0,Empiristas,4.68,6,40412
22,280,1,Incrementalistas,4.68,6,47812
22,280,2,Evolucionistas,4.68,6,42973
22,280,3,Isolados,3.72,5,48756
22,285,0,Empiristas,4.68,6,42912
22,285,1,Incrementalistas,4.68,6,50312
22,285,2,Evolucionistas,4.68,6,45473
22,285,3,Isolados,3.72,5,51256
22,290,0,Empiristas,4.68,6,45412
22,290,1,Incrementalistas,4.68,6,52812
22,290,2,Evolucionistas,4.68,6,47973
22,290,3,Isolados,3.72,5,53756
22,295,0,Empiristas,4.68,6,47912
22,295,1,Incrementalistas,4.68,6,55312
22,295,2,Evolucionistas,4.68,6,50473
22,295,3,Isolados,3.72,5,56256
22,300,0,Empiristas,4.68,6,50412
22,300,1,Incrementalistas,4.68,6,57812
22,300,2,Evolucionistas,4.68,6,52973
22,300,3,Isolados,3.72,5,58756
23,0,0,Empiristas,0.84,2,5
23,0,1,Incrementalistas,0.88,2,5
23,0,2,Evolucionistas,0.88,2,5
23,0,3,Isolados,0.94,1,5
23,5,0,Empiristas,1.88,3,31
23,5,1,Incrementalistas,1.8,3,31
23,5,2,Evolucionistas,0.94,2,31
23,5,3,Isolados,1.76,3,31
23,10,0,Empiristas,1.88,3,60
23,10,1,Incrementalistas,1.88,3,60
23,10,2,Evolucionistas,1.88,3,59
23,10,3,Isolados,1.76,3,61
23,15,0,Empiristas,1.88,3,93
23,15,1,Incrementalistas,1.88,3,94
23,15,2,Evolucionistas,1.88,3,92
23,15,3,Isolados,1.76,3,95
23,20,0,Empiristas,1.88,3,129
23,20,1,Incrementalistas,1.88,3,130
23,20,2,Evolucionistas,1.88,3,127
23,20,3,Isolados,1.84,3,131
23,25,0,Empiristas,1.88,3,168
23,25,1,Incrementalistas,1.88,3,170
23,25,2,Evolucionistas,1.88,3,165
23,25,3,Isolados,1.86,3,170
23,30,0,Empiristas,1.88,3,211
23,30,1,Incrementalistas,1.88,3,214
23,30,2,Evolucionistas,1.88,3,208
23,30,3,Isolados,1.86,3,213
23,35,0,Empiristas,1.88,3,260
23,35,1,Incrementalistas,1.88,3,262
23,35,2,Evolucionistas,1.88,3,256
23,35,3,Isolados,1.88,3,261
23,40,0,Empiristas,1.88,3,316
23,40,1,Incrementalistas,1.88,3,315
23,40,2,Evolucionistas,1.88,3,310
23,40,3,Isolados,1.88,3,313
23,45,0,Empiristas,1.88,3,374
23,45,1,Incrementalistas,1.88,3,374
23,45,2,Evolucionistas,1.88,3,368
23,45,3,Isolados,1.88,3,371
23,50,0,Empiristas,1.88,3,439
23,50,1,Incrementalistas,2.78,4,440
23,50,2,Evolucionistas,1.88,3,432
23,50,3,Isolados,1.88,3,436
23,55,0,Empiristas,2.78,4,511
23,55,1,Incrementalistas,2.78,4,512
23,55,2,Evolucionistas,2.78,4,504
23,55,3,Isolados,1.88,3,509
23,60,0,Empiristas,2.78,4,591
23,60,1,Incrementalistas,2.8,4,590
23,60,2,Evolucionistas,2.78,4,582
23,60,3,Isolados,1.88,3,588
23,65,0,Empiristas,2.8,4,678
23,65,1,Incrementalistas,2.8,4,677
23,65,2,Evolucionistas,2.78,4,670
23,65,3,Isolados,1.88,3,675
23,70,0,Empiristas,2.8,4,774
23,70,1,Incrementalistas,2.8,4,775
23,70,2,Evolucionistas,2.78,4,767
23,70,3,Isolados,1.88,3,772
23,75,0,Empiristas,2.8,4,881
23,75,1,Incrementalistas,2.8,4,881
23,75,2,Evolucionistas,2.8,4,863
23,75,3,Isolados,1.88,3,877
23,80,0,Empiristas,2.82,4,999
23,80,1,Incrementalistas,2.82,4,997
23,80,2,Evolucionistas,2.82,4,921
23,80,3,Isolados,1.88,3,995
23,85,0,Empiristas,2.82,4,1129
23,85,1,Incrementalistas,2.82,4,1126
23,85,2,Evolucionistas,2.82,4,985
23,85,3,Isolados,1.88,3,1125
23,90,0,Empiristas,2.82,4,1273
23,90,1,Incrementalistas,2.82,4,1268
23,90,2,Evolucionistas,2.82,4,1056
23,90,3,Isolados,2.8,4,1267
23,95,0,Empiristas,2.82,4,1430
23,95,1,Incrementalistas,2.82,4,1427
23,95,2,Evolucionistas,2.82,4,1136
23,95,3,Isolados,2.8,4,1424
23,100,0,Empiristas,2.82,4,1604
23,100,1,Incrementalistas,2.82,4,1601
23,100,2,Evolucionistas,2.82,4,1258
23,100,3,Isolados,2.8,4,1600
23,105,0,Empiristas,2.82,4,1797
23,105,1,Incrementalistas,2.82,4,1793
23,105,2,Evolucionistas,2.82,4,1450
23,105,3,Isolados,2.82,4,1793
23,110,0,Empiristas,2.82,4,2009
23,110,1,Incrementalistas,2.82,4,2005
23,110,2,Evolucionistas,2.82,4,1663
23,110,3,Isolados,2.82,4,2004
23,115,0,Empiristas,2.82,4,2243
23,115,1,Incrementalistas,2.82,4,2238
23,115,2,Evolucionistas,2.82,4,1898
23,115,3,Isolados,2.82,4,2238
23,120,0,Empiristas,2.82,4,2502
23,120,1,Incrementalistas,2.82,4,2496
23,120,2,Evolucionistas,2.82,4,2155
23,120,3,Isolados,2.82,4,2497
23,125,0,Empiristas,2.82,4,2788
23,125,1,Incrementalistas,2.82,4,2781
23,125,2,Evolucionistas,2.82,4,2442
23,125,3,Isolados,2.82,4,2783
23,130,0,Empiristas,2.82,4,3103
23,130,1,Incrementalistas,2.82,4,3096
23,130,2,Evolucionistas,2.82,4,2758
23,130,3,Isolados,2.82,4,3100
23,135,0,Empiristas,5.78,5,3451
23,135,1,Incrementalistas,5.78,5,3444
23,135,2,Evolucionistas,2.82,4,3107
23,135,3,Isolados,2.82,4,3448
23,140,0,Empiristas,5.78,5,3834
23,140,1,Incrementalistas,5.78,5,3830
23,140,2,Evolucionistas,2.82,4,3491
23,140,3,Isolados,2.82,4,3833
23,145,0,Empiristas,5.78,5,4258
23,145,1,Incrementalistas,5.78,5,4253
23,145,2,Evolucionistas,5.78,5,3915
23,145,3,Isolados,2.82,4,4258
23,150,0,Empiristas,5.78,5,4727
23,150,1,Incrementalistas,5.78,5,4723
23,150,2,Evolucionistas,5.78,5,4385
23,150,3,Isolados,2.82,4,4724
23,155,0,Empiristas,5.78,5,5246
23,155,1,Incrementalistas,5.78,5,5242
23,155,2,Evolucionistas,5.78,5,4901
23,155,3,Isolados,2.82,4,5241
23,160,0,Empiristas,5.78,5,5817
23,160,1,Incrementalistas,5.78,5,5813
23,160,2,Evolucionistas,5.78,5,5472
23,160,3,Isolados,2.82,4,5813
23,165,0,Empiristas,5.78,5,6448
23,165,1,Incrementalistas,5.78,5,6445
23,165,2,Evolucionistas,5.78,5,6104
23,165,3,Isolados,2.82,4,6445
23,170,0,Empiristas,5.78,5,7144
23,170,1,Incrementalistas,5.78,5,7141
23,170,2,Evolucionistas,5.78,5,6800
23,170,3,Isolados,2.82,4,7140
23,175,0,Empiristas,5.78,5,7913
23,175,1,Incrementalistas,5.78,5,7910
23,175,2,Evolucionistas,5.78,5,7569
23,175,3,Isolados,2.82,4,7910
23,180,0,Empiristas,5.78,5,8763
23,180,1,Incrementalistas,5.78,5,8759
23,180,2,Evolucionistas,5.78,5,8417
23,180,3,Isolados,2.82,4,8759
23,185,0,Empiristas,5.78,5,9700
23,185,1,Incrementalistas,5.78,5,9695
23,185,2,Evolucionistas,5.78,5,9355
23,185,3,Isolados,2.82,4,9697
23,190,0,Empiristas,5.78,5,10735
23,190,1,Incrementalistas,5.78,5,10729
23,190,2,Evolucionistas,5.78,5,10390
23,190,3,Isolados,2.82,4,10732
23,195,0,Empiristas,5.78,5,11878
23,195,1,Incrementalistas,5.78,5,11872
23,195,2,Evolucionistas,5.78,5,11532
23,195,3,Isolados,2.82,4,11875
23,200,0,Empiristas,5.78,5,13141
23,200,1,Incrementalistas,5.78,5,13135
23,200,2,Evolucionistas,5.78,5,12793
23,200,3,Isolados,2.82,4,13137
23,205,0,Empiristas,5.78,5,14532
23,205,1,Incrementalistas,5.78,5,14526
23,205,2,Evolucionistas,5.78,5,14186
23,205,3,Isolados,2.82,4,14529
23,210,0,Empiristas,5.78,5,16071
23,210,1,Incrementalistas,5.78,5,16065
23,210,2,Evolucionistas,5.78,5,15724
23,210,3,Isolados,2.82,4,16068
23,215,0,Empiristas,6.72,6,17769
23,215,1,Incrementalistas,6.7,6,17763
23,215,2,Evolucionistas,6.72,6,17421
23,215,3,Isolados,2.82,4,17766
23,220,0,Empiristas,6.72,6,19644
23,220,1,Incrementalistas,6.72,6,19639
23,220,2,Evolucionistas,6.72,6,19296
23,220,3,Isolados,2.82,4,19642
23,225,0,Empiristas,6.72,6,21714
23,225,1,Incrementalistas,6.72,6,21709
23,225,2,Evolucionistas,6.72,6,21366
23,225,3,Isolados,2.82,4,21711
23,230,0,Empiristas,6.72,6,23998
23,230,1,Incrementalistas,6.72,6,23994
23,230,2,Evolucionistas,6.72,6,22951
23,230,3,Isolados,2.82,4,23995
23,235,0,Empiristas,6.72,6,26477
23,235,1,Incrementalistas,6.72,6,26474
23,235,2,Evolucionistas,6.72,6,24190
23,235,3,Isolados,2.82,4,26475
23,240,0,Empiristas,6.72,6,28977
23,240,1,Incrementalistas,6.72,6,28974
23,240,2,Evolucionistas,6.72,6,25440
23,240,3,Isolados,2.82,4,28975
23,245,0,Empiristas,6.72,6,31477
23,245,1,Incrementalistas,6.72,6,31474
23,245,2,Evolucionistas,6.72,6,26690
23,245,3,Isolados,2.82,4,30475
23,250,0,Empiristas,6.72,6,33977
23,250,1,Incrementalistas,6.72,6,33974
23,250,2,Evolucionistas,6.72,6,27940
23,250,3,Isolados,2.82,4,31725
23,255,0,Empiristas,6.72,6,36477
23,255,1,Incrementalistas,6.72,6,36474
23,255,2,Evolucionistas,6.72,6,30190
23,255,3,Isolados,2.82,4,32975
23,260,0,Empiristas,6.72,6,38977
23,260,1,Incrementalistas,6.72,6,38974
23,260,2,Evolucionistas,6.72,6,32690
23,260,3,Isolados,2.82,4,34225
23,265,0,Empiristas,6.72,6,41477
23,265,1,Incrementalistas,6.72,6,41474
23,265,2,Evolucionistas,6.72,6,35190
23,265,3,Isolados,2.82,4,35475
23,270,0,Empiristas,6.72,6,43977
23,270,1,Incrementalistas,6.72,6,43974
23,270,2,Evolucionistas,6.72,6,37690
23,270,3,Isolados,2.82,4,37975
23,275,0,Empiristas,6.72,6,46477
23,275,1,Incrementalistas,6.72,6,46474
23,275,2,Evolucionistas,6.72,6,40190
23,275,3,Isolados,2.82,4,40475
23,280,0,Empiristas,6.72,6,48977
23,280,1,Incrementalistas,6.72,6,48974
23,280,2,Evolucionistas,6.72,6,42690
23,280,3,Isolados,2.82,4,42975
23,285,0,Empiristas,6.72,6,51477
23,285,1,Incrementalistas,6.72,6,50474
23,285,2,Evolucionistas,6.72,6,45190
23,285,3,Isolados,2.82,4,45475
23,290,0,Empiristas,6.72,6,53977
23,290,1,Incrementalistas,6.72,6,51724
23,290,2,Evolucionistas,6.72,6,47690
23,290,3,Isolados,3.72,5,47975
23,295,0,Empiristas,6.72,6,56477
23,295,1,Incrementalistas,6.72,6,52974
23,295,2,Evolucionistas,6.72,6,50190
23,295,3,Isolados,3.72,5,50475
23,300,0,Empiristas,6.72,6,58977
23,300,1,Incrementalistas,6.72,6,54224
23,300,2,Evolucionistas,6.72,6,52690
23,300,3,Isolados,3.72,5,52975
24,0,0,Empiristas,1.86,2,5
24,0,1,Incrementalistas,-0.04,1,5
24,0,2,Evolucionistas,0.86,1,5
24,0,3,Isolados,-0.1,1,5
24,5,0,Empiristas,1.88,3,30
24,5,1,Incrementalistas,1.88,3,31
24,5,2,Evolucionistas,1.88,3,31
24,5,3,Isolados,0.88,2,31
24,10,0,Empiristas,1.88,3,59
24,10,1,Incrementalistas,1.88,3,61
24,10,2,Evolucionistas,1.88,3,60
24,10,3,Isolados,0.92,2,60
24,15,0,Empiristas,1.88,3,90
24,15,1,Incrementalistas,1.88,3,92
24,15,2,Evolucionistas,1.88,3,92
24,15,3,Isolados,1.76,3,91
24,20,0,Empiristas,1.88,3,127
24,20,1,Incrementalistas,1.88,3,129
24,20,2,Evolucionistas,1.88,3,127
24,20,3,Isolados,1.76,3,126
24,25,0,Empiristas,1.88,3,167
24,25,1,Incrementalistas,1.88,3,169
24,25,2,Evolucionistas,1.88,3,167
24,25,3,Isolados,1.76,3,166
24,30,0,Empiristas,1.88,3,210
24,30,1,Incrementalistas,1.88,3,211
24,30,2,Evolucionistas,1.88,3,210
24,30,3,Isolados,1.76,3,210
24,35,0,Empiristas,1.88,3,258
24,35,1,Incrementalistas,1.88,3,260
24,35,2,Evolucionistas,1.88,3,257
24,35,3,Isolados,1.76,3,256
24,40,0,Empiristas,1.88,3,311
24,40,1,Incrementalistas,1.88,3,311
24,40,2,Evolucionistas,1.88,3,311
24,40,3,Isolados,1.88,3,308
24,45,0,Empiristas,1.88,3,345
24,45,1,Incrementalistas,1.88,3,369
24,45,2,Evolucionistas,1.88,3,370
24,45,3,Isolados,1.88,3,365
24,50,0,Empiristas,1.88,3,377
24,50,1,Incrementalistas,1.88,3,434
24,50,2,Evolucionistas,1.88,3,435
24,50,3,Isolados,1.88,3,431
24,55,0,Empiristas,1.88,3,413
24,55,1,Incrementalistas,1.88,3,506
24,55,2,Evolucionistas,1.88,3,506
24,55,3,Isolados,1.88,3,504
24,60,0,Empiristas,1.88,3,454
24,60,1,Incrementalistas,2.76,4,585
24,60,2,Evolucionistas,1.88,3,584
24,60,3,Isolados,1.88,3,582
24,65,0,Empiristas,2.76,4,498
24,65,1,Incrementalistas,2.76,4,672
24,65,2,Evolucionistas,2.76,4,670
24,65,3,Isolados,1.88,3,669
24,70,0,Empiristas,2.8,4,595
24,70,1,Incrementalistas,2.8,4,768
24,70,2,Evolucionistas,2.8,4,767
24,70,3,Isolados,2.72,4,765
24,75,0,Empiristas,2.82,4,700
24,75,1,Incrementalistas,2.82,4,875
24,75,2,Evolucionistas,2.82,4,874
24,75,3,Isolados,2.72,4,871
24,80,0,Empiristas,2.82,4,818
24,80,1,Incrementalistas,2.8,3,980
24,80,2,Evolucionistas,2.8,1,990
24,80,3,Isolados,2.76,4,977
24,85,0,Empiristas,2.82,4,948
24,85,1,Incrementalistas,2.82,4,1045
24,85,2,Evolucionistas,2.8,4,1055
24,85,3,Isolados,2.76,4,1042
24,90,0,Empiristas,2.82,4,1093
24,90,1,Incrementalistas,2.82,4,1115
24,90,2,Evolucionistas,2.8,4,1126
24,90,3,Isolados,2.76,4,1114
24,95,0,Empiristas,2.82,4,1252
24,95,1,Incrementalistas,2.82,4,1194
24,95,2,Evolucionistas,2.82,4,1205
24,95,3,Isolados,2.76,4,1194
24,100,0,Empiristas,2.82,4,1425
24,100,1,Incrementalistas,2.82,4,1281
24,100,2,Evolucionistas,2.82,4,1293
24,100,3,Isolados,2.76,4,1280
24,105,0,Empiristas,2.82,4,1617
24,105,1,Incrementalistas,2.82,4,1417
24,105,2,Evolucionistas,2.82,4,1410
24,105,3,Isolados,2.78,4,1414
24,110,0,Empiristas,3.72,5,1829
24,110,1,Incrementalistas,3.7,5,1629
24,110,2,Evolucionistas,3.7,5,1622
24,110,3,Isolados,2.8,4,1628
24,115,0,Empiristas,3.72,5,2063
24,115,1,Incrementalistas,3.72,5,1865
24,115,2,Evolucionistas,3.72,5,1857
24,115,3,Isolados,2.8,4,1863
24,120,0,Empiristas,3.72,5,2321
24,120,1,Incrementalistas,3.72,5,2125
24,120,2,Evolucionistas,3.72,5,2116
24,120,3,Isolados,2.8,4,2121
24,125,0,Empiristas,3.72,5,2549
24,125,1,Incrementalistas,3.72,5,2412
24,125,2,Evolucionistas,3.72,5,2402
24,125,3,Isolados,2.8,4,2406
24,130,0,Empiristas,3.72,5,2708
24,130,1,Incrementalistas,3.72,5,2728
24,130,2,Evolucionistas,3.72,5,2718
24,130,3,Isolados,2.8,4,2721
24,135,0,Empiristas,3.72,5,2884
24,135,1,Incrementalistas,3.72,5,3076
24,135,2,Evolucionistas,3.72,5,3066
24,135,3,Isolados,2.8,4,3070
24,140,0,Empiristas,3.72,5,3075
24,140,1,Incrementalistas,3.72,5,3460
24,140,2,Evolucionistas,3.72,5,3450
24,140,3,Isolados,2.8,4,3455
24,145,0,Empiristas,3.72,5,3288
24,145,1,Incrementalistas,3.72,5,3884
24,145,2,Evolucionistas,3.72,5,3874
24,145,3,Isolados,2.8,4,3882
24,150,0,Empiristas,3.72,5,3667
24,150,1,Incrementalistas,3.72,5,4352
24,150,2,Evolucionistas,3.72,5,4343
24,150,3,Isolados,2.8,4,4351
24,155,0,Empiristas,3.72,5,4187
24,155,1,Incrementalistas,3.72,5,4869
24,155,2,Evolucionistas,3.72,5,4861
24,155,3,Isolados,2.8,4,4868
24,160,0,Empiristas,3.72,5,4758
24,160,1,Incrementalistas,3.72,5,5324
24,160,2,Evolucionistas,3.72,5,5432
24,160,3,Isolados,2.8,4,5441
24,165,0,Empiristas,3.72,5,5389
24,165,1,Incrementalistas,3.72,5,5638
24,165,2,Evolucionistas,3.72,5,6064
24,165,3,Isolados,3.74,5,6071
24,170,0,Empiristas,3.72,5,6085
24,170,1,Incrementalistas,3.72,5,5986
24,170,2,Evolucionistas,3.72,5,6762
24,170,3,Isolados,3.74,5,6768
24,175,0,Empiristas,3.72,5,6854
24,175,1,Incrementalistas,3.72,5,6371
24,175,2,Evolucionistas,3.72,5,7528
24,175,3,Isolados,3.74,5,7535
24,180,0,Empiristas,3.72,5,7702
24,180,1,Incrementalistas,3.72,5,6796
24,180,2,Evolucionistas,3.72,5,8378
24,180,3,Isolados,3.74,5,8382
24,185,0,Empiristas,3.72,5,8639
24,185,1,Incrementalistas,3.72,5,7552
24,185,2,Evolucionistas,3.72,5,9315
24,185,3,Isolados,5.76,7,9319
24,190,0,Empiristas,3.72,5,9673
24,190,1,Incrementalistas,3.72,5,8586
24,190,2,Evolucionistas,3.72,5,10351
24,190,3,Isolados,5.78,7,10354
24,195,0,Empiristas,3.72,5,10815
24,195,1,Incrementalistas,3.72,5,9727
24,195,2,Evolucionistas,3.72,5,11495
24,195,3,Isolados,5.78,7,11497
24,200,0,Empiristas,3.72,5,12076
24,200,1,Incrementalistas,3.72,5,10989
24,200,2,Evolucionistas,3.72,5,12757
24,200,3,Isolados,5.78,7,12757
24,205,0,Empiristas,3.72,5,13470
24,205,1,Incrementalistas,3.72,5,12382
24,205,2,Evolucionistas,3.72,5,14150
24,205,3,Isolados,5.78,7,14151
24,210,0,Empiristas,3.72,5,15007
24,210,1,Incrementalistas,3.72,5,13920
24,210,2,Evolucionistas,3.72,5,15688
24,210,3,Isolados,5.78,7,15688
24,215,0,Empiristas,3.72,5,16707
24,215,1,Incrementalistas,3.72,5,15619
24,215,2,Evolucionistas,3.72,5,17387
24,215,3,Isolados,5.78,7,17385
24,220,0,Empiristas,3.72,5,18581
24,220,1,Incrementalistas,3.72,5,17495
24,220,2,Evolucionistas,3.72,5,19261
24,220,3,Isolados,5.78,7,19259
24,225,0,Empiristas,3.72,5,20651
24,225,1,Incrementalistas,3.72,5,19564
24,225,2,Evolucionistas,3.72,5,21331
24,225,3,Isolados,6.72,8,21330
24,230,0,Empiristas,3.72,5,22936
24,230,1,Incrementalistas,3.72,5,21849
24,230,2,Evolucionistas,3.72,5,23617
24,230,3,Isolados,6.72,8,23614
24,235,0,Empiristas,3.72,5,25414
24,235,1,Incrementalistas,3.72,5,24328
24,235,2,Evolucionistas,3.72,5,26096
24,235,3,Isolados,6.72,8,26093
24,240,0,Empiristas,3.72,5,27914
24,240,1,Incrementalistas,3.72,5,26828
24,240,2,Evolucionistas,3.72,5,28596
24,240,3,Isolados,6.72,8,28593
24,245,0,Empiristas,3.72,5,30414
24,245,1,Incrementalistas,3.72,5,29328
24,245,2,Evolucionistas,3.72,5,31096
24,245,3,Isolados,6.72,8,31093
24,250,0,Empiristas,3.72,5,32914
24,250,1,Incrementalistas,3.72,5,31828
24,250,2,Evolucionistas,3.72,5,33596
24,250,3,Isolados,6.72,8,33593
24,255,0,Empiristas,3.72,5,35414
24,255,1,Incrementalistas,3.72,5,34328
24,255,2,Evolucionistas,3.72,5,36096
24,255,3,Isolados,6.72,8,36093
24,260,0,Empiristas,3.72,5,37914
24,260,1,Incrementalistas,3.72,5,36828
24,260,2,Evolucionistas,3.72,5,38596
24,260,3,Isolados,6.72,8,38593
24,265,0,Empiristas,3.72,5,40414
24,265,1,Incrementalistas,3.72,5,39328
24,265,2,Evolucionistas,3.72,5,41096
24,265,3,Isolados,6.72,8,41093
24,270,0,Empiristas,3.72,5,42914
24,270,1,Incrementalistas,3.72,5,41828
24,270,2,Evolucionistas,3.72,5,43596
24,270,3,Isolados,6.72,8,43593
24,275,0,Empiristas,3.72,5,45414
24,275,1,Incrementalistas,3.72,5,44328
24,275,2,Evolucionistas,3.72,5,46096
24,275,3,Isolados,6.72,8,46093
24,280,0,Empiristas,5.76,6,47914
24,280,1,Incrementalistas,5.76,6,46828
24,280,2,Evolucionistas,5.76,6,48596
24,280,3,Isolados,6.72,8,48593
24,285,0,Empiristas,6.72,7,50414
24,285,1,Incrementalistas,6.72,7,49328
24,285,2,Evolucionistas,6.72,7,51096
24,285,3,Isolados,6.72,8,51093
24,290,0,Empiristas,6.72,7,52914
24,290,1,Incrementalistas,6.72,7,51828
24,290,2,Evolucionistas,6.72,7,53596
24,290,3,Isolados,6.72,8,53593
24,295,0,Empiristas,6.72,7,55414
24,295,1,Incrementalistas,6.72,7,54328
24,295,2,Evolucionistas,6.72,7,56096
24,295,3,Isolados,6.72,8,56093
24,300,0,Empiristas,6.72,7,57914
24,300,1,Incrementalistas,6.72,7,56828
24,300,2,Evolucionistas,6.72,7,58596
24,300,3,Isolados,6.72,8,58593
25,0,0,Empiristas,0.84,2,5
25,0,1,Incrementalistas,0.84,1,5
25,0,2,Evolucionistas,0.8,2,5
25,0,3,Isolados,0.8,1,5
25,5,0,Empiristas,1.82,3,32
25,5,1,Incrementalistas,0.88,2,31
25,5,2,Evolucionistas,1.88,3,33
25,5,3,Isolados,0.92,2,32
25,10,0,Empiristas,1.88,3,61
25,10,1,Incrementalistas,1.88,3,61
25,10,2,Evolucionistas,1.88,3,61
25,10,3,Isolados,1.88,3,61
25,15,0,Empiristas,2.82,4,94
25,15,1,Incrementalistas,1.88,3,94
25,15,2,Evolucionistas,2.82,4,94
25,15,3,Isolados,1.88,3,93
25,20,0,Empiristas,2.82,4,129
25,20,1,Incrementalistas,2.82,4,130
25,20,2,Evolucionistas,2.82,4,131
25,20,3,Isolados,1.88,3,129
25,25,0,Empiristas,2.82,4,168
25,25,1,Incrementalistas,2.82,4,170
25,25,2,Evolucionistas,2.82,4,170
25,25,3,Isolados,1.88,3,169
25,30,0,Empiristas,2.82,4,212
25,30,1,Incrementalistas,2.82,4,213
25,30,2,Evolucionistas,2.82,4,213
25,30,3,Isolados,1.88,3,214
25,35,0,Empiristas,2.82,4,261
25,35,1,Incrementalistas,2.82,4,260
25,35,2,Evolucionistas,2.82,4,261
25,35,3,Isolados,1.88,3,262
25,40,0,Empiristas,2.82,4,315
25,40,1,Incrementalistas,2.82,4,313
25,40,2,Evolucionistas,2.82,4,313
25,40,3,Isolados,1.88,3,314
25,45,0,Empiristas,2.82,4,376
25,45,1,Incrementalistas,2.82,4,372
25,45,2,Evolucionistas,2.82,4,372
25,45,3,Isolados,1.88,3,374
25,50,0,Empiristas,2.82,4,441
25,50,1,Incrementalistas,2.82,4,436
25,50,2,Evolucionistas,2.82,4,438
25,50,3,Isolados,1.88,3,438
25,55,0,Empiristas,2.82,4,512
25,55,1,Incrementalistas,2.82,4,508
25,55,2,Evolucionistas,2.82,4,511
25,55,3,Isolados,1.88,3,510
25,60,0,Empiristas,2.82,4,591
25,60,1,Incrementalistas,2.82,4,586
25,60,2,Evolucionistas,2.82,4,591
25,60,3,Isolados,1.88,3,589
25,65,0,Empiristas,2.82,4,678
25,65,1,Incrementalistas,2.82,4,674
25,65,2,Evolucionistas,2.82,4,678
25,65,3,Isolados,1.88,3,677
25,70,0,Empiristas,2.82,4,774
25,70,1,Incrementalistas,2.82,4,770
25,70,2,Evolucionistas,2.82,4,773
25,70,3,Isolados,1.88,3,773
25,75,0,Empiristas,2.82,4,879
25,75,1,Incrementalistas,2.82,4,875
25,75,2,Evolucionistas,2.82,4,879
25,75,3,Isolados,1.88,3,878
25,80,0,Empiristas,2.82,4,972
25,80,1,Incrementalistas,2.82,4,993
25,80,2,Evolucionistas,2.82,4,998
25,80,3,Isolados,1.88,3,995
25,85,0,Empiristas,2.82,4,1036
25,85,1,Incrementalistas,2.82,4,1121
25,85,2,Evolucionistas,2.82,4,1128
25,85,3,Isolados,1.88,3,1126
25,90,0,Empiristas,2.82,4,1107
25,90,1,Incrementalistas,2.82,4,1263
25,90,2,Evolucionistas,2.82,4,1270
25,90,3,Isolados,2.8,4,1268
25,95,0,Empiristas,2.82,4,1185
25,95,1,Incrementalistas,2.82,4,1420
25,95,2,Evolucionistas,2.82,4,1427
25,95,3,Isolados,2.8,4,1428
25,100,0,Empiristas,2.82,4,1272
25,100,1,Incrementalistas,2.82,4,1592
25,100,2,Evolucionistas,2.82,4,1601
25,100,3,Isolados,2.8,4,1603
25,105,0,Empiristas,2.82,4,1427
25,105,1,Incrementalistas,2.82,4,1785
25,105,2,Evolucionistas,2.82,4,1793
25,105,3,Isolados,2.8,4,1796
25,110,0,Empiristas,2.82,4,1639
25,110,1,Incrementalistas,2.82,4,1998
25,110,2,Evolucionistas,2.82,4,2004
25,110,3,Isolados,2.82,4,2008
25,115,0,Empiristas,2.82,4,1874
25,115,1,Incrementalistas,2.82,4,2232
25,115,2,Evolucionistas,2.82,4,2239
25,115,3,Isolados,2.82,4,2240
25,120,0,Empiristas,2.82,4,2132
25,120,1,Incrementalistas,2.82,4,2491
25,120,2,Evolucionistas,2.82,4,2498
25,120,3,Isolados,2.82,4,2499
25,125,0,Empiristas,2.82,4,2416
25,125,1,Incrementalistas,2.82,4,2777
25,125,2,Evolucionistas,2.82,4,2784
25,125,3,Isolados,2.82,4,2785
25,130,0,Empiristas,2.82,4,2731
25,130,1,Incrementalistas,2.82,4,3092
25,130,2,Evolucionistas,2.82,4,3099
25,130,3,Isolados,2.82,4,3101
25,135,0,Empiristas,2.82,4,3080
25,135,1,Incrementalistas,2.82,4,3440
25,135,2,Evolucionistas,2.82,4,3446
25,135,3,Isolados,2.82,4,3450
25,140,0,Empiristas,2.82,4,3464
25,140,1,Incrementalistas,2.82,4,3825
25,140,2,Evolucionistas,2.82,4,3832
25,140,3,Isolados,2.82,4,3835
25,145,0,Empiristas,2.82,4,3889
25,145,1,Incrementalistas,2.82,4,4250
25,145,2,Evolucionistas,2.82,4,4255
25,145,3,Isolados,2.82,4,4260
25,150,0,Empiristas,3.74,5,4358
25,150,1,Incrementalistas,2.82,4,4720
25,150,2,Evolucionistas,2.82,4,4725
25,150,3,Isolados,2.82,4,4729
25,155,0,Empiristas,3.74,5,4876
25,155,1,Incrementalistas,3.74,5,5236
25,155,2,Evolucionistas,3.74,5,5242
25,155,3,Isolados,2.82,4,5245
25,160,0,Empiristas,3.74,5,5446
25,160,1,Incrementalistas,3.74,5,5809
25,160,2,Evolucionistas,3.74,5,5813
25,160,3,Isolados,2.82,4,5817
25,165,0,Empiristas,3.74,5,6077
25,165,1,Incrementalistas,3.74,5,6440
25,165,2,Evolucionistas,3.74,5,6443
25,165,3,Isolados,2.82,4,6448
25,170,0,Empiristas,3.74,5,6774
25,170,1,Incrementalistas,3.74,5,7137
25,170,2,Evolucionistas,3.74,5,7140
25,170,3,Isolados,2.82,4,7145
25,175,0,Empiristas,3.74,5,7544
25,175,1,Incrementalistas,3.74,5,7905
25,175,2,Evolucionistas,3.74,5,7908
25,175,3,Isolados,2.82,4,7914
25,180,0,Empiristas,3.74,5,8392
25,180,1,Incrementalistas,3.74,5,8754
25,180,2,Evolucionistas,3.74,5,8757
25,180,3,Isolados,2.82,4,8763
25,185,0,Empiristas,3.74,5,9330
25,185,1,Incrementalistas,3.74,5,9691
25,185,2,Evolucionistas,3.74,5,9695
25,185,3,Isolados,2.82,4,9700
25,190,0,Empiristas,3.74,5,10364
25,190,1,Incrementalistas,3.74,5,10726
25,190,2,Evolucionistas,3.74,5,10730
25,190,3,Isolados,2.82,4,10735
25,195,0,Empiristas,3.74,5,11507
25,195,1,Incrementalistas,3.74,5,11871
25,195,2,Evolucionistas,3.74,5,11873
25,195,3,Isolados,2.82,4,11878
25,200,0,Empiristas,3.74,5,12768
25,200,1,Incrementalistas,3.74,5,13133
25,200,2,Evolucionistas,3.74,5,13135
25,200,3,Isolados,2.82,4,13139
25,205,0,Empiristas,3.74,5,14162
25,205,1,Incrementalistas,3.74,5,14526
25,205,2,Evolucionistas,3.74,5,14528
25,205,3,Isolados,2.82,4,14532
25,210,0,Empiristas,3.74,5,15699
25,210,1,Incrementalistas,3.74,5,16064
25,210,2,Evolucionistas,3.74,5,16067
25,210,3,Isolados,2.82,4,16070
25,215,0,Empiristas,3.74,5,17396
25,215,1,Incrementalistas,3.74,5,17762
25,215,2,Evolucionistas,3.74,5,17766
25,215,3,Isolados,2.82,4,17767
25,220,0,Empiristas,3.74,5,19271
25,220,1,Incrementalistas,3.74,5,19637
25,220,2,Evolucionistas,3.74,5,19641
25,220,3,Isolados,5.78,5,19643
25,225,0,Empiristas,3.74,5,21342
25,225,1,Incrementalistas,3.74,5,21705
25,225,2,Evolucionistas,3.74,5,21709
25,225,3,Isolados,5.78,5,21713
25,230,0,Empiristas,3.74,5,23628
25,230,1,Incrementalistas,3.74,5,23991
25,230,2,Evolucionistas,3.74,5,23994
25,230,3,Isolados,6.68,6,23999
25,235,0,Empiristas,3.74,5,26107
25,235,1,Incrementalistas,3.74,5,26471
25,235,2,Evolucionistas,3.74,5,26472
25,235,3,Isolados,6.72,6,26478
25,240,0,Empiristas,3.74,5,28607
25,240,1,Incrementalistas,3.74,5,28971
25,240,2,Evolucionistas,3.74,5,28972
25,240,3,Isolados,6.72,6,28978
25,245,0,Empiristas,3.74,5,31107
25,245,1,Incrementalistas,3.74,5,31471
25,245,2,Evolucionistas,3.74,5,31472
25,245,3,Isolados,6.72,6,31478
25,250,0,Empiristas,3.74,5,33607
25,250,1,Incrementalistas,3.74,5,33971
25,250,2,Evolucionistas,3.74,5,33972
25,250,3,Isolados,6.72,6,33978
25,255,0,Empiristas,3.74,5,36107
25,255,1,Incrementalistas,3.74,5,36471
25,255,2,Evolucionistas,3.74,5,36472
25,255,3,Isolados,6.72,6,36478
25,260,0,Empiristas,3.74,5,38607
25,260,1,Incrementalistas,3.74,5,38971
25,260,2,Evolucionistas,3.74,5,38972
25,260,3,Isolados,6.72,6,38478
25,265,0,Empiristas,3.74,5,41107
25,265,1,Incrementalistas,3.74,5,41471
25,265,2,Evolucionistas,3.74,5,41472
25,265,3,Isolados,6.72,6,39728
25,270,0,Empiristas,3.74,5,43607
25,270,1,Incrementalistas,3.74,5,43971
25,270,2,Evolucionistas,3.74,5,43972
25,270,3,Isolados,6.72,6,40978
25,275,0,Empiristas,3.74,5,46107
25,275,1,Incrementalistas,3.74,5,46471
25,275,2,Evolucionistas,3.74,5,46472
25,275,3,Isolados,6.72,6,42228
25,280,0,Empiristas,3.74,5,48607
25,280,1,Incrementalistas,3.74,5,48971
25,280,2,Evolucionistas,3.74,5,48972
25,280,3,Isolados,6.72,6,43478
25,285,0,Empiristas,3.74,5,51107
25,285,1,Incrementalistas,3.74,5,51471
25,285,2,Evolucionistas,3.74,5,51472
25,285,3,Isolados,6.72,6,45478
25,290,0,Empiristas,3.74,5,53607
25,290,1,Incrementalistas,3.74,5,53971
25,290,2,Evolucionistas,3.74,5,53972
25,290,3,Isolados,6.72,6,47978
25,295,0,Empiristas,3.74,5,56107
25,295,1,Incrementalistas,3.74,5,56471
25,295,2,Evolucionistas,3.74,5,56472
25,295,3,Isolados,6.72,6,50478
25,300,0,Empiristas,3.74,5,58607
25,300,1,Incrementalistas,3.74,3,58971
25,300,2,Evolucionistas,3.74,5,58972
25,300,3,Isolados,6.72,6,52978
26,0,0,Empiristas,0.88,2,5
26,0,1,Incrementalistas,0.82,2,5
26,0,2,Evolucionistas,-0.1,1,5
26,0,3,Isolados,0.72,2,5
26,5,0,Empiristas,1.86,3,32
26,5,1,Incrementalistas,1.86,3,31
26,5,2,Evolucionistas,1.86,3,32
26,5,3,Isolados,2.68,4,31
26,10,0,Empiristas,1.86,3,62
26,10,1,Incrementalistas,1.86,3,60
26,10,2,Evolucionistas,2.76,4,60
26,10,3,Isolados,2.72,4,60
26,15,0,Empiristas,1.86,3,93
26,15,1,Incrementalistas,1.86,3,93
26,15,2,Evolucionistas,2.76,4,91
26,15,3,Isolados,2.74,4,91
26,20,0,Empiristas,1.86,3,130
26,20,1,Incrementalistas,1.86,3,128
26,20,2,Evolucionistas,2.76,4,128
26,20,3,Isolados,2.74,4,128
26,25,0,Empiristas,2.76,4,171
26,25,1,Incrementalistas,1.86,3,166
26,25,2,Evolucionistas,2.76,4,167
26,25,3,Isolados,2.74,4,169
26,30,0,Empiristas,2.76,4,213
26,30,1,Incrementalistas,2.76,4,210
26,30,2,Evolucionistas,2.76,4,210
26,30,3,Isolados,2.74,4,213
26,35,0,Empiristas,2.76,4,261
26,35,1,Incrementalistas,2.76,4,258
26,35,2,Evolucionistas,2.76,4,258
26,35,3,Isolados,2.74,4,261
26,40,0,Empiristas,2.76,4,313
26,40,1,Incrementalistas,2.76,4,312
26,40,2,Evolucionistas,2.76,4,311
26,40,3,Isolados,2.74,4,313
26,45,0,Empiristas,2.76,4,371
26,45,1,Incrementalistas,2.76,4,371
26,45,2,Evolucionistas,2.76,4,370
26,45,3,Isolados,3.7,5,372
26,50,0,Empiristas,3.72,5,436
26,50,1,Incrementalistas,2.76,4,434
26,50,2,Evolucionistas,3.72,5,432
26,50,3,Isolados,3.7,5,437
26,55,0,Empiristas,3.72,5,486
26,55,1,Incrementalistas,3.72,5,506
26,55,2,Evolucionistas,3.72,5,503
26,55,3,Isolados,3.7,5,507
26,60,0,Empiristas,3.72,5,524
26,60,1,Incrementalistas,3.72,5,584
26,60,2,Evolucionistas,3.72,5,581
26,60,3,Isolados,3.72,5,587
26,65,0,Empiristas,3.72,5,569
26,65,1,Incrementalistas,3.72,5,671
26,65,2,Evolucionistas,3.72,5,668
26,65,3,Isolados,3.72,5,673
26,70,0,Empiristas,3.72,5,618
26,70,1,Incrementalistas,3.72,5,766
26,70,2,Evolucionistas,3.72,5,766
26,70,3,Isolados,3.72,5,769
26,75,0,Empiristas,3.72,5,670
26,75,1,Incrementalistas,3.72,5,871
26,75,2,Evolucionistas,3.72,5,872
26,75,3,Isolados,3.72,5,875
26,80,0,Empiristas,3.72,5,775
26,80,1,Incrementalistas,3.72,5,989
26,80,2,Evolucionistas,3.72,5,989
26,80,3,Isolados,3.74,5,991
26,85,0,Empiristas,3.72,5,905
26,85,1,Incrementalistas,3.72,5,1118
26,85,2,Evolucionistas,3.72,5,1117
26,85,3,Isolados,3.74,5,1120
26,90,0,Empiristas,3.72,5,1047
26,90,1,Incrementalistas,3.72,5,1261
26,90,2,Evolucionistas,3.72,5,1261
26,90,3,Isolados,3.74,5,1262
26,95,0,Empiristas,3.72,5,1205
26,95,1,Incrementalistas,3.72,5,1420
26,95,2,Evolucionistas,3.72,5,1420
26,95,3,Isolados,3.74,5,1419
26,100,0,Empiristas,3.72,5,1379
26,100,1,Incrementalistas,3.72,5,1594
26,100,2,Evolucionistas,3.72,5,1595
26,100,3,Isolados,3.74,5,1591
26,105,0,Empiristas,3.72,5,1572
26,105,1,Incrementalistas,3.72,5,1786
26,105,2,Evolucionistas,3.72,5,1787
26,105,3,Isolados,3.74,5,1783
26,110,0,Empiristas,3.72,5,1784
26,110,1,Incrementalistas,3.72,5,1999
26,110,2,Evolucionistas,3.72,5,2000
26,110,3,Isolados,3.74,5,1996
26,115,0,Empiristas,3.72,5,2017
26,115,1,Incrementalistas,3.72,5,2234
26,115,2,Evolucionistas,3.72,5,2235
26,115,3,Isolados,3.74,5,2230
26,120,0,Empiristas,3.72,5,2275
26,120,1,Incrementalistas,3.72,5,2494
26,120,2,Evolucionistas,3.72,5,2494
26,120,3,Isolados,4.68,6,2489
26,125,0,Empiristas,3.72,5,2562
26,125,1,Incrementalistas,3.72,5,2780
26,125,2,Evolucionistas,3.72,5,2780
26,125,3,Isolados,4.68,6,2774
26,130,0,Empiristas,3.72,5,2878
26,130,1,Incrementalistas,3.72,5,3094
26,130,2,Evolucionistas,3.72,5,3096
26,130,3,Isolados,4.68,6,3087
26,135,0,Empiristas,3.72,5,3225
26,135,1,Incrementalistas,3.72,5,3444
26,135,2,Evolucionistas,3.72,5,3443
26,135,3,Isolados,4.68,6,3435
26,140,0,Empiristas,3.72,5,3609
26,140,1,Incrementalistas,3.72,5,3828
26,140,2,Evolucionistas,3.72,5,3827
26,140,3,Isolados,4.68,6,3821
26,145,0,Empiristas,3.72,5,4034
26,145,1,Incrementalistas,3.72,5,4254
26,145,2,Evolucionistas,3.72,5,4251
26,145,3,Isolados,4.68,6,4247
26,150,0,Empiristas,3.72,5,4503
26,150,1,Incrementalistas,3.72,5,4721
26,150,2,Evolucionistas,3.72,5,4719
26,150,3,Isolados,4.68,6,4716
26,155,0,Empiristas,3.72,5,5019
26,155,1,Incrementalistas,3.72,5,5238
26,155,2,Evolucionistas,3.72,5,5237
26,155,3,Isolados,4.68,6,5232
26,160,0,Empiristas,3.72,5,5589
26,160,1,Incrementalistas,3.72,5,5809
26,160,2,Evolucionistas,3.72,5,5809
26,160,3,Isolados,4.68,6,5804
26,165,0,Empiristas,3.72,5,6220
26,165,1,Incrementalistas,3.72,5,6440
26,165,2,Evolucionistas,3.72,5,6441
26,165,3,Isolados,4.68,6,6436
26,170,0,Empiristas,3.72,5,6915
26,170,1,Incrementalistas,3.72,5,7137
26,170,2,Evolucionistas,3.72,5,7138
26,170,3,Isolados,4.68,6,7134
26,175,0,Empiristas,3.72,5,7684
26,175,1,Incrementalistas,3.72,5,7907
26,175,2,Evolucionistas,3.72,5,7907
26,175,3,Isolados,4.68,6,7903
26,180,0,Empiristas,3.72,5,8532
26,180,1,Incrementalistas,3.72,5,8757
26,180,2,Evolucionistas,3.72,5,8756
26,180,3,Isolados,4.68,6,8752
26,185,0,Empiristas,3.72,5,9469
26,185,1,Incrementalistas,3.72,5,9693
26,185,2,Evolucionistas,3.72,5,9692
26,185,3,Isolados,4.68,6,9689
26,190,0,Empiristas,3.72,5,10502
26,190,1,Incrementalistas,3.72,5,10729
26,190,2,Evolucionistas,3.72,5,10727
26,190,3,Isolados,4.68,6,10724
26,195,0,Empiristas,3.72,5,11646
26,195,1,Incrementalistas,3.72,5,11873
26,195,2,Evolucionistas,3.72,5,11869
26,195,3,Isolados,4.68,6,11867
26,200,0,Empiristas,3.72,5,12906
26,200,1,Incrementalistas,3.72,5,13134
26,200,2,Evolucionistas,3.72,5,13131
26,200,3,Isolados,4.68,6,13130
26,205,0,Empiristas,3.72,5,14298
26,205,1,Incrementalistas,3.72,5,14525
26,205,2,Evolucionistas,3.72,5,14522
26,205,3,Isolados,4.68,6,14524
26,210,0,Empiristas,3.72,5,15834
26,210,1,Incrementalistas,3.72,5,16064
26,210,2,Evolucionistas,3.72,5,16061
26,210,3,Isolados,4.68,6,16061
26,215,0,Empiristas,3.74,5,17531
26,215,1,Incrementalistas,3.72,5,17762
26,215,2,Evolucionistas,3.72,5,17758
26,215,3,Isolados,4.68,6,17759
26,220,0,Empiristas,3.74,5,19405
26,220,1,Incrementalistas,3.72,5,19638
26,220,2,Evolucionistas,3.74,5,19633
26,220,3,Isolados,4.68,6,19633
26,225,0,Empiristas,3.74,5,21474
26,225,1,Incrementalistas,3.72,5,21708
26,225,2,Evolucionistas,3.74,5,21702
26,225,3,Isolados,4.68,6,21703
26,230,0,Empiristas,3.74,5,23758
26,230,1,Incrementalistas,3.74,5,23993
26,230,2,Evolucionistas,3.74,5,23988
26,230,3,Isolados,4.68,6,23988
26,235,0,Empiristas,3.74,5,26237
26,235,1,Incrementalistas,3.74,5,26473
26,235,2,Evolucionistas,3.74,5,26467
26,235,3,Isolados,4.68,6,26467
26,240,0,Empiristas,4.68,6,28737
26,240,1,Incrementalistas,4.68,6,28973
26,240,2,Evolucionistas,4.68,6,28967
26,240,3,Isolados,4.68,6,28967
26,245,0,Empiristas,4.68,6,31237
26,245,1,Incrementalistas,4.68,6,31473
26,245,2,Evolucionistas,4.68,6,31467
26,245,3,Isolados,4.68,6,31467
26,250,0,Empiristas,4.68,6,33737
26,250,1,Incrementalistas,4.68,6,33973
26,250,2,Evolucionistas,4.68,6,33967
26,250,3,Isolados,4.68,6,33967
26,255,0,Empiristas,4.68,6,36237
26,255,1,Incrementalistas,4.68,6,36473
26,255,2,Evolucionistas,4.68,6,36467
26,255,3,Isolados,4.68,6,36467
26,260,0,Empiristas,4.68,6,38737
26,260,1,Incrementalistas,4.68,6,38973
26,260,2,Evolucionistas,6.72,8,38967
26,260,3,Isolados,4.68,6,38967
26,265,0,Empiristas,4.68,6,41237
26,265,1,Incrementalistas,6.72,8,41473
26,265,2,Evolucionistas,6.72,8,41467
26,265,3,Isolados,4.68,6,41467
26,270,0,Empiristas,6.72,8,43737
26,270,1,Incrementalistas,6.72,8,43973
26,270,2,Evolucionistas,6.72,8,43967
26,270,3,Isolados,4.68,6,43967
26,275,0,Empiristas,6.72,8,46237
26,275,1,Incrementalistas,6.72,8,46473
26,275,2,Evolucionistas,6.72,8,46467
26,275,3,Isolados,4.68,6,46467
26,280,0,Empiristas,6.72,8,48737
26,280,1,Incrementalistas,6.72,8,48973
26,280,2,Evolucionistas,6.72,8,48967
26,280,3,Isolados,4.68,6,48967
26,285,0,Empiristas,6.72,8,51237
26,285,1,Incrementalistas,6.72,8,51473
26,285,2,Evolucionistas,6.72,8,51467
26,285,3,Isolados,4.68,6,51467
26,290,0,Empiristas,6.72,8,53737
26,290,1,Incrementalistas,6.72,8,53973
26,290,2,Evolucionistas,6.72,8,53967
26,290,3,Isolados,4.68,6,53967
26,295,0,Empiristas,6.72,8,56237
26,295,1,Incrementalistas,6.72,8,56473
26,295,2,Evolucionistas,6.72,8,56467
26,295,3,Isolados,4.68,6,56467
26,300,0,Empiristas,6.72,8,58737
26,300,1,Incrementalistas,6.72,8,58973
26,300,2,Evolucionistas,6.72,8,58967
26,300,3,Isolados,4.68,6,58967
27,0,0,Empiristas,0.9,2,5
27,0,1,Incrementalistas,0.9,1,5
27,0,2,Evolucionistas,0.9,2,5
27,0,3,Isolados,0.94,2,5
27,5,0,Empiristas,0.92,2,32
27,5,1,Incrementalistas,0.9,2,32
27,5,2,Evolucionistas,0.92,2,31
27,5,3,Isolados,0.94,2,31
27,10,0,Empiristas,0.94,2,61
27,10,1,Incrementalistas,0.94,2,62
27,10,2,Evolucionistas,0.94,2,60
27,10,3,Isolados,0.94,2,59
27,15,0,Empiristas,0.94,2,94
27,15,1,Incrementalistas,0.94,2,93
27,15,2,Evolucionistas,0.94,2,92
27,15,3,Isolados,0.94,2,93
27,20,0,Empiristas,1.76,3,131
27,20,1,Incrementalistas,0.94,2,128
27,20,2,Evolucionistas,0.94,2,128
27,20,3,Isolados,0.94,2,129
27,25,0,Empiristas,1.76,3,171
27,25,1,Incrementalistas,1.76,3,167
27,25,2,Evolucionistas,1.76,3,167
27,25,3,Isolados,0.94,2,169
27,30,0,Empiristas,1.78,3,214
27,30,1,Incrementalistas,1.78,3,209
27,30,2,Evolucionistas,2.78,4,210
27,30,3,Isolados,0.94,2,213
27,35,0,Empiristas,1.78,3,263
27,35,1,Incrementalistas,2.8,4,257
27,35,2,Evolucionistas,2.8,4,259
27,35,3,Isolados,0.94,2,259
27,40,0,Empiristas,2.8,4,314
27,40,1,Incrementalistas,2.8,4,312
27,40,2,Evolucionistas,2.8,4,311
27,40,3,Isolados,0.94,2,312
27,45,0,Empiristas,2.8,4,371
27,45,1,Incrementalistas,2.8,4,372
27,45,2,Evolucionistas,2.8,4,370
27,45,3,Isolados,0.94,2,369
27,50,0,Empiristas,2.8,4,434
27,50,1,Incrementalistas,2.8,4,436
27,50,2,Evolucionistas,2.8,4,436
27,50,3,Isolados,0.94,2,435
27,55,0,Empiristas,2.8,4,504
27,55,1,Incrementalistas,2.8,4,509
27,55,2,Evolucionistas,2.8,4,509
27,55,3,Isolados,0.94,2,508
27,60,0,Empiristas,2.82,4,583
27,60,1,Incrementalistas,2.82,4,589
27,60,2,Evolucionistas,2.82,4,588
27,60,3,Isolados,0.94,2,588
27,65,0,Empiristas,2.82,4,670
27,65,1,Incrementalistas,2.82,4,677
27,65,2,Evolucionistas,2.82,4,675
27,65,3,Isolados,0.94,2,676
27,70,0,Empiristas,2.82,4,766
27,70,1,Incrementalistas,2.82,4,773
27,70,2,Evolucionistas,2.82,4,771
27,70,3,Isolados,0.94,2,771
27,75,0,Empiristas,2.82,4,873
27,75,1,Incrementalistas,2.82,4,879
27,75,2,Evolucionistas,2.82,4,878
27,75,3,Isolados,0.94,2,877
27,80,0,Empiristas,2.82,4,991
27,80,1,Incrementalistas,2.82,4,995
27,80,2,Evolucionistas,2.82,4,995
27,80,3,Isolados,0.94,2,992
27,85,0,Empiristas,2.82,4,1120
27,85,1,Incrementalistas,2.82,4,1125
27,85,2,Evolucionistas,2.82,4,1124
27,85,3,Isolados,1.8,3,1121
27,90,0,Empiristas,2.82,4,1262
27,90,1,Incrementalistas,2.82,4,1268
27,90,2,Evolucionistas,2.82,4,1266
27,90,3,Isolados,2.72,4,1262
27,95,0,Empiristas,2.82,4,1418
27,95,1,Incrementalistas,2.82,4,1425
27,95,2,Evolucionistas,2.82,4,1423
27,95,3,Isolados,2.74,4,1419
27,100,0,Empiristas,2.82,4,1591
27,100,1,Incrementalistas,2.82,4,1600
27,100,2,Evolucionistas,2.82,4,1597
27,100,3,Isolados,3.72,5,1593
27,105,0,Empiristas,2.82,4,1782
27,105,1,Incrementalistas,2.82,4,1791
27,105,2,Evolucionistas,2.82,4,1790
27,105,3,Isolados,3.72,5,1786
27,110,0,Empiristas,2.82,4,1993
27,110,1,Incrementalistas,2.82,4,2003
27,110,2,Evolucionistas,2.82,4,2000
27,110,3,Isolados,3.72,5,1998
27,115,0,Empiristas,2.82,4,2227
27,115,1,Incrementalistas,2.82,4,2238
27,115,2,Evolucionistas,2.82,4,2234
27,115,3,Isolados,3.74,5,2232
27,120,0,Empiristas,2.82,4,2485
27,120,1,Incrementalistas,2.82,4,2495
27,120,2,Evolucionistas,2.82,4,2492
27,120,3,Isolados,3.74,5,2492
27,125,0,Empiristas,2.82,4,2772
27,125,1,Incrementalistas,2.82,4,2780
27,125,2,Evolucionistas,2.82,4,2778
27,125,3,Isolados,3.74,5,2779
27,130,0,Empiristas,2.82,4,3087
27,130,1,Incrementalistas,2.82,4,3095
27,130,2,Evolucionistas,2.82,4,3091
27,130,3,Isolados,3.74,5,3094
27,135,0,Empiristas,2.82,4,3434
27,135,1,Incrementalistas,2.82,4,3444
27,135,2,Evolucionistas,2.82,4,3439
27,135,3,Isolados,3.74,5,3443
27,140,0,Empiristas,2.82,4,3818
27,140,1,Incrementalistas,2.82,4,3828
27,140,2,Evolucionistas,2.82,4,3823
27,140,3,Isolados,3.74,5,3828
27,145,0,Empiristas,2.82,4,4241
27,145,1,Incrementalistas,2.82,4,4252
27,145,2,Evolucionistas,2.82,4,4247
27,145,3,Isolados,3.74,5,4251
27,150,0,Empiristas,2.82,4,4709
27,150,1,Incrementalistas,2.82,4,4721
27,150,2,Evolucionistas,2.82,4,4717
27,150,3,Isolados,3.74,5,4720
27,155,0,Empiristas,2.82,4,5225
27,155,1,Incrementalistas,2.82,4,5240
27,155,2,Evolucionistas,2.82,4,5233
27,155,3,Isolados,3.74,5,5239
27,160,0,Empiristas,2.82,4,5797
27,160,1,Incrementalistas,2.82,4,5811
27,160,2,Evolucionistas,2.82,4,5804
27,160,3,Isolados,3.74,5,5810
27,165,0,Empiristas,2.82,4,6426
27,165,1,Incrementalistas,2.82,4,6441
27,165,2,Evolucionistas,2.82,4,6433
27,165,3,Isolados,3.74,5,6441
27,170,0,Empiristas,2.82,4,7123
27,170,1,Incrementalistas,2.82,4,7137
27,170,2,Evolucionistas,2.82,4,7130
27,170,3,Isolados,3.74,5,7137
27,175,0,Empiristas,2.82,4,7893
27,175,1,Incrementalistas,2.82,4,7906
27,175,2,Evolucionistas,2.82,4,7898
27,175,3,Isolados,3.74,5,7907
27,180,0,Empiristas,2.82,4,8742
27,180,1,Incrementalistas,2.82,4,8757
27,180,2,Evolucionistas,2.82,4,8748
27,180,3,Isolados,3.74,5,8755
27,185,0,Empiristas,2.82,4,9680
27,185,1,Incrementalistas,2.82,4,9694
27,185,2,Evolucionistas,2.82,4,9686
27,185,3,Isolados,3.74,5,9692
27,190,0,Empiristas,2.82,4,10715
27,190,1,Incrementalistas,2.82,4,10730
27,190,2,Evolucionistas,2.82,4,10721
27,190,3,Isolados,3.74,5,10727
27,195,0,Empiristas,2.82,4,11857
27,195,1,Incrementalistas,2.82,4,11872
27,195,2,Evolucionistas,2.82,4,11864
27,195,3,Isolados,3.74,5,11870
27,200,0,Empiristas,2.82,4,13117
27,200,1,Incrementalistas,2.82,4,13135
27,200,2,Evolucionistas,2.82,4,13124
27,200,3,Isolados,3.74,5,13133
27,205,0,Empiristas,2.82,4,14510
27,205,1,Incrementalistas,2.82,4,14529
27,205,2,Evolucionistas,2.82,4,14517
27,205,3,Isolados,3.74,5,14526
27,210,0,Empiristas,2.82,4,16049
27,210,1,Incrementalistas,2.82,4,15751
27,210,2,Evolucionistas,2.82,4,16055
27,210,3,Isolados,3.74,5,16063
27,215,0,Empiristas,2.82,4,17747
27,215,1,Incrementalistas,2.82,4,16600
27,215,2,Evolucionistas,2.82,4,17753
27,215,3,Isolados,3.74,5,17760
27,220,0,Empiristas,2.82,4,19623
27,220,1,Incrementalistas,2.82,4,17537
27,220,2,Evolucionistas,2.82,4,19628
27,220,3,Isolados,3.74,5,19634
27,225,0,Empiristas,5.74,5,21692
27,225,1,Incrementalistas,2.82,4,18571
27,225,2,Evolucionistas,5.74,5,21699
27,225,3,Isolados,3.74,5,21705
27,230,0,Empiristas,6.68,6,23977
27,230,1,Incrementalistas,5.78,5,19713
27,230,2,Evolucionistas,5.78,5,23984
27,230,3,Isolados,3.74,5,23991
27,235,0,Empiristas,6.72,6,26456
27,235,1,Incrementalistas,6.72,6,21702
27,235,2,Evolucionistas,6.72,6,26464
27,235,3,Isolados,3.74,5,26471
27,240,0,Empiristas,6.72,6,28956
27,240,1,Incrementalistas,6.72,6,24202
27,240,2,Evolucionistas,6.72,6,28964
27,240,3,Isolados,3.74,5,28971
27,245,0,Empiristas,6.72,6,31456
27,245,1,Incrementalistas,6.72,6,26702
27,245,2,Evolucionistas,6.72,6,31464
27,245,3,Isolados,3.74,5,31471
27,250,0,Empiristas,6.72,6,33956
27,250,1,Incrementalistas,6.72,6,29202
27,250,2,Evolucionistas,6.72,6,33964
27,250,3,Isolados,3.74,5,33971
27,255,0,Empiristas,6.72,6,36456
27,255,1,Incrementalistas,6.72,6,31702
27,255,2,Evolucionistas,6.72,6,36464
27,255,3,Isolados,3.74,5,36471
27,260,0,Empiristas,6.72,6,38956
27,260,1,Incrementalistas,6.72,6,34202
27,260,2,Evolucionistas,6.72,6,38964
27,260,3,Isolados,3.74,5,38971
27,265,0,Empiristas,6.72,6,41456
27,265,1,Incrementalistas,6.72,6,36702
27,265,2,Evolucionistas,6.72,6,41464
27,265,3,Isolados,3.74,5,41471
27,270,0,Empiristas,6.72,6,43956
27,270,1,Incrementalistas,6.72,6,39202
27,270,2,Evolucionistas,6.72,6,43964
27,270,3,Isolados,3.74,5,43971
27,275,0,Empiristas,6.72,6,46456
27,275,1,Incrementalistas,6.72,6,41702
27,275,2,Evolucionistas,6.72,6,46464
27,275,3,Isolados,3.74,5,46471
27,280,0,Empiristas,6.72,6,48956
27,280,1,Incrementalistas,6.72,6,44202
27,280,2,Evolucionistas,6.72,6,48964
27,280,3,Isolados,3.74,5,48971
27,285,0,Empiristas,6.72,6,51456
27,285,1,Incrementalistas,6.72,6,46702
27,285,2,Evolucionistas,6.72,6,51464
27,285,3,Isolados,3.74,5,51471
27,290,0,Empiristas,6.72,6,53956
27,290,1,Incrementalistas,6.72,6,49202
27,290,2,Evolucionistas,6.72,6,53964
27,290,3,Isolados,3.74,5,53971
27,295,0,Empiristas,6.72,6,56456
27,295,1,Incrementalistas,6.72,6,51702
27,295,2,Evolucionistas,6.72,6,56464
27,295,3,Isolados,3.74,5,56471
27,300,0,Empiristas,6.72,6,58956
27,300,1,Incrementalistas,6.72,6,54202
27,300,2,Evolucionistas,6.72,6,58964
27,300,3,Isolados,3.74,5,58971
28,0,0,Empiristas,0.92,2,5
28,0,1,Incrementalistas,-0.02,1,5
28,0,2,Evolucionistas,-0.02,1,5
28,0,3,Isolados,-0.02,1,5
28,5,0,Empiristas,1.76,3,32
28,5,1,Incrementalistas,0.94,2,32
28,5,2,Evolucionistas,1.76,3,31
28,5,3,Isolados,0.94,2,34
28,10,0,Empiristas,1.76,3,61
28,10,1,Incrementalistas,1.84,3,61
28,10,2,Evolucionistas,1.84,3,61
28,10,3,Isolados,1.84,3,64
28,15,0,Empiristas,1.84,3,94
28,15,1,Incrementalistas,1.84,3,92
28,15,2,Evolucionistas,1.84,3,95
28,15,3,Isolados,1.84,3,97
28,20,0,Empiristas,1.84,3,132
28,20,1,Incrementalistas,1.88,3,128
28,20,2,Evolucionistas,1.88,3,130
28,20,3,Isolados,1.84,3,133
28,25,0,Empiristas,2.76,4,171
28,25,1,Incrementalistas,2.76,4,167
28,25,2,Evolucionistas,2.76,4,170
28,25,3,Isolados,1.84,3,173
28,30,0,Empiristas,2.78,4,214
28,30,1,Incrementalistas,2.78,4,211
28,30,2,Evolucionistas,2.76,4,214
28,30,3,Isolados,1.86,3,216
28,35,0,Empiristas,2.78,4,263
28,35,1,Incrementalistas,2.78,4,259
28,35,2,Evolucionistas,2.76,4,261
28,35,3,Isolados,1.86,3,265
28,40,0,Empiristas,2.8,4,318
28,40,1,Incrementalistas,2.8,4,312
28,40,2,Evolucionistas,2.76,4,314
28,40,3,Isolados,1.86,3,319
28,45,0,Empiristas,2.8,4,376
28,45,1,Incrementalistas,2.8,4,370
28,45,2,Evolucionistas,2.76,4,371
28,45,3,Isolados,2.78,4,379
28,50,0,Empiristas,2.8,4,439
28,50,1,Incrementalistas,2.8,4,434
28,50,2,Evolucionistas,2.8,4,434
28,50,3,Isolados,2.78,4,444
28,55,0,Empiristas,2.8,4,509
28,55,1,Incrementalistas,2.82,4,506
28,55,2,Evolucionistas,2.8,4,504
28,55,3,Isolados,2.78,4,516
28,60,0,Empiristas,2.82,4,589
28,60,1,Incrementalistas,2.82,4,586
28,60,2,Evolucionistas,2.82,4,583
28,60,3,Isolados,2.78,4,596
28,65,0,Empiristas,2.82,4,676
28,65,1,Incrementalistas,2.82,4,673
28,65,2,Evolucionistas,2.82,4,671
28,65,3,Isolados,2.8,4,683
28,70,0,Empiristas,2.82,4,773
28,70,1,Incrementalistas,2.82,4,770
28,70,2,Evolucionistas,2.82,4,767
28,70,3,Isolados,2.8,4,779
28,75,0,Empiristas,2.82,4,877
28,75,1,Incrementalistas,2.82,4,878
28,75,2,Evolucionistas,2.82,4,874
28,75,3,Isolados,2.8,4,887
28,80,0,Empiristas,2.82,4,994
28,80,1,Incrementalistas,2.82,4,997
28,80,2,Evolucionistas,2.82,4,992
28,80,3,Isolados,2.8,4,1004
28,85,0,Empiristas,2.82,4,1123
28,85,1,Incrementalistas,2.82,4,1126
28,85,2,Evolucionistas,2.82,4,1119
28,85,3,Isolados,2.82,4,1132
28,90,0,Empiristas,2.82,4,1267
28,90,1,Incrementalistas,2.82,4,1270
28,90,2,Evolucionistas,2.82,4,1262
28,90,3,Isolados,2.82,4,1275
28,95,0,Empiristas,2.82,4,1425
28,95,1,Incrementalistas,2.82,4,1428
28,95,2,Evolucionistas,2.82,4,1419
28,95,3,Isolados,2.82,4,1432
28,100,0,Empiristas,2.82,4,1599
28,100,1,Incrementalistas,2.82,4,1601
28,100,2,Evolucionistas,2.82,4,1594
28,100,3,Isolados,2.82,4,1606
28,105,0,Empiristas,2.82,4,1793
28,105,1,Incrementalistas,2.82,4,1795
28,105,2,Evolucionistas,2.82,4,1786
28,105,3,Isolados,2.82,4,1798
28,110,0,Empiristas,2.82,4,2006
28,110,1,Incrementalistas,2.82,4,2006
28,110,2,Evolucionistas,2.82,4,1998
28,110,3,Isolados,2.82,4,2010
28,115,0,Empiristas,2.82,4,2239
28,115,1,Incrementalistas,2.82,4,2241
28,115,2,Evolucionistas,2.82,4,2233
28,115,3,Isolados,2.82,4,2245
28,120,0,Empiristas,2.82,4,2498
28,120,1,Incrementalistas,2.82,4,2500
28,120,2,Evolucionistas,2.82,4,2493
28,120,3,Isolados,2.82,4,2505
28,125,0,Empiristas,2.82,4,2783
28,125,1,Incrementalistas,2.82,4,2787
28,125,2,Evolucionistas,2.82,4,2779
28,125,3,Isolados,2.82,4,2791
28,130,0,Empiristas,2.82,4,3099
28,130,1,Incrementalistas,2.82,4,3103
28,130,2,Evolucionistas,2.82,4,3093
28,130,3,Isolados,2.82,4,3106
28,135,0,Empiristas,2.82,4,3448
28,135,1,Incrementalistas,2.82,4,3450
28,135,2,Evolucionistas,3.72,5,3440
28,135,3,Isolados,2.82,4,3455
28,140,0,Empiristas,2.82,4,3832
28,140,1,Incrementalistas,3.72,5,3835
28,140,2,Evolucionistas,3.72,5,3824
28,140,3,Isolados,2.82,4,3839
28,145,0,Empiristas,2.82,4,4257
28,145,1,Incrementalistas,3.72,5,4260
28,145,2,Evolucionistas,3.72,5,4248
28,145,3,Isolados,2.82,4,4264
28,150,0,Empiristas,3.72,5,4725
28,150,1,Incrementalistas,3.72,5,4728
28,150,2,Evolucionistas,3.72,5,4717
28,150,3,Isolados,2.82,4,4732
28,155,0,Empiristas,3.72,5,5242
28,155,1,Incrementalistas,3.72,5,5247
28,155,2,Evolucionistas,3.72,5,5236
28,155,3,Isolados,2.82,4,5249
28,160,0,Empiristas,3.72,5,5813
28,160,1,Incrementalistas,3.72,5,5819
28,160,2,Evolucionistas,3.72,5,5807
28,160,3,Isolados,2.82,4,5822
28,165,0,Empiristas,3.72,5,6442
28,165,1,Incrementalistas,3.72,5,6449
28,165,2,Evolucionistas,3.72,5,6438
28,165,3,Isolados,2.82,4,6452
28,170,0,Empiristas,3.72,5,7137
28,170,1,Incrementalistas,3.72,5,7145
28,170,2,Evolucionistas,3.72,5,7136
28,170,3,Isolados,2.82,4,7148
28,175,0,Empiristas,3.72,5,7907
28,175,1,Incrementalistas,3.72,5,7913
28,175,2,Evolucionistas,3.72,5,7904
28,175,3,Isolados,2.82,4,7918
28,180,0,Empiristas,3.72,5,8757
28,180,1,Incrementalistas,3.72,5,8763
28,180,2,Evolucionistas,3.72,5,8752
28,180,3,Isolados,2.82,4,8766
28,185,0,Empiristas,3.72,5,9696
28,185,1,Incrementalistas,3.72,5,9701
28,185,2,Evolucionistas,3.72,5,9690
28,185,3,Isolados,2.82,4,9703
28,190,0,Empiristas,3.72,5,10730
28,190,1,Incrementalistas,3.72,5,10735
28,190,2,Evolucionistas,3.72,5,10724
28,190,3,Isolados,2.82,4,10740
28,195,0,Empiristas,3.72,5,11873
28,195,1,Incrementalistas,3.72,5,11877
28,195,2,Evolucionistas,3.72,5,11868
28,195,3,Isolados,2.82,4,11883
28,200,0,Empiristas,3.72,5,13136
28,200,1,Incrementalistas,3.72,5,13138
28,200,2,Evolucionistas,3.72,5,13130
28,200,3,Isolados,2.82,4,13144
28,205,0,Empiristas,3.72,5,14528
28,205,1,Incrementalistas,3.72,5,14531
28,205,2,Evolucionistas,3.72,5,14524
28,205,3,Isolados,2.82,4,14537
28,210,0,Empiristas,5.7,6,16065
28,210,1,Incrementalistas,3.72,5,16069
28,210,2,Evolucionistas,3.72,5,16061
28,210,3,Isolados,2.82,4,16073
28,215,0,Empiristas,5.78,6,17762
28,215,1,Incrementalistas,3.72,5,17766
28,215,2,Evolucionistas,3.72,5,17073
28,215,3,Isolados,2.82,4,17773
28,220,0,Empiristas,5.78,6,19638
28,220,1,Incrementalistas,5.78,6,19641
28,220,2,Evolucionistas,3.72,5,18011
28,220,3,Isolados,2.82,4,19649
28,225,0,Empiristas,5.78,6,21708
28,225,1,Incrementalistas,5.78,6,21711
28,225,2,Evolucionistas,5.78,6,19045
28,225,3,Isolados,2.82,4,21719
28,230,0,Empiristas,5.78,6,23993
28,230,1,Incrementalistas,5.78,6,23998
28,230,2,Evolucionistas,5.78,6,20188
28,230,3,Isolados,2.82,4,24006
28,235,0,Empiristas,5.78,6,26472
28,235,1,Incrementalistas,5.78,6,26478
28,235,2,Evolucionistas,5.78,6,21427
28,235,3,Isolados,2.82,4,26486
28,240,0,Empiristas,5.78,6,28972
28,240,1,Incrementalistas,5.78,6,28978
28,240,2,Evolucionistas,5.78,6,23927
28,240,3,Isolados,2.82,4,28986
28,245,0,Empiristas,5.78,6,31472
28,245,1,Incrementalistas,5.78,6,31478
28,245,2,Evolucionistas,5.78,6,26427
28,245,3,Isolados,2.82,4,31486
28,250,0,Empiristas,5.78,6,33972
28,250,1,Incrementalistas,5.78,6,33978
28,250,2,Evolucionistas,5.78,6,28927
28,250,3,Isolados,2.82,4,33986
28,255,0,Empiristas,5.78,6,36472
28,255,1,Incrementalistas,5.78,6,36478
28,255,2,Evolucionistas,5.78,6,31427
28,255,3,Isolados,2.82,4,36486
28,260,0,Empiristas,6.72,7,38972
28,260,1,Incrementalistas,6.72,7,38978
28,260,2,Evolucionistas,5.78,6,33927
28,260,3,Isolados,2.82,4,38986
28,265,0,Empiristas,6.72,7,41472
28,265,1,Incrementalistas,6.72,7,41478
28,265,2,Evolucionistas,6.72,7,36427
28,265,3,Isolados,2.82,4,41486
28,270,0,Empiristas,6.72,7,43972
28,270,1,Incrementalistas,6.72,7,43978
28,270,2,Evolucionistas,6.72,7,38927
28,270,3,Isolados,2.82,4,43986
28,275,0,Empiristas,6.72,7,46472
28,275,1,Incrementalistas,6.72,7,46478
28,275,2,Evolucionistas,6.72,7,41427
28,275,3,Isolados,2.82,4,46486
28,280,0,Empiristas,6.72,7,48972
28,280,1,Incrementalistas,6.72,7,48978
28,280,2,Evolucionistas,6.72,7,43927
28,280,3,Isolados,2.82,4,48986
28,285,0,Empiristas,6.72,7,51472
28,285,1,Incrementalistas,6.72,7,51478
28,285,2,Evolucionistas,6.72,7,46427
28,285,3,Isolados,2.82,4,51486
28,290,0,Empiristas,6.72,7,53972
28,290,1,Incrementalistas,6.72,7,53978
28,290,2,Evolucionistas,6.72,7,48927
28,290,3,Isolados,2.82,4,53986
28,295,0,Empiristas,6.72,7,56472
28,295,1,Incrementalistas,6.72,7,56478
28,295,2,Evolucionistas,6.72,7,51427
28,295,3,Isolados,2.82,4,56486
28,300,0,Empiristas,6.72,7,58972
28,300,1,Incrementalistas,6.72,7,58978
28,300,2,Evolucionistas,6.72,7,53927
28,300,3,Isolados,2.82,4,58986
29,0,0,Empiristas,0.92,2,5
29,0,1,Incrementalistas,0.84,2,5
29,0,2,Evolucionistas,0.94,2,5
29,0,3,Isolados,1.88,2,5
29,5,0,Empiristas,0.94,2,31
29,5,1,Incrementalistas,0.94,2,33
29,5,2,Evolucionistas,0.94,2,31
29,5,3,Isolados,1.88,3,33
29,10,0,Empiristas,1.88,3,60
29,10,1,Incrementalistas,1.88,3,61
29,10,2,Evolucionistas,1.86,3,61
29,10,3,Isolados,1.88,3,62
29,15,0,Empiristas,1.88,3,92
29,15,1,Incrementalistas,1.88,1,93
29,15,2,Evolucionistas,1.86,3,93
29,15,3,Isolados,1.88,3,94
29,20,0,Empiristas,1.88,3,128
29,20,1,Incrementalistas,1.88,3,111
29,20,2,Evolucionistas,1.88,3,128
29,20,3,Isolados,1.88,3,129
29,25,0,Empiristas,1.88,3,168
29,25,1,Incrementalistas,1.88,3,132
29,25,2,Evolucionistas,1.88,3,167
29,25,3,Isolados,1.88,3,169
29,30,0,Empiristas,1.88,3,212
29,30,1,Incrementalistas,1.88,3,154
29,30,2,Evolucionistas,1.88,3,210
29,30,3,Isolados,1.88,3,213
29,35,0,Empiristas,1.88,3,261
29,35,1,Incrementalistas,1.88,3,177
29,35,2,Evolucionistas,1.88,3,258
29,35,3,Isolados,1.88,3,261
29,40,0,Empiristas,1.88,3,314
29,40,1,Incrementalistas,1.88,3,210
29,40,2,Evolucionistas,1.88,3,311
29,40,3,Isolados,1.88,3,314
29,45,0,Empiristas,1.88,3,372
29,45,1,Incrementalistas,1.88,3,269
29,45,2,Evolucionistas,1.88,3,369
29,45,3,Isolados,1.88,3,372
29,50,0,Empiristas,1.88,3,436
29,50,1,Incrementalistas,1.88,3,332
29,50,2,Evolucionistas,1.88,3,432
29,50,3,Isolados,1.88,3,436
29,55,0,Empiristas,1.88,3,507
29,55,1,Incrementalistas,1.88,3,388
29,55,2,Evolucionistas,1.88,3,504
29,55,3,Isolados,1.88,3,507
29,60,0,Empiristas,1.88,3,586
29,60,1,Incrementalistas,1.88,3,427
29,60,2,Evolucionistas,1.88,3,583
29,60,3,Isolados,1.88,3,587
29,65,0,Empiristas,2.8,4,674
29,65,1,Incrementalistas,2.8,4,471
29,65,2,Evolucionistas,1.88,3,670
29,65,3,Isolados,1.88,3,673
29,70,0,Empiristas,2.8,4,770
29,70,1,Incrementalistas,2.8,4,518
29,70,2,Evolucionistas,2.82,4,765
29,70,3,Isolados,1.88,3,748
29,75,0,Empiristas,2.8,4,877
29,75,1,Incrementalistas,2.8,4,569
29,75,2,Evolucionistas,2.82,4,871
29,75,3,Isolados,1.88,3,802
29,80,0,Empiristas,2.82,4,993
29,80,1,Incrementalistas,2.82,4,664
29,80,2,Evolucionistas,2.82,4,988
29,80,3,Isolados,1.88,3,860
29,85,0,Empiristas,2.82,4,1123
29,85,1,Incrementalistas,2.82,4,794
29,85,2,Evolucionistas,2.82,4,1118
29,85,3,Isolados,1.88,3,926
29,90,0,Empiristas,2.82,4,1265
29,90,1,Incrementalistas,2.82,4,937
29,90,2,Evolucionistas,2.82,4,1260
29,90,3,Isolados,2.78,4,996
29,95,0,Empiristas,2.82,4,1424
29,95,1,Incrementalistas,2.82,4,1094
29,95,2,Evolucionistas,2.82,4,1416
29,95,3,Isolados,2.78,4,1123
29,100,0,Empiristas,2.82,4,1597
29,100,1,Incrementalistas,2.82,4,1268
29,100,2,Evolucionistas,2.82,4,1590
29,100,3,Isolados,2.82,4,1298
29,105,0,Empiristas,6.7,5,1789
29,105,1,Incrementalistas,6.7,5,1460
29,105,2,Evolucionistas,2.82,4,1783
29,105,3,Isolados,3.7,5,1490
29,110,0,Empiristas,6.7,6,1999
29,110,1,Incrementalistas,6.72,5,1672
29,110,2,Evolucionistas,6.72,5,1997
29,110,3,Isolados,3.72,5,1704
29,115,0,Empiristas,6.72,6,2233
29,115,1,Incrementalistas,6.72,6,1906
29,115,2,Evolucionistas,6.72,6,2232
29,115,3,Isolados,3.72,5,1938
29,120,0,Empiristas,6.72,6,2491
29,120,1,Incrementalistas,6.72,6,2165
29,120,2,Evolucionistas,6.72,6,2491
29,120,3,Isolados,3.72,5,2197
29,125,0,Empiristas,6.72,6,2777
29,125,1,Incrementalistas,6.72,6,2450
29,125,2,Evolucionistas,6.72,6,2776
29,125,3,Isolados,3.72,5,2483
29,130,0,Empiristas,6.72,6,3092
29,130,1,Incrementalistas,6.72,6,2766
29,130,2,Evolucionistas,6.72,6,3092
29,130,3,Isolados,3.72,5,2798
29,135,0,Empiristas,6.72,6,3439
29,135,1,Incrementalistas,6.72,6,3114
29,135,2,Evolucionistas,6.72,6,3440
29,135,3,Isolados,3.72,5,3146
29,140,0,Empiristas,6.72,6,3823
29,140,1,Incrementalistas,6.72,6,3498
29,140,2,Evolucionistas,6.72,6,3824
29,140,3,Isolados,3.72,5,3530
29,145,0,Empiristas,6.72,6,4246
29,145,1,Incrementalistas,6.72,6,3923
29,145,2,Evolucionistas,6.72,6,4249
29,145,3,Isolados,3.72,5,3954
29,150,0,Empiristas,6.72,6,4714
29,150,1,Incrementalistas,6.72,6,4393
29,150,2,Evolucionistas,6.72,6,4719
29,150,3,Isolados,3.72,5,4421
29,155,0,Empiristas,6.72,6,5230
29,155,1,Incrementalistas,6.72,6,4910
29,155,2,Evolucionistas,6.72,6,5235
29,155,3,Isolados,3.72,5,4939
29,160,0,Empiristas,6.72,6,5802
29,160,1,Incrementalistas,6.72,6,5480
29,160,2,Evolucionistas,6.72,6,5807
29,160,3,Isolados,3.72,5,5508
29,165,0,Empiristas,6.72,6,6433
29,165,1,Incrementalistas,6.72,6,6111
29,165,2,Evolucionistas,6.72,6,6437
29,165,3,Isolados,3.72,5,6138
29,170,0,Empiristas,6.72,6,7130
29,170,1,Incrementalistas,6.72,6,6809
29,170,2,Evolucionistas,6.72,6,7134
29,170,3,Isolados,3.72,5,6834
29,175,0,Empiristas,6.72,6,7899
29,175,1,Incrementalistas,6.72,6,7577
29,175,2,Evolucionistas,6.72,6,7903
29,175,3,Isolados,3.72,5,7602
29,180,0,Empiristas,6.72,6,8746
29,180,1,Incrementalistas,6.72,6,8426
29,180,2,Evolucionistas,6.72,6,8751
29,180,3,Isolados,3.72,5,8454
29,185,0,Empiristas,6.72,6,9682
29,185,1,Incrementalistas,6.72,6,9363
29,185,2,Evolucionistas,6.72,6,9687
29,185,3,Isolados,3.72,5,9392
29,190,0,Empiristas,6.72,6,10718
29,190,1,Incrementalistas,6.72,6,10397
29,190,2,Evolucionistas,6.72,6,10723
29,190,3,Isolados,3.72,5,10426
29,195,0,Empiristas,6.72,6,11860
29,195,1,Incrementalistas,6.72,6,11538
29,195,2,Evolucionistas,6.72,6,11866
29,195,3,Isolados,3.72,5,11569
29,200,0,Empiristas,6.72,6,13122
29,200,1,Incrementalistas,6.72,6,12798
29,200,2,Evolucionistas,6.72,6,13127
29,200,3,Isolados,3.72,5,12831
29,205,0,Empiristas,6.72,6,14515
29,205,1,Incrementalistas,6.72,6,14190
29,205,2,Evolucionistas,6.72,6,14520
29,205,3,Isolados,3.72,5,14225
29,210,0,Empiristas,6.72,6,16053
29,210,1,Incrementalistas,6.72,6,15726
29,210,2,Evolucionistas,6.72,6,16056
29,210,3,Isolados,3.72,5,15294
29,215,0,Empiristas,6.72,6,17751
29,215,1,Incrementalistas,6.72,6,17424
29,215,2,Evolucionistas,6.72,6,17753
29,215,3,Isolados,3.72,5,16142
29,220,0,Empiristas,6.72,6,19627
29,220,1,Incrementalistas,6.72,6,19298
29,220,2,Evolucionistas,6.72,6,19628
29,220,3,Isolados,3.72,5,17079
29,225,0,Empiristas,6.72,6,21697
29,225,1,Incrementalistas,6.72,6,21368
29,225,2,Evolucionistas,6.72,6,21698
29,225,3,Isolados,3.72,5,18114
29,230,0,Empiristas,6.72,6,23981
29,230,1,Incrementalistas,6.72,6,23654
29,230,2,Evolucionistas,6.72,6,23983
29,230,3,Isolados,3.72,5,19258
29,235,0,Empiristas,6.72,6,26461
29,235,1,Incrementalistas,6.72,6,26133
29,235,2,Evolucionistas,6.72,6,26463
29,235,3,Isolados,3.72,5,21495
29,240,0,Empiristas,6.72,6,28961
29,240,1,Incrementalistas,6.72,6,28633
29,240,2,Evolucionistas,6.72,6,28963
29,240,3,Isolados,3.72,5,23995
29,245,0,Empiristas,6.72,6,31461
29,245,1,Incrementalistas,6.72,6,31133
29,245,2,Evolucionistas,6.72,6,31463
29,245,3,Isolados,3.72,5,26495
29,250,0,Empiristas,6.72,6,33961
29,250,1,Incrementalistas,6.72,6,33633
29,250,2,Evolucionistas,6.72,6,33963
29,250,3,Isolados,3.72,5,28995
29,255,0,Empiristas,6.72,6,36461
29,255,1,Incrementalistas,6.72,6,35383
29,255,2,Evolucionistas,6.72,6,36463
29,255,3,Isolados,3.72,5,31495
29,260,0,Empiristas,6.72,6,38961
29,260,1,Incrementalistas,6.72,6,36633
29,260,2,Evolucionistas,6.72,6,38963
29,260,3,Isolados,3.72,5,33995
29,265,0,Empiristas,6.72,6,41461
29,265,1,Incrementalistas,6.72,6,37883
29,265,2,Evolucionistas,6.72,6,41463
29,265,3,Isolados,3.72,5,35745
29,270,0,Empiristas,6.72,6,43961
29,270,1,Incrementalistas,6.72,6,39133
29,270,2,Evolucionistas,6.72,6,43963
29,270,3,Isolados,3.72,5,36995
29,275,0,Empiristas,6.72,6,46461
29,275,1,Incrementalistas,6.72,6,40383
29,275,2,Evolucionistas,6.72,6,46463
29,275,3,Isolados,3.72,5,38245
29,280,0,Empiristas,6.72,6,48961
29,280,1,Incrementalistas,6.72,6,42633
29,280,2,Evolucionistas,6.72,6,48963
29,280,3,Isolados,3.72,5,39495
29,285,0,Empiristas,6.72,6,51461
29,285,1,Incrementalistas,6.72,6,45133
29,285,2,Evolucionistas,6.72,6,51463
29,285,3,Isolados,3.72,5,40745
29,290,0,Empiristas,6.72,6,53961
29,290,1,Incrementalistas,6.72,6,47633
29,290,2,Evolucionistas,6.72,6,53963
29,290,3,Isolados,3.72,5,42995
29,295,0,Empiristas,6.72,6,56461
29,295,1,Incrementalistas,6.72,6,50133
29,295,2,Evolucionistas,6.72,6,56463
29,295,3,Isolados,3.72,5,45495
29,300,0,Empiristas,6.72,6,58961
29,300,1,Incrementalistas,6.72,6,52633
29,300,2,Evolucionistas,6.72,6,58963
29,300,3,Isolados,3.72,5,47995
30,0,0,Empiristas,0.9,1,5
30,0,1,Incrementalistas,0.72,2,5
30,0,2,Evolucionistas,0.94,1,5
30,0,3,Isolados,0.92,1,5
30,5,0,Empiristas,0.94,2,31
30,5,1,Incrementalistas,0.94,2,31
30,5,2,Evolucionistas,0.94,2,32
30,5,3,Isolados,0.94,2,34
30,10,0,Empiristas,0.94,2,61
30,10,1,Incrementalistas,0.94,2,59
30,10,2,Evolucionistas,0.94,2,62
30,10,3,Isolados,0.94,2,63
30,15,0,Empiristas,0.94,2,93
30,15,1,Incrementalistas,0.94,2,92
30,15,2,Evolucionistas,0.94,2,92
30,15,3,Isolados,0.94,2,95
30,20,0,Empiristas,0.94,2,130
30,20,1,Incrementalistas,0.94,2,129
30,20,2,Evolucionistas,0.94,2,128
30,20,3,Isolados,0.94,2,116
30,25,0,Empiristas,0.94,2,169
30,25,1,Incrementalistas,0.94,2,168
30,25,2,Evolucionistas,1.8,3,168
30,25,3,Isolados,0.94,2,136
30,30,0,Empiristas,1.86,3,212
30,30,1,Incrementalistas,1.82,3,211
30,30,2,Evolucionistas,1.82,3,210
30,30,3,Isolados,0.94,2,159
30,35,0,Empiristas,2.8,4,260
30,35,1,Incrementalistas,2.8,4,259
30,35,2,Evolucionistas,1.82,3,259
30,35,3,Isolados,0.94,2,183
30,40,0,Empiristas,2.8,4,313
30,40,1,Incrementalistas,2.8,4,312
30,40,2,Evolucionistas,2.8,4,311
30,40,3,Isolados,0.94,2,208
30,45,0,Empiristas,2.8,4,371
30,45,1,Incrementalistas,2.8,4,353
30,45,2,Evolucionistas,2.8,4,369
30,45,3,Isolados,0.94,2,268
30,50,0,Empiristas,2.8,4,436
30,50,1,Incrementalistas,2.8,4,385
30,50,2,Evolucionistas,2.8,4,434
30,50,3,Isolados,0.94,2,333
30,55,0,Empiristas,2.8,4,507
30,55,1,Incrementalistas,2.8,4,420
30,55,2,Evolucionistas,2.82,4,504
30,55,3,Isolados,1.86,3,405
30,60,0,Empiristas,2.8,4,587
30,60,1,Incrementalistas,2.8,4,460
30,60,2,Evolucionistas,2.82,4,583
30,60,3,Isolados,1.88,3,483
30,65,0,Empiristas,2.8,4,673
30,65,1,Incrementalistas,2.8,4,505
30,65,2,Evolucionistas,2.82,4,669
30,65,3,Isolados,1.88,3,570
30,70,0,Empiristas,2.82,4,769
30,70,1,Incrementalistas,2.82,4,591
30,70,2,Evolucionistas,2.82,4,764
30,70,3,Isolados,1.88,3,666
30,75,0,Empiristas,2.82,4,876
30,75,1,Incrementalistas,2.82,4,698
30,75,2,Evolucionistas,2.82,4,869
30,75,3,Isolados,1.88,3,773
30,80,0,Empiristas,2.82,4,992
30,80,1,Incrementalistas,2.8,4,791
30,80,2,Evolucionistas,2.82,4,987
30,80,3,Isolados,2.74,4,890
30,85,0,Empiristas,2.82,4,1122
30,85,1,Incrementalistas,2.82,4,854
30,85,2,Evolucionistas,2.82,4,1117
30,85,3,Isolados,2.76,4,1019
30,90,0,Empiristas,2.82,4,1265
30,90,1,Incrementalistas,2.82,4,926
30,90,2,Evolucionistas,6.72,5,1260
30,90,3,Isolados,2.76,4,1163
30,95,0,Empiristas,2.82,4,1423
30,95,1,Incrementalistas,2.82,4,1004
30,95,2,Evolucionistas,6.72,6,1417
30,95,3,Isolados,2.76,4,1320
30,100,0,Empiristas,2.82,4,1598
30,100,1,Incrementalistas,6.72,5,1091
30,100,2,Evolucionistas,6.72,6,1591
30,100,3,Isolados,2.76,4,1496
30,105,0,Empiristas,6.72,5,1789
30,105,1,Incrementalistas,6.72,6,1246
30,105,2,Evolucionistas,6.72,6,1782
30,105,3,Isolados,2.76,4,1689
30,110,0,Empiristas,6.72,6,2001
30,110,1,Incrementalistas,6.72,6,1459
30,110,2,Evolucionistas,6.72,6,1995
30,110,3,Isolados,2.76,4,1899
30,115,0,Empiristas,6.72,6,2234
30,115,1,Incrementalistas,6.72,6,1692
30,115,2,Evolucionistas,6.72,6,2228
30,115,3,Isolados,2.78,4,2133
30,120,0,Empiristas,6.72,6,2493
30,120,1,Incrementalistas,6.72,6,1950
30,120,2,Evolucionistas,6.72,6,2486
30,120,3,Isolados,2.8,4,2392
30,125,0,Empiristas,6.72,6,2779
30,125,1,Incrementalistas,6.72,6,2236
30,125,2,Evolucionistas,6.72,6,2771
30,125,3,Isolados,3.72,5,2677
30,130,0,Empiristas,6.72,6,3095
30,130,1,Incrementalistas,6.72,6,2551
30,130,2,Evolucionistas,6.72,6,3086
30,130,3,Isolados,3.72,5,2992
30,135,0,Empiristas,6.72,6,3444
30,135,1,Incrementalistas,6.72,6,2902
30,135,2,Evolucionistas,6.72,6,3435
30,135,3,Isolados,3.72,5,3268
30,140,0,Empiristas,6.72,6,3828
30,140,1,Incrementalistas,6.72,6,3286
30,140,2,Evolucionistas,6.72,6,3821
30,140,3,Isolados,3.72,5,3460
30,145,0,Empiristas,6.72,6,4253
30,145,1,Incrementalistas,6.72,6,3710
30,145,2,Evolucionistas,6.72,6,4245
30,145,3,Isolados,3.72,5,3672
30,150,0,Empiristas,6.72,6,4721
30,150,1,Incrementalistas,6.72,6,4179
30,150,2,Evolucionistas,6.72,6,4712
30,150,3,Isolados,3.72,5,3905
30,155,0,Empiristas,6.72,6,5238
30,155,1,Incrementalistas,6.72,6,4696
30,155,2,Evolucionistas,6.72,6,5229
30,155,3,Isolados,3.72,5,4163
30,160,0,Empiristas,6.72,6,5810
30,160,1,Incrementalistas,6.72,6,5268
30,160,2,Evolucionistas,6.72,6,5801
30,160,3,Isolados,3.72,5,4623
30,165,0,Empiristas,6.72,6,6443
30,165,1,Incrementalistas,6.72,6,5899
30,165,2,Evolucionistas,6.72,6,6432
30,165,3,Isolados,3.72,5,5252
30,170,0,Empiristas,6.72,6,7138
30,170,1,Incrementalistas,6.72,6,6595
30,170,2,Evolucionistas,6.72,6,7128
30,170,3,Isolados,3.72,5,5950
30,175,0,Empiristas,6.72,6,7907
30,175,1,Incrementalistas,6.72,6,7364
30,175,2,Evolucionistas,6.72,6,7896
30,175,3,Isolados,3.72,5,6719
30,180,0,Empiristas,6.72,6,8756
30,180,1,Incrementalistas,6.72,6,8213
30,180,2,Evolucionistas,6.72,6,8745
30,180,3,Isolados,3.72,5,7569
30,185,0,Empiristas,6.72,6,9692
30,185,1,Incrementalistas,6.72,6,9151
30,185,2,Evolucionistas,6.72,6,9681
30,185,3,Isolados,3.72,5,8506
30,190,0,Empiristas,6.72,6,10728
30,190,1,Incrementalistas,6.72,6,10186
30,190,2,Evolucionistas,6.72,6,10716
30,190,3,Isolados,3.72,5,9541
30,195,0,Empiristas,6.72,6,11871
30,195,1,Incrementalistas,6.72,6,11329
30,195,2,Evolucionistas,6.72,6,11859
30,195,3,Isolados,3.72,5,10685
30,200,0,Empiristas,6.72,6,13131
30,200,1,Incrementalistas,6.72,6,12589
30,200,2,Evolucionistas,6.72,6,13120
30,200,3,Isolados,3.72,5,11946
30,205,0,Empiristas,6.72,6,14525
30,205,1,Incrementalistas,6.72,6,13982
30,205,2,Evolucionistas,6.72,6,14513
30,205,3,Isolados,3.72,5,13339
30,210,0,Empiristas,6.72,6,16063
30,210,1,Incrementalistas,6.72,6,15520
30,210,2,Evolucionistas,6.72,6,16050
30,210,3,Isolados,3.72,5,14876
30,215,0,Empiristas,6.72,6,17760
30,215,1,Incrementalistas,6.72,6,17216
30,215,2,Evolucionistas,6.72,6,17748
30,215,3,Isolados,3.72,5,16574
30,220,0,Empiristas,6.72,6,19634
30,220,1,Incrementalistas,6.72,6,19091
30,220,2,Evolucionistas,6.72,6,19623
30,220,3,Isolados,3.72,5,18448
30,225,0,Empiristas,6.72,6,21703
30,225,1,Incrementalistas,6.72,6,21161
30,225,2,Evolucionistas,6.72,6,21693
30,225,3,Isolados,3.72,5,20518
30,230,0,Empiristas,6.72,6,23988
30,230,1,Incrementalistas,6.72,6,23447
30,230,2,Evolucionistas,6.72,6,23978
30,230,3,Isolados,3.72,5,22804
30,235,0,Empiristas,6.72,6,26468
30,235,1,Incrementalistas,6.72,6,25925
30,235,2,Evolucionistas,6.72,6,26458
30,235,3,Isolados,3.72,5,25283
30,240,0,Empiristas,6.72,6,28968
30,240,1,Incrementalistas,6.72,6,28425
30,240,2,Evolucionistas,6.72,6,28958
30,240,3,Isolados,3.72,5,27783
30,245,0,Empiristas,6.72,6,31468
30,245,1,Incrementalistas,6.72,6,30925
30,245,2,Evolucionistas,6.72,6,31458
30,245,3,Isolados,3.72,5,30283
30,250,0,Empiristas,6.72,6,33968
30,250,1,Incrementalistas,6.72,6,33425
30,250,2,Evolucionistas,6.72,6,33958
30,250,3,Isolados,3.72,5,32783
30,255,0,Empiristas,6.72,6,36468
30,255,1,Incrementalistas,6.72,6,35925
30,255,2,Evolucionistas,6.72,6,36458
30,255,3,Isolados,3.72,5,35283
30,260,0,Empiristas,6.72,6,38968
30,260,1,Incrementalistas,6.72,4,38425
30,260,2,Evolucionistas,6.72,6,38958
30,260,3,Isolados,3.72,5,37783
30,265,0,Empiristas,6.72,6,41468
30,265,1,Incrementalistas,6.72,6,39675
30,265,2,Evolucionistas,6.72,6,41458
30,265,3,Isolados,3.72,5,40283
30,270,0,Empiristas,6.72,6,43968
30,270,1,Incrementalistas,6.72,6,40925
30,270,2,Evolucionistas,6.72,6,43958
30,270,3,Isolados,3.72,5,42783
30,275,0,Empiristas,6.72,6,46468
30,275,1,Incrementalistas,6.72,6,42175
30,275,2,Evolucionistas,6.72,6,46458
30,275,3,Isolados,3.72,5,45283
30,280,0,Empiristas,6.72,6,48968
30,280,1,Incrementalistas,6.72,6,43425
30,280,2,Evolucionistas,6.72,6,48958
30,280,3,Isolados,3.72,5,47783
30,285,0,Empiristas,6.72,6,51468
30,285,1,Incrementalistas,6.72,6,44925
30,285,2,Evolucionistas,6.72,6,51458
30,285,3,Isolados,3.72,5,50283
30,290,0,Empiristas,6.72,6,53968
30,290,1,Incrementalistas,6.72,6,47425
30,290,2,Evolucionistas,6.72,6,53958
30,290,3,Isolados,3.72,5,52783
30,295,0,Empiristas,6.72,6,56468
30,295,1,Incrementalistas,6.72,6,49925
30,295,2,Evolucionistas,6.72,6,56458
30,295,3,Isolados,3.72,5,55283
30,300,0,Empiristas,6.72,6,58968
30,300,1,Incrementalistas,6.72,6,52425
30,300,2,Evolucionistas,6.72,6,58958
30,300,3,Isolados,3.72,5,57783
31,0,0,Empiristas,-0.16,1,5
31,0,1,Incrementalistas,0.86,2,5
31,0,2,Evolucionistas,-0.16,1,5
31,0,3,Isolados,0.88,2,5
31,5,0,Empiristas,0.9,2,34
31,5,1,Incrementalistas,0.92,2,30
31,5,2,Evolucionistas,1.88,3,32
31,5,3,Isolados,1.84,3,31
31,10,0,Empiristas,1.88,3,63
31,10,1,Incrementalistas,1.88,3,58
31,10,2,Evolucionistas,1.88,3,61
31,10,3,Isolados,1.84,3,61
31,15,0,Empiristas,1.88,3,93
31,15,1,Incrementalistas,1.88,3,90
31,15,2,Evolucionistas,1.88,3,93
31,15,3,Isolados,1.84,3,91
31,20,0,Empiristas,1.88,3,128
31,20,1,Incrementalistas,1.88,3,125
31,20,2,Evolucionistas,1.88,3,128
31,20,3,Isolados,1.84,3,127
31,25,0,Empiristas,1.88,3,152
31,25,1,Incrementalistas,1.88,3,163
31,25,2,Evolucionistas,1.88,3,168
31,25,3,Isolados,1.84,3,167
31,30,0,Empiristas,1.88,3,175
31,30,1,Incrementalistas,1.88,3,206
31,30,2,Evolucionistas,1.88,3,211
31,30,3,Isolados,1.84,3,210
31,35,0,Empiristas,1.88,3,198
31,35,1,Incrementalistas,1.88,3,254
31,35,2,Evolucionistas,1.88,3,259
31,35,3,Isolados,1.84,3,258
31,40,0,Empiristas,1.88,3,224
31,40,1,Incrementalistas,1.88,3,306
31,40,2,Evolucionistas,1.88,3,311
31,40,3,Isolados,1.86,3,311
31,45,0,Empiristas,1.88,3,254
31,45,1,Incrementalistas,1.88,3,366
31,45,2,Evolucionistas,1.88,3,370
31,45,3,Isolados,1.86,3,369
31,50,0,Empiristas,1.88,3,319
31,50,1,Incrementalistas,1.88,3,431
31,50,2,Evolucionistas,1.88,3,433
31,50,3,Isolados,1.86,3,432
31,55,0,Empiristas,1.88,3,391
31,55,1,Incrementalistas,1.88,3,503
31,55,2,Evolucionistas,1.88,3,503
31,55,3,Isolados,1.86,3,505
31,60,0,Empiristas,1.88,3,470
31,60,1,Incrementalistas,1.88,3,581
31,60,2,Evolucionistas,1.88,3,583
31,60,3,Isolados,1.86,3,583
31,65,0,Empiristas,2.76,4,557
31,65,1,Incrementalistas,2.76,4,670
31,65,2,Evolucionistas,2.76,4,670
31,65,3,Isolados,1.86,3,671
31,70,0,Empiristas,2.78,4,652
31,70,1,Incrementalistas,2.78,4,766
31,70,2,Evolucionistas,2.8,4,767
31,70,3,Isolados,2.76,4,768
31,75,0,Empiristas,2.8,4,759
31,75,1,Incrementalistas,2.8,4,873
31,75,2,Evolucionistas,2.8,4,873
31,75,3,Isolados,2.8,4,875
31,80,0,Empiristas,2.82,4,877
31,80,1,Incrementalistas,2.82,4,991
31,80,2,Evolucionistas,2.82,4,990
31,80,3,Isolados,2.8,4,991
31,85,0,Empiristas,2.82,4,1006
31,85,1,Incrementalistas,2.82,4,1120
31,85,2,Evolucionistas,2.82,4,1119
31,85,3,Isolados,2.8,4,1122
31,90,0,Empiristas,2.82,4,1090
31,90,1,Incrementalistas,2.82,4,1263
31,90,2,Evolucionistas,2.82,4,1261
31,90,3,Isolados,2.8,4,1265
31,95,0,Empiristas,2.82,4,1169
31,95,1,Incrementalistas,2.82,4,1421
31,95,2,Evolucionistas,2.82,4,1418
31,95,3,Isolados,2.8,4,1423
31,100,0,Empiristas,2.82,4,1257
31,100,1,Incrementalistas,2.82,4,1594
31,100,2,Evolucionistas,2.82,4,1591
31,100,3,Isolados,2.8,4,1598
31,105,0,Empiristas,2.82,4,1354
31,105,1,Incrementalistas,2.82,4,1787
31,105,2,Evolucionistas,2.82,4,1783
31,105,3,Isolados,3.72,5,1791
31,110,0,Empiristas,2.82,4,1460
31,110,1,Incrementalistas,2.82,4,2000
31,110,2,Evolucionistas,2.82,4,1994
31,110,3,Isolados,3.72,5,2005
31,115,0,Empiristas,2.82,4,1695
31,115,1,Incrementalistas,2.82,4,2235
31,115,2,Evolucionistas,2.82,4,2229
31,115,3,Isolados,3.74,5,2239
31,120,0,Empiristas,2.82,4,1955
31,120,1,Incrementalistas,2.82,4,2493
31,120,2,Evolucionistas,2.82,4,2488
31,120,3,Isolados,3.74,5,2498
31,125,0,Empiristas,2.82,4,2241
31,125,1,Incrementalistas,2.82,4,2778
31,125,2,Evolucionistas,2.82,4,2774
31,125,3,Isolados,3.74,5,2783
31,130,0,Empiristas,2.82,4,2557
31,130,1,Incrementalistas,2.82,4,3093
31,130,2,Evolucionistas,2.82,4,3090
31,130,3,Isolados,3.74,5,3098
31,135,0,Empiristas,2.82,4,2906
31,135,1,Incrementalistas,2.82,4,3442
31,135,2,Evolucionistas,2.82,4,3438
31,135,3,Isolados,3.74,5,3447
31,140,0,Empiristas,2.82,4,3290
31,140,1,Incrementalistas,2.82,4,3827
31,140,2,Evolucionistas,2.82,4,3823
31,140,3,Isolados,3.74,5,3832
31,145,0,Empiristas,2.82,4,3714
31,145,1,Incrementalistas,2.82,4,4251
31,145,2,Evolucionistas,2.82,4,4248
31,145,3,Isolados,3.74,5,4257
31,150,0,Empiristas,2.82,4,4180
31,150,1,Incrementalistas,2.82,4,4719
31,150,2,Evolucionistas,2.82,4,4718
31,150,3,Isolados,3.74,5,4726
31,155,0,Empiristas,2.82,4,4696
31,155,1,Incrementalistas,2.82,4,5237
31,155,2,Evolucionistas,2.82,4,5237
31,155,3,Isolados,3.74,5,5242
31,160,0,Empiristas,2.82,4,5268
31,160,1,Incrementalistas,2.82,4,5808
31,160,2,Evolucionistas,2.82,4,5809
31,160,3,Isolados,3.74,5,5813
31,165,0,Empiristas,2.82,4,5898
31,165,1,Incrementalistas,2.82,4,6439
31,165,2,Evolucionistas,2.82,4,6440
31,165,3,Isolados,4.68,6,6442
31,170,0,Empiristas,2.82,4,6595
31,170,1,Incrementalistas,2.82,4,7136
31,170,2,Evolucionistas,2.82,4,7137
31,170,3,Isolados,4.68,6,7140
31,175,0,Empiristas,3.74,5,7364
31,175,1,Incrementalistas,3.74,5,7904
31,175,2,Evolucionistas,2.82,4,7906
31,175,3,Isolados,4.68,6,7909
31,180,0,Empiristas,3.74,5,8213
31,180,1,Incrementalistas,3.74,5,8753
31,180,2,Evolucionistas,3.74,5,8753
31,180,3,Isolados,4.68,6,8758
31,185,0,Empiristas,3.74,5,9150
31,185,1,Incrementalistas,3.74,5,9690
31,185,2,Evolucionistas,3.74,5,9691
31,185,3,Isolados,4.68,6,9695
31,190,0,Empiristas,3.74,5,10186
31,190,1,Incrementalistas,3.74,5,10724
31,190,2,Evolucionistas,3.74,5,10726
31,190,3,Isolados,4.68,6,10730
31,195,0,Empiristas,3.74,5,11328
31,195,1,Incrementalistas,3.74,5,11867
31,195,2,Evolucionistas,3.74,5,11868
31,195,3,Isolados,4.68,6,11872
31,200,0,Empiristas,3.74,5,12592
31,200,1,Incrementalistas,3.74,5,13128
31,200,2,Evolucionistas,3.74,5,13132
31,200,3,Isolados,4.68,6,13133
31,205,0,Empiristas,3.74,5,13985
31,205,1,Incrementalistas,3.74,5,14522
31,205,2,Evolucionistas,3.74,5,14382
31,205,3,Isolados,4.68,6,14525
31,210,0,Empiristas,3.74,5,15522
31,210,1,Incrementalistas,3.74,5,16059
31,210,2,Evolucionistas,3.74,5,15151
31,210,3,Isolados,4.68,6,16064
31,215,0,Empiristas,3.74,5,17223
31,215,1,Incrementalistas,3.74,5,17757
31,215,2,Evolucionistas,3.74,5,15999
31,215,3,Isolados,4.68,6,17763
31,220,0,Empiristas,3.74,5,19097
31,220,1,Incrementalistas,3.74,5,19632
31,220,2,Evolucionistas,3.74,5,16936
31,220,3,Isolados,4.68,6,19637
31,225,0,Empiristas,3.74,5,21167
31,225,1,Incrementalistas,3.74,5,21702
31,225,2,Evolucionistas,3.74,5,17971
31,225,3,Isolados,4.68,6,21708
31,230,0,Empiristas,5.74,6,23452
31,230,1,Incrementalistas,3.74,5,23987
31,230,2,Evolucionistas,3.74,5,19585
31,230,3,Isolados,4.68,6,23994
31,235,0,Empiristas,5.78,6,25931
31,235,1,Incrementalistas,3.74,5,26467
31,235,2,Evolucionistas,5.78,6,22064
31,235,3,Isolados,4.68,6,26473
31,240,0,Empiristas,5.78,6,28431
31,240,1,Incrementalistas,3.74,5,28967
31,240,2,Evolucionistas,5.78,6,24564
31,240,3,Isolados,4.68,6,28973
31,245,0,Empiristas,5.78,6,30931
31,245,1,Incrementalistas,5.78,6,31467
31,245,2,Evolucionistas,5.78,6,27064
31,245,3,Isolados,4.68,6,31473
31,250,0,Empiristas,6.72,7,33431
31,250,1,Incrementalistas,6.72,7,33967
31,250,2,Evolucionistas,6.72,7,29564
31,250,3,Isolados,4.68,6,33973
31,255,0,Empiristas,6.72,7,35931
31,255,1,Incrementalistas,6.72,7,36467
31,255,2,Evolucionistas,6.72,7,32064
31,255,3,Isolados,4.68,6,36473
31,260,0,Empiristas,6.72,7,38431
31,260,1,Incrementalistas,6.72,7,38967
31,260,2,Evolucionistas,6.72,7,34564
31,260,3,Isolados,4.68,6,38973
31,265,0,Empiristas,6.72,7,40931
31,265,1,Incrementalistas,6.72,7,41467
31,265,2,Evolucionistas,6.72,7,37064
31,265,3,Isolados,4.68,6,41473
31,270,0,Empiristas,6.72,7,43431
31,270,1,Incrementalistas,6.72,7,43967
31,270,2,Evolucionistas,6.72,7,39564
31,270,3,Isolados,4.68,6,43973
31,275,0,Empiristas,6.72,7,45931
31,275,1,Incrementalistas,6.72,7,46467
31,275,2,Evolucionistas,6.72,7,42064
31,275,3,Isolados,4.68,6,46473
31,280,0,Empiristas,6.72,7,48431
31,280,1,Incrementalistas,6.72,7,48967
31,280,2,Evolucionistas,6.72,7,44564
31,280,3,Isolados,4.68,6,48973
31,285,0,Empiristas,6.72,7,50931
31,285,1,Incrementalistas,6.72,7,51467
31,285,2,Evolucionistas,6.72,7,47064
31,285,3,Isolados,4.68,6,51473
31,290,0,Empiristas,6.72,7,53431
31,290,1,Incrementalistas,6.72,7,53967
31,290,2,Evolucionistas,6.72,7,49564
31,290,3,Isolados,4.68,6,53973
31,295,0,Empiristas,6.72,7,55931
31,295,1,Incrementalistas,6.72,7,56467
31,295,2,Evolucionistas,6.72,7,52064
31,295,3,Isolados,4.68,6,56473
31,300,0,Empiristas,6.72,7,58431
31,300,1,Incrementalistas,6.72,7,58967
31,300,2,Evolucionistas,6.72,7,54564
31,300,3,Isolados,4.68,6,58973
