rodada,ano,civilizacao,cultura,melhor,classes,experimentos
0,0,0,Carbono/agua,0.0131179,1,5
0,0,1,Carbono/amonia,nan,0,4
0,0,2,Carbono/acido sulfurico,nan,0,7
0,0,3,Carbono/metano,-4.34294e-07,1,2
0,0,4,Silicio/agua,nan,0,5
0,0,5,Silicio/acido sulfurico,nan,0,7
0,5,0,Carbono/agua,0.10786,1,33
0,5,1,Carbono/amonia,nan,0,24
0,5,2,Carbono/acido sulfurico,-0.13416,1,43
0,5,3,Carbono/metano,0.273711,1,15
0,5,4,Silicio/agua,6,3,25
0,5,5,Silicio/acido sulfurico,0.195171,1,47
0,10,0,Carbono/agua,0.10786,1,64
0,10,1,Carbono/amonia,-4.34294e-07,1,44
0,10,2,Carbono/acido sulfurico,-0.0263661,1,81
0,10,3,Carbono/metano,6.05943,2,29
0,10,4,Silicio/agua,7.6417,4,40
0,10,5,Silicio/acido sulfurico,0.224541,1,92
0,15,0,Carbono/agua,0.127732,1,98
0,15,1,Carbono/amonia,-4.34294e-07,1,68
0,15,2,Carbono/acido sulfurico,0.117591,1,124
0,15,3,Carbono/metano,6.47217,3,46
0,15,4,Silicio/agua,7.77444,4,58
0,15,5,Silicio/acido sulfurico,6,3,140
0,20,0,Carbono/agua,0.240988,1,136
0,20,1,Carbono/amonia,-4.34294e-07,1,95
0,20,2,Carbono/acido sulfurico,0.163292,1,174
0,20,3,Carbono/metano,7.07498,3,63
0,20,4,Silicio/agua,7.77444,4,77
0,20,5,Silicio/acido sulfurico,7.64272,5,194
0,25,0,Carbono/agua,6,2,178
0,25,1,Carbono/amonia,0.0148607,1,123
0,25,2,Carbono/acido sulfurico,0.163292,1,229
0,25,3,Carbono/metano,7.07498,3,81
0,25,4,Silicio/agua,8.54062,4,100
0,25,5,Silicio/acido sulfurico,7.64272,5,253
0,30,0,Carbono/agua,6.71704,3,226
0,30,1,Carbono/amonia,0.0148607,1,154
0,30,2,Carbono/acido sulfurico,0.29126,1,290
0,30,3,Carbono/metano,7.07498,3,101
0,30,4,Silicio/agua,8.54062,5,141
0,30,5,Silicio/acido sulfurico,8.54062,5,319
0,35,0,Carbono/agua,6.71704,3,278
0,35,1,Carbono/amonia,0.217405,1,192
0,35,2,Carbono/acido sulfurico,6.21162,2,356
0,35,3,Carbono/metano,7.07498,3,125
0,35,4,Silicio/agua,9,5,193
0,35,5,Silicio/acido sulfurico,8.54062,5,392
0,40,0,Carbono/agua,7.13028,3,334
0,40,1,Carbono/amonia,0.217405,1,230
0,40,2,Carbono/acido sulfurico,6.21162,2,431
0,40,3,Carbono/metano,7.07498,3,150
0,40,4,Silicio/agua,9,5,252
0,40,5,Silicio/acido sulfurico,9,5,471
0,45,0,Carbono/agua,7.20024,3,397
0,45,1,Carbono/amonia,6.18941,2,274
0,45,2,Carbono/acido sulfurico,6.38624,3,511
0,45,3,Carbono/metano,7.07498,3,178
0,45,4,Silicio/agua,9,5,316
0,45,5,Silicio/acido sulfurico,9,5,560
0,50,0,Carbono/agua,7.33387,3,466
0,50,1,Carbono/amonia,6.23452,2,322
0,50,2,Carbono/acido sulfurico,7.14183,3,599
0,50,3,Carbono/metano,7.07498,3,208
0,50,4,Silicio/agua,9,5,388
0,50,5,Silicio/acido sulfurico,9,5,657
0,55,0,Carbono/agua,7.96732,3,543
0,55,1,Carbono/amonia,6.23452,3,374
0,55,2,Carbono/acido sulfurico,7.14183,3,678
0,55,3,Carbono/metano,7.07498,3,242
0,55,4,Silicio/agua,9,5,467
0,55,5,Silicio/acido sulfurico,9,5,763
0,60,0,Carbono/agua,7.96732,3,629
0,60,1,Carbono/amonia,7.28984,4,432
0,60,2,Carbono/acido sulfurico,7.14183,3,732
0,60,3,Carbono/metano,7.07498,3,280
0,60,4,Silicio/agua,9,7,556
0,60,5,Silicio/acido sulfurico,9,5,881
0,65,0,Carbono/agua,7.96732,3,722
0,65,1,Carbono/amonia,7.34986,5,497
0,65,2,Carbono/acido sulfurico,7.37567,3,792
0,65,3,Carbono/metano,7.48335,3,322
0,65,4,Silicio/agua,9,7,653
0,65,5,Silicio/acido sulfurico,9,5,1012
0,70,0,Carbono/agua,7.96732,3,826
0,70,1,Carbono/amonia,9,6,567
0,70,2,Carbono/acido sulfurico,7.37567,3,859
0,70,3,Carbono/metano,7.7007,3,368
0,70,4,Silicio/agua,9,7,759
0,70,5,Silicio/acido sulfurico,9,5,1158
0,75,0,Carbono/agua,8.81701,3,940
0,75,1,Carbono/amonia,9,7,645
0,75,2,Carbono/acido sulfurico,7.63267,3,931
0,75,3,Carbono/metano,7.7007,3,418
0,75,4,Silicio/agua,9,7,877
0,75,5,Silicio/acido sulfurico,9,5,1319
0,80,0,Carbono/agua,9,3,1065
0,80,1,Carbono/amonia,9,7,732
0,80,2,Carbono/acido sulfurico,7.91116,3,1061
0,80,3,Carbono/metano,7.74094,3,474
0,80,4,Silicio/agua,9,7,1007
0,80,5,Silicio/acido sulfurico,9,5,1496
0,85,0,Carbono/agua,9,3,1203
0,85,1,Carbono/amonia,9,7,827
0,85,2,Carbono/acido sulfurico,8.48619,3,1239
0,85,3,Carbono/metano,8.4,3,535
0,85,4,Silicio/agua,9,7,1151
0,85,5,Silicio/acido sulfurico,9,5,1692
0,90,0,Carbono/agua,9,3,1356
0,90,1,Carbono/amonia,9,7,931
0,90,2,Carbono/acido sulfurico,8.84003,3,1436
0,90,3,Carbono/metano,8.4,3,602
0,90,4,Silicio/agua,9,7,1309
0,90,5,Silicio/acido sulfurico,9,4,1884
0,95,0,Carbono/agua,9,3,1525
0,95,1,Carbono/amonia,9,7,1049
0,95,2,Carbono/acido sulfurico,9,3,1654
0,95,3,Carbono/metano,8.4,3,678
0,95,4,Silicio/agua,9,7,1485
0,95,5,Silicio/acido sulfurico,9,5,2002
0,100,0,Carbono/agua,9,2,1692
0,100,1,Carbono/amonia,9,7,1176
0,100,2,Carbono/acido sulfurico,9,4,1894
0,100,3,Carbono/metano,8.8083,3,761
0,100,4,Silicio/agua,9,7,1678
0,100,5,Silicio/acido sulfurico,9,5,2134
0,105,0,Carbono/agua,9,3,1794
0,105,1,Carbono/amonia,9,7,1318
0,105,2,Carbono/acido sulfurico,9,6,2157
0,105,3,Carbono/metano,9,3,853
0,105,4,Silicio/agua,9,7,1891
0,105,5,Silicio/acido sulfurico,9,6,2279
0,110,0,Carbono/agua,9,3,1909
0,110,1,Carbono/amonia,9,7,1475
0,110,2,Carbono/acido sulfurico,9,7,2447
0,110,3,Carbono/metano,9,3,953
0,110,4,Silicio/agua,9,7,2126
0,110,5,Silicio/acido sulfurico,9,6,2439
0,115,0,Carbono/agua,9,4,2035
0,115,1,Carbono/amonia,9,7,1649
0,115,2,Carbono/acido sulfurico,9,9,2768
0,115,3,Carbono/metano,9,3,1065
0,115,4,Silicio/agua,9,7,2387
0,115,5,Silicio/acido sulfurico,9,6,2688
0,120,0,Carbono/agua,9,4,2174
0,120,1,Carbono/amonia,9,7,1842
0,120,2,Carbono/acido sulfurico,9,9,3124
0,120,3,Carbono/metano,9,3,1189
0,120,4,Silicio/agua,9,7,2675
0,120,5,Silicio/acido sulfurico,9,7,3078
0,125,0,Carbono/agua,9,5,2389
0,125,1,Carbono/amonia,9,7,2053
0,125,2,Carbono/acido sulfurico,9,7,3476
0,125,3,Carbono/metano,9,3,1325
0,125,4,Silicio/agua,9,7,2993
0,125,5,Silicio/acido sulfurico,9,7,3508
0,130,0,Carbono/agua,9,6,2727
0,130,1,Carbono/amonia,9,7,2288
0,130,2,Carbono/acido sulfurico,9,8,3692
0,130,3,Carbono/metano,9,3,1476
0,130,4,Silicio/agua,9,7,3344
0,130,5,Silicio/acido sulfurico,9,7,3984
0,135,0,Carbono/agua,9,7,3099
0,135,1,Carbono/amonia,9,7,2547
0,135,2,Carbono/acido sulfurico,9,8,3931
0,135,3,Carbono/metano,9,4,1640
0,135,4,Silicio/agua,9,7,3732
0,135,5,Silicio/acido sulfurico,9,7,4508
0,140,0,Carbono/agua,9,7,3511
0,140,1,Carbono/amonia,9,7,2833
0,140,2,Carbono/acido sulfurico,9,8,4195
0,140,3,Carbono/metano,9,7,1823
0,140,4,Silicio/agua,9,7,4161
0,140,5,Silicio/acido sulfurico,9,7,5086
0,145,0,Carbono/agua,9,7,3964
0,145,1,Carbono/amonia,9,7,3148
0,145,2,Carbono/acido sulfurico,9,8,4487
0,145,3,Carbono/metano,9,7,2025
0,145,4,Silicio/agua,9,7,4634
0,145,5,Silicio/acido sulfurico,9,7,5725
0,150,0,Carbono/agua,9,7,4466
0,150,1,Carbono/amonia,9,7,3494
0,150,2,Carbono/acido sulfurico,9,8,4942
0,150,3,Carbono/metano,9,7,2248
0,150,4,Silicio/agua,9,7,5156
0,150,5,Silicio/acido sulfurico,9,7,6431
0,155,0,Carbono/agua,9,7,5021
0,155,1,Carbono/amonia,9,7,3877
0,155,2,Carbono/acido sulfurico,9,9,5653
0,155,3,Carbono/metano,9,8,2495
0,155,4,Silicio/agua,9,7,5732
0,155,5,Silicio/acido sulfurico,9,7,7209
0,160,0,Carbono/agua,9,7,5634
0,160,1,Carbono/amonia,9,7,4300
0,160,2,Carbono/acido sulfurico,9,9,6438
0,160,3,Carbono/metano,9,8,2765
0,160,4,Silicio/agua,9,7,6368
0,160,5,Silicio/acido sulfurico,9,7,8069
0,165,0,Carbono/agua,9,7,6310
0,165,1,Carbono/amonia,9,7,4768
0,165,2,Carbono/acido sulfurico,9,9,7304
0,165,3,Carbono/metano,9,8,3065
0,165,4,Silicio/agua,9,7,7071
0,165,5,Silicio/acido sulfurico,9,7,9018
0,170,0,Carbono/agua,9,7,7060
0,170,1,Carbono/amonia,9,7,5284
0,170,2,Carbono/acido sulfurico,9,9,8261
0,170,3,Carbono/metano,9,8,3396
0,170,4,Silicio/agua,9,7,7846
0,170,5,Silicio/acido sulfurico,9,7,10067
0,175,0,Carbono/agua,9,7,7886
0,175,1,Carbono/amonia,9,7,5838
0,175,2,Carbono/acido sulfurico,9,9,9287
0,175,3,Carbono/metano,9,8,3752
0,175,4,Silicio/agua,9,7,8702
0,175,5,Silicio/acido sulfurico,9,7,11193
0,180,0,Carbono/agua,9,7,8797
0,180,1,Carbono/amonia,9,7,6394
0,180,2,Carbono/acido sulfurico,9,9,10317
0,180,3,Carbono/metano,9,8,4110
0,180,4,Silicio/agua,9,7,9648
0,180,5,Silicio/acido sulfurico,9,7,12322
0,185,0,Carbono/agua,9,7,9802
0,185,1,Carbono/amonia,9,7,6950
0,185,2,Carbono/acido sulfurico,9,9,11346
0,185,3,Carbono/metano,9,8,4468
0,185,4,Silicio/agua,9,7,10692
0,185,5,Silicio/acido sulfurico,9,7,13451
0,190,0,Carbono/agua,9,7,10913
0,190,1,Carbono/amonia,9,7,7505
0,190,2,Carbono/acido sulfurico,9,9,12376
0,190,3,Carbono/metano,9,8,4825
0,190,4,Silicio/agua,9,7,11845
0,190,5,Silicio/acido sulfurico,9,7,14580
0,195,0,Carbono/agua,9,7,12139
0,195,1,Carbono/amonia,9,7,8061
0,195,2,Carbono/acido sulfurico,9,9,13406
0,195,3,Carbono/metano,9,8,5181
0,195,4,Silicio/agua,9,7,13116
0,195,5,Silicio/acido sulfurico,9,7,15709
0,200,0,Carbono/agua,9,7,13492
0,200,1,Carbono/amonia,9,7,8616
0,200,2,Carbono/acido sulfurico,9,9,14435
0,200,3,Carbono/metano,9,8,5537
0,200,4,Silicio/agua,9,7,14520
0,200,5,Silicio/acido sulfurico,9,7,16839
0,205,0,Carbono/agua,9,7,14986
0,205,1,Carbono/amonia,9,7,9171
0,205,2,Carbono/acido sulfurico,9,9,15465
0,205,3,Carbono/metano,9,8,5895
0,205,4,Silicio/agua,9,7,15598
0,205,5,Silicio/acido sulfurico,9,7,17969
0,210,0,Carbono/agua,9,7,16636
0,210,1,Carbono/amonia,9,7,9726
0,210,2,Carbono/acido sulfurico,9,9,16495
0,210,3,Carbono/metano,9,8,6251
0,210,4,Silicio/agua,9,7,16454
0,210,5,Silicio/acido sulfurico,9,7,19097
0,215,0,Carbono/agua,9,7,18457
0,215,1,Carbono/amonia,9,7,10283
0,215,2,Carbono/acido sulfurico,9,9,17524
0,215,3,Carbono/metano,9,8,6606
0,215,4,Silicio/agua,9,7,17400
0,215,5,Silicio/acido sulfurico,9,7,20226
0,220,0,Carbono/agua,9,7,20467
0,220,1,Carbono/amonia,9,7,10838
0,220,2,Carbono/acido sulfurico,9,9,18554
0,220,3,Carbono/metano,9,8,6962
0,220,4,Silicio/agua,9,7,18443
0,220,5,Silicio/acido sulfurico,9,7,21354
0,225,0,Carbono/agua,9,7,22685
0,225,1,Carbono/amonia,9,7,11395
0,225,2,Carbono/acido sulfurico,9,9,19583
0,225,3,Carbono/metano,9,8,7321
0,225,4,Silicio/agua,9,7,19595
0,225,5,Silicio/acido sulfurico,9,7,22484
0,230,0,Carbono/agua,9,7,25137
0,230,1,Carbono/amonia,9,7,11950
0,230,2,Carbono/acido sulfurico,9,5,20613
0,230,3,Carbono/metano,9,7,7534
0,230,4,Silicio/agua,9,7,20868
0,230,5,Silicio/acido sulfurico,9,7,23614
0,235,0,Carbono/agua,9,7,27797
0,235,1,Carbono/amonia,9,7,12506
0,235,2,Carbono/acido sulfurico,9,7,21128
0,235,3,Carbono/metano,9,8,7712
0,235,4,Silicio/agua,9,7,23357
0,235,5,Silicio/acido sulfurico,9,7,24743
0,240,0,Carbono/agua,9,7,30477
0,240,1,Carbono/amonia,9,7,13061
0,240,2,Carbono/acido sulfurico,9,7,21643
0,240,3,Carbono/metano,9,8,7890
0,240,4,Silicio/agua,9,7,26140
0,240,5,Silicio/acido sulfurico,9,7,25873
0,245,0,Carbono/agua,9,7,33157
0,245,1,Carbono/amonia,9,7,13618
0,245,2,Carbono/acido sulfurico,9,7,22158
0,245,3,Carbono/metano,9,8,8068
0,245,4,Silicio/agua,9,7,28923
0,245,5,Silicio/acido sulfurico,9,7,27003
0,250,0,Carbono/agua,9,7,35839
0,250,1,Carbono/amonia,9,7,14175
0,250,2,Carbono/acido sulfurico,9,8,22673
0,250,3,Carbono/metano,9,8,8247
0,250,4,Silicio/agua,9,7,31706
0,250,5,Silicio/acido sulfurico,9,7,28132
0,255,0,Carbono/agua,9,7,38519
0,255,1,Carbono/amonia,9,7,14730
0,255,2,Carbono/acido sulfurico,9,8,23291
0,255,3,Carbono/metano,9,8,8603
0,255,4,Silicio/agua,9,7,34490
0,255,5,Silicio/acido sulfurico,9,7,29261
0,260,0,Carbono/agua,9,7,41199
0,260,1,Carbono/amonia,9,7,15287
0,260,2,Carbono/acido sulfurico,9,8,24321
0,260,3,Carbono/metano,9,8,8958
0,260,4,Silicio/agua,9,7,37274
0,260,5,Silicio/acido sulfurico,9,7,30390
0,265,0,Carbono/agua,9,7,43879
0,265,1,Carbono/amonia,9,7,15843
0,265,2,Carbono/acido sulfurico,9,8,25351
0,265,3,Carbono/metano,9,8,9315
0,265,4,Silicio/agua,9,7,40058
0,265,5,Silicio/acido sulfurico,9,7,31518
0,270,0,Carbono/agua,9,7,46559
0,270,1,Carbono/amonia,9,7,16398
0,270,2,Carbono/acido sulfurico,9,8,26380
0,270,3,Carbono/metano,9,8,9673
0,270,4,Silicio/agua,9,7,42840
0,270,5,Silicio/acido sulfurico,9,7,32647
0,275,0,Carbono/agua,9,7,49240
0,275,1,Carbono/amonia,9,7,16953
0,275,2,Carbono/acido sulfurico,9,8,27409
0,275,3,Carbono/metano,9,8,10031
0,275,4,Silicio/agua,9,7,45625
0,275,5,Silicio/acido sulfurico,9,7,33777
0,280,0,Carbono/agua,9,7,51920
0,280,1,Carbono/amonia,9,7,17510
0,280,2,Carbono/acido sulfurico,9,8,28439
0,280,3,Carbono/metano,9,8,10386
0,280,4,Silicio/agua,9,7,48407
0,280,5,Silicio/acido sulfurico,9,7,34907
0,285,0,Carbono/agua,9,7,54601
0,285,1,Carbono/amonia,9,7,18066
0,285,2,Carbono/acido sulfurico,9,8,29469
0,285,3,Carbono/metano,9,8,10744
0,285,4,Silicio/agua,9,7,51190
0,285,5,Silicio/acido sulfurico,9,5,36035
0,290,0,Carbono/agua,9,7,57281
0,290,1,Carbono/amonia,9,7,18622
0,290,2,Carbono/acido sulfurico,9,8,30499
0,290,3,Carbono/metano,9,8,11100
0,290,4,Silicio/agua,9,7,53973
0,290,5,Silicio/acido sulfurico,9,6,36600
0,295,0,Carbono/agua,9,7,59961
0,295,1,Carbono/amonia,9,7,19177
0,295,2,Carbono/acido sulfurico,9,8,31527
0,295,3,Carbono/metano,9,8,11458
0,295,4,Silicio/agua,9,7,56756
0,295,5,Silicio/acido sulfurico,9,6,37164
0,300,0,Carbono/agua,9,7,62641
0,300,1,Carbono/amonia,9,7,19732
0,300,2,Carbono/acido sulfurico,9,8,32556
0,300,3,Carbono/metano,9,8,11816
0,300,4,Silicio/agua,9,7,59541
0,300,5,Silicio/acido sulfurico,9,6,37726
1,0,0,Carbono/agua,-4.34294e-07,1,5
1,0,1,Carbono/amonia,-0.0894389,1,4
1,0,2,Carbono/acido sulfurico,nan,0,7
1,0,3,Carbono/metano,nan,0,2
1,0,4,Silicio/agua,-0.341714,1,6
1,0,5,Silicio/acido sulfurico,-0.30103,1,7
1,5,0,Carbono/agua,0.498675,1,34
1,5,1,Carbono/amonia,-0.0352833,1,23
1,5,2,Carbono/acido sulfurico,0.082124,1,44
1,5,3,Carbono/metano,-0.0240425,1,13
1,5,4,Silicio/agua,-0.176274,1,35
1,5,5,Silicio/acido sulfurico,0.0692094,1,46
1,10,0,Carbono/agua,0.503701,1,64
1,10,1,Carbono/amonia,0.096235,1,46
1,10,2,Carbono/acido sulfurico,0.186222,1,84
1,10,3,Carbono/metano,-0.0240425,1,27
1,10,4,Silicio/agua,-0.0700544,1,67
1,10,5,Silicio/acido sulfurico,0.195806,1,90
1,15,0,Carbono/agua,6,2,97
1,15,1,Carbono/amonia,0.279125,1,70
1,15,2,Carbono/acido sulfurico,0.284589,1,128
1,15,3,Carbono/metano,0.118814,1,42
1,15,4,Silicio/agua,0.0938083,1,102
1,15,5,Silicio/acido sulfurico,0.212165,1,139
1,20,0,Carbono/agua,6.1772,3,135
1,20,1,Carbono/amonia,0.279125,1,97
1,20,2,Carbono/acido sulfurico,0.284589,1,177
1,20,3,Carbono/metano,0.118814,1,59
1,20,4,Silicio/agua,0.183465,1,139
1,20,5,Silicio/acido sulfurico,0.278694,1,194
1,25,0,Carbono/agua,7.25802,3,177
1,25,1,Carbono/amonia,0.279125,1,126
1,25,2,Carbono/acido sulfurico,0.284589,1,231
1,25,3,Carbono/metano,0.118814,1,78
1,25,4,Silicio/agua,0.183465,1,185
1,25,5,Silicio/acido sulfurico,0.278694,1,254
1,30,0,Carbono/agua,7.25802,3,222
1,30,1,Carbono/amonia,0.598617,1,157
1,30,2,Carbono/acido sulfurico,0.468238,1,290
1,30,3,Carbono/metano,0.118814,1,98
1,30,4,Silicio/agua,6,2,233
1,30,5,Silicio/acido sulfurico,6.23376,2,318
1,35,0,Carbono/agua,7.34206,3,273
1,35,1,Carbono/amonia,0.598617,1,193
1,35,2,Carbono/acido sulfurico,0.468238,1,356
1,35,3,Carbono/metano,0.118814,1,120
1,35,4,Silicio/agua,6,2,287
1,35,5,Silicio/acido sulfurico,6.23376,3,390
1,40,0,Carbono/agua,7.92501,3,331
1,40,1,Carbono/amonia,0.598617,1,233
1,40,2,Carbono/acido sulfurico,9,3,428
1,40,3,Carbono/metano,0.118814,1,145
1,40,4,Silicio/agua,6,2,346
1,40,5,Silicio/acido sulfurico,6.23376,3,469
1,45,0,Carbono/agua,7.92501,3,393
1,45,1,Carbono/amonia,0.598617,1,275
1,45,2,Carbono/acido sulfurico,9,4,507
1,45,3,Carbono/metano,0.118814,1,172
1,45,4,Silicio/agua,6.5292,3,411
1,45,5,Silicio/acido sulfurico,6.53337,3,558
1,50,0,Carbono/agua,7.92501,3,462
1,50,1,Carbono/amonia,0.598617,1,323
1,50,2,Carbono/acido sulfurico,9,4,595
1,50,3,Carbono/metano,0.118814,1,201
1,50,4,Silicio/agua,6.5292,3,483
1,50,5,Silicio/acido sulfurico,6.53337,3,655
1,55,0,Carbono/agua,7.92501,3,539
1,55,1,Carbono/amonia,0.598617,1,375
1,55,2,Carbono/acido sulfurico,9,4,692
1,55,3,Carbono/metano,0.118814,1,236
1,55,4,Silicio/agua,6.60628,3,560
1,55,5,Silicio/acido sulfurico,6.84465,3,763
1,60,0,Carbono/agua,7.92501,3,624
1,60,1,Carbono/amonia,1.02978,1,433
1,60,2,Carbono/acido sulfurico,9,4,800
1,60,3,Carbono/metano,0.118814,1,274
1,60,4,Silicio/agua,6.65107,3,648
1,60,5,Silicio/acido sulfurico,7.0851,3,881
1,65,0,Carbono/agua,7.92501,3,718
1,65,1,Carbono/amonia,1.02978,1,498
1,65,2,Carbono/acido sulfurico,9,4,920
1,65,3,Carbono/metano,0.118814,1,315
1,65,4,Silicio/agua,6.91994,3,745
1,65,5,Silicio/acido sulfurico,7.59457,3,1012
1,70,0,Carbono/agua,7.92501,3,822
1,70,1,Carbono/amonia,6.576,3,567
1,70,2,Carbono/acido sulfurico,9,5,1053
1,70,3,Carbono/metano,0.118814,1,361
1,70,4,Silicio/agua,7.27027,3,852
1,70,5,Silicio/acido sulfurico,7.59457,3,1158
1,75,0,Carbono/agua,7.92501,3,936
1,75,1,Carbono/amonia,6.60463,3,645
1,75,2,Carbono/acido sulfurico,9,5,1199
1,75,3,Carbono/metano,0.118814,1,410
1,75,4,Silicio/agua,7.65173,3,971
1,75,5,Silicio/acido sulfurico,8.4,3,1317
1,80,0,Carbono/agua,8.94915,3,1061
1,80,1,Carbono/amonia,6.87307,3,733
1,80,2,Carbono/acido sulfurico,9,5,1359
1,80,3,Carbono/metano,0.196848,1,464
1,80,4,Silicio/agua,7.79631,3,1103
1,80,5,Silicio/acido sulfurico,8.4,3,1494
1,85,0,Carbono/agua,8.94915,3,1200
1,85,1,Carbono/amonia,8.32259,3,829
1,85,2,Carbono/acido sulfurico,9,5,1536
1,85,3,Carbono/metano,0.264949,1,527
1,85,4,Silicio/agua,7.84372,3,1247
1,85,5,Silicio/acido sulfurico,8.4,3,1687
1,90,0,Carbono/agua,9,3,1353
1,90,1,Carbono/amonia,8.32259,3,934
1,90,2,Carbono/acido sulfurico,9,5,1732
1,90,3,Carbono/metano,0.282947,1,594
1,90,4,Silicio/agua,7.84372,3,1407
1,90,5,Silicio/acido sulfurico,8.4,4,1902
1,95,0,Carbono/agua,9,3,1521
1,95,1,Carbono/amonia,9,3,1052
1,95,2,Carbono/acido sulfurico,9,5,1948
1,95,3,Carbono/metano,0.86475,1,669
1,95,4,Silicio/agua,8.82519,3,1583
1,95,5,Silicio/acido sulfurico,8.4,4,2139
1,100,0,Carbono/agua,9,3,1707
1,100,1,Carbono/amonia,9,3,1180
1,100,2,Carbono/acido sulfurico,9,5,2185
1,100,3,Carbono/metano,0.86475,1,751
1,100,4,Silicio/agua,8.82519,3,1777
1,100,5,Silicio/acido sulfurico,8.67385,6,2402
1,105,0,Carbono/agua,9,3,1912
1,105,1,Carbono/amonia,9,3,1323
1,105,2,Carbono/acido sulfurico,9,5,2448
1,105,3,Carbono/metano,0.86475,1,843
1,105,4,Silicio/agua,9,3,1992
1,105,5,Silicio/acido sulfurico,9,7,2692
1,110,0,Carbono/agua,9,3,2139
1,110,1,Carbono/amonia,9,3,1480
1,110,2,Carbono/acido sulfurico,9,5,2738
1,110,3,Carbono/metano,0.86475,1,944
1,110,4,Silicio/agua,9,3,2228
1,110,5,Silicio/acido sulfurico,9,7,3011
1,115,0,Carbono/agua,9,3,2391
1,115,1,Carbono/amonia,9,3,1654
1,115,2,Carbono/acido sulfurico,9,5,3060
1,115,3,Carbono/metano,0.86475,1,1056
1,115,4,Silicio/agua,9,3,2488
1,115,5,Silicio/acido sulfurico,9,7,3364
1,120,0,Carbono/agua,9,3,2669
1,120,1,Carbono/amonia,9,4,1844
1,120,2,Carbono/acido sulfurico,9,5,3416
1,120,3,Carbono/metano,0.86475,1,1179
1,120,4,Silicio/agua,9,3,2776
1,120,5,Silicio/acido sulfurico,9,7,3755
1,125,0,Carbono/agua,9,3,2974
1,125,1,Carbono/amonia,9,4,2055
1,125,2,Carbono/acido sulfurico,9,5,3808
1,125,3,Carbono/metano,0.86475,1,1315
1,125,4,Silicio/agua,9,3,3094
1,125,5,Silicio/acido sulfurico,9,7,4185
1,130,0,Carbono/agua,9,3,3311
1,130,1,Carbono/amonia,9,4,2290
1,130,2,Carbono/acido sulfurico,9,5,4240
1,130,3,Carbono/metano,0.86475,1,1466
1,130,4,Silicio/agua,9,3,3445
1,130,5,Silicio/acido sulfurico,9,7,4659
1,135,0,Carbono/agua,9,3,3684
1,135,1,Carbono/amonia,9,4,2548
1,135,2,Carbono/acido sulfurico,9,5,4716
1,135,3,Carbono/metano,0.86475,1,1632
1,135,4,Silicio/agua,9,3,3833
1,135,5,Silicio/acido sulfurico,9,3,5184
1,140,0,Carbono/agua,9,3,4096
1,140,1,Carbono/amonia,9,4,2833
1,140,2,Carbono/acido sulfurico,9,5,5243
1,140,3,Carbono/metano,0.86475,1,1814
1,140,4,Silicio/agua,9,3,4261
1,140,5,Silicio/acido sulfurico,9,6,5474
1,145,0,Carbono/agua,9,3,4552
1,145,1,Carbono/amonia,9,4,3146
1,145,2,Carbono/acido sulfurico,9,5,5827
1,145,3,Carbono/metano,0.86475,1,2017
1,145,4,Silicio/agua,9,3,4734
1,145,5,Silicio/acido sulfurico,9,6,5793
1,150,0,Carbono/agua,9,3,5055
1,150,1,Carbono/amonia,9,4,3493
1,150,2,Carbono/acido sulfurico,9,5,6470
1,150,3,Carbono/metano,0.86475,1,2240
1,150,4,Silicio/agua,9,5,5256
1,150,5,Silicio/acido sulfurico,9,6,6146
1,155,0,Carbono/agua,9,5,5610
1,155,1,Carbono/amonia,9,4,3875
1,155,2,Carbono/acido sulfurico,9,5,7181
1,155,3,Carbono/metano,0.86475,1,2486
1,155,4,Silicio/agua,9,5,5832
1,155,5,Silicio/acido sulfurico,9,6,6536
1,160,0,Carbono/agua,9,6,6223
1,160,1,Carbono/amonia,9,3,4126
1,160,2,Carbono/acido sulfurico,9,5,7966
1,160,3,Carbono/metano,0.86475,1,2757
1,160,4,Silicio/agua,9,6,6470
1,160,5,Silicio/acido sulfurico,9,6,7055
1,165,0,Carbono/agua,9,7,6898
1,165,1,Carbono/amonia,9,3,4360
1,165,2,Carbono/acido sulfurico,9,5,8831
1,165,3,Carbono/metano,0.86475,1,3057
1,165,4,Silicio/agua,9,7,7173
1,165,5,Silicio/acido sulfurico,9,6,8003
1,170,0,Carbono/agua,9,7,7644
1,170,1,Carbono/amonia,9,3,4619
1,170,2,Carbono/acido sulfurico,9,5,9788
1,170,3,Carbono/metano,8.4,5,3388
1,170,4,Silicio/agua,9,7,7949
1,170,5,Silicio/acido sulfurico,9,6,9051
1,175,0,Carbono/agua,9,7,8470
1,175,1,Carbono/amonia,9,3,4896
1,175,2,Carbono/acido sulfurico,9,5,10815
1,175,3,Carbono/metano,9,5,3744
1,175,4,Silicio/agua,9,7,8804
1,175,5,Silicio/acido sulfurico,9,7,10177
1,180,0,Carbono/agua,9,7,9380
1,180,1,Carbono/amonia,9,3,5174
1,180,2,Carbono/acido sulfurico,9,5,11845
1,180,3,Carbono/metano,9,5,4102
1,180,4,Silicio/agua,9,7,9749
1,180,5,Silicio/acido sulfurico,9,7,11306
1,185,0,Carbono/agua,9,9,10385
1,185,1,Carbono/amonia,9,5,5729
1,185,2,Carbono/acido sulfurico,9,5,12875
1,185,3,Carbono/metano,9,5,4457
1,185,4,Silicio/agua,9,7,10792
1,185,5,Silicio/acido sulfurico,9,7,12435
1,190,0,Carbono/agua,9,9,11495
1,190,1,Carbono/amonia,9,5,6286
1,190,2,Carbono/acido sulfurico,9,5,13904
1,190,3,Carbono/metano,9,5,4814
1,190,4,Silicio/agua,9,7,11942
1,190,5,Silicio/acido sulfurico,9,7,13564
1,195,0,Carbono/agua,9,9,12720
1,195,1,Carbono/amonia,9,5,6841
1,195,2,Carbono/acido sulfurico,9,5,14933
1,195,3,Carbono/metano,9,5,5170
1,195,4,Silicio/agua,9,7,13213
1,195,5,Silicio/acido sulfurico,9,7,14693
1,200,0,Carbono/agua,9,9,14074
1,200,1,Carbono/amonia,9,5,7397
1,200,2,Carbono/acido sulfurico,9,5,15963
1,200,3,Carbono/metano,9,5,5526
1,200,4,Silicio/agua,9,7,14617
1,200,5,Silicio/acido sulfurico,9,7,15822
1,205,0,Carbono/agua,9,9,15568
1,205,1,Carbono/amonia,9,7,7952
1,205,2,Carbono/acido sulfurico,9,5,16581
1,205,3,Carbono/metano,9,5,5882
1,205,4,Silicio/agua,9,7,16166
1,205,5,Silicio/acido sulfurico,9,7,16950
1,210,0,Carbono/agua,9,9,17216
1,210,1,Carbono/amonia,9,7,8507
1,210,2,Carbono/acido sulfurico,9,5,17096
1,210,3,Carbono/metano,9,5,6241
1,210,4,Silicio/agua,9,7,17877
1,210,5,Silicio/acido sulfurico,9,7,18080
1,215,0,Carbono/agua,9,9,19036
1,215,1,Carbono/amonia,9,7,9062
1,215,2,Carbono/acido sulfurico,9,5,17611
1,215,3,Carbono/metano,9,5,6599
1,215,4,Silicio/agua,9,7,19767
1,215,5,Silicio/acido sulfurico,9,7,19209
1,220,0,Carbono/agua,9,9,21046
1,220,1,Carbono/amonia,9,8,9617
1,220,2,Carbono/acido sulfurico,9,5,18126
1,220,3,Carbono/metano,9,5,6955
1,220,4,Silicio/agua,9,7,21855
1,220,5,Silicio/acido sulfurico,9,7,20337
1,225,0,Carbono/agua,9,9,23267
1,225,1,Carbono/amonia,9,8,10173
1,225,2,Carbono/acido sulfurico,9,5,18641
1,225,3,Carbono/metano,9,5,7311
1,225,4,Silicio/agua,9,7,24158
1,225,5,Silicio/acido sulfurico,9,7,21464
1,230,0,Carbono/agua,9,9,25719
1,230,1,Carbono/amonia,9,8,10728
1,230,2,Carbono/acido sulfurico,9,5,19670
1,230,3,Carbono/metano,9,5,7667
1,230,4,Silicio/agua,9,7,26703
1,230,5,Silicio/acido sulfurico,9,7,22593
1,235,0,Carbono/agua,9,9,28378
1,235,1,Carbono/amonia,9,8,11285
1,235,2,Carbono/acido sulfurico,9,5,20698
1,235,3,Carbono/metano,9,5,8023
1,235,4,Silicio/agua,9,7,29462
1,235,5,Silicio/acido sulfurico,9,7,23721
1,240,0,Carbono/agua,9,9,31058
1,240,1,Carbono/amonia,9,8,11840
1,240,2,Carbono/acido sulfurico,9,5,21728
1,240,3,Carbono/metano,9,5,8380
1,240,4,Silicio/agua,9,7,32244
1,240,5,Silicio/acido sulfurico,9,7,24851
1,245,0,Carbono/agua,9,9,33738
1,245,1,Carbono/amonia,9,8,12395
1,245,2,Carbono/acido sulfurico,9,5,22758
1,245,3,Carbono/metano,9,5,8736
1,245,4,Silicio/agua,9,7,35027
1,245,5,Silicio/acido sulfurico,9,7,25980
1,250,0,Carbono/agua,9,9,36418
1,250,1,Carbono/amonia,9,8,12951
1,250,2,Carbono/acido sulfurico,9,5,23788
1,250,3,Carbono/metano,9,5,9093
1,250,4,Silicio/agua,9,7,37809
1,250,5,Silicio/acido sulfurico,9,7,27109
1,255,0,Carbono/agua,9,9,39099
1,255,1,Carbono/amonia,9,8,13508
1,255,2,Carbono/acido sulfurico,9,5,24818
1,255,3,Carbono/metano,9,5,9451
1,255,4,Silicio/agua,9,7,40590
1,255,5,Silicio/acido sulfurico,9,7,28237
1,260,0,Carbono/agua,9,9,41780
1,260,1,Carbono/amonia,9,8,14063
1,260,2,Carbono/acido sulfurico,9,5,25848
1,260,3,Carbono/metano,9,5,9808
1,260,4,Silicio/agua,9,7,43375
1,260,5,Silicio/acido sulfurico,9,7,29367
1,265,0,Carbono/agua,9,9,44462
1,265,1,Carbono/amonia,9,8,14618
1,265,2,Carbono/acido sulfurico,9,5,26877
1,265,3,Carbono/metano,9,5,10165
1,265,4,Silicio/agua,9,7,46158
1,265,5,Silicio/acido sulfurico,9,7,30495
1,270,0,Carbono/agua,9,9,47142
1,270,1,Carbono/amonia,9,8,15173
1,270,2,Carbono/acido sulfurico,9,5,27906
1,270,3,Carbono/metano,9,5,10521
1,270,4,Silicio/agua,9,7,48942
1,270,5,Silicio/acido sulfurico,9,7,31623
1,275,0,Carbono/agua,9,9,49822
1,275,1,Carbono/amonia,9,8,15729
1,275,2,Carbono/acido sulfurico,9,5,28936
1,275,3,Carbono/metano,9,5,10881
1,275,4,Silicio/agua,9,7,51724
1,275,5,Silicio/acido sulfurico,9,7,32751
1,280,0,Carbono/agua,9,9,52503
1,280,1,Carbono/amonia,9,8,16284
1,280,2,Carbono/acido sulfurico,9,5,29966
1,280,3,Carbono/metano,9,5,11203
1,280,4,Silicio/agua,9,7,54509
1,280,5,Silicio/acido sulfurico,9,7,33879
1,285,0,Carbono/agua,9,9,55184
1,285,1,Carbono/amonia,9,8,16840
1,285,2,Carbono/acido sulfurico,9,5,30996
1,285,3,Carbono/metano,9,5,11381
1,285,4,Silicio/agua,9,7,57292
1,285,5,Silicio/acido sulfurico,9,7,35008
1,290,0,Carbono/agua,9,9,57865
1,290,1,Carbono/amonia,9,8,17397
1,290,2,Carbono/acido sulfurico,9,5,32025
1,290,3,Carbono/metano,9,5,11558
1,290,4,Silicio/agua,9,7,60072
1,290,5,Silicio/acido sulfurico,9,7,36136
1,295,0,Carbono/agua,9,9,60545
1,295,1,Carbono/amonia,9,8,17952
1,295,2,Carbono/acido sulfurico,9,5,33055
1,295,3,Carbono/metano,9,5,11736
1,295,4,Silicio/agua,9,7,62857
1,295,5,Silicio/acido sulfurico,9,7,37264
1,300,0,Carbono/agua,9,9,63225
1,300,1,Carbono/amonia,9,8,18507
1,300,2,Carbono/acido sulfurico,9,5,34084
1,300,3,Carbono/metano,9,5,11916
1,300,4,Silicio/agua,9,7,65640
1,300,5,Silicio/acido sulfurico,9,7,38393
2,0,0,Carbono/agua,nan,0,5
2,0,1,Carbono/amonia,-0.166947,1,4
2,0,2,Carbono/acido sulfurico,nan,0,7
2,0,3,Carbono/metano,-0.188342,1,2
2,0,4,Silicio/agua,-0.221973,1,6
2,0,5,Silicio/acido sulfurico,6,3,7
2,5,0,Carbono/agua,-0.228648,1,35
2,5,1,Carbono/amonia,0.332595,1,24
2,5,2,Carbono/acido sulfurico,0.106262,1,43
2,5,3,Carbono/metano,-0.167285,1,14
2,5,4,Silicio/agua,-0.115019,1,27
2,5,5,Silicio/acido sulfurico,8.80075,5,48
2,10,0,Carbono/agua,-0.137305,1,65
2,10,1,Carbono/amonia,0.799081,1,46
2,10,2,Carbono/acido sulfurico,0.1661,1,83
2,10,3,Carbono/metano,-0.057127,1,28
2,10,4,Silicio/agua,0.23226,1,45
2,10,5,Silicio/acido sulfurico,9,5,90
2,15,0,Carbono/agua,-0.0772726,1,99
2,15,1,Carbono/amonia,0.799081,1,71
2,15,2,Carbono/acido sulfurico,6.32724,3,128
2,15,3,Carbono/metano,-0.057127,1,43
2,15,4,Silicio/agua,0.23226,1,62
2,15,5,Silicio/acido sulfurico,9,5,139
2,20,0,Carbono/agua,-0.00158112,1,136
2,20,1,Carbono/amonia,0.799081,1,96
2,20,2,Carbono/acido sulfurico,7.15073,3,178
2,20,3,Carbono/metano,-0.057127,1,60
2,20,4,Silicio/agua,0.23226,1,81
2,20,5,Silicio/acido sulfurico,9,5,193
2,25,0,Carbono/agua,-0.00158112,1,179
2,25,1,Carbono/amonia,0.799081,1,126
2,25,2,Carbono/acido sulfurico,7.6958,3,234
2,25,3,Carbono/metano,-0.0288429,1,79
2,25,4,Silicio/agua,7.44943,2,104
2,25,5,Silicio/acido sulfurico,9,6,255
2,30,0,Carbono/agua,0.208987,1,226
2,30,1,Carbono/amonia,0.799081,1,158
2,30,2,Carbono/acido sulfurico,8.4,3,295
2,30,3,Carbono/metano,0.489938,1,95
2,30,4,Silicio/agua,7.44943,2,148
2,30,5,Silicio/acido sulfurico,9,6,321
2,35,0,Carbono/agua,6,2,279
2,35,1,Carbono/amonia,6.77646,3,192
2,35,2,Carbono/acido sulfurico,8.4,3,362
2,35,3,Carbono/metano,0.489938,1,106
2,35,4,Silicio/agua,7.44943,2,200
2,35,5,Silicio/acido sulfurico,9,6,392
2,40,0,Carbono/agua,6,2,336
2,40,1,Carbono/amonia,6.77646,3,232
2,40,2,Carbono/acido sulfurico,8.4,4,436
2,40,3,Carbono/metano,0.489938,1,118
2,40,4,Silicio/agua,7.44943,2,259
2,40,5,Silicio/acido sulfurico,9,6,472
2,45,0,Carbono/agua,6.29088,3,398
2,45,1,Carbono/amonia,6.77646,3,276
2,45,2,Carbono/acido sulfurico,8.4,5,518
2,45,3,Carbono/metano,0.489938,1,131
2,45,4,Silicio/agua,7.44943,2,324
2,45,5,Silicio/acido sulfurico,9,6,559
2,50,0,Carbono/agua,6.70601,3,469
2,50,1,Carbono/amonia,7.53449,3,324
2,50,2,Carbono/acido sulfurico,8.70321,5,607
2,50,3,Carbono/metano,0.600837,1,146
2,50,4,Silicio/agua,7.44943,2,395
2,50,5,Silicio/acido sulfurico,9,6,655
2,55,0,Carbono/agua,6.98293,3,546
2,55,1,Carbono/amonia,8.20581,3,377
2,55,2,Carbono/acido sulfurico,8.96656,5,706
2,55,3,Carbono/metano,0.62122,1,175
2,55,4,Silicio/agua,7.44943,2,475
2,55,5,Silicio/acido sulfurico,9,6,763
2,60,0,Carbono/agua,7.53934,3,631
2,60,1,Carbono/amonia,8.20581,3,436
2,60,2,Carbono/acido sulfurico,9,5,815
2,60,3,Carbono/metano,0.62122,1,200
2,60,4,Silicio/agua,7.44943,2,563
2,60,5,Silicio/acido sulfurico,9,6,882
2,65,0,Carbono/agua,7.65047,3,723
2,65,1,Carbono/amonia,8.20581,3,499
2,65,2,Carbono/acido sulfurico,9,5,935
2,65,3,Carbono/metano,0.62122,1,220
2,65,4,Silicio/agua,7.44943,1,659
2,65,5,Silicio/acido sulfurico,9,4,1013
2,70,0,Carbono/agua,7.65047,3,826
2,70,1,Carbono/amonia,8.20581,3,570
2,70,2,Carbono/acido sulfurico,9,6,1066
2,70,3,Carbono/metano,0.62122,1,242
2,70,4,Silicio/agua,7.44943,2,713
2,70,5,Silicio/acido sulfurico,9,6,1085
2,75,0,Carbono/agua,7.65047,3,939
2,75,1,Carbono/amonia,8.22102,3,648
2,75,2,Carbono/acido sulfurico,9,6,1212
2,75,3,Carbono/metano,0.62122,1,267
2,75,4,Silicio/agua,7.44943,2,772
2,75,5,Silicio/acido sulfurico,9,6,1165
2,80,0,Carbono/agua,7.65047,4,1065
2,80,1,Carbono/amonia,8.22102,3,736
2,80,2,Carbono/acido sulfurico,9,6,1372
2,80,3,Carbono/metano,0.62122,1,293
2,80,4,Silicio/agua,7.44943,2,837
2,80,5,Silicio/acido sulfurico,9,6,1255
2,85,0,Carbono/agua,7.65047,5,1204
2,85,1,Carbono/amonia,8.51968,4,831
2,85,2,Carbono/acido sulfurico,9,6,1549
2,85,3,Carbono/metano,0.62122,1,350
2,85,4,Silicio/agua,7.44943,2,910
2,85,5,Silicio/acido sulfurico,9,6,1352
2,90,0,Carbono/agua,8.14085,6,1357
2,90,1,Carbono/amonia,8.82578,4,936
2,90,2,Carbono/acido sulfurico,9,7,1745
2,90,3,Carbono/metano,0.777969,1,418
2,90,4,Silicio/agua,7.44943,2,1008
2,90,5,Silicio/acido sulfurico,9,6,1483
2,95,0,Carbono/agua,9,6,1528
2,95,1,Carbono/amonia,8.99512,4,1054
2,95,2,Carbono/acido sulfurico,9,7,1962
2,95,3,Carbono/metano,0.777969,1,492
2,95,4,Silicio/agua,7.44943,2,1183
2,95,5,Silicio/acido sulfurico,9,7,1720
2,100,0,Carbono/agua,9,8,1717
2,100,1,Carbono/amonia,8.99512,4,1183
2,100,2,Carbono/acido sulfurico,9,7,2200
2,100,3,Carbono/metano,0.781608,1,574
2,100,4,Silicio/agua,7.44943,2,1379
2,100,5,Silicio/acido sulfurico,9,7,1981
2,105,0,Carbono/agua,9,8,1923
2,105,1,Carbono/amonia,8.99512,4,1326
2,105,2,Carbono/acido sulfurico,9,7,2464
2,105,3,Carbono/metano,0.960311,1,666
2,105,4,Silicio/agua,7.44943,4,1594
2,105,5,Silicio/acido sulfurico,9,7,2270
2,110,0,Carbono/agua,9,8,2149
2,110,1,Carbono/amonia,9,4,1482
2,110,2,Carbono/acido sulfurico,9,7,2755
2,110,3,Carbono/metano,0.960311,1,768
2,110,4,Silicio/agua,7.44943,5,1829
2,110,5,Silicio/acido sulfurico,9,7,2588
2,115,0,Carbono/agua,9,8,2401
2,115,1,Carbono/amonia,9,4,1656
2,115,2,Carbono/acido sulfurico,9,7,3077
2,115,3,Carbono/metano,0.960311,1,879
2,115,4,Silicio/agua,7.44943,5,2089
2,115,5,Silicio/acido sulfurico,9,7,2942
2,120,0,Carbono/agua,9,8,2677
2,120,1,Carbono/amonia,9,4,1847
2,120,2,Carbono/acido sulfurico,9,7,3431
2,120,3,Carbono/metano,0.960311,1,1003
2,120,4,Silicio/agua,9,5,2378
2,120,5,Silicio/acido sulfurico,9,7,3331
2,125,0,Carbono/agua,9,8,2983
2,125,1,Carbono/amonia,9,4,2060
2,125,2,Carbono/acido sulfurico,9,7,3823
2,125,3,Carbono/metano,0.960311,1,1139
2,125,4,Silicio/agua,9,6,2696
2,125,5,Silicio/acido sulfurico,9,7,3761
2,130,0,Carbono/agua,9,8,3322
2,130,1,Carbono/amonia,9,4,2295
2,130,2,Carbono/acido sulfurico,9,7,4258
2,130,3,Carbono/metano,0.960311,1,1290
2,130,4,Silicio/agua,9,7,3048
2,130,5,Silicio/acido sulfurico,9,7,4236
2,135,0,Carbono/agua,9,8,3695
2,135,1,Carbono/amonia,9,4,2552
2,135,2,Carbono/acido sulfurico,9,7,4736
2,135,3,Carbono/metano,0.960311,1,1457
2,135,4,Silicio/agua,9,8,3437
2,135,5,Silicio/acido sulfurico,9,7,4760
2,140,0,Carbono/agua,9,8,4109
2,140,1,Carbono/amonia,9,4,2837
2,140,2,Carbono/acido sulfurico,9,7,5264
2,140,3,Carbono/metano,0.960311,1,1640
2,140,4,Silicio/agua,9,8,3865
2,140,5,Silicio/acido sulfurico,9,7,5340
2,145,0,Carbono/agua,9,8,4565
2,145,1,Carbono/amonia,9,4,3152
2,145,2,Carbono/acido sulfurico,9,7,5846
2,145,3,Carbono/metano,0.960311,1,1843
2,145,4,Silicio/agua,9,8,4338
2,145,5,Silicio/acido sulfurico,9,7,5980
2,150,0,Carbono/agua,9,8,5069
2,150,1,Carbono/amonia,9,4,3499
2,150,2,Carbono/acido sulfurico,9,7,6357
2,150,3,Carbono/metano,0.960311,1,2065
2,150,4,Silicio/agua,9,8,4859
2,150,5,Silicio/acido sulfurico,9,7,6685
2,155,0,Carbono/agua,9,8,5624
2,155,1,Carbono/amonia,9,4,3882
2,155,2,Carbono/acido sulfurico,9,7,6712
2,155,3,Carbono/metano,7.48328,3,2311
2,155,4,Silicio/agua,9,8,5436
2,155,5,Silicio/acido sulfurico,9,7,7465
2,160,0,Carbono/agua,9,8,6237
2,160,1,Carbono/amonia,9,5,4306
2,160,2,Carbono/acido sulfurico,9,7,7104
2,160,3,Carbono/metano,9,4,2581
2,160,4,Silicio/agua,9,8,6073
2,160,5,Silicio/acido sulfurico,9,7,8326
2,165,0,Carbono/agua,9,8,6913
2,165,1,Carbono/amonia,9,5,4774
2,165,2,Carbono/acido sulfurico,9,7,7537
2,165,3,Carbono/metano,9,5,2881
2,165,4,Silicio/agua,9,8,6775
2,165,5,Silicio/acido sulfurico,9,7,9276
2,170,0,Carbono/agua,9,8,7659
2,170,1,Carbono/amonia,9,5,5289
2,170,2,Carbono/acido sulfurico,9,7,8015
2,170,3,Carbono/metano,9,5,3211
2,170,4,Silicio/agua,9,8,7551
2,170,5,Silicio/acido sulfurico,9,7,10323
2,175,0,Carbono/agua,9,8,8483
2,175,1,Carbono/amonia,9,5,5843
2,175,2,Carbono/acido sulfurico,9,7,8837
2,175,3,Carbono/metano,9,5,3565
2,175,4,Silicio/agua,9,8,8407
2,175,5,Silicio/acido sulfurico,9,7,11449
2,180,0,Carbono/agua,9,8,9392
2,180,1,Carbono/amonia,9,4,6288
2,180,2,Carbono/acido sulfurico,9,7,9867
2,180,3,Carbono/metano,9,5,3921
2,180,4,Silicio/agua,9,8,9350
2,180,5,Silicio/acido sulfurico,9,7,12578
2,185,0,Carbono/agua,9,8,10397
2,185,1,Carbono/amonia,9,4,6564
2,185,2,Carbono/acido sulfurico,9,7,10897
2,185,3,Carbono/metano,9,5,4277
2,185,4,Silicio/agua,9,8,10394
2,185,5,Silicio/acido sulfurico,9,7,13708
2,190,0,Carbono/agua,9,8,11507
2,190,1,Carbono/amonia,9,4,6842
2,190,2,Carbono/acido sulfurico,9,7,11927
2,190,3,Carbono/metano,9,5,4635
2,190,4,Silicio/agua,9,8,11546
2,190,5,Silicio/acido sulfurico,9,8,14837
2,195,0,Carbono/agua,9,8,12733
2,195,1,Carbono/amonia,9,4,7121
2,195,2,Carbono/acido sulfurico,9,7,12957
2,195,3,Carbono/metano,9,5,4990
2,195,4,Silicio/agua,9,8,12818
2,195,5,Silicio/acido sulfurico,9,8,15965
2,200,0,Carbono/agua,9,8,14086
2,200,1,Carbono/amonia,9,5,7399
2,200,2,Carbono/acido sulfurico,9,7,13986
2,200,3,Carbono/metano,9,5,5346
2,200,4,Silicio/agua,9,5,13655
2,200,5,Silicio/acido sulfurico,9,8,17095
2,205,0,Carbono/agua,9,8,15580
2,205,1,Carbono/amonia,9,5,7844
2,205,2,Carbono/acido sulfurico,9,7,15016
2,205,3,Carbono/metano,9,5,5702
2,205,4,Silicio/agua,9,5,14430
2,205,5,Silicio/acido sulfurico,9,8,18225
2,210,0,Carbono/agua,9,8,17228
2,210,1,Carbono/amonia,9,5,8399
2,210,2,Carbono/acido sulfurico,9,7,16046
2,210,3,Carbono/metano,9,5,6058
2,210,4,Silicio/agua,9,5,15286
2,210,5,Silicio/acido sulfurico,9,8,19354
2,215,0,Carbono/agua,9,8,19050
2,215,1,Carbono/amonia,9,6,8954
2,215,2,Carbono/acido sulfurico,9,7,17076
2,215,3,Carbono/metano,9,5,6415
2,215,4,Silicio/agua,9,5,16231
2,215,5,Silicio/acido sulfurico,9,8,20482
2,220,0,Carbono/agua,9,8,21061
2,220,1,Carbono/amonia,9,4,9289
2,220,2,Carbono/acido sulfurico,9,7,18105
2,220,3,Carbono/metano,9,5,6773
2,220,4,Silicio/agua,9,5,17274
2,220,5,Silicio/acido sulfurico,9,8,21612
2,225,0,Carbono/agua,9,8,23280
2,225,1,Carbono/amonia,9,4,9565
2,225,2,Carbono/acido sulfurico,9,7,19135
2,225,3,Carbono/metano,9,5,7130
2,225,4,Silicio/agua,9,5,19579
2,225,5,Silicio/acido sulfurico,9,8,22739
2,230,0,Carbono/agua,9,8,25730
2,230,1,Carbono/amonia,9,5,9843
2,230,2,Carbono/acido sulfurico,9,7,20164
2,230,3,Carbono/metano,9,5,7485
2,230,4,Silicio/agua,9,7,22123
2,230,5,Silicio/acido sulfurico,9,8,23867
2,235,0,Carbono/agua,9,8,28390
2,235,1,Carbono/amonia,9,6,10122
2,235,2,Carbono/acido sulfurico,9,7,21194
2,235,3,Carbono/metano,9,5,7840
2,235,4,Silicio/agua,9,7,24885
2,235,5,Silicio/acido sulfurico,9,8,24995
2,240,0,Carbono/agua,9,8,31070
2,240,1,Carbono/amonia,9,6,10400
2,240,2,Carbono/acido sulfurico,9,7,22224
2,240,3,Carbono/metano,9,5,8196
2,240,4,Silicio/agua,9,7,27665
2,240,5,Silicio/acido sulfurico,9,8,26124
2,245,0,Carbono/agua,9,8,33750
2,245,1,Carbono/amonia,9,6,10955
2,245,2,Carbono/acido sulfurico,9,7,23253
2,245,3,Carbono/metano,9,5,8552
2,245,4,Silicio/agua,9,7,30447
2,245,5,Silicio/acido sulfurico,9,8,27253
2,250,0,Carbono/agua,9,8,36431
2,250,1,Carbono/amonia,9,5,11400
2,250,2,Carbono/acido sulfurico,9,7,24283
2,250,3,Carbono/metano,9,5,8908
2,250,4,Silicio/agua,9,7,33231
2,250,5,Silicio/acido sulfurico,9,8,28382
2,255,0,Carbono/agua,9,8,39112
2,255,1,Carbono/amonia,9,6,11678
2,255,2,Carbono/acido sulfurico,9,7,25312
2,255,3,Carbono/metano,9,5,9263
2,255,4,Silicio/agua,9,7,36015
2,255,5,Silicio/acido sulfurico,9,8,29511
2,260,0,Carbono/agua,9,8,41793
2,260,1,Carbono/amonia,9,6,11956
2,260,2,Carbono/acido sulfurico,9,7,26342
2,260,3,Carbono/metano,9,5,9620
2,260,4,Silicio/agua,9,7,38798
2,260,5,Silicio/acido sulfurico,9,8,30640
2,265,0,Carbono/agua,9,8,43401
2,265,1,Carbono/amonia,9,6,12233
2,265,2,Carbono/acido sulfurico,9,7,27372
2,265,3,Carbono/metano,9,5,9977
2,265,4,Silicio/agua,9,7,41583
2,265,5,Silicio/acido sulfurico,9,8,31769
2,270,0,Carbono/agua,9,8,44741
2,270,1,Carbono/amonia,9,6,12511
2,270,2,Carbono/acido sulfurico,9,7,28402
2,270,3,Carbono/metano,9,5,10332
2,270,4,Silicio/agua,9,7,44365
2,270,5,Silicio/acido sulfurico,9,8,32897
2,275,0,Carbono/agua,9,8,46081
2,275,1,Carbono/amonia,9,6,12956
2,275,2,Carbono/acido sulfurico,9,7,29431
2,275,3,Carbono/metano,9,5,10689
2,275,4,Silicio/agua,9,7,47148
2,275,5,Silicio/acido sulfurico,9,8,34027
2,280,0,Carbono/agua,9,8,47421
2,280,1,Carbono/amonia,9,6,13512
2,280,2,Carbono/acido sulfurico,9,7,30461
2,280,3,Carbono/metano,9,5,11044
2,280,4,Silicio/agua,9,7,49930
2,280,5,Silicio/acido sulfurico,9,8,35157
2,285,0,Carbono/agua,9,8,48762
2,285,1,Carbono/amonia,9,6,13788
2,285,2,Carbono/acido sulfurico,9,7,31491
2,285,3,Carbono/metano,9,5,11402
2,285,4,Silicio/agua,9,7,52713
2,285,5,Silicio/acido sulfurico,9,8,36287
2,290,0,Carbono/agua,9,8,51443
2,290,1,Carbono/amonia,9,6,14066
2,290,2,Carbono/acido sulfurico,9,7,32520
2,290,3,Carbono/metano,9,5,11759
2,290,4,Silicio/agua,9,7,55496
2,290,5,Silicio/acido sulfurico,9,8,37416
2,295,0,Carbono/agua,9,8,54123
2,295,1,Carbono/amonia,9,6,14344
2,295,2,Carbono/acido sulfurico,9,7,33550
2,295,3,Carbono/metano,9,6,12115
2,295,4,Silicio/agua,9,7,58278
2,295,5,Silicio/acido sulfurico,9,8,38544
2,300,0,Carbono/agua,9,8,56806
2,300,1,Carbono/amonia,9,6,14623
2,300,2,Carbono/acido sulfurico,9,7,34580
2,300,3,Carbono/metano,9,6,12471
2,300,4,Silicio/agua,9,7,61062
2,300,5,Silicio/acido sulfurico,9,8,39673
3,0,0,Carbono/agua,nan,0,5
3,0,1,Carbono/amonia,nan,0,3
3,0,2,Carbono/acido sulfurico,nan,0,7
3,0,3,Carbono/metano,nan,0,2
3,0,4,Silicio/agua,-0.459088,1,5
3,0,5,Silicio/acido sulfurico,-0.15582,1,7
3,5,0,Carbono/agua,0.19946,1,33
3,5,1,Carbono/amonia,8.4,4,22
3,5,2,Carbono/acido sulfurico,0.140893,1,43
3,5,3,Carbono/metano,-0.175754,1,14
3,5,4,Silicio/agua,0.0368073,1,34
3,5,5,Silicio/acido sulfurico,-0.0602846,1,47
3,10,0,Carbono/agua,7.12362,2,64
3,10,1,Carbono/amonia,8.41739,5,44
3,10,2,Carbono/acido sulfurico,0.140893,1,83
3,10,3,Carbono/metano,-0.071835,1,28
3,10,4,Silicio/agua,0.0560662,1,67
3,10,5,Silicio/acido sulfurico,0.0913135,1,89
3,15,0,Carbono/agua,7.12362,2,98
3,15,1,Carbono/amonia,9,5,68
3,15,2,Carbono/acido sulfurico,0.160573,1,128
3,15,3,Carbono/metano,-0.071835,1,43
3,15,4,Silicio/agua,0.0560662,1,103
3,15,5,Silicio/acido sulfurico,0.0955137,1,136
3,20,0,Carbono/agua,7.12362,2,137
3,20,1,Carbono/amonia,9,5,95
3,20,2,Carbono/acido sulfurico,0.162349,1,177
3,20,3,Carbono/metano,-0.071835,1,61
3,20,4,Silicio/agua,0.0560662,1,144
3,20,5,Silicio/acido sulfurico,0.131794,1,191
3,25,0,Carbono/agua,7.15487,2,181
3,25,1,Carbono/amonia,9,5,123
3,25,2,Carbono/acido sulfurico,0.234322,1,231
3,25,3,Carbono/metano,6,2,80
3,25,4,Silicio/agua,0.263231,1,186
3,25,5,Silicio/acido sulfurico,0.460804,1,252
3,30,0,Carbono/agua,7.25994,3,227
3,30,1,Carbono/amonia,9,5,155
3,30,2,Carbono/acido sulfurico,0.248298,1,292
3,30,3,Carbono/metano,6,2,100
3,30,4,Silicio/agua,0.263231,1,234
3,30,5,Silicio/acido sulfurico,0.460804,1,319
3,35,0,Carbono/agua,7.30382,3,280
3,35,1,Carbono/amonia,9,5,190
3,35,2,Carbono/acido sulfurico,0.539978,1,357
3,35,3,Carbono/metano,6,3,123
3,35,4,Silicio/agua,0.263231,1,287
3,35,5,Silicio/acido sulfurico,6,2,392
3,40,0,Carbono/agua,7.30382,3,337
3,40,1,Carbono/amonia,9,5,231
3,40,2,Carbono/acido sulfurico,0.539978,1,429
3,40,3,Carbono/metano,6,3,149
3,40,4,Silicio/agua,0.263231,1,347
3,40,5,Silicio/acido sulfurico,6.56795,3,471
3,45,0,Carbono/agua,7.69098,3,399
3,45,1,Carbono/amonia,9,5,274
3,45,2,Carbono/acido sulfurico,0.591712,1,510
3,45,3,Carbono/metano,6,3,175
3,45,4,Silicio/agua,0.266407,1,412
3,45,5,Silicio/acido sulfurico,7.38817,3,559
3,50,0,Carbono/agua,7.69098,3,469
3,50,1,Carbono/amonia,9,5,322
3,50,2,Carbono/acido sulfurico,0.625089,1,599
3,50,3,Carbono/metano,6,2,193
3,50,4,Silicio/agua,0.266407,1,483
3,50,5,Silicio/acido sulfurico,7.38817,3,658
3,55,0,Carbono/agua,9,3,546
3,55,1,Carbono/amonia,9,5,376
3,55,2,Carbono/acido sulfurico,0.625089,1,698
3,55,3,Carbono/metano,6,3,208
3,55,4,Silicio/agua,0.266407,1,563
3,55,5,Silicio/acido sulfurico,8.80075,4,765
3,60,0,Carbono/agua,9,3,631
3,60,1,Carbono/amonia,9,5,434
3,60,2,Carbono/acido sulfurico,0.625089,1,804
3,60,3,Carbono/metano,6,3,226
3,60,4,Silicio/agua,0.266407,1,651
3,60,5,Silicio/acido sulfurico,8.80075,5,883
3,65,0,Carbono/agua,9,3,726
3,65,1,Carbono/amonia,9,5,497
3,65,2,Carbono/acido sulfurico,0.771991,1,924
3,65,3,Carbono/metano,7.09496,4,248
3,65,4,Silicio/agua,0.266407,1,747
3,65,5,Silicio/acido sulfurico,9,5,1014
3,70,0,Carbono/agua,9,3,828
3,70,1,Carbono/amonia,9,5,568
3,70,2,Carbono/acido sulfurico,0.771991,1,1057
3,70,3,Carbono/metano,7.09496,4,272
3,70,4,Silicio/agua,0.266407,1,854
3,70,5,Silicio/acido sulfurico,9,5,1159
3,75,0,Carbono/agua,9,3,942
3,75,1,Carbono/amonia,9,5,648
3,75,2,Carbono/acido sulfurico,0.771991,1,1203
3,75,3,Carbono/metano,8.4,5,322
3,75,4,Silicio/agua,0.266407,1,973
3,75,5,Silicio/acido sulfurico,9,5,1318
3,80,0,Carbono/agua,9,3,1068
3,80,1,Carbono/amonia,9,5,736
3,80,2,Carbono/acido sulfurico,6,2,1365
3,80,3,Carbono/metano,8.54062,5,379
3,80,4,Silicio/agua,0.266407,1,1103
3,80,5,Silicio/acido sulfurico,9,5,1493
3,85,0,Carbono/agua,9,3,1207
3,85,1,Carbono/amonia,9,5,832
3,85,2,Carbono/acido sulfurico,6.77308,3,1543
3,85,3,Carbono/metano,9,5,441
3,85,4,Silicio/agua,0.292711,1,1248
3,85,5,Silicio/acido sulfurico,9,5,1687
3,90,0,Carbono/agua,9,3,1360
3,90,1,Carbono/amonia,9,5,939
3,90,2,Carbono/acido sulfurico,7.75692,3,1738
3,90,3,Carbono/metano,9,3,509
3,90,4,Silicio/agua,0.643545,1,1406
3,90,5,Silicio/acido sulfurico,9,5,1903
3,95,0,Carbono/agua,9,3,1529
3,95,1,Carbono/amonia,9,5,1054
3,95,2,Carbono/acido sulfurico,9,4,1953
3,95,3,Carbono/metano,9,5,547
3,95,4,Silicio/agua,6.12387,2,1583
3,95,5,Silicio/acido sulfurico,9,5,2141
3,100,0,Carbono/agua,9,3,1715
3,100,1,Carbono/amonia,9,5,1182
3,100,2,Carbono/acido sulfurico,9,4,2191
3,100,3,Carbono/metano,9,5,589
3,100,4,Silicio/agua,6.51168,3,1777
3,100,5,Silicio/acido sulfurico,9,5,2402
3,105,0,Carbono/agua,9,3,1922
3,105,1,Carbono/amonia,9,5,1324
3,105,2,Carbono/acido sulfurico,9,4,2455
3,105,3,Carbono/metano,9,5,634
3,105,4,Silicio/agua,7.26437,5,1991
3,105,5,Silicio/acido sulfurico,9,5,2692
3,110,0,Carbono/agua,9,3,2152
3,110,1,Carbono/amonia,9,5,1481
3,110,2,Carbono/acido sulfurico,9,5,2748
3,110,3,Carbono/metano,9,5,685
3,110,4,Silicio/agua,7.42988,5,2131
3,110,5,Silicio/acido sulfurico,9,5,3012
3,115,0,Carbono/agua,9,3,2404
3,115,1,Carbono/amonia,9,5,1655
3,115,2,Carbono/acido sulfurico,9,5,3071
3,115,3,Carbono/metano,9,5,753
3,115,4,Silicio/agua,8.17372,5,2262
3,115,5,Silicio/acido sulfurico,9,5,3365
3,120,0,Carbono/agua,9,5,2682
3,120,1,Carbono/amonia,9,5,1847
3,120,2,Carbono/acido sulfurico,9,5,3426
3,120,3,Carbono/metano,9,5,877
3,120,4,Silicio/agua,8.17372,6,2405
3,120,5,Silicio/acido sulfurico,9,5,3755
3,125,0,Carbono/agua,9,7,2991
3,125,1,Carbono/amonia,9,5,2060
3,125,2,Carbono/acido sulfurico,9,5,3817
3,125,3,Carbono/metano,9,4,999
3,125,4,Silicio/agua,8.59008,6,2565
3,125,5,Silicio/acido sulfurico,9,5,4184
3,130,0,Carbono/agua,9,7,3329
3,130,1,Carbono/amonia,9,5,2295
3,130,2,Carbono/acido sulfurico,9,5,4251
3,130,3,Carbono/metano,9,4,1074
3,130,4,Silicio/agua,8.59008,6,2740
3,130,5,Silicio/acido sulfurico,9,5,4659
3,135,0,Carbono/agua,9,7,3704
3,135,1,Carbono/amonia,9,5,2552
3,135,2,Carbono/acido sulfurico,9,5,4728
3,135,3,Carbono/metano,9,4,1159
3,135,4,Silicio/agua,8.59008,7,3128
3,135,5,Silicio/acido sulfurico,9,5,5184
3,140,0,Carbono/agua,9,7,4117
3,140,1,Carbono/amonia,9,5,2837
3,140,2,Carbono/acido sulfurico,9,5,5255
3,140,3,Carbono/metano,9,4,1250
3,140,4,Silicio/agua,9,7,3555
3,140,5,Silicio/acido sulfurico,9,5,5703
3,145,0,Carbono/agua,9,7,4571
3,145,1,Carbono/amonia,9,5,3151
3,145,2,Carbono/acido sulfurico,9,5,5837
3,145,3,Carbono/metano,9,4,1350
3,145,4,Silicio/agua,9,7,4027
3,145,5,Silicio/acido sulfurico,9,5,6023
3,150,0,Carbono/agua,9,7,5073
3,150,1,Carbono/amonia,9,5,3498
3,150,2,Carbono/acido sulfurico,9,5,6481
3,150,3,Carbono/metano,9,4,1509
3,150,4,Silicio/agua,9,7,4548
3,150,5,Silicio/acido sulfurico,9,5,6375
3,155,0,Carbono/agua,9,7,5628
3,155,1,Carbono/amonia,9,5,3881
3,155,2,Carbono/acido sulfurico,9,5,7191
3,155,3,Carbono/metano,9,5,1756
3,155,4,Silicio/agua,9,7,5123
3,155,5,Silicio/acido sulfurico,9,5,6764
3,160,0,Carbono/agua,9,7,6240
3,160,1,Carbono/amonia,9,6,4304
3,160,2,Carbono/acido sulfurico,9,5,7976
3,160,3,Carbono/metano,9,5,2028
3,160,4,Silicio/agua,9,7,5761
3,160,5,Silicio/acido sulfurico,9,5,7194
3,165,0,Carbono/agua,9,7,6916
3,165,1,Carbono/amonia,9,6,4772
3,165,2,Carbono/acido sulfurico,9,5,8844
3,165,3,Carbono/metano,9,5,2328
3,165,4,Silicio/agua,9,7,6464
3,165,5,Silicio/acido sulfurico,9,6,7865
3,170,0,Carbono/agua,9,7,7664
3,170,1,Carbono/amonia,9,6,5029
3,170,2,Carbono/acido sulfurico,9,5,9800
3,170,3,Carbono/metano,9,5,2658
3,170,4,Silicio/agua,9,7,7239
3,170,5,Silicio/acido sulfurico,9,6,8914
3,175,0,Carbono/agua,9,7,8488
3,175,1,Carbono/amonia,9,6,5306
3,175,2,Carbono/acido sulfurico,9,5,10827
3,175,3,Carbono/metano,9,5,3014
3,175,4,Silicio/agua,9,7,8094
3,175,5,Silicio/acido sulfurico,9,7,10041
3,180,0,Carbono/agua,9,7,9398
3,180,1,Carbono/amonia,9,6,5583
3,180,2,Carbono/acido sulfurico,9,5,11857
3,180,3,Carbono/metano,9,6,3371
3,180,4,Silicio/agua,9,7,9038
3,180,5,Silicio/acido sulfurico,9,7,11171
3,185,0,Carbono/agua,9,7,10403
3,185,1,Carbono/amonia,9,6,5859
3,185,2,Carbono/acido sulfurico,9,6,12887
3,185,3,Carbono/metano,9,6,3727
3,185,4,Silicio/agua,9,7,10081
3,185,5,Silicio/acido sulfurico,9,7,12301
3,190,0,Carbono/agua,9,7,11514
3,190,1,Carbono/amonia,9,6,6192
3,190,2,Carbono/acido sulfurico,9,6,13917
3,190,3,Carbono/metano,9,6,4085
3,190,4,Silicio/agua,9,7,11234
3,190,5,Silicio/acido sulfurico,9,7,13430
3,195,0,Carbono/agua,9,7,12739
3,195,1,Carbono/amonia,9,6,6748
3,195,2,Carbono/acido sulfurico,9,7,14946
3,195,3,Carbono/metano,9,6,4442
3,195,4,Silicio/agua,9,7,12506
3,195,5,Silicio/acido sulfurico,9,7,14558
3,200,0,Carbono/agua,9,7,14093
3,200,1,Carbono/amonia,9,6,7304
3,200,2,Carbono/acido sulfurico,9,7,15976
3,200,3,Carbono/metano,9,7,4799
3,200,4,Silicio/agua,9,7,13911
3,200,5,Silicio/acido sulfurico,9,7,15688
3,205,0,Carbono/agua,9,7,15587
3,205,1,Carbono/amonia,9,6,7859
3,205,2,Carbono/acido sulfurico,9,7,17006
3,205,3,Carbono/metano,9,7,5155
3,205,4,Silicio/agua,9,7,15463
3,205,5,Silicio/acido sulfurico,9,7,16817
3,210,0,Carbono/agua,9,7,17236
3,210,1,Carbono/amonia,9,6,8415
3,210,2,Carbono/acido sulfurico,9,7,18036
3,210,3,Carbono/metano,9,7,5510
3,210,4,Silicio/agua,9,7,17175
3,210,5,Silicio/acido sulfurico,9,7,17947
3,215,0,Carbono/agua,9,7,19057
3,215,1,Carbono/amonia,9,6,8971
3,215,2,Carbono/acido sulfurico,9,7,19066
3,215,3,Carbono/metano,9,7,5868
3,215,4,Silicio/agua,9,7,19065
3,215,5,Silicio/acido sulfurico,9,7,19074
3,220,0,Carbono/agua,9,7,21067
3,220,1,Carbono/amonia,9,6,9526
3,220,2,Carbono/acido sulfurico,9,7,20096
3,220,3,Carbono/metano,9,7,6225
3,220,4,Silicio/agua,9,7,21153
3,220,5,Silicio/acido sulfurico,9,7,20203
3,225,0,Carbono/agua,9,7,23285
3,225,1,Carbono/amonia,9,6,10081
3,225,2,Carbono/acido sulfurico,9,7,21126
3,225,3,Carbono/metano,9,7,6582
3,225,4,Silicio/agua,9,7,23457
3,225,5,Silicio/acido sulfurico,9,7,21333
3,230,0,Carbono/agua,9,7,25735
3,230,1,Carbono/amonia,9,7,10636
3,230,2,Carbono/acido sulfurico,9,7,22156
3,230,3,Carbono/metano,9,7,6940
3,230,4,Silicio/agua,9,7,26002
3,230,5,Silicio/acido sulfurico,9,7,22461
3,235,0,Carbono/agua,9,7,28395
3,235,1,Carbono/amonia,9,7,11192
3,235,2,Carbono/acido sulfurico,9,7,23186
3,235,3,Carbono/metano,9,7,7299
3,235,4,Silicio/agua,9,7,28762
3,235,5,Silicio/acido sulfurico,9,7,23591
3,240,0,Carbono/agua,9,7,31076
3,240,1,Carbono/amonia,9,7,11748
3,240,2,Carbono/acido sulfurico,9,7,24216
3,240,3,Carbono/metano,9,7,7656
3,240,4,Silicio/agua,9,7,31545
3,240,5,Silicio/acido sulfurico,9,7,24720
3,245,0,Carbono/agua,9,7,33756
3,245,1,Carbono/amonia,9,7,12303
3,245,2,Carbono/acido sulfurico,9,7,25143
3,245,3,Carbono/metano,9,5,7871
3,245,4,Silicio/agua,9,7,34330
3,245,5,Silicio/acido sulfurico,9,7,25847
3,250,0,Carbono/agua,9,7,36436
3,250,1,Carbono/amonia,9,7,12858
3,250,2,Carbono/acido sulfurico,9,5,25657
3,250,3,Carbono/metano,9,5,8050
3,250,4,Silicio/agua,9,7,37112
3,250,5,Silicio/acido sulfurico,9,7,26977
3,255,0,Carbono/agua,9,7,39116
3,255,1,Carbono/amonia,9,7,13414
3,255,2,Carbono/acido sulfurico,9,6,26172
3,255,3,Carbono/metano,9,3,8227
3,255,4,Silicio/agua,9,7,39895
3,255,5,Silicio/acido sulfurico,9,7,28107
3,260,0,Carbono/agua,9,7,41796
3,260,1,Carbono/amonia,9,7,13969
3,260,2,Carbono/acido sulfurico,9,6,26686
3,260,3,Carbono/metano,9,4,8406
3,260,4,Silicio/agua,9,7,42677
3,260,5,Silicio/acido sulfurico,9,7,29237
3,265,0,Carbono/agua,9,7,44476
3,265,1,Carbono/amonia,9,7,14525
3,265,2,Carbono/acido sulfurico,9,7,27201
3,265,3,Carbono/metano,9,5,8586
3,265,4,Silicio/agua,9,7,45459
3,265,5,Silicio/acido sulfurico,9,7,30367
3,270,0,Carbono/agua,9,7,47158
3,270,1,Carbono/amonia,9,7,15080
3,270,2,Carbono/acido sulfurico,9,7,27715
3,270,3,Carbono/metano,9,5,8763
3,270,4,Silicio/agua,9,7,48243
3,270,5,Silicio/acido sulfurico,9,7,31497
3,275,0,Carbono/agua,9,7,49839
3,275,1,Carbono/amonia,9,7,15635
3,275,2,Carbono/acido sulfurico,9,7,28745
3,275,3,Carbono/metano,9,5,8939
3,275,4,Silicio/agua,9,7,51027
3,275,5,Silicio/acido sulfurico,9,7,32625
3,280,0,Carbono/agua,9,7,52519
3,280,1,Carbono/amonia,9,7,16191
3,280,2,Carbono/acido sulfurico,9,7,29775
3,280,3,Carbono/metano,9,5,9188
3,280,4,Silicio/agua,9,7,53810
3,280,5,Silicio/acido sulfurico,9,7,33755
3,285,0,Carbono/agua,9,7,55201
3,285,1,Carbono/amonia,9,7,16748
3,285,2,Carbono/acido sulfurico,9,7,30805
3,285,3,Carbono/metano,9,5,9547
3,285,4,Silicio/agua,9,7,56594
3,285,5,Silicio/acido sulfurico,9,7,34884
3,290,0,Carbono/agua,9,7,57883
3,290,1,Carbono/amonia,9,7,17304
3,290,2,Carbono/acido sulfurico,9,7,31835
3,290,3,Carbono/metano,9,5,9907
3,290,4,Silicio/agua,9,7,59377
3,290,5,Silicio/acido sulfurico,9,7,36011
3,295,0,Carbono/agua,9,7,60563
3,295,1,Carbono/amonia,9,7,17860
3,295,2,Carbono/acido sulfurico,9,7,32864
3,295,3,Carbono/metano,9,7,10264
3,295,4,Silicio/agua,9,7,62160
3,295,5,Silicio/acido sulfurico,9,7,37140
3,300,0,Carbono/agua,9,7,63243
3,300,1,Carbono/amonia,9,7,18415
3,300,2,Carbono/acido sulfurico,9,7,33894
3,300,3,Carbono/metano,9,7,10620
3,300,4,Silicio/agua,9,7,64943
3,300,5,Silicio/acido sulfurico,9,7,38269
4,0,0,Carbono/agua,-0.510018,1,6
4,0,1,Carbono/amonia,-0.0973008,1,3
4,0,2,Carbono/acido sulfurico,-0.0841805,1,7
4,0,3,Carbono/metano,nan,0,2
4,0,4,Silicio/agua,-0.408503,1,6
4,0,5,Silicio/acido sulfurico,-0.224824,1,7
4,5,0,Carbono/agua,-0.0548951,1,34
4,5,1,Carbono/amonia,-0.0340882,1,21
4,5,2,Carbono/acido sulfurico,-0.039161,1,45
4,5,3,Carbono/metano,-0.225785,1,15
4,5,4,Silicio/agua,-0.190703,1,35
4,5,5,Silicio/acido sulfurico,6.76544,2,46
4,10,0,Carbono/agua,-0.0548951,1,65
4,10,1,Carbono/amonia,0.0193881,1,44
4,10,2,Carbono/acido sulfurico,0.148233,1,84
4,10,3,Carbono/metano,-0.225785,1,30
4,10,4,Silicio/agua,-0.190703,1,68
4,10,5,Silicio/acido sulfurico,7.07915,3,90
4,15,0,Carbono/agua,-0.0548951,1,98
4,15,1,Carbono/amonia,0.0443761,1,67
4,15,2,Carbono/acido sulfurico,0.453692,1,128
4,15,3,Carbono/metano,-0.225785,1,45
4,15,4,Silicio/agua,-0.156897,1,105
4,15,5,Silicio/acido sulfurico,7.5,3,137
4,20,0,Carbono/agua,-0.0041526,1,137
4,20,1,Carbono/amonia,0.137189,1,94
4,20,2,Carbono/acido sulfurico,0.453692,1,177
4,20,3,Carbono/metano,-0.123946,1,61
4,20,4,Silicio/agua,-0.136557,1,144
4,20,5,Silicio/acido sulfurico,7.5,4,191
4,25,0,Carbono/agua,-4.34294e-07,1,179
4,25,1,Carbono/amonia,0.13942,1,123
4,25,2,Carbono/acido sulfurico,7.10521,3,231
4,25,3,Carbono/metano,-0.123946,1,80
4,25,4,Silicio/agua,-0.136557,1,188
4,25,5,Silicio/acido sulfurico,8.45762,6,250
4,30,0,Carbono/agua,-4.34294e-07,1,224
4,30,1,Carbono/amonia,0.13942,1,156
4,30,2,Carbono/acido sulfurico,7.10521,4,291
4,30,3,Carbono/metano,-0.090227,1,100
4,30,4,Silicio/agua,0.0120303,1,237
4,30,5,Silicio/acido sulfurico,8.45762,6,315
4,35,0,Carbono/agua,0.202234,1,276
4,35,1,Carbono/amonia,0.187577,1,192
4,35,2,Carbono/acido sulfurico,8.33141,4,356
4,35,3,Carbono/metano,-4.34294e-07,1,123
4,35,4,Silicio/agua,0.0707587,1,291
4,35,5,Silicio/acido sulfurico,8.45762,6,388
4,40,0,Carbono/agua,0.202234,1,334
4,40,1,Carbono/amonia,0.187577,1,231
4,40,2,Carbono/acido sulfurico,8.33141,6,429
4,40,3,Carbono/metano,6,2,149
4,40,4,Silicio/agua,0.0707587,1,350
4,40,5,Silicio/acido sulfurico,8.45762,6,466
4,45,0,Carbono/agua,6,2,397
4,45,1,Carbono/amonia,0.199096,1,274
4,45,2,Carbono/acido sulfurico,8.33141,7,509
4,45,3,Carbono/metano,6.48697,3,178
4,45,4,Silicio/agua,0.174708,1,415
4,45,5,Silicio/acido sulfurico,8.60381,6,527
4,50,0,Carbono/agua,6,2,467
4,50,1,Carbono/amonia,0.262711,1,322
4,50,2,Carbono/acido sulfurico,9,7,597
4,50,3,Carbono/metano,6.48697,4,209
4,50,4,Silicio/agua,0.174708,1,487
4,50,5,Silicio/acido sulfurico,8.60381,6,575
4,55,0,Carbono/agua,6,2,543
4,55,1,Carbono/amonia,0.309191,1,374
4,55,2,Carbono/acido sulfurico,9,7,695
4,55,3,Carbono/metano,6.48697,4,243
4,55,4,Silicio/agua,0.461706,1,568
4,55,5,Silicio/acido sulfurico,8.60381,7,630
4,60,0,Carbono/agua,6,2,629
4,60,1,Carbono/amonia,0.374598,1,433
4,60,2,Carbono/acido sulfurico,9,7,802
4,60,3,Carbono/metano,6.48697,4,281
4,60,4,Silicio/agua,0.461706,1,656
4,60,5,Silicio/acido sulfurico,8.70321,7,690
4,65,0,Carbono/agua,6,2,723
4,65,1,Carbono/amonia,6.39359,2,498
4,65,2,Carbono/acido sulfurico,9,8,920
4,65,3,Carbono/metano,7.27786,5,323
4,65,4,Silicio/agua,0.461706,1,754
4,65,5,Silicio/acido sulfurico,8.70321,7,755
4,70,0,Carbono/agua,6,2,826
4,70,1,Carbono/amonia,6.72666,3,569
4,70,2,Carbono/acido sulfurico,9,8,1052
4,70,3,Carbono/metano,7.51782,5,369
4,70,4,Silicio/agua,0.461706,1,862
4,70,5,Silicio/acido sulfurico,9,7,886
4,75,0,Carbono/agua,6,2,939
4,75,1,Carbono/amonia,7.09177,3,640
4,75,2,Carbono/acido sulfurico,9,8,1197
4,75,3,Carbono/metano,7.51782,5,419
4,75,4,Silicio/agua,0.461706,1,980
4,75,5,Silicio/acido sulfurico,9,7,1045
4,80,0,Carbono/agua,8.4,3,1064
4,80,1,Carbono/amonia,7.09177,3,682
4,80,2,Carbono/acido sulfurico,9,8,1357
4,80,3,Carbono/metano,7.51782,5,474
4,80,4,Silicio/agua,0.562922,1,1111
4,80,5,Silicio/acido sulfurico,9,7,1222
4,85,0,Carbono/agua,8.7186,3,1203
4,85,1,Carbono/amonia,7.09177,3,731
4,85,2,Carbono/acido sulfurico,9,8,1534
4,85,3,Carbono/metano,8.0745,5,535
4,85,4,Silicio/agua,0.705391,1,1256
4,85,5,Silicio/acido sulfurico,9,7,1416
4,90,0,Carbono/agua,9,3,1356
4,90,1,Carbono/amonia,7.12344,3,784
4,90,2,Carbono/acido sulfurico,9,8,1730
4,90,3,Carbono/metano,9,5,603
4,90,4,Silicio/agua,0.705391,1,1416
4,90,5,Silicio/acido sulfurico,9,7,1630
4,95,0,Carbono/agua,9,3,1526
4,95,1,Carbono/amonia,7.12344,3,842
4,95,2,Carbono/acido sulfurico,9,8,1903
4,95,3,Carbono/metano,9,6,679
4,95,4,Silicio/agua,7.41822,2,1592
4,95,5,Silicio/acido sulfurico,9,7,1866
4,100,0,Carbono/agua,9,4,1713
4,100,1,Carbono/amonia,7.12344,3,905
4,100,2,Carbono/acido sulfurico,9,8,2022
4,100,3,Carbono/metano,9,6,761
4,100,4,Silicio/agua,9,5,1786
4,100,5,Silicio/acido sulfurico,9,7,2130
4,105,0,Carbono/agua,9,4,1922
4,105,1,Carbono/amonia,7.12344,3,976
4,105,2,Carbono/acido sulfurico,9,8,2155
4,105,3,Carbono/metano,9,7,853
4,105,4,Silicio/agua,9,5,2001
4,105,5,Silicio/acido sulfurico,9,7,2419
4,110,0,Carbono/agua,9,4,2150
4,110,1,Carbono/amonia,7.80374,3,1055
4,110,2,Carbono/acido sulfurico,9,8,2301
4,110,3,Carbono/metano,9,7,954
4,110,4,Silicio/agua,9,5,2213
4,110,5,Silicio/acido sulfurico,9,7,2739
4,115,0,Carbono/agua,9,4,2401
4,115,1,Carbono/amonia,7.81354,3,1178
4,115,2,Carbono/acido sulfurico,9,8,2462
4,115,3,Carbono/metano,9,7,1065
4,115,4,Silicio/agua,9,5,2345
4,115,5,Silicio/acido sulfurico,9,7,3092
4,120,0,Carbono/agua,9,4,2678
4,120,1,Carbono/amonia,8.4296,3,1372
4,120,2,Carbono/acido sulfurico,9,8,2750
4,120,3,Carbono/metano,9,7,1188
4,120,4,Silicio/agua,9,5,2489
4,120,5,Silicio/acido sulfurico,9,7,3481
4,125,0,Carbono/agua,9,4,2985
4,125,1,Carbono/amonia,9,3,1585
4,125,2,Carbono/acido sulfurico,9,8,3142
4,125,3,Carbono/metano,9,7,1322
4,125,4,Silicio/agua,9,5,2650
4,125,5,Silicio/acido sulfurico,9,7,3911
4,130,0,Carbono/agua,9,4,3325
4,130,1,Carbono/amonia,9,3,1818
4,130,2,Carbono/acido sulfurico,9,8,3575
4,130,3,Carbono/metano,9,7,1471
4,130,4,Silicio/agua,9,5,2827
4,130,5,Silicio/acido sulfurico,9,7,4385
4,135,0,Carbono/agua,9,5,3697
4,135,1,Carbono/amonia,9,3,2076
4,135,2,Carbono/acido sulfurico,9,8,4053
4,135,3,Carbono/metano,9,7,1637
4,135,4,Silicio/agua,9,5,3100
4,135,5,Silicio/acido sulfurico,9,7,4909
4,140,0,Carbono/agua,9,5,4109
4,140,1,Carbono/amonia,9,3,2362
4,140,2,Carbono/acido sulfurico,9,8,4581
4,140,3,Carbono/metano,9,7,1820
4,140,4,Silicio/agua,9,5,3528
4,140,5,Silicio/acido sulfurico,9,7,5488
4,145,0,Carbono/agua,9,5,4563
4,145,1,Carbono/amonia,9,3,2677
4,145,2,Carbono/acido sulfurico,9,8,5163
4,145,3,Carbono/metano,9,7,2022
4,145,4,Silicio/agua,9,5,4000
4,145,5,Silicio/acido sulfurico,9,7,6128
4,150,0,Carbono/agua,9,5,5066
4,150,1,Carbono/amonia,9,3,3026
4,150,2,Carbono/acido sulfurico,9,8,5807
4,150,3,Carbono/metano,9,7,2245
4,150,4,Silicio/agua,9,5,4521
4,150,5,Silicio/acido sulfurico,9,7,6834
4,155,0,Carbono/agua,9,5,5620
4,155,1,Carbono/amonia,9,3,3410
4,155,2,Carbono/acido sulfurico,9,8,6518
4,155,3,Carbono/metano,9,7,2491
4,155,4,Silicio/agua,9,5,5097
4,155,5,Silicio/acido sulfurico,9,7,7613
4,160,0,Carbono/agua,9,5,6233
4,160,1,Carbono/amonia,9,3,3834
4,160,2,Carbono/acido sulfurico,9,8,7303
4,160,3,Carbono/metano,9,7,2763
4,160,4,Silicio/agua,9,5,5734
4,160,5,Silicio/acido sulfurico,9,7,8473
4,165,0,Carbono/agua,9,5,6911
4,165,1,Carbono/amonia,9,3,4302
4,165,2,Carbono/acido sulfurico,9,7,7902
4,165,3,Carbono/metano,9,7,3063
4,165,4,Silicio/agua,9,5,6438
4,165,5,Silicio/acido sulfurico,9,7,9422
4,170,0,Carbono/agua,9,5,7658
4,170,1,Carbono/amonia,9,3,4818
4,170,2,Carbono/acido sulfurico,9,8,8381
4,170,3,Carbono/metano,9,7,3394
4,170,4,Silicio/agua,9,6,7214
4,170,5,Silicio/acido sulfurico,9,7,10472
4,175,0,Carbono/agua,9,5,8482
4,175,1,Carbono/amonia,9,3,5372
4,175,2,Carbono/acido sulfurico,9,8,8894
4,175,3,Carbono/metano,9,7,3750
4,175,4,Silicio/agua,9,6,8071
4,175,5,Silicio/acido sulfurico,9,7,11598
4,180,0,Carbono/agua,9,5,9393
4,180,1,Carbono/amonia,9,3,5927
4,180,2,Carbono/acido sulfurico,9,8,9409
4,180,3,Carbono/metano,9,7,4108
4,180,4,Silicio/agua,9,6,9016
4,180,5,Silicio/acido sulfurico,9,7,12728
4,185,0,Carbono/agua,9,5,10398
4,185,1,Carbono/amonia,9,5,6483
4,185,2,Carbono/acido sulfurico,9,8,9924
4,185,3,Carbono/metano,9,7,4464
4,185,4,Silicio/agua,9,7,10061
4,185,5,Silicio/acido sulfurico,9,7,13855
4,190,0,Carbono/agua,9,5,11508
4,190,1,Carbono/amonia,9,5,7038
4,190,2,Carbono/acido sulfurico,9,8,10439
4,190,3,Carbono/metano,9,7,4822
4,190,4,Silicio/agua,9,7,11213
4,190,5,Silicio/acido sulfurico,9,7,14983
4,195,0,Carbono/agua,9,5,12734
4,195,1,Carbono/amonia,9,6,7593
4,195,2,Carbono/acido sulfurico,9,8,11262
4,195,3,Carbono/metano,9,7,5178
4,195,4,Silicio/agua,9,7,12488
4,195,5,Silicio/acido sulfurico,9,7,16113
4,200,0,Carbono/agua,9,5,14087
4,200,1,Carbono/amonia,9,7,8149
4,200,2,Carbono/acido sulfurico,9,8,12292
4,200,3,Carbono/metano,9,7,5535
4,200,4,Silicio/agua,9,7,13894
4,200,5,Silicio/acido sulfurico,9,7,17242
4,205,0,Carbono/agua,9,5,15582
4,205,1,Carbono/amonia,9,8,8705
4,205,2,Carbono/acido sulfurico,9,8,13320
4,205,3,Carbono/metano,9,7,5891
4,205,4,Silicio/agua,9,7,15443
4,205,5,Silicio/acido sulfurico,9,7,18371
4,210,0,Carbono/agua,9,5,17231
4,210,1,Carbono/amonia,9,8,9262
4,210,2,Carbono/acido sulfurico,9,8,14350
4,210,3,Carbono/metano,9,5,6247
4,210,4,Silicio/agua,9,7,17155
4,210,5,Silicio/acido sulfurico,9,7,19498
4,215,0,Carbono/agua,9,7,19051
4,215,1,Carbono/amonia,9,8,9818
4,215,2,Carbono/acido sulfurico,9,7,15173
4,215,3,Carbono/metano,9,7,6425
4,215,4,Silicio/agua,9,7,19045
4,215,5,Silicio/acido sulfurico,9,7,20627
4,220,0,Carbono/agua,9,7,21061
4,220,1,Carbono/amonia,9,8,10373
4,220,2,Carbono/acido sulfurico,9,7,15688
4,220,3,Carbono/metano,9,7,6603
4,220,4,Silicio/agua,9,7,21132
4,220,5,Silicio/acido sulfurico,9,7,21755
4,225,0,Carbono/agua,9,7,23280
4,225,1,Carbono/amonia,9,8,10929
4,225,2,Carbono/acido sulfurico,9,7,16201
4,225,3,Carbono/metano,9,7,6781
4,225,4,Silicio/agua,9,7,23437
4,225,5,Silicio/acido sulfurico,9,7,22885
4,230,0,Carbono/agua,9,7,25731
4,230,1,Carbono/amonia,9,8,11485
4,230,2,Carbono/acido sulfurico,9,8,16715
4,230,3,Carbono/metano,9,7,6959
4,230,4,Silicio/agua,9,7,25982
4,230,5,Silicio/acido sulfurico,9,7,24015
4,235,0,Carbono/agua,9,7,28390
4,235,1,Carbono/amonia,9,8,12040
4,235,2,Carbono/acido sulfurico,9,8,17230
4,235,3,Carbono/metano,9,7,7175
4,235,4,Silicio/agua,9,7,28742
4,235,5,Silicio/acido sulfurico,9,7,25144
4,240,0,Carbono/agua,9,7,31071
4,240,1,Carbono/amonia,9,8,12595
4,240,2,Carbono/acido sulfurico,9,8,18053
4,240,3,Carbono/metano,9,7,7530
4,240,4,Silicio/agua,9,7,31525
4,240,5,Silicio/acido sulfurico,9,7,26273
4,245,0,Carbono/agua,9,7,33752
4,245,1,Carbono/amonia,9,8,13151
4,245,2,Carbono/acido sulfurico,9,8,19082
4,245,3,Carbono/metano,9,7,7886
4,245,4,Silicio/agua,9,7,34308
4,245,5,Silicio/acido sulfurico,9,7,27402
4,250,0,Carbono/agua,9,7,36434
4,250,1,Carbono/amonia,9,8,13707
4,250,2,Carbono/acido sulfurico,9,8,20111
4,250,3,Carbono/metano,9,7,8244
4,250,4,Silicio/agua,9,7,37091
4,250,5,Silicio/acido sulfurico,9,7,28531
4,255,0,Carbono/agua,9,7,39114
4,255,1,Carbono/amonia,9,8,14263
4,255,2,Carbono/acido sulfurico,9,8,21139
4,255,3,Carbono/metano,9,7,8602
4,255,4,Silicio/agua,9,7,39874
4,255,5,Silicio/acido sulfurico,9,7,29660
4,260,0,Carbono/agua,9,7,41795
4,260,1,Carbono/amonia,9,8,14819
4,260,2,Carbono/acido sulfurico,9,8,22168
4,260,3,Carbono/metano,9,7,8958
4,260,4,Silicio/agua,9,7,42656
4,260,5,Silicio/acido sulfurico,9,7,30788
4,265,0,Carbono/agua,9,7,44476
4,265,1,Carbono/amonia,9,8,15374
4,265,2,Carbono/acido sulfurico,9,8,23198
4,265,3,Carbono/metano,9,4,9169
4,265,4,Silicio/agua,9,7,45439
4,265,5,Silicio/acido sulfurico,9,7,31915
4,270,0,Carbono/agua,9,7,47156
4,270,1,Carbono/amonia,9,8,15930
4,270,2,Carbono/acido sulfurico,9,8,24227
4,270,3,Carbono/metano,9,5,9346
4,270,4,Silicio/agua,9,7,48222
4,270,5,Silicio/acido sulfurico,9,7,33044
4,275,0,Carbono/agua,9,7,49837
4,275,1,Carbono/amonia,9,8,16485
4,275,2,Carbono/acido sulfurico,9,7,25154
4,275,3,Carbono/metano,9,5,9524
4,275,4,Silicio/agua,9,7,51005
4,275,5,Silicio/acido sulfurico,9,7,34173
4,280,0,Carbono/agua,9,7,52518
4,280,1,Carbono/amonia,9,8,17042
4,280,2,Carbono/acido sulfurico,9,7,25668
4,280,3,Carbono/metano,9,5,9701
4,280,4,Silicio/agua,9,7,53788
4,280,5,Silicio/acido sulfurico,9,7,35302
4,285,0,Carbono/agua,9,7,55201
4,285,1,Carbono/amonia,9,8,17598
4,285,2,Carbono/acido sulfurico,9,7,26182
4,285,3,Carbono/metano,9,5,9880
4,285,4,Silicio/agua,9,7,56570
4,285,5,Silicio/acido sulfurico,9,7,36430
4,290,0,Carbono/agua,9,7,57881
4,290,1,Carbono/amonia,9,8,18153
4,290,2,Carbono/acido sulfurico,9,7,26697
4,290,3,Carbono/metano,9,5,10237
4,290,4,Silicio/agua,9,7,59353
4,290,5,Silicio/acido sulfurico,9,7,37558
4,295,0,Carbono/agua,9,7,60561
4,295,1,Carbono/amonia,9,7,18654
4,295,2,Carbono/acido sulfurico,9,7,27212
4,295,3,Carbono/metano,9,6,10592
4,295,4,Silicio/agua,9,7,62134
4,295,5,Silicio/acido sulfurico,9,7,38684
4,300,0,Carbono/agua,9,7,63241
4,300,1,Carbono/amonia,9,8,18931
4,300,2,Carbono/acido sulfurico,9,7,27933
4,300,3,Carbono/metano,9,7,10949
4,300,4,Silicio/agua,9,7,64918
4,300,5,Silicio/acido sulfurico,9,7,39812
5,0,0,Carbono/agua,-0.508817,1,5
5,0,1,Carbono/amonia,nan,0,4
5,0,2,Carbono/acido sulfurico,-0.139182,1,7
5,0,3,Carbono/metano,nan,0,3
5,0,4,Silicio/agua,-0.39011,1,6
5,0,5,Silicio/acido sulfurico,nan,0,7
5,5,0,Carbono/agua,-0.132877,1,34
5,5,1,Carbono/amonia,-0.0884236,1,24
5,5,2,Carbono/acido sulfurico,6.33935,2,42
5,5,3,Carbono/metano,nan,0,15
5,5,4,Silicio/agua,-0.189899,1,35
5,5,5,Silicio/acido sulfurico,0.459876,1,48
5,10,0,Carbono/agua,-0.116027,1,64
5,10,1,Carbono/amonia,0.0795887,1,46
5,10,2,Carbono/acido sulfurico,6.45488,2,82
5,10,3,Carbono/metano,-0.0374605,1,29
5,10,4,Silicio/agua,-0.125084,1,67
5,10,5,Silicio/acido sulfurico,0.459876,1,92
5,15,0,Carbono/agua,0.065721,1,98
5,15,1,Carbono/amonia,0.0795887,1,70
5,15,2,Carbono/acido sulfurico,6.45488,2,125
5,15,3,Carbono/metano,0.143158,1,44
5,15,4,Silicio/agua,-0.0949464,1,102
5,15,5,Silicio/acido sulfurico,0.459876,1,139
5,20,0,Carbono/agua,0.145176,1,136
5,20,1,Carbono/amonia,0.211041,1,96
5,20,2,Carbono/acido sulfurico,6.45488,2,159
5,20,3,Carbono/metano,0.146991,1,61
5,20,4,Silicio/agua,-0.0949464,1,143
5,20,5,Silicio/acido sulfurico,0.459876,1,192
5,25,0,Carbono/agua,0.192698,1,180
5,25,1,Carbono/amonia,0.245462,1,123
5,25,2,Carbono/acido sulfurico,6.45488,2,187
5,25,3,Carbono/metano,0.146991,1,80
5,25,4,Silicio/agua,-0.0949464,1,185
5,25,5,Silicio/acido sulfurico,0.459876,1,252
5,30,0,Carbono/agua,6,2,226
5,30,1,Carbono/amonia,0.245462,1,153
5,30,2,Carbono/acido sulfurico,6.45488,2,216
5,30,3,Carbono/metano,0.146991,1,102
5,30,4,Silicio/agua,-0.0302968,1,236
5,30,5,Silicio/acido sulfurico,0.459876,1,316
5,35,0,Carbono/agua,8.54062,3,277
5,35,1,Carbono/amonia,0.245462,1,189
5,35,2,Carbono/acido sulfurico,6.45488,3,250
5,35,3,Carbono/metano,0.146991,1,124
5,35,4,Silicio/agua,-0.0302968,1,289
5,35,5,Silicio/acido sulfurico,0.459876,1,389
5,40,0,Carbono/agua,8.54062,3,333
5,40,1,Carbono/amonia,0.261743,1,229
5,40,2,Carbono/acido sulfurico,6.45488,3,287
5,40,3,Carbono/metano,0.276472,1,149
5,40,4,Silicio/agua,7.0866,2,348
5,40,5,Silicio/acido sulfurico,6.7665,3,468
5,45,0,Carbono/agua,9,4,396
5,45,1,Carbono/amonia,0.263274,1,274
5,45,2,Carbono/acido sulfurico,6.45488,3,359
5,45,3,Carbono/metano,0.337879,1,177
5,45,4,Silicio/agua,7.12299,2,415
5,45,5,Silicio/acido sulfurico,8.7186,5,556
5,50,0,Carbono/agua,9,5,465
5,50,1,Carbono/amonia,0.266128,1,323
5,50,2,Carbono/acido sulfurico,6.45488,3,448
5,50,3,Carbono/metano,0.337879,1,209
5,50,4,Silicio/agua,7.97698,2,488
5,50,5,Silicio/acido sulfurico,8.91118,5,653
5,55,0,Carbono/agua,9,5,542
5,55,1,Carbono/amonia,0.266128,1,374
5,55,2,Carbono/acido sulfurico,7.76638,3,546
5,55,3,Carbono/metano,0.404311,1,243
5,55,4,Silicio/agua,7.97698,3,567
5,55,5,Silicio/acido sulfurico,9,5,760
5,60,0,Carbono/agua,9,5,627
5,60,1,Carbono/amonia,6.94976,3,435
5,60,2,Carbono/acido sulfurico,7.76638,3,653
5,60,3,Carbono/metano,0.404311,1,282
5,60,4,Silicio/agua,8.04428,3,655
5,60,5,Silicio/acido sulfurico,9,5,878
5,65,0,Carbono/agua,9,5,721
5,65,1,Carbono/amonia,8.54692,3,499
5,65,2,Carbono/acido sulfurico,7.76638,3,773
5,65,3,Carbono/metano,0.404311,1,324
5,65,4,Silicio/agua,9,6,752
5,65,5,Silicio/acido sulfurico,9,5,1010
5,70,0,Carbono/agua,9,5,825
5,70,1,Carbono/amonia,8.80075,4,572
5,70,2,Carbono/acido sulfurico,7.8683,3,907
5,70,3,Carbono/metano,0.404311,1,369
5,70,4,Silicio/agua,9,7,859
5,70,5,Silicio/acido sulfurico,9,5,1154
5,75,0,Carbono/agua,9,5,939
5,75,1,Carbono/amonia,9,4,651
5,75,2,Carbono/acido sulfurico,7.8683,4,1053
5,75,3,Carbono/metano,0.514323,1,419
5,75,4,Silicio/agua,9,7,977
5,75,5,Silicio/acido sulfurico,9,5,1314
5,80,0,Carbono/agua,9,5,1065
5,80,1,Carbono/amonia,9,4,737
5,80,2,Carbono/acido sulfurico,8.4,4,1213
5,80,3,Carbono/metano,0.560537,1,475
5,80,4,Silicio/agua,9,7,1106
5,80,5,Silicio/acido sulfurico,9,5,1490
5,85,0,Carbono/agua,9,5,1203
5,85,1,Carbono/amonia,9,4,832
5,85,2,Carbono/acido sulfurico,8.73704,4,1389
5,85,3,Carbono/metano,0.635716,1,537
5,85,4,Silicio/agua,9,7,1251
5,85,5,Silicio/acido sulfurico,9,5,1684
5,90,0,Carbono/agua,9,5,1357
5,90,1,Carbono/amonia,9,4,937
5,90,2,Carbono/acido sulfurico,8.73704,4,1586
5,90,3,Carbono/metano,0.635716,1,605
5,90,4,Silicio/agua,9,7,1410
5,90,5,Silicio/acido sulfurico,9,5,1899
5,95,0,Carbono/agua,9,5,1527
5,95,1,Carbono/amonia,9,4,1056
5,95,2,Carbono/acido sulfurico,8.73704,4,1802
5,95,3,Carbono/metano,0.635716,1,678
5,95,4,Silicio/agua,9,7,1587
5,95,5,Silicio/acido sulfurico,9,5,2137
5,100,0,Carbono/agua,9,5,1714
5,100,1,Carbono/amonia,9,4,1185
5,100,2,Carbono/acido sulfurico,8.73704,6,2040
5,100,3,Carbono/metano,0.803322,1,760
5,100,4,Silicio/agua,9,7,1781
5,100,5,Silicio/acido sulfurico,9,5,2400
5,105,0,Carbono/agua,9,5,1920
5,105,1,Carbono/amonia,9,4,1328
5,105,2,Carbono/acido sulfurico,8.73704,6,2303
5,105,3,Carbono/metano,0.803322,1,851
5,105,4,Silicio/agua,9,7,1994
5,105,5,Silicio/acido sulfurico,9,5,2690
5,110,0,Carbono/agua,9,5,2150
5,110,1,Carbono/amonia,9,4,1485
5,110,2,Carbono/acido sulfurico,8.73704,7,2594
5,110,3,Carbono/metano,0.803322,1,953
5,110,4,Silicio/agua,9,7,2231
5,110,5,Silicio/acido sulfurico,9,5,3009
5,115,0,Carbono/agua,9,5,2402
5,115,1,Carbono/amonia,9,4,1660
5,115,2,Carbono/acido sulfurico,8.81701,7,2917
5,115,3,Carbono/metano,0.803322,1,1065
5,115,4,Silicio/agua,9,5,2411
5,115,5,Silicio/acido sulfurico,9,5,3362
5,120,0,Carbono/agua,9,5,2681
5,120,1,Carbono/amonia,9,5,1851
5,120,2,Carbono/acido sulfurico,9,7,3272
5,120,3,Carbono/metano,0.803322,1,1188
5,120,4,Silicio/agua,9,5,2554
5,120,5,Silicio/acido sulfurico,9,6,3752
5,125,0,Carbono/agua,9,5,2988
5,125,1,Carbono/amonia,9,6,2063
5,125,2,Carbono/acido sulfurico,9,7,3663
5,125,3,Carbono/metano,0.803322,1,1325
5,125,4,Silicio/agua,9,5,2713
5,125,5,Silicio/acido sulfurico,9,7,4181
5,130,0,Carbono/agua,9,5,3327
5,130,1,Carbono/amonia,9,6,2296
5,130,2,Carbono/acido sulfurico,9,7,4095
5,130,3,Carbono/metano,0.872246,1,1475
5,130,4,Silicio/agua,9,5,2888
5,130,5,Silicio/acido sulfurico,9,7,4655
5,135,0,Carbono/agua,9,5,3700
5,135,1,Carbono/amonia,9,7,2556
5,135,2,Carbono/acido sulfurico,9,7,4573
5,135,3,Carbono/metano,0.872246,1,1642
5,135,4,Silicio/agua,9,6,3082
5,135,5,Silicio/acido sulfurico,9,8,5180
5,140,0,Carbono/agua,9,5,4113
5,140,1,Carbono/amonia,9,7,2841
5,140,2,Carbono/acido sulfurico,9,7,5102
5,140,3,Carbono/metano,7.30829,3,1825
5,140,4,Silicio/agua,9,6,3470
5,140,5,Silicio/acido sulfurico,9,8,5759
5,145,0,Carbono/agua,9,5,4568
5,145,1,Carbono/amonia,9,3,3156
5,145,2,Carbono/acido sulfurico,9,7,5683
5,145,3,Carbono/metano,9,3,2028
5,145,4,Silicio/agua,9,7,3941
5,145,5,Silicio/acido sulfurico,9,8,6397
5,150,0,Carbono/agua,9,5,5071
5,150,1,Carbono/amonia,9,5,3329
5,150,2,Carbono/acido sulfurico,9,7,6325
5,150,3,Carbono/metano,9,3,2251
5,150,4,Silicio/agua,9,7,4462
5,150,5,Silicio/acido sulfurico,9,8,7103
5,155,0,Carbono/agua,9,5,5625
5,155,1,Carbono/amonia,9,5,3522
5,155,2,Carbono/acido sulfurico,9,7,7035
5,155,3,Carbono/metano,9,3,2497
5,155,4,Silicio/agua,9,7,5037
5,155,5,Silicio/acido sulfurico,9,8,7883
5,160,0,Carbono/agua,9,5,6238
5,160,1,Carbono/amonia,9,6,3734
5,160,2,Carbono/acido sulfurico,9,7,7819
5,160,3,Carbono/metano,9,3,2769
5,160,4,Silicio/agua,9,7,5672
5,160,5,Silicio/acido sulfurico,9,8,8744
5,165,0,Carbono/agua,9,5,6915
5,165,1,Carbono/amonia,9,6,3969
5,165,2,Carbono/acido sulfurico,9,7,8686
5,165,3,Carbono/metano,9,3,3069
5,165,4,Silicio/agua,9,7,6374
5,165,5,Silicio/acido sulfurico,9,8,9692
5,170,0,Carbono/agua,9,5,7664
5,170,1,Carbono/amonia,9,7,4283
5,170,2,Carbono/acido sulfurico,9,7,9643
5,170,3,Carbono/metano,9,3,3399
5,170,4,Silicio/agua,9,6,7070
5,170,5,Silicio/acido sulfurico,9,8,10739
5,175,0,Carbono/agua,9,5,8489
5,175,1,Carbono/amonia,9,7,4836
5,175,2,Carbono/acido sulfurico,9,7,10670
5,175,3,Carbono/metano,9,3,3754
5,175,4,Silicio/agua,9,6,7498
5,175,5,Silicio/acido sulfurico,9,8,11864
5,180,0,Carbono/agua,9,3,9212
5,180,1,Carbono/amonia,9,7,5392
5,180,2,Carbono/acido sulfurico,9,7,11700
5,180,3,Carbono/metano,9,3,4111
5,180,4,Silicio/agua,9,7,7970
5,180,5,Silicio/acido sulfurico,9,8,12992
5,185,0,Carbono/agua,9,5,9713
5,185,1,Carbono/amonia,9,7,5948
5,185,2,Carbono/acido sulfurico,9,7,12730
5,185,3,Carbono/metano,9,3,4466
5,185,4,Silicio/agua,9,7,8492
5,185,5,Silicio/acido sulfurico,9,8,14120
5,190,0,Carbono/agua,9,5,10268
5,190,1,Carbono/amonia,9,7,6503
5,190,2,Carbono/acido sulfurico,9,7,13759
5,190,3,Carbono/metano,9,3,4715
5,190,4,Silicio/agua,9,7,9067
5,190,5,Silicio/acido sulfurico,9,8,15249
5,195,0,Carbono/agua,9,5,10880
5,195,1,Carbono/amonia,9,7,7059
5,195,2,Carbono/acido sulfurico,9,7,14788
5,195,3,Carbono/metano,9,3,4893
5,195,4,Silicio/agua,9,7,9966
5,195,5,Silicio/acido sulfurico,9,8,16378
5,200,0,Carbono/agua,9,5,11556
5,200,1,Carbono/amonia,9,7,7615
5,200,2,Carbono/acido sulfurico,9,7,15818
5,200,3,Carbono/metano,9,3,5071
5,200,4,Silicio/agua,9,7,11371
5,200,5,Silicio/acido sulfurico,9,8,17507
5,205,0,Carbono/agua,9,5,12761
5,205,1,Carbono/amonia,9,7,8170
5,205,2,Carbono/acido sulfurico,9,7,16848
5,205,3,Carbono/metano,9,3,5249
5,205,4,Silicio/agua,9,7,12922
5,205,5,Silicio/acido sulfurico,9,8,18634
5,210,0,Carbono/agua,9,5,14411
5,210,1,Carbono/amonia,9,7,8725
5,210,2,Carbono/acido sulfurico,9,7,17878
5,210,3,Carbono/metano,9,3,5426
5,210,4,Silicio/agua,9,7,14635
5,210,5,Silicio/acido sulfurico,9,8,19763
5,215,0,Carbono/agua,9,5,16232
5,215,1,Carbono/amonia,9,7,9280
5,215,2,Carbono/acido sulfurico,9,7,18906
5,215,3,Carbono/metano,9,3,5749
5,215,4,Silicio/agua,9,7,16526
5,215,5,Silicio/acido sulfurico,9,8,20893
5,220,0,Carbono/agua,9,5,17828
5,220,1,Carbono/amonia,9,7,9835
5,220,2,Carbono/acido sulfurico,9,7,19936
5,220,3,Carbono/metano,9,3,6107
5,220,4,Silicio/agua,9,7,18613
5,220,5,Silicio/acido sulfurico,9,8,22023
5,225,0,Carbono/agua,9,5,18937
5,225,1,Carbono/amonia,9,7,10391
5,225,2,Carbono/acido sulfurico,9,7,20964
5,225,3,Carbono/metano,9,3,6465
5,225,4,Silicio/agua,9,7,20916
5,225,5,Silicio/acido sulfurico,9,8,23153
5,230,0,Carbono/agua,9,5,20163
5,230,1,Carbono/amonia,9,7,10947
5,230,2,Carbono/acido sulfurico,9,7,21994
5,230,3,Carbono/metano,9,3,6821
5,230,4,Silicio/agua,9,7,23458
5,230,5,Silicio/acido sulfurico,9,8,24281
5,235,0,Carbono/agua,9,5,21492
5,235,1,Carbono/amonia,9,7,11503
5,235,2,Carbono/acido sulfurico,9,7,23023
5,235,3,Carbono/metano,9,3,7178
5,235,4,Silicio/agua,9,7,26217
5,235,5,Silicio/acido sulfurico,9,8,25411
5,240,0,Carbono/agua,9,5,22833
5,240,1,Carbono/amonia,9,7,12059
5,240,2,Carbono/acido sulfurico,9,7,24053
5,240,3,Carbono/metano,9,3,7533
5,240,4,Silicio/agua,9,7,29000
5,240,5,Silicio/acido sulfurico,9,8,26540
5,245,0,Carbono/agua,9,7,24978
5,245,1,Carbono/amonia,9,7,12614
5,245,2,Carbono/acido sulfurico,9,7,25083
5,245,3,Carbono/metano,9,3,7888
5,245,4,Silicio/agua,9,7,31783
5,245,5,Silicio/acido sulfurico,9,8,27668
5,250,0,Carbono/agua,9,7,27660
5,250,1,Carbono/amonia,9,7,13170
5,250,2,Carbono/acido sulfurico,9,7,26113
5,250,3,Carbono/metano,9,3,8244
5,250,4,Silicio/agua,9,7,34566
5,250,5,Silicio/acido sulfurico,9,8,28797
5,255,0,Carbono/agua,9,7,30342
5,255,1,Carbono/amonia,9,7,13725
5,255,2,Carbono/acido sulfurico,9,7,27143
5,255,3,Carbono/metano,9,3,8602
5,255,4,Silicio/agua,9,7,37347
5,255,5,Silicio/acido sulfurico,9,8,29926
5,260,0,Carbono/agua,9,7,33023
5,260,1,Carbono/amonia,9,7,14281
5,260,2,Carbono/acido sulfurico,9,7,28173
5,260,3,Carbono/metano,9,3,8958
5,260,4,Silicio/agua,9,7,40130
5,260,5,Silicio/acido sulfurico,9,8,31055
5,265,0,Carbono/agua,9,7,35703
5,265,1,Carbono/amonia,9,7,14836
5,265,2,Carbono/acido sulfurico,9,7,29202
5,265,3,Carbono/metano,9,3,9314
5,265,4,Silicio/agua,9,7,42914
5,265,5,Silicio/acido sulfurico,9,8,32184
5,270,0,Carbono/agua,9,7,38383
5,270,1,Carbono/amonia,9,7,15391
5,270,2,Carbono/acido sulfurico,9,7,30232
5,270,3,Carbono/metano,9,3,9671
5,270,4,Silicio/agua,9,7,45696
5,270,5,Silicio/acido sulfurico,9,8,33314
5,275,0,Carbono/agua,9,7,41063
5,275,1,Carbono/amonia,9,7,15947
5,275,2,Carbono/acido sulfurico,9,7,31262
5,275,3,Carbono/metano,9,3,10027
5,275,4,Silicio/agua,9,7,48479
5,275,5,Silicio/acido sulfurico,9,8,34444
5,280,0,Carbono/agua,9,7,43744
5,280,1,Carbono/amonia,9,7,16502
5,280,2,Carbono/acido sulfurico,9,7,32292
5,280,3,Carbono/metano,9,4,10383
5,280,4,Silicio/agua,9,7,51263
5,280,5,Silicio/acido sulfurico,9,8,35574
5,285,0,Carbono/agua,9,7,46424
5,285,1,Carbono/amonia,9,7,17057
5,285,2,Carbono/acido sulfurico,9,7,33322
5,285,3,Carbono/metano,9,4,10739
5,285,4,Silicio/agua,9,7,54046
5,285,5,Silicio/acido sulfurico,9,8,36702
5,290,0,Carbono/agua,9,7,49104
5,290,1,Carbono/amonia,9,7,17612
5,290,2,Carbono/acido sulfurico,9,7,34351
5,290,3,Carbono/metano,9,4,11095
5,290,4,Silicio/agua,9,7,56828
5,290,5,Silicio/acido sulfurico,9,8,37830
5,295,0,Carbono/agua,9,7,51786
5,295,1,Carbono/amonia,9,7,18170
5,295,2,Carbono/acido sulfurico,9,7,35381
5,295,3,Carbono/metano,9,4,11452
5,295,4,Silicio/agua,9,7,59610
5,295,5,Silicio/acido sulfurico,9,8,38959
5,300,0,Carbono/agua,9,7,54468
5,300,1,Carbono/amonia,9,7,18725
5,300,2,Carbono/acido sulfurico,9,7,36411
5,300,3,Carbono/metano,9,5,11807
5,300,4,Silicio/agua,9,7,62395
5,300,5,Silicio/acido sulfurico,9,8,40088
6,0,0,Carbono/agua,nan,0,5
6,0,1,Carbono/amonia,-0.092152,1,4
6,0,2,Carbono/acido sulfurico,-0.0600167,1,7
6,0,3,Carbono/metano,-0.120065,1,2
6,0,4,Silicio/agua,-0.30103,1,6
6,0,5,Silicio/acido sulfurico,-0.158193,1,7
6,5,0,Carbono/agua,0.171028,1,34
6,5,1,Carbono/amonia,0.103763,1,25
6,5,2,Carbono/acido sulfurico,0.2245,1,44
6,5,3,Carbono/metano,-0.0173356,1,14
6,5,4,Silicio/agua,-0.242558,1,36
6,5,5,Silicio/acido sulfurico,-0.158193,1,48
6,10,0,Carbono/agua,0.171028,1,65
6,10,1,Carbono/amonia,0.28801,1,48
6,10,2,Carbono/acido sulfurico,0.258116,1,86
6,10,3,Carbono/metano,-0.0173356,1,27
6,10,4,Silicio/agua,-0.0539619,1,69
6,10,5,Silicio/acido sulfurico,-0.0586529,1,92
6,15,0,Carbono/agua,0.214655,1,100
6,15,1,Carbono/amonia,0.28801,1,73
6,15,2,Carbono/acido sulfurico,0.30998,1,130
6,15,3,Carbono/metano,0.141062,1,42
6,15,4,Silicio/agua,0.0937959,1,105
6,15,5,Silicio/acido sulfurico,-0.0586529,1,139
6,20,0,Carbono/agua,0.224745,1,139
6,20,1,Carbono/amonia,0.28801,1,99
6,20,2,Carbono/acido sulfurico,0.30998,1,179
6,20,3,Carbono/metano,0.141062,1,58
6,20,4,Silicio/agua,0.0937959,1,144
6,20,5,Silicio/acido sulfurico,0.186356,1,193
6,25,0,Carbono/agua,0.386433,1,181
6,25,1,Carbono/amonia,0.28801,1,128
6,25,2,Carbono/acido sulfurico,0.30998,1,234
6,25,3,Carbono/metano,0.149627,1,77
6,25,4,Silicio/agua,0.0937959,1,188
6,25,5,Silicio/acido sulfurico,0.252112,1,252
6,30,0,Carbono/agua,0.480865,1,228
6,30,1,Carbono/amonia,0.28801,1,160
6,30,2,Carbono/acido sulfurico,0.30998,1,294
6,30,3,Carbono/metano,0.149627,1,98
6,30,4,Silicio/agua,6.46029,3,236
6,30,5,Silicio/acido sulfurico,0.252112,1,291
6,35,0,Carbono/agua,6,2,279
6,35,1,Carbono/amonia,0.28801,1,196
6,35,2,Carbono/acido sulfurico,0.30998,1,361
6,35,3,Carbono/metano,0.149627,1,122
6,35,4,Silicio/agua,8.54062,5,289
6,35,5,Silicio/acido sulfurico,0.252112,1,327
6,40,0,Carbono/agua,7.10367,3,335
6,40,1,Carbono/amonia,0.28801,1,236
6,40,2,Carbono/acido sulfurico,0.784594,1,433
6,40,3,Carbono/metano,0.226341,1,147
6,40,4,Silicio/agua,9,6,349
6,40,5,Silicio/acido sulfurico,0.252112,1,368
6,45,0,Carbono/agua,7.10367,3,397
6,45,1,Carbono/amonia,0.28801,1,280
6,45,2,Carbono/acido sulfurico,7.27701,2,514
6,45,3,Carbono/metano,0.226341,1,176
6,45,4,Silicio/agua,9,6,415
6,45,5,Silicio/acido sulfurico,0.289223,1,412
6,50,0,Carbono/agua,7.10367,3,466
6,50,1,Carbono/amonia,0.300207,1,330
6,50,2,Carbono/acido sulfurico,7.27701,2,603
6,50,3,Carbono/metano,0.289387,1,207
6,50,4,Silicio/agua,9,6,488
6,50,5,Silicio/acido sulfurico,0.384601,1,460
6,55,0,Carbono/agua,7.35338,3,544
6,55,1,Carbono/amonia,0.300207,1,383
6,55,2,Carbono/acido sulfurico,7.27701,2,701
6,55,3,Carbono/metano,0.289387,1,242
6,55,4,Silicio/agua,9,6,567
6,55,5,Silicio/acido sulfurico,0.444008,1,568
6,60,0,Carbono/agua,7.35338,3,628
6,60,1,Carbono/amonia,0.300207,1,442
6,60,2,Carbono/acido sulfurico,7.27701,3,810
6,60,3,Carbono/metano,0.289387,1,280
6,60,4,Silicio/agua,9,6,654
6,60,5,Silicio/acido sulfurico,0.444008,1,687
6,65,0,Carbono/agua,7.35338,3,722
6,65,1,Carbono/amonia,7.16131,2,505
6,65,2,Carbono/acido sulfurico,8.45654,3,929
6,65,3,Carbono/metano,0.289387,1,300
6,65,4,Silicio/agua,9,6,751
6,65,5,Silicio/acido sulfurico,0.461992,1,817
6,70,0,Carbono/agua,7.35338,3,824
6,70,1,Carbono/amonia,7.16131,2,576
6,70,2,Carbono/acido sulfurico,8.45654,4,1062
6,70,3,Carbono/metano,0.332085,1,322
6,70,4,Silicio/agua,9,6,857
6,70,5,Silicio/acido sulfurico,0.679181,1,963
6,75,0,Carbono/agua,7.57333,3,938
6,75,1,Carbono/amonia,7.50366,3,655
6,75,2,Carbono/acido sulfurico,8.45654,4,1208
6,75,3,Carbono/metano,0.332085,1,347
6,75,4,Silicio/agua,9,6,975
6,75,5,Silicio/acido sulfurico,8.44487,2,1090
6,80,0,Carbono/agua,7.57333,3,1064
6,80,1,Carbono/amonia,7.50366,3,742
6,80,2,Carbono/acido sulfurico,8.80188,5,1369
6,80,3,Carbono/metano,0.332085,1,375
6,80,4,Silicio/agua,9,6,1105
6,80,5,Silicio/acido sulfurico,8.44487,3,1178
6,85,0,Carbono/agua,8.61004,3,1202
6,85,1,Carbono/amonia,7.50366,3,837
6,85,2,Carbono/acido sulfurico,8.80188,5,1548
6,85,3,Carbono/metano,0.332085,1,412
6,85,4,Silicio/agua,9,6,1247
6,85,5,Silicio/acido sulfurico,8.8435,5,1275
6,90,0,Carbono/agua,8.61004,3,1356
6,90,1,Carbono/amonia,8.4579,3,944
6,90,2,Carbono/acido sulfurico,8.80188,5,1703
6,90,3,Carbono/metano,0.469528,1,480
6,90,4,Silicio/agua,9,6,1405
6,90,5,Silicio/acido sulfurico,9,6,1383
6,95,0,Carbono/agua,8.76201,3,1524
6,95,1,Carbono/amonia,8.4579,3,1062
6,95,2,Carbono/acido sulfurico,8.80188,5,1810
6,95,3,Carbono/metano,0.469528,1,555
6,95,4,Silicio/agua,9,6,1582
6,95,5,Silicio/acido sulfurico,9,7,1501
6,100,0,Carbono/agua,8.97924,3,1693
6,100,1,Carbono/amonia,8.49523,3,1191
6,100,2,Carbono/acido sulfurico,8.80188,5,1928
6,100,3,Carbono/metano,0.469528,1,640
6,100,4,Silicio/agua,9,6,1777
6,100,5,Silicio/acido sulfurico,9,7,1712
6,105,0,Carbono/agua,9,3,1798
6,105,1,Carbono/amonia,8.89005,3,1334
6,105,2,Carbono/acido sulfurico,8.80188,5,2059
6,105,3,Carbono/metano,0.53618,1,731
6,105,4,Silicio/agua,9,6,1990
6,105,5,Silicio/acido sulfurico,9,7,2002
6,110,0,Carbono/agua,9,3,1911
6,110,1,Carbono/amonia,9,4,1491
6,110,2,Carbono/acido sulfurico,9,5,2206
6,110,3,Carbono/metano,0.817595,1,831
6,110,4,Silicio/agua,9,6,2227
6,110,5,Silicio/acido sulfurico,9,7,2322
6,115,0,Carbono/agua,9,3,2036
6,115,1,Carbono/amonia,9,4,1665
6,115,2,Carbono/acido sulfurico,9,5,2466
6,115,3,Carbono/metano,0.817595,1,941
6,115,4,Silicio/agua,9,7,2487
6,115,5,Silicio/acido sulfurico,9,7,2674
6,120,0,Carbono/agua,9,3,2176
6,120,1,Carbono/amonia,9,4,1858
6,120,2,Carbono/acido sulfurico,9,5,2820
6,120,3,Carbono/metano,0.817595,1,1062
6,120,4,Silicio/agua,9,7,2775
6,120,5,Silicio/acido sulfurico,9,7,3064
6,125,0,Carbono/agua,9,6,2394
6,125,1,Carbono/amonia,9,6,2070
6,125,2,Carbono/acido sulfurico,9,7,3212
6,125,3,Carbono/metano,0.817595,1,1196
6,125,4,Silicio/agua,9,7,3093
6,125,5,Silicio/acido sulfurico,9,6,3406
6,130,0,Carbono/agua,9,7,2731
6,130,1,Carbono/amonia,9,7,2304
6,130,2,Carbono/acido sulfurico,9,7,3645
6,130,3,Carbono/metano,0.817595,1,1345
6,130,4,Silicio/agua,9,7,3444
6,130,5,Silicio/acido sulfurico,9,6,3644
6,135,0,Carbono/agua,9,7,3105
6,135,1,Carbono/amonia,9,7,2563
6,135,2,Carbono/acido sulfurico,9,7,4122
6,135,3,Carbono/metano,0.817595,1,1511
6,135,4,Silicio/agua,9,7,3831
6,135,5,Silicio/acido sulfurico,9,7,3907
6,140,0,Carbono/agua,9,7,3515
6,140,1,Carbono/amonia,9,7,2848
6,140,2,Carbono/acido sulfurico,9,8,4649
6,140,3,Carbono/metano,0.817595,1,1695
6,140,4,Silicio/agua,9,7,4259
6,140,5,Silicio/acido sulfurico,9,7,4197
6,145,0,Carbono/agua,9,7,3972
6,145,1,Carbono/amonia,9,7,3162
6,145,2,Carbono/acido sulfurico,9,9,5232
6,145,3,Carbono/metano,0.817595,1,1898
6,145,4,Silicio/agua,9,7,4732
6,145,5,Silicio/acido sulfurico,9,7,4516
6,150,0,Carbono/agua,9,7,4474
6,150,1,Carbono/amonia,9,7,3508
6,150,2,Carbono/acido sulfurico,9,9,5876
6,150,3,Carbono/metano,0.817595,1,2121
6,150,4,Silicio/agua,9,7,5254
6,150,5,Silicio/acido sulfurico,9,7,5084
6,155,0,Carbono/agua,9,7,5029
6,155,1,Carbono/amonia,9,8,3890
6,155,2,Carbono/acido sulfurico,9,9,6586
6,155,3,Carbono/metano,0.817595,1,2369
6,155,4,Silicio/agua,9,7,5830
6,155,5,Silicio/acido sulfurico,9,7,5862
6,160,0,Carbono/agua,9,7,5640
6,160,1,Carbono/amonia,9,8,4313
6,160,2,Carbono/acido sulfurico,9,9,7370
6,160,3,Carbono/metano,0.817595,1,2642
6,160,4,Silicio/agua,9,7,6467
6,160,5,Silicio/acido sulfurico,9,7,6722
6,165,0,Carbono/agua,9,7,6316
6,165,1,Carbono/amonia,9,8,4780
6,165,2,Carbono/acido sulfurico,9,9,8236
6,165,3,Carbono/metano,0.817595,1,2944
6,165,4,Silicio/agua,9,7,7169
6,165,5,Silicio/acido sulfurico,9,7,7672
6,170,0,Carbono/agua,9,7,7064
6,170,1,Carbono/amonia,9,8,5296
6,170,2,Carbono/acido sulfurico,9,9,9192
6,170,3,Carbono/metano,0.817595,1,3277
6,170,4,Silicio/agua,9,7,7945
6,170,5,Silicio/acido sulfurico,9,7,8721
6,175,0,Carbono/agua,9,7,7889
6,175,1,Carbono/amonia,9,8,5849
6,175,2,Carbono/acido sulfurico,9,9,10219
6,175,3,Carbono/metano,0.817595,1,3634
6,175,4,Silicio/agua,9,7,8801
6,175,5,Silicio/acido sulfurico,9,7,9846
6,180,0,Carbono/agua,9,7,8800
6,180,1,Carbono/amonia,9,8,6404
6,180,2,Carbono/acido sulfurico,9,9,11248
6,180,3,Carbono/metano,0.817595,1,3990
6,180,4,Silicio/agua,9,7,9748
6,180,5,Silicio/acido sulfurico,9,7,10974
6,185,0,Carbono/agua,9,7,9806
6,185,1,Carbono/amonia,9,8,6960
6,185,2,Carbono/acido sulfurico,9,9,12278
6,185,3,Carbono/metano,0.817595,1,4345
6,185,4,Silicio/agua,9,7,10792
6,185,5,Silicio/acido sulfurico,9,7,12102
6,190,0,Carbono/agua,9,7,10917
6,190,1,Carbono/amonia,9,8,7517
6,190,2,Carbono/acido sulfurico,9,9,13306
6,190,3,Carbono/metano,0.817595,1,4702
6,190,4,Silicio/agua,9,7,11944
6,190,5,Silicio/acido sulfurico,9,7,13230
6,195,0,Carbono/agua,9,7,12143
6,195,1,Carbono/amonia,9,8,8073
6,195,2,Carbono/acido sulfurico,9,9,14336
6,195,3,Carbono/metano,0.817595,1,5059
6,195,4,Silicio/agua,9,7,13216
6,195,5,Silicio/acido sulfurico,9,7,14359
6,200,0,Carbono/agua,9,7,13497
6,200,1,Carbono/amonia,9,8,8628
6,200,2,Carbono/acido sulfurico,9,9,15366
6,200,3,Carbono/metano,6,3,5416
6,200,4,Silicio/agua,9,7,14620
6,200,5,Silicio/acido sulfurico,9,7,15486
6,205,0,Carbono/agua,9,7,14992
6,205,1,Carbono/amonia,9,8,9184
6,205,2,Carbono/acido sulfurico,9,9,16396
6,205,3,Carbono/metano,9,5,5774
6,205,4,Silicio/agua,9,7,16170
6,205,5,Silicio/acido sulfurico,9,7,16615
6,210,0,Carbono/agua,9,7,16640
6,210,1,Carbono/amonia,9,8,9739
6,210,2,Carbono/acido sulfurico,9,9,17426
6,210,3,Carbono/metano,9,5,6132
6,210,4,Silicio/agua,9,7,17359
6,210,5,Silicio/acido sulfurico,9,7,17743
6,215,0,Carbono/agua,9,7,18461
6,215,1,Carbono/amonia,9,8,10296
6,215,2,Carbono/acido sulfurico,9,9,18456
6,215,3,Carbono/metano,9,5,6488
6,215,4,Silicio/agua,9,7,18304
6,215,5,Silicio/acido sulfurico,9,7,18871
6,220,0,Carbono/agua,9,7,20473
6,220,1,Carbono/amonia,9,8,10851
6,220,2,Carbono/acido sulfurico,9,9,19486
6,220,3,Carbono/metano,9,5,6845
6,220,4,Silicio/agua,9,7,19348
6,220,5,Silicio/acido sulfurico,9,7,20001
6,225,0,Carbono/agua,9,7,22691
6,225,1,Carbono/amonia,9,8,11408
6,225,2,Carbono/acido sulfurico,9,9,20515
6,225,3,Carbono/metano,9,5,7202
6,225,4,Silicio/agua,9,7,20499
6,225,5,Silicio/acido sulfurico,9,7,21131
6,230,0,Carbono/agua,9,7,25143
6,230,1,Carbono/amonia,9,8,11966
6,230,2,Carbono/acido sulfurico,9,9,21545
6,230,3,Carbono/metano,9,5,7557
6,230,4,Silicio/agua,9,7,21773
6,230,5,Silicio/acido sulfurico,9,7,22260
6,235,0,Carbono/agua,9,7,27801
6,235,1,Carbono/amonia,9,8,12521
6,235,2,Carbono/acido sulfurico,9,9,22575
6,235,3,Carbono/metano,9,5,7915
6,235,4,Silicio/agua,9,7,24264
6,235,5,Silicio/acido sulfurico,9,7,23388
6,240,0,Carbono/agua,9,7,30484
6,240,1,Carbono/amonia,9,8,13077
6,240,2,Carbono/acido sulfurico,9,9,23604
6,240,3,Carbono/metano,9,5,8272
6,240,4,Silicio/agua,9,7,27047
6,240,5,Silicio/acido sulfurico,9,8,24516
6,245,0,Carbono/agua,9,7,33165
6,245,1,Carbono/amonia,9,8,13634
6,245,2,Carbono/acido sulfurico,9,9,24634
6,245,3,Carbono/metano,9,5,8630
6,245,4,Silicio/agua,9,7,29830
6,245,5,Silicio/acido sulfurico,9,8,25643
6,250,0,Carbono/agua,9,7,35846
6,250,1,Carbono/amonia,9,8,14189
6,250,2,Carbono/acido sulfurico,9,9,25664
6,250,3,Carbono/metano,9,5,8986
6,250,4,Silicio/agua,9,7,32612
6,250,5,Silicio/acido sulfurico,9,8,26772
6,255,0,Carbono/agua,9,7,38527
6,255,1,Carbono/amonia,9,8,14744
6,255,2,Carbono/acido sulfurico,9,9,26694
6,255,3,Carbono/metano,9,4,9270
6,255,4,Silicio/agua,9,7,35396
6,255,5,Silicio/acido sulfurico,9,8,27901
6,260,0,Carbono/agua,9,7,41208
6,260,1,Carbono/amonia,9,8,15299
6,260,2,Carbono/acido sulfurico,9,9,27724
6,260,3,Carbono/metano,9,5,9449
6,260,4,Silicio/agua,9,7,38181
6,260,5,Silicio/acido sulfurico,9,8,29030
6,265,0,Carbono/agua,9,7,43888
6,265,1,Carbono/amonia,9,8,15855
6,265,2,Carbono/acido sulfurico,9,10,28753
6,265,3,Carbono/metano,9,5,9625
6,265,4,Silicio/agua,9,7,40963
6,265,5,Silicio/acido sulfurico,9,8,30160
6,270,0,Carbono/agua,9,7,46568
6,270,1,Carbono/amonia,9,8,16412
6,270,2,Carbono/acido sulfurico,9,10,29783
6,270,3,Carbono/metano,9,5,9803
6,270,4,Silicio/agua,9,7,43746
6,270,5,Silicio/acido sulfurico,9,8,31289
6,275,0,Carbono/agua,9,7,49249
6,275,1,Carbono/amonia,9,8,16968
6,275,2,Carbono/acido sulfurico,9,10,30813
6,275,3,Carbono/metano,9,5,9982
6,275,4,Silicio/agua,9,7,46529
6,275,5,Silicio/acido sulfurico,9,8,32417
6,280,0,Carbono/agua,9,7,51929
6,280,1,Carbono/amonia,9,8,17524
6,280,2,Carbono/acido sulfurico,9,10,31843
6,280,3,Carbono/metano,9,5,10161
6,280,4,Silicio/agua,9,7,49313
6,280,5,Silicio/acido sulfurico,9,8,33547
6,285,0,Carbono/agua,9,7,54610
6,285,1,Carbono/amonia,9,8,18080
6,285,2,Carbono/acido sulfurico,9,10,32872
6,285,3,Carbono/metano,9,5,10339
6,285,4,Silicio/agua,9,7,52095
6,285,5,Silicio/acido sulfurico,9,8,34677
6,290,0,Carbono/agua,9,7,57294
6,290,1,Carbono/amonia,9,8,18637
6,290,2,Carbono/acido sulfurico,9,10,33900
6,290,3,Carbono/metano,9,5,10517
6,290,4,Silicio/agua,9,7,54879
6,290,5,Silicio/acido sulfurico,9,8,35807
6,295,0,Carbono/agua,9,7,59974
6,295,1,Carbono/amonia,9,8,19192
6,295,2,Carbono/acido sulfurico,9,10,34930
6,295,3,Carbono/metano,9,5,10695
6,295,4,Silicio/agua,9,7,57662
6,295,5,Silicio/acido sulfurico,9,8,36935
6,300,0,Carbono/agua,9,7,62654
6,300,1,Carbono/amonia,9,8,19747
6,300,2,Carbono/acido sulfurico,9,10,35959
6,300,3,Carbono/metano,9,5,10980
6,300,4,Silicio/agua,9,7,60444
6,300,5,Silicio/acido sulfurico,9,8,38065
7,0,0,Carbono/agua,nan,0,5
7,0,1,Carbono/amonia,-0.17928,1,4
7,0,2,Carbono/acido sulfurico,-0.126842,1,7
7,0,3,Carbono/metano,-0.151594,1,3
7,0,4,Silicio/agua,-0.262656,1,6
7,0,5,Silicio/acido sulfurico,-0.389076,1,8
7,5,0,Carbono/agua,6,3,33
7,5,1,Carbono/amonia,0.0121037,1,24
7,5,2,Carbono/acido sulfurico,0.171544,1,43
7,5,3,Carbono/metano,-0.151594,1,14
7,5,4,Silicio/agua,-0.262656,1,36
7,5,5,Silicio/acido sulfurico,0.196084,1,47
7,10,0,Carbono/agua,6,3,65
7,10,1,Carbono/amonia,0.0300083,1,45
7,10,2,Carbono/acido sulfurico,0.239023,1,85
7,10,3,Carbono/metano,8.07989,2,28
7,10,4,Silicio/agua,-0.190509,1,68
7,10,5,Silicio/acido sulfurico,0.306308,1,91
7,15,0,Carbono/agua,7.84117,5,99
7,15,1,Carbono/amonia,0.149059,1,69
7,15,2,Carbono/acido sulfurico,0.239023,1,130
7,15,3,Carbono/metano,8.07989,3,43
7,15,4,Silicio/agua,0.0532604,1,103
7,15,5,Silicio/acido sulfurico,0.450691,1,139
7,20,0,Carbono/agua,7.84117,5,137
7,20,1,Carbono/amonia,0.149059,1,95
7,20,2,Carbono/acido sulfurico,6.30821,3,178
7,20,3,Carbono/metano,8.07989,4,61
7,20,4,Silicio/agua,0.0532604,1,144
7,20,5,Silicio/acido sulfurico,0.473329,1,194
7,25,0,Carbono/agua,8.54062,5,179
7,25,1,Carbono/amonia,0.230735,1,123
7,25,2,Carbono/acido sulfurico,6.37047,3,232
7,25,3,Carbono/metano,8.07989,4,79
7,25,4,Silicio/agua,0.0532604,1,186
7,25,5,Silicio/acido sulfurico,7.37264,3,253
7,30,0,Carbono/agua,8.62835,5,227
7,30,1,Carbono/amonia,0.230735,1,156
7,30,2,Carbono/acido sulfurico,6.37047,3,292
7,30,3,Carbono/metano,8.07989,4,99
7,30,4,Silicio/agua,0.158419,1,235
7,30,5,Silicio/acido sulfurico,7.37264,3,317
7,35,0,Carbono/agua,8.62835,5,278
7,35,1,Carbono/amonia,0.230735,1,192
7,35,2,Carbono/acido sulfurico,6.37047,3,358
7,35,3,Carbono/metano,8.07989,4,122
7,35,4,Silicio/agua,0.158419,1,288
7,35,5,Silicio/acido sulfurico,7.37264,3,390
7,40,0,Carbono/agua,9,5,334
7,40,1,Carbono/amonia,0.230735,1,231
7,40,2,Carbono/acido sulfurico,7.63912,3,433
7,40,3,Carbono/metano,8.4,5,147
7,40,4,Silicio/agua,0.193414,1,346
7,40,5,Silicio/acido sulfurico,7.37264,3,469
7,45,0,Carbono/agua,9,5,396
7,45,1,Carbono/amonia,0.230735,1,275
7,45,2,Carbono/acido sulfurico,7.63912,3,513
7,45,3,Carbono/metano,8.4,5,174
7,45,4,Silicio/agua,0.193414,1,413
7,45,5,Silicio/acido sulfurico,7.37264,3,557
7,50,0,Carbono/agua,9,5,465
7,50,1,Carbono/amonia,0.230735,1,324
7,50,2,Carbono/acido sulfurico,7.63912,3,603
7,50,3,Carbono/metano,8.07989,5,198
7,50,4,Silicio/agua,8.07989,5,485
7,50,5,Silicio/acido sulfurico,7.55092,3,655
7,55,0,Carbono/agua,9,5,540
7,55,1,Carbono/amonia,0.230735,1,376
7,55,2,Carbono/acido sulfurico,7.7824,3,701
7,55,3,Carbono/metano,8.07989,5,213
7,55,4,Silicio/agua,8.9414,6,565
7,55,5,Silicio/acido sulfurico,8.30044,3,762
7,60,0,Carbono/agua,9,5,625
7,60,1,Carbono/amonia,0.233641,1,434
7,60,2,Carbono/acido sulfurico,7.84617,3,810
7,60,3,Carbono/metano,8.4,5,231
7,60,4,Silicio/agua,8.9414,6,652
7,60,5,Silicio/acido sulfurico,8.76935,5,882
7,65,0,Carbono/agua,9,5,719
7,65,1,Carbono/amonia,0.233641,1,498
7,65,2,Carbono/acido sulfurico,8.51952,3,929
7,65,3,Carbono/metano,9,5,251
7,65,4,Silicio/agua,9,7,750
7,65,5,Silicio/acido sulfurico,8.76935,5,1014
7,70,0,Carbono/agua,9,5,822
7,70,1,Carbono/amonia,0.239032,1,569
7,70,2,Carbono/acido sulfurico,8.51952,3,1059
7,70,3,Carbono/metano,9,5,273
7,70,4,Silicio/agua,9,7,857
7,70,5,Silicio/acido sulfurico,8.76935,5,1157
7,75,0,Carbono/agua,9,5,935
7,75,1,Carbono/amonia,0.257178,1,648
7,75,2,Carbono/acido sulfurico,8.51952,3,1204
7,75,3,Carbono/metano,9,5,312
7,75,4,Silicio/agua,9,7,975
7,75,5,Silicio/acido sulfurico,8.76935,5,1317
7,80,0,Carbono/agua,9,5,1060
7,80,1,Carbono/amonia,0.367447,1,735
7,80,2,Carbono/acido sulfurico,8.51952,3,1364
7,80,3,Carbono/metano,9,5,366
7,80,4,Silicio/agua,9,7,1105
7,80,5,Silicio/acido sulfurico,9,5,1494
7,85,0,Carbono/agua,9,5,1199
7,85,1,Carbono/amonia,0.367447,1,833
7,85,2,Carbono/acido sulfurico,9,3,1541
7,85,3,Carbono/metano,9,5,429
7,85,4,Silicio/agua,9,7,1250
7,85,5,Silicio/acido sulfurico,9,5,1689
7,90,0,Carbono/agua,9,5,1352
7,90,1,Carbono/amonia,0.534478,1,939
7,90,2,Carbono/acido sulfurico,9,3,1737
7,90,3,Carbono/metano,9,5,497
7,90,4,Silicio/agua,9,7,1408
7,90,5,Silicio/acido sulfurico,9,5,1903
7,95,0,Carbono/agua,9,5,1521
7,95,1,Carbono/amonia,0.534478,1,1058
7,95,2,Carbono/acido sulfurico,9,3,1954
7,95,3,Carbono/metano,9,5,572
7,95,4,Silicio/agua,9,7,1585
7,95,5,Silicio/acido sulfurico,9,6,2140
7,100,0,Carbono/agua,9,5,1707
7,100,1,Carbono/amonia,0.762421,1,1188
7,100,2,Carbono/acido sulfurico,9,3,2193
7,100,3,Carbono/metano,9,5,656
7,100,4,Silicio/agua,9,7,1780
7,100,5,Silicio/acido sulfurico,9,7,2401
7,105,0,Carbono/agua,9,5,1913
7,105,1,Carbono/amonia,0.762421,1,1330
7,105,2,Carbono/acido sulfurico,9,4,2458
7,105,3,Carbono/metano,9,5,747
7,105,4,Silicio/agua,9,7,1994
7,105,5,Silicio/acido sulfurico,9,8,2689
7,110,0,Carbono/agua,9,5,2140
7,110,1,Carbono/amonia,6.63467,3,1487
7,110,2,Carbono/acido sulfurico,9,4,2748
7,110,3,Carbono/metano,9,5,849
7,110,4,Silicio/agua,9,7,2230
7,110,5,Silicio/acido sulfurico,9,8,3008
7,115,0,Carbono/agua,9,5,2391
7,115,1,Carbono/amonia,6.81846,3,1661
7,115,2,Carbono/acido sulfurico,9,5,3070
7,115,3,Carbono/metano,9,5,961
7,115,4,Silicio/agua,9,7,2491
7,115,5,Silicio/acido sulfurico,9,8,3362
7,120,0,Carbono/agua,9,5,2669
7,120,1,Carbono/amonia,6.99411,3,1853
7,120,2,Carbono/acido sulfurico,9,5,3426
7,120,3,Carbono/metano,9,5,1085
7,120,4,Silicio/agua,9,7,2779
7,120,5,Silicio/acido sulfurico,9,8,3752
7,125,0,Carbono/agua,9,5,2976
7,125,1,Carbono/amonia,7.34206,3,2064
7,125,2,Carbono/acido sulfurico,9,6,3817
7,125,3,Carbono/metano,9,5,1221
7,125,4,Silicio/agua,9,7,3098
7,125,5,Silicio/acido sulfurico,9,8,4181
7,130,0,Carbono/agua,9,5,3315
7,130,1,Carbono/amonia,7.719,3,2248
7,130,2,Carbono/acido sulfurico,9,8,4249
7,130,3,Carbono/metano,9,5,1371
7,130,4,Silicio/agua,9,7,3450
7,130,5,Silicio/acido sulfurico,9,8,4656
7,135,0,Carbono/agua,9,5,3688
7,135,1,Carbono/amonia,8.06107,3,2377
7,135,2,Carbono/acido sulfurico,9,8,4728
7,135,3,Carbono/metano,9,5,1537
7,135,4,Silicio/agua,9,7,3836
7,135,5,Silicio/acido sulfurico,9,8,5181
7,140,0,Carbono/agua,9,5,4100
7,140,1,Carbono/amonia,8.22639,3,2520
7,140,2,Carbono/acido sulfurico,9,8,5256
7,140,3,Carbono/metano,9,5,1719
7,140,4,Silicio/agua,9,7,4265
7,140,5,Silicio/acido sulfurico,9,8,5760
7,145,0,Carbono/agua,9,5,4556
7,145,1,Carbono/amonia,8.71893,3,2679
7,145,2,Carbono/acido sulfurico,9,8,5838
7,145,3,Carbono/metano,9,5,1921
7,145,4,Silicio/agua,9,7,4737
7,145,5,Silicio/acido sulfurico,9,8,6400
7,150,0,Carbono/agua,9,5,5060
7,150,1,Carbono/amonia,8.91467,3,2852
7,150,2,Carbono/acido sulfurico,9,8,6480
7,150,3,Carbono/metano,9,5,2145
7,150,4,Silicio/agua,9,7,5258
7,150,5,Silicio/acido sulfurico,9,8,7106
7,155,0,Carbono/agua,9,5,5615
7,155,1,Carbono/amonia,8.91467,3,3161
7,155,2,Carbono/acido sulfurico,9,8,7191
7,155,3,Carbono/metano,9,5,2393
7,155,4,Silicio/agua,9,7,5834
7,155,5,Silicio/acido sulfurico,9,8,7885
7,160,0,Carbono/agua,9,5,6228
7,160,1,Carbono/amonia,9,3,3584
7,160,2,Carbono/acido sulfurico,9,8,7975
7,160,3,Carbono/metano,9,5,2664
7,160,4,Silicio/agua,9,7,6469
7,160,5,Silicio/acido sulfurico,9,8,8744
7,165,0,Carbono/agua,9,5,6903
7,165,1,Carbono/amonia,9,3,4050
7,165,2,Carbono/acido sulfurico,9,8,8840
7,165,3,Carbono/metano,9,5,2964
7,165,4,Silicio/agua,9,7,7171
7,165,5,Silicio/acido sulfurico,9,8,9695
7,170,0,Carbono/agua,9,5,7651
7,170,1,Carbono/amonia,9,3,4566
7,170,2,Carbono/acido sulfurico,9,8,9795
7,170,3,Carbono/metano,9,5,3297
7,170,4,Silicio/agua,9,7,7946
7,170,5,Silicio/acido sulfurico,9,8,10745
7,175,0,Carbono/agua,9,5,8476
7,175,1,Carbono/amonia,9,3,5119
7,175,2,Carbono/acido sulfurico,9,8,10821
7,175,3,Carbono/metano,9,5,3653
7,175,4,Silicio/agua,9,7,8800
7,175,5,Silicio/acido sulfurico,9,8,11871
7,180,0,Carbono/agua,9,5,9384
7,180,1,Carbono/amonia,9,3,5676
7,180,2,Carbono/acido sulfurico,9,8,11850
7,180,3,Carbono/metano,9,5,4009
7,180,4,Silicio/agua,9,7,9745
7,180,5,Silicio/acido sulfurico,9,8,13000
7,185,0,Carbono/agua,9,5,10389
7,185,1,Carbono/amonia,9,3,6231
7,185,2,Carbono/acido sulfurico,9,8,12880
7,185,3,Carbono/metano,9,5,4366
7,185,4,Silicio/agua,9,7,10788
7,185,5,Silicio/acido sulfurico,9,8,14129
7,190,0,Carbono/agua,9,5,11498
7,190,1,Carbono/amonia,9,3,6786
7,190,2,Carbono/acido sulfurico,9,8,13910
7,190,3,Carbono/metano,9,5,4723
7,190,4,Silicio/agua,9,7,11938
7,190,5,Silicio/acido sulfurico,9,8,15257
7,195,0,Carbono/agua,9,5,12724
7,195,1,Carbono/amonia,9,3,7341
7,195,2,Carbono/acido sulfurico,9,8,14940
7,195,3,Carbono/metano,9,5,5080
7,195,4,Silicio/agua,9,7,13210
7,195,5,Silicio/acido sulfurico,9,8,16386
7,200,0,Carbono/agua,9,5,14077
7,200,1,Carbono/amonia,9,3,7896
7,200,2,Carbono/acido sulfurico,9,5,15661
7,200,3,Carbono/metano,9,5,5435
7,200,4,Silicio/agua,9,7,14614
7,200,5,Silicio/acido sulfurico,9,8,17516
7,205,0,Carbono/agua,9,7,15570
7,205,1,Carbono/amonia,9,3,8452
7,205,2,Carbono/acido sulfurico,9,6,16174
7,205,3,Carbono/metano,9,5,5792
7,205,4,Silicio/agua,9,7,16166
7,205,5,Silicio/acido sulfurico,9,8,18643
7,210,0,Carbono/agua,9,7,17218
7,210,1,Carbono/amonia,9,3,9007
7,210,2,Carbono/acido sulfurico,9,7,16689
7,210,3,Carbono/metano,9,5,6150
7,210,4,Silicio/agua,9,7,17878
7,210,5,Silicio/acido sulfurico,9,8,19773
7,215,0,Carbono/agua,9,7,19039
7,215,1,Carbono/amonia,9,3,9563
7,215,2,Carbono/acido sulfurico,9,7,17204
7,215,3,Carbono/metano,9,5,6506
7,215,4,Silicio/agua,9,7,19769
7,215,5,Silicio/acido sulfurico,9,8,20901
7,220,0,Carbono/agua,9,7,21050
7,220,1,Carbono/amonia,9,3,10119
7,220,2,Carbono/acido sulfurico,9,7,17719
7,220,3,Carbono/metano,9,5,6863
7,220,4,Silicio/agua,9,7,21856
7,220,5,Silicio/acido sulfurico,9,8,22030
7,225,0,Carbono/agua,9,7,23270
7,225,1,Carbono/amonia,9,3,10674
7,225,2,Carbono/acido sulfurico,9,7,18646
7,225,3,Carbono/metano,9,5,7219
7,225,4,Silicio/agua,9,7,24161
7,225,5,Silicio/acido sulfurico,9,8,23159
7,230,0,Carbono/agua,9,7,25719
7,230,1,Carbono/amonia,9,3,11229
7,230,2,Carbono/acido sulfurico,9,7,19675
7,230,3,Carbono/metano,9,5,7576
7,230,4,Silicio/agua,9,5,25677
7,230,5,Silicio/acido sulfurico,9,8,24287
7,235,0,Carbono/agua,9,7,28378
7,235,1,Carbono/amonia,9,5,11786
7,235,2,Carbono/acido sulfurico,9,7,20704
7,235,3,Carbono/metano,9,5,7932
7,235,4,Silicio/agua,9,5,27059
7,235,5,Silicio/acido sulfurico,9,8,25416
7,240,0,Carbono/agua,9,7,31060
7,240,1,Carbono/amonia,9,7,12341
7,240,2,Carbono/acido sulfurico,9,7,21734
7,240,3,Carbono/metano,9,5,8288
7,240,4,Silicio/agua,9,6,28449
7,240,5,Silicio/acido sulfurico,9,8,26545
7,245,0,Carbono/agua,9,7,33742
7,245,1,Carbono/amonia,9,7,12896
7,245,2,Carbono/acido sulfurico,9,7,22763
7,245,3,Carbono/metano,9,5,8643
7,245,4,Silicio/agua,9,7,29839
7,245,5,Silicio/acido sulfurico,9,8,27674
7,250,0,Carbono/agua,9,7,36422
7,250,1,Carbono/amonia,9,7,13452
7,250,2,Carbono/acido sulfurico,9,7,23792
7,250,3,Carbono/metano,9,6,9000
7,250,4,Silicio/agua,9,7,31230
7,250,5,Silicio/acido sulfurico,9,8,28802
7,255,0,Carbono/agua,9,7,39102
7,255,1,Carbono/amonia,9,7,14007
7,255,2,Carbono/acido sulfurico,9,7,24822
7,255,3,Carbono/metano,9,6,9355
7,255,4,Silicio/agua,9,7,34014
7,255,5,Silicio/acido sulfurico,9,8,29932
7,260,0,Carbono/agua,9,7,41782
7,260,1,Carbono/amonia,9,7,14563
7,260,2,Carbono/acido sulfurico,9,7,25850
7,260,3,Carbono/metano,9,6,9711
7,260,4,Silicio/agua,9,7,36798
7,260,5,Silicio/acido sulfurico,9,6,30835
7,265,0,Carbono/agua,9,7,44462
7,265,1,Carbono/amonia,9,7,15118
7,265,2,Carbono/acido sulfurico,9,7,26880
7,265,3,Carbono/metano,9,6,10068
7,265,4,Silicio/agua,9,7,39581
7,265,5,Silicio/acido sulfurico,9,6,31399
7,270,0,Carbono/agua,9,7,47142
7,270,1,Carbono/amonia,9,7,15674
7,270,2,Carbono/acido sulfurico,9,7,27909
7,270,3,Carbono/metano,9,6,10425
7,270,4,Silicio/agua,9,7,42364
7,270,5,Silicio/acido sulfurico,9,6,31963
7,275,0,Carbono/agua,9,7,49824
7,275,1,Carbono/amonia,9,7,16230
7,275,2,Carbono/acido sulfurico,9,7,28939
7,275,3,Carbono/metano,9,6,10782
7,275,4,Silicio/agua,9,7,45149
7,275,5,Silicio/acido sulfurico,9,6,32528
7,280,0,Carbono/agua,9,7,51969
7,280,1,Carbono/amonia,9,7,16786
7,280,2,Carbono/acido sulfurico,9,7,29969
7,280,3,Carbono/metano,9,6,11141
7,280,4,Silicio/agua,9,7,47932
7,280,5,Silicio/acido sulfurico,9,6,33093
7,285,0,Carbono/agua,9,7,53309
7,285,1,Carbono/amonia,9,7,17341
7,285,2,Carbono/acido sulfurico,9,7,30999
7,285,3,Carbono/metano,9,6,11498
7,285,4,Silicio/agua,9,7,50714
7,285,5,Silicio/acido sulfurico,9,8,33996
7,290,0,Carbono/agua,9,7,54649
7,290,1,Carbono/amonia,9,7,17896
7,290,2,Carbono/acido sulfurico,9,7,32029
7,290,3,Carbono/metano,9,6,11855
7,290,4,Silicio/agua,9,7,53497
7,290,5,Silicio/acido sulfurico,9,8,35125
7,295,0,Carbono/agua,9,7,55989
7,295,1,Carbono/amonia,9,7,18451
7,295,2,Carbono/acido sulfurico,9,7,33059
7,295,3,Carbono/metano,9,6,12212
7,295,4,Silicio/agua,9,7,56282
7,295,5,Silicio/acido sulfurico,9,8,36254
7,300,0,Carbono/agua,9,7,57329
7,300,1,Carbono/amonia,9,7,19008
7,300,2,Carbono/acido sulfurico,9,7,34088
7,300,3,Carbono/metano,9,6,12567
7,300,4,Silicio/agua,9,7,59063
7,300,5,Silicio/acido sulfurico,9,8,37383
8,0,0,Carbono/agua,-0.482198,1,6
8,0,1,Carbono/amonia,-0.0871396,1,4
8,0,2,Carbono/acido sulfurico,-0.529169,1,7
8,0,3,Carbono/metano,-0.190475,1,3
8,0,4,Silicio/agua,nan,0,6
8,0,5,Silicio/acido sulfurico,nan,0,8
8,5,0,Carbono/agua,0.0530905,1,33
8,5,1,Carbono/amonia,-0.0871396,1,23
8,5,2,Carbono/acido sulfurico,-0.0554603,1,43
8,5,3,Carbono/metano,-0.190475,1,15
8,5,4,Silicio/agua,-0.0230164,1,35
8,5,5,Silicio/acido sulfurico,-0.0869148,1,47
8,10,0,Carbono/agua,0.0982207,1,64
8,10,1,Carbono/amonia,-0.0871396,1,45
8,10,2,Carbono/acido sulfurico,-0.0153164,1,83
8,10,3,Carbono/metano,-0.190475,1,30
8,10,4,Silicio/agua,0.12732,1,68
8,10,5,Silicio/acido sulfurico,-0.0145788,1,91
8,15,0,Carbono/agua,0.0982207,1,98
8,15,1,Carbono/amonia,-0.0328596,1,68
8,15,2,Carbono/acido sulfurico,-0.0153164,1,125
8,15,3,Carbono/metano,-0.121113,1,45
8,15,4,Silicio/agua,0.208987,1,103
8,15,5,Silicio/acido sulfurico,6,2,141
8,20,0,Carbono/agua,0.387469,1,137
8,20,1,Carbono/amonia,0.00349709,1,94
8,20,2,Carbono/acido sulfurico,-0.0117853,1,174
8,20,3,Carbono/metano,-0.121113,1,61
8,20,4,Silicio/agua,0.295041,1,142
8,20,5,Silicio/acido sulfurico,6.22631,4,194
8,25,0,Carbono/agua,0.387469,1,179
8,25,1,Carbono/amonia,0.0282477,1,124
8,25,2,Carbono/acido sulfurico,0.0457736,1,229
8,25,3,Carbono/metano,-0.121113,1,79
8,25,4,Silicio/agua,0.378241,1,187
8,25,5,Silicio/acido sulfurico,7.15046,5,254
8,30,0,Carbono/agua,0.387469,1,226
8,30,1,Carbono/amonia,0.0282477,1,158
8,30,2,Carbono/acido sulfurico,0.15094,1,289
8,30,3,Carbono/metano,-0.121113,1,100
8,30,4,Silicio/agua,0.378241,1,234
8,30,5,Silicio/acido sulfurico,8.54062,5,321
8,35,0,Carbono/agua,0.387469,1,277
8,35,1,Carbono/amonia,0.114428,1,194
8,35,2,Carbono/acido sulfurico,0.15094,1,356
8,35,3,Carbono/metano,-0.121113,1,124
8,35,4,Silicio/agua,6,2,288
8,35,5,Silicio/acido sulfurico,8.54062,5,394
8,40,0,Carbono/agua,0.387469,1,334
8,40,1,Carbono/amonia,0.14535,1,234
8,40,2,Carbono/acido sulfurico,0.15094,1,430
8,40,3,Carbono/metano,-0.121113,1,148
8,40,4,Silicio/agua,8.4,5,346
8,40,5,Silicio/acido sulfurico,8.54062,5,473
8,45,0,Carbono/agua,0.482267,1,397
8,45,1,Carbono/amonia,0.319707,1,278
8,45,2,Carbono/acido sulfurico,0.15094,1,510
8,45,3,Carbono/metano,-0.115071,1,176
8,45,4,Silicio/agua,8.67385,5,412
8,45,5,Silicio/acido sulfurico,9,5,561
8,50,0,Carbono/agua,0.482267,1,467
8,50,1,Carbono/amonia,0.319707,1,325
8,50,2,Carbono/acido sulfurico,0.464224,1,601
8,50,3,Carbono/metano,0.246473,1,206
8,50,4,Silicio/agua,8.67385,5,484
8,50,5,Silicio/acido sulfurico,9,5,657
8,55,0,Carbono/agua,0.482267,1,543
8,55,1,Carbono/amonia,0.319707,1,376
8,55,2,Carbono/acido sulfurico,0.464224,1,700
8,55,3,Carbono/metano,0.246473,1,239
8,55,4,Silicio/agua,9,5,563
8,55,5,Silicio/acido sulfurico,9,5,764
8,60,0,Carbono/agua,0.482267,1,627
8,60,1,Carbono/amonia,0.319707,1,434
8,60,2,Carbono/acido sulfurico,0.537327,1,809
8,60,3,Carbono/metano,0.407959,1,276
8,60,4,Silicio/agua,9,5,650
8,60,5,Silicio/acido sulfurico,9,5,881
8,65,0,Carbono/agua,0.482267,1,720
8,65,1,Carbono/amonia,0.337121,1,499
8,65,2,Carbono/acido sulfurico,0.537327,1,929
8,65,3,Carbono/metano,0.407959,1,315
8,65,4,Silicio/agua,9,5,748
8,65,5,Silicio/acido sulfurico,9,5,1012
8,70,0,Carbono/agua,0.611736,1,822
8,70,1,Carbono/amonia,0.358082,1,571
8,70,2,Carbono/acido sulfurico,0.760939,1,1062
8,70,3,Carbono/metano,0.594467,1,360
8,70,4,Silicio/agua,9,5,854
8,70,5,Silicio/acido sulfurico,9,5,1156
8,75,0,Carbono/agua,0.611736,1,934
8,75,1,Carbono/amonia,0.497325,1,651
8,75,2,Carbono/acido sulfurico,7.50366,3,1208
8,75,3,Carbono/metano,0.644395,1,410
8,75,4,Silicio/agua,9,5,971
8,75,5,Silicio/acido sulfurico,9,7,1317
8,80,0,Carbono/agua,0.611736,1,1060
8,80,1,Carbono/amonia,0.46075,0,737
8,80,2,Carbono/acido sulfurico,7.50366,3,1369
8,80,3,Carbono/metano,0.644395,1,466
8,80,4,Silicio/agua,9,5,1102
8,80,5,Silicio/acido sulfurico,9,7,1495
8,85,0,Carbono/agua,0.614813,1,1199
8,85,1,Carbono/amonia,0.46075,1,785
8,85,2,Carbono/acido sulfurico,7.50366,3,1546
8,85,3,Carbono/metano,8.26915,2,527
8,85,4,Silicio/agua,9,5,1246
8,85,5,Silicio/acido sulfurico,9,7,1690
8,90,0,Carbono/agua,0.665612,1,1351
8,90,1,Carbono/amonia,6,2,839
8,90,2,Carbono/acido sulfurico,7.50366,3,1742
8,90,3,Carbono/metano,8.26915,3,594
8,90,4,Silicio/agua,9,5,1404
8,90,5,Silicio/acido sulfurico,9,7,1905
8,95,0,Carbono/agua,0.665612,1,1520
8,95,1,Carbono/amonia,6,2,897
8,95,2,Carbono/acido sulfurico,7.56839,3,1958
8,95,3,Carbono/metano,9,3,669
8,95,4,Silicio/agua,9,5,1581
8,95,5,Silicio/acido sulfurico,9,7,2143
8,100,0,Carbono/agua,0.665612,1,1709
8,100,1,Carbono/amonia,6,2,962
8,100,2,Carbono/acido sulfurico,8.34791,3,2197
8,100,3,Carbono/metano,9,4,753
8,100,4,Silicio/agua,9,5,1774
8,100,5,Silicio/acido sulfurico,9,7,2404
8,105,0,Carbono/agua,6.11498,3,1915
8,105,1,Carbono/amonia,6,2,1049
8,105,2,Carbono/acido sulfurico,8.94582,3,2461
8,105,3,Carbono/metano,9,5,844
8,105,4,Silicio/agua,9,5,1989
8,105,5,Silicio/acido sulfurico,9,7,2694
8,110,0,Carbono/agua,8.19753,5,2144
8,110,1,Carbono/amonia,6.32148,3,1207
8,110,2,Carbono/acido sulfurico,9,4,2752
8,110,3,Carbono/metano,9,5,944
8,110,4,Silicio/agua,9,5,2225
8,110,5,Silicio/acido sulfurico,9,7,3016
8,115,0,Carbono/agua,9,5,2394
8,115,1,Carbono/amonia,6.72014,3,1383
8,115,2,Carbono/acido sulfurico,9,4,3075
8,115,3,Carbono/metano,9,5,1057
8,115,4,Silicio/agua,9,5,2487
8,115,5,Silicio/acido sulfurico,9,7,3369
8,120,0,Carbono/agua,9,7,2672
8,120,1,Carbono/amonia,8.24912,4,1574
8,120,2,Carbono/acido sulfurico,9,5,3432
8,120,3,Carbono/metano,9,5,1181
8,120,4,Silicio/agua,9,5,2775
8,120,5,Silicio/acido sulfurico,9,7,3758
8,125,0,Carbono/agua,9,7,2977
8,125,1,Carbono/amonia,8.60298,5,1786
8,125,2,Carbono/acido sulfurico,9,6,3825
8,125,3,Carbono/metano,9,5,1317
8,125,4,Silicio/agua,9,5,3092
8,125,5,Silicio/acido sulfurico,9,7,4189
8,130,0,Carbono/agua,9,7,3314
8,130,1,Carbono/amonia,9,5,2021
8,130,2,Carbono/acido sulfurico,9,7,4258
8,130,3,Carbono/metano,9,6,1467
8,130,4,Silicio/agua,9,5,3444
8,130,5,Silicio/acido sulfurico,9,7,4665
8,135,0,Carbono/agua,9,7,3689
8,135,1,Carbono/amonia,9,6,2280
8,135,2,Carbono/acido sulfurico,9,7,4735
8,135,3,Carbono/metano,9,6,1632
8,135,4,Silicio/agua,9,5,3832
8,135,5,Silicio/acido sulfurico,9,7,5190
8,140,0,Carbono/agua,9,7,4102
8,140,1,Carbono/amonia,9,7,2565
8,140,2,Carbono/acido sulfurico,9,7,5264
8,140,3,Carbono/metano,9,6,1817
8,140,4,Silicio/agua,9,5,4260
8,140,5,Silicio/acido sulfurico,9,7,5769
8,145,0,Carbono/agua,9,7,4557
8,145,1,Carbono/amonia,9,7,2879
8,145,2,Carbono/acido sulfurico,9,7,5847
8,145,3,Carbono/metano,9,6,2019
8,145,4,Silicio/agua,9,5,4733
8,145,5,Silicio/acido sulfurico,9,7,6408
8,150,0,Carbono/agua,9,7,5060
8,150,1,Carbono/amonia,9,7,3226
8,150,2,Carbono/acido sulfurico,9,7,6491
8,150,3,Carbono/metano,9,7,2242
8,150,4,Silicio/agua,9,5,5257
8,150,5,Silicio/acido sulfurico,9,7,7112
8,155,0,Carbono/agua,9,6,5557
8,155,1,Carbono/amonia,9,7,3609
8,155,2,Carbono/acido sulfurico,9,7,7201
8,155,3,Carbono/metano,9,7,2488
8,155,4,Silicio/agua,9,5,5833
8,155,5,Silicio/acido sulfurico,9,7,7891
8,160,0,Carbono/agua,9,6,5863
8,160,1,Carbono/amonia,9,7,4033
8,160,2,Carbono/acido sulfurico,9,7,7986
8,160,3,Carbono/metano,9,7,2760
8,160,4,Silicio/agua,9,5,6469
8,160,5,Silicio/acido sulfurico,9,7,8750
8,165,0,Carbono/agua,9,6,6201
8,165,1,Carbono/amonia,9,7,4501
8,165,2,Carbono/acido sulfurico,9,7,8852
8,165,3,Carbono/metano,9,7,3060
8,165,4,Silicio/agua,9,5,7172
8,165,5,Silicio/acido sulfurico,9,7,9701
8,170,0,Carbono/agua,9,6,6575
8,170,1,Carbono/amonia,9,7,5016
8,170,2,Carbono/acido sulfurico,9,7,9808
8,170,3,Carbono/metano,9,7,3391
8,170,4,Silicio/agua,9,6,7947
8,170,5,Silicio/acido sulfurico,9,7,10750
8,175,0,Carbono/agua,9,6,6988
8,175,1,Carbono/amonia,9,7,5570
8,175,2,Carbono/acido sulfurico,9,7,10834
8,175,3,Carbono/metano,9,7,3747
8,175,4,Silicio/agua,9,6,8803
8,175,5,Silicio/acido sulfurico,9,7,11874
8,180,0,Carbono/agua,9,6,7631
8,180,1,Carbono/amonia,9,7,6125
8,180,2,Carbono/acido sulfurico,9,7,11862
8,180,3,Carbono/metano,9,7,4102
8,180,4,Silicio/agua,9,8,9749
8,180,5,Silicio/acido sulfurico,9,7,13003
8,185,0,Carbono/agua,9,6,8637
8,185,1,Carbono/amonia,9,7,6681
8,185,2,Carbono/acido sulfurico,9,7,12892
8,185,3,Carbono/metano,9,7,4460
8,185,4,Silicio/agua,9,8,10792
8,185,5,Silicio/acido sulfurico,9,7,14130
8,190,0,Carbono/agua,9,6,9746
8,190,1,Carbono/amonia,9,7,7236
8,190,2,Carbono/acido sulfurico,9,7,13922
8,190,3,Carbono/metano,9,7,4817
8,190,4,Silicio/agua,9,8,11944
8,190,5,Silicio/acido sulfurico,9,7,15259
8,195,0,Carbono/agua,9,6,10972
8,195,1,Carbono/amonia,9,7,7792
8,195,2,Carbono/acido sulfurico,9,7,14952
8,195,3,Carbono/metano,9,7,5173
8,195,4,Silicio/agua,9,8,13216
8,195,5,Silicio/acido sulfurico,9,7,16387
8,200,0,Carbono/agua,9,6,12324
8,200,1,Carbono/amonia,9,7,8347
8,200,2,Carbono/acido sulfurico,9,7,15982
8,200,3,Carbono/metano,9,7,5532
8,200,4,Silicio/agua,9,8,14621
8,200,5,Silicio/acido sulfurico,9,7,17517
8,205,0,Carbono/agua,9,7,13819
8,205,1,Carbono/amonia,9,7,8903
8,205,2,Carbono/acido sulfurico,9,7,17011
8,205,3,Carbono/metano,9,7,5889
8,205,4,Silicio/agua,9,7,16010
8,205,5,Silicio/acido sulfurico,9,7,18646
8,210,0,Carbono/agua,9,7,15469
8,210,1,Carbono/amonia,9,7,9458
8,210,2,Carbono/acido sulfurico,9,7,18041
8,210,3,Carbono/metano,9,7,6245
8,210,4,Silicio/agua,9,7,16866
8,210,5,Silicio/acido sulfurico,9,7,19775
8,215,0,Carbono/agua,9,7,17288
8,215,1,Carbono/amonia,9,7,10014
8,215,2,Carbono/acido sulfurico,9,7,19071
8,215,3,Carbono/metano,9,7,6600
8,215,4,Silicio/agua,9,7,17811
8,215,5,Silicio/acido sulfurico,9,7,20903
8,220,0,Carbono/agua,9,7,19298
8,220,1,Carbono/amonia,9,7,10569
8,220,2,Carbono/acido sulfurico,9,7,20101
8,220,3,Carbono/metano,9,7,6956
8,220,4,Silicio/agua,9,8,18854
8,220,5,Silicio/acido sulfurico,9,7,22032
8,225,0,Carbono/agua,9,7,21517
8,225,1,Carbono/amonia,9,7,11125
8,225,2,Carbono/acido sulfurico,9,7,21131
8,225,3,Carbono/metano,9,7,7313
8,225,4,Silicio/agua,9,8,20006
8,225,5,Silicio/acido sulfurico,9,7,23160
8,230,0,Carbono/agua,9,7,23968
8,230,1,Carbono/amonia,9,7,11682
8,230,2,Carbono/acido sulfurico,9,7,22161
8,230,3,Carbono/metano,9,7,7670
8,230,4,Silicio/agua,9,8,21800
8,230,5,Silicio/acido sulfurico,9,7,24288
8,235,0,Carbono/agua,9,7,26626
8,235,1,Carbono/amonia,9,7,12237
8,235,2,Carbono/acido sulfurico,9,7,23191
8,235,3,Carbono/metano,9,7,8026
8,235,4,Silicio/agua,9,8,24560
8,235,5,Silicio/acido sulfurico,9,7,25416
8,240,0,Carbono/agua,9,7,29306
8,240,1,Carbono/amonia,9,7,12794
8,240,2,Carbono/acido sulfurico,9,7,24221
8,240,3,Carbono/metano,9,7,8384
8,240,4,Silicio/agua,9,8,27342
8,240,5,Silicio/acido sulfurico,9,7,26545
8,245,0,Carbono/agua,9,7,31986
8,245,1,Carbono/amonia,9,7,13350
8,245,2,Carbono/acido sulfurico,9,7,25251
8,245,3,Carbono/metano,9,7,8741
8,245,4,Silicio/agua,9,8,30125
8,245,5,Silicio/acido sulfurico,9,7,27674
8,250,0,Carbono/agua,9,7,34667
8,250,1,Carbono/amonia,9,7,13907
8,250,2,Carbono/acido sulfurico,9,7,26281
8,250,3,Carbono/metano,9,7,9099
8,250,4,Silicio/agua,9,8,32909
8,250,5,Silicio/acido sulfurico,9,7,28804
8,255,0,Carbono/agua,9,7,37347
8,255,1,Carbono/amonia,9,7,14462
8,255,2,Carbono/acido sulfurico,9,7,27311
8,255,3,Carbono/metano,9,7,9456
8,255,4,Silicio/agua,9,8,35693
8,255,5,Silicio/acido sulfurico,9,7,29934
8,260,0,Carbono/agua,9,7,40027
8,260,1,Carbono/amonia,9,7,15019
8,260,2,Carbono/acido sulfurico,9,7,28341
8,260,3,Carbono/metano,9,7,9812
8,260,4,Silicio/agua,9,8,38476
8,260,5,Silicio/acido sulfurico,9,7,31062
8,265,0,Carbono/agua,9,7,42707
8,265,1,Carbono/amonia,9,7,15575
8,265,2,Carbono/acido sulfurico,9,7,29370
8,265,3,Carbono/metano,9,7,10168
8,265,4,Silicio/agua,9,8,41261
8,265,5,Silicio/acido sulfurico,9,7,32191
8,270,0,Carbono/agua,9,7,45388
8,270,1,Carbono/amonia,9,7,16131
8,270,2,Carbono/acido sulfurico,9,7,30400
8,270,3,Carbono/metano,9,7,10524
8,270,4,Silicio/agua,9,8,44045
8,270,5,Silicio/acido sulfurico,9,7,33319
8,275,0,Carbono/agua,9,7,48068
8,275,1,Carbono/amonia,9,7,16686
8,275,2,Carbono/acido sulfurico,9,7,31430
8,275,3,Carbono/metano,9,7,10880
8,275,4,Silicio/agua,9,8,46830
8,275,5,Silicio/acido sulfurico,9,7,34448
8,280,0,Carbono/agua,9,7,50748
8,280,1,Carbono/amonia,9,7,17242
8,280,2,Carbono/acido sulfurico,9,7,32460
8,280,3,Carbono/metano,9,7,11236
8,280,4,Silicio/agua,9,8,49614
8,280,5,Silicio/acido sulfurico,9,7,35576
8,285,0,Carbono/agua,9,7,53429
8,285,1,Carbono/amonia,9,7,17797
8,285,2,Carbono/acido sulfurico,9,7,33489
8,285,3,Carbono/metano,9,7,11592
8,285,4,Silicio/agua,9,8,52397
8,285,5,Silicio/acido sulfurico,9,7,36703
8,290,0,Carbono/agua,9,7,56110
8,290,1,Carbono/amonia,9,8,18352
8,290,2,Carbono/acido sulfurico,9,7,34518
8,290,3,Carbono/metano,9,7,11948
8,290,4,Silicio/agua,9,8,55180
8,290,5,Silicio/acido sulfurico,9,7,37833
8,295,0,Carbono/agua,9,7,58790
8,295,1,Carbono/amonia,9,8,18907
8,295,2,Carbono/acido sulfurico,9,7,35547
8,295,3,Carbono/metano,9,7,12304
8,295,4,Silicio/agua,9,8,57963
8,295,5,Silicio/acido sulfurico,9,7,38961
8,300,0,Carbono/agua,9,7,61472
8,300,1,Carbono/amonia,9,8,19463
8,300,2,Carbono/acido sulfurico,9,7,36576
8,300,3,Carbono/metano,9,7,12661
8,300,4,Silicio/agua,9,8,60747
8,300,5,Silicio/acido sulfurico,9,7,40090
9,0,0,Carbono/agua,-0.151227,1,5
9,0,1,Carbono/amonia,nan,0,4
9,0,2,Carbono/acido sulfurico,-0.224886,1,7
9,0,3,Carbono/metano,nan,0,3
9,0,4,Silicio/agua,-0.90309,1,5
9,0,5,Silicio/acido sulfurico,-0.30103,1,7
9,5,0,Carbono/agua,-0.0865465,1,33
9,5,1,Carbono/amonia,0.0192771,1,24
9,5,2,Carbono/acido sulfurico,-0.026502,1,43
9,5,3,Carbono/metano,-0.488082,1,14
9,5,4,Silicio/agua,-0.345716,1,35
9,5,5,Silicio/acido sulfurico,-0.0498281,1,47
9,10,0,Carbono/agua,-4.34294e-07,1,65
9,10,1,Carbono/amonia,0.0497675,1,38
9,10,2,Carbono/acido sulfurico,0.0141356,1,84
9,10,3,Carbono/metano,-0.338488,1,28
9,10,4,Silicio/agua,-0.125597,1,68
9,10,5,Silicio/acido sulfurico,-0.0205385,1,91
9,15,0,Carbono/agua,-4.34294e-07,1,100
9,15,1,Carbono/amonia,0.0497675,1,50
9,15,2,Carbono/acido sulfurico,0.284457,1,128
9,15,3,Carbono/metano,-0.0970308,1,43
9,15,4,Silicio/agua,-0.125597,1,104
9,15,5,Silicio/acido sulfurico,-0.0205385,1,141
9,20,0,Carbono/agua,6,2,136
9,20,1,Carbono/amonia,0.0497675,1,63
9,20,2,Carbono/acido sulfurico,0.343225,1,178
9,20,3,Carbono/metano,-0.0970308,1,62
9,20,4,Silicio/agua,-0.0898151,1,144
9,20,5,Silicio/acido sulfurico,0.080674,1,194
9,25,0,Carbono/agua,7.90023,3,178
9,25,1,Carbono/amonia,0.0795887,1,78
9,25,2,Carbono/acido sulfurico,6,2,233
9,25,3,Carbono/metano,-0.0970308,1,79
9,25,4,Silicio/agua,-0.0620152,1,189
9,25,5,Silicio/acido sulfurico,0.252002,1,256
9,30,0,Carbono/agua,7.90023,3,224
9,30,1,Carbono/amonia,8.35617,3,94
9,30,2,Carbono/acido sulfurico,6,2,291
9,30,3,Carbono/metano,-0.0970308,1,99
9,30,4,Silicio/agua,9,2,238
9,30,5,Silicio/acido sulfurico,0.252002,1,322
9,35,0,Carbono/agua,8.4,5,274
9,35,1,Carbono/amonia,8.35617,3,130
9,35,2,Carbono/acido sulfurico,7.35899,3,358
9,35,3,Carbono/metano,0.135458,1,122
9,35,4,Silicio/agua,9,2,291
9,35,5,Silicio/acido sulfurico,0.252002,1,393
9,40,0,Carbono/agua,8.67869,5,331
9,40,1,Carbono/amonia,8.35617,3,168
9,40,2,Carbono/acido sulfurico,7.35899,3,431
9,40,3,Carbono/metano,0.135458,1,147
9,40,4,Silicio/agua,9,2,350
9,40,5,Silicio/acido sulfurico,0.252002,1,472
9,45,0,Carbono/agua,9,5,395
9,45,1,Carbono/amonia,8.35617,3,211
9,45,2,Carbono/acido sulfurico,7.71653,3,510
9,45,3,Carbono/metano,0.135458,1,175
9,45,4,Silicio/agua,9,3,416
9,45,5,Silicio/acido sulfurico,0.488281,1,562
9,50,0,Carbono/agua,9,5,466
9,50,1,Carbono/amonia,8.35617,3,261
9,50,2,Carbono/acido sulfurico,8.23505,3,600
9,50,3,Carbono/metano,6,2,206
9,50,4,Silicio/agua,9,3,489
9,50,5,Silicio/acido sulfurico,0.488281,1,659
9,55,0,Carbono/agua,9,5,544
9,55,1,Carbono/amonia,8.35617,3,315
9,55,2,Carbono/acido sulfurico,8.41038,3,698
9,55,3,Carbono/metano,6.2161,3,241
9,55,4,Silicio/agua,9,4,569
9,55,5,Silicio/acido sulfurico,0.634577,1,765
9,60,0,Carbono/agua,9,5,628
9,60,1,Carbono/amonia,8.4,3,373
9,60,2,Carbono/acido sulfurico,8.45258,3,805
9,60,3,Carbono/metano,6.2161,3,280
9,60,4,Silicio/agua,9,4,657
9,60,5,Silicio/acido sulfurico,0.634577,1,883
9,65,0,Carbono/agua,9,5,722
9,65,1,Carbono/amonia,8.4,3,436
9,65,2,Carbono/acido sulfurico,8.61317,3,926
9,65,3,Carbono/metano,6.2161,3,322
9,65,4,Silicio/agua,9,4,753
9,65,5,Silicio/acido sulfurico,7.01609,2,1012
9,70,0,Carbono/agua,9,5,825
9,70,1,Carbono/amonia,9,3,506
9,70,2,Carbono/acido sulfurico,8.68426,3,1060
9,70,3,Carbono/metano,6.2161,3,367
9,70,4,Silicio/agua,9,5,860
9,70,5,Silicio/acido sulfurico,7.07915,3,1156
9,75,0,Carbono/agua,9,5,937
9,75,1,Carbono/amonia,9,3,587
9,75,2,Carbono/acido sulfurico,9,3,1207
9,75,3,Carbono/metano,7.41469,3,417
9,75,4,Silicio/agua,9,5,977
9,75,5,Silicio/acido sulfurico,8.50713,5,1316
9,80,0,Carbono/agua,9,5,1061
9,80,1,Carbono/amonia,9,3,674
9,80,2,Carbono/acido sulfurico,9,1,1369
9,80,3,Carbono/metano,7.41469,3,473
9,80,4,Silicio/agua,9,5,1106
9,80,5,Silicio/acido sulfurico,8.7186,7,1490
9,85,0,Carbono/agua,9,5,1199
9,85,1,Carbono/amonia,9,3,770
9,85,2,Carbono/acido sulfurico,9,2,1459
9,85,3,Carbono/metano,7.41469,3,535
9,85,4,Silicio/agua,9,5,1251
9,85,5,Silicio/acido sulfurico,9,7,1687
9,90,0,Carbono/agua,9,5,1352
9,90,1,Carbono/amonia,9,3,876
9,90,2,Carbono/acido sulfurico,9,3,1558
9,90,3,Carbono/metano,7.5676,3,602
9,90,4,Silicio/agua,9,5,1408
9,90,5,Silicio/acido sulfurico,9,7,1901
9,95,0,Carbono/agua,9,5,1521
9,95,1,Carbono/amonia,9,3,992
9,95,2,Carbono/acido sulfurico,9,3,1665
9,95,3,Carbono/metano,7.5676,4,677
9,95,4,Silicio/agua,9,5,1584
9,95,5,Silicio/acido sulfurico,9,7,2138
9,100,0,Carbono/agua,9,5,1708
9,100,1,Carbono/amonia,9,3,1121
9,100,2,Carbono/acido sulfurico,9,3,1785
9,100,3,Carbono/metano,8.04164,4,760
9,100,4,Silicio/agua,9,5,1778
9,100,5,Silicio/acido sulfurico,9,7,2400
9,105,0,Carbono/agua,9,5,1914
9,105,1,Carbono/amonia,9,3,1262
9,105,2,Carbono/acido sulfurico,9,3,1943
9,105,3,Carbono/metano,8.04164,5,852
9,105,4,Silicio/agua,9,5,1994
9,105,5,Silicio/acido sulfurico,9,7,2689
9,110,0,Carbono/agua,9,6,2140
9,110,1,Carbono/amonia,9,3,1420
9,110,2,Carbono/acido sulfurico,9,3,2234
9,110,3,Carbono/metano,8.04164,5,955
9,110,4,Silicio/agua,9,5,2230
9,110,5,Silicio/acido sulfurico,9,7,3011
9,115,0,Carbono/agua,9,6,2392
9,115,1,Carbono/amonia,9,3,1594
9,115,2,Carbono/acido sulfurico,9,3,2555
9,115,3,Carbono/metano,8.04164,5,1066
9,115,4,Silicio/agua,9,5,2492
9,115,5,Silicio/acido sulfurico,9,7,3364
9,120,0,Carbono/agua,9,6,2670
9,120,1,Carbono/amonia,9,3,1786
9,120,2,Carbono/acido sulfurico,9,3,2910
9,120,3,Carbono/metano,8.25383,5,1190
9,120,4,Silicio/agua,9,5,2780
9,120,5,Silicio/acido sulfurico,9,7,3753
9,125,0,Carbono/agua,9,6,2976
9,125,1,Carbono/amonia,9,3,1997
9,125,2,Carbono/acido sulfurico,9,4,3301
9,125,3,Carbono/metano,8.25383,6,1284
9,125,4,Silicio/agua,9,5,3098
9,125,5,Silicio/acido sulfurico,9,7,4184
9,130,0,Carbono/agua,9,6,3315
9,130,1,Carbono/amonia,9,3,2231
9,130,2,Carbono/acido sulfurico,9,6,3734
9,130,3,Carbono/metano,8.25383,6,1358
9,130,4,Silicio/agua,9,5,3449
9,130,5,Silicio/acido sulfurico,9,7,4658
9,135,0,Carbono/agua,9,6,3689
9,135,1,Carbono/amonia,9,3,2489
9,135,2,Carbono/acido sulfurico,9,6,4213
9,135,3,Carbono/metano,8.50535,6,1442
9,135,4,Silicio/agua,9,5,3837
9,135,5,Silicio/acido sulfurico,9,7,5182
9,140,0,Carbono/agua,9,6,4100
9,140,1,Carbono/amonia,9,4,2775
9,140,2,Carbono/acido sulfurico,9,5,4633
9,140,3,Carbono/metano,8.64974,6,1534
9,140,4,Silicio/agua,9,5,4265
9,140,5,Silicio/acido sulfurico,9,7,5762
9,145,0,Carbono/agua,9,6,4556
9,145,1,Carbono/amonia,9,4,3089
9,145,2,Carbono/acido sulfurico,9,5,4924
9,145,3,Carbono/metano,8.93768,6,1634
9,145,4,Silicio/agua,9,5,4739
9,145,5,Silicio/acido sulfurico,9,7,6399
9,150,0,Carbono/agua,9,6,5059
9,150,1,Carbono/amonia,9,5,3436
9,150,2,Carbono/acido sulfurico,9,6,5245
9,150,3,Carbono/metano,9,6,1836
9,150,4,Silicio/agua,9,5,5261
9,150,5,Silicio/acido sulfurico,9,7,7103
9,155,0,Carbono/agua,9,6,5614
9,155,1,Carbono/amonia,9,5,3821
9,155,2,Carbono/acido sulfurico,9,6,5600
9,155,3,Carbono/metano,9,6,2083
9,155,4,Silicio/agua,9,5,5838
9,155,5,Silicio/acido sulfurico,9,7,7880
9,160,0,Carbono/agua,9,6,6226
9,160,1,Carbono/amonia,9,5,4245
9,160,2,Carbono/acido sulfurico,9,6,5993
9,160,3,Carbono/metano,9,6,2353
9,160,4,Silicio/agua,9,5,6473
9,160,5,Silicio/acido sulfurico,9,7,8740
9,165,0,Carbono/agua,9,6,6902
9,165,1,Carbono/amonia,9,5,4713
9,165,2,Carbono/acido sulfurico,9,6,6691
9,165,3,Carbono/metano,9,6,2653
9,165,4,Silicio/agua,9,5,7175
9,165,5,Silicio/acido sulfurico,9,7,9689
9,170,0,Carbono/agua,9,6,7649
9,170,1,Carbono/amonia,9,5,5228
9,170,2,Carbono/acido sulfurico,9,6,7648
9,170,3,Carbono/metano,9,7,2985
9,170,4,Silicio/agua,9,5,7950
9,170,5,Silicio/acido sulfurico,9,7,10739
9,175,0,Carbono/agua,9,6,8473
9,175,1,Carbono/amonia,9,5,5781
9,175,2,Carbono/acido sulfurico,9,7,8675
9,175,3,Carbono/metano,9,7,3340
9,175,4,Silicio/agua,9,5,8806
9,175,5,Silicio/acido sulfurico,9,7,11527
9,180,0,Carbono/agua,9,6,9383
9,180,1,Carbono/amonia,9,5,6336
9,180,2,Carbono/acido sulfurico,9,7,9704
9,180,3,Carbono/metano,9,8,3697
9,180,4,Silicio/agua,9,5,9752
9,180,5,Silicio/acido sulfurico,9,5,12092
9,185,0,Carbono/agua,9,6,10388
9,185,1,Carbono/amonia,9,5,6893
9,185,2,Carbono/acido sulfurico,9,7,10733
9,185,3,Carbono/metano,9,8,4054
9,185,4,Silicio/agua,9,5,10797
9,185,5,Silicio/acido sulfurico,9,7,12657
9,190,0,Carbono/agua,9,6,11498
9,190,1,Carbono/amonia,9,5,7449
9,190,2,Carbono/acido sulfurico,9,7,11762
9,190,3,Carbono/metano,9,8,4410
9,190,4,Silicio/agua,9,5,11948
9,190,5,Silicio/acido sulfurico,9,7,13222
9,195,0,Carbono/agua,9,6,12724
9,195,1,Carbono/amonia,9,5,8006
9,195,2,Carbono/acido sulfurico,9,7,12792
9,195,3,Carbono/metano,9,8,4767
9,195,4,Silicio/agua,9,5,13218
9,195,5,Silicio/acido sulfurico,9,8,13787
9,200,0,Carbono/agua,9,6,14076
9,200,1,Carbono/amonia,9,5,8561
9,200,2,Carbono/acido sulfurico,9,7,13822
9,200,3,Carbono/metano,9,6,4980
9,200,4,Silicio/agua,9,5,14624
9,200,5,Silicio/acido sulfurico,9,8,14352
9,205,0,Carbono/agua,9,6,15569
9,205,1,Carbono/amonia,9,5,9116
9,205,2,Carbono/acido sulfurico,9,7,14852
9,205,3,Carbono/metano,9,6,5159
9,205,4,Silicio/agua,9,6,16175
9,205,5,Silicio/acido sulfurico,9,8,15368
9,210,0,Carbono/agua,9,6,17219
9,210,1,Carbono/amonia,9,5,9672
9,210,2,Carbono/acido sulfurico,9,7,15882
9,210,3,Carbono/metano,9,6,5339
9,210,4,Silicio/agua,9,7,17888
9,210,5,Silicio/acido sulfurico,9,8,16496
9,215,0,Carbono/agua,9,6,19040
9,215,1,Carbono/amonia,9,5,10228
9,215,2,Carbono/acido sulfurico,9,7,16911
9,215,3,Carbono/metano,9,5,5517
9,215,4,Silicio/agua,9,7,19778
9,215,5,Silicio/acido sulfurico,9,8,17624
9,220,0,Carbono/agua,9,6,21050
9,220,1,Carbono/amonia,9,5,10783
9,220,2,Carbono/acido sulfurico,9,7,17940
9,220,3,Carbono/metano,9,5,5696
9,220,4,Silicio/agua,9,7,21866
9,220,5,Silicio/acido sulfurico,9,8,18750
9,225,0,Carbono/agua,9,6,23270
9,225,1,Carbono/amonia,9,5,11339
9,225,2,Carbono/acido sulfurico,9,7,18970
9,225,3,Carbono/metano,9,5,5873
9,225,4,Silicio/agua,9,7,24171
9,225,5,Silicio/acido sulfurico,9,8,19879
9,230,0,Carbono/agua,9,6,25721
9,230,1,Carbono/amonia,9,5,11895
9,230,2,Carbono/acido sulfurico,9,7,19999
9,230,3,Carbono/metano,9,5,6050
9,230,4,Silicio/agua,9,7,26714
9,230,5,Silicio/acido sulfurico,9,8,21007
9,235,0,Carbono/agua,9,7,28380
9,235,1,Carbono/amonia,9,5,12450
9,235,2,Carbono/acido sulfurico,9,7,21028
9,235,3,Carbono/metano,9,5,6229
9,235,4,Silicio/agua,9,7,29474
9,235,5,Silicio/acido sulfurico,9,8,22136
9,240,0,Carbono/agua,9,7,31061
9,240,1,Carbono/amonia,9,5,13006
9,240,2,Carbono/acido sulfurico,9,7,22058
9,240,3,Carbono/metano,9,5,6478
9,240,4,Silicio/agua,9,7,32257
9,240,5,Silicio/acido sulfurico,9,8,23264
9,245,0,Carbono/agua,9,7,33742
9,245,1,Carbono/amonia,9,5,13561
9,245,2,Carbono/acido sulfurico,9,7,23088
9,245,3,Carbono/metano,9,7,6837
9,245,4,Silicio/agua,9,7,35040
9,245,5,Silicio/acido sulfurico,9,8,24394
9,250,0,Carbono/agua,9,7,36422
9,250,1,Carbono/amonia,9,7,14117
9,250,2,Carbono/acido sulfurico,9,7,24118
9,250,3,Carbono/metano,9,7,7192
9,250,4,Silicio/agua,9,7,37825
9,250,5,Silicio/acido sulfurico,9,8,25523
9,255,0,Carbono/agua,9,7,39103
9,255,1,Carbono/amonia,9,7,14673
9,255,2,Carbono/acido sulfurico,9,7,25148
9,255,3,Carbono/metano,9,7,7550
9,255,4,Silicio/agua,9,7,40609
9,255,5,Silicio/acido sulfurico,9,8,26651
9,260,0,Carbono/agua,9,7,41784
9,260,1,Carbono/amonia,9,7,15228
9,260,2,Carbono/acido sulfurico,9,7,26178
9,260,3,Carbono/metano,9,7,7907
9,260,4,Silicio/agua,9,7,43393
9,260,5,Silicio/acido sulfurico,9,8,27781
9,265,0,Carbono/agua,9,7,44466
9,265,1,Carbono/amonia,9,7,15783
9,265,2,Carbono/acido sulfurico,9,7,27208
9,265,3,Carbono/metano,9,7,8264
9,265,4,Silicio/agua,9,7,46175
9,265,5,Silicio/acido sulfurico,9,8,28910
9,270,0,Carbono/agua,9,8,47147
9,270,1,Carbono/amonia,9,7,16338
9,270,2,Carbono/acido sulfurico,9,7,28237
9,270,3,Carbono/metano,9,7,8620
9,270,4,Silicio/agua,9,7,48957
9,270,5,Silicio/acido sulfurico,9,8,30039
9,275,0,Carbono/agua,9,8,49829
9,275,1,Carbono/amonia,9,7,16893
9,275,2,Carbono/acido sulfurico,9,7,29267
9,275,3,Carbono/metano,9,7,8977
9,275,4,Silicio/agua,9,7,51742
9,275,5,Silicio/acido sulfurico,9,8,31168
9,280,0,Carbono/agua,9,8,52510
9,280,1,Carbono/amonia,9,8,17448
9,280,2,Carbono/acido sulfurico,9,7,30297
9,280,3,Carbono/metano,9,7,9332
9,280,4,Silicio/agua,9,7,54523
9,280,5,Silicio/acido sulfurico,9,8,32297
9,285,0,Carbono/agua,9,9,55192
9,285,1,Carbono/amonia,9,8,18003
9,285,2,Carbono/acido sulfurico,9,7,31327
9,285,3,Carbono/metano,9,7,9691
9,285,4,Silicio/agua,9,7,57307
9,285,5,Silicio/acido sulfurico,9,8,33427
9,290,0,Carbono/agua,9,9,57873
9,290,1,Carbono/amonia,9,8,18560
9,290,2,Carbono/acido sulfurico,9,7,32357
9,290,3,Carbono/metano,9,7,10047
9,290,4,Silicio/agua,9,7,60091
9,290,5,Silicio/acido sulfurico,9,8,34555
9,295,0,Carbono/agua,9,9,60554
9,295,1,Carbono/amonia,9,8,19115
9,295,2,Carbono/acido sulfurico,9,7,33387
9,295,3,Carbono/metano,9,7,10404
9,295,4,Silicio/agua,9,7,62875
9,295,5,Silicio/acido sulfurico,9,8,35684
9,300,0,Carbono/agua,9,9,63234
9,300,1,Carbono/amonia,9,8,19671
9,300,2,Carbono/acido sulfurico,9,7,34416
9,300,3,Carbono/metano,9,7,10619
9,300,4,Silicio/agua,9,7,65658
9,300,5,Silicio/acido sulfurico,9,8,36813
10,0,0,Carbono/agua,-0.289371,1,5
10,0,1,Carbono/amonia,nan,0,4
10,0,2,Carbono/acido sulfurico,0.217785,1,6
10,0,3,Carbono/metano,nan,0,2
10,0,4,Silicio/agua,nan,0,6
10,0,5,Silicio/acido sulfurico,-0.100185,1,8
10,5,0,Carbono/agua,0.32727,1,34
10,5,1,Carbono/amonia,-0.235647,1,23
10,5,2,Carbono/acido sulfurico,6.65158,2,42
10,5,3,Carbono/metano,-0.2404,1,17
10,5,4,Silicio/agua,0.105992,1,34
10,5,5,Silicio/acido sulfurico,0.208411,1,47
10,10,0,Carbono/agua,0.32727,1,65
10,10,1,Carbono/amonia,6,2,44
10,10,2,Carbono/acido sulfurico,7.80629,2,81
10,10,3,Carbono/metano,-0.207716,1,31
10,10,4,Silicio/agua,7.556,2,67
10,10,5,Silicio/acido sulfurico,6.5386,2,91
10,15,0,Carbono/agua,0.32727,1,99
10,15,1,Carbono/amonia,7.48328,3,69
10,15,2,Carbono/acido sulfurico,7.80629,2,125
10,15,3,Carbono/metano,0.151045,1,46
10,15,4,Silicio/agua,7.556,3,102
10,15,5,Silicio/acido sulfurico,6.58743,2,140
10,20,0,Carbono/agua,0.344453,1,138
10,20,1,Carbono/amonia,7.48328,4,95
10,20,2,Carbono/acido sulfurico,9,2,175
10,20,3,Carbono/metano,0.151045,1,62
10,20,4,Silicio/agua,7.556,3,142
10,20,5,Silicio/acido sulfurico,6.63057,3,194
10,25,0,Carbono/agua,0.518554,1,181
10,25,1,Carbono/amonia,7.48328,4,125
10,25,2,Carbono/acido sulfurico,9,4,229
10,25,3,Carbono/metano,0.151045,1,79
10,25,4,Silicio/agua,7.556,3,186
10,25,5,Silicio/acido sulfurico,6.63057,3,254
10,30,0,Carbono/agua,0.906175,1,227
10,30,1,Carbono/amonia,7.64126,4,155
10,30,2,Carbono/acido sulfurico,9,4,288
10,30,3,Carbono/metano,0.151045,1,99
10,30,4,Silicio/agua,7.556,3,234
10,30,5,Silicio/acido sulfurico,6.81331,3,320
10,35,0,Carbono/agua,0.906175,1,280
10,35,1,Carbono/amonia,8.4,5,190
10,35,2,Carbono/acido sulfurico,9,4,353
10,35,3,Carbono/metano,0.151045,1,121
10,35,4,Silicio/agua,7.556,3,288
10,35,5,Silicio/acido sulfurico,6.81331,3,392
10,40,0,Carbono/agua,6.79205,2,337
10,40,1,Carbono/amonia,8.50732,5,229
10,40,2,Carbono/acido sulfurico,9,4,426
10,40,3,Carbono/metano,0.311848,1,133
10,40,4,Silicio/agua,7.556,3,348
10,40,5,Silicio/acido sulfurico,7.99581,3,472
10,45,0,Carbono/agua,6.79205,2,401
10,45,1,Carbono/amonia,8.50732,5,273
10,45,2,Carbono/acido sulfurico,9,4,505
10,45,3,Carbono/metano,0.311848,1,147
10,45,4,Silicio/agua,7.79016,3,414
10,45,5,Silicio/acido sulfurico,7.99581,3,559
10,50,0,Carbono/agua,6.79205,2,471
10,50,1,Carbono/amonia,8.50732,5,321
10,50,2,Carbono/acido sulfurico,9,4,593
10,50,3,Carbono/metano,0.311848,1,162
10,50,4,Silicio/agua,7.79016,3,486
10,50,5,Silicio/acido sulfurico,7.99581,3,655
10,55,0,Carbono/agua,7.00923,2,548
10,55,1,Carbono/amonia,8.50732,5,372
10,55,2,Carbono/acido sulfurico,9,4,691
10,55,3,Carbono/metano,0.311848,1,178
10,55,4,Silicio/agua,7.79016,3,566
10,55,5,Silicio/acido sulfurico,7.99581,3,762
10,60,0,Carbono/agua,7.00923,2,633
10,60,1,Carbono/amonia,9,5,430
10,60,2,Carbono/acido sulfurico,9,5,798
10,60,3,Carbono/metano,0.358727,1,206
10,60,4,Silicio/agua,8.18479,3,652
10,60,5,Silicio/acido sulfurico,8.77862,4,881
10,65,0,Carbono/agua,7.00923,3,727
10,65,1,Carbono/amonia,9,5,494
10,65,2,Carbono/acido sulfurico,9,5,916
10,65,3,Carbono/metano,0.358727,1,247
10,65,4,Silicio/agua,9,3,749
10,65,5,Silicio/acido sulfurico,8.77862,4,1013
10,70,0,Carbono/agua,7.19682,3,828
10,70,1,Carbono/amonia,9,5,565
10,70,2,Carbono/acido sulfurico,9,5,1048
10,70,3,Carbono/metano,0.358727,1,292
10,70,4,Silicio/agua,9,3,857
10,70,5,Silicio/acido sulfurico,8.77862,3,1114
10,75,0,Carbono/agua,7.57919,3,942
10,75,1,Carbono/amonia,9,5,643
10,75,2,Carbono/acido sulfurico,9,5,1194
10,75,3,Carbono/metano,6,2,342
10,75,4,Silicio/agua,9,3,976
10,75,5,Silicio/acido sulfurico,8.77862,5,1194
10,80,0,Carbono/agua,7.57919,3,1066
10,80,1,Carbono/amonia,9,5,729
10,80,2,Carbono/acido sulfurico,9,5,1355
10,80,3,Carbono/metano,6,2,399
10,80,4,Silicio/agua,9,3,1107
10,80,5,Silicio/acido sulfurico,8.77862,6,1282
10,85,0,Carbono/agua,7.82847,3,1204
10,85,1,Carbono/amonia,9,5,826
10,85,2,Carbono/acido sulfurico,9,5,1532
10,85,3,Carbono/metano,6,2,461
10,85,4,Silicio/agua,9,3,1250
10,85,5,Silicio/acido sulfurico,9,6,1380
10,90,0,Carbono/agua,7.82847,3,1358
10,90,1,Carbono/amonia,9,5,931
10,90,2,Carbono/acido sulfurico,9,5,1729
10,90,3,Carbono/metano,6.68237,3,529
10,90,4,Silicio/agua,9,4,1411
10,90,5,Silicio/acido sulfurico,9,7,1487
10,95,0,Carbono/agua,8.75778,3,1528
10,95,1,Carbono/amonia,9,5,1048
10,95,2,Carbono/acido sulfurico,9,6,1946
10,95,3,Carbono/metano,6.77309,3,604
10,95,4,Silicio/agua,9,4,1585
10,95,5,Silicio/acido sulfurico,9,7,1702
10,100,0,Carbono/agua,8.80188,3,1716
10,100,1,Carbono/amonia,9,5,1176
10,100,2,Carbono/acido sulfurico,9,6,2185
10,100,3,Carbono/metano,6.98359,3,688
10,100,4,Silicio/agua,9,4,1779
10,100,5,Silicio/acido sulfurico,9,7,1964
10,105,0,Carbono/agua,8.80188,3,1921
10,105,1,Carbono/amonia,9,5,1319
10,105,2,Carbono/acido sulfurico,9,7,2447
10,105,3,Carbono/metano,7.77734,3,779
10,105,4,Silicio/agua,9,4,1994
10,105,5,Silicio/acido sulfurico,9,7,2252
10,110,0,Carbono/agua,8.93718,3,2147
10,110,1,Carbono/amonia,9,5,1478
10,110,2,Carbono/acido sulfurico,9,7,2738
10,110,3,Carbono/metano,8.95715,3,882
10,110,4,Silicio/agua,9,4,2231
10,110,5,Silicio/acido sulfurico,9,7,2571
10,115,0,Carbono/agua,9,3,2397
10,115,1,Carbono/amonia,9,6,1652
10,115,2,Carbono/acido sulfurico,9,8,3060
10,115,3,Carbono/metano,8.95715,3,994
10,115,4,Silicio/agua,9,4,2491
10,115,5,Silicio/acido sulfurico,9,7,2923
10,120,0,Carbono/agua,9,3,2675
10,120,1,Carbono/amonia,9,7,1843
10,120,2,Carbono/acido sulfurico,9,8,3415
10,120,3,Carbono/metano,8.95715,3,1117
10,120,4,Silicio/agua,9,4,2779
10,120,5,Silicio/acido sulfurico,9,7,3311
10,125,0,Carbono/agua,9,4,2981
10,125,1,Carbono/amonia,9,6,2011
10,125,2,Carbono/acido sulfurico,9,8,3807
10,125,3,Carbono/metano,8.95715,3,1253
10,125,4,Silicio/agua,9,5,3097
10,125,5,Silicio/acido sulfurico,9,7,3742
10,130,0,Carbono/agua,9,4,3318
10,130,1,Carbono/amonia,9,6,2127
10,130,2,Carbono/acido sulfurico,9,8,4239
10,130,3,Carbono/metano,8.95715,3,1403
10,130,4,Silicio/agua,9,7,3448
10,130,5,Silicio/acido sulfurico,9,7,4218
10,135,0,Carbono/agua,9,5,3692
10,135,1,Carbono/amonia,9,6,2255
10,135,2,Carbono/acido sulfurico,9,7,4524
10,135,3,Carbono/metano,9,4,1569
10,135,4,Silicio/agua,9,7,3836
10,135,5,Silicio/acido sulfurico,9,7,4742
10,140,0,Carbono/agua,9,6,4105
10,140,1,Carbono/amonia,9,6,2396
10,140,2,Carbono/acido sulfurico,9,7,4789
10,140,3,Carbono/metano,9,5,1751
10,140,4,Silicio/agua,9,7,4265
10,140,5,Silicio/acido sulfurico,9,7,5320
10,145,0,Carbono/agua,9,7,4561
10,145,1,Carbono/amonia,9,6,2553
10,145,2,Carbono/acido sulfurico,9,7,5080
10,145,3,Carbono/metano,9,5,1952
10,145,4,Silicio/agua,9,7,4738
10,145,5,Silicio/acido sulfurico,9,7,5959
10,150,0,Carbono/agua,9,7,5063
10,150,1,Carbono/amonia,9,6,2834
10,150,2,Carbono/acido sulfurico,9,7,5401
10,150,3,Carbono/metano,9,6,2176
10,150,4,Silicio/agua,9,7,5260
10,150,5,Silicio/acido sulfurico,9,7,6665
10,155,0,Carbono/agua,9,7,5619
10,155,1,Carbono/amonia,9,6,3217
10,155,2,Carbono/acido sulfurico,9,7,5757
10,155,3,Carbono/metano,9,6,2422
10,155,4,Silicio/agua,9,7,5837
10,155,5,Silicio/acido sulfurico,9,7,7284
10,160,0,Carbono/agua,9,7,6232
10,160,1,Carbono/amonia,9,7,3640
10,160,2,Carbono/acido sulfurico,9,7,6541
10,160,3,Carbono/metano,9,6,2693
10,160,4,Silicio/agua,9,7,6472
10,160,5,Silicio/acido sulfurico,9,7,7716
10,165,0,Carbono/agua,9,7,6909
10,165,1,Carbono/amonia,9,7,4107
10,165,2,Carbono/acido sulfurico,9,7,7407
10,165,3,Carbono/metano,9,6,2993
10,165,4,Silicio/agua,9,7,7175
10,165,5,Silicio/acido sulfurico,9,7,8191
10,170,0,Carbono/agua,9,7,7657
10,170,1,Carbono/amonia,9,7,4623
10,170,2,Carbono/acido sulfurico,9,7,8363
10,170,3,Carbono/metano,9,7,3324
10,170,4,Silicio/agua,9,7,7950
10,170,5,Silicio/acido sulfurico,9,7,8716
10,175,0,Carbono/agua,9,7,8481
10,175,1,Carbono/amonia,9,7,5177
10,175,2,Carbono/acido sulfurico,9,7,9389
10,175,3,Carbono/metano,9,7,3679
10,175,4,Silicio/agua,9,7,8805
10,175,5,Silicio/acido sulfurico,9,7,9278
10,180,0,Carbono/agua,9,7,9391
10,180,1,Carbono/amonia,9,7,5733
10,180,2,Carbono/acido sulfurico,9,7,10419
10,180,3,Carbono/metano,9,7,4035
10,180,4,Silicio/agua,9,7,9750
10,180,5,Silicio/acido sulfurico,9,7,10181
10,185,0,Carbono/agua,9,7,10396
10,185,1,Carbono/amonia,9,7,6289
10,185,2,Carbono/acido sulfurico,9,7,11449
10,185,3,Carbono/metano,9,7,4391
10,185,4,Silicio/agua,9,7,10793
10,185,5,Silicio/acido sulfurico,9,7,11311
10,190,0,Carbono/agua,9,7,11506
10,190,1,Carbono/amonia,9,7,6844
10,190,2,Carbono/acido sulfurico,9,7,12478
10,190,3,Carbono/metano,9,7,4750
10,190,4,Silicio/agua,9,7,11946
10,190,5,Silicio/acido sulfurico,9,7,12440
10,195,0,Carbono/agua,9,7,12732
10,195,1,Carbono/amonia,9,7,7401
10,195,2,Carbono/acido sulfurico,9,7,13507
10,195,3,Carbono/metano,9,7,5106
10,195,4,Silicio/agua,9,7,13218
10,195,5,Silicio/acido sulfurico,9,7,13567
10,200,0,Carbono/agua,9,7,14086
10,200,1,Carbono/amonia,9,7,7956
10,200,2,Carbono/acido sulfurico,9,7,14537
10,200,3,Carbono/metano,9,7,5463
10,200,4,Silicio/agua,9,7,14623
10,200,5,Silicio/acido sulfurico,9,7,14695
10,205,0,Carbono/agua,9,7,15581
10,205,1,Carbono/amonia,9,7,8511
10,205,2,Carbono/acido sulfurico,9,7,15567
10,205,3,Carbono/metano,9,7,5821
10,205,4,Silicio/agua,9,7,16173
10,205,5,Silicio/acido sulfurico,9,7,15824
10,210,0,Carbono/agua,9,7,17230
10,210,1,Carbono/amonia,9,7,9066
10,210,2,Carbono/acido sulfurico,9,7,16597
10,210,3,Carbono/metano,9,7,6176
10,210,4,Silicio/agua,9,7,17884
10,210,5,Silicio/acido sulfurico,9,7,16954
10,215,0,Carbono/agua,9,7,19051
10,215,1,Carbono/amonia,9,7,9621
10,215,2,Carbono/acido sulfurico,9,7,17626
10,215,3,Carbono/metano,9,7,6532
10,215,4,Silicio/agua,9,7,19775
10,215,5,Silicio/acido sulfurico,9,7,18083
10,220,0,Carbono/agua,9,7,21062
10,220,1,Carbono/amonia,9,7,10176
10,220,2,Carbono/acido sulfurico,9,7,18656
10,220,3,Carbono/metano,9,7,6888
10,220,4,Silicio/agua,9,7,21863
10,220,5,Silicio/acido sulfurico,9,5,18985
10,225,0,Carbono/agua,9,7,23282
10,225,1,Carbono/amonia,9,7,10733
10,225,2,Carbono/acido sulfurico,9,7,19686
10,225,3,Carbono/metano,9,7,7244
10,225,4,Silicio/agua,9,7,24166
10,225,5,Silicio/acido sulfurico,9,5,19550
10,230,0,Carbono/agua,9,7,25733
10,230,1,Carbono/amonia,9,7,11289
10,230,2,Carbono/acido sulfurico,9,7,20716
10,230,3,Carbono/metano,9,7,7602
10,230,4,Silicio/agua,9,7,26710
10,230,5,Silicio/acido sulfurico,9,5,20115
10,235,0,Carbono/agua,9,7,28391
10,235,1,Carbono/amonia,9,7,11846
10,235,2,Carbono/acido sulfurico,9,7,21746
10,235,3,Carbono/metano,9,7,7958
10,235,4,Silicio/agua,9,7,29470
10,235,5,Silicio/acido sulfurico,9,5,20679
10,240,0,Carbono/agua,9,7,31072
10,240,1,Carbono/amonia,9,7,12403
10,240,2,Carbono/acido sulfurico,9,7,22775
10,240,3,Carbono/metano,9,7,8316
10,240,4,Silicio/agua,9,7,32251
10,240,5,Silicio/acido sulfurico,9,5,21244
10,245,0,Carbono/agua,9,7,33752
10,245,1,Carbono/amonia,9,7,12960
10,245,2,Carbono/acido sulfurico,9,7,23805
10,245,3,Carbono/metano,9,7,8673
10,245,4,Silicio/agua,9,7,35035
10,245,5,Silicio/acido sulfurico,9,5,22148
10,250,0,Carbono/agua,9,7,36435
10,250,1,Carbono/amonia,9,7,13460
10,250,2,Carbono/acido sulfurico,9,7,24835
10,250,3,Carbono/metano,9,7,9028
10,250,4,Silicio/agua,9,7,37818
10,250,5,Silicio/acido sulfurico,9,5,23277
10,255,0,Carbono/agua,9,7,39118
10,255,1,Carbono/amonia,9,7,13739
10,255,2,Carbono/acido sulfurico,9,7,25865
10,255,3,Carbono/metano,9,7,9384
10,255,4,Silicio/agua,9,7,40599
10,255,5,Silicio/acido sulfurico,9,6,24406
10,260,0,Carbono/agua,9,7,41800
10,260,1,Carbono/amonia,9,7,14017
10,260,2,Carbono/acido sulfurico,9,7,26895
10,260,3,Carbono/metano,9,7,9742
10,260,4,Silicio/agua,9,7,43383
10,260,5,Silicio/acido sulfurico,9,7,25534
10,265,0,Carbono/agua,9,7,44480
10,265,1,Carbono/amonia,9,7,14295
10,265,2,Carbono/acido sulfurico,9,7,27925
10,265,3,Carbono/metano,9,7,10097
10,265,4,Silicio/agua,9,7,46165
10,265,5,Silicio/acido sulfurico,9,8,26664
10,270,0,Carbono/agua,9,7,47161
10,270,1,Carbono/amonia,9,7,14573
10,270,2,Carbono/acido sulfurico,9,7,28954
10,270,3,Carbono/metano,9,7,10453
10,270,4,Silicio/agua,9,7,48947
10,270,5,Silicio/acido sulfurico,9,8,27793
10,275,0,Carbono/agua,9,7,49843
10,275,1,Carbono/amonia,9,7,14961
10,275,2,Carbono/acido sulfurico,9,7,29983
10,275,3,Carbono/metano,9,6,10702
10,275,4,Silicio/agua,9,7,51731
10,275,5,Silicio/acido sulfurico,9,8,28921
10,280,0,Carbono/agua,9,7,52523
10,280,1,Carbono/amonia,9,7,15516
10,280,2,Carbono/acido sulfurico,9,7,31012
10,280,3,Carbono/metano,9,6,10880
10,280,4,Silicio/agua,9,7,54514
10,280,5,Silicio/acido sulfurico,9,8,30049
10,285,0,Carbono/agua,9,7,55204
10,285,1,Carbono/amonia,9,7,16071
10,285,2,Carbono/acido sulfurico,9,7,32042
10,285,3,Carbono/metano,9,6,11057
10,285,4,Silicio/agua,9,7,57297
10,285,5,Silicio/acido sulfurico,9,8,31176
10,290,0,Carbono/agua,9,7,57884
10,290,1,Carbono/amonia,9,7,16626
10,290,2,Carbono/acido sulfurico,9,7,33072
10,290,3,Carbono/metano,9,7,11234
10,290,4,Silicio/agua,9,7,60080
10,290,5,Silicio/acido sulfurico,9,8,32306
10,295,0,Carbono/agua,9,7,60565
10,295,1,Carbono/amonia,9,7,17181
10,295,2,Carbono/acido sulfurico,9,7,34102
10,295,3,Carbono/metano,9,7,11411
10,295,4,Silicio/agua,9,7,62864
10,295,5,Silicio/acido sulfurico,9,8,33435
10,300,0,Carbono/agua,9,7,63246
10,300,1,Carbono/amonia,9,7,17737
10,300,2,Carbono/acido sulfurico,9,7,35132
10,300,3,Carbono/metano,9,7,11733
10,300,4,Silicio/agua,9,7,65648
10,300,5,Silicio/acido sulfurico,9,8,34565
11,0,0,Carbono/agua,-0.30103,1,5
11,0,1,Carbono/amonia,nan,0,4
11,0,2,Carbono/acido sulfurico,nan,0,6
11,0,3,Carbono/metano,nan,0,2
11,0,4,Silicio/agua,-0.27659,1,5
11,0,5,Silicio/acido sulfurico,-0.591402,1,7
11,5,0,Carbono/agua,0.10338,1,31
11,5,1,Carbono/amonia,0.0888446,1,24
11,5,2,Carbono/acido sulfurico,-0.134008,1,44
11,5,3,Carbono/metano,nan,0,13
11,5,4,Silicio/agua,-0.0991531,1,35
11,5,5,Silicio/acido sulfurico,0.266838,1,47
11,10,0,Carbono/agua,0.119287,1,61
11,10,1,Carbono/amonia,0.263526,1,46
11,10,2,Carbono/acido sulfurico,0.0369467,1,83
11,10,3,Carbono/metano,-0.03595,1,28
11,10,4,Silicio/agua,0.164473,1,67
11,10,5,Silicio/acido sulfurico,0.266838,1,92
11,15,0,Carbono/agua,0.176723,1,95
11,15,1,Carbono/amonia,0.263526,1,71
11,15,2,Carbono/acido sulfurico,0.11057,1,128
11,15,3,Carbono/metano,0.0312258,1,43
11,15,4,Silicio/agua,0.23226,1,102
11,15,5,Silicio/acido sulfurico,0.288132,1,140
11,20,0,Carbono/agua,0.176723,1,132
11,20,1,Carbono/amonia,0.165573,1,87
11,20,2,Carbono/acido sulfurico,6,2,177
11,20,3,Carbono/metano,0.0312258,1,60
11,20,4,Silicio/agua,0.23226,1,142
11,20,5,Silicio/acido sulfurico,0.288132,1,193
11,25,0,Carbono/agua,0.2188,1,174
11,25,1,Carbono/amonia,0.165573,1,102
11,25,2,Carbono/acido sulfurico,6,2,230
11,25,3,Carbono/metano,0.0312258,1,80
11,25,4,Silicio/agua,0.347279,1,186
11,25,5,Silicio/acido sulfurico,0.288132,1,253
11,30,0,Carbono/agua,0.363713,1,220
11,30,1,Carbono/amonia,0.244148,1,119
11,30,2,Carbono/acido sulfurico,6.52684,3,291
11,30,3,Carbono/metano,0.0560521,1,99
11,30,4,Silicio/agua,0.390155,1,234
11,30,5,Silicio/acido sulfurico,0.288132,1,318
11,35,0,Carbono/agua,0.549976,1,271
11,35,1,Carbono/amonia,0.358082,1,136
11,35,2,Carbono/acido sulfurico,7.98823,3,359
11,35,3,Carbono/metano,0.0560521,1,122
11,35,4,Silicio/agua,0.640848,1,287
11,35,5,Silicio/acido sulfurico,0.36894,1,391
11,40,0,Carbono/agua,0.549976,1,328
11,40,1,Carbono/amonia,0.358082,1,156
11,40,2,Carbono/acido sulfurico,8.80075,3,432
11,40,3,Carbono/metano,0.0560521,1,146
11,40,4,Silicio/agua,0.640848,1,346
11,40,5,Silicio/acido sulfurico,0.36894,1,471
11,45,0,Carbono/agua,0.549976,1,390
11,45,1,Carbono/amonia,0.358082,1,201
11,45,2,Carbono/acido sulfurico,8.80075,3,513
11,45,3,Carbono/metano,0.23904,1,176
11,45,4,Silicio/agua,0.851373,1,411
11,45,5,Silicio/acido sulfurico,0.36894,1,559
11,50,0,Carbono/agua,0.551555,1,459
11,50,1,Carbono/amonia,0.553808,1,250
11,50,2,Carbono/acido sulfurico,9,3,601
11,50,3,Carbono/metano,0.290331,1,206
11,50,4,Silicio/agua,1.12194,1,483
11,50,5,Silicio/acido sulfurico,8.67385,2,655
11,55,0,Carbono/agua,0.855834,1,535
11,55,1,Carbono/amonia,0.553808,1,304
11,55,2,Carbono/acido sulfurico,9,3,700
11,55,3,Carbono/metano,0.299473,1,240
11,55,4,Silicio/agua,6,2,563
11,55,5,Silicio/acido sulfurico,8.67385,4,762
11,60,0,Carbono/agua,6.83244,2,587
11,60,1,Carbono/amonia,0.553808,1,364
11,60,2,Carbono/acido sulfurico,9,3,808
11,60,3,Carbono/metano,0.299473,1,277
11,60,4,Silicio/agua,7.69146,3,650
11,60,5,Silicio/acido sulfurico,9,5,879
11,65,0,Carbono/agua,7.05174,2,635
11,65,1,Carbono/amonia,0.553808,1,429
11,65,2,Carbono/acido sulfurico,9,3,928
11,65,3,Carbono/metano,0.508872,1,319
11,65,4,Silicio/agua,7.69146,4,747
11,65,5,Silicio/acido sulfurico,9,5,1010
11,70,0,Carbono/agua,8.16642,3,687
11,70,1,Carbono/amonia,0.553808,1,500
11,70,2,Carbono/acido sulfurico,9,3,1060
11,70,3,Carbono/metano,0.63331,1,364
11,70,4,Silicio/agua,7.69146,4,853
11,70,5,Silicio/acido sulfurico,9,5,1156
11,75,0,Carbono/agua,8.16642,3,743
11,75,1,Carbono/amonia,0.553808,1,578
11,75,2,Carbono/acido sulfurico,9,3,1206
11,75,3,Carbono/metano,0.703142,1,415
11,75,4,Silicio/agua,7.69146,4,971
11,75,5,Silicio/acido sulfurico,9,5,1316
11,80,0,Carbono/agua,8.34666,3,806
11,80,1,Carbono/amonia,0.553808,1,665
11,80,2,Carbono/acido sulfurico,9,3,1366
11,80,3,Carbono/metano,0.712114,1,471
11,80,4,Silicio/agua,7.69146,4,1102
11,80,5,Silicio/acido sulfurico,9,5,1491
11,85,0,Carbono/agua,8.80075,7,944
11,85,1,Carbono/amonia,0.850183,1,760
11,85,2,Carbono/acido sulfurico,9,3,1544
11,85,3,Carbono/metano,1.10546,1,533
11,85,4,Silicio/agua,7.69146,4,1247
11,85,5,Silicio/acido sulfurico,9,5,1686
11,90,0,Carbono/agua,9,7,1097
11,90,1,Carbono/amonia,6,2,865
11,90,2,Carbono/acido sulfurico,9,3,1740
11,90,3,Carbono/metano,1.10546,1,601
11,90,4,Silicio/agua,7.69146,4,1406
11,90,5,Silicio/acido sulfurico,9,6,1902
11,95,0,Carbono/agua,9,7,1267
11,95,1,Carbono/amonia,6.30006,3,982
11,95,2,Carbono/acido sulfurico,9,3,1958
11,95,3,Carbono/metano,1.10546,1,674
11,95,4,Silicio/agua,7.69146,4,1581
11,95,5,Silicio/acido sulfurico,9,6,2140
11,100,0,Carbono/agua,9,7,1454
11,100,1,Carbono/amonia,6.30006,3,1109
11,100,2,Carbono/acido sulfurico,9,3,2197
11,100,3,Carbono/metano,9,2,757
11,100,4,Silicio/agua,7.69146,4,1776
11,100,5,Silicio/acido sulfurico,9,6,2403
11,105,0,Carbono/agua,9,7,1660
11,105,1,Carbono/amonia,6.83342,3,1251
11,105,2,Carbono/acido sulfurico,9,3,2461
11,105,3,Carbono/metano,9,3,847
11,105,4,Silicio/agua,8.26915,6,1989
11,105,5,Silicio/acido sulfurico,9,7,2694
11,110,0,Carbono/agua,9,7,1887
11,110,1,Carbono/amonia,7.12876,3,1407
11,110,2,Carbono/acido sulfurico,9,3,2753
11,110,3,Carbono/metano,9,3,947
11,110,4,Silicio/agua,9,8,2224
11,110,5,Silicio/acido sulfurico,9,7,3013
11,115,0,Carbono/agua,9,7,2140
11,115,1,Carbono/amonia,7.59469,4,1581
11,115,2,Carbono/acido sulfurico,9,3,3074
11,115,3,Carbono/metano,9,3,1058
11,115,4,Silicio/agua,9,8,2484
11,115,5,Silicio/acido sulfurico,9,7,3364
11,120,0,Carbono/agua,9,7,2417
11,120,1,Carbono/amonia,7.59469,4,1772
11,120,2,Carbono/acido sulfurico,9,3,3429
11,120,3,Carbono/metano,9,3,1181
11,120,4,Silicio/agua,9,8,2773
11,120,5,Silicio/acido sulfurico,9,7,3755
11,125,0,Carbono/agua,9,7,2722
11,125,1,Carbono/amonia,7.59469,4,1983
11,125,2,Carbono/acido sulfurico,9,3,3822
11,125,3,Carbono/metano,9,3,1318
11,125,4,Silicio/agua,9,8,3091
11,125,5,Silicio/acido sulfurico,9,7,4183
11,130,0,Carbono/agua,9,7,3060
11,130,1,Carbono/amonia,7.64521,4,2216
11,130,2,Carbono/acido sulfurico,9,3,4255
11,130,3,Carbono/metano,9,3,1468
11,130,4,Silicio/agua,9,8,3443
11,130,5,Silicio/acido sulfurico,9,7,4658
11,135,0,Carbono/agua,9,7,3434
11,135,1,Carbono/amonia,7.64521,4,2475
11,135,2,Carbono/acido sulfurico,9,3,4732
11,135,3,Carbono/metano,9,3,1634
11,135,4,Silicio/agua,9,8,3832
11,135,5,Silicio/acido sulfurico,9,7,5183
11,140,0,Carbono/agua,9,7,3847
11,140,1,Carbono/amonia,7.75692,4,2759
11,140,2,Carbono/acido sulfurico,9,3,5261
11,140,3,Carbono/metano,9,2,1817
11,140,4,Silicio/agua,9,8,4260
11,140,5,Silicio/acido sulfurico,9,7,5761
11,145,0,Carbono/agua,9,7,4302
11,145,1,Carbono/amonia,7.75692,4,3075
11,145,2,Carbono/acido sulfurico,9,4,5844
11,145,3,Carbono/metano,9,4,1917
11,145,4,Silicio/agua,9,8,4734
11,145,5,Silicio/acido sulfurico,9,7,6399
11,150,0,Carbono/agua,9,7,4805
11,150,1,Carbono/amonia,7.89891,4,3423
11,150,2,Carbono/acido sulfurico,9,4,6487
11,150,3,Carbono/metano,9,5,2027
11,150,4,Silicio/agua,9,8,5255
11,150,5,Silicio/acido sulfurico,9,7,7105
11,155,0,Carbono/agua,9,7,5360
11,155,1,Carbono/amonia,7.94865,4,3807
11,155,2,Carbono/acido sulfurico,9,5,7197
11,155,3,Carbono/metano,9,5,2151
11,155,4,Silicio/agua,9,8,5831
11,155,5,Silicio/acido sulfurico,9,7,7884
11,160,0,Carbono/agua,9,7,5973
11,160,1,Carbono/amonia,8.05385,4,4229
11,160,2,Carbono/acido sulfurico,9,5,7980
11,160,3,Carbono/metano,9,5,2288
11,160,4,Silicio/agua,9,8,6467
11,160,5,Silicio/acido sulfurico,9,7,8744
11,165,0,Carbono/agua,9,7,6649
11,165,1,Carbono/amonia,8.05385,4,4697
11,165,2,Carbono/acido sulfurico,9,5,8845
11,165,3,Carbono/metano,9,5,2470
11,165,4,Silicio/agua,9,8,7169
11,165,5,Silicio/acido sulfurico,9,7,9692
11,170,0,Carbono/agua,9,7,7395
11,170,1,Carbono/amonia,8.10076,4,5213
11,170,2,Carbono/acido sulfurico,9,5,9801
11,170,3,Carbono/metano,9,5,2801
11,170,4,Silicio/agua,9,8,7944
11,170,5,Silicio/acido sulfurico,9,7,10740
11,175,0,Carbono/agua,9,7,8217
11,175,1,Carbono/amonia,8.28685,5,5767
11,175,2,Carbono/acido sulfurico,9,5,10828
11,175,3,Carbono/metano,9,5,3155
11,175,4,Silicio/agua,9,8,8799
11,175,5,Silicio/acido sulfurico,9,7,11867
11,180,0,Carbono/agua,9,7,9126
11,180,1,Carbono/amonia,9,8,6323
11,180,2,Carbono/acido sulfurico,9,5,11858
11,180,3,Carbono/metano,9,5,3511
11,180,4,Silicio/agua,9,8,9744
11,180,5,Silicio/acido sulfurico,9,7,12994
11,185,0,Carbono/agua,9,7,10131
11,185,1,Carbono/amonia,9,8,6879
11,185,2,Carbono/acido sulfurico,9,5,12888
11,185,3,Carbono/metano,9,5,3868
11,185,4,Silicio/agua,9,8,10786
11,185,5,Silicio/acido sulfurico,9,7,14123
11,190,0,Carbono/agua,9,7,11241
11,190,1,Carbono/amonia,9,8,7435
11,190,2,Carbono/acido sulfurico,9,6,13918
11,190,3,Carbono/metano,9,5,4223
11,190,4,Silicio/agua,9,8,11937
11,190,5,Silicio/acido sulfurico,9,7,15252
11,195,0,Carbono/agua,9,7,12467
11,195,1,Carbono/amonia,9,8,7990
11,195,2,Carbono/acido sulfurico,9,7,14948
11,195,3,Carbono/metano,9,5,4580
11,195,4,Silicio/agua,9,8,13210
11,195,5,Silicio/acido sulfurico,9,7,16381
11,200,0,Carbono/agua,9,7,13821
11,200,1,Carbono/amonia,9,8,8545
11,200,2,Carbono/acido sulfurico,9,7,15977
11,200,3,Carbono/metano,9,5,4936
11,200,4,Silicio/agua,9,8,14616
11,200,5,Silicio/acido sulfurico,9,7,17509
11,205,0,Carbono/agua,9,7,15313
11,205,1,Carbono/amonia,9,8,9100
11,205,2,Carbono/acido sulfurico,9,7,17007
11,205,3,Carbono/metano,9,5,5293
11,205,4,Silicio/agua,9,8,16166
11,205,5,Silicio/acido sulfurico,9,7,18637
11,210,0,Carbono/agua,9,7,16962
11,210,1,Carbono/amonia,9,6,9545
11,210,2,Carbono/acido sulfurico,9,7,18037
11,210,3,Carbono/metano,9,5,5649
11,210,4,Silicio/agua,9,8,17877
11,210,5,Silicio/acido sulfurico,9,7,19766
11,215,0,Carbono/agua,9,7,18782
11,215,1,Carbono/amonia,9,6,9823
11,215,2,Carbono/acido sulfurico,9,7,19067
11,215,3,Carbono/metano,9,6,6007
11,215,4,Silicio/agua,9,8,19768
11,215,5,Silicio/acido sulfurico,9,7,20892
11,220,0,Carbono/agua,9,7,20792
11,220,1,Carbono/amonia,9,6,10101
11,220,2,Carbono/acido sulfurico,9,7,20097
11,220,3,Carbono/metano,9,6,6362
11,220,4,Silicio/agua,9,8,21856
11,220,5,Silicio/acido sulfurico,9,4,22020
11,225,0,Carbono/agua,9,7,23011
11,225,1,Carbono/amonia,9,6,10379
11,225,2,Carbono/acido sulfurico,9,7,21127
11,225,3,Carbono/metano,9,7,6719
11,225,4,Silicio/agua,9,8,24162
11,225,5,Silicio/acido sulfurico,9,6,22584
11,230,0,Carbono/agua,9,7,25462
11,230,1,Carbono/amonia,9,6,10656
11,230,2,Carbono/acido sulfurico,9,7,22157
11,230,3,Carbono/metano,9,7,7077
11,230,4,Silicio/agua,9,8,26707
11,230,5,Silicio/acido sulfurico,9,7,23149
11,235,0,Carbono/agua,9,7,28121
11,235,1,Carbono/amonia,9,7,11102
11,235,2,Carbono/acido sulfurico,9,7,23186
11,235,3,Carbono/metano,9,7,7432
11,235,4,Silicio/agua,9,7,28631
11,235,5,Silicio/acido sulfurico,9,7,23714
11,240,0,Carbono/agua,9,7,30802
11,240,1,Carbono/amonia,9,8,11659
11,240,2,Carbono/acido sulfurico,9,7,24216
11,240,3,Carbono/metano,9,7,7790
11,240,4,Silicio/agua,9,8,30023
11,240,5,Silicio/acido sulfurico,9,7,24279
11,245,0,Carbono/agua,9,7,33482
11,245,1,Carbono/amonia,9,8,12214
11,245,2,Carbono/acido sulfurico,9,7,25246
11,245,3,Carbono/metano,9,7,8148
11,245,4,Silicio/agua,9,8,31415
11,245,5,Silicio/acido sulfurico,9,4,24956
11,250,0,Carbono/agua,9,7,36162
11,250,1,Carbono/amonia,9,8,12769
11,250,2,Carbono/acido sulfurico,9,7,26276
11,250,3,Carbono/metano,9,7,8504
11,250,4,Silicio/agua,9,8,32808
11,250,5,Silicio/acido sulfurico,9,6,25520
11,255,0,Carbono/agua,9,7,38843
11,255,1,Carbono/amonia,9,8,13324
11,255,2,Carbono/acido sulfurico,9,7,27305
11,255,3,Carbono/metano,9,7,8860
11,255,4,Silicio/agua,9,8,34198
11,255,5,Silicio/acido sulfurico,9,6,26085
11,260,0,Carbono/agua,9,7,41525
11,260,1,Carbono/amonia,9,8,13879
11,260,2,Carbono/acido sulfurico,9,7,28334
11,260,3,Carbono/metano,9,7,9218
11,260,4,Silicio/agua,9,8,36705
11,260,5,Silicio/acido sulfurico,9,6,26650
11,265,0,Carbono/agua,9,7,44206
11,265,1,Carbono/amonia,9,8,14436
11,265,2,Carbono/acido sulfurico,9,7,29364
11,265,3,Carbono/metano,9,7,9575
11,265,4,Silicio/agua,9,8,39488
11,265,5,Silicio/acido sulfurico,9,6,27213
11,270,0,Carbono/agua,9,7,46886
11,270,1,Carbono/amonia,9,8,14992
11,270,2,Carbono/acido sulfurico,9,7,30394
11,270,3,Carbono/metano,9,7,9930
11,270,4,Silicio/agua,9,8,42271
11,270,5,Silicio/acido sulfurico,9,6,27891
11,275,0,Carbono/agua,9,7,49567
11,275,1,Carbono/amonia,9,8,15548
11,275,2,Carbono/acido sulfurico,9,7,31424
11,275,3,Carbono/metano,9,7,10287
11,275,4,Silicio/agua,9,8,45056
11,275,5,Silicio/acido sulfurico,9,6,29021
11,280,0,Carbono/agua,9,7,52247
11,280,1,Carbono/amonia,9,8,16104
11,280,2,Carbono/acido sulfurico,9,7,32453
11,280,3,Carbono/metano,9,7,10643
11,280,4,Silicio/agua,9,8,47839
11,280,5,Silicio/acido sulfurico,9,6,30150
11,285,0,Carbono/agua,9,7,54927
11,285,1,Carbono/amonia,9,8,16659
11,285,2,Carbono/acido sulfurico,9,7,33483
11,285,3,Carbono/metano,9,7,11000
11,285,4,Silicio/agua,9,8,50621
11,285,5,Silicio/acido sulfurico,9,7,31280
11,290,0,Carbono/agua,9,8,57608
11,290,1,Carbono/amonia,9,8,17215
11,290,2,Carbono/acido sulfurico,9,7,34512
11,290,3,Carbono/metano,9,7,11358
11,290,4,Silicio/agua,9,7,53127
11,290,5,Silicio/acido sulfurico,9,7,32410
11,295,0,Carbono/agua,9,8,60288
11,295,1,Carbono/amonia,9,8,17770
11,295,2,Carbono/acido sulfurico,9,7,35542
11,295,3,Carbono/metano,9,7,11714
11,295,4,Silicio/agua,9,8,54520
11,295,5,Silicio/acido sulfurico,9,7,33539
11,300,0,Carbono/agua,9,8,62968
11,300,1,Carbono/amonia,9,8,18326
11,300,2,Carbono/acido sulfurico,9,7,36572
11,300,3,Carbono/metano,9,7,12072
11,300,4,Silicio/agua,9,8,55911
11,300,5,Silicio/acido sulfurico,9,7,34667
12,0,0,Carbono/agua,-0.190703,1,5
12,0,1,Carbono/amonia,-0.510018,1,4
12,0,2,Carbono/acido sulfurico,0.105992,1,7
12,0,3,Carbono/metano,-0.60206,1,3
12,0,4,Silicio/agua,-0.200731,1,6
12,0,5,Silicio/acido sulfurico,nan,0,7
12,5,0,Carbono/agua,-0.190703,1,35
12,5,1,Carbono/amonia,-0.345342,1,25
12,5,2,Carbono/acido sulfurico,6,2,44
12,5,3,Carbono/metano,-0.353783,1,17
12,5,4,Silicio/agua,0.446205,1,35
12,5,5,Silicio/acido sulfurico,0.067541,1,46
12,10,0,Carbono/agua,-0.190703,1,65
12,10,1,Carbono/amonia,-0.279119,1,47
12,10,2,Carbono/acido sulfurico,7.65884,3,84
12,10,3,Carbono/metano,-0.0694148,1,31
12,10,4,Silicio/agua,0.504162,1,68
12,10,5,Silicio/acido sulfurico,0.172773,1,88
12,15,0,Carbono/agua,-0.190703,1,100
12,15,1,Carbono/amonia,-0.279119,1,72
12,15,2,Carbono/acido sulfurico,7.65884,3,128
12,15,3,Carbono/metano,-4.34294e-07,1,46
12,15,4,Silicio/agua,6.29154,3,104
12,15,5,Silicio/acido sulfurico,6,2,138
12,20,0,Carbono/agua,-0.136557,1,139
12,20,1,Carbono/amonia,-0.177002,1,99
12,20,2,Carbono/acido sulfurico,7.65884,3,176
12,20,3,Carbono/metano,-4.34294e-07,1,57
12,20,4,Silicio/agua,7.44907,3,144
12,20,5,Silicio/acido sulfurico,6,2,192
12,25,0,Carbono/agua,-0.136557,1,181
12,25,1,Carbono/amonia,-0.106855,1,128
12,25,2,Carbono/acido sulfurico,8.08882,3,230
12,25,3,Carbono/metano,-4.34294e-07,1,66
12,25,4,Silicio/agua,7.44907,3,188
12,25,5,Silicio/acido sulfurico,6.42432,3,250
12,30,0,Carbono/agua,-4.34294e-07,1,229
12,30,1,Carbono/amonia,-0.106855,1,160
12,30,2,Carbono/acido sulfurico,8.49399,3,289
12,30,3,Carbono/metano,-4.34294e-07,1,77
12,30,4,Silicio/agua,7.44907,3,237
12,30,5,Silicio/acido sulfurico,6.73673,5,316
12,35,0,Carbono/agua,-4.34294e-07,1,280
12,35,1,Carbono/amonia,-0.0157039,1,195
12,35,2,Carbono/acido sulfurico,8.49399,3,355
12,35,3,Carbono/metano,-4.34294e-07,1,88
12,35,4,Silicio/agua,7.44907,3,289
12,35,5,Silicio/acido sulfurico,7.84117,5,389
12,40,0,Carbono/agua,0.390317,1,336
12,40,1,Carbono/amonia,0.0920626,1,236
12,40,2,Carbono/acido sulfurico,8.49399,3,428
12,40,3,Carbono/metano,-4.34294e-07,1,103
12,40,4,Silicio/agua,7.44907,3,348
12,40,5,Silicio/acido sulfurico,9,5,469
12,45,0,Carbono/agua,0.501332,1,399
12,45,1,Carbono/amonia,0.0998564,1,281
12,45,2,Carbono/acido sulfurico,8.52909,3,508
12,45,3,Carbono/metano,-4.34294e-07,1,130
12,45,4,Silicio/agua,7.8144,3,412
12,45,5,Silicio/acido sulfurico,9,5,556
12,50,0,Carbono/agua,6.45778,2,469
12,50,1,Carbono/amonia,0.476487,1,331
12,50,2,Carbono/acido sulfurico,8.61628,3,596
12,50,3,Carbono/metano,-4.34294e-07,1,160
12,50,4,Silicio/agua,7.8144,3,484
12,50,5,Silicio/acido sulfurico,9,5,654
12,55,0,Carbono/agua,7.07915,2,545
12,55,1,Carbono/amonia,0.476487,1,384
12,55,2,Carbono/acido sulfurico,9,3,692
12,55,3,Carbono/metano,0.0817452,1,195
12,55,4,Silicio/agua,7.88598,3,563
12,55,5,Silicio/acido sulfurico,9,5,764
12,60,0,Carbono/agua,7.07915,3,630
12,60,1,Carbono/amonia,0.476487,1,442
12,60,2,Carbono/acido sulfurico,9,3,800
12,60,3,Carbono/metano,0.164963,1,232
12,60,4,Silicio/agua,8.11052,3,650
12,60,5,Silicio/acido sulfurico,9,5,885
12,65,0,Carbono/agua,7.15487,3,723
12,65,1,Carbono/amonia,0.476487,1,508
12,65,2,Carbono/acido sulfurico,9,3,921
12,65,3,Carbono/metano,0.253469,1,273
12,65,4,Silicio/agua,8.62619,3,747
12,65,5,Silicio/acido sulfurico,9,5,1016
12,70,0,Carbono/agua,7.39196,3,825
12,70,1,Carbono/amonia,7.52174,2,580
12,70,2,Carbono/acido sulfurico,9,3,1054
12,70,3,Carbono/metano,0.253469,0,320
12,70,4,Silicio/agua,8.62619,3,853
12,70,5,Silicio/acido sulfurico,9,5,1160
12,75,0,Carbono/agua,8.36585,3,940
12,75,1,Carbono/amonia,7.52174,2,660
12,75,2,Carbono/acido sulfurico,9,3,1200
12,75,3,Carbono/metano,0.253469,1,346
12,75,4,Silicio/agua,8.62619,3,972
12,75,5,Silicio/acido sulfurico,9,5,1319
12,80,0,Carbono/agua,8.4,3,1066
12,80,1,Carbono/amonia,7.52174,3,746
12,80,2,Carbono/acido sulfurico,9,3,1360
12,80,3,Carbono/metano,0.253469,1,374
12,80,4,Silicio/agua,8.62619,3,1102
12,80,5,Silicio/acido sulfurico,9,5,1494
12,85,0,Carbono/agua,8.81701,3,1205
12,85,1,Carbono/amonia,8.75593,3,843
12,85,2,Carbono/acido sulfurico,9,3,1538
12,85,3,Carbono/metano,0.253469,1,404
12,85,4,Silicio/agua,9,3,1245
12,85,5,Silicio/acido sulfurico,9,5,1688
12,90,0,Carbono/agua,8.81701,3,1359
12,90,1,Carbono/amonia,8.75593,3,950
12,90,2,Carbono/acido sulfurico,9,3,1736
12,90,3,Carbono/metano,0.253469,1,438
12,90,4,Silicio/agua,9,3,1404
12,90,5,Silicio/acido sulfurico,9,5,1903
12,95,0,Carbono/agua,9,3,1528
12,95,1,Carbono/amonia,8.75593,3,1068
12,95,2,Carbono/acido sulfurico,9,3,1953
12,95,3,Carbono/metano,6.93678,3,484
12,95,4,Silicio/agua,9,3,1580
12,95,5,Silicio/acido sulfurico,9,5,2142
12,100,0,Carbono/agua,9,3,1713
12,100,1,Carbono/amonia,8.75593,3,1197
12,100,2,Carbono/acido sulfurico,9,3,2191
12,100,3,Carbono/metano,8.41739,3,567
12,100,4,Silicio/agua,9,3,1774
12,100,5,Silicio/acido sulfurico,9,4,2378
12,105,0,Carbono/agua,9,3,1919
12,105,1,Carbono/amonia,8.75593,3,1340
12,105,2,Carbono/acido sulfurico,9,3,2456
12,105,3,Carbono/metano,8.41739,3,659
12,105,4,Silicio/agua,9,3,1988
12,105,5,Silicio/acido sulfurico,9,5,2521
12,110,0,Carbono/agua,9,3,2145
12,110,1,Carbono/amonia,8.75593,3,1498
12,110,2,Carbono/acido sulfurico,9,3,2748
12,110,3,Carbono/metano,9,3,760
12,110,4,Silicio/agua,9,3,2224
12,110,5,Silicio/acido sulfurico,9,5,2681
12,115,0,Carbono/agua,9,3,2397
12,115,1,Carbono/amonia,8.75593,3,1673
12,115,2,Carbono/acido sulfurico,9,3,3070
12,115,3,Carbono/metano,9,3,872
12,115,4,Silicio/agua,9,4,2486
12,115,5,Silicio/acido sulfurico,9,5,2859
12,120,0,Carbono/agua,9,3,2673
12,120,1,Carbono/amonia,9,4,1865
12,120,2,Carbono/acido sulfurico,9,5,3425
12,120,3,Carbono/metano,9,3,994
12,120,4,Silicio/agua,9,6,2774
12,120,5,Silicio/acido sulfurico,9,5,3054
12,125,0,Carbono/agua,9,3,2980
12,125,1,Carbono/amonia,9,4,2078
12,125,2,Carbono/acido sulfurico,9,5,3817
12,125,3,Carbono/metano,9,3,1130
12,125,4,Silicio/agua,9,7,3092
12,125,5,Silicio/acido sulfurico,9,5,3357
12,130,0,Carbono/agua,9,3,3317
12,130,1,Carbono/amonia,9,5,2313
12,130,2,Carbono/acido sulfurico,9,5,4251
12,130,3,Carbono/metano,9,3,1280
12,130,4,Silicio/agua,9,7,3442
12,130,5,Silicio/acido sulfurico,9,6,3833
12,135,0,Carbono/agua,9,3,3690
12,135,1,Carbono/amonia,9,5,2570
12,135,2,Carbono/acido sulfurico,9,6,4729
12,135,3,Carbono/metano,9,3,1446
12,135,4,Silicio/agua,9,7,3831
12,135,5,Silicio/acido sulfurico,9,6,4358
12,140,0,Carbono/agua,9,3,4104
12,140,1,Carbono/amonia,9,5,2855
12,140,2,Carbono/acido sulfurico,9,4,5095
12,140,3,Carbono/metano,9,3,1628
12,140,4,Silicio/agua,9,7,4258
12,140,5,Silicio/acido sulfurico,9,6,4937
12,145,0,Carbono/agua,9,5,4560
12,145,1,Carbono/amonia,9,5,3172
12,145,2,Carbono/acido sulfurico,9,7,5385
12,145,3,Carbono/metano,9,3,1829
12,145,4,Silicio/agua,9,7,4731
12,145,5,Silicio/acido sulfurico,9,6,5577
12,150,0,Carbono/agua,9,7,5064
12,150,1,Carbono/amonia,9,6,3517
12,150,2,Carbono/acido sulfurico,9,8,5707
12,150,3,Carbono/metano,9,3,2051
12,150,4,Silicio/agua,9,7,5253
12,150,5,Silicio/acido sulfurico,9,6,6282
12,155,0,Carbono/agua,9,7,5619
12,155,1,Carbono/amonia,9,6,3901
12,155,2,Carbono/acido sulfurico,9,8,6062
12,155,3,Carbono/metano,9,2,2272
12,155,4,Silicio/agua,9,7,5830
12,155,5,Silicio/acido sulfurico,9,7,7061
12,160,0,Carbono/agua,9,7,6233
12,160,1,Carbono/amonia,9,6,4325
12,160,2,Carbono/acido sulfurico,9,8,6455
12,160,3,Carbono/metano,9,3,2409
12,160,4,Silicio/agua,9,7,6466
12,160,5,Silicio/acido sulfurico,9,7,7921
12,165,0,Carbono/agua,9,7,6909
12,165,1,Carbono/amonia,9,6,4794
12,165,2,Carbono/acido sulfurico,9,8,7237
12,165,3,Carbono/metano,9,1,2561
12,165,4,Silicio/agua,9,7,7169
12,165,5,Silicio/acido sulfurico,9,7,8870
12,170,0,Carbono/agua,9,7,7655
12,170,1,Carbono/amonia,9,6,5310
12,170,2,Carbono/acido sulfurico,9,8,8193
12,170,3,Carbono/metano,9,3,2727
12,170,4,Silicio/agua,9,7,7945
12,170,5,Silicio/acido sulfurico,9,7,9919
12,175,0,Carbono/agua,9,7,8479
12,175,1,Carbono/amonia,9,6,5863
12,175,2,Carbono/acido sulfurico,9,8,9219
12,175,3,Carbono/metano,9,3,2905
12,175,4,Silicio/agua,9,7,8802
12,175,5,Silicio/acido sulfurico,9,7,11045
12,180,0,Carbono/agua,9,7,9390
12,180,1,Carbono/amonia,9,7,6418
12,180,2,Carbono/acido sulfurico,9,8,10249
12,180,3,Carbono/metano,9,3,3085
12,180,4,Silicio/agua,9,7,9746
12,180,5,Silicio/acido sulfurico,9,7,12173
12,185,0,Carbono/agua,9,6,10088
12,185,1,Carbono/amonia,9,7,6973
12,185,2,Carbono/acido sulfurico,9,8,11279
12,185,3,Carbono/metano,9,3,3265
12,185,4,Silicio/agua,9,7,10790
12,185,5,Silicio/acido sulfurico,9,7,13303
12,190,0,Carbono/agua,9,7,10642
12,190,1,Carbono/amonia,9,7,7528
12,190,2,Carbono/acido sulfurico,9,8,12308
12,190,3,Carbono/metano,9,3,3480
12,190,4,Silicio/agua,9,7,11943
12,190,5,Silicio/acido sulfurico,9,7,14430
12,195,0,Carbono/agua,9,7,11254
12,195,1,Carbono/amonia,9,7,8084
12,195,2,Carbono/acido sulfurico,9,8,13338
12,195,3,Carbono/metano,9,3,3839
12,195,4,Silicio/agua,9,7,13213
12,195,5,Silicio/acido sulfurico,9,7,15559
12,200,0,Carbono/agua,9,7,11931
12,200,1,Carbono/amonia,9,7,8641
12,200,2,Carbono/acido sulfurico,9,8,14368
12,200,3,Carbono/metano,9,3,4195
12,200,4,Silicio/agua,9,7,14617
12,200,5,Silicio/acido sulfurico,9,7,16687
12,205,0,Carbono/agua,9,7,12677
12,205,1,Carbono/amonia,9,7,9197
12,205,2,Carbono/acido sulfurico,9,8,15397
12,205,3,Carbono/metano,9,3,4552
12,205,4,Silicio/agua,9,7,16168
12,205,5,Silicio/acido sulfurico,9,7,17817
12,210,0,Carbono/agua,9,7,14170
12,210,1,Carbono/amonia,9,7,9753
12,210,2,Carbono/acido sulfurico,9,8,16427
12,210,3,Carbono/metano,9,3,4907
12,210,4,Silicio/agua,9,7,17879
12,210,5,Silicio/acido sulfurico,9,7,18945
12,215,0,Carbono/agua,9,7,15991
12,215,1,Carbono/amonia,9,7,10309
12,215,2,Carbono/acido sulfurico,9,8,17457
12,215,3,Carbono/metano,9,3,5262
12,215,4,Silicio/agua,9,7,19770
12,215,5,Silicio/acido sulfurico,9,7,20075
12,220,0,Carbono/agua,9,7,18001
12,220,1,Carbono/amonia,9,7,10866
12,220,2,Carbono/acido sulfurico,9,8,18487
12,220,3,Carbono/metano,9,5,5619
12,220,4,Silicio/agua,9,7,21857
12,220,5,Silicio/acido sulfurico,9,7,21205
12,225,0,Carbono/agua,9,7,20220
12,225,1,Carbono/amonia,9,7,11422
12,225,2,Carbono/acido sulfurico,9,8,19517
12,225,3,Carbono/metano,9,6,5976
12,225,4,Silicio/agua,9,7,24163
12,225,5,Silicio/acido sulfurico,9,7,22334
12,230,0,Carbono/agua,9,8,22670
12,230,1,Carbono/amonia,9,7,11977
12,230,2,Carbono/acido sulfurico,9,8,20547
12,230,3,Carbono/metano,9,7,6333
12,230,4,Silicio/agua,9,8,26706
12,230,5,Silicio/acido sulfurico,9,7,23464
12,235,0,Carbono/agua,9,8,25330
12,235,1,Carbono/amonia,9,7,12533
12,235,2,Carbono/acido sulfurico,9,8,21577
12,235,3,Carbono/metano,9,6,6582
12,235,4,Silicio/agua,9,8,29466
12,235,5,Silicio/acido sulfurico,9,7,24254
12,240,0,Carbono/agua,9,8,28011
12,240,1,Carbono/amonia,9,7,13090
12,240,2,Carbono/acido sulfurico,9,8,22606
12,240,3,Carbono/metano,9,6,6762
12,240,4,Silicio/agua,9,8,32249
12,240,5,Silicio/acido sulfurico,9,7,24818
12,245,0,Carbono/agua,9,8,30692
12,245,1,Carbono/amonia,9,7,13646
12,245,2,Carbono/acido sulfurico,9,8,23636
12,245,3,Carbono/metano,9,6,6942
12,245,4,Silicio/agua,9,8,35034
12,245,5,Silicio/acido sulfurico,9,7,25382
12,250,0,Carbono/agua,9,8,33372
12,250,1,Carbono/amonia,9,7,14202
12,250,2,Carbono/acido sulfurico,9,8,24666
12,250,3,Carbono/metano,9,6,7120
12,250,4,Silicio/agua,9,8,37817
12,250,5,Silicio/acido sulfurico,9,7,25946
12,255,0,Carbono/agua,9,8,36052
12,255,1,Carbono/amonia,9,7,14757
12,255,2,Carbono/acido sulfurico,9,8,25696
12,255,3,Carbono/metano,9,6,7297
12,255,4,Silicio/agua,9,8,40600
12,255,5,Silicio/acido sulfurico,9,7,26511
12,260,0,Carbono/agua,9,6,37928
12,260,1,Carbono/amonia,9,7,15313
12,260,2,Carbono/acido sulfurico,9,8,26725
12,260,3,Carbono/metano,9,6,7618
12,260,4,Silicio/agua,9,8,43384
12,260,5,Silicio/acido sulfurico,9,7,27527
12,265,0,Carbono/agua,9,6,39270
12,265,1,Carbono/amonia,9,7,15868
12,265,2,Carbono/acido sulfurico,9,8,27754
12,265,3,Carbono/metano,9,6,7976
12,265,4,Silicio/agua,9,8,46166
12,265,5,Silicio/acido sulfurico,9,7,28654
12,270,0,Carbono/agua,9,6,40610
12,270,1,Carbono/amonia,9,7,16425
12,270,2,Carbono/acido sulfurico,9,8,28784
12,270,3,Carbono/metano,9,6,8332
12,270,4,Silicio/agua,9,8,48949
12,270,5,Silicio/acido sulfurico,9,7,29783
12,275,0,Carbono/agua,9,6,41951
12,275,1,Carbono/amonia,9,7,16981
12,275,2,Carbono/acido sulfurico,9,8,29813
12,275,3,Carbono/metano,9,6,8690
12,275,4,Silicio/agua,9,8,51734
12,275,5,Silicio/acido sulfurico,9,7,30912
12,280,0,Carbono/agua,9,6,43291
12,280,1,Carbono/amonia,9,7,17537
12,280,2,Carbono/acido sulfurico,9,9,30843
12,280,3,Carbono/metano,9,7,9047
12,280,4,Silicio/agua,9,8,54518
12,280,5,Silicio/acido sulfurico,9,7,32041
12,285,0,Carbono/agua,9,6,45704
12,285,1,Carbono/amonia,9,7,18093
12,285,2,Carbono/acido sulfurico,9,9,31872
12,285,3,Carbono/metano,9,7,9403
12,285,4,Silicio/agua,9,8,57299
12,285,5,Silicio/acido sulfurico,9,7,33169
12,290,0,Carbono/agua,9,6,48385
12,290,1,Carbono/amonia,9,7,18648
12,290,2,Carbono/acido sulfurico,9,9,32901
12,290,3,Carbono/metano,9,7,9759
12,290,4,Silicio/agua,9,8,60081
12,290,5,Silicio/acido sulfurico,9,7,34298
12,295,0,Carbono/agua,9,6,51065
12,295,1,Carbono/amonia,9,7,19205
12,295,2,Carbono/acido sulfurico,9,9,33931
12,295,3,Carbono/metano,9,7,10116
12,295,4,Silicio/agua,9,8,62865
12,295,5,Silicio/acido sulfurico,9,7,35427
12,300,0,Carbono/agua,9,6,53745
12,300,1,Carbono/amonia,9,7,19760
12,300,2,Carbono/acido sulfurico,9,9,34961
12,300,3,Carbono/metano,9,7,10474
12,300,4,Silicio/agua,9,8,65649
12,300,5,Silicio/acido sulfurico,9,7,36555
13,0,0,Carbono/agua,6,2,5
13,0,1,Carbono/amonia,nan,0,4
13,0,2,Carbono/acido sulfurico,0.0240223,1,7
13,0,3,Carbono/metano,0.0936302,1,2
13,0,4,Silicio/agua,-0.249226,1,6
13,0,5,Silicio/acido sulfurico,nan,0,7
13,5,0,Carbono/agua,6,2,35
13,5,1,Carbono/amonia,0.0848607,1,23
13,5,2,Carbono/acido sulfurico,0.0240223,1,43
13,5,3,Carbono/metano,0.137625,1,13
13,5,4,Silicio/agua,-0.197044,1,35
13,5,5,Silicio/acido sulfurico,-0.0712172,1,46
13,10,0,Carbono/agua,6,2,67
13,10,1,Carbono/amonia,0.251644,1,44
13,10,2,Carbono/acido sulfurico,0.216621,1,84
13,10,3,Carbono/metano,0.152449,1,27
13,10,4,Silicio/agua,0.0879987,1,67
13,10,5,Silicio/acido sulfurico,0.505861,1,90
13,15,0,Carbono/agua,6.5118,3,84
13,15,1,Carbono/amonia,6.37036,2,69
13,15,2,Carbono/acido sulfurico,0.216621,1,129
13,15,3,Carbono/metano,7.45107,2,43
13,15,4,Silicio/agua,0.0879987,1,103
13,15,5,Silicio/acido sulfurico,0.505861,1,138
13,20,0,Carbono/agua,6.5118,3,102
13,20,1,Carbono/amonia,7.25765,3,97
13,20,2,Carbono/acido sulfurico,6,2,177
13,20,3,Carbono/metano,7.45107,2,60
13,20,4,Silicio/agua,0.0879987,1,142
13,20,5,Silicio/acido sulfurico,0.674637,1,191
13,25,0,Carbono/agua,6.5118,3,124
13,25,1,Carbono/amonia,7.25765,2,121
13,25,2,Carbono/acido sulfurico,6.47271,3,231
13,25,3,Carbono/metano,7.45107,3,79
13,25,4,Silicio/agua,0.0879987,1,185
13,25,5,Silicio/acido sulfurico,0.674637,1,250
13,30,0,Carbono/agua,7.55156,4,146
13,30,1,Carbono/amonia,7.25765,3,138
13,30,2,Carbono/acido sulfurico,6.47271,3,292
13,30,3,Carbono/metano,7.45107,3,100
13,30,4,Silicio/agua,0.0879987,1,233
13,30,5,Silicio/acido sulfurico,6.71902,2,316
13,35,0,Carbono/agua,8.4236,4,178
13,35,1,Carbono/amonia,7.25765,3,157
13,35,2,Carbono/acido sulfurico,6.47271,3,358
13,35,3,Carbono/metano,7.84117,3,122
13,35,4,Silicio/agua,0.111895,1,286
13,35,5,Silicio/acido sulfurico,6.71902,3,388
13,40,0,Carbono/agua,8.4236,4,235
13,40,1,Carbono/amonia,7.29096,3,176
13,40,2,Carbono/acido sulfurico,7.62096,3,431
13,40,3,Carbono/metano,8.48557,4,148
13,40,4,Silicio/agua,0.194133,1,345
13,40,5,Silicio/acido sulfurico,7.17876,5,468
13,45,0,Carbono/agua,8.4236,4,298
13,45,1,Carbono/amonia,7.36993,3,198
13,45,2,Carbono/acido sulfurico,7.62096,3,511
13,45,3,Carbono/metano,9,4,175
13,45,4,Silicio/agua,7.13276,4,410
13,45,5,Silicio/acido sulfurico,8.4,5,556
13,50,0,Carbono/agua,8.4236,4,368
13,50,1,Carbono/amonia,7.45144,3,237
13,50,2,Carbono/acido sulfurico,7.62096,3,601
13,50,3,Carbono/metano,9,4,206
13,50,4,Silicio/agua,7.30703,4,481
13,50,5,Silicio/acido sulfurico,9,6,654
13,55,0,Carbono/agua,9,4,446
13,55,1,Carbono/amonia,7.45144,3,291
13,55,2,Carbono/acido sulfurico,7.63845,3,700
13,55,3,Carbono/metano,9,4,240
13,55,4,Silicio/agua,8.71186,4,562
13,55,5,Silicio/acido sulfurico,9,6,763
13,60,0,Carbono/agua,9,4,532
13,60,1,Carbono/amonia,7.57353,3,350
13,60,2,Carbono/acido sulfurico,7.63845,3,809
13,60,3,Carbono/metano,9,4,278
13,60,4,Silicio/agua,8.71186,4,651
13,60,5,Silicio/acido sulfurico,9,6,881
13,65,0,Carbono/agua,9,4,626
13,65,1,Carbono/amonia,7.84571,3,415
13,65,2,Carbono/acido sulfurico,7.63845,4,928
13,65,3,Carbono/metano,9,5,318
13,65,4,Silicio/agua,9,4,747
13,65,5,Silicio/acido sulfurico,9,6,1013
13,70,0,Carbono/agua,9,4,728
13,70,1,Carbono/amonia,7.84571,3,487
13,70,2,Carbono/acido sulfurico,7.63845,4,1060
13,70,3,Carbono/metano,9,5,363
13,70,4,Silicio/agua,9,4,856
13,70,5,Silicio/acido sulfurico,9,6,1159
13,75,0,Carbono/agua,9,4,842
13,75,1,Carbono/amonia,8.02076,3,566
13,75,2,Carbono/acido sulfurico,8.00236,4,1205
13,75,3,Carbono/metano,9,5,413
13,75,4,Silicio/agua,9,4,975
13,75,5,Silicio/acido sulfurico,9,6,1318
13,80,0,Carbono/agua,9,4,968
13,80,1,Carbono/amonia,8.19345,3,653
13,80,2,Carbono/acido sulfurico,8.0586,5,1365
13,80,3,Carbono/metano,9,5,469
13,80,4,Silicio/agua,9,4,1106
13,80,5,Silicio/acido sulfurico,9,6,1494
13,85,0,Carbono/agua,9,4,1106
13,85,1,Carbono/amonia,8.40768,3,748
13,85,2,Carbono/acido sulfurico,8.17551,5,1543
13,85,3,Carbono/metano,9,5,529
13,85,4,Silicio/agua,9,5,1250
13,85,5,Silicio/acido sulfurico,9,6,1689
13,90,0,Carbono/agua,9,4,1259
13,90,1,Carbono/amonia,8.40768,4,854
13,90,2,Carbono/acido sulfurico,8.22363,5,1740
13,90,3,Carbono/metano,9,5,597
13,90,4,Silicio/agua,9,5,1410
13,90,5,Silicio/acido sulfurico,9,6,1904
13,95,0,Carbono/agua,9,4,1428
13,95,1,Carbono/amonia,8.61835,4,972
13,95,2,Carbono/acido sulfurico,8.4,5,1957
13,95,3,Carbono/metano,9,5,670
13,95,4,Silicio/agua,9,5,1587
13,95,5,Silicio/acido sulfurico,9,6,2140
13,100,0,Carbono/agua,9,4,1613
13,100,1,Carbono/amonia,8.85842,4,1102
13,100,2,Carbono/acido sulfurico,8.81938,5,2196
13,100,3,Carbono/metano,9,4,744
13,100,4,Silicio/agua,9,5,1781
13,100,5,Silicio/acido sulfurico,9,6,2401
13,105,0,Carbono/agua,9,4,1818
13,105,1,Carbono/amonia,9,4,1245
13,105,2,Carbono/acido sulfurico,8.81938,6,2459
13,105,3,Carbono/metano,9,4,790
13,105,4,Silicio/agua,9,6,1995
13,105,5,Silicio/acido sulfurico,9,6,2690
13,110,0,Carbono/agua,9,4,2046
13,110,1,Carbono/amonia,9,6,1403
13,110,2,Carbono/acido sulfurico,9,6,2749
13,110,3,Carbono/metano,9,4,841
13,110,4,Silicio/agua,9,7,2232
13,110,5,Silicio/acido sulfurico,9,6,3010
13,115,0,Carbono/agua,9,4,2298
13,115,1,Carbono/amonia,9,7,1578
13,115,2,Carbono/acido sulfurico,9,7,3071
13,115,3,Carbono/metano,9,4,895
13,115,4,Silicio/agua,9,7,2493
13,115,5,Silicio/acido sulfurico,9,6,3362
13,120,0,Carbono/agua,9,4,2574
13,120,1,Carbono/amonia,9,7,1770
13,120,2,Carbono/acido sulfurico,9,7,3428
13,120,3,Carbono/metano,9,4,957
13,120,4,Silicio/agua,9,7,2781
13,120,5,Silicio/acido sulfurico,9,6,3751
13,125,0,Carbono/agua,9,4,2880
13,125,1,Carbono/amonia,9,7,1982
13,125,2,Carbono/acido sulfurico,9,7,3821
13,125,3,Carbono/metano,9,4,1055
13,125,4,Silicio/agua,9,7,3100
13,125,5,Silicio/acido sulfurico,9,6,4182
13,130,0,Carbono/agua,9,4,3219
13,130,1,Carbono/amonia,9,7,2217
13,130,2,Carbono/acido sulfurico,9,7,4253
13,130,3,Carbono/metano,9,4,1205
13,130,4,Silicio/agua,9,7,3451
13,130,5,Silicio/acido sulfurico,9,6,4658
13,135,0,Carbono/agua,9,4,3592
13,135,1,Carbono/amonia,9,7,2475
13,135,2,Carbono/acido sulfurico,9,7,4731
13,135,3,Carbono/metano,9,4,1370
13,135,4,Silicio/agua,9,7,3839
13,135,5,Silicio/acido sulfurico,9,6,5183
13,140,0,Carbono/agua,9,4,4003
13,140,1,Carbono/amonia,9,7,2759
13,140,2,Carbono/acido sulfurico,9,7,5258
13,140,3,Carbono/metano,9,4,1553
13,140,4,Silicio/agua,9,7,4266
13,140,5,Silicio/acido sulfurico,9,6,5763
13,145,0,Carbono/agua,9,5,4458
13,145,1,Carbono/amonia,9,8,3075
13,145,2,Carbono/acido sulfurico,9,7,5843
13,145,3,Carbono/metano,9,5,1755
13,145,4,Silicio/agua,9,7,4739
13,145,5,Silicio/acido sulfurico,9,7,6402
13,150,0,Carbono/agua,9,5,4960
13,150,1,Carbono/amonia,9,8,3423
13,150,2,Carbono/acido sulfurico,9,7,6485
13,150,3,Carbono/metano,9,5,1978
13,150,4,Silicio/agua,9,7,5262
13,150,5,Silicio/acido sulfurico,9,7,7107
13,155,0,Carbono/agua,9,6,5513
13,155,1,Carbono/amonia,9,8,3806
13,155,2,Carbono/acido sulfurico,9,7,7195
13,155,3,Carbono/metano,9,5,2225
13,155,4,Silicio/agua,9,7,5839
13,155,5,Silicio/acido sulfurico,9,7,7887
13,160,0,Carbono/agua,9,8,6125
13,160,1,Carbono/amonia,9,8,4229
13,160,2,Carbono/acido sulfurico,9,7,7979
13,160,3,Carbono/metano,9,5,2498
13,160,4,Silicio/agua,9,7,6476
13,160,5,Silicio/acido sulfurico,9,7,8748
13,165,0,Carbono/agua,9,7,6530
13,165,1,Carbono/amonia,9,8,4697
13,165,2,Carbono/acido sulfurico,9,7,8846
13,165,3,Carbono/metano,9,5,2798
13,165,4,Silicio/agua,9,7,7178
13,165,5,Silicio/acido sulfurico,9,7,9696
13,170,0,Carbono/agua,9,7,6903
13,170,1,Carbono/amonia,9,8,5212
13,170,2,Carbono/acido sulfurico,9,7,9804
13,170,3,Carbono/metano,9,5,3129
13,170,4,Silicio/agua,9,7,7953
13,170,5,Silicio/acido sulfurico,9,7,10744
13,175,0,Carbono/agua,9,7,7316
13,175,1,Carbono/amonia,9,8,5766
13,175,2,Carbono/acido sulfurico,9,7,10830
13,175,3,Carbono/metano,9,5,3486
13,175,4,Silicio/agua,9,7,8809
13,175,5,Silicio/acido sulfurico,9,7,11871
13,180,0,Carbono/agua,9,7,7773
13,180,1,Carbono/amonia,9,8,6322
13,180,2,Carbono/acido sulfurico,9,7,11860
13,180,3,Carbono/metano,9,5,3844
13,180,4,Silicio/agua,9,8,9755
13,180,5,Silicio/acido sulfurico,9,6,12660
13,185,0,Carbono/agua,9,7,8275
13,185,1,Carbono/amonia,9,8,6879
13,185,2,Carbono/acido sulfurico,9,7,12890
13,185,3,Carbono/metano,9,5,4200
13,185,4,Silicio/agua,9,8,10799
13,185,5,Silicio/acido sulfurico,9,7,13223
13,190,0,Carbono/agua,9,8,9386
13,190,1,Carbono/amonia,9,8,7435
13,190,2,Carbono/acido sulfurico,9,7,13920
13,190,3,Carbono/metano,9,5,4556
13,190,4,Silicio/agua,9,8,11951
13,190,5,Silicio/acido sulfurico,9,7,13787
13,195,0,Carbono/agua,9,8,10612
13,195,1,Carbono/amonia,9,8,7991
13,195,2,Carbono/acido sulfurico,9,7,14949
13,195,3,Carbono/metano,9,5,4915
13,195,4,Silicio/agua,9,8,13224
13,195,5,Silicio/acido sulfurico,9,7,14350
13,200,0,Carbono/agua,9,8,11964
13,200,1,Carbono/amonia,9,8,8546
13,200,2,Carbono/acido sulfurico,9,7,15979
13,200,3,Carbono/metano,9,5,5270
13,200,4,Silicio/agua,9,8,14629
13,200,5,Silicio/acido sulfurico,9,7,14914
13,205,0,Carbono/agua,9,8,13458
13,205,1,Carbono/amonia,9,8,9101
13,205,2,Carbono/acido sulfurico,9,7,17009
13,205,3,Carbono/metano,9,5,5628
13,205,4,Silicio/agua,9,8,16180
13,205,5,Silicio/acido sulfurico,9,7,15930
13,210,0,Carbono/agua,9,8,15107
13,210,1,Carbono/amonia,9,8,9657
13,210,2,Carbono/acido sulfurico,9,7,18039
13,210,3,Carbono/metano,9,5,5984
13,210,4,Silicio/agua,9,8,17893
13,210,5,Silicio/acido sulfurico,9,7,17059
13,215,0,Carbono/agua,9,8,16927
13,215,1,Carbono/amonia,9,8,10212
13,215,2,Carbono/acido sulfurico,9,7,19069
13,215,3,Carbono/metano,9,5,6340
13,215,4,Silicio/agua,9,8,19783
13,215,5,Silicio/acido sulfurico,9,7,18185
13,220,0,Carbono/agua,9,5,18936
13,220,1,Carbono/amonia,9,8,10768
13,220,2,Carbono/acido sulfurico,9,7,20098
13,220,3,Carbono/metano,9,5,6697
13,220,4,Silicio/agua,9,8,21870
13,220,5,Silicio/acido sulfurico,9,7,19315
13,225,0,Carbono/agua,9,7,20046
13,225,1,Carbono/amonia,9,8,11325
13,225,2,Carbono/acido sulfurico,9,7,21128
13,225,3,Carbono/metano,9,5,7054
13,225,4,Silicio/agua,9,8,24176
13,225,5,Silicio/acido sulfurico,9,7,20444
13,230,0,Carbono/agua,9,7,21271
13,230,1,Carbono/amonia,9,8,11880
13,230,2,Carbono/acido sulfurico,9,7,22158
13,230,3,Carbono/metano,9,5,7411
13,230,4,Silicio/agua,9,8,26721
13,230,5,Silicio/acido sulfurico,9,7,21573
13,235,0,Carbono/agua,9,7,22600
13,235,1,Carbono/amonia,9,8,12435
13,235,2,Carbono/acido sulfurico,9,7,23187
13,235,3,Carbono/metano,9,5,7768
13,235,4,Silicio/agua,9,8,29480
13,235,5,Silicio/acido sulfurico,9,7,22703
13,240,0,Carbono/agua,9,7,23941
13,240,1,Carbono/amonia,9,8,12990
13,240,2,Carbono/acido sulfurico,9,7,24216
13,240,3,Carbono/metano,9,5,8125
13,240,4,Silicio/agua,9,8,32263
13,240,5,Silicio/acido sulfurico,9,7,23831
13,245,0,Carbono/agua,9,7,25550
13,245,1,Carbono/amonia,9,8,13545
13,245,2,Carbono/acido sulfurico,9,7,25246
13,245,3,Carbono/metano,9,5,8483
13,245,4,Silicio/agua,9,8,35046
13,245,5,Silicio/acido sulfurico,9,7,24960
13,250,0,Carbono/agua,9,7,28230
13,250,1,Carbono/amonia,9,8,14101
13,250,2,Carbono/acido sulfurico,9,7,26276
13,250,3,Carbono/metano,9,5,8838
13,250,4,Silicio/agua,9,7,36716
13,250,5,Silicio/acido sulfurico,9,7,26088
13,255,0,Carbono/agua,9,7,30911
13,255,1,Carbono/amonia,9,8,14656
13,255,2,Carbono/acido sulfurico,9,7,27305
13,255,3,Carbono/metano,9,5,9195
13,255,4,Silicio/agua,9,8,38108
13,255,5,Silicio/acido sulfurico,9,7,27218
13,260,0,Carbono/agua,9,7,33591
13,260,1,Carbono/amonia,9,8,15211
13,260,2,Carbono/acido sulfurico,9,7,28335
13,260,3,Carbono/metano,9,5,9553
13,260,4,Silicio/agua,9,8,39498
13,260,5,Silicio/acido sulfurico,9,7,28347
13,265,0,Carbono/agua,9,7,36272
13,265,1,Carbono/amonia,9,8,15766
13,265,2,Carbono/acido sulfurico,9,7,29364
13,265,3,Carbono/metano,9,5,9910
13,265,4,Silicio/agua,9,8,40890
13,265,5,Silicio/acido sulfurico,9,7,29475
13,270,0,Carbono/agua,9,7,38954
13,270,1,Carbono/amonia,9,8,16322
13,270,2,Carbono/acido sulfurico,9,7,30394
13,270,3,Carbono/metano,9,5,10269
13,270,4,Silicio/agua,9,8,42281
13,270,5,Silicio/acido sulfurico,9,7,30604
13,275,0,Carbono/agua,9,7,41634
13,275,1,Carbono/amonia,9,8,16879
13,275,2,Carbono/acido sulfurico,9,7,31424
13,275,3,Carbono/metano,9,5,10625
13,275,4,Silicio/agua,9,8,45063
13,275,5,Silicio/acido sulfurico,9,7,31732
13,280,0,Carbono/agua,9,7,44314
13,280,1,Carbono/amonia,9,8,17435
13,280,2,Carbono/acido sulfurico,9,7,32452
13,280,3,Carbono/metano,9,5,10980
13,280,4,Silicio/agua,9,8,47845
13,280,5,Silicio/acido sulfurico,9,7,32862
13,285,0,Carbono/agua,9,7,46458
13,285,1,Carbono/amonia,9,9,17990
13,285,2,Carbono/acido sulfurico,9,7,33482
13,285,3,Carbono/metano,9,5,11336
13,285,4,Silicio/agua,9,8,50628
13,285,5,Silicio/acido sulfurico,9,7,33991
13,290,0,Carbono/agua,9,7,47798
13,290,1,Carbono/amonia,9,9,18545
13,290,2,Carbono/acido sulfurico,9,7,34511
13,290,3,Carbono/metano,9,5,11694
13,290,4,Silicio/agua,9,8,53410
13,290,5,Silicio/acido sulfurico,9,7,35120
13,295,0,Carbono/agua,9,7,49138
13,295,1,Carbono/amonia,9,9,19100
13,295,2,Carbono/acido sulfurico,9,7,35540
13,295,3,Carbono/metano,9,5,12050
13,295,4,Silicio/agua,9,8,56195
13,295,5,Silicio/acido sulfurico,9,7,36249
13,300,0,Carbono/agua,9,7,50478
13,300,1,Carbono/amonia,9,9,19655
13,300,2,Carbono/acido sulfurico,9,7,36569
13,300,3,Carbono/metano,9,5,12408
13,300,4,Silicio/agua,9,8,58978
13,300,5,Silicio/acido sulfurico,9,7,37378
14,0,0,Carbono/agua,nan,0,5
14,0,1,Carbono/amonia,nan,0,4
14,0,2,Carbono/acido sulfurico,-0.344048,1,7
14,0,3,Carbono/metano,-0.90309,1,3
14,0,4,Silicio/agua,nan,0,6
14,0,5,Silicio/acido sulfurico,-0.497635,1,7
14,5,0,Carbono/agua,0.0217912,1,34
14,5,1,Carbono/amonia,-0.119011,1,23
14,5,2,Carbono/acido sulfurico,7.48328,3,42
14,5,3,Carbono/metano,-0.234092,1,17
14,5,4,Silicio/agua,7.17876,2,36
14,5,5,Silicio/acido sulfurico,-0.30103,1,46
14,10,0,Carbono/agua,0.083518,1,66
14,10,1,Carbono/amonia,-0.0926802,1,44
14,10,2,Carbono/acido sulfurico,8.02105,4,82
14,10,3,Carbono/metano,-0.201838,1,31
14,10,4,Silicio/agua,7.5,6,68
14,10,5,Silicio/acido sulfurico,-4.34294e-07,1,89
14,15,0,Carbono/agua,6.78416,2,101
14,15,1,Carbono/amonia,-0.00404098,1,67
14,15,2,Carbono/acido sulfurico,8.80075,4,127
14,15,3,Carbono/metano,-0.160575,1,45
14,15,4,Silicio/agua,7.5,6,104
14,15,5,Silicio/acido sulfurico,0.468677,1,138
14,20,0,Carbono/agua,6.78416,3,138
14,20,1,Carbono/amonia,0.0629471,1,94
14,20,2,Carbono/acido sulfurico,8.80075,5,176
14,20,3,Carbono/metano,-0.160575,1,62
14,20,4,Silicio/agua,7.66702,7,143
14,20,5,Silicio/acido sulfurico,0.468677,1,190
14,25,0,Carbono/agua,7.00292,4,180
14,25,1,Carbono/amonia,0.0629471,1,124
14,25,2,Carbono/acido sulfurico,8.80075,5,231
14,25,3,Carbono/metano,-0.120136,1,81
14,25,4,Silicio/agua,8.07989,8,186
14,25,5,Silicio/acido sulfurico,0.468677,1,252
14,30,0,Carbono/agua,7.00292,4,228
14,30,1,Carbono/amonia,0.0629471,1,156
14,30,2,Carbono/acido sulfurico,9,5,290
14,30,3,Carbono/metano,-0.120136,1,102
14,30,4,Silicio/agua,9,8,234
14,30,5,Silicio/acido sulfurico,0.468677,1,318
14,35,0,Carbono/agua,7.84117,5,280
14,35,1,Carbono/amonia,0.0629471,1,191
14,35,2,Carbono/acido sulfurico,9,5,357
14,35,3,Carbono/metano,-0.120136,1,126
14,35,4,Silicio/agua,9,8,288
14,35,5,Silicio/acido sulfurico,0.468677,1,392
14,40,0,Carbono/agua,8.80075,5,338
14,40,1,Carbono/amonia,0.13805,1,230
14,40,2,Carbono/acido sulfurico,9,5,429
14,40,3,Carbono/metano,-0.0966862,1,151
14,40,4,Silicio/agua,9,8,346
14,40,5,Silicio/acido sulfurico,0.518878,1,472
14,45,0,Carbono/agua,8.80075,5,400
14,45,1,Carbono/amonia,0.177405,1,274
14,45,2,Carbono/acido sulfurico,9,5,509
14,45,3,Carbono/metano,-0.0217577,1,178
14,45,4,Silicio/agua,9,8,410
14,45,5,Silicio/acido sulfurico,0.518878,1,560
14,50,0,Carbono/agua,9,5,469
14,50,1,Carbono/amonia,0.347279,1,322
14,50,2,Carbono/acido sulfurico,9,5,598
14,50,3,Carbono/metano,0.222092,1,210
14,50,4,Silicio/agua,9,8,481
14,50,5,Silicio/acido sulfurico,6.38445,3,657
14,55,0,Carbono/agua,9,5,547
14,55,1,Carbono/amonia,0.347279,1,376
14,55,2,Carbono/acido sulfurico,9,5,697
14,55,3,Carbono/metano,0.222092,1,243
14,55,4,Silicio/agua,9,8,561
14,55,5,Silicio/acido sulfurico,6.38445,3,765
14,60,0,Carbono/agua,9,5,633
14,60,1,Carbono/amonia,0.347279,1,435
14,60,2,Carbono/acido sulfurico,9,5,805
14,60,3,Carbono/metano,0.25335,1,281
14,60,4,Silicio/agua,9,8,649
14,60,5,Silicio/acido sulfurico,7.08882,3,884
14,65,0,Carbono/agua,9,5,725
14,65,1,Carbono/amonia,0.578377,1,501
14,65,2,Carbono/acido sulfurico,9,5,926
14,65,3,Carbono/metano,0.25335,1,321
14,65,4,Silicio/agua,9,8,746
14,65,5,Silicio/acido sulfurico,7.08882,3,1015
14,70,0,Carbono/agua,9,5,828
14,70,1,Carbono/amonia,0.878648,1,572
14,70,2,Carbono/acido sulfurico,9,6,1057
14,70,3,Carbono/metano,0.284985,1,367
14,70,4,Silicio/agua,9,8,855
14,70,5,Silicio/acido sulfurico,7.21525,3,1161
14,75,0,Carbono/agua,9,5,943
14,75,1,Carbono/amonia,0.878648,1,650
14,75,2,Carbono/acido sulfurico,9,6,1201
14,75,3,Carbono/metano,0.284985,1,417
14,75,4,Silicio/agua,9,8,974
14,75,5,Silicio/acido sulfurico,7.88628,3,1322
14,80,0,Carbono/agua,9,5,1070
14,80,1,Carbono/amonia,0.878648,1,737
14,80,2,Carbono/acido sulfurico,9,6,1363
14,80,3,Carbono/metano,0.375343,1,473
14,80,4,Silicio/agua,9,8,1104
14,80,5,Silicio/acido sulfurico,7.88628,3,1498
14,85,0,Carbono/agua,9,5,1209
14,85,1,Carbono/amonia,0.878648,1,834
14,85,2,Carbono/acido sulfurico,9,7,1540
14,85,3,Carbono/metano,0.45662,1,534
14,85,4,Silicio/agua,9,8,1248
14,85,5,Silicio/acido sulfurico,8.29396,3,1693
14,90,0,Carbono/agua,9,5,1363
14,90,1,Carbono/amonia,7.3319,2,940
14,90,2,Carbono/acido sulfurico,9,7,1735
14,90,3,Carbono/metano,7.03325,2,600
14,90,4,Silicio/agua,9,8,1407
14,90,5,Silicio/acido sulfurico,8.81653,3,1908
14,95,0,Carbono/agua,9,5,1531
14,95,1,Carbono/amonia,7.35035,3,1059
14,95,2,Carbono/acido sulfurico,9,7,1952
14,95,3,Carbono/metano,7.43037,3,675
14,95,4,Silicio/agua,9,8,1584
14,95,5,Silicio/acido sulfurico,9,5,2145
14,100,0,Carbono/agua,9,5,1719
14,100,1,Carbono/amonia,8.4,4,1188
14,100,2,Carbono/acido sulfurico,9,8,2190
14,100,3,Carbono/metano,7.43037,3,757
14,100,4,Silicio/agua,9,8,1776
14,100,5,Silicio/acido sulfurico,9,6,2406
14,105,0,Carbono/agua,9,5,1924
14,105,1,Carbono/amonia,9,4,1329
14,105,2,Carbono/acido sulfurico,9,8,2454
14,105,3,Carbono/metano,7.88629,3,848
14,105,4,Silicio/agua,9,8,1989
14,105,5,Silicio/acido sulfurico,9,7,2695
14,110,0,Carbono/agua,9,5,2151
14,110,1,Carbono/amonia,9,5,1486
14,110,2,Carbono/acido sulfurico,9,8,2745
14,110,3,Carbono/metano,7.88629,3,948
14,110,4,Silicio/agua,9,8,2225
14,110,5,Silicio/acido sulfurico,9,7,3014
14,115,0,Carbono/agua,9,5,2404
14,115,1,Carbono/amonia,9,5,1659
14,115,2,Carbono/acido sulfurico,9,8,3068
14,115,3,Carbono/metano,8.43972,3,1038
14,115,4,Silicio/agua,9,8,2487
14,115,5,Silicio/acido sulfurico,9,7,3366
14,120,0,Carbono/agua,9,5,2681
14,120,1,Carbono/amonia,9,5,1851
14,120,2,Carbono/acido sulfurico,9,8,3423
14,120,3,Carbono/metano,8.43972,3,1100
14,120,4,Silicio/agua,9,8,2776
14,120,5,Silicio/acido sulfurico,9,7,3756
14,125,0,Carbono/agua,9,5,2988
14,125,1,Carbono/amonia,9,6,2063
14,125,2,Carbono/acido sulfurico,9,8,3816
14,125,3,Carbono/metano,8.43972,3,1169
14,125,4,Silicio/agua,9,8,3095
14,125,5,Silicio/acido sulfurico,9,7,4188
14,130,0,Carbono/agua,9,5,3326
14,130,1,Carbono/amonia,9,6,2297
14,130,2,Carbono/acido sulfurico,9,8,4250
14,130,3,Carbono/metano,8.43972,3,1245
14,130,4,Silicio/agua,9,8,3445
14,130,5,Silicio/acido sulfurico,9,7,4663
14,135,0,Carbono/agua,9,5,3699
14,135,1,Carbono/amonia,9,7,2556
14,135,2,Carbono/acido sulfurico,9,8,4730
14,135,3,Carbono/metano,8.62268,3,1329
14,135,4,Silicio/agua,9,8,3833
14,135,5,Silicio/acido sulfurico,9,7,5188
14,140,0,Carbono/agua,9,5,4111
14,140,1,Carbono/amonia,9,7,2840
14,140,2,Carbono/acido sulfurico,9,8,5258
14,140,3,Carbono/metano,8.62268,3,1475
14,140,4,Silicio/agua,9,8,4262
14,140,5,Silicio/acido sulfurico,9,7,5765
14,145,0,Carbono/agua,9,5,4567
14,145,1,Carbono/amonia,9,7,3155
14,145,2,Carbono/acido sulfurico,9,8,5842
14,145,3,Carbono/metano,8.93526,3,1678
14,145,4,Silicio/agua,9,8,4735
14,145,5,Silicio/acido sulfurico,9,7,6404
14,150,0,Carbono/agua,9,7,5068
14,150,1,Carbono/amonia,9,7,3503
14,150,2,Carbono/acido sulfurico,9,8,6485
14,150,3,Carbono/metano,8.8435,3,1833
14,150,4,Silicio/agua,9,8,5256
14,150,5,Silicio/acido sulfurico,9,7,7108
14,155,0,Carbono/agua,9,8,5622
14,155,1,Carbono/amonia,9,7,3886
14,155,2,Carbono/acido sulfurico,9,8,7196
14,155,3,Carbono/metano,8.93526,3,1957
14,155,4,Silicio/agua,9,8,5832
14,155,5,Silicio/acido sulfurico,9,7,7888
14,160,0,Carbono/agua,9,8,6234
14,160,1,Carbono/amonia,9,7,4311
14,160,2,Carbono/acido sulfurico,9,8,7980
14,160,3,Carbono/metano,9,3,2094
14,160,4,Silicio/agua,9,8,6467
14,160,5,Silicio/acido sulfurico,9,7,8748
14,165,0,Carbono/agua,9,8,6911
14,165,1,Carbono/amonia,9,7,4778
14,165,2,Carbono/acido sulfurico,9,8,8847
14,165,3,Carbono/metano,9,3,2244
14,165,4,Silicio/agua,9,8,7170
14,165,5,Silicio/acido sulfurico,9,7,9699
14,170,0,Carbono/agua,9,8,7656
14,170,1,Carbono/amonia,9,7,5294
14,170,2,Carbono/acido sulfurico,9,8,9802
14,170,3,Carbono/metano,9,3,2409
14,170,4,Silicio/agua,9,8,7945
14,170,5,Silicio/acido sulfurico,9,7,10748
14,175,0,Carbono/agua,9,8,8481
14,175,1,Carbono/amonia,9,7,5849
14,175,2,Carbono/acido sulfurico,9,8,10826
14,175,3,Carbono/metano,9,3,2730
14,175,4,Silicio/agua,9,8,8800
14,175,5,Silicio/acido sulfurico,9,7,11871
14,180,0,Carbono/agua,9,8,9393
14,180,1,Carbono/amonia,9,7,6404
14,180,2,Carbono/acido sulfurico,9,8,11854
14,180,3,Carbono/metano,9,4,3086
14,180,4,Silicio/agua,9,8,9746
14,180,5,Silicio/acido sulfurico,9,7,13000
14,185,0,Carbono/agua,9,8,10398
14,185,1,Carbono/amonia,9,7,6960
14,185,2,Carbono/acido sulfurico,9,8,12884
14,185,3,Carbono/metano,9,6,3443
14,185,4,Silicio/agua,9,8,10790
14,185,5,Silicio/acido sulfurico,9,7,14130
14,190,0,Carbono/agua,9,8,11507
14,190,1,Carbono/amonia,9,7,7516
14,190,2,Carbono/acido sulfurico,9,8,13914
14,190,3,Carbono/metano,9,6,3799
14,190,4,Silicio/agua,9,8,11944
14,190,5,Silicio/acido sulfurico,9,7,15260
14,195,0,Carbono/agua,9,8,12732
14,195,1,Carbono/amonia,9,7,8071
14,195,2,Carbono/acido sulfurico,9,8,14944
14,195,3,Carbono/metano,9,6,4154
14,195,4,Silicio/agua,9,8,13215
14,195,5,Silicio/acido sulfurico,9,7,16390
14,200,0,Carbono/agua,9,8,14086
14,200,1,Carbono/amonia,9,7,8627
14,200,2,Carbono/acido sulfurico,9,8,15974
14,200,3,Carbono/metano,9,7,4509
14,200,4,Silicio/agua,9,8,14620
14,200,5,Silicio/acido sulfurico,9,7,17520
14,205,0,Carbono/agua,9,8,15579
14,205,1,Carbono/amonia,9,7,9182
14,205,2,Carbono/acido sulfurico,9,8,17004
14,205,3,Carbono/metano,9,7,4866
14,205,4,Silicio/agua,9,8,16171
14,205,5,Silicio/acido sulfurico,9,7,18649
14,210,0,Carbono/agua,9,8,16724
14,210,1,Carbono/amonia,9,7,9737
14,210,2,Carbono/acido sulfurico,9,8,18034
14,210,3,Carbono/metano,9,7,5226
14,210,4,Silicio/agua,9,8,17883
14,210,5,Silicio/acido sulfurico,9,7,19777
14,215,0,Carbono/agua,9,8,17635
14,215,1,Carbono/amonia,9,7,10293
14,215,2,Carbono/acido sulfurico,9,8,19064
14,215,3,Carbono/metano,9,7,5581
14,215,4,Silicio/agua,9,8,19773
14,215,5,Silicio/acido sulfurico,9,7,20906
14,220,0,Carbono/agua,9,8,18640
14,220,1,Carbono/amonia,9,7,10849
14,220,2,Carbono/acido sulfurico,9,8,20093
14,220,3,Carbono/metano,9,7,5939
14,220,4,Silicio/agua,9,8,21859
14,220,5,Silicio/acido sulfurico,9,7,22034
14,225,0,Carbono/agua,9,8,19750
14,225,1,Carbono/amonia,9,7,11405
14,225,2,Carbono/acido sulfurico,9,8,21123
14,225,3,Carbono/metano,9,7,6296
14,225,4,Silicio/agua,9,8,24164
14,225,5,Silicio/acido sulfurico,9,7,23164
14,230,0,Carbono/agua,9,8,20975
14,230,1,Carbono/amonia,9,7,11960
14,230,2,Carbono/acido sulfurico,9,8,22152
14,230,3,Carbono/metano,9,7,6653
14,230,4,Silicio/agua,9,8,26709
14,230,5,Silicio/acido sulfurico,9,7,24293
14,235,0,Carbono/agua,9,8,23374
14,235,1,Carbono/amonia,9,7,12515
14,235,2,Carbono/acido sulfurico,9,8,23182
14,235,3,Carbono/metano,9,7,7009
14,235,4,Silicio/agua,9,8,29470
14,235,5,Silicio/acido sulfurico,9,7,25419
14,240,0,Carbono/agua,9,8,26056
14,240,1,Carbono/amonia,9,7,13071
14,240,2,Carbono/acido sulfurico,9,8,24211
14,240,3,Carbono/metano,9,7,7366
14,240,4,Silicio/agua,9,8,32252
14,240,5,Silicio/acido sulfurico,9,7,26548
14,245,0,Carbono/agua,9,8,28736
14,245,1,Carbono/amonia,9,7,13627
14,245,2,Carbono/acido sulfurico,9,8,25240
14,245,3,Carbono/metano,9,7,7724
14,245,4,Silicio/agua,9,8,35035
14,245,5,Silicio/acido sulfurico,9,7,27676
14,250,0,Carbono/agua,9,8,31418
14,250,1,Carbono/amonia,9,7,14183
14,250,2,Carbono/acido sulfurico,9,8,26270
14,250,3,Carbono/metano,9,5,7938
14,250,4,Silicio/agua,9,8,37819
14,250,5,Silicio/acido sulfurico,9,7,28803
14,255,0,Carbono/agua,9,8,34099
14,255,1,Carbono/amonia,9,7,14739
14,255,2,Carbono/acido sulfurico,9,8,27300
14,255,3,Carbono/metano,9,5,8116
14,255,4,Silicio/agua,9,8,40601
14,255,5,Silicio/acido sulfurico,9,7,29932
14,260,0,Carbono/agua,9,8,36781
14,260,1,Carbono/amonia,9,7,15294
14,260,2,Carbono/acido sulfurico,9,8,28330
14,260,3,Carbono/metano,9,6,8294
14,260,4,Silicio/agua,9,8,43385
14,260,5,Silicio/acido sulfurico,9,7,31059
14,265,0,Carbono/agua,9,8,39461
14,265,1,Carbono/amonia,9,7,15850
14,265,2,Carbono/acido sulfurico,9,8,29360
14,265,3,Carbono/metano,9,6,8472
14,265,4,Silicio/agua,9,8,46169
14,265,5,Silicio/acido sulfurico,9,7,32187
14,270,0,Carbono/agua,9,8,42141
14,270,1,Carbono/amonia,9,7,16406
14,270,2,Carbono/acido sulfurico,9,8,30390
14,270,3,Carbono/metano,9,6,8650
14,270,4,Silicio/agua,9,8,48953
14,270,5,Silicio/acido sulfurico,9,7,33316
14,275,0,Carbono/agua,9,8,44822
14,275,1,Carbono/amonia,9,7,16961
14,275,2,Carbono/acido sulfurico,9,8,31419
14,275,3,Carbono/metano,9,6,9007
14,275,4,Silicio/agua,9,8,51735
14,275,5,Silicio/acido sulfurico,9,7,34446
14,280,0,Carbono/agua,9,8,47502
14,280,1,Carbono/amonia,9,8,17516
14,280,2,Carbono/acido sulfurico,9,8,32449
14,280,3,Carbono/metano,9,6,9365
14,280,4,Silicio/agua,9,8,54516
14,280,5,Silicio/acido sulfurico,9,7,35576
14,285,0,Carbono/agua,9,8,50182
14,285,1,Carbono/amonia,9,8,18073
14,285,2,Carbono/acido sulfurico,9,7,33478
14,285,3,Carbono/metano,9,6,9723
14,285,4,Silicio/agua,9,8,57299
14,285,5,Silicio/acido sulfurico,9,7,36706
14,290,0,Carbono/agua,9,8,52863
14,290,1,Carbono/amonia,9,5,18628
14,290,2,Carbono/acido sulfurico,9,8,33993
14,290,3,Carbono/metano,9,6,10080
14,290,4,Silicio/agua,9,8,60083
14,290,5,Silicio/acido sulfurico,9,7,37833
14,295,0,Carbono/agua,9,8,55543
14,295,1,Carbono/amonia,9,7,18907
14,295,2,Carbono/acido sulfurico,9,8,34508
14,295,3,Carbono/metano,9,6,10436
14,295,4,Silicio/agua,9,8,62866
14,295,5,Silicio/acido sulfurico,9,7,38962
14,300,0,Carbono/agua,9,8,58223
14,300,1,Carbono/amonia,9,7,19184
14,300,2,Carbono/acido sulfurico,9,8,35023
14,300,3,Carbono/metano,9,6,10794
14,300,4,Silicio/agua,9,8,65648
14,300,5,Silicio/acido sulfurico,9,7,40092
15,0,0,Carbono/agua,nan,0,6
15,0,1,Carbono/amonia,-0.477121,1,3
15,0,2,Carbono/acido sulfurico,-0.193557,1,7
15,0,3,Carbono/metano,nan,0,2
15,0,4,Silicio/agua,-0.0789473,1,6
15,0,5,Silicio/acido sulfurico,nan,0,8
15,5,0,Carbono/agua,-0.03595,1,33
15,5,1,Carbono/amonia,0.0330965,1,24
15,5,2,Carbono/acido sulfurico,0.141177,1,43
15,5,3,Carbono/metano,-0.0948407,1,13
15,5,4,Silicio/agua,7.40589,2,35
15,5,5,Silicio/acido sulfurico,-0.134601,1,48
15,10,0,Carbono/agua,-0.0214054,1,65
15,10,1,Carbono/amonia,0.0330965,1,46
15,10,2,Carbono/acido sulfurico,6.48211,2,83
15,10,3,Carbono/metano,0.179043,1,28
15,10,4,Silicio/agua,7.91204,2,68
15,10,5,Silicio/acido sulfurico,0.304833,1,91
15,15,0,Carbono/agua,0.353056,1,82
15,15,1,Carbono/amonia,0.053898,1,70
15,15,2,Carbono/acido sulfurico,6.48211,3,128
15,15,3,Carbono/metano,0.179043,1,44
15,15,4,Silicio/agua,7.91204,2,105
15,15,5,Silicio/acido sulfurico,0.304833,1,140
15,20,0,Carbono/agua,0.353056,1,100
15,20,1,Carbono/amonia,0.053898,1,96
15,20,2,Carbono/acido sulfurico,8.67385,4,179
15,20,3,Carbono/metano,0.179043,1,61
15,20,4,Silicio/agua,7.91204,2,144
15,20,5,Silicio/acido sulfurico,0.304833,1,196
15,25,0,Carbono/agua,0.353056,1,120
15,25,1,Carbono/amonia,0.103794,1,124
15,25,2,Carbono/acido sulfurico,8.67385,5,233
15,25,3,Carbono/metano,0.248212,1,78
15,25,4,Silicio/agua,7.91204,2,189
15,25,5,Silicio/acido sulfurico,7.15046,2,256
15,30,0,Carbono/agua,0.353056,1,144
15,30,1,Carbono/amonia,0.103794,1,156
15,30,2,Carbono/acido sulfurico,9,5,291
15,30,3,Carbono/metano,0.248212,1,99
15,30,4,Silicio/agua,7.91204,3,237
15,30,5,Silicio/acido sulfurico,7.75692,3,321
15,35,0,Carbono/agua,0.353056,1,175
15,35,1,Carbono/amonia,0.11029,1,192
15,35,2,Carbono/acido sulfurico,9,5,355
15,35,3,Carbono/metano,0.248212,1,120
15,35,4,Silicio/agua,7.91204,3,290
15,35,5,Silicio/acido sulfurico,9,4,392
15,40,0,Carbono/agua,0.353056,1,232
15,40,1,Carbono/amonia,0.195429,1,232
15,40,2,Carbono/acido sulfurico,9,5,428
15,40,3,Carbono/metano,0.248212,1,146
15,40,4,Silicio/agua,8.32259,3,347
15,40,5,Silicio/acido sulfurico,7.75692,3,439
15,45,0,Carbono/agua,0.353056,1,294
15,45,1,Carbono/amonia,0.195429,1,276
15,45,2,Carbono/acido sulfurico,9,5,507
15,45,3,Carbono/metano,6,2,174
15,45,4,Silicio/agua,8.32259,3,412
15,45,5,Silicio/acido sulfurico,9,4,482
15,50,0,Carbono/agua,0.353056,1,364
15,50,1,Carbono/amonia,0.195429,1,325
15,50,2,Carbono/acido sulfurico,9,5,596
15,50,3,Carbono/metano,7.12299,3,205
15,50,4,Silicio/agua,8.32259,3,483
15,50,5,Silicio/acido sulfurico,9,4,532
15,55,0,Carbono/agua,0.353056,1,440
15,55,1,Carbono/amonia,0.22997,1,377
15,55,2,Carbono/acido sulfurico,9,5,695
15,55,3,Carbono/metano,7.12299,3,240
15,55,4,Silicio/agua,8.32259,3,562
15,55,5,Silicio/acido sulfurico,9,4,584
15,60,0,Carbono/agua,0.353056,1,524
15,60,1,Carbono/amonia,0.22997,1,435
15,60,2,Carbono/acido sulfurico,9,5,803
15,60,3,Carbono/metano,7.12299,3,278
15,60,4,Silicio/agua,9,3,650
15,60,5,Silicio/acido sulfurico,9,4,643
15,65,0,Carbono/agua,0.353056,1,618
15,65,1,Carbono/amonia,0.22997,1,499
15,65,2,Carbono/acido sulfurico,9,5,922
15,65,3,Carbono/metano,7.12299,3,318
15,65,4,Silicio/agua,9,3,747
15,65,5,Silicio/acido sulfurico,9,5,774
15,70,0,Carbono/agua,0.353056,1,720
15,70,1,Carbono/amonia,0.22997,1,569
15,70,2,Carbono/acido sulfurico,9,6,1053
15,70,3,Carbono/metano,7.12299,3,365
15,70,4,Silicio/agua,9,3,853
15,70,5,Silicio/acido sulfurico,9,5,917
15,75,0,Carbono/agua,0.353056,1,832
15,75,1,Carbono/amonia,0.22997,1,648
15,75,2,Carbono/acido sulfurico,9,6,1200
15,75,3,Carbono/metano,7.12299,3,415
15,75,4,Silicio/agua,9,4,973
15,75,5,Silicio/acido sulfurico,9,5,1076
15,80,0,Carbono/agua,0.353056,1,957
15,80,1,Carbono/amonia,0.22997,1,735
15,80,2,Carbono/acido sulfurico,9,4,1296
15,80,3,Carbono/metano,7.12299,3,469
15,80,4,Silicio/agua,9,4,1103
15,80,5,Silicio/acido sulfurico,9,5,1252
15,85,0,Carbono/agua,0.353056,1,1094
15,85,1,Carbono/amonia,0.22997,1,830
15,85,2,Carbono/acido sulfurico,9,4,1385
15,85,3,Carbono/metano,7.43161,3,530
15,85,4,Silicio/agua,9,4,1246
15,85,5,Silicio/acido sulfurico,9,5,1446
15,90,0,Carbono/agua,0.353056,1,1249
15,90,1,Carbono/amonia,0.366096,1,937
15,90,2,Carbono/acido sulfurico,9,5,1483
15,90,3,Carbono/metano,7.43161,4,599
15,90,4,Silicio/agua,9,5,1405
15,90,5,Silicio/acido sulfurico,9,5,1660
15,95,0,Carbono/agua,0.353056,1,1418
15,95,1,Carbono/amonia,6.81395,3,1053
15,95,2,Carbono/acido sulfurico,9,5,1591
15,95,3,Carbono/metano,7.94165,4,674
15,95,4,Silicio/agua,9,5,1581
15,95,5,Silicio/acido sulfurico,9,5,1897
15,100,0,Carbono/agua,6,2,1606
15,100,1,Carbono/amonia,7.16713,3,1182
15,100,2,Carbono/acido sulfurico,9,5,1711
15,100,3,Carbono/metano,7.94165,4,756
15,100,4,Silicio/agua,9,6,1775
15,100,5,Silicio/acido sulfurico,9,5,2160
15,105,0,Carbono/agua,6.70469,3,1812
15,105,1,Carbono/amonia,7.85638,4,1325
15,105,2,Carbono/acido sulfurico,9,5,1975
15,105,3,Carbono/metano,7.94165,4,847
15,105,4,Silicio/agua,9,6,1989
15,105,5,Silicio/acido sulfurico,9,5,2449
15,110,0,Carbono/agua,7.40978,3,2039
15,110,1,Carbono/amonia,7.85638,2,1482
15,110,2,Carbono/acido sulfurico,9,5,2267
15,110,3,Carbono/metano,7.94165,4,948
15,110,4,Silicio/agua,9,6,2226
15,110,5,Silicio/acido sulfurico,9,5,2768
15,115,0,Carbono/agua,8.74749,3,2290
15,115,1,Carbono/amonia,7.85638,4,1570
15,115,2,Carbono/acido sulfurico,9,5,2589
15,115,3,Carbono/metano,8.04282,5,1059
15,115,4,Silicio/agua,9,7,2486
15,115,5,Silicio/acido sulfurico,9,5,3120
15,120,0,Carbono/agua,8.82946,3,2566
15,120,1,Carbono/amonia,7.85638,4,1667
15,120,2,Carbono/acido sulfurico,9,5,2945
15,120,3,Carbono/metano,9,5,1182
15,120,4,Silicio/agua,9,7,2773
15,120,5,Silicio/acido sulfurico,9,5,3510
15,125,0,Carbono/agua,9,3,2873
15,125,1,Carbono/amonia,7.99029,4,1773
15,125,2,Carbono/acido sulfurico,9,5,3339
15,125,3,Carbono/metano,9,5,1319
15,125,4,Silicio/agua,9,7,3091
15,125,5,Silicio/acido sulfurico,9,5,3942
15,130,0,Carbono/agua,9,3,3210
15,130,1,Carbono/amonia,8.27706,5,1889
15,130,2,Carbono/acido sulfurico,9,5,3771
15,130,3,Carbono/metano,9,5,1469
15,130,4,Silicio/agua,9,7,3441
15,130,5,Silicio/acido sulfurico,9,5,4416
15,135,0,Carbono/agua,9,3,3584
15,135,1,Carbono/amonia,8.41933,5,2046
15,135,2,Carbono/acido sulfurico,9,5,4247
15,135,3,Carbono/metano,9,5,1634
15,135,4,Silicio/agua,9,8,3830
15,135,5,Silicio/acido sulfurico,9,5,4940
15,140,0,Carbono/agua,9,3,3997
15,140,1,Carbono/amonia,9,6,2332
15,140,2,Carbono/acido sulfurico,9,5,4772
15,140,3,Carbono/metano,9,6,1818
15,140,4,Silicio/agua,9,8,4258
15,140,5,Silicio/acido sulfurico,9,5,5519
15,145,0,Carbono/agua,9,3,4312
15,145,1,Carbono/amonia,9,7,2646
15,145,2,Carbono/acido sulfurico,9,5,5355
15,145,3,Carbono/metano,9,6,2019
15,145,4,Silicio/agua,9,8,4730
15,145,5,Silicio/acido sulfurico,9,5,6158
15,150,0,Carbono/agua,9,3,4564
15,150,1,Carbono/amonia,9,7,2994
15,150,2,Carbono/acido sulfurico,9,5,5998
15,150,3,Carbono/metano,9,6,2242
15,150,4,Silicio/agua,9,8,5251
15,150,5,Silicio/acido sulfurico,9,5,6579
15,155,0,Carbono/agua,9,3,4841
15,155,1,Carbono/amonia,9,7,3376
15,155,2,Carbono/acido sulfurico,9,5,6710
15,155,3,Carbono/metano,9,6,2490
15,155,4,Silicio/agua,9,8,5826
15,155,5,Silicio/acido sulfurico,9,5,6968
15,160,0,Carbono/agua,9,3,5147
15,160,1,Carbono/amonia,9,7,3799
15,160,2,Carbono/acido sulfurico,9,5,7494
15,160,3,Carbono/metano,9,6,2761
15,160,4,Silicio/agua,9,8,6462
15,160,5,Silicio/acido sulfurico,9,5,7398
15,165,0,Carbono/agua,9,3,5484
15,165,1,Carbono/amonia,9,7,4265
15,165,2,Carbono/acido sulfurico,9,5,8358
15,165,3,Carbono/metano,9,6,3060
15,165,4,Silicio/agua,9,8,7165
15,165,5,Silicio/acido sulfurico,9,5,7872
15,170,0,Carbono/agua,9,3,6159
15,170,1,Carbono/amonia,9,7,4782
15,170,2,Carbono/acido sulfurico,9,5,9315
15,170,3,Carbono/metano,9,7,3390
15,170,4,Silicio/agua,9,8,7940
15,170,5,Silicio/acido sulfurico,9,5,8397
15,175,0,Carbono/agua,9,5,6983
15,175,1,Carbono/amonia,9,7,5338
15,175,2,Carbono/acido sulfurico,9,5,10342
15,175,3,Carbono/metano,9,7,3746
15,175,4,Silicio/agua,9,8,8796
15,175,5,Silicio/acido sulfurico,9,5,8959
15,180,0,Carbono/agua,9,6,7894
15,180,1,Carbono/amonia,9,8,5893
15,180,2,Carbono/acido sulfurico,9,5,11371
15,180,3,Carbono/metano,9,7,4103
15,180,4,Silicio/agua,9,8,9741
15,180,5,Silicio/acido sulfurico,9,5,9524
15,185,0,Carbono/agua,9,6,8899
15,185,1,Carbono/amonia,9,8,6448
15,185,2,Carbono/acido sulfurico,9,5,12400
15,185,3,Carbono/metano,9,7,4462
15,185,4,Silicio/agua,9,8,10786
15,185,5,Silicio/acido sulfurico,9,5,10089
15,190,0,Carbono/agua,9,7,10009
15,190,1,Carbono/amonia,9,8,7003
15,190,2,Carbono/acido sulfurico,9,5,13430
15,190,3,Carbono/metano,9,7,4817
15,190,4,Silicio/agua,9,8,11939
15,190,5,Silicio/acido sulfurico,9,5,11106
15,195,0,Carbono/agua,9,8,11233
15,195,1,Carbono/amonia,9,8,7559
15,195,2,Carbono/acido sulfurico,9,2,14460
15,195,3,Carbono/metano,9,7,5172
15,195,4,Silicio/agua,9,8,13209
15,195,5,Silicio/acido sulfurico,9,7,12234
15,200,0,Carbono/agua,9,7,12445
15,200,1,Carbono/amonia,9,8,8115
15,200,2,Carbono/acido sulfurico,9,5,14974
15,200,3,Carbono/metano,9,7,5528
15,200,4,Silicio/agua,9,8,14614
15,200,5,Silicio/acido sulfurico,9,7,13362
15,205,0,Carbono/agua,9,9,13191
15,205,1,Carbono/amonia,9,8,8671
15,205,2,Carbono/acido sulfurico,9,5,15489
15,205,3,Carbono/metano,9,7,5883
15,205,4,Silicio/agua,9,8,16164
15,205,5,Silicio/acido sulfurico,9,7,14491
15,210,0,Carbono/agua,9,9,14017
15,210,1,Carbono/amonia,9,8,9226
15,210,2,Carbono/acido sulfurico,9,5,16004
15,210,3,Carbono/metano,9,7,6239
15,210,4,Silicio/agua,9,8,17877
15,210,5,Silicio/acido sulfurico,9,7,15620
15,215,0,Carbono/agua,9,9,14927
15,215,1,Carbono/amonia,9,8,9781
15,215,2,Carbono/acido sulfurico,9,5,16519
15,215,3,Carbono/metano,9,7,6595
15,215,4,Silicio/agua,9,8,19767
15,215,5,Silicio/acido sulfurico,9,7,16749
15,220,0,Carbono/agua,9,9,15932
15,220,1,Carbono/amonia,9,8,10336
15,220,2,Carbono/acido sulfurico,9,5,17034
15,220,3,Carbono/metano,9,7,6953
15,220,4,Silicio/agua,9,8,21854
15,220,5,Silicio/acido sulfurico,9,7,17878
15,225,0,Carbono/agua,9,9,17499
15,225,1,Carbono/amonia,9,8,10891
15,225,2,Carbono/acido sulfurico,9,5,17549
15,225,3,Carbono/metano,9,7,7311
15,225,4,Silicio/agua,9,8,24157
15,225,5,Silicio/acido sulfurico,9,7,19007
15,230,0,Carbono/agua,9,9,19948
15,230,1,Carbono/amonia,9,8,11447
15,230,2,Carbono/acido sulfurico,9,5,18064
15,230,3,Carbono/metano,9,7,7669
15,230,4,Silicio/agua,9,8,26702
15,230,5,Silicio/acido sulfurico,9,7,20135
15,235,0,Carbono/agua,9,9,22605
15,235,1,Carbono/amonia,9,8,12002
15,235,2,Carbono/acido sulfurico,9,5,18784
15,235,3,Carbono/metano,9,7,8025
15,235,4,Silicio/agua,9,8,29462
15,235,5,Silicio/acido sulfurico,9,7,21264
15,240,0,Carbono/agua,9,9,25286
15,240,1,Carbono/amonia,9,8,12557
15,240,2,Carbono/acido sulfurico,9,5,19814
15,240,3,Carbono/metano,9,7,8380
15,240,4,Silicio/agua,9,8,32243
15,240,5,Silicio/acido sulfurico,9,7,22393
15,245,0,Carbono/agua,9,9,27967
15,245,1,Carbono/amonia,9,8,13113
15,245,2,Carbono/acido sulfurico,9,6,20842
15,245,3,Carbono/metano,9,7,8737
15,245,4,Silicio/agua,9,8,35027
15,245,5,Silicio/acido sulfurico,9,7,23297
15,250,0,Carbono/agua,9,9,30647
15,250,1,Carbono/amonia,9,8,13668
15,250,2,Carbono/acido sulfurico,9,7,21872
15,250,3,Carbono/metano,9,7,9094
15,250,4,Silicio/agua,9,8,37811
15,250,5,Silicio/acido sulfurico,9,7,23861
15,255,0,Carbono/agua,9,8,32255
15,255,1,Carbono/amonia,9,8,14223
15,255,2,Carbono/acido sulfurico,9,7,22902
15,255,3,Carbono/metano,9,7,9453
15,255,4,Silicio/agua,9,8,40594
15,255,5,Silicio/acido sulfurico,9,7,24425
15,260,0,Carbono/agua,9,8,33596
15,260,1,Carbono/amonia,9,8,14779
15,260,2,Carbono/acido sulfurico,9,7,23932
15,260,3,Carbono/metano,9,7,9809
15,260,4,Silicio/agua,9,8,43375
15,260,5,Silicio/acido sulfurico,9,7,24990
15,265,0,Carbono/agua,9,8,34936
15,265,1,Carbono/amonia,9,4,15334
15,265,2,Carbono/acido sulfurico,9,7,24961
15,265,3,Carbono/metano,9,7,10166
15,265,4,Silicio/agua,9,8,46157
15,265,5,Silicio/acido sulfurico,9,7,25555
15,270,0,Carbono/agua,9,8,36279
15,270,1,Carbono/amonia,9,7,15614
15,270,2,Carbono/acido sulfurico,9,7,25991
15,270,3,Carbono/metano,9,7,10523
15,270,4,Silicio/agua,9,8,48940
15,270,5,Silicio/acido sulfurico,9,7,26456
15,275,0,Carbono/agua,9,8,37619
15,275,1,Carbono/amonia,9,8,15890
15,275,2,Carbono/acido sulfurico,9,7,27021
15,275,3,Carbono/metano,9,7,10881
15,275,4,Silicio/agua,9,8,51724
15,275,5,Silicio/acido sulfurico,9,7,27586
15,280,0,Carbono/agua,9,8,40300
15,280,1,Carbono/amonia,9,8,16167
15,280,2,Carbono/acido sulfurico,9,7,28051
15,280,3,Carbono/metano,9,7,11236
15,280,4,Silicio/agua,9,8,54509
15,280,5,Silicio/acido sulfurico,9,7,28716
15,285,0,Carbono/agua,9,8,42981
15,285,1,Carbono/amonia,9,8,16446
15,285,2,Carbono/acido sulfurico,9,7,29080
15,285,3,Carbono/metano,9,6,11485
15,285,4,Silicio/agua,9,8,57292
15,285,5,Silicio/acido sulfurico,9,7,29845
15,290,0,Carbono/agua,9,8,45662
15,290,1,Carbono/amonia,9,8,16779
15,290,2,Carbono/acido sulfurico,9,7,30110
15,290,3,Carbono/metano,9,6,11664
15,290,4,Silicio/agua,9,8,60074
15,290,5,Silicio/acido sulfurico,9,7,30973
15,295,0,Carbono/agua,9,8,48344
15,295,1,Carbono/amonia,9,8,17334
15,295,2,Carbono/acido sulfurico,9,7,31140
15,295,3,Carbono/metano,9,6,11842
15,295,4,Silicio/agua,9,8,62859
15,295,5,Silicio/acido sulfurico,9,7,32102
15,300,0,Carbono/agua,9,8,51025
15,300,1,Carbono/amonia,9,8,17890
15,300,2,Carbono/acido sulfurico,9,7,32170
15,300,3,Carbono/metano,9,6,12022
15,300,4,Silicio/agua,9,8,65642
15,300,5,Silicio/acido sulfurico,9,7,33230
16,0,0,Carbono/agua,-0.129463,1,5
16,0,1,Carbono/amonia,-0.90309,1,4
16,0,2,Carbono/acido sulfurico,-0.218569,1,7
16,0,3,Carbono/metano,nan,0,3
16,0,4,Silicio/agua,-0.279853,1,5
16,0,5,Silicio/acido sulfurico,-0.331994,1,7
16,5,0,Carbono/agua,-0.129463,1,33
16,5,1,Carbono/amonia,-0.209244,1,24
16,5,2,Carbono/acido sulfurico,0.396285,1,42
16,5,3,Carbono/metano,-0.496931,1,14
16,5,4,Silicio/agua,-0.0863363,1,33
16,5,5,Silicio/acido sulfurico,0.122042,1,46
16,10,0,Carbono/agua,0.562849,1,65
16,10,1,Carbono/amonia,-0.101983,1,46
16,10,2,Carbono/acido sulfurico,0.41387,1,82
16,10,3,Carbono/metano,-0.355634,1,29
16,10,4,Silicio/agua,0.0747404,1,67
16,10,5,Silicio/acido sulfurico,0.212648,1,91
16,15,0,Carbono/agua,0.562849,1,100
16,15,1,Carbono/amonia,-0.0832605,1,71
16,15,2,Carbono/acido sulfurico,0.61456,1,125
16,15,3,Carbono/metano,-0.353579,1,44
16,15,4,Silicio/agua,0.136673,1,104
16,15,5,Silicio/acido sulfurico,0.212648,1,125
16,20,0,Carbono/agua,0.562849,1,136
16,20,1,Carbono/amonia,-0.0832605,1,97
16,20,2,Carbono/acido sulfurico,0.61456,1,173
16,20,3,Carbono/metano,-0.349978,1,61
16,20,4,Silicio/agua,0.383583,1,144
16,20,5,Silicio/acido sulfurico,0.212648,1,152
16,25,0,Carbono/agua,0.562849,1,178
16,25,1,Carbono/amonia,-0.0364696,1,128
16,25,2,Carbono/acido sulfurico,0.659666,1,228
16,25,3,Carbono/metano,-0.349978,1,79
16,25,4,Silicio/agua,0.622679,1,187
16,25,5,Silicio/acido sulfurico,0.212648,1,181
16,30,0,Carbono/agua,0.562849,1,224
16,30,1,Carbono/amonia,-4.34294e-07,1,160
16,30,2,Carbono/acido sulfurico,0.659666,1,289
16,30,3,Carbono/metano,-0.345457,1,100
16,30,4,Silicio/agua,0.622679,1,236
16,30,5,Silicio/acido sulfurico,0.212648,1,216
16,35,0,Carbono/agua,0.562849,1,277
16,35,1,Carbono/amonia,0.0110099,1,196
16,35,2,Carbono/acido sulfurico,7.26316,5,355
16,35,3,Carbono/metano,-0.30103,1,123
16,35,4,Silicio/agua,6.90261,2,290
16,35,5,Silicio/acido sulfurico,0.212648,1,253
16,40,0,Carbono/agua,0.562849,1,336
16,40,1,Carbono/amonia,0.347175,1,236
16,40,2,Carbono/acido sulfurico,7.84117,6,428
16,40,3,Carbono/metano,-0.119862,1,147
16,40,4,Silicio/agua,6.90261,3,350
16,40,5,Silicio/acido sulfurico,0.212648,1,326
16,45,0,Carbono/agua,6,2,399
16,45,1,Carbono/amonia,0.347175,1,280
16,45,2,Carbono/acido sulfurico,8.45762,7,509
16,45,3,Carbono/metano,-4.34294e-07,1,169
16,45,4,Silicio/agua,6.90261,3,417
16,45,5,Silicio/acido sulfurico,0.212648,1,413
16,50,0,Carbono/agua,9,3,468
16,50,1,Carbono/amonia,0.347175,1,327
16,50,2,Carbono/acido sulfurico,9,7,598
16,50,3,Carbono/metano,-4.34294e-07,1,184
16,50,4,Silicio/agua,6.90261,3,490
16,50,5,Silicio/acido sulfurico,0.212648,1,509
16,55,0,Carbono/agua,9,3,544
16,55,1,Carbono/amonia,0.347175,1,381
16,55,2,Carbono/acido sulfurico,9,7,698
16,55,3,Carbono/metano,0.211074,1,203
16,55,4,Silicio/agua,6.90261,3,569
16,55,5,Silicio/acido sulfurico,0.220842,1,616
16,60,0,Carbono/agua,9,3,628
16,60,1,Carbono/amonia,0.347175,1,440
16,60,2,Carbono/acido sulfurico,9,7,806
16,60,3,Carbono/metano,0.211074,1,223
16,60,4,Silicio/agua,6.94819,3,655
16,60,5,Silicio/acido sulfurico,0.364734,1,735
16,65,0,Carbono/agua,9,3,721
16,65,1,Carbono/amonia,0.347175,1,505
16,65,2,Carbono/acido sulfurico,9,7,925
16,65,3,Carbono/metano,0.211074,1,246
16,65,4,Silicio/agua,7.15012,3,752
16,65,5,Silicio/acido sulfurico,0.378695,1,866
16,70,0,Carbono/agua,9,3,823
16,70,1,Carbono/amonia,6.72666,2,577
16,70,2,Carbono/acido sulfurico,9,7,1056
16,70,3,Carbono/metano,0.211074,1,283
16,70,4,Silicio/agua,7.31366,3,861
16,70,5,Silicio/acido sulfurico,0.378695,1,1012
16,75,0,Carbono/agua,9,3,937
16,75,1,Carbono/amonia,6.72666,3,656
16,75,2,Carbono/acido sulfurico,9,7,1202
16,75,3,Carbono/metano,6,2,334
16,75,4,Silicio/agua,7.60063,3,980
16,75,5,Silicio/acido sulfurico,0.378695,1,1173
16,80,0,Carbono/agua,9,3,1062
16,80,1,Carbono/amonia,7.2924,3,743
16,80,2,Carbono/acido sulfurico,9,7,1363
16,80,3,Carbono/metano,7.60976,3,390
16,80,4,Silicio/agua,7.9918,3,1110
16,80,5,Silicio/acido sulfurico,0.598393,1,1350
16,85,0,Carbono/agua,9,3,1200
16,85,1,Carbono/amonia,7.53017,3,838
16,85,2,Carbono/acido sulfurico,9,7,1539
16,85,3,Carbono/metano,8.02105,4,452
16,85,4,Silicio/agua,7.9918,3,1254
16,85,5,Silicio/acido sulfurico,0.598393,1,1546
16,90,0,Carbono/agua,9,3,1354
16,90,1,Carbono/amonia,7.53017,3,943
16,90,2,Carbono/acido sulfurico,9,7,1735
16,90,3,Carbono/metano,8.54062,5,519
16,90,4,Silicio/agua,8.03103,3,1415
16,90,5,Silicio/acido sulfurico,6,2,1760
16,95,0,Carbono/agua,9,3,1523
16,95,1,Carbono/amonia,7.68536,3,1059
16,95,2,Carbono/acido sulfurico,9,7,1952
16,95,3,Carbono/metano,8.54062,5,594
16,95,4,Silicio/agua,8.23278,3,1589
16,95,5,Silicio/acido sulfurico,8.05421,4,1998
16,100,0,Carbono/agua,9,3,1710
16,100,1,Carbono/amonia,7.83779,4,1188
16,100,2,Carbono/acido sulfurico,9,7,2192
16,100,3,Carbono/metano,8.97305,5,677
16,100,4,Silicio/agua,8.54026,5,1784
16,100,5,Silicio/acido sulfurico,9,4,2259
16,105,0,Carbono/agua,9,4,1917
16,105,1,Carbono/amonia,8.26467,4,1329
16,105,2,Carbono/acido sulfurico,9,7,2456
16,105,3,Carbono/metano,9,5,768
16,105,4,Silicio/agua,8.63134,5,2000
16,105,5,Silicio/acido sulfurico,9,4,2548
16,110,0,Carbono/agua,9,5,2144
16,110,1,Carbono/amonia,8.4,5,1485
16,110,2,Carbono/acido sulfurico,9,7,2747
16,110,3,Carbono/metano,9,5,869
16,110,4,Silicio/agua,8.80075,5,2237
16,110,5,Silicio/acido sulfurico,9,4,2867
16,115,0,Carbono/agua,9,5,2395
16,115,1,Carbono/amonia,8.54062,6,1659
16,115,2,Carbono/acido sulfurico,9,7,3068
16,115,3,Carbono/metano,9,5,980
16,115,4,Silicio/agua,9,7,2497
16,115,5,Silicio/acido sulfurico,9,5,3220
16,120,0,Carbono/agua,9,5,2672
16,120,1,Carbono/amonia,9,7,1831
16,120,2,Carbono/acido sulfurico,9,7,3424
16,120,3,Carbono/metano,9,5,1103
16,120,4,Silicio/agua,9,7,2784
16,120,5,Silicio/acido sulfurico,9,5,3611
16,125,0,Carbono/agua,9,5,2978
16,125,1,Carbono/amonia,9,7,1937
16,125,2,Carbono/acido sulfurico,9,7,3817
16,125,3,Carbono/metano,9,5,1239
16,125,4,Silicio/agua,9,7,3101
16,125,5,Silicio/acido sulfurico,9,5,4041
16,130,0,Carbono/agua,9,5,3315
16,130,1,Carbono/amonia,9,7,2054
16,130,2,Carbono/acido sulfurico,9,7,4250
16,130,3,Carbono/metano,9,5,1390
16,130,4,Silicio/agua,9,7,3452
16,130,5,Silicio/acido sulfurico,9,5,4516
16,135,0,Carbono/agua,9,5,3689
16,135,1,Carbono/amonia,9,7,2183
16,135,2,Carbono/acido sulfurico,9,7,4728
16,135,3,Carbono/metano,9,5,1555
16,135,4,Silicio/agua,9,7,3841
16,135,5,Silicio/acido sulfurico,9,5,5039
16,140,0,Carbono/agua,9,5,4100
16,140,1,Carbono/amonia,9,7,2325
16,140,2,Carbono/acido sulfurico,9,7,5255
16,140,3,Carbono/metano,9,5,1738
16,140,4,Silicio/agua,9,7,4268
16,140,5,Silicio/acido sulfurico,9,5,5618
16,145,0,Carbono/agua,9,5,4557
16,145,1,Carbono/amonia,9,7,2547
16,145,2,Carbono/acido sulfurico,9,7,5839
16,145,3,Carbono/metano,9,6,1940
16,145,4,Silicio/agua,9,7,4740
16,145,5,Silicio/acido sulfurico,9,5,6256
16,150,0,Carbono/agua,9,6,5059
16,150,1,Carbono/amonia,9,7,2894
16,150,2,Carbono/acido sulfurico,9,7,6483
16,150,3,Carbono/metano,9,6,2164
16,150,4,Silicio/agua,9,7,5260
16,150,5,Silicio/acido sulfurico,9,5,6961
16,155,0,Carbono/agua,9,7,5614
16,155,1,Carbono/amonia,9,7,3277
16,155,2,Carbono/acido sulfurico,9,7,7194
16,155,3,Carbono/metano,9,6,2409
16,155,4,Silicio/agua,9,7,5836
16,155,5,Silicio/acido sulfurico,9,5,7739
16,160,0,Carbono/agua,9,7,6227
16,160,1,Carbono/amonia,9,7,3701
16,160,2,Carbono/acido sulfurico,9,7,7979
16,160,3,Carbono/metano,9,6,2680
16,160,4,Silicio/agua,9,7,6473
16,160,5,Silicio/acido sulfurico,9,5,8511
16,165,0,Carbono/agua,9,7,6904
16,165,1,Carbono/amonia,9,7,4168
16,165,2,Carbono/acido sulfurico,9,7,8844
16,165,3,Carbono/metano,9,6,2980
16,165,4,Silicio/agua,9,7,7176
16,165,5,Silicio/acido sulfurico,9,5,8986
16,170,0,Carbono/agua,9,7,7652
16,170,1,Carbono/amonia,9,7,4683
16,170,2,Carbono/acido sulfurico,9,7,9801
16,170,3,Carbono/metano,9,6,3310
16,170,4,Silicio/agua,9,7,7951
16,170,5,Silicio/acido sulfurico,9,5,9510
16,175,0,Carbono/agua,9,7,8476
16,175,1,Carbono/amonia,9,7,5237
16,175,2,Carbono/acido sulfurico,9,7,10622
16,175,3,Carbono/metano,9,6,3669
16,175,4,Silicio/agua,9,7,8808
16,175,5,Silicio/acido sulfurico,9,5,10072
16,180,0,Carbono/agua,9,7,9386
16,180,1,Carbono/amonia,9,7,5792
16,180,2,Carbono/acido sulfurico,9,7,11137
16,180,3,Carbono/metano,9,7,4026
16,180,4,Silicio/agua,9,7,9752
16,180,5,Silicio/acido sulfurico,9,5,10636
16,185,0,Carbono/agua,9,7,10391
16,185,1,Carbono/amonia,9,7,6347
16,185,2,Carbono/acido sulfurico,9,7,11651
16,185,3,Carbono/metano,9,7,4383
16,185,4,Silicio/agua,9,7,10797
16,185,5,Silicio/acido sulfurico,9,5,11426
16,190,0,Carbono/agua,9,8,11499
16,190,1,Carbono/amonia,9,7,6902
16,190,2,Carbono/acido sulfurico,9,7,12166
16,190,3,Carbono/metano,9,7,4739
16,190,4,Silicio/agua,9,7,11951
16,190,5,Silicio/acido sulfurico,9,5,12556
16,195,0,Carbono/agua,9,8,12724
16,195,1,Carbono/amonia,9,7,7457
16,195,2,Carbono/acido sulfurico,9,7,12681
16,195,3,Carbono/metano,9,7,5096
16,195,4,Silicio/agua,9,7,13223
16,195,5,Silicio/acido sulfurico,9,5,13686
16,200,0,Carbono/agua,9,8,14077
16,200,1,Carbono/amonia,9,7,8014
16,200,2,Carbono/acido sulfurico,9,7,13505
16,200,3,Carbono/metano,9,7,5454
16,200,4,Silicio/agua,9,7,14627
16,200,5,Silicio/acido sulfurico,9,5,14814
16,205,0,Carbono/agua,9,8,15570
16,205,1,Carbono/amonia,9,7,8569
16,205,2,Carbono/acido sulfurico,9,7,14535
16,205,3,Carbono/metano,9,7,5810
16,205,4,Silicio/agua,9,7,16177
16,205,5,Silicio/acido sulfurico,9,5,15944
16,210,0,Carbono/agua,9,8,17219
16,210,1,Carbono/amonia,9,7,9124
16,210,2,Carbono/acido sulfurico,9,5,15359
16,210,3,Carbono/metano,9,7,6166
16,210,4,Silicio/agua,9,7,17889
16,210,5,Silicio/acido sulfurico,9,5,17073
16,215,0,Carbono/agua,9,8,19041
16,215,1,Carbono/amonia,9,7,9681
16,215,2,Carbono/acido sulfurico,9,5,15874
16,215,3,Carbono/metano,9,7,6525
16,215,4,Silicio/agua,9,7,19778
16,215,5,Silicio/acido sulfurico,9,5,18202
16,220,0,Carbono/agua,9,8,21052
16,220,1,Carbono/amonia,9,7,10238
16,220,2,Carbono/acido sulfurico,9,5,16389
16,220,3,Carbono/metano,9,7,6881
16,220,4,Silicio/agua,9,7,21865
16,220,5,Silicio/acido sulfurico,9,5,19331
16,225,0,Carbono/agua,9,6,23041
16,225,1,Carbono/amonia,9,7,10794
16,225,2,Carbono/acido sulfurico,9,5,16904
16,225,3,Carbono/metano,9,7,7238
16,225,4,Silicio/agua,9,7,24170
16,225,5,Silicio/acido sulfurico,9,5,20461
16,230,0,Carbono/agua,9,7,24267
16,230,1,Carbono/amonia,9,7,11349
16,230,2,Carbono/acido sulfurico,9,5,17419
16,230,3,Carbono/metano,9,7,7595
16,230,4,Silicio/agua,9,7,26713
16,230,5,Silicio/acido sulfurico,9,5,21589
16,235,0,Carbono/agua,9,7,25596
16,235,1,Carbono/amonia,9,7,11905
16,235,2,Carbono/acido sulfurico,9,5,18242
16,235,3,Carbono/metano,9,7,7952
16,235,4,Silicio/agua,9,7,29473
16,235,5,Silicio/acido sulfurico,9,5,22717
16,240,0,Carbono/agua,9,7,26936
16,240,1,Carbono/amonia,9,7,12460
16,240,2,Carbono/acido sulfurico,9,7,19272
16,240,3,Carbono/metano,9,7,8309
16,240,4,Silicio/agua,9,7,32255
16,240,5,Silicio/acido sulfurico,9,5,23846
16,245,0,Carbono/agua,9,7,28277
16,245,1,Carbono/amonia,9,7,13015
16,245,2,Carbono/acido sulfurico,9,7,20299
16,245,3,Carbono/metano,9,7,8667
16,245,4,Silicio/agua,9,7,35037
16,245,5,Silicio/acido sulfurico,9,5,24976
16,250,0,Carbono/agua,9,8,30154
16,250,1,Carbono/amonia,9,7,13570
16,250,2,Carbono/acido sulfurico,9,7,21327
16,250,3,Carbono/metano,9,7,9024
16,250,4,Silicio/agua,9,7,37819
16,250,5,Silicio/acido sulfurico,9,6,26106
16,255,0,Carbono/agua,9,9,32835
16,255,1,Carbono/amonia,9,7,14125
16,255,2,Carbono/acido sulfurico,9,7,22357
16,255,3,Carbono/metano,9,7,9381
16,255,4,Silicio/agua,9,7,40604
16,255,5,Silicio/acido sulfurico,9,7,27234
16,260,0,Carbono/agua,9,9,35516
16,260,1,Carbono/amonia,9,7,14680
16,260,2,Carbono/acido sulfurico,9,7,23387
16,260,3,Carbono/metano,9,7,9739
16,260,4,Silicio/agua,9,7,43387
16,260,5,Silicio/acido sulfurico,9,7,28362
16,265,0,Carbono/agua,9,9,38196
16,265,1,Carbono/amonia,9,7,15236
16,265,2,Carbono/acido sulfurico,9,7,24416
16,265,3,Carbono/metano,9,7,10097
16,265,4,Silicio/agua,9,7,46171
16,265,5,Silicio/acido sulfurico,9,7,29491
16,270,0,Carbono/agua,9,9,40878
16,270,1,Carbono/amonia,9,7,15792
16,270,2,Carbono/acido sulfurico,9,7,25444
16,270,3,Carbono/metano,9,7,10453
16,270,4,Silicio/agua,9,7,48955
16,270,5,Silicio/acido sulfurico,9,7,30621
16,275,0,Carbono/agua,9,9,43558
16,275,1,Carbono/amonia,9,7,16347
16,275,2,Carbono/acido sulfurico,9,7,26474
16,275,3,Carbono/metano,9,7,10810
16,275,4,Silicio/agua,9,7,51739
16,275,5,Silicio/acido sulfurico,9,7,31412
16,280,0,Carbono/agua,9,9,46239
16,280,1,Carbono/amonia,9,7,16902
16,280,2,Carbono/acido sulfurico,9,7,27504
16,280,3,Carbono/metano,9,7,11168
16,280,4,Silicio/agua,9,7,54523
16,280,5,Silicio/acido sulfurico,9,7,31976
16,285,0,Carbono/agua,9,9,48919
16,285,1,Carbono/amonia,9,7,17460
16,285,2,Carbono/acido sulfurico,9,7,28534
16,285,3,Carbono/metano,9,7,11525
16,285,4,Silicio/agua,9,7,57308
16,285,5,Silicio/acido sulfurico,9,7,32540
16,290,0,Carbono/agua,9,9,51600
16,290,1,Carbono/amonia,9,7,18016
16,290,2,Carbono/acido sulfurico,9,7,29564
16,290,3,Carbono/metano,9,7,11880
16,290,4,Silicio/agua,9,7,60092
16,290,5,Silicio/acido sulfurico,9,7,33104
16,295,0,Carbono/agua,9,9,54280
16,295,1,Carbono/amonia,9,7,18571
16,295,2,Carbono/acido sulfurico,9,7,30594
16,295,3,Carbono/metano,9,7,12236
16,295,4,Silicio/agua,9,7,62875
16,295,5,Silicio/acido sulfurico,9,7,33669
16,300,0,Carbono/agua,9,9,56961
16,300,1,Carbono/amonia,9,7,19127
16,300,2,Carbono/acido sulfurico,9,7,31623
16,300,3,Carbono/metano,9,7,12594
16,300,4,Silicio/agua,9,7,65658
16,300,5,Silicio/acido sulfurico,9,7,34685
17,0,0,Carbono/agua,-0.510018,1,6
17,0,1,Carbono/amonia,nan,0,4
17,0,2,Carbono/acido sulfurico,nan,0,7
17,0,3,Carbono/metano,nan,0,2
17,0,4,Silicio/agua,-0.193407,1,5
17,0,5,Silicio/acido sulfurico,-0.204854,1,7
17,5,0,Carbono/agua,-0.150515,1,35
17,5,1,Carbono/amonia,-0.0839967,1,23
17,5,2,Carbono/acido sulfurico,-0.195922,1,43
17,5,3,Carbono/metano,-0.221578,1,15
17,5,4,Silicio/agua,-0.193407,1,26
17,5,5,Silicio/acido sulfurico,-0.125944,1,46
17,10,0,Carbono/agua,-0.150515,1,67
17,10,1,Carbono/amonia,0.0197554,1,44
17,10,2,Carbono/acido sulfurico,-0.0785348,1,83
17,10,3,Carbono/metano,-0.0166909,1,30
17,10,4,Silicio/agua,-0.190852,1,42
17,10,5,Silicio/acido sulfurico,0.0421894,1,90
17,15,0,Carbono/agua,-0.0702001,1,88
17,15,1,Carbono/amonia,0.0197554,1,68
17,15,2,Carbono/acido sulfurico,0.38618,1,127
17,15,3,Carbono/metano,0.0599565,1,45
17,15,4,Silicio/agua,-0.183094,1,60
17,15,5,Silicio/acido sulfurico,0.152449,1,138
17,20,0,Carbono/agua,-0.0702001,1,108
17,20,1,Carbono/amonia,0.042297,1,96
17,20,2,Carbono/acido sulfurico,6.61438,3,175
17,20,3,Carbono/metano,0.0599565,1,61
17,20,4,Silicio/agua,-0.183094,1,81
17,20,5,Silicio/acido sulfurico,0.1661,1,192
17,25,0,Carbono/agua,-0.0702001,1,129
17,25,1,Carbono/amonia,0.0926016,1,125
17,25,2,Carbono/acido sulfurico,7.84117,4,228
17,25,3,Carbono/metano,0.195004,1,79
17,25,4,Silicio/agua,-0.179935,1,103
17,25,5,Silicio/acido sulfurico,0.380315,1,252
17,30,0,Carbono/agua,-0.0702001,1,153
17,30,1,Carbono/amonia,0.0926016,1,158
17,30,2,Carbono/acido sulfurico,7.84117,4,287
17,30,3,Carbono/metano,0.195004,1,100
17,30,4,Silicio/agua,-0.113471,1,145
17,30,5,Silicio/acido sulfurico,7.44339,2,317
17,35,0,Carbono/agua,0.00405006,1,178
17,35,1,Carbono/amonia,0.326903,1,194
17,35,2,Carbono/acido sulfurico,7.84117,5,353
17,35,3,Carbono/metano,0.211592,1,121
17,35,4,Silicio/agua,-0.113471,1,198
17,35,5,Silicio/acido sulfurico,7.44339,3,390
17,40,0,Carbono/agua,0.00405006,1,234
17,40,1,Carbono/amonia,0.326903,1,234
17,40,2,Carbono/acido sulfurico,7.84117,5,425
17,40,3,Carbono/metano,0.456832,1,149
17,40,4,Silicio/agua,0.118814,1,257
17,40,5,Silicio/acido sulfurico,8.19499,3,470
17,45,0,Carbono/agua,0.0442099,1,296
17,45,1,Carbono/amonia,0.326903,1,276
17,45,2,Carbono/acido sulfurico,9,5,506
17,45,3,Carbono/metano,0.456832,1,179
17,45,4,Silicio/agua,0.118814,1,323
17,45,5,Silicio/acido sulfurico,8.58065,3,559
17,50,0,Carbono/agua,0.159055,1,365
17,50,1,Carbono/amonia,6.66294,4,324
17,50,2,Carbono/acido sulfurico,9,5,594
17,50,3,Carbono/metano,0.456832,1,211
17,50,4,Silicio/agua,0.140949,1,394
17,50,5,Silicio/acido sulfurico,8.97114,3,656
17,55,0,Carbono/agua,0.159055,1,442
17,55,1,Carbono/amonia,6.66294,4,377
17,55,2,Carbono/acido sulfurico,9,5,692
17,55,3,Carbono/metano,0.456832,1,244
17,55,4,Silicio/agua,0.140949,1,473
17,55,5,Silicio/acido sulfurico,9,3,764
17,60,0,Carbono/agua,0.159055,1,526
17,60,1,Carbono/amonia,6.66294,4,434
17,60,2,Carbono/acido sulfurico,9,5,801
17,60,3,Carbono/metano,0.456832,1,282
17,60,4,Silicio/agua,0.140949,1,561
17,60,5,Silicio/acido sulfurico,9,3,883
17,65,0,Carbono/agua,6,2,618
17,65,1,Carbono/amonia,7.09496,5,498
17,65,2,Carbono/acido sulfurico,9,5,921
17,65,3,Carbono/metano,0.456832,1,326
17,65,4,Silicio/agua,0.140949,1,657
17,65,5,Silicio/acido sulfurico,9,3,1014
17,70,0,Carbono/agua,6.99411,4,721
17,70,1,Carbono/amonia,7.09496,5,570
17,70,2,Carbono/acido sulfurico,9,5,1053
17,70,3,Carbono/metano,8.28938,2,372
17,70,4,Silicio/agua,0.353056,1,763
17,70,5,Silicio/acido sulfurico,9,3,1158
17,75,0,Carbono/agua,9,5,835
17,75,1,Carbono/amonia,7.38817,5,650
17,75,2,Carbono/acido sulfurico,9,5,1199
17,75,3,Carbono/metano,8.28938,2,423
17,75,4,Silicio/agua,0.353056,1,881
17,75,5,Silicio/acido sulfurico,9,3,1318
17,80,0,Carbono/agua,9,5,961
17,80,1,Carbono/amonia,7.6958,5,735
17,80,2,Carbono/acido sulfurico,9,5,1360
17,80,3,Carbono/metano,8.28938,2,479
17,80,4,Silicio/agua,0.353056,1,1012
17,80,5,Silicio/acido sulfurico,9,3,1494
17,85,0,Carbono/agua,9,5,1100
17,85,1,Carbono/amonia,8.44672,5,830
17,85,2,Carbono/acido sulfurico,9,5,1537
17,85,3,Carbono/metano,8.28938,2,539
17,85,4,Silicio/agua,0.353056,1,1157
17,85,5,Silicio/acido sulfurico,9,4,1688
17,90,0,Carbono/agua,9,5,1254
17,90,1,Carbono/amonia,8.66297,5,936
17,90,2,Carbono/acido sulfurico,9,5,1732
17,90,3,Carbono/metano,8.28938,2,609
17,90,4,Silicio/agua,0.425681,1,1316
17,90,5,Silicio/acido sulfurico,9,4,1904
17,95,0,Carbono/agua,9,5,1423
17,95,1,Carbono/amonia,8.95044,5,1052
17,95,2,Carbono/acido sulfurico,9,5,1947
17,95,3,Carbono/metano,8.28938,2,684
17,95,4,Silicio/agua,0.936325,1,1491
17,95,5,Silicio/acido sulfurico,9,5,2142
17,100,0,Carbono/agua,9,5,1609
17,100,1,Carbono/amonia,9,5,1182
17,100,2,Carbono/acido sulfurico,9,5,2187
17,100,3,Carbono/metano,8.28938,2,767
17,100,4,Silicio/agua,0.936325,1,1685
17,100,5,Silicio/acido sulfurico,9,5,2404
17,105,0,Carbono/agua,9,5,1814
17,105,1,Carbono/amonia,9,5,1324
17,105,2,Carbono/acido sulfurico,9,5,2451
17,105,3,Carbono/metano,8.28938,3,857
17,105,4,Silicio/agua,7.15073,3,1901
17,105,5,Silicio/acido sulfurico,9,5,2692
17,110,0,Carbono/agua,9,5,2041
17,110,1,Carbono/amonia,9,6,1482
17,110,2,Carbono/acido sulfurico,9,5,2742
17,110,3,Carbono/metano,8.28938,4,958
17,110,4,Silicio/agua,8.60381,5,2138
17,110,5,Silicio/acido sulfurico,9,5,3012
17,115,0,Carbono/agua,9,5,2292
17,115,1,Carbono/amonia,9,6,1657
17,115,2,Carbono/acido sulfurico,9,5,3064
17,115,3,Carbono/metano,8.28938,4,1070
17,115,4,Silicio/agua,9,5,2399
17,115,5,Silicio/acido sulfurico,9,5,3364
17,120,0,Carbono/agua,9,5,2571
17,120,1,Carbono/amonia,9,6,1849
17,120,2,Carbono/acido sulfurico,9,5,3419
17,120,3,Carbono/metano,8.28938,4,1195
17,120,4,Silicio/agua,9,5,2688
17,120,5,Silicio/acido sulfurico,9,5,3754
17,125,0,Carbono/agua,9,5,2876
17,125,1,Carbono/amonia,9,6,2060
17,125,2,Carbono/acido sulfurico,9,5,3811
17,125,3,Carbono/metano,8.28938,4,1330
17,125,4,Silicio/agua,9,5,3005
17,125,5,Silicio/acido sulfurico,9,5,4186
17,130,0,Carbono/agua,9,5,3111
17,130,1,Carbono/amonia,9,6,2293
17,130,2,Carbono/acido sulfurico,9,5,4070
17,130,3,Carbono/metano,8.28938,4,1479
17,130,4,Silicio/agua,9,5,3356
17,130,5,Silicio/acido sulfurico,9,5,4660
17,135,0,Carbono/agua,9,5,3298
17,135,1,Carbono/amonia,9,6,2551
17,135,2,Carbono/acido sulfurico,9,5,4308
17,135,3,Carbono/metano,8.28938,4,1644
17,135,4,Silicio/agua,9,5,3745
17,135,5,Silicio/acido sulfurico,9,5,5184
17,140,0,Carbono/agua,9,5,3505
17,140,1,Carbono/amonia,9,7,2836
17,140,2,Carbono/acido sulfurico,9,5,4572
17,140,3,Carbono/metano,8.28938,5,1826
17,140,4,Silicio/agua,9,5,4174
17,140,5,Silicio/acido sulfurico,9,5,5763
17,145,0,Carbono/agua,9,5,3732
17,145,1,Carbono/amonia,9,7,3151
17,145,2,Carbono/acido sulfurico,9,5,4864
17,145,3,Carbono/metano,8.28938,5,2028
17,145,4,Silicio/agua,9,5,4647
17,145,5,Silicio/acido sulfurico,9,5,6401
17,150,0,Carbono/agua,9,5,3984
17,150,1,Carbono/amonia,9,7,3498
17,150,2,Carbono/acido sulfurico,9,7,5185
17,150,3,Carbono/metano,8.28938,6,2250
17,150,4,Silicio/agua,9,5,5168
17,150,5,Silicio/acido sulfurico,9,5,7106
17,155,0,Carbono/agua,9,5,4485
17,155,1,Carbono/amonia,9,7,3882
17,155,2,Carbono/acido sulfurico,9,7,5609
17,155,3,Carbono/metano,8.28938,7,2496
17,155,4,Silicio/agua,9,7,5745
17,155,5,Silicio/acido sulfurico,9,5,7886
17,160,0,Carbono/agua,9,5,5097
17,160,1,Carbono/amonia,9,7,4306
17,160,2,Carbono/acido sulfurico,9,7,6000
17,160,3,Carbono/metano,8.28938,7,2769
17,160,4,Silicio/agua,9,7,6382
17,160,5,Silicio/acido sulfurico,9,5,8748
17,165,0,Carbono/agua,9,5,5773
17,165,1,Carbono/amonia,9,7,4773
17,165,2,Carbono/acido sulfurico,9,7,6434
17,165,3,Carbono/metano,8.28938,7,3070
17,165,4,Silicio/agua,9,7,7084
17,165,5,Silicio/acido sulfurico,9,5,9699
17,170,0,Carbono/agua,9,5,6520
17,170,1,Carbono/amonia,9,7,5289
17,170,2,Carbono/acido sulfurico,9,7,6911
17,170,3,Carbono/metano,8.54062,7,3400
17,170,4,Silicio/agua,9,7,7859
17,170,5,Silicio/acido sulfurico,9,5,10746
17,175,0,Carbono/agua,9,5,7346
17,175,1,Carbono/amonia,9,7,5842
17,175,2,Carbono/acido sulfurico,9,7,7424
17,175,3,Carbono/metano,9,7,3757
17,175,4,Silicio/agua,9,7,8716
17,175,5,Silicio/acido sulfurico,9,5,11872
17,180,0,Carbono/agua,9,5,8257
17,180,1,Carbono/amonia,9,7,6398
17,180,2,Carbono/acido sulfurico,9,7,8454
17,180,3,Carbono/metano,9,7,4113
17,180,4,Silicio/agua,9,7,9660
17,180,5,Silicio/acido sulfurico,9,5,13001
17,185,0,Carbono/agua,9,5,9262
17,185,1,Carbono/amonia,9,7,6955
17,185,2,Carbono/acido sulfurico,9,7,9484
17,185,3,Carbono/metano,9,7,4469
17,185,4,Silicio/agua,9,7,10702
17,185,5,Silicio/acido sulfurico,9,6,14130
17,190,0,Carbono/agua,9,5,10372
17,190,1,Carbono/amonia,9,7,7510
17,190,2,Carbono/acido sulfurico,9,7,10514
17,190,3,Carbono/metano,9,7,4825
17,190,4,Silicio/agua,9,7,11854
17,190,5,Silicio/acido sulfurico,9,6,15259
17,195,0,Carbono/agua,9,5,11597
17,195,1,Carbono/amonia,9,7,8065
17,195,2,Carbono/acido sulfurico,9,7,11544
17,195,3,Carbono/metano,9,7,5183
17,195,4,Silicio/agua,9,7,13126
17,195,5,Silicio/acido sulfurico,9,7,16389
17,200,0,Carbono/agua,9,5,12951
17,200,1,Carbono/amonia,9,7,8621
17,200,2,Carbono/acido sulfurico,9,7,12574
17,200,3,Carbono/metano,9,6,5432
17,200,4,Silicio/agua,9,7,14529
17,200,5,Silicio/acido sulfurico,9,7,17518
17,205,0,Carbono/agua,9,7,14446
17,205,1,Carbono/amonia,9,7,9176
17,205,2,Carbono/acido sulfurico,9,7,13604
17,205,3,Carbono/metano,9,6,5610
17,205,4,Silicio/agua,9,7,16080
17,205,5,Silicio/acido sulfurico,9,7,18647
17,210,0,Carbono/agua,9,7,16095
17,210,1,Carbono/amonia,9,7,9731
17,210,2,Carbono/acido sulfurico,9,7,14634
17,210,3,Carbono/metano,9,6,5789
17,210,4,Silicio/agua,9,7,17793
17,210,5,Silicio/acido sulfurico,9,7,19777
17,215,0,Carbono/agua,9,7,17916
17,215,1,Carbono/amonia,9,7,10286
17,215,2,Carbono/acido sulfurico,9,7,15664
17,215,3,Carbono/metano,9,6,5968
17,215,4,Silicio/agua,9,7,19685
17,215,5,Silicio/acido sulfurico,9,7,20905
17,220,0,Carbono/agua,9,7,19926
17,220,1,Carbono/amonia,9,7,10841
17,220,2,Carbono/acido sulfurico,9,7,16694
17,220,3,Carbono/metano,9,7,6146
17,220,4,Silicio/agua,9,7,21774
17,220,5,Silicio/acido sulfurico,9,7,22035
17,225,0,Carbono/agua,9,7,22146
17,225,1,Carbono/amonia,9,7,11396
17,225,2,Carbono/acido sulfurico,9,7,17724
17,225,3,Carbono/metano,9,7,6466
17,225,4,Silicio/agua,9,7,24079
17,225,5,Silicio/acido sulfurico,9,7,23164
17,230,0,Carbono/agua,9,7,24596
17,230,1,Carbono/amonia,9,7,11951
17,230,2,Carbono/acido sulfurico,9,7,18754
17,230,3,Carbono/metano,9,7,6822
17,230,4,Silicio/agua,9,7,26624
17,230,5,Silicio/acido sulfurico,9,7,24291
17,235,0,Carbono/agua,9,7,27254
17,235,1,Carbono/amonia,9,7,12507
17,235,2,Carbono/acido sulfurico,9,7,19783
17,235,3,Carbono/metano,9,7,7178
17,235,4,Silicio/agua,9,7,29385
17,235,5,Silicio/acido sulfurico,9,7,25420
17,240,0,Carbono/agua,9,7,29934
17,240,1,Carbono/amonia,9,7,13063
17,240,2,Carbono/acido sulfurico,9,7,20813
17,240,3,Carbono/metano,9,7,7534
17,240,4,Silicio/agua,9,7,32170
17,240,5,Silicio/acido sulfurico,9,7,26550
17,245,0,Carbono/agua,9,7,32615
17,245,1,Carbono/amonia,9,7,13618
17,245,2,Carbono/acido sulfurico,9,7,21841
17,245,3,Carbono/metano,9,7,7891
17,245,4,Silicio/agua,9,7,34954
17,245,5,Silicio/acido sulfurico,9,7,27680
17,250,0,Carbono/agua,9,7,35295
17,250,1,Carbono/amonia,9,7,14175
17,250,2,Carbono/acido sulfurico,9,7,22871
17,250,3,Carbono/metano,9,7,8250
17,250,4,Silicio/agua,9,7,37737
17,250,5,Silicio/acido sulfurico,9,7,28809
17,255,0,Carbono/agua,9,7,37976
17,255,1,Carbono/amonia,9,7,14731
17,255,2,Carbono/acido sulfurico,9,7,23901
17,255,3,Carbono/metano,9,7,8605
17,255,4,Silicio/agua,9,8,40519
17,255,5,Silicio/acido sulfurico,9,7,29938
17,260,0,Carbono/agua,9,7,40656
17,260,1,Carbono/amonia,9,7,15287
17,260,2,Carbono/acido sulfurico,9,7,24931
17,260,3,Carbono/metano,9,7,8962
17,260,4,Silicio/agua,9,8,43302
17,260,5,Silicio/acido sulfurico,9,7,31068
17,265,0,Carbono/agua,9,7,43337
17,265,1,Carbono/amonia,9,7,15842
17,265,2,Carbono/acido sulfurico,9,6,25549
17,265,3,Carbono/metano,9,7,9319
17,265,4,Silicio/agua,9,8,46086
17,265,5,Silicio/acido sulfurico,9,7,32198
17,270,0,Carbono/agua,9,7,46018
17,270,1,Carbono/amonia,9,7,16398
17,270,2,Carbono/acido sulfurico,9,7,26064
17,270,3,Carbono/metano,9,7,9677
17,270,4,Silicio/agua,9,8,48870
17,270,5,Silicio/acido sulfurico,9,7,33324
17,275,0,Carbono/agua,9,7,48699
17,275,1,Carbono/amonia,9,7,16954
17,275,2,Carbono/acido sulfurico,9,7,26579
17,275,3,Carbono/metano,9,7,10034
17,275,4,Silicio/agua,9,8,51652
17,275,5,Silicio/acido sulfurico,9,7,34453
17,280,0,Carbono/agua,9,7,51379
17,280,1,Carbono/amonia,9,7,17509
17,280,2,Carbono/acido sulfurico,9,7,27094
17,280,3,Carbono/metano,9,7,10391
17,280,4,Silicio/agua,9,8,54434
17,280,5,Silicio/acido sulfurico,9,7,35583
17,285,0,Carbono/agua,9,7,54060
17,285,1,Carbono/amonia,9,8,18064
17,285,2,Carbono/acido sulfurico,9,7,27609
17,285,3,Carbono/metano,9,7,10747
17,285,4,Silicio/agua,9,8,57217
17,285,5,Silicio/acido sulfurico,9,7,36712
17,290,0,Carbono/agua,9,7,56741
17,290,1,Carbono/amonia,9,8,18619
17,290,2,Carbono/acido sulfurico,9,7,28638
17,290,3,Carbono/metano,9,7,11102
17,290,4,Silicio/agua,9,8,60001
17,290,5,Silicio/acido sulfurico,9,7,37841
17,295,0,Carbono/agua,9,7,59421
17,295,1,Carbono/amonia,9,8,19176
17,295,2,Carbono/acido sulfurico,9,7,29668
17,295,3,Carbono/metano,9,7,11459
17,295,4,Silicio/agua,9,8,62784
17,295,5,Silicio/acido sulfurico,9,7,38968
17,300,0,Carbono/agua,9,7,62102
17,300,1,Carbono/amonia,9,8,19731
17,300,2,Carbono/acido sulfurico,9,7,30697
17,300,3,Carbono/metano,9,7,11816
17,300,4,Silicio/agua,9,8,65568
17,300,5,Silicio/acido sulfurico,9,7,40097
18,0,0,Carbono/agua,nan,0,5
18,0,1,Carbono/amonia,nan,0,4
18,0,2,Carbono/acido sulfurico,nan,0,6
18,0,3,Carbono/metano,nan,0,3
18,0,4,Silicio/agua,nan,0,5
18,0,5,Silicio/acido sulfurico,-0.0198302,1,7
18,5,0,Carbono/agua,6,2,35
18,5,1,Carbono/amonia,-0.086336,1,24
18,5,2,Carbono/acido sulfurico,8.67385,4,41
18,5,3,Carbono/metano,0.100395,1,17
18,5,4,Silicio/agua,-0.30103,1,34
18,5,5,Silicio/acido sulfurico,6.52903,2,47
18,10,0,Carbono/agua,7.0681,3,66
18,10,1,Carbono/amonia,-0.0444652,1,46
18,10,2,Carbono/acido sulfurico,8.67385,5,80
18,10,3,Carbono/metano,0.100395,1,31
18,10,4,Silicio/agua,-0.0469697,1,67
18,10,5,Silicio/acido sulfurico,6.52903,2,91
18,15,0,Carbono/agua,7.0681,3,102
18,15,1,Carbono/amonia,0.02476,1,71
18,15,2,Carbono/acido sulfurico,8.67385,5,125
18,15,3,Carbono/metano,0.397075,1,46
18,15,4,Silicio/agua,-0.0469697,1,102
18,15,5,Silicio/acido sulfurico,6.52903,2,139
18,20,0,Carbono/agua,7.14152,3,140
18,20,1,Carbono/amonia,0.210314,1,97
18,20,2,Carbono/acido sulfurico,9,5,175
18,20,3,Carbono/metano,0.397075,1,63
18,20,4,Silicio/agua,0.0730519,1,141
18,20,5,Silicio/acido sulfurico,7.83966,2,194
18,25,0,Carbono/agua,7.58338,3,182
18,25,1,Carbono/amonia,7.73078,2,125
18,25,2,Carbono/acido sulfurico,9,5,228
18,25,3,Carbono/metano,0.397075,1,80
18,25,4,Silicio/agua,0.160679,1,185
18,25,5,Silicio/acido sulfurico,7.83966,2,254
18,30,0,Carbono/agua,7.58338,3,229
18,30,1,Carbono/amonia,7.73078,3,156
18,30,2,Carbono/acido sulfurico,9,5,288
18,30,3,Carbono/metano,0.397075,1,101
18,30,4,Silicio/agua,7.84117,4,233
18,30,5,Silicio/acido sulfurico,7.83966,2,320
18,35,0,Carbono/agua,7.58338,3,281
18,35,1,Carbono/amonia,8.21384,3,191
18,35,2,Carbono/acido sulfurico,9,5,355
18,35,3,Carbono/metano,6.51437,2,123
18,35,4,Silicio/agua,7.84117,4,288
18,35,5,Silicio/acido sulfurico,7.83966,2,393
18,40,0,Carbono/agua,7.70969,3,336
18,40,1,Carbono/amonia,8.21384,3,231
18,40,2,Carbono/acido sulfurico,9,5,427
18,40,3,Carbono/metano,6.51437,2,149
18,40,4,Silicio/agua,8.64974,4,346
18,40,5,Silicio/acido sulfurico,7.83966,2,473
18,45,0,Carbono/agua,7.70969,3,398
18,45,1,Carbono/amonia,8.64974,4,275
18,45,2,Carbono/acido sulfurico,9,5,507
18,45,3,Carbono/metano,7.12299,3,177
18,45,4,Silicio/agua,8.64974,6,412
18,45,5,Silicio/acido sulfurico,7.83966,2,560
18,50,0,Carbono/agua,8.11052,3,467
18,50,1,Carbono/amonia,9,4,324
18,50,2,Carbono/acido sulfurico,9,5,597
18,50,3,Carbono/metano,7.12299,3,207
18,50,4,Silicio/agua,8.64974,7,485
18,50,5,Silicio/acido sulfurico,7.83966,2,658
18,55,0,Carbono/agua,8.11052,3,543
18,55,1,Carbono/amonia,9,4,378
18,55,2,Carbono/acido sulfurico,9,5,694
18,55,3,Carbono/metano,7.15487,3,240
18,55,4,Silicio/agua,9,7,564
18,55,5,Silicio/acido sulfurico,8.02781,2,766
18,60,0,Carbono/agua,8.11052,3,626
18,60,1,Carbono/amonia,9,5,437
18,60,2,Carbono/acido sulfurico,9,5,802
18,60,3,Carbono/metano,7.15487,3,277
18,60,4,Silicio/agua,9,7,651
18,60,5,Silicio/acido sulfurico,8.02781,2,884
18,65,0,Carbono/agua,8.11052,3,720
18,65,1,Carbono/amonia,9,5,503
18,65,2,Carbono/acido sulfurico,9,5,920
18,65,3,Carbono/metano,7.64576,3,318
18,65,4,Silicio/agua,9,7,747
18,65,5,Silicio/acido sulfurico,8.02781,2,1013
18,70,0,Carbono/agua,8.11052,3,825
18,70,1,Carbono/amonia,9,5,574
18,70,2,Carbono/acido sulfurico,9,5,1051
18,70,3,Carbono/metano,7.64576,3,365
18,70,4,Silicio/agua,9,7,854
18,70,5,Silicio/acido sulfurico,8.02781,2,1157
18,75,0,Carbono/agua,8.11052,3,939
18,75,1,Carbono/amonia,9,5,653
18,75,2,Carbono/acido sulfurico,9,5,1195
18,75,3,Carbono/metano,8.42871,3,416
18,75,4,Silicio/agua,9,7,973
18,75,5,Silicio/acido sulfurico,8.02781,3,1317
18,80,0,Carbono/agua,8.11052,3,1065
18,80,1,Carbono/amonia,9,5,740
18,80,2,Carbono/acido sulfurico,9,5,1355
18,80,3,Carbono/metano,8.42871,3,471
18,80,4,Silicio/agua,9,7,1105
18,80,5,Silicio/acido sulfurico,8.02781,3,1493
18,85,0,Carbono/agua,8.11052,3,1204
18,85,1,Carbono/amonia,9,5,835
18,85,2,Carbono/acido sulfurico,9,5,1533
18,85,3,Carbono/metano,8.42871,3,531
18,85,4,Silicio/agua,9,7,1249
18,85,5,Silicio/acido sulfurico,8.02781,3,1688
18,90,0,Carbono/agua,8.21851,3,1356
18,90,1,Carbono/amonia,9,6,942
18,90,2,Carbono/acido sulfurico,9,5,1729
18,90,3,Carbono/metano,8.42871,3,599
18,90,4,Silicio/agua,9,7,1407
18,90,5,Silicio/acido sulfurico,8.02781,3,1904
18,95,0,Carbono/agua,8.21851,3,1524
18,95,1,Carbono/amonia,9,6,1060
18,95,2,Carbono/acido sulfurico,9,5,1945
18,95,3,Carbono/metano,8.42871,3,674
18,95,4,Silicio/agua,9,7,1582
18,95,5,Silicio/acido sulfurico,8.02781,3,2141
18,100,0,Carbono/agua,8.76935,3,1711
18,100,1,Carbono/amonia,9,6,1190
18,100,2,Carbono/acido sulfurico,9,4,2111
18,100,3,Carbono/metano,8.47183,3,756
18,100,4,Silicio/agua,9,7,1775
18,100,5,Silicio/acido sulfurico,8.02781,3,2403
18,105,0,Carbono/agua,8.89636,3,1918
18,105,1,Carbono/amonia,9,6,1332
18,105,2,Carbono/acido sulfurico,9,4,2245
18,105,3,Carbono/metano,9,3,848
18,105,4,Silicio/agua,9,8,1990
18,105,5,Silicio/acido sulfurico,8.02781,3,2692
18,110,0,Carbono/agua,8.94943,3,2145
18,110,1,Carbono/amonia,9,6,1489
18,110,2,Carbono/acido sulfurico,9,4,2391
18,110,3,Carbono/metano,9,3,949
18,110,4,Silicio/agua,9,8,2229
18,110,5,Silicio/acido sulfurico,8.02781,3,3012
18,115,0,Carbono/agua,9,3,2396
18,115,1,Carbono/amonia,9,6,1663
18,115,2,Carbono/acido sulfurico,9,4,2551
18,115,3,Carbono/metano,9,3,1061
18,115,4,Silicio/agua,9,8,2490
18,115,5,Silicio/acido sulfurico,9,3,3365
18,120,0,Carbono/agua,9,3,2674
18,120,1,Carbono/amonia,9,6,1855
18,120,2,Carbono/acido sulfurico,9,4,2730
18,120,3,Carbono/metano,9,3,1184
18,120,4,Silicio/agua,9,8,2780
18,120,5,Silicio/acido sulfurico,9,3,3754
18,125,0,Carbono/agua,9,3,2827
18,125,1,Carbono/amonia,9,6,2066
18,125,2,Carbono/acido sulfurico,9,5,3082
18,125,3,Carbono/metano,9,5,1322
18,125,4,Silicio/agua,9,8,3098
18,125,5,Silicio/acido sulfurico,9,3,4185
18,130,0,Carbono/agua,9,3,2996
18,130,1,Carbono/amonia,9,6,2298
18,130,2,Carbono/acido sulfurico,9,5,3515
18,130,3,Carbono/metano,9,5,1470
18,130,4,Silicio/agua,9,8,3450
18,130,5,Silicio/acido sulfurico,9,3,4660
18,135,0,Carbono/agua,9,3,3184
18,135,1,Carbono/amonia,9,6,2557
18,135,2,Carbono/acido sulfurico,9,5,3994
18,135,3,Carbono/metano,9,5,1635
18,135,4,Silicio/agua,9,8,3837
18,135,5,Silicio/acido sulfurico,9,4,5183
18,140,0,Carbono/agua,9,3,3389
18,140,1,Carbono/amonia,9,6,2842
18,140,2,Carbono/acido sulfurico,9,5,4522
18,140,3,Carbono/metano,9,5,1818
18,140,4,Silicio/agua,9,8,4265
18,140,5,Silicio/acido sulfurico,9,4,5763
18,145,0,Carbono/agua,9,6,3662
18,145,1,Carbono/amonia,9,6,3157
18,145,2,Carbono/acido sulfurico,9,5,5104
18,145,3,Carbono/metano,9,6,2019
18,145,4,Silicio/agua,9,8,4738
18,145,5,Silicio/acido sulfurico,9,4,6403
18,150,0,Carbono/agua,9,6,4165
18,150,1,Carbono/amonia,9,6,3504
18,150,2,Carbono/acido sulfurico,9,5,5747
18,150,3,Carbono/metano,9,6,2241
18,150,4,Silicio/agua,9,8,5262
18,150,5,Silicio/acido sulfurico,9,4,7108
18,155,0,Carbono/agua,9,7,4719
18,155,1,Carbono/amonia,9,6,3888
18,155,2,Carbono/acido sulfurico,9,6,6458
18,155,3,Carbono/metano,9,6,2486
18,155,4,Silicio/agua,9,8,5839
18,155,5,Silicio/acido sulfurico,9,4,7886
18,160,0,Carbono/agua,9,7,5333
18,160,1,Carbono/amonia,9,6,4313
18,160,2,Carbono/acido sulfurico,9,6,7242
18,160,3,Carbono/metano,9,6,2757
18,160,4,Silicio/agua,9,8,6476
18,160,5,Silicio/acido sulfurico,9,5,8747
18,165,0,Carbono/agua,9,7,6010
18,165,1,Carbono/amonia,9,6,4782
18,165,2,Carbono/acido sulfurico,9,8,8108
18,165,3,Carbono/metano,9,6,3057
18,165,4,Silicio/agua,9,8,7179
18,165,5,Silicio/acido sulfurico,9,5,9698
18,170,0,Carbono/agua,9,7,6757
18,170,1,Carbono/amonia,9,6,5299
18,170,2,Carbono/acido sulfurico,9,8,9065
18,170,3,Carbono/metano,9,7,3388
18,170,4,Silicio/agua,9,8,7955
18,170,5,Silicio/acido sulfurico,9,5,10747
18,175,0,Carbono/agua,9,7,7583
18,175,1,Carbono/amonia,9,6,5853
18,175,2,Carbono/acido sulfurico,9,8,10092
18,175,3,Carbono/metano,9,7,3745
18,175,4,Silicio/agua,9,8,8811
18,175,5,Silicio/acido sulfurico,9,5,11872
18,180,0,Carbono/agua,9,7,8494
18,180,1,Carbono/amonia,9,7,6408
18,180,2,Carbono/acido sulfurico,9,8,11122
18,180,3,Carbono/metano,9,7,4102
18,180,4,Silicio/agua,9,8,9758
18,180,5,Silicio/acido sulfurico,9,5,13001
18,185,0,Carbono/agua,9,7,9498
18,185,1,Carbono/amonia,9,7,6963
18,185,2,Carbono/acido sulfurico,9,8,12152
18,185,3,Carbono/metano,9,7,4459
18,185,4,Silicio/agua,9,8,10800
18,185,5,Silicio/acido sulfurico,9,5,14129
18,190,0,Carbono/agua,9,7,10607
18,190,1,Carbono/amonia,9,7,7518
18,190,2,Carbono/acido sulfurico,9,8,13182
18,190,3,Carbono/metano,9,7,4816
18,190,4,Silicio/agua,9,8,11952
18,190,5,Silicio/acido sulfurico,9,5,15256
18,195,0,Carbono/agua,9,7,11832
18,195,1,Carbono/amonia,9,7,8073
18,195,2,Carbono/acido sulfurico,9,8,14212
18,195,3,Carbono/metano,9,7,5171
18,195,4,Silicio/agua,9,8,13222
18,195,5,Silicio/acido sulfurico,9,5,16385
18,200,0,Carbono/agua,9,7,13187
18,200,1,Carbono/amonia,9,7,8628
18,200,2,Carbono/acido sulfurico,9,8,15242
18,200,3,Carbono/metano,9,7,5527
18,200,4,Silicio/agua,9,8,14628
18,200,5,Silicio/acido sulfurico,9,5,17515
18,205,0,Carbono/agua,9,7,14679
18,205,1,Carbono/amonia,9,7,9184
18,205,2,Carbono/acido sulfurico,9,8,16272
18,205,3,Carbono/metano,9,7,5883
18,205,4,Silicio/agua,9,8,16178
18,205,5,Silicio/acido sulfurico,9,5,18644
18,210,0,Carbono/agua,9,7,16329
18,210,1,Carbono/amonia,9,7,9740
18,210,2,Carbono/acido sulfurico,9,8,17301
18,210,3,Carbono/metano,9,7,6241
18,210,4,Silicio/agua,9,8,17890
18,210,5,Silicio/acido sulfurico,9,5,19772
18,215,0,Carbono/agua,9,7,18149
18,215,1,Carbono/amonia,9,7,10296
18,215,2,Carbono/acido sulfurico,9,8,18331
18,215,3,Carbono/metano,9,7,6596
18,215,4,Silicio/agua,9,8,19779
18,215,5,Silicio/acido sulfurico,9,5,20902
18,220,0,Carbono/agua,9,7,20159
18,220,1,Carbono/amonia,9,7,10854
18,220,2,Carbono/acido sulfurico,9,8,19361
18,220,3,Carbono/metano,9,7,6953
18,220,4,Silicio/agua,9,8,21867
18,220,5,Silicio/acido sulfurico,9,5,22032
18,225,0,Carbono/agua,9,7,22379
18,225,1,Carbono/amonia,9,7,11410
18,225,2,Carbono/acido sulfurico,9,8,20391
18,225,3,Carbono/metano,9,7,7309
18,225,4,Silicio/agua,9,2,24172
18,225,5,Silicio/acido sulfurico,9,6,23161
18,230,0,Carbono/agua,9,7,24829
18,230,1,Carbono/amonia,9,7,11965
18,230,2,Carbono/acido sulfurico,9,8,21420
18,230,3,Carbono/metano,9,7,7667
18,230,4,Silicio/agua,9,7,25443
18,230,5,Silicio/acido sulfurico,9,7,24291
18,235,0,Carbono/agua,9,7,27489
18,235,1,Carbono/amonia,9,7,12520
18,235,2,Carbono/acido sulfurico,9,8,22450
18,235,3,Carbono/metano,9,4,7987
18,235,4,Silicio/agua,9,7,26822
18,235,5,Silicio/acido sulfurico,9,7,25420
18,240,0,Carbono/agua,9,7,30169
18,240,1,Carbono/amonia,9,7,13075
18,240,2,Carbono/acido sulfurico,9,8,23480
18,240,3,Carbono/metano,9,5,8166
18,240,4,Silicio/agua,9,7,28213
18,240,5,Silicio/acido sulfurico,9,7,26550
18,245,0,Carbono/agua,9,7,32849
18,245,1,Carbono/amonia,9,7,13630
18,245,2,Carbono/acido sulfurico,9,8,24509
18,245,3,Carbono/metano,9,5,8345
18,245,4,Silicio/agua,9,7,29605
18,245,5,Silicio/acido sulfurico,9,7,27678
18,250,0,Carbono/agua,9,4,35530
18,250,1,Carbono/amonia,9,7,14186
18,250,2,Carbono/acido sulfurico,9,8,25539
18,250,3,Carbono/metano,9,5,8524
18,250,4,Silicio/agua,9,7,31274
18,250,5,Silicio/acido sulfurico,9,7,28807
18,255,0,Carbono/agua,9,7,36870
18,255,1,Carbono/amonia,9,7,14743
18,255,2,Carbono/acido sulfurico,9,8,26569
18,255,3,Carbono/metano,9,5,8702
18,255,4,Silicio/agua,9,7,34056
18,255,5,Silicio/acido sulfurico,9,7,29937
18,260,0,Carbono/agua,9,7,38210
18,260,1,Carbono/amonia,9,7,15299
18,260,2,Carbono/acido sulfurico,9,8,27599
18,260,3,Carbono/metano,9,6,8950
18,260,4,Silicio/agua,9,7,36839
18,260,5,Silicio/acido sulfurico,9,7,31066
18,265,0,Carbono/agua,9,7,39550
18,265,1,Carbono/amonia,9,7,15855
18,265,2,Carbono/acido sulfurico,9,8,28629
18,265,3,Carbono/metano,9,6,9306
18,265,4,Silicio/agua,9,8,39623
18,265,5,Silicio/acido sulfurico,9,7,32196
18,270,0,Carbono/agua,9,7,40890
18,270,1,Carbono/amonia,9,7,16410
18,270,2,Carbono/acido sulfurico,9,8,29658
18,270,3,Carbono/metano,9,6,9662
18,270,4,Silicio/agua,9,8,42406
18,270,5,Silicio/acido sulfurico,9,7,33325
18,275,0,Carbono/agua,9,7,42498
18,275,1,Carbono/amonia,9,7,16965
18,275,2,Carbono/acido sulfurico,9,8,30688
18,275,3,Carbono/metano,9,6,10020
18,275,4,Silicio/agua,9,8,45189
18,275,5,Silicio/acido sulfurico,9,7,34452
18,280,0,Carbono/agua,9,8,45178
18,280,1,Carbono/amonia,9,7,17522
18,280,2,Carbono/acido sulfurico,9,8,31718
18,280,3,Carbono/metano,9,6,10377
18,280,4,Silicio/agua,9,8,47971
18,280,5,Silicio/acido sulfurico,9,7,35580
18,285,0,Carbono/agua,9,8,47859
18,285,1,Carbono/amonia,9,7,18078
18,285,2,Carbono/acido sulfurico,9,8,32748
18,285,3,Carbono/metano,9,6,10735
18,285,4,Silicio/agua,9,8,50754
18,285,5,Silicio/acido sulfurico,9,8,36709
18,290,0,Carbono/agua,9,8,50540
18,290,1,Carbono/amonia,9,7,18633
18,290,2,Carbono/acido sulfurico,9,8,33778
18,290,3,Carbono/metano,9,6,11093
18,290,4,Silicio/agua,9,8,53537
18,290,5,Silicio/acido sulfurico,9,8,37838
18,295,0,Carbono/agua,9,8,53223
18,295,1,Carbono/amonia,9,7,19189
18,295,2,Carbono/acido sulfurico,9,8,34807
18,295,3,Carbono/metano,9,6,11451
18,295,4,Silicio/agua,9,8,56042
18,295,5,Silicio/acido sulfurico,9,8,38966
18,300,0,Carbono/agua,9,8,55903
18,300,1,Carbono/amonia,9,7,19745
18,300,2,Carbono/acido sulfurico,9,8,35837
18,300,3,Carbono/metano,9,6,11807
18,300,4,Silicio/agua,9,8,57434
18,300,5,Silicio/acido sulfurico,9,8,40095
19,0,0,Carbono/agua,nan,0,5
19,0,1,Carbono/amonia,-0.383914,1,4
19,0,2,Carbono/acido sulfurico,-0.141317,1,7
19,0,3,Carbono/metano,-0.24597,1,2
19,0,4,Silicio/agua,nan,0,6
19,0,5,Silicio/acido sulfurico,-0.534728,1,8
19,5,0,Carbono/agua,0.0703533,1,34
19,5,1,Carbono/amonia,-0.0976233,1,23
19,5,2,Carbono/acido sulfurico,0.0104536,1,44
19,5,3,Carbono/metano,-0.24597,1,13
19,5,4,Silicio/agua,0.591218,1,33
19,5,5,Silicio/acido sulfurico,-0.08516,1,48
19,10,0,Carbono/agua,0.0851099,1,65
19,10,1,Carbono/amonia,0.0272253,1,44
19,10,2,Carbono/acido sulfurico,0.0104536,1,84
19,10,3,Carbono/metano,-0.178243,1,27
19,10,4,Silicio/agua,0.591218,1,50
19,10,5,Silicio/acido sulfurico,-0.0609945,1,93
19,15,0,Carbono/agua,0.51395,1,100
19,15,1,Carbono/amonia,0.0272253,1,69
19,15,2,Carbono/acido sulfurico,0.0991194,1,129
19,15,3,Carbono/metano,-0.178243,1,42
19,15,4,Silicio/agua,0.591218,1,69
19,15,5,Silicio/acido sulfurico,0.025528,1,142
19,20,0,Carbono/agua,0.51395,1,139
19,20,1,Carbono/amonia,0.0563597,1,97
19,20,2,Carbono/acido sulfurico,0.106775,1,179
19,20,3,Carbono/metano,-0.132877,1,59
19,20,4,Silicio/agua,0.591218,1,89
19,20,5,Silicio/acido sulfurico,0.025528,1,195
19,25,0,Carbono/agua,0.51395,1,180
19,25,1,Carbono/amonia,0.0817452,1,127
19,25,2,Carbono/acido sulfurico,6.06549,2,232
19,25,3,Carbono/metano,6,2,78
19,25,4,Silicio/agua,7.48328,2,109
19,25,5,Silicio/acido sulfurico,0.025528,1,254
19,30,0,Carbono/agua,0.545865,1,213
19,30,1,Carbono/amonia,0.213849,1,160
19,30,2,Carbono/acido sulfurico,7.494,3,290
19,30,3,Carbono/metano,6.68435,3,98
19,30,4,Silicio/agua,7.48328,2,144
19,30,5,Silicio/acido sulfurico,0.025528,1,321
19,35,0,Carbono/agua,0.545865,1,240
19,35,1,Carbono/amonia,0.213849,1,196
19,35,2,Carbono/acido sulfurico,7.494,3,356
19,35,3,Carbono/metano,7.82586,3,118
19,35,4,Silicio/agua,7.48328,2,196
19,35,5,Silicio/acido sulfurico,0.025528,1,394
19,40,0,Carbono/agua,0.571992,1,270
19,40,1,Carbono/amonia,0.260554,1,236
19,40,2,Carbono/acido sulfurico,7.494,3,429
19,40,3,Carbono/metano,7.82586,3,143
19,40,4,Silicio/agua,7.48328,3,256
19,40,5,Silicio/acido sulfurico,6.944,2,474
19,45,0,Carbono/agua,0.594849,1,301
19,45,1,Carbono/amonia,0.260554,1,278
19,45,2,Carbono/acido sulfurico,7.494,3,510
19,45,3,Carbono/metano,8.0745,3,170
19,45,4,Silicio/agua,7.59679,3,322
19,45,5,Silicio/acido sulfurico,6.944,3,562
19,50,0,Carbono/agua,0.594849,1,336
19,50,1,Carbono/amonia,0.260554,1,327
19,50,2,Carbono/acido sulfurico,8.09941,3,598
19,50,3,Carbono/metano,8.0745,3,202
19,50,4,Silicio/agua,8.22219,3,394
19,50,5,Silicio/acido sulfurico,6.944,3,659
19,55,0,Carbono/agua,6.77941,3,405
19,55,1,Carbono/amonia,0.418937,1,381
19,55,2,Carbono/acido sulfurico,8.09941,3,696
19,55,3,Carbono/metano,8.0745,3,235
19,55,4,Silicio/agua,8.92852,3,474
19,55,5,Silicio/acido sulfurico,7.83008,4,766
19,60,0,Carbono/agua,6.80955,3,490
19,60,1,Carbono/amonia,0.418937,1,440
19,60,2,Carbono/acido sulfurico,8.09941,3,807
19,60,3,Carbono/metano,8.81979,3,273
19,60,4,Silicio/agua,9,3,561
19,60,5,Silicio/acido sulfurico,8.80075,5,884
19,65,0,Carbono/agua,6.80955,3,583
19,65,1,Carbono/amonia,7.70977,2,504
19,65,2,Carbono/acido sulfurico,8.09941,3,927
19,65,3,Carbono/metano,8.81979,3,314
19,65,4,Silicio/agua,9,3,658
19,65,5,Silicio/acido sulfurico,9,5,1013
19,70,0,Carbono/agua,8.4,3,685
19,70,1,Carbono/amonia,7.70977,2,576
19,70,2,Carbono/acido sulfurico,9,3,1059
19,70,3,Carbono/metano,8.81979,3,359
19,70,4,Silicio/agua,9,3,763
19,70,5,Silicio/acido sulfurico,9,5,1158
19,75,0,Carbono/agua,9,3,800
19,75,1,Carbono/amonia,7.70977,3,654
19,75,2,Carbono/acido sulfurico,9,3,1204
19,75,3,Carbono/metano,8.81979,3,410
19,75,4,Silicio/agua,9,3,882
19,75,5,Silicio/acido sulfurico,9,5,1320
19,80,0,Carbono/agua,9,3,925
19,80,1,Carbono/amonia,7.70977,3,740
19,80,2,Carbono/acido sulfurico,9,3,1365
19,80,3,Carbono/metano,8.8622,3,466
19,80,4,Silicio/agua,9,3,1011
19,80,5,Silicio/acido sulfurico,9,5,1497
19,85,0,Carbono/agua,9,3,1064
19,85,1,Carbono/amonia,8.46982,3,835
19,85,2,Carbono/acido sulfurico,9,5,1541
19,85,3,Carbono/metano,8.8622,3,526
19,85,4,Silicio/agua,9,3,1154
19,85,5,Silicio/acido sulfurico,9,5,1691
19,90,0,Carbono/agua,9,3,1217
19,90,1,Carbono/amonia,8.55361,3,942
19,90,2,Carbono/acido sulfurico,9,5,1736
19,90,3,Carbono/metano,9,3,594
19,90,4,Silicio/agua,9,3,1312
19,90,5,Silicio/acido sulfurico,9,5,1907
19,95,0,Carbono/agua,9,3,1389
19,95,1,Carbono/amonia,8.915,4,1059
19,95,2,Carbono/acido sulfurico,9,5,1953
19,95,3,Carbono/metano,9,4,668
19,95,4,Silicio/agua,9,3,1486
19,95,5,Silicio/acido sulfurico,9,5,2142
19,100,0,Carbono/agua,9,3,1575
19,100,1,Carbono/amonia,8.915,4,1188
19,100,2,Carbono/acido sulfurico,9,5,2191
19,100,3,Carbono/metano,9,4,752
19,100,4,Silicio/agua,9,3,1680
19,100,5,Silicio/acido sulfurico,9,5,2403
19,105,0,Carbono/agua,9,3,1781
19,105,1,Carbono/amonia,9,4,1330
19,105,2,Carbono/acido sulfurico,9,5,2348
19,105,3,Carbono/metano,9,4,845
19,105,4,Silicio/agua,9,3,1894
19,105,5,Silicio/acido sulfurico,9,5,2692
19,110,0,Carbono/agua,9,5,2008
19,110,1,Carbono/amonia,9,5,1487
19,110,2,Carbono/acido sulfurico,9,5,2494
19,110,3,Carbono/metano,9,4,945
19,110,4,Silicio/agua,9,3,2134
19,110,5,Silicio/acido sulfurico,9,5,3011
19,115,0,Carbono/agua,9,6,2261
19,115,1,Carbono/amonia,9,5,1661
19,115,2,Carbono/acido sulfurico,9,5,2653
19,115,3,Carbono/metano,9,4,1055
19,115,4,Silicio/agua,9,3,2394
19,115,5,Silicio/acido sulfurico,9,5,3366
19,120,0,Carbono/agua,9,7,2538
19,120,1,Carbono/amonia,9,6,1852
19,120,2,Carbono/acido sulfurico,9,5,2830
19,120,3,Carbono/metano,9,5,1178
19,120,4,Silicio/agua,9,5,2683
19,120,5,Silicio/acido sulfurico,9,5,3754
19,125,0,Carbono/agua,9,7,2844
19,125,1,Carbono/amonia,9,7,2063
19,125,2,Carbono/acido sulfurico,9,5,3027
19,125,3,Carbono/metano,9,5,1314
19,125,4,Silicio/agua,9,5,3000
19,125,5,Silicio/acido sulfurico,9,5,4183
19,130,0,Carbono/agua,9,7,3181
19,130,1,Carbono/amonia,9,7,2297
19,130,2,Carbono/acido sulfurico,9,5,3461
19,130,3,Carbono/metano,9,5,1463
19,130,4,Silicio/agua,9,5,3352
19,130,5,Silicio/acido sulfurico,9,5,4658
19,135,0,Carbono/agua,9,7,3555
19,135,1,Carbono/amonia,9,7,2555
19,135,2,Carbono/acido sulfurico,9,5,3938
19,135,3,Carbono/metano,9,5,1628
19,135,4,Silicio/agua,9,5,3740
19,135,5,Silicio/acido sulfurico,9,5,5182
19,140,0,Carbono/agua,9,7,3968
19,140,1,Carbono/amonia,9,7,2841
19,140,2,Carbono/acido sulfurico,9,5,4467
19,140,3,Carbono/metano,9,5,1812
19,140,4,Silicio/agua,9,5,4169
19,140,5,Silicio/acido sulfurico,9,5,5760
19,145,0,Carbono/agua,9,7,4422
19,145,1,Carbono/amonia,9,7,3156
19,145,2,Carbono/acido sulfurico,9,5,5050
19,145,3,Carbono/metano,9,5,2014
19,145,4,Silicio/agua,9,4,4497
19,145,5,Silicio/acido sulfurico,9,5,6398
19,150,0,Carbono/agua,9,7,4923
19,150,1,Carbono/amonia,9,7,3504
19,150,2,Carbono/acido sulfurico,9,5,5693
19,150,3,Carbono/metano,9,5,2238
19,150,4,Silicio/agua,9,6,4757
19,150,5,Silicio/acido sulfurico,9,5,7105
19,155,0,Carbono/agua,9,7,5479
19,155,1,Carbono/amonia,9,7,3887
19,155,2,Carbono/acido sulfurico,9,5,6405
19,155,3,Carbono/metano,9,5,2484
19,155,4,Silicio/agua,9,6,5045
19,155,5,Silicio/acido sulfurico,9,5,7883
19,160,0,Carbono/agua,9,7,6091
19,160,1,Carbono/amonia,9,7,4310
19,160,2,Carbono/acido sulfurico,9,5,7188
19,160,3,Carbono/metano,9,5,2756
19,160,4,Silicio/agua,9,7,5363
19,160,5,Silicio/acido sulfurico,9,5,8743
19,165,0,Carbono/agua,9,7,6768
19,165,1,Carbono/amonia,9,7,4777
19,165,2,Carbono/acido sulfurico,9,6,8055
19,165,3,Carbono/metano,9,7,3055
19,165,4,Silicio/agua,9,7,5715
19,165,5,Silicio/acido sulfurico,9,5,9692
19,170,0,Carbono/agua,9,7,7513
19,170,1,Carbono/amonia,9,7,5292
19,170,2,Carbono/acido sulfurico,9,7,9011
19,170,3,Carbono/metano,9,7,3386
19,170,4,Silicio/agua,9,7,6416
19,170,5,Silicio/acido sulfurico,9,5,10741
19,175,0,Carbono/agua,9,7,8337
19,175,1,Carbono/amonia,9,7,5845
19,175,2,Carbono/acido sulfurico,9,7,10038
19,175,3,Carbono/metano,9,7,3741
19,175,4,Silicio/agua,9,7,7273
19,175,5,Silicio/acido sulfurico,9,5,11867
19,180,0,Carbono/agua,9,7,9249
19,180,1,Carbono/amonia,9,7,6400
19,180,2,Carbono/acido sulfurico,9,7,11068
19,180,3,Carbono/metano,9,7,4098
19,180,4,Silicio/agua,9,7,8217
19,180,5,Silicio/acido sulfurico,9,5,12995
19,185,0,Carbono/agua,9,7,10254
19,185,1,Carbono/amonia,9,7,6956
19,185,2,Carbono/acido sulfurico,9,7,12097
19,185,3,Carbono/metano,9,7,4455
19,185,4,Silicio/agua,9,7,9261
19,185,5,Silicio/acido sulfurico,9,7,14124
19,190,0,Carbono/agua,9,7,11363
19,190,1,Carbono/amonia,9,7,7512
19,190,2,Carbono/acido sulfurico,9,7,13127
19,190,3,Carbono/metano,9,7,4810
19,190,4,Silicio/agua,9,7,10415
19,190,5,Silicio/acido sulfurico,9,7,15252
19,195,0,Carbono/agua,9,7,12587
19,195,1,Carbono/amonia,9,7,8067
19,195,2,Carbono/acido sulfurico,9,7,14157
19,195,3,Carbono/metano,9,7,5167
19,195,4,Silicio/agua,9,7,11685
19,195,5,Silicio/acido sulfurico,9,7,16382
19,200,0,Carbono/agua,9,7,13938
19,200,1,Carbono/amonia,9,7,8622
19,200,2,Carbono/acido sulfurico,9,7,15186
19,200,3,Carbono/metano,9,7,5522
19,200,4,Silicio/agua,9,7,13089
19,200,5,Silicio/acido sulfurico,9,7,17510
19,205,0,Carbono/agua,9,7,15433
19,205,1,Carbono/amonia,9,7,9178
19,205,2,Carbono/acido sulfurico,9,7,16216
19,205,3,Carbono/metano,9,7,5880
19,205,4,Silicio/agua,9,7,14640
19,205,5,Silicio/acido sulfurico,9,7,18640
19,210,0,Carbono/agua,9,7,17082
19,210,1,Carbono/amonia,9,7,9733
19,210,2,Carbono/acido sulfurico,9,7,17246
19,210,3,Carbono/metano,9,7,6236
19,210,4,Silicio/agua,9,7,16353
19,210,5,Silicio/acido sulfurico,9,7,19768
19,215,0,Carbono/agua,9,7,18904
19,215,1,Carbono/amonia,9,7,10289
19,215,2,Carbono/acido sulfurico,9,7,18276
19,215,3,Carbono/metano,9,7,6594
19,215,4,Silicio/agua,9,7,18242
19,215,5,Silicio/acido sulfurico,9,7,20896
19,220,0,Carbono/agua,9,7,20913
19,220,1,Carbono/amonia,9,7,10844
19,220,2,Carbono/acido sulfurico,9,7,19306
19,220,3,Carbono/metano,9,7,6950
19,220,4,Silicio/agua,9,7,20328
19,220,5,Silicio/acido sulfurico,9,7,22025
19,225,0,Carbono/agua,9,7,23132
19,225,1,Carbono/amonia,9,7,11399
19,225,2,Carbono/acido sulfurico,9,7,20336
19,225,3,Carbono/metano,9,7,7307
19,225,4,Silicio/agua,9,7,22633
19,225,5,Silicio/acido sulfurico,9,7,23155
19,230,0,Carbono/agua,9,7,25583
19,230,1,Carbono/amonia,9,7,11956
19,230,2,Carbono/acido sulfurico,9,7,21366
19,230,3,Carbono/metano,9,7,7664
19,230,4,Silicio/agua,9,7,25177
19,230,5,Silicio/acido sulfurico,9,7,24282
19,235,0,Carbono/agua,9,7,28242
19,235,1,Carbono/amonia,9,7,12514
19,235,2,Carbono/acido sulfurico,9,7,22396
19,235,3,Carbono/metano,9,7,8020
19,235,4,Silicio/agua,9,7,27935
19,235,5,Silicio/acido sulfurico,9,7,25410
19,240,0,Carbono/agua,9,7,30924
19,240,1,Carbono/amonia,9,7,13069
19,240,2,Carbono/acido sulfurico,9,7,23425
19,240,3,Carbono/metano,9,7,8378
19,240,4,Silicio/agua,9,7,30719
19,240,5,Silicio/acido sulfurico,9,7,26538
19,245,0,Carbono/agua,9,8,33605
19,245,1,Carbono/amonia,9,7,13624
19,245,2,Carbono/acido sulfurico,9,7,24454
19,245,3,Carbono/metano,9,7,8737
19,245,4,Silicio/agua,9,7,33503
19,245,5,Silicio/acido sulfurico,9,7,27667
19,250,0,Carbono/agua,9,8,36286
19,250,1,Carbono/amonia,9,7,14179
19,250,2,Carbono/acido sulfurico,9,7,25484
19,250,3,Carbono/metano,9,7,9093
19,250,4,Silicio/agua,9,7,36288
19,250,5,Silicio/acido sulfurico,9,7,28795
19,255,0,Carbono/agua,9,8,38969
19,255,1,Carbono/amonia,9,7,14734
19,255,2,Carbono/acido sulfurico,9,7,26514
19,255,3,Carbono/metano,9,7,9449
19,255,4,Silicio/agua,9,7,39071
19,255,5,Silicio/acido sulfurico,9,7,29925
19,260,0,Carbono/agua,9,8,41650
19,260,1,Carbono/amonia,9,7,15289
19,260,2,Carbono/acido sulfurico,9,7,27543
19,260,3,Carbono/metano,9,7,9805
19,260,4,Silicio/agua,9,7,41855
19,260,5,Silicio/acido sulfurico,9,7,31055
19,265,0,Carbono/agua,9,8,44332
19,265,1,Carbono/amonia,9,7,15844
19,265,2,Carbono/acido sulfurico,9,7,28571
19,265,3,Carbono/metano,9,7,10163
19,265,4,Silicio/agua,9,7,44638
19,265,5,Silicio/acido sulfurico,9,7,32185
19,270,0,Carbono/agua,9,8,47013
19,270,1,Carbono/amonia,9,7,16399
19,270,2,Carbono/acido sulfurico,9,7,29601
19,270,3,Carbono/metano,9,7,10521
19,270,4,Silicio/agua,9,7,47422
19,270,5,Silicio/acido sulfurico,9,7,33315
19,275,0,Carbono/agua,9,8,49694
19,275,1,Carbono/amonia,9,7,16954
19,275,2,Carbono/acido sulfurico,9,7,30631
19,275,3,Carbono/metano,9,7,10876
19,275,4,Silicio/agua,9,7,50204
19,275,5,Silicio/acido sulfurico,9,7,34444
19,280,0,Carbono/agua,9,8,52374
19,280,1,Carbono/amonia,9,7,17509
19,280,2,Carbono/acido sulfurico,9,7,31661
19,280,3,Carbono/metano,9,7,11232
19,280,4,Silicio/agua,9,7,52987
19,280,5,Silicio/acido sulfurico,9,7,35574
19,285,0,Carbono/agua,9,8,55055
19,285,1,Carbono/amonia,9,7,18066
19,285,2,Carbono/acido sulfurico,9,7,32691
19,285,3,Carbono/metano,9,7,11588
19,285,4,Silicio/agua,9,7,55771
19,285,5,Silicio/acido sulfurico,9,7,36704
19,290,0,Carbono/agua,9,8,57735
19,290,1,Carbono/amonia,9,7,18622
19,290,2,Carbono/acido sulfurico,9,7,33721
19,290,3,Carbono/metano,9,7,11945
19,290,4,Silicio/agua,9,7,58555
19,290,5,Silicio/acido sulfurico,9,7,37833
19,295,0,Carbono/agua,9,8,60417
19,295,1,Carbono/amonia,9,7,19177
19,295,2,Carbono/acido sulfurico,9,7,34750
19,295,3,Carbono/metano,9,7,12303
19,295,4,Silicio/agua,9,7,61338
19,295,5,Silicio/acido sulfurico,9,7,38962
19,300,0,Carbono/agua,9,8,63097
19,300,1,Carbono/amonia,9,7,19732
19,300,2,Carbono/acido sulfurico,9,7,35779
19,300,3,Carbono/metano,9,7,12660
19,300,4,Silicio/agua,9,7,64121
19,300,5,Silicio/acido sulfurico,9,7,40090
20,0,0,Carbono/agua,nan,0,6
20,0,1,Carbono/amonia,-0.42787,1,4
20,0,2,Carbono/acido sulfurico,-0.192812,1,7
20,0,3,Carbono/metano,nan,0,3
20,0,4,Silicio/agua,-0.30103,1,6
20,0,5,Silicio/acido sulfurico,0.065721,1,7
20,5,0,Carbono/agua,-0.153297,1,33
20,5,1,Carbono/amonia,-0.15062,1,24
20,5,2,Carbono/acido sulfurico,0.370291,1,42
20,5,3,Carbono/metano,nan,0,13
20,5,4,Silicio/agua,-0.126404,1,35
20,5,5,Silicio/acido sulfurico,0.0817452,1,47
20,10,0,Carbono/agua,-0.152577,1,64
20,10,1,Carbono/amonia,0.0294782,1,46
20,10,2,Carbono/acido sulfurico,0.370291,1,82
20,10,3,Carbono/metano,-0.157894,1,27
20,10,4,Silicio/agua,0.00196592,1,69
20,10,5,Silicio/acido sulfurico,0.0897427,1,91
20,15,0,Carbono/agua,0.209628,1,100
20,15,1,Carbono/amonia,0.128595,1,69
20,15,2,Carbono/acido sulfurico,0.370291,1,126
20,15,3,Carbono/metano,-0.157894,1,42
20,15,4,Silicio/agua,0.145002,1,104
20,15,5,Silicio/acido sulfurico,0.0897427,1,140
20,20,0,Carbono/agua,0.209628,1,140
20,20,1,Carbono/amonia,0.128595,1,96
20,20,2,Carbono/acido sulfurico,0.446205,1,174
20,20,3,Carbono/metano,-0.157894,1,60
20,20,4,Silicio/agua,0.145002,1,143
20,20,5,Silicio/acido sulfurico,0.153933,1,193
20,25,0,Carbono/agua,8.67385,3,182
20,25,1,Carbono/amonia,0.128595,1,126
20,25,2,Carbono/acido sulfurico,0.446205,1,229
20,25,3,Carbono/metano,-0.157894,1,79
20,25,4,Silicio/agua,0.145002,1,186
20,25,5,Silicio/acido sulfurico,0.26432,1,252
20,30,0,Carbono/agua,8.67385,3,228
20,30,1,Carbono/amonia,0.128595,1,158
20,30,2,Carbono/acido sulfurico,0.446205,1,265
20,30,3,Carbono/metano,-0.157894,1,99
20,30,4,Silicio/agua,0.145002,1,235
20,30,5,Silicio/acido sulfurico,0.26432,1,317
20,35,0,Carbono/agua,8.67385,3,279
20,35,1,Carbono/amonia,0.182734,1,194
20,35,2,Carbono/acido sulfurico,0.446205,1,299
20,35,3,Carbono/metano,-0.09824,1,124
20,35,4,Silicio/agua,6,2,288
20,35,5,Silicio/acido sulfurico,0.26432,1,388
20,40,0,Carbono/agua,8.67385,4,337
20,40,1,Carbono/amonia,0.182734,1,234
20,40,2,Carbono/acido sulfurico,0.446205,1,335
20,40,3,Carbono/metano,-0.09824,1,151
20,40,4,Silicio/agua,6.64367,3,348
20,40,5,Silicio/acido sulfurico,0.484834,1,469
20,45,0,Carbono/agua,9,5,400
20,45,1,Carbono/amonia,0.380082,1,277
20,45,2,Carbono/acido sulfurico,0.446205,1,374
20,45,3,Carbono/metano,-0.0517336,1,177
20,45,4,Silicio/agua,7.81929,3,411
20,45,5,Silicio/acido sulfurico,0.484834,1,557
20,50,0,Carbono/agua,9,5,468
20,50,1,Carbono/amonia,0.380082,1,324
20,50,2,Carbono/acido sulfurico,0.446205,1,418
20,50,3,Carbono/metano,0.0784218,1,207
20,50,4,Silicio/agua,7.81929,3,483
20,50,5,Silicio/acido sulfurico,6.1501,3,655
20,55,0,Carbono/agua,9,5,545
20,55,1,Carbono/amonia,0.380082,1,377
20,55,2,Carbono/acido sulfurico,0.513179,1,516
20,55,3,Carbono/metano,0.204457,1,241
20,55,4,Silicio/agua,8.34887,3,563
20,55,5,Silicio/acido sulfurico,7.66702,3,762
20,60,0,Carbono/agua,9,5,630
20,60,1,Carbono/amonia,0.380082,1,435
20,60,2,Carbono/acido sulfurico,0.513179,1,624
20,60,3,Carbono/metano,0.204457,1,277
20,60,4,Silicio/agua,8.78415,3,650
20,60,5,Silicio/acido sulfurico,7.67028,3,880
20,65,0,Carbono/agua,9,5,723
20,65,1,Carbono/amonia,0.380082,1,501
20,65,2,Carbono/acido sulfurico,0.513179,1,743
20,65,3,Carbono/metano,6.06211,2,318
20,65,4,Silicio/agua,9,4,748
20,65,5,Silicio/acido sulfurico,8.39347,3,1011
20,70,0,Carbono/agua,9,5,828
20,70,1,Carbono/amonia,0.380082,1,572
20,70,2,Carbono/acido sulfurico,0.735283,1,875
20,70,3,Carbono/metano,6.06211,2,364
20,70,4,Silicio/agua,9,4,855
20,70,5,Silicio/acido sulfurico,8.39347,3,1156
20,75,0,Carbono/agua,9,5,943
20,75,1,Carbono/amonia,0.415835,1,650
20,75,2,Carbono/acido sulfurico,0.735283,1,1021
20,75,3,Carbono/metano,7.34773,4,414
20,75,4,Silicio/agua,9,4,971
20,75,5,Silicio/acido sulfurico,8.77942,3,1316
20,80,0,Carbono/agua,9,5,1069
20,80,1,Carbono/amonia,0.569794,1,737
20,80,2,Carbono/acido sulfurico,0.735283,1,1181
20,80,3,Carbono/metano,7.34773,4,472
20,80,4,Silicio/agua,9,4,1103
20,80,5,Silicio/acido sulfurico,9,3,1491
20,85,0,Carbono/agua,9,5,1209
20,85,1,Carbono/amonia,7.31023,3,835
20,85,2,Carbono/acido sulfurico,0.735283,1,1359
20,85,3,Carbono/metano,8.33941,4,532
20,85,4,Silicio/agua,9,4,1246
20,85,5,Silicio/acido sulfurico,9,3,1687
20,90,0,Carbono/agua,9,5,1363
20,90,1,Carbono/amonia,7.59261,3,940
20,90,2,Carbono/acido sulfurico,0.735283,1,1554
20,90,3,Carbono/metano,8.34354,5,601
20,90,4,Silicio/agua,9,4,1406
20,90,5,Silicio/acido sulfurico,9,3,1903
20,95,0,Carbono/agua,9,5,1531
20,95,1,Carbono/amonia,8.4,3,1058
20,95,2,Carbono/acido sulfurico,0.735283,1,1771
20,95,3,Carbono/metano,8.4,5,675
20,95,4,Silicio/agua,9,4,1583
20,95,5,Silicio/acido sulfurico,9,3,2141
20,100,0,Carbono/agua,9,5,1717
20,100,1,Carbono/amonia,9,3,1188
20,100,2,Carbono/acido sulfurico,0.735283,1,2009
20,100,3,Carbono/metano,8.4,5,758
20,100,4,Silicio/agua,9,4,1777
20,100,5,Silicio/acido sulfurico,9,3,2403
20,105,0,Carbono/agua,9,5,1924
20,105,1,Carbono/amonia,9,3,1331
20,105,2,Carbono/acido sulfurico,0.735283,1,2273
20,105,3,Carbono/metano,9,5,849
20,105,4,Silicio/agua,9,5,1990
20,105,5,Silicio/acido sulfurico,9,3,2693
20,110,0,Carbono/agua,9,5,2151
20,110,1,Carbono/amonia,9,3,1488
20,110,2,Carbono/acido sulfurico,0.735283,1,2566
20,110,3,Carbono/metano,9,5,950
20,110,4,Silicio/agua,9,5,2226
20,110,5,Silicio/acido sulfurico,9,3,3014
20,115,0,Carbono/agua,9,5,2404
20,115,1,Carbono/amonia,9,3,1661
20,115,2,Carbono/acido sulfurico,6.86192,4,2887
20,115,3,Carbono/metano,9,5,1062
20,115,4,Silicio/agua,9,5,2487
20,115,5,Silicio/acido sulfurico,9,3,3367
20,120,0,Carbono/agua,9,5,2680
20,120,1,Carbono/amonia,9,3,1851
20,120,2,Carbono/acido sulfurico,8.34829,6,3242
20,120,3,Carbono/metano,9,5,1184
20,120,4,Silicio/agua,9,5,2776
20,120,5,Silicio/acido sulfurico,9,3,3755
20,125,0,Carbono/agua,9,5,2985
20,125,1,Carbono/amonia,9,3,2063
20,125,2,Carbono/acido sulfurico,9,7,3633
20,125,3,Carbono/metano,9,6,1322
20,125,4,Silicio/agua,9,5,3094
20,125,5,Silicio/acido sulfurico,9,4,4186
20,130,0,Carbono/agua,9,5,3323
20,130,1,Carbono/amonia,9,3,2295
20,130,2,Carbono/acido sulfurico,9,8,4065
20,130,3,Carbono/metano,9,6,1472
20,130,4,Silicio/agua,9,5,3446
20,130,5,Silicio/acido sulfurico,9,5,4661
20,135,0,Carbono/agua,9,6,3695
20,135,1,Carbono/amonia,9,4,2554
20,135,2,Carbono/acido sulfurico,9,8,4542
20,135,3,Carbono/metano,9,6,1639
20,135,4,Silicio/agua,9,5,3834
20,135,5,Silicio/acido sulfurico,9,7,5186
20,140,0,Carbono/agua,9,7,4107
20,140,1,Carbono/amonia,9,4,2838
20,140,2,Carbono/acido sulfurico,9,8,5071
20,140,3,Carbono/metano,9,6,1822
20,140,4,Silicio/agua,9,5,4263
20,140,5,Silicio/acido sulfurico,9,7,5765
20,145,0,Carbono/agua,9,8,4561
20,145,1,Carbono/amonia,9,4,3152
20,145,2,Carbono/acido sulfurico,9,8,5655
20,145,3,Carbono/metano,9,6,2025
20,145,4,Silicio/agua,9,5,4734
20,145,5,Silicio/acido sulfurico,9,7,6404
20,150,0,Carbono/agua,9,8,5064
20,150,1,Carbono/amonia,9,5,3499
20,150,2,Carbono/acido sulfurico,9,8,6299
20,150,3,Carbono/metano,9,6,2249
20,150,4,Silicio/agua,9,5,5255
20,150,5,Silicio/acido sulfurico,9,7,7110
20,155,0,Carbono/agua,9,8,5617
20,155,1,Carbono/amonia,9,5,3882
20,155,2,Carbono/acido sulfurico,9,8,7010
20,155,3,Carbono/metano,9,6,2495
20,155,4,Silicio/agua,9,5,5833
20,155,5,Silicio/acido sulfurico,9,7,7890
20,160,0,Carbono/agua,9,8,6231
20,160,1,Carbono/amonia,9,5,4305
20,160,2,Carbono/acido sulfurico,9,8,7794
20,160,3,Carbono/metano,9,6,2766
20,160,4,Silicio/agua,9,5,6469
20,160,5,Silicio/acido sulfurico,9,7,8750
20,165,0,Carbono/agua,9,8,6908
20,165,1,Carbono/amonia,9,5,4773
20,165,2,Carbono/acido sulfurico,9,8,8661
20,165,3,Carbono/metano,9,6,3064
20,165,4,Silicio/agua,9,5,7173
20,165,5,Silicio/acido sulfurico,9,7,9700
20,170,0,Carbono/agua,9,8,7654
20,170,1,Carbono/amonia,9,5,5081
20,170,2,Carbono/acido sulfurico,9,8,9615
20,170,3,Carbono/metano,9,6,3395
20,170,4,Silicio/agua,9,5,7949
20,170,5,Silicio/acido sulfurico,9,7,10749
20,175,0,Carbono/agua,9,8,8480
20,175,1,Carbono/amonia,9,5,5359
20,175,2,Carbono/acido sulfurico,9,8,10230
20,175,3,Carbono/metano,9,7,3750
20,175,4,Silicio/agua,9,5,8804
20,175,5,Silicio/acido sulfurico,9,7,11876
20,180,0,Carbono/agua,9,8,9391
20,180,1,Carbono/amonia,9,5,5636
20,180,2,Carbono/acido sulfurico,9,8,10745
20,180,3,Carbono/metano,9,7,4107
20,180,4,Silicio/agua,9,6,9750
20,180,5,Silicio/acido sulfurico,9,7,13004
20,185,0,Carbono/agua,9,8,10397
20,185,1,Carbono/amonia,9,5,5915
20,185,2,Carbono/acido sulfurico,9,8,11260
20,185,3,Carbono/metano,9,7,4465
20,185,4,Silicio/agua,9,7,10794
20,185,5,Silicio/acido sulfurico,9,7,14134
20,190,0,Carbono/agua,9,8,11506
20,190,1,Carbono/amonia,9,5,6193
20,190,2,Carbono/acido sulfurico,9,8,11775
20,190,3,Carbono/metano,9,7,4822
20,190,4,Silicio/agua,9,7,11945
20,190,5,Silicio/acido sulfurico,9,7,15261
20,195,0,Carbono/agua,9,8,12731
20,195,1,Carbono/amonia,9,4,6637
20,195,2,Carbono/acido sulfurico,9,8,12290
20,195,3,Carbono/metano,9,7,5177
20,195,4,Silicio/agua,9,7,13218
20,195,5,Silicio/acido sulfurico,9,7,16389
20,200,0,Carbono/agua,9,8,14085
20,200,1,Carbono/amonia,9,5,6916
20,200,2,Carbono/acido sulfurico,9,8,13320
20,200,3,Carbono/metano,9,7,5533
20,200,4,Silicio/agua,9,7,14622
20,200,5,Silicio/acido sulfurico,9,7,17516
20,205,0,Carbono/agua,9,8,15580
20,205,1,Carbono/amonia,9,5,7195
20,205,2,Carbono/acido sulfurico,9,8,14350
20,205,3,Carbono/metano,9,7,5890
20,205,4,Silicio/agua,9,7,16173
20,205,5,Silicio/acido sulfurico,9,7,18646
20,210,0,Carbono/agua,9,8,17228
20,210,1,Carbono/amonia,9,5,7474
20,210,2,Carbono/acido sulfurico,9,8,15380
20,210,3,Carbono/metano,9,7,6246
20,210,4,Silicio/agua,9,7,17885
20,210,5,Silicio/acido sulfurico,9,7,19774
20,215,0,Carbono/agua,9,8,19048
20,215,1,Carbono/amonia,9,5,7752
20,215,2,Carbono/acido sulfurico,9,8,16410
20,215,3,Carbono/metano,9,7,6603
20,215,4,Silicio/agua,9,7,19773
20,215,5,Silicio/acido sulfurico,9,7,20904
20,220,0,Carbono/agua,9,8,21059
20,220,1,Carbono/amonia,9,5,8196
20,220,2,Carbono/acido sulfurico,9,8,17439
20,220,3,Carbono/metano,9,7,6961
20,220,4,Silicio/agua,9,8,21860
20,220,5,Silicio/acido sulfurico,9,7,22030
20,225,0,Carbono/agua,9,8,23279
20,225,1,Carbono/amonia,9,4,8640
20,225,2,Carbono/acido sulfurico,9,8,18469
20,225,3,Carbono/metano,9,7,7318
20,225,4,Silicio/agua,9,8,24163
20,225,5,Silicio/acido sulfurico,9,7,23159
20,230,0,Carbono/agua,9,8,25730
20,230,1,Carbono/amonia,9,6,8916
20,230,2,Carbono/acido sulfurico,9,8,19499
20,230,3,Carbono/metano,9,7,7673
20,230,4,Silicio/agua,9,8,26708
20,230,5,Silicio/acido sulfurico,9,7,24289
20,235,0,Carbono/agua,9,8,28388
20,235,1,Carbono/amonia,9,6,9193
20,235,2,Carbono/acido sulfurico,9,8,20529
20,235,3,Carbono/metano,9,7,8028
20,235,4,Silicio/agua,9,8,29469
20,235,5,Silicio/acido sulfurico,9,7,25418
20,240,0,Carbono/agua,9,8,31069
20,240,1,Carbono/amonia,9,6,9471
20,240,2,Carbono/acido sulfurico,9,8,21559
20,240,3,Carbono/metano,9,7,8385
20,240,4,Silicio/agua,9,8,32253
20,240,5,Silicio/acido sulfurico,9,7,26545
20,245,0,Carbono/agua,9,8,33749
20,245,1,Carbono/amonia,9,6,9750
20,245,2,Carbono/acido sulfurico,9,8,22589
20,245,3,Carbono/metano,9,7,8741
20,245,4,Silicio/agua,9,8,33924
20,245,5,Silicio/acido sulfurico,9,7,27674
20,250,0,Carbono/agua,9,8,36430
20,250,1,Carbono/amonia,9,6,10196
20,250,2,Carbono/acido sulfurico,9,8,23618
20,250,3,Carbono/metano,9,7,9098
20,250,4,Silicio/agua,9,8,35316
20,250,5,Silicio/acido sulfurico,9,7,28803
20,255,0,Carbono/agua,9,8,39111
20,255,1,Carbono/amonia,9,6,10751
20,255,2,Carbono/acido sulfurico,9,8,24648
20,255,3,Carbono/metano,9,7,9456
20,255,4,Silicio/agua,9,8,36707
20,255,5,Silicio/acido sulfurico,9,7,29933
20,260,0,Carbono/agua,9,8,41793
20,260,1,Carbono/amonia,9,6,11307
20,260,2,Carbono/acido sulfurico,9,8,25678
20,260,3,Carbono/metano,9,7,9814
20,260,4,Silicio/agua,9,8,38101
20,260,5,Silicio/acido sulfurico,9,7,31063
20,265,0,Carbono/agua,9,8,44473
20,265,1,Carbono/amonia,9,6,11862
20,265,2,Carbono/acido sulfurico,9,8,26707
20,265,3,Carbono/metano,9,7,10171
20,265,4,Silicio/agua,9,8,39494
20,265,5,Silicio/acido sulfurico,9,7,32193
20,270,0,Carbono/agua,9,8,47153
20,270,1,Carbono/amonia,9,6,12417
20,270,2,Carbono/acido sulfurico,9,8,27737
20,270,3,Carbono/metano,9,7,10528
20,270,4,Silicio/agua,9,8,42277
20,270,5,Silicio/acido sulfurico,9,7,33322
20,275,0,Carbono/agua,9,8,49833
20,275,1,Carbono/amonia,9,6,12972
20,275,2,Carbono/acido sulfurico,9,8,28766
20,275,3,Carbono/metano,9,7,10884
20,275,4,Silicio/agua,9,8,45060
20,275,5,Silicio/acido sulfurico,9,7,34451
20,280,0,Carbono/agua,9,8,52515
20,280,1,Carbono/amonia,9,6,13527
20,280,2,Carbono/acido sulfurico,9,8,29794
20,280,3,Carbono/metano,9,7,11240
20,280,4,Silicio/agua,9,8,47844
20,280,5,Silicio/acido sulfurico,9,7,35580
20,285,0,Carbono/agua,9,8,55195
20,285,1,Carbono/amonia,9,6,14084
20,285,2,Carbono/acido sulfurico,9,8,30824
20,285,3,Carbono/metano,9,7,11596
20,285,4,Silicio/agua,9,8,50627
20,285,5,Silicio/acido sulfurico,9,7,36709
20,290,0,Carbono/agua,9,8,57877
20,290,1,Carbono/amonia,9,6,14639
20,290,2,Carbono/acido sulfurico,9,8,31854
20,290,3,Carbono/metano,9,7,11951
20,290,4,Silicio/agua,9,8,53410
20,290,5,Silicio/acido sulfurico,9,7,37836
20,295,0,Carbono/agua,9,8,60557
20,295,1,Carbono/amonia,9,4,14971
20,295,2,Carbono/acido sulfurico,9,8,32884
20,295,3,Carbono/metano,9,7,12308
20,295,4,Silicio/agua,9,8,56193
20,295,5,Silicio/acido sulfurico,9,7,38966
20,300,0,Carbono/agua,9,8,63237
20,300,1,Carbono/amonia,9,4,15248
20,300,2,Carbono/acido sulfurico,9,8,33914
20,300,3,Carbono/metano,9,7,12665
20,300,4,Silicio/agua,9,8,58974
20,300,5,Silicio/acido sulfurico,9,7,40093
21,0,0,Carbono/agua,-0.338928,1,6
21,0,1,Carbono/amonia,-0.60206,1,4
21,0,2,Carbono/acido sulfurico,-0.729933,1,7
21,0,3,Carbono/metano,nan,0,2
21,0,4,Silicio/agua,-4.34294e-07,1,5
21,0,5,Silicio/acido sulfurico,-0.16922,1,7
21,5,0,Carbono/agua,0.111624,1,34
21,5,1,Carbono/amonia,-0.0668669,1,24
21,5,2,Carbono/acido sulfurico,-0.0943884,1,43
21,5,3,Carbono/metano,0.0896649,1,14
21,5,4,Silicio/agua,0.30612,1,33
21,5,5,Silicio/acido sulfurico,0.0324063,1,48
21,10,0,Carbono/agua,0.111624,1,65
21,10,1,Carbono/amonia,0.00568258,1,46
21,10,2,Carbono/acido sulfurico,-0.0943884,1,83
21,10,3,Carbono/metano,0.0896649,1,28
21,10,4,Silicio/agua,6,2,66
21,10,5,Silicio/acido sulfurico,0.561927,1,94
21,15,0,Carbono/agua,0.111895,1,100
21,15,1,Carbono/amonia,0.149225,1,69
21,15,2,Carbono/acido sulfurico,0.0626933,1,128
21,15,3,Carbono/metano,0.0896649,1,44
21,15,4,Silicio/agua,6,3,102
21,15,5,Silicio/acido sulfurico,6.25943,3,145
21,20,0,Carbono/agua,0.135458,1,137
21,20,1,Carbono/amonia,0.149225,1,95
21,20,2,Carbono/acido sulfurico,6,2,178
21,20,3,Carbono/metano,0.0896649,1,57
21,20,4,Silicio/agua,6,3,142
21,20,5,Silicio/acido sulfurico,6.25943,3,197
21,25,0,Carbono/agua,0.135458,1,179
21,25,1,Carbono/amonia,0.149225,1,125
21,25,2,Carbono/acido sulfurico,7.60976,3,230
21,25,3,Carbono/metano,0.0896649,1,66
21,25,4,Silicio/agua,6.29226,4,185
21,25,5,Silicio/acido sulfurico,7.27036,3,256
21,30,0,Carbono/agua,0.490541,1,225
21,30,1,Carbono/amonia,0.149225,1,155
21,30,2,Carbono/acido sulfurico,8.05421,3,289
21,30,3,Carbono/metano,0.0896649,1,76
21,30,4,Silicio/agua,6.54793,4,234
21,30,5,Silicio/acido sulfurico,7.27036,3,320
21,35,0,Carbono/agua,0.490541,1,277
21,35,1,Carbono/amonia,0.149225,1,190
21,35,2,Carbono/acido sulfurico,8.05421,3,355
21,35,3,Carbono/metano,0.0896649,1,88
21,35,4,Silicio/agua,6.54793,4,287
21,35,5,Silicio/acido sulfurico,7.27036,3,394
21,40,0,Carbono/agua,0.490541,1,334
21,40,1,Carbono/amonia,0.149225,1,229
21,40,2,Carbono/acido sulfurico,8.58807,4,427
21,40,3,Carbono/metano,0.0896649,1,102
21,40,4,Silicio/agua,6.90319,5,346
21,40,5,Silicio/acido sulfurico,7.27036,3,473
21,45,0,Carbono/agua,0.520734,1,396
21,45,1,Carbono/amonia,0.149225,1,272
21,45,2,Carbono/acido sulfurico,9,4,507
21,45,3,Carbono/metano,0.0896649,1,125
21,45,4,Silicio/agua,7.2401,6,411
21,45,5,Silicio/acido sulfurico,7.27036,3,562
21,50,0,Carbono/agua,7.60976,3,465
21,50,1,Carbono/amonia,0.149225,1,321
21,50,2,Carbono/acido sulfurico,9,4,596
21,50,3,Carbono/metano,0.0896649,1,156
21,50,4,Silicio/agua,7.2401,6,484
21,50,5,Silicio/acido sulfurico,7.27036,3,660
21,55,0,Carbono/agua,9,4,542
21,55,1,Carbono/amonia,0.149225,1,374
21,55,2,Carbono/acido sulfurico,9,5,693
21,55,3,Carbono/metano,0.0896649,1,189
21,55,4,Silicio/agua,7.2401,6,563
21,55,5,Silicio/acido sulfurico,7.27036,3,767
21,60,0,Carbono/agua,9,4,625
21,60,1,Carbono/amonia,0.149225,1,432
21,60,2,Carbono/acido sulfurico,9,5,802
21,60,3,Carbono/metano,0.158269,1,228
21,60,4,Silicio/agua,8.44063,7,651
21,60,5,Silicio/acido sulfurico,7.39458,3,886
21,65,0,Carbono/agua,9,4,719
21,65,1,Carbono/amonia,0.149225,1,496
21,65,2,Carbono/acido sulfurico,9,5,922
21,65,3,Carbono/metano,0.18725,1,270
21,65,4,Silicio/agua,9,8,749
21,65,5,Silicio/acido sulfurico,8.11832,3,1017
21,70,0,Carbono/agua,9,4,822
21,70,1,Carbono/amonia,0.190388,1,568
21,70,2,Carbono/acido sulfurico,9,5,1054
21,70,3,Carbono/metano,0.269319,1,315
21,70,4,Silicio/agua,9,8,857
21,70,5,Silicio/acido sulfurico,8.5432,3,1161
21,75,0,Carbono/agua,9,5,936
21,75,1,Carbono/amonia,0.190388,1,646
21,75,2,Carbono/acido sulfurico,9,5,1200
21,75,3,Carbono/metano,0.369031,1,365
21,75,4,Silicio/agua,9,8,974
21,75,5,Silicio/acido sulfurico,8.5432,3,1323
21,80,0,Carbono/agua,9,6,1062
21,80,1,Carbono/amonia,0.190388,1,734
21,80,2,Carbono/acido sulfurico,9,5,1361
21,80,3,Carbono/metano,0.369031,1,420
21,80,4,Silicio/agua,9,8,1104
21,80,5,Silicio/acido sulfurico,8.68014,5,1501
21,85,0,Carbono/agua,9,6,1202
21,85,1,Carbono/amonia,0.264068,1,830
21,85,2,Carbono/acido sulfurico,9,6,1538
21,85,3,Carbono/metano,0.369031,1,482
21,85,4,Silicio/agua,9,8,1248
21,85,5,Silicio/acido sulfurico,8.68014,5,1695
21,90,0,Carbono/agua,9,6,1356
21,90,1,Carbono/amonia,0.480077,1,935
21,90,2,Carbono/acido sulfurico,9,6,1734
21,90,3,Carbono/metano,0.449946,1,550
21,90,4,Silicio/agua,9,8,1406
21,90,5,Silicio/acido sulfurico,8.68014,5,1910
21,95,0,Carbono/agua,9,6,1525
21,95,1,Carbono/amonia,0.585843,1,1052
21,95,2,Carbono/acido sulfurico,9,6,1951
21,95,3,Carbono/metano,0.587658,1,624
21,95,4,Silicio/agua,9,8,1582
21,95,5,Silicio/acido sulfurico,8.68014,6,2145
21,100,0,Carbono/agua,9,6,1712
21,100,1,Carbono/amonia,0.585843,1,1181
21,100,2,Carbono/acido sulfurico,9,6,2189
21,100,3,Carbono/metano,6.32824,2,707
21,100,4,Silicio/agua,9,8,1776
21,100,5,Silicio/acido sulfurico,8.70463,7,2406
21,105,0,Carbono/agua,9,6,1919
21,105,1,Carbono/amonia,0.585843,1,1323
21,105,2,Carbono/acido sulfurico,9,6,2453
21,105,3,Carbono/metano,6.32824,3,798
21,105,4,Silicio/agua,9,8,1991
21,105,5,Silicio/acido sulfurico,9,7,2695
21,110,0,Carbono/agua,9,3,2146
21,110,1,Carbono/amonia,0.585843,1,1481
21,110,2,Carbono/acido sulfurico,9,6,2745
21,110,3,Carbono/metano,6.51127,3,898
21,110,4,Silicio/agua,9,8,2230
21,110,5,Silicio/acido sulfurico,9,8,3015
21,115,0,Carbono/agua,9,5,2271
21,115,1,Carbono/amonia,6.77193,4,1655
21,115,2,Carbono/acido sulfurico,9,6,3067
21,115,3,Carbono/metano,6.51127,3,1011
21,115,4,Silicio/agua,9,8,2491
21,115,5,Silicio/acido sulfurico,9,8,3370
21,120,0,Carbono/agua,9,5,2411
21,120,1,Carbono/amonia,7.59223,4,1846
21,120,2,Carbono/acido sulfurico,9,6,3422
21,120,3,Carbono/metano,6.64174,3,1133
21,120,4,Silicio/agua,9,8,2778
21,120,5,Silicio/acido sulfurico,9,8,3759
21,125,0,Carbono/agua,9,5,2564
21,125,1,Carbono/amonia,9,6,2057
21,125,2,Carbono/acido sulfurico,9,7,3815
21,125,3,Carbono/metano,7.10008,3,1269
21,125,4,Silicio/agua,9,8,3097
21,125,5,Silicio/acido sulfurico,9,8,4189
21,130,0,Carbono/agua,9,5,2733
21,130,1,Carbono/amonia,9,8,2291
21,130,2,Carbono/acido sulfurico,9,7,4248
21,130,3,Carbono/metano,7.31428,3,1418
21,130,4,Silicio/agua,9,8,3447
21,130,5,Silicio/acido sulfurico,9,8,4664
21,135,0,Carbono/agua,9,5,2958
21,135,1,Carbono/amonia,9,8,2550
21,135,2,Carbono/acido sulfurico,9,7,4726
21,135,3,Carbono/metano,7.45937,3,1584
21,135,4,Silicio/agua,9,8,3835
21,135,5,Silicio/acido sulfurico,9,8,5189
21,140,0,Carbono/agua,9,6,3369
21,140,1,Carbono/amonia,9,8,2834
21,140,2,Carbono/acido sulfurico,9,7,5253
21,140,3,Carbono/metano,8.4,3,1767
21,140,4,Silicio/agua,9,8,4264
21,140,5,Silicio/acido sulfurico,9,8,5768
21,145,0,Carbono/agua,9,7,3824
21,145,1,Carbono/amonia,9,8,3149
21,145,2,Carbono/acido sulfurico,9,7,5834
21,145,3,Carbono/metano,8.51346,3,1969
21,145,4,Silicio/agua,9,8,4640
21,145,5,Silicio/acido sulfurico,9,8,6407
21,150,0,Carbono/agua,9,7,4326
21,150,1,Carbono/amonia,9,8,3496
21,150,2,Carbono/acido sulfurico,9,7,6478
21,150,3,Carbono/metano,8.51346,3,2192
21,150,4,Silicio/agua,9,8,4900
21,150,5,Silicio/acido sulfurico,9,8,7111
21,155,0,Carbono/agua,9,7,4881
21,155,1,Carbono/amonia,9,8,3880
21,155,2,Carbono/acido sulfurico,9,7,7189
21,155,3,Carbono/metano,9,3,2437
21,155,4,Silicio/agua,9,8,5189
21,155,5,Silicio/acido sulfurico,9,8,7889
21,160,0,Carbono/agua,9,7,5493
21,160,1,Carbono/amonia,9,8,4305
21,160,2,Carbono/acido sulfurico,9,7,7974
21,160,3,Carbono/metano,9,3,2709
21,160,4,Silicio/agua,9,8,5507
21,160,5,Silicio/acido sulfurico,9,8,8751
21,165,0,Carbono/agua,9,7,6170
21,165,1,Carbono/amonia,9,8,4772
21,165,2,Carbono/acido sulfurico,9,7,8841
21,165,3,Carbono/metano,9,3,3010
21,165,4,Silicio/agua,9,8,5858
21,165,5,Silicio/acido sulfurico,9,8,9700
21,170,0,Carbono/agua,9,7,6915
21,170,1,Carbono/amonia,9,8,5288
21,170,2,Carbono/acido sulfurico,9,7,9797
21,170,3,Carbono/metano,9,6,3341
21,170,4,Silicio/agua,9,8,6483
21,170,5,Silicio/acido sulfurico,9,8,10750
21,175,0,Carbono/agua,9,7,7740
21,175,1,Carbono/amonia,9,8,5842
21,175,2,Carbono/acido sulfurico,9,7,10824
21,175,3,Carbono/metano,9,7,3696
21,175,4,Silicio/agua,9,8,7340
21,175,5,Silicio/acido sulfurico,9,8,11876
21,180,0,Carbono/agua,9,7,8651
21,180,1,Carbono/amonia,9,8,6398
21,180,2,Carbono/acido sulfurico,9,7,11854
21,180,3,Carbono/metano,9,7,4052
21,180,4,Silicio/agua,9,8,8287
21,180,5,Silicio/acido sulfurico,9,8,13005
21,185,0,Carbono/agua,9,7,9656
21,185,1,Carbono/amonia,9,8,6953
21,185,2,Carbono/acido sulfurico,9,7,12884
21,185,3,Carbono/metano,9,7,4409
21,185,4,Silicio/agua,9,8,9329
21,185,5,Silicio/acido sulfurico,9,8,14134
21,190,0,Carbono/agua,9,7,10764
21,190,1,Carbono/amonia,9,8,7510
21,190,2,Carbono/acido sulfurico,9,7,13914
21,190,3,Carbono/metano,9,7,4766
21,190,4,Silicio/agua,9,8,10482
21,190,5,Silicio/acido sulfurico,9,8,15263
21,195,0,Carbono/agua,9,7,11988
21,195,1,Carbono/amonia,9,8,8065
21,195,2,Carbono/acido sulfurico,9,7,14944
21,195,3,Carbono/metano,9,7,5122
21,195,4,Silicio/agua,9,8,11755
21,195,5,Silicio/acido sulfurico,9,8,16393
21,200,0,Carbono/agua,9,7,13342
21,200,1,Carbono/amonia,9,8,8622
21,200,2,Carbono/acido sulfurico,9,7,15974
21,200,3,Carbono/metano,9,7,5480
21,200,4,Silicio/agua,9,8,13160
21,200,5,Silicio/acido sulfurico,9,8,17523
21,205,0,Carbono/agua,9,7,14837
21,205,1,Carbono/amonia,9,8,9122
21,205,2,Carbono/acido sulfurico,9,7,17004
21,205,3,Carbono/metano,9,7,5837
21,205,4,Silicio/agua,9,8,14711
21,205,5,Silicio/acido sulfurico,9,8,18653
21,210,0,Carbono/agua,9,7,16487
21,210,1,Carbono/amonia,9,8,9401
21,210,2,Carbono/acido sulfurico,9,7,18033
21,210,3,Carbono/metano,9,7,6193
21,210,4,Silicio/agua,9,8,16422
21,210,5,Silicio/acido sulfurico,9,8,19783
21,215,0,Carbono/agua,9,7,18308
21,215,1,Carbono/amonia,9,8,9678
21,215,2,Carbono/acido sulfurico,9,7,19061
21,215,3,Carbono/metano,9,7,6549
21,215,4,Silicio/agua,9,8,18310
21,215,5,Silicio/acido sulfurico,9,8,20912
21,220,0,Carbono/agua,9,7,20319
21,220,1,Carbono/amonia,9,8,9957
21,220,2,Carbono/acido sulfurico,9,7,20091
21,220,3,Carbono/metano,9,7,6906
21,220,4,Silicio/agua,9,8,20397
21,220,5,Silicio/acido sulfurico,9,8,22040
21,225,0,Carbono/agua,9,7,22540
21,225,1,Carbono/amonia,9,8,10234
21,225,2,Carbono/acido sulfurico,9,7,21121
21,225,3,Carbono/metano,9,7,7262
21,225,4,Silicio/agua,9,8,22703
21,225,5,Silicio/acido sulfurico,9,8,23170
21,230,0,Carbono/agua,9,7,24991
21,230,1,Carbono/amonia,9,8,10624
21,230,2,Carbono/acido sulfurico,9,7,22151
21,230,3,Carbono/metano,9,7,7618
21,230,4,Silicio/agua,9,8,25246
21,230,5,Silicio/acido sulfurico,9,8,24298
21,235,0,Carbono/agua,9,7,27650
21,235,1,Carbono/amonia,9,8,11179
21,235,2,Carbono/acido sulfurico,9,7,23181
21,235,3,Carbono/metano,9,7,7976
21,235,4,Silicio/agua,9,8,28006
21,235,5,Silicio/acido sulfurico,9,8,25426
21,240,0,Carbono/agua,9,7,30331
21,240,1,Carbono/amonia,9,8,11736
21,240,2,Carbono/acido sulfurico,9,7,24210
21,240,3,Carbono/metano,9,7,8332
21,240,4,Silicio/agua,9,8,30791
21,240,5,Silicio/acido sulfurico,9,8,26555
21,245,0,Carbono/agua,9,7,33011
21,245,1,Carbono/amonia,9,8,12292
21,245,2,Carbono/acido sulfurico,9,7,25240
21,245,3,Carbono/metano,9,7,8689
21,245,4,Silicio/agua,9,8,33574
21,245,5,Silicio/acido sulfurico,9,8,27683
21,250,0,Carbono/agua,9,7,35692
21,250,1,Carbono/amonia,9,8,12848
21,250,2,Carbono/acido sulfurico,9,7,26270
21,250,3,Carbono/metano,9,7,9045
21,250,4,Silicio/agua,9,9,36358
21,250,5,Silicio/acido sulfurico,9,8,28812
21,255,0,Carbono/agua,9,7,38374
21,255,1,Carbono/amonia,9,8,13404
21,255,2,Carbono/acido sulfurico,9,7,27300
21,255,3,Carbono/metano,9,7,9400
21,255,4,Silicio/agua,9,9,39139
21,255,5,Silicio/acido sulfurico,9,8,29939
21,260,0,Carbono/agua,9,7,41054
21,260,1,Carbono/amonia,9,8,13959
21,260,2,Carbono/acido sulfurico,9,7,28330
21,260,3,Carbono/metano,9,7,9757
21,260,4,Silicio/agua,9,9,41924
21,260,5,Silicio/acido sulfurico,9,8,31068
21,265,0,Carbono/agua,9,7,43734
21,265,1,Carbono/amonia,9,8,14515
21,265,2,Carbono/acido sulfurico,9,7,29360
21,265,3,Carbono/metano,9,7,10114
21,265,4,Silicio/agua,9,9,44707
21,265,5,Silicio/acido sulfurico,9,8,32196
21,270,0,Carbono/agua,9,7,46414
21,270,1,Carbono/amonia,9,8,15071
21,270,2,Carbono/acido sulfurico,9,7,30390
21,270,3,Carbono/metano,9,7,10471
21,270,4,Silicio/agua,9,9,47490
21,270,5,Silicio/acido sulfurico,9,8,33325
21,275,0,Carbono/agua,9,7,49094
21,275,1,Carbono/amonia,9,8,15626
21,275,2,Carbono/acido sulfurico,9,7,31420
21,275,3,Carbono/metano,9,7,10826
21,275,4,Silicio/agua,9,10,50275
21,275,5,Silicio/acido sulfurico,9,8,34454
21,280,0,Carbono/agua,9,7,51774
21,280,1,Carbono/amonia,9,8,16181
21,280,2,Carbono/acido sulfurico,9,7,32450
21,280,3,Carbono/metano,9,7,11184
21,280,4,Silicio/agua,9,10,53056
21,280,5,Silicio/acido sulfurico,9,8,35583
21,285,0,Carbono/agua,9,7,54454
21,285,1,Carbono/amonia,9,8,16736
21,285,2,Carbono/acido sulfurico,9,7,33480
21,285,3,Carbono/metano,9,7,11541
21,285,4,Silicio/agua,9,10,55839
21,285,5,Silicio/acido sulfurico,9,8,36713
21,290,0,Carbono/agua,9,7,57134
21,290,1,Carbono/amonia,9,8,17292
21,290,2,Carbono/acido sulfurico,9,7,34509
21,290,3,Carbono/metano,9,7,11899
21,290,4,Silicio/agua,9,10,58622
21,290,5,Silicio/acido sulfurico,9,8,37841
21,295,0,Carbono/agua,9,7,59814
21,295,1,Carbono/amonia,9,8,17848
21,295,2,Carbono/acido sulfurico,9,7,35537
21,295,3,Carbono/metano,9,7,12255
21,295,4,Silicio/agua,9,10,61404
21,295,5,Silicio/acido sulfurico,9,8,38971
21,300,0,Carbono/agua,9,7,62494
21,300,1,Carbono/amonia,9,8,18404
21,300,2,Carbono/acido sulfurico,9,7,36566
21,300,3,Carbono/metano,9,7,12613
21,300,4,Silicio/agua,9,10,64188
21,300,5,Silicio/acido sulfurico,9,8,40101
22,0,0,Carbono/agua,nan,0,6
22,0,1,Carbono/amonia,nan,0,3
22,0,2,Carbono/acido sulfurico,-0.421362,1,6
22,0,3,Carbono/metano,nan,0,3
22,0,4,Silicio/agua,-0.235543,1,6
22,0,5,Silicio/acido sulfurico,-0.4159,1,7
22,5,0,Carbono/agua,-0.298023,1,34
22,5,1,Carbono/amonia,nan,0,22
22,5,2,Carbono/acido sulfurico,8.32171,2,42
22,5,3,Carbono/metano,-0.232755,1,16
22,5,4,Silicio/agua,0.0582515,1,35
22,5,5,Silicio/acido sulfurico,-0.4159,1,46
22,10,0,Carbono/agua,-0.197661,1,65
22,10,1,Carbono/amonia,-0.119862,1,43
22,10,2,Carbono/acido sulfurico,8.32171,4,82
22,10,3,Carbono/metano,-0.225728,1,31
22,10,4,Silicio/agua,0.155754,1,69
22,10,5,Silicio/acido sulfurico,-0.403314,1,91
22,15,0,Carbono/agua,-0.113063,1,99
22,15,1,Carbono/amonia,6,2,67
22,15,2,Carbono/acido sulfurico,8.32171,4,125
22,15,3,Carbono/metano,-0.203123,1,47
22,15,4,Silicio/agua,0.309407,1,105
22,15,5,Silicio/acido sulfurico,-0.288558,1,140
22,20,0,Carbono/agua,0.00821025,1,138
22,20,1,Carbono/amonia,6,2,93
22,20,2,Carbono/acido sulfurico,8.32171,4,174
22,20,3,Carbono/metano,-0.177406,1,64
22,20,4,Silicio/agua,0.309407,1,145
22,20,5,Silicio/acido sulfurico,-0.199245,1,193
22,25,0,Carbono/agua,0.00821025,1,181
22,25,1,Carbono/amonia,6.52094,3,121
22,25,2,Carbono/acido sulfurico,9,5,229
22,25,3,Carbono/metano,0.0225842,1,84
22,25,4,Silicio/agua,0.36095,1,189
22,25,5,Silicio/acido sulfurico,-0.0351941,1,252
22,30,0,Carbono/agua,0.00821025,1,227
22,30,1,Carbono/amonia,8.4,5,154
22,30,2,Carbono/acido sulfurico,9,5,289
22,30,3,Carbono/metano,0.0225842,1,105
22,30,4,Silicio/agua,0.399161,1,239
22,30,5,Silicio/acido sulfurico,0.229883,1,318
22,35,0,Carbono/agua,0.00821025,1,279
22,35,1,Carbono/amonia,8.4,5,188
22,35,2,Carbono/acido sulfurico,9,5,354
22,35,3,Carbono/metano,0.0225842,1,127
22,35,4,Silicio/agua,6,2,293
22,35,5,Silicio/acido sulfurico,0.229883,1,390
22,40,0,Carbono/agua,0.00821025,1,337
22,40,1,Carbono/amonia,8.54062,5,227
22,40,2,Carbono/acido sulfurico,9,5,428
22,40,3,Carbono/metano,0.0225842,1,152
22,40,4,Silicio/agua,9,3,351
22,40,5,Silicio/acido sulfurico,0.402378,1,469
22,45,0,Carbono/agua,0.00821025,1,400
22,45,1,Carbono/amonia,8.54062,5,270
22,45,2,Carbono/acido sulfurico,9,5,509
22,45,3,Carbono/metano,0.0225842,1,179
22,45,4,Silicio/agua,9,4,416
22,45,5,Silicio/acido sulfurico,0.609207,1,557
22,50,0,Carbono/agua,0.0206469,1,469
22,50,1,Carbono/amonia,9,5,318
22,50,2,Carbono/acido sulfurico,9,5,598
22,50,3,Carbono/metano,0.0684298,1,211
22,50,4,Silicio/agua,9,5,489
22,50,5,Silicio/acido sulfurico,0.623173,1,653
22,55,0,Carbono/agua,0.0566118,1,547
22,55,1,Carbono/amonia,9,5,372
22,55,2,Carbono/acido sulfurico,9,5,695
22,55,3,Carbono/metano,0.0684298,1,244
22,55,4,Silicio/agua,9,5,570
22,55,5,Silicio/acido sulfurico,7.57574,2,761
22,60,0,Carbono/agua,0.0566118,1,632
22,60,1,Carbono/amonia,9,5,430
22,60,2,Carbono/acido sulfurico,9,5,803
22,60,3,Carbono/metano,0.122202,1,282
22,60,4,Silicio/agua,9,5,657
22,60,5,Silicio/acido sulfurico,7.57574,2,880
22,65,0,Carbono/agua,0.0566118,1,725
22,65,1,Carbono/amonia,9,5,494
22,65,2,Carbono/acido sulfurico,9,6,923
22,65,3,Carbono/metano,0.288076,1,322
22,65,4,Silicio/agua,9,5,755
22,65,5,Silicio/acido sulfurico,7.57574,3,1012
22,70,0,Carbono/agua,0.0566118,1,829
22,70,1,Carbono/amonia,9,6,564
22,70,2,Carbono/acido sulfurico,9,6,1055
22,70,3,Carbono/metano,6,2,368
22,70,4,Silicio/agua,9,5,862
22,70,5,Silicio/acido sulfurico,8.4,3,1159
22,75,0,Carbono/agua,0.0566118,1,943
22,75,1,Carbono/amonia,9,6,643
22,75,2,Carbono/acido sulfurico,9,6,1200
22,75,3,Carbono/metano,6.18512,4,418
22,75,4,Silicio/agua,9,5,980
22,75,5,Silicio/acido sulfurico,8.82578,3,1317
22,80,0,Carbono/agua,0.0566118,1,1068
22,80,1,Carbono/amonia,9,6,730
22,80,2,Carbono/acido sulfurico,9,7,1361
22,80,3,Carbono/metano,7.66702,4,473
22,80,4,Silicio/agua,9,5,1111
22,80,5,Silicio/acido sulfurico,9,3,1493
22,85,0,Carbono/agua,0.0566118,1,1208
22,85,1,Carbono/amonia,9,6,825
22,85,2,Carbono/acido sulfurico,9,7,1539
22,85,3,Carbono/metano,8.67869,4,534
22,85,4,Silicio/agua,9,5,1256
22,85,5,Silicio/acido sulfurico,9,3,1686
22,90,0,Carbono/agua,0.0566118,1,1362
22,90,1,Carbono/amonia,9,6,932
22,90,2,Carbono/acido sulfurico,9,7,1735
22,90,3,Carbono/metano,8.67869,5,602
22,90,4,Silicio/agua,9,5,1415
22,90,5,Silicio/acido sulfurico,9,3,1903
22,95,0,Carbono/agua,0.0566118,1,1530
22,95,1,Carbono/amonia,9,6,1049
22,95,2,Carbono/acido sulfurico,9,7,1951
22,95,3,Carbono/metano,8.67869,5,676
22,95,4,Silicio/agua,9,5,1590
22,95,5,Silicio/acido sulfurico,9,3,2141
22,100,0,Carbono/agua,0.0972339,1,1717
22,100,1,Carbono/amonia,9,6,1178
22,100,2,Carbono/acido sulfurico,9,7,2191
22,100,3,Carbono/metano,8.67869,5,760
22,100,4,Silicio/agua,9,5,1784
22,100,5,Silicio/acido sulfurico,9,3,2403
22,105,0,Carbono/agua,0.324458,1,1923
22,105,1,Carbono/amonia,9,6,1322
22,105,2,Carbono/acido sulfurico,9,7,2456
22,105,3,Carbono/metano,9,5,851
22,105,4,Silicio/agua,9,5,1998
22,105,5,Silicio/acido sulfurico,9,3,2692
22,110,0,Carbono/agua,8.01693,2,2150
22,110,1,Carbono/amonia,9,6,1479
22,110,2,Carbono/acido sulfurico,9,7,2747
22,110,3,Carbono/metano,9,2,952
22,110,4,Silicio/agua,9,5,2235
22,110,5,Silicio/acido sulfurico,9,3,3012
22,115,0,Carbono/agua,8.01693,3,2400
22,115,1,Carbono/amonia,9,6,1654
22,115,2,Carbono/acido sulfurico,9,7,3069
22,115,3,Carbono/metano,9,4,1008
22,115,4,Silicio/agua,9,5,2497
22,115,5,Silicio/acido sulfurico,9,3,3365
22,120,0,Carbono/agua,9,3,2678
22,120,1,Carbono/amonia,9,6,1846
22,120,2,Carbono/acido sulfurico,9,7,3424
22,120,3,Carbono/metano,9,4,1069
22,120,4,Silicio/agua,9,5,2786
22,120,5,Silicio/acido sulfurico,9,3,3756
22,125,0,Carbono/agua,9,6,2985
22,125,1,Carbono/amonia,9,6,2057
22,125,2,Carbono/acido sulfurico,9,7,3817
22,125,3,Carbono/metano,9,5,1137
22,125,4,Silicio/agua,9,5,3104
22,125,5,Silicio/acido sulfurico,9,3,4185
22,130,0,Carbono/agua,9,7,3325
22,130,1,Carbono/amonia,9,6,2291
22,130,2,Carbono/acido sulfurico,9,7,4250
22,130,3,Carbono/metano,9,5,1211
22,130,4,Silicio/agua,9,5,3457
22,130,5,Silicio/acido sulfurico,9,3,4660
22,135,0,Carbono/agua,9,7,3697
22,135,1,Carbono/amonia,9,7,2551
22,135,2,Carbono/acido sulfurico,9,7,4728
22,135,3,Carbono/metano,9,5,1310
22,135,4,Silicio/agua,9,5,3844
22,135,5,Silicio/acido sulfurico,9,3,5183
22,140,0,Carbono/agua,9,7,4108
22,140,1,Carbono/amonia,9,7,2835
22,140,2,Carbono/acido sulfurico,9,7,5255
22,140,3,Carbono/metano,9,5,1494
22,140,4,Silicio/agua,9,6,4272
22,140,5,Silicio/acido sulfurico,9,3,5528
22,145,0,Carbono/agua,9,7,4564
22,145,1,Carbono/amonia,9,7,3150
22,145,2,Carbono/acido sulfurico,9,7,5839
22,145,3,Carbono/metano,9,5,1697
22,145,4,Silicio/agua,9,6,4745
22,145,5,Silicio/acido sulfurico,9,4,5847
22,150,0,Carbono/agua,9,7,5066
22,150,1,Carbono/amonia,9,7,3497
22,150,2,Carbono/acido sulfurico,9,7,6483
22,150,3,Carbono/metano,9,5,1920
22,150,4,Silicio/agua,9,6,5267
22,150,5,Silicio/acido sulfurico,9,6,6201
22,155,0,Carbono/agua,9,7,5621
22,155,1,Carbono/amonia,9,7,3881
22,155,2,Carbono/acido sulfurico,9,7,7193
22,155,3,Carbono/metano,9,5,2165
22,155,4,Silicio/agua,9,8,5843
22,155,5,Silicio/acido sulfurico,9,6,6591
22,160,0,Carbono/agua,9,7,6233
22,160,1,Carbono/amonia,9,7,4304
22,160,2,Carbono/acido sulfurico,9,7,7977
22,160,3,Carbono/metano,9,5,2436
22,160,4,Silicio/agua,9,8,6479
22,160,5,Silicio/acido sulfurico,9,6,7021
22,165,0,Carbono/agua,9,7,6909
22,165,1,Carbono/amonia,9,7,4772
22,165,2,Carbono/acido sulfurico,9,7,8842
22,165,3,Carbono/metano,9,5,2736
22,165,4,Silicio/agua,9,8,7181
22,165,5,Silicio/acido sulfurico,9,8,7972
22,170,0,Carbono/agua,9,7,7659
22,170,1,Carbono/amonia,9,5,5132
22,170,2,Carbono/acido sulfurico,9,7,9798
22,170,3,Carbono/metano,9,5,3066
22,170,4,Silicio/agua,9,8,7956
22,170,5,Silicio/acido sulfurico,9,8,9019
22,175,0,Carbono/agua,9,7,8483
22,175,1,Carbono/amonia,9,7,5408
22,175,2,Carbono/acido sulfurico,9,7,10825
22,175,3,Carbono/metano,9,5,3421
22,175,4,Silicio/agua,9,8,8812
22,175,5,Silicio/acido sulfurico,9,8,10143
22,180,0,Carbono/agua,9,7,9394
22,180,1,Carbono/amonia,9,7,5685
22,180,2,Carbono/acido sulfurico,9,7,11855
22,180,3,Carbono/metano,9,5,3777
22,180,4,Silicio/agua,9,8,9757
22,180,5,Silicio/acido sulfurico,9,8,11273
22,185,0,Carbono/agua,9,7,10400
22,185,1,Carbono/amonia,9,7,5962
22,185,2,Carbono/acido sulfurico,9,7,12885
22,185,3,Carbono/metano,9,5,4134
22,185,4,Silicio/agua,9,8,10801
22,185,5,Silicio/acido sulfurico,9,8,12402
22,190,0,Carbono/agua,9,7,11509
22,190,1,Carbono/amonia,9,7,6237
22,190,2,Carbono/acido sulfurico,9,7,13915
22,190,3,Carbono/metano,9,5,4490
22,190,4,Silicio/agua,9,8,11954
22,190,5,Silicio/acido sulfurico,9,8,13530
22,195,0,Carbono/agua,9,7,12735
22,195,1,Carbono/amonia,9,7,6736
22,195,2,Carbono/acido sulfurico,9,7,14945
22,195,3,Carbono/metano,9,5,4845
22,195,4,Silicio/agua,9,8,13227
22,195,5,Silicio/acido sulfurico,9,8,14659
22,200,0,Carbono/agua,9,7,14087
22,200,1,Carbono/amonia,9,7,7291
22,200,2,Carbono/acido sulfurico,9,7,15975
22,200,3,Carbono/metano,9,5,5202
22,200,4,Silicio/agua,9,8,14630
22,200,5,Silicio/acido sulfurico,9,8,15789
22,205,0,Carbono/agua,9,7,15581
22,205,1,Carbono/amonia,9,7,7846
22,205,2,Carbono/acido sulfurico,9,7,17005
22,205,3,Carbono/metano,9,5,5558
22,205,4,Silicio/agua,9,8,16181
22,205,5,Silicio/acido sulfurico,9,8,16917
22,210,0,Carbono/agua,9,7,17229
22,210,1,Carbono/amonia,9,7,8401
22,210,2,Carbono/acido sulfurico,9,7,18034
22,210,3,Carbono/metano,9,5,5917
22,210,4,Silicio/agua,9,8,17893
22,210,5,Silicio/acido sulfurico,9,8,18047
22,215,0,Carbono/agua,9,7,19050
22,215,1,Carbono/amonia,9,7,8956
22,215,2,Carbono/acido sulfurico,9,7,19064
22,215,3,Carbono/metano,9,5,6273
22,215,4,Silicio/agua,9,8,19784
22,215,5,Silicio/acido sulfurico,9,8,19173
22,220,0,Carbono/agua,9,7,21061
22,220,1,Carbono/amonia,9,7,9512
22,220,2,Carbono/acido sulfurico,9,7,20094
22,220,3,Carbono/metano,9,5,6630
22,220,4,Silicio/agua,9,8,21872
22,220,5,Silicio/acido sulfurico,9,8,20303
22,225,0,Carbono/agua,9,7,23281
22,225,1,Carbono/amonia,9,7,10067
22,225,2,Carbono/acido sulfurico,9,7,21124
22,225,3,Carbono/metano,9,5,6987
22,225,4,Silicio/agua,9,8,24177
22,225,5,Silicio/acido sulfurico,9,8,21431
22,230,0,Carbono/agua,9,7,25732
22,230,1,Carbono/amonia,9,7,10622
22,230,2,Carbono/acido sulfurico,9,7,22154
22,230,3,Carbono/metano,9,5,7343
22,230,4,Silicio/agua,9,8,26721
22,230,5,Silicio/acido sulfurico,9,8,22560
22,235,0,Carbono/agua,9,7,28390
22,235,1,Carbono/amonia,9,7,11179
22,235,2,Carbono/acido sulfurico,9,7,23184
22,235,3,Carbono/metano,9,5,7700
22,235,4,Silicio/agua,9,8,29483
22,235,5,Silicio/acido sulfurico,9,8,23689
22,240,0,Carbono/agua,9,7,31070
22,240,1,Carbono/amonia,9,7,11734
22,240,2,Carbono/acido sulfurico,9,7,24213
22,240,3,Carbono/metano,9,5,8057
22,240,4,Silicio/agua,9,8,32266
22,240,5,Silicio/acido sulfurico,9,8,24817
22,245,0,Carbono/agua,9,7,33751
22,245,1,Carbono/amonia,9,7,12289
22,245,2,Carbono/acido sulfurico,9,7,25243
22,245,3,Carbono/metano,9,5,8414
22,245,4,Silicio/agua,9,8,35050
22,245,5,Silicio/acido sulfurico,9,8,25947
22,250,0,Carbono/agua,9,7,36431
22,250,1,Carbono/amonia,9,7,12845
22,250,2,Carbono/acido sulfurico,9,7,26273
22,250,3,Carbono/metano,9,5,8769
22,250,4,Silicio/agua,9,8,37834
22,250,5,Silicio/acido sulfurico,9,8,27076
22,255,0,Carbono/agua,9,7,39113
22,255,1,Carbono/amonia,9,7,13400
22,255,2,Carbono/acido sulfurico,9,7,27302
22,255,3,Carbono/metano,9,5,9124
22,255,4,Silicio/agua,9,8,40616
22,255,5,Silicio/acido sulfurico,9,8,28203
22,260,0,Carbono/agua,9,7,41793
22,260,1,Carbono/amonia,9,7,13957
22,260,2,Carbono/acido sulfurico,9,7,28331
22,260,3,Carbono/metano,9,5,9483
22,260,4,Silicio/agua,9,8,43398
22,260,5,Silicio/acido sulfurico,9,8,29333
22,265,0,Carbono/agua,9,7,44474
22,265,1,Carbono/amonia,9,7,14513
22,265,2,Carbono/acido sulfurico,9,7,29361
22,265,3,Carbono/metano,9,5,9838
22,265,4,Silicio/agua,9,8,46182
22,265,5,Silicio/acido sulfurico,9,8,30461
22,270,0,Carbono/agua,9,7,47154
22,270,1,Carbono/amonia,9,7,15068
22,270,2,Carbono/acido sulfurico,9,7,30391
22,270,3,Carbono/metano,9,5,10194
22,270,4,Silicio/agua,9,8,48964
22,270,5,Silicio/acido sulfurico,9,8,31589
22,275,0,Carbono/agua,9,7,49834
22,275,1,Carbono/amonia,9,7,15625
22,275,2,Carbono/acido sulfurico,9,7,31421
22,275,3,Carbono/metano,9,5,10551
22,275,4,Silicio/agua,9,8,51747
22,275,5,Silicio/acido sulfurico,9,8,32719
22,280,0,Carbono/agua,9,7,52515
22,280,1,Carbono/amonia,9,7,16180
22,280,2,Carbono/acido sulfurico,9,7,32451
22,280,3,Carbono/metano,9,5,10907
22,280,4,Silicio/agua,9,8,54527
22,280,5,Silicio/acido sulfurico,9,8,33848
22,285,0,Carbono/agua,9,4,55196
22,285,1,Carbono/amonia,9,7,16735
22,285,2,Carbono/acido sulfurico,9,7,33481
22,285,3,Carbono/metano,9,5,11264
22,285,4,Silicio/agua,9,8,57307
22,285,5,Silicio/acido sulfurico,9,8,34978
22,290,0,Carbono/agua,9,6,56536
22,290,1,Carbono/amonia,9,7,17290
22,290,2,Carbono/acido sulfurico,9,7,34511
22,290,3,Carbono/metano,9,5,11622
22,290,4,Silicio/agua,9,8,60090
22,290,5,Silicio/acido sulfurico,9,8,36107
22,295,0,Carbono/agua,9,6,57878
22,295,1,Carbono/amonia,9,7,17846
22,295,2,Carbono/acido sulfurico,9,7,35541
22,295,3,Carbono/metano,9,5,11978
22,295,4,Silicio/agua,9,8,62871
22,295,5,Silicio/acido sulfurico,9,8,37237
22,300,0,Carbono/agua,9,7,59218
22,300,1,Carbono/amonia,9,7,18402
22,300,2,Carbono/acido sulfurico,9,7,36571
22,300,3,Carbono/metano,9,5,12335
22,300,4,Silicio/agua,9,8,65654
22,300,5,Silicio/acido sulfurico,9,8,38367
23,0,0,Carbono/agua,nan,0,6
23,0,1,Carbono/amonia,-0.30103,1,4
23,0,2,Carbono/acido sulfurico,-0.134601,1,7
23,0,3,Carbono/metano,nan,0,3
23,0,4,Silicio/agua,nan,0,6
23,0,5,Silicio/acido sulfurico,-4.34294e-07,1,8
23,5,0,Carbono/agua,-4.34294e-07,1,33
23,5,1,Carbono/amonia,-0.0867767,1,23
23,5,2,Carbono/acido sulfurico,0.100301,1,43
23,5,3,Carbono/metano,0.0852302,1,16
23,5,4,Silicio/agua,0.224109,1,36
23,5,5,Silicio/acido sulfurico,0.12732,1,48
23,10,0,Carbono/agua,0.0176055,1,64
23,10,1,Carbono/amonia,-0.0574802,1,44
23,10,2,Carbono/acido sulfurico,0.100301,1,84
23,10,3,Carbono/metano,0.0852302,1,30
23,10,4,Silicio/agua,0.224109,1,69
23,10,5,Silicio/acido sulfurico,0.166111,1,92
23,15,0,Carbono/agua,0.0960071,1,100
23,15,1,Carbono/amonia,6,2,68
23,15,2,Carbono/acido sulfurico,0.145995,1,127
23,15,3,Carbono/metano,0.146873,1,46
23,15,4,Silicio/agua,0.305574,1,105
23,15,5,Silicio/acido sulfurico,0.192414,1,141
23,20,0,Carbono/agua,0.380082,1,138
23,20,1,Carbono/amonia,6,3,95
23,20,2,Carbono/acido sulfurico,6,2,177
23,20,3,Carbono/metano,0.450691,1,64
23,20,4,Silicio/agua,0.363567,1,144
23,20,5,Silicio/acido sulfurico,0.255217,1,196
23,25,0,Carbono/agua,0.380082,1,179
23,25,1,Carbono/amonia,6,3,125
23,25,2,Carbono/acido sulfurico,6.24943,3,231
23,25,3,Carbono/metano,0.450691,1,84
23,25,4,Silicio/agua,0.363567,1,187
23,25,5,Silicio/acido sulfurico,0.696695,1,255
23,30,0,Carbono/agua,0.380082,1,226
23,30,1,Carbono/amonia,8.08318,4,159
23,30,2,Carbono/acido sulfurico,7.15046,3,291
23,30,3,Carbono/metano,0.450691,1,105
23,30,4,Silicio/agua,0.363567,1,235
23,30,5,Silicio/acido sulfurico,0.696695,1,319
23,35,0,Carbono/agua,0.380082,1,278
23,35,1,Carbono/amonia,8.08318,5,194
23,35,2,Carbono/acido sulfurico,8.80075,4,357
23,35,3,Carbono/metano,0.450691,1,127
23,35,4,Silicio/agua,0.363567,1,289
23,35,5,Silicio/acido sulfurico,0.696695,1,392
23,40,0,Carbono/agua,0.56747,1,335
23,40,1,Carbono/amonia,8.21384,5,234
23,40,2,Carbono/acido sulfurico,9,4,429
23,40,3,Carbono/metano,0.450691,1,153
23,40,4,Silicio/agua,0.478188,1,348
23,40,5,Silicio/acido sulfurico,0.878718,1,473
23,45,0,Carbono/agua,0.56747,1,396
23,45,1,Carbono/amonia,8.21384,5,277
23,45,2,Carbono/acido sulfurico,9,5,510
23,45,3,Carbono/metano,0.53618,1,179
23,45,4,Silicio/agua,7.10779,2,414
23,45,5,Silicio/acido sulfurico,0.878718,1,561
23,50,0,Carbono/agua,0.706046,1,465
23,50,1,Carbono/amonia,8.54062,5,326
23,50,2,Carbono/acido sulfurico,9,5,598
23,50,3,Carbono/metano,0.53618,1,209
23,50,4,Silicio/agua,7.10779,2,485
23,50,5,Silicio/acido sulfurico,0.878718,1,658
23,55,0,Carbono/agua,7.51754,3,541
23,55,1,Carbono/amonia,8.54062,5,379
23,55,2,Carbono/acido sulfurico,9,5,697
23,55,3,Carbono/metano,0.797115,1,243
23,55,4,Silicio/agua,7.10779,3,566
23,55,5,Silicio/acido sulfurico,0.878718,1,765
23,60,0,Carbono/agua,7.51754,4,627
23,60,1,Carbono/amonia,9,5,438
23,60,2,Carbono/acido sulfurico,9,5,804
23,60,3,Carbono/metano,0.797115,1,280
23,60,4,Silicio/agua,8.4,4,653
23,60,5,Silicio/acido sulfurico,0.878718,1,884
23,65,0,Carbono/agua,8.3503,5,719
23,65,1,Carbono/amonia,9,5,504
23,65,2,Carbono/acido sulfurico,9,5,925
23,65,3,Carbono/metano,0.797115,1,321
23,65,4,Silicio/agua,9,6,749
23,65,5,Silicio/acido sulfurico,1.20433,1,1016
23,70,0,Carbono/agua,8.36676,5,824
23,70,1,Carbono/amonia,9,5,576
23,70,2,Carbono/acido sulfurico,9,5,1058
23,70,3,Carbono/metano,0.797115,1,366
23,70,4,Silicio/agua,9,6,857
23,70,5,Silicio/acido sulfurico,1.20433,1,1160
23,75,0,Carbono/agua,8.4,5,937
23,75,1,Carbono/amonia,9,5,654
23,75,2,Carbono/acido sulfurico,9,5,1203
23,75,3,Carbono/metano,0.797115,1,414
23,75,4,Silicio/agua,9,6,975
23,75,5,Silicio/acido sulfurico,1.20433,1,1320
23,80,0,Carbono/agua,8.4,5,1064
23,80,1,Carbono/amonia,9,5,742
23,80,2,Carbono/acido sulfurico,9,5,1363
23,80,3,Carbono/metano,0.817595,1,470
23,80,4,Silicio/agua,9,6,1105
23,80,5,Silicio/acido sulfurico,1.20433,1,1496
23,85,0,Carbono/agua,9,6,1203
23,85,1,Carbono/amonia,9,5,838
23,85,2,Carbono/acido sulfurico,9,5,1540
23,85,3,Carbono/metano,0.817595,1,530
23,85,4,Silicio/agua,9,6,1249
23,85,5,Silicio/acido sulfurico,1.20433,1,1691
23,90,0,Carbono/agua,9,6,1356
23,90,1,Carbono/amonia,9,5,943
23,90,2,Carbono/acido sulfurico,9,5,1738
23,90,3,Carbono/metano,0.817595,1,599
23,90,4,Silicio/agua,9,6,1408
23,90,5,Silicio/acido sulfurico,1.24979,1,1906
23,95,0,Carbono/agua,9,6,1524
23,95,1,Carbono/amonia,9,5,1060
23,95,2,Carbono/acido sulfurico,9,5,1956
23,95,3,Carbono/metano,0.817595,1,675
23,95,4,Silicio/agua,9,6,1583
23,95,5,Silicio/acido sulfurico,1.26184,1,2144
23,100,0,Carbono/agua,9,7,1710
23,100,1,Carbono/amonia,9,5,1189
23,100,2,Carbono/acido sulfurico,9,5,2195
23,100,3,Carbono/metano,6,2,758
23,100,4,Silicio/agua,9,6,1778
23,100,5,Silicio/acido sulfurico,7.21604,2,2406
23,105,0,Carbono/agua,9,7,1915
23,105,1,Carbono/amonia,9,5,1331
23,105,2,Carbono/acido sulfurico,9,5,2459
23,105,3,Carbono/metano,8.54062,5,850
23,105,4,Silicio/agua,9,5,1906
23,105,5,Silicio/acido sulfurico,7.40043,5,2696
23,110,0,Carbono/agua,9,7,2142
23,110,1,Carbono/amonia,9,5,1489
23,110,2,Carbono/acido sulfurico,9,5,2751
23,110,3,Carbono/metano,9,5,949
23,110,4,Silicio/agua,9,6,2026
23,110,5,Silicio/acido sulfurico,9,5,3015
23,115,0,Carbono/agua,9,7,2394
23,115,1,Carbono/amonia,9,5,1663
23,115,2,Carbono/acido sulfurico,9,5,3072
23,115,3,Carbono/metano,9,5,1061
23,115,4,Silicio/agua,9,6,2156
23,115,5,Silicio/acido sulfurico,9,5,3368
23,120,0,Carbono/agua,9,7,2670
23,120,1,Carbono/amonia,9,5,1854
23,120,2,Carbono/acido sulfurico,9,5,3428
23,120,3,Carbono/metano,9,5,1183
23,120,4,Silicio/agua,9,6,2300
23,120,5,Silicio/acido sulfurico,9,5,3756
23,125,0,Carbono/agua,9,7,2974
23,125,1,Carbono/amonia,9,5,2066
23,125,2,Carbono/acido sulfurico,9,5,3818
23,125,3,Carbono/metano,9,5,1321
23,125,4,Silicio/agua,9,6,2459
23,125,5,Silicio/acido sulfurico,9,5,4186
23,130,0,Carbono/agua,9,7,3314
23,130,1,Carbono/amonia,9,5,2298
23,130,2,Carbono/acido sulfurico,9,5,4251
23,130,3,Carbono/metano,9,5,1470
23,130,4,Silicio/agua,9,6,2811
23,130,5,Silicio/acido sulfurico,9,5,4661
23,135,0,Carbono/agua,9,7,3686
23,135,1,Carbono/amonia,9,5,2556
23,135,2,Carbono/acido sulfurico,9,5,4729
23,135,3,Carbono/metano,9,5,1636
23,135,4,Silicio/agua,9,7,3199
23,135,5,Silicio/acido sulfurico,9,5,5186
23,140,0,Carbono/agua,9,7,4098
23,140,1,Carbono/amonia,9,5,2840
23,140,2,Carbono/acido sulfurico,9,5,5258
23,140,3,Carbono/metano,9,5,1819
23,140,4,Silicio/agua,9,7,3628
23,140,5,Silicio/acido sulfurico,9,5,5765
23,145,0,Carbono/agua,9,7,4552
23,145,1,Carbono/amonia,9,5,3153
23,145,2,Carbono/acido sulfurico,9,5,5842
23,145,3,Carbono/metano,9,5,2020
23,145,4,Silicio/agua,9,7,4100
23,145,5,Silicio/acido sulfurico,9,6,6403
23,150,0,Carbono/agua,9,7,5055
23,150,1,Carbono/amonia,9,5,3501
23,150,2,Carbono/acido sulfurico,9,5,6486
23,150,3,Carbono/metano,9,5,2244
23,150,4,Silicio/agua,9,7,4621
23,150,5,Silicio/acido sulfurico,9,6,7108
23,155,0,Carbono/agua,9,7,5609
23,155,1,Carbono/amonia,9,5,3883
23,155,2,Carbono/acido sulfurico,9,5,7197
23,155,3,Carbono/metano,9,5,2491
23,155,4,Silicio/agua,9,7,5199
23,155,5,Silicio/acido sulfurico,9,6,7886
23,160,0,Carbono/agua,9,7,6222
23,160,1,Carbono/amonia,9,6,4306
23,160,2,Carbono/acido sulfurico,9,5,7981
23,160,3,Carbono/metano,9,5,2762
23,160,4,Silicio/agua,9,7,5835
23,160,5,Silicio/acido sulfurico,9,6,8745
23,165,0,Carbono/agua,9,8,6899
23,165,1,Carbono/amonia,9,6,4774
23,165,2,Carbono/acido sulfurico,9,4,8847
23,165,3,Carbono/metano,9,5,3063
23,165,4,Silicio/agua,9,8,6538
23,165,5,Silicio/acido sulfurico,9,6,9694
23,170,0,Carbono/agua,9,8,7646
23,170,1,Carbono/amonia,9,6,5290
23,170,2,Carbono/acido sulfurico,9,5,9324
23,170,3,Carbono/metano,9,5,3394
23,170,4,Silicio/agua,9,8,7313
23,170,5,Silicio/acido sulfurico,9,6,10743
23,175,0,Carbono/agua,9,8,8470
23,175,1,Carbono/amonia,9,6,5844
23,175,2,Carbono/acido sulfurico,9,5,9837
23,175,3,Carbono/metano,9,5,3748
23,175,4,Silicio/agua,9,8,8168
23,175,5,Silicio/acido sulfurico,9,7,11869
23,180,0,Carbono/agua,9,6,9013
23,180,1,Carbono/amonia,9,7,6399
23,180,2,Carbono/acido sulfurico,9,5,10352
23,180,3,Carbono/metano,9,5,4104
23,180,4,Silicio/agua,9,8,9113
23,180,5,Silicio/acido sulfurico,9,7,12998
23,185,0,Carbono/agua,9,7,9517
23,185,1,Carbono/amonia,9,7,6955
23,185,2,Carbono/acido sulfurico,9,5,10867
23,185,3,Carbono/metano,9,5,4460
23,185,4,Silicio/agua,9,8,10157
23,185,5,Silicio/acido sulfurico,9,7,14127
23,190,0,Carbono/agua,9,7,10073
23,190,1,Carbono/amonia,9,7,7511
23,190,2,Carbono/acido sulfurico,9,5,11485
23,190,3,Carbono/metano,9,6,4818
23,190,4,Silicio/agua,9,8,11309
23,190,5,Silicio/acido sulfurico,9,7,15255
23,195,0,Carbono/agua,9,7,10687
23,195,1,Carbono/amonia,9,7,8066
23,195,2,Carbono/acido sulfurico,9,7,12514
23,195,3,Carbono/metano,9,7,5174
23,195,4,Silicio/agua,9,8,12580
23,195,5,Silicio/acido sulfurico,9,7,16383
23,200,0,Carbono/agua,9,7,11363
23,200,1,Carbono/amonia,9,7,8621
23,200,2,Carbono/acido sulfurico,9,7,13544
23,200,3,Carbono/metano,9,7,5531
23,200,4,Silicio/agua,9,8,13985
23,200,5,Silicio/acido sulfurico,9,7,17512
23,205,0,Carbono/agua,9,7,12857
23,205,1,Carbono/amonia,9,7,9177
23,205,2,Carbono/acido sulfurico,9,7,14573
23,205,3,Carbono/metano,9,7,5890
23,205,4,Silicio/agua,9,8,15536
23,205,5,Silicio/acido sulfurico,9,7,18641
23,210,0,Carbono/agua,9,7,14507
23,210,1,Carbono/amonia,9,7,9734
23,210,2,Carbono/acido sulfurico,9,7,15603
23,210,3,Carbono/metano,9,7,6248
23,210,4,Silicio/agua,9,8,17248
23,210,5,Silicio/acido sulfurico,9,7,19769
23,215,0,Carbono/agua,9,7,15592
23,215,1,Carbono/amonia,9,7,10291
23,215,2,Carbono/acido sulfurico,9,7,16633
23,215,3,Carbono/metano,9,7,6604
23,215,4,Silicio/agua,9,8,19140
23,215,5,Silicio/acido sulfurico,9,7,20899
23,220,0,Carbono/agua,9,7,16597
23,220,1,Carbono/amonia,9,7,10847
23,220,2,Carbono/acido sulfurico,9,7,17661
23,220,3,Carbono/metano,9,7,6961
23,220,4,Silicio/agua,9,8,21228
23,220,5,Silicio/acido sulfurico,9,7,22028
23,225,0,Carbono/agua,9,7,17707
23,225,1,Carbono/amonia,9,7,11402
23,225,2,Carbono/acido sulfurico,9,7,18691
23,225,3,Carbono/metano,9,7,7318
23,225,4,Silicio/agua,9,8,23533
23,225,5,Silicio/acido sulfurico,9,7,23156
23,230,0,Carbono/agua,9,7,18932
23,230,1,Carbono/amonia,9,7,11957
23,230,2,Carbono/acido sulfurico,9,7,19720
23,230,3,Carbono/metano,9,7,7674
23,230,4,Silicio/agua,9,8,26078
23,230,5,Silicio/acido sulfurico,9,7,24285
23,235,0,Carbono/agua,9,7,20261
23,235,1,Carbono/amonia,9,7,12513
23,235,2,Carbono/acido sulfurico,9,7,20749
23,235,3,Carbono/metano,9,7,8032
23,235,4,Silicio/agua,9,8,28839
23,235,5,Silicio/acido sulfurico,9,7,25415
23,240,0,Carbono/agua,9,7,22941
23,240,1,Carbono/amonia,9,7,13068
23,240,2,Carbono/acido sulfurico,9,7,21778
23,240,3,Carbono/metano,9,7,8391
23,240,4,Silicio/agua,9,8,31623
23,240,5,Silicio/acido sulfurico,9,7,26545
23,245,0,Carbono/agua,9,7,25621
23,245,1,Carbono/amonia,9,7,13623
23,245,2,Carbono/acido sulfurico,9,7,22808
23,245,3,Carbono/metano,9,7,8750
23,245,4,Silicio/agua,9,8,34406
23,245,5,Silicio/acido sulfurico,9,7,27673
23,250,0,Carbono/agua,9,7,28301
23,250,1,Carbono/amonia,9,7,14179
23,250,2,Carbono/acido sulfurico,9,7,23838
23,250,3,Carbono/metano,9,7,9105
23,250,4,Silicio/agua,9,8,37188
23,250,5,Silicio/acido sulfurico,9,7,28803
23,255,0,Carbono/agua,9,7,30981
23,255,1,Carbono/amonia,9,7,14734
23,255,2,Carbono/acido sulfurico,9,7,24867
23,255,3,Carbono/metano,9,7,9463
23,255,4,Silicio/agua,9,8,39973
23,255,5,Silicio/acido sulfurico,9,7,29932
23,260,0,Carbono/agua,9,7,33663
23,260,1,Carbono/amonia,9,7,15289
23,260,2,Carbono/acido sulfurico,9,7,25897
23,260,3,Carbono/metano,9,7,9820
23,260,4,Silicio/agua,9,8,42756
23,260,5,Silicio/acido sulfurico,9,7,31062
23,265,0,Carbono/agua,9,7,36343
23,265,1,Carbono/amonia,9,7,15844
23,265,2,Carbono/acido sulfurico,9,7,26927
23,265,3,Carbono/metano,9,7,10177
23,265,4,Silicio/agua,9,8,45538
23,265,5,Silicio/acido sulfurico,9,8,32192
23,270,0,Carbono/agua,9,7,39023
23,270,1,Carbono/amonia,9,7,16399
23,270,2,Carbono/acido sulfurico,9,7,27957
23,270,3,Carbono/metano,9,7,10533
23,270,4,Silicio/agua,9,8,48321
23,270,5,Silicio/acido sulfurico,9,8,33321
23,275,0,Carbono/agua,9,7,41704
23,275,1,Carbono/amonia,9,7,16954
23,275,2,Carbono/acido sulfurico,9,7,28987
23,275,3,Carbono/metano,9,7,10890
23,275,4,Silicio/agua,9,8,51104
23,275,5,Silicio/acido sulfurico,9,8,34449
23,280,0,Carbono/agua,9,7,44384
23,280,1,Carbono/amonia,9,7,17509
23,280,2,Carbono/acido sulfurico,9,7,30017
23,280,3,Carbono/metano,9,7,11246
23,280,4,Silicio/agua,9,8,53887
23,280,5,Silicio/acido sulfurico,9,8,35578
23,285,0,Carbono/agua,9,8,47065
23,285,1,Carbono/amonia,9,7,18064
23,285,2,Carbono/acido sulfurico,9,7,31046
23,285,3,Carbono/metano,9,7,11602
23,285,4,Silicio/agua,9,8,56670
23,285,5,Silicio/acido sulfurico,9,8,36708
23,290,0,Carbono/agua,9,8,49746
23,290,1,Carbono/amonia,9,7,18619
23,290,2,Carbono/acido sulfurico,9,7,32076
23,290,3,Carbono/metano,9,7,11959
23,290,4,Silicio/agua,9,8,59453
23,290,5,Silicio/acido sulfurico,9,8,37838
23,295,0,Carbono/agua,9,8,52426
23,295,1,Carbono/amonia,9,7,19174
23,295,2,Carbono/acido sulfurico,9,7,33106
23,295,3,Carbono/metano,9,7,12316
23,295,4,Silicio/agua,9,8,62237
23,295,5,Silicio/acido sulfurico,9,8,38965
23,300,0,Carbono/agua,9,8,55106
23,300,1,Carbono/amonia,9,7,19729
23,300,2,Carbono/acido sulfurico,9,7,34136
23,300,3,Carbono/metano,9,8,12673
23,300,4,Silicio/agua,9,8,65019
23,300,5,Silicio/acido sulfurico,9,8,40093
24,0,0,Carbono/agua,nan,0,5
24,0,1,Carbono/amonia,-0.210543,1,3
24,0,2,Carbono/acido sulfurico,-0.528126,1,7
24,0,3,Carbono/metano,-0.30103,1,2
24,0,4,Silicio/agua,-0.510018,1,6
24,0,5,Silicio/acido sulfurico,0.0795887,1,7
24,5,0,Carbono/agua,-0.171811,1,32
24,5,1,Carbono/amonia,0.0262522,1,22
24,5,2,Carbono/acido sulfurico,0.000468038,1,44
24,5,3,Carbono/metano,-0.193557,1,15
24,5,4,Silicio/agua,0.379749,1,36
24,5,5,Silicio/acido sulfurico,0.152449,1,48
24,10,0,Carbono/agua,0.00611539,1,65
24,10,1,Carbono/amonia,0.0262522,1,44
24,10,2,Carbono/acido sulfurico,0.0315333,1,85
24,10,3,Carbono/metano,-0.165572,1,30
24,10,4,Silicio/agua,0.379749,1,69
24,10,5,Silicio/acido sulfurico,8.26201,2,93
24,15,0,Carbono/agua,0.00611539,1,99
24,15,1,Carbono/amonia,6.83351,2,68
24,15,2,Carbono/acido sulfurico,0.213769,1,128
24,15,3,Carbono/metano,-0.165572,1,45
24,15,4,Silicio/agua,0.379749,1,104
24,15,5,Silicio/acido sulfurico,8.46617,3,141
24,20,0,Carbono/agua,0.0949787,1,138
24,20,1,Carbono/amonia,6.83351,3,94
24,20,2,Carbono/acido sulfurico,0.514159,1,176
24,20,3,Carbono/metano,7.17876,2,64
24,20,4,Silicio/agua,0.379749,1,144
24,20,5,Silicio/acido sulfurico,9,4,196
24,25,0,Carbono/agua,0.118248,1,180
24,25,1,Carbono/amonia,6.83351,3,125
24,25,2,Carbono/acido sulfurico,6,2,230
24,25,3,Carbono/metano,7.17876,3,83
24,25,4,Silicio/agua,0.463417,1,190
24,25,5,Silicio/acido sulfurico,9,5,256
24,30,0,Carbono/agua,0.259478,1,227
24,30,1,Carbono/amonia,6.83351,3,157
24,30,2,Carbono/acido sulfurico,6.58592,3,288
24,30,3,Carbono/metano,7.17876,3,104
24,30,4,Silicio/agua,8.29965,2,239
24,30,5,Silicio/acido sulfurico,9,5,320
24,35,0,Carbono/agua,0.259478,1,277
24,35,1,Carbono/amonia,7.34206,3,193
24,35,2,Carbono/acido sulfurico,8.67385,4,355
24,35,3,Carbono/metano,7.17876,3,126
24,35,4,Silicio/agua,8.29965,3,294
24,35,5,Silicio/acido sulfurico,9,5,392
24,40,0,Carbono/agua,0.384804,1,334
24,40,1,Carbono/amonia,7.34206,3,234
24,40,2,Carbono/acido sulfurico,9,6,429
24,40,3,Carbono/metano,8.02105,3,151
24,40,4,Silicio/agua,8.29965,3,352
24,40,5,Silicio/acido sulfurico,9,5,474
24,45,0,Carbono/agua,0.384804,1,398
24,45,1,Carbono/amonia,7.38487,3,278
24,45,2,Carbono/acido sulfurico,9,7,508
24,45,3,Carbono/metano,8.02105,4,180
24,45,4,Silicio/agua,8.29965,3,417
24,45,5,Silicio/acido sulfurico,9,5,560
24,50,0,Carbono/agua,0.384804,1,467
24,50,1,Carbono/amonia,7.80629,3,327
24,50,2,Carbono/acido sulfurico,9,7,596
24,50,3,Carbono/metano,9,4,212
24,50,4,Silicio/agua,8.47183,3,490
24,50,5,Silicio/acido sulfurico,9,5,656
24,55,0,Carbono/agua,1.11968,1,543
24,55,1,Carbono/amonia,7.80629,3,380
24,55,2,Carbono/acido sulfurico,9,7,694
24,55,3,Carbono/metano,9,5,246
24,55,4,Silicio/agua,8.47183,3,569
24,55,5,Silicio/acido sulfurico,9,5,764
24,60,0,Carbono/agua,1.11968,1,627
24,60,1,Carbono/amonia,7.80629,3,439
24,60,2,Carbono/acido sulfurico,9,7,800
24,60,3,Carbono/metano,9,5,283
24,60,4,Silicio/agua,8.47183,3,657
24,60,5,Silicio/acido sulfurico,9,5,883
24,65,0,Carbono/agua,1.11968,1,721
24,65,1,Carbono/amonia,8.49399,3,503
24,65,2,Carbono/acido sulfurico,9,7,919
24,65,3,Carbono/metano,9,5,324
24,65,4,Silicio/agua,8.96656,3,756
24,65,5,Silicio/acido sulfurico,9,5,1014
24,70,0,Carbono/agua,1.11968,1,824
24,70,1,Carbono/amonia,8.49399,3,574
24,70,2,Carbono/acido sulfurico,9,7,1051
24,70,3,Carbono/metano,9,5,368
24,70,4,Silicio/agua,9,3,864
24,70,5,Silicio/acido sulfurico,9,5,1159
24,75,0,Carbono/agua,7.07369,3,937
24,75,1,Carbono/amonia,8.49399,3,651
24,75,2,Carbono/acido sulfurico,9,7,1196
24,75,3,Carbono/metano,9,5,419
24,75,4,Silicio/agua,9,3,984
24,75,5,Silicio/acido sulfurico,9,5,1319
24,80,0,Carbono/agua,7.44336,3,1063
24,80,1,Carbono/amonia,8.49399,3,738
24,80,2,Carbono/acido sulfurico,9,7,1358
24,80,3,Carbono/metano,9,5,475
24,80,4,Silicio/agua,9,3,1113
24,80,5,Silicio/acido sulfurico,9,5,1494
24,85,0,Carbono/agua,8.11974,3,1201
24,85,1,Carbono/amonia,8.49399,3,834
24,85,2,Carbono/acido sulfurico,9,7,1535
24,85,3,Carbono/metano,9,5,536
24,85,4,Silicio/agua,9,3,1200
24,85,5,Silicio/acido sulfurico,9,5,1688
24,90,0,Carbono/agua,8.1736,3,1355
24,90,1,Carbono/amonia,8.49399,3,940
24,90,2,Carbono/acido sulfurico,9,7,1733
24,90,3,Carbono/metano,9,5,604
24,90,4,Silicio/agua,9,3,1280
24,90,5,Silicio/acido sulfurico,9,6,1903
24,95,0,Carbono/agua,8.42019,3,1525
24,95,1,Carbono/amonia,8.52599,3,1057
24,95,2,Carbono/acido sulfurico,9,7,1950
24,95,3,Carbono/metano,9,5,678
24,95,4,Silicio/agua,9,3,1366
24,95,5,Silicio/acido sulfurico,9,4,2116
24,100,0,Carbono/agua,8.42019,3,1711
24,100,1,Carbono/amonia,8.52599,3,1188
24,100,2,Carbono/acido sulfurico,9,7,2189
24,100,3,Carbono/metano,9,5,762
24,100,4,Silicio/agua,9,3,1464
24,100,5,Silicio/acido sulfurico,9,5,2245
24,105,0,Carbono/agua,8.42019,3,1917
24,105,1,Carbono/amonia,8.80188,3,1331
24,105,2,Carbono/acido sulfurico,9,7,2453
24,105,3,Carbono/metano,9,5,855
24,105,4,Silicio/agua,9,3,1572
24,105,5,Silicio/acido sulfurico,9,5,2389
24,110,0,Carbono/agua,8.66977,3,2145
24,110,1,Carbono/amonia,9,3,1488
24,110,2,Carbono/acido sulfurico,9,7,2744
24,110,3,Carbono/metano,9,5,956
24,110,4,Silicio/agua,9,5,1809
24,110,5,Silicio/acido sulfurico,9,5,2550
24,115,0,Carbono/agua,8.67437,4,2397
24,115,1,Carbono/amonia,9,3,1662
24,115,2,Carbono/acido sulfurico,9,7,3066
24,115,3,Carbono/metano,9,5,1068
24,115,4,Silicio/agua,9,6,2069
24,115,5,Silicio/acido sulfurico,9,5,2728
24,120,0,Carbono/agua,8.67437,5,2674
24,120,1,Carbono/amonia,9,4,1854
24,120,2,Carbono/acido sulfurico,9,7,3423
24,120,3,Carbono/metano,9,5,1190
24,120,4,Silicio/agua,9,6,2355
24,120,5,Silicio/acido sulfurico,9,5,3003
24,125,0,Carbono/agua,8.68948,6,2981
24,125,1,Carbono/amonia,9,5,1979
24,125,2,Carbono/acido sulfurico,9,7,3814
24,125,3,Carbono/metano,9,5,1326
24,125,4,Silicio/agua,9,7,2673
24,125,5,Silicio/acido sulfurico,9,5,3433
24,130,0,Carbono/agua,8.68948,7,3319
24,130,1,Carbono/amonia,9,6,2096
24,130,2,Carbono/acido sulfurico,9,7,4247
24,130,3,Carbono/metano,9,5,1476
24,130,4,Silicio/agua,9,7,3026
24,130,5,Silicio/acido sulfurico,9,6,3907
24,135,0,Carbono/agua,8.68948,7,3692
24,135,1,Carbono/amonia,9,6,2226
24,135,2,Carbono/acido sulfurico,9,7,4726
24,135,3,Carbono/metano,9,5,1642
24,135,4,Silicio/agua,9,7,3413
24,135,5,Silicio/acido sulfurico,9,6,4432
24,140,0,Carbono/agua,8.68948,7,4104
24,140,1,Carbono/amonia,9,6,2367
24,140,2,Carbono/acido sulfurico,9,7,5252
24,140,3,Carbono/metano,9,5,1825
24,140,4,Silicio/agua,9,7,3841
24,140,5,Silicio/acido sulfurico,9,6,5011
24,145,0,Carbono/agua,8.68948,7,4559
24,145,1,Carbono/amonia,9,6,2523
24,145,2,Carbono/acido sulfurico,9,7,5835
24,145,3,Carbono/metano,9,5,2026
24,145,4,Silicio/agua,9,7,4314
24,145,5,Silicio/acido sulfurico,9,6,5649
24,150,0,Carbono/agua,8.68948,7,5060
24,150,1,Carbono/amonia,9,7,2872
24,150,2,Carbono/acido sulfurico,9,7,6479
24,150,3,Carbono/metano,9,5,2248
24,150,4,Silicio/agua,9,7,4837
24,150,5,Silicio/acido sulfurico,9,6,6356
24,155,0,Carbono/agua,8.68948,7,5616
24,155,1,Carbono/amonia,9,7,3255
24,155,2,Carbono/acido sulfurico,9,6,6971
24,155,3,Carbono/metano,9,5,2494
24,155,4,Silicio/agua,9,7,5414
24,155,5,Silicio/acido sulfurico,9,6,7135
24,160,0,Carbono/agua,8.80075,7,6229
24,160,1,Carbono/amonia,9,7,3678
24,160,2,Carbono/acido sulfurico,9,6,7363
24,160,3,Carbono/metano,9,5,2765
24,160,4,Silicio/agua,9,7,6050
24,160,5,Silicio/acido sulfurico,9,6,7994
24,165,0,Carbono/agua,9,7,6906
24,165,1,Carbono/amonia,9,7,4146
24,165,2,Carbono/acido sulfurico,9,6,7797
24,165,3,Carbono/metano,9,5,3065
24,165,4,Silicio/agua,9,7,6754
24,165,5,Silicio/acido sulfurico,9,6,8944
24,170,0,Carbono/agua,9,7,7652
24,170,1,Carbono/amonia,9,7,4661
24,170,2,Carbono/acido sulfurico,9,6,8275
24,170,3,Carbono/metano,9,6,3395
24,170,4,Silicio/agua,9,7,7530
24,170,5,Silicio/acido sulfurico,9,6,9991
24,175,0,Carbono/agua,9,7,8475
24,175,1,Carbono/amonia,9,7,5214
24,175,2,Carbono/acido sulfurico,9,6,8788
24,175,3,Carbono/metano,9,7,3749
24,175,4,Silicio/agua,9,7,8385
24,175,5,Silicio/acido sulfurico,9,7,11118
24,180,0,Carbono/agua,9,7,9385
24,180,1,Carbono/amonia,9,7,5769
24,180,2,Carbono/acido sulfurico,9,6,9715
24,180,3,Carbono/metano,9,7,4106
24,180,4,Silicio/agua,9,7,9331
24,180,5,Silicio/acido sulfurico,9,7,12247
24,185,0,Carbono/agua,9,7,10391
24,185,1,Carbono/amonia,9,7,6324
24,185,2,Carbono/acido sulfurico,9,6,10745
24,185,3,Carbono/metano,9,7,4462
24,185,4,Silicio/agua,9,7,10373
24,185,5,Silicio/acido sulfurico,9,7,13376
24,190,0,Carbono/agua,9,7,11500
24,190,1,Carbono/amonia,9,7,6880
24,190,2,Carbono/acido sulfurico,9,6,11775
24,190,3,Carbono/metano,9,7,4817
24,190,4,Silicio/agua,9,7,11525
24,190,5,Silicio/acido sulfurico,9,7,14504
24,195,0,Carbono/agua,9,7,12724
24,195,1,Carbono/amonia,9,7,7435
24,195,2,Carbono/acido sulfurico,9,6,12804
24,195,3,Carbono/metano,9,7,5176
24,195,4,Silicio/agua,9,7,12797
24,195,5,Silicio/acido sulfurico,9,7,15633
24,200,0,Carbono/agua,9,7,14076
24,200,1,Carbono/amonia,9,7,7992
24,200,2,Carbono/acido sulfurico,9,7,13834
24,200,3,Carbono/metano,9,7,5535
24,200,4,Silicio/agua,9,7,14201
24,200,5,Silicio/acido sulfurico,9,7,16760
24,205,0,Carbono/agua,9,7,15569
24,205,1,Carbono/amonia,9,7,8547
24,205,2,Carbono/acido sulfurico,9,7,14864
24,205,3,Carbono/metano,9,7,5892
24,205,4,Silicio/agua,9,7,15752
24,205,5,Silicio/acido sulfurico,9,7,17890
24,210,0,Carbono/agua,9,7,17217
24,210,1,Carbono/amonia,9,7,9104
24,210,2,Carbono/acido sulfurico,9,7,15894
24,210,3,Carbono/metano,9,7,6250
24,210,4,Silicio/agua,9,7,17464
24,210,5,Silicio/acido sulfurico,9,7,19019
24,215,0,Carbono/agua,9,7,19038
24,215,1,Carbono/amonia,9,7,9659
24,215,2,Carbono/acido sulfurico,9,7,16924
24,215,3,Carbono/metano,9,7,6607
24,215,4,Silicio/agua,9,7,19354
24,215,5,Silicio/acido sulfurico,9,7,20148
24,220,0,Carbono/agua,9,7,21048
24,220,1,Carbono/amonia,9,7,10215
24,220,2,Carbono/acido sulfurico,9,7,17953
24,220,3,Carbono/metano,9,7,6963
24,220,4,Silicio/agua,9,7,21441
24,220,5,Silicio/acido sulfurico,9,7,21277
24,225,0,Carbono/agua,9,7,23266
24,225,1,Carbono/amonia,9,7,10770
24,225,2,Carbono/acido sulfurico,9,7,18983
24,225,3,Carbono/metano,9,7,7320
24,225,4,Silicio/agua,9,7,23746
24,225,5,Silicio/acido sulfurico,9,7,22405
24,230,0,Carbono/agua,9,7,25716
24,230,1,Carbono/amonia,9,7,11327
24,230,2,Carbono/acido sulfurico,9,7,20012
24,230,3,Carbono/metano,9,7,7678
24,230,4,Silicio/agua,9,7,26288
24,230,5,Silicio/acido sulfurico,9,7,23534
24,235,0,Carbono/agua,9,7,28374
24,235,1,Carbono/amonia,9,7,11882
24,235,2,Carbono/acido sulfurico,9,7,21042
24,235,3,Carbono/metano,9,7,8038
24,235,4,Silicio/agua,9,7,29049
24,235,5,Silicio/acido sulfurico,9,7,24664
24,240,0,Carbono/agua,9,7,31054
24,240,1,Carbono/amonia,9,7,12439
24,240,2,Carbono/acido sulfurico,9,7,22072
24,240,3,Carbono/metano,9,7,8394
24,240,4,Silicio/agua,9,7,31833
24,240,5,Silicio/acido sulfurico,9,7,25793
24,245,0,Carbono/agua,9,7,33735
24,245,1,Carbono/amonia,9,7,12995
24,245,2,Carbono/acido sulfurico,9,7,23102
24,245,3,Carbono/metano,9,7,8749
24,245,4,Silicio/agua,9,7,34617
24,245,5,Silicio/acido sulfurico,9,7,26922
24,250,0,Carbono/agua,9,7,36416
24,250,1,Carbono/amonia,9,7,13550
24,250,2,Carbono/acido sulfurico,9,7,24132
24,250,3,Carbono/metano,9,7,9104
24,250,4,Silicio/agua,9,7,37399
24,250,5,Silicio/acido sulfurico,9,7,28051
24,255,0,Carbono/agua,9,7,39096
24,255,1,Carbono/amonia,9,7,14106
24,255,2,Carbono/acido sulfurico,9,7,25161
24,255,3,Carbono/metano,9,7,9461
24,255,4,Silicio/agua,9,7,40182
24,255,5,Silicio/acido sulfurico,9,7,29181
24,260,0,Carbono/agua,9,7,41776
24,260,1,Carbono/amonia,9,7,14661
24,260,2,Carbono/acido sulfurico,9,7,26190
24,260,3,Carbono/metano,9,7,9818
24,260,4,Silicio/agua,9,7,42966
24,260,5,Silicio/acido sulfurico,9,7,30309
24,265,0,Carbono/agua,9,7,44456
24,265,1,Carbono/amonia,9,7,15218
24,265,2,Carbono/acido sulfurico,9,7,27219
24,265,3,Carbono/metano,9,7,10175
24,265,4,Silicio/agua,9,7,45750
24,265,5,Silicio/acido sulfurico,9,7,31438
24,270,0,Carbono/agua,9,7,47136
24,270,1,Carbono/amonia,9,7,15773
24,270,2,Carbono/acido sulfurico,9,7,28249
24,270,3,Carbono/metano,9,7,10530
24,270,4,Silicio/agua,9,7,48533
24,270,5,Silicio/acido sulfurico,9,6,32228
24,275,0,Carbono/agua,9,7,49816
24,275,1,Carbono/amonia,9,7,16328
24,275,2,Carbono/acido sulfurico,9,7,29279
24,275,3,Carbono/metano,9,7,10889
24,275,4,Silicio/agua,9,7,51316
24,275,5,Silicio/acido sulfurico,9,6,32793
24,280,0,Carbono/agua,9,7,52496
24,280,1,Carbono/amonia,9,7,16884
24,280,2,Carbono/acido sulfurico,9,7,30309
24,280,3,Carbono/metano,9,7,11246
24,280,4,Silicio/agua,9,7,54100
24,280,5,Silicio/acido sulfurico,9,7,33357
24,285,0,Carbono/agua,9,7,55176
24,285,1,Carbono/amonia,9,7,17439
24,285,2,Carbono/acido sulfurico,9,7,31339
24,285,3,Carbono/metano,9,7,11602
24,285,4,Silicio/agua,9,7,56882
24,285,5,Silicio/acido sulfurico,9,7,33921
24,290,0,Carbono/agua,9,5,57320
24,290,1,Carbono/amonia,9,7,17996
24,290,2,Carbono/acido sulfurico,9,7,32368
24,290,3,Carbono/metano,9,7,11958
24,290,4,Silicio/agua,9,7,59665
24,290,5,Silicio/acido sulfurico,9,7,34486
24,295,0,Carbono/agua,9,5,58660
24,295,1,Carbono/amonia,9,7,18551
24,295,2,Carbono/acido sulfurico,9,7,33398
24,295,3,Carbono/metano,9,7,12315
24,295,4,Silicio/agua,9,7,62448
24,295,5,Silicio/acido sulfurico,9,5,35162
24,300,0,Carbono/agua,9,5,60001
24,300,1,Carbono/amonia,9,7,19106
24,300,2,Carbono/acido sulfurico,9,7,34427
24,300,3,Carbono/metano,9,7,12674
24,300,4,Silicio/agua,9,7,65230
24,300,5,Silicio/acido sulfurico,9,5,35726
25,0,0,Carbono/agua,nan,0,5
25,0,1,Carbono/amonia,nan,0,4
25,0,2,Carbono/acido sulfurico,-0.257198,1,7
25,0,3,Carbono/metano,nan,0,2
25,0,4,Silicio/agua,-0.370721,1,5
25,0,5,Silicio/acido sulfurico,-0.145962,1,7
25,5,0,Carbono/agua,-0.122207,1,33
25,5,1,Carbono/amonia,-0.220438,1,22
25,5,2,Carbono/acido sulfurico,0.0852302,1,45
25,5,3,Carbono/metano,nan,0,16
25,5,4,Silicio/agua,-0.0574802,1,35
25,5,5,Silicio/acido sulfurico,0.143507,1,47
25,10,0,Carbono/agua,-0.122207,1,65
25,10,1,Carbono/amonia,-0.0233247,1,43
25,10,2,Carbono/acido sulfurico,0.246473,1,81
25,10,3,Carbono/metano,-0.501204,1,30
25,10,4,Silicio/agua,0.246781,1,69
25,10,5,Silicio/acido sulfurico,0.143507,1,90
25,15,0,Carbono/agua,0.135458,1,100
25,15,1,Carbono/amonia,0.106385,1,67
25,15,2,Carbono/acido sulfurico,0.246473,1,104
25,15,3,Carbono/metano,-0.204451,1,46
25,15,4,Silicio/agua,0.246781,1,104
25,15,5,Silicio/acido sulfurico,0.143507,1,138
25,20,0,Carbono/agua,0.135458,1,138
25,20,1,Carbono/amonia,0.106385,1,94
25,20,2,Carbono/acido sulfurico,8.28938,2,129
25,20,3,Carbono/metano,-0.204451,1,61
25,20,4,Silicio/agua,0.246781,1,144
25,20,5,Silicio/acido sulfurico,0.143507,1,191
25,25,0,Carbono/agua,0.142508,1,180
25,25,1,Carbono/amonia,0.106849,1,123
25,25,2,Carbono/acido sulfurico,8.28938,2,157
25,25,3,Carbono/metano,7.59679,2,81
25,25,4,Silicio/agua,0.246781,1,187
25,25,5,Silicio/acido sulfurico,0.269613,1,249
25,30,0,Carbono/agua,0.354835,1,226
25,30,1,Carbono/amonia,0.106849,1,155
25,30,2,Carbono/acido sulfurico,0.246473,1,188
25,30,3,Carbono/metano,7.59679,2,102
25,30,4,Silicio/agua,0.629669,1,235
25,30,5,Silicio/acido sulfurico,0.269613,1,315
25,35,0,Carbono/agua,0.354835,1,277
25,35,1,Carbono/amonia,0.106849,1,191
25,35,2,Carbono/acido sulfurico,0.246473,1,220
25,35,3,Carbono/metano,7.59679,2,126
25,35,4,Silicio/agua,0.629669,1,288
25,35,5,Silicio/acido sulfurico,0.304159,1,387
25,40,0,Carbono/agua,0.487685,1,334
25,40,1,Carbono/amonia,0.106849,1,231
25,40,2,Carbono/acido sulfurico,0.246473,1,255
25,40,3,Carbono/metano,7.59679,3,151
25,40,4,Silicio/agua,0.629669,1,346
25,40,5,Silicio/acido sulfurico,0.312868,1,466
25,45,0,Carbono/agua,6.66294,2,398
25,45,1,Carbono/amonia,0.106849,1,274
25,45,2,Carbono/acido sulfurico,0.284985,1,296
25,45,3,Carbono/metano,8.96656,3,179
25,45,4,Silicio/agua,0.629669,1,410
25,45,5,Silicio/acido sulfurico,0.372085,1,555
25,50,0,Carbono/agua,6.66294,2,467
25,50,1,Carbono/amonia,0.20418,1,322
25,50,2,Carbono/acido sulfurico,0.353056,1,341
25,50,3,Carbono/metano,8.96656,3,209
25,50,4,Silicio/agua,7.73078,2,481
25,50,5,Silicio/acido sulfurico,0.372085,1,651
25,55,0,Carbono/agua,6.83351,3,545
25,55,1,Carbono/amonia,0.20418,1,374
25,55,2,Carbono/acido sulfurico,0.353056,1,438
25,55,3,Carbono/metano,8.96656,4,243
25,55,4,Silicio/agua,9,4,560
25,55,5,Silicio/acido sulfurico,0.593858,1,759
25,60,0,Carbono/agua,8.68265,3,628
25,60,1,Carbono/amonia,0.268258,1,432
25,60,2,Carbono/acido sulfurico,0.353056,1,547
25,60,3,Carbono/metano,8.96656,4,280
25,60,4,Silicio/agua,9,5,648
25,60,5,Silicio/acido sulfurico,0.593858,1,879
25,65,0,Carbono/agua,8.96883,3,722
25,65,1,Carbono/amonia,0.268952,1,498
25,65,2,Carbono/acido sulfurico,0.353056,1,667
25,65,3,Carbono/metano,8.96656,4,310
25,65,4,Silicio/agua,9,5,744
25,65,5,Silicio/acido sulfurico,0.690106,1,1010
25,70,0,Carbono/agua,9,3,824
25,70,1,Carbono/amonia,0.268952,1,568
25,70,2,Carbono/acido sulfurico,6.23553,4,799
25,70,3,Carbono/metano,8.96656,4,331
25,70,4,Silicio/agua,9,5,851
25,70,5,Silicio/acido sulfurico,0.690106,1,1156
25,75,0,Carbono/agua,9,3,939
25,75,1,Carbono/amonia,0.392369,1,648
25,75,2,Carbono/acido sulfurico,7.89055,5,944
25,75,3,Carbono/metano,8.96656,4,356
25,75,4,Silicio/agua,9,5,970
25,75,5,Silicio/acido sulfurico,0.690106,1,1315
25,80,0,Carbono/agua,9,3,1065
25,80,1,Carbono/amonia,6.42558,3,736
25,80,2,Carbono/acido sulfurico,8.54062,5,1105
25,80,3,Carbono/metano,8.96656,5,384
25,80,4,Silicio/agua,9,5,1101
25,80,5,Silicio/acido sulfurico,0.708008,1,1492
25,85,0,Carbono/agua,9,3,1205
25,85,1,Carbono/amonia,8.40592,3,830
25,85,2,Carbono/acido sulfurico,9,5,1284
25,85,3,Carbono/metano,8.96656,5,416
25,85,4,Silicio/agua,9,5,1247
25,85,5,Silicio/acido sulfurico,0.744312,1,1686
25,90,0,Carbono/agua,9,3,1358
25,90,1,Carbono/amonia,8.40592,4,935
25,90,2,Carbono/acido sulfurico,9,5,1479
25,90,3,Carbono/metano,8.96656,5,477
25,90,4,Silicio/agua,9,5,1406
25,90,5,Silicio/acido sulfurico,0.708008,0,1901
25,95,0,Carbono/agua,9,3,1527
25,95,1,Carbono/amonia,8.40592,5,1053
25,95,2,Carbono/acido sulfurico,9,5,1696
25,95,3,Carbono/metano,9,5,551
25,95,4,Silicio/agua,9,5,1580
25,95,5,Silicio/acido sulfurico,0.708008,1,2020
25,100,0,Carbono/agua,9,3,1715
25,100,1,Carbono/amonia,8.40592,6,1182
25,100,2,Carbono/acido sulfurico,9,5,1935
25,100,3,Carbono/metano,9,5,633
25,100,4,Silicio/agua,9,5,1774
25,100,5,Silicio/acido sulfurico,0.708008,1,2152
25,105,0,Carbono/agua,9,3,1922
25,105,1,Carbono/amonia,8.80188,7,1324
25,105,2,Carbono/acido sulfurico,9,5,2199
25,105,3,Carbono/metano,9,5,724
25,105,4,Silicio/agua,9,5,1988
25,105,5,Silicio/acido sulfurico,0.71437,1,2297
25,110,0,Carbono/agua,9,3,2150
25,110,1,Carbono/amonia,8.80188,8,1480
25,110,2,Carbono/acido sulfurico,9,5,2491
25,110,3,Carbono/metano,9,5,825
25,110,4,Silicio/agua,9,5,2224
25,110,5,Silicio/acido sulfurico,0.744312,1,2455
25,115,0,Carbono/agua,9,3,2401
25,115,1,Carbono/amonia,9,8,1653
25,115,2,Carbono/acido sulfurico,9,5,2813
25,115,3,Carbono/metano,9,5,935
25,115,4,Silicio/agua,9,5,2486
25,115,5,Silicio/acido sulfurico,0.800256,1,2668
25,120,0,Carbono/agua,9,3,2678
25,120,1,Carbono/amonia,9,8,1846
25,120,2,Carbono/acido sulfurico,9,5,3167
25,120,3,Carbono/metano,9,5,1058
25,120,4,Silicio/agua,9,5,2773
25,120,5,Silicio/acido sulfurico,0.800256,1,3058
25,125,0,Carbono/agua,9,3,2983
25,125,1,Carbono/amonia,9,8,2056
25,125,2,Carbono/acido sulfurico,9,5,3561
25,125,3,Carbono/metano,9,5,1193
25,125,4,Silicio/agua,9,5,3090
25,125,5,Silicio/acido sulfurico,0.800256,1,3490
25,130,0,Carbono/agua,9,3,3320
25,130,1,Carbono/amonia,9,8,2289
25,130,2,Carbono/acido sulfurico,9,5,3995
25,130,3,Carbono/metano,9,5,1343
25,130,4,Silicio/agua,9,6,3440
25,130,5,Silicio/acido sulfurico,0.800256,1,3965
25,135,0,Carbono/agua,9,3,3694
25,135,1,Carbono/amonia,9,8,2547
25,135,2,Carbono/acido sulfurico,9,5,4472
25,135,3,Carbono/metano,9,5,1509
25,135,4,Silicio/agua,9,6,3828
25,135,5,Silicio/acido sulfurico,0.932045,1,4490
25,140,0,Carbono/agua,9,3,4108
25,140,1,Carbono/amonia,9,8,2831
25,140,2,Carbono/acido sulfurico,9,5,5000
25,140,3,Carbono/metano,9,5,1693
25,140,4,Silicio/agua,9,6,4257
25,140,5,Silicio/acido sulfurico,0.932045,1,5069
25,145,0,Carbono/agua,9,3,4565
25,145,1,Carbono/amonia,9,8,3148
25,145,2,Carbono/acido sulfurico,9,5,5584
25,145,3,Carbono/metano,9,5,1896
25,145,4,Silicio/agua,9,6,4731
25,145,5,Silicio/acido sulfurico,9,4,5707
25,150,0,Carbono/agua,9,3,5069
25,150,1,Carbono/amonia,9,8,3495
25,150,2,Carbono/acido sulfurico,9,5,6227
25,150,3,Carbono/metano,9,5,2119
25,150,4,Silicio/agua,9,6,5251
25,150,5,Silicio/acido sulfurico,9,8,6413
25,155,0,Carbono/agua,9,3,5624
25,155,1,Carbono/amonia,9,8,3878
25,155,2,Carbono/acido sulfurico,9,5,6937
25,155,3,Carbono/metano,9,5,2366
25,155,4,Silicio/agua,9,6,5826
25,155,5,Silicio/acido sulfurico,9,8,7192
25,160,0,Carbono/agua,9,3,6236
25,160,1,Carbono/amonia,9,8,4301
25,160,2,Carbono/acido sulfurico,9,5,7721
25,160,3,Carbono/metano,9,5,2637
25,160,4,Silicio/agua,9,6,6463
25,160,5,Silicio/acido sulfurico,9,8,8053
25,165,0,Carbono/agua,9,5,6911
25,165,1,Carbono/amonia,9,8,4769
25,165,2,Carbono/acido sulfurico,9,5,8587
25,165,3,Carbono/metano,9,5,2937
25,165,4,Silicio/agua,9,6,7167
25,165,5,Silicio/acido sulfurico,9,8,9003
25,170,0,Carbono/agua,9,7,7659
25,170,1,Carbono/amonia,9,8,5285
25,170,2,Carbono/acido sulfurico,9,5,9544
25,170,3,Carbono/metano,9,5,3267
25,170,4,Silicio/agua,9,6,7942
25,170,5,Silicio/acido sulfurico,9,8,10052
25,175,0,Carbono/agua,9,7,8483
25,175,1,Carbono/amonia,9,8,5840
25,175,2,Carbono/acido sulfurico,9,5,10571
25,175,3,Carbono/metano,9,5,3622
25,175,4,Silicio/agua,9,6,8798
25,175,5,Silicio/acido sulfurico,9,8,11178
25,180,0,Carbono/agua,9,8,9394
25,180,1,Carbono/amonia,9,8,6396
25,180,2,Carbono/acido sulfurico,9,5,11601
25,180,3,Carbono/metano,9,7,3978
25,180,4,Silicio/agua,9,6,9745
25,180,5,Silicio/acido sulfurico,9,8,12306
25,185,0,Carbono/agua,9,8,10399
25,185,1,Carbono/amonia,9,8,6951
25,185,2,Carbono/acido sulfurico,9,5,12631
25,185,3,Carbono/metano,9,7,4334
25,185,4,Silicio/agua,9,6,10788
25,185,5,Silicio/acido sulfurico,9,8,13435
25,190,0,Carbono/agua,9,8,11510
25,190,1,Carbono/amonia,9,8,7506
25,190,2,Carbono/acido sulfurico,9,5,13661
25,190,3,Carbono/metano,9,7,4691
25,190,4,Silicio/agua,9,6,11940
25,190,5,Silicio/acido sulfurico,9,8,14565
25,195,0,Carbono/agua,9,8,12736
25,195,1,Carbono/amonia,9,8,8061
25,195,2,Carbono/acido sulfurico,9,6,14690
25,195,3,Carbono/metano,9,7,5047
25,195,4,Silicio/agua,9,6,13210
25,195,5,Silicio/acido sulfurico,9,8,15694
25,200,0,Carbono/agua,9,8,14091
25,200,1,Carbono/amonia,9,8,8616
25,200,2,Carbono/acido sulfurico,9,6,15719
25,200,3,Carbono/metano,9,7,5403
25,200,4,Silicio/agua,9,7,14615
25,200,5,Silicio/acido sulfurico,9,8,16824
25,205,0,Carbono/agua,9,8,15586
25,205,1,Carbono/amonia,9,8,9172
25,205,2,Carbono/acido sulfurico,9,7,16748
25,205,3,Carbono/metano,9,7,5760
25,205,4,Silicio/agua,9,8,16164
25,205,5,Silicio/acido sulfurico,9,8,17952
25,210,0,Carbono/agua,9,8,17236
25,210,1,Carbono/amonia,9,8,9729
25,210,2,Carbono/acido sulfurico,9,7,17778
25,210,3,Carbono/metano,9,7,6117
25,210,4,Silicio/agua,9,8,17877
25,210,5,Silicio/acido sulfurico,9,8,19081
25,215,0,Carbono/agua,9,8,19057
25,215,1,Carbono/amonia,9,8,10285
25,215,2,Carbono/acido sulfurico,9,7,18807
25,215,3,Carbono/metano,9,7,6475
25,215,4,Silicio/agua,9,8,19767
25,215,5,Silicio/acido sulfurico,9,8,20211
25,220,0,Carbono/agua,9,8,21067
25,220,1,Carbono/amonia,9,8,10840
25,220,2,Carbono/acido sulfurico,9,7,19837
25,220,3,Carbono/metano,9,7,6830
25,220,4,Silicio/agua,9,8,21854
25,220,5,Silicio/acido sulfurico,9,8,21340
25,225,0,Carbono/agua,9,8,23287
25,225,1,Carbono/amonia,9,8,11396
25,225,2,Carbono/acido sulfurico,9,7,20867
25,225,3,Carbono/metano,9,7,7187
25,225,4,Silicio/agua,9,8,24157
25,225,5,Silicio/acido sulfurico,9,8,22468
25,230,0,Carbono/agua,9,8,25736
25,230,1,Carbono/amonia,9,8,11952
25,230,2,Carbono/acido sulfurico,9,7,21895
25,230,3,Carbono/metano,9,7,7544
25,230,4,Silicio/agua,9,8,26702
25,230,5,Silicio/acido sulfurico,9,8,23598
25,235,0,Carbono/agua,9,8,28394
25,235,1,Carbono/amonia,9,8,12507
25,235,2,Carbono/acido sulfurico,9,7,22925
25,235,3,Carbono/metano,9,6,7757
25,235,4,Silicio/agua,9,8,29462
25,235,5,Silicio/acido sulfurico,9,6,24389
25,240,0,Carbono/agua,9,8,30538
25,240,1,Carbono/amonia,9,8,13064
25,240,2,Carbono/acido sulfurico,9,7,23955
25,240,3,Carbono/metano,9,7,7936
25,240,4,Silicio/agua,9,8,32245
25,240,5,Silicio/acido sulfurico,9,6,24953
25,245,0,Carbono/agua,9,8,31878
25,245,1,Carbono/amonia,9,8,13619
25,245,2,Carbono/acido sulfurico,9,7,24985
25,245,3,Carbono/metano,9,7,8115
25,245,4,Silicio/agua,9,8,35027
25,245,5,Silicio/acido sulfurico,9,6,25518
25,250,0,Carbono/agua,9,8,33218
25,250,1,Carbono/amonia,9,8,14177
25,250,2,Carbono/acido sulfurico,9,7,26015
25,250,3,Carbono/metano,9,7,8294
25,250,4,Silicio/agua,9,8,37811
25,250,5,Silicio/acido sulfurico,9,6,26083
25,255,0,Carbono/agua,9,8,34558
25,255,1,Carbono/amonia,9,8,14732
25,255,2,Carbono/acido sulfurico,9,7,27044
25,255,3,Carbono/metano,9,5,8473
25,255,4,Silicio/agua,9,8,40593
25,255,5,Silicio/acido sulfurico,9,6,26647
25,260,0,Carbono/agua,9,8,35899
25,260,1,Carbono/amonia,9,8,15288
25,260,2,Carbono/acido sulfurico,9,7,28074
25,260,3,Carbono/metano,9,5,8652
25,260,4,Silicio/agua,9,8,43377
25,260,5,Silicio/acido sulfurico,9,6,27664
25,265,0,Carbono/agua,9,8,37775
25,265,1,Carbono/amonia,9,7,15676
25,265,2,Carbono/acido sulfurico,9,7,29104
25,265,3,Carbono/metano,9,5,8829
25,265,4,Silicio/agua,9,8,46161
25,265,5,Silicio/acido sulfurico,9,7,28793
25,270,0,Carbono/agua,9,8,39115
25,270,1,Carbono/amonia,9,8,15953
25,270,2,Carbono/acido sulfurico,9,7,30134
25,270,3,Carbono/metano,9,6,9007
25,270,4,Silicio/agua,9,8,48943
25,270,5,Silicio/acido sulfurico,9,8,29921
25,275,0,Carbono/agua,9,8,40455
25,275,1,Carbono/amonia,9,8,16233
25,275,2,Carbono/acido sulfurico,9,7,31164
25,275,3,Carbono/metano,9,6,9183
25,275,4,Silicio/agua,9,8,51724
25,275,5,Silicio/acido sulfurico,9,8,31050
25,280,0,Carbono/agua,9,8,41795
25,280,1,Carbono/amonia,9,8,16510
25,280,2,Carbono/acido sulfurico,9,7,32194
25,280,3,Carbono/metano,9,6,9397
25,280,4,Silicio/agua,9,8,54507
25,280,5,Silicio/acido sulfurico,9,8,32178
25,285,0,Carbono/agua,9,8,43135
25,285,1,Carbono/amonia,9,8,16787
25,285,2,Carbono/acido sulfurico,9,7,33224
25,285,3,Carbono/metano,9,6,9756
25,285,4,Silicio/agua,9,8,57291
25,285,5,Silicio/acido sulfurico,9,8,33308
25,290,0,Carbono/agua,9,8,44475
25,290,1,Carbono/amonia,9,8,17287
25,290,2,Carbono/acido sulfurico,9,7,34253
25,290,3,Carbono/metano,9,7,10113
25,290,4,Silicio/agua,9,8,60074
25,290,5,Silicio/acido sulfurico,9,8,34436
25,295,0,Carbono/agua,9,8,45815
25,295,1,Carbono/amonia,9,8,17843
25,295,2,Carbono/acido sulfurico,9,7,35282
25,295,3,Carbono/metano,9,7,10471
25,295,4,Silicio/agua,9,6,62020
25,295,5,Silicio/acido sulfurico,9,8,35565
25,300,0,Carbono/agua,9,8,47691
25,300,1,Carbono/amonia,9,8,18398
25,300,2,Carbono/acido sulfurico,9,8,36312
25,300,3,Carbono/metano,9,7,10827
25,300,4,Silicio/agua,9,6,63410
25,300,5,Silicio/acido sulfurico,9,8,36693
26,0,0,Carbono/agua,-0.208052,1,5
26,0,1,Carbono/amonia,nan,0,3
26,0,2,Carbono/acido sulfurico,nan,0,7
26,0,3,Carbono/metano,-0.30103,1,2
26,0,4,Silicio/agua,-0.433103,1,6
26,0,5,Silicio/acido sulfurico,0.0545208,1,7
26,5,0,Carbono/agua,-0.032693,1,34
26,5,1,Carbono/amonia,-0.0811351,1,23
26,5,2,Carbono/acido sulfurico,8.4,5,42
26,5,3,Carbono/metano,-0.0383284,1,17
26,5,4,Silicio/agua,-0.225197,1,34
26,5,5,Silicio/acido sulfurico,0.0545208,0,47
26,10,0,Carbono/agua,-0.0231126,1,64
26,10,1,Carbono/amonia,-0.0373869,1,44
26,10,2,Carbono/acido sulfurico,9,5,82
26,10,3,Carbono/metano,-0.0383284,1,32
26,10,4,Silicio/agua,-0.0449233,1,68
26,10,5,Silicio/acido sulfurico,7.54489,2,68
26,15,0,Carbono/agua,0.100102,1,99
26,15,1,Carbono/amonia,0.0359419,1,62
26,15,2,Carbono/acido sulfurico,9,6,127
26,15,3,Carbono/metano,0.429516,1,47
26,15,4,Silicio/agua,-0.0449233,1,105
26,15,5,Silicio/acido sulfurico,7.54489,2,93
26,20,0,Carbono/agua,0.100102,1,139
26,20,1,Carbono/amonia,0.0359419,1,77
26,20,2,Carbono/acido sulfurico,9,6,177
26,20,3,Carbono/metano,0.491991,1,63
26,20,4,Silicio/agua,0.0663099,1,146
26,20,5,Silicio/acido sulfurico,7.54489,2,119
26,25,0,Carbono/agua,6.83351,2,180
26,25,1,Carbono/amonia,8.4579,2,92
26,25,2,Carbono/acido sulfurico,9,6,231
26,25,3,Carbono/metano,0.495825,1,83
26,25,4,Silicio/agua,0.105066,1,189
26,25,5,Silicio/acido sulfurico,8.80075,3,149
26,30,0,Carbono/agua,7.60976,2,227
26,30,1,Carbono/amonia,8.4579,3,109
26,30,2,Carbono/acido sulfurico,9,6,291
26,30,3,Carbono/metano,0.568108,1,105
26,30,4,Silicio/agua,0.105066,1,237
26,30,5,Silicio/acido sulfurico,8.80075,3,189
26,35,0,Carbono/agua,8.4,3,277
26,35,1,Carbono/amonia,8.4579,4,127
26,35,2,Carbono/acido sulfurico,9,6,358
26,35,3,Carbono/metano,6.57613,2,128
26,35,4,Silicio/agua,0.158553,1,292
26,35,5,Silicio/acido sulfurico,8.80075,4,260
26,40,0,Carbono/agua,9,4,335
26,40,1,Carbono/amonia,8.4579,5,159
26,40,2,Carbono/acido sulfurico,9,6,432
26,40,3,Carbono/metano,6.57613,2,152
26,40,4,Silicio/agua,0.158553,1,352
26,40,5,Silicio/acido sulfurico,9,5,341
26,45,0,Carbono/agua,9,4,397
26,45,1,Carbono/amonia,8.4579,5,201
26,45,2,Carbono/acido sulfurico,9,6,513
26,45,3,Carbono/metano,6.57613,2,178
26,45,4,Silicio/agua,0.182208,1,418
26,45,5,Silicio/acido sulfurico,9,5,430
26,50,0,Carbono/agua,9,4,466
26,50,1,Carbono/amonia,8.4579,5,248
26,50,2,Carbono/acido sulfurico,9,6,601
26,50,3,Carbono/metano,6.57613,2,209
26,50,4,Silicio/agua,0.182208,1,491
26,50,5,Silicio/acido sulfurico,9,5,527
26,55,0,Carbono/agua,9,4,544
26,55,1,Carbono/amonia,8.4579,5,302
26,55,2,Carbono/acido sulfurico,9,6,699
26,55,3,Carbono/metano,6.57613,2,242
26,55,4,Silicio/agua,0.237818,1,570
26,55,5,Silicio/acido sulfurico,9,5,635
26,60,0,Carbono/agua,9,4,629
26,60,1,Carbono/amonia,8.4579,6,361
26,60,2,Carbono/acido sulfurico,9,6,807
26,60,3,Carbono/metano,6.57613,2,280
26,60,4,Silicio/agua,0.237818,1,657
26,60,5,Silicio/acido sulfurico,9,5,755
26,65,0,Carbono/agua,9,4,723
26,65,1,Carbono/amonia,8.54062,6,426
26,65,2,Carbono/acido sulfurico,9,6,927
26,65,3,Carbono/metano,6.94902,3,321
26,65,4,Silicio/agua,0.358448,1,754
26,65,5,Silicio/acido sulfurico,9,5,887
26,70,0,Carbono/agua,9,5,826
26,70,1,Carbono/amonia,8.54062,6,497
26,70,2,Carbono/acido sulfurico,9,6,1059
26,70,3,Carbono/metano,6.94902,4,365
26,70,4,Silicio/agua,0.377727,1,861
26,70,5,Silicio/acido sulfurico,9,5,1032
26,75,0,Carbono/agua,9,5,940
26,75,1,Carbono/amonia,9,6,575
26,75,2,Carbono/acido sulfurico,9,6,1205
26,75,3,Carbono/metano,8.15264,4,417
26,75,4,Silicio/agua,0.682138,1,978
26,75,5,Silicio/acido sulfurico,9,5,1192
26,80,0,Carbono/agua,9,5,1066
26,80,1,Carbono/amonia,9,6,661
26,80,2,Carbono/acido sulfurico,9,6,1365
26,80,3,Carbono/metano,8.15264,5,473
26,80,4,Silicio/agua,0.682138,1,1109
26,80,5,Silicio/acido sulfurico,9,5,1368
26,85,0,Carbono/agua,9,5,1203
26,85,1,Carbono/amonia,9,6,758
26,85,2,Carbono/acido sulfurico,9,6,1543
26,85,3,Carbono/metano,8.15264,5,534
26,85,4,Silicio/agua,0.682138,1,1253
26,85,5,Silicio/acido sulfurico,9,6,1562
26,90,0,Carbono/agua,9,5,1356
26,90,1,Carbono/amonia,9,6,864
26,90,2,Carbono/acido sulfurico,9,7,1738
26,90,3,Carbono/metano,8.15264,5,600
26,90,4,Silicio/agua,0.682138,1,1411
26,90,5,Silicio/acido sulfurico,9,6,1778
26,95,0,Carbono/agua,9,5,1527
26,95,1,Carbono/amonia,9,6,980
26,95,2,Carbono/acido sulfurico,9,7,1953
26,95,3,Carbono/metano,8.15264,5,675
26,95,4,Silicio/agua,0.682138,1,1585
26,95,5,Silicio/acido sulfurico,9,6,2015
26,100,0,Carbono/agua,9,5,1714
26,100,1,Carbono/amonia,9,6,1110
26,100,2,Carbono/acido sulfurico,9,8,2193
26,100,3,Carbono/metano,8.15264,5,759
26,100,4,Silicio/agua,0.682138,1,1780
26,100,5,Silicio/acido sulfurico,9,6,2277
26,105,0,Carbono/agua,9,5,1919
26,105,1,Carbono/amonia,9,6,1253
26,105,2,Carbono/acido sulfurico,9,8,2457
26,105,3,Carbono/metano,8.15264,5,849
26,105,4,Silicio/agua,0.682138,1,1995
26,105,5,Silicio/acido sulfurico,9,6,2567
26,110,0,Carbono/agua,9,5,2146
26,110,1,Carbono/amonia,9,6,1411
26,110,2,Carbono/acido sulfurico,9,8,2748
26,110,3,Carbono/metano,9,5,950
26,110,4,Silicio/agua,0.682138,1,2231
26,110,5,Silicio/acido sulfurico,9,7,2887
26,115,0,Carbono/agua,9,5,2399
26,115,1,Carbono/amonia,9,6,1584
26,115,2,Carbono/acido sulfurico,9,8,3070
26,115,3,Carbono/metano,9,5,1061
26,115,4,Silicio/agua,0.682138,1,2492
26,115,5,Silicio/acido sulfurico,9,7,3240
26,120,0,Carbono/agua,9,5,2675
26,120,1,Carbono/amonia,9,6,1774
26,120,2,Carbono/acido sulfurico,9,8,3424
26,120,3,Carbono/metano,9,5,1184
26,120,4,Silicio/agua,0.682138,1,2751
26,120,5,Silicio/acido sulfurico,9,7,3630
26,125,0,Carbono/agua,9,5,2981
26,125,1,Carbono/amonia,9,7,1986
26,125,2,Carbono/acido sulfurico,9,8,3815
26,125,3,Carbono/metano,9,5,1320
26,125,4,Silicio/agua,0.682138,1,2909
26,125,5,Silicio/acido sulfurico,9,7,4061
26,130,0,Carbono/agua,9,5,3321
26,130,1,Carbono/amonia,9,7,2220
26,130,2,Carbono/acido sulfurico,9,8,4247
26,130,3,Carbono/metano,9,4,1440
26,130,4,Silicio/agua,0.682138,1,3085
26,130,5,Silicio/acido sulfurico,9,7,4536
26,135,0,Carbono/agua,9,5,3695
26,135,1,Carbono/amonia,9,7,2479
26,135,2,Carbono/acido sulfurico,9,8,4725
26,135,3,Carbono/metano,9,4,1522
26,135,4,Silicio/agua,0.682138,1,3279
26,135,5,Silicio/acido sulfurico,9,7,5060
26,140,0,Carbono/agua,9,5,4106
26,140,1,Carbono/amonia,9,7,2764
26,140,2,Carbono/acido sulfurico,9,8,5251
26,140,3,Carbono/metano,9,4,1613
26,140,4,Silicio/agua,0.682138,1,3494
26,140,5,Silicio/acido sulfurico,9,7,5639
26,145,0,Carbono/agua,9,6,4561
26,145,1,Carbono/amonia,9,7,3079
26,145,2,Carbono/acido sulfurico,9,8,5834
26,145,3,Carbono/metano,9,4,1713
26,145,4,Silicio/agua,0.682138,1,3828
26,145,5,Silicio/acido sulfurico,9,7,6278
26,150,0,Carbono/agua,9,6,5063
26,150,1,Carbono/amonia,9,7,3427
26,150,2,Carbono/acido sulfurico,9,8,6477
26,150,3,Carbono/metano,9,4,1825
26,150,4,Silicio/agua,0.682138,1,4348
26,150,5,Silicio/acido sulfurico,9,7,6984
26,155,0,Carbono/agua,9,7,5617
26,155,1,Carbono/amonia,9,7,3810
26,155,2,Carbono/acido sulfurico,9,8,7187
26,155,3,Carbono/metano,9,4,2022
26,155,4,Silicio/agua,0.682138,1,4922
26,155,5,Silicio/acido sulfurico,9,7,7762
26,160,0,Carbono/agua,9,7,6229
26,160,1,Carbono/amonia,9,7,4233
26,160,2,Carbono/acido sulfurico,9,8,7969
26,160,3,Carbono/metano,9,4,2295
26,160,4,Silicio/agua,9,4,5558
26,160,5,Silicio/acido sulfurico,9,7,8621
26,165,0,Carbono/agua,9,2,6906
26,165,1,Carbono/amonia,9,7,4700
26,165,2,Carbono/acido sulfurico,9,7,8744
26,165,3,Carbono/metano,9,4,2596
26,165,4,Silicio/agua,9,5,6261
26,165,5,Silicio/acido sulfurico,9,7,9571
26,170,0,Carbono/agua,9,5,7279
26,170,1,Carbono/amonia,9,7,5216
26,170,2,Carbono/acido sulfurico,9,7,9221
26,170,3,Carbono/metano,9,4,2795
26,170,4,Silicio/agua,9,5,7036
26,170,5,Silicio/acido sulfurico,9,7,10618
26,175,0,Carbono/agua,9,5,7692
26,175,1,Carbono/amonia,9,8,5770
26,175,2,Carbono/acido sulfurico,9,7,9734
26,175,3,Carbono/metano,9,4,2974
26,175,4,Silicio/agua,9,5,7893
26,175,5,Silicio/acido sulfurico,9,7,11741
26,180,0,Carbono/agua,9,5,8146
26,180,1,Carbono/amonia,9,8,6325
26,180,2,Carbono/acido sulfurico,9,8,10249
26,180,3,Carbono/metano,9,4,3153
26,180,4,Silicio/agua,9,5,8838
26,180,5,Silicio/acido sulfurico,9,7,12871
26,185,0,Carbono/agua,9,5,8648
26,185,1,Carbono/amonia,9,8,6882
26,185,2,Carbono/acido sulfurico,9,8,10764
26,185,3,Carbono/metano,9,4,3332
26,185,4,Silicio/agua,9,5,9881
26,185,5,Silicio/acido sulfurico,9,7,14001
26,190,0,Carbono/agua,9,5,9316
26,190,1,Carbono/amonia,9,8,7438
26,190,2,Carbono/acido sulfurico,9,8,11485
26,190,3,Carbono/metano,9,4,3509
26,190,4,Silicio/agua,9,5,11033
26,190,5,Silicio/acido sulfurico,9,7,15130
26,195,0,Carbono/agua,9,5,10541
26,195,1,Carbono/amonia,9,8,7993
26,195,2,Carbono/acido sulfurico,9,8,12515
26,195,3,Carbono/metano,9,5,3868
26,195,4,Silicio/agua,9,5,12306
26,195,5,Silicio/acido sulfurico,9,7,16258
26,200,0,Carbono/agua,9,5,11893
26,200,1,Carbono/amonia,9,8,8549
26,200,2,Carbono/acido sulfurico,9,8,13544
26,200,3,Carbono/metano,9,5,4225
26,200,4,Silicio/agua,9,5,13711
26,200,5,Silicio/acido sulfurico,9,7,17388
26,205,0,Carbono/agua,9,5,13387
26,205,1,Carbono/amonia,9,8,9104
26,205,2,Carbono/acido sulfurico,9,8,14574
26,205,3,Carbono/metano,9,5,4582
26,205,4,Silicio/agua,9,5,15261
26,205,5,Silicio/acido sulfurico,9,7,18517
26,210,0,Carbono/agua,9,7,15036
26,210,1,Carbono/amonia,9,8,9659
26,210,2,Carbono/acido sulfurico,9,6,15398
26,210,3,Carbono/metano,9,5,4937
26,210,4,Silicio/agua,9,5,16973
26,210,5,Silicio/acido sulfurico,9,4,19534
26,215,0,Carbono/agua,9,5,16666
26,215,1,Carbono/amonia,9,8,10215
26,215,2,Carbono/acido sulfurico,9,6,15913
26,215,3,Carbono/metano,9,5,5295
26,215,4,Silicio/agua,9,5,18864
26,215,5,Silicio/acido sulfurico,9,5,20099
26,220,0,Carbono/agua,9,5,17671
26,220,1,Carbono/amonia,9,8,10770
26,220,2,Carbono/acido sulfurico,9,6,16428
26,220,3,Carbono/metano,9,5,5652
26,220,4,Silicio/agua,9,7,20950
26,220,5,Silicio/acido sulfurico,9,5,20664
26,225,0,Carbono/agua,9,5,18781
26,225,1,Carbono/amonia,9,8,11325
26,225,2,Carbono/acido sulfurico,9,8,16943
26,225,3,Carbono/metano,9,5,6008
26,225,4,Silicio/agua,9,7,23254
26,225,5,Silicio/acido sulfurico,9,5,21228
26,230,0,Carbono/agua,9,5,20005
26,230,1,Carbono/amonia,9,8,11881
26,230,2,Carbono/acido sulfurico,9,8,17457
26,230,3,Carbono/metano,9,5,6366
26,230,4,Silicio/agua,9,7,25799
26,230,5,Silicio/acido sulfurico,9,5,21793
26,235,0,Carbono/agua,9,5,21335
26,235,1,Carbono/amonia,9,8,12436
26,235,2,Carbono/acido sulfurico,9,8,17972
26,235,3,Carbono/metano,9,5,6723
26,235,4,Silicio/agua,9,7,28559
26,235,5,Silicio/acido sulfurico,9,5,22583
26,240,0,Carbono/agua,9,5,23213
26,240,1,Carbono/amonia,9,8,12992
26,240,2,Carbono/acido sulfurico,9,8,18487
26,240,3,Carbono/metano,9,5,7081
26,240,4,Silicio/agua,9,7,31342
26,240,5,Silicio/acido sulfurico,9,5,23712
26,245,0,Carbono/agua,9,5,25896
26,245,1,Carbono/amonia,9,8,13548
26,245,2,Carbono/acido sulfurico,9,8,19517
26,245,3,Carbono/metano,9,5,7438
26,245,4,Silicio/agua,9,7,34127
26,245,5,Silicio/acido sulfurico,9,5,24840
26,250,0,Carbono/agua,9,5,28576
26,250,1,Carbono/amonia,9,8,14103
26,250,2,Carbono/acido sulfurico,9,8,20547
26,250,3,Carbono/metano,9,5,7795
26,250,4,Silicio/agua,9,7,36910
26,250,5,Silicio/acido sulfurico,9,5,25970
26,255,0,Carbono/agua,9,5,31257
26,255,1,Carbono/amonia,9,8,14658
26,255,2,Carbono/acido sulfurico,9,8,21577
26,255,3,Carbono/metano,9,5,8152
26,255,4,Silicio/agua,9,7,39692
26,255,5,Silicio/acido sulfurico,9,5,27099
26,260,0,Carbono/agua,9,5,33937
26,260,1,Carbono/amonia,9,8,15213
26,260,2,Carbono/acido sulfurico,9,8,22607
26,260,3,Carbono/metano,9,5,8508
26,260,4,Silicio/agua,9,7,42476
26,260,5,Silicio/acido sulfurico,9,5,28227
26,265,0,Carbono/agua,9,5,36617
26,265,1,Carbono/amonia,9,8,15768
26,265,2,Carbono/acido sulfurico,9,8,23637
26,265,3,Carbono/metano,9,5,8863
26,265,4,Silicio/agua,9,7,45259
26,265,5,Silicio/acido sulfurico,9,5,29355
26,270,0,Carbono/agua,9,5,39297
26,270,1,Carbono/amonia,9,8,16323
26,270,2,Carbono/acido sulfurico,9,8,24666
26,270,3,Carbono/metano,9,5,9218
26,270,4,Silicio/agua,9,7,48041
26,270,5,Silicio/acido sulfurico,9,5,30484
26,275,0,Carbono/agua,9,5,41979
26,275,1,Carbono/amonia,9,8,16878
26,275,2,Carbono/acido sulfurico,9,8,25695
26,275,3,Carbono/metano,9,5,9576
26,275,4,Silicio/agua,9,7,50823
26,275,5,Silicio/acido sulfurico,9,6,31612
26,280,0,Carbono/agua,9,6,44659
26,280,1,Carbono/amonia,9,8,17433
26,280,2,Carbono/acido sulfurico,9,8,26725
26,280,3,Carbono/metano,9,5,9933
26,280,4,Silicio/agua,9,7,53607
26,280,5,Silicio/acido sulfurico,9,7,32742
26,285,0,Carbono/agua,9,7,47340
26,285,1,Carbono/amonia,9,8,17988
26,285,2,Carbono/acido sulfurico,9,8,27755
26,285,3,Carbono/metano,9,6,10290
26,285,4,Silicio/agua,9,8,56392
26,285,5,Silicio/acido sulfurico,9,7,33871
26,290,0,Carbono/agua,9,7,50021
26,290,1,Carbono/amonia,9,8,18544
26,290,2,Carbono/acido sulfurico,9,8,28785
26,290,3,Carbono/metano,9,6,10647
26,290,4,Silicio/agua,9,8,59173
26,290,5,Silicio/acido sulfurico,9,7,35000
26,295,0,Carbono/agua,9,7,52702
26,295,1,Carbono/amonia,9,8,19099
26,295,2,Carbono/acido sulfurico,9,8,29814
26,295,3,Carbono/metano,9,6,11005
26,295,4,Silicio/agua,9,8,61955
26,295,5,Silicio/acido sulfurico,9,7,36130
26,300,0,Carbono/agua,9,7,55382
26,300,1,Carbono/amonia,9,8,19656
26,300,2,Carbono/acido sulfurico,9,8,30844
26,300,3,Carbono/metano,9,6,11361
26,300,4,Silicio/agua,9,8,64738
26,300,5,Silicio/acido sulfurico,9,7,37258
27,0,0,Carbono/agua,-0.198792,1,5
27,0,1,Carbono/amonia,nan,0,4
27,0,2,Carbono/acido sulfurico,nan,0,7
27,0,3,Carbono/metano,nan,0,2
27,0,4,Silicio/agua,0.00148091,1,6
27,0,5,Silicio/acido sulfurico,nan,0,8
27,5,0,Carbono/agua,-0.0817014,1,35
27,5,1,Carbono/amonia,-0.199475,1,24
27,5,2,Carbono/acido sulfurico,0.0738854,1,42
27,5,3,Carbono/metano,0.137423,1,14
27,5,4,Silicio/agua,0.0326877,1,36
27,5,5,Silicio/acido sulfurico,-0.274388,1,49
27,10,0,Carbono/agua,-0.0427377,1,66
27,10,1,Carbono/amonia,-0.0904793,1,46
27,10,2,Carbono/acido sulfurico,0.183253,1,82
27,10,3,Carbono/metano,6,2,27
27,10,4,Silicio/agua,0.541609,1,68
27,10,5,Silicio/acido sulfurico,8.54062,3,94
27,15,0,Carbono/agua,0.0670266,1,102
27,15,1,Carbono/amonia,0.0458371,1,71
27,15,2,Carbono/acido sulfurico,0.183253,1,127
27,15,3,Carbono/metano,7.66907,3,42
27,15,4,Silicio/agua,0.541609,1,103
27,15,5,Silicio/acido sulfurico,9,4,142
27,20,0,Carbono/agua,0.142042,1,139
27,20,1,Carbono/amonia,0.0458371,1,97
27,20,2,Carbono/acido sulfurico,0.257178,1,177
27,20,3,Carbono/metano,7.77304,3,59
27,20,4,Silicio/agua,0.964134,1,142
27,20,5,Silicio/acido sulfurico,9,5,195
27,25,0,Carbono/agua,0.142042,1,182
27,25,1,Carbono/amonia,0.0458371,1,126
27,25,2,Carbono/acido sulfurico,0.331317,1,231
27,25,3,Carbono/metano,7.8463,3,76
27,25,4,Silicio/agua,6.37824,2,186
27,25,5,Silicio/acido sulfurico,9,5,254
27,30,0,Carbono/agua,0.173514,1,227
27,30,1,Carbono/amonia,0.0458371,1,158
27,30,2,Carbono/acido sulfurico,0.331317,1,291
27,30,3,Carbono/metano,7.8463,3,96
27,30,4,Silicio/agua,7.67595,2,233
27,30,5,Silicio/acido sulfurico,9,5,319
27,35,0,Carbono/agua,0.173514,1,258
27,35,1,Carbono/amonia,0.0458371,1,194
27,35,2,Carbono/acido sulfurico,0.331317,1,357
27,35,3,Carbono/metano,7.8463,3,117
27,35,4,Silicio/agua,7.67595,2,287
27,35,5,Silicio/acido sulfurico,9,5,391
27,40,0,Carbono/agua,0.268762,1,286
27,40,1,Carbono/amonia,0.0458371,1,235
27,40,2,Carbono/acido sulfurico,6,3,430
27,40,3,Carbono/metano,7.8463,3,142
27,40,4,Silicio/agua,7.67595,3,345
27,40,5,Silicio/acido sulfurico,9,5,470
27,45,0,Carbono/agua,0.268762,1,317
27,45,1,Carbono/amonia,0.0458371,1,278
27,45,2,Carbono/acido sulfurico,8.54062,5,510
27,45,3,Carbono/metano,7.8463,3,171
27,45,4,Silicio/agua,7.67595,3,409
27,45,5,Silicio/acido sulfurico,9,5,557
27,50,0,Carbono/agua,0.268762,1,351
27,50,1,Carbono/amonia,0.236973,1,325
27,50,2,Carbono/acido sulfurico,8.54062,5,600
27,50,3,Carbono/metano,7.8463,3,202
27,50,4,Silicio/agua,8.81735,3,482
27,50,5,Silicio/acido sulfurico,9,5,654
27,55,0,Carbono/agua,0.268762,1,389
27,55,1,Carbono/amonia,0.266322,1,378
27,55,2,Carbono/acido sulfurico,9,5,698
27,55,3,Carbono/metano,8.04133,3,238
27,55,4,Silicio/agua,8.81735,3,562
27,55,5,Silicio/acido sulfurico,9,5,763
27,60,0,Carbono/agua,0.322699,1,472
27,60,1,Carbono/amonia,0.481151,1,438
27,60,2,Carbono/acido sulfurico,9,5,807
27,60,3,Carbono/metano,8.04133,3,273
27,60,4,Silicio/agua,8.81735,3,650
27,60,5,Silicio/acido sulfurico,9,5,882
27,65,0,Carbono/agua,0.322699,1,565
27,65,1,Carbono/amonia,0.571946,1,501
27,65,2,Carbono/acido sulfurico,9,5,927
27,65,3,Carbono/metano,8.19753,3,315
27,65,4,Silicio/agua,8.81735,3,747
27,65,5,Silicio/acido sulfurico,9,5,1015
27,70,0,Carbono/agua,6.50385,2,668
27,70,1,Carbono/amonia,0.84446,1,572
27,70,2,Carbono/acido sulfurico,9,5,1059
27,70,3,Carbono/metano,8.20076,3,360
27,70,4,Silicio/agua,8.81735,3,854
27,70,5,Silicio/acido sulfurico,9,5,1160
27,75,0,Carbono/agua,7.21594,2,782
27,75,1,Carbono/amonia,6.63514,3,650
27,75,2,Carbono/acido sulfurico,9,5,1205
27,75,3,Carbono/metano,8.81766,3,410
27,75,4,Silicio/agua,9,3,973
27,75,5,Silicio/acido sulfurico,9,6,1319
27,80,0,Carbono/agua,7.21594,3,907
27,80,1,Carbono/amonia,7.60593,3,736
27,80,2,Carbono/acido sulfurico,9,5,1367
27,80,3,Carbono/metano,8.81766,3,465
27,80,4,Silicio/agua,9,3,1104
27,80,5,Silicio/acido sulfurico,9,6,1495
27,85,0,Carbono/agua,7.21594,3,1047
27,85,1,Carbono/amonia,7.60593,3,832
27,85,2,Carbono/acido sulfurico,9,5,1545
27,85,3,Carbono/metano,8.81766,3,526
27,85,4,Silicio/agua,9,3,1248
27,85,5,Silicio/acido sulfurico,9,7,1689
27,90,0,Carbono/agua,7.24915,3,1202
27,90,1,Carbono/amonia,7.60593,3,939
27,90,2,Carbono/acido sulfurico,9,5,1740
27,90,3,Carbono/metano,8.81766,3,593
27,90,4,Silicio/agua,9,3,1408
27,90,5,Silicio/acido sulfurico,9,7,1904
27,95,0,Carbono/agua,8.25133,3,1371
27,95,1,Carbono/amonia,8.4,3,1055
27,95,2,Carbono/acido sulfurico,9,5,1957
27,95,3,Carbono/metano,8.81766,3,669
27,95,4,Silicio/agua,9,3,1585
27,95,5,Silicio/acido sulfurico,9,7,2143
27,100,0,Carbono/agua,8.25133,3,1558
27,100,1,Carbono/amonia,8.4,3,1183
27,100,2,Carbono/acido sulfurico,9,5,2196
27,100,3,Carbono/metano,9,3,753
27,100,4,Silicio/agua,9,3,1780
27,100,5,Silicio/acido sulfurico,9,7,2405
27,105,0,Carbono/agua,8.34911,3,1765
27,105,1,Carbono/amonia,8.4,3,1326
27,105,2,Carbono/acido sulfurico,9,5,2460
27,105,3,Carbono/metano,9,3,845
27,105,4,Silicio/agua,9,3,1993
27,105,5,Silicio/acido sulfurico,9,7,2695
27,110,0,Carbono/agua,9,3,1994
27,110,1,Carbono/amonia,8.4,3,1483
27,110,2,Carbono/acido sulfurico,9,5,2750
27,110,3,Carbono/metano,9,3,947
27,110,4,Silicio/agua,9,3,2230
27,110,5,Silicio/acido sulfurico,9,7,3015
27,115,0,Carbono/agua,9,3,2246
27,115,1,Carbono/amonia,8.56265,3,1656
27,115,2,Carbono/acido sulfurico,9,5,3072
27,115,3,Carbono/metano,9,3,1057
27,115,4,Silicio/agua,9,3,2491
27,115,5,Silicio/acido sulfurico,9,7,3369
27,120,0,Carbono/agua,9,3,2524
27,120,1,Carbono/amonia,8.9341,3,1848
27,120,2,Carbono/acido sulfurico,9,5,3426
27,120,3,Carbono/metano,9,3,1182
27,120,4,Silicio/agua,9,3,2778
27,120,5,Silicio/acido sulfurico,9,7,3759
27,125,0,Carbono/agua,9,3,2830
27,125,1,Carbono/amonia,9,3,2060
27,125,2,Carbono/acido sulfurico,9,5,3820
27,125,3,Carbono/metano,9,4,1318
27,125,4,Silicio/agua,9,3,3096
27,125,5,Silicio/acido sulfurico,9,7,4189
27,130,0,Carbono/agua,9,3,3168
27,130,1,Carbono/amonia,9,3,2292
27,130,2,Carbono/acido sulfurico,9,5,4253
27,130,3,Carbono/metano,9,4,1468
27,130,4,Silicio/agua,9,4,3446
27,130,5,Silicio/acido sulfurico,9,7,4664
27,135,0,Carbono/agua,9,3,3541
27,135,1,Carbono/amonia,9,3,2552
27,135,2,Carbono/acido sulfurico,9,5,4732
27,135,3,Carbono/metano,9,4,1634
27,135,4,Silicio/agua,9,6,3834
27,135,5,Silicio/acido sulfurico,9,6,5134
27,140,0,Carbono/agua,9,3,3954
27,140,1,Carbono/amonia,9,3,2837
27,140,2,Carbono/acido sulfurico,9,5,5261
27,140,3,Carbono/metano,9,4,1816
27,140,4,Silicio/agua,9,7,4261
27,140,5,Silicio/acido sulfurico,9,7,5422
27,145,0,Carbono/agua,9,3,4409
27,145,1,Carbono/amonia,9,3,3151
27,145,2,Carbono/acido sulfurico,9,5,5844
27,145,3,Carbono/metano,9,5,2018
27,145,4,Silicio/agua,9,7,4734
27,145,5,Silicio/acido sulfurico,9,7,5741
27,150,0,Carbono/agua,9,3,4912
27,150,1,Carbono/amonia,9,3,3497
27,150,2,Carbono/acido sulfurico,9,5,6487
27,150,3,Carbono/metano,9,5,2240
27,150,4,Silicio/agua,9,7,5256
27,150,5,Silicio/acido sulfurico,9,7,6095
27,155,0,Carbono/agua,9,3,5468
27,155,1,Carbono/amonia,9,4,3882
27,155,2,Carbono/acido sulfurico,9,5,7198
27,155,3,Carbono/metano,9,5,2485
27,155,4,Silicio/agua,9,7,5832
27,155,5,Silicio/acido sulfurico,9,7,6485
27,160,0,Carbono/agua,9,3,6081
27,160,1,Carbono/amonia,9,6,4306
27,160,2,Carbono/acido sulfurico,9,5,7983
27,160,3,Carbono/metano,9,6,2756
27,160,4,Silicio/agua,9,7,6470
27,160,5,Silicio/acido sulfurico,9,7,7092
27,165,0,Carbono/agua,9,3,6757
27,165,1,Carbono/amonia,9,7,4774
27,165,2,Carbono/acido sulfurico,9,5,8849
27,165,3,Carbono/metano,9,7,3056
27,165,4,Silicio/agua,9,7,7174
27,165,5,Silicio/acido sulfurico,9,7,8041
27,170,0,Carbono/agua,9,3,7503
27,170,1,Carbono/amonia,9,7,5290
27,170,2,Carbono/acido sulfurico,9,5,9805
27,170,3,Carbono/metano,9,7,3387
27,170,4,Silicio/agua,9,7,7949
27,170,5,Silicio/acido sulfurico,9,7,9088
27,175,0,Carbono/agua,9,3,8328
27,175,1,Carbono/amonia,9,7,5843
27,175,2,Carbono/acido sulfurico,9,7,10832
27,175,3,Carbono/metano,9,3,3743
27,175,4,Silicio/agua,9,7,8804
27,175,5,Silicio/acido sulfurico,9,7,10215
27,180,0,Carbono/agua,9,4,9238
27,180,1,Carbono/amonia,9,7,6398
27,180,2,Carbono/acido sulfurico,9,7,11862
27,180,3,Carbono/metano,9,6,3921
27,180,4,Silicio/agua,9,7,9749
27,180,5,Silicio/acido sulfurico,9,7,11342
27,185,0,Carbono/agua,9,4,10244
27,185,1,Carbono/amonia,9,7,6954
27,185,2,Carbono/acido sulfurico,9,7,12892
27,185,3,Carbono/metano,9,6,4099
27,185,4,Silicio/agua,9,7,10794
27,185,5,Silicio/acido sulfurico,9,7,12470
27,190,0,Carbono/agua,9,3,11015
27,190,1,Carbono/amonia,9,7,7511
27,190,2,Carbono/acido sulfurico,9,7,13922
27,190,3,Carbono/metano,9,4,4277
27,190,4,Silicio/agua,9,7,11945
27,190,5,Silicio/acido sulfurico,9,7,13600
27,195,0,Carbono/agua,9,3,11628
27,195,1,Carbono/amonia,9,7,8067
27,195,2,Carbono/acido sulfurico,9,7,14952
27,195,3,Carbono/metano,9,5,4455
27,195,4,Silicio/agua,9,7,13219
27,195,5,Silicio/acido sulfurico,9,7,14729
27,200,0,Carbono/agua,9,3,12305
27,200,1,Carbono/amonia,9,7,8622
27,200,2,Carbono/acido sulfurico,9,7,15982
27,200,3,Carbono/metano,9,5,4633
27,200,4,Silicio/agua,9,7,14623
27,200,5,Silicio/acido sulfurico,9,7,15859
27,205,0,Carbono/agua,9,3,13052
27,205,1,Carbono/amonia,9,7,9177
27,205,2,Carbono/acido sulfurico,9,7,17012
27,205,3,Carbono/metano,9,5,4810
27,205,4,Silicio/agua,9,7,16174
27,205,5,Silicio/acido sulfurico,9,7,16989
27,210,0,Carbono/agua,9,3,13875
27,210,1,Carbono/amonia,9,7,9733
27,210,2,Carbono/acido sulfurico,9,7,18042
27,210,3,Carbono/metano,9,5,4990
27,210,4,Silicio/agua,9,7,17886
27,210,5,Silicio/acido sulfurico,9,7,18119
27,215,0,Carbono/agua,9,5,15522
27,215,1,Carbono/amonia,9,7,10290
27,215,2,Carbono/acido sulfurico,9,7,19072
27,215,3,Carbono/metano,9,6,5204
27,215,4,Silicio/agua,9,7,19775
27,215,5,Silicio/acido sulfurico,9,7,19249
27,220,0,Carbono/agua,9,7,17533
27,220,1,Carbono/amonia,9,7,10847
27,220,2,Carbono/acido sulfurico,9,7,20102
27,220,3,Carbono/metano,9,6,5560
27,220,4,Silicio/agua,9,7,21864
27,220,5,Silicio/acido sulfurico,9,7,20378
27,225,0,Carbono/agua,9,7,19753
27,225,1,Carbono/amonia,9,7,11403
27,225,2,Carbono/acido sulfurico,9,7,21132
27,225,3,Carbono/metano,9,7,5915
27,225,4,Silicio/agua,9,7,24167
27,225,5,Silicio/acido sulfurico,9,7,21506
27,230,0,Carbono/agua,9,7,22204
27,230,1,Carbono/amonia,9,7,11959
27,230,2,Carbono/acido sulfurico,9,7,22162
27,230,3,Carbono/metano,9,7,6273
27,230,4,Silicio/agua,9,7,26712
27,230,5,Silicio/acido sulfurico,9,7,22635
27,235,0,Carbono/agua,9,7,24863
27,235,1,Carbono/amonia,9,7,12515
27,235,2,Carbono/acido sulfurico,9,7,23191
27,235,3,Carbono/metano,9,7,6628
27,235,4,Silicio/agua,9,7,29472
27,235,5,Silicio/acido sulfurico,9,7,23763
27,240,0,Carbono/agua,9,8,27543
27,240,1,Carbono/amonia,9,7,13070
27,240,2,Carbono/acido sulfurico,9,7,24221
27,240,3,Carbono/metano,9,7,6985
27,240,4,Silicio/agua,9,7,32255
27,240,5,Silicio/acido sulfurico,9,7,24893
27,245,0,Carbono/agua,9,8,30224
27,245,1,Carbono/amonia,9,7,13625
27,245,2,Carbono/acido sulfurico,9,7,25251
27,245,3,Carbono/metano,9,7,7341
27,245,4,Silicio/agua,9,7,35039
27,245,5,Silicio/acido sulfurico,9,7,26022
27,250,0,Carbono/agua,9,8,32905
27,250,1,Carbono/amonia,9,7,14181
27,250,2,Carbono/acido sulfurico,9,7,26280
27,250,3,Carbono/metano,9,7,7697
27,250,4,Silicio/agua,9,7,37822
27,250,5,Silicio/acido sulfurico,9,7,27151
27,255,0,Carbono/agua,9,8,35586
27,255,1,Carbono/amonia,9,7,14736
27,255,2,Carbono/acido sulfurico,9,7,27310
27,255,3,Carbono/metano,9,7,8053
27,255,4,Silicio/agua,9,7,40604
27,255,5,Silicio/acido sulfurico,9,7,28278
27,260,0,Carbono/agua,9,8,38266
27,260,1,Carbono/amonia,9,7,15292
27,260,2,Carbono/acido sulfurico,9,7,28340
27,260,3,Carbono/metano,9,7,8408
27,260,4,Silicio/agua,9,7,43386
27,260,5,Silicio/acido sulfurico,9,7,29408
27,265,0,Carbono/agua,9,8,40947
27,265,1,Carbono/amonia,9,7,15848
27,265,2,Carbono/acido sulfurico,9,7,29370
27,265,3,Carbono/metano,9,7,8765
27,265,4,Silicio/agua,9,7,46169
27,265,5,Silicio/acido sulfurico,9,7,30537
27,270,0,Carbono/agua,9,8,43628
27,270,1,Carbono/amonia,9,7,16403
27,270,2,Carbono/acido sulfurico,9,8,30399
27,270,3,Carbono/metano,9,7,9122
27,270,4,Silicio/agua,9,7,48952
27,270,5,Silicio/acido sulfurico,9,7,31666
27,275,0,Carbono/agua,9,8,46308
27,275,1,Carbono/amonia,9,7,16958
27,275,2,Carbono/acido sulfurico,9,8,31429
27,275,3,Carbono/metano,9,7,9478
27,275,4,Silicio/agua,9,7,51737
27,275,5,Silicio/acido sulfurico,9,7,32796
27,280,0,Carbono/agua,9,8,48988
27,280,1,Carbono/amonia,9,7,17514
27,280,2,Carbono/acido sulfurico,9,8,32459
27,280,3,Carbono/metano,9,7,9835
27,280,4,Silicio/agua,9,7,54520
27,280,5,Silicio/acido sulfurico,9,7,33925
27,285,0,Carbono/agua,9,8,51669
27,285,1,Carbono/amonia,9,7,18071
27,285,2,Carbono/acido sulfurico,9,8,33489
27,285,3,Carbono/metano,9,7,10192
27,285,4,Silicio/agua,9,7,57304
27,285,5,Silicio/acido sulfurico,9,7,35053
27,290,0,Carbono/agua,9,8,54350
27,290,1,Carbono/amonia,9,7,18627
27,290,2,Carbono/acido sulfurico,9,8,34517
27,290,3,Carbono/metano,9,7,10549
27,290,4,Silicio/agua,9,7,60087
27,290,5,Silicio/acido sulfurico,9,7,36183
27,295,0,Carbono/agua,9,8,57031
27,295,1,Carbono/amonia,9,7,19183
27,295,2,Carbono/acido sulfurico,9,8,35547
27,295,3,Carbono/metano,9,7,10906
27,295,4,Silicio/agua,9,7,62871
27,295,5,Silicio/acido sulfurico,9,7,37313
27,300,0,Carbono/agua,9,8,59713
27,300,1,Carbono/amonia,9,7,19738
27,300,2,Carbono/acido sulfurico,9,8,36577
27,300,3,Carbono/metano,9,7,11263
27,300,4,Silicio/agua,9,7,65654
27,300,5,Silicio/acido sulfurico,9,7,38442
28,0,0,Carbono/agua,0.0359315,1,5
28,0,1,Carbono/amonia,-0.223068,1,3
28,0,2,Carbono/acido sulfurico,-0.0497727,1,7
28,0,3,Carbono/metano,nan,0,2
28,0,4,Silicio/agua,-0.092152,1,6
28,0,5,Silicio/acido sulfurico,nan,0,8
28,5,0,Carbono/agua,0.0359315,1,34
28,5,1,Carbono/amonia,-0.223068,1,22
28,5,2,Carbono/acido sulfurico,0.0127504,1,43
28,5,3,Carbono/metano,-0.181701,1,17
28,5,4,Silicio/agua,-0.0158941,1,34
28,5,5,Silicio/acido sulfurico,-0.260634,1,49
28,10,0,Carbono/agua,0.100604,1,65
28,10,1,Carbono/amonia,-0.1212,1,44
28,10,2,Carbono/acido sulfurico,0.110038,1,83
28,10,3,Carbono/metano,0.0629551,1,32
28,10,4,Silicio/agua,0.0415827,1,69
28,10,5,Silicio/acido sulfurico,8.45762,3,92
28,15,0,Carbono/agua,0.100604,1,99
28,15,1,Carbono/amonia,-0.0756366,1,67
28,15,2,Carbono/acido sulfurico,0.23226,1,129
28,15,3,Carbono/metano,0.0629551,1,47
28,15,4,Silicio/agua,0.0415827,1,106
28,15,5,Silicio/acido sulfurico,8.45762,4,140
28,20,0,Carbono/agua,0.181965,1,137
28,20,1,Carbono/amonia,-0.0056702,1,92
28,20,2,Carbono/acido sulfurico,0.209981,1,174
28,20,3,Carbono/metano,0.0629551,1,62
28,20,4,Silicio/agua,6.53198,2,145
28,20,5,Silicio/acido sulfurico,9,5,193
28,25,0,Carbono/agua,0.181965,1,179
28,25,1,Carbono/amonia,8.54062,2,121
28,25,2,Carbono/acido sulfurico,0.209981,1,201
28,25,3,Carbono/metano,0.155162,1,81
28,25,4,Silicio/agua,6.53198,2,189
28,25,5,Silicio/acido sulfurico,9,5,254
28,30,0,Carbono/agua,0.181965,1,227
28,30,1,Carbono/amonia,8.54062,3,153
28,30,2,Carbono/acido sulfurico,0.35205,1,230
28,30,3,Carbono/metano,0.353457,1,101
28,30,4,Silicio/agua,7.00723,2,236
28,30,5,Silicio/acido sulfurico,9,5,319
28,35,0,Carbono/agua,0.252893,1,279
28,35,1,Carbono/amonia,8.54062,3,188
28,35,2,Carbono/acido sulfurico,0.422331,1,264
28,35,3,Carbono/metano,0.353457,1,124
28,35,4,Silicio/agua,7.04061,3,289
28,35,5,Silicio/acido sulfurico,9,5,393
28,40,0,Carbono/agua,0.252893,1,336
28,40,1,Carbono/amonia,8.54062,3,227
28,40,2,Carbono/acido sulfurico,0.431365,1,299
28,40,3,Carbono/metano,0.353457,1,149
28,40,4,Silicio/agua,7.14172,3,346
28,40,5,Silicio/acido sulfurico,9,5,473
28,45,0,Carbono/agua,0.471847,1,399
28,45,1,Carbono/amonia,9,3,270
28,45,2,Carbono/acido sulfurico,6.40112,3,355
28,45,3,Carbono/metano,0.353457,1,178
28,45,4,Silicio/agua,7.18597,3,411
28,45,5,Silicio/acido sulfurico,9,5,560
28,50,0,Carbono/agua,0.471847,1,468
28,50,1,Carbono/amonia,9,4,317
28,50,2,Carbono/acido sulfurico,6.45987,3,443
28,50,3,Carbono/metano,0.353457,1,209
28,50,4,Silicio/agua,7.25754,4,482
28,50,5,Silicio/acido sulfurico,9,4,638
28,55,0,Carbono/agua,0.471847,1,545
28,55,1,Carbono/amonia,9,5,370
28,55,2,Carbono/acido sulfurico,6.67421,3,543
28,55,3,Carbono/metano,0.353457,1,242
28,55,4,Silicio/agua,7.25754,5,560
28,55,5,Silicio/acido sulfurico,9,4,692
28,60,0,Carbono/agua,0.471847,1,630
28,60,1,Carbono/amonia,9,5,428
28,60,2,Carbono/acido sulfurico,7.13395,3,652
28,60,3,Carbono/metano,0.353457,1,279
28,60,4,Silicio/agua,9,7,648
28,60,5,Silicio/acido sulfurico,9,4,752
28,65,0,Carbono/agua,0.471847,1,724
28,65,1,Carbono/amonia,9,5,494
28,65,2,Carbono/acido sulfurico,7.1524,3,772
28,65,3,Carbono/metano,0.353457,1,319
28,65,4,Silicio/agua,9,7,745
28,65,5,Silicio/acido sulfurico,9,4,818
28,70,0,Carbono/agua,0.471847,1,827
28,70,1,Carbono/amonia,9,5,565
28,70,2,Carbono/acido sulfurico,7.78098,3,905
28,70,3,Carbono/metano,0.353457,1,364
28,70,4,Silicio/agua,9,7,852
28,70,5,Silicio/acido sulfurico,9,4,890
28,75,0,Carbono/agua,0.471847,1,941
28,75,1,Carbono/amonia,9,5,643
28,75,2,Carbono/acido sulfurico,7.91941,4,1051
28,75,3,Carbono/metano,0.41469,1,416
28,75,4,Silicio/agua,9,8,969
28,75,5,Silicio/acido sulfurico,9,4,1018
28,80,0,Carbono/agua,0.471847,1,1067
28,80,1,Carbono/amonia,9,5,730
28,80,2,Carbono/acido sulfurico,7.92511,4,1210
28,80,3,Carbono/metano,0.41469,1,469
28,80,4,Silicio/agua,9,8,1099
28,80,5,Silicio/acido sulfurico,9,4,1195
28,85,0,Carbono/agua,0.471847,1,1205
28,85,1,Carbono/amonia,9,5,827
28,85,2,Carbono/acido sulfurico,8.19847,4,1387
28,85,3,Carbono/metano,0.41469,1,530
28,85,4,Silicio/agua,9,8,1244
28,85,5,Silicio/acido sulfurico,9,5,1389
28,90,0,Carbono/agua,0.471847,1,1359
28,90,1,Carbono/amonia,9,5,934
28,90,2,Carbono/acido sulfurico,8.68744,4,1584
28,90,3,Carbono/metano,0.41469,1,597
28,90,4,Silicio/agua,9,8,1405
28,90,5,Silicio/acido sulfurico,9,5,1604
28,95,0,Carbono/agua,0.471847,1,1529
28,95,1,Carbono/amonia,9,5,1051
28,95,2,Carbono/acido sulfurico,8.82353,4,1801
28,95,3,Carbono/metano,0.41469,1,673
28,95,4,Silicio/agua,9,8,1580
28,95,5,Silicio/acido sulfurico,9,5,1841
28,100,0,Carbono/agua,0.471847,1,1716
28,100,1,Carbono/amonia,9,4,1167
28,100,2,Carbono/acido sulfurico,9,5,2040
28,100,3,Carbono/metano,0.426301,1,757
28,100,4,Silicio/agua,9,8,1774
28,100,5,Silicio/acido sulfurico,9,5,2105
28,105,0,Carbono/agua,0.471847,1,1921
28,105,1,Carbono/amonia,9,4,1238
28,105,2,Carbono/acido sulfurico,9,5,2304
28,105,3,Carbono/metano,6,2,848
28,105,4,Silicio/agua,9,8,1988
28,105,5,Silicio/acido sulfurico,9,5,2393
28,110,0,Carbono/agua,0.471847,1,2147
28,110,1,Carbono/amonia,9,5,1317
28,110,2,Carbono/acido sulfurico,9,5,2595
28,110,3,Carbono/metano,6.93747,3,948
28,110,4,Silicio/agua,9,8,2224
28,110,5,Silicio/acido sulfurico,9,5,2712
28,115,0,Carbono/agua,0.471847,1,2398
28,115,1,Carbono/amonia,9,5,1405
28,115,2,Carbono/acido sulfurico,9,5,2918
28,115,3,Carbono/metano,7.8311,4,1061
28,115,4,Silicio/agua,9,8,2484
28,115,5,Silicio/acido sulfurico,9,5,3063
28,120,0,Carbono/agua,6.4617,2,2676
28,120,1,Carbono/amonia,9,5,1501
28,120,2,Carbono/acido sulfurico,9,5,3273
28,120,3,Carbono/metano,8.4,5,1184
28,120,4,Silicio/agua,9,8,2771
28,120,5,Silicio/acido sulfurico,9,5,3452
28,125,0,Carbono/agua,8.91876,3,2983
28,125,1,Carbono/amonia,9,5,1650
28,125,2,Carbono/acido sulfurico,9,5,3666
28,125,3,Carbono/metano,8.97305,5,1321
28,125,4,Silicio/agua,9,8,3090
28,125,5,Silicio/acido sulfurico,9,5,3883
28,130,0,Carbono/agua,9,4,3322
28,130,1,Carbono/amonia,9,6,1883
28,130,2,Carbono/acido sulfurico,9,5,4097
28,130,3,Carbono/metano,9,5,1471
28,130,4,Silicio/agua,9,8,3440
28,130,5,Silicio/acido sulfurico,9,5,4358
28,135,0,Carbono/agua,9,7,3694
28,135,1,Carbono/amonia,9,6,2141
28,135,2,Carbono/acido sulfurico,9,7,4576
28,135,3,Carbono/metano,9,5,1635
28,135,4,Silicio/agua,9,8,3827
28,135,5,Silicio/acido sulfurico,9,5,4882
28,140,0,Carbono/agua,9,7,4106
28,140,1,Carbono/amonia,9,6,2426
28,140,2,Carbono/acido sulfurico,9,7,5105
28,140,3,Carbono/metano,9,5,1819
28,140,4,Silicio/agua,9,8,4255
28,140,5,Silicio/acido sulfurico,9,5,5460
28,145,0,Carbono/agua,9,7,4561
28,145,1,Carbono/amonia,9,6,2741
28,145,2,Carbono/acido sulfurico,9,7,5688
28,145,3,Carbono/metano,9,5,2019
28,145,4,Silicio/agua,9,8,4730
28,145,5,Silicio/acido sulfurico,9,5,6099
28,150,0,Carbono/agua,9,7,5063
28,150,1,Carbono/amonia,9,6,3088
28,150,2,Carbono/acido sulfurico,9,7,6331
28,150,3,Carbono/metano,9,5,2242
28,150,4,Silicio/agua,9,8,5250
28,150,5,Silicio/acido sulfurico,9,5,6805
28,155,0,Carbono/agua,9,7,5617
28,155,1,Carbono/amonia,9,6,3471
28,155,2,Carbono/acido sulfurico,9,7,7042
28,155,3,Carbono/metano,9,5,2488
28,155,4,Silicio/agua,9,8,5826
28,155,5,Silicio/acido sulfurico,9,5,7585
28,160,0,Carbono/agua,9,7,6230
28,160,1,Carbono/amonia,9,6,3894
28,160,2,Carbono/acido sulfurico,9,7,7826
28,160,3,Carbono/metano,9,5,2762
28,160,4,Silicio/agua,9,8,6462
28,160,5,Silicio/acido sulfurico,9,5,8444
28,165,0,Carbono/agua,9,7,6906
28,165,1,Carbono/amonia,9,6,4361
28,165,2,Carbono/acido sulfurico,9,7,8694
28,165,3,Carbono/metano,9,5,3063
28,165,4,Silicio/agua,9,8,7165
28,165,5,Silicio/acido sulfurico,9,5,9394
28,170,0,Carbono/agua,9,7,7653
28,170,1,Carbono/amonia,9,7,4877
28,170,2,Carbono/acido sulfurico,9,7,9651
28,170,3,Carbono/metano,9,5,3395
28,170,4,Silicio/agua,9,8,7940
28,170,5,Silicio/acido sulfurico,9,5,10442
28,175,0,Carbono/agua,9,7,8478
28,175,1,Carbono/amonia,9,7,5430
28,175,2,Carbono/acido sulfurico,9,7,10676
28,175,3,Carbono/metano,9,5,3751
28,175,4,Silicio/agua,9,8,8797
28,175,5,Silicio/acido sulfurico,9,5,11568
28,180,0,Carbono/agua,9,7,9389
28,180,1,Carbono/amonia,9,7,5985
28,180,2,Carbono/acido sulfurico,9,7,11706
28,180,3,Carbono/metano,9,5,4107
28,180,4,Silicio/agua,9,8,9743
28,180,5,Silicio/acido sulfurico,9,5,12696
28,185,0,Carbono/agua,9,7,10394
28,185,1,Carbono/amonia,9,7,6541
28,185,2,Carbono/acido sulfurico,9,7,12736
28,185,3,Carbono/metano,9,5,4463
28,185,4,Silicio/agua,9,8,10787
28,185,5,Silicio/acido sulfurico,9,5,13823
28,190,0,Carbono/agua,9,7,11504
28,190,1,Carbono/amonia,9,7,7097
28,190,2,Carbono/acido sulfurico,9,7,13766
28,190,3,Carbono/metano,9,5,4819
28,190,4,Silicio/agua,9,8,11940
28,190,5,Silicio/acido sulfurico,9,5,14953
28,195,0,Carbono/agua,9,7,12729
28,195,1,Carbono/amonia,9,7,7652
28,195,2,Carbono/acido sulfurico,9,7,14796
28,195,3,Carbono/metano,9,5,5176
28,195,4,Silicio/agua,9,8,13213
28,195,5,Silicio/acido sulfurico,9,5,15968
28,200,0,Carbono/agua,9,7,14081
28,200,1,Carbono/amonia,9,7,8207
28,200,2,Carbono/acido sulfurico,9,7,15826
28,200,3,Carbono/metano,9,5,5532
28,200,4,Silicio/agua,9,8,14617
28,200,5,Silicio/acido sulfurico,9,5,16530
28,205,0,Carbono/agua,9,7,15574
28,205,1,Carbono/amonia,9,7,8763
28,205,2,Carbono/acido sulfurico,9,7,16856
28,205,3,Carbono/metano,9,5,5887
28,205,4,Silicio/agua,9,6,16007
28,205,5,Silicio/acido sulfurico,9,5,17094
28,210,0,Carbono/agua,9,7,17223
28,210,1,Carbono/amonia,9,7,9318
28,210,2,Carbono/acido sulfurico,9,7,17886
28,210,3,Carbono/metano,9,5,6244
28,210,4,Silicio/agua,9,6,16863
28,210,5,Silicio/acido sulfurico,9,5,17659
28,215,0,Carbono/agua,9,7,19044
28,215,1,Carbono/amonia,9,7,9874
28,215,2,Carbono/acido sulfurico,9,7,18915
28,215,3,Carbono/metano,9,5,6602
28,215,4,Silicio/agua,9,6,17808
28,215,5,Silicio/acido sulfurico,9,5,18223
28,220,0,Carbono/agua,9,7,21055
28,220,1,Carbono/amonia,9,7,10430
28,220,2,Carbono/acido sulfurico,9,7,19945
28,220,3,Carbono/metano,9,5,6960
28,220,4,Silicio/agua,9,6,18852
28,220,5,Silicio/acido sulfurico,9,5,19012
28,225,0,Carbono/agua,9,7,23275
28,225,1,Carbono/amonia,9,7,10987
28,225,2,Carbono/acido sulfurico,9,7,20975
28,225,3,Carbono/metano,9,5,7316
28,225,4,Silicio/agua,9,6,20004
28,225,5,Silicio/acido sulfurico,9,5,20140
28,230,0,Carbono/agua,9,7,25723
28,230,1,Carbono/amonia,9,7,11543
28,230,2,Carbono/acido sulfurico,9,7,22005
28,230,3,Carbono/metano,9,5,7671
28,230,4,Silicio/agua,9,6,21800
28,230,5,Silicio/acido sulfurico,9,5,21270
28,235,0,Carbono/agua,9,6,28113
28,235,1,Carbono/amonia,9,7,12099
28,235,2,Carbono/acido sulfurico,9,7,23035
28,235,3,Carbono/metano,9,5,8026
28,235,4,Silicio/agua,9,6,24562
28,235,5,Silicio/acido sulfurico,9,5,22398
28,240,0,Carbono/agua,9,7,29453
28,240,1,Carbono/amonia,9,7,12654
28,240,2,Carbono/acido sulfurico,9,7,24065
28,240,3,Carbono/metano,9,5,8384
28,240,4,Silicio/agua,9,6,27343
28,240,5,Silicio/acido sulfurico,9,5,23526
28,245,0,Carbono/agua,9,7,30794
28,245,1,Carbono/amonia,9,7,13209
28,245,2,Carbono/acido sulfurico,9,7,25094
28,245,3,Carbono/metano,9,5,8740
28,245,4,Silicio/agua,9,7,30127
28,245,5,Silicio/acido sulfurico,9,5,24655
28,250,0,Carbono/agua,9,7,32134
28,250,1,Carbono/amonia,9,7,13765
28,250,2,Carbono/acido sulfurico,9,7,26124
28,250,3,Carbono/metano,9,5,9096
28,250,4,Silicio/agua,9,7,32909
28,250,5,Silicio/acido sulfurico,9,5,25785
28,255,0,Carbono/agua,9,7,33474
28,255,1,Carbono/amonia,9,7,14320
28,255,2,Carbono/acido sulfurico,9,7,27153
28,255,3,Carbono/metano,9,5,9454
28,255,4,Silicio/agua,9,7,35693
28,255,5,Silicio/acido sulfurico,9,5,26913
28,260,0,Carbono/agua,9,7,35352
28,260,1,Carbono/amonia,9,7,14876
28,260,2,Carbono/acido sulfurico,9,7,28182
28,260,3,Carbono/metano,9,5,9812
28,260,4,Silicio/agua,9,7,38476
28,260,5,Silicio/acido sulfurico,9,5,28043
28,265,0,Carbono/agua,9,7,38033
28,265,1,Carbono/amonia,9,7,15432
28,265,2,Carbono/acido sulfurico,9,7,29212
28,265,3,Carbono/metano,9,5,10168
28,265,4,Silicio/agua,9,7,41259
28,265,5,Silicio/acido sulfurico,9,8,29172
28,270,0,Carbono/agua,9,7,40713
28,270,1,Carbono/amonia,9,7,15987
28,270,2,Carbono/acido sulfurico,9,7,30242
28,270,3,Carbono/metano,9,5,10525
28,270,4,Silicio/agua,9,7,44041
28,270,5,Silicio/acido sulfurico,9,8,30299
28,275,0,Carbono/agua,9,7,43393
28,275,1,Carbono/amonia,9,7,16544
28,275,2,Carbono/acido sulfurico,9,7,31272
28,275,3,Carbono/metano,9,5,10882
28,275,4,Silicio/agua,9,7,46825
28,275,5,Silicio/acido sulfurico,9,8,31429
28,280,0,Carbono/agua,9,7,46073
28,280,1,Carbono/amonia,9,7,17099
28,280,2,Carbono/acido sulfurico,9,7,32302
28,280,3,Carbono/metano,9,5,11238
28,280,4,Silicio/agua,9,7,49607
28,280,5,Silicio/acido sulfurico,9,8,32559
28,285,0,Carbono/agua,9,7,48753
28,285,1,Carbono/amonia,9,8,17654
28,285,2,Carbono/acido sulfurico,9,7,33331
28,285,3,Carbono/metano,9,5,11595
28,285,4,Silicio/agua,9,7,52390
28,285,5,Silicio/acido sulfurico,9,8,33688
28,290,0,Carbono/agua,9,7,51433
28,290,1,Carbono/amonia,9,8,18210
28,290,2,Carbono/acido sulfurico,9,7,34361
28,290,3,Carbono/metano,9,5,11951
28,290,4,Silicio/agua,9,5,54896
28,290,5,Silicio/acido sulfurico,9,8,34816
28,295,0,Carbono/agua,9,7,54113
28,295,1,Carbono/amonia,9,8,18765
28,295,2,Carbono/acido sulfurico,9,7,35391
28,295,3,Carbono/metano,9,5,12307
28,295,4,Silicio/agua,9,6,56289
28,295,5,Silicio/acido sulfurico,9,8,35946
28,300,0,Carbono/agua,9,7,56793
28,300,1,Carbono/amonia,9,8,19320
28,300,2,Carbono/acido sulfurico,9,7,36421
28,300,3,Carbono/metano,9,5,12664
28,300,4,Silicio/agua,9,5,57680
28,300,5,Silicio/acido sulfurico,9,8,37074
29,0,0,Carbono/agua,nan,0,5
29,0,1,Carbono/amonia,nan,0,4
29,0,2,Carbono/acido sulfurico,-0.103893,1,7
29,0,3,Carbono/metano,-0.60206,1,2
29,0,4,Silicio/agua,-0.193557,1,6
29,0,5,Silicio/acido sulfurico,-0.60206,1,8
29,5,0,Carbono/agua,-0.162306,1,32
29,5,1,Carbono/amonia,-0.202224,1,24
29,5,2,Carbono/acido sulfurico,6.99865,2,42
29,5,3,Carbono/metano,-0.60206,1,14
29,5,4,Silicio/agua,0.0188213,1,35
29,5,5,Silicio/acido sulfurico,0.0631637,1,47
29,10,0,Carbono/agua,0.171691,1,65
29,10,1,Carbono/amonia,-0.202224,1,45
29,10,2,Carbono/acido sulfurico,6.99865,3,83
29,10,3,Carbono/metano,-0.60206,1,27
29,10,4,Silicio/agua,0.235295,1,66
29,10,5,Silicio/acido sulfurico,0.0631637,1,91
29,15,0,Carbono/agua,0.171691,1,100
29,15,1,Carbono/amonia,-0.13002,1,70
29,15,2,Carbono/acido sulfurico,6.99865,3,127
29,15,3,Carbono/metano,-0.257854,1,42
29,15,4,Silicio/agua,0.304159,1,103
29,15,5,Silicio/acido sulfurico,0.0631637,1,140
29,20,0,Carbono/agua,0.288188,1,139
29,20,1,Carbono/amonia,0.0365036,1,97
29,20,2,Carbono/acido sulfurico,7.68281,3,175
29,20,3,Carbono/metano,-0.214743,1,60
29,20,4,Silicio/agua,0.366968,1,144
29,20,5,Silicio/acido sulfurico,0.135458,1,194
29,25,0,Carbono/agua,0.40586,1,182
29,25,1,Carbono/amonia,0.0365036,1,126
29,25,2,Carbono/acido sulfurico,7.68281,3,228
29,25,3,Carbono/metano,-0.214743,1,79
29,25,4,Silicio/agua,0.600402,1,189
29,25,5,Silicio/acido sulfurico,0.219895,1,254
29,30,0,Carbono/agua,0.40586,1,229
29,30,1,Carbono/amonia,0.0365036,1,157
29,30,2,Carbono/acido sulfurico,7.68281,3,289
29,30,3,Carbono/metano,-0.130969,1,101
29,30,4,Silicio/agua,0.600402,1,221
29,30,5,Silicio/acido sulfurico,0.219895,1,318
29,35,0,Carbono/agua,0.40586,1,281
29,35,1,Carbono/amonia,0.122271,1,193
29,35,2,Carbono/acido sulfurico,7.68281,3,355
29,35,3,Carbono/metano,-0.0548951,1,125
29,35,4,Silicio/agua,0.600402,1,249
29,35,5,Silicio/acido sulfurico,0.331212,1,391
29,40,0,Carbono/agua,0.40586,1,338
29,40,1,Carbono/amonia,0.278052,1,234
29,40,2,Carbono/acido sulfurico,7.95464,3,428
29,40,3,Carbono/metano,-0.0548951,1,150
29,40,4,Silicio/agua,0.600402,1,280
29,40,5,Silicio/acido sulfurico,6,2,471
29,45,0,Carbono/agua,0.40586,1,401
29,45,1,Carbono/amonia,0.705423,1,278
29,45,2,Carbono/acido sulfurico,7.95464,3,511
29,45,3,Carbono/metano,-0.0548951,1,177
29,45,4,Silicio/agua,6.35494,2,312
29,45,5,Silicio/acido sulfurico,6.40742,3,558
29,50,0,Carbono/agua,0.68499,1,470
29,50,1,Carbono/amonia,0.705423,1,327
29,50,2,Carbono/acido sulfurico,8.34787,3,598
29,50,3,Carbono/metano,0.0221903,1,207
29,50,4,Silicio/agua,6.38975,2,350
29,50,5,Silicio/acido sulfurico,6.81618,5,655
29,55,0,Carbono/agua,0.68499,1,547
29,55,1,Carbono/amonia,0.705423,1,380
29,55,2,Carbono/acido sulfurico,8.34787,3,697
29,55,3,Carbono/metano,0.0944672,1,241
29,55,4,Silicio/agua,6.38975,3,422
29,55,5,Silicio/acido sulfurico,6.81618,6,763
29,60,0,Carbono/agua,0.68499,1,633
29,60,1,Carbono/amonia,7.5019,2,438
29,60,2,Carbono/acido sulfurico,8.34787,3,807
29,60,3,Carbono/metano,0.223791,1,278
29,60,4,Silicio/agua,7.34616,3,509
29,60,5,Silicio/acido sulfurico,7.73078,6,881
29,65,0,Carbono/agua,0.68499,1,727
29,65,1,Carbono/amonia,7.80629,2,501
29,65,2,Carbono/acido sulfurico,8.34787,3,925
29,65,3,Carbono/metano,0.223791,1,320
29,65,4,Silicio/agua,7.56121,3,606
29,65,5,Silicio/acido sulfurico,7.73078,7,1011
29,70,0,Carbono/agua,0.68499,1,831
29,70,1,Carbono/amonia,7.80629,2,573
29,70,2,Carbono/acido sulfurico,8.4619,3,1057
29,70,3,Carbono/metano,0.223791,1,366
29,70,4,Silicio/agua,7.68286,3,714
29,70,5,Silicio/acido sulfurico,8.67385,8,1155
29,75,0,Carbono/agua,0.68499,1,921
29,75,1,Carbono/amonia,7.80629,3,651
29,75,2,Carbono/acido sulfurico,8.4619,4,1203
29,75,3,Carbono/metano,0.223791,1,417
29,75,4,Silicio/agua,7.72765,3,831
29,75,5,Silicio/acido sulfurico,9,8,1314
29,80,0,Carbono/agua,0.68499,1,985
29,80,1,Carbono/amonia,8.47183,3,738
29,80,2,Carbono/acido sulfurico,8.4619,4,1346
29,80,3,Carbono/metano,0.223791,1,473
29,80,4,Silicio/agua,7.96231,3,961
29,80,5,Silicio/acido sulfurico,9,8,1491
29,85,0,Carbono/agua,0.68499,1,1053
29,85,1,Carbono/amonia,8.47183,3,833
29,85,2,Carbono/acido sulfurico,8.4619,4,1437
29,85,3,Carbono/metano,0.223791,1,535
29,85,4,Silicio/agua,8.13929,3,1105
29,85,5,Silicio/acido sulfurico,9,8,1686
29,90,0,Carbono/agua,0.68499,1,1130
29,90,1,Carbono/amonia,8.80844,3,939
29,90,2,Carbono/acido sulfurico,8.4619,5,1534
29,90,3,Carbono/metano,0.272401,1,602
29,90,4,Silicio/agua,8.85899,3,1264
29,90,5,Silicio/acido sulfurico,9,8,1901
29,95,0,Carbono/agua,0.68499,1,1216
29,95,1,Carbono/amonia,9,3,1057
29,95,2,Carbono/acido sulfurico,9,7,1641
29,95,3,Carbono/metano,0.272401,1,677
29,95,4,Silicio/agua,9,3,1439
29,95,5,Silicio/acido sulfurico,9,8,2139
29,100,0,Carbono/agua,6,3,1366
29,100,1,Carbono/amonia,9,3,1185
29,100,2,Carbono/acido sulfurico,9,7,1762
29,100,3,Carbono/metano,0.272401,1,760
29,100,4,Silicio/agua,9,3,1633
29,100,5,Silicio/acido sulfurico,9,8,2401
29,105,0,Carbono/agua,8.54062,5,1573
29,105,1,Carbono/amonia,9,3,1327
29,105,2,Carbono/acido sulfurico,9,7,1949
29,105,3,Carbono/metano,0.272401,1,852
29,105,4,Silicio/agua,9,3,1846
29,105,5,Silicio/acido sulfurico,9,8,2691
29,110,0,Carbono/agua,8.54062,5,1801
29,110,1,Carbono/amonia,9,3,1484
29,110,2,Carbono/acido sulfurico,9,7,2242
29,110,3,Carbono/metano,0.353056,1,952
29,110,4,Silicio/agua,9,3,2081
29,110,5,Silicio/acido sulfurico,9,8,3010
29,115,0,Carbono/agua,9,5,2051
29,115,1,Carbono/amonia,9,3,1658
29,115,2,Carbono/acido sulfurico,9,7,2562
29,115,3,Carbono/metano,0.353056,1,1062
29,115,4,Silicio/agua,9,3,2343
29,115,5,Silicio/acido sulfurico,9,8,3363
29,120,0,Carbono/agua,9,5,2328
29,120,1,Carbono/amonia,9,3,1852
29,120,2,Carbono/acido sulfurico,9,7,2918
29,120,3,Carbono/metano,0.353056,1,1185
29,120,4,Silicio/agua,9,3,2631
29,120,5,Silicio/acido sulfurico,9,7,3712
29,125,0,Carbono/agua,9,5,2634
29,125,1,Carbono/amonia,9,5,2062
29,125,2,Carbono/acido sulfurico,9,7,3311
29,125,3,Carbono/metano,0.353056,1,1321
29,125,4,Silicio/agua,9,4,2951
29,125,5,Silicio/acido sulfurico,9,7,3927
29,130,0,Carbono/agua,9,5,2972
29,130,1,Carbono/amonia,9,5,2296
29,130,2,Carbono/acido sulfurico,9,7,3744
29,130,3,Carbono/metano,0.353056,1,1471
29,130,4,Silicio/agua,9,4,3303
29,130,5,Silicio/acido sulfurico,9,7,4164
29,135,0,Carbono/agua,9,5,3345
29,135,1,Carbono/amonia,9,6,2554
29,135,2,Carbono/acido sulfurico,9,7,4221
29,135,3,Carbono/metano,0.353056,1,1637
29,135,4,Silicio/agua,9,5,3692
29,135,5,Silicio/acido sulfurico,9,7,4426
29,140,0,Carbono/agua,9,6,3757
29,140,1,Carbono/amonia,9,7,2839
29,140,2,Carbono/acido sulfurico,9,7,4749
29,140,3,Carbono/metano,0.353056,1,1819
29,140,4,Silicio/agua,9,5,3949
29,140,5,Silicio/acido sulfurico,9,7,4717
29,145,0,Carbono/agua,9,6,4211
29,145,1,Carbono/amonia,9,7,3153
29,145,2,Carbono/acido sulfurico,9,7,5334
29,145,3,Carbono/metano,0.353056,1,2021
29,145,4,Silicio/agua,9,5,4185
29,145,5,Silicio/acido sulfurico,9,8,5168
29,150,0,Carbono/agua,9,6,4713
29,150,1,Carbono/amonia,9,7,3500
29,150,2,Carbono/acido sulfurico,9,7,5980
29,150,3,Carbono/metano,0.353056,1,2245
29,150,4,Silicio/agua,9,5,4445
29,150,5,Silicio/acido sulfurico,9,8,5874
29,155,0,Carbono/agua,9,7,5267
29,155,1,Carbono/amonia,9,7,3885
29,155,2,Carbono/acido sulfurico,9,7,6691
29,155,3,Carbono/metano,0.353056,1,2490
29,155,4,Silicio/agua,9,5,4731
29,155,5,Silicio/acido sulfurico,9,8,6653
29,160,0,Carbono/agua,9,7,5881
29,160,1,Carbono/amonia,9,7,4308
29,160,2,Carbono/acido sulfurico,9,7,7477
29,160,3,Carbono/metano,8.55804,3,2762
29,160,4,Silicio/agua,9,5,5050
29,160,5,Silicio/acido sulfurico,9,8,7513
29,165,0,Carbono/agua,9,7,6559
29,165,1,Carbono/amonia,9,7,4777
29,165,2,Carbono/acido sulfurico,9,7,8343
29,165,3,Carbono/metano,8.55804,3,3062
29,165,4,Silicio/agua,9,5,5754
29,165,5,Silicio/acido sulfurico,9,8,8462
29,170,0,Carbono/agua,9,7,7308
29,170,1,Carbono/amonia,9,7,5294
29,170,2,Carbono/acido sulfurico,9,7,9298
29,170,3,Carbono/metano,9,3,3393
29,170,4,Silicio/agua,9,5,6529
29,170,5,Silicio/acido sulfurico,9,8,9509
29,175,0,Carbono/agua,9,7,8133
29,175,1,Carbono/amonia,9,7,5848
29,175,2,Carbono/acido sulfurico,9,7,10325
29,175,3,Carbono/metano,9,3,3750
29,175,4,Silicio/agua,9,6,7384
29,175,5,Silicio/acido sulfurico,9,8,10635
29,180,0,Carbono/agua,9,7,9043
29,180,1,Carbono/amonia,9,7,6403
29,180,2,Carbono/acido sulfurico,9,7,11355
29,180,3,Carbono/metano,9,3,4107
29,180,4,Silicio/agua,9,7,8329
29,180,5,Silicio/acido sulfurico,9,8,11765
29,185,0,Carbono/agua,9,7,10048
29,185,1,Carbono/amonia,9,7,6958
29,185,2,Carbono/acido sulfurico,9,7,12385
29,185,3,Carbono/metano,9,5,4465
29,185,4,Silicio/agua,9,7,9374
29,185,5,Silicio/acido sulfurico,9,8,12895
29,190,0,Carbono/agua,9,7,11158
29,190,1,Carbono/amonia,9,7,7514
29,190,2,Carbono/acido sulfurico,9,7,13415
29,190,3,Carbono/metano,9,7,4821
29,190,4,Silicio/agua,9,7,10526
29,190,5,Silicio/acido sulfurico,9,8,14022
29,195,0,Carbono/agua,9,7,12384
29,195,1,Carbono/amonia,9,7,8069
29,195,2,Carbono/acido sulfurico,9,7,14445
29,195,3,Carbono/metano,9,7,5177
29,195,4,Silicio/agua,9,7,11799
29,195,5,Silicio/acido sulfurico,9,8,15151
29,200,0,Carbono/agua,9,7,13738
29,200,1,Carbono/amonia,9,7,8625
29,200,2,Carbono/acido sulfurico,9,7,15474
29,200,3,Carbono/metano,9,7,5534
29,200,4,Silicio/agua,9,7,13204
29,200,5,Silicio/acido sulfurico,9,8,16280
29,205,0,Carbono/agua,9,7,15232
29,205,1,Carbono/amonia,9,7,9181
29,205,2,Carbono/acido sulfurico,9,7,16503
29,205,3,Carbono/metano,9,7,5891
29,205,4,Silicio/agua,9,7,14755
29,205,5,Silicio/acido sulfurico,9,8,17409
29,210,0,Carbono/agua,9,7,16882
29,210,1,Carbono/amonia,9,7,9736
29,210,2,Carbono/acido sulfurico,9,7,17533
29,210,3,Carbono/metano,9,7,6247
29,210,4,Silicio/agua,9,8,16469
29,210,5,Silicio/acido sulfurico,9,8,18539
29,215,0,Carbono/agua,9,7,18703
29,215,1,Carbono/amonia,9,7,10292
29,215,2,Carbono/acido sulfurico,9,5,18563
29,215,3,Carbono/metano,9,7,6604
29,215,4,Silicio/agua,9,8,18359
29,215,5,Silicio/acido sulfurico,9,8,19669
29,220,0,Carbono/agua,9,7,20713
29,220,1,Carbono/amonia,9,7,10849
29,220,2,Carbono/acido sulfurico,9,7,19078
29,220,3,Carbono/metano,9,7,6961
29,220,4,Silicio/agua,9,8,20447
29,220,5,Silicio/acido sulfurico,9,8,20798
29,225,0,Carbono/agua,9,7,22933
29,225,1,Carbono/amonia,9,7,11404
29,225,2,Carbono/acido sulfurico,9,7,19592
29,225,3,Carbono/metano,9,7,7319
29,225,4,Silicio/agua,9,8,22753
29,225,5,Silicio/acido sulfurico,9,8,21927
29,230,0,Carbono/agua,9,7,25384
29,230,1,Carbono/amonia,9,7,11960
29,230,2,Carbono/acido sulfurico,9,7,20107
29,230,3,Carbono/metano,9,7,7674
29,230,4,Silicio/agua,9,8,25297
29,230,5,Silicio/acido sulfurico,9,8,23056
29,235,0,Carbono/agua,9,7,28042
29,235,1,Carbono/amonia,9,7,12515
29,235,2,Carbono/acido sulfurico,9,7,20622
29,235,3,Carbono/metano,9,7,8032
29,235,4,Silicio/agua,9,8,28057
29,235,5,Silicio/acido sulfurico,9,8,24186
29,240,0,Carbono/agua,9,7,30723
29,240,1,Carbono/amonia,9,7,13070
29,240,2,Carbono/acido sulfurico,9,7,21136
29,240,3,Carbono/metano,9,7,8388
29,240,4,Silicio/agua,9,8,30841
29,240,5,Silicio/acido sulfurico,9,8,25315
29,245,0,Carbono/agua,9,7,33404
29,245,1,Carbono/amonia,9,7,13627
29,245,2,Carbono/acido sulfurico,9,7,21651
29,245,3,Carbono/metano,9,7,8745
29,245,4,Silicio/agua,9,8,33625
29,245,5,Silicio/acido sulfurico,9,8,26444
29,250,0,Carbono/agua,9,7,36087
29,250,1,Carbono/amonia,9,7,14182
29,250,2,Carbono/acido sulfurico,9,7,22269
29,250,3,Carbono/metano,9,7,9101
29,250,4,Silicio/agua,9,8,36408
29,250,5,Silicio/acido sulfurico,9,8,27572
29,255,0,Carbono/agua,9,7,38767
29,255,1,Carbono/amonia,9,7,14737
29,255,2,Carbono/acido sulfurico,9,7,22784
29,255,3,Carbono/metano,9,7,9457
29,255,4,Silicio/agua,9,8,39191
29,255,5,Silicio/acido sulfurico,9,8,28702
29,260,0,Carbono/agua,9,7,41447
29,260,1,Carbono/amonia,9,7,15292
29,260,2,Carbono/acido sulfurico,9,7,23299
29,260,3,Carbono/metano,9,7,9815
29,260,4,Silicio/agua,9,8,41973
29,260,5,Silicio/acido sulfurico,9,8,29830
29,265,0,Carbono/agua,9,7,44127
29,265,1,Carbono/amonia,9,7,15848
29,265,2,Carbono/acido sulfurico,9,7,23814
29,265,3,Carbono/metano,9,7,10171
29,265,4,Silicio/agua,9,8,44755
29,265,5,Silicio/acido sulfurico,9,8,30959
29,270,0,Carbono/agua,9,7,46810
29,270,1,Carbono/amonia,9,7,16403
29,270,2,Carbono/acido sulfurico,9,7,24329
29,270,3,Carbono/metano,9,7,10526
29,270,4,Silicio/agua,9,8,47539
29,270,5,Silicio/acido sulfurico,9,8,32089
29,275,0,Carbono/agua,9,7,49490
29,275,1,Carbono/amonia,9,7,16958
29,275,2,Carbono/acido sulfurico,9,7,25357
29,275,3,Carbono/metano,9,7,10883
29,275,4,Silicio/agua,9,8,50323
29,275,5,Silicio/acido sulfurico,9,8,33218
29,280,0,Carbono/agua,9,7,52170
29,280,1,Carbono/amonia,9,7,17514
29,280,2,Carbono/acido sulfurico,9,7,26387
29,280,3,Carbono/metano,9,7,11241
29,280,4,Silicio/agua,9,8,53107
29,280,5,Silicio/acido sulfurico,9,8,34347
29,285,0,Carbono/agua,9,7,54851
29,285,1,Carbono/amonia,9,7,18070
29,285,2,Carbono/acido sulfurico,9,7,27417
29,285,3,Carbono/metano,9,1,11599
29,285,4,Silicio/agua,9,8,55892
29,285,5,Silicio/acido sulfurico,9,8,35477
29,290,0,Carbono/agua,9,7,57532
29,290,1,Carbono/amonia,9,7,18625
29,290,2,Carbono/acido sulfurico,9,7,28445
29,290,3,Carbono/metano,9,4,11778
29,290,4,Silicio/agua,9,8,58676
29,290,5,Silicio/acido sulfurico,9,8,36605
29,295,0,Carbono/agua,9,7,60212
29,295,1,Carbono/amonia,9,7,19181
29,295,2,Carbono/acido sulfurico,9,7,29475
29,295,3,Carbono/metano,9,4,11957
29,295,4,Silicio/agua,9,8,61461
29,295,5,Silicio/acido sulfurico,9,8,37732
29,300,0,Carbono/agua,9,7,62893
29,300,1,Carbono/amonia,9,7,19736
29,300,2,Carbono/acido sulfurico,9,7,30504
29,300,3,Carbono/metano,9,5,12132
29,300,4,Silicio/agua,9,8,64243
29,300,5,Silicio/acido sulfurico,9,8,38860
30,0,0,Carbono/agua,nan,0,5
30,0,1,Carbono/amonia,0.23226,1,3
30,0,2,Carbono/acido sulfurico,-0.0892274,1,7
30,0,3,Carbono/metano,-0.482198,1,3
30,0,4,Silicio/agua,-0.170177,1,5
30,0,5,Silicio/acido sulfurico,nan,0,7
30,5,0,Carbono/agua,0.280687,1,34
30,5,1,Carbono/amonia,0.338783,1,22
30,5,2,Carbono/acido sulfurico,6,2,44
30,5,3,Carbono/metano,-0.30103,1,15
30,5,4,Silicio/agua,0.0663463,1,35
30,5,5,Silicio/acido sulfurico,0.0166393,1,47
30,10,0,Carbono/agua,0.370212,1,65
30,10,1,Carbono/amonia,0.338783,1,44
30,10,2,Carbono/acido sulfurico,6.77668,3,84
30,10,3,Carbono/metano,-0.0149266,1,29
30,10,4,Silicio/agua,0.222972,1,67
30,10,5,Silicio/acido sulfurico,0.0671592,1,91
30,15,0,Carbono/agua,0.370212,1,99
30,15,1,Carbono/amonia,0.338783,1,68
30,15,2,Carbono/acido sulfurico,6.77668,3,128
30,15,3,Carbono/metano,8.11052,3,44
30,15,4,Silicio/agua,0.222972,1,101
30,15,5,Silicio/acido sulfurico,0.120745,1,140
30,20,0,Carbono/agua,0.423728,1,138
30,20,1,Carbono/amonia,0.418232,1,93
30,20,2,Carbono/acido sulfurico,8.96656,3,177
30,20,3,Carbono/metano,8.11052,4,60
30,20,4,Silicio/agua,0.222972,1,140
30,20,5,Silicio/acido sulfurico,0.393449,1,193
30,25,0,Carbono/agua,0.562918,1,182
30,25,1,Carbono/amonia,0.527999,1,123
30,25,2,Carbono/acido sulfurico,8.96656,3,230
30,25,3,Carbono/metano,8.11052,4,77
30,25,4,Silicio/agua,0.222972,1,185
30,25,5,Silicio/acido sulfurico,0.435413,1,252
30,30,0,Carbono/agua,0.562918,1,230
30,30,1,Carbono/amonia,6.2023,2,156
30,30,2,Carbono/acido sulfurico,8.96656,3,290
30,30,3,Carbono/metano,8.54062,6,98
30,30,4,Silicio/agua,0.222972,1,232
30,30,5,Silicio/acido sulfurico,0.441022,1,319
30,35,0,Carbono/agua,6.38946,2,282
30,35,1,Carbono/amonia,6.33658,2,193
30,35,2,Carbono/acido sulfurico,8.96656,3,355
30,35,3,Carbono/metano,8.54062,7,121
30,35,4,Silicio/agua,0.295041,1,285
30,35,5,Silicio/acido sulfurico,1.20795,1,390
30,40,0,Carbono/agua,6.38946,2,339
30,40,1,Carbono/amonia,6.33658,2,232
30,40,2,Carbono/acido sulfurico,9,3,428
30,40,3,Carbono/metano,9,7,146
30,40,4,Silicio/agua,0.601298,1,344
30,40,5,Silicio/acido sulfurico,1.20795,1,470
30,45,0,Carbono/agua,6.85606,3,400
30,45,1,Carbono/amonia,6.33658,2,277
30,45,2,Carbono/acido sulfurico,9,4,508
30,45,3,Carbono/metano,9,7,174
30,45,4,Silicio/agua,0.601298,1,411
30,45,5,Silicio/acido sulfurico,6,2,560
30,50,0,Carbono/agua,6.85606,3,469
30,50,1,Carbono/amonia,6.33658,3,326
30,50,2,Carbono/acido sulfurico,9,4,599
30,50,3,Carbono/metano,9,7,204
30,50,4,Silicio/agua,0.601298,1,484
30,50,5,Silicio/acido sulfurico,6,2,656
30,55,0,Carbono/agua,7.2129,3,544
30,55,1,Carbono/amonia,6.52094,3,378
30,55,2,Carbono/acido sulfurico,9,4,697
30,55,3,Carbono/metano,9,3,237
30,55,4,Silicio/agua,0.601298,1,562
30,55,5,Silicio/acido sulfurico,6.28093,3,762
30,60,0,Carbono/agua,7.29753,3,628
30,60,1,Carbono/amonia,7.1009,3,436
30,60,2,Carbono/acido sulfurico,9,4,806
30,60,3,Carbono/metano,9,5,256
30,60,4,Silicio/agua,0.601298,1,650
30,60,5,Silicio/acido sulfurico,7.3319,3,882
30,65,0,Carbono/agua,8.11302,3,721
30,65,1,Carbono/amonia,7.82533,3,501
30,65,2,Carbono/acido sulfurico,9,5,926
30,65,3,Carbono/metano,9,6,277
30,65,4,Silicio/agua,0.601298,1,749
30,65,5,Silicio/acido sulfurico,7.3319,3,1013
30,70,0,Carbono/agua,8.11302,3,824
30,70,1,Carbono/amonia,8.0486,3,571
30,70,2,Carbono/acido sulfurico,9,5,1058
30,70,3,Carbono/metano,9,6,300
30,70,4,Silicio/agua,0.802247,1,855
30,70,5,Silicio/acido sulfurico,8.4,3,1157
30,75,0,Carbono/agua,8.11302,4,939
30,75,1,Carbono/amonia,8.0486,3,649
30,75,2,Carbono/acido sulfurico,9,5,1205
30,75,3,Carbono/metano,9,6,325
30,75,4,Silicio/agua,6.05216,2,974
30,75,5,Silicio/acido sulfurico,8.4,3,1299
30,80,0,Carbono/agua,8.11302,4,1065
30,80,1,Carbono/amonia,8.0486,3,737
30,80,2,Carbono/acido sulfurico,9,5,1366
30,80,3,Carbono/metano,9,6,358
30,80,4,Silicio/agua,8.03693,3,1106
30,80,5,Silicio/acido sulfurico,8.4,3,1387
30,85,0,Carbono/agua,8.11302,4,1202
30,85,1,Carbono/amonia,8.09452,3,831
30,85,2,Carbono/acido sulfurico,9,5,1544
30,85,3,Carbono/metano,9,6,419
30,85,4,Silicio/agua,9,7,1249
30,85,5,Silicio/acido sulfurico,8.4,3,1486
30,90,0,Carbono/agua,8.11302,4,1355
30,90,1,Carbono/amonia,8.341,3,936
30,90,2,Carbono/acido sulfurico,9,5,1740
30,90,3,Carbono/metano,9,6,488
30,90,4,Silicio/agua,9,7,1409
30,90,5,Silicio/acido sulfurico,8.4,3,1594
30,95,0,Carbono/agua,8.36259,4,1524
30,95,1,Carbono/amonia,8.96656,3,1055
30,95,2,Carbono/acido sulfurico,9,6,1957
30,95,3,Carbono/metano,9,6,564
30,95,4,Silicio/agua,9,8,1584
30,95,5,Silicio/acido sulfurico,8.4,3,1712
30,100,0,Carbono/agua,9,4,1711
30,100,1,Carbono/amonia,9,3,1184
30,100,2,Carbono/acido sulfurico,9,6,2195
30,100,3,Carbono/metano,9,3,640
30,100,4,Silicio/agua,9,8,1776
30,100,5,Silicio/acido sulfurico,8.4,3,1844
30,105,0,Carbono/agua,9,4,1918
30,105,1,Carbono/amonia,9,3,1327
30,105,2,Carbono/acido sulfurico,9,6,2459
30,105,3,Carbono/metano,9,4,685
30,105,4,Silicio/agua,9,8,1990
30,105,5,Silicio/acido sulfurico,8.4,3,1989
30,110,0,Carbono/agua,9,5,2144
30,110,1,Carbono/amonia,9,3,1485
30,110,2,Carbono/acido sulfurico,9,7,2750
30,110,3,Carbono/metano,9,5,735
30,110,4,Silicio/agua,9,8,2228
30,110,5,Silicio/acido sulfurico,8.4,3,2149
30,115,0,Carbono/agua,9,5,2397
30,115,1,Carbono/amonia,9,3,1658
30,115,2,Carbono/acido sulfurico,9,7,3071
30,115,3,Carbono/metano,9,5,792
30,115,4,Silicio/agua,9,8,2488
30,115,5,Silicio/acido sulfurico,8.58218,3,2326
30,120,0,Carbono/agua,9,5,2674
30,120,1,Carbono/amonia,9,3,1850
30,120,2,Carbono/acido sulfurico,9,7,3426
30,120,3,Carbono/metano,9,5,855
30,120,4,Silicio/agua,9,8,2776
30,120,5,Silicio/acido sulfurico,8.58218,3,2519
30,125,0,Carbono/agua,9,5,2980
30,125,1,Carbono/amonia,9,4,2063
30,125,2,Carbono/acido sulfurico,9,7,3820
30,125,3,Carbono/metano,9,5,951
30,125,4,Silicio/agua,9,8,3094
30,125,5,Silicio/acido sulfurico,8.64737,4,2734
30,130,0,Carbono/agua,9,6,3318
30,130,1,Carbono/amonia,9,4,2297
30,130,2,Carbono/acido sulfurico,9,7,4253
30,130,3,Carbono/metano,9,5,1099
30,130,4,Silicio/agua,9,8,3444
30,130,5,Silicio/acido sulfurico,8.8435,5,3068
30,135,0,Carbono/agua,9,6,3690
30,135,1,Carbono/amonia,9,4,2555
30,135,2,Carbono/acido sulfurico,9,7,4731
30,135,3,Carbono/metano,9,5,1265
30,135,4,Silicio/agua,9,8,3832
30,135,5,Silicio/acido sulfurico,9,6,3590
30,140,0,Carbono/agua,9,7,4103
30,140,1,Carbono/amonia,9,4,2838
30,140,2,Carbono/acido sulfurico,9,7,5257
30,140,3,Carbono/metano,9,5,1448
30,140,4,Silicio/agua,9,8,4260
30,140,5,Silicio/acido sulfurico,9,6,4169
30,145,0,Carbono/agua,9,7,4558
30,145,1,Carbono/amonia,9,5,3153
30,145,2,Carbono/acido sulfurico,9,7,5839
30,145,3,Carbono/metano,9,5,1649
30,145,4,Silicio/agua,9,8,4733
30,145,5,Silicio/acido sulfurico,9,7,4809
30,150,0,Carbono/agua,9,7,5060
30,150,1,Carbono/amonia,9,5,3500
30,150,2,Carbono/acido sulfurico,9,7,6482
30,150,3,Carbono/metano,9,5,1804
30,150,4,Silicio/agua,9,8,5255
30,150,5,Silicio/acido sulfurico,9,7,5515
30,155,0,Carbono/agua,9,7,5616
30,155,1,Carbono/amonia,9,5,3882
30,155,2,Carbono/acido sulfurico,9,7,7192
30,155,3,Carbono/metano,9,5,1928
30,155,4,Silicio/agua,9,8,5832
30,155,5,Silicio/acido sulfurico,9,7,6294
30,160,0,Carbono/agua,9,7,6228
30,160,1,Carbono/amonia,9,5,4305
30,160,2,Carbono/acido sulfurico,9,7,7976
30,160,3,Carbono/metano,9,5,2064
30,160,4,Silicio/agua,9,8,6467
30,160,5,Silicio/acido sulfurico,9,7,7154
30,165,0,Carbono/agua,9,7,6905
30,165,1,Carbono/amonia,9,5,4631
30,165,2,Carbono/acido sulfurico,9,7,8844
30,165,3,Carbono/metano,9,6,2215
30,165,4,Silicio/agua,9,8,7169
30,165,5,Silicio/acido sulfurico,9,7,8104
30,170,0,Carbono/agua,9,7,7652
30,170,1,Carbono/amonia,9,6,4889
30,170,2,Carbono/acido sulfurico,9,7,9801
30,170,3,Carbono/metano,9,7,2381
30,170,4,Silicio/agua,9,8,7945
30,170,5,Silicio/acido sulfurico,9,7,9153
30,175,0,Carbono/agua,9,7,8476
30,175,1,Carbono/amonia,9,6,5166
30,175,2,Carbono/acido sulfurico,9,7,10828
30,175,3,Carbono/metano,9,7,2702
30,175,4,Silicio/agua,9,8,8801
30,175,5,Silicio/acido sulfurico,9,7,10279
30,180,0,Carbono/agua,9,7,9387
30,180,1,Carbono/amonia,9,7,5443
30,180,2,Carbono/acido sulfurico,9,7,11857
30,180,3,Carbono/metano,9,7,3058
30,180,4,Silicio/agua,9,8,9746
30,180,5,Silicio/acido sulfurico,9,7,11407
30,185,0,Carbono/agua,9,7,10393
30,185,1,Carbono/amonia,9,7,5720
30,185,2,Carbono/acido sulfurico,9,7,12886
30,185,3,Carbono/metano,9,7,3415
30,185,4,Silicio/agua,9,8,10789
30,185,5,Silicio/acido sulfurico,9,7,12533
30,190,0,Carbono/agua,9,7,11502
30,190,1,Carbono/amonia,9,7,6220
30,190,2,Carbono/acido sulfurico,9,7,13916
30,190,3,Carbono/metano,9,7,3774
30,190,4,Silicio/agua,9,8,11942
30,190,5,Silicio/acido sulfurico,9,7,13662
30,195,0,Carbono/agua,9,7,12727
30,195,1,Carbono/amonia,9,7,6775
30,195,2,Carbono/acido sulfurico,9,7,14945
30,195,3,Carbono/metano,9,7,4131
30,195,4,Silicio/agua,9,8,13214
30,195,5,Silicio/acido sulfurico,9,7,14791
30,200,0,Carbono/agua,9,8,14080
30,200,1,Carbono/amonia,9,7,7332
30,200,2,Carbono/acido sulfurico,9,7,15974
30,200,3,Carbono/metano,9,7,4488
30,200,4,Silicio/agua,9,8,14618
30,200,5,Silicio/acido sulfurico,9,7,15921
30,205,0,Carbono/agua,9,8,15574
30,205,1,Carbono/amonia,9,7,7888
30,205,2,Carbono/acido sulfurico,9,7,17004
30,205,3,Carbono/metano,9,7,4845
30,205,4,Silicio/agua,9,8,16170
30,205,5,Silicio/acido sulfurico,9,7,17050
30,210,0,Carbono/agua,9,8,17223
30,210,1,Carbono/amonia,9,7,8444
30,210,2,Carbono/acido sulfurico,9,7,18033
30,210,3,Carbono/metano,9,7,5202
30,210,4,Silicio/agua,9,8,17883
30,210,5,Silicio/acido sulfurico,9,7,18178
30,215,0,Carbono/agua,9,8,19044
30,215,1,Carbono/amonia,9,7,8999
30,215,2,Carbono/acido sulfurico,9,7,19063
30,215,3,Carbono/metano,9,7,5560
30,215,4,Silicio/agua,9,8,19776
30,215,5,Silicio/acido sulfurico,9,7,19306
30,220,0,Carbono/agua,9,8,21054
30,220,1,Carbono/amonia,9,7,9554
30,220,2,Carbono/acido sulfurico,9,7,20092
30,220,3,Carbono/metano,9,7,5916
30,220,4,Silicio/agua,9,8,21862
30,220,5,Silicio/acido sulfurico,9,7,20435
30,225,0,Carbono/agua,9,8,23272
30,225,1,Carbono/amonia,9,7,10109
30,225,2,Carbono/acido sulfurico,9,7,21122
30,225,3,Carbono/metano,9,5,6235
30,225,4,Silicio/agua,9,8,24166
30,225,5,Silicio/acido sulfurico,9,7,21564
30,230,0,Carbono/agua,9,8,25722
30,230,1,Carbono/amonia,9,7,10664
30,230,2,Carbono/acido sulfurico,9,7,22151
30,230,3,Carbono/metano,9,6,6413
30,230,4,Silicio/agua,9,8,26711
30,230,5,Silicio/acido sulfurico,9,7,22692
30,235,0,Carbono/agua,9,9,28381
30,235,1,Carbono/amonia,9,7,11222
30,235,2,Carbono/acido sulfurico,9,7,23180
30,235,3,Carbono/metano,9,6,6592
30,235,4,Silicio/agua,9,8,29472
30,235,5,Silicio/acido sulfurico,9,7,23821
30,240,0,Carbono/agua,9,9,31062
30,240,1,Carbono/amonia,9,7,11777
30,240,2,Carbono/acido sulfurico,9,8,24210
30,240,3,Carbono/metano,9,6,6771
30,240,4,Silicio/agua,9,8,32255
30,240,5,Silicio/acido sulfurico,9,7,24949
30,245,0,Carbono/agua,9,9,33744
30,245,1,Carbono/amonia,9,7,12332
30,245,2,Carbono/acido sulfurico,9,8,25240
30,245,3,Carbono/metano,9,6,6950
30,245,4,Silicio/agua,9,8,35038
30,245,5,Silicio/acido sulfurico,9,7,26078
30,250,0,Carbono/agua,9,9,36425
30,250,1,Carbono/amonia,9,7,12888
30,250,2,Carbono/acido sulfurico,9,8,26270
30,250,3,Carbono/metano,9,7,7201
30,250,4,Silicio/agua,9,8,37822
30,250,5,Silicio/acido sulfurico,9,7,27207
30,255,0,Carbono/agua,9,9,39106
30,255,1,Carbono/amonia,9,5,13277
30,255,2,Carbono/acido sulfurico,9,8,27300
30,255,3,Carbono/metano,9,7,7559
30,255,4,Silicio/agua,9,8,40607
30,255,5,Silicio/acido sulfurico,9,7,28334
30,260,0,Carbono/agua,9,9,41786
30,260,1,Carbono/amonia,9,7,13554
30,260,2,Carbono/acido sulfurico,9,8,28330
30,260,3,Carbono/metano,9,7,7916
30,260,4,Silicio/agua,9,8,43388
30,260,5,Silicio/acido sulfurico,9,7,29463
30,265,0,Carbono/agua,9,9,44466
30,265,1,Carbono/amonia,9,8,13831
30,265,2,Carbono/acido sulfurico,9,8,29360
30,265,3,Carbono/metano,9,7,8271
30,265,4,Silicio/agua,9,8,46172
30,265,5,Silicio/acido sulfurico,9,7,30592
30,270,0,Carbono/agua,9,9,47146
30,270,1,Carbono/amonia,9,8,14108
30,270,2,Carbono/acido sulfurico,9,8,30389
30,270,3,Carbono/metano,9,7,8627
30,270,4,Silicio/agua,9,8,48955
30,270,5,Silicio/acido sulfurico,9,7,31157
30,275,0,Carbono/agua,9,9,49826
30,275,1,Carbono/amonia,9,6,14386
30,275,2,Carbono/acido sulfurico,9,8,31419
30,275,3,Carbono/metano,9,7,8984
30,275,4,Silicio/agua,9,8,51737
30,275,5,Silicio/acido sulfurico,9,7,31722
30,280,0,Carbono/agua,9,9,52507
30,280,1,Carbono/amonia,9,4,14663
30,280,2,Carbono/acido sulfurico,9,8,32449
30,280,3,Carbono/metano,9,7,9340
30,280,4,Silicio/agua,9,8,54519
30,280,5,Silicio/acido sulfurico,9,7,32286
30,285,0,Carbono/agua,9,9,55188
30,285,1,Carbono/amonia,9,6,14942
30,285,2,Carbono/acido sulfurico,9,8,33479
30,285,3,Carbono/metano,9,7,9695
30,285,4,Silicio/agua,9,8,57300
30,285,5,Silicio/acido sulfurico,9,7,32850
30,290,0,Carbono/agua,9,9,57869
30,290,1,Carbono/amonia,9,7,15221
30,290,2,Carbono/acido sulfurico,9,8,34509
30,290,3,Carbono/metano,9,7,10052
30,290,4,Silicio/agua,9,8,60084
30,290,5,Silicio/acido sulfurico,9,7,33528
30,295,0,Carbono/agua,9,9,60549
30,295,1,Carbono/amonia,9,7,15499
30,295,2,Carbono/acido sulfurico,9,8,35539
30,295,3,Carbono/metano,9,7,10408
30,295,4,Silicio/agua,9,8,62866
30,295,5,Silicio/acido sulfurico,9,7,34657
30,300,0,Carbono/agua,9,9,63229
30,300,1,Carbono/amonia,9,7,15776
30,300,2,Carbono/acido sulfurico,9,8,36567
30,300,3,Carbono/metano,9,7,10765
30,300,4,Silicio/agua,9,8,65650
30,300,5,Silicio/acido sulfurico,9,7,35787
31,0,0,Carbono/agua,nan,0,5
31,0,1,Carbono/amonia,nan,0,4
31,0,2,Carbono/acido sulfurico,-0.4563,1,7
31,0,3,Carbono/metano,-0.30103,1,3
31,0,4,Silicio/agua,nan,0,6
31,0,5,Silicio/acido sulfurico,-0.30103,1,8
31,5,0,Carbono/agua,0.300818,1,34
31,5,1,Carbono/amonia,-0.60206,1,24
31,5,2,Carbono/acido sulfurico,-0.0548951,1,42
31,5,3,Carbono/metano,-0.125084,1,17
31,5,4,Silicio/agua,0.0729227,1,35
31,5,5,Silicio/acido sulfurico,-0.149663,1,47
31,10,0,Carbono/agua,0.546769,1,65
31,10,1,Carbono/amonia,-0.330661,1,46
31,10,2,Carbono/acido sulfurico,0.0933816,1,82
31,10,3,Carbono/metano,-0.125084,1,31
31,10,4,Silicio/agua,0.0729227,1,68
31,10,5,Silicio/acido sulfurico,-0.0166061,1,91
31,15,0,Carbono/agua,0.546769,1,100
31,15,1,Carbono/amonia,-0.0656667,1,69
31,15,2,Carbono/acido sulfurico,0.0933816,1,127
31,15,3,Carbono/metano,-0.125084,1,46
31,15,4,Silicio/agua,0.0729227,1,104
31,15,5,Silicio/acido sulfurico,-0.00249802,1,140
31,20,0,Carbono/agua,0.546769,1,137
31,20,1,Carbono/amonia,-0.244474,1,85
31,20,2,Carbono/acido sulfurico,6.7617,3,174
31,20,3,Carbono/metano,-0.125084,1,63
31,20,4,Silicio/agua,0.110659,1,143
31,20,5,Silicio/acido sulfurico,0.250609,1,194
31,25,0,Carbono/agua,0.546769,1,180
31,25,1,Carbono/amonia,-0.0656667,1,99
31,25,2,Carbono/acido sulfurico,6.7617,3,227
31,25,3,Carbono/metano,-0.125084,1,83
31,25,4,Silicio/agua,0.110659,1,186
31,25,5,Silicio/acido sulfurico,0.250609,1,252
31,30,0,Carbono/agua,0.546769,1,227
31,30,1,Carbono/amonia,-0.0460279,1,117
31,30,2,Carbono/acido sulfurico,6.7617,3,287
31,30,3,Carbono/metano,0.0988874,1,104
31,30,4,Silicio/agua,0.110659,1,237
31,30,5,Silicio/acido sulfurico,0.250609,1,318
31,35,0,Carbono/agua,6.81838,2,280
31,35,1,Carbono/amonia,-0.0460279,1,136
31,35,2,Carbono/acido sulfurico,8.96656,4,352
31,35,3,Carbono/metano,0.0988874,1,127
31,35,4,Silicio/agua,0.110659,1,291
31,35,5,Silicio/acido sulfurico,0.250609,1,390
31,40,0,Carbono/agua,6.81838,2,336
31,40,1,Carbono/amonia,-4.34294e-07,1,156
31,40,2,Carbono/acido sulfurico,9,6,425
31,40,3,Carbono/metano,0.0988874,1,154
31,40,4,Silicio/agua,0.110659,1,350
31,40,5,Silicio/acido sulfurico,0.336476,1,471
31,45,0,Carbono/agua,6.81838,3,400
31,45,1,Carbono/amonia,8.03693,3,178
31,45,2,Carbono/acido sulfurico,9,7,505
31,45,3,Carbono/metano,0.0988874,1,180
31,45,4,Silicio/agua,0.110659,1,415
31,45,5,Silicio/acido sulfurico,0.336476,1,559
31,50,0,Carbono/agua,7.47061,3,470
31,50,1,Carbono/amonia,8.03693,3,222
31,50,2,Carbono/acido sulfurico,9,7,594
31,50,3,Carbono/metano,0.102474,1,212
31,50,4,Silicio/agua,0.133989,1,487
31,50,5,Silicio/acido sulfurico,6,2,656
31,55,0,Carbono/agua,7.54233,3,548
31,55,1,Carbono/amonia,8.03693,3,276
31,55,2,Carbono/acido sulfurico,9,7,692
31,55,3,Carbono/metano,0.262797,1,247
31,55,4,Silicio/agua,0.252835,1,567
31,55,5,Silicio/acido sulfurico,7.60976,3,763
31,60,0,Carbono/agua,7.99509,3,632
31,60,1,Carbono/amonia,8.4,3,333
31,60,2,Carbono/acido sulfurico,9,7,801
31,60,3,Carbono/metano,0.262797,1,285
31,60,4,Silicio/agua,0.252835,1,654
31,60,5,Silicio/acido sulfurico,7.60976,3,881
31,65,0,Carbono/agua,7.99509,3,705
31,65,1,Carbono/amonia,8.4,3,398
31,65,2,Carbono/acido sulfurico,9,7,919
31,65,3,Carbono/metano,6.92563,2,327
31,65,4,Silicio/agua,0.252835,1,751
31,65,5,Silicio/acido sulfurico,8.61124,4,1012
31,70,0,Carbono/agua,7.99509,3,756
31,70,1,Carbono/amonia,8.49523,3,471
31,70,2,Carbono/acido sulfurico,9,7,1050
31,70,3,Carbono/metano,6.92563,2,373
31,70,4,Silicio/agua,0.255739,1,858
31,70,5,Silicio/acido sulfurico,9,4,1157
31,75,0,Carbono/agua,7.99509,3,812
31,75,1,Carbono/amonia,9,3,549
31,75,2,Carbono/acido sulfurico,9,7,1196
31,75,3,Carbono/metano,6.92563,2,423
31,75,4,Silicio/agua,0.371403,1,976
31,75,5,Silicio/acido sulfurico,9,4,1316
31,80,0,Carbono/agua,8.9341,3,875
31,80,1,Carbono/amonia,9,3,637
31,80,2,Carbono/acido sulfurico,9,7,1357
31,80,3,Carbono/metano,6.92563,2,479
31,80,4,Silicio/agua,0.371403,1,1107
31,80,5,Silicio/acido sulfurico,9,5,1494
31,85,0,Carbono/agua,9,3,945
31,85,1,Carbono/amonia,9,3,733
31,85,2,Carbono/acido sulfurico,9,7,1534
31,85,3,Carbono/metano,6.92563,3,540
31,85,4,Silicio/agua,0.371403,1,1252
31,85,5,Silicio/acido sulfurico,9,6,1689
31,90,0,Carbono/agua,9,3,1069
31,90,1,Carbono/amonia,9,3,838
31,90,2,Carbono/acido sulfurico,9,7,1729
31,90,3,Carbono/metano,7.31024,3,609
31,90,4,Silicio/agua,0.583495,1,1411
31,90,5,Silicio/acido sulfurico,9,7,1903
31,95,0,Carbono/agua,9,3,1237
31,95,1,Carbono/amonia,9,2,906
31,95,2,Carbono/acido sulfurico,9,7,1944
31,95,3,Carbono/metano,7.65884,3,684
31,95,4,Silicio/agua,0.583495,1,1586
31,95,5,Silicio/acido sulfurico,9,7,2139
31,100,0,Carbono/agua,9,4,1425
31,100,1,Carbono/amonia,9,2,969
31,100,2,Carbono/acido sulfurico,9,7,2182
31,100,3,Carbono/metano,8.4,3,767
31,100,4,Silicio/agua,7.44726,3,1779
31,100,5,Silicio/acido sulfurico,9,7,2401
31,105,0,Carbono/agua,9,5,1632
31,105,1,Carbono/amonia,9,3,1041
31,105,2,Carbono/acido sulfurico,9,7,2447
31,105,3,Carbono/metano,9,5,859
31,105,4,Silicio/agua,7.76212,3,1993
31,105,5,Silicio/acido sulfurico,9,7,2690
31,110,0,Carbono/agua,9,5,1861
31,110,1,Carbono/amonia,9,3,1120
31,110,2,Carbono/acido sulfurico,9,7,2739
31,110,3,Carbono/metano,9,5,960
31,110,4,Silicio/agua,8.49164,3,2230
31,110,5,Silicio/acido sulfurico,9,7,3010
31,115,0,Carbono/agua,9,5,2111
31,115,1,Carbono/amonia,9,3,1208
31,115,2,Carbono/acido sulfurico,9,7,3062
31,115,3,Carbono/metano,9,5,1071
31,115,4,Silicio/agua,9,3,2492
31,115,5,Silicio/acido sulfurico,9,7,3363
31,120,0,Carbono/agua,9,5,2390
31,120,1,Carbono/amonia,9,4,1399
31,120,2,Carbono/acido sulfurico,9,7,3418
31,120,3,Carbono/metano,9,5,1194
31,120,4,Silicio/agua,9,3,2782
31,120,5,Silicio/acido sulfurico,9,7,3753
31,125,0,Carbono/agua,9,5,2697
31,125,1,Carbono/amonia,9,4,1610
31,125,2,Carbono/acido sulfurico,9,7,3811
31,125,3,Carbono/metano,9,5,1329
31,125,4,Silicio/agua,9,3,3101
31,125,5,Silicio/acido sulfurico,9,7,4183
31,130,0,Carbono/agua,9,5,3035
31,130,1,Carbono/amonia,9,5,1845
31,130,2,Carbono/acido sulfurico,9,7,4245
31,130,3,Carbono/metano,9,5,1479
31,130,4,Silicio/agua,9,3,3453
31,130,5,Silicio/acido sulfurico,9,7,4658
31,135,0,Carbono/agua,9,5,3410
31,135,1,Carbono/amonia,9,8,2101
31,135,2,Carbono/acido sulfurico,9,7,4723
31,135,3,Carbono/metano,9,5,1645
31,135,4,Silicio/agua,9,3,3839
31,135,5,Silicio/acido sulfurico,9,7,5182
31,140,0,Carbono/agua,9,5,3821
31,140,1,Carbono/amonia,9,8,2387
31,140,2,Carbono/acido sulfurico,9,7,5251
31,140,3,Carbono/metano,9,5,1827
31,140,4,Silicio/agua,9,3,4268
31,140,5,Silicio/acido sulfurico,9,7,5760
31,145,0,Carbono/agua,9,5,4277
31,145,1,Carbono/amonia,9,8,2703
31,145,2,Carbono/acido sulfurico,9,7,5834
31,145,3,Carbono/metano,9,5,2029
31,145,4,Silicio/agua,9,3,4743
31,145,5,Silicio/acido sulfurico,9,7,6399
31,150,0,Carbono/agua,9,5,4780
31,150,1,Carbono/amonia,9,8,3051
31,150,2,Carbono/acido sulfurico,9,7,6478
31,150,3,Carbono/metano,9,5,2251
31,150,4,Silicio/agua,9,5,5266
31,150,5,Silicio/acido sulfurico,9,7,7103
31,155,0,Carbono/agua,9,5,5335
31,155,1,Carbono/amonia,9,8,3434
31,155,2,Carbono/acido sulfurico,9,7,7189
31,155,3,Carbono/metano,9,5,2496
31,155,4,Silicio/agua,9,5,5842
31,155,5,Silicio/acido sulfurico,9,7,7883
31,160,0,Carbono/agua,9,5,5947
31,160,1,Carbono/amonia,9,8,3857
31,160,2,Carbono/acido sulfurico,9,7,7973
31,160,3,Carbono/metano,9,5,2769
31,160,4,Silicio/agua,9,5,6478
31,160,5,Silicio/acido sulfurico,9,7,8743
31,165,0,Carbono/agua,9,5,6623
31,165,1,Carbono/amonia,9,8,4325
31,165,2,Carbono/acido sulfurico,9,7,8840
31,165,3,Carbono/metano,9,5,3069
31,165,4,Silicio/agua,9,5,7181
31,165,5,Silicio/acido sulfurico,9,7,9692
31,170,0,Carbono/agua,9,5,7370
31,170,1,Carbono/amonia,9,8,4841
31,170,2,Carbono/acido sulfurico,9,7,9798
31,170,3,Carbono/metano,9,5,3401
31,170,4,Silicio/agua,9,5,7956
31,170,5,Silicio/acido sulfurico,9,7,10739
31,175,0,Carbono/agua,9,5,8195
31,175,1,Carbono/amonia,9,8,5394
31,175,2,Carbono/acido sulfurico,9,7,10824
31,175,3,Carbono/metano,9,5,3758
31,175,4,Silicio/agua,9,5,8810
31,175,5,Silicio/acido sulfurico,9,7,11865
31,180,0,Carbono/agua,9,5,9106
31,180,1,Carbono/amonia,9,8,5949
31,180,2,Carbono/acido sulfurico,9,7,11854
31,180,3,Carbono/metano,9,5,4116
31,180,4,Silicio/agua,9,5,9756
31,180,5,Silicio/acido sulfurico,9,7,12994
31,185,0,Carbono/agua,9,6,10111
31,185,1,Carbono/amonia,9,8,6504
31,185,2,Carbono/acido sulfurico,9,7,12884
31,185,3,Carbono/metano,9,5,4475
31,185,4,Silicio/agua,9,5,10799
31,185,5,Silicio/acido sulfurico,9,7,14122
31,190,0,Carbono/agua,9,7,11221
31,190,1,Carbono/amonia,9,8,7061
31,190,2,Carbono/acido sulfurico,9,7,13913
31,190,3,Carbono/metano,9,5,4832
31,190,4,Silicio/agua,9,5,11952
31,190,5,Silicio/acido sulfurico,9,7,15252
31,195,0,Carbono/agua,9,7,12445
31,195,1,Carbono/amonia,9,8,7616
31,195,2,Carbono/acido sulfurico,9,7,14942
31,195,3,Carbono/metano,9,5,5189
31,195,4,Silicio/agua,9,5,13223
31,195,5,Silicio/acido sulfurico,9,7,16380
31,200,0,Carbono/agua,9,7,13799
31,200,1,Carbono/amonia,9,8,8171
31,200,2,Carbono/acido sulfurico,9,7,15972
31,200,3,Carbono/metano,9,5,5547
31,200,4,Silicio/agua,9,5,14629
31,200,5,Silicio/acido sulfurico,9,7,17510
31,205,0,Carbono/agua,9,7,15294
31,205,1,Carbono/amonia,9,8,8729
31,205,2,Carbono/acido sulfurico,9,7,17002
31,205,3,Carbono/metano,9,5,5902
31,205,4,Silicio/agua,9,5,16179
31,205,5,Silicio/acido sulfurico,9,7,18639
31,210,0,Carbono/agua,9,7,16943
31,210,1,Carbono/amonia,9,8,9285
31,210,2,Carbono/acido sulfurico,9,7,18032
31,210,3,Carbono/metano,9,5,6258
31,210,4,Silicio/agua,9,5,17891
31,210,5,Silicio/acido sulfurico,9,7,19769
31,215,0,Carbono/agua,9,7,18764
31,215,1,Carbono/amonia,9,8,9841
31,215,2,Carbono/acido sulfurico,9,7,19062
31,215,3,Carbono/metano,9,5,6614
31,215,4,Silicio/agua,9,6,19782
31,215,5,Silicio/acido sulfurico,9,7,20899
31,220,0,Carbono/agua,9,3,20774
31,220,1,Carbono/amonia,9,8,10396
31,220,2,Carbono/acido sulfurico,9,7,20092
31,220,3,Carbono/metano,9,5,6972
31,220,4,Silicio/agua,9,7,21869
31,220,5,Silicio/acido sulfurico,9,7,22029
31,225,0,Carbono/agua,9,6,21884
31,225,1,Carbono/amonia,9,8,10952
31,225,2,Carbono/acido sulfurico,9,7,21122
31,225,3,Carbono/metano,9,5,7328
31,225,4,Silicio/agua,9,7,24172
31,225,5,Silicio/acido sulfurico,9,7,23159
31,230,0,Carbono/agua,9,7,23110
31,230,1,Carbono/amonia,9,8,11507
31,230,2,Carbono/acido sulfurico,9,7,22151
31,230,3,Carbono/metano,9,5,7686
31,230,4,Silicio/agua,9,7,26717
31,230,5,Silicio/acido sulfurico,9,7,24288
31,235,0,Carbono/agua,9,8,24439
31,235,1,Carbono/amonia,9,8,12063
31,235,2,Carbono/acido sulfurico,9,7,23180
31,235,3,Carbono/metano,9,5,8043
31,235,4,Silicio/agua,9,7,29479
31,235,5,Silicio/acido sulfurico,9,7,25418
31,240,0,Carbono/agua,9,8,25779
31,240,1,Carbono/amonia,9,8,12618
31,240,2,Carbono/acido sulfurico,9,7,24209
31,240,3,Carbono/metano,9,5,8400
31,240,4,Silicio/agua,9,7,32263
31,240,5,Silicio/acido sulfurico,9,7,26547
31,245,0,Carbono/agua,9,8,27388
31,245,1,Carbono/amonia,9,8,13173
31,245,2,Carbono/acido sulfurico,9,7,25238
31,245,3,Carbono/metano,9,5,8757
31,245,4,Silicio/agua,9,7,35045
31,245,5,Silicio/acido sulfurico,9,7,27676
31,250,0,Carbono/agua,9,8,30068
31,250,1,Carbono/amonia,9,8,13728
31,250,2,Carbono/acido sulfurico,9,7,26267
31,250,3,Carbono/metano,9,5,9113
31,250,4,Silicio/agua,9,7,37827
31,250,5,Silicio/acido sulfurico,9,7,28804
31,255,0,Carbono/agua,9,8,32748
31,255,1,Carbono/amonia,9,8,14285
31,255,2,Carbono/acido sulfurico,9,7,27296
31,255,3,Carbono/metano,9,5,9468
31,255,4,Silicio/agua,9,7,40609
31,255,5,Silicio/acido sulfurico,9,7,29934
31,260,0,Carbono/agua,9,8,35428
31,260,1,Carbono/amonia,9,8,14841
31,260,2,Carbono/acido sulfurico,9,7,28326
31,260,3,Carbono/metano,9,5,9823
31,260,4,Silicio/agua,9,7,43393
31,260,5,Silicio/acido sulfurico,9,7,31063
31,265,0,Carbono/agua,9,8,38109
31,265,1,Carbono/amonia,9,8,15398
31,265,2,Carbono/acido sulfurico,9,7,29356
31,265,3,Carbono/metano,9,5,10180
31,265,4,Silicio/agua,9,7,45064
31,265,5,Silicio/acido sulfurico,9,7,32189
31,270,0,Carbono/agua,9,8,40789
31,270,1,Carbono/amonia,9,8,15953
31,270,2,Carbono/acido sulfurico,9,7,30386
31,270,3,Carbono/metano,9,5,10537
31,270,4,Silicio/agua,9,7,46454
31,270,5,Silicio/acido sulfurico,9,8,33319
31,275,0,Carbono/agua,9,8,43469
31,275,1,Carbono/amonia,9,8,16509
31,275,2,Carbono/acido sulfurico,9,7,31416
31,275,3,Carbono/metano,9,5,10894
31,275,4,Silicio/agua,9,7,47844
31,275,5,Silicio/acido sulfurico,9,8,34446
31,280,0,Carbono/agua,9,8,46149
31,280,1,Carbono/amonia,9,8,17064
31,280,2,Carbono/acido sulfurico,9,7,32445
31,280,3,Carbono/metano,9,5,11251
31,280,4,Silicio/agua,9,7,49234
31,280,5,Silicio/acido sulfurico,9,8,35575
31,285,0,Carbono/agua,9,8,48829
31,285,1,Carbono/amonia,9,8,17619
31,285,2,Carbono/acido sulfurico,9,7,33475
31,285,3,Carbono/metano,9,6,11609
31,285,4,Silicio/agua,9,7,50627
31,285,5,Silicio/acido sulfurico,9,8,36705
31,290,0,Carbono/agua,9,8,51510
31,290,1,Carbono/amonia,9,8,18175
31,290,2,Carbono/acido sulfurico,9,7,34504
31,290,3,Carbono/metano,9,6,11965
31,290,4,Silicio/agua,9,7,53410
31,290,5,Silicio/acido sulfurico,9,8,37833
31,295,0,Carbono/agua,9,8,54190
31,295,1,Carbono/amonia,9,8,18732
31,295,2,Carbono/acido sulfurico,9,7,35533
31,295,3,Carbono/metano,9,6,12320
31,295,4,Silicio/agua,9,7,56194
31,295,5,Silicio/acido sulfurico,9,8,38961
31,300,0,Carbono/agua,9,8,56871
31,300,1,Carbono/amonia,9,8,19288
31,300,2,Carbono/acido sulfurico,9,7,36563
31,300,3,Carbono/metano,9,7,12677
31,300,4,Silicio/agua,9,7,58978
31,300,5,Silicio/acido sulfurico,9,9,40090
