rodada,ano,civilizacao,cultura,classe,score,primeira_do_universo,por_contato
0,0,0,Empiristas,"nucleos efemeros",47.4434,1,0
0,0,1,Incrementalistas,"Z=4 Be (vida longa)",4,1,0
0,0,1,Incrementalistas,"nucleos efemeros",34.6871,0,0
0,0,1,Incrementalistas,"Z=38 Sr (vida longa)",38,1,0
0,0,2,Evolucionistas,"nucleos efemeros",12.2653,0,0
0,0,3,Isolados,"nucleos efemeros",12.1084,0,0
0,0,3,Isolados,"Z=69 Tm (vida longa)",69,1,0
0,0,3,Isolados,"Z=66 Dy (vida longa)",66,1,0
0,1,0,Empiristas,"Z=97 Bk (vida longa)",97,1,0
0,1,0,Empiristas,"Z=98 Cf (vida longa)",98,1,0
0,1,0,Empiristas,"Z=100 Fm (vida longa)",100,1,0
0,1,1,Incrementalistas,"Z=41 Nb (vida longa)",41,1,0
0,1,2,Evolucionistas,"Z=114 Fl (vida longa)",114,1,0
0,1,3,Isolados,"Z=68 Er (vida longa)",68,1,0
0,1,1,Incrementalistas,"Z=100 Fm (vida longa)",100,0,1
0,1,1,Incrementalistas,"Z=97 Bk (vida longa)",97,0,1
0,1,0,Empiristas,"Z=4 Be (vida longa)",4,0,1
0,2,0,Empiristas,"Z=101 Md (vida longa)",101,1,0
0,2,0,Empiristas,"Z=82 Pb (vida longa)",82,1,0
0,2,1,Incrementalistas,"Z=98 Cf (vida longa)",98,0,0
0,2,1,Incrementalistas,"Z=99 Es (vida longa)",99,1,0
0,2,1,Incrementalistas,"Z=101 Md (vida longa)",101,0,0
0,2,1,Incrementalistas,"Z=40 Zr (vida longa)",40,1,0
0,2,3,Isolados,"Z=94 Pu (vida longa)",94,1,0
0,3,0,Empiristas,"Z=8 O (vida longa)",8,1,0
0,3,1,Incrementalistas,"Z=43 Tc (vida longa)",43,1,0
0,3,3,Isolados,"Z=43 Tc (vida longa)",43,0,0
0,3,3,Isolados,"Z=2 He (vida longa)",2,1,0
0,4,0,Empiristas,"Z=74 W (vida longa)",74,1,0
0,4,1,Incrementalistas,"Z=46 Pd (vida longa)",46,1,0
0,4,2,Evolucionistas,"Z=111 Rg (vida longa)",111,1,0
0,4,2,Evolucionistas,"Z=112 Cn (vida longa)",112,1,0
0,4,3,Isolados,"Z=70 Yb (vida longa)",70,1,0
0,5,1,Incrementalistas,"Z=96 Cm (vida longa)",96,1,0
0,5,3,Isolados,"Z=95 Am (vida longa)",95,1,0
0,6,0,Empiristas,"Z=99 Es (vida longa)",99,0,0
0,6,3,Isolados,"Z=96 Cm (vida longa)",96,0,0
0,7,0,Empiristas,"Z=79 Au (vida longa)",79,1,0
0,7,2,Evolucionistas,"Z=113 Nh (vida longa)",113,1,0
0,7,3,Isolados,"Z=91 Pa (vida longa)",91,1,0
0,7,1,Incrementalistas,"Z=74 W (vida longa)",74,0,1
0,7,2,Evolucionistas,"Z=101 Md (vida longa)",101,0,1
0,7,2,Evolucionistas,"Z=96 Cm (vida longa)",96,0,1
0,7,1,Incrementalistas,"Z=114 Fl (vida longa)",114,0,1
0,7,1,Incrementalistas,"Z=111 Rg (vida longa)",111,0,1
0,8,0,Empiristas,"Z=76 Os (vida longa)",76,1,0
0,8,0,Empiristas,"Z=71 Lu (vida longa)",71,1,0
0,8,2,Evolucionistas,"Z=10 Ne (vida longa)",10,1,0
0,8,2,Evolucionistas,"Z=110 Ds (vida longa)",110,1,0
0,8,3,Isolados,"Z=67 Ho (vida longa)",67,1,0
0,9,0,Empiristas,"Z=26 Fe (vida longa)",26,1,0
0,9,1,Incrementalistas,"Z=36 Kr (vida longa)",36,1,0
0,9,1,Incrementalistas,"Z=102 No (vida longa)",102,1,0
0,9,3,Isolados,"Z=65 Tb (vida longa)",65,1,0
0,9,3,Isolados,"Z=21 Sc (vida longa)",21,1,0
0,9,3,Isolados,"Z=92 U (vida longa)",92,1,0
0,10,2,Evolucionistas,"Z=109 Mt (vida longa)",109,1,0
0,10,0,Empiristas,"Z=114 Fl (vida longa)",114,0,1
0,10,0,Empiristas,"Z=43 Tc (vida longa)",43,0,1
0,11,1,Incrementalistas,"Z=95 Am (vida longa)",95,0,0
0,12,0,Empiristas,"Z=42 Mo (vida longa)",42,1,0
0,12,0,Empiristas,"Z=111 Rg (vida longa)",111,0,0
0,12,3,Isolados,"Z=93 Np (vida longa)",93,1,0
0,13,1,Incrementalistas,"Z=108 Hs (vida longa)",108,1,0
0,13,2,Evolucionistas,"Z=20 Ca (vida longa)",20,1,0
0,13,3,Isolados,"Z=58 Ce (vida longa)",58,1,0
0,14,0,Empiristas,"Z=38 Sr (vida longa)",38,0,0
0,14,1,Incrementalistas,"Z=82 Pb (vida longa)",82,0,1
0,14,0,Empiristas,"Z=108 Hs (vida longa)",108,0,1
0,14,1,Incrementalistas,"Z=10 Ne (vida longa)",10,0,1
0,15,3,Isolados,"Z=54 Xe (vida longa)",54,1,0
0,16,1,Incrementalistas,"Z=107 Bh (vida longa)",107,1,0
0,16,2,Evolucionistas,"Z=11 Na (vida longa)",11,1,0
0,16,2,Evolucionistas,"Z=8 O (vida longa)",8,0,0
0,16,3,Isolados,"Z=80 Hg (vida longa)",80,1,0
0,16,0,Empiristas,"Z=110 Ds (vida longa)",110,0,1
0,16,2,Evolucionistas,"Z=82 Pb (vida longa)",82,0,1
0,17,1,Incrementalistas,"Z=105 Db (vida longa)",105,1,0
0,17,3,Isolados,"Z=18 Ar (vida longa)",18,1,0
0,17,3,Isolados,"Z=10 Ne (vida longa)",10,0,0
0,17,1,Incrementalistas,"Z=113 Nh (vida longa)",113,0,1
0,17,2,Evolucionistas,"Z=108 Hs (vida longa)",108,0,1
0,18,1,Incrementalistas,"Z=94 Pu (vida longa)",94,0,0
0,19,0,Empiristas,"Z=55 Cs (vida longa)",55,1,0
0,19,1,Incrementalistas,"Z=110 Ds (vida longa)",110,0,0
0,19,3,Isolados,"Z=90 Th (vida longa)",90,1,0
0,19,2,Evolucionistas,"Z=38 Sr (vida longa)",38,0,1
0,19,0,Empiristas,"Z=10 Ne (vida longa)",10,0,1
0,19,0,Empiristas,"Z=96 Cm (vida longa)",96,0,1
0,20,3,Isolados,"Z=5 B (vida longa)",5,1,0
0,21,0,Empiristas,"Z=105 Db (vida longa)",105,0,0
0,21,0,Empiristas,"Z=92 U (vida longa)",92,0,0
0,21,3,Isolados,"Z=50 Sn (vida longa)",50,1,0
0,21,3,Isolados,"Z=78 Pt (vida longa)",78,1,0
0,22,0,Empiristas,"Z=109 Mt (vida longa)",109,0,0
0,23,1,Incrementalistas,"Z=109 Mt (vida longa)",109,0,0
0,23,3,Isolados,"Z=89 Ac (vida longa)",89,1,0
0,24,0,Empiristas,"Z=41 Nb (vida longa)",41,0,0
0,24,1,Incrementalistas,"Z=83 Bi (vida longa)",83,1,0
0,24,1,Incrementalistas,"Z=44 Ru (vida longa)",44,1,0
0,25,0,Empiristas,"Z=102 No (vida longa)",102,0,0
0,25,0,Empiristas,"Z=19 K (vida longa)",19,1,0
0,25,0,Empiristas,"Z=67 Ho (vida longa)",67,0,0
0,27,1,Incrementalistas,"Z=112 Cn (vida longa)",112,0,0
0,27,2,Evolucionistas,"Z=106 Sg (vida longa)",106,1,0
0,28,0,Empiristas,"Z=113 Nh (vida longa)",113,0,0
0,28,2,Evolucionistas,"Z=107 Bh (vida longa)",107,0,1
0,29,0,Empiristas,"Z=68 Er (vida longa)",68,0,0
0,29,0,Empiristas,"Z=84 Po (vida longa)",84,1,0
0,29,0,Empiristas,"Z=20 Ca (vida longa)",20,0,1
0,29,2,Evolucionistas,"Z=99 Es (vida longa)",99,0,1
0,30,0,Empiristas,"Z=14 Si (vida longa)",14,1,0
0,30,0,Empiristas,"Z=103 Lr (vida longa)",103,1,0
0,30,0,Empiristas,"Z=112 Cn (vida longa)",112,0,0
0,30,0,Empiristas,"Z=45 Rh (vida longa)",45,1,0
0,30,1,Incrementalistas,"Z=104 Rf (vida longa)",104,1,0
0,30,3,Isolados,"Z=3 Li (vida longa)",3,1,0
0,30,3,Isolados,"Z=88 Ra (vida longa)",88,1,0
0,31,1,Incrementalistas,"Z=45 Rh (vida longa)",45,0,0
0,31,1,Incrementalistas,"Z=71 Lu (vida longa)",71,0,0
0,31,0,Empiristas,"Z=94 Pu (vida longa)",94,0,1
0,33,2,Evolucionistas,"Z=12 Mg (vida longa)",12,1,0
0,33,2,Evolucionistas,"Z=115 Mc (vida longa)",115,1,0
0,33,3,Isolados,"Z=97 Bk (vida longa)",97,0,0
0,34,0,Empiristas,"Z=3 Li (vida longa)",3,0,0
0,34,1,Incrementalistas,"Z=11 Na (vida longa)",11,0,0
0,35,0,Empiristas,"Z=57 La (vida longa)",57,1,0
0,35,3,Isolados,"Z=20 Ca (vida longa)",20,0,0
0,35,1,Incrementalistas,"Z=115 Mc (vida longa)",115,0,1
0,37,3,Isolados,"Z=44 Ru (vida longa)",44,0,0
0,37,1,Incrementalistas,"Z=26 Fe (vida longa)",26,0,1
0,37,0,Empiristas,"Z=115 Mc (vida longa)",115,0,1
0,38,3,Isolados,"Z=98 Cf (vida longa)",98,0,0
0,38,2,Evolucionistas,"Z=97 Bk (vida longa)",97,0,1
0,39,0,Empiristas,"Z=59 Pr (vida longa)",59,1,0
0,39,0,Empiristas,"Z=83 Bi (vida longa)",83,0,0
0,39,0,Empiristas,"Z=61 Pm (vida longa)",61,1,0
0,39,1,Incrementalistas,"Z=16 S (vida longa)",16,1,0
0,39,2,Evolucionistas,"Z=79 Au (vida longa)",79,0,0
0,39,2,Evolucionistas,"Z=4 Be (vida longa)",4,0,1
0,40,0,Empiristas,"Z=47 Ag (vida longa)",47,1,0
0,40,0,Empiristas,"Z=48 Cd (vida longa)",48,1,0
0,40,1,Incrementalistas,"Z=34 Se (vida longa)",34,1,0
0,40,2,Evolucionistas,"Z=9 F (vida longa)",9,1,0
0,40,3,Isolados,"Z=77 Ir (vida longa)",77,1,0
0,40,3,Isolados,"Z=4 Be (vida longa)",4,0,0
0,41,0,Empiristas,"Z=6 C (vida longa)",6,1,0
0,41,0,Empiristas,"Z=12 Mg (vida longa)",12,0,0
0,41,0,Empiristas,"Z=52 Te (vida longa)",52,1,0
0,41,2,Evolucionistas,"Z=18 Ar (vida longa)",18,0,0
0,41,3,Isolados,"Z=99 Es (vida longa)",99,0,0
0,41,3,Isolados,"Z=111 Rg (vida longa)",111,0,0
0,42,0,Empiristas,"Z=40 Zr (vida longa)",40,0,0
0,43,0,Empiristas,"Z=53 I (vida longa)",53,1,0
0,44,2,Evolucionistas,"Z=83 Bi (vida longa)",83,0,1
0,45,0,Empiristas,"Z=95 Am (vida longa)",95,0,0
0,45,2,Evolucionistas,"Z=95 Am (vida longa)",95,0,0
0,45,3,Isolados,"Z=112 Cn (vida longa)",112,0,0
0,46,2,Evolucionistas,"Z=94 Pu (vida longa)",94,0,0
0,46,3,Isolados,"nucleos efemeros",91.7526,0,0
0,46,3,Isolados,"Z=95 Am (vida longa)",95,0,0
0,47,0,Empiristas,"Z=85 At (vida longa)",85,1,0
0,48,1,Incrementalistas,"Z=106 Sg (vida longa)",106,0,0
0,48,2,Evolucionistas,"Z=5 B (vida longa)",5,0,0
0,48,3,Isolados,"Z=99 Es (vida longa)",99,0,0
0,49,3,Isolados,"Z=101 Md (vida longa)",101,0,0
0,49,3,Isolados,"Z=93 Np (vida longa)",93,0,0
0,50,0,Empiristas,"Z=78 Pt (vida longa)",78,0,0
0,50,3,Isolados,"Z=14 Si (vida longa)",14,0,0
0,50,3,Isolados,"Z=76 Os (vida longa)",76,0,0
0,51,0,Empiristas,"Z=73 Ta (vida longa)",73,1,0
0,51,0,Empiristas,"Z=33 As (vida longa)",33,1,0
0,51,0,Empiristas,"Z=46 Pd (vida longa)",46,0,0
0,51,1,Incrementalistas,"Z=30 Zn (vida longa)",30,1,0
0,51,3,Isolados,"Z=44 Ru (vida longa)",44,0,0
0,52,3,Isolados,"Z=113 Nh (vida longa)",113,0,0
0,53,0,Empiristas,"Z=28 Ni (vida longa)",28,1,0
0,53,0,Empiristas,"Z=30 Zn (vida longa)",30,0,0
0,53,1,Incrementalistas,"Z=22 Ti (vida longa)",22,1,0
0,53,3,Isolados,"Z=110 Ds (vida longa)",110,0,0
0,53,3,Isolados,"Z=98 Cf (vida longa)",98,0,0
0,54,0,Empiristas,"Z=81 Tl (vida longa)",81,1,0
0,54,3,Isolados,"Z=26 Fe (vida longa)",26,0,0
0,54,3,Isolados,"Z=100 Fm (vida longa)",100,0,0
0,55,0,Empiristas,"Z=72 Hf (vida longa)",72,1,0
0,55,3,Isolados,"Z=108 Hs (vida longa)",108,0,0
0,56,1,Incrementalistas,"Z=33 As (vida longa)",33,0,0
0,56,2,Evolucionistas,"Z=93 Np (vida longa)",93,0,0
0,56,3,Isolados,"Z=70 Yb (vida longa)",70,0,0
0,56,3,Isolados,"Z=109 Mt (vida longa)",109,0,0
0,57,0,Empiristas,"Z=32 Ge (vida longa)",32,1,0
0,58,2,Evolucionistas,"Z=48 Cd (vida longa)",48,0,0
0,59,0,Empiristas,"Z=2 He (vida longa)",2,0,0
0,59,0,Empiristas,"Z=60 Nd (vida longa)",60,1,0
0,59,3,Isolados,"Z=20 Ca (vida longa)",20,0,0
0,59,3,Isolados,"Z=114 Fl (vida longa)",114,0,0
0,60,0,Empiristas,"Z=34 Se (vida longa)",34,0,0
0,60,0,Empiristas,"Z=58 Ce (vida longa)",58,0,0
0,60,2,Evolucionistas,"Z=98 Cf (vida longa)",98,0,0
0,60,3,Isolados,"Z=106 Sg (vida longa)",106,0,0
0,60,3,Isolados,"Z=115 Mc (vida longa)",115,0,0
0,60,3,Isolados,"Z=109 Mt (vida longa)",109,0,0
0,61,1,Incrementalistas,"Z=13 Al (vida longa)",13,1,0
0,61,2,Evolucionistas,"Z=22 Ti (vida longa)",22,0,0
0,61,2,Evolucionistas,"Z=55 Cs (vida longa)",55,0,1
0,63,0,Empiristas,"Z=36 Kr (vida longa)",36,0,0
0,63,1,Incrementalistas,"Z=27 Co (vida longa)",27,1,0
0,63,3,Isolados,"Z=97 Bk (vida longa)",97,0,0
0,64,0,Empiristas,"Z=25 Mn (vida longa)",25,1,0
0,64,0,Empiristas,"Z=21 Sc (vida longa)",21,0,0
0,64,1,Incrementalistas,"Z=39 Y (vida longa)",39,1,0
0,64,3,Isolados,"Z=48 Cd (vida longa)",48,0,0
0,64,3,Isolados,"Z=40 Zr (vida longa)",40,0,0
0,65,1,Incrementalistas,"Z=68 Er (vida longa)",68,0,0
0,66,0,Empiristas,"Z=104 Rf (vida longa)",104,0,0
0,66,0,Empiristas,"Z=5 B (vida longa)",5,0,0
0,66,1,Incrementalistas,"Z=84 Po (vida longa)",84,0,0
0,66,2,Evolucionistas,"Z=40 Zr (vida longa)",40,0,0
0,67,0,Empiristas,"Z=18 Ar (vida longa)",18,0,0
0,67,2,Evolucionistas,"Z=81 Tl (vida longa)",81,0,1
0,67,1,Incrementalistas,"Z=60 Nd (vida longa)",60,0,1
0,68,0,Empiristas,"Z=90 Th (vida longa)",90,0,0
0,68,0,Empiristas,"Z=56 Ba (vida longa)",56,1,0
0,68,1,Incrementalistas,"Z=42 Mo (vida longa)",42,0,0
0,68,3,Isolados,"Z=76 Os (vida longa)",76,0,0
0,69,0,Empiristas,"Z=70 Yb (vida longa)",70,0,0
0,69,1,Incrementalistas,"Z=3 Li (vida longa)",3,0,0
0,69,3,Isolados,"Z=3 Li (vida longa)",3,0,0
0,71,1,Incrementalistas,"Z=5 B (vida longa)",5,0,0
0,71,1,Incrementalistas,"Z=81 Tl (vida longa)",81,0,0
0,71,1,Incrementalistas,"Z=69 Tm (vida longa)",69,0,0
0,71,2,Evolucionistas,"Z=16 S (vida longa)",16,0,0
0,72,0,Empiristas,"Z=16 S (vida longa)",16,0,0
0,72,0,Empiristas,"Z=17 Cl (vida longa)",17,1,0
0,72,2,Evolucionistas,"Z=62 Sm (vida longa)",62,1,0
0,73,2,Evolucionistas,"Z=71 Lu (vida longa)",71,0,1
0,75,2,Evolucionistas,"Z=102 No (vida longa)",102,0,0
0,75,3,Isolados,"Z=8 O (vida longa)",8,0,0
0,75,3,Isolados,"Z=68 Er (vida longa)",68,0,0
0,75,3,Isolados,"Z=32 Ge (vida longa)",32,0,0
0,76,3,Isolados,"Z=71 Lu (vida longa)",71,0,0
0,77,0,Empiristas,"Z=88 Ra (vida longa)",88,0,0
0,77,0,Empiristas,"Z=51 Sb (vida longa)",51,1,0
0,77,0,Empiristas,"Z=86 Rn (vida longa)",86,1,0
0,77,1,Incrementalistas,"Z=52 Te (vida longa)",52,0,0
0,77,1,Incrementalistas,"Z=90 Th (vida longa)",90,0,1
0,78,2,Evolucionistas,"Z=53 I (vida longa)",53,0,0
0,78,2,Evolucionistas,"Z=17 Cl (vida longa)",17,0,0
0,78,3,Isolados,"Z=62 Sm (vida longa)",62,0,0
0,79,2,Evolucionistas,"Z=25 Mn (vida longa)",25,0,0
0,79,3,Isolados,"Z=36 Kr (vida longa)",36,0,0
0,79,3,Isolados,"Z=87 Fr (vida longa)",87,1,0
0,79,1,Incrementalistas,"Z=72 Hf (vida longa)",72,0,1
0,79,0,Empiristas,"Z=106 Sg (vida longa)",106,0,1
0,80,0,Empiristas,"Z=62 Sm (vida longa)",62,0,0
0,80,2,Evolucionistas,"Z=105 Db (vida longa)",105,0,0
0,80,2,Evolucionistas,"Z=43 Tc (vida longa)",43,0,1
0,81,0,Empiristas,"Z=75 Re (vida longa)",75,1,0
0,82,0,Empiristas,"Z=15 P (vida longa)",15,1,0
0,83,0,Empiristas,"Z=29 Cu (vida longa)",29,1,0
0,83,0,Empiristas,"Z=50 Sn (vida longa)",50,0,0
0,83,0,Empiristas,"Z=66 Dy (vida longa)",66,0,0
0,83,2,Evolucionistas,"Z=6 C (vida longa)",6,0,0
0,83,3,Isolados,"Z=47 Ag (vida longa)",47,0,0
0,83,3,Isolados,"Z=108 Hs (vida longa)",108,0,0
0,84,1,Incrementalistas,"Z=24 Cr (vida longa)",24,1,0
0,85,2,Evolucionistas,"Z=3 Li (vida longa)",3,0,0
0,85,2,Evolucionistas,"Z=86 Rn (vida longa)",86,0,0
0,86,0,Empiristas,"Z=49 In (vida longa)",49,1,0
0,86,0,Empiristas,"Z=80 Hg (vida longa)",80,0,0
0,87,0,Empiristas,"Z=24 Cr (vida longa)",24,0,0
0,87,0,Empiristas,"Z=22 Ti (vida longa)",22,0,0
0,89,0,Empiristas,"Z=23 V (vida longa)",23,1,0
0,89,2,Evolucionistas,"Z=76 Os (vida longa)",76,0,0
0,89,3,Isolados,"Z=38 Sr (vida longa)",38,0,0
0,89,0,Empiristas,"Z=69 Tm (vida longa)",69,0,1
0,90,1,Incrementalistas,"Z=61 Pm (vida longa)",61,0,0
0,90,3,Isolados,"Z=42 Mo (vida longa)",42,0,0
0,90,1,Incrementalistas,"Z=93 Np (vida longa)",93,0,1
0,90,2,Evolucionistas,"Z=84 Po (vida longa)",84,0,1
0,91,3,Isolados,"Z=105 Db (vida longa)",105,0,0
0,91,3,Isolados,"Z=12 Mg (vida longa)",12,0,0
0,92,0,Empiristas,"Z=63 Eu (vida longa)",63,1,0
0,92,2,Evolucionistas,"Z=90 Th (vida longa)",90,0,0
0,93,0,Empiristas,"Z=77 Ir (vida longa)",77,0,0
0,93,0,Empiristas,"Z=87 Fr (vida longa)",87,0,0
0,93,1,Incrementalistas,"Z=85 At (vida longa)",85,0,0
0,93,2,Evolucionistas,"Z=52 Te (vida longa)",52,0,0
0,93,3,Isolados,"Z=107 Bh (vida longa)",107,0,0
0,94,0,Empiristas,"Z=54 Xe (vida longa)",54,0,0
0,95,0,Empiristas,"Z=11 Na (vida longa)",11,0,0
0,95,1,Incrementalistas,"Z=48 Cd (vida longa)",48,0,0
0,95,1,Incrementalistas,"Z=73 Ta (vida longa)",73,0,0
0,95,3,Isolados,"Z=13 Al (vida longa)",13,0,0
0,95,3,Isolados,"Z=86 Rn (vida longa)",86,0,0
0,96,1,Incrementalistas,"Z=58 Ce (vida longa)",58,0,0
0,97,3,Isolados,"Z=75 Re (vida longa)",75,0,0
0,97,3,Isolados,"Z=72 Hf (vida longa)",72,0,0
0,97,3,Isolados,"Z=46 Pd (vida longa)",46,0,0
0,98,0,Empiristas,"Z=13 Al (vida longa)",13,0,0
0,98,1,Incrementalistas,"Z=103 Lr (vida longa)",103,0,0
0,99,1,Incrementalistas,"Z=77 Ir (vida longa)",77,0,0
0,99,3,Isolados,"Z=102 No (vida longa)",102,0,0
0,100,2,Evolucionistas,"Z=74 W (vida longa)",74,0,0
0,100,2,Evolucionistas,"Z=2 He (vida longa)",2,0,0
0,100,3,Isolados,"Z=19 K (vida longa)",19,0,0
0,100,3,Isolados,"Z=30 Zn (vida longa)",30,0,0
0,100,3,Isolados,"Z=55 Cs (vida longa)",55,0,0
0,101,2,Evolucionistas,"Z=30 Zn (vida longa)",30,0,0
0,101,2,Evolucionistas,"Z=15 P (vida longa)",15,0,0
0,102,0,Empiristas,"Z=64 Gd (vida longa)",64,1,0
0,102,1,Incrementalistas,"Z=75 Re (vida longa)",75,0,0
0,102,2,Evolucionistas,"Z=13 Al (vida longa)",13,0,0
0,102,3,Isolados,"Z=49 In (vida longa)",49,0,0
0,102,3,Isolados,"Z=50 Sn (vida longa)",50,0,0
0,102,3,Isolados,"Z=26 Fe (vida longa)",26,0,0
0,103,1,Incrementalistas,"Z=50 Sn (vida longa)",50,0,0
0,103,3,Isolados,"Z=56 Ba (vida longa)",56,0,0
0,103,3,Isolados,"Z=74 W (vida longa)",74,0,0
0,104,2,Evolucionistas,"Z=56 Ba (vida longa)",56,0,0
0,105,2,Evolucionistas,"Z=80 Hg (vida longa)",80,0,0
0,105,3,Isolados,"Z=34 Se (vida longa)",34,0,0
0,105,3,Isolados,"Z=28 Ni (vida longa)",28,0,0
0,105,3,Isolados,"Z=52 Te (vida longa)",52,0,0
0,105,3,Isolados,"Z=11 Na (vida longa)",11,0,0
0,105,2,Evolucionistas,"Z=28 Ni (vida longa)",28,0,1
0,106,2,Evolucionistas,"Z=92 U (vida longa)",92,0,0
0,107,1,Incrementalistas,"Z=70 Yb (vida longa)",70,0,0
0,107,2,Evolucionistas,"Z=67 Ho (vida longa)",67,0,0
0,107,3,Isolados,"Z=85 At (vida longa)",85,0,0
0,107,3,Isolados,"Z=9 F (vida longa)",9,0,0
0,107,3,Isolados,"Z=24 Cr (vida longa)",24,0,0
0,107,2,Evolucionistas,"Z=60 Nd (vida longa)",60,0,1
0,108,2,Evolucionistas,"Z=77 Ir (vida longa)",77,0,1
0,109,1,Incrementalistas,"Z=32 Ge (vida longa)",32,0,1
0,110,1,Incrementalistas,"Z=56 Ba (vida longa)",56,0,0
0,110,1,Incrementalistas,"Z=49 In (vida longa)",49,0,0
0,110,1,Incrementalistas,"Z=87 Fr (vida longa)",87,0,0
0,110,3,Isolados,"Z=29 Cu (vida longa)",29,0,0
0,111,0,Empiristas,"Z=44 Ru (vida longa)",44,0,0
0,111,2,Evolucionistas,"Z=39 Y (vida longa)",39,0,1
0,112,2,Evolucionistas,"Z=72 Hf (vida longa)",72,0,0
0,112,3,Isolados,"Z=112 Cn (vida longa)",112,0,0
0,112,3,Isolados,"Z=114 Fl (vida longa)",114,0,0
0,112,3,Isolados,"Z=111 Rg (vida longa)",111,0,0
0,112,2,Evolucionistas,"Z=100 Fm (vida longa)",100,0,1
0,112,1,Incrementalistas,"Z=92 U (vida longa)",92,0,1
0,113,3,Isolados,"Z=31 Ga (vida longa)",31,1,0
0,113,3,Isolados,"Z=95 Am (vida longa)",95,0,0
0,114,0,Empiristas,"Z=31 Ga (vida longa)",31,0,0
0,114,2,Evolucionistas,"Z=37 Rb (vida longa)",37,1,0
0,115,2,Evolucionistas,"Z=75 Re (vida longa)",75,0,0
0,115,2,Evolucionistas,"Z=23 V (vida longa)",23,0,0
0,115,2,Evolucionistas,"Z=65 Tb (vida longa)",65,0,0
0,115,3,Isolados,"Z=109 Mt (vida longa)",109,0,0
0,115,3,Isolados,"Z=110 Ds (vida longa)",110,0,0
0,115,3,Isolados,"Z=26 Fe (vida longa)",26,0,0
0,115,2,Evolucionistas,"Z=73 Ta (vida longa)",73,0,1
0,116,1,Incrementalistas,"Z=80 Hg (vida longa)",80,0,0
0,117,1,Incrementalistas,"Z=111 Rg (vida longa)",111,0,0
0,117,3,Isolados,"Z=15 P (vida longa)",15,0,0
0,117,1,Incrementalistas,"Z=115 Mc (vida longa)",115,0,1
0,117,1,Incrementalistas,"Z=60 Nd (vida longa)",60,0,1
0,118,2,Evolucionistas,"Z=33 As (vida longa)",33,0,0
0,118,3,Isolados,"Z=6 C (vida longa)",6,0,0
0,118,3,Isolados,"Z=18 Ar (vida longa)",18,0,0
0,118,3,Isolados,"Z=4 Be (vida longa)",4,0,0
0,118,3,Isolados,"Z=2 He (vida longa)",2,0,0
0,119,1,Incrementalistas,"Z=106 Sg (vida longa)",106,0,0
0,120,0,Empiristas,"Z=65 Tb (vida longa)",65,0,0
0,120,2,Evolucionistas,"Z=89 Ac (vida longa)",89,0,0
0,120,1,Incrementalistas,"Z=2 He (vida longa)",2,0,1
0,121,0,Empiristas,"Z=27 Co (vida longa)",27,0,0
0,121,0,Empiristas,"Z=91 Pa (vida longa)",91,0,0
0,121,2,Evolucionistas,"Z=50 Sn (vida longa)",50,0,0
0,121,2,Evolucionistas,"Z=70 Yb (vida longa)",70,0,0
0,121,2,Evolucionistas,"Z=69 Tm (vida longa)",69,0,0
0,121,3,Isolados,"Z=51 Sb (vida longa)",51,0,0
0,122,2,Evolucionistas,"Z=42 Mo (vida longa)",42,0,0
0,122,2,Evolucionistas,"Z=47 Ag (vida longa)",47,0,0
0,122,3,Isolados,"Z=28 Ni (vida longa)",28,0,0
0,124,1,Incrementalistas,"Z=34 Se (vida longa)",34,0,0
0,124,2,Evolucionistas,"Z=88 Ra (vida longa)",88,0,0
0,125,0,Empiristas,"Z=37 Rb (vida longa)",37,0,0
0,125,2,Evolucionistas,"Z=68 Er (vida longa)",68,0,0
0,125,2,Evolucionistas,"Z=46 Pd (vida longa)",46,0,0
0,125,1,Incrementalistas,"Z=76 Os (vida longa)",76,0,1
0,126,1,Incrementalistas,"Z=100 Fm (vida longa)",100,0,0
0,126,3,Isolados,"Z=22 Ti (vida longa)",22,0,0
0,126,2,Evolucionistas,"Z=36 Kr (vida longa)",36,0,1
0,126,1,Incrementalistas,"Z=67 Ho (vida longa)",67,0,1
0,127,2,Evolucionistas,"Z=78 Pt (vida longa)",78,0,0
0,127,3,Isolados,"Z=82 Pb (vida longa)",82,0,0
0,128,1,Incrementalistas,"Z=96 Cm (vida longa)",96,0,0
0,128,3,Isolados,"Z=17 Cl (vida longa)",17,0,0
0,128,3,Isolados,"Z=93 Np (vida longa)",93,0,0
0,128,3,Isolados,"Z=90 Th (vida longa)",90,0,0
0,128,3,Isolados,"Z=32 Ge (vida longa)",32,0,0
0,129,3,Isolados,"Z=21 Sc (vida longa)",21,0,0
0,129,3,Isolados,"Z=73 Ta (vida longa)",73,0,0
0,130,0,Empiristas,"Z=89 Ac (vida longa)",89,0,0
0,130,1,Incrementalistas,"Z=24 Cr (vida longa)",24,0,0
0,130,3,Isolados,"Z=107 Bh (vida longa)",107,0,0
0,131,1,Incrementalistas,"Z=4 Be (vida longa)",4,0,0
0,131,2,Evolucionistas,"Z=104 Rf (vida longa)",104,0,0
0,131,3,Isolados,"Z=16 S (vida longa)",16,0,0
0,132,2,Evolucionistas,"Z=29 Cu (vida longa)",29,0,1
0,133,1,Incrementalistas,"Z=104 Rf (vida longa)",104,0,0
0,133,2,Evolucionistas,"Z=49 In (vida longa)",49,0,0
0,133,2,Evolucionistas,"Z=32 Ge (vida longa)",32,0,0
0,133,2,Evolucionistas,"Z=14 Si (vida longa)",14,0,0
0,133,2,Evolucionistas,"Z=54 Xe (vida longa)",54,0,0
0,133,3,Isolados,"Z=63 Eu (vida longa)",63,0,0
0,133,1,Incrementalistas,"Z=17 Cl (vida longa)",17,0,1
0,134,0,Empiristas,"Z=9 F (vida longa)",9,0,0
0,134,1,Incrementalistas,"Z=29 Cu (vida longa)",29,0,0
0,134,1,Incrementalistas,"Z=63 Eu (vida longa)",63,0,1
0,135,2,Evolucionistas,"Z=26 Fe (vida longa)",26,0,0
0,136,1,Incrementalistas,"Z=51 Sb (vida longa)",51,0,0
0,136,1,Incrementalistas,"Z=50 Sn (vida longa)",50,0,0
0,136,3,Isolados,"Z=99 Es (vida longa)",99,0,0
0,136,3,Isolados,"Z=96 Cm (vida longa)",96,0,0
0,137,2,Evolucionistas,"Z=44 Ru (vida longa)",44,0,0
0,137,3,Isolados,"Z=50 Sn (vida longa)",50,0,0
0,138,0,Empiristas,"Z=35 Br (vida longa)",35,1,0
0,138,0,Empiristas,"Z=107 Bh (vida longa)",107,0,0
0,138,3,Isolados,"Z=101 Md (vida longa)",101,0,0
0,138,3,Isolados,"Z=57 La (vida longa)",57,0,0
0,138,1,Incrementalistas,"Z=8 O (vida longa)",8,0,1
0,139,2,Evolucionistas,"Z=34 Se (vida longa)",34,0,0
0,139,3,Isolados,"Z=103 Lr (vida longa)",103,0,0
0,139,3,Isolados,"Z=3 Li (vida longa)",3,0,0
0,140,3,Isolados,"Z=55 Cs (vida longa)",55,0,0
0,140,3,Isolados,"Z=78 Pt (vida longa)",78,0,0
0,141,1,Incrementalistas,"Z=108 Hs (vida longa)",108,0,0
0,141,2,Evolucionistas,"Z=1 H (vida longa)",1,1,0
0,142,3,Isolados,"Z=25 Mn (vida longa)",25,0,0
0,143,1,Incrementalistas,"Z=62 Sm (vida longa)",62,0,0
0,143,1,Incrementalistas,"Z=7 N (vida longa)",7,1,0
0,143,2,Evolucionistas,"Z=64 Gd (vida longa)",64,0,0
0,143,3,Isolados,"Z=45 Rh (vida longa)",45,0,0
0,144,1,Incrementalistas,"Z=45 Rh (vida longa)",45,0,0
0,144,3,Isolados,"Z=104 Rf (vida longa)",104,0,0
0,144,3,Isolados,"Z=41 Nb (vida longa)",41,0,0
0,144,3,Isolados,"Z=84 Po (vida longa)",84,0,0
0,144,3,Isolados,"Z=64 Gd (vida longa)",64,0,0
0,144,2,Evolucionistas,"Z=61 Pm (vida longa)",61,0,1
0,145,1,Incrementalistas,"Z=105 Db (vida longa)",105,0,0
0,145,1,Incrementalistas,"Z=28 Ni (vida longa)",28,0,0
0,145,1,Incrementalistas,"Z=47 Ag (vida longa)",47,0,0
0,146,0,Empiristas,"Z=93 Np (vida longa)",93,0,0
0,146,0,Empiristas,"Z=7 N (vida longa)",7,0,0
0,146,1,Incrementalistas,"Z=26 Fe (vida longa)",26,0,0
0,146,2,Evolucionistas,"Z=24 Cr (vida longa)",24,0,0
0,147,1,Incrementalistas,"Z=35 Br (vida longa)",35,0,0
0,147,2,Evolucionistas,"Z=41 Nb (vida longa)",41,0,0
0,147,3,Isolados,"Z=71 Lu (vida longa)",71,0,0
0,148,1,Incrementalistas,"Z=73 Ta (vida longa)",73,0,0
0,148,1,Incrementalistas,"Z=25 Mn (vida longa)",25,0,0
0,148,1,Incrementalistas,"Z=1 H (vida longa)",1,0,0
0,148,1,Incrementalistas,"Z=9 F (vida longa)",9,0,0
0,149,1,Incrementalistas,"Z=78 Pt (vida longa)",78,0,0
0,149,3,Isolados,"Z=53 I (vida longa)",53,0,0
0,149,3,Isolados,"Z=79 Au (vida longa)",79,0,0
0,149,2,Evolucionistas,"Z=31 Ga (vida longa)",31,0,1
0,150,1,Incrementalistas,"Z=102 No (vida longa)",102,0,0
0,150,3,Isolados,"Z=42 Mo (vida longa)",42,0,0
0,150,3,Isolados,"Z=81 Tl (vida longa)",81,0,0
0,150,3,Isolados,"Z=7 N (vida longa)",7,0,0
0,151,3,Isolados,"Z=66 Dy (vida longa)",66,0,0
0,152,1,Incrementalistas,"Z=23 V (vida longa)",23,0,0
0,152,1,Incrementalistas,"Z=66 Dy (vida longa)",66,0,0
0,152,1,Incrementalistas,"Z=43 Tc (vida longa)",43,0,0
0,152,3,Isolados,"Z=54 Xe (vida longa)",54,0,0
0,152,1,Incrementalistas,"Z=65 Tb (vida longa)",65,0,1
0,153,1,Incrementalistas,"Z=14 Si (vida longa)",14,0,0
0,153,1,Incrementalistas,"Z=80 Hg (vida longa)",80,0,0
0,153,3,Isolados,"Z=88 Ra (vida longa)",88,0,0
0,154,1,Incrementalistas,"Z=64 Gd (vida longa)",64,0,0
0,154,1,Incrementalistas,"Z=91 Pa (vida longa)",91,0,0
0,154,1,Incrementalistas,"Z=107 Bh (vida longa)",107,0,0
0,154,1,Incrementalistas,"Z=68 Er (vida longa)",68,0,0
0,154,3,Isolados,"Z=33 As (vida longa)",33,0,0
0,154,2,Evolucionistas,"Z=59 Pr (vida longa)",59,0,1
0,155,1,Incrementalistas,"Z=21 Sc (vida longa)",21,0,0
0,155,2,Evolucionistas,"Z=45 Rh (vida longa)",45,0,0
0,155,3,Isolados,"Z=27 Co (vida longa)",27,0,0
0,155,3,Isolados,"Z=80 Hg (vida longa)",80,0,0
0,156,1,Incrementalistas,"Z=6 C (vida longa)",6,0,0
0,156,2,Evolucionistas,"Z=51 Sb (vida longa)",51,0,0
0,157,3,Isolados,"Z=23 V (vida longa)",23,0,0
0,158,1,Incrementalistas,"Z=58 Ce (vida longa)",58,0,0
0,158,3,Isolados,"Z=89 Ac (vida longa)",89,0,0
0,158,2,Evolucionistas,"Z=21 Sc (vida longa)",21,0,1
0,159,1,Incrementalistas,"Z=11 Na (vida longa)",11,0,0
0,159,3,Isolados,"Z=60 Nd (vida longa)",60,0,0
0,161,1,Incrementalistas,"Z=86 Rn (vida longa)",86,0,0
0,161,1,Incrementalistas,"Z=42 Mo (vida longa)",42,0,0
0,161,1,Incrementalistas,"Z=95 Am (vida longa)",95,0,0
0,161,3,Isolados,"Z=92 U (vida longa)",92,0,0
0,162,2,Evolucionistas,"Z=19 K (vida longa)",19,0,0
0,163,1,Incrementalistas,"Z=31 Ga (vida longa)",31,0,0
0,164,1,Incrementalistas,"Z=54 Xe (vida longa)",54,0,0
0,164,2,Evolucionistas,"Z=87 Fr (vida longa)",87,0,0
0,166,3,Isolados,"Z=91 Pa (vida longa)",91,0,0
0,167,0,Empiristas,"Z=1 H (vida longa)",1,0,1
0,168,0,Empiristas,"Z=39 Y (vida longa)",39,0,0
0,168,1,Incrementalistas,"Z=20 Ca (vida longa)",20,0,0
0,168,3,Isolados,"Z=37 Rb (vida longa)",37,0,0
0,169,1,Incrementalistas,"Z=70 Yb (vida longa)",70,0,0
0,169,2,Evolucionistas,"Z=66 Dy (vida longa)",66,0,0
0,170,1,Incrementalistas,"Z=3 Li (vida longa)",3,0,0
0,172,1,Incrementalistas,"Z=53 I (vida longa)",53,0,0
0,172,3,Isolados,"Z=40 Zr (vida longa)",40,0,0
0,172,3,Isolados,"Z=85 At (vida longa)",85,0,0
0,173,1,Incrementalistas,"Z=56 Ba (vida longa)",56,0,0
0,174,1,Incrementalistas,"Z=92 U (vida longa)",92,0,0
0,174,2,Evolucionistas,"Z=103 Lr (vida longa)",103,0,0
0,174,3,Isolados,"Z=61 Pm (vida longa)",61,0,0
0,176,1,Incrementalistas,"Z=12 Mg (vida longa)",12,0,0
0,176,2,Evolucionistas,"Z=57 La (vida longa)",57,0,0
0,177,1,Incrementalistas,"Z=55 Cs (vida longa)",55,0,0
0,177,3,Isolados,"Z=39 Y (vida longa)",39,0,0
0,178,1,Incrementalistas,"Z=79 Au (vida longa)",79,0,0
0,179,1,Incrementalistas,"Z=15 P (vida longa)",15,0,0
0,179,3,Isolados,"Z=10 Ne (vida longa)",10,0,0
0,180,1,Incrementalistas,"Z=59 Pr (vida longa)",59,0,0
0,181,1,Incrementalistas,"Z=37 Rb (vida longa)",37,0,0
0,181,2,Evolucionistas,"Z=85 At (vida longa)",85,0,0
0,181,2,Evolucionistas,"Z=91 Pa (vida longa)",91,0,0
0,184,1,Incrementalistas,"Z=52 Te (vida longa)",52,0,0
0,185,3,Isolados,"Z=83 Bi (vida longa)",83,0,0
0,189,1,Incrementalistas,"Z=88 Ra (vida longa)",88,0,0
0,191,3,Isolados,"Z=56 Ba (vida longa)",56,0,0
0,193,2,Evolucionistas,"Z=63 Eu (vida longa)",63,0,0
0,197,1,Incrementalistas,"Z=93 Np (vida longa)",93,0,0
0,197,3,Isolados,"Z=35 Br (vida longa)",35,0,0
0,198,3,Isolados,"Z=59 Pr (vida longa)",59,0,0
0,199,1,Incrementalistas,"Z=18 Ar (vida longa)",18,0,0
0,202,2,Evolucionistas,"Z=58 Ce (vida longa)",58,0,0
0,206,2,Evolucionistas,"Z=27 Co (vida longa)",27,0,0
0,206,2,Evolucionistas,"Z=35 Br (vida longa)",35,0,0
0,210,1,Incrementalistas,"Z=77 Ir (vida longa)",77,0,0
0,213,1,Incrementalistas,"Z=19 K (vida longa)",19,0,0
0,222,1,Incrementalistas,"Z=57 La (vida longa)",57,0,0
0,224,1,Incrementalistas,"nucleos efemeros",107.808,0,0
0,224,1,Incrementalistas,"Z=112 Cn (vida longa)",112,0,0
0,224,1,Incrementalistas,"Z=110 Ds (vida longa)",110,0,0
0,224,1,Incrementalistas,"Z=115 Mc (vida longa)",115,0,0
0,225,1,Incrementalistas,"Z=88 Ra (vida longa)",88,0,0
0,225,1,Incrementalistas,"Z=42 Mo (vida longa)",42,0,0
0,225,1,Incrementalistas,"Z=49 In (vida longa)",49,0,0
0,226,1,Incrementalistas,"Z=17 Cl (vida longa)",17,0,0
0,226,1,Incrementalistas,"Z=61 Pm (vida longa)",61,0,0
0,226,1,Incrementalistas,"Z=58 Ce (vida longa)",58,0,0
0,226,1,Incrementalistas,"Z=96 Cm (vida longa)",96,0,0
0,227,1,Incrementalistas,"Z=23 V (vida longa)",23,0,0
0,227,1,Incrementalistas,"Z=76 Os (vida longa)",76,0,0
0,228,1,Incrementalistas,"Z=80 Hg (vida longa)",80,0,0
0,228,1,Incrementalistas,"Z=32 Ge (vida longa)",32,0,0
0,228,1,Incrementalistas,"Z=39 Y (vida longa)",39,0,0
0,229,1,Incrementalistas,"Z=6 C (vida longa)",6,0,0
0,229,1,Incrementalistas,"Z=66 Dy (vida longa)",66,0,0
0,229,1,Incrementalistas,"Z=62 Sm (vida longa)",62,0,0
0,229,1,Incrementalistas,"Z=22 Ti (vida longa)",22,0,0
0,231,1,Incrementalistas,"Z=44 Ru (vida longa)",44,0,0
0,231,1,Incrementalistas,"Z=87 Fr (vida longa)",87,0,0
0,232,1,Incrementalistas,"Z=92 U (vida longa)",92,0,0
0,232,1,Incrementalistas,"Z=5 B (vida longa)",5,0,1
0,233,1,Incrementalistas,"Z=103 Lr (vida longa)",103,0,0
0,233,1,Incrementalistas,"Z=59 Pr (vida longa)",59,0,0
0,233,1,Incrementalistas,"Z=30 Zn (vida longa)",30,0,0
0,234,1,Incrementalistas,"Z=89 Ac (vida longa)",89,0,0
0,236,1,Incrementalistas,"Z=100 Fm (vida longa)",100,0,0
0,236,1,Incrementalistas,"Z=50 Sn (vida longa)",50,0,0
0,236,1,Incrementalistas,"Z=73 Ta (vida longa)",73,0,0
0,236,2,Evolucionistas,"Z=7 N (vida longa)",7,0,0
0,239,1,Incrementalistas,"Z=43 Tc (vida longa)",43,0,0
0,240,1,Incrementalistas,"Z=64 Gd (vida longa)",64,0,0
0,241,1,Incrementalistas,"Z=94 Pu (vida longa)",94,0,0
0,241,1,Incrementalistas,"Z=34 Se (vida longa)",34,0,0
0,242,1,Incrementalistas,"Z=19 K (vida longa)",19,0,0
0,244,1,Incrementalistas,"Z=13 Al (vida longa)",13,0,0
0,247,1,Incrementalistas,"Z=10 Ne (vida longa)",10,0,0
0,248,1,Incrementalistas,"Z=106 Sg (vida longa)",106,0,0
0,249,1,Incrementalistas,"Z=29 Cu (vida longa)",29,0,0
0,254,1,Incrementalistas,"Z=102 No (vida longa)",102,0,0
0,262,1,Incrementalistas,"Z=112 Cn (vida longa)",112,0,0
0,262,1,Incrementalistas,"Z=46 Pd (vida longa)",46,0,0
0,262,1,Incrementalistas,"Z=110 Ds (vida longa)",110,0,0
0,262,1,Incrementalistas,"Z=109 Mt (vida longa)",109,0,0
0,262,1,Incrementalistas,"Z=2 He (vida longa)",2,0,0
0,262,1,Incrementalistas,"Z=4 Be (vida longa)",4,0,0
0,262,1,Incrementalistas,"Z=51 Sb (vida longa)",51,0,0
0,262,1,Incrementalistas,"Z=12 Mg (vida longa)",12,0,0
0,263,1,Incrementalistas,"Z=105 Db (vida longa)",105,0,0
0,263,1,Incrementalistas,"Z=80 Hg (vida longa)",80,0,0
0,263,1,Incrementalistas,"Z=22 Ti (vida longa)",22,0,0
0,263,1,Incrementalistas,"Z=30 Zn (vida longa)",30,0,0
0,263,1,Incrementalistas,"Z=76 Os (vida longa)",76,0,0
0,264,1,Incrementalistas,"Z=93 Np (vida longa)",93,0,0
0,264,1,Incrementalistas,"Z=44 Ru (vida longa)",44,0,0
0,264,1,Incrementalistas,"Z=3 Li (vida longa)",3,0,0
0,264,1,Incrementalistas,"Z=15 P (vida longa)",15,0,0
0,264,1,Incrementalistas,"Z=82 Pb (vida longa)",82,0,0
0,264,1,Incrementalistas,"Z=96 Cm (vida longa)",96,0,0
0,264,1,Incrementalistas,"Z=40 Zr (vida longa)",40,0,0
0,265,1,Incrementalistas,"Z=107 Bh (vida longa)",107,0,0
0,265,1,Incrementalistas,"Z=47 Ag (vida longa)",47,0,1
0,266,1,Incrementalistas,"Z=85 At (vida longa)",85,0,0
0,266,1,Incrementalistas,"Z=23 V (vida longa)",23,0,0
0,266,1,Incrementalistas,"Z=95 Am (vida longa)",95,0,0
0,266,1,Incrementalistas,"Z=89 Ac (vida longa)",89,0,0
0,266,1,Incrementalistas,"Z=77 Ir (vida longa)",77,0,0
0,266,1,Incrementalistas,"Z=59 Pr (vida longa)",59,0,0
0,267,1,Incrementalistas,"Z=106 Sg (vida longa)",106,0,0
0,270,1,Incrementalistas,"Z=34 Se (vida longa)",34,0,0
0,271,1,Incrementalistas,"Z=69 Tm (vida longa)",69,0,0
0,272,1,Incrementalistas,"Z=26 Fe (vida longa)",26,0,0
0,272,1,Incrementalistas,"Z=48 Cd (vida longa)",48,0,0
0,272,1,Incrementalistas,"Z=56 Ba (vida longa)",56,0,0
0,273,1,Incrementalistas,"Z=11 Na (vida longa)",11,0,0
0,274,1,Incrementalistas,"Z=103 Lr (vida longa)",103,0,0
0,274,1,Incrementalistas,"Z=25 Mn (vida longa)",25,0,0
0,276,1,Incrementalistas,"Z=17 Cl (vida longa)",17,0,0
0,277,1,Incrementalistas,"Z=14 Si (vida longa)",14,0,0
0,286,1,Incrementalistas,"Z=35 Br (vida longa)",35,0,0
0,287,1,Incrementalistas,"Z=49 In (vida longa)",49,0,0
0,289,1,Incrementalistas,"Z=27 Co (vida longa)",27,0,0
0,290,1,Incrementalistas,"Z=57 La (vida longa)",57,0,0
0,291,1,Incrementalistas,"Z=58 Ce (vida longa)",58,0,0
0,292,1,Incrementalistas,"Z=104 Rf (vida longa)",104,0,0
1,0,0,Empiristas,"Z=40 Zr (vida longa)",40,1,0
1,0,0,Empiristas,"nucleos efemeros",34.8023,1,0
1,0,1,Incrementalistas,"nucleos efemeros",32.3252,0,0
1,0,1,Incrementalistas,"Z=88 Ra (vida longa)",88,1,0
1,0,1,Incrementalistas,"Z=86 Rn (vida longa)",86,1,0
1,0,1,Incrementalistas,"Z=85 At (vida longa)",85,1,0
1,0,2,Evolucionistas,"nucleos efemeros",43.7028,0,0
1,0,2,Evolucionistas,"Z=73 Ta (vida longa)",73,1,0
1,0,3,Isolados,"nucleos efemeros",49.3303,0,0
1,0,3,Isolados,"Z=83 Bi (vida longa)",83,1,0
1,1,0,Empiristas,"Z=38 Sr (vida longa)",38,1,0
1,1,1,Incrementalistas,"Z=84 Po (vida longa)",84,1,0
1,1,2,Evolucionistas,"Z=76 Os (vida longa)",76,1,0
1,1,1,Incrementalistas,"Z=76 Os (vida longa)",76,0,1
1,1,2,Evolucionistas,"Z=88 Ra (vida longa)",88,0,1
1,1,2,Evolucionistas,"Z=84 Po (vida longa)",84,0,1
1,2,0,Empiristas,"Z=39 Y (vida longa)",39,1,0
1,2,0,Empiristas,"Z=42 Mo (vida longa)",42,1,0
1,2,1,Incrementalistas,"Z=87 Fr (vida longa)",87,1,0
1,2,1,Incrementalistas,"Z=89 Ac (vida longa)",89,1,0
1,2,2,Evolucionistas,"Z=87 Fr (vida longa)",87,0,0
1,2,2,Evolucionistas,"Z=89 Ac (vida longa)",89,0,1
1,3,0,Empiristas,"Z=86 Rn (vida longa)",86,0,0
1,3,0,Empiristas,"Z=92 U (vida longa)",92,1,0
1,3,2,Evolucionistas,"Z=4 Be (vida longa)",4,1,0
1,3,2,Evolucionistas,"Z=86 Rn (vida longa)",86,0,0
1,3,2,Evolucionistas,"Z=90 Th (vida longa)",90,1,0
1,3,3,Isolados,"Z=112 Cn (vida longa)",112,1,0
1,3,3,Isolados,"Z=14 Si (vida longa)",14,1,0
1,4,0,Empiristas,"Z=43 Tc (vida longa)",43,1,0
1,4,0,Empiristas,"Z=102 No (vida longa)",102,1,0
1,4,1,Incrementalistas,"Z=90 Th (vida longa)",90,0,0
1,4,2,Evolucionistas,"Z=85 At (vida longa)",85,0,0
1,4,2,Evolucionistas,"Z=74 W (vida longa)",74,1,0
1,4,3,Isolados,"Z=82 Pb (vida longa)",82,1,0
1,4,3,Isolados,"Z=84 Po (vida longa)",84,0,0
1,5,0,Empiristas,"Z=41 Nb (vida longa)",41,1,0
1,5,0,Empiristas,"Z=4 Be (vida longa)",4,0,0
1,6,2,Evolucionistas,"Z=83 Bi (vida longa)",83,0,0
1,6,3,Isolados,"Z=113 Nh (vida longa)",113,1,0
1,7,0,Empiristas,"Z=63 Eu (vida longa)",63,1,0
1,7,0,Empiristas,"Z=11 Na (vida longa)",11,1,0
1,7,2,Evolucionistas,"Z=93 Np (vida longa)",93,1,0
1,7,2,Evolucionistas,"Z=77 Ir (vida longa)",77,1,0
1,7,2,Evolucionistas,"Z=92 U (vida longa)",92,0,0
1,7,3,Isolados,"Z=110 Ds (vida longa)",110,1,0
1,7,3,Isolados,"Z=80 Hg (vida longa)",80,1,0
1,8,0,Empiristas,"Z=22 Ti (vida longa)",22,1,0
1,8,1,Incrementalistas,"Z=91 Pa (vida longa)",91,1,0
1,8,1,Incrementalistas,"Z=93 Np (vida longa)",93,0,0
1,8,3,Isolados,"Z=2 He (vida longa)",2,1,0
1,9,0,Empiristas,"Z=79 Au (vida longa)",79,1,0
1,9,0,Empiristas,"Z=100 Fm (vida longa)",100,1,0
1,10,0,Empiristas,"Z=76 Os (vida longa)",76,0,0
1,10,2,Evolucionistas,"Z=67 Ho (vida longa)",67,1,0
1,10,2,Evolucionistas,"Z=102 No (vida longa)",102,0,1
1,10,2,Evolucionistas,"Z=100 Fm (vida longa)",100,0,1
1,10,0,Empiristas,"Z=87 Fr (vida longa)",87,0,1
1,10,2,Evolucionistas,"Z=40 Zr (vida longa)",40,0,1
1,11,0,Empiristas,"Z=60 Nd (vida longa)",60,1,0
1,11,0,Empiristas,"Z=23 V (vida longa)",23,1,0
1,11,2,Evolucionistas,"Z=80 Hg (vida longa)",80,0,0
1,11,3,Isolados,"Z=114 Fl (vida longa)",114,1,0
1,12,0,Empiristas,"Z=96 Cm (vida longa)",96,1,0
1,12,0,Empiristas,"Z=77 Ir (vida longa)",77,0,0
1,12,0,Empiristas,"Z=78 Pt (vida longa)",78,1,0
1,12,2,Evolucionistas,"Z=91 Pa (vida longa)",91,0,0
1,12,0,Empiristas,"Z=85 At (vida longa)",85,0,1
1,12,2,Evolucionistas,"Z=43 Tc (vida longa)",43,0,1
1,13,0,Empiristas,"Z=94 Pu (vida longa)",94,1,0
1,13,0,Empiristas,"Z=16 S (vida longa)",16,1,0
1,13,3,Isolados,"Z=86 Rn (vida longa)",86,0,0
1,13,2,Evolucionistas,"Z=39 Y (vida longa)",39,0,1
1,14,0,Empiristas,"Z=99 Es (vida longa)",99,1,0
1,14,1,Incrementalistas,"Z=92 U (vida longa)",92,0,0
1,15,1,Incrementalistas,"Z=102 No (vida longa)",102,0,1
1,15,1,Incrementalistas,"Z=100 Fm (vida longa)",100,0,1
1,15,0,Empiristas,"Z=91 Pa (vida longa)",91,0,1
1,16,0,Empiristas,"Z=65 Tb (vida longa)",65,1,0
1,16,2,Evolucionistas,"Z=6 C (vida longa)",6,1,0
1,16,3,Isolados,"Z=111 Rg (vida longa)",111,1,0
1,17,0,Empiristas,"Z=3 Li (vida longa)",3,1,0
1,17,1,Incrementalistas,"Z=104 Rf (vida longa)",104,1,0
1,18,2,Evolucionistas,"Z=12 Mg (vida longa)",12,1,0
1,18,3,Isolados,"Z=98 Cf (vida longa)",98,1,0
1,19,0,Empiristas,"Z=95 Am (vida longa)",95,1,0
1,19,3,Isolados,"Z=4 Be (vida longa)",4,0,0
1,21,0,Empiristas,"Z=70 Yb (vida longa)",70,1,0
1,22,2,Evolucionistas,"Z=38 Sr (vida longa)",38,0,1
1,23,1,Incrementalistas,"Z=103 Lr (vida longa)",103,1,0
1,23,2,Evolucionistas,"Z=78 Pt (vida longa)",78,0,0
1,23,3,Isolados,"Z=109 Mt (vida longa)",109,1,0
1,24,0,Empiristas,"Z=97 Bk (vida longa)",97,1,0
1,24,1,Incrementalistas,"Z=95 Am (vida longa)",95,0,0
1,24,1,Incrementalistas,"Z=105 Db (vida longa)",105,1,0
1,24,2,Evolucionistas,"Z=98 Cf (vida longa)",98,0,0
1,24,2,Evolucionistas,"Z=94 Pu (vida longa)",94,0,0
1,24,1,Incrementalistas,"Z=43 Tc (vida longa)",43,0,1
1,24,2,Evolucionistas,"Z=105 Db (vida longa)",105,0,1
1,25,0,Empiristas,"Z=68 Er (vida longa)",68,1,0
1,25,2,Evolucionistas,"Z=95 Am (vida longa)",95,0,0
1,25,0,Empiristas,"Z=105 Db (vida longa)",105,0,1
1,26,1,Incrementalistas,"Z=108 Hs (vida longa)",108,1,0
1,27,2,Evolucionistas,"Z=108 Hs (vida longa)",108,0,1
1,27,1,Incrementalistas,"Z=74 W (vida longa)",74,0,1
1,28,0,Empiristas,"Z=98 Cf (vida longa)",98,0,0
1,28,1,Incrementalistas,"Z=75 Re (vida longa)",75,1,0
1,28,1,Incrementalistas,"Z=97 Bk (vida longa)",97,0,0
1,28,2,Evolucionistas,"Z=110 Ds (vida longa)",110,0,0
1,29,0,Empiristas,"Z=64 Gd (vida longa)",64,1,0
1,29,0,Empiristas,"Z=27 Co (vida longa)",27,1,0
1,29,0,Empiristas,"Z=6 C (vida longa)",6,0,0
1,29,1,Incrementalistas,"Z=106 Sg (vida longa)",106,1,0
1,29,1,Incrementalistas,"Z=78 Pt (vida longa)",78,0,0
1,29,3,Isolados,"Z=10 Ne (vida longa)",10,1,0
1,30,0,Empiristas,"Z=104 Rf (vida longa)",104,0,0
1,30,1,Incrementalistas,"Z=94 Pu (vida longa)",94,0,0
1,30,2,Evolucionistas,"Z=97 Bk (vida longa)",97,0,0
1,30,3,Isolados,"Z=13 Al (vida longa)",13,1,0
1,30,2,Evolucionistas,"Z=104 Rf (vida longa)",104,0,1
1,31,1,Incrementalistas,"Z=110 Ds (vida longa)",110,0,0
1,31,1,Incrementalistas,"Z=109 Mt (vida longa)",109,0,0
1,31,1,Incrementalistas,"Z=113 Nh (vida longa)",113,0,0
1,31,2,Evolucionistas,"Z=103 Lr (vida longa)",103,0,0
1,31,3,Isolados,"Z=69 Tm (vida longa)",69,1,0
1,31,3,Isolados,"Z=88 Ra (vida longa)",88,0,0
1,32,0,Empiristas,"Z=88 Ra (vida longa)",88,0,0
1,32,0,Empiristas,"Z=113 Nh (vida longa)",113,0,0
1,32,1,Incrementalistas,"Z=107 Bh (vida longa)",107,1,0
1,32,2,Evolucionistas,"Z=112 Cn (vida longa)",112,0,0
1,33,0,Empiristas,"Z=25 Mn (vida longa)",25,1,0
1,33,2,Evolucionistas,"Z=114 Fl (vida longa)",114,0,0
1,33,1,Incrementalistas,"Z=114 Fl (vida longa)",114,0,1
1,33,2,Evolucionistas,"Z=75 Re (vida longa)",75,0,1
1,34,0,Empiristas,"Z=59 Pr (vida longa)",59,1,0
1,35,0,Empiristas,"Z=106 Sg (vida longa)",106,0,0
1,35,3,Isolados,"Z=6 C (vida longa)",6,0,0
1,36,1,Incrementalistas,"Z=73 Ta (vida longa)",73,0,0
1,36,1,Incrementalistas,"Z=111 Rg (vida longa)",111,0,0
1,36,2,Evolucionistas,"Z=52 Te (vida longa)",52,1,0
1,36,3,Isolados,"Z=90 Th (vida longa)",90,0,0
1,36,3,Isolados,"Z=95 Am (vida longa)",95,0,0
1,37,0,Empiristas,"Z=110 Ds (vida longa)",110,0,0
1,37,0,Empiristas,"Z=17 Cl (vida longa)",17,1,0
1,38,0,Empiristas,"Z=108 Hs (vida longa)",108,0,0
1,38,0,Empiristas,"Z=109 Mt (vida longa)",109,0,0
1,38,3,Isolados,"Z=60 Nd (vida longa)",60,0,0
1,39,0,Empiristas,"Z=52 Te (vida longa)",52,0,0
1,39,0,Empiristas,"Z=20 Ca (vida longa)",20,1,0
1,39,0,Empiristas,"Z=80 Hg (vida longa)",80,0,0
1,39,1,Incrementalistas,"Z=112 Cn (vida longa)",112,0,0
1,39,1,Incrementalistas,"Z=101 Md (vida longa)",101,1,0
1,40,0,Empiristas,"Z=103 Lr (vida longa)",103,0,0
1,40,0,Empiristas,"Z=8 O (vida longa)",8,1,0
1,40,2,Evolucionistas,"Z=109 Mt (vida longa)",109,0,0
1,41,0,Empiristas,"Z=107 Bh (vida longa)",107,0,0
1,41,2,Evolucionistas,"Z=113 Nh (vida longa)",113,0,0
1,41,3,Isolados,"Z=115 Mc (vida longa)",115,1,0
1,41,0,Empiristas,"Z=114 Fl (vida longa)",114,0,1
1,42,1,Incrementalistas,"Z=98 Cf (vida longa)",98,0,0
1,42,2,Evolucionistas,"Z=106 Sg (vida longa)",106,0,0
1,42,3,Isolados,"Z=55 Cs (vida longa)",55,1,0
1,43,0,Empiristas,"Z=12 Mg (vida longa)",12,0,0
1,43,2,Evolucionistas,"Z=42 Mo (vida longa)",42,0,1
1,44,0,Empiristas,"Z=28 Ni (vida longa)",28,1,0
1,44,0,Empiristas,"Z=62 Sm (vida longa)",62,1,0
1,44,3,Isolados,"Z=28 Ni (vida longa)",28,0,0
1,45,3,Isolados,"Z=79 Au (vida longa)",79,0,0
1,46,0,Empiristas,"Z=112 Cn (vida longa)",112,0,0
1,46,1,Incrementalistas,"Z=115 Mc (vida longa)",115,0,0
1,46,3,Isolados,"Z=81 Tl (vida longa)",81,1,0
1,46,2,Evolucionistas,"Z=11 Na (vida longa)",11,0,1
1,48,2,Evolucionistas,"Z=15 P (vida longa)",15,1,0
1,48,2,Evolucionistas,"Z=111 Rg (vida longa)",111,0,0
1,48,3,Isolados,"Z=36 Kr (vida longa)",36,1,0
1,48,3,Isolados,"Z=101 Md (vida longa)",101,0,0
1,49,0,Empiristas,"Z=15 P (vida longa)",15,0,0
1,49,0,Empiristas,"Z=44 Ru (vida longa)",44,1,0
1,50,0,Empiristas,"Z=111 Rg (vida longa)",111,0,0
1,51,3,Isolados,"Z=78 Pt (vida longa)",78,0,0
1,51,3,Isolados,"Z=61 Pm (vida longa)",61,1,0
1,52,0,Empiristas,"Z=2 He (vida longa)",2,0,0
1,52,3,Isolados,"Z=8 O (vida longa)",8,0,0
1,53,0,Empiristas,"Z=31 Ga (vida longa)",31,1,0
1,53,0,Empiristas,"Z=9 F (vida longa)",9,1,0
1,54,2,Evolucionistas,"Z=115 Mc (vida longa)",115,0,0
1,55,0,Empiristas,"Z=54 Xe (vida longa)",54,1,0
1,55,1,Incrementalistas,"Z=72 Hf (vida longa)",72,1,0
1,55,3,Isolados,"Z=99 Es (vida longa)",99,0,0
1,55,3,Isolados,"Z=48 Cd (vida longa)",48,1,0
1,56,0,Empiristas,"Z=55 Cs (vida longa)",55,0,0
1,56,1,Incrementalistas,"Z=28 Ni (vida longa)",28,0,1
1,56,0,Empiristas,"Z=115 Mc (vida longa)",115,0,1
1,56,1,Incrementalistas,"Z=9 F (vida longa)",9,0,1
1,57,2,Evolucionistas,"Z=41 Nb (vida longa)",41,0,0
1,59,0,Empiristas,"Z=101 Md (vida longa)",101,0,0
1,59,3,Isolados,"Z=57 La (vida longa)",57,1,0
1,60,0,Empiristas,"Z=24 Cr (vida longa)",24,1,0
1,60,3,Isolados,"Z=89 Ac (vida longa)",89,0,0
1,61,3,Isolados,"Z=70 Yb (vida longa)",70,0,0
1,62,0,Empiristas,"Z=19 K (vida longa)",19,1,0
1,62,1,Incrementalistas,"Z=20 Ca (vida longa)",20,0,0
1,62,2,Evolucionistas,"Z=46 Pd (vida longa)",46,1,0
1,62,3,Isolados,"Z=25 Mn (vida longa)",25,0,0
1,63,0,Empiristas,"Z=72 Hf (vida longa)",72,0,0
1,63,0,Empiristas,"Z=30 Zn (vida longa)",30,1,0
1,63,3,Isolados,"Z=64 Gd (vida longa)",64,0,0
1,64,0,Empiristas,"Z=66 Dy (vida longa)",66,1,0
1,64,1,Incrementalistas,"Z=21 Sc (vida longa)",21,1,0
1,64,3,Isolados,"Z=50 Sn (vida longa)",50,1,0
1,64,2,Evolucionistas,"Z=28 Ni (vida longa)",28,0,1
1,64,1,Incrementalistas,"Z=4 Be (vida longa)",4,0,1
1,65,0,Empiristas,"Z=45 Rh (vida longa)",45,1,0
1,65,2,Evolucionistas,"Z=60 Nd (vida longa)",60,0,1
1,65,1,Incrementalistas,"Z=67 Ho (vida longa)",67,0,1
1,66,2,Evolucionistas,"Z=22 Ti (vida longa)",22,0,0
1,66,3,Isolados,"Z=34 Se (vida longa)",34,1,0
1,66,2,Evolucionistas,"Z=24 Cr (vida longa)",24,0,1
1,66,0,Empiristas,"Z=84 Po (vida longa)",84,0,1
1,67,0,Empiristas,"Z=14 Si (vida longa)",14,0,0
1,67,0,Empiristas,"Z=18 Ar (vida longa)",18,1,0
1,67,1,Incrementalistas,"Z=77 Ir (vida longa)",77,0,0
1,67,3,Isolados,"Z=54 Xe (vida longa)",54,0,0
1,67,3,Isolados,"Z=3 Li (vida longa)",3,0,0
1,68,0,Empiristas,"Z=7 N (vida longa)",7,1,0
1,68,0,Empiristas,"Z=53 I (vida longa)",53,1,0
1,68,3,Isolados,"Z=73 Ta (vida longa)",73,0,0
1,69,0,Empiristas,"Z=71 Lu (vida longa)",71,1,0
1,70,1,Incrementalistas,"Z=42 Mo (vida longa)",42,0,0
1,71,2,Evolucionistas,"Z=107 Bh (vida longa)",107,0,1
1,71,1,Incrementalistas,"Z=44 Ru (vida longa)",44,0,1
1,72,0,Empiristas,"Z=90 Th (vida longa)",90,0,0
1,72,1,Incrementalistas,"Z=82 Pb (vida longa)",82,0,0
1,72,2,Evolucionistas,"Z=2 He (vida longa)",2,0,0
1,72,2,Evolucionistas,"Z=82 Pb (vida longa)",82,0,0
1,72,3,Isolados,"Z=97 Bk (vida longa)",97,0,0
1,73,0,Empiristas,"Z=10 Ne (vida longa)",10,0,0
1,73,2,Evolucionistas,"Z=31 Ga (vida longa)",31,0,1
1,74,0,Empiristas,"Z=47 Ag (vida longa)",47,1,0
1,74,1,Incrementalistas,"Z=79 Au (vida longa)",79,0,0
1,74,3,Isolados,"Z=39 Y (vida longa)",39,0,0
1,75,0,Empiristas,"Z=58 Ce (vida longa)",58,1,0
1,75,1,Incrementalistas,"Z=80 Hg (vida longa)",80,0,0
1,75,2,Evolucionistas,"Z=27 Co (vida longa)",27,0,0
1,76,0,Empiristas,"Z=83 Bi (vida longa)",83,0,0
1,76,1,Incrementalistas,"Z=40 Zr (vida longa)",40,0,0
1,77,0,Empiristas,"Z=73 Ta (vida longa)",73,0,0
1,78,0,Empiristas,"Z=26 Fe (vida longa)",26,1,0
1,79,0,Empiristas,"Z=51 Sb (vida longa)",51,1,0
1,79,0,Empiristas,"Z=32 Ge (vida longa)",32,1,0
1,79,2,Evolucionistas,"Z=44 Ru (vida longa)",44,0,0
1,80,0,Empiristas,"Z=36 Kr (vida longa)",36,0,0
1,83,0,Empiristas,"Z=34 Se (vida longa)",34,0,0
1,83,0,Empiristas,"Z=74 W (vida longa)",74,0,0
1,83,1,Incrementalistas,"Z=16 S (vida longa)",16,0,0
1,83,1,Incrementalistas,"Z=2 He (vida longa)",2,0,0
1,85,3,Isolados,"Z=100 Fm (vida longa)",100,0,0
1,85,3,Isolados,"Z=106 Sg (vida longa)",106,0,0
1,85,2,Evolucionistas,"Z=101 Md (vida longa)",101,0,1
1,86,0,Empiristas,"Z=50 Sn (vida longa)",50,0,0
1,86,0,Empiristas,"Z=82 Pb (vida longa)",82,0,0
1,86,1,Incrementalistas,"Z=31 Ga (vida longa)",31,0,0
1,86,3,Isolados,"Z=114 Fl (vida longa)",114,0,0
1,86,3,Isolados,"nucleos efemeros",98.9504,0,0
1,86,3,Isolados,"Z=48 Cd (vida longa)",48,0,0
1,87,3,Isolados,"Z=112 Cn (vida longa)",112,0,0
1,87,3,Isolados,"Z=42 Mo (vida longa)",42,0,0
1,88,3,Isolados,"Z=113 Nh (vida longa)",113,0,0
1,88,1,Incrementalistas,"Z=26 Fe (vida longa)",26,0,1
1,90,3,Isolados,"Z=58 Ce (vida longa)",58,0,0
1,90,3,Isolados,"Z=72 Hf (vida longa)",72,0,0
1,91,1,Incrementalistas,"Z=99 Es (vida longa)",99,0,0
1,91,3,Isolados,"Z=10 Ne (vida longa)",10,0,0
1,92,0,Empiristas,"Z=67 Ho (vida longa)",67,0,0
1,92,1,Incrementalistas,"Z=71 Lu (vida longa)",71,0,0
1,92,1,Incrementalistas,"Z=96 Cm (vida longa)",96,0,0
1,92,2,Evolucionistas,"Z=7 N (vida longa)",7,0,0
1,92,2,Evolucionistas,"Z=53 I (vida longa)",53,0,1
1,93,0,Empiristas,"Z=93 Np (vida longa)",93,0,0
1,96,0,Empiristas,"Z=56 Ba (vida longa)",56,1,0
1,96,0,Empiristas,"Z=46 Pd (vida longa)",46,0,0
1,97,0,Empiristas,"Z=81 Tl (vida longa)",81,0,0
1,97,0,Empiristas,"Z=75 Re (vida longa)",75,0,0
1,97,2,Evolucionistas,"Z=32 Ge (vida longa)",32,0,0
1,97,1,Incrementalistas,"Z=41 Nb (vida longa)",41,0,1
1,98,0,Empiristas,"Z=89 Ac (vida longa)",89,0,0
1,98,1,Incrementalistas,"Z=6 C (vida longa)",6,0,0
1,98,3,Isolados,"Z=74 W (vida longa)",74,0,0
1,98,1,Incrementalistas,"Z=46 Pd (vida longa)",46,0,1
1,99,1,Incrementalistas,"Z=17 Cl (vida longa)",17,0,0
1,100,3,Isolados,"Z=5 B (vida longa)",5,1,0
1,101,1,Incrementalistas,"Z=30 Zn (vida longa)",30,0,0
1,101,2,Evolucionistas,"Z=48 Cd (vida longa)",48,0,0
1,102,1,Incrementalistas,"Z=81 Tl (vida longa)",81,0,0
1,102,2,Evolucionistas,"Z=20 Ca (vida longa)",20,0,0
1,103,2,Evolucionistas,"Z=3 Li (vida longa)",3,0,0
1,103,2,Evolucionistas,"Z=50 Sn (vida longa)",50,0,0
1,104,2,Evolucionistas,"Z=64 Gd (vida longa)",64,0,0
1,105,1,Incrementalistas,"Z=65 Tb (vida longa)",65,0,0
1,105,1,Incrementalistas,"Z=48 Cd (vida longa)",48,0,0
1,105,2,Evolucionistas,"Z=25 Mn (vida longa)",25,0,0
1,105,2,Evolucionistas,"Z=45 Rh (vida longa)",45,0,0
1,105,3,Isolados,"Z=32 Ge (vida longa)",32,0,0
1,106,3,Isolados,"Z=15 P (vida longa)",15,0,0
1,107,2,Evolucionistas,"Z=18 Ar (vida longa)",18,0,0
1,107,3,Isolados,"Z=47 Ag (vida longa)",47,0,0
1,108,0,Empiristas,"Z=37 Rb (vida longa)",37,1,0
1,108,0,Empiristas,"Z=57 La (vida longa)",57,0,0
1,108,1,Incrementalistas,"Z=22 Ti (vida longa)",22,0,0
1,108,2,Evolucionistas,"Z=17 Cl (vida longa)",17,0,0
1,108,2,Evolucionistas,"Z=49 In (vida longa)",49,1,0
1,108,3,Isolados,"Z=113 Nh (vida longa)",113,0,0
1,108,3,Isolados,"Z=114 Fl (vida longa)",114,0,0
1,108,3,Isolados,"Z=81 Tl (vida longa)",81,0,0
1,109,0,Empiristas,"Z=13 Al (vida longa)",13,0,0
1,109,1,Incrementalistas,"Z=25 Mn (vida longa)",25,0,0
1,109,1,Incrementalistas,"Z=8 O (vida longa)",8,0,0
1,109,1,Incrementalistas,"Z=61 Pm (vida longa)",61,0,0
1,109,1,Incrementalistas,"Z=34 Se (vida longa)",34,0,0
1,109,3,Isolados,"Z=98 Cf (vida longa)",98,0,0
1,109,3,Isolados,"Z=107 Bh (vida longa)",107,0,0
1,110,1,Incrementalistas,"Z=60 Nd (vida longa)",60,0,0
1,110,2,Evolucionistas,"Z=8 O (vida longa)",8,0,0
1,110,3,Isolados,"Z=92 U (vida longa)",92,0,0
1,112,2,Evolucionistas,"Z=5 B (vida longa)",5,0,0
1,112,2,Evolucionistas,"Z=81 Tl (vida longa)",81,0,0
1,112,3,Isolados,"Z=26 Fe (vida longa)",26,0,0
1,112,3,Isolados,"Z=62 Sm (vida longa)",62,0,0
1,112,3,Isolados,"Z=74 W (vida longa)",74,0,0
1,113,2,Evolucionistas,"Z=63 Eu (vida longa)",63,0,0
1,113,3,Isolados,"Z=41 Nb (vida longa)",41,0,0
1,113,3,Isolados,"Z=110 Ds (vida longa)",110,0,0
1,113,1,Incrementalistas,"Z=38 Sr (vida longa)",38,0,1
1,114,1,Incrementalistas,"Z=66 Dy (vida longa)",66,0,0
1,115,2,Evolucionistas,"Z=51 Sb (vida longa)",51,0,0
1,115,2,Evolucionistas,"Z=26 Fe (vida longa)",26,0,0
1,115,3,Isolados,"Z=115 Mc (vida longa)",115,0,0
1,115,3,Isolados,"Z=61 Pm (vida longa)",61,0,0
1,116,0,Empiristas,"Z=35 Br (vida longa)",35,1,0
1,116,1,Incrementalistas,"Z=14 Si (vida longa)",14,0,0
1,116,3,Isolados,"Z=45 Rh (vida longa)",45,0,0
1,116,3,Isolados,"Z=4 Be (vida longa)",4,0,0
1,117,0,Empiristas,"Z=69 Tm (vida longa)",69,0,0
1,117,0,Empiristas,"Z=48 Cd (vida longa)",48,0,0
1,118,2,Evolucionistas,"Z=36 Kr (vida longa)",36,0,0
1,118,2,Evolucionistas,"Z=70 Yb (vida longa)",70,0,0
1,118,3,Isolados,"Z=15 P (vida longa)",15,0,0
1,118,2,Evolucionistas,"Z=66 Dy (vida longa)",66,0,1
1,119,1,Incrementalistas,"Z=5 B (vida longa)",5,0,0
1,119,2,Evolucionistas,"Z=72 Hf (vida longa)",72,0,0
1,119,3,Isolados,"Z=46 Pd (vida longa)",46,0,0
1,119,3,Isolados,"Z=71 Lu (vida longa)",71,0,0
1,120,0,Empiristas,"Z=5 B (vida longa)",5,0,0
1,120,0,Empiristas,"Z=29 Cu (vida longa)",29,1,0
1,120,1,Incrementalistas,"Z=1 H (vida longa)",1,1,0
1,120,3,Isolados,"Z=59 Pr (vida longa)",59,0,0
1,120,3,Isolados,"Z=108 Hs (vida longa)",108,0,0
1,121,0,Empiristas,"Z=61 Pm (vida longa)",61,0,0
1,122,2,Evolucionistas,"Z=56 Ba (vida longa)",56,0,0
1,122,3,Isolados,"Z=56 Ba (vida longa)",56,0,0
1,122,3,Isolados,"Z=3 Li (vida longa)",3,0,0
1,123,1,Incrementalistas,"Z=64 Gd (vida longa)",64,0,0
1,123,1,Incrementalistas,"Z=18 Ar (vida longa)",18,0,0
1,123,3,Isolados,"Z=70 Yb (vida longa)",70,0,0
1,124,3,Isolados,"Z=72 Hf (vida longa)",72,0,0
1,124,3,Isolados,"Z=94 Pu (vida longa)",94,0,0
1,124,3,Isolados,"Z=24 Cr (vida longa)",24,0,0
1,125,3,Isolados,"Z=91 Pa (vida longa)",91,0,0
1,127,1,Incrementalistas,"Z=19 K (vida longa)",19,0,0
1,127,2,Evolucionistas,"Z=30 Zn (vida longa)",30,0,0
1,127,3,Isolados,"Z=49 In (vida longa)",49,0,0
1,127,1,Incrementalistas,"Z=39 Y (vida longa)",39,0,1
1,127,2,Evolucionistas,"Z=61 Pm (vida longa)",61,0,1
1,128,2,Evolucionistas,"Z=68 Er (vida longa)",68,0,0
1,128,3,Isolados,"Z=36 Kr (vida longa)",36,0,0
1,128,1,Incrementalistas,"Z=70 Yb (vida longa)",70,0,1
1,129,0,Empiristas,"Z=49 In (vida longa)",49,0,0
1,129,1,Incrementalistas,"Z=83 Bi (vida longa)",83,0,0
1,129,2,Evolucionistas,"Z=13 Al (vida longa)",13,0,0
1,129,2,Evolucionistas,"Z=10 Ne (vida longa)",10,0,0
1,129,2,Evolucionistas,"Z=96 Cm (vida longa)",96,0,0
1,129,3,Isolados,"Z=113 Nh (vida longa)",113,0,0
1,129,3,Isolados,"nucleos efemeros",105.123,0,0
1,129,3,Isolados,"Z=111 Rg (vida longa)",111,0,0
1,130,1,Incrementalistas,"Z=35 Br (vida longa)",35,0,0
1,130,3,Isolados,"Z=104 Rf (vida longa)",104,0,0
1,130,3,Isolados,"Z=12 Mg (vida longa)",12,0,0
1,131,2,Evolucionistas,"Z=65 Tb (vida longa)",65,0,0
1,131,3,Isolados,"Z=40 Zr (vida longa)",40,0,0
1,131,3,Isolados,"Z=52 Te (vida longa)",52,0,0
1,132,3,Isolados,"Z=16 S (vida longa)",16,0,0
1,133,1,Incrementalistas,"Z=51 Sb (vida longa)",51,0,0
1,133,2,Evolucionistas,"Z=34 Se (vida longa)",34,0,0
1,133,3,Isolados,"Z=66 Dy (vida longa)",66,0,0
1,134,3,Isolados,"Z=63 Eu (vida longa)",63,0,0
1,135,1,Incrementalistas,"Z=23 V (vida longa)",23,0,0
1,136,1,Incrementalistas,"Z=52 Te (vida longa)",52,0,0
1,136,3,Isolados,"Z=20 Ca (vida longa)",20,0,0
1,136,3,Isolados,"Z=38 Sr (vida longa)",38,0,0
1,137,1,Incrementalistas,"Z=62 Sm (vida longa)",62,0,0
1,137,2,Evolucionistas,"Z=55 Cs (vida longa)",55,0,0
1,137,3,Isolados,"Z=99 Es (vida longa)",99,0,0
1,137,3,Isolados,"Z=90 Th (vida longa)",90,0,0
1,138,0,Empiristas,"Z=21 Sc (vida longa)",21,0,0
1,138,2,Evolucionistas,"Z=21 Sc (vida longa)",21,0,0
1,138,2,Evolucionistas,"Z=79 Au (vida longa)",79,0,0
1,138,3,Isolados,"Z=100 Fm (vida longa)",100,0,0
1,139,0,Empiristas,"Z=33 As (vida longa)",33,1,0
1,139,1,Incrementalistas,"Z=32 Ge (vida longa)",32,0,0
1,139,3,Isolados,"Z=8 O (vida longa)",8,0,0
1,139,3,Isolados,"Z=64 Gd (vida longa)",64,0,0
1,141,3,Isolados,"Z=45 Rh (vida longa)",45,0,0
1,141,3,Isolados,"Z=75 Re (vida longa)",75,0,0
1,142,1,Incrementalistas,"Z=24 Cr (vida longa)",24,0,0
1,142,2,Evolucionistas,"Z=47 Ag (vida longa)",47,0,0
1,142,2,Evolucionistas,"Z=33 As (vida longa)",33,0,0
1,142,3,Isolados,"Z=3 Li (vida longa)",3,0,0
1,142,3,Isolados,"Z=97 Bk (vida longa)",97,0,0
1,142,3,Isolados,"Z=23 V (vida longa)",23,0,0
1,143,2,Evolucionistas,"Z=58 Ce (vida longa)",58,0,0
1,143,3,Isolados,"Z=47 Ag (vida longa)",47,0,0
1,143,3,Isolados,"Z=51 Sb (vida longa)",51,0,0
1,144,1,Incrementalistas,"Z=7 N (vida longa)",7,0,0
1,144,1,Incrementalistas,"Z=37 Rb (vida longa)",37,0,0
1,145,3,Isolados,"Z=68 Er (vida longa)",68,0,0
1,146,3,Isolados,"Z=18 Ar (vida longa)",18,0,0
1,147,3,Isolados,"Z=31 Ga (vida longa)",31,0,0
1,148,1,Incrementalistas,"Z=49 In (vida longa)",49,0,0
1,148,2,Evolucionistas,"Z=16 S (vida longa)",16,0,0
1,148,3,Isolados,"Z=71 Lu (vida longa)",71,0,0
1,149,3,Isolados,"Z=67 Ho (vida longa)",67,0,0
1,149,3,Isolados,"Z=95 Am (vida longa)",95,0,0
1,150,2,Evolucionistas,"Z=59 Pr (vida longa)",59,0,0
1,150,3,Isolados,"Z=54 Xe (vida longa)",54,0,0
1,152,3,Isolados,"Z=30 Zn (vida longa)",30,0,0
1,152,3,Isolados,"Z=69 Tm (vida longa)",69,0,0
1,153,1,Incrementalistas,"Z=63 Eu (vida longa)",63,0,0
1,153,3,Isolados,"Z=78 Pt (vida longa)",78,0,0
1,154,2,Evolucionistas,"Z=71 Lu (vida longa)",71,0,0
1,154,3,Isolados,"Z=76 Os (vida longa)",76,0,0
1,154,3,Isolados,"Z=109 Mt (vida longa)",109,0,0
1,155,1,Incrementalistas,"Z=45 Rh (vida longa)",45,0,0
1,155,3,Isolados,"Z=93 Np (vida longa)",93,0,0
1,155,3,Isolados,"Z=106 Sg (vida longa)",106,0,0
1,156,3,Isolados,"Z=27 Co (vida longa)",27,0,0
1,156,3,Isolados,"Z=34 Se (vida longa)",34,0,0
1,156,3,Isolados,"Z=6 C (vida longa)",6,0,0
1,156,3,Isolados,"Z=36 Kr (vida longa)",36,0,0
1,156,3,Isolados,"Z=94 Pu (vida longa)",94,0,0
1,157,3,Isolados,"Z=29 Cu (vida longa)",29,0,0
1,157,3,Isolados,"Z=22 Ti (vida longa)",22,0,0
1,158,1,Incrementalistas,"Z=69 Tm (vida longa)",69,0,0
1,158,1,Incrementalistas,"Z=55 Cs (vida longa)",55,0,0
1,158,1,Incrementalistas,"Z=27 Co (vida longa)",27,0,0
1,158,2,Evolucionistas,"Z=69 Tm (vida longa)",69,0,0
1,158,3,Isolados,"Z=96 Cm (vida longa)",96,0,0
1,159,1,Incrementalistas,"Z=33 As (vida longa)",33,0,0
1,159,3,Isolados,"Z=73 Ta (vida longa)",73,0,0
1,160,1,Incrementalistas,"Z=56 Ba (vida longa)",56,0,0
1,160,3,Isolados,"Z=85 At (vida longa)",85,0,0
1,160,3,Isolados,"Z=84 Po (vida longa)",84,0,0
1,161,3,Isolados,"Z=33 As (vida longa)",33,0,0
1,162,3,Isolados,"Z=92 U (vida longa)",92,0,0
1,163,2,Evolucionistas,"Z=99 Es (vida longa)",99,0,0
1,163,2,Evolucionistas,"Z=57 La (vida longa)",57,0,0
1,163,3,Isolados,"Z=44 Ru (vida longa)",44,0,0
1,164,3,Isolados,"Z=19 K (vida longa)",19,0,0
1,165,3,Isolados,"Z=4 Be (vida longa)",4,0,0
1,166,1,Incrementalistas,"Z=47 Ag (vida longa)",47,0,0
1,166,1,Incrementalistas,"Z=10 Ne (vida longa)",10,0,0
1,166,2,Evolucionistas,"Z=35 Br (vida longa)",35,0,0
1,167,3,Isolados,"Z=80 Hg (vida longa)",80,0,0
1,167,3,Isolados,"Z=7 N (vida longa)",7,0,0
1,168,1,Incrementalistas,"Z=54 Xe (vida longa)",54,0,0
1,169,1,Incrementalistas,"Z=114 Fl (vida longa)",114,0,0
1,169,1,Incrementalistas,"Z=51 Sb (vida longa)",51,0,0
1,169,1,Incrementalistas,"nucleos efemeros",106.54,0,0
1,169,1,Incrementalistas,"Z=100 Fm (vida longa)",100,0,0
1,169,3,Isolados,"Z=57 La (vida longa)",57,0,0
1,169,1,Incrementalistas,"Z=59 Pr (vida longa)",59,0,1
1,169,1,Incrementalistas,"Z=91 Pa (vida longa)",91,0,1
1,170,1,Incrementalistas,"Z=109 Mt (vida longa)",109,0,0
1,170,2,Evolucionistas,"Z=54 Xe (vida longa)",54,0,0
1,170,2,Evolucionistas,"Z=14 Si (vida longa)",14,0,0
1,170,3,Isolados,"Z=102 No (vida longa)",102,0,0
1,171,1,Incrementalistas,"Z=53 I (vida longa)",53,0,0
1,171,1,Incrementalistas,"Z=79 Au (vida longa)",79,0,0
1,171,1,Incrementalistas,"Z=34 Se (vida longa)",34,0,0
1,171,3,Isolados,"Z=79 Au (vida longa)",79,0,0
1,171,3,Isolados,"Z=60 Nd (vida longa)",60,0,0
1,171,2,Evolucionistas,"Z=29 Cu (vida longa)",29,0,1
1,172,1,Incrementalistas,"Z=8 O (vida longa)",8,0,0
1,172,3,Isolados,"Z=87 Fr (vida longa)",87,0,0
1,173,1,Incrementalistas,"Z=90 Th (vida longa)",90,0,0
1,173,3,Isolados,"Z=2 He (vida longa)",2,0,0
1,174,2,Evolucionistas,"Z=37 Rb (vida longa)",37,0,0
1,174,2,Evolucionistas,"Z=23 V (vida longa)",23,0,0
1,174,3,Isolados,"Z=1 H (vida longa)",1,0,0
1,175,2,Evolucionistas,"Z=62 Sm (vida longa)",62,0,0
1,175,3,Isolados,"Z=88 Ra (vida longa)",88,0,0
1,175,3,Isolados,"Z=103 Lr (vida longa)",103,0,0
1,175,3,Isolados,"Z=77 Ir (vida longa)",77,0,0
1,175,3,Isolados,"Z=35 Br (vida longa)",35,0,0
1,176,1,Incrementalistas,"Z=108 Hs (vida longa)",108,0,0
1,176,3,Isolados,"Z=42 Mo (vida longa)",42,0,0
1,176,3,Isolados,"Z=56 Ba (vida longa)",56,0,0
1,177,1,Incrementalistas,"Z=38 Sr (vida longa)",38,0,0
1,177,1,Incrementalistas,"Z=60 Nd (vida longa)",60,0,0
1,177,3,Isolados,"Z=17 Cl (vida longa)",17,0,0
1,177,3,Isolados,"Z=65 Tb (vida longa)",65,0,0
1,178,1,Incrementalistas,"Z=73 Ta (vida longa)",73,0,0
1,178,1,Incrementalistas,"Z=94 Pu (vida longa)",94,0,0
1,178,3,Isolados,"Z=53 I (vida longa)",53,0,0
1,181,0,Empiristas,"Z=1 H (vida longa)",1,0,0
1,181,1,Incrementalistas,"Z=17 Cl (vida longa)",17,0,0
1,181,3,Isolados,"Z=105 Db (vida longa)",105,0,0
1,181,2,Evolucionistas,"Z=19 K (vida longa)",19,0,1
1,182,3,Isolados,"Z=11 Na (vida longa)",11,0,0
1,184,1,Incrementalistas,"Z=24 Cr (vida longa)",24,0,0
1,185,1,Incrementalistas,"Z=89 Ac (vida longa)",89,0,0
1,185,1,Incrementalistas,"Z=15 P (vida longa)",15,0,0
1,186,3,Isolados,"Z=39 Y (vida longa)",39,0,0
1,187,1,Incrementalistas,"Z=5 B (vida longa)",5,0,0
1,187,1,Incrementalistas,"Z=72 Hf (vida longa)",72,0,0
1,188,1,Incrementalistas,"Z=74 W (vida longa)",74,0,0
1,189,1,Incrementalistas,"Z=102 No (vida longa)",102,0,0
1,189,1,Incrementalistas,"Z=64 Gd (vida longa)",64,0,0
1,189,1,Incrementalistas,"Z=42 Mo (vida longa)",42,0,0
1,190,1,Incrementalistas,"Z=105 Db (vida longa)",105,0,0
1,190,1,Incrementalistas,"Z=111 Rg (vida longa)",111,0,0
1,190,1,Incrementalistas,"Z=109 Mt (vida longa)",109,0,0
1,190,1,Incrementalistas,"Z=80 Hg (vida longa)",80,0,0
1,190,3,Isolados,"Z=43 Tc (vida longa)",43,0,0
1,191,1,Incrementalistas,"Z=74 W (vida longa)",74,0,0
1,191,1,Incrementalistas,"Z=60 Nd (vida longa)",60,0,0
1,191,1,Incrementalistas,"Z=38 Sr (vida longa)",38,0,0
1,192,1,Incrementalistas,"Z=26 Fe (vida longa)",26,0,0
1,192,1,Incrementalistas,"Z=77 Ir (vida longa)",77,0,0
1,192,1,Incrementalistas,"Z=14 Si (vida longa)",14,0,0
1,192,1,Incrementalistas,"Z=82 Pb (vida longa)",82,0,0
1,192,1,Incrementalistas,"Z=106 Sg (vida longa)",106,0,0
1,192,3,Isolados,"Z=37 Rb (vida longa)",37,0,0
1,192,3,Isolados,"Z=5 B (vida longa)",5,0,0
1,193,1,Incrementalistas,"Z=93 Np (vida longa)",93,0,0
1,193,1,Incrementalistas,"Z=13 Al (vida longa)",13,0,0
1,194,1,Incrementalistas,"Z=107 Bh (vida longa)",107,0,0
1,194,1,Incrementalistas,"Z=21 Sc (vida longa)",21,0,1
1,195,1,Incrementalistas,"Z=88 Ra (vida longa)",88,0,0
1,195,1,Incrementalistas,"Z=30 Zn (vida longa)",30,0,0
1,195,3,Isolados,"Z=21 Sc (vida longa)",21,0,0
1,196,1,Incrementalistas,"Z=48 Cd (vida longa)",48,0,0
1,197,1,Incrementalistas,"Z=23 V (vida longa)",23,0,0
1,197,1,Incrementalistas,"Z=50 Sn (vida longa)",50,0,0
1,199,1,Incrementalistas,"Z=25 Mn (vida longa)",25,0,0
1,200,1,Incrementalistas,"Z=40 Zr (vida longa)",40,0,0
1,200,1,Incrementalistas,"Z=22 Ti (vida longa)",22,0,0
1,201,1,Incrementalistas,"Z=68 Er (vida longa)",68,0,0
1,202,1,Incrementalistas,"Z=66 Dy (vida longa)",66,0,0
1,202,1,Incrementalistas,"Z=55 Cs (vida longa)",55,0,1
1,203,1,Incrementalistas,"Z=44 Ru (vida longa)",44,0,0
1,203,1,Incrementalistas,"Z=27 Co (vida longa)",27,0,0
1,203,1,Incrementalistas,"Z=79 Au (vida longa)",79,0,0
1,204,1,Incrementalistas,"Z=73 Ta (vida longa)",73,0,0
1,205,1,Incrementalistas,"Z=29 Cu (vida longa)",29,0,0
1,205,1,Incrementalistas,"Z=3 Li (vida longa)",3,0,0
1,205,3,Isolados,"Z=83 Bi (vida longa)",83,0,0
1,206,1,Incrementalistas,"Z=51 Sb (vida longa)",51,0,0
1,206,1,Incrementalistas,"Z=46 Pd (vida longa)",46,0,0
1,206,1,Incrementalistas,"Z=86 Rn (vida longa)",86,0,0
1,207,1,Incrementalistas,"Z=39 Y (vida longa)",39,0,0
1,207,1,Incrementalistas,"Z=62 Sm (vida longa)",62,0,0
1,208,1,Incrementalistas,"Z=19 K (vida longa)",19,0,0
1,208,3,Isolados,"Z=9 F (vida longa)",9,0,0
1,209,1,Incrementalistas,"Z=5 B (vida longa)",5,0,0
1,210,1,Incrementalistas,"Z=4 Be (vida longa)",4,0,0
1,211,1,Incrementalistas,"Z=32 Ge (vida longa)",32,0,0
1,211,1,Incrementalistas,"Z=6 C (vida longa)",6,0,0
1,212,1,Incrementalistas,"Z=8 O (vida longa)",8,0,0
1,212,1,Incrementalistas,"Z=36 Kr (vida longa)",36,0,0
1,214,1,Incrementalistas,"Z=83 Bi (vida longa)",83,0,0
1,214,1,Incrementalistas,"Z=34 Se (vida longa)",34,0,0
1,214,1,Incrementalistas,"Z=57 La (vida longa)",57,0,0
1,215,1,Incrementalistas,"Z=58 Ce (vida longa)",58,0,0
1,216,1,Incrementalistas,"Z=67 Ho (vida longa)",67,0,0
1,217,1,Incrementalistas,"Z=12 Mg (vida longa)",12,0,0
1,217,1,Incrementalistas,"Z=49 In (vida longa)",49,0,0
1,220,1,Incrementalistas,"Z=18 Ar (vida longa)",18,0,0
1,220,1,Incrementalistas,"Z=1 H (vida longa)",1,0,0
1,221,2,Evolucionistas,"Z=9 F (vida longa)",9,0,0
1,223,1,Incrementalistas,"Z=11 Na (vida longa)",11,0,0
1,232,1,Incrementalistas,"Z=81 Tl (vida longa)",81,0,0
1,234,1,Incrementalistas,"Z=45 Rh (vida longa)",45,0,0
1,242,1,Incrementalistas,"Z=43 Tc (vida longa)",43,0,0
1,247,2,Evolucionistas,"Z=1 H (vida longa)",1,0,0
1,273,1,Incrementalistas,"Z=99 Es (vida longa)",99,0,0
2,0,0,Empiristas,"Z=18 Ar (vida longa)",18,1,0
2,0,0,Empiristas,"Z=99 Es (vida longa)",99,1,0
2,0,0,Empiristas,"nucleos efemeros",22.6326,1,0
2,0,1,Incrementalistas,"nucleos efemeros",12.2094,0,0
2,0,2,Evolucionistas,"Z=60 Nd (vida longa)",60,1,0
2,0,2,Evolucionistas,"nucleos efemeros",61.2425,0,0
2,0,3,Isolados,"nucleos efemeros",73.5276,0,0
2,0,3,Isolados,"Z=105 Db (vida longa)",105,1,0
2,0,3,Isolados,"Z=106 Sg (vida longa)",106,1,0
2,1,0,Empiristas,"Z=50 Sn (vida longa)",50,1,0
2,1,0,Empiristas,"Z=12 Mg (vida longa)",12,1,0
2,1,0,Empiristas,"Z=45 Rh (vida longa)",45,1,0
2,1,1,Incrementalistas,"Z=18 Ar (vida longa)",18,0,0
2,1,2,Evolucionistas,"Z=63 Eu (vida longa)",63,1,0
2,1,3,Isolados,"Z=107 Bh (vida longa)",107,1,0
2,1,3,Isolados,"Z=104 Rf (vida longa)",104,1,0
2,2,0,Empiristas,"Z=102 No (vida longa)",102,1,0
2,2,0,Empiristas,"Z=3 Li (vida longa)",3,1,0
2,2,0,Empiristas,"Z=101 Md (vida longa)",101,1,0
2,2,1,Incrementalistas,"Z=19 K (vida longa)",19,1,0
2,2,1,Incrementalistas,"Z=17 Cl (vida longa)",17,1,0
2,2,2,Evolucionistas,"Z=62 Sm (vida longa)",62,1,0
2,2,3,Isolados,"Z=108 Hs (vida longa)",108,1,0
2,3,0,Empiristas,"Z=98 Cf (vida longa)",98,1,0
2,3,0,Empiristas,"Z=100 Fm (vida longa)",100,1,0
2,3,1,Incrementalistas,"Z=16 S (vida longa)",16,1,0
2,3,2,Evolucionistas,"Z=61 Pm (vida longa)",61,1,0
2,3,2,Evolucionistas,"Z=102 No (vida longa)",102,0,1
2,3,0,Empiristas,"Z=60 Nd (vida longa)",60,0,1
2,4,0,Empiristas,"Z=10 Ne (vida longa)",10,1,0
2,4,1,Incrementalistas,"Z=14 Si (vida longa)",14,1,0
2,4,3,Isolados,"Z=110 Ds (vida longa)",110,1,0
2,4,1,Incrementalistas,"Z=102 No (vida longa)",102,0,1
2,4,1,Incrementalistas,"Z=63 Eu (vida longa)",63,0,1
2,5,2,Evolucionistas,"Z=70 Yb (vida longa)",70,1,0
2,5,3,Isolados,"Z=109 Mt (vida longa)",109,1,0
2,5,1,Incrementalistas,"Z=10 Ne (vida longa)",10,0,1
2,5,0,Empiristas,"Z=14 Si (vida longa)",14,0,1
2,6,1,Incrementalistas,"Z=65 Tb (vida longa)",65,1,0
2,6,1,Incrementalistas,"Z=15 P (vida longa)",15,1,0
2,6,2,Evolucionistas,"Z=24 Cr (vida longa)",24,1,0
2,6,3,Isolados,"Z=111 Rg (vida longa)",111,1,0
2,6,0,Empiristas,"Z=61 Pm (vida longa)",61,0,1
2,6,2,Evolucionistas,"Z=50 Sn (vida longa)",50,0,1
2,7,0,Empiristas,"Z=105 Db (vida longa)",105,0,0
2,7,0,Empiristas,"Z=107 Bh (vida longa)",107,0,0
2,7,3,Isolados,"Z=113 Nh (vida longa)",113,1,0
2,8,1,Incrementalistas,"Z=67 Ho (vida longa)",67,1,0
2,8,1,Incrementalistas,"Z=66 Dy (vida longa)",66,1,0
2,9,1,Incrementalistas,"Z=101 Md (vida longa)",101,0,0
2,9,2,Evolucionistas,"Z=10 Ne (vida longa)",10,0,0
2,9,2,Evolucionistas,"Z=107 Bh (vida longa)",107,0,1
2,10,0,Empiristas,"Z=106 Sg (vida longa)",106,0,0
2,10,0,Empiristas,"Z=2 He (vida longa)",2,1,0
2,10,3,Isolados,"Z=76 Os (vida longa)",76,1,0
2,11,0,Empiristas,"Z=96 Cm (vida longa)",96,1,0
2,11,1,Incrementalistas,"Z=68 Er (vida longa)",68,1,0
2,11,2,Evolucionistas,"Z=106 Sg (vida longa)",106,0,0
2,11,1,Incrementalistas,"Z=107 Bh (vida longa)",107,0,1
2,12,1,Incrementalistas,"Z=64 Gd (vida longa)",64,1,0
2,12,3,Isolados,"Z=114 Fl (vida longa)",114,1,0
2,12,3,Isolados,"Z=18 Ar (vida longa)",18,0,0
2,13,0,Empiristas,"Z=88 Ra (vida longa)",88,1,0
2,13,1,Incrementalistas,"Z=103 Lr (vida longa)",103,1,0
2,13,2,Evolucionistas,"Z=57 La (vida longa)",57,1,0
2,14,1,Incrementalistas,"Z=99 Es (vida longa)",99,0,0
2,14,2,Evolucionistas,"Z=68 Er (vida longa)",68,0,0
2,14,3,Isolados,"Z=3 Li (vida longa)",3,0,0
2,14,3,Isolados,"Z=103 Lr (vida longa)",103,0,0
2,15,0,Empiristas,"Z=79 Au (vida longa)",79,1,0
2,15,0,Empiristas,"Z=109 Mt (vida longa)",109,0,0
2,15,2,Evolucionistas,"Z=99 Es (vida longa)",99,0,0
2,15,2,Evolucionistas,"Z=80 Hg (vida longa)",80,1,0
2,15,2,Evolucionistas,"Z=65 Tb (vida longa)",65,0,0
2,15,2,Evolucionistas,"Z=101 Md (vida longa)",101,0,0
2,16,0,Empiristas,"Z=108 Hs (vida longa)",108,0,0
2,16,2,Evolucionistas,"Z=12 Mg (vida longa)",12,0,0
2,16,3,Isolados,"Z=112 Cn (vida longa)",112,1,0
2,16,2,Evolucionistas,"Z=109 Mt (vida longa)",109,0,1
2,17,0,Empiristas,"Z=94 Pu (vida longa)",94,1,0
2,17,0,Empiristas,"Z=110 Ds (vida longa)",110,0,0
2,17,1,Incrementalistas,"Z=70 Yb (vida longa)",70,0,0
2,17,1,Incrementalistas,"Z=97 Bk (vida longa)",97,1,0
2,18,0,Empiristas,"Z=80 Hg (vida longa)",80,0,0
2,18,2,Evolucionistas,"Z=110 Ds (vida longa)",110,0,0
2,18,2,Evolucionistas,"Z=104 Rf (vida longa)",104,0,0
2,18,0,Empiristas,"Z=24 Cr (vida longa)",24,0,1
2,19,1,Incrementalistas,"Z=108 Hs (vida longa)",108,0,0
2,19,1,Incrementalistas,"Z=109 Mt (vida longa)",109,0,0
2,19,1,Incrementalistas,"Z=100 Fm (vida longa)",100,0,0
2,19,3,Isolados,"Z=60 Nd (vida longa)",60,0,0
2,19,3,Isolados,"Z=32 Ge (vida longa)",32,1,0
2,19,3,Isolados,"Z=68 Er (vida longa)",68,0,0
2,20,0,Empiristas,"Z=4 Be (vida longa)",4,1,0
2,20,1,Incrementalistas,"Z=105 Db (vida longa)",105,0,0
2,20,1,Incrementalistas,"Z=110 Ds (vida longa)",110,0,0
2,20,1,Incrementalistas,"Z=98 Cf (vida longa)",98,0,0
2,20,2,Evolucionistas,"Z=108 Hs (vida longa)",108,0,0
2,21,0,Empiristas,"Z=56 Ba (vida longa)",56,1,0
2,21,0,Empiristas,"Z=92 U (vida longa)",92,1,0
2,22,0,Empiristas,"Z=112 Cn (vida longa)",112,0,0
2,22,1,Incrementalistas,"Z=106 Sg (vida longa)",106,0,0
2,22,2,Evolucionistas,"Z=77 Ir (vida longa)",77,1,0
2,22,3,Isolados,"Z=58 Ce (vida longa)",58,1,0
2,22,1,Incrementalistas,"Z=112 Cn (vida longa)",112,0,1
2,22,1,Incrementalistas,"Z=92 U (vida longa)",92,0,1
2,22,0,Empiristas,"Z=67 Ho (vida longa)",67,0,1
2,23,0,Empiristas,"Z=23 V (vida longa)",23,1,0
2,23,0,Empiristas,"Z=104 Rf (vida longa)",104,0,0
2,23,1,Incrementalistas,"Z=90 Th (vida longa)",90,1,0
2,24,0,Empiristas,"Z=89 Ac (vida longa)",89,1,0
2,24,0,Empiristas,"Z=74 W (vida longa)",74,1,0
2,24,2,Evolucionistas,"Z=82 Pb (vida longa)",82,1,0
2,24,2,Evolucionistas,"Z=112 Cn (vida longa)",112,0,1
2,24,1,Incrementalistas,"Z=50 Sn (vida longa)",50,0,1
2,25,1,Incrementalistas,"Z=104 Rf (vida longa)",104,0,0
2,25,3,Isolados,"Z=49 In (vida longa)",49,1,0
2,26,0,Empiristas,"Z=113 Nh (vida longa)",113,0,0
2,26,1,Incrementalistas,"Z=51 Sb (vida longa)",51,1,0
2,27,0,Empiristas,"Z=16 S (vida longa)",16,0,0
2,27,0,Empiristas,"Z=111 Rg (vida longa)",111,0,0
2,27,1,Incrementalistas,"Z=113 Nh (vida longa)",113,0,0
2,27,2,Evolucionistas,"Z=111 Rg (vida longa)",111,0,0
2,27,2,Evolucionistas,"Z=113 Nh (vida longa)",113,0,0
2,27,2,Evolucionistas,"Z=105 Db (vida longa)",105,0,0
2,27,3,Isolados,"Z=38 Sr (vida longa)",38,1,0
2,28,0,Empiristas,"Z=48 Cd (vida longa)",48,1,0
2,29,3,Isolados,"Z=55 Cs (vida longa)",55,1,0
2,30,3,Isolados,"Z=50 Sn (vida longa)",50,0,0
2,31,0,Empiristas,"Z=44 Ru (vida longa)",44,1,0
2,31,1,Incrementalistas,"Z=111 Rg (vida longa)",111,0,0
2,31,2,Evolucionistas,"Z=114 Fl (vida longa)",114,0,0
2,32,2,Evolucionistas,"Z=53 I (vida longa)",53,1,0
2,33,0,Empiristas,"Z=97 Bk (vida longa)",97,0,0
2,33,2,Evolucionistas,"Z=67 Ho (vida longa)",67,0,0
2,33,3,Isolados,"Z=6 C (vida longa)",6,1,0
2,34,3,Isolados,"Z=14 Si (vida longa)",14,0,0
2,35,0,Empiristas,"Z=114 Fl (vida longa)",114,0,0
2,35,3,Isolados,"Z=86 Rn (vida longa)",86,1,0
2,35,3,Isolados,"Z=115 Mc (vida longa)",115,1,0
2,35,3,Isolados,"Z=70 Yb (vida longa)",70,0,0
2,36,0,Empiristas,"Z=17 Cl (vida longa)",17,0,0
2,37,0,Empiristas,"Z=95 Am (vida longa)",95,1,0
2,37,0,Empiristas,"Z=87 Fr (vida longa)",87,1,0
2,37,1,Incrementalistas,"Z=114 Fl (vida longa)",114,0,0
2,37,2,Evolucionistas,"Z=22 Ti (vida longa)",22,1,0
2,37,3,Isolados,"Z=13 Al (vida longa)",13,1,0
2,38,0,Empiristas,"Z=78 Pt (vida longa)",78,1,0
2,39,0,Empiristas,"Z=35 Br (vida longa)",35,1,0
2,41,0,Empiristas,"Z=41 Nb (vida longa)",41,1,0
2,41,1,Incrementalistas,"Z=115 Mc (vida longa)",115,0,0
2,42,0,Empiristas,"Z=63 Eu (vida longa)",63,0,0
2,42,0,Empiristas,"Z=65 Tb (vida longa)",65,0,0
2,42,1,Incrementalistas,"Z=12 Mg (vida longa)",12,0,1
2,42,2,Evolucionistas,"Z=115 Mc (vida longa)",115,0,1
2,42,2,Evolucionistas,"Z=98 Cf (vida longa)",98,0,1
2,43,0,Empiristas,"Z=13 Al (vida longa)",13,0,0
2,44,1,Incrementalistas,"Z=62 Sm (vida longa)",62,0,0
2,44,3,Isolados,"Z=72 Hf (vida longa)",72,1,0
2,45,0,Empiristas,"Z=34 Se (vida longa)",34,1,0
2,45,2,Evolucionistas,"Z=52 Te (vida longa)",52,1,0
2,46,0,Empiristas,"Z=22 Ti (vida longa)",22,0,0
2,46,0,Empiristas,"Z=37 Rb (vida longa)",37,1,0
2,46,1,Incrementalistas,"Z=69 Tm (vida longa)",69,1,0
2,46,3,Isolados,"Z=8 O (vida longa)",8,1,0
2,47,0,Empiristas,"Z=46 Pd (vida longa)",46,1,0
2,48,0,Empiristas,"Z=115 Mc (vida longa)",115,0,0
2,49,0,Empiristas,"Z=1 H (vida longa)",1,1,0
2,49,1,Incrementalistas,"Z=87 Fr (vida longa)",87,0,0
2,49,3,Isolados,"Z=28 Ni (vida longa)",28,1,0
2,49,3,Isolados,"Z=22 Ti (vida longa)",22,0,0
2,50,0,Empiristas,"Z=75 Re (vida longa)",75,1,0
2,50,0,Empiristas,"Z=68 Er (vida longa)",68,0,0
2,51,2,Evolucionistas,"Z=78 Pt (vida longa)",78,0,0
2,52,1,Incrementalistas,"Z=8 O (vida longa)",8,0,0
2,52,2,Evolucionistas,"Z=88 Ra (vida longa)",88,0,0
2,52,3,Isolados,"Z=2 He (vida longa)",2,0,0
2,53,0,Empiristas,"Z=42 Mo (vida longa)",42,1,0
2,53,2,Evolucionistas,"Z=69 Tm (vida longa)",69,0,1
2,55,1,Incrementalistas,"Z=11 Na (vida longa)",11,1,0
2,55,2,Evolucionistas,"Z=48 Cd (vida longa)",48,0,0
2,55,3,Isolados,"Z=24 Cr (vida longa)",24,0,0
2,56,0,Empiristas,"Z=26 Fe (vida longa)",26,1,0
2,57,1,Incrementalistas,"Z=60 Nd (vida longa)",60,0,0
2,58,0,Empiristas,"Z=58 Ce (vida longa)",58,0,0
2,58,2,Evolucionistas,"Z=26 Fe (vida longa)",26,0,0
2,58,3,Isolados,"Z=15 P (vida longa)",15,0,0
2,60,2,Evolucionistas,"Z=32 Ge (vida longa)",32,0,0
2,61,3,Isolados,"Z=9 F (vida longa)",9,1,0
2,64,2,Evolucionistas,"Z=11 Na (vida longa)",11,0,1
2,65,0,Empiristas,"Z=20 Ca (vida longa)",20,1,0
2,68,0,Empiristas,"Z=83 Bi (vida longa)",83,1,0
2,68,0,Empiristas,"Z=5 B (vida longa)",5,1,0
2,68,2,Evolucionistas,"Z=72 Hf (vida longa)",72,0,0
2,68,3,Isolados,"Z=35 Br (vida longa)",35,0,0
2,68,2,Evolucionistas,"Z=8 O (vida longa)",8,0,1
2,68,1,Incrementalistas,"Z=61 Pm (vida longa)",61,0,1
2,69,0,Empiristas,"Z=28 Ni (vida longa)",28,0,0
2,69,0,Empiristas,"Z=49 In (vida longa)",49,0,0
2,69,3,Isolados,"Z=96 Cm (vida longa)",96,0,0
2,69,3,Isolados,"Z=7 N (vida longa)",7,1,0
2,69,2,Evolucionistas,"Z=64 Gd (vida longa)",64,0,1
2,70,0,Empiristas,"Z=51 Sb (vida longa)",51,0,0
2,70,0,Empiristas,"Z=84 Po (vida longa)",84,1,0
2,70,3,Isolados,"Z=48 Cd (vida longa)",48,0,0
2,71,0,Empiristas,"Z=38 Sr (vida longa)",38,0,0
2,72,1,Incrementalistas,"Z=32 Ge (vida longa)",32,0,0
2,72,3,Isolados,"Z=30 Zn (vida longa)",30,1,0
2,73,0,Empiristas,"Z=54 Xe (vida longa)",54,1,0
2,73,1,Incrementalistas,"Z=20 Ca (vida longa)",20,0,0
2,74,0,Empiristas,"Z=11 Na (vida longa)",11,0,0
2,74,0,Empiristas,"Z=47 Ag (vida longa)",47,1,0
2,74,3,Isolados,"Z=44 Ru (vida longa)",44,0,0
2,75,1,Incrementalistas,"Z=88 Ra (vida longa)",88,0,0
2,75,3,Isolados,"Z=4 Be (vida longa)",4,0,0
2,76,0,Empiristas,"Z=70 Yb (vida longa)",70,0,0
2,76,3,Isolados,"Z=78 Pt (vida longa)",78,0,0
2,77,3,Isolados,"Z=73 Ta (vida longa)",73,1,0
2,77,3,Isolados,"Z=91 Pa (vida longa)",91,1,0
2,77,3,Isolados,"Z=88 Ra (vida longa)",88,0,0
2,78,0,Empiristas,"Z=6 C (vida longa)",6,0,0
2,78,2,Evolucionistas,"Z=73 Ta (vida longa)",73,0,0
2,78,1,Incrementalistas,"Z=94 Pu (vida longa)",94,0,1
2,79,0,Empiristas,"Z=39 Y (vida longa)",39,1,0
2,79,1,Incrementalistas,"Z=13 Al (vida longa)",13,0,0
2,79,2,Evolucionistas,"Z=51 Sb (vida longa)",51,0,0
2,79,3,Isolados,"Z=71 Lu (vida longa)",71,1,0
2,79,3,Isolados,"Z=33 As (vida longa)",33,1,0
2,80,3,Isolados,"Z=5 B (vida longa)",5,0,0
2,81,0,Empiristas,"Z=43 Tc (vida longa)",43,1,0
2,81,1,Incrementalistas,"Z=72 Hf (vida longa)",72,0,0
2,81,3,Isolados,"Z=46 Pd (vida longa)",46,0,0
2,82,0,Empiristas,"Z=66 Dy (vida longa)",66,0,0
2,82,2,Evolucionistas,"Z=4 Be (vida longa)",4,0,0
2,83,0,Empiristas,"Z=53 I (vida longa)",53,0,0
2,84,0,Empiristas,"Z=77 Ir (vida longa)",77,0,0
2,84,0,Empiristas,"Z=82 Pb (vida longa)",82,0,0
2,84,2,Evolucionistas,"Z=35 Br (vida longa)",35,0,0
2,84,3,Isolados,"Z=10 Ne (vida longa)",10,0,0
2,84,3,Isolados,"Z=77 Ir (vida longa)",77,0,0
2,84,3,Isolados,"Z=80 Hg (vida longa)",80,0,0
2,84,3,Isolados,"Z=90 Th (vida longa)",90,0,0
2,85,0,Empiristas,"Z=30 Zn (vida longa)",30,0,0
2,85,1,Incrementalistas,"Z=1 H (vida longa)",1,0,1
2,86,0,Empiristas,"Z=64 Gd (vida longa)",64,0,0
2,86,0,Empiristas,"Z=52 Te (vida longa)",52,0,0
2,87,1,Incrementalistas,"Z=30 Zn (vida longa)",30,0,0
2,87,3,Isolados,"Z=52 Te (vida longa)",52,0,0
2,87,2,Evolucionistas,"Z=56 Ba (vida longa)",56,0,1
2,89,1,Incrementalistas,"Z=96 Cm (vida longa)",96,0,0
2,89,1,Incrementalistas,"Z=54 Xe (vida longa)",54,0,0
2,89,2,Evolucionistas,"Z=15 P (vida longa)",15,0,0
2,91,0,Empiristas,"Z=32 Ge (vida longa)",32,0,0
2,91,2,Evolucionistas,"Z=2 He (vida longa)",2,0,0
2,91,1,Incrementalistas,"Z=78 Pt (vida longa)",78,0,1
2,92,0,Empiristas,"Z=72 Hf (vida longa)",72,0,0
2,92,2,Evolucionistas,"Z=25 Mn (vida longa)",25,1,0
2,92,3,Isolados,"Z=94 Pu (vida longa)",94,0,0
2,93,3,Isolados,"Z=25 Mn (vida longa)",25,0,0
2,93,3,Isolados,"Z=82 Pb (vida longa)",82,0,0
2,93,3,Isolados,"Z=84 Po (vida longa)",84,0,0
2,94,0,Empiristas,"Z=36 Kr (vida longa)",36,1,0
2,94,1,Incrementalistas,"Z=76 Os (vida longa)",76,0,0
2,94,2,Evolucionistas,"Z=20 Ca (vida longa)",20,0,0
2,94,2,Evolucionistas,"Z=23 V (vida longa)",23,0,0
2,94,3,Isolados,"Z=93 Np (vida longa)",93,1,0
2,95,1,Incrementalistas,"Z=84 Po (vida longa)",84,0,0
2,95,1,Incrementalistas,"Z=4 Be (vida longa)",4,0,0
2,95,1,Incrementalistas,"Z=52 Te (vida longa)",52,0,0
2,95,1,Incrementalistas,"Z=89 Ac (vida longa)",89,0,0
2,95,3,Isolados,"Z=79 Au (vida longa)",79,0,0
2,95,3,Isolados,"Z=37 Rb (vida longa)",37,0,0
2,96,0,Empiristas,"Z=15 P (vida longa)",15,0,0
2,96,0,Empiristas,"Z=76 Os (vida longa)",76,0,0
2,96,3,Isolados,"Z=74 W (vida longa)",74,0,0
2,97,0,Empiristas,"Z=8 O (vida longa)",8,0,0
2,97,3,Isolados,"Z=75 Re (vida longa)",75,0,0
2,98,0,Empiristas,"Z=69 Tm (vida longa)",69,0,0
2,98,2,Evolucionistas,"Z=90 Th (vida longa)",90,0,0
2,99,0,Empiristas,"Z=103 Lr (vida longa)",103,0,0
2,99,2,Evolucionistas,"Z=75 Re (vida longa)",75,0,0
2,100,0,Empiristas,"Z=90 Th (vida longa)",90,0,0
2,101,0,Empiristas,"Z=25 Mn (vida longa)",25,0,0
2,101,1,Incrementalistas,"Z=91 Pa (vida longa)",91,0,0
2,101,3,Isolados,"Z=97 Bk (vida longa)",97,0,0
2,101,2,Evolucionistas,"Z=92 U (vida longa)",92,0,1
2,102,2,Evolucionistas,"Z=76 Os (vida longa)",76,0,0
2,102,2,Evolucionistas,"Z=6 C (vida longa)",6,0,0
2,103,2,Evolucionistas,"Z=55 Cs (vida longa)",55,0,0
2,103,2,Evolucionistas,"Z=79 Au (vida longa)",79,0,1
2,104,2,Evolucionistas,"Z=74 W (vida longa)",74,0,0
2,104,3,Isolados,"Z=87 Fr (vida longa)",87,0,0
2,105,2,Evolucionistas,"Z=19 K (vida longa)",19,0,0
2,105,3,Isolados,"Z=36 Kr (vida longa)",36,0,0
2,105,1,Incrementalistas,"Z=49 In (vida longa)",49,0,1
2,106,0,Empiristas,"Z=71 Lu (vida longa)",71,0,0
2,106,3,Isolados,"Z=41 Nb (vida longa)",41,0,0
2,107,0,Empiristas,"Z=21 Sc (vida longa)",21,1,0
2,107,1,Incrementalistas,"Z=80 Hg (vida longa)",80,0,0
2,108,2,Evolucionistas,"Z=58 Ce (vida longa)",58,0,0
2,108,3,Isolados,"Z=11 Na (vida longa)",11,0,0
2,108,2,Evolucionistas,"Z=43 Tc (vida longa)",43,0,1
2,109,2,Evolucionistas,"Z=30 Zn (vida longa)",30,0,0
2,109,2,Evolucionistas,"Z=3 Li (vida longa)",3,0,0
2,110,0,Empiristas,"Z=29 Cu (vida longa)",29,1,0
2,110,3,Isolados,"Z=16 S (vida longa)",16,0,0
2,110,0,Empiristas,"Z=91 Pa (vida longa)",91,0,1
2,111,0,Empiristas,"Z=33 As (vida longa)",33,0,0
2,111,3,Isolados,"Z=23 V (vida longa)",23,0,0
2,111,3,Isolados,"Z=81 Tl (vida longa)",81,1,0
2,112,3,Isolados,"Z=67 Ho (vida longa)",67,0,0
2,113,2,Evolucionistas,"Z=83 Bi (vida longa)",83,0,0
2,113,2,Evolucionistas,"Z=29 Cu (vida longa)",29,0,0
2,113,3,Isolados,"Z=45 Rh (vida longa)",45,0,0
2,113,3,Isolados,"Z=26 Fe (vida longa)",26,0,0
2,114,0,Empiristas,"Z=81 Tl (vida longa)",81,0,0
2,115,1,Incrementalistas,"Z=58 Ce (vida longa)",58,0,0
2,115,2,Evolucionistas,"Z=100 Fm (vida longa)",100,0,0
2,115,2,Evolucionistas,"Z=33 As (vida longa)",33,0,0
2,116,1,Incrementalistas,"Z=53 I (vida longa)",53,0,0
2,116,2,Evolucionistas,"Z=87 Fr (vida longa)",87,0,0
2,116,3,Isolados,"Z=34 Se (vida longa)",34,0,0
2,116,3,Isolados,"Z=12 Mg (vida longa)",12,0,0
2,117,3,Isolados,"Z=99 Es (vida longa)",99,0,0
2,117,3,Isolados,"Z=65 Tb (vida longa)",65,0,0
2,118,1,Incrementalistas,"Z=71 Lu (vida longa)",71,0,0
2,118,3,Isolados,"Z=62 Sm (vida longa)",62,0,0
2,119,0,Empiristas,"Z=7 N (vida longa)",7,0,0
2,119,2,Evolucionistas,"Z=16 S (vida longa)",16,0,0
2,119,3,Isolados,"Z=51 Sb (vida longa)",51,0,0
2,119,3,Isolados,"Z=56 Ba (vida longa)",56,0,0
2,119,2,Evolucionistas,"Z=39 Y (vida longa)",39,0,1
2,120,0,Empiristas,"Z=62 Sm (vida longa)",62,0,0
2,120,1,Incrementalistas,"Z=37 Rb (vida longa)",37,0,0
2,122,0,Empiristas,"Z=86 Rn (vida longa)",86,0,0
2,122,2,Evolucionistas,"Z=103 Lr (vida longa)",103,0,0
2,123,0,Empiristas,"Z=55 Cs (vida longa)",55,0,0
2,123,0,Empiristas,"Z=85 At (vida longa)",85,1,0
2,123,2,Evolucionistas,"Z=66 Dy (vida longa)",66,0,0
2,123,3,Isolados,"Z=102 No (vida longa)",102,0,0
2,124,0,Empiristas,"Z=73 Ta (vida longa)",73,0,0
2,124,1,Incrementalistas,"Z=93 Np (vida longa)",93,0,0
2,124,2,Evolucionistas,"Z=93 Np (vida longa)",93,0,0
2,124,3,Isolados,"Z=19 K (vida longa)",19,0,0
2,125,3,Isolados,"Z=64 Gd (vida longa)",64,0,0
2,126,0,Empiristas,"Z=19 K (vida longa)",19,0,0
2,126,2,Evolucionistas,"Z=54 Xe (vida longa)",54,0,0
2,127,1,Incrementalistas,"Z=79 Au (vida longa)",79,0,0
2,127,1,Incrementalistas,"Z=34 Se (vida longa)",34,0,0
2,127,3,Isolados,"Z=92 U (vida longa)",92,0,0
2,128,1,Incrementalistas,"Z=40 Zr (vida longa)",40,1,0
2,128,2,Evolucionistas,"Z=14 Si (vida longa)",14,0,0
2,128,3,Isolados,"Z=101 Md (vida longa)",101,0,0
2,128,3,Isolados,"Z=95 Am (vida longa)",95,0,0
2,129,1,Incrementalistas,"Z=2 He (vida longa)",2,0,0
2,129,2,Evolucionistas,"Z=28 Ni (vida longa)",28,0,0
2,129,3,Isolados,"Z=29 Cu (vida longa)",29,0,0
2,130,3,Isolados,"Z=21 Sc (vida longa)",21,0,0
2,131,2,Evolucionistas,"Z=59 Pr (vida longa)",59,1,0
2,132,3,Isolados,"Z=54 Xe (vida longa)",54,0,0
2,133,2,Evolucionistas,"Z=84 Po (vida longa)",84,0,0
2,133,2,Evolucionistas,"Z=40 Zr (vida longa)",40,0,0
2,134,0,Empiristas,"Z=40 Zr (vida longa)",40,0,0
2,134,2,Evolucionistas,"Z=44 Ru (vida longa)",44,0,0
2,134,3,Isolados,"Z=66 Dy (vida longa)",66,0,0
2,135,1,Incrementalistas,"Z=56 Ba (vida longa)",56,0,0
2,135,1,Incrementalistas,"Z=74 W (vida longa)",74,0,0
2,135,2,Evolucionistas,"Z=71 Lu (vida longa)",71,0,0
2,135,2,Evolucionistas,"Z=5 B (vida longa)",5,0,0
2,135,3,Isolados,"Z=61 Pm (vida longa)",61,0,0
2,137,0,Empiristas,"Z=57 La (vida longa)",57,0,0
2,137,1,Incrementalistas,"Z=7 N (vida longa)",7,0,0
2,137,2,Evolucionistas,"Z=13 Al (vida longa)",13,0,0
2,137,2,Evolucionistas,"Z=34 Se (vida longa)",34,0,0
2,138,0,Empiristas,"Z=31 Ga (vida longa)",31,1,0
2,138,1,Incrementalistas,"Z=3 Li (vida longa)",3,0,1
2,139,3,Isolados,"Z=31 Ga (vida longa)",31,0,0
2,140,1,Incrementalistas,"Z=5 B (vida longa)",5,0,0
2,140,2,Evolucionistas,"Z=37 Rb (vida longa)",37,0,0
2,140,3,Isolados,"Z=83 Bi (vida longa)",83,0,0
2,142,2,Evolucionistas,"Z=27 Co (vida longa)",27,1,0
2,142,3,Isolados,"Z=53 I (vida longa)",53,0,0
2,143,0,Empiristas,"Z=9 F (vida longa)",9,0,0
2,144,1,Incrementalistas,"Z=6 C (vida longa)",6,0,0
2,144,1,Incrementalistas,"Z=42 Mo (vida longa)",42,0,0
2,144,2,Evolucionistas,"Z=1 H (vida longa)",1,0,0
2,144,3,Isolados,"Z=43 Tc (vida longa)",43,0,0
2,144,3,Isolados,"Z=100 Fm (vida longa)",100,0,0
2,145,1,Incrementalistas,"Z=22 Ti (vida longa)",22,0,1
2,146,0,Empiristas,"Z=106 Sg (vida longa)",106,0,0
2,146,1,Incrementalistas,"Z=73 Ta (vida longa)",73,0,0
2,146,1,Incrementalistas,"Z=85 At (vida longa)",85,0,0
2,147,0,Empiristas,"Z=15 P (vida longa)",15,0,0
2,147,0,Empiristas,"Z=72 Hf (vida longa)",72,0,0
2,147,0,Empiristas,"Z=84 Po (vida longa)",84,0,0
2,147,3,Isolados,"Z=98 Cf (vida longa)",98,0,0
2,147,3,Isolados,"Z=40 Zr (vida longa)",40,0,0
2,148,0,Empiristas,"Z=4 Be (vida longa)",4,0,0
2,148,0,Empiristas,"Z=17 Cl (vida longa)",17,0,0
2,148,2,Evolucionistas,"Z=18 Ar (vida longa)",18,0,0
2,148,3,Isolados,"Z=89 Ac (vida longa)",89,0,0
2,149,0,Empiristas,"Z=111 Rg (vida longa)",111,0,0
2,150,0,Empiristas,"Z=70 Yb (vida longa)",70,0,0
2,151,0,Empiristas,"Z=50 Sn (vida longa)",50,0,0
2,151,0,Empiristas,"Z=34 Se (vida longa)",34,0,0
2,151,0,Empiristas,"Z=18 Ar (vida longa)",18,0,0
2,151,0,Empiristas,"Z=98 Cf (vida longa)",98,0,0
2,152,1,Incrementalistas,"Z=95 Am (vida longa)",95,0,0
2,153,0,Empiristas,"Z=59 Pr (vida longa)",59,0,0
2,153,3,Isolados,"Z=63 Eu (vida longa)",63,0,0
2,154,0,Empiristas,"Z=79 Au (vida longa)",79,0,0
2,154,0,Empiristas,"Z=28 Ni (vida longa)",28,0,0
2,154,0,Empiristas,"Z=77 Ir (vida longa)",77,0,0
2,155,0,Empiristas,"Z=27 Co (vida longa)",27,0,0
2,155,1,Incrementalistas,"Z=31 Ga (vida longa)",31,0,0
2,155,3,Isolados,"Z=17 Cl (vida longa)",17,0,0
2,156,1,Incrementalistas,"Z=86 Rn (vida longa)",86,0,0
2,156,1,Incrementalistas,"Z=82 Pb (vida longa)",82,0,0
2,156,3,Isolados,"Z=69 Tm (vida longa)",69,0,0
2,156,1,Incrementalistas,"Z=29 Cu (vida longa)",29,0,1
2,157,0,Empiristas,"Z=20 Ca (vida longa)",20,0,1
2,158,0,Empiristas,"Z=6 C (vida longa)",6,0,0
2,158,1,Incrementalistas,"Z=28 Ni (vida longa)",28,0,0
2,159,0,Empiristas,"Z=93 Np (vida longa)",93,0,0
2,159,1,Incrementalistas,"Z=83 Bi (vida longa)",83,0,0
2,159,2,Evolucionistas,"Z=81 Tl (vida longa)",81,0,0
2,159,2,Evolucionistas,"Z=17 Cl (vida longa)",17,0,0
2,159,3,Isolados,"Z=85 At (vida longa)",85,0,0
2,160,0,Empiristas,"Z=73 Ta (vida longa)",73,0,0
2,160,0,Empiristas,"Z=47 Ag (vida longa)",47,0,0
2,160,2,Evolucionistas,"Z=91 Pa (vida longa)",91,0,0
2,161,3,Isolados,"Z=20 Ca (vida longa)",20,0,0
2,161,1,Incrementalistas,"Z=25 Mn (vida longa)",25,0,1
2,162,0,Empiristas,"Z=68 Er (vida longa)",68,0,0
2,162,1,Incrementalistas,"Z=59 Pr (vida longa)",59,0,0
2,162,1,Incrementalistas,"Z=24 Cr (vida longa)",24,0,0
2,162,1,Incrementalistas,"Z=46 Pd (vida longa)",46,0,0
2,162,3,Isolados,"Z=27 Co (vida longa)",27,0,0
2,163,1,Incrementalistas,"Z=75 Re (vida longa)",75,0,0
2,163,2,Evolucionistas,"Z=97 Bk (vida longa)",97,0,0
2,163,0,Empiristas,"Z=29 Cu (vida longa)",29,0,1
2,164,0,Empiristas,"Z=3 Li (vida longa)",3,0,0
2,164,1,Incrementalistas,"Z=27 Co (vida longa)",27,0,0
2,165,1,Incrementalistas,"Z=35 Br (vida longa)",35,0,0
2,167,0,Empiristas,"Z=33 As (vida longa)",33,0,0
2,167,0,Empiristas,"Z=96 Cm (vida longa)",96,0,0
2,167,1,Incrementalistas,"Z=77 Ir (vida longa)",77,0,0
2,167,2,Evolucionistas,"Z=95 Am (vida longa)",95,0,0
2,167,3,Isolados,"Z=57 La (vida longa)",57,0,0
2,168,1,Incrementalistas,"Z=57 La (vida longa)",57,0,0
2,169,0,Empiristas,"Z=86 Rn (vida longa)",86,0,0
2,169,1,Incrementalistas,"Z=81 Tl (vida longa)",81,0,0
2,169,1,Incrementalistas,"Z=26 Fe (vida longa)",26,0,0
2,169,2,Evolucionistas,"Z=85 At (vida longa)",85,0,0
2,169,2,Evolucionistas,"Z=49 In (vida longa)",49,0,0
2,170,1,Incrementalistas,"Z=23 V (vida longa)",23,0,0
2,170,1,Incrementalistas,"Z=48 Cd (vida longa)",48,0,0
2,172,1,Incrementalistas,"Z=33 As (vida longa)",33,0,0
2,173,2,Evolucionistas,"Z=38 Sr (vida longa)",38,0,0
2,174,0,Empiristas,"Z=87 Fr (vida longa)",87,0,0
2,174,1,Incrementalistas,"Z=38 Sr (vida longa)",38,0,0
2,174,1,Incrementalistas,"Z=44 Ru (vida longa)",44,0,0
2,174,3,Isolados,"Z=47 Ag (vida longa)",47,0,0
2,175,1,Incrementalistas,"Z=39 Y (vida longa)",39,0,0
2,175,3,Isolados,"Z=39 Y (vida longa)",39,0,0
2,176,0,Empiristas,"Z=105 Db (vida longa)",105,0,0
2,176,1,Incrementalistas,"Z=55 Cs (vida longa)",55,0,0
2,177,1,Incrementalistas,"Z=45 Rh (vida longa)",45,0,0
2,177,2,Evolucionistas,"Z=31 Ga (vida longa)",31,0,0
2,177,2,Evolucionistas,"Z=94 Pu (vida longa)",94,0,0
2,177,2,Evolucionistas,"Z=21 Sc (vida longa)",21,0,1
2,178,0,Empiristas,"Z=5 B (vida longa)",5,0,0
2,178,2,Evolucionistas,"Z=89 Ac (vida longa)",89,0,0
2,179,0,Empiristas,"Z=104 Rf (vida longa)",104,0,0
2,179,0,Empiristas,"Z=32 Ge (vida longa)",32,0,0
2,180,0,Empiristas,"Z=94 Pu (vida longa)",94,0,0
2,181,1,Incrementalistas,"Z=9 F (vida longa)",9,0,0
2,181,2,Evolucionistas,"Z=45 Rh (vida longa)",45,0,0
2,183,2,Evolucionistas,"Z=9 F (vida longa)",9,0,0
2,184,1,Incrementalistas,"Z=36 Kr (vida longa)",36,0,0
2,184,2,Evolucionistas,"Z=47 Ag (vida longa)",47,0,0
2,184,0,Empiristas,"Z=103 Lr (vida longa)",103,0,1
2,186,0,Empiristas,"Z=89 Ac (vida longa)",89,0,0
2,186,1,Incrementalistas,"Z=47 Ag (vida longa)",47,0,0
2,188,2,Evolucionistas,"Z=46 Pd (vida longa)",46,0,0
2,189,1,Incrementalistas,"Z=21 Sc (vida longa)",21,0,0
2,189,2,Evolucionistas,"Z=36 Kr (vida longa)",36,0,0
2,189,3,Isolados,"Z=59 Pr (vida longa)",59,0,0
2,193,3,Isolados,"Z=42 Mo (vida longa)",42,0,0
2,197,2,Evolucionistas,"Z=96 Cm (vida longa)",96,0,0
2,200,2,Evolucionistas,"Z=86 Rn (vida longa)",86,0,0
2,204,2,Evolucionistas,"Z=7 N (vida longa)",7,0,0
2,206,2,Evolucionistas,"Z=41 Nb (vida longa)",41,0,0
2,207,1,Incrementalistas,"Z=43 Tc (vida longa)",43,0,0
2,207,2,Evolucionistas,"Z=42 Mo (vida longa)",42,0,0
2,208,1,Incrementalistas,"Z=41 Nb (vida longa)",41,0,0
2,220,0,Empiristas,"Z=1 H (vida longa)",1,0,0
2,236,3,Isolados,"Z=1 H (vida longa)",1,0,0
2,243,0,Empiristas,"Z=112 Cn (vida longa)",112,0,0
2,243,0,Empiristas,"Z=26 Fe (vida longa)",26,0,0
2,243,0,Empiristas,"Z=34 Se (vida longa)",34,0,0
2,243,0,Empiristas,"Z=103 Lr (vida longa)",103,0,0
2,243,0,Empiristas,"Z=4 Be (vida longa)",4,0,0
2,243,0,Empiristas,"Z=108 Hs (vida longa)",108,0,0
2,244,0,Empiristas,"Z=2 He (vida longa)",2,0,0
2,244,0,Empiristas,"Z=25 Mn (vida longa)",25,0,0
2,244,0,Empiristas,"Z=92 U (vida longa)",92,0,0
2,244,0,Empiristas,"Z=78 Pt (vida longa)",78,0,0
2,244,0,Empiristas,"Z=43 Tc (vida longa)",43,0,0
2,244,0,Empiristas,"Z=106 Sg (vida longa)",106,0,0
2,244,0,Empiristas,"Z=90 Th (vida longa)",90,0,0
2,245,0,Empiristas,"Z=86 Rn (vida longa)",86,0,0
2,245,0,Empiristas,"Z=29 Cu (vida longa)",29,0,0
2,245,0,Empiristas,"Z=65 Tb (vida longa)",65,0,0
2,245,0,Empiristas,"Z=5 B (vida longa)",5,0,0
2,245,0,Empiristas,"Z=67 Ho (vida longa)",67,0,0
2,246,0,Empiristas,"Z=21 Sc (vida longa)",21,0,0
2,246,0,Empiristas,"Z=79 Au (vida longa)",79,0,0
2,247,0,Empiristas,"Z=54 Xe (vida longa)",54,0,0
2,247,0,Empiristas,"Z=77 Ir (vida longa)",77,0,0
2,247,0,Empiristas,"Z=93 Np (vida longa)",93,0,0
2,248,0,Empiristas,"Z=59 Pr (vida longa)",59,0,0
2,248,0,Empiristas,"Z=74 W (vida longa)",74,0,0
2,249,0,Empiristas,"Z=100 Fm (vida longa)",100,0,0
2,249,0,Empiristas,"Z=89 Ac (vida longa)",89,0,0
2,250,0,Empiristas,"Z=12 Mg (vida longa)",12,0,0
2,253,0,Empiristas,"Z=40 Zr (vida longa)",40,0,0
2,263,3,Isolados,"Z=111 Rg (vida longa)",111,0,0
2,263,3,Isolados,"Z=74 W (vida longa)",74,0,0
2,263,3,Isolados,"Z=6 C (vida longa)",6,0,0
2,263,3,Isolados,"Z=115 Mc (vida longa)",115,0,0
2,263,3,Isolados,"Z=37 Rb (vida longa)",37,0,0
2,263,3,Isolados,"Z=26 Fe (vida longa)",26,0,0
2,263,3,Isolados,"Z=39 Y (vida longa)",39,0,0
2,264,3,Isolados,"Z=48 Cd (vida longa)",48,0,0
2,264,3,Isolados,"Z=79 Au (vida longa)",79,0,0
2,264,3,Isolados,"Z=3 Li (vida longa)",3,0,0
2,264,3,Isolados,"Z=45 Rh (vida longa)",45,0,0
2,264,3,Isolados,"Z=21 Sc (vida longa)",21,0,0
2,265,3,Isolados,"Z=94 Pu (vida longa)",94,0,0
2,265,3,Isolados,"Z=46 Pd (vida longa)",46,0,0
2,265,3,Isolados,"Z=88 Ra (vida longa)",88,0,0
2,265,3,Isolados,"Z=59 Pr (vida longa)",59,0,0
2,266,3,Isolados,"Z=50 Sn (vida longa)",50,0,0
2,267,3,Isolados,"Z=83 Bi (vida longa)",83,0,0
2,267,3,Isolados,"Z=16 S (vida longa)",16,0,0
2,269,3,Isolados,"Z=18 Ar (vida longa)",18,0,0
2,269,3,Isolados,"Z=73 Ta (vida longa)",73,0,0
2,272,3,Isolados,"Z=9 F (vida longa)",9,0,0
2,272,3,Isolados,"Z=17 Cl (vida longa)",17,0,0
2,273,3,Isolados,"Z=23 V (vida longa)",23,0,0
2,285,3,Isolados,"Z=12 Mg (vida longa)",12,0,0
2,287,3,Isolados,"Z=57 La (vida longa)",57,0,0
2,289,3,Isolados,"Z=90 Th (vida longa)",90,0,0
2,290,3,Isolados,"Z=102 No (vida longa)",102,0,0
3,0,0,Empiristas,"nucleos efemeros",6.90585,1,0
3,0,1,Incrementalistas,"nucleos efemeros",17.0839,0,0
3,0,1,Incrementalistas,"Z=72 Hf (vida longa)",72,1,0
3,0,1,Incrementalistas,"Z=74 W (vida longa)",74,1,0
3,0,2,Evolucionistas,"nucleos efemeros",63.8383,0,0
3,0,2,Evolucionistas,"Z=2 He (vida longa)",2,1,0
3,0,3,Isolados,"nucleos efemeros",31.5354,0,0
3,0,3,Isolados,"Z=45 Rh (vida longa)",45,1,0
3,1,0,Empiristas,"Z=6 C (vida longa)",6,1,0
3,1,1,Incrementalistas,"Z=70 Yb (vida longa)",70,1,0
3,1,1,Incrementalistas,"Z=69 Tm (vida longa)",69,1,0
3,1,1,Incrementalistas,"Z=73 Ta (vida longa)",73,1,0
3,1,3,Isolados,"Z=46 Pd (vida longa)",46,1,0
3,1,3,Isolados,"Z=48 Cd (vida longa)",48,1,0
3,2,0,Empiristas,"Z=47 Ag (vida longa)",47,1,0
3,2,0,Empiristas,"Z=50 Sn (vida longa)",50,1,0
3,2,1,Incrementalistas,"Z=71 Lu (vida longa)",71,1,0
3,3,0,Empiristas,"Z=48 Cd (vida longa)",48,0,0
3,4,1,Incrementalistas,"Z=76 Os (vida longa)",76,1,0
3,4,3,Isolados,"Z=51 Sb (vida longa)",51,1,0
3,4,0,Empiristas,"Z=2 He (vida longa)",2,0,1
3,5,0,Empiristas,"Z=53 I (vida longa)",53,1,0
3,5,1,Incrementalistas,"Z=77 Ir (vida longa)",77,1,0
3,5,2,Evolucionistas,"Z=96 Cm (vida longa)",96,1,0
3,5,3,Isolados,"Z=50 Sn (vida longa)",50,0,0
3,5,3,Isolados,"Z=52 Te (vida longa)",52,1,0
3,5,3,Isolados,"Z=47 Ag (vida longa)",47,0,0
3,5,3,Isolados,"Z=49 In (vida longa)",49,1,0
3,6,0,Empiristas,"Z=68 Er (vida longa)",68,1,0
3,6,0,Empiristas,"Z=22 Ti (vida longa)",22,1,0
3,6,1,Incrementalistas,"Z=75 Re (vida longa)",75,1,0
3,6,2,Evolucionistas,"Z=70 Yb (vida longa)",70,0,1
3,7,0,Empiristas,"Z=91 Pa (vida longa)",91,1,0
3,7,1,Incrementalistas,"Z=96 Cm (vida longa)",96,0,0
3,7,2,Evolucionistas,"Z=72 Hf (vida longa)",72,0,0
3,7,3,Isolados,"Z=114 Fl (vida longa)",114,1,0
3,8,0,Empiristas,"Z=65 Tb (vida longa)",65,1,0
3,8,0,Empiristas,"Z=105 Db (vida longa)",105,1,0
3,8,1,Incrementalistas,"Z=93 Np (vida longa)",93,1,0
3,8,1,Incrementalistas,"Z=94 Pu (vida longa)",94,1,0
3,8,3,Isolados,"Z=115 Mc (vida longa)",115,1,0
3,8,3,Isolados,"Z=58 Ce (vida longa)",58,1,0
3,8,2,Evolucionistas,"Z=105 Db (vida longa)",105,0,1
3,8,2,Evolucionistas,"Z=22 Ti (vida longa)",22,0,1
3,9,0,Empiristas,"Z=96 Cm (vida longa)",96,0,0
3,9,0,Empiristas,"Z=95 Am (vida longa)",95,1,0
3,9,0,Empiristas,"Z=98 Cf (vida longa)",98,1,0
3,9,2,Evolucionistas,"Z=60 Nd (vida longa)",60,1,0
3,9,2,Evolucionistas,"Z=93 Np (vida longa)",93,0,1
3,9,1,Incrementalistas,"Z=105 Db (vida longa)",105,0,1
3,9,1,Incrementalistas,"Z=60 Nd (vida longa)",60,0,1
3,10,0,Empiristas,"Z=66 Dy (vida longa)",66,1,0
3,10,1,Incrementalistas,"Z=98 Cf (vida longa)",98,0,0
3,10,1,Incrementalistas,"Z=91 Pa (vida longa)",91,0,0
3,10,1,Incrementalistas,"Z=99 Es (vida longa)",99,1,0
3,10,2,Evolucionistas,"Z=107 Bh (vida longa)",107,1,0
3,10,3,Isolados,"Z=113 Nh (vida longa)",113,1,0
3,10,1,Incrementalistas,"Z=68 Er (vida longa)",68,0,1
3,10,0,Empiristas,"Z=77 Ir (vida longa)",77,0,1
3,11,0,Empiristas,"Z=3 Li (vida longa)",3,1,0
3,11,0,Empiristas,"Z=69 Tm (vida longa)",69,0,0
3,11,1,Incrementalistas,"Z=95 Am (vida longa)",95,0,0
3,11,2,Evolucionistas,"Z=95 Am (vida longa)",95,0,0
3,11,2,Evolucionistas,"Z=99 Es (vida longa)",99,0,0
3,11,2,Evolucionistas,"Z=92 U (vida longa)",92,1,0
3,11,3,Isolados,"Z=44 Ru (vida longa)",44,1,0
3,11,3,Isolados,"Z=96 Cm (vida longa)",96,0,0
3,12,1,Incrementalistas,"Z=100 Fm (vida longa)",100,1,0
3,12,2,Evolucionistas,"Z=108 Hs (vida longa)",108,1,0
3,12,3,Isolados,"Z=111 Rg (vida longa)",111,1,0
3,12,3,Isolados,"Z=97 Bk (vida longa)",97,1,0
3,12,3,Isolados,"Z=94 Pu (vida longa)",94,0,0
3,12,0,Empiristas,"Z=108 Hs (vida longa)",108,0,1
3,12,0,Empiristas,"Z=99 Es (vida longa)",99,0,1
3,13,1,Incrementalistas,"Z=97 Bk (vida longa)",97,0,0
3,13,2,Evolucionistas,"Z=100 Fm (vida longa)",100,0,0
3,13,2,Evolucionistas,"Z=94 Pu (vida longa)",94,0,0
3,13,3,Isolados,"Z=112 Cn (vida longa)",112,1,0
3,14,1,Incrementalistas,"Z=108 Hs (vida longa)",108,0,1
3,14,1,Incrementalistas,"Z=48 Cd (vida longa)",48,0,1
3,14,0,Empiristas,"Z=70 Yb (vida longa)",70,0,1
3,15,1,Incrementalistas,"Z=88 Ra (vida longa)",88,1,0
3,15,1,Incrementalistas,"Z=78 Pt (vida longa)",78,1,0
3,15,2,Evolucionistas,"Z=106 Sg (vida longa)",106,1,0
3,15,3,Isolados,"Z=82 Pb (vida longa)",82,1,0
3,16,2,Evolucionistas,"Z=71 Lu (vida longa)",71,0,0
3,16,2,Evolucionistas,"Z=98 Cf (vida longa)",98,0,0
3,17,1,Incrementalistas,"Z=92 U (vida longa)",92,0,0
3,17,2,Evolucionistas,"Z=6 C (vida longa)",6,0,1
3,17,0,Empiristas,"Z=71 Lu (vida longa)",71,0,1
3,18,0,Empiristas,"Z=84 Po (vida longa)",84,1,0
3,18,0,Empiristas,"Z=106 Sg (vida longa)",106,0,0
3,18,2,Evolucionistas,"Z=97 Bk (vida longa)",97,0,0
3,18,3,Isolados,"Z=32 Ge (vida longa)",32,1,0
3,19,2,Evolucionistas,"Z=110 Ds (vida longa)",110,1,0
3,20,0,Empiristas,"Z=92 U (vida longa)",92,0,0
3,20,0,Empiristas,"Z=19 K (vida longa)",19,1,0
3,20,0,Empiristas,"Z=93 Np (vida longa)",93,0,0
3,20,1,Incrementalistas,"Z=110 Ds (vida longa)",110,0,0
3,20,1,Incrementalistas,"Z=90 Th (vida longa)",90,1,0
3,20,1,Incrementalistas,"Z=107 Bh (vida longa)",107,0,0
3,21,0,Empiristas,"Z=100 Fm (vida longa)",100,0,0
3,22,0,Empiristas,"Z=18 Ar (vida longa)",18,1,0
3,23,1,Incrementalistas,"Z=109 Mt (vida longa)",109,1,0
3,23,3,Isolados,"Z=30 Zn (vida longa)",30,1,0
3,23,0,Empiristas,"Z=110 Ds (vida longa)",110,0,1
3,24,0,Empiristas,"Z=107 Bh (vida longa)",107,0,0
3,24,0,Empiristas,"Z=94 Pu (vida longa)",94,0,0
3,25,0,Empiristas,"Z=85 At (vida longa)",85,1,0
3,25,1,Incrementalistas,"Z=106 Sg (vida longa)",106,0,0
3,25,1,Incrementalistas,"Z=104 Rf (vida longa)",104,1,0
3,27,0,Empiristas,"Z=97 Bk (vida longa)",97,0,0
3,27,3,Isolados,"Z=53 I (vida longa)",53,0,0
3,27,3,Isolados,"Z=68 Er (vida longa)",68,0,0
3,27,3,Isolados,"Z=110 Ds (vida longa)",110,0,0
3,27,3,Isolados,"Z=34 Se (vida longa)",34,1,0
3,28,0,Empiristas,"Z=109 Mt (vida longa)",109,0,0
3,28,3,Isolados,"Z=109 Mt (vida longa)",109,0,0
3,28,0,Empiristas,"Z=72 Hf (vida longa)",72,0,1
3,29,1,Incrementalistas,"Z=103 Lr (vida longa)",103,1,0
3,29,1,Incrementalistas,"Z=112 Cn (vida longa)",112,0,0
3,29,2,Evolucionistas,"Z=109 Mt (vida longa)",109,0,1
3,30,0,Empiristas,"Z=111 Rg (vida longa)",111,0,0
3,30,0,Empiristas,"Z=55 Cs (vida longa)",55,1,0
3,30,0,Empiristas,"Z=113 Nh (vida longa)",113,0,0
3,30,1,Incrementalistas,"Z=111 Rg (vida longa)",111,0,0
3,30,2,Evolucionistas,"Z=101 Md (vida longa)",101,1,0
3,30,3,Isolados,"Z=80 Hg (vida longa)",80,1,0
3,30,2,Evolucionistas,"Z=112 Cn (vida longa)",112,0,1
3,31,0,Empiristas,"Z=102 No (vida longa)",102,1,0
3,31,0,Empiristas,"Z=4 Be (vida longa)",4,1,0
3,31,2,Evolucionistas,"Z=104 Rf (vida longa)",104,0,0
3,31,2,Evolucionistas,"Z=8 O (vida longa)",8,1,0
3,32,0,Empiristas,"Z=112 Cn (vida longa)",112,0,0
3,32,0,Empiristas,"Z=78 Pt (vida longa)",78,0,0
3,32,0,Empiristas,"Z=28 Ni (vida longa)",28,1,0
3,32,1,Incrementalistas,"Z=113 Nh (vida longa)",113,0,0
3,32,3,Isolados,"Z=107 Bh (vida longa)",107,0,0
3,33,3,Isolados,"Z=57 La (vida longa)",57,1,0
3,33,2,Evolucionistas,"Z=113 Nh (vida longa)",113,0,1
3,33,2,Evolucionistas,"Z=91 Pa (vida longa)",91,0,1
3,34,0,Empiristas,"Z=26 Fe (vida longa)",26,1,0
3,34,1,Incrementalistas,"Z=114 Fl (vida longa)",114,0,0
3,34,2,Evolucionistas,"Z=77 Ir (vida longa)",77,0,1
3,34,2,Evolucionistas,"Z=114 Fl (vida longa)",114,0,1
3,35,0,Empiristas,"Z=36 Kr (vida longa)",36,1,0
3,36,0,Empiristas,"Z=8 O (vida longa)",8,0,0
3,37,0,Empiristas,"Z=114 Fl (vida longa)",114,0,1
3,38,0,Empiristas,"Z=35 Br (vida longa)",35,1,0
3,38,3,Isolados,"Z=4 Be (vida longa)",4,0,0
3,39,0,Empiristas,"Z=32 Ge (vida longa)",32,0,0
3,39,0,Empiristas,"Z=10 Ne (vida longa)",10,1,0
3,39,0,Empiristas,"Z=83 Bi (vida longa)",83,1,0
3,39,2,Evolucionistas,"Z=111 Rg (vida longa)",111,0,0
3,40,0,Empiristas,"Z=42 Mo (vida longa)",42,1,0
3,40,3,Isolados,"Z=35 Br (vida longa)",35,0,0
3,40,1,Incrementalistas,"Z=66 Dy (vida longa)",66,0,1
3,41,0,Empiristas,"Z=63 Eu (vida longa)",63,1,0
3,41,3,Isolados,"Z=83 Bi (vida longa)",83,0,0
3,41,3,Isolados,"Z=12 Mg (vida longa)",12,1,0
3,42,0,Empiristas,"Z=57 La (vida longa)",57,0,0
3,43,0,Empiristas,"Z=73 Ta (vida longa)",73,0,0
3,43,0,Empiristas,"Z=46 Pd (vida longa)",46,0,0
3,43,0,Empiristas,"Z=89 Ac (vida longa)",89,1,0
3,43,3,Isolados,"Z=54 Xe (vida longa)",54,1,0
3,43,1,Incrementalistas,"Z=32 Ge (vida longa)",32,0,1
3,44,0,Empiristas,"Z=76 Os (vida longa)",76,0,0
3,44,3,Isolados,"Z=93 Np (vida longa)",93,0,0
3,44,2,Evolucionistas,"Z=78 Pt (vida longa)",78,0,1
3,45,0,Empiristas,"Z=82 Pb (vida longa)",82,0,0
3,45,3,Isolados,"Z=2 He (vida longa)",2,0,0
3,45,3,Isolados,"Z=101 Md (vida longa)",101,0,0
3,46,1,Incrementalistas,"Z=63 Eu (vida longa)",63,0,0
3,46,2,Evolucionistas,"Z=19 K (vida longa)",19,0,0
3,47,1,Incrementalistas,"Z=115 Mc (vida longa)",115,0,0
3,47,2,Evolucionistas,"Z=20 Ca (vida longa)",20,1,0
3,49,0,Empiristas,"Z=41 Nb (vida longa)",41,1,0
3,49,3,Isolados,"Z=37 Rb (vida longa)",37,1,0
3,49,2,Evolucionistas,"Z=73 Ta (vida longa)",73,0,1
3,50,0,Empiristas,"Z=34 Se (vida longa)",34,0,0
3,50,3,Isolados,"Z=78 Pt (vida longa)",78,0,0
3,51,2,Evolucionistas,"Z=49 In (vida longa)",49,0,0
3,52,0,Empiristas,"Z=52 Te (vida longa)",52,0,0
3,53,2,Evolucionistas,"Z=90 Th (vida longa)",90,0,0
3,53,2,Evolucionistas,"Z=4 Be (vida longa)",4,0,1
3,54,0,Empiristas,"Z=38 Sr (vida longa)",38,1,0
3,54,0,Empiristas,"Z=13 Al (vida longa)",13,1,0
3,55,0,Empiristas,"Z=80 Hg (vida longa)",80,0,0
3,55,2,Evolucionistas,"Z=55 Cs (vida longa)",55,0,1
3,56,0,Empiristas,"Z=115 Mc (vida longa)",115,0,0
3,57,0,Empiristas,"Z=90 Th (vida longa)",90,0,0
3,57,1,Incrementalistas,"Z=22 Ti (vida longa)",22,0,1
3,58,2,Evolucionistas,"Z=42 Mo (vida longa)",42,0,0
3,60,0,Empiristas,"Z=67 Ho (vida longa)",67,1,0
3,60,0,Empiristas,"Z=49 In (vida longa)",49,0,0
3,60,3,Isolados,"Z=33 As (vida longa)",33,1,0
3,61,0,Empiristas,"Z=20 Ca (vida longa)",20,0,0
3,61,0,Empiristas,"Z=37 Rb (vida longa)",37,0,0
3,61,1,Incrementalistas,"Z=65 Tb (vida longa)",65,0,0
3,61,2,Evolucionistas,"Z=62 Sm (vida longa)",62,1,0
3,61,2,Evolucionistas,"Z=14 Si (vida longa)",14,1,0
3,61,3,Isolados,"Z=72 Hf (vida longa)",72,0,0
3,61,3,Isolados,"Z=86 Rn (vida longa)",86,1,0
3,61,3,Isolados,"Z=56 Ba (vida longa)",56,1,0
3,61,1,Incrementalistas,"Z=4 Be (vida longa)",4,0,1
3,62,0,Empiristas,"Z=59 Pr (vida longa)",59,1,0
3,62,2,Evolucionistas,"Z=18 Ar (vida longa)",18,0,0
3,62,3,Isolados,"Z=9 F (vida longa)",9,1,0
3,63,2,Evolucionistas,"Z=115 Mc (vida longa)",115,0,0
3,64,0,Empiristas,"Z=44 Ru (vida longa)",44,0,0
3,64,3,Isolados,"Z=20 Ca (vida longa)",20,0,0
3,65,1,Incrementalistas,"Z=67 Ho (vida longa)",67,0,0
3,65,2,Evolucionistas,"Z=26 Fe (vida longa)",26,0,0
3,65,1,Incrementalistas,"Z=28 Ni (vida longa)",28,0,1
3,66,0,Empiristas,"Z=39 Y (vida longa)",39,1,0
3,66,0,Empiristas,"Z=12 Mg (vida longa)",12,0,0
3,66,2,Evolucionistas,"Z=84 Po (vida longa)",84,0,0
3,66,3,Isolados,"Z=92 U (vida longa)",92,0,0
3,66,3,Isolados,"Z=98 Cf (vida longa)",98,0,0
3,66,1,Incrementalistas,"Z=19 K (vida longa)",19,0,1
3,66,0,Empiristas,"Z=104 Rf (vida longa)",104,0,1
3,66,0,Empiristas,"Z=88 Ra (vida longa)",88,0,1
3,67,3,Isolados,"Z=114 Fl (vida longa)",114,0,0
3,67,3,Isolados,"nucleos efemeros",111.811,0,0
3,67,3,Isolados,"Z=3 Li (vida longa)",3,0,0
3,67,3,Isolados,"Z=100 Fm (vida longa)",100,0,0
3,68,0,Empiristas,"Z=11 Na (vida longa)",11,1,0
3,69,0,Empiristas,"Z=31 Ga (vida longa)",31,1,0
3,69,1,Incrementalistas,"Z=30 Zn (vida longa)",30,0,0
3,69,1,Incrementalistas,"Z=18 Ar (vida longa)",18,0,0
3,69,2,Evolucionistas,"Z=74 W (vida longa)",74,0,0
3,69,3,Isolados,"Z=90 Th (vida longa)",90,0,0
3,70,0,Empiristas,"Z=15 P (vida longa)",15,1,0
3,70,0,Empiristas,"Z=16 S (vida longa)",16,1,0
3,70,0,Empiristas,"Z=61 Pm (vida longa)",61,1,0
3,70,1,Incrementalistas,"Z=35 Br (vida longa)",35,0,1
3,71,2,Evolucionistas,"Z=67 Ho (vida longa)",67,0,0
3,71,3,Isolados,"Z=113 Nh (vida longa)",113,0,0
3,72,0,Empiristas,"Z=40 Zr (vida longa)",40,1,0
3,72,2,Evolucionistas,"Z=76 Os (vida longa)",76,0,0
3,73,0,Empiristas,"Z=21 Sc (vida longa)",21,1,0
3,73,1,Incrementalistas,"Z=42 Mo (vida longa)",42,0,1
3,73,2,Evolucionistas,"Z=66 Dy (vida longa)",66,0,1
3,74,2,Evolucionistas,"Z=52 Te (vida longa)",52,0,0
3,75,0,Empiristas,"Z=14 Si (vida longa)",14,0,0
3,75,1,Incrementalistas,"Z=44 Ru (vida longa)",44,0,0
3,77,1,Incrementalistas,"Z=38 Sr (vida longa)",38,0,0
3,78,1,Incrementalistas,"Z=14 Si (vida longa)",14,0,0
3,78,2,Evolucionistas,"Z=36 Kr (vida longa)",36,0,0
3,79,1,Incrementalistas,"Z=21 Sc (vida longa)",21,0,0
3,79,2,Evolucionistas,"Z=57 La (vida longa)",57,0,0
3,80,1,Incrementalistas,"Z=16 S (vida longa)",16,0,0
3,80,3,Isolados,"Z=108 Hs (vida longa)",108,0,0
3,80,3,Isolados,"Z=40 Zr (vida longa)",40,0,0
3,80,3,Isolados,"Z=59 Pr (vida longa)",59,0,0
3,80,3,Isolados,"Z=24 Cr (vida longa)",24,1,0
3,80,2,Evolucionistas,"Z=11 Na (vida longa)",11,0,1
3,81,0,Empiristas,"Z=56 Ba (vida longa)",56,0,0
3,81,1,Incrementalistas,"Z=5 B (vida longa)",5,1,0
3,81,2,Evolucionistas,"Z=103 Lr (vida longa)",103,0,0
3,81,3,Isolados,"Z=71 Lu (vida longa)",71,0,0
3,81,3,Isolados,"Z=62 Sm (vida longa)",62,0,0
3,82,1,Incrementalistas,"Z=89 Ac (vida longa)",89,0,0
3,82,2,Evolucionistas,"Z=10 Ne (vida longa)",10,0,0
3,83,2,Evolucionistas,"Z=32 Ge (vida longa)",32,0,0
3,84,0,Empiristas,"Z=23 V (vida longa)",23,1,0
3,84,1,Incrementalistas,"Z=58 Ce (vida longa)",58,0,0
3,84,2,Evolucionistas,"Z=9 F (vida longa)",9,0,0
3,85,1,Incrementalistas,"Z=111 Rg (vida longa)",111,0,0
3,85,1,Incrementalistas,"Z=112 Cn (vida longa)",112,0,0
3,85,1,Incrementalistas,"Z=94 Pu (vida longa)",94,0,0
3,85,2,Evolucionistas,"Z=81 Tl (vida longa)",81,1,0
3,86,0,Empiristas,"Z=17 Cl (vida longa)",17,1,0
3,86,1,Incrementalistas,"Z=102 No (vida longa)",102,0,0
3,86,3,Isolados,"Z=23 V (vida longa)",23,0,0
3,86,1,Incrementalistas,"Z=80 Hg (vida longa)",80,0,1
3,87,1,Incrementalistas,"Z=57 La (vida longa)",57,0,0
3,87,1,Incrementalistas,"Z=110 Ds (vida longa)",110,0,0
3,87,2,Evolucionistas,"Z=3 Li (vida longa)",3,0,0
3,87,3,Isolados,"Z=13 Al (vida longa)",13,0,0
3,88,1,Incrementalistas,"Z=36 Kr (vida longa)",36,0,0
3,89,1,Incrementalistas,"Z=69 Tm (vida longa)",69,0,0
3,90,0,Empiristas,"Z=7 N (vida longa)",7,1,0
3,90,2,Evolucionistas,"Z=5 B (vida longa)",5,0,0
3,91,0,Empiristas,"Z=81 Tl (vida longa)",81,0,0
3,91,1,Incrementalistas,"Z=60 Nd (vida longa)",60,0,0
3,92,1,Incrementalistas,"Z=28 Ni (vida longa)",28,0,0
3,92,2,Evolucionistas,"Z=7 N (vida longa)",7,0,0
3,94,0,Empiristas,"Z=74 W (vida longa)",74,0,0
3,94,1,Incrementalistas,"Z=87 Fr (vida longa)",87,1,0
3,94,2,Evolucionistas,"Z=88 Ra (vida longa)",88,0,0
3,94,3,Isolados,"Z=5 B (vida longa)",5,0,0
3,94,3,Isolados,"Z=36 Kr (vida longa)",36,0,0
3,94,3,Isolados,"Z=52 Te (vida longa)",52,0,0
3,94,2,Evolucionistas,"Z=80 Hg (vida longa)",80,0,1
3,96,3,Isolados,"Z=86 Rn (vida longa)",86,0,0
3,97,1,Incrementalistas,"Z=90 Th (vida longa)",90,0,0
3,97,2,Evolucionistas,"Z=13 Al (vida longa)",13,0,0
3,97,3,Isolados,"Z=42 Mo (vida longa)",42,0,0
3,97,3,Isolados,"Z=109 Mt (vida longa)",109,0,0
3,98,0,Empiristas,"Z=24 Cr (vida longa)",24,0,0
3,98,1,Incrementalistas,"Z=15 P (vida longa)",15,0,0
3,99,2,Evolucionistas,"Z=68 Er (vida longa)",68,0,0
3,99,3,Isolados,"Z=46 Pd (vida longa)",46,0,0
3,100,1,Incrementalistas,"Z=95 Am (vida longa)",95,0,0
3,101,0,Empiristas,"Z=62 Sm (vida longa)",62,0,0
3,101,0,Empiristas,"Z=101 Md (vida longa)",101,0,0
3,101,1,Incrementalistas,"Z=43 Tc (vida longa)",43,1,0
3,101,3,Isolados,"Z=55 Cs (vida longa)",55,0,0
3,101,3,Isolados,"Z=16 S (vida longa)",16,0,0
3,102,0,Empiristas,"Z=9 F (vida longa)",9,0,0
3,102,0,Empiristas,"Z=58 Ce (vida longa)",58,0,0
3,102,3,Isolados,"Z=38 Sr (vida longa)",38,0,0
3,103,1,Incrementalistas,"Z=29 Cu (vida longa)",29,1,0
3,103,2,Evolucionistas,"Z=30 Zn (vida longa)",30,0,0
3,103,2,Evolucionistas,"Z=48 Cd (vida longa)",48,0,0
3,103,3,Isolados,"Z=91 Pa (vida longa)",91,0,0
3,103,3,Isolados,"Z=10 Ne (vida longa)",10,0,0
3,103,1,Incrementalistas,"Z=62 Sm (vida longa)",62,0,1
3,104,1,Incrementalistas,"Z=109 Mt (vida longa)",109,0,0
3,104,3,Isolados,"Z=89 Ac (vida longa)",89,0,0
3,104,3,Isolados,"Z=15 P (vida longa)",15,0,0
3,105,0,Empiristas,"Z=43 Tc (vida longa)",43,0,0
3,105,2,Evolucionistas,"Z=51 Sb (vida longa)",51,0,0
3,105,3,Isolados,"Z=63 Eu (vida longa)",63,0,0
3,106,2,Evolucionistas,"Z=56 Ba (vida longa)",56,0,0
3,106,2,Evolucionistas,"Z=21 Sc (vida longa)",21,0,1
3,107,2,Evolucionistas,"Z=29 Cu (vida longa)",29,0,0
3,107,2,Evolucionistas,"Z=102 No (vida longa)",102,0,1
3,108,3,Isolados,"Z=6 C (vida longa)",6,0,0
3,109,2,Evolucionistas,"Z=53 I (vida longa)",53,0,0
3,110,0,Empiristas,"Z=60 Nd (vida longa)",60,0,0
3,110,1,Incrementalistas,"Z=61 Pm (vida longa)",61,0,0
3,110,3,Isolados,"Z=41 Nb (vida longa)",41,0,0
3,110,0,Empiristas,"Z=30 Zn (vida longa)",30,0,1
3,111,0,Empiristas,"Z=79 Au (vida longa)",79,1,0
3,111,1,Incrementalistas,"Z=3 Li (vida longa)",3,0,0
3,111,2,Evolucionistas,"Z=54 Xe (vida longa)",54,0,0
3,112,1,Incrementalistas,"Z=33 As (vida longa)",33,0,0
3,112,3,Isolados,"Z=22 Ti (vida longa)",22,0,0
3,113,0,Empiristas,"Z=75 Re (vida longa)",75,0,0
3,113,1,Incrementalistas,"Z=64 Gd (vida longa)",64,1,0
3,113,1,Incrementalistas,"Z=73 Ta (vida longa)",73,0,0
3,113,1,Incrementalistas,"Z=52 Te (vida longa)",52,0,0
3,113,1,Incrementalistas,"Z=23 V (vida longa)",23,0,0
3,113,2,Evolucionistas,"Z=15 P (vida longa)",15,0,1
3,114,0,Empiristas,"Z=64 Gd (vida longa)",64,0,0
3,114,1,Incrementalistas,"Z=65 Tb (vida longa)",65,0,0
3,114,2,Evolucionistas,"Z=38 Sr (vida longa)",38,0,0
3,114,3,Isolados,"Z=66 Dy (vida longa)",66,0,0
3,114,3,Isolados,"Z=19 K (vida longa)",19,0,0
3,114,1,Incrementalistas,"Z=39 Y (vida longa)",39,0,1
3,115,0,Empiristas,"Z=54 Xe (vida longa)",54,0,0
3,115,0,Empiristas,"Z=103 Lr (vida longa)",103,0,0
3,115,2,Evolucionistas,"Z=24 Cr (vida longa)",24,0,0
3,115,2,Evolucionistas,"Z=28 Ni (vida longa)",28,0,0
3,116,1,Incrementalistas,"Z=41 Nb (vida longa)",41,0,0
3,116,1,Incrementalistas,"Z=53 I (vida longa)",53,0,0
3,116,1,Incrementalistas,"Z=12 Mg (vida longa)",12,0,0
3,116,1,Incrementalistas,"Z=107 Bh (vida longa)",107,0,0
3,116,2,Evolucionistas,"Z=89 Ac (vida longa)",89,0,0
3,116,3,Isolados,"Z=95 Am (vida longa)",95,0,0
3,117,0,Empiristas,"Z=86 Rn (vida longa)",86,0,0
3,117,2,Evolucionistas,"Z=31 Ga (vida longa)",31,0,0
3,117,3,Isolados,"Z=18 Ar (vida longa)",18,0,0
3,117,3,Isolados,"Z=106 Sg (vida longa)",106,0,0
3,118,1,Incrementalistas,"Z=35 Br (vida longa)",35,0,0
3,119,3,Isolados,"Z=28 Ni (vida longa)",28,0,0
3,120,3,Isolados,"Z=53 I (vida longa)",53,0,0
3,122,2,Evolucionistas,"Z=82 Pb (vida longa)",82,0,0
3,122,3,Isolados,"Z=68 Er (vida longa)",68,0,0
3,123,0,Empiristas,"Z=5 B (vida longa)",5,0,0
3,123,1,Incrementalistas,"Z=20 Ca (vida longa)",20,0,0
3,123,1,Incrementalistas,"Z=46 Pd (vida longa)",46,0,0
3,123,2,Evolucionistas,"Z=40 Zr (vida longa)",40,0,0
3,123,3,Isolados,"Z=43 Tc (vida longa)",43,0,0
3,124,1,Incrementalistas,"Z=45 Rh (vida longa)",45,0,0
3,124,3,Isolados,"Z=75 Re (vida longa)",75,0,0
3,124,1,Incrementalistas,"Z=5 B (vida longa)",5,0,1
3,125,0,Empiristas,"Z=29 Cu (vida longa)",29,0,0
3,125,3,Isolados,"Z=77 Ir (vida longa)",77,0,0
3,125,3,Isolados,"Z=73 Ta (vida longa)",73,0,0
3,126,3,Isolados,"Z=8 O (vida longa)",8,0,0
3,127,0,Empiristas,"Z=25 Mn (vida longa)",25,1,0
3,127,2,Evolucionistas,"Z=33 As (vida longa)",33,0,0
3,127,1,Incrementalistas,"Z=101 Md (vida longa)",101,0,1
3,128,1,Incrementalistas,"Z=17 Cl (vida longa)",17,0,0
3,128,3,Isolados,"Z=81 Tl (vida longa)",81,0,0
3,128,3,Isolados,"Z=31 Ga (vida longa)",31,0,0
3,128,3,Isolados,"Z=67 Ho (vida longa)",67,0,0
3,129,2,Evolucionistas,"Z=16 S (vida longa)",16,0,0
3,129,3,Isolados,"Z=103 Lr (vida longa)",103,0,0
3,130,3,Isolados,"Z=64 Gd (vida longa)",64,0,0
3,130,3,Isolados,"Z=87 Fr (vida longa)",87,0,0
3,130,3,Isolados,"Z=21 Sc (vida longa)",21,0,0
3,131,3,Isolados,"Z=61 Pm (vida longa)",61,0,0
3,131,3,Isolados,"Z=102 No (vida longa)",102,0,0
3,132,0,Empiristas,"Z=33 As (vida longa)",33,0,0
3,132,1,Incrementalistas,"Z=51 Sb (vida longa)",51,0,0
3,132,3,Isolados,"Z=84 Po (vida longa)",84,0,0
3,132,3,Isolados,"Z=88 Ra (vida longa)",88,0,0
3,133,1,Incrementalistas,"Z=40 Zr (vida longa)",40,0,0
3,133,1,Incrementalistas,"Z=54 Xe (vida longa)",54,0,0
3,134,0,Empiristas,"Z=51 Sb (vida longa)",51,0,0
3,134,1,Incrementalistas,"Z=68 Er (vida longa)",68,0,0
3,134,1,Incrementalistas,"Z=24 Cr (vida longa)",24,0,0
3,135,1,Incrementalistas,"Z=55 Cs (vida longa)",55,0,0
3,135,1,Incrementalistas,"Z=16 S (vida longa)",16,0,0
3,135,1,Incrementalistas,"Z=106 Sg (vida longa)",106,0,0
3,136,1,Incrementalistas,"Z=66 Dy (vida longa)",66,0,0
3,136,1,Incrementalistas,"Z=44 Ru (vida longa)",44,0,0
3,136,2,Evolucionistas,"Z=27 Co (vida longa)",27,1,0
3,136,2,Evolucionistas,"Z=69 Tm (vida longa)",69,0,0
3,136,3,Isolados,"Z=76 Os (vida longa)",76,0,0
3,137,1,Incrementalistas,"Z=89 Ac (vida longa)",89,0,0
3,137,1,Incrementalistas,"Z=10 Ne (vida longa)",10,0,0
3,137,2,Evolucionistas,"Z=75 Re (vida longa)",75,0,0
3,137,2,Evolucionistas,"Z=41 Nb (vida longa)",41,0,0
3,137,3,Isolados,"Z=69 Tm (vida longa)",69,0,0
3,137,3,Isolados,"Z=79 Au (vida longa)",79,0,0
3,138,2,Evolucionistas,"Z=12 Mg (vida longa)",12,0,0
3,139,0,Empiristas,"Z=87 Fr (vida longa)",87,0,0
3,140,1,Incrementalistas,"Z=83 Bi (vida longa)",83,0,0
3,140,1,Incrementalistas,"Z=6 C (vida longa)",6,0,0
3,140,2,Evolucionistas,"Z=45 Rh (vida longa)",45,0,0
3,140,3,Isolados,"Z=27 Co (vida longa)",27,0,0
3,141,0,Empiristas,"Z=45 Rh (vida longa)",45,0,0
3,141,1,Incrementalistas,"Z=56 Ba (vida longa)",56,0,0
3,141,1,Incrementalistas,"Z=37 Rb (vida longa)",37,0,0
3,141,1,Incrementalistas,"Z=86 Rn (vida longa)",86,0,0
3,141,1,Incrementalistas,"Z=84 Po (vida longa)",84,0,0
3,141,2,Evolucionistas,"Z=46 Pd (vida longa)",46,0,0
3,142,1,Incrementalistas,"Z=82 Pb (vida longa)",82,0,0
3,143,1,Incrementalistas,"Z=59 Pr (vida longa)",59,0,0
3,143,2,Evolucionistas,"Z=79 Au (vida longa)",79,0,0
3,143,3,Isolados,"Z=65 Tb (vida longa)",65,0,0
3,144,2,Evolucionistas,"Z=61 Pm (vida longa)",61,0,0
3,144,3,Isolados,"Z=14 Si (vida longa)",14,0,0
3,145,1,Incrementalistas,"Z=27 Co (vida longa)",27,0,0
3,145,2,Evolucionistas,"Z=34 Se (vida longa)",34,0,0
3,145,2,Evolucionistas,"Z=35 Br (vida longa)",35,0,0
3,145,2,Evolucionistas,"Z=44 Ru (vida longa)",44,0,0
3,145,1,Incrementalistas,"Z=81 Tl (vida longa)",81,0,1
3,146,1,Incrementalistas,"Z=34 Se (vida longa)",34,0,0
3,146,1,Incrementalistas,"Z=98 Cf (vida longa)",98,0,0
3,146,2,Evolucionistas,"Z=87 Fr (vida longa)",87,0,0
3,146,3,Isolados,"Z=70 Yb (vida longa)",70,0,0
3,147,1,Incrementalistas,"Z=85 At (vida longa)",85,0,0
3,147,1,Incrementalistas,"Z=50 Sn (vida longa)",50,0,0
3,148,1,Incrementalistas,"Z=13 Al (vida longa)",13,0,0
3,148,3,Isolados,"Z=74 W (vida longa)",74,0,0
3,148,3,Isolados,"Z=104 Rf (vida longa)",104,0,0
3,149,1,Incrementalistas,"Z=8 O (vida longa)",8,0,1
3,152,1,Incrementalistas,"Z=26 Fe (vida longa)",26,0,0
3,152,2,Evolucionistas,"Z=63 Eu (vida longa)",63,0,0
3,154,3,Isolados,"Z=11 Na (vida longa)",11,0,0
3,155,0,Empiristas,"Z=27 Co (vida longa)",27,0,0
3,156,1,Incrementalistas,"Z=11 Na (vida longa)",11,0,0
3,156,1,Incrementalistas,"Z=97 Bk (vida longa)",97,0,0
3,157,3,Isolados,"Z=26 Fe (vida longa)",26,0,0
3,159,2,Evolucionistas,"Z=50 Sn (vida longa)",50,0,0
3,160,1,Incrementalistas,"Z=47 Ag (vida longa)",47,0,0
3,160,1,Incrementalistas,"Z=7 N (vida longa)",7,0,1
3,161,2,Evolucionistas,"Z=43 Tc (vida longa)",43,0,0
3,162,3,Isolados,"Z=105 Db (vida longa)",105,0,0
3,162,3,Isolados,"Z=29 Cu (vida longa)",29,0,0
3,163,2,Evolucionistas,"Z=86 Rn (vida longa)",86,0,0
3,163,3,Isolados,"Z=82 Pb (vida longa)",82,0,0
3,165,3,Isolados,"Z=60 Nd (vida longa)",60,0,0
3,166,1,Incrementalistas,"Z=31 Ga (vida longa)",31,0,0
3,166,2,Evolucionistas,"Z=23 V (vida longa)",23,0,0
3,167,2,Evolucionistas,"Z=58 Ce (vida longa)",58,0,0
3,167,1,Incrementalistas,"Z=25 Mn (vida longa)",25,0,1
3,168,1,Incrementalistas,"Z=79 Au (vida longa)",79,0,1
3,169,2,Evolucionistas,"Z=39 Y (vida longa)",39,0,0
3,169,2,Evolucionistas,"Z=59 Pr (vida longa)",59,0,0
3,169,3,Isolados,"Z=25 Mn (vida longa)",25,0,0
3,169,3,Isolados,"Z=7 N (vida longa)",7,0,0
3,171,3,Isolados,"Z=17 Cl (vida longa)",17,0,0
3,172,1,Incrementalistas,"Z=103 Lr (vida longa)",103,0,0
3,172,1,Incrementalistas,"Z=49 In (vida longa)",49,0,1
3,176,3,Isolados,"Z=39 Y (vida longa)",39,0,0
3,178,2,Evolucionistas,"Z=65 Tb (vida longa)",65,0,0
3,178,3,Isolados,"Z=99 Es (vida longa)",99,0,0
3,179,2,Evolucionistas,"Z=64 Gd (vida longa)",64,0,0
3,179,2,Evolucionistas,"Z=17 Cl (vida longa)",17,0,0
3,182,1,Incrementalistas,"Z=2 He (vida longa)",2,0,0
3,183,1,Incrementalistas,"Z=105 Db (vida longa)",105,0,0
3,187,2,Evolucionistas,"Z=37 Rb (vida longa)",37,0,0
3,189,3,Isolados,"Z=101 Md (vida longa)",101,0,0
3,191,2,Evolucionistas,"Z=25 Mn (vida longa)",25,0,0
3,200,2,Evolucionistas,"Z=47 Ag (vida longa)",47,0,0
3,211,1,Incrementalistas,"Z=104 Rf (vida longa)",104,0,0
3,215,2,Evolucionistas,"Z=85 At (vida longa)",85,0,0
3,216,1,Incrementalistas,"Z=9 F (vida longa)",9,0,0
3,222,2,Evolucionistas,"Z=83 Bi (vida longa)",83,0,0
3,227,3,Isolados,"Z=96 Cm (vida longa)",96,0,0
3,227,3,Isolados,"Z=94 Pu (vida longa)",94,0,0
3,227,3,Isolados,"Z=78 Pt (vida longa)",78,0,0
3,228,1,Incrementalistas,"Z=1 H (vida longa)",1,1,0
3,229,3,Isolados,"Z=89 Ac (vida longa)",89,0,0
3,229,3,Isolados,"Z=3 Li (vida longa)",3,0,0
3,229,3,Isolados,"Z=104 Rf (vida longa)",104,0,0
3,229,3,Isolados,"Z=64 Gd (vida longa)",64,0,0
3,229,3,Isolados,"Z=85 At (vida longa)",85,0,0
3,230,3,Isolados,"Z=74 W (vida longa)",74,0,0
3,230,3,Isolados,"Z=62 Sm (vida longa)",62,0,0
3,230,3,Isolados,"Z=18 Ar (vida longa)",18,0,0
3,230,3,Isolados,"Z=5 B (vida longa)",5,0,0
3,230,3,Isolados,"Z=55 Cs (vida longa)",55,0,0
3,230,3,Isolados,"Z=41 Nb (vida longa)",41,0,0
3,231,3,Isolados,"Z=51 Sb (vida longa)",51,0,0
3,231,3,Isolados,"Z=98 Cf (vida longa)",98,0,0
3,231,3,Isolados,"Z=12 Mg (vida longa)",12,0,0
3,231,3,Isolados,"Z=43 Tc (vida longa)",43,0,0
3,232,3,Isolados,"Z=77 Ir (vida longa)",77,0,0
3,233,3,Isolados,"Z=66 Dy (vida longa)",66,0,0
3,234,3,Isolados,"Z=16 S (vida longa)",16,0,0
3,234,3,Isolados,"Z=15 P (vida longa)",15,0,0
3,234,3,Isolados,"Z=26 Fe (vida longa)",26,0,0
3,234,3,Isolados,"Z=20 Ca (vida longa)",20,0,0
3,235,3,Isolados,"Z=102 No (vida longa)",102,0,0
3,235,3,Isolados,"Z=61 Pm (vida longa)",61,0,0
3,235,3,Isolados,"Z=108 Hs (vida longa)",108,0,0
3,236,3,Isolados,"Z=46 Pd (vida longa)",46,0,0
3,237,3,Isolados,"Z=95 Am (vida longa)",95,0,0
3,237,3,Isolados,"Z=22 Ti (vida longa)",22,0,0
3,238,3,Isolados,"Z=69 Tm (vida longa)",69,0,0
3,238,3,Isolados,"Z=60 Nd (vida longa)",60,0,0
3,238,3,Isolados,"Z=30 Zn (vida longa)",30,0,0
3,238,3,Isolados,"Z=88 Ra (vida longa)",88,0,0
3,239,3,Isolados,"Z=76 Os (vida longa)",76,0,0
3,245,3,Isolados,"Z=67 Ho (vida longa)",67,0,0
3,245,3,Isolados,"Z=14 Si (vida longa)",14,0,0
3,251,3,Isolados,"Z=23 V (vida longa)",23,0,0
3,251,3,Isolados,"Z=31 Ga (vida longa)",31,0,0
3,269,2,Evolucionistas,"Z=1 H (vida longa)",1,0,0
3,276,0,Empiristas,"Z=1 H (vida longa)",1,0,0
3,281,3,Isolados,"Z=1 H (vida longa)",1,0,0
3,282,2,Evolucionistas,"nucleos efemeros",109.528,0,0
3,282,2,Evolucionistas,"Z=86 Rn (vida longa)",86,0,0
3,282,2,Evolucionistas,"Z=111 Rg (vida longa)",111,0,0
3,283,2,Evolucionistas,"Z=65 Tb (vida longa)",65,0,0
3,283,2,Evolucionistas,"Z=26 Fe (vida longa)",26,0,0
3,284,2,Evolucionistas,"Z=90 Th (vida longa)",90,0,0
3,284,2,Evolucionistas,"Z=60 Nd (vida longa)",60,0,0
3,284,2,Evolucionistas,"Z=89 Ac (vida longa)",89,0,0
3,284,2,Evolucionistas,"Z=10 Ne (vida longa)",10,0,0
3,285,2,Evolucionistas,"Z=18 Ar (vida longa)",18,0,0
3,285,2,Evolucionistas,"Z=8 O (vida longa)",8,0,0
3,286,2,Evolucionistas,"Z=23 V (vida longa)",23,0,0
3,286,2,Evolucionistas,"Z=91 Pa (vida longa)",91,0,0
3,287,2,Evolucionistas,"Z=17 Cl (vida longa)",17,0,0
3,287,2,Evolucionistas,"Z=45 Rh (vida longa)",45,0,0
3,287,2,Evolucionistas,"Z=16 S (vida longa)",16,0,0
3,288,2,Evolucionistas,"Z=12 Mg (vida longa)",12,0,0
3,288,2,Evolucionistas,"Z=94 Pu (vida longa)",94,0,0
3,288,2,Evolucionistas,"Z=70 Yb (vida longa)",70,0,0
3,289,2,Evolucionistas,"Z=88 Ra (vida longa)",88,0,0
3,290,2,Evolucionistas,"Z=47 Ag (vida longa)",47,0,0
3,290,2,Evolucionistas,"Z=46 Pd (vida longa)",46,0,0
3,290,2,Evolucionistas,"Z=63 Eu (vida longa)",63,0,0
3,290,2,Evolucionistas,"Z=79 Au (vida longa)",79,0,0
3,290,2,Evolucionistas,"Z=82 Pb (vida longa)",82,0,0
3,291,2,Evolucionistas,"Z=101 Md (vida longa)",101,0,1
3,294,2,Evolucionistas,"Z=85 At (vida longa)",85,0,0
3,294,2,Evolucionistas,"Z=106 Sg (vida longa)",106,0,0
3,296,2,Evolucionistas,"Z=32 Ge (vida longa)",32,0,0
3,296,2,Evolucionistas,"Z=24 Cr (vida longa)",24,0,0
3,299,2,Evolucionistas,"Z=83 Bi (vida longa)",83,0,0
4,0,0,Empiristas,"nucleos efemeros",47.6947,1,0
4,0,0,Empiristas,"Z=89 Ac (vida longa)",89,1,0
4,0,0,Empiristas,"Z=86 Rn (vida longa)",86,1,0
4,0,1,Incrementalistas,"nucleos efemeros",80.7756,0,0
4,0,2,Evolucionistas,"nucleos efemeros",-3.80056,0,0
4,0,3,Isolados,"nucleos efemeros",52.592,0,0
4,1,0,Empiristas,"Z=88 Ra (vida longa)",88,1,0
4,1,0,Empiristas,"Z=73 Ta (vida longa)",73,1,0
4,2,0,Empiristas,"Z=27 Co (vida longa)",27,1,0
4,2,0,Empiristas,"Z=99 Es (vida longa)",99,1,0
4,2,0,Empiristas,"Z=87 Fr (vida longa)",87,1,0
4,3,0,Empiristas,"Z=16 S (vida longa)",16,1,0
4,3,1,Incrementalistas,"Z=114 Fl (vida longa)",114,1,0
4,3,1,Incrementalistas,"Z=112 Cn (vida longa)",112,1,0
4,3,3,Isolados,"Z=10 Ne (vida longa)",10,1,0
4,4,3,Isolados,"Z=69 Tm (vida longa)",69,1,0
4,4,2,Evolucionistas,"Z=114 Fl (vida longa)",114,0,1
4,5,1,Incrementalistas,"Z=109 Mt (vida longa)",109,1,0
4,5,1,Incrementalistas,"Z=108 Hs (vida longa)",108,1,0
4,6,0,Empiristas,"Z=82 Pb (vida longa)",82,1,0
4,6,0,Empiristas,"Z=96 Cm (vida longa)",96,1,0
4,6,1,Incrementalistas,"Z=111 Rg (vida longa)",111,1,0
4,6,1,Incrementalistas,"Z=110 Ds (vida longa)",110,1,0
4,6,1,Incrementalistas,"Z=106 Sg (vida longa)",106,1,0
4,6,3,Isolados,"Z=87 Fr (vida longa)",87,0,0
4,6,3,Isolados,"Z=67 Ho (vida longa)",67,1,0
4,6,0,Empiristas,"Z=114 Fl (vida longa)",114,0,1
4,7,3,Isolados,"Z=65 Tb (vida longa)",65,1,0
4,7,1,Incrementalistas,"Z=88 Ra (vida longa)",88,0,1
4,8,0,Empiristas,"Z=12 Mg (vida longa)",12,1,0
4,8,2,Evolucionistas,"Z=45 Rh (vida longa)",45,1,0
4,8,2,Evolucionistas,"Z=100 Fm (vida longa)",100,1,0
4,8,3,Isolados,"Z=71 Lu (vida longa)",71,1,0
4,8,3,Isolados,"Z=85 At (vida longa)",85,1,0
4,8,1,Incrementalistas,"Z=45 Rh (vida longa)",45,0,1
4,9,0,Empiristas,"Z=101 Md (vida longa)",101,1,0
4,9,2,Evolucionistas,"Z=113 Nh (vida longa)",113,1,0
4,9,3,Isolados,"Z=90 Th (vida longa)",90,1,0
4,9,3,Isolados,"Z=68 Er (vida longa)",68,1,0
4,9,3,Isolados,"Z=84 Po (vida longa)",84,1,0
4,9,3,Isolados,"Z=86 Rn (vida longa)",86,0,0
4,9,1,Incrementalistas,"Z=101 Md (vida longa)",101,0,1
4,9,0,Empiristas,"Z=110 Ds (vida longa)",110,0,1
4,10,0,Empiristas,"Z=84 Po (vida longa)",84,0,0
4,10,3,Isolados,"Z=88 Ra (vida longa)",88,0,0
4,11,3,Isolados,"Z=12 Mg (vida longa)",12,0,0
4,11,2,Evolucionistas,"Z=96 Cm (vida longa)",96,0,1
4,12,0,Empiristas,"Z=3 Li (vida longa)",3,1,0
4,12,1,Incrementalistas,"Z=100 Fm (vida longa)",100,0,0
4,12,2,Evolucionistas,"Z=95 Am (vida longa)",95,1,0
4,12,1,Incrementalistas,"Z=95 Am (vida longa)",95,0,1
4,12,2,Evolucionistas,"Z=111 Rg (vida longa)",111,0,1
4,13,0,Empiristas,"Z=112 Cn (vida longa)",112,0,0
4,13,1,Incrementalistas,"Z=115 Mc (vida longa)",115,1,0
4,13,2,Evolucionistas,"Z=110 Ds (vida longa)",110,0,0
4,14,2,Evolucionistas,"Z=46 Pd (vida longa)",46,1,0
4,14,2,Evolucionistas,"Z=112 Cn (vida longa)",112,0,0
4,14,2,Evolucionistas,"Z=3 Li (vida longa)",3,0,1
4,14,0,Empiristas,"Z=115 Mc (vida longa)",115,0,1
4,14,0,Empiristas,"Z=108 Hs (vida longa)",108,0,1
4,15,0,Empiristas,"Z=20 Ca (vida longa)",20,1,0
4,16,0,Empiristas,"Z=81 Tl (vida longa)",81,1,0
4,16,0,Empiristas,"Z=44 Ru (vida longa)",44,1,0
4,16,2,Evolucionistas,"Z=78 Pt (vida longa)",78,1,0
4,16,3,Isolados,"Z=70 Yb (vida longa)",70,1,0
4,16,2,Evolucionistas,"Z=115 Mc (vida longa)",115,0,1
4,16,2,Evolucionistas,"Z=108 Hs (vida longa)",108,0,1
4,17,0,Empiristas,"Z=111 Rg (vida longa)",111,0,0
4,17,1,Incrementalistas,"Z=113 Nh (vida longa)",113,0,0
4,19,0,Empiristas,"Z=95 Am (vida longa)",95,0,0
4,19,0,Empiristas,"Z=98 Cf (vida longa)",98,1,0
4,19,3,Isolados,"Z=14 Si (vida longa)",14,1,0
4,19,3,Isolados,"Z=81 Tl (vida longa)",81,0,0
4,20,0,Empiristas,"Z=38 Sr (vida longa)",38,1,0
4,22,0,Empiristas,"Z=107 Bh (vida longa)",107,1,0
4,22,0,Empiristas,"Z=2 He (vida longa)",2,1,0
4,22,2,Evolucionistas,"Z=82 Pb (vida longa)",82,0,1
4,23,0,Empiristas,"Z=62 Sm (vida longa)",62,1,0
4,23,0,Empiristas,"Z=4 Be (vida longa)",4,1,0
4,23,2,Evolucionistas,"Z=101 Md (vida longa)",101,0,1
4,24,0,Empiristas,"Z=25 Mn (vida longa)",25,1,0
4,24,2,Evolucionistas,"Z=14 Si (vida longa)",14,0,0
4,24,2,Evolucionistas,"Z=109 Mt (vida longa)",109,0,0
4,24,3,Isolados,"Z=91 Pa (vida longa)",91,1,0
4,24,3,Isolados,"Z=30 Zn (vida longa)",30,1,0
4,24,2,Evolucionistas,"Z=62 Sm (vida longa)",62,0,1
4,26,0,Empiristas,"Z=109 Mt (vida longa)",109,0,0
4,26,0,Empiristas,"Z=113 Nh (vida longa)",113,0,0
4,26,3,Isolados,"Z=62 Sm (vida longa)",62,0,0
4,27,0,Empiristas,"Z=85 At (vida longa)",85,0,0
4,27,3,Isolados,"Z=83 Bi (vida longa)",83,1,0
4,28,0,Empiristas,"Z=24 Cr (vida longa)",24,1,0
4,28,1,Incrementalistas,"Z=32 Ge (vida longa)",32,1,0
4,28,3,Isolados,"Z=66 Dy (vida longa)",66,1,0
4,28,1,Incrementalistas,"Z=81 Tl (vida longa)",81,0,1
4,29,0,Empiristas,"Z=106 Sg (vida longa)",106,0,0
4,29,3,Isolados,"Z=97 Bk (vida longa)",97,1,0
4,29,3,Isolados,"Z=16 S (vida longa)",16,0,0
4,29,1,Incrementalistas,"Z=85 At (vida longa)",85,0,1
4,30,0,Empiristas,"Z=7 N (vida longa)",7,1,0
4,31,3,Isolados,"Z=13 Al (vida longa)",13,1,0
4,32,0,Empiristas,"Z=60 Nd (vida longa)",60,1,0
4,32,1,Incrementalistas,"Z=44 Ru (vida longa)",44,0,0
4,33,0,Empiristas,"Z=10 Ne (vida longa)",10,0,0
4,33,3,Isolados,"Z=2 He (vida longa)",2,0,0
4,33,3,Isolados,"Z=89 Ac (vida longa)",89,0,0
4,33,1,Incrementalistas,"Z=62 Sm (vida longa)",62,0,1
4,34,1,Incrementalistas,"Z=7 N (vida longa)",7,0,0
4,35,3,Isolados,"Z=99 Es (vida longa)",99,0,0
4,35,3,Isolados,"Z=61 Pm (vida longa)",61,1,0
4,36,2,Evolucionistas,"Z=28 Ni (vida longa)",28,1,0
4,36,2,Evolucionistas,"Z=98 Cf (vida longa)",98,0,0
4,36,3,Isolados,"Z=98 Cf (vida longa)",98,0,0
4,36,3,Isolados,"Z=92 U (vida longa)",92,1,0
4,36,0,Empiristas,"Z=45 Rh (vida longa)",45,0,1
4,36,2,Evolucionistas,"Z=89 Ac (vida longa)",89,0,1
4,37,0,Empiristas,"Z=8 O (vida longa)",8,1,0
4,37,3,Isolados,"Z=96 Cm (vida longa)",96,0,0
4,38,0,Empiristas,"Z=102 No (vida longa)",102,1,0
4,38,3,Isolados,"Z=94 Pu (vida longa)",94,1,0
4,39,0,Empiristas,"Z=26 Fe (vida longa)",26,1,0
4,39,3,Isolados,"Z=93 Np (vida longa)",93,1,0
4,39,1,Incrementalistas,"Z=38 Sr (vida longa)",38,0,1
4,39,1,Incrementalistas,"Z=78 Pt (vida longa)",78,0,1
4,40,0,Empiristas,"Z=71 Lu (vida longa)",71,0,0
4,40,3,Isolados,"Z=11 Na (vida longa)",11,1,0
4,40,3,Isolados,"Z=95 Am (vida longa)",95,0,0
4,40,1,Incrementalistas,"Z=26 Fe (vida longa)",26,0,1
4,42,0,Empiristas,"Z=46 Pd (vida longa)",46,0,0
4,42,3,Isolados,"Z=32 Ge (vida longa)",32,0,0
4,43,0,Empiristas,"Z=47 Ag (vida longa)",47,1,0
4,43,2,Evolucionistas,"Z=2 He (vida longa)",2,0,0
4,43,3,Isolados,"Z=58 Ce (vida longa)",58,1,0
4,45,3,Isolados,"Z=82 Pb (vida longa)",82,0,0
4,45,3,Isolados,"Z=103 Lr (vida longa)",103,1,0
4,45,3,Isolados,"Z=100 Fm (vida longa)",100,0,0
4,46,3,Isolados,"Z=28 Ni (vida longa)",28,0,0
4,47,0,Empiristas,"Z=79 Au (vida longa)",79,1,0
4,48,0,Empiristas,"Z=91 Pa (vida longa)",91,0,0
4,48,0,Empiristas,"Z=40 Zr (vida longa)",40,1,0
4,48,1,Incrementalistas,"Z=107 Bh (vida longa)",107,0,0
4,49,2,Evolucionistas,"Z=24 Cr (vida longa)",24,0,1
4,50,0,Empiristas,"Z=76 Os (vida longa)",76,1,0
4,50,0,Empiristas,"Z=66 Dy (vida longa)",66,0,0
4,50,3,Isolados,"Z=109 Mt (vida longa)",109,0,0
4,50,3,Isolados,"Z=101 Md (vida longa)",101,0,0
4,51,1,Incrementalistas,"Z=97 Bk (vida longa)",97,0,0
4,51,3,Isolados,"Z=107 Bh (vida longa)",107,0,0
4,51,3,Isolados,"Z=110 Ds (vida longa)",110,0,0
4,51,0,Empiristas,"Z=78 Pt (vida longa)",78,0,1
4,52,0,Empiristas,"Z=34 Se (vida longa)",34,1,0
4,52,3,Isolados,"Z=64 Gd (vida longa)",64,1,0
4,52,3,Isolados,"Z=104 Rf (vida longa)",104,1,0
4,53,1,Incrementalistas,"Z=53 I (vida longa)",53,1,0
4,53,1,Incrementalistas,"Z=82 Pb (vida longa)",82,0,0
4,53,3,Isolados,"Z=33 As (vida longa)",33,1,0
4,54,2,Evolucionistas,"Z=93 Np (vida longa)",93,0,0
4,54,3,Isolados,"Z=17 Cl (vida longa)",17,1,0
4,54,1,Incrementalistas,"Z=27 Co (vida longa)",27,0,1
4,55,2,Evolucionistas,"Z=47 Ag (vida longa)",47,0,0
4,55,3,Isolados,"Z=105 Db (vida longa)",105,1,0
4,56,0,Empiristas,"Z=100 Fm (vida longa)",100,0,0
4,56,0,Empiristas,"Z=42 Mo (vida longa)",42,1,0
4,56,3,Isolados,"Z=57 La (vida longa)",57,1,0
4,56,3,Isolados,"Z=111 Rg (vida longa)",111,0,0
4,56,3,Isolados,"Z=29 Cu (vida longa)",29,1,0
4,57,1,Incrementalistas,"Z=61 Pm (vida longa)",61,0,0
4,57,3,Isolados,"Z=102 No (vida longa)",102,0,0
4,57,3,Isolados,"Z=24 Cr (vida longa)",24,0,0
4,58,0,Empiristas,"Z=18 Ar (vida longa)",18,1,0
4,58,0,Empiristas,"Z=6 C (vida longa)",6,1,0
4,58,3,Isolados,"Z=106 Sg (vida longa)",106,0,0
4,58,3,Isolados,"Z=22 Ti (vida longa)",22,1,0
4,58,2,Evolucionistas,"Z=81 Tl (vida longa)",81,0,1
4,59,0,Empiristas,"Z=49 In (vida longa)",49,1,0
4,59,0,Empiristas,"Z=64 Gd (vida longa)",64,0,0
4,59,3,Isolados,"Z=112 Cn (vida longa)",112,0,0
4,60,0,Empiristas,"Z=13 Al (vida longa)",13,0,0
4,60,0,Empiristas,"Z=28 Ni (vida longa)",28,0,0
4,60,1,Incrementalistas,"Z=64 Gd (vida longa)",64,0,0
4,60,1,Incrementalistas,"Z=59 Pr (vida longa)",59,1,0
4,60,3,Isolados,"Z=48 Cd (vida longa)",48,1,0
4,60,3,Isolados,"Z=108 Hs (vida longa)",108,0,0
4,61,1,Incrementalistas,"Z=28 Ni (vida longa)",28,0,1
4,62,0,Empiristas,"Z=50 Sn (vida longa)",50,1,0
4,62,1,Incrementalistas,"Z=47 Ag (vida longa)",47,0,0
4,62,3,Isolados,"Z=114 Fl (vida longa)",114,0,0
4,63,0,Empiristas,"Z=52 Te (vida longa)",52,1,0
4,63,3,Isolados,"Z=49 In (vida longa)",49,0,0
4,63,3,Isolados,"Z=113 Nh (vida longa)",113,0,0
4,64,0,Empiristas,"Z=72 Hf (vida longa)",72,1,0
4,64,3,Isolados,"Z=115 Mc (vida longa)",115,0,0
4,65,0,Empiristas,"Z=68 Er (vida longa)",68,0,0
4,67,0,Empiristas,"Z=37 Rb (vida longa)",37,1,0
4,67,1,Incrementalistas,"Z=87 Fr (vida longa)",87,0,0
4,67,2,Evolucionistas,"Z=12 Mg (vida longa)",12,0,0
4,68,0,Empiristas,"Z=43 Tc (vida longa)",43,1,0
4,68,3,Isolados,"Z=15 P (vida longa)",15,1,0
4,68,3,Isolados,"Z=31 Ga (vida longa)",31,1,0
4,69,0,Empiristas,"Z=77 Ir (vida longa)",77,1,0
4,69,1,Incrementalistas,"Z=6 C (vida longa)",6,0,0
4,69,3,Isolados,"Z=8 O (vida longa)",8,0,0
4,69,1,Incrementalistas,"Z=24 Cr (vida longa)",24,0,1
4,70,0,Empiristas,"Z=59 Pr (vida longa)",59,0,0
4,70,0,Empiristas,"Z=9 F (vida longa)",9,1,0
4,70,0,Empiristas,"Z=14 Si (vida longa)",14,0,0
4,70,3,Isolados,"Z=60 Nd (vida longa)",60,0,0
4,71,0,Empiristas,"Z=56 Ba (vida longa)",56,1,0
4,72,0,Empiristas,"Z=33 As (vida longa)",33,0,0
4,72,0,Empiristas,"Z=61 Pm (vida longa)",61,0,0
4,73,1,Incrementalistas,"Z=98 Cf (vida longa)",98,0,0
4,73,1,Incrementalistas,"Z=63 Eu (vida longa)",63,1,0
4,73,3,Isolados,"Z=73 Ta (vida longa)",73,0,0
4,73,2,Evolucionistas,"Z=59 Pr (vida longa)",59,0,1
4,74,1,Incrementalistas,"Z=80 Hg (vida longa)",80,1,0
4,74,2,Evolucionistas,"Z=6 C (vida longa)",6,0,0
4,74,2,Evolucionistas,"Z=8 O (vida longa)",8,0,1
4,75,0,Empiristas,"Z=69 Tm (vida longa)",69,0,0
4,75,0,Empiristas,"Z=51 Sb (vida longa)",51,1,0
4,75,0,Empiristas,"Z=93 Np (vida longa)",93,0,0
4,75,0,Empiristas,"Z=5 B (vida longa)",5,1,0
4,75,1,Incrementalistas,"Z=96 Cm (vida longa)",96,0,0
4,75,2,Evolucionistas,"Z=5 B (vida longa)",5,0,0
4,76,0,Empiristas,"Z=83 Bi (vida longa)",83,0,0
4,76,2,Evolucionistas,"Z=48 Cd (vida longa)",48,0,0
4,77,0,Empiristas,"Z=22 Ti (vida longa)",22,0,0
4,77,0,Empiristas,"Z=31 Ga (vida longa)",31,0,0
4,77,1,Incrementalistas,"Z=104 Rf (vida longa)",104,0,0
4,77,1,Incrementalistas,"Z=55 Cs (vida longa)",55,1,0
4,77,1,Incrementalistas,"Z=48 Cd (vida longa)",48,0,0
4,77,3,Isolados,"nucleos efemeros",109.313,0,0
4,77,3,Isolados,"Z=115 Mc (vida longa)",115,0,0
4,78,0,Empiristas,"Z=29 Cu (vida longa)",29,0,0
4,78,0,Empiristas,"Z=39 Y (vida longa)",39,1,0
4,78,3,Isolados,"Z=24 Cr (vida longa)",24,0,0
4,79,0,Empiristas,"Z=94 Pu (vida longa)",94,0,0
4,79,2,Evolucionistas,"Z=36 Kr (vida longa)",36,1,0
4,80,2,Evolucionistas,"Z=80 Hg (vida longa)",80,0,0
4,80,3,Isolados,"Z=73 Ta (vida longa)",73,0,0
4,81,1,Incrementalistas,"Z=41 Nb (vida longa)",41,1,0
4,81,2,Evolucionistas,"Z=40 Zr (vida longa)",40,0,0
4,82,1,Incrementalistas,"Z=36 Kr (vida longa)",36,0,0
4,82,1,Incrementalistas,"Z=58 Ce (vida longa)",58,0,0
4,82,2,Evolucionistas,"Z=72 Hf (vida longa)",72,0,0
4,82,3,Isolados,"Z=72 Hf (vida longa)",72,0,0
4,83,0,Empiristas,"Z=70 Yb (vida longa)",70,0,0
4,83,3,Isolados,"Z=52 Te (vida longa)",52,0,0
4,84,0,Empiristas,"Z=67 Ho (vida longa)",67,0,0
4,84,3,Isolados,"Z=113 Nh (vida longa)",113,0,0
4,84,3,Isolados,"Z=114 Fl (vida longa)",114,0,0
4,84,3,Isolados,"Z=109 Mt (vida longa)",109,0,0
4,84,3,Isolados,"Z=31 Ga (vida longa)",31,0,0
4,85,0,Empiristas,"Z=19 K (vida longa)",19,1,0
4,85,3,Isolados,"Z=88 Ra (vida longa)",88,0,0
4,85,1,Incrementalistas,"Z=72 Hf (vida longa)",72,0,1
4,85,2,Evolucionistas,"Z=27 Co (vida longa)",27,0,1
4,86,3,Isolados,"Z=38 Sr (vida longa)",38,0,0
4,86,3,Isolados,"Z=50 Sn (vida longa)",50,0,0
4,87,0,Empiristas,"Z=15 P (vida longa)",15,0,0
4,87,1,Incrementalistas,"Z=22 Ti (vida longa)",22,0,0
4,88,1,Incrementalistas,"Z=79 Au (vida longa)",79,0,0
4,88,2,Evolucionistas,"Z=10 Ne (vida longa)",10,0,0
4,89,0,Empiristas,"Z=74 W (vida longa)",74,1,0
4,89,1,Incrementalistas,"Z=5 B (vida longa)",5,0,0
4,89,2,Evolucionistas,"Z=4 Be (vida longa)",4,0,0
4,89,2,Evolucionistas,"Z=42 Mo (vida longa)",42,0,1
4,90,3,Isolados,"Z=18 Ar (vida longa)",18,0,0
4,90,2,Evolucionistas,"Z=38 Sr (vida longa)",38,0,1
4,90,1,Incrementalistas,"Z=93 Np (vida longa)",93,0,1
4,91,1,Incrementalistas,"Z=105 Db (vida longa)",105,0,0
4,91,3,Isolados,"Z=55 Cs (vida longa)",55,0,0
4,92,0,Empiristas,"Z=104 Rf (vida longa)",104,0,0
4,92,0,Empiristas,"Z=48 Cd (vida longa)",48,0,0
4,92,2,Evolucionistas,"Z=44 Ru (vida longa)",44,0,0
4,92,2,Evolucionistas,"Z=79 Au (vida longa)",79,0,1
4,93,3,Isolados,"Z=39 Y (vida longa)",39,0,0
4,94,0,Empiristas,"Z=57 La (vida longa)",57,0,0
4,94,1,Incrementalistas,"Z=86 Rn (vida longa)",86,0,0
4,94,1,Incrementalistas,"Z=99 Es (vida longa)",99,0,0
4,94,3,Isolados,"Z=91 Pa (vida longa)",91,0,0
4,94,3,Isolados,"Z=42 Mo (vida longa)",42,0,0
4,95,1,Incrementalistas,"Z=4 Be (vida longa)",4,0,0
4,95,2,Evolucionistas,"Z=56 Ba (vida longa)",56,0,0
4,96,0,Empiristas,"Z=11 Na (vida longa)",11,0,0
4,96,2,Evolucionistas,"Z=61 Pm (vida longa)",61,0,0
4,96,2,Evolucionistas,"Z=50 Sn (vida longa)",50,0,0
4,97,1,Incrementalistas,"Z=102 No (vida longa)",102,0,1
4,97,0,Empiristas,"Z=80 Hg (vida longa)",80,0,1
4,98,0,Empiristas,"Z=54 Xe (vida longa)",54,1,0
4,98,1,Incrementalistas,"Z=21 Sc (vida longa)",21,1,0
4,98,1,Incrementalistas,"Z=34 Se (vida longa)",34,0,0
4,98,1,Incrementalistas,"Z=30 Zn (vida longa)",30,0,0
4,98,2,Evolucionistas,"Z=70 Yb (vida longa)",70,0,0
4,98,1,Incrementalistas,"Z=42 Mo (vida longa)",42,0,1
4,99,0,Empiristas,"Z=97 Bk (vida longa)",97,0,0
4,99,2,Evolucionistas,"Z=75 Re (vida longa)",75,1,0
4,99,2,Evolucionistas,"Z=64 Gd (vida longa)",64,0,0
4,100,0,Empiristas,"Z=23 V (vida longa)",23,1,0
4,100,1,Incrementalistas,"Z=25 Mn (vida longa)",25,0,0
4,100,2,Evolucionistas,"Z=32 Ge (vida longa)",32,0,0
4,100,3,Isolados,"Z=68 Er (vida longa)",68,0,0
4,100,2,Evolucionistas,"Z=77 Ir (vida longa)",77,0,1
4,101,2,Evolucionistas,"Z=30 Zn (vida longa)",30,0,0
4,101,3,Isolados,"Z=66 Dy (vida longa)",66,0,0
4,101,3,Isolados,"Z=93 Np (vida longa)",93,0,0
4,102,0,Empiristas,"Z=75 Re (vida longa)",75,0,0
4,102,2,Evolucionistas,"Z=60 Nd (vida longa)",60,0,0
4,102,3,Isolados,"Z=102 No (vida longa)",102,0,0
4,102,2,Evolucionistas,"Z=20 Ca (vida longa)",20,0,1
4,103,0,Empiristas,"Z=41 Nb (vida longa)",41,0,0
4,103,3,Isolados,"Z=2 He (vida longa)",2,0,0
4,103,3,Isolados,"Z=80 Hg (vida longa)",80,0,0
4,104,0,Empiristas,"Z=30 Zn (vida longa)",30,0,0
4,104,0,Empiristas,"Z=58 Ce (vida longa)",58,0,0
4,104,2,Evolucionistas,"Z=23 V (vida longa)",23,0,0
4,104,2,Evolucionistas,"Z=1 H (vida longa)",1,1,0
4,104,3,Isolados,"Z=106 Sg (vida longa)",106,0,0
4,105,0,Empiristas,"Z=35 Br (vida longa)",35,1,0
4,105,3,Isolados,"Z=3 Li (vida longa)",3,0,0
4,105,3,Isolados,"Z=6 C (vida longa)",6,0,0
4,106,1,Incrementalistas,"Z=11 Na (vida longa)",11,0,0
4,106,2,Evolucionistas,"Z=65 Tb (vida longa)",65,0,0
4,106,2,Evolucionistas,"Z=49 In (vida longa)",49,0,0
4,107,1,Incrementalistas,"Z=56 Ba (vida longa)",56,0,0
4,107,1,Incrementalistas,"Z=57 La (vida longa)",57,0,0
4,107,3,Isolados,"Z=64 Gd (vida longa)",64,0,0
4,107,3,Isolados,"Z=14 Si (vida longa)",14,0,0
4,107,1,Incrementalistas,"Z=77 Ir (vida longa)",77,0,1
4,108,3,Isolados,"Z=34 Se (vida longa)",34,0,0
4,109,0,Empiristas,"Z=63 Eu (vida longa)",63,0,0
4,109,3,Isolados,"Z=78 Pt (vida longa)",78,0,0
4,110,0,Empiristas,"Z=92 U (vida longa)",92,0,0
4,110,2,Evolucionistas,"Z=73 Ta (vida longa)",73,0,0
4,110,1,Incrementalistas,"Z=75 Re (vida longa)",75,0,1
4,111,3,Isolados,"Z=95 Am (vida longa)",95,0,0
4,112,3,Isolados,"Z=79 Au (vida longa)",79,0,0
4,113,1,Incrementalistas,"Z=13 Al (vida longa)",13,0,0
4,113,2,Evolucionistas,"Z=41 Nb (vida longa)",41,0,0
4,113,3,Isolados,"Z=86 Rn (vida longa)",86,0,0
4,113,1,Incrementalistas,"Z=69 Tm (vida longa)",69,0,1
4,114,1,Incrementalistas,"Z=60 Nd (vida longa)",60,0,0
4,114,2,Evolucionistas,"Z=97 Bk (vida longa)",97,0,0
4,114,1,Incrementalistas,"Z=70 Yb (vida longa)",70,0,1
4,114,0,Empiristas,"Z=105 Db (vida longa)",105,0,1
4,114,2,Evolucionistas,"Z=107 Bh (vida longa)",107,0,1
4,115,0,Empiristas,"Z=65 Tb (vida longa)",65,0,0
4,115,1,Incrementalistas,"Z=10 Ne (vida longa)",10,0,0
4,116,2,Evolucionistas,"Z=88 Ra (vida longa)",88,0,0
4,117,0,Empiristas,"Z=17 Cl (vida longa)",17,0,0
4,117,1,Incrementalistas,"Z=49 In (vida longa)",49,0,0
4,117,3,Isolados,"Z=46 Pd (vida longa)",46,0,0
4,117,3,Isolados,"Z=47 Ag (vida longa)",47,0,0
4,118,2,Evolucionistas,"Z=26 Fe (vida longa)",26,0,0
4,118,3,Isolados,"Z=76 Os (vida longa)",76,0,0
4,118,3,Isolados,"Z=8 O (vida longa)",8,0,0
4,119,0,Empiristas,"Z=32 Ge (vida longa)",32,0,0
4,119,1,Incrementalistas,"Z=8 O (vida longa)",8,0,0
4,119,1,Incrementalistas,"Z=66 Dy (vida longa)",66,0,0
4,119,2,Evolucionistas,"Z=66 Dy (vida longa)",66,0,0
4,119,2,Evolucionistas,"Z=86 Rn (vida longa)",86,0,0
4,119,3,Isolados,"Z=56 Ba (vida longa)",56,0,0
4,119,3,Isolados,"Z=100 Fm (vida longa)",100,0,0
4,119,3,Isolados,"Z=26 Fe (vida longa)",26,0,0
4,120,2,Evolucionistas,"Z=99 Es (vida longa)",99,0,0
4,120,3,Isolados,"Z=40 Zr (vida longa)",40,0,0
4,120,3,Isolados,"Z=20 Ca (vida longa)",20,0,0
4,120,3,Isolados,"Z=7 N (vida longa)",7,0,0
4,121,2,Evolucionistas,"Z=57 La (vida longa)",57,0,0
4,121,3,Isolados,"Z=11 Na (vida longa)",11,0,0
4,121,1,Incrementalistas,"Z=1 H (vida longa)",1,0,1
4,122,2,Evolucionistas,"Z=63 Eu (vida longa)",63,0,0
4,122,2,Evolucionistas,"Z=34 Se (vida longa)",34,0,0
4,122,3,Isolados,"Z=77 Ir (vida longa)",77,0,0
4,122,3,Isolados,"Z=90 Th (vida longa)",90,0,0
4,123,1,Incrementalistas,"Z=43 Tc (vida longa)",43,0,0
4,123,1,Incrementalistas,"Z=20 Ca (vida longa)",20,0,0
4,123,2,Evolucionistas,"Z=83 Bi (vida longa)",83,0,0
4,124,1,Incrementalistas,"Z=23 V (vida longa)",23,0,0
4,124,0,Empiristas,"Z=1 H (vida longa)",1,0,1
4,124,2,Evolucionistas,"Z=13 Al (vida longa)",13,0,1
4,125,1,Incrementalistas,"Z=14 Si (vida longa)",14,0,0
4,125,2,Evolucionistas,"Z=35 Br (vida longa)",35,0,0
4,125,3,Isolados,"Z=1 H (vida longa)",1,0,0
4,125,3,Isolados,"Z=29 Cu (vida longa)",29,0,0
4,126,2,Evolucionistas,"Z=21 Sc (vida longa)",21,0,0
4,126,2,Evolucionistas,"Z=22 Ti (vida longa)",22,0,0
4,126,3,Isolados,"Z=63 Eu (vida longa)",63,0,0
4,126,1,Incrementalistas,"Z=9 F (vida longa)",9,0,1
4,127,0,Empiristas,"Z=55 Cs (vida longa)",55,0,0
4,127,1,Incrementalistas,"Z=92 U (vida longa)",92,0,0
4,127,3,Isolados,"Z=82 Pb (vida longa)",82,0,0
4,127,3,Isolados,"Z=4 Be (vida longa)",4,0,0
4,127,3,Isolados,"Z=17 Cl (vida longa)",17,0,0
4,128,2,Evolucionistas,"Z=84 Po (vida longa)",84,0,0
4,128,2,Evolucionistas,"Z=58 Ce (vida longa)",58,0,0
4,128,3,Isolados,"Z=21 Sc (vida longa)",21,0,0
4,129,3,Isolados,"Z=83 Bi (vida longa)",83,0,0
4,129,3,Isolados,"Z=60 Nd (vida longa)",60,0,0
4,130,1,Incrementalistas,"Z=16 S (vida longa)",16,0,0
4,130,0,Empiristas,"Z=53 I (vida longa)",53,0,1
4,131,2,Evolucionistas,"Z=76 Os (vida longa)",76,0,0
4,131,3,Isolados,"Z=9 F (vida longa)",9,0,0
4,132,3,Isolados,"Z=104 Rf (vida longa)",104,0,0
4,132,3,Isolados,"Z=92 U (vida longa)",92,0,0
4,132,3,Isolados,"Z=25 Mn (vida longa)",25,0,0
4,132,3,Isolados,"Z=44 Ru (vida longa)",44,0,0
4,132,3,Isolados,"Z=28 Ni (vida longa)",28,0,0
4,132,2,Evolucionistas,"Z=11 Na (vida longa)",11,0,1
4,133,0,Empiristas,"Z=36 Kr (vida longa)",36,0,0
4,133,2,Evolucionistas,"Z=52 Te (vida longa)",52,0,0
4,133,3,Isolados,"Z=107 Bh (vida longa)",107,0,0
4,133,1,Incrementalistas,"Z=3 Li (vida longa)",3,0,1
4,134,0,Empiristas,"Z=115 Mc (vida longa)",115,0,0
4,134,0,Empiristas,"Z=113 Nh (vida longa)",113,0,0
4,134,0,Empiristas,"Z=74 W (vida longa)",74,0,0
4,134,0,Empiristas,"Z=99 Es (vida longa)",99,0,0
4,134,1,Incrementalistas,"Z=50 Sn (vida longa)",50,0,0
4,135,0,Empiristas,"Z=56 Ba (vida longa)",56,0,0
4,135,0,Empiristas,"Z=18 Ar (vida longa)",18,0,0
4,135,0,Empiristas,"Z=4 Be (vida longa)",4,0,0
4,135,0,Empiristas,"Z=64 Gd (vida longa)",64,0,0
4,135,2,Evolucionistas,"Z=17 Cl (vida longa)",17,0,0
4,135,2,Evolucionistas,"Z=106 Sg (vida longa)",106,0,0
4,135,3,Isolados,"Z=81 Tl (vida longa)",81,0,0
4,135,1,Incrementalistas,"Z=35 Br (vida longa)",35,0,1
4,135,0,Empiristas,"Z=73 Ta (vida longa)",73,0,1
4,136,0,Empiristas,"Z=89 Ac (vida longa)",89,0,0
4,136,1,Incrementalistas,"Z=89 Ac (vida longa)",89,0,0
4,136,1,Incrementalistas,"Z=67 Ho (vida longa)",67,0,0
4,136,2,Evolucionistas,"Z=68 Er (vida longa)",68,0,0
4,136,3,Isolados,"Z=58 Ce (vida longa)",58,0,0
4,136,3,Isolados,"Z=70 Yb (vida longa)",70,0,0
4,137,0,Empiristas,"Z=90 Th (vida longa)",90,0,0
4,137,2,Evolucionistas,"Z=25 Mn (vida longa)",25,0,0
4,137,2,Evolucionistas,"Z=69 Tm (vida longa)",69,0,0
4,137,3,Isolados,"Z=69 Tm (vida longa)",69,0,0
4,137,3,Isolados,"Z=73 Ta (vida longa)",73,0,0
4,138,0,Empiristas,"Z=109 Mt (vida longa)",109,0,0
4,138,1,Incrementalistas,"Z=73 Ta (vida longa)",73,0,0
4,138,2,Evolucionistas,"Z=102 No (vida longa)",102,0,0
4,139,0,Empiristas,"Z=95 Am (vida longa)",95,0,0
4,139,0,Empiristas,"Z=50 Sn (vida longa)",50,0,0
4,139,0,Empiristas,"Z=32 Ge (vida longa)",32,0,0
4,139,1,Incrementalistas,"Z=84 Po (vida longa)",84,0,0
4,139,3,Isolados,"Z=43 Tc (vida longa)",43,0,0
4,140,0,Empiristas,"Z=14 Si (vida longa)",14,0,0
4,140,1,Incrementalistas,"Z=103 Lr (vida longa)",103,0,0
4,140,2,Evolucionistas,"Z=37 Rb (vida longa)",37,0,0
4,140,3,Isolados,"Z=74 W (vida longa)",74,0,0
4,140,2,Evolucionistas,"Z=87 Fr (vida longa)",87,0,1
4,141,2,Evolucionistas,"Z=43 Tc (vida longa)",43,0,0
4,141,3,Isolados,"Z=5 B (vida longa)",5,0,0
4,142,2,Evolucionistas,"Z=90 Th (vida longa)",90,0,0
4,142,2,Evolucionistas,"Z=18 Ar (vida longa)",18,0,0
4,143,0,Empiristas,"Z=8 O (vida longa)",8,0,0
4,143,0,Empiristas,"Z=17 Cl (vida longa)",17,0,0
4,143,2,Evolucionistas,"Z=9 F (vida longa)",9,0,0
4,143,2,Evolucionistas,"Z=104 Rf (vida longa)",104,0,0
4,143,3,Isolados,"Z=54 Xe (vida longa)",54,0,0
4,144,0,Empiristas,"Z=26 Fe (vida longa)",26,0,0
4,144,0,Empiristas,"Z=105 Db (vida longa)",105,0,0
4,144,0,Empiristas,"Z=53 I (vida longa)",53,0,0
4,145,1,Incrementalistas,"Z=90 Th (vida longa)",90,0,0
4,145,2,Evolucionistas,"Z=33 As (vida longa)",33,0,0
4,145,2,Evolucionistas,"Z=29 Cu (vida longa)",29,0,0
4,146,0,Empiristas,"Z=67 Ho (vida longa)",67,0,0
4,146,0,Empiristas,"Z=27 Co (vida longa)",27,0,0
4,146,2,Evolucionistas,"Z=31 Ga (vida longa)",31,0,0
4,147,0,Empiristas,"Z=96 Cm (vida longa)",96,0,0
4,147,1,Incrementalistas,"Z=74 W (vida longa)",74,0,1
4,148,0,Empiristas,"Z=17 Cl (vida longa)",17,0,0
4,148,0,Empiristas,"Z=106 Sg (vida longa)",106,0,0
4,148,0,Empiristas,"Z=113 Nh (vida longa)",113,0,0
4,148,0,Empiristas,"Z=112 Cn (vida longa)",112,0,0
4,148,0,Empiristas,"Z=83 Bi (vida longa)",83,0,0
4,148,0,Empiristas,"Z=53 I (vida longa)",53,0,0
4,148,2,Evolucionistas,"Z=92 U (vida longa)",92,0,0
4,148,3,Isolados,"Z=19 K (vida longa)",19,0,0
4,148,3,Isolados,"Z=23 V (vida longa)",23,0,0
4,148,3,Isolados,"Z=33 As (vida longa)",33,0,0
4,148,3,Isolados,"Z=75 Re (vida longa)",75,0,0
4,149,0,Empiristas,"Z=115 Mc (vida longa)",115,0,0
4,149,0,Empiristas,"Z=3 Li (vida longa)",3,0,0
4,149,0,Empiristas,"Z=23 V (vida longa)",23,0,0
4,149,1,Incrementalistas,"Z=76 Os (vida longa)",76,0,0
4,149,1,Incrementalistas,"Z=39 Y (vida longa)",39,0,0
4,150,0,Empiristas,"Z=20 Ca (vida longa)",20,0,0
4,150,1,Incrementalistas,"Z=71 Lu (vida longa)",71,0,0
4,150,1,Incrementalistas,"Z=17 Cl (vida longa)",17,0,1
4,150,1,Incrementalistas,"Z=18 Ar (vida longa)",18,0,1
4,151,0,Empiristas,"Z=7 N (vida longa)",7,0,0
4,151,0,Empiristas,"Z=31 Ga (vida longa)",31,0,0
4,151,2,Evolucionistas,"Z=16 S (vida longa)",16,0,0
4,152,0,Empiristas,"Z=36 Kr (vida longa)",36,0,0
4,152,1,Incrementalistas,"Z=33 As (vida longa)",33,0,0
4,153,0,Empiristas,"Z=50 Sn (vida longa)",50,0,0
4,153,0,Empiristas,"Z=30 Zn (vida longa)",30,0,0
4,154,0,Empiristas,"Z=95 Am (vida longa)",95,0,0
4,154,0,Empiristas,"Z=65 Tb (vida longa)",65,0,0
4,155,0,Empiristas,"Z=103 Lr (vida longa)",103,0,0
4,156,2,Evolucionistas,"Z=7 N (vida longa)",7,0,0
4,156,2,Evolucionistas,"Z=54 Xe (vida longa)",54,0,0
4,156,2,Evolucionistas,"Z=55 Cs (vida longa)",55,0,1
4,157,0,Empiristas,"Z=71 Lu (vida longa)",71,0,0
4,157,0,Empiristas,"Z=102 No (vida longa)",102,0,0
4,157,3,Isolados,"Z=71 Lu (vida longa)",71,0,0
4,157,3,Isolados,"Z=41 Nb (vida longa)",41,0,0
4,158,0,Empiristas,"Z=34 Se (vida longa)",34,0,0
4,158,0,Empiristas,"Z=77 Ir (vida longa)",77,0,0
4,158,0,Empiristas,"Z=58 Ce (vida longa)",58,0,0
4,158,1,Incrementalistas,"Z=51 Sb (vida longa)",51,0,0
4,158,0,Empiristas,"Z=93 Np (vida longa)",93,0,1
4,159,3,Isolados,"Z=49 In (vida longa)",49,0,0
4,160,1,Incrementalistas,"Z=40 Zr (vida longa)",40,0,0
4,160,2,Evolucionistas,"Z=94 Pu (vida longa)",94,0,0
4,160,3,Isolados,"Z=24 Cr (vida longa)",24,0,0
4,161,0,Empiristas,"Z=90 Th (vida longa)",90,0,0
4,161,0,Empiristas,"Z=29 Cu (vida longa)",29,0,0
4,161,0,Empiristas,"Z=42 Mo (vida longa)",42,0,0
4,161,0,Empiristas,"Z=84 Po (vida longa)",84,0,0
4,161,1,Incrementalistas,"Z=2 He (vida longa)",2,0,0
4,162,0,Empiristas,"Z=22 Ti (vida longa)",22,0,0
4,162,1,Incrementalistas,"Z=46 Pd (vida longa)",46,0,0
4,162,2,Evolucionistas,"Z=15 P (vida longa)",15,0,0
4,163,1,Incrementalistas,"Z=68 Er (vida longa)",68,0,0
4,164,0,Empiristas,"Z=80 Hg (vida longa)",80,0,0
4,164,0,Empiristas,"Z=98 Cf (vida longa)",98,0,0
4,165,0,Empiristas,"Z=45 Rh (vida longa)",45,0,0
4,165,0,Empiristas,"Z=67 Ho (vida longa)",67,0,1
4,166,0,Empiristas,"Z=69 Tm (vida longa)",69,0,0
4,166,0,Empiristas,"Z=57 La (vida longa)",57,0,0
4,166,0,Empiristas,"Z=40 Zr (vida longa)",40,0,0
4,166,0,Empiristas,"Z=21 Sc (vida longa)",21,0,0
4,167,3,Isolados,"Z=53 I (vida longa)",53,0,0
4,168,0,Empiristas,"Z=49 In (vida longa)",49,0,0
4,168,1,Incrementalistas,"Z=15 P (vida longa)",15,0,0
4,168,1,Incrementalistas,"Z=91 Pa (vida longa)",91,0,0
4,168,2,Evolucionistas,"Z=91 Pa (vida longa)",91,0,1
4,168,0,Empiristas,"Z=35 Br (vida longa)",35,0,1
4,169,0,Empiristas,"Z=44 Ru (vida longa)",44,0,0
4,169,3,Isolados,"Z=37 Rb (vida longa)",37,0,0
4,170,1,Incrementalistas,"Z=37 Rb (vida longa)",37,0,0
4,170,1,Incrementalistas,"Z=31 Ga (vida longa)",31,0,0
4,171,2,Evolucionistas,"Z=67 Ho (vida longa)",67,0,0
4,172,0,Empiristas,"Z=8 O (vida longa)",8,0,0
4,172,0,Empiristas,"Z=47 Ag (vida longa)",47,0,0
4,172,2,Evolucionistas,"Z=74 W (vida longa)",74,0,0
4,173,0,Empiristas,"Z=109 Mt (vida longa)",109,0,0
4,173,1,Incrementalistas,"Z=94 Pu (vida longa)",94,0,0
4,173,3,Isolados,"Z=35 Br (vida longa)",35,0,0
4,174,0,Empiristas,"Z=19 K (vida longa)",19,0,0
4,174,0,Empiristas,"Z=92 U (vida longa)",92,0,0
4,175,0,Empiristas,"Z=85 At (vida longa)",85,0,0
4,175,3,Isolados,"Z=51 Sb (vida longa)",51,0,0
4,176,0,Empiristas,"Z=89 Ac (vida longa)",89,0,0
4,176,2,Evolucionistas,"Z=51 Sb (vida longa)",51,0,0
4,177,1,Incrementalistas,"Z=54 Xe (vida longa)",54,0,0
4,178,0,Empiristas,"Z=33 As (vida longa)",33,0,0
4,178,0,Empiristas,"Z=63 Eu (vida longa)",63,0,0
4,178,0,Empiristas,"Z=81 Tl (vida longa)",81,0,0
4,178,3,Isolados,"Z=45 Rh (vida longa)",45,0,0
4,179,3,Isolados,"Z=84 Po (vida longa)",84,0,0
4,180,0,Empiristas,"Z=101 Md (vida longa)",101,0,0
4,180,3,Isolados,"Z=36 Kr (vida longa)",36,0,0
4,182,0,Empiristas,"Z=1 H (vida longa)",1,0,1
4,183,1,Incrementalistas,"Z=12 Mg (vida longa)",12,0,0
4,184,0,Empiristas,"Z=97 Bk (vida longa)",97,0,0
4,185,0,Empiristas,"Z=61 Pm (vida longa)",61,0,0
4,185,1,Incrementalistas,"Z=65 Tb (vida longa)",65,0,0
4,185,2,Evolucionistas,"Z=105 Db (vida longa)",105,0,0
4,189,1,Incrementalistas,"Z=52 Te (vida longa)",52,0,0
4,190,0,Empiristas,"Z=59 Pr (vida longa)",59,0,0
4,191,2,Evolucionistas,"Z=85 At (vida longa)",85,0,0
4,192,3,Isolados,"Z=59 Pr (vida longa)",59,0,0
4,193,2,Evolucionistas,"Z=39 Y (vida longa)",39,0,0
4,199,1,Incrementalistas,"Z=83 Bi (vida longa)",83,0,0
4,199,3,Isolados,"Z=27 Co (vida longa)",27,0,0
4,202,1,Incrementalistas,"Z=29 Cu (vida longa)",29,0,0
4,203,2,Evolucionistas,"Z=71 Lu (vida longa)",71,0,0
4,204,1,Incrementalistas,"Z=19 K (vida longa)",19,0,0
4,212,2,Evolucionistas,"Z=103 Lr (vida longa)",103,0,0
4,219,2,Evolucionistas,"Z=53 I (vida longa)",53,0,0
4,223,3,Isolados,"Z=114 Fl (vida longa)",114,0,0
4,223,3,Isolados,"Z=115 Mc (vida longa)",115,0,0
4,223,3,Isolados,"Z=111 Rg (vida longa)",111,0,0
4,223,3,Isolados,"Z=113 Nh (vida longa)",113,0,0
4,223,3,Isolados,"Z=110 Ds (vida longa)",110,0,0
4,223,3,Isolados,"Z=112 Cn (vida longa)",112,0,0
4,223,3,Isolados,"Z=108 Hs (vida longa)",108,0,0
4,224,3,Isolados,"Z=8 O (vida longa)",8,0,0
4,224,3,Isolados,"Z=74 W (vida longa)",74,0,0
4,224,3,Isolados,"Z=32 Ge (vida longa)",32,0,0
4,224,3,Isolados,"Z=16 S (vida longa)",16,0,0
4,224,3,Isolados,"Z=46 Pd (vida longa)",46,0,0
4,225,3,Isolados,"Z=31 Ga (vida longa)",31,0,0
4,226,3,Isolados,"Z=69 Tm (vida longa)",69,0,0
4,226,3,Isolados,"Z=54 Xe (vida longa)",54,0,0
4,226,3,Isolados,"Z=64 Gd (vida longa)",64,0,0
4,226,3,Isolados,"Z=80 Hg (vida longa)",80,0,0
4,226,3,Isolados,"Z=78 Pt (vida longa)",78,0,0
4,226,3,Isolados,"Z=10 Ne (vida longa)",10,0,0
4,226,3,Isolados,"Z=34 Se (vida longa)",34,0,0
4,227,3,Isolados,"Z=102 No (vida longa)",102,0,0
4,227,3,Isolados,"Z=100 Fm (vida longa)",100,0,0
4,228,3,Isolados,"Z=68 Er (vida longa)",68,0,0
4,228,3,Isolados,"Z=99 Es (vida longa)",99,0,0
4,228,3,Isolados,"Z=41 Nb (vida longa)",41,0,0
4,228,3,Isolados,"Z=35 Br (vida longa)",35,0,0
4,229,3,Isolados,"Z=53 I (vida longa)",53,0,0
4,229,3,Isolados,"Z=27 Co (vida longa)",27,0,0
4,230,3,Isolados,"Z=56 Ba (vida longa)",56,0,0
4,230,3,Isolados,"Z=61 Pm (vida longa)",61,0,0
4,231,3,Isolados,"Z=79 Au (vida longa)",79,0,0
4,232,3,Isolados,"Z=26 Fe (vida longa)",26,0,0
4,232,3,Isolados,"Z=51 Sb (vida longa)",51,0,0
4,232,3,Isolados,"Z=60 Nd (vida longa)",60,0,0
4,234,0,Empiristas,"Z=114 Fl (vida longa)",114,0,0
4,234,0,Empiristas,"Z=112 Cn (vida longa)",112,0,0
4,234,0,Empiristas,"Z=99 Es (vida longa)",99,0,0
4,234,0,Empiristas,"Z=47 Ag (vida longa)",47,0,0
4,234,0,Empiristas,"Z=32 Ge (vida longa)",32,0,0
4,234,0,Empiristas,"Z=93 Np (vida longa)",93,0,0
4,234,0,Empiristas,"Z=20 Ca (vida longa)",20,0,0
4,234,0,Empiristas,"Z=5 B (vida longa)",5,0,0
4,234,0,Empiristas,"Z=69 Tm (vida longa)",69,0,0
4,235,0,Empiristas,"Z=96 Cm (vida longa)",96,0,0
4,235,0,Empiristas,"Z=16 S (vida longa)",16,0,0
4,235,0,Empiristas,"Z=35 Br (vida longa)",35,0,0
4,235,0,Empiristas,"Z=100 Fm (vida longa)",100,0,0
4,235,0,Empiristas,"Z=68 Er (vida longa)",68,0,0
4,235,2,Evolucionistas,"Z=19 K (vida longa)",19,0,0
4,235,3,Isolados,"Z=6 C (vida longa)",6,0,0
4,236,0,Empiristas,"Z=11 Na (vida longa)",11,0,0
4,236,0,Empiristas,"Z=84 Po (vida longa)",84,0,0
4,236,0,Empiristas,"Z=66 Dy (vida longa)",66,0,0
4,236,0,Empiristas,"Z=67 Ho (vida longa)",67,0,0
4,236,0,Empiristas,"Z=89 Ac (vida longa)",89,0,0
4,236,0,Empiristas,"Z=25 Mn (vida longa)",25,0,0
4,237,0,Empiristas,"Z=22 Ti (vida longa)",22,0,0
4,237,0,Empiristas,"Z=61 Pm (vida longa)",61,0,0
4,237,0,Empiristas,"Z=54 Xe (vida longa)",54,0,0
4,238,0,Empiristas,"Z=73 Ta (vida longa)",73,0,0
4,238,0,Empiristas,"Z=92 U (vida longa)",92,0,0
4,238,0,Empiristas,"Z=12 Mg (vida longa)",12,0,0
4,238,2,Evolucionistas,"Z=111 Rg (vida longa)",111,0,0
4,238,2,Evolucionistas,"Z=62 Sm (vida longa)",62,0,0
4,238,2,Evolucionistas,"Z=110 Ds (vida longa)",110,0,0
4,238,2,Evolucionistas,"Z=55 Cs (vida longa)",55,0,0
4,239,0,Empiristas,"Z=39 Y (vida longa)",39,0,0
4,239,0,Empiristas,"Z=76 Os (vida longa)",76,0,0
4,239,2,Evolucionistas,"Z=12 Mg (vida longa)",12,0,0
4,239,2,Evolucionistas,"Z=19 K (vida longa)",19,0,0
4,239,2,Evolucionistas,"Z=47 Ag (vida longa)",47,0,0
4,239,3,Isolados,"Z=73 Ta (vida longa)",73,0,0
4,240,0,Empiristas,"Z=41 Nb (vida longa)",41,0,0
4,240,2,Evolucionistas,"Z=80 Hg (vida longa)",80,0,0
4,240,3,Isolados,"Z=33 As (vida longa)",33,0,0
4,241,2,Evolucionistas,"Z=75 Re (vida longa)",75,0,0
4,241,2,Evolucionistas,"Z=82 Pb (vida longa)",82,0,0
4,242,0,Empiristas,"Z=109 Mt (vida longa)",109,0,0
4,242,0,Empiristas,"Z=60 Nd (vida longa)",60,0,0
4,242,0,Empiristas,"Z=63 Eu (vida longa)",63,0,0
4,242,2,Evolucionistas,"Z=64 Gd (vida longa)",64,0,0
4,242,3,Isolados,"Z=1 H (vida longa)",1,0,0
4,243,0,Empiristas,"Z=103 Lr (vida longa)",103,0,0
4,243,0,Empiristas,"Z=86 Rn (vida longa)",86,0,0
4,243,0,Empiristas,"Z=19 K (vida longa)",19,0,0
4,243,2,Evolucionistas,"Z=73 Ta (vida longa)",73,0,0
4,243,2,Evolucionistas,"Z=36 Kr (vida longa)",36,0,0
4,244,0,Empiristas,"Z=85 At (vida longa)",85,0,0
4,244,2,Evolucionistas,"Z=105 Db (vida longa)",105,0,0
4,244,2,Evolucionistas,"Z=38 Sr (vida longa)",38,0,0
4,244,2,Evolucionistas,"Z=97 Bk (vida longa)",97,0,0
4,244,2,Evolucionistas,"Z=21 Sc (vida longa)",21,0,0
4,244,2,Evolucionistas,"Z=41 Nb (vida longa)",41,0,0
4,244,2,Evolucionistas,"Z=16 S (vida longa)",16,0,0
4,246,0,Empiristas,"Z=45 Rh (vida longa)",45,0,0
4,246,0,Empiristas,"Z=94 Pu (vida longa)",94,0,0
4,246,2,Evolucionistas,"Z=22 Ti (vida longa)",22,0,0
4,246,2,Evolucionistas,"Z=11 Na (vida longa)",11,0,0
4,247,2,Evolucionistas,"Z=25 Mn (vida longa)",25,0,0
4,247,2,Evolucionistas,"Z=102 No (vida longa)",102,0,0
4,247,2,Evolucionistas,"Z=98 Cf (vida longa)",98,0,0
4,247,2,Evolucionistas,"Z=84 Po (vida longa)",84,0,0
4,247,2,Evolucionistas,"Z=4 Be (vida longa)",4,0,0
4,248,2,Evolucionistas,"Z=31 Ga (vida longa)",31,0,0
4,248,2,Evolucionistas,"Z=66 Dy (vida longa)",66,0,0
4,249,2,Evolucionistas,"Z=50 Sn (vida longa)",50,0,0
4,249,3,Isolados,"Z=97 Bk (vida longa)",97,0,0
4,250,2,Evolucionistas,"Z=23 V (vida longa)",23,0,0
4,250,2,Evolucionistas,"Z=60 Nd (vida longa)",60,0,0
4,251,2,Evolucionistas,"Z=10 Ne (vida longa)",10,0,0
4,251,2,Evolucionistas,"Z=5 B (vida longa)",5,0,0
4,252,2,Evolucionistas,"Z=99 Es (vida longa)",99,0,0
4,252,2,Evolucionistas,"Z=72 Hf (vida longa)",72,0,0
4,252,2,Evolucionistas,"Z=34 Se (vida longa)",34,0,0
4,253,2,Evolucionistas,"Z=78 Pt (vida longa)",78,0,0
4,256,2,Evolucionistas,"Z=8 O (vida longa)",8,0,0
4,257,2,Evolucionistas,"Z=79 Au (vida longa)",79,0,0
4,259,0,Empiristas,"Z=43 Tc (vida longa)",43,0,0
4,260,0,Empiristas,"Z=23 V (vida longa)",23,0,0
4,262,2,Evolucionistas,"Z=51 Sb (vida longa)",51,0,0
4,262,2,Evolucionistas,"Z=90 Th (vida longa)",90,0,0
4,262,2,Evolucionistas,"Z=87 Fr (vida longa)",87,0,0
4,266,2,Evolucionistas,"Z=86 Rn (vida longa)",86,0,0
4,268,0,Empiristas,"Z=1 H (vida longa)",1,0,0
4,269,2,Evolucionistas,"Z=68 Er (vida longa)",68,0,0
4,271,2,Evolucionistas,"Z=83 Bi (vida longa)",83,0,0
4,281,2,Evolucionistas,"Z=1 H (vida longa)",1,0,0
4,282,3,Isolados,"nucleos efemeros",10.201,0,0
4,282,3,Isolados,"Z=114 Fl (vida longa)",114,0,0
4,282,3,Isolados,"Z=115 Mc (vida longa)",115,0,0
4,282,3,Isolados,"Z=110 Ds (vida longa)",110,0,0
4,282,3,Isolados,"Z=58 Ce (vida longa)",58,0,0
4,282,3,Isolados,"Z=87 Fr (vida longa)",87,0,0
4,282,3,Isolados,"Z=90 Th (vida longa)",90,0,0
4,282,3,Isolados,"Z=39 Y (vida longa)",39,0,0
4,283,3,Isolados,"Z=6 C (vida longa)",6,0,0
4,283,3,Isolados,"Z=60 Nd (vida longa)",60,0,0
4,283,3,Isolados,"Z=76 Os (vida longa)",76,0,0
4,284,3,Isolados,"Z=71 Lu (vida longa)",71,0,0
4,284,3,Isolados,"Z=81 Tl (vida longa)",81,0,0
4,284,3,Isolados,"Z=97 Bk (vida longa)",97,0,0
4,285,3,Isolados,"Z=73 Ta (vida longa)",73,0,0
4,285,3,Isolados,"Z=62 Sm (vida longa)",62,0,0
4,285,3,Isolados,"Z=75 Re (vida longa)",75,0,0
4,285,3,Isolados,"Z=26 Fe (vida longa)",26,0,0
4,285,3,Isolados,"Z=14 Si (vida longa)",14,0,0
4,286,3,Isolados,"Z=92 U (vida longa)",92,0,0
4,286,3,Isolados,"Z=23 V (vida longa)",23,0,0
4,287,3,Isolados,"Z=53 I (vida longa)",53,0,0
4,287,3,Isolados,"Z=101 Md (vida longa)",101,0,0
4,288,3,Isolados,"Z=34 Se (vida longa)",34,0,0
4,288,3,Isolados,"Z=95 Am (vida longa)",95,0,0
4,288,3,Isolados,"Z=59 Pr (vida longa)",59,0,0
4,288,3,Isolados,"Z=93 Np (vida longa)",93,0,0
4,288,3,Isolados,"Z=98 Cf (vida longa)",98,0,0
4,289,3,Isolados,"Z=91 Pa (vida longa)",91,0,0
4,290,3,Isolados,"Z=19 K (vida longa)",19,0,0
4,291,3,Isolados,"Z=106 Sg (vida longa)",106,0,0
4,291,3,Isolados,"Z=57 La (vida longa)",57,0,0
4,291,3,Isolados,"Z=108 Hs (vida longa)",108,0,0
4,292,3,Isolados,"Z=30 Zn (vida longa)",30,0,0
4,292,3,Isolados,"Z=35 Br (vida longa)",35,0,0
4,292,3,Isolados,"Z=82 Pb (vida longa)",82,0,0
4,294,3,Isolados,"Z=50 Sn (vida longa)",50,0,0
4,299,3,Isolados,"Z=103 Lr (vida longa)",103,0,0
5,0,0,Empiristas,"nucleos efemeros",49.5858,1,0
5,0,0,Empiristas,"Z=86 Rn (vida longa)",86,1,0
5,0,1,Incrementalistas,"nucleos efemeros",73.0438,0,0
5,0,2,Evolucionistas,"Z=27 Co (vida longa)",27,1,0
5,0,2,Evolucionistas,"nucleos efemeros",-1.62755,0,0
5,0,3,Isolados,"nucleos efemeros",63.3464,0,0
5,0,3,Isolados,"Z=8 O (vida longa)",8,1,0
5,0,1,Incrementalistas,"Z=86 Rn (vida longa)",86,0,1
5,1,0,Empiristas,"Z=42 Mo (vida longa)",42,1,0
5,1,2,Evolucionistas,"Z=28 Ni (vida longa)",28,1,0
5,1,3,Isolados,"Z=10 Ne (vida longa)",10,1,0
5,3,2,Evolucionistas,"Z=26 Fe (vida longa)",26,1,0
5,4,0,Empiristas,"Z=83 Bi (vida longa)",83,1,0
5,4,1,Incrementalistas,"Z=84 Po (vida longa)",84,1,0
5,4,1,Incrementalistas,"Z=92 U (vida longa)",92,1,0
5,4,3,Isolados,"Z=2 He (vida longa)",2,1,0
5,4,2,Evolucionistas,"Z=92 U (vida longa)",92,0,1
5,4,1,Incrementalistas,"Z=26 Fe (vida longa)",26,0,1
5,5,0,Empiristas,"Z=27 Co (vida longa)",27,0,0
5,5,1,Incrementalistas,"Z=89 Ac (vida longa)",89,1,0
5,5,3,Isolados,"Z=74 W (vida longa)",74,1,0
5,6,0,Empiristas,"Z=36 Kr (vida longa)",36,1,0
5,6,0,Empiristas,"Z=85 At (vida longa)",85,1,0
5,6,3,Isolados,"Z=6 C (vida longa)",6,1,0
5,6,0,Empiristas,"Z=92 U (vida longa)",92,0,1
5,6,0,Empiristas,"Z=26 Fe (vida longa)",26,0,1
5,6,1,Incrementalistas,"Z=42 Mo (vida longa)",42,0,1
5,7,0,Empiristas,"Z=84 Po (vida longa)",84,0,0
5,7,0,Empiristas,"Z=57 La (vida longa)",57,1,0
5,7,1,Incrementalistas,"Z=90 Th (vida longa)",90,1,0
5,7,3,Isolados,"Z=1 H (vida longa)",1,1,0
5,8,1,Incrementalistas,"Z=95 Am (vida longa)",95,1,0
5,8,2,Evolucionistas,"Z=52 Te (vida longa)",52,1,0
5,8,3,Isolados,"Z=30 Zn (vida longa)",30,1,0
5,8,3,Isolados,"Z=18 Ar (vida longa)",18,1,0
5,9,0,Empiristas,"Z=88 Ra (vida longa)",88,1,0
5,9,1,Incrementalistas,"Z=70 Yb (vida longa)",70,1,0
5,9,2,Evolucionistas,"Z=4 Be (vida longa)",4,1,0
5,9,0,Empiristas,"Z=95 Am (vida longa)",95,0,1
5,10,0,Empiristas,"Z=80 Hg (vida longa)",80,1,0
5,10,2,Evolucionistas,"Z=95 Am (vida longa)",95,0,0
5,11,1,Incrementalistas,"Z=85 At (vida longa)",85,0,0
5,11,1,Incrementalistas,"Z=88 Ra (vida longa)",88,0,0
5,11,2,Evolucionistas,"Z=90 Th (vida longa)",90,0,0
5,12,2,Evolucionistas,"Z=88 Ra (vida longa)",88,0,0
5,12,3,Isolados,"Z=78 Pt (vida longa)",78,1,0
5,12,0,Empiristas,"Z=90 Th (vida longa)",90,0,1
5,13,0,Empiristas,"Z=10 Ne (vida longa)",10,0,0
5,13,2,Evolucionistas,"Z=89 Ac (vida longa)",89,0,0
5,13,2,Evolucionistas,"Z=60 Nd (vida longa)",60,1,0
5,13,3,Isolados,"Z=76 Os (vida longa)",76,1,0
5,13,0,Empiristas,"Z=60 Nd (vida longa)",60,0,1
5,14,0,Empiristas,"Z=82 Pb (vida longa)",82,1,0
5,14,3,Isolados,"Z=72 Hf (vida longa)",72,1,0
5,15,1,Incrementalistas,"Z=87 Fr (vida longa)",87,1,0
5,15,2,Evolucionistas,"Z=49 In (vida longa)",49,1,0
5,16,2,Evolucionistas,"Z=91 Pa (vida longa)",91,1,0
5,16,1,Incrementalistas,"Z=49 In (vida longa)",49,0,1
5,16,2,Evolucionistas,"Z=85 At (vida longa)",85,0,1
5,17,0,Empiristas,"Z=91 Pa (vida longa)",91,0,0
5,17,1,Incrementalistas,"Z=94 Pu (vida longa)",94,1,0
5,18,0,Empiristas,"Z=76 Os (vida longa)",76,0,0
5,18,1,Incrementalistas,"Z=93 Np (vida longa)",93,1,0
5,18,2,Evolucionistas,"Z=93 Np (vida longa)",93,0,0
5,19,0,Empiristas,"Z=114 Fl (vida longa)",114,1,0
5,19,0,Empiristas,"Z=62 Sm (vida longa)",62,1,0
5,19,0,Empiristas,"Z=3 Li (vida longa)",3,1,0
5,19,0,Empiristas,"Z=20 Ca (vida longa)",20,1,0
5,19,1,Incrementalistas,"Z=96 Cm (vida longa)",96,1,0
5,19,3,Isolados,"Z=71 Lu (vida longa)",71,1,0
5,20,0,Empiristas,"Z=113 Nh (vida longa)",113,1,0
5,20,1,Incrementalistas,"Z=91 Pa (vida longa)",91,0,0
5,20,2,Evolucionistas,"Z=80 Hg (vida longa)",80,0,0
5,20,1,Incrementalistas,"Z=80 Hg (vida longa)",80,0,1
5,20,2,Evolucionistas,"Z=96 Cm (vida longa)",96,0,1
5,21,0,Empiristas,"Z=43 Tc (vida longa)",43,1,0
5,21,3,Isolados,"Z=70 Yb (vida longa)",70,0,0
5,21,0,Empiristas,"Z=96 Cm (vida longa)",96,0,1
5,21,0,Empiristas,"Z=49 In (vida longa)",49,0,1
5,21,1,Incrementalistas,"Z=114 Fl (vida longa)",114,0,1
5,21,1,Incrementalistas,"Z=27 Co (vida longa)",27,0,1
5,22,0,Empiristas,"Z=87 Fr (vida longa)",87,0,0
5,22,0,Empiristas,"Z=69 Tm (vida longa)",69,1,0
5,22,0,Empiristas,"Z=8 O (vida longa)",8,0,0
5,22,2,Evolucionistas,"Z=84 Po (vida longa)",84,0,0
5,22,3,Isolados,"Z=73 Ta (vida longa)",73,1,0
5,23,0,Empiristas,"Z=15 P (vida longa)",15,1,0
5,23,0,Empiristas,"Z=58 Ce (vida longa)",58,1,0
5,23,1,Incrementalistas,"Z=69 Tm (vida longa)",69,0,1
5,23,0,Empiristas,"Z=94 Pu (vida longa)",94,0,1
5,24,2,Evolucionistas,"Z=57 La (vida longa)",57,0,0
5,24,3,Isolados,"Z=75 Re (vida longa)",75,1,0
5,24,1,Incrementalistas,"Z=58 Ce (vida longa)",58,0,1
5,25,0,Empiristas,"Z=45 Rh (vida longa)",45,1,0
5,26,0,Empiristas,"Z=46 Pd (vida longa)",46,1,0
5,26,1,Incrementalistas,"Z=43 Tc (vida longa)",43,0,0
5,26,0,Empiristas,"Z=93 Np (vida longa)",93,0,1
5,26,2,Evolucionistas,"Z=114 Fl (vida longa)",114,0,1
5,26,2,Evolucionistas,"Z=20 Ca (vida longa)",20,0,1
5,27,0,Empiristas,"Z=112 Cn (vida longa)",112,1,0
5,27,2,Evolucionistas,"Z=87 Fr (vida longa)",87,0,0
5,27,3,Isolados,"Z=77 Ir (vida longa)",77,1,0
5,28,3,Isolados,"Z=57 La (vida longa)",57,0,0
5,28,2,Evolucionistas,"Z=43 Tc (vida longa)",43,0,1
5,29,0,Empiristas,"Z=115 Mc (vida longa)",115,1,0
5,29,0,Empiristas,"Z=89 Ac (vida longa)",89,0,0
5,29,1,Incrementalistas,"Z=57 La (vida longa)",57,0,0
5,30,1,Incrementalistas,"Z=112 Cn (vida longa)",112,0,0
5,30,1,Incrementalistas,"Z=97 Bk (vida longa)",97,1,0
5,31,0,Empiristas,"Z=37 Rb (vida longa)",37,1,0
5,32,0,Empiristas,"Z=110 Ds (vida longa)",110,1,0
5,32,2,Evolucionistas,"Z=94 Pu (vida longa)",94,0,0
5,32,2,Evolucionistas,"Z=76 Os (vida longa)",76,0,0
5,33,1,Incrementalistas,"Z=28 Ni (vida longa)",28,0,0
5,33,1,Incrementalistas,"Z=110 Ds (vida longa)",110,0,0
5,33,3,Isolados,"Z=67 Ho (vida longa)",67,1,0
5,33,1,Incrementalistas,"Z=115 Mc (vida longa)",115,0,1
5,34,0,Empiristas,"Z=78 Pt (vida longa)",78,0,0
5,34,2,Evolucionistas,"Z=98 Cf (vida longa)",98,1,0
5,34,2,Evolucionistas,"Z=115 Mc (vida longa)",115,0,1
5,35,0,Empiristas,"Z=100 Fm (vida longa)",100,1,0
5,36,0,Empiristas,"Z=103 Lr (vida longa)",103,1,0
5,36,1,Incrementalistas,"Z=113 Nh (vida longa)",113,0,0
5,36,2,Evolucionistas,"Z=97 Bk (vida longa)",97,0,0
5,37,0,Empiristas,"Z=16 S (vida longa)",16,1,0
5,37,3,Isolados,"Z=50 Sn (vida longa)",50,1,0
5,37,3,Isolados,"Z=15 P (vida longa)",15,0,0
5,37,3,Isolados,"Z=81 Tl (vida longa)",81,1,0
5,38,0,Empiristas,"Z=22 Ti (vida longa)",22,1,0
5,38,3,Isolados,"Z=80 Hg (vida longa)",80,0,0
5,39,0,Empiristas,"Z=72 Hf (vida longa)",72,0,0
5,39,3,Isolados,"Z=3 Li (vida longa)",3,0,0
5,39,2,Evolucionistas,"Z=45 Rh (vida longa)",45,0,1
5,40,0,Empiristas,"Z=101 Md (vida longa)",101,1,0
5,40,1,Incrementalistas,"Z=67 Ho (vida longa)",67,0,0
5,40,2,Evolucionistas,"Z=108 Hs (vida longa)",108,1,0
5,41,0,Empiristas,"Z=52 Te (vida longa)",52,0,1
5,41,2,Evolucionistas,"Z=46 Pd (vida longa)",46,0,1
5,42,0,Empiristas,"Z=2 He (vida longa)",2,0,0
5,42,0,Empiristas,"Z=107 Bh (vida longa)",107,1,0
5,42,1,Incrementalistas,"Z=24 Cr (vida longa)",24,1,0
5,43,0,Empiristas,"Z=106 Sg (vida longa)",106,1,0
5,43,0,Empiristas,"Z=98 Cf (vida longa)",98,0,0
5,44,0,Empiristas,"Z=6 C (vida longa)",6,0,0
5,44,1,Incrementalistas,"Z=109 Mt (vida longa)",109,1,0
5,45,0,Empiristas,"Z=28 Ni (vida longa)",28,0,0
5,45,0,Empiristas,"Z=104 Rf (vida longa)",104,1,0
5,45,3,Isolados,"Z=82 Pb (vida longa)",82,0,0
5,46,1,Incrementalistas,"Z=25 Mn (vida longa)",25,1,0
5,46,1,Incrementalistas,"Z=111 Rg (vida longa)",111,1,0
5,46,2,Evolucionistas,"nucleos efemeros",42.2063,0,0
5,46,2,Evolucionistas,"Z=115 Mc (vida longa)",115,0,1
5,46,2,Evolucionistas,"Z=16 S (vida longa)",16,0,1
5,47,2,Evolucionistas,"Z=24 Cr (vida longa)",24,0,0
5,48,0,Empiristas,"Z=109 Mt (vida longa)",109,0,0
5,48,3,Isolados,"Z=113 Nh (vida longa)",113,0,0
5,48,2,Evolucionistas,"Z=84 Po (vida longa)",84,0,1
5,49,0,Empiristas,"Z=114 Fl (vida longa)",114,0,0
5,49,2,Evolucionistas,"Z=90 Th (vida longa)",90,0,0
5,49,1,Incrementalistas,"Z=20 Ca (vida longa)",20,0,1
5,49,2,Evolucionistas,"Z=85 At (vida longa)",85,0,1
5,50,0,Empiristas,"Z=109 Mt (vida longa)",109,0,0
5,50,0,Empiristas,"Z=51 Sb (vida longa)",51,1,0
5,50,2,Evolucionistas,"Z=93 Np (vida longa)",93,0,0
5,51,0,Empiristas,"Z=79 Au (vida longa)",79,1,0
5,51,0,Empiristas,"Z=111 Rg (vida longa)",111,0,0
5,51,2,Evolucionistas,"Z=112 Cn (vida longa)",112,0,0
5,51,3,Isolados,"Z=111 Rg (vida longa)",111,0,0
5,51,3,Isolados,"Z=114 Fl (vida longa)",114,0,0
5,53,0,Empiristas,"Z=77 Ir (vida longa)",77,0,0
5,53,1,Incrementalistas,"Z=66 Dy (vida longa)",66,1,0
5,54,3,Isolados,"Z=112 Cn (vida longa)",112,0,0
5,55,2,Evolucionistas,"Z=14 Si (vida longa)",14,1,0
5,55,1,Incrementalistas,"Z=72 Hf (vida longa)",72,0,1
5,55,0,Empiristas,"Z=115 Mc (vida longa)",115,0,1
5,55,0,Empiristas,"Z=95 Am (vida longa)",95,0,1
5,56,0,Empiristas,"Z=94 Pu (vida longa)",94,0,0
5,56,0,Empiristas,"Z=75 Re (vida longa)",75,0,0
5,56,2,Evolucionistas,"Z=88 Ra (vida longa)",88,0,0
5,56,3,Isolados,"Z=44 Ru (vida longa)",44,1,0
5,56,3,Isolados,"Z=82 Pb (vida longa)",82,0,0
5,57,0,Empiristas,"Z=29 Cu (vida longa)",29,1,0
5,58,2,Evolucionistas,"Z=110 Ds (vida longa)",110,0,0
5,58,3,Isolados,"Z=14 Si (vida longa)",14,0,0
5,59,0,Empiristas,"Z=91 Pa (vida longa)",91,0,0
5,60,0,Empiristas,"Z=18 Ar (vida longa)",18,0,0
5,60,1,Incrementalistas,"Z=65 Tb (vida longa)",65,1,0
5,60,3,Isolados,"Z=74 W (vida longa)",74,0,0
5,60,3,Isolados,"Z=79 Au (vida longa)",79,0,0
5,61,0,Empiristas,"Z=107 Bh (vida longa)",107,0,0
5,61,2,Evolucionistas,"Z=113 Nh (vida longa)",113,0,0
5,62,0,Empiristas,"Z=50 Sn (vida longa)",50,0,0
5,62,0,Empiristas,"Z=40 Zr (vida longa)",40,1,0
5,62,1,Incrementalistas,"Z=12 Mg (vida longa)",12,1,0
5,62,3,Isolados,"Z=55 Cs (vida longa)",55,1,0
5,62,0,Empiristas,"Z=25 Mn (vida longa)",25,0,1
5,62,1,Incrementalistas,"Z=45 Rh (vida longa)",45,0,1
5,63,0,Empiristas,"Z=54 Xe (vida longa)",54,1,0
5,63,0,Empiristas,"Z=14 Si (vida longa)",14,0,0
5,63,0,Empiristas,"Z=56 Ba (vida longa)",56,1,0
5,64,0,Empiristas,"Z=108 Hs (vida longa)",108,0,0
5,64,3,Isolados,"Z=109 Mt (vida longa)",109,0,0
5,64,3,Isolados,"Z=108 Hs (vida longa)",108,0,0
5,64,0,Empiristas,"Z=65 Tb (vida longa)",65,0,1
5,65,0,Empiristas,"Z=5 B (vida longa)",5,1,0
5,65,3,Isolados,"Z=53 I (vida longa)",53,1,0
5,65,3,Isolados,"Z=81 Tl (vida longa)",81,0,0
5,66,0,Empiristas,"Z=106 Sg (vida longa)",106,0,0
5,66,3,Isolados,"Z=74 W (vida longa)",74,0,0
5,67,0,Empiristas,"Z=2 He (vida longa)",2,0,0
5,67,1,Incrementalistas,"Z=52 Te (vida longa)",52,0,0
5,67,2,Evolucionistas,"nucleos efemeros",111.258,0,0
5,67,2,Evolucionistas,"Z=114 Fl (vida longa)",114,0,0
5,68,1,Incrementalistas,"Z=55 Cs (vida longa)",55,0,0
5,68,2,Evolucionistas,"Z=113 Nh (vida longa)",113,0,0
5,68,3,Isolados,"Z=10 Ne (vida longa)",10,0,0
5,68,3,Isolados,"Z=35 Br (vida longa)",35,1,0
5,69,0,Empiristas,"Z=86 Rn (vida longa)",86,0,0
5,69,2,Evolucionistas,"Z=92 U (vida longa)",92,0,0
5,69,3,Isolados,"Z=27 Co (vida longa)",27,0,0
5,70,2,Evolucionistas,"Z=80 Hg (vida longa)",80,0,1
5,70,1,Incrementalistas,"Z=4 Be (vida longa)",4,0,1
5,70,0,Empiristas,"Z=49 In (vida longa)",49,0,1
5,70,2,Evolucionistas,"Z=111 Rg (vida longa)",111,0,1
5,71,0,Empiristas,"Z=74 W (vida longa)",74,0,0
5,72,0,Empiristas,"Z=93 Np (vida longa)",93,0,0
5,72,0,Empiristas,"Z=55 Cs (vida longa)",55,0,0
5,72,0,Empiristas,"Z=10 Ne (vida longa)",10,0,0
5,72,2,Evolucionistas,"Z=40 Zr (vida longa)",40,0,0
5,72,3,Isolados,"Z=110 Ds (vida longa)",110,0,0
5,72,0,Empiristas,"Z=90 Th (vida longa)",90,0,1
5,72,2,Evolucionistas,"Z=107 Bh (vida longa)",107,0,1
5,73,3,Isolados,"Z=15 P (vida longa)",15,0,0
5,75,0,Empiristas,"Z=97 Bk (vida longa)",97,0,0
5,75,1,Incrementalistas,"Z=3 Li (vida longa)",3,0,0
5,75,3,Isolados,"Z=6 C (vida longa)",6,0,0
5,76,2,Evolucionistas,"Z=86 Rn (vida longa)",86,0,0
5,76,2,Evolucionistas,"Z=109 Mt (vida longa)",109,0,0
5,76,2,Evolucionistas,"Z=28 Ni (vida longa)",28,0,1
5,77,1,Incrementalistas,"Z=22 Ti (vida longa)",22,0,0
5,77,1,Incrementalistas,"Z=40 Zr (vida longa)",40,0,0
5,77,2,Evolucionistas,"Z=12 Mg (vida longa)",12,0,0
5,77,3,Isolados,"Z=63 Eu (vida longa)",63,1,0
5,78,0,Empiristas,"Z=59 Pr (vida longa)",59,1,0
5,79,0,Empiristas,"Z=101 Md (vida longa)",101,0,0
5,79,3,Isolados,"Z=12 Mg (vida longa)",12,0,0
5,79,3,Isolados,"Z=16 S (vida longa)",16,0,0
5,79,1,Incrementalistas,"Z=6 C (vida longa)",6,0,1
5,80,0,Empiristas,"Z=77 Ir (vida longa)",77,0,0
5,80,0,Empiristas,"Z=44 Ru (vida longa)",44,0,0
5,80,0,Empiristas,"Z=24 Cr (vida longa)",24,0,0
5,80,3,Isolados,"nucleos efemeros",96.0536,0,0
5,80,3,Isolados,"Z=114 Fl (vida longa)",114,0,0
5,80,3,Isolados,"Z=110 Ds (vida longa)",110,0,0
5,80,0,Empiristas,"Z=92 U (vida longa)",92,0,1
5,80,2,Evolucionistas,"Z=97 Bk (vida longa)",97,0,1
5,81,0,Empiristas,"Z=35 Br (vida longa)",35,0,0
5,81,0,Empiristas,"Z=22 Ti (vida longa)",22,0,0
5,81,3,Isolados,"Z=98 Cf (vida longa)",98,0,0
5,81,3,Isolados,"Z=10 Ne (vida longa)",10,0,0
5,82,0,Empiristas,"Z=19 K (vida longa)",19,1,0
5,82,2,Evolucionistas,"Z=101 Md (vida longa)",101,0,0
5,82,3,Isolados,"Z=113 Nh (vida longa)",113,0,0
5,82,3,Isolados,"Z=52 Te (vida longa)",52,0,0
5,83,0,Empiristas,"Z=4 Be (vida longa)",4,0,0
5,83,0,Empiristas,"Z=52 Te (vida longa)",52,0,0
5,83,0,Empiristas,"Z=16 S (vida longa)",16,0,0
5,83,1,Incrementalistas,"Z=47 Ag (vida longa)",47,1,0
5,83,2,Evolucionistas,"Z=38 Sr (vida longa)",38,1,0
5,83,3,Isolados,"Z=62 Sm (vida longa)",62,0,0
5,84,0,Empiristas,"Z=68 Er (vida longa)",68,1,0
5,84,0,Empiristas,"Z=17 Cl (vida longa)",17,1,0
5,84,3,Isolados,"Z=108 Hs (vida longa)",108,0,0
5,85,0,Empiristas,"Z=85 At (vida longa)",85,0,0
5,85,1,Incrementalistas,"Z=79 Au (vida longa)",79,0,0
5,85,2,Evolucionistas,"Z=67 Ho (vida longa)",67,0,1
5,86,0,Empiristas,"Z=48 Cd (vida longa)",48,1,0
5,86,0,Empiristas,"Z=38 Sr (vida longa)",38,0,0
5,86,0,Empiristas,"Z=32 Ge (vida longa)",32,1,0
5,86,3,Isolados,"Z=115 Mc (vida longa)",115,0,0
5,87,2,Evolucionistas,"Z=24 Cr (vida longa)",24,0,0
5,87,2,Evolucionistas,"Z=13 Al (vida longa)",13,1,0
5,87,2,Evolucionistas,"Z=84 Po (vida longa)",84,0,0
5,88,0,Empiristas,"Z=36 Kr (vida longa)",36,0,0
5,88,2,Evolucionistas,"Z=2 He (vida longa)",2,0,0
5,88,3,Isolados,"Z=26 Fe (vida longa)",26,0,0
5,89,2,Evolucionistas,"Z=99 Es (vida longa)",99,1,0
5,90,0,Empiristas,"Z=67 Ho (vida longa)",67,0,0
5,90,0,Empiristas,"Z=105 Db (vida longa)",105,1,0
5,90,0,Empiristas,"Z=42 Mo (vida longa)",42,0,0
5,90,2,Evolucionistas,"Z=89 Ac (vida longa)",89,0,0
5,90,3,Isolados,"Z=4 Be (vida longa)",4,0,0
5,90,3,Isolados,"Z=85 At (vida longa)",85,0,0
5,90,0,Empiristas,"Z=89 Ac (vida longa)",89,0,1
5,90,2,Evolucionistas,"Z=48 Cd (vida longa)",48,0,1
5,91,0,Empiristas,"Z=53 I (vida longa)",53,0,0
5,91,1,Incrementalistas,"Z=56 Ba (vida longa)",56,0,0
5,91,2,Evolucionistas,"Z=54 Xe (vida longa)",54,0,0
5,91,3,Isolados,"Z=2 He (vida longa)",2,0,0
5,92,2,Evolucionistas,"Z=34 Se (vida longa)",34,1,0
5,92,3,Isolados,"Z=70 Yb (vida longa)",70,0,0
5,93,0,Empiristas,"Z=30 Zn (vida longa)",30,0,0
5,93,0,Empiristas,"Z=47 Ag (vida longa)",47,0,0
5,93,0,Empiristas,"Z=70 Yb (vida longa)",70,0,0
5,93,0,Empiristas,"Z=43 Tc (vida longa)",43,0,0
5,93,1,Incrementalistas,"Z=76 Os (vida longa)",76,0,0
5,93,2,Evolucionistas,"Z=41 Nb (vida longa)",41,1,0
5,93,1,Incrementalistas,"Z=50 Sn (vida longa)",50,0,1
5,94,0,Empiristas,"Z=62 Sm (vida longa)",62,0,0
5,94,2,Evolucionistas,"Z=72 Hf (vida longa)",72,0,0
5,94,2,Evolucionistas,"Z=11 Na (vida longa)",11,1,0
5,95,2,Evolucionistas,"Z=8 O (vida longa)",8,0,0
5,95,3,Isolados,"Z=32 Ge (vida longa)",32,0,0
5,95,2,Evolucionistas,"Z=35 Br (vida longa)",35,0,1
5,96,0,Empiristas,"Z=8 O (vida longa)",8,0,0
5,96,0,Empiristas,"Z=81 Tl (vida longa)",81,0,0
5,96,3,Isolados,"Z=56 Ba (vida longa)",56,0,0
5,96,3,Isolados,"Z=86 Rn (vida longa)",86,0,0
5,96,3,Isolados,"Z=23 V (vida longa)",23,1,0
5,96,1,Incrementalistas,"Z=83 Bi (vida longa)",83,0,1
5,97,1,Incrementalistas,"Z=68 Er (vida longa)",68,0,0
5,97,2,Evolucionistas,"Z=25 Mn (vida longa)",25,0,0
5,98,0,Empiristas,"Z=21 Sc (vida longa)",21,1,0
5,98,2,Evolucionistas,"Z=6 C (vida longa)",6,0,0
5,98,2,Evolucionistas,"Z=81 Tl (vida longa)",81,0,0
5,98,2,Evolucionistas,"Z=51 Sb (vida longa)",51,0,0
5,98,2,Evolucionistas,"Z=62 Sm (vida longa)",62,0,0
5,99,0,Empiristas,"Z=88 Ra (vida longa)",88,0,0
5,99,0,Empiristas,"Z=1 H (vida longa)",1,0,0
5,99,1,Incrementalistas,"Z=75 Re (vida longa)",75,0,0
5,99,2,Evolucionistas,"Z=108 Hs (vida longa)",108,0,0
5,100,0,Empiristas,"Z=73 Ta (vida longa)",73,0,0
5,100,0,Empiristas,"Z=60 Nd (vida longa)",60,0,0
5,101,2,Evolucionistas,"Z=9 F (vida longa)",9,1,0
5,101,3,Isolados,"Z=101 Md (vida longa)",101,0,0
5,102,0,Empiristas,"Z=13 Al (vida longa)",13,0,0
5,102,0,Empiristas,"Z=71 Lu (vida longa)",71,0,0
5,102,0,Empiristas,"Z=7 N (vida longa)",7,1,0
5,103,1,Incrementalistas,"Z=82 Pb (vida longa)",82,0,0
5,103,2,Evolucionistas,"Z=105 Db (vida longa)",105,0,0
5,104,0,Empiristas,"Z=34 Se (vida longa)",34,0,0
5,104,1,Incrementalistas,"Z=78 Pt (vida longa)",78,0,0
5,104,1,Incrementalistas,"Z=73 Ta (vida longa)",73,0,0
5,104,2,Evolucionistas,"Z=104 Rf (vida longa)",104,0,0
5,104,3,Isolados,"Z=76 Os (vida longa)",76,0,0
5,105,1,Incrementalistas,"Z=53 I (vida longa)",53,0,1
5,105,2,Evolucionistas,"Z=83 Bi (vida longa)",83,0,1
5,106,3,Isolados,"Z=47 Ag (vida longa)",47,0,0
5,106,2,Evolucionistas,"Z=55 Cs (vida longa)",55,0,1
5,107,0,Empiristas,"Z=102 No (vida longa)",102,1,0
5,107,0,Empiristas,"Z=66 Dy (vida longa)",66,0,0
5,107,1,Incrementalistas,"Z=81 Tl (vida longa)",81,0,0
5,107,2,Evolucionistas,"Z=94 Pu (vida longa)",94,0,0
5,107,2,Evolucionistas,"Z=18 Ar (vida longa)",18,0,0
5,107,3,Isolados,"Z=25 Mn (vida longa)",25,0,0
5,107,3,Isolados,"Z=54 Xe (vida longa)",54,0,0
5,107,3,Isolados,"Z=16 S (vida longa)",16,0,0
5,108,2,Evolucionistas,"Z=56 Ba (vida longa)",56,0,0
5,108,3,Isolados,"Z=28 Ni (vida longa)",28,0,0
5,109,0,Empiristas,"Z=23 V (vida longa)",23,0,0
5,109,1,Incrementalistas,"Z=71 Lu (vida longa)",71,0,0
5,109,2,Evolucionistas,"Z=66 Dy (vida longa)",66,0,0
5,109,3,Isolados,"Z=49 In (vida longa)",49,0,0
5,110,1,Incrementalistas,"Z=35 Br (vida longa)",35,0,0
5,110,2,Evolucionistas,"Z=10 Ne (vida longa)",10,0,0
5,110,2,Evolucionistas,"Z=68 Er (vida longa)",68,0,0
5,110,3,Isolados,"Z=40 Zr (vida longa)",40,0,0
5,110,3,Isolados,"Z=72 Hf (vida longa)",72,0,0
5,110,3,Isolados,"Z=50 Sn (vida longa)",50,0,0
5,110,3,Isolados,"Z=6 C (vida longa)",6,0,0
5,110,3,Isolados,"Z=46 Pd (vida longa)",46,0,0
5,111,1,Incrementalistas,"Z=38 Sr (vida longa)",38,0,0
5,111,2,Evolucionistas,"Z=64 Gd (vida longa)",64,1,0
5,111,3,Isolados,"Z=9 F (vida longa)",9,0,0
5,111,2,Evolucionistas,"Z=96 Cm (vida longa)",96,0,1
5,111,0,Empiristas,"Z=11 Na (vida longa)",11,0,1
5,111,2,Evolucionistas,"Z=52 Te (vida longa)",52,0,1
5,112,1,Incrementalistas,"Z=41 Nb (vida longa)",41,0,0
5,112,2,Evolucionistas,"Z=63 Eu (vida longa)",63,0,0
5,112,2,Evolucionistas,"Z=71 Lu (vida longa)",71,0,0
5,112,2,Evolucionistas,"Z=46 Pd (vida longa)",46,0,0
5,113,0,Empiristas,"Z=39 Y (vida longa)",39,1,0
5,113,0,Empiristas,"Z=12 Mg (vida longa)",12,0,0
5,113,1,Incrementalistas,"Z=44 Ru (vida longa)",44,0,0
5,113,3,Isolados,"Z=31 Ga (vida longa)",31,1,0
5,113,3,Isolados,"Z=42 Mo (vida longa)",42,0,0
5,113,3,Isolados,"Z=84 Po (vida longa)",84,0,0
5,113,2,Evolucionistas,"Z=70 Yb (vida longa)",70,0,1
5,114,2,Evolucionistas,"Z=3 Li (vida longa)",3,0,0
5,114,3,Isolados,"Z=3 Li (vida longa)",3,0,0
5,115,0,Empiristas,"Z=99 Es (vida longa)",99,0,0
5,115,1,Incrementalistas,"Z=48 Cd (vida longa)",48,0,0
5,115,3,Isolados,"Z=24 Cr (vida longa)",24,0,0
5,116,3,Isolados,"Z=48 Cd (vida longa)",48,0,0
5,116,3,Isolados,"Z=90 Th (vida longa)",90,0,0
5,118,1,Incrementalistas,"Z=60 Nd (vida longa)",60,0,0
5,118,3,Isolados,"Z=75 Re (vida longa)",75,0,0
5,119,3,Isolados,"Z=22 Ti (vida longa)",22,0,0
5,120,0,Empiristas,"Z=46 Pd (vida longa)",46,0,0
5,120,3,Isolados,"Z=7 N (vida longa)",7,0,0
5,120,3,Isolados,"Z=58 Ce (vida longa)",58,0,0
5,120,3,Isolados,"Z=29 Cu (vida longa)",29,0,0
5,120,3,Isolados,"Z=34 Se (vida longa)",34,0,0
5,121,2,Evolucionistas,"Z=32 Ge (vida longa)",32,0,0
5,121,3,Isolados,"Z=36 Kr (vida longa)",36,0,0
5,122,0,Empiristas,"Z=82 Pb (vida longa)",82,0,0
5,122,1,Incrementalistas,"Z=64 Gd (vida longa)",64,0,0
5,122,2,Evolucionistas,"Z=47 Ag (vida longa)",47,0,0
5,122,3,Isolados,"Z=92 U (vida longa)",92,0,0
5,123,0,Empiristas,"Z=41 Nb (vida longa)",41,0,0
5,123,0,Empiristas,"Z=27 Co (vida longa)",27,0,0
5,123,1,Incrementalistas,"Z=46 Pd (vida longa)",46,0,0
5,123,2,Evolucionistas,"Z=36 Kr (vida longa)",36,0,0
5,123,3,Isolados,"Z=93 Np (vida longa)",93,0,0
5,124,3,Isolados,"Z=41 Nb (vida longa)",41,0,0
5,125,3,Isolados,"Z=105 Db (vida longa)",105,0,0
5,126,0,Empiristas,"Z=103 Lr (vida longa)",103,0,0
5,126,1,Incrementalistas,"Z=39 Y (vida longa)",39,0,0
5,126,2,Evolucionistas,"Z=50 Sn (vida longa)",50,0,0
5,126,2,Evolucionistas,"Z=53 I (vida longa)",53,0,0
5,126,3,Isolados,"Z=44 Ru (vida longa)",44,0,0
5,126,3,Isolados,"Z=94 Pu (vida longa)",94,0,0
5,126,3,Isolados,"Z=97 Bk (vida longa)",97,0,0
5,127,0,Empiristas,"Z=33 As (vida longa)",33,1,0
5,127,0,Empiristas,"Z=63 Eu (vida longa)",63,0,0
5,127,1,Incrementalistas,"Z=34 Se (vida longa)",34,0,0
5,127,2,Evolucionistas,"Z=59 Pr (vida longa)",59,0,0
5,127,3,Isolados,"Z=99 Es (vida longa)",99,0,0
5,127,3,Isolados,"Z=95 Am (vida longa)",95,0,0
5,128,2,Evolucionistas,"Z=98 Cf (vida longa)",98,0,0
5,128,3,Isolados,"Z=80 Hg (vida longa)",80,0,0
5,128,3,Isolados,"Z=38 Sr (vida longa)",38,0,0
5,129,2,Evolucionistas,"Z=5 B (vida longa)",5,0,0
5,129,3,Isolados,"Z=61 Pm (vida longa)",61,1,0
5,131,0,Empiristas,"Z=9 F (vida longa)",9,0,0
5,131,2,Evolucionistas,"Z=58 Ce (vida longa)",58,0,0
5,131,3,Isolados,"Z=19 K (vida longa)",19,0,0
5,132,1,Incrementalistas,"Z=99 Es (vida longa)",99,0,1
5,133,0,Empiristas,"Z=61 Pm (vida longa)",61,0,0
5,133,2,Evolucionistas,"Z=22 Ti (vida longa)",22,0,0
5,133,3,Isolados,"Z=59 Pr (vida longa)",59,0,0
5,133,3,Isolados,"Z=96 Cm (vida longa)",96,0,0
5,133,2,Evolucionistas,"Z=93 Np (vida longa)",93,0,1
5,134,2,Evolucionistas,"Z=44 Ru (vida longa)",44,0,0
5,134,2,Evolucionistas,"Z=87 Fr (vida longa)",87,0,0
5,134,3,Isolados,"Z=8 O (vida longa)",8,0,0
5,135,3,Isolados,"Z=69 Tm (vida longa)",69,0,0
5,135,2,Evolucionistas,"Z=78 Pt (vida longa)",78,0,1
5,136,1,Incrementalistas,"Z=77 Ir (vida longa)",77,0,0
5,136,2,Evolucionistas,"Z=39 Y (vida longa)",39,0,1
5,138,1,Incrementalistas,"Z=108 Hs (vida longa)",108,0,0
5,139,0,Empiristas,"Z=64 Gd (vida longa)",64,0,0
5,139,2,Evolucionistas,"Z=27 Co (vida longa)",27,0,0
5,139,3,Isolados,"Z=100 Fm (vida longa)",100,0,0
5,140,3,Isolados,"Z=51 Sb (vida longa)",51,0,0
5,141,1,Incrementalistas,"Z=74 W (vida longa)",74,0,0
5,142,1,Incrementalistas,"Z=23 V (vida longa)",23,0,0
5,142,2,Evolucionistas,"Z=76 Os (vida longa)",76,0,0
5,142,2,Evolucionistas,"Z=102 No (vida longa)",102,0,0
5,143,0,Empiristas,"Z=87 Fr (vida longa)",87,0,0
5,143,1,Incrementalistas,"Z=63 Eu (vida longa)",63,0,0
5,143,3,Isolados,"Z=73 Ta (vida longa)",73,0,0
5,143,3,Isolados,"Z=60 Nd (vida longa)",60,0,0
5,143,3,Isolados,"Z=91 Pa (vida longa)",91,0,0
5,143,3,Isolados,"Z=67 Ho (vida longa)",67,0,0
5,144,1,Incrementalistas,"Z=101 Md (vida longa)",101,0,0
5,144,3,Isolados,"Z=43 Tc (vida longa)",43,0,0
5,145,1,Incrementalistas,"Z=103 Lr (vida longa)",103,0,0
5,145,3,Isolados,"Z=20 Ca (vida longa)",20,0,0
5,145,3,Isolados,"Z=68 Er (vida longa)",68,0,0
5,145,3,Isolados,"Z=17 Cl (vida longa)",17,0,0
5,146,2,Evolucionistas,"Z=15 P (vida longa)",15,0,0
5,146,3,Isolados,"Z=18 Ar (vida longa)",18,0,0
5,147,1,Incrementalistas,"Z=98 Cf (vida longa)",98,0,0
5,147,3,Isolados,"Z=89 Ac (vida longa)",89,0,0
5,147,3,Isolados,"Z=66 Dy (vida longa)",66,0,0
5,147,3,Isolados,"Z=11 Na (vida longa)",11,0,0
5,148,3,Isolados,"Z=37 Rb (vida longa)",37,0,0
5,149,1,Incrementalistas,"Z=1 H (vida longa)",1,0,0
5,149,1,Incrementalistas,"Z=54 Xe (vida longa)",54,0,0
5,149,1,Incrementalistas,"Z=18 Ar (vida longa)",18,0,1
5,151,2,Evolucionistas,"Z=29 Cu (vida longa)",29,0,0
5,151,3,Isolados,"Z=64 Gd (vida longa)",64,0,0
5,151,3,Isolados,"Z=106 Sg (vida longa)",106,0,0
5,152,2,Evolucionistas,"Z=19 K (vida longa)",19,0,0
5,153,0,Empiristas,"Z=37 Rb (vida longa)",37,0,0
5,153,1,Incrementalistas,"Z=14 Si (vida longa)",14,0,0
5,153,2,Evolucionistas,"Z=74 W (vida longa)",74,0,1
5,154,3,Isolados,"Z=39 Y (vida longa)",39,0,0
5,155,1,Incrementalistas,"Z=104 Rf (vida longa)",104,0,0
5,155,1,Incrementalistas,"Z=21 Sc (vida longa)",21,0,0
5,155,3,Isolados,"Z=45 Rh (vida longa)",45,0,0
5,156,2,Evolucionistas,"Z=77 Ir (vida longa)",77,0,0
5,156,3,Isolados,"Z=102 No (vida longa)",102,0,0
5,156,1,Incrementalistas,"Z=8 O (vida longa)",8,0,1
5,157,1,Incrementalistas,"Z=15 P (vida longa)",15,0,1
5,158,2,Evolucionistas,"Z=30 Zn (vida longa)",30,0,0
5,159,2,Evolucionistas,"Z=75 Re (vida longa)",75,0,0
5,159,3,Isolados,"Z=65 Tb (vida longa)",65,0,0
5,160,1,Incrementalistas,"Z=31 Ga (vida longa)",31,0,0
5,160,2,Evolucionistas,"Z=7 N (vida longa)",7,0,0
5,160,2,Evolucionistas,"Z=61 Pm (vida longa)",61,0,1
5,161,3,Isolados,"Z=83 Bi (vida longa)",83,0,0
5,162,2,Evolucionistas,"Z=73 Ta (vida longa)",73,0,0
5,162,2,Evolucionistas,"Z=17 Cl (vida longa)",17,0,0
5,162,1,Incrementalistas,"Z=30 Zn (vida longa)",30,0,1
5,163,1,Incrementalistas,"Z=51 Sb (vida longa)",51,0,1
5,164,0,Empiristas,"Z=31 Ga (vida longa)",31,0,0
5,164,1,Incrementalistas,"Z=33 As (vida longa)",33,0,0
5,165,1,Incrementalistas,"Z=61 Pm (vida longa)",61,0,0
5,166,1,Incrementalistas,"Z=36 Kr (vida longa)",36,0,0
5,166,3,Isolados,"Z=88 Ra (vida longa)",88,0,0
5,167,2,Evolucionistas,"Z=79 Au (vida longa)",79,0,0
5,168,2,Evolucionistas,"Z=69 Tm (vida longa)",69,0,0
5,168,2,Evolucionistas,"Z=31 Ga (vida longa)",31,0,0
5,170,1,Incrementalistas,"Z=10 Ne (vida longa)",10,0,0
5,170,3,Isolados,"Z=103 Lr (vida longa)",103,0,0
5,171,2,Evolucionistas,"nucleos efemeros",113.615,0,0
5,171,2,Evolucionistas,"Z=114 Fl (vida longa)",114,0,0
5,171,2,Evolucionistas,"Z=111 Rg (vida longa)",111,0,0
5,171,2,Evolucionistas,"Z=45 Rh (vida longa)",45,0,0
5,171,3,Isolados,"Z=107 Bh (vida longa)",107,0,0
5,172,2,Evolucionistas,"Z=10 Ne (vida longa)",10,0,0
5,173,1,Incrementalistas,"Z=32 Ge (vida longa)",32,0,0
5,173,2,Evolucionistas,"Z=42 Mo (vida longa)",42,0,0
5,173,1,Incrementalistas,"Z=106 Sg (vida longa)",106,0,1
5,174,2,Evolucionistas,"Z=85 At (vida longa)",85,0,0
5,175,1,Incrementalistas,"Z=2 He (vida longa)",2,0,0
5,175,1,Incrementalistas,"Z=62 Sm (vida longa)",62,0,0
5,175,3,Isolados,"Z=21 Sc (vida longa)",21,0,0
5,176,1,Incrementalistas,"Z=13 Al (vida longa)",13,0,0
5,176,1,Incrementalistas,"Z=100 Fm (vida longa)",100,0,0
5,176,1,Incrementalistas,"Z=17 Cl (vida longa)",17,0,0
5,176,2,Evolucionistas,"Z=70 Yb (vida longa)",70,0,0
5,176,3,Isolados,"Z=1 H (vida longa)",1,0,0
5,176,3,Isolados,"Z=81 Tl (vida longa)",81,0,0
5,177,1,Incrementalistas,"Z=107 Bh (vida longa)",107,0,0
5,177,1,Incrementalistas,"Z=102 No (vida longa)",102,0,0
5,177,2,Evolucionistas,"Z=68 Er (vida longa)",68,0,0
5,177,2,Evolucionistas,"Z=106 Sg (vida longa)",106,0,0
5,177,3,Isolados,"Z=13 Al (vida longa)",13,0,0
5,178,2,Evolucionistas,"Z=80 Hg (vida longa)",80,0,0
5,178,3,Isolados,"Z=87 Fr (vida longa)",87,0,0
5,178,2,Evolucionistas,"Z=103 Lr (vida longa)",103,0,1
5,180,1,Incrementalistas,"Z=105 Db (vida longa)",105,0,0
5,180,2,Evolucionistas,"Z=64 Gd (vida longa)",64,0,0
5,180,3,Isolados,"Z=104 Rf (vida longa)",104,0,0
5,180,2,Evolucionistas,"Z=99 Es (vida longa)",99,0,1
5,181,1,Incrementalistas,"Z=19 K (vida longa)",19,0,0
5,181,2,Evolucionistas,"Z=8 O (vida longa)",8,0,0
5,182,3,Isolados,"Z=5 B (vida longa)",5,0,0
5,183,1,Incrementalistas,"Z=59 Pr (vida longa)",59,0,0
5,183,1,Incrementalistas,"Z=29 Cu (vida longa)",29,0,0
5,183,2,Evolucionistas,"Z=17 Cl (vida longa)",17,0,0
5,184,2,Evolucionistas,"Z=20 Ca (vida longa)",20,0,0
5,184,2,Evolucionistas,"Z=82 Pb (vida longa)",82,0,0
5,186,1,Incrementalistas,"Z=16 S (vida longa)",16,0,0
5,186,2,Evolucionistas,"Z=14 Si (vida longa)",14,0,0
5,186,2,Evolucionistas,"Z=25 Mn (vida longa)",25,0,0
5,186,2,Evolucionistas,"Z=34 Se (vida longa)",34,0,0
5,186,1,Incrementalistas,"Z=37 Rb (vida longa)",37,0,1
5,187,2,Evolucionistas,"Z=32 Ge (vida longa)",32,0,0
5,188,2,Evolucionistas,"Z=38 Sr (vida longa)",38,0,0
5,189,1,Incrementalistas,"Z=11 Na (vida longa)",11,0,0
5,189,2,Evolucionistas,"Z=33 As (vida longa)",33,0,0
5,190,2,Evolucionistas,"Z=65 Tb (vida longa)",65,0,0
5,191,2,Evolucionistas,"Z=100 Fm (vida longa)",100,0,0
5,192,3,Isolados,"Z=33 As (vida longa)",33,0,0
5,192,2,Evolucionistas,"Z=48 Cd (vida longa)",48,0,1
5,193,1,Incrementalistas,"Z=7 N (vida longa)",7,0,0
5,193,2,Evolucionistas,"Z=21 Sc (vida longa)",21,0,0
5,194,2,Evolucionistas,"Z=2 He (vida longa)",2,0,0
5,195,2,Evolucionistas,"Z=39 Y (vida longa)",39,0,0
5,198,2,Evolucionistas,"Z=26 Fe (vida longa)",26,0,0
5,201,2,Evolucionistas,"Z=47 Ag (vida longa)",47,0,0
5,201,2,Evolucionistas,"Z=91 Pa (vida longa)",91,0,0
5,202,2,Evolucionistas,"Z=37 Rb (vida longa)",37,0,0
5,202,2,Evolucionistas,"Z=63 Eu (vida longa)",63,0,0
5,204,1,Incrementalistas,"Z=5 B (vida longa)",5,0,0
5,204,2,Evolucionistas,"Z=51 Sb (vida longa)",51,0,0
5,205,2,Evolucionistas,"Z=73 Ta (vida longa)",73,0,0
5,207,2,Evolucionistas,"Z=77 Ir (vida longa)",77,0,0
5,207,2,Evolucionistas,"Z=38 Sr (vida longa)",38,0,0
5,207,2,Evolucionistas,"Z=113 Nh (vida longa)",113,0,0
5,207,2,Evolucionistas,"Z=24 Cr (vida longa)",24,0,0
5,207,2,Evolucionistas,"Z=100 Fm (vida longa)",100,0,0
5,207,2,Evolucionistas,"Z=23 V (vida longa)",23,0,0
5,208,2,Evolucionistas,"Z=103 Lr (vida longa)",103,0,0
5,209,2,Evolucionistas,"Z=5 B (vida longa)",5,0,0
5,209,2,Evolucionistas,"Z=107 Bh (vida longa)",107,0,0
5,210,2,Evolucionistas,"Z=91 Pa (vida longa)",91,0,0
5,211,2,Evolucionistas,"Z=55 Cs (vida longa)",55,0,0
5,211,2,Evolucionistas,"Z=28 Ni (vida longa)",28,0,0
5,212,2,Evolucionistas,"Z=106 Sg (vida longa)",106,0,0
5,212,2,Evolucionistas,"Z=97 Bk (vida longa)",97,0,0
5,213,2,Evolucionistas,"Z=50 Sn (vida longa)",50,0,0
5,213,2,Evolucionistas,"Z=32 Ge (vida longa)",32,0,0
5,214,2,Evolucionistas,"Z=99 Es (vida longa)",99,0,0
5,215,2,Evolucionistas,"Z=1 H (vida longa)",1,0,0
5,215,2,Evolucionistas,"Z=64 Gd (vida longa)",64,0,0
5,216,2,Evolucionistas,"Z=36 Kr (vida longa)",36,0,0
5,216,2,Evolucionistas,"Z=14 Si (vida longa)",14,0,0
5,216,2,Evolucionistas,"Z=108 Hs (vida longa)",108,0,0
5,216,2,Evolucionistas,"Z=74 W (vida longa)",74,0,0
5,218,2,Evolucionistas,"Z=25 Mn (vida longa)",25,0,0
5,219,2,Evolucionistas,"Z=62 Sm (vida longa)",62,0,0
5,219,2,Evolucionistas,"Z=96 Cm (vida longa)",96,0,0
5,219,2,Evolucionistas,"Z=60 Nd (vida longa)",60,0,0
5,220,2,Evolucionistas,"Z=37 Rb (vida longa)",37,0,0
5,223,2,Evolucionistas,"Z=59 Pr (vida longa)",59,0,0
5,223,2,Evolucionistas,"Z=44 Ru (vida longa)",44,0,0
5,223,2,Evolucionistas,"Z=11 Na (vida longa)",11,0,1
5,225,2,Evolucionistas,"Z=16 S (vida longa)",16,0,0
5,226,2,Evolucionistas,"Z=75 Re (vida longa)",75,0,0
5,227,2,Evolucionistas,"Z=43 Tc (vida longa)",43,0,0
5,232,2,Evolucionistas,"Z=89 Ac (vida longa)",89,0,0
5,233,2,Evolucionistas,"Z=35 Br (vida longa)",35,0,0
5,233,2,Evolucionistas,"Z=27 Co (vida longa)",27,0,0
5,234,2,Evolucionistas,"Z=39 Y (vida longa)",39,0,0
5,234,2,Evolucionistas,"Z=98 Cf (vida longa)",98,0,0
5,235,2,Evolucionistas,"Z=22 Ti (vida longa)",22,0,0
5,238,1,Incrementalistas,"Z=9 F (vida longa)",9,0,0
5,242,2,Evolucionistas,"Z=79 Au (vida longa)",79,0,0
5,243,2,Evolucionistas,"Z=19 K (vida longa)",19,0,0
5,243,2,Evolucionistas,"Z=29 Cu (vida longa)",29,0,0
5,252,1,Incrementalistas,"nucleos efemeros",113.637,0,0
5,252,1,Incrementalistas,"Z=71 Lu (vida longa)",71,0,0
5,252,1,Incrementalistas,"Z=112 Cn (vida longa)",112,0,0
5,252,1,Incrementalistas,"Z=5 B (vida longa)",5,0,0
5,252,1,Incrementalistas,"Z=115 Mc (vida longa)",115,0,0
5,252,1,Incrementalistas,"Z=103 Lr (vida longa)",103,0,0
5,252,1,Incrementalistas,"Z=10 Ne (vida longa)",10,0,0
5,252,1,Incrementalistas,"Z=86 Rn (vida longa)",86,0,0
5,252,1,Incrementalistas,"Z=67 Ho (vida longa)",67,0,0
5,252,1,Incrementalistas,"Z=96 Cm (vida longa)",96,0,0
5,252,1,Incrementalistas,"Z=26 Fe (vida longa)",26,0,1
5,253,1,Incrementalistas,"Z=55 Cs (vida longa)",55,0,0
5,253,1,Incrementalistas,"Z=78 Pt (vida longa)",78,0,0
5,253,1,Incrementalistas,"Z=19 K (vida longa)",19,0,0
5,253,1,Incrementalistas,"Z=77 Ir (vida longa)",77,0,0
5,253,1,Incrementalistas,"Z=50 Sn (vida longa)",50,0,0
5,254,1,Incrementalistas,"Z=90 Th (vida longa)",90,0,0
5,254,1,Incrementalistas,"Z=68 Er (vida longa)",68,0,0
5,254,1,Incrementalistas,"Z=30 Zn (vida longa)",30,0,0
5,255,1,Incrementalistas,"Z=32 Ge (vida longa)",32,0,0
5,255,1,Incrementalistas,"Z=44 Ru (vida longa)",44,0,0
5,255,1,Incrementalistas,"Z=91 Pa (vida longa)",91,0,0
5,255,1,Incrementalistas,"Z=80 Hg (vida longa)",80,0,0
5,256,1,Incrementalistas,"Z=43 Tc (vida longa)",43,0,0
5,256,1,Incrementalistas,"Z=23 V (vida longa)",23,0,0
5,256,1,Incrementalistas,"Z=34 Se (vida longa)",34,0,0
5,257,1,Incrementalistas,"Z=54 Xe (vida longa)",54,0,0
5,258,1,Incrementalistas,"Z=73 Ta (vida longa)",73,0,0
5,258,1,Incrementalistas,"Z=63 Eu (vida longa)",63,0,0
5,259,1,Incrementalistas,"Z=53 I (vida longa)",53,0,0
5,259,1,Incrementalistas,"Z=75 Re (vida longa)",75,0,0
5,260,1,Incrementalistas,"Z=94 Pu (vida longa)",94,0,0
5,260,1,Incrementalistas,"Z=40 Zr (vida longa)",40,0,0
5,261,1,Incrementalistas,"Z=13 Al (vida longa)",13,0,0
5,262,1,Incrementalistas,"Z=36 Kr (vida longa)",36,0,0
5,263,1,Incrementalistas,"Z=37 Rb (vida longa)",37,0,0
5,264,1,Incrementalistas,"Z=65 Tb (vida longa)",65,0,0
5,265,1,Incrementalistas,"Z=33 As (vida longa)",33,0,0
5,265,1,Incrementalistas,"Z=41 Nb (vida longa)",41,0,0
5,266,1,Incrementalistas,"Z=101 Md (vida longa)",101,0,0
5,267,1,Incrementalistas,"Z=12 Mg (vida longa)",12,0,0
5,271,1,Incrementalistas,"Z=16 S (vida longa)",16,0,0
5,295,1,Incrementalistas,"Z=95 Am (vida longa)",95,0,0
6,0,0,Empiristas,"Z=50 Sn (vida longa)",50,1,0
6,0,0,Empiristas,"nucleos efemeros",55.662,1,0
6,0,0,Empiristas,"Z=67 Ho (vida longa)",67,1,0
6,0,0,Empiristas,"Z=88 Ra (vida longa)",88,1,0
6,0,1,Incrementalistas,"nucleos efemeros",30.9176,0,0
6,0,2,Evolucionistas,"Z=47 Ag (vida longa)",47,1,0
6,0,2,Evolucionistas,"nucleos efemeros",14.9578,0,0
6,0,3,Isolados,"nucleos efemeros",37.2334,0,0
6,0,3,Isolados,"Z=102 No (vida longa)",102,1,0
6,1,0,Empiristas,"Z=69 Tm (vida longa)",69,1,0
6,1,0,Empiristas,"Z=89 Ac (vida longa)",89,1,0
6,1,2,Evolucionistas,"Z=50 Sn (vida longa)",50,0,0
6,1,3,Isolados,"Z=105 Db (vida longa)",105,1,0
6,1,1,Incrementalistas,"Z=89 Ac (vida longa)",89,0,1
6,1,1,Incrementalistas,"Z=88 Ra (vida longa)",88,0,1
6,2,0,Empiristas,"Z=66 Dy (vida longa)",66,1,0
6,2,1,Incrementalistas,"Z=91 Pa (vida longa)",91,1,0
6,2,1,Incrementalistas,"Z=94 Pu (vida longa)",94,1,0
6,2,2,Evolucionistas,"Z=49 In (vida longa)",49,1,0
6,2,3,Isolados,"Z=104 Rf (vida longa)",104,1,0
6,3,0,Empiristas,"Z=68 Er (vida longa)",68,1,0
6,3,0,Empiristas,"Z=90 Th (vida longa)",90,1,0
6,3,1,Incrementalistas,"Z=95 Am (vida longa)",95,1,0
6,3,2,Evolucionistas,"Z=48 Cd (vida longa)",48,1,0
6,3,3,Isolados,"Z=106 Sg (vida longa)",106,1,0
6,3,2,Evolucionistas,"Z=88 Ra (vida longa)",88,0,1
6,4,3,Isolados,"Z=103 Lr (vida longa)",103,1,0
6,5,1,Incrementalistas,"Z=114 Fl (vida longa)",114,1,0
6,5,1,Incrementalistas,"Z=97 Bk (vida longa)",97,1,0
6,5,1,Incrementalistas,"Z=99 Es (vida longa)",99,1,0
6,5,1,Incrementalistas,"Z=92 U (vida longa)",92,1,0
6,5,3,Isolados,"Z=111 Rg (vida longa)",111,1,0
6,5,3,Isolados,"Z=84 Po (vida longa)",84,1,0
6,6,1,Incrementalistas,"Z=111 Rg (vida longa)",111,0,0
6,6,1,Incrementalistas,"Z=109 Mt (vida longa)",109,1,0
6,6,1,Incrementalistas,"Z=110 Ds (vida longa)",110,1,0
6,6,2,Evolucionistas,"Z=52 Te (vida longa)",52,1,0
6,6,3,Isolados,"Z=82 Pb (vida longa)",82,1,0
6,6,3,Isolados,"Z=109 Mt (vida longa)",109,0,0
6,7,1,Incrementalistas,"Z=108 Hs (vida longa)",108,1,0
6,7,1,Incrementalistas,"Z=112 Cn (vida longa)",112,1,0
6,7,1,Incrementalistas,"Z=115 Mc (vida longa)",115,1,0
6,7,3,Isolados,"Z=107 Bh (vida longa)",107,1,0
6,7,0,Empiristas,"Z=115 Mc (vida longa)",115,0,1
6,7,0,Empiristas,"Z=114 Fl (vida longa)",114,0,1
6,7,1,Incrementalistas,"Z=69 Tm (vida longa)",69,0,1
6,8,0,Empiristas,"Z=20 Ca (vida longa)",20,1,0
6,8,1,Incrementalistas,"Z=113 Nh (vida longa)",113,1,0
6,8,3,Isolados,"Z=112 Cn (vida longa)",112,0,0
6,9,0,Empiristas,"Z=111 Rg (vida longa)",111,0,0
6,9,0,Empiristas,"Z=91 Pa (vida longa)",91,0,0
6,9,1,Incrementalistas,"Z=90 Th (vida longa)",90,0,0
6,9,2,Evolucionistas,"Z=115 Mc (vida longa)",115,0,1
6,9,2,Evolucionistas,"Z=66 Dy (vida longa)",66,0,1
6,10,2,Evolucionistas,"Z=114 Fl (vida longa)",114,0,0
6,10,2,Evolucionistas,"Z=44 Ru (vida longa)",44,1,0
6,10,3,Isolados,"Z=100 Fm (vida longa)",100,1,0
6,10,2,Evolucionistas,"Z=111 Rg (vida longa)",111,0,1
6,11,3,Isolados,"Z=114 Fl (vida longa)",114,0,0
6,11,3,Isolados,"Z=58 Ce (vida longa)",58,1,0
6,12,0,Empiristas,"Z=86 Rn (vida longa)",86,1,0
6,12,0,Empiristas,"Z=30 Zn (vida longa)",30,1,0
6,12,2,Evolucionistas,"Z=38 Sr (vida longa)",38,1,0
6,12,3,Isolados,"Z=110 Ds (vida longa)",110,0,0
6,13,1,Incrementalistas,"Z=96 Cm (vida longa)",96,1,0
6,13,3,Isolados,"Z=99 Es (vida longa)",99,0,0
6,13,3,Isolados,"Z=108 Hs (vida longa)",108,0,0
6,13,2,Evolucionistas,"Z=96 Cm (vida longa)",96,0,1
6,14,0,Empiristas,"Z=112 Cn (vida longa)",112,0,0
6,14,2,Evolucionistas,"Z=54 Xe (vida longa)",54,1,0
6,14,1,Incrementalistas,"Z=86 Rn (vida longa)",86,0,1
6,15,0,Empiristas,"Z=94 Pu (vida longa)",94,0,0
6,15,1,Incrementalistas,"Z=93 Np (vida longa)",93,1,0
6,15,2,Evolucionistas,"Z=109 Mt (vida longa)",109,0,1
6,16,0,Empiristas,"Z=65 Tb (vida longa)",65,1,0
6,16,0,Empiristas,"Z=14 Si (vida longa)",14,1,0
6,16,1,Incrementalistas,"Z=107 Bh (vida longa)",107,0,0
6,16,2,Evolucionistas,"Z=107 Bh (vida longa)",107,0,0
6,17,0,Empiristas,"Z=53 I (vida longa)",53,1,0
6,17,2,Evolucionistas,"Z=83 Bi (vida longa)",83,1,0
6,17,2,Evolucionistas,"Z=95 Am (vida longa)",95,0,1
6,18,0,Empiristas,"Z=26 Fe (vida longa)",26,1,0
6,19,0,Empiristas,"Z=8 O (vida longa)",8,1,0
6,19,0,Empiristas,"Z=62 Sm (vida longa)",62,1,0
6,19,2,Evolucionistas,"Z=11 Na (vida longa)",11,1,0
6,19,3,Isolados,"Z=90 Th (vida longa)",90,0,0
6,19,3,Isolados,"Z=13 Al (vida longa)",13,1,0
6,20,0,Empiristas,"Z=34 Se (vida longa)",34,1,0
6,20,2,Evolucionistas,"Z=110 Ds (vida longa)",110,0,0
6,21,0,Empiristas,"Z=92 U (vida longa)",92,0,0
6,21,0,Empiristas,"Z=45 Rh (vida longa)",45,1,0
6,21,0,Empiristas,"Z=16 S (vida longa)",16,1,0
6,22,0,Empiristas,"Z=87 Fr (vida longa)",87,1,0
6,22,2,Evolucionistas,"Z=93 Np (vida longa)",93,0,0
6,23,0,Empiristas,"Z=24 Cr (vida longa)",24,1,0
6,23,3,Isolados,"Z=79 Au (vida longa)",79,1,0
6,23,3,Isolados,"Z=113 Nh (vida longa)",113,0,0
6,23,3,Isolados,"Z=41 Nb (vida longa)",41,1,0
6,23,1,Incrementalistas,"Z=67 Ho (vida longa)",67,0,1
6,23,0,Empiristas,"Z=97 Bk (vida longa)",97,0,1
6,23,1,Incrementalistas,"Z=50 Sn (vida longa)",50,0,1
6,23,2,Evolucionistas,"Z=108 Hs (vida longa)",108,0,1
6,24,2,Evolucionistas,"Z=45 Rh (vida longa)",45,0,0
6,25,0,Empiristas,"Z=58 Ce (vida longa)",58,0,0
6,25,0,Empiristas,"Z=113 Nh (vida longa)",113,0,0
6,26,0,Empiristas,"Z=10 Ne (vida longa)",10,1,0
6,26,0,Empiristas,"Z=96 Cm (vida longa)",96,0,0
6,26,0,Empiristas,"Z=63 Eu (vida longa)",63,1,0
6,26,2,Evolucionistas,"Z=112 Cn (vida longa)",112,0,0
6,27,0,Empiristas,"Z=4 Be (vida longa)",4,1,0
6,27,0,Empiristas,"Z=95 Am (vida longa)",95,0,0
6,27,1,Incrementalistas,"Z=53 I (vida longa)",53,0,1
6,28,0,Empiristas,"Z=82 Pb (vida longa)",82,0,0
6,28,0,Empiristas,"Z=57 La (vida longa)",57,1,0
6,29,0,Empiristas,"Z=109 Mt (vida longa)",109,0,1
6,29,1,Incrementalistas,"Z=26 Fe (vida longa)",26,0,1
6,29,2,Evolucionistas,"Z=86 Rn (vida longa)",86,0,1
6,30,0,Empiristas,"Z=54 Xe (vida longa)",54,0,0
6,30,2,Evolucionistas,"Z=69 Tm (vida longa)",69,0,0
6,30,2,Evolucionistas,"Z=55 Cs (vida longa)",55,1,0
6,30,2,Evolucionistas,"Z=113 Nh (vida longa)",113,0,0
6,30,3,Isolados,"Z=93 Np (vida longa)",93,0,0
6,31,0,Empiristas,"Z=110 Ds (vida longa)",110,0,0
6,31,2,Evolucionistas,"Z=53 I (vida longa)",53,0,1
6,32,2,Evolucionistas,"Z=99 Es (vida longa)",99,0,0
6,32,3,Isolados,"Z=101 Md (vida longa)",101,1,0
6,33,0,Empiristas,"Z=40 Zr (vida longa)",40,1,0
6,33,0,Empiristas,"Z=46 Pd (vida longa)",46,1,0
6,33,2,Evolucionistas,"Z=71 Lu (vida longa)",71,1,0
6,33,0,Empiristas,"Z=108 Hs (vida longa)",108,0,1
6,33,2,Evolucionistas,"Z=4 Be (vida longa)",4,0,1
6,35,0,Empiristas,"Z=18 Ar (vida longa)",18,1,0
6,35,0,Empiristas,"Z=93 Np (vida longa)",93,0,0
6,35,2,Evolucionistas,"Z=40 Zr (vida longa)",40,0,1
6,36,1,Incrementalistas,"Z=23 V (vida longa)",23,1,0
6,36,2,Evolucionistas,"Z=5 B (vida longa)",5,1,0
6,36,3,Isolados,"Z=96 Cm (vida longa)",96,0,0
6,37,0,Empiristas,"Z=100 Fm (vida longa)",100,0,0
6,38,0,Empiristas,"Z=98 Cf (vida longa)",98,1,0
6,38,1,Incrementalistas,"Z=100 Fm (vida longa)",100,0,0
6,38,1,Incrementalistas,"Z=48 Cd (vida longa)",48,0,1
6,39,0,Empiristas,"Z=23 V (vida longa)",23,0,0
6,40,0,Empiristas,"Z=107 Bh (vida longa)",107,0,0
6,40,2,Evolucionistas,"Z=26 Fe (vida longa)",26,0,1
6,41,0,Empiristas,"Z=49 In (vida longa)",49,0,0
6,41,1,Incrementalistas,"Z=52 Te (vida longa)",52,0,0
6,41,3,Isolados,"Z=40 Zr (vida longa)",40,0,0
6,42,2,Evolucionistas,"Z=41 Nb (vida longa)",41,0,0
6,42,2,Evolucionistas,"Z=14 Si (vida longa)",14,0,0
6,43,0,Empiristas,"Z=102 No (vida longa)",102,0,0
6,43,0,Empiristas,"Z=35 Br (vida longa)",35,1,0
6,43,1,Incrementalistas,"Z=46 Pd (vida longa)",46,0,0
6,43,1,Incrementalistas,"Z=104 Rf (vida longa)",104,0,0
6,44,3,Isolados,"Z=60 Nd (vida longa)",60,1,0
6,45,0,Empiristas,"Z=83 Bi (vida longa)",83,0,0
6,46,0,Empiristas,"Z=27 Co (vida longa)",27,1,0
6,46,0,Empiristas,"Z=80 Hg (vida longa)",80,1,0
6,46,3,Isolados,"Z=6 C (vida longa)",6,1,0
6,46,2,Evolucionistas,"Z=87 Fr (vida longa)",87,0,1
6,46,0,Empiristas,"Z=44 Ru (vida longa)",44,0,1
6,47,0,Empiristas,"Z=72 Hf (vida longa)",72,1,0
6,47,1,Incrementalistas,"Z=44 Ru (vida longa)",44,0,0
6,47,2,Evolucionistas,"Z=10 Ne (vida longa)",10,0,0
6,47,3,Isolados,"Z=3 Li (vida longa)",3,1,0
6,48,0,Empiristas,"Z=47 Ag (vida longa)",47,0,0
6,49,0,Empiristas,"Z=22 Ti (vida longa)",22,1,0
6,49,0,Empiristas,"Z=84 Po (vida longa)",84,0,0
6,49,2,Evolucionistas,"Z=73 Ta (vida longa)",73,1,0
6,50,0,Empiristas,"Z=56 Ba (vida longa)",56,1,0
6,50,0,Empiristas,"Z=79 Au (vida longa)",79,0,0
6,50,1,Incrementalistas,"Z=25 Mn (vida longa)",25,1,0
6,50,2,Evolucionistas,"Z=74 W (vida longa)",74,1,0
6,50,3,Isolados,"Z=4 Be (vida longa)",4,0,0
6,51,0,Empiristas,"Z=6 C (vida longa)",6,0,0
6,51,0,Empiristas,"Z=9 F (vida longa)",9,1,0
6,51,1,Incrementalistas,"Z=22 Ti (vida longa)",22,0,0
6,51,1,Incrementalistas,"Z=71 Lu (vida longa)",71,0,1
6,52,2,Evolucionistas,"Z=82 Pb (vida longa)",82,0,0
6,52,2,Evolucionistas,"Z=92 U (vida longa)",92,0,0
6,53,0,Empiristas,"Z=55 Cs (vida longa)",55,0,0
6,53,0,Empiristas,"Z=36 Kr (vida longa)",36,1,0
6,53,3,Isolados,"Z=28 Ni (vida longa)",28,1,0
6,53,3,Isolados,"Z=5 B (vida longa)",5,0,0
6,54,0,Empiristas,"Z=52 Te (vida longa)",52,0,0
6,54,0,Empiristas,"Z=12 Mg (vida longa)",12,1,0
6,54,3,Isolados,"Z=115 Mc (vida longa)",115,0,0
6,55,0,Empiristas,"Z=33 As (vida longa)",33,1,0
6,55,0,Empiristas,"Z=71 Lu (vida longa)",71,0,0
6,55,0,Empiristas,"Z=51 Sb (vida longa)",51,1,0
6,55,2,Evolucionistas,"Z=90 Th (vida longa)",90,0,0
6,56,3,Isolados,"Z=20 Ca (vida longa)",20,0,0
6,56,3,Isolados,"Z=52 Te (vida longa)",52,0,0
6,57,0,Empiristas,"Z=2 He (vida longa)",2,1,0
6,57,3,Isolados,"Z=50 Sn (vida longa)",50,0,0
6,58,0,Empiristas,"Z=3 Li (vida longa)",3,0,0
6,58,1,Incrementalistas,"Z=24 Cr (vida longa)",24,0,0
6,58,1,Incrementalistas,"Z=49 In (vida longa)",49,0,0
6,58,3,Isolados,"Z=65 Tb (vida longa)",65,0,0
6,58,3,Isolados,"Z=2 He (vida longa)",2,0,0
6,58,3,Isolados,"Z=56 Ba (vida longa)",56,0,0
6,59,2,Evolucionistas,"Z=8 O (vida longa)",8,0,0
6,59,3,Isolados,"Z=49 In (vida longa)",49,0,0
6,60,1,Incrementalistas,"Z=66 Dy (vida longa)",66,0,0
6,60,3,Isolados,"Z=36 Kr (vida longa)",36,0,0
6,60,3,Isolados,"Z=54 Xe (vida longa)",54,0,0
6,61,1,Incrementalistas,"Z=82 Pb (vida longa)",82,0,1
6,62,3,Isolados,"Z=78 Pt (vida longa)",78,1,0
6,62,3,Isolados,"Z=64 Gd (vida longa)",64,1,0
6,62,3,Isolados,"Z=91 Pa (vida longa)",91,0,0
6,63,1,Incrementalistas,"Z=98 Cf (vida longa)",98,0,0
6,63,2,Evolucionistas,"Z=46 Pd (vida longa)",46,0,0
6,64,0,Empiristas,"Z=78 Pt (vida longa)",78,0,0
6,64,2,Evolucionistas,"Z=33 As (vida longa)",33,0,0
6,65,0,Empiristas,"Z=77 Ir (vida longa)",77,1,0
6,65,1,Incrementalistas,"Z=55 Cs (vida longa)",55,0,0
6,65,1,Incrementalistas,"Z=64 Gd (vida longa)",64,0,0
6,65,1,Incrementalistas,"Z=18 Ar (vida longa)",18,0,1
6,66,0,Empiristas,"Z=28 Ni (vida longa)",28,0,0
6,66,2,Evolucionistas,"Z=100 Fm (vida longa)",100,0,0
6,66,3,Isolados,"Z=18 Ar (vida longa)",18,0,0
6,67,0,Empiristas,"Z=7 N (vida longa)",7,1,0
6,67,0,Empiristas,"Z=41 Nb (vida longa)",41,0,0
6,67,1,Incrementalistas,"Z=68 Er (vida longa)",68,0,0
6,67,2,Evolucionistas,"Z=94 Pu (vida longa)",94,0,0
6,67,3,Isolados,"Z=53 I (vida longa)",53,0,0
6,68,1,Incrementalistas,"Z=45 Rh (vida longa)",45,0,0
6,68,3,Isolados,"Z=75 Re (vida longa)",75,1,0
6,69,2,Evolucionistas,"Z=6 C (vida longa)",6,0,0
6,70,0,Empiristas,"Z=60 Nd (vida longa)",60,0,0
6,70,1,Incrementalistas,"Z=27 Co (vida longa)",27,0,0
6,70,3,Isolados,"Z=34 Se (vida longa)",34,0,0
6,71,2,Evolucionistas,"Z=102 No (vida longa)",102,0,0
6,72,0,Empiristas,"Z=59 Pr (vida longa)",59,1,0
6,73,0,Empiristas,"Z=99 Es (vida longa)",99,0,0
6,74,0,Empiristas,"Z=13 Al (vida longa)",13,0,0
6,74,1,Incrementalistas,"Z=33 As (vida longa)",33,0,1
6,75,0,Empiristas,"Z=31 Ga (vida longa)",31,1,0
6,75,1,Incrementalistas,"Z=3 Li (vida longa)",3,0,0
6,75,1,Incrementalistas,"Z=77 Ir (vida longa)",77,0,1
6,76,0,Empiristas,"Z=73 Ta (vida longa)",73,0,0
6,76,1,Incrementalistas,"Z=78 Pt (vida longa)",78,0,0
6,76,3,Isolados,"Z=12 Mg (vida longa)",12,0,0
6,77,3,Isolados,"Z=51 Sb (vida longa)",51,0,0
6,77,3,Isolados,"Z=67 Ho (vida longa)",67,0,0
6,78,1,Incrementalistas,"Z=105 Db (vida longa)",105,0,0
6,78,2,Evolucionistas,"Z=42 Mo (vida longa)",42,1,0
6,79,0,Empiristas,"Z=76 Os (vida longa)",76,1,0
6,79,0,Empiristas,"Z=43 Tc (vida longa)",43,1,0
6,79,1,Incrementalistas,"Z=103 Lr (vida longa)",103,0,0
6,79,1,Incrementalistas,"Z=63 Eu (vida longa)",63,0,0
6,79,2,Evolucionistas,"Z=68 Er (vida longa)",68,0,0
6,80,0,Empiristas,"Z=25 Mn (vida longa)",25,0,0
6,80,2,Evolucionistas,"Z=30 Zn (vida longa)",30,0,1
6,80,1,Incrementalistas,"Z=16 S (vida longa)",16,0,1
6,81,0,Empiristas,"Z=38 Sr (vida longa)",38,0,0
6,81,0,Empiristas,"Z=70 Yb (vida longa)",70,1,0
6,81,3,Isolados,"Z=86 Rn (vida longa)",86,0,0
6,82,0,Empiristas,"Z=75 Re (vida longa)",75,0,0
6,82,0,Empiristas,"Z=32 Ge (vida longa)",32,1,0
6,82,2,Evolucionistas,"Z=72 Hf (vida longa)",72,0,0
6,82,3,Isolados,"Z=98 Cf (vida longa)",98,0,0
6,82,3,Isolados,"Z=44 Ru (vida longa)",44,0,0
6,82,0,Empiristas,"Z=64 Gd (vida longa)",64,0,1
6,82,1,Incrementalistas,"Z=54 Xe (vida longa)",54,0,1
6,84,3,Isolados,"Z=38 Sr (vida longa)",38,0,0
6,84,2,Evolucionistas,"Z=24 Cr (vida longa)",24,0,1
6,85,0,Empiristas,"Z=85 At (vida longa)",85,1,0
6,85,3,Isolados,"Z=19 K (vida longa)",19,1,0
6,86,0,Empiristas,"Z=48 Cd (vida longa)",48,0,0
6,86,3,Isolados,"Z=94 Pu (vida longa)",94,0,0
6,87,1,Incrementalistas,"Z=56 Ba (vida longa)",56,0,0
6,88,0,Empiristas,"Z=15 P (vida longa)",15,1,0
6,88,1,Incrementalistas,"Z=30 Zn (vida longa)",30,0,0
6,88,2,Evolucionistas,"Z=34 Se (vida longa)",34,0,1
6,89,0,Empiristas,"Z=106 Sg (vida longa)",106,0,0
6,89,3,Isolados,"Z=42 Mo (vida longa)",42,0,0
6,89,3,Isolados,"Z=25 Mn (vida longa)",25,0,0
6,90,2,Evolucionistas,"Z=98 Cf (vida longa)",98,0,0
6,91,3,Isolados,"Z=39 Y (vida longa)",39,1,0
6,92,3,Isolados,"Z=92 U (vida longa)",92,0,0
6,92,3,Isolados,"Z=97 Bk (vida longa)",97,0,0
6,93,0,Empiristas,"Z=61 Pm (vida longa)",61,1,0
6,94,2,Evolucionistas,"Z=36 Kr (vida longa)",36,0,0
6,94,1,Incrementalistas,"Z=41 Nb (vida longa)",41,0,1
6,95,1,Incrementalistas,"Z=31 Ga (vida longa)",31,0,0
6,95,2,Evolucionistas,"Z=56 Ba (vida longa)",56,0,0
6,95,3,Isolados,"Z=95 Am (vida longa)",95,0,0
6,97,1,Incrementalistas,"Z=51 Sb (vida longa)",51,0,0
6,97,1,Incrementalistas,"Z=14 Si (vida longa)",14,0,1
6,98,2,Evolucionistas,"Z=28 Ni (vida longa)",28,0,0
6,98,3,Isolados,"Z=66 Dy (vida longa)",66,0,0
6,99,1,Incrementalistas,"Z=29 Cu (vida longa)",29,1,0
6,100,0,Empiristas,"Z=42 Mo (vida longa)",42,0,0
6,100,3,Isolados,"Z=9 F (vida longa)",9,0,0
6,100,3,Isolados,"Z=89 Ac (vida longa)",89,0,0
6,101,3,Isolados,"Z=73 Ta (vida longa)",73,0,0
6,101,3,Isolados,"Z=88 Ra (vida longa)",88,0,0
6,101,1,Incrementalistas,"Z=6 C (vida longa)",6,0,1
6,102,0,Empiristas,"Z=74 W (vida longa)",74,0,0
6,102,0,Empiristas,"Z=5 B (vida longa)",5,0,0
6,102,1,Incrementalistas,"Z=65 Tb (vida longa)",65,0,0
6,102,2,Evolucionistas,"Z=75 Re (vida longa)",75,0,0
6,102,2,Evolucionistas,"Z=67 Ho (vida longa)",67,0,0
6,103,3,Isolados,"Z=10 Ne (vida longa)",10,0,0
6,103,3,Isolados,"Z=32 Ge (vida longa)",32,0,0
6,103,3,Isolados,"Z=22 Ti (vida longa)",22,0,0
6,103,3,Isolados,"Z=8 O (vida longa)",8,0,0
6,104,0,Empiristas,"Z=104 Rf (vida longa)",104,0,0
6,104,2,Evolucionistas,"Z=89 Ac (vida longa)",89,0,0
6,104,1,Incrementalistas,"Z=59 Pr (vida longa)",59,0,1
6,104,2,Evolucionistas,"Z=60 Nd (vida longa)",60,0,1
6,105,1,Incrementalistas,"Z=32 Ge (vida longa)",32,0,0
6,105,3,Isolados,"Z=70 Yb (vida longa)",70,0,0
6,106,0,Empiristas,"Z=17 Cl (vida longa)",17,1,0
6,106,2,Evolucionistas,"Z=106 Sg (vida longa)",106,0,0
6,107,2,Evolucionistas,"Z=29 Cu (vida longa)",29,0,0
6,108,0,Empiristas,"Z=101 Md (vida longa)",101,0,0
6,108,0,Empiristas,"Z=37 Rb (vida longa)",37,1,0
6,108,2,Evolucionistas,"Z=70 Yb (vida longa)",70,0,0
6,108,2,Evolucionistas,"Z=20 Ca (vida longa)",20,0,0
6,109,1,Incrementalistas,"Z=81 Tl (vida longa)",81,1,0
6,109,1,Incrementalistas,"Z=102 No (vida longa)",102,0,0
6,109,3,Isolados,"Z=45 Rh (vida longa)",45,0,0
6,110,2,Evolucionistas,"Z=57 La (vida longa)",57,0,0
6,110,3,Isolados,"Z=81 Tl (vida longa)",81,0,0
6,111,0,Empiristas,"Z=29 Cu (vida longa)",29,0,0
6,111,2,Evolucionistas,"Z=7 N (vida longa)",7,0,0
6,112,1,Incrementalistas,"Z=28 Ni (vida longa)",28,0,0
6,112,2,Evolucionistas,"Z=58 Ce (vida longa)",58,0,0
6,112,3,Isolados,"Z=87 Fr (vida longa)",87,0,0
6,113,0,Empiristas,"Z=19 K (vida longa)",19,0,0
6,114,1,Incrementalistas,"Z=4 Be (vida longa)",4,0,0
6,114,3,Isolados,"Z=48 Cd (vida longa)",48,0,0
6,114,3,Isolados,"Z=68 Er (vida longa)",68,0,0
6,115,1,Incrementalistas,"Z=47 Ag (vida longa)",47,0,0
6,115,2,Evolucionistas,"Z=23 V (vida longa)",23,0,0
6,116,2,Evolucionistas,"Z=91 Pa (vida longa)",91,0,0
6,117,1,Incrementalistas,"Z=34 Se (vida longa)",34,0,0
6,117,1,Incrementalistas,"Z=19 K (vida longa)",19,0,0
6,117,2,Evolucionistas,"Z=35 Br (vida longa)",35,0,0
6,118,3,Isolados,"Z=24 Cr (vida longa)",24,0,0
6,119,1,Incrementalistas,"Z=21 Sc (vida longa)",21,1,0
6,119,2,Evolucionistas,"Z=12 Mg (vida longa)",12,0,0
6,120,1,Incrementalistas,"Z=12 Mg (vida longa)",12,0,0
6,120,2,Evolucionistas,"Z=25 Mn (vida longa)",25,0,0
6,120,2,Evolucionistas,"Z=62 Sm (vida longa)",62,0,0
6,121,2,Evolucionistas,"Z=2 He (vida longa)",2,0,0
6,123,0,Empiristas,"Z=103 Lr (vida longa)",103,0,0
6,123,1,Incrementalistas,"Z=36 Kr (vida longa)",36,0,0
6,123,2,Evolucionistas,"Z=104 Rf (vida longa)",104,0,0
6,123,2,Evolucionistas,"Z=27 Co (vida longa)",27,0,0
6,124,2,Evolucionistas,"Z=63 Eu (vida longa)",63,0,0
6,124,2,Evolucionistas,"Z=19 K (vida longa)",19,0,0
6,124,3,Isolados,"Z=46 Pd (vida longa)",46,0,0
6,124,3,Isolados,"Z=16 S (vida longa)",16,0,0
6,125,1,Incrementalistas,"Z=70 Yb (vida longa)",70,0,0
6,126,0,Empiristas,"Z=11 Na (vida longa)",11,0,0
6,126,2,Evolucionistas,"Z=78 Pt (vida longa)",78,0,0
6,126,2,Evolucionistas,"Z=16 S (vida longa)",16,0,0
6,126,2,Evolucionistas,"Z=22 Ti (vida longa)",22,0,0
6,127,1,Incrementalistas,"Z=39 Y (vida longa)",39,0,0
6,127,1,Incrementalistas,"Z=73 Ta (vida longa)",73,0,0
6,128,1,Incrementalistas,"Z=80 Hg (vida longa)",80,0,0
6,128,2,Evolucionistas,"Z=59 Pr (vida longa)",59,0,0
6,129,2,Evolucionistas,"Z=15 P (vida longa)",15,0,0
6,129,3,Isolados,"Z=76 Os (vida longa)",76,0,0
6,129,3,Isolados,"Z=23 V (vida longa)",23,0,0
6,130,1,Incrementalistas,"Z=106 Sg (vida longa)",106,0,0
6,130,1,Incrementalistas,"Z=62 Sm (vida longa)",62,0,0
6,130,3,Isolados,"Z=55 Cs (vida longa)",55,0,0
6,130,3,Isolados,"Z=80 Hg (vida longa)",80,0,0
6,132,1,Incrementalistas,"Z=61 Pm (vida longa)",61,0,0
6,132,1,Incrementalistas,"Z=8 O (vida longa)",8,0,0
6,132,2,Evolucionistas,"Z=3 Li (vida longa)",3,0,0
6,134,0,Empiristas,"Z=105 Db (vida longa)",105,0,0
6,134,1,Incrementalistas,"Z=74 W (vida longa)",74,0,0
6,134,2,Evolucionistas,"Z=79 Au (vida longa)",79,0,0
6,135,1,Incrementalistas,"Z=38 Sr (vida longa)",38,0,0
6,135,2,Evolucionistas,"Z=61 Pm (vida longa)",61,0,0
6,135,3,Isolados,"Z=59 Pr (vida longa)",59,0,0
6,136,1,Incrementalistas,"Z=58 Ce (vida longa)",58,0,0
6,136,3,Isolados,"Z=14 Si (vida longa)",14,0,0
6,137,0,Empiristas,"Z=21 Sc (vida longa)",21,0,0
6,137,1,Incrementalistas,"Z=60 Nd (vida longa)",60,0,0
6,138,1,Incrementalistas,"Z=72 Hf (vida longa)",72,0,0
6,138,2,Evolucionistas,"Z=51 Sb (vida longa)",51,0,0
6,138,1,Incrementalistas,"Z=87 Fr (vida longa)",87,0,1
6,140,1,Incrementalistas,"Z=20 Ca (vida longa)",20,0,0
6,140,2,Evolucionistas,"Z=9 F (vida longa)",9,0,0
6,140,3,Isolados,"Z=37 Rb (vida longa)",37,0,0
6,141,2,Evolucionistas,"Z=31 Ga (vida longa)",31,0,0
6,141,3,Isolados,"Z=62 Sm (vida longa)",62,0,0
6,141,3,Isolados,"Z=1 H (vida longa)",1,1,0
6,141,3,Isolados,"Z=74 W (vida longa)",74,0,0
6,142,1,Incrementalistas,"Z=37 Rb (vida longa)",37,0,0
6,142,3,Isolados,"Z=21 Sc (vida longa)",21,0,0
6,143,1,Incrementalistas,"Z=13 Al (vida longa)",13,0,0
6,143,3,Isolados,"Z=27 Co (vida longa)",27,0,0
6,144,3,Isolados,"Z=29 Cu (vida longa)",29,0,0
6,144,3,Isolados,"Z=30 Zn (vida longa)",30,0,0
6,144,3,Isolados,"Z=7 N (vida longa)",7,0,0
6,144,3,Isolados,"Z=26 Fe (vida longa)",26,0,0
6,144,1,Incrementalistas,"Z=11 Na (vida longa)",11,0,1
6,145,3,Isolados,"Z=31 Ga (vida longa)",31,0,0
6,146,3,Isolados,"Z=43 Tc (vida longa)",43,0,0
6,147,1,Incrementalistas,"Z=15 P (vida longa)",15,0,0
6,147,3,Isolados,"Z=69 Tm (vida longa)",69,0,0
6,148,1,Incrementalistas,"Z=9 F (vida longa)",9,0,0
6,148,3,Isolados,"Z=33 As (vida longa)",33,0,0
6,149,0,Empiristas,"Z=81 Tl (vida longa)",81,0,0
6,149,3,Isolados,"Z=83 Bi (vida longa)",83,0,0
6,150,1,Incrementalistas,"Z=57 La (vida longa)",57,0,0
6,150,1,Incrementalistas,"Z=10 Ne (vida longa)",10,0,0
6,150,1,Incrementalistas,"Z=79 Au (vida longa)",79,0,0
6,150,3,Isolados,"Z=72 Hf (vida longa)",72,0,0
6,152,2,Evolucionistas,"Z=105 Db (vida longa)",105,0,0
6,157,2,Evolucionistas,"Z=18 Ar (vida longa)",18,0,0
6,158,2,Evolucionistas,"Z=103 Lr (vida longa)",103,0,0
6,159,1,Incrementalistas,"Z=76 Os (vida longa)",76,0,0
6,159,2,Evolucionistas,"Z=43 Tc (vida longa)",43,0,0
6,159,3,Isolados,"Z=11 Na (vida longa)",11,0,0
6,159,0,Empiristas,"Z=39 Y (vida longa)",39,0,1
6,161,0,Empiristas,"Z=1 H (vida longa)",1,0,0
6,161,1,Incrementalistas,"Z=40 Zr (vida longa)",40,0,0
6,161,2,Evolucionistas,"Z=76 Os (vida longa)",76,0,0
6,161,2,Evolucionistas,"Z=101 Md (vida longa)",101,0,0
6,161,3,Isolados,"Z=77 Ir (vida longa)",77,0,0
6,163,2,Evolucionistas,"Z=80 Hg (vida longa)",80,0,0
6,163,3,Isolados,"Z=61 Pm (vida longa)",61,0,0
6,164,3,Isolados,"Z=71 Lu (vida longa)",71,0,0
6,165,2,Evolucionistas,"Z=85 At (vida longa)",85,0,0
6,166,1,Incrementalistas,"Z=42 Mo (vida longa)",42,0,0
6,166,3,Isolados,"Z=47 Ag (vida longa)",47,0,0
6,166,3,Isolados,"Z=63 Eu (vida longa)",63,0,0
6,166,3,Isolados,"Z=17 Cl (vida longa)",17,0,0
6,167,2,Evolucionistas,"Z=32 Ge (vida longa)",32,0,0
6,168,2,Evolucionistas,"Z=77 Ir (vida longa)",77,0,0
6,172,3,Isolados,"Z=57 La (vida longa)",57,0,0
6,173,1,Incrementalistas,"Z=84 Po (vida longa)",84,0,0
6,173,2,Evolucionistas,"Z=81 Tl (vida longa)",81,0,0
6,173,2,Evolucionistas,"Z=84 Po (vida longa)",84,0,0
6,174,1,Incrementalistas,"Z=43 Tc (vida longa)",43,0,0
6,174,2,Evolucionistas,"Z=21 Sc (vida longa)",21,0,0
6,174,2,Evolucionistas,"Z=17 Cl (vida longa)",17,0,0
6,176,2,Evolucionistas,"Z=64 Gd (vida longa)",64,0,0
6,177,3,Isolados,"Z=15 P (vida longa)",15,0,0
6,178,2,Evolucionistas,"Z=13 Al (vida longa)",13,0,0
6,180,2,Evolucionistas,"Z=37 Rb (vida longa)",37,0,0
6,180,2,Evolucionistas,"Z=97 Bk (vida longa)",97,0,0
6,180,2,Evolucionistas,"Z=65 Tb (vida longa)",65,0,0
6,184,1,Incrementalistas,"Z=75 Re (vida longa)",75,0,0
6,185,1,Incrementalistas,"Z=2 He (vida longa)",2,0,0
6,185,1,Incrementalistas,"Z=5 B (vida longa)",5,0,0
6,188,1,Incrementalistas,"Z=35 Br (vida longa)",35,0,0
6,188,3,Isolados,"Z=85 At (vida longa)",85,0,0
6,190,1,Incrementalistas,"Z=83 Bi (vida longa)",83,0,0
6,190,1,Incrementalistas,"Z=1 H (vida longa)",1,0,0
6,201,2,Evolucionistas,"Z=39 Y (vida longa)",39,0,0
6,213,3,Isolados,"Z=35 Br (vida longa)",35,0,0
6,215,1,Incrementalistas,"Z=7 N (vida longa)",7,0,0
6,221,1,Incrementalistas,"Z=17 Cl (vida longa)",17,0,0
6,228,2,Evolucionistas,"Z=1 H (vida longa)",1,0,0
6,229,1,Incrementalistas,"Z=101 Md (vida longa)",101,0,0
6,262,0,Empiristas,"nucleos efemeros",9.274,0,0
6,262,0,Empiristas,"Z=3 Li (vida longa)",3,0,0
6,262,0,Empiristas,"Z=59 Pr (vida longa)",59,0,0
6,262,0,Empiristas,"Z=4 Be (vida longa)",4,0,0
6,262,0,Empiristas,"Z=52 Te (vida longa)",52,0,0
6,262,0,Empiristas,"Z=66 Dy (vida longa)",66,0,0
6,262,0,Empiristas,"Z=16 S (vida longa)",16,0,0
6,262,0,Empiristas,"Z=36 Kr (vida longa)",36,0,0
6,262,0,Empiristas,"Z=93 Np (vida longa)",93,0,0
6,262,0,Empiristas,"Z=110 Ds (vida longa)",110,0,0
6,263,0,Empiristas,"Z=25 Mn (vida longa)",25,0,0
6,263,0,Empiristas,"Z=26 Fe (vida longa)",26,0,0
6,263,0,Empiristas,"Z=54 Xe (vida longa)",54,0,0
6,263,0,Empiristas,"Z=64 Gd (vida longa)",64,0,0
6,263,0,Empiristas,"Z=44 Ru (vida longa)",44,0,0
6,263,0,Empiristas,"Z=37 Rb (vida longa)",37,0,0
6,263,0,Empiristas,"Z=2 He (vida longa)",2,0,0
6,263,0,Empiristas,"Z=99 Es (vida longa)",99,0,0
6,263,0,Empiristas,"Z=42 Mo (vida longa)",42,0,0
6,264,0,Empiristas,"Z=12 Mg (vida longa)",12,0,0
6,264,0,Empiristas,"Z=20 Ca (vida longa)",20,0,0
6,264,0,Empiristas,"Z=80 Hg (vida longa)",80,0,0
6,264,0,Empiristas,"Z=8 O (vida longa)",8,0,0
6,264,0,Empiristas,"Z=19 K (vida longa)",19,0,0
6,265,0,Empiristas,"Z=60 Nd (vida longa)",60,0,0
6,265,0,Empiristas,"Z=84 Po (vida longa)",84,0,0
6,265,0,Empiristas,"Z=45 Rh (vida longa)",45,0,0
6,265,0,Empiristas,"Z=17 Cl (vida longa)",17,0,0
6,265,0,Empiristas,"Z=38 Sr (vida longa)",38,0,0
6,266,0,Empiristas,"Z=1 H (vida longa)",1,0,0
6,266,0,Empiristas,"Z=65 Tb (vida longa)",65,0,0
6,266,0,Empiristas,"Z=70 Yb (vida longa)",70,0,0
6,267,0,Empiristas,"Z=30 Zn (vida longa)",30,0,0
6,268,0,Empiristas,"Z=47 Ag (vida longa)",47,0,0
6,268,0,Empiristas,"Z=88 Ra (vida longa)",88,0,0
6,269,0,Empiristas,"Z=72 Hf (vida longa)",72,0,0
6,269,0,Empiristas,"Z=71 Lu (vida longa)",71,0,0
6,270,0,Empiristas,"Z=83 Bi (vida longa)",83,0,0
6,271,0,Empiristas,"Z=75 Re (vida longa)",75,0,0
6,286,1,Incrementalistas,"Z=85 At (vida longa)",85,0,0
7,0,0,Empiristas,"nucleos efemeros",74.5128,1,0
7,0,0,Empiristas,"Z=74 W (vida longa)",74,1,0
7,0,1,Incrementalistas,"Z=2 He (vida longa)",2,1,0
7,0,1,Incrementalistas,"nucleos efemeros",72.9749,0,0
7,0,2,Evolucionistas,"nucleos efemeros",-7.82647,0,0
7,0,2,Evolucionistas,"Z=6 C (vida longa)",6,1,0
7,0,3,Isolados,"nucleos efemeros",28.7623,0,0
7,1,0,Empiristas,"Z=75 Re (vida longa)",75,1,0
7,1,0,Empiristas,"Z=72 Hf (vida longa)",72,1,0
7,2,0,Empiristas,"Z=76 Os (vida longa)",76,1,0
7,2,2,Evolucionistas,"Z=10 Ne (vida longa)",10,1,0
7,2,0,Empiristas,"Z=10 Ne (vida longa)",10,0,1
7,2,2,Evolucionistas,"Z=76 Os (vida longa)",76,0,1
7,2,2,Evolucionistas,"Z=72 Hf (vida longa)",72,0,1
7,3,0,Empiristas,"Z=77 Ir (vida longa)",77,1,0
7,3,2,Evolucionistas,"Z=2 He (vida longa)",2,0,1
7,4,1,Incrementalistas,"Z=10 Ne (vida longa)",10,0,1
7,5,0,Empiristas,"Z=79 Au (vida longa)",79,1,0
7,5,3,Isolados,"Z=113 Nh (vida longa)",113,1,0
7,5,3,Isolados,"Z=110 Ds (vida longa)",110,1,0
7,6,2,Evolucionistas,"Z=75 Re (vida longa)",75,0,0
7,6,3,Isolados,"Z=112 Cn (vida longa)",112,1,0
7,7,3,Isolados,"Z=109 Mt (vida longa)",109,1,0
7,7,3,Isolados,"Z=114 Fl (vida longa)",114,1,0
7,8,1,Incrementalistas,"Z=84 Po (vida longa)",84,1,0
7,8,3,Isolados,"Z=108 Hs (vida longa)",108,1,0
7,8,3,Isolados,"Z=106 Sg (vida longa)",106,1,0
7,9,0,Empiristas,"Z=24 Cr (vida longa)",24,1,0
7,9,1,Incrementalistas,"Z=82 Pb (vida longa)",82,1,0
7,9,1,Incrementalistas,"Z=81 Tl (vida longa)",81,1,0
7,9,3,Isolados,"Z=111 Rg (vida longa)",111,1,0
7,9,3,Isolados,"Z=107 Bh (vida longa)",107,1,0
7,9,1,Incrementalistas,"Z=76 Os (vida longa)",76,0,1
7,11,0,Empiristas,"Z=64 Gd (vida longa)",64,1,0
7,11,1,Incrementalistas,"Z=79 Au (vida longa)",79,0,0
7,11,3,Isolados,"Z=14 Si (vida longa)",14,1,0
7,12,0,Empiristas,"Z=26 Fe (vida longa)",26,1,0
7,12,0,Empiristas,"Z=69 Tm (vida longa)",69,1,0
7,12,2,Evolucionistas,"Z=90 Th (vida longa)",90,1,0
7,12,3,Isolados,"Z=44 Ru (vida longa)",44,1,0
7,12,3,Isolados,"Z=102 No (vida longa)",102,1,0
7,13,1,Incrementalistas,"Z=77 Ir (vida longa)",77,0,0
7,13,2,Evolucionistas,"Z=74 W (vida longa)",74,0,0
7,14,0,Empiristas,"Z=114 Fl (vida longa)",114,0,0
7,14,1,Incrementalistas,"Z=78 Pt (vida longa)",78,1,0
7,14,1,Incrementalistas,"Z=86 Rn (vida longa)",86,1,0
7,15,2,Evolucionistas,"Z=73 Ta (vida longa)",73,1,0
7,15,1,Incrementalistas,"Z=90 Th (vida longa)",90,0,1
7,16,0,Empiristas,"Z=80 Hg (vida longa)",80,1,0
7,16,0,Empiristas,"Z=22 Ti (vida longa)",22,1,0
7,16,2,Evolucionistas,"Z=22 Ti (vida longa)",22,0,0
7,17,0,Empiristas,"Z=90 Th (vida longa)",90,0,0
7,17,2,Evolucionistas,"Z=28 Ni (vida longa)",28,1,0
7,17,2,Evolucionistas,"Z=78 Pt (vida longa)",78,0,0
7,17,2,Evolucionistas,"Z=30 Zn (vida longa)",30,1,0
7,18,1,Incrementalistas,"Z=85 At (vida longa)",85,1,0
7,18,2,Evolucionistas,"Z=114 Fl (vida longa)",114,0,1
7,19,0,Empiristas,"Z=37 Rb (vida longa)",37,1,0
7,19,0,Empiristas,"Z=94 Pu (vida longa)",94,1,0
7,19,3,Isolados,"Z=3 Li (vida longa)",3,1,0
7,21,0,Empiristas,"Z=81 Tl (vida longa)",81,0,0
7,21,0,Empiristas,"Z=42 Mo (vida longa)",42,1,0
7,21,2,Evolucionistas,"Z=88 Ra (vida longa)",88,1,0
7,21,3,Isolados,"Z=12 Mg (vida longa)",12,1,0
7,21,0,Empiristas,"Z=6 C (vida longa)",6,0,1
7,22,2,Evolucionistas,"Z=79 Au (vida longa)",79,0,1
7,22,0,Empiristas,"Z=2 He (vida longa)",2,0,1
7,22,0,Empiristas,"Z=85 At (vida longa)",85,0,1
7,22,1,Incrementalistas,"Z=114 Fl (vida longa)",114,0,1
7,23,0,Empiristas,"Z=3 Li (vida longa)",3,0,0
7,23,0,Empiristas,"Z=38 Sr (vida longa)",38,1,0
7,23,3,Isolados,"Z=80 Hg (vida longa)",80,0,0
7,23,3,Isolados,"Z=98 Cf (vida longa)",98,1,0
7,24,0,Empiristas,"Z=91 Pa (vida longa)",91,1,0
7,24,0,Empiristas,"Z=60 Nd (vida longa)",60,1,0
7,24,1,Incrementalistas,"Z=83 Bi (vida longa)",83,1,0
7,24,2,Evolucionistas,"Z=112 Cn (vida longa)",112,0,0
7,24,1,Incrementalistas,"Z=88 Ra (vida longa)",88,0,1
7,25,0,Empiristas,"Z=78 Pt (vida longa)",78,0,0
7,25,2,Evolucionistas,"Z=82 Pb (vida longa)",82,0,0
7,26,1,Incrementalistas,"Z=112 Cn (vida longa)",112,0,0
7,26,2,Evolucionistas,"Z=86 Rn (vida longa)",86,0,0
7,27,0,Empiristas,"Z=46 Pd (vida longa)",46,1,0
7,27,3,Isolados,"Z=76 Os (vida longa)",76,0,0
7,28,0,Empiristas,"Z=95 Am (vida longa)",95,1,0
7,28,2,Evolucionistas,"Z=44 Ru (vida longa)",44,0,0
7,28,3,Isolados,"Z=92 U (vida longa)",92,1,0
7,29,0,Empiristas,"Z=111 Rg (vida longa)",111,0,0
7,29,0,Empiristas,"Z=66 Dy (vida longa)",66,1,0
7,29,2,Evolucionistas,"Z=51 Sb (vida longa)",51,1,0
7,30,0,Empiristas,"Z=96 Cm (vida longa)",96,1,0
7,30,0,Empiristas,"Z=92 U (vida longa)",92,0,0
7,30,1,Incrementalistas,"Z=80 Hg (vida longa)",80,0,0
7,31,0,Empiristas,"Z=25 Mn (vida longa)",25,1,0
7,31,1,Incrementalistas,"Z=111 Rg (vida longa)",111,0,0
7,32,0,Empiristas,"Z=35 Br (vida longa)",35,1,0
7,32,3,Isolados,"Z=40 Zr (vida longa)",40,1,0
7,32,3,Isolados,"Z=94 Pu (vida longa)",94,0,0
7,32,3,Isolados,"Z=2 He (vida longa)",2,0,0
7,33,0,Empiristas,"Z=30 Zn (vida longa)",30,0,0
7,33,0,Empiristas,"Z=83 Bi (vida longa)",83,0,0
7,33,1,Incrementalistas,"Z=113 Nh (vida longa)",113,0,0
7,33,3,Isolados,"Z=64 Gd (vida longa)",64,0,0
7,34,0,Empiristas,"Z=110 Ds (vida longa)",110,0,0
7,34,2,Evolucionistas,"Z=80 Hg (vida longa)",80,0,0
7,34,2,Evolucionistas,"Z=85 At (vida longa)",85,0,0
7,34,3,Isolados,"Z=115 Mc (vida longa)",115,1,0
7,35,0,Empiristas,"Z=36 Kr (vida longa)",36,1,0
7,35,0,Empiristas,"Z=113 Nh (vida longa)",113,0,0
7,35,1,Incrementalistas,"Z=110 Ds (vida longa)",110,0,0
7,36,0,Empiristas,"Z=89 Ac (vida longa)",89,1,0
7,36,0,Empiristas,"Z=112 Cn (vida longa)",112,0,0
7,36,0,Empiristas,"Z=61 Pm (vida longa)",61,1,0
7,36,0,Empiristas,"Z=50 Sn (vida longa)",50,1,0
7,36,2,Evolucionistas,"Z=111 Rg (vida longa)",111,0,0
7,37,0,Empiristas,"Z=108 Hs (vida longa)",108,0,0
7,37,0,Empiristas,"Z=33 As (vida longa)",33,1,0
7,37,1,Incrementalistas,"Z=115 Mc (vida longa)",115,0,0
7,38,0,Empiristas,"Z=58 Ce (vida longa)",58,1,0
7,38,0,Empiristas,"Z=109 Mt (vida longa)",109,0,0
7,38,0,Empiristas,"Z=101 Md (vida longa)",101,1,0
7,38,0,Empiristas,"Z=34 Se (vida longa)",34,1,0
7,39,1,Incrementalistas,"Z=75 Re (vida longa)",75,0,0
7,40,0,Empiristas,"Z=87 Fr (vida longa)",87,1,0
7,40,1,Incrementalistas,"Z=109 Mt (vida longa)",109,0,0
7,41,0,Empiristas,"Z=27 Co (vida longa)",27,1,0
7,41,0,Empiristas,"Z=93 Np (vida longa)",93,1,0
7,41,1,Incrementalistas,"Z=108 Hs (vida longa)",108,0,0
7,41,2,Evolucionistas,"Z=97 Bk (vida longa)",97,1,0
7,43,0,Empiristas,"Z=115 Mc (vida longa)",115,0,1
7,43,0,Empiristas,"Z=82 Pb (vida longa)",82,0,1
7,43,2,Evolucionistas,"Z=115 Mc (vida longa)",115,0,1
7,43,2,Evolucionistas,"Z=94 Pu (vida longa)",94,0,1
7,44,3,Isolados,"Z=97 Bk (vida longa)",97,0,0
7,45,0,Empiristas,"Z=102 No (vida longa)",102,0,0
7,45,0,Empiristas,"Z=17 Cl (vida longa)",17,1,0
7,45,2,Evolucionistas,"Z=77 Ir (vida longa)",77,0,0
7,46,2,Evolucionistas,"Z=113 Nh (vida longa)",113,0,0
7,46,3,Isolados,"Z=84 Po (vida longa)",84,0,0
7,47,0,Empiristas,"Z=16 S (vida longa)",16,1,0
7,47,2,Evolucionistas,"Z=83 Bi (vida longa)",83,0,0
7,47,2,Evolucionistas,"Z=29 Cu (vida longa)",29,1,0
7,47,2,Evolucionistas,"Z=42 Mo (vida longa)",42,0,1
7,48,0,Empiristas,"Z=53 I (vida longa)",53,1,0
7,48,3,Isolados,"Z=36 Kr (vida longa)",36,0,0
7,48,3,Isolados,"Z=105 Db (vida longa)",105,1,0
7,48,2,Evolucionistas,"Z=110 Ds (vida longa)",110,0,1
7,49,0,Empiristas,"Z=100 Fm (vida longa)",100,1,0
7,49,0,Empiristas,"Z=84 Po (vida longa)",84,0,0
7,49,0,Empiristas,"Z=32 Ge (vida longa)",32,1,0
7,49,0,Empiristas,"Z=68 Er (vida longa)",68,1,0
7,49,0,Empiristas,"Z=12 Mg (vida longa)",12,0,0
7,50,0,Empiristas,"Z=7 N (vida longa)",7,1,0
7,50,1,Incrementalistas,"Z=11 Na (vida longa)",11,1,0
7,50,2,Evolucionistas,"Z=13 Al (vida longa)",13,1,0
7,50,3,Isolados,"Z=38 Sr (vida longa)",38,0,0
7,51,0,Empiristas,"Z=23 V (vida longa)",23,1,0
7,51,0,Empiristas,"Z=47 Ag (vida longa)",47,1,0
7,51,3,Isolados,"Z=68 Er (vida longa)",68,0,0
7,51,3,Isolados,"Z=52 Te (vida longa)",52,1,0
7,51,3,Isolados,"Z=4 Be (vida longa)",4,1,0
7,52,0,Empiristas,"Z=20 Ca (vida longa)",20,1,0
7,52,0,Empiristas,"Z=14 Si (vida longa)",14,0,0
7,52,2,Evolucionistas,"Z=48 Cd (vida longa)",48,1,0
7,52,3,Isolados,"Z=13 Al (vida longa)",13,0,0
7,53,0,Empiristas,"Z=86 Rn (vida longa)",86,0,0
7,53,1,Incrementalistas,"Z=56 Ba (vida longa)",56,1,0
7,53,2,Evolucionistas,"Z=4 Be (vida longa)",4,0,0
7,55,3,Isolados,"Z=104 Rf (vida longa)",104,1,0
7,55,3,Isolados,"Z=86 Rn (vida longa)",86,0,0
7,56,1,Incrementalistas,"Z=100 Fm (vida longa)",100,0,1
7,57,0,Empiristas,"Z=104 Rf (vida longa)",104,0,0
7,59,2,Evolucionistas,"Z=102 No (vida longa)",102,0,0
7,59,2,Evolucionistas,"Z=49 In (vida longa)",49,1,0
7,59,2,Evolucionistas,"Z=53 I (vida longa)",53,0,0
7,59,3,Isolados,"Z=32 Ge (vida longa)",32,0,0
7,59,2,Evolucionistas,"Z=47 Ag (vida longa)",47,0,1
7,59,2,Evolucionistas,"Z=17 Cl (vida longa)",17,0,1
7,60,0,Empiristas,"Z=48 Cd (vida longa)",48,0,0
7,60,1,Incrementalistas,"Z=6 C (vida longa)",6,0,0
7,60,3,Isolados,"Z=8 O (vida longa)",8,1,0
7,60,1,Incrementalistas,"Z=97 Bk (vida longa)",97,0,1
7,61,0,Empiristas,"Z=62 Sm (vida longa)",62,1,0
7,61,2,Evolucionistas,"Z=93 Np (vida longa)",93,0,0
7,61,3,Isolados,"Z=63 Eu (vida longa)",63,1,0
7,62,0,Empiristas,"Z=52 Te (vida longa)",52,0,0
7,62,0,Empiristas,"Z=88 Ra (vida longa)",88,0,0
7,62,1,Incrementalistas,"Z=51 Sb (vida longa)",51,0,1
7,63,0,Empiristas,"Z=4 Be (vida longa)",4,0,0
7,63,1,Incrementalistas,"Z=57 La (vida longa)",57,1,0
7,63,2,Evolucionistas,"Z=95 Am (vida longa)",95,0,1
7,64,0,Empiristas,"Z=28 Ni (vida longa)",28,0,0
7,65,2,Evolucionistas,"Z=32 Ge (vida longa)",32,0,0
7,65,2,Evolucionistas,"Z=111 Rg (vida longa)",111,0,0
7,66,3,Isolados,"Z=1 H (vida longa)",1,1,0
7,66,2,Evolucionistas,"Z=76 Os (vida longa)",76,0,1
7,66,1,Incrementalistas,"Z=30 Zn (vida longa)",30,0,1
7,67,2,Evolucionistas,"Z=7 N (vida longa)",7,0,0
7,68,0,Empiristas,"Z=63 Eu (vida longa)",63,0,0
7,68,3,Isolados,"Z=42 Mo (vida longa)",42,0,0
7,71,3,Isolados,"Z=39 Y (vida longa)",39,1,0
7,71,3,Isolados,"Z=30 Zn (vida longa)",30,0,0
7,72,2,Evolucionistas,"Z=68 Er (vida longa)",68,0,0
7,72,2,Evolucionistas,"Z=80 Hg (vida longa)",80,0,0
7,72,3,Isolados,"nucleos efemeros",111.996,0,0
7,72,3,Isolados,"Z=85 At (vida longa)",85,0,0
7,73,1,Incrementalistas,"Z=52 Te (vida longa)",52,0,0
7,74,0,Empiristas,"Z=40 Zr (vida longa)",40,0,0
7,74,0,Empiristas,"Z=8 O (vida longa)",8,0,0
7,75,0,Empiristas,"Z=103 Lr (vida longa)",103,1,0
7,75,3,Isolados,"Z=20 Ca (vida longa)",20,0,0
7,75,3,Isolados,"Z=18 Ar (vida longa)",18,1,0
7,76,2,Evolucionistas,"Z=50 Sn (vida longa)",50,0,0
7,76,2,Evolucionistas,"Z=10 Ne (vida longa)",10,0,1
7,76,1,Incrementalistas,"Z=95 Am (vida longa)",95,0,1
7,77,3,Isolados,"Z=110 Ds (vida longa)",110,0,0
7,78,0,Empiristas,"Z=5 B (vida longa)",5,1,0
7,78,3,Isolados,"Z=3 Li (vida longa)",3,0,0
7,78,3,Isolados,"Z=78 Pt (vida longa)",78,0,0
7,78,3,Isolados,"Z=79 Au (vida longa)",79,0,0
7,79,0,Empiristas,"Z=39 Y (vida longa)",39,0,0
7,79,1,Incrementalistas,"Z=106 Sg (vida longa)",106,0,0
7,79,2,Evolucionistas,"Z=109 Mt (vida longa)",109,0,0
7,79,3,Isolados,"Z=10 Ne (vida longa)",10,0,0
7,81,0,Empiristas,"Z=56 Ba (vida longa)",56,0,0
7,81,0,Empiristas,"Z=49 In (vida longa)",49,0,0
7,81,1,Incrementalistas,"Z=12 Mg (vida longa)",12,0,0
7,81,1,Incrementalistas,"Z=31 Ga (vida longa)",31,1,0
7,81,1,Incrementalistas,"Z=55 Cs (vida longa)",55,1,0
7,81,1,Incrementalistas,"Z=32 Ge (vida longa)",32,0,1
7,82,0,Empiristas,"Z=54 Xe (vida longa)",54,1,0
7,82,1,Incrementalistas,"Z=99 Es (vida longa)",99,1,0
7,82,1,Incrementalistas,"Z=5 B (vida longa)",5,0,1
7,83,0,Empiristas,"Z=15 P (vida longa)",15,1,0
7,83,2,Evolucionistas,"Z=94 Pu (vida longa)",94,0,0
7,83,3,Isolados,"Z=12 Mg (vida longa)",12,0,0
7,83,2,Evolucionistas,"Z=103 Lr (vida longa)",103,0,1
7,84,0,Empiristas,"Z=9 F (vida longa)",9,1,0
7,84,1,Incrementalistas,"Z=98 Cf (vida longa)",98,0,0
7,84,1,Incrementalistas,"Z=27 Co (vida longa)",27,0,0
7,84,1,Incrementalistas,"Z=54 Xe (vida longa)",54,0,0
7,84,3,Isolados,"Z=61 Pm (vida longa)",61,0,0
7,84,3,Isolados,"Z=82 Pb (vida longa)",82,0,0
7,85,0,Empiristas,"Z=31 Ga (vida longa)",31,0,0
7,85,0,Empiristas,"Z=18 Ar (vida longa)",18,0,0
7,86,0,Empiristas,"Z=51 Sb (vida longa)",51,0,0
7,87,1,Incrementalistas,"Z=58 Ce (vida longa)",58,0,0
7,87,2,Evolucionistas,"Z=44 Ru (vida longa)",44,0,0
7,88,0,Empiristas,"Z=45 Rh (vida longa)",45,1,0
7,88,1,Incrementalistas,"Z=18 Ar (vida longa)",18,0,0
7,88,3,Isolados,"Z=93 Np (vida longa)",93,0,0
7,89,0,Empiristas,"Z=98 Cf (vida longa)",98,0,0
7,90,1,Incrementalistas,"Z=59 Pr (vida longa)",59,1,0
7,91,1,Incrementalistas,"Z=61 Pm (vida longa)",61,0,0
7,91,1,Incrementalistas,"Z=94 Pu (vida longa)",94,0,0
7,91,2,Evolucionistas,"Z=99 Es (vida longa)",99,0,0
7,91,3,Isolados,"Z=89 Ac (vida longa)",89,0,0
7,92,1,Incrementalistas,"Z=60 Nd (vida longa)",60,0,0
7,92,2,Evolucionistas,"Z=42 Mo (vida longa)",42,0,0
7,92,2,Evolucionistas,"Z=5 B (vida longa)",5,0,0
7,92,1,Incrementalistas,"Z=8 O (vida longa)",8,0,1
7,93,0,Empiristas,"Z=21 Sc (vida longa)",21,1,0
7,93,1,Incrementalistas,"Z=101 Md (vida longa)",101,0,0
7,93,2,Evolucionistas,"Z=21 Sc (vida longa)",21,0,0
7,94,2,Evolucionistas,"Z=24 Cr (vida longa)",24,0,0
7,94,3,Isolados,"Z=43 Tc (vida longa)",43,1,0
7,94,3,Isolados,"Z=15 P (vida longa)",15,0,0
7,95,0,Empiristas,"Z=55 Cs (vida longa)",55,0,0
7,95,1,Incrementalistas,"Z=93 Np (vida longa)",93,0,0
7,95,2,Evolucionistas,"Z=89 Ac (vida longa)",89,0,0
7,96,0,Empiristas,"Z=57 La (vida longa)",57,0,0
7,96,0,Empiristas,"Z=105 Db (vida longa)",105,0,0
7,96,2,Evolucionistas,"Z=92 U (vida longa)",92,0,0
7,96,2,Evolucionistas,"Z=101 Md (vida longa)",101,0,0
7,96,2,Evolucionistas,"Z=81 Tl (vida longa)",81,0,0
7,96,3,Isolados,"Z=77 Ir (vida longa)",77,0,0
7,96,0,Empiristas,"Z=13 Al (vida longa)",13,0,1
7,97,1,Incrementalistas,"Z=29 Cu (vida longa)",29,0,0
7,97,2,Evolucionistas,"Z=20 Ca (vida longa)",20,0,0
7,97,3,Isolados,"Z=54 Xe (vida longa)",54,0,0
7,97,3,Isolados,"Z=25 Mn (vida longa)",25,0,0
7,97,1,Incrementalistas,"Z=21 Sc (vida longa)",21,0,1
7,99,3,Isolados,"Z=50 Sn (vida longa)",50,0,0
7,99,1,Incrementalistas,"Z=87 Fr (vida longa)",87,0,1
7,100,3,Isolados,"Z=81 Tl (vida longa)",81,0,0
7,101,1,Incrementalistas,"Z=102 No (vida longa)",102,0,0
7,101,3,Isolados,"Z=102 No (vida longa)",102,0,0
7,101,3,Isolados,"Z=22 Ti (vida longa)",22,0,0
7,101,2,Evolucionistas,"Z=104 Rf (vida longa)",104,0,1
7,101,0,Empiristas,"Z=29 Cu (vida longa)",29,0,1
7,102,0,Empiristas,"Z=67 Ho (vida longa)",67,1,0
7,102,2,Evolucionistas,"Z=41 Nb (vida longa)",41,1,0
7,102,3,Isolados,"Z=90 Th (vida longa)",90,0,0
7,103,1,Incrementalistas,"Z=13 Al (vida longa)",13,0,0
7,103,2,Evolucionistas,"Z=26 Fe (vida longa)",26,0,0
7,105,3,Isolados,"Z=88 Ra (vida longa)",88,0,0
7,105,3,Isolados,"Z=60 Nd (vida longa)",60,0,0
7,106,1,Incrementalistas,"Z=62 Sm (vida longa)",62,0,0
7,106,2,Evolucionistas,"Z=87 Fr (vida longa)",87,0,0
7,106,3,Isolados,"Z=36 Kr (vida longa)",36,0,0
7,107,1,Incrementalistas,"Z=28 Ni (vida longa)",28,0,0
7,107,2,Evolucionistas,"Z=106 Sg (vida longa)",106,0,0
7,107,2,Evolucionistas,"Z=97 Bk (vida longa)",97,0,0
7,107,3,Isolados,"Z=33 As (vida longa)",33,0,0
7,108,2,Evolucionistas,"Z=71 Lu (vida longa)",71,1,0
7,108,2,Evolucionistas,"Z=12 Mg (vida longa)",12,0,0
7,108,3,Isolados,"Z=16 S (vida longa)",16,0,0
7,109,0,Empiristas,"Z=71 Lu (vida longa)",71,0,0
7,109,0,Empiristas,"Z=70 Yb (vida longa)",70,1,0
7,109,0,Empiristas,"Z=44 Ru (vida longa)",44,0,0
7,109,1,Incrementalistas,"Z=19 K (vida longa)",19,1,0
7,109,2,Evolucionistas,"Z=2 He (vida longa)",2,0,0
7,109,3,Isolados,"Z=57 La (vida longa)",57,0,0
7,109,3,Isolados,"Z=7 N (vida longa)",7,0,0
7,109,3,Isolados,"Z=17 Cl (vida longa)",17,0,0
7,110,3,Isolados,"Z=41 Nb (vida longa)",41,0,0
7,110,3,Isolados,"Z=4 Be (vida longa)",4,0,0
7,111,3,Isolados,"Z=42 Mo (vida longa)",42,0,0
7,112,1,Incrementalistas,"Z=25 Mn (vida longa)",25,0,0
7,112,3,Isolados,"Z=83 Bi (vida longa)",83,0,0
7,112,3,Isolados,"Z=5 B (vida longa)",5,0,0
7,113,0,Empiristas,"Z=97 Bk (vida longa)",97,0,1
7,113,1,Incrementalistas,"Z=96 Cm (vida longa)",96,0,1
7,114,2,Evolucionistas,"Z=62 Sm (vida longa)",62,0,0
7,114,3,Isolados,"Z=27 Co (vida longa)",27,0,0
7,115,0,Empiristas,"Z=11 Na (vida longa)",11,0,0
7,115,3,Isolados,"Z=92 U (vida longa)",92,0,0
7,116,1,Incrementalistas,"Z=14 Si (vida longa)",14,0,0
7,116,2,Evolucionistas,"Z=67 Ho (vida longa)",67,0,0
7,116,3,Isolados,"Z=72 Hf (vida longa)",72,0,0
7,117,3,Isolados,"Z=63 Eu (vida longa)",63,0,0
7,117,3,Isolados,"Z=30 Zn (vida longa)",30,0,0
7,118,2,Evolucionistas,"Z=25 Mn (vida longa)",25,0,0
7,118,2,Evolucionistas,"Z=40 Zr (vida longa)",40,0,0
7,119,3,Isolados,"Z=28 Ni (vida longa)",28,0,0
7,119,3,Isolados,"Z=91 Pa (vida longa)",91,0,0
7,120,0,Empiristas,"Z=59 Pr (vida longa)",59,0,0
7,120,2,Evolucionistas,"Z=57 La (vida longa)",57,0,0
7,121,0,Empiristas,"Z=107 Bh (vida longa)",107,0,0
7,121,1,Incrementalistas,"Z=7 N (vida longa)",7,0,0
7,121,3,Isolados,"Z=51 Sb (vida longa)",51,0,0
7,122,2,Evolucionistas,"Z=84 Po (vida longa)",84,0,0
7,122,3,Isolados,"Z=26 Fe (vida longa)",26,0,0
7,122,3,Isolados,"Z=53 I (vida longa)",53,0,0
7,123,0,Empiristas,"Z=106 Sg (vida longa)",106,0,0
7,123,3,Isolados,"Z=62 Sm (vida longa)",62,0,0
7,123,3,Isolados,"Z=73 Ta (vida longa)",73,0,0
7,124,0,Empiristas,"Z=41 Nb (vida longa)",41,0,0
7,124,0,Empiristas,"Z=99 Es (vida longa)",99,0,0
7,124,1,Incrementalistas,"Z=40 Zr (vida longa)",40,0,0
7,124,3,Isolados,"Z=66 Dy (vida longa)",66,0,0
7,125,1,Incrementalistas,"Z=22 Ti (vida longa)",22,0,0
7,126,0,Empiristas,"Z=65 Tb (vida longa)",65,1,0
7,126,1,Incrementalistas,"Z=38 Sr (vida longa)",38,0,0
7,126,1,Incrementalistas,"Z=16 S (vida longa)",16,0,0
7,126,2,Evolucionistas,"Z=8 O (vida longa)",8,0,0
7,126,2,Evolucionistas,"Z=52 Te (vida longa)",52,0,0
7,126,2,Evolucionistas,"Z=66 Dy (vida longa)",66,0,1
7,127,3,Isolados,"Z=101 Md (vida longa)",101,0,0
7,128,2,Evolucionistas,"Z=65 Tb (vida longa)",65,0,0
7,128,2,Evolucionistas,"Z=3 Li (vida longa)",3,0,0
7,128,3,Isolados,"Z=58 Ce (vida longa)",58,0,0
7,128,3,Isolados,"Z=56 Ba (vida longa)",56,0,0
7,130,1,Incrementalistas,"Z=3 Li (vida longa)",3,0,0
7,130,3,Isolados,"Z=95 Am (vida longa)",95,0,0
7,130,3,Isolados,"Z=71 Lu (vida longa)",71,0,0
7,131,2,Evolucionistas,"Z=35 Br (vida longa)",35,0,0
7,131,3,Isolados,"Z=75 Re (vida longa)",75,0,0
7,131,3,Isolados,"Z=23 V (vida longa)",23,0,0
7,132,3,Isolados,"Z=74 W (vida longa)",74,0,0
7,132,3,Isolados,"Z=6 C (vida longa)",6,0,0
7,132,3,Isolados,"Z=37 Rb (vida longa)",37,0,0
7,133,1,Incrementalistas,"Z=15 P (vida longa)",15,0,0
7,133,2,Evolucionistas,"Z=27 Co (vida longa)",27,0,0
7,133,2,Evolucionistas,"Z=15 P (vida longa)",15,0,0
7,134,1,Incrementalistas,"Z=20 Ca (vida longa)",20,0,0
7,134,2,Evolucionistas,"Z=58 Ce (vida longa)",58,0,0
7,135,1,Incrementalistas,"Z=4 Be (vida longa)",4,0,0
7,135,2,Evolucionistas,"Z=31 Ga (vida longa)",31,0,0
7,135,3,Isolados,"Z=29 Cu (vida longa)",29,0,0
7,137,3,Isolados,"Z=46 Pd (vida longa)",46,0,0
7,138,1,Incrementalistas,"Z=50 Sn (vida longa)",50,0,0
7,138,2,Evolucionistas,"Z=64 Gd (vida longa)",64,0,0
7,138,2,Evolucionistas,"Z=16 S (vida longa)",16,0,0
7,138,3,Isolados,"Z=55 Cs (vida longa)",55,0,0
7,139,3,Isolados,"Z=68 Er (vida longa)",68,0,0
7,139,3,Isolados,"nucleos efemeros",110.481,0,0
7,139,3,Isolados,"Z=111 Rg (vida longa)",111,0,0
7,139,3,Isolados,"Z=43 Tc (vida longa)",43,0,0
7,140,2,Evolucionistas,"Z=46 Pd (vida longa)",46,0,0
7,140,3,Isolados,"Z=35 Br (vida longa)",35,0,0
7,141,1,Incrementalistas,"Z=103 Lr (vida longa)",103,0,0
7,142,3,Isolados,"Z=85 At (vida longa)",85,0,0
7,142,3,Isolados,"Z=98 Cf (vida longa)",98,0,0
7,143,2,Evolucionistas,"Z=18 Ar (vida longa)",18,0,0
7,143,3,Isolados,"Z=75 Re (vida longa)",75,0,0
7,144,2,Evolucionistas,"Z=98 Cf (vida longa)",98,0,0
7,144,2,Evolucionistas,"Z=107 Bh (vida longa)",107,0,0
7,144,3,Isolados,"Z=38 Sr (vida longa)",38,0,0
7,146,0,Empiristas,"Z=19 K (vida longa)",19,0,0
7,146,1,Incrementalistas,"Z=1 H (vida longa)",1,0,0
7,147,0,Empiristas,"Z=43 Tc (vida longa)",43,0,0
7,147,2,Evolucionistas,"Z=96 Cm (vida longa)",96,0,0
7,147,2,Evolucionistas,"Z=19 K (vida longa)",19,0,0
7,147,3,Isolados,"Z=26 Fe (vida longa)",26,0,0
7,147,3,Isolados,"Z=58 Ce (vida longa)",58,0,0
7,148,1,Incrementalistas,"Z=74 W (vida longa)",74,0,0
7,148,1,Incrementalistas,"Z=73 Ta (vida longa)",73,0,0
7,148,1,Incrementalistas,"Z=39 Y (vida longa)",39,0,0
7,148,2,Evolucionistas,"Z=45 Rh (vida longa)",45,0,0
7,149,1,Incrementalistas,"Z=53 I (vida longa)",53,0,0
7,149,1,Incrementalistas,"Z=17 Cl (vida longa)",17,0,0
7,149,2,Evolucionistas,"Z=14 Si (vida longa)",14,0,0
7,149,3,Isolados,"Z=71 Lu (vida longa)",71,0,0
7,149,3,Isolados,"Z=11 Na (vida longa)",11,0,0
7,149,3,Isolados,"Z=34 Se (vida longa)",34,0,0
7,150,2,Evolucionistas,"Z=38 Sr (vida longa)",38,0,0
7,150,1,Incrementalistas,"Z=82 Pb (vida longa)",82,0,1
7,150,1,Incrementalistas,"Z=48 Cd (vida longa)",48,0,1
7,150,2,Evolucionistas,"Z=73 Ta (vida longa)",73,0,1
7,151,1,Incrementalistas,"Z=5 B (vida longa)",5,0,0
7,151,1,Incrementalistas,"Z=20 Ca (vida longa)",20,0,0
7,151,2,Evolucionistas,"Z=39 Y (vida longa)",39,0,0
7,151,2,Evolucionistas,"Z=61 Pm (vida longa)",61,0,0
7,151,3,Isolados,"Z=55 Cs (vida longa)",55,0,0
7,151,3,Isolados,"Z=31 Ga (vida longa)",31,0,0
7,151,3,Isolados,"Z=21 Sc (vida longa)",21,0,0
7,151,3,Isolados,"Z=105 Db (vida longa)",105,0,0
7,151,3,Isolados,"Z=60 Nd (vida longa)",60,0,0
7,152,2,Evolucionistas,"Z=59 Pr (vida longa)",59,0,0
7,152,2,Evolucionistas,"Z=56 Ba (vida longa)",56,0,0
7,152,2,Evolucionistas,"Z=60 Nd (vida longa)",60,0,0
7,152,1,Incrementalistas,"Z=75 Re (vida longa)",75,0,1
7,153,1,Incrementalistas,"Z=109 Mt (vida longa)",109,0,0
7,153,2,Evolucionistas,"Z=33 As (vida longa)",33,0,0
7,153,3,Isolados,"Z=101 Md (vida longa)",101,0,0
7,153,3,Isolados,"Z=45 Rh (vida longa)",45,0,0
7,153,3,Isolados,"Z=80 Hg (vida longa)",80,0,0
7,154,1,Incrementalistas,"Z=49 In (vida longa)",49,0,0
7,154,1,Incrementalistas,"Z=103 Lr (vida longa)",103,0,0
7,155,1,Incrementalistas,"Z=41 Nb (vida longa)",41,0,0
7,155,1,Incrementalistas,"Z=62 Sm (vida longa)",62,0,0
7,155,3,Isolados,"Z=19 K (vida longa)",19,0,0
7,155,3,Isolados,"Z=52 Te (vida longa)",52,0,0
7,155,3,Isolados,"Z=48 Cd (vida longa)",48,0,0
7,155,1,Incrementalistas,"Z=33 As (vida longa)",33,0,1
7,156,1,Incrementalistas,"Z=52 Te (vida longa)",52,0,0
7,156,1,Incrementalistas,"Z=10 Ne (vida longa)",10,0,0
7,157,2,Evolucionistas,"Z=93 Np (vida longa)",93,0,0
7,157,2,Evolucionistas,"Z=36 Kr (vida longa)",36,0,0
7,157,1,Incrementalistas,"Z=7 N (vida longa)",7,0,1
7,158,1,Incrementalistas,"Z=72 Hf (vida longa)",72,0,0
7,158,2,Evolucionistas,"Z=11 Na (vida longa)",11,0,0
7,158,3,Isolados,"Z=59 Pr (vida longa)",59,0,0
7,158,3,Isolados,"Z=100 Fm (vida longa)",100,0,0
7,158,1,Incrementalistas,"Z=89 Ac (vida longa)",89,0,1
7,159,1,Incrementalistas,"Z=31 Ga (vida longa)",31,0,0
7,159,3,Isolados,"Z=70 Yb (vida longa)",70,0,0
7,159,3,Isolados,"Z=69 Tm (vida longa)",69,0,0
7,160,2,Evolucionistas,"Z=108 Hs (vida longa)",108,0,0
7,160,3,Isolados,"Z=50 Sn (vida longa)",50,0,0
7,160,3,Isolados,"Z=96 Cm (vida longa)",96,0,0
7,161,1,Incrementalistas,"Z=104 Rf (vida longa)",104,0,0
7,161,3,Isolados,"Z=94 Pu (vida longa)",94,0,0
7,161,2,Evolucionistas,"Z=54 Xe (vida longa)",54,0,1
7,162,2,Evolucionistas,"Z=69 Tm (vida longa)",69,0,0
7,162,3,Isolados,"Z=47 Ag (vida longa)",47,0,0
7,162,1,Incrementalistas,"Z=102 No (vida longa)",102,0,1
7,163,1,Incrementalistas,"Z=100 Fm (vida longa)",100,0,0
7,163,3,Isolados,"Z=4 Be (vida longa)",4,0,0
7,163,3,Isolados,"Z=3 Li (vida longa)",3,0,0
7,163,3,Isolados,"Z=56 Ba (vida longa)",56,0,0
7,164,1,Incrementalistas,"Z=36 Kr (vida longa)",36,0,0
7,164,3,Isolados,"Z=42 Mo (vida longa)",42,0,0
7,164,3,Isolados,"Z=65 Tb (vida longa)",65,0,0
7,164,3,Isolados,"Z=44 Ru (vida longa)",44,0,0
7,165,1,Incrementalistas,"Z=13 Al (vida longa)",13,0,0
7,165,1,Incrementalistas,"Z=23 V (vida longa)",23,0,0
7,165,1,Incrementalistas,"Z=4 Be (vida longa)",4,0,0
7,165,1,Incrementalistas,"Z=91 Pa (vida longa)",91,0,0
7,166,3,Isolados,"Z=20 Ca (vida longa)",20,0,0
7,166,3,Isolados,"Z=93 Np (vida longa)",93,0,0
7,166,3,Isolados,"Z=64 Gd (vida longa)",64,0,0
7,167,2,Evolucionistas,"Z=37 Rb (vida longa)",37,0,0
7,168,3,Isolados,"Z=67 Ho (vida longa)",67,0,0
7,168,3,Isolados,"Z=87 Fr (vida longa)",87,0,0
7,169,1,Incrementalistas,"Z=50 Sn (vida longa)",50,0,0
7,169,2,Evolucionistas,"Z=9 F (vida longa)",9,0,0
7,170,1,Incrementalistas,"Z=16 S (vida longa)",16,0,0
7,170,1,Incrementalistas,"Z=107 Bh (vida longa)",107,0,0
7,170,1,Incrementalistas,"Z=44 Ru (vida longa)",44,0,0
7,170,1,Incrementalistas,"Z=21 Sc (vida longa)",21,0,0
7,170,3,Isolados,"Z=84 Po (vida longa)",84,0,0
7,170,3,Isolados,"Z=46 Pd (vida longa)",46,0,0
7,171,3,Isolados,"Z=8 O (vida longa)",8,0,0
7,172,1,Incrementalistas,"Z=57 La (vida longa)",57,0,0
7,172,1,Incrementalistas,"Z=3 Li (vida longa)",3,0,0
7,172,1,Incrementalistas,"Z=79 Au (vida longa)",79,0,0
7,172,2,Evolucionistas,"Z=55 Cs (vida longa)",55,0,0
7,172,3,Isolados,"Z=49 In (vida longa)",49,0,0
7,172,3,Isolados,"Z=53 I (vida longa)",53,0,0
7,174,1,Incrementalistas,"Z=34 Se (vida longa)",34,0,0
7,175,1,Incrementalistas,"Z=30 Zn (vida longa)",30,0,0
7,175,1,Incrementalistas,"Z=64 Gd (vida longa)",64,0,0
7,175,1,Incrementalistas,"Z=22 Ti (vida longa)",22,0,0
7,175,1,Incrementalistas,"Z=24 Cr (vida longa)",24,0,0
7,175,2,Evolucionistas,"Z=34 Se (vida longa)",34,0,0
7,175,2,Evolucionistas,"Z=1 H (vida longa)",1,0,0
7,175,3,Isolados,"Z=28 Ni (vida longa)",28,0,0
7,175,3,Isolados,"Z=23 V (vida longa)",23,0,0
7,175,3,Isolados,"Z=97 Bk (vida longa)",97,0,0
7,176,3,Isolados,"Z=106 Sg (vida longa)",106,0,0
7,177,2,Evolucionistas,"Z=70 Yb (vida longa)",70,0,0
7,177,3,Isolados,"Z=32 Ge (vida longa)",32,0,0
7,177,3,Isolados,"Z=99 Es (vida longa)",99,0,0
7,179,1,Incrementalistas,"Z=86 Rn (vida longa)",86,0,0
7,179,1,Incrementalistas,"Z=15 P (vida longa)",15,0,0
7,179,3,Isolados,"Z=24 Cr (vida longa)",24,0,0
7,180,2,Evolucionistas,"Z=105 Db (vida longa)",105,0,0
7,181,1,Incrementalistas,"Z=26 Fe (vida longa)",26,0,0
7,182,2,Evolucionistas,"Z=100 Fm (vida longa)",100,0,0
7,183,0,Empiristas,"Z=73 Ta (vida longa)",73,0,0
7,183,2,Evolucionistas,"Z=63 Eu (vida longa)",63,0,0
7,184,1,Incrementalistas,"Z=84 Po (vida longa)",84,0,0
7,184,1,Incrementalistas,"Z=55 Cs (vida longa)",55,0,0
7,185,1,Incrementalistas,"Z=47 Ag (vida longa)",47,0,0
7,187,1,Incrementalistas,"Z=63 Eu (vida longa)",63,0,0
7,187,1,Incrementalistas,"Z=92 U (vida longa)",92,0,0
7,188,1,Incrementalistas,"Z=46 Pd (vida longa)",46,0,0
7,189,3,Isolados,"Z=103 Lr (vida longa)",103,0,0
7,190,1,Incrementalistas,"Z=37 Rb (vida longa)",37,0,0
7,190,1,Incrementalistas,"Z=35 Br (vida longa)",35,0,0
7,190,3,Isolados,"Z=7 N (vida longa)",7,0,0
7,191,1,Incrementalistas,"Z=88 Ra (vida longa)",88,0,0
7,191,1,Incrementalistas,"Z=40 Zr (vida longa)",40,0,0
7,192,1,Incrementalistas,"Z=105 Db (vida longa)",105,0,0
7,195,2,Evolucionistas,"Z=91 Pa (vida longa)",91,0,0
7,196,1,Incrementalistas,"Z=45 Rh (vida longa)",45,0,0
7,197,1,Incrementalistas,"Z=9 F (vida longa)",9,0,0
7,198,3,Isolados,"Z=1 H (vida longa)",1,0,0
7,199,2,Evolucionistas,"Z=23 V (vida longa)",23,0,0
7,199,2,Evolucionistas,"Z=43 Tc (vida longa)",43,0,0
7,201,1,Incrementalistas,"Z=42 Mo (vida longa)",42,0,0
7,201,0,Empiristas,"Z=1 H (vida longa)",1,0,1
7,201,1,Incrementalistas,"Z=66 Dy (vida longa)",66,0,1
7,203,1,Incrementalistas,"Z=43 Tc (vida longa)",43,0,0
7,203,1,Incrementalistas,"Z=65 Tb (vida longa)",65,0,0
7,206,3,Isolados,"Z=9 F (vida longa)",9,0,0
7,208,1,Incrementalistas,"Z=68 Er (vida longa)",68,0,0
7,212,1,Incrementalistas,"Z=2 He (vida longa)",2,0,0
7,213,1,Incrementalistas,"Z=70 Yb (vida longa)",70,0,0
7,215,1,Incrementalistas,"Z=69 Tm (vida longa)",69,0,0
7,217,1,Incrementalistas,"Z=67 Ho (vida longa)",67,0,0
7,232,1,Incrementalistas,"Z=71 Lu (vida longa)",71,0,0
8,0,0,Empiristas,"Z=47 Ag (vida longa)",47,1,0
8,0,0,Empiristas,"nucleos efemeros",-3.89232,1,0
8,0,0,Empiristas,"Z=44 Ru (vida longa)",44,1,0
8,0,0,Empiristas,"Z=50 Sn (vida longa)",50,1,0
8,0,1,Incrementalistas,"nucleos efemeros",17.9224,0,0
8,0,2,Evolucionistas,"nucleos efemeros",6.03235,0,0
8,0,2,Evolucionistas,"Z=4 Be (vida longa)",4,1,0
8,0,3,Isolados,"nucleos efemeros",11.2535,0,0
8,1,2,Evolucionistas,"Z=5 B (vida longa)",5,1,0
8,1,2,Evolucionistas,"Z=50 Sn (vida longa)",50,0,1
8,2,0,Empiristas,"Z=3 Li (vida longa)",3,1,0
8,2,2,Evolucionistas,"Z=16 S (vida longa)",16,1,0
8,3,0,Empiristas,"Z=26 Fe (vida longa)",26,1,0
8,3,0,Empiristas,"Z=48 Cd (vida longa)",48,1,0
8,3,2,Evolucionistas,"Z=46 Pd (vida longa)",46,1,0
8,3,3,Isolados,"Z=38 Sr (vida longa)",38,1,0
8,4,0,Empiristas,"Z=23 V (vida longa)",23,1,0
8,4,2,Evolucionistas,"Z=44 Ru (vida longa)",44,0,0
8,4,2,Evolucionistas,"Z=111 Rg (vida longa)",111,1,0
8,6,0,Empiristas,"Z=22 Ti (vida longa)",22,1,0
8,6,2,Evolucionistas,"Z=47 Ag (vida longa)",47,0,0
8,6,2,Evolucionistas,"Z=48 Cd (vida longa)",48,0,0
8,6,0,Empiristas,"Z=111 Rg (vida longa)",111,0,1
8,6,2,Evolucionistas,"Z=23 V (vida longa)",23,0,1
8,8,0,Empiristas,"Z=28 Ni (vida longa)",28,1,0
8,8,0,Empiristas,"Z=46 Pd (vida longa)",46,0,0
8,8,0,Empiristas,"Z=114 Fl (vida longa)",114,1,0
8,8,0,Empiristas,"Z=14 Si (vida longa)",14,1,0
8,8,2,Evolucionistas,"Z=114 Fl (vida longa)",114,0,0
8,8,3,Isolados,"Z=40 Zr (vida longa)",40,1,0
8,8,3,Isolados,"Z=24 Cr (vida longa)",24,1,0
8,9,0,Empiristas,"Z=41 Nb (vida longa)",41,1,0
8,9,2,Evolucionistas,"Z=42 Mo (vida longa)",42,1,0
8,9,3,Isolados,"Z=39 Y (vida longa)",39,1,0
8,10,2,Evolucionistas,"Z=79 Au (vida longa)",79,1,0
8,10,2,Evolucionistas,"Z=24 Cr (vida longa)",24,0,0
8,10,3,Isolados,"Z=3 Li (vida longa)",3,0,0
8,11,0,Empiristas,"Z=52 Te (vida longa)",52,1,0
8,11,0,Empiristas,"Z=6 C (vida longa)",6,1,0
8,11,2,Evolucionistas,"Z=78 Pt (vida longa)",78,1,0
8,11,2,Evolucionistas,"Z=82 Pb (vida longa)",82,1,0
8,11,3,Isolados,"Z=79 Au (vida longa)",79,0,0
8,12,0,Empiristas,"Z=34 Se (vida longa)",34,1,0
8,12,0,Empiristas,"Z=70 Yb (vida longa)",70,1,0
8,12,3,Isolados,"Z=78 Pt (vida longa)",78,0,0
8,12,3,Isolados,"Z=21 Sc (vida longa)",21,1,0
8,12,1,Incrementalistas,"Z=114 Fl (vida longa)",114,0,1
8,12,1,Incrementalistas,"Z=52 Te (vida longa)",52,0,1
8,12,1,Incrementalistas,"Z=28 Ni (vida longa)",28,0,1
8,13,0,Empiristas,"Z=45 Rh (vida longa)",45,1,0
8,13,0,Empiristas,"Z=80 Hg (vida longa)",80,1,0
8,14,2,Evolucionistas,"Z=81 Tl (vida longa)",81,1,0
8,14,2,Evolucionistas,"Z=112 Cn (vida longa)",112,1,0
8,14,3,Isolados,"Z=77 Ir (vida longa)",77,1,0
8,15,0,Empiristas,"Z=91 Pa (vida longa)",91,1,0
8,15,0,Empiristas,"Z=5 B (vida longa)",5,0,0
8,15,1,Incrementalistas,"Z=26 Fe (vida longa)",26,0,0
8,15,2,Evolucionistas,"Z=96 Cm (vida longa)",96,1,0
8,15,3,Isolados,"Z=30 Zn (vida longa)",30,1,0
8,16,0,Empiristas,"Z=66 Dy (vida longa)",66,1,0
8,16,1,Incrementalistas,"Z=27 Co (vida longa)",27,1,0
8,16,2,Evolucionistas,"Z=113 Nh (vida longa)",113,1,0
8,16,3,Isolados,"Z=80 Hg (vida longa)",80,0,0
8,16,1,Incrementalistas,"Z=91 Pa (vida longa)",91,0,1
8,17,3,Isolados,"Z=85 At (vida longa)",85,1,0
8,18,3,Isolados,"Z=19 K (vida longa)",19,1,0
8,19,0,Empiristas,"Z=79 Au (vida longa)",79,0,0
8,19,2,Evolucionistas,"Z=98 Cf (vida longa)",98,1,0
8,19,2,Evolucionistas,"Z=109 Mt (vida longa)",109,1,0
8,19,2,Evolucionistas,"Z=80 Hg (vida longa)",80,0,0
8,19,2,Evolucionistas,"Z=101 Md (vida longa)",101,1,0
8,20,0,Empiristas,"Z=88 Ra (vida longa)",88,1,0
8,20,1,Incrementalistas,"Z=90 Th (vida longa)",90,1,0
8,20,3,Isolados,"Z=76 Os (vida longa)",76,1,0
8,20,3,Isolados,"Z=87 Fr (vida longa)",87,1,0
8,21,0,Empiristas,"Z=82 Pb (vida longa)",82,0,0
8,21,0,Empiristas,"Z=93 Np (vida longa)",93,1,0
8,21,1,Incrementalistas,"Z=88 Ra (vida longa)",88,0,0
8,21,3,Isolados,"Z=33 As (vida longa)",33,1,0
8,21,2,Evolucionistas,"Z=45 Rh (vida longa)",45,0,1
8,22,1,Incrementalistas,"Z=86 Rn (vida longa)",86,1,0
8,23,1,Incrementalistas,"Z=23 V (vida longa)",23,0,0
8,23,1,Incrementalistas,"Z=30 Zn (vida longa)",30,0,0
8,23,3,Isolados,"Z=81 Tl (vida longa)",81,0,0
8,23,1,Incrementalistas,"Z=111 Rg (vida longa)",111,0,1
8,24,0,Empiristas,"Z=109 Mt (vida longa)",109,0,0
8,24,1,Incrementalistas,"Z=108 Hs (vida longa)",108,1,0
8,24,3,Isolados,"Z=83 Bi (vida longa)",83,1,0
8,24,2,Evolucionistas,"Z=88 Ra (vida longa)",88,0,1
8,25,0,Empiristas,"Z=112 Cn (vida longa)",112,0,0
8,25,0,Empiristas,"Z=108 Hs (vida longa)",108,0,0
8,25,0,Empiristas,"Z=2 He (vida longa)",2,1,0
8,25,1,Incrementalistas,"Z=94 Pu (vida longa)",94,1,0
8,25,2,Evolucionistas,"Z=7 N (vida longa)",7,1,0
8,25,2,Evolucionistas,"Z=15 P (vida longa)",15,1,0
8,25,1,Incrementalistas,"Z=46 Pd (vida longa)",46,0,1
8,26,1,Incrementalistas,"Z=106 Sg (vida longa)",106,1,0
8,26,1,Incrementalistas,"Z=113 Nh (vida longa)",113,0,0
8,26,2,Evolucionistas,"Z=108 Hs (vida longa)",108,0,0
8,27,0,Empiristas,"Z=110 Ds (vida longa)",110,1,0
8,27,0,Empiristas,"Z=83 Bi (vida longa)",83,0,0
8,27,0,Empiristas,"Z=102 No (vida longa)",102,1,0
8,27,1,Incrementalistas,"Z=109 Mt (vida longa)",109,0,0
8,27,1,Incrementalistas,"Z=112 Cn (vida longa)",112,0,0
8,27,3,Isolados,"Z=112 Cn (vida longa)",112,0,0
8,28,0,Empiristas,"Z=40 Zr (vida longa)",40,0,0
8,28,1,Incrementalistas,"Z=107 Bh (vida longa)",107,1,0
8,28,3,Isolados,"Z=36 Kr (vida longa)",36,1,0
8,29,0,Empiristas,"Z=31 Ga (vida longa)",31,1,0
8,29,0,Empiristas,"Z=113 Nh (vida longa)",113,0,0
8,29,2,Evolucionistas,"Z=37 Rb (vida longa)",37,1,0
8,29,3,Isolados,"Z=114 Fl (vida longa)",114,0,0
8,29,3,Isolados,"Z=100 Fm (vida longa)",100,1,0
8,30,0,Empiristas,"Z=81 Tl (vida longa)",81,0,0
8,30,1,Incrementalistas,"Z=95 Am (vida longa)",95,1,0
8,30,1,Incrementalistas,"Z=44 Ru (vida longa)",44,0,1
8,31,3,Isolados,"Z=82 Pb (vida longa)",82,0,0
8,32,0,Empiristas,"Z=94 Pu (vida longa)",94,0,0
8,32,1,Incrementalistas,"Z=110 Ds (vida longa)",110,0,0
8,32,3,Isolados,"Z=88 Ra (vida longa)",88,0,0
8,33,0,Empiristas,"Z=63 Eu (vida longa)",63,1,0
8,33,3,Isolados,"Z=90 Th (vida longa)",90,0,0
8,34,0,Empiristas,"Z=64 Gd (vida longa)",64,1,0
8,34,3,Isolados,"Z=113 Nh (vida longa)",113,0,0
8,35,0,Empiristas,"Z=58 Ce (vida longa)",58,1,0
8,35,0,Empiristas,"Z=115 Mc (vida longa)",115,1,0
8,35,2,Evolucionistas,"Z=6 C (vida longa)",6,0,0
8,36,0,Empiristas,"Z=65 Tb (vida longa)",65,1,0
8,36,2,Evolucionistas,"Z=110 Ds (vida longa)",110,0,0
8,36,2,Evolucionistas,"Z=26 Fe (vida longa)",26,0,0
8,36,3,Isolados,"Z=92 U (vida longa)",92,1,0
8,36,3,Isolados,"Z=115 Mc (vida longa)",115,0,0
8,37,0,Empiristas,"Z=42 Mo (vida longa)",42,0,0
8,37,0,Empiristas,"Z=18 Ar (vida longa)",18,1,0
8,37,0,Empiristas,"Z=100 Fm (vida longa)",100,0,0
8,38,0,Empiristas,"Z=107 Bh (vida longa)",107,0,0
8,38,2,Evolucionistas,"Z=92 U (vida longa)",92,0,0
8,38,3,Isolados,"Z=111 Rg (vida longa)",111,0,0
8,38,3,Isolados,"Z=28 Ni (vida longa)",28,0,0
8,39,0,Empiristas,"Z=8 O (vida longa)",8,1,0
8,39,1,Incrementalistas,"Z=115 Mc (vida longa)",115,0,0
8,39,2,Evolucionistas,"Z=67 Ho (vida longa)",67,1,0
8,40,0,Empiristas,"Z=32 Ge (vida longa)",32,1,0
8,40,0,Empiristas,"Z=104 Rf (vida longa)",104,1,0
8,40,1,Incrementalistas,"Z=97 Bk (vida longa)",97,1,0
8,40,2,Evolucionistas,"Z=2 He (vida longa)",2,0,0
8,41,0,Empiristas,"Z=76 Os (vida longa)",76,0,0
8,42,3,Isolados,"Z=61 Pm (vida longa)",61,1,0
8,42,2,Evolucionistas,"Z=115 Mc (vida longa)",115,0,1
8,42,0,Empiristas,"Z=101 Md (vida longa)",101,0,1
8,42,1,Incrementalistas,"Z=15 P (vida longa)",15,0,1
8,43,1,Incrementalistas,"Z=25 Mn (vida longa)",25,1,0
8,43,3,Isolados,"Z=44 Ru (vida longa)",44,0,0
8,45,0,Empiristas,"Z=4 Be (vida longa)",4,0,1
8,45,2,Evolucionistas,"Z=107 Bh (vida longa)",107,0,1
8,46,0,Empiristas,"Z=61 Pm (vida longa)",61,0,0
8,46,3,Isolados,"Z=86 Rn (vida longa)",86,0,0
8,46,3,Isolados,"Z=43 Tc (vida longa)",43,1,0
8,46,2,Evolucionistas,"Z=94 Pu (vida longa)",94,0,1
8,46,0,Empiristas,"Z=96 Cm (vida longa)",96,0,1
8,47,0,Empiristas,"Z=54 Xe (vida longa)",54,1,0
8,47,0,Empiristas,"Z=13 Al (vida longa)",13,1,0
8,47,3,Isolados,"Z=26 Fe (vida longa)",26,0,0
8,48,0,Empiristas,"Z=25 Mn (vida longa)",25,0,0
8,48,0,Empiristas,"Z=78 Pt (vida longa)",78,0,0
8,48,0,Empiristas,"Z=74 W (vida longa)",74,1,0
8,48,2,Evolucionistas,"Z=76 Os (vida longa)",76,0,0
8,49,1,Incrementalistas,"Z=89 Ac (vida longa)",89,1,0
8,49,3,Isolados,"Z=72 Hf (vida longa)",72,1,0
8,50,0,Empiristas,"Z=75 Re (vida longa)",75,1,0
8,51,3,Isolados,"Z=91 Pa (vida longa)",91,0,0
8,51,3,Isolados,"Z=109 Mt (vida longa)",109,0,0
8,51,3,Isolados,"Z=110 Ds (vida longa)",110,0,0
8,51,3,Isolados,"Z=94 Pu (vida longa)",94,0,0
8,52,1,Incrementalistas,"Z=93 Np (vida longa)",93,0,0
8,52,3,Isolados,"Z=108 Hs (vida longa)",108,0,0
8,53,0,Empiristas,"Z=68 Er (vida longa)",68,1,0
8,53,3,Isolados,"Z=20 Ca (vida longa)",20,1,0
8,54,2,Evolucionistas,"Z=106 Sg (vida longa)",106,0,1
8,54,2,Evolucionistas,"Z=100 Fm (vida longa)",100,0,1
8,55,0,Empiristas,"Z=27 Co (vida longa)",27,0,0
8,55,0,Empiristas,"Z=73 Ta (vida longa)",73,1,0
8,57,3,Isolados,"Z=62 Sm (vida longa)",62,1,0
8,57,3,Isolados,"Z=93 Np (vida longa)",93,0,0
8,58,0,Empiristas,"Z=84 Po (vida longa)",84,1,0
8,58,0,Empiristas,"Z=37 Rb (vida longa)",37,0,0
8,58,0,Empiristas,"Z=17 Cl (vida longa)",17,1,0
8,58,0,Empiristas,"Z=20 Ca (vida longa)",20,0,0
8,58,1,Incrementalistas,"Z=64 Gd (vida longa)",64,0,0
8,58,2,Evolucionistas,"Z=91 Pa (vida longa)",91,0,0
8,59,0,Empiristas,"Z=77 Ir (vida longa)",77,0,0
8,59,1,Incrementalistas,"Z=104 Rf (vida longa)",104,0,1
8,60,0,Empiristas,"Z=51 Sb (vida longa)",51,1,0
8,61,3,Isolados,"Z=67 Ho (vida longa)",67,0,0
8,61,3,Isolados,"Z=71 Lu (vida longa)",71,1,0
8,61,1,Incrementalistas,"Z=32 Ge (vida longa)",32,0,1
8,62,1,Incrementalistas,"Z=42 Mo (vida longa)",42,0,0
8,62,1,Incrementalistas,"Z=34 Se (vida longa)",34,0,0
8,62,1,Incrementalistas,"Z=37 Rb (vida longa)",37,0,1
8,62,0,Empiristas,"Z=106 Sg (vida longa)",106,0,1
8,63,1,Incrementalistas,"Z=13 Al (vida longa)",13,0,0
8,63,2,Evolucionistas,"Z=95 Am (vida longa)",95,0,0
8,63,1,Incrementalistas,"Z=7 N (vida longa)",7,0,1
8,64,2,Evolucionistas,"Z=70 Yb (vida longa)",70,0,0
8,64,1,Incrementalistas,"Z=77 Ir (vida longa)",77,0,1
8,65,2,Evolucionistas,"Z=66 Dy (vida longa)",66,0,0
8,65,3,Isolados,"Z=15 P (vida longa)",15,0,0
8,66,0,Empiristas,"Z=71 Lu (vida longa)",71,0,0
8,66,1,Incrementalistas,"Z=35 Br (vida longa)",35,1,0
8,66,1,Incrementalistas,"Z=3 Li (vida longa)",3,0,1
8,67,0,Empiristas,"Z=59 Pr (vida longa)",59,1,0
8,68,1,Incrementalistas,"Z=8 O (vida longa)",8,0,0
8,68,1,Incrementalistas,"Z=33 As (vida longa)",33,0,0
8,68,2,Evolucionistas,"Z=28 Ni (vida longa)",28,0,0
8,69,0,Empiristas,"Z=24 Cr (vida longa)",24,0,0
8,69,1,Incrementalistas,"Z=43 Tc (vida longa)",43,0,0
8,70,0,Empiristas,"Z=11 Na (vida longa)",11,1,0
8,70,1,Incrementalistas,"Z=96 Cm (vida longa)",96,0,0
8,70,1,Incrementalistas,"Z=54 Xe (vida longa)",54,0,0
8,70,3,Isolados,"Z=16 S (vida longa)",16,0,0
8,71,2,Evolucionistas,"Z=10 Ne (vida longa)",10,1,0
8,71,3,Isolados,"Z=50 Sn (vida longa)",50,0,0
8,72,0,Empiristas,"Z=36 Kr (vida longa)",36,0,0
8,72,2,Evolucionistas,"Z=18 Ar (vida longa)",18,0,0
8,72,3,Isolados,"Z=57 La (vida longa)",57,1,0
8,73,0,Empiristas,"Z=49 In (vida longa)",49,1,0
8,73,2,Evolucionistas,"Z=84 Po (vida longa)",84,0,1
8,74,0,Empiristas,"Z=99 Es (vida longa)",99,1,0
8,74,1,Incrementalistas,"Z=105 Db (vida longa)",105,1,0
8,74,2,Evolucionistas,"Z=49 In (vida longa)",49,0,0
8,75,0,Empiristas,"Z=53 I (vida longa)",53,1,0
8,76,0,Empiristas,"Z=35 Br (vida longa)",35,0,0
8,76,0,Empiristas,"Z=16 S (vida longa)",16,0,0
8,76,1,Incrementalistas,"Z=101 Md (vida longa)",101,0,0
8,76,2,Evolucionistas,"Z=99 Es (vida longa)",99,0,0
8,76,3,Isolados,"Z=64 Gd (vida longa)",64,0,0
8,77,1,Incrementalistas,"Z=38 Sr (vida longa)",38,0,0
8,77,2,Evolucionistas,"Z=89 Ac (vida longa)",89,0,0
8,77,3,Isolados,"Z=58 Ce (vida longa)",58,0,0
8,78,1,Incrementalistas,"Z=78 Pt (vida longa)",78,0,0
8,78,3,Isolados,"Z=29 Cu (vida longa)",29,1,0
8,78,2,Evolucionistas,"Z=41 Nb (vida longa)",41,0,1
8,78,0,Empiristas,"Z=89 Ac (vida longa)",89,0,1
8,78,1,Incrementalistas,"Z=82 Pb (vida longa)",82,0,1
8,79,0,Empiristas,"Z=86 Rn (vida longa)",86,0,0
8,79,0,Empiristas,"Z=60 Nd (vida longa)",60,1,0
8,79,0,Empiristas,"Z=19 K (vida longa)",19,0,0
8,80,3,Isolados,"Z=60 Nd (vida longa)",60,0,0
8,81,2,Evolucionistas,"Z=30 Zn (vida longa)",30,0,0
8,82,1,Incrementalistas,"Z=74 W (vida longa)",74,0,0
8,82,3,Isolados,"Z=69 Tm (vida longa)",69,1,0
8,82,3,Isolados,"Z=66 Dy (vida longa)",66,0,0
8,82,3,Isolados,"Z=42 Mo (vida longa)",42,0,0
8,84,0,Empiristas,"Z=87 Fr (vida longa)",87,0,0
8,84,3,Isolados,"Z=12 Mg (vida longa)",12,1,0
8,84,3,Isolados,"Z=27 Co (vida longa)",27,0,0
8,85,0,Empiristas,"Z=38 Sr (vida longa)",38,0,0
8,85,1,Incrementalistas,"Z=41 Nb (vida longa)",41,0,0
8,86,0,Empiristas,"Z=103 Lr (vida longa)",103,1,0
8,86,2,Evolucionistas,"Z=32 Ge (vida longa)",32,0,0
8,86,2,Evolucionistas,"Z=68 Er (vida longa)",68,0,0
8,86,3,Isolados,"Z=17 Cl (vida longa)",17,0,0
8,87,2,Evolucionistas,"Z=54 Xe (vida longa)",54,0,0
8,88,0,Empiristas,"Z=9 F (vida longa)",9,1,0
8,88,1,Incrementalistas,"Z=63 Eu (vida longa)",63,0,0
8,88,3,Isolados,"Z=54 Xe (vida longa)",54,0,0
8,88,2,Evolucionistas,"Z=65 Tb (vida longa)",65,0,1
8,89,2,Evolucionistas,"Z=27 Co (vida longa)",27,0,1
8,90,0,Empiristas,"Z=7 N (vida longa)",7,0,0
8,90,1,Incrementalistas,"Z=18 Ar (vida longa)",18,0,0
8,90,1,Incrementalistas,"Z=80 Hg (vida longa)",80,0,0
8,90,1,Incrementalistas,"Z=50 Sn (vida longa)",50,0,0
8,90,3,Isolados,"Z=74 W (vida longa)",74,0,0
8,90,3,Isolados,"Z=22 Ti (vida longa)",22,0,0
8,91,1,Incrementalistas,"Z=4 Be (vida longa)",4,0,0
8,91,2,Evolucionistas,"Z=25 Mn (vida longa)",25,0,0
8,92,0,Empiristas,"Z=95 Am (vida longa)",95,0,0
8,92,1,Incrementalistas,"Z=81 Tl (vida longa)",81,0,0
8,92,1,Incrementalistas,"Z=85 At (vida longa)",85,0,0
8,93,0,Empiristas,"Z=69 Tm (vida longa)",69,0,0
8,93,3,Isolados,"Z=75 Re (vida longa)",75,0,0
8,93,3,Isolados,"Z=23 V (vida longa)",23,0,0
8,93,3,Isolados,"Z=2 He (vida longa)",2,0,0
8,93,3,Isolados,"Z=49 In (vida longa)",49,0,0
8,96,1,Incrementalistas,"Z=92 U (vida longa)",92,0,0
8,96,3,Isolados,"Z=48 Cd (vida longa)",48,0,0
8,97,2,Evolucionistas,"Z=33 As (vida longa)",33,0,1
8,98,0,Empiristas,"Z=21 Sc (vida longa)",21,0,0
8,98,0,Empiristas,"Z=10 Ne (vida longa)",10,0,0
8,98,1,Incrementalistas,"Z=24 Cr (vida longa)",24,0,0
8,98,1,Incrementalistas,"Z=21 Sc (vida longa)",21,0,0
8,98,3,Isolados,"Z=4 Be (vida longa)",4,0,0
8,99,0,Empiristas,"Z=29 Cu (vida longa)",29,0,0
8,99,0,Empiristas,"Z=30 Zn (vida longa)",30,0,0
8,99,1,Incrementalistas,"Z=65 Tb (vida longa)",65,0,1
8,100,0,Empiristas,"Z=72 Hf (vida longa)",72,0,0
8,100,1,Incrementalistas,"Z=40 Zr (vida longa)",40,0,0
8,100,1,Incrementalistas,"Z=5 B (vida longa)",5,0,0
8,100,1,Incrementalistas,"Z=29 Cu (vida longa)",29,0,0
8,100,2,Evolucionistas,"Z=59 Pr (vida longa)",59,0,0
8,101,3,Isolados,"Z=8 O (vida longa)",8,0,0
8,102,0,Empiristas,"Z=97 Bk (vida longa)",97,0,0
8,102,2,Evolucionistas,"Z=29 Cu (vida longa)",29,0,0
8,102,3,Isolados,"Z=45 Rh (vida longa)",45,0,0
8,103,1,Incrementalistas,"Z=2 He (vida longa)",2,0,1
8,104,2,Evolucionistas,"Z=53 I (vida longa)",53,0,0
8,104,3,Isolados,"Z=53 I (vida longa)",53,0,0
8,105,0,Empiristas,"Z=39 Y (vida longa)",39,0,0
8,105,0,Empiristas,"Z=92 U (vida longa)",92,0,0
8,105,1,Incrementalistas,"Z=99 Es (vida longa)",99,0,0
8,105,2,Evolucionistas,"Z=8 O (vida longa)",8,0,0
8,105,3,Isolados,"Z=65 Tb (vida longa)",65,0,0
8,106,2,Evolucionistas,"Z=58 Ce (vida longa)",58,0,0
8,106,3,Isolados,"Z=73 Ta (vida longa)",73,0,0
8,106,3,Isolados,"Z=101 Md (vida longa)",101,0,0
8,107,0,Empiristas,"Z=12 Mg (vida longa)",12,0,0
8,107,1,Incrementalistas,"Z=68 Er (vida longa)",68,0,0
8,107,2,Evolucionistas,"Z=64 Gd (vida longa)",64,0,0
8,107,3,Isolados,"Z=37 Rb (vida longa)",37,0,0
8,107,3,Isolados,"Z=18 Ar (vida longa)",18,0,0
8,108,2,Evolucionistas,"Z=9 F (vida longa)",9,0,0
8,108,2,Evolucionistas,"Z=97 Bk (vida longa)",97,0,0
8,109,2,Evolucionistas,"Z=14 Si (vida longa)",14,0,0
8,109,3,Isolados,"Z=10 Ne (vida longa)",10,0,0
8,109,3,Isolados,"Z=113 Nh (vida longa)",113,0,0
8,109,3,Isolados,"Z=112 Cn (vida longa)",112,0,0
8,110,0,Empiristas,"Z=55 Cs (vida longa)",55,1,0
8,110,1,Incrementalistas,"Z=6 C (vida longa)",6,0,0
8,110,2,Evolucionistas,"Z=62 Sm (vida longa)",62,0,0
8,111,0,Empiristas,"Z=62 Sm (vida longa)",62,0,0
8,111,0,Empiristas,"Z=15 P (vida longa)",15,0,0
8,111,1,Incrementalistas,"Z=45 Rh (vida longa)",45,0,0
8,111,3,Isolados,"Z=110 Ds (vida longa)",110,0,0
8,112,3,Isolados,"Z=41 Nb (vida longa)",41,0,0
8,113,1,Incrementalistas,"Z=56 Ba (vida longa)",56,1,0
8,113,2,Evolucionistas,"Z=13 Al (vida longa)",13,0,0
8,115,0,Empiristas,"Z=57 La (vida longa)",57,0,0
8,115,0,Empiristas,"Z=114 Fl (vida longa)",114,0,0
8,115,0,Empiristas,"Z=112 Cn (vida longa)",112,0,0
8,115,1,Incrementalistas,"Z=10 Ne (vida longa)",10,0,0
8,115,1,Incrementalistas,"Z=75 Re (vida longa)",75,0,0
8,116,0,Empiristas,"Z=10 Ne (vida longa)",10,0,0
8,116,1,Incrementalistas,"Z=16 S (vida longa)",16,0,0
8,117,0,Empiristas,"Z=85 At (vida longa)",85,0,0
8,117,1,Incrementalistas,"Z=60 Nd (vida longa)",60,0,0
8,117,1,Incrementalistas,"Z=103 Lr (vida longa)",103,0,0
8,117,2,Evolucionistas,"Z=3 Li (vida longa)",3,0,0
8,117,3,Isolados,"Z=40 Zr (vida longa)",40,0,0
8,117,3,Isolados,"Z=13 Al (vida longa)",13,0,0
8,118,0,Empiristas,"Z=20 Ca (vida longa)",20,0,0
8,118,2,Evolucionistas,"Z=52 Te (vida longa)",52,0,0
8,118,3,Isolados,"Z=93 Np (vida longa)",93,0,0
8,118,3,Isolados,"Z=75 Re (vida longa)",75,0,0
8,119,0,Empiristas,"Z=69 Tm (vida longa)",69,0,0
8,119,0,Empiristas,"Z=66 Dy (vida longa)",66,0,0
8,119,0,Empiristas,"Z=90 Th (vida longa)",90,0,0
8,119,0,Empiristas,"Z=42 Mo (vida longa)",42,0,0
8,119,0,Empiristas,"Z=72 Hf (vida longa)",72,0,0
8,119,1,Incrementalistas,"Z=57 La (vida longa)",57,0,0
8,120,0,Empiristas,"Z=59 Pr (vida longa)",59,0,0
8,120,0,Empiristas,"Z=13 Al (vida longa)",13,0,0
8,120,3,Isolados,"Z=106 Sg (vida longa)",106,0,0
8,120,3,Isolados,"Z=9 F (vida longa)",9,0,0
8,121,0,Empiristas,"Z=50 Sn (vida longa)",50,0,0
8,121,1,Incrementalistas,"Z=102 No (vida longa)",102,0,0
8,121,2,Evolucionistas,"Z=31 Ga (vida longa)",31,0,0
8,121,2,Evolucionistas,"Z=34 Se (vida longa)",34,0,0
8,122,0,Empiristas,"Z=95 Am (vida longa)",95,0,0
8,122,1,Incrementalistas,"Z=12 Mg (vida longa)",12,0,0
8,122,1,Incrementalistas,"Z=48 Cd (vida longa)",48,0,0
8,122,2,Evolucionistas,"Z=72 Hf (vida longa)",72,0,0
8,122,3,Isolados,"Z=55 Cs (vida longa)",55,0,0
8,122,3,Isolados,"Z=74 W (vida longa)",74,0,0
8,122,3,Isolados,"Z=63 Eu (vida longa)",63,0,0
8,122,0,Empiristas,"Z=49 In (vida longa)",49,0,1
8,122,2,Evolucionistas,"Z=57 La (vida longa)",57,0,1
8,123,2,Evolucionistas,"Z=93 Np (vida longa)",93,0,0
8,124,1,Incrementalistas,"Z=31 Ga (vida longa)",31,0,0
8,124,2,Evolucionistas,"Z=90 Th (vida longa)",90,0,0
8,125,0,Empiristas,"Z=56 Ba (vida longa)",56,0,0
8,125,0,Empiristas,"Z=77 Ir (vida longa)",77,0,0
8,126,2,Evolucionistas,"Z=73 Ta (vida longa)",73,0,0
8,126,2,Evolucionistas,"Z=56 Ba (vida longa)",56,0,0
8,126,2,Evolucionistas,"Z=63 Eu (vida longa)",63,0,0
8,126,3,Isolados,"Z=32 Ge (vida longa)",32,0,0
8,126,3,Isolados,"Z=76 Os (vida longa)",76,0,0
8,127,0,Empiristas,"Z=2 He (vida longa)",2,0,0
8,127,3,Isolados,"Z=53 I (vida longa)",53,0,0
8,128,0,Empiristas,"Z=18 Ar (vida longa)",18,0,0
8,128,0,Empiristas,"Z=68 Er (vida longa)",68,0,0
8,128,1,Incrementalistas,"Z=39 Y (vida longa)",39,0,0
8,128,3,Isolados,"Z=78 Pt (vida longa)",78,0,0
8,129,0,Empiristas,"Z=29 Cu (vida longa)",29,0,0
8,130,0,Empiristas,"Z=64 Gd (vida longa)",64,0,0
8,130,1,Incrementalistas,"Z=17 Cl (vida longa)",17,0,0
8,130,1,Incrementalistas,"Z=72 Hf (vida longa)",72,0,0
8,130,2,Evolucionistas,"Z=36 Kr (vida longa)",36,0,0
8,130,3,Isolados,"Z=66 Dy (vida longa)",66,0,0
8,131,0,Empiristas,"Z=83 Bi (vida longa)",83,0,0
8,131,0,Empiristas,"Z=12 Mg (vida longa)",12,0,0
8,131,2,Evolucionistas,"Z=12 Mg (vida longa)",12,0,0
8,132,1,Incrementalistas,"Z=14 Si (vida longa)",14,0,0
8,132,2,Evolucionistas,"Z=86 Rn (vida longa)",86,0,0
8,132,2,Evolucionistas,"Z=60 Nd (vida longa)",60,0,0
8,132,3,Isolados,"Z=56 Ba (vida longa)",56,0,0
8,132,2,Evolucionistas,"Z=17 Cl (vida longa)",17,0,1
8,133,2,Evolucionistas,"Z=22 Ti (vida longa)",22,0,0
8,133,3,Isolados,"Z=18 Ar (vida longa)",18,0,0
8,133,3,Isolados,"Z=44 Ru (vida longa)",44,0,0
8,133,3,Isolados,"Z=52 Te (vida longa)",52,0,0
8,133,1,Incrementalistas,"Z=47 Ag (vida longa)",47,0,1
8,134,2,Evolucionistas,"Z=85 At (vida longa)",85,0,0
8,134,3,Isolados,"Z=104 Rf (vida longa)",104,0,0
8,134,0,Empiristas,"Z=33 As (vida longa)",33,0,1
8,135,2,Evolucionistas,"Z=104 Rf (vida longa)",104,0,0
8,135,3,Isolados,"Z=30 Zn (vida longa)",30,0,0
8,135,2,Evolucionistas,"Z=17 Cl (vida longa)",17,0,1
8,136,3,Isolados,"Z=14 Si (vida longa)",14,0,0
8,137,2,Evolucionistas,"Z=43 Tc (vida longa)",43,0,0
8,137,2,Evolucionistas,"Z=40 Zr (vida longa)",40,0,0
8,137,3,Isolados,"Z=50 Sn (vida longa)",50,0,0
8,137,3,Isolados,"Z=77 Ir (vida longa)",77,0,0
8,137,3,Isolados,"Z=5 B (vida longa)",5,0,0
8,138,0,Empiristas,"Z=75 Re (vida longa)",75,0,0
8,138,3,Isolados,"Z=7 N (vida longa)",7,0,0
8,138,3,Isolados,"Z=68 Er (vida longa)",68,0,0
8,138,0,Empiristas,"Z=25 Mn (vida longa)",25,0,1
8,139,0,Empiristas,"Z=107 Bh (vida longa)",107,0,0
8,140,0,Empiristas,"Z=27 Co (vida longa)",27,0,0
8,140,3,Isolados,"Z=2 He (vida longa)",2,0,0
8,140,3,Isolados,"Z=6 C (vida longa)",6,0,0
8,141,0,Empiristas,"Z=81 Tl (vida longa)",81,0,0
8,141,0,Empiristas,"Z=98 Cf (vida longa)",98,0,0
8,141,0,Empiristas,"Z=74 W (vida longa)",74,0,0
8,141,1,Incrementalistas,"Z=62 Sm (vida longa)",62,0,0
8,141,1,Incrementalistas,"Z=87 Fr (vida longa)",87,0,0
8,141,2,Evolucionistas,"Z=109 Mt (vida longa)",109,0,0
8,141,3,Isolados,"Z=47 Ag (vida longa)",47,0,0
8,141,3,Isolados,"Z=91 Pa (vida longa)",91,0,0
8,141,3,Isolados,"Z=99 Es (vida longa)",99,0,0
8,142,0,Empiristas,"Z=21 Sc (vida longa)",21,0,0
8,142,1,Incrementalistas,"Z=9 F (vida longa)",9,0,0
8,142,1,Incrementalistas,"Z=66 Dy (vida longa)",66,0,0
8,143,0,Empiristas,"Z=67 Ho (vida longa)",67,0,0
8,143,1,Incrementalistas,"Z=70 Yb (vida longa)",70,0,0
8,143,1,Incrementalistas,"Z=61 Pm (vida longa)",61,0,0
8,143,3,Isolados,"Z=80 Hg (vida longa)",80,0,0
8,143,3,Isolados,"Z=46 Pd (vida longa)",46,0,0
8,143,3,Isolados,"Z=24 Cr (vida longa)",24,0,0
8,144,2,Evolucionistas,"Z=8 O (vida longa)",8,0,0
8,144,2,Evolucionistas,"Z=82 Pb (vida longa)",82,0,0
8,144,2,Evolucionistas,"Z=31 Ga (vida longa)",31,0,0
8,145,1,Incrementalistas,"Z=22 Ti (vida longa)",22,0,0
8,145,2,Evolucionistas,"Z=102 No (vida longa)",102,0,0
8,146,0,Empiristas,"Z=65 Tb (vida longa)",65,0,0
8,146,1,Incrementalistas,"Z=49 In (vida longa)",49,0,0
8,146,3,Isolados,"Z=51 Sb (vida longa)",51,0,0
8,147,2,Evolucionistas,"Z=16 S (vida longa)",16,0,0
8,148,2,Evolucionistas,"Z=88 Ra (vida longa)",88,0,0
8,148,2,Evolucionistas,"Z=68 Er (vida longa)",68,0,0
8,148,3,Isolados,"Z=35 Br (vida longa)",35,0,0
8,148,0,Empiristas,"Z=105 Db (vida longa)",105,0,1
8,148,1,Incrementalistas,"Z=73 Ta (vida longa)",73,0,1
8,149,0,Empiristas,"Z=35 Br (vida longa)",35,0,0
8,149,1,Incrementalistas,"Z=20 Ca (vida longa)",20,0,0
8,149,1,Incrementalistas,"Z=67 Ho (vida longa)",67,0,0
8,149,1,Incrementalistas,"Z=76 Os (vida longa)",76,0,0
8,149,2,Evolucionistas,"Z=61 Pm (vida longa)",61,0,0
8,149,2,Evolucionistas,"Z=76 Os (vida longa)",76,0,0
8,149,3,Isolados,"Z=70 Yb (vida longa)",70,0,0
8,150,3,Isolados,"Z=31 Ga (vida longa)",31,0,0
8,151,2,Evolucionistas,"Z=60 Nd (vida longa)",60,0,0
8,151,3,Isolados,"Z=59 Pr (vida longa)",59,0,0
8,152,2,Evolucionistas,"Z=86 Rn (vida longa)",86,0,0
8,152,3,Isolados,"Z=25 Mn (vida longa)",25,0,0
8,152,3,Isolados,"Z=34 Se (vida longa)",34,0,0
8,152,3,Isolados,"Z=98 Cf (vida longa)",98,0,0
8,152,3,Isolados,"Z=95 Am (vida longa)",95,0,0
8,153,3,Isolados,"Z=69 Tm (vida longa)",69,0,0
8,153,3,Isolados,"Z=11 Na (vida longa)",11,0,0
8,154,2,Evolucionistas,"Z=115 Mc (vida longa)",115,0,0
8,155,1,Incrementalistas,"Z=98 Cf (vida longa)",98,0,0
8,155,2,Evolucionistas,"Z=4 Be (vida longa)",4,0,0
8,156,3,Isolados,"Z=15 P (vida longa)",15,0,0
8,157,1,Incrementalistas,"Z=53 I (vida longa)",53,0,0
8,158,0,Empiristas,"Z=88 Ra (vida longa)",88,0,0
8,158,0,Empiristas,"Z=78 Pt (vida longa)",78,0,0
8,158,3,Isolados,"Z=71 Lu (vida longa)",71,0,0
8,159,0,Empiristas,"Z=55 Cs (vida longa)",55,0,0
8,159,0,Empiristas,"Z=89 Ac (vida longa)",89,0,0
8,159,2,Evolucionistas,"Z=107 Bh (vida longa)",107,0,0
8,159,3,Isolados,"Z=96 Cm (vida longa)",96,0,0
8,160,2,Evolucionistas,"Z=41 Nb (vida longa)",41,0,0
8,160,3,Isolados,"Z=97 Bk (vida longa)",97,0,0
8,161,1,Incrementalistas,"Z=19 K (vida longa)",19,0,0
8,161,2,Evolucionistas,"Z=17 Cl (vida longa)",17,0,1
8,162,2,Evolucionistas,"Z=21 Sc (vida longa)",21,0,0
8,162,2,Evolucionistas,"Z=22 Ti (vida longa)",22,0,0
8,162,2,Evolucionistas,"Z=80 Hg (vida longa)",80,0,0
8,163,2,Evolucionistas,"Z=79 Au (vida longa)",79,0,0
8,163,2,Evolucionistas,"Z=51 Sb (vida longa)",51,0,0
8,164,1,Incrementalistas,"Z=55 Cs (vida longa)",55,0,0
8,164,1,Incrementalistas,"Z=58 Ce (vida longa)",58,0,0
8,164,2,Evolucionistas,"Z=56 Ba (vida longa)",56,0,0
8,165,2,Evolucionistas,"Z=14 Si (vida longa)",14,0,0
8,165,3,Isolados,"Z=73 Ta (vida longa)",73,0,0
8,168,2,Evolucionistas,"Z=20 Ca (vida longa)",20,0,0
8,168,2,Evolucionistas,"Z=89 Ac (vida longa)",89,0,1
8,169,2,Evolucionistas,"Z=64 Gd (vida longa)",64,0,0
8,169,2,Evolucionistas,"Z=106 Sg (vida longa)",106,0,0
8,169,3,Isolados,"Z=54 Xe (vida longa)",54,0,0
8,170,2,Evolucionistas,"Z=105 Db (vida longa)",105,0,0
8,171,1,Incrementalistas,"Z=11 Na (vida longa)",11,0,0
8,171,2,Evolucionistas,"Z=103 Lr (vida longa)",103,0,0
8,171,1,Incrementalistas,"Z=36 Kr (vida longa)",36,0,1
8,172,2,Evolucionistas,"Z=69 Tm (vida longa)",69,0,0
8,172,2,Evolucionistas,"Z=72 Hf (vida longa)",72,0,0
8,172,2,Evolucionistas,"Z=52 Te (vida longa)",52,0,0
8,173,1,Incrementalistas,"Z=100 Fm (vida longa)",100,0,0
8,173,2,Evolucionistas,"Z=87 Fr (vida longa)",87,0,0
8,173,2,Evolucionistas,"Z=71 Lu (vida longa)",71,0,0
8,173,2,Evolucionistas,"Z=96 Cm (vida longa)",96,0,0
8,175,2,Evolucionistas,"Z=98 Cf (vida longa)",98,0,0
8,175,2,Evolucionistas,"Z=74 W (vida longa)",74,0,0
8,175,2,Evolucionistas,"Z=108 Hs (vida longa)",108,0,0
8,175,3,Isolados,"Z=103 Lr (vida longa)",103,0,0
8,176,2,Evolucionistas,"Z=15 P (vida longa)",15,0,0
8,176,2,Evolucionistas,"Z=6 C (vida longa)",6,0,0
8,176,3,Isolados,"Z=105 Db (vida longa)",105,0,0
8,176,3,Isolados,"Z=86 Rn (vida longa)",86,0,0
8,178,1,Incrementalistas,"Z=79 Au (vida longa)",79,0,0
8,178,2,Evolucionistas,"Z=10 Ne (vida longa)",10,0,0
8,178,2,Evolucionistas,"Z=97 Bk (vida longa)",97,0,0
8,179,2,Evolucionistas,"Z=55 Cs (vida longa)",55,0,0
8,179,2,Evolucionistas,"Z=13 Al (vida longa)",13,0,0
8,180,0,Empiristas,"Z=108 Hs (vida longa)",108,0,0
8,180,2,Evolucionistas,"Z=38 Sr (vida longa)",38,0,0
8,180,3,Isolados,"Z=84 Po (vida longa)",84,0,0
8,181,0,Empiristas,"Z=43 Tc (vida longa)",43,0,0
8,181,2,Evolucionistas,"Z=42 Mo (vida longa)",42,0,0
8,181,2,Evolucionistas,"Z=12 Mg (vida longa)",12,0,0
8,181,2,Evolucionistas,"Z=61 Pm (vida longa)",61,0,0
8,181,3,Isolados,"Z=107 Bh (vida longa)",107,0,0
8,182,2,Evolucionistas,"Z=39 Y (vida longa)",39,0,0
8,182,2,Evolucionistas,"Z=95 Am (vida longa)",95,0,0
8,183,2,Evolucionistas,"Z=77 Ir (vida longa)",77,0,0
8,183,2,Evolucionistas,"Z=33 As (vida longa)",33,0,0
8,184,0,Empiristas,"Z=104 Rf (vida longa)",104,0,0
8,184,2,Evolucionistas,"Z=81 Tl (vida longa)",81,0,0
8,185,2,Evolucionistas,"Z=101 Md (vida longa)",101,0,0
8,185,2,Evolucionistas,"Z=48 Cd (vida longa)",48,0,0
8,186,2,Evolucionistas,"Z=47 Ag (vida longa)",47,0,0
8,188,3,Isolados,"Z=1 H (vida longa)",1,1,0
8,188,2,Evolucionistas,"Z=7 N (vida longa)",7,0,1
8,191,2,Evolucionistas,"Z=73 Ta (vida longa)",73,0,0
8,191,2,Evolucionistas,"Z=91 Pa (vida longa)",91,0,1
8,192,2,Evolucionistas,"Z=88 Ra (vida longa)",88,0,0
8,192,2,Evolucionistas,"Z=49 In (vida longa)",49,0,0
8,193,2,Evolucionistas,"Z=36 Kr (vida longa)",36,0,0
8,195,2,Evolucionistas,"Z=18 Ar (vida longa)",18,0,0
8,195,2,Evolucionistas,"Z=30 Zn (vida longa)",30,0,0
8,195,2,Evolucionistas,"Z=11 Na (vida longa)",11,0,0
8,195,2,Evolucionistas,"Z=19 K (vida longa)",19,0,0
8,196,2,Evolucionistas,"Z=31 Ga (vida longa)",31,0,0
8,196,3,Isolados,"Z=89 Ac (vida longa)",89,0,0
8,198,2,Evolucionistas,"Z=65 Tb (vida longa)",65,0,0
8,198,2,Evolucionistas,"Z=83 Bi (vida longa)",83,0,0
8,199,1,Incrementalistas,"Z=51 Sb (vida longa)",51,0,0
8,201,2,Evolucionistas,"Z=35 Br (vida longa)",35,0,1
8,203,1,Incrementalistas,"Z=84 Po (vida longa)",84,0,0
8,205,2,Evolucionistas,"Z=75 Re (vida longa)",75,0,0
8,206,2,Evolucionistas,"Z=45 Rh (vida longa)",45,0,0
8,209,1,Incrementalistas,"Z=83 Bi (vida longa)",83,0,0
8,209,2,Evolucionistas,"Z=67 Ho (vida longa)",67,0,0
8,210,2,Evolucionistas,"Z=37 Rb (vida longa)",37,0,0
8,219,3,Isolados,"Z=102 No (vida longa)",102,0,0
8,224,2,Evolucionistas,"Z=1 H (vida longa)",1,0,0
8,243,1,Incrementalistas,"Z=69 Tm (vida longa)",69,0,0
8,248,1,Incrementalistas,"Z=71 Lu (vida longa)",71,0,0
8,268,1,Incrementalistas,"Z=59 Pr (vida longa)",59,0,0
9,0,0,Empiristas,"nucleos efemeros",8.00506,1,0
9,0,0,Empiristas,"Z=60 Nd (vida longa)",60,1,0
9,0,1,Incrementalistas,"nucleos efemeros",-6.32269,0,0
9,0,1,Incrementalistas,"Z=106 Sg (vida longa)",106,1,0
9,0,1,Incrementalistas,"Z=107 Bh (vida longa)",107,1,0
9,0,1,Incrementalistas,"Z=105 Db (vida longa)",105,1,0
9,0,2,Evolucionistas,"Z=48 Cd (vida longa)",48,1,0
9,0,3,Isolados,"Z=2 He (vida longa)",2,1,0
9,0,3,Isolados,"nucleos efemeros",95.7755,0,0
9,1,0,Empiristas,"Z=20 Ca (vida longa)",20,1,0
9,1,1,Incrementalistas,"Z=109 Mt (vida longa)",109,1,0
9,1,1,Incrementalistas,"Z=108 Hs (vida longa)",108,1,0
9,1,2,Evolucionistas,"nucleos efemeros",43.6109,0,0
9,1,2,Evolucionistas,"Z=47 Ag (vida longa)",47,1,0
9,1,2,Evolucionistas,"Z=45 Rh (vida longa)",45,1,0
9,2,0,Empiristas,"Z=18 Ar (vida longa)",18,1,0
9,2,1,Incrementalistas,"Z=112 Cn (vida longa)",112,1,0
9,2,3,Isolados,"Z=101 Md (vida longa)",101,1,0
9,2,3,Isolados,"Z=102 No (vida longa)",102,1,0
9,3,0,Empiristas,"Z=27 Co (vida longa)",27,1,0
9,3,1,Incrementalistas,"Z=110 Ds (vida longa)",110,1,0
9,4,0,Empiristas,"Z=57 La (vida longa)",57,1,0
9,4,0,Empiristas,"Z=30 Zn (vida longa)",30,1,0
9,4,1,Incrementalistas,"Z=111 Rg (vida longa)",111,1,0
9,4,1,Incrementalistas,"Z=113 Nh (vida longa)",113,1,0
9,4,2,Evolucionistas,"Z=49 In (vida longa)",49,1,0
9,4,3,Isolados,"Z=107 Bh (vida longa)",107,0,0
9,5,2,Evolucionistas,"Z=44 Ru (vida longa)",44,1,0
9,5,2,Evolucionistas,"Z=50 Sn (vida longa)",50,1,0
9,6,0,Empiristas,"Z=54 Xe (vida longa)",54,1,0
9,6,0,Empiristas,"Z=58 Ce (vida longa)",58,1,0
9,6,0,Empiristas,"Z=96 Cm (vida longa)",96,1,0
9,6,1,Incrementalistas,"Z=114 Fl (vida longa)",114,1,0
9,6,1,Incrementalistas,"Z=103 Lr (vida longa)",103,1,0
9,7,0,Empiristas,"Z=86 Rn (vida longa)",86,1,0
9,7,1,Incrementalistas,"Z=115 Mc (vida longa)",115,1,0
9,7,3,Isolados,"Z=99 Es (vida longa)",99,1,0
9,7,3,Isolados,"Z=100 Fm (vida longa)",100,1,0
9,8,2,Evolucionistas,"Z=43 Tc (vida longa)",43,1,0
9,9,0,Empiristas,"Z=14 Si (vida longa)",14,1,0
9,10,0,Empiristas,"Z=22 Ti (vida longa)",22,1,0
9,11,1,Incrementalistas,"Z=48 Cd (vida longa)",48,0,1
9,11,2,Evolucionistas,"Z=115 Mc (vida longa)",115,0,1
9,11,2,Evolucionistas,"Z=103 Lr (vida longa)",103,0,1
9,12,0,Empiristas,"Z=110 Ds (vida longa)",110,0,0
9,13,0,Empiristas,"Z=56 Ba (vida longa)",56,1,0
9,13,2,Evolucionistas,"Z=106 Sg (vida longa)",106,0,0
9,13,2,Evolucionistas,"Z=38 Sr (vida longa)",38,1,0
9,14,2,Evolucionistas,"Z=113 Nh (vida longa)",113,0,0
9,15,0,Empiristas,"Z=5 B (vida longa)",5,1,0
9,15,0,Empiristas,"Z=112 Cn (vida longa)",112,0,0
9,15,1,Incrementalistas,"Z=104 Rf (vida longa)",104,1,0
9,15,2,Evolucionistas,"Z=59 Pr (vida longa)",59,1,0
9,15,1,Incrementalistas,"Z=47 Ag (vida longa)",47,0,1
9,16,0,Empiristas,"Z=114 Fl (vida longa)",114,0,0
9,16,0,Empiristas,"Z=17 Cl (vida longa)",17,1,0
9,16,2,Evolucionistas,"Z=105 Db (vida longa)",105,0,1
9,17,0,Empiristas,"Z=10 Ne (vida longa)",10,1,0
9,17,0,Empiristas,"Z=46 Pd (vida longa)",46,1,0
9,17,3,Isolados,"Z=12 Mg (vida longa)",12,1,0
9,17,3,Isolados,"Z=105 Db (vida longa)",105,0,0
9,17,3,Isolados,"Z=27 Co (vida longa)",27,0,0
9,18,0,Empiristas,"Z=50 Sn (vida longa)",50,0,0
9,18,2,Evolucionistas,"Z=40 Zr (vida longa)",40,1,0
9,18,3,Isolados,"Z=103 Lr (vida longa)",103,0,0
9,18,3,Isolados,"Z=28 Ni (vida longa)",28,1,0
9,18,2,Evolucionistas,"Z=104 Rf (vida longa)",104,0,1
9,19,0,Empiristas,"Z=88 Ra (vida longa)",88,1,0
9,19,0,Empiristas,"Z=80 Hg (vida longa)",80,1,0
9,19,3,Isolados,"Z=108 Hs (vida longa)",108,0,0
9,20,3,Isolados,"Z=48 Cd (vida longa)",48,0,0
9,21,0,Empiristas,"Z=63 Eu (vida longa)",63,1,0
9,21,2,Evolucionistas,"Z=52 Te (vida longa)",52,1,0
9,21,3,Isolados,"Z=78 Pt (vida longa)",78,1,0
9,22,0,Empiristas,"Z=72 Hf (vida longa)",72,1,0
9,22,0,Empiristas,"Z=98 Cf (vida longa)",98,1,0
9,22,0,Empiristas,"Z=4 Be (vida longa)",4,1,0
9,22,2,Evolucionistas,"Z=108 Hs (vida longa)",108,0,0
9,22,3,Isolados,"Z=98 Cf (vida longa)",98,0,0
9,23,3,Isolados,"Z=106 Sg (vida longa)",106,0,0
9,24,2,Evolucionistas,"Z=107 Bh (vida longa)",107,0,0
9,24,3,Isolados,"Z=97 Bk (vida longa)",97,1,0
9,24,0,Empiristas,"Z=115 Mc (vida longa)",115,0,1
9,24,0,Empiristas,"Z=52 Te (vida longa)",52,0,1
9,24,2,Evolucionistas,"Z=72 Hf (vida longa)",72,0,1
9,25,0,Empiristas,"Z=71 Lu (vida longa)",71,1,0
9,25,0,Empiristas,"Z=51 Sb (vida longa)",51,1,0
9,25,2,Evolucionistas,"Z=79 Au (vida longa)",79,1,0
9,25,2,Evolucionistas,"Z=66 Dy (vida longa)",66,1,0
9,26,2,Evolucionistas,"Z=46 Pd (vida longa)",46,0,0
9,26,2,Evolucionistas,"Z=110 Ds (vida longa)",110,0,0
9,27,0,Empiristas,"Z=6 C (vida longa)",6,1,0
9,27,0,Empiristas,"Z=94 Pu (vida longa)",94,1,0
9,27,0,Empiristas,"Z=95 Am (vida longa)",95,1,0
9,27,1,Incrementalistas,"Z=102 No (vida longa)",102,0,0
9,27,3,Isolados,"Z=31 Ga (vida longa)",31,1,0
9,27,3,Isolados,"Z=73 Ta (vida longa)",73,1,0
9,28,0,Empiristas,"Z=108 Hs (vida longa)",108,0,0
9,28,2,Evolucionistas,"Z=109 Mt (vida longa)",109,0,0
9,28,3,Isolados,"Z=112 Cn (vida longa)",112,0,0
9,28,3,Isolados,"Z=109 Mt (vida longa)",109,0,0
9,28,1,Incrementalistas,"Z=38 Sr (vida longa)",38,0,1
9,29,0,Empiristas,"Z=74 W (vida longa)",74,1,0
9,29,2,Evolucionistas,"Z=112 Cn (vida longa)",112,0,0
9,29,3,Isolados,"Z=47 Ag (vida longa)",47,0,0
9,29,2,Evolucionistas,"Z=17 Cl (vida longa)",17,0,1
9,29,0,Empiristas,"Z=45 Rh (vida longa)",45,0,1
9,30,3,Isolados,"Z=50 Sn (vida longa)",50,0,0
9,30,3,Isolados,"Z=25 Mn (vida longa)",25,1,0
9,31,2,Evolucionistas,"Z=111 Rg (vida longa)",111,0,0
9,31,2,Evolucionistas,"Z=114 Fl (vida longa)",114,0,0
9,31,2,Evolucionistas,"Z=4 Be (vida longa)",4,0,0
9,31,3,Isolados,"Z=92 U (vida longa)",92,1,0
9,31,0,Empiristas,"Z=47 Ag (vida longa)",47,0,1
9,31,1,Incrementalistas,"Z=71 Lu (vida longa)",71,0,1
9,32,0,Empiristas,"Z=100 Fm (vida longa)",100,0,0
9,32,3,Isolados,"Z=63 Eu (vida longa)",63,0,0
9,33,0,Empiristas,"Z=55 Cs (vida longa)",55,1,0
9,34,0,Empiristas,"Z=107 Bh (vida longa)",107,0,0
9,34,1,Incrementalistas,"Z=69 Tm (vida longa)",69,1,0
9,34,3,Isolados,"Z=104 Rf (vida longa)",104,0,0
9,34,3,Isolados,"Z=110 Ds (vida longa)",110,0,0
9,34,1,Incrementalistas,"Z=50 Sn (vida longa)",50,0,1
9,35,0,Empiristas,"Z=64 Gd (vida longa)",64,1,0
9,35,1,Incrementalistas,"Z=26 Fe (vida longa)",26,1,0
9,35,3,Isolados,"Z=111 Rg (vida longa)",111,0,0
9,36,0,Empiristas,"Z=33 As (vida longa)",33,1,0
9,36,1,Incrementalistas,"Z=100 Fm (vida longa)",100,0,0
9,36,3,Isolados,"Z=94 Pu (vida longa)",94,0,0
9,36,0,Empiristas,"Z=40 Zr (vida longa)",40,0,1
9,36,2,Evolucionistas,"Z=74 W (vida longa)",74,0,1
9,37,0,Empiristas,"Z=12 Mg (vida longa)",12,0,0
9,37,0,Empiristas,"Z=113 Nh (vida longa)",113,0,0
9,37,1,Incrementalistas,"Z=3 Li (vida longa)",3,1,0
9,38,3,Isolados,"Z=113 Nh (vida longa)",113,0,0
9,39,0,Empiristas,"Z=13 Al (vida longa)",13,1,0
9,39,2,Evolucionistas,"Z=20 Ca (vida longa)",20,0,0
9,40,0,Empiristas,"Z=35 Br (vida longa)",35,1,0
9,41,0,Empiristas,"Z=73 Ta (vida longa)",73,0,0
9,41,3,Isolados,"Z=114 Fl (vida longa)",114,0,0
9,43,0,Empiristas,"Z=31 Ga (vida longa)",31,0,0
9,43,0,Empiristas,"Z=111 Rg (vida longa)",111,0,0
9,43,3,Isolados,"Z=38 Sr (vida longa)",38,0,0
9,44,0,Empiristas,"Z=67 Ho (vida longa)",67,1,0
9,44,3,Isolados,"Z=46 Pd (vida longa)",46,0,0
9,45,3,Isolados,"Z=43 Tc (vida longa)",43,0,0
9,46,1,Incrementalistas,"Z=14 Si (vida longa)",14,0,1
9,46,0,Empiristas,"Z=109 Mt (vida longa)",109,0,1
9,47,3,Isolados,"Z=26 Fe (vida longa)",26,0,0
9,48,0,Empiristas,"Z=97 Bk (vida longa)",97,0,0
9,48,2,Evolucionistas,"Z=73 Ta (vida longa)",73,0,0
9,49,0,Empiristas,"Z=84 Po (vida longa)",84,1,0
9,49,3,Isolados,"Z=64 Gd (vida longa)",64,0,0
9,50,1,Incrementalistas,"Z=13 Al (vida longa)",13,0,0
9,50,3,Isolados,"Z=9 F (vida longa)",9,1,0
9,52,2,Evolucionistas,"Z=53 I (vida longa)",53,1,0
9,52,3,Isolados,"Z=37 Rb (vida longa)",37,1,0
9,53,0,Empiristas,"Z=32 Ge (vida longa)",32,1,0
9,53,0,Empiristas,"Z=8 O (vida longa)",8,1,0
9,53,0,Empiristas,"Z=101 Md (vida longa)",101,0,0
9,53,2,Evolucionistas,"Z=80 Hg (vida longa)",80,0,0
9,53,2,Evolucionistas,"Z=94 Pu (vida longa)",94,0,0
9,53,2,Evolucionistas,"Z=63 Eu (vida longa)",63,0,1
9,54,2,Evolucionistas,"Z=32 Ge (vida longa)",32,0,1
9,55,0,Empiristas,"Z=49 In (vida longa)",49,0,0
9,55,3,Isolados,"Z=14 Si (vida longa)",14,0,0
9,56,0,Empiristas,"Z=78 Pt (vida longa)",78,0,0
9,56,2,Evolucionistas,"Z=62 Sm (vida longa)",62,1,0
9,56,3,Isolados,"Z=39 Y (vida longa)",39,1,0
9,56,3,Isolados,"Z=49 In (vida longa)",49,0,0
9,56,1,Incrementalistas,"Z=49 In (vida longa)",49,0,1
9,56,1,Incrementalistas,"Z=74 W (vida longa)",74,0,1
9,57,0,Empiristas,"Z=69 Tm (vida longa)",69,0,0
9,57,0,Empiristas,"Z=89 Ac (vida longa)",89,1,0
9,57,2,Evolucionistas,"Z=65 Tb (vida longa)",65,1,0
9,57,3,Isolados,"Z=115 Mc (vida longa)",115,0,0
9,57,3,Isolados,"Z=69 Tm (vida longa)",69,0,0
9,58,1,Incrementalistas,"Z=67 Ho (vida longa)",67,0,0
9,58,3,Isolados,"Z=35 Br (vida longa)",35,0,0
9,59,0,Empiristas,"Z=2 He (vida longa)",2,0,0
9,59,2,Evolucionistas,"Z=11 Na (vida longa)",11,1,0
9,59,2,Evolucionistas,"Z=57 La (vida longa)",57,0,0
9,59,3,Isolados,"Z=18 Ar (vida longa)",18,0,0
9,60,1,Incrementalistas,"Z=45 Rh (vida longa)",45,0,0
9,60,2,Evolucionistas,"Z=60 Nd (vida longa)",60,0,0
9,60,2,Evolucionistas,"Z=75 Re (vida longa)",75,1,0
9,60,2,Evolucionistas,"Z=71 Lu (vida longa)",71,0,0
9,60,2,Evolucionistas,"Z=56 Ba (vida longa)",56,0,1
9,61,2,Evolucionistas,"Z=18 Ar (vida longa)",18,0,0
9,62,3,Isolados,"Z=6 C (vida longa)",6,0,0
9,62,3,Isolados,"Z=13 Al (vida longa)",13,0,0
9,62,1,Incrementalistas,"Z=89 Ac (vida longa)",89,0,1
9,63,1,Incrementalistas,"Z=28 Ni (vida longa)",28,0,0
9,64,0,Empiristas,"Z=29 Cu (vida longa)",29,1,0
9,64,2,Evolucionistas,"Z=77 Ir (vida longa)",77,1,0
9,64,2,Evolucionistas,"Z=92 U (vida longa)",92,0,0
9,64,2,Evolucionistas,"Z=78 Pt (vida longa)",78,0,0
9,65,1,Incrementalistas,"Z=66 Dy (vida longa)",66,0,0
9,65,0,Empiristas,"Z=65 Tb (vida longa)",65,0,1
9,65,2,Evolucionistas,"Z=29 Cu (vida longa)",29,0,1
9,66,1,Incrementalistas,"Z=68 Er (vida longa)",68,1,0
9,67,1,Incrementalistas,"Z=70 Yb (vida longa)",70,1,0
9,68,3,Isolados,"Z=90 Th (vida longa)",90,1,0
9,69,3,Isolados,"Z=16 S (vida longa)",16,1,0
9,70,0,Empiristas,"Z=26 Fe (vida longa)",26,0,0
9,70,1,Incrementalistas,"Z=101 Md (vida longa)",101,0,0
9,70,3,Isolados,"Z=10 Ne (vida longa)",10,0,0
9,70,3,Isolados,"Z=24 Cr (vida longa)",24,1,0
9,71,0,Empiristas,"Z=44 Ru (vida longa)",44,0,0
9,71,1,Incrementalistas,"Z=90 Th (vida longa)",90,0,0
9,71,3,Isolados,"Z=89 Ac (vida longa)",89,0,0
9,71,1,Incrementalistas,"Z=78 Pt (vida longa)",78,0,1
9,72,0,Empiristas,"Z=21 Sc (vida longa)",21,1,0
9,72,1,Incrementalistas,"Z=12 Mg (vida longa)",12,0,0
9,72,3,Isolados,"Z=42 Mo (vida longa)",42,1,0
9,73,3,Isolados,"Z=75 Re (vida longa)",75,0,0
9,73,3,Isolados,"Z=84 Po (vida longa)",84,0,0
9,73,3,Isolados,"Z=53 I (vida longa)",53,0,0
9,73,2,Evolucionistas,"Z=26 Fe (vida longa)",26,0,1
9,73,1,Incrementalistas,"Z=43 Tc (vida longa)",43,0,1
9,73,0,Empiristas,"Z=77 Ir (vida longa)",77,0,1
9,74,0,Empiristas,"Z=102 No (vida longa)",102,0,0
9,74,3,Isolados,"Z=61 Pm (vida longa)",61,1,0
9,74,3,Isolados,"Z=3 Li (vida longa)",3,0,0
9,75,0,Empiristas,"Z=15 P (vida longa)",15,1,0
9,75,1,Incrementalistas,"Z=11 Na (vida longa)",11,0,0
9,75,2,Evolucionistas,"Z=42 Mo (vida longa)",42,0,0
9,75,0,Empiristas,"Z=43 Tc (vida longa)",43,0,1
9,75,1,Incrementalistas,"Z=33 As (vida longa)",33,0,1
9,76,0,Empiristas,"Z=61 Pm (vida longa)",61,0,0
9,76,2,Evolucionistas,"Z=102 No (vida longa)",102,0,0
9,76,3,Isolados,"Z=70 Yb (vida longa)",70,0,0
9,76,0,Empiristas,"Z=103 Lr (vida longa)",103,0,1
9,77,0,Empiristas,"Z=66 Dy (vida longa)",66,0,0
9,77,2,Evolucionistas,"Z=55 Cs (vida longa)",55,0,0
9,77,2,Evolucionistas,"Z=90 Th (vida longa)",90,0,0
9,78,0,Empiristas,"Z=16 S (vida longa)",16,0,0
9,78,1,Incrementalistas,"Z=91 Pa (vida longa)",91,1,0
9,78,3,Isolados,"Z=32 Ge (vida longa)",32,0,0
9,78,3,Isolados,"Z=1 H (vida longa)",1,1,0
9,78,1,Incrementalistas,"Z=42 Mo (vida longa)",42,0,1
9,79,0,Empiristas,"Z=93 Np (vida longa)",93,1,0
9,79,1,Incrementalistas,"Z=10 Ne (vida longa)",10,0,0
9,79,3,Isolados,"Z=23 V (vida longa)",23,1,0
9,79,3,Isolados,"Z=60 Nd (vida longa)",60,0,0
9,80,1,Incrementalistas,"Z=60 Nd (vida longa)",60,0,1
9,81,2,Evolucionistas,"Z=64 Gd (vida longa)",64,0,0
9,81,3,Isolados,"Z=40 Zr (vida longa)",40,0,0
9,81,1,Incrementalistas,"Z=4 Be (vida longa)",4,0,1
9,81,2,Evolucionistas,"Z=14 Si (vida longa)",14,0,1
9,82,0,Empiristas,"Z=104 Rf (vida longa)",104,0,1
9,83,0,Empiristas,"Z=68 Er (vida longa)",68,0,0
9,83,2,Evolucionistas,"Z=28 Ni (vida longa)",28,0,0
9,83,3,Isolados,"Z=41 Nb (vida longa)",41,1,0
9,83,0,Empiristas,"Z=70 Yb (vida longa)",70,0,1
9,84,0,Empiristas,"Z=11 Na (vida longa)",11,0,0
9,84,0,Empiristas,"Z=28 Ni (vida longa)",28,0,0
9,84,2,Evolucionistas,"Z=51 Sb (vida longa)",51,0,0
9,84,3,Isolados,"Z=8 O (vida longa)",8,0,0
9,85,0,Empiristas,"Z=83 Bi (vida longa)",83,1,0
9,85,0,Empiristas,"Z=76 Os (vida longa)",76,1,0
9,85,3,Isolados,"Z=95 Am (vida longa)",95,0,0
9,85,3,Isolados,"Z=5 B (vida longa)",5,0,0
9,86,2,Evolucionistas,"Z=12 Mg (vida longa)",12,0,0
9,86,2,Evolucionistas,"Z=54 Xe (vida longa)",54,0,0
9,87,0,Empiristas,"Z=91 Pa (vida longa)",91,0,0
9,87,1,Incrementalistas,"Z=2 He (vida longa)",2,0,0
9,88,0,Empiristas,"Z=36 Kr (vida longa)",36,1,0
9,88,0,Empiristas,"Z=37 Rb (vida longa)",37,0,0
9,88,1,Incrementalistas,"Z=54 Xe (vida longa)",54,0,1
9,89,0,Empiristas,"Z=75 Re (vida longa)",75,0,0
9,89,1,Incrementalistas,"Z=46 Pd (vida longa)",46,0,0
9,89,1,Incrementalistas,"Z=44 Ru (vida longa)",44,0,0
9,89,2,Evolucionistas,"Z=83 Bi (vida longa)",83,0,0
9,89,2,Evolucionistas,"Z=82 Pb (vida longa)",82,1,0
9,89,3,Isolados,"Z=77 Ir (vida longa)",77,0,0
9,90,0,Empiristas,"Z=106 Sg (vida longa)",106,0,0
9,90,0,Empiristas,"Z=99 Es (vida longa)",99,0,0
9,90,3,Isolados,"Z=34 Se (vida longa)",34,1,0
9,91,1,Incrementalistas,"Z=9 F (vida longa)",9,0,0
9,92,0,Empiristas,"Z=79 Au (vida longa)",79,0,0
9,92,0,Empiristas,"Z=41 Nb (vida longa)",41,0,0
9,93,2,Evolucionistas,"Z=16 S (vida longa)",16,0,0
9,93,2,Evolucionistas,"Z=2 He (vida longa)",2,0,0
9,94,0,Empiristas,"Z=3 Li (vida longa)",3,0,0
9,94,0,Empiristas,"Z=42 Mo (vida longa)",42,0,0
9,94,2,Evolucionistas,"Z=3 Li (vida longa)",3,0,0
9,94,2,Evolucionistas,"Z=7 N (vida longa)",7,1,0
9,95,0,Empiristas,"Z=19 K (vida longa)",19,1,0
9,95,2,Evolucionistas,"Z=76 Os (vida longa)",76,0,0
9,96,0,Empiristas,"Z=82 Pb (vida longa)",82,0,0
9,96,0,Empiristas,"Z=48 Cd (vida longa)",48,0,0
9,96,0,Empiristas,"Z=34 Se (vida longa)",34,0,0
9,96,3,Isolados,"Z=91 Pa (vida longa)",91,0,0
9,96,3,Isolados,"Z=20 Ca (vida longa)",20,0,0
9,97,0,Empiristas,"Z=81 Tl (vida longa)",81,1,0
9,97,1,Incrementalistas,"Z=18 Ar (vida longa)",18,0,0
9,97,1,Incrementalistas,"Z=65 Tb (vida longa)",65,0,0
9,97,2,Evolucionistas,"Z=101 Md (vida longa)",101,0,0
9,98,1,Incrementalistas,"Z=64 Gd (vida longa)",64,0,0
9,99,3,Isolados,"Z=45 Rh (vida longa)",45,0,0
9,100,0,Empiristas,"Z=24 Cr (vida longa)",24,0,0
9,100,1,Incrementalistas,"Z=87 Fr (vida longa)",87,1,0
9,100,3,Isolados,"Z=76 Os (vida longa)",76,0,0
9,100,1,Incrementalistas,"Z=83 Bi (vida longa)",83,0,1
9,101,3,Isolados,"Z=59 Pr (vida longa)",59,0,0
9,102,0,Empiristas,"Z=92 U (vida longa)",92,0,0
9,102,1,Incrementalistas,"Z=73 Ta (vida longa)",73,0,1
9,103,2,Evolucionistas,"Z=68 Er (vida longa)",68,0,0
9,103,2,Evolucionistas,"Z=19 K (vida longa)",19,0,1
9,104,1,Incrementalistas,"Z=8 O (vida longa)",8,0,0
9,104,1,Incrementalistas,"Z=80 Hg (vida longa)",80,0,0
9,105,2,Evolucionistas,"Z=13 Al (vida longa)",13,0,0
9,105,3,Isolados,"Z=93 Np (vida longa)",93,0,0
9,106,0,Empiristas,"Z=38 Sr (vida longa)",38,0,0
9,106,1,Incrementalistas,"Z=92 U (vida longa)",92,0,0
9,107,1,Incrementalistas,"Z=62 Sm (vida longa)",62,0,0
9,107,1,Incrementalistas,"Z=61 Pm (vida longa)",61,0,0
9,107,3,Isolados,"Z=54 Xe (vida longa)",54,0,0
9,108,2,Evolucionistas,"Z=15 P (vida longa)",15,0,0
9,108,2,Evolucionistas,"Z=86 Rn (vida longa)",86,0,0
9,108,2,Evolucionistas,"Z=99 Es (vida longa)",99,0,0
9,108,3,Isolados,"Z=52 Te (vida longa)",52,0,0
9,109,1,Incrementalistas,"Z=79 Au (vida longa)",79,0,0
9,109,1,Incrementalistas,"Z=77 Ir (vida longa)",77,0,0
9,109,1,Incrementalistas,"Z=34 Se (vida longa)",34,0,0
9,109,2,Evolucionistas,"Z=25 Mn (vida longa)",25,0,0
9,110,2,Evolucionistas,"Z=84 Po (vida longa)",84,0,0
9,110,3,Isolados,"Z=55 Cs (vida longa)",55,0,0
9,110,3,Isolados,"Z=30 Zn (vida longa)",30,0,0
9,110,3,Isolados,"Z=82 Pb (vida longa)",82,0,0
9,111,0,Empiristas,"Z=90 Th (vida longa)",90,0,0
9,111,3,Isolados,"Z=62 Sm (vida longa)",62,0,0
9,112,0,Empiristas,"Z=53 I (vida longa)",53,0,0
9,113,0,Empiristas,"Z=59 Pr (vida longa)",59,0,0
9,113,1,Incrementalistas,"Z=23 V (vida longa)",23,0,0
9,113,3,Isolados,"Z=44 Ru (vida longa)",44,0,0
9,114,1,Incrementalistas,"Z=27 Co (vida longa)",27,0,0
9,114,3,Isolados,"Z=4 Be (vida longa)",4,0,0
9,114,3,Isolados,"Z=33 As (vida longa)",33,0,0
9,114,1,Incrementalistas,"Z=56 Ba (vida longa)",56,0,1
9,114,2,Evolucionistas,"Z=9 F (vida longa)",9,0,1
9,115,1,Incrementalistas,"Z=24 Cr (vida longa)",24,0,0
9,115,1,Incrementalistas,"Z=58 Ce (vida longa)",58,0,0
9,115,2,Evolucionistas,"Z=95 Am (vida longa)",95,0,1
9,116,2,Evolucionistas,"Z=22 Ti (vida longa)",22,0,0
9,116,3,Isolados,"Z=51 Sb (vida longa)",51,0,0
9,116,3,Isolados,"Z=79 Au (vida longa)",79,0,0
9,117,0,Empiristas,"Z=87 Fr (vida longa)",87,0,0
9,117,1,Incrementalistas,"Z=22 Ti (vida longa)",22,0,0
9,117,3,Isolados,"Z=81 Tl (vida longa)",81,0,0
9,117,3,Isolados,"Z=36 Kr (vida longa)",36,0,0
9,118,0,Empiristas,"Z=9 F (vida longa)",9,0,0
9,118,2,Evolucionistas,"Z=58 Ce (vida longa)",58,0,0
9,119,0,Empiristas,"Z=7 N (vida longa)",7,0,0
9,119,0,Empiristas,"Z=1 H (vida longa)",1,0,0
9,119,1,Incrementalistas,"Z=88 Ra (vida longa)",88,0,0
9,120,2,Evolucionistas,"Z=8 O (vida longa)",8,0,0
9,121,0,Empiristas,"Z=39 Y (vida longa)",39,0,0
9,121,0,Empiristas,"Z=25 Mn (vida longa)",25,0,0
9,121,0,Empiristas,"Z=62 Sm (vida longa)",62,0,0
9,121,1,Incrementalistas,"Z=40 Zr (vida longa)",40,0,0
9,121,3,Isolados,"Z=72 Hf (vida longa)",72,0,0
9,121,1,Incrementalistas,"Z=53 I (vida longa)",53,0,1
9,121,2,Evolucionistas,"Z=91 Pa (vida longa)",91,0,1
9,122,0,Empiristas,"Z=23 V (vida longa)",23,0,0
9,123,2,Evolucionistas,"Z=27 Co (vida longa)",27,0,0
9,124,1,Incrementalistas,"Z=81 Tl (vida longa)",81,0,0
9,125,0,Empiristas,"Z=105 Db (vida longa)",105,0,0
9,125,1,Incrementalistas,"Z=32 Ge (vida longa)",32,0,0
9,126,1,Incrementalistas,"Z=29 Cu (vida longa)",29,0,0
9,128,1,Incrementalistas,"Z=55 Cs (vida longa)",55,0,0
9,128,2,Evolucionistas,"Z=81 Tl (vida longa)",81,0,0
9,128,2,Evolucionistas,"Z=93 Np (vida longa)",93,0,0
9,128,3,Isolados,"Z=68 Er (vida longa)",68,0,0
9,129,1,Incrementalistas,"Z=72 Hf (vida longa)",72,0,0
9,129,2,Evolucionistas,"Z=24 Cr (vida longa)",24,0,0
9,131,1,Incrementalistas,"Z=59 Pr (vida longa)",59,0,0
9,131,2,Evolucionistas,"Z=97 Bk (vida longa)",97,0,0
9,132,1,Incrementalistas,"Z=57 La (vida longa)",57,0,0
9,132,2,Evolucionistas,"Z=30 Zn (vida longa)",30,0,0
9,132,3,Isolados,"Z=96 Cm (vida longa)",96,0,0
9,133,3,Isolados,"Z=88 Ra (vida longa)",88,0,0
9,134,1,Incrementalistas,"Z=20 Ca (vida longa)",20,0,0
9,134,3,Isolados,"Z=86 Rn (vida longa)",86,0,0
9,135,3,Isolados,"Z=74 W (vida longa)",74,0,0
9,136,1,Incrementalistas,"Z=35 Br (vida longa)",35,0,0
9,136,3,Isolados,"Z=85 At (vida longa)",85,1,0
9,137,2,Evolucionistas,"Z=6 C (vida longa)",6,0,0
9,137,3,Isolados,"Z=22 Ti (vida longa)",22,0,0
9,138,1,Incrementalistas,"Z=86 Rn (vida longa)",86,0,0
9,139,1,Incrementalistas,"Z=94 Pu (vida longa)",94,0,0
9,139,2,Evolucionistas,"Z=85 At (vida longa)",85,0,0
9,139,3,Isolados,"Z=21 Sc (vida longa)",21,0,0
9,139,1,Incrementalistas,"Z=82 Pb (vida longa)",82,0,1
9,140,3,Isolados,"Z=58 Ce (vida longa)",58,0,0
9,141,1,Incrementalistas,"Z=76 Os (vida longa)",76,0,0
9,141,2,Evolucionistas,"Z=37 Rb (vida longa)",37,0,0
9,141,3,Isolados,"Z=15 P (vida longa)",15,0,0
9,142,1,Incrementalistas,"Z=93 Np (vida longa)",93,0,0
9,142,2,Evolucionistas,"Z=69 Tm (vida longa)",69,0,0
9,142,2,Evolucionistas,"Z=61 Pm (vida longa)",61,0,0
9,144,1,Incrementalistas,"Z=41 Nb (vida longa)",41,0,0
9,144,3,Isolados,"Z=71 Lu (vida longa)",71,0,0
9,144,3,Isolados,"Z=83 Bi (vida longa)",83,0,0
9,145,3,Isolados,"Z=19 K (vida longa)",19,0,0
9,146,1,Incrementalistas,"Z=16 S (vida longa)",16,0,0
9,146,2,Evolucionistas,"Z=36 Kr (vida longa)",36,0,0
9,147,1,Incrementalistas,"Z=5 B (vida longa)",5,0,0
9,147,3,Isolados,"Z=67 Ho (vida longa)",67,0,0
9,148,2,Evolucionistas,"Z=23 V (vida longa)",23,0,0
9,148,2,Evolucionistas,"Z=34 Se (vida longa)",34,0,0
9,148,2,Evolucionistas,"Z=89 Ac (vida longa)",89,0,0
9,148,2,Evolucionistas,"Z=41 Nb (vida longa)",41,0,0
9,148,3,Isolados,"Z=80 Hg (vida longa)",80,0,0
9,149,1,Incrementalistas,"Z=25 Mn (vida longa)",25,0,0
9,149,1,Incrementalistas,"Z=95 Am (vida longa)",95,0,0
9,150,2,Evolucionistas,"Z=10 Ne (vida longa)",10,0,0
9,152,1,Incrementalistas,"Z=75 Re (vida longa)",75,0,0
9,152,1,Incrementalistas,"Z=36 Kr (vida longa)",36,0,0
9,153,1,Incrementalistas,"Z=30 Zn (vida longa)",30,0,0
9,154,1,Incrementalistas,"Z=52 Te (vida longa)",52,0,0
9,154,1,Incrementalistas,"Z=7 N (vida longa)",7,0,0
9,154,2,Evolucionistas,"Z=96 Cm (vida longa)",96,0,0
9,155,1,Incrementalistas,"Z=15 P (vida longa)",15,0,0
9,155,3,Isolados,"Z=17 Cl (vida longa)",17,0,0
9,155,2,Evolucionistas,"Z=98 Cf (vida longa)",98,0,1
9,156,1,Incrementalistas,"Z=39 Y (vida longa)",39,0,0
9,156,2,Evolucionistas,"Z=39 Y (vida longa)",39,0,0
9,157,1,Incrementalistas,"Z=31 Ga (vida longa)",31,0,0
9,158,1,Incrementalistas,"Z=63 Eu (vida longa)",63,0,0
9,158,1,Incrementalistas,"Z=19 K (vida longa)",19,0,0
9,160,3,Isolados,"Z=7 N (vida longa)",7,0,0
9,161,3,Isolados,"Z=65 Tb (vida longa)",65,0,0
9,163,1,Incrementalistas,"Z=21 Sc (vida longa)",21,0,0
9,163,2,Evolucionistas,"Z=21 Sc (vida longa)",21,0,0
9,163,2,Evolucionistas,"Z=70 Yb (vida longa)",70,0,0
9,165,2,Evolucionistas,"Z=100 Fm (vida longa)",100,0,0
9,166,3,Isolados,"Z=66 Dy (vida longa)",66,0,0
9,167,2,Evolucionistas,"Z=5 B (vida longa)",5,0,0
9,167,3,Isolados,"Z=11 Na (vida longa)",11,0,0
9,169,2,Evolucionistas,"Z=33 As (vida longa)",33,0,1
9,171,0,Empiristas,"Z=85 At (vida longa)",85,0,0
9,174,1,Incrementalistas,"Z=6 C (vida longa)",6,0,0
9,175,3,Isolados,"Z=29 Cu (vida longa)",29,0,0
9,180,1,Incrementalistas,"Z=113 Nh (vida longa)",113,0,0
9,180,1,Incrementalistas,"Z=110 Ds (vida longa)",110,0,0
9,180,1,Incrementalistas,"Z=109 Mt (vida longa)",109,0,0
9,180,1,Incrementalistas,"Z=111 Rg (vida longa)",111,0,0
9,181,1,Incrementalistas,"Z=108 Hs (vida longa)",108,0,0
9,182,1,Incrementalistas,"Z=49 In (vida longa)",49,0,0
9,182,1,Incrementalistas,"Z=24 Cr (vida longa)",24,0,0
9,182,1,Incrementalistas,"Z=10 Ne (vida longa)",10,0,0
9,183,1,Incrementalistas,"Z=71 Lu (vida longa)",71,0,0
9,183,3,Isolados,"Z=87 Fr (vida longa)",87,0,0
9,184,1,Incrementalistas,"Z=37 Rb (vida longa)",37,0,0
9,184,1,Incrementalistas,"Z=69 Tm (vida longa)",69,0,0
9,185,1,Incrementalistas,"Z=34 Se (vida longa)",34,0,0
9,185,1,Incrementalistas,"Z=82 Pb (vida longa)",82,0,0
9,186,2,Evolucionistas,"Z=31 Ga (vida longa)",31,0,0
9,188,1,Incrementalistas,"Z=99 Es (vida longa)",99,0,0
9,188,1,Incrementalistas,"Z=94 Pu (vida longa)",94,0,0
9,189,1,Incrementalistas,"Z=92 U (vida longa)",92,0,0
9,190,2,Evolucionistas,"Z=87 Fr (vida longa)",87,0,0
9,191,1,Incrementalistas,"Z=104 Rf (vida longa)",104,0,0
9,192,1,Incrementalistas,"Z=17 Cl (vida longa)",17,0,0
9,193,1,Incrementalistas,"Z=54 Xe (vida longa)",54,0,0
9,193,3,Isolados,"Z=57 La (vida longa)",57,0,0
9,194,1,Incrementalistas,"Z=4 Be (vida longa)",4,0,0
9,195,1,Incrementalistas,"Z=96 Cm (vida longa)",96,0,0
9,196,1,Incrementalistas,"Z=106 Sg (vida longa)",106,0,0
9,196,1,Incrementalistas,"Z=11 Na (vida longa)",11,0,0
9,196,1,Incrementalistas,"Z=25 Mn (vida longa)",25,0,0
9,197,1,Incrementalistas,"Z=85 At (vida longa)",85,0,0
9,197,1,Incrementalistas,"Z=2 He (vida longa)",2,0,0
9,197,3,Isolados,"Z=56 Ba (vida longa)",56,0,0
9,198,1,Incrementalistas,"Z=1 H (vida longa)",1,0,0
9,198,1,Incrementalistas,"Z=95 Am (vida longa)",95,0,0
9,198,1,Incrementalistas,"Z=98 Cf (vida longa)",98,0,0
9,198,1,Incrementalistas,"Z=64 Gd (vida longa)",64,0,0
9,199,1,Incrementalistas,"Z=51 Sb (vida longa)",51,0,0
9,199,1,Incrementalistas,"Z=13 Al (vida longa)",13,0,0
9,200,1,Incrementalistas,"Z=33 As (vida longa)",33,0,0
9,200,1,Incrementalistas,"Z=30 Zn (vida longa)",30,0,0
9,201,1,Incrementalistas,"Z=53 I (vida longa)",53,0,0
9,201,1,Incrementalistas,"Z=6 C (vida longa)",6,0,0
9,202,1,Incrementalistas,"Z=84 Po (vida longa)",84,0,0
9,202,1,Incrementalistas,"Z=73 Ta (vida longa)",73,0,0
9,202,1,Incrementalistas,"Z=39 Y (vida longa)",39,0,0
9,203,1,Incrementalistas,"Z=89 Ac (vida longa)",89,0,0
9,203,2,Evolucionistas,"Z=88 Ra (vida longa)",88,0,0
9,203,3,Isolados,"Z=115 Mc (vida longa)",115,0,0
9,203,3,Isolados,"Z=113 Nh (vida longa)",113,0,0
9,203,3,Isolados,"Z=2 He (vida longa)",2,0,0
9,203,3,Isolados,"Z=35 Br (vida longa)",35,0,0
9,203,3,Isolados,"Z=37 Rb (vida longa)",37,0,0
9,204,1,Incrementalistas,"Z=93 Np (vida longa)",93,0,0
9,204,1,Incrementalistas,"Z=79 Au (vida longa)",79,0,0
9,204,1,Incrementalistas,"Z=19 K (vida longa)",19,0,0
9,204,1,Incrementalistas,"Z=38 Sr (vida longa)",38,0,0
9,204,1,Incrementalistas,"Z=97 Bk (vida longa)",97,0,0
9,205,1,Incrementalistas,"Z=102 No (vida longa)",102,0,0
9,205,3,Isolados,"Z=26 Fe (vida longa)",26,0,0
9,205,3,Isolados,"Z=104 Rf (vida longa)",104,0,0
9,205,3,Isolados,"Z=61 Pm (vida longa)",61,0,0
9,205,3,Isolados,"Z=76 Os (vida longa)",76,0,0
9,205,3,Isolados,"Z=81 Tl (vida longa)",81,0,0
9,205,3,Isolados,"Z=66 Dy (vida longa)",66,0,0
9,205,3,Isolados,"Z=78 Pt (vida longa)",78,0,0
9,206,1,Incrementalistas,"Z=78 Pt (vida longa)",78,0,0
9,206,3,Isolados,"Z=29 Cu (vida longa)",29,0,0
9,206,3,Isolados,"Z=87 Fr (vida longa)",87,0,0
9,207,2,Evolucionistas,"Z=35 Br (vida longa)",35,0,0
9,207,3,Isolados,"Z=51 Sb (vida longa)",51,0,0
9,207,3,Isolados,"Z=98 Cf (vida longa)",98,0,0
9,207,3,Isolados,"Z=79 Au (vida longa)",79,0,0
9,207,3,Isolados,"Z=44 Ru (vida longa)",44,0,0
9,207,3,Isolados,"Z=74 W (vida longa)",74,0,0
9,207,3,Isolados,"Z=63 Eu (vida longa)",63,0,0
9,208,3,Isolados,"Z=94 Pu (vida longa)",94,0,0
9,208,3,Isolados,"Z=95 Am (vida longa)",95,0,0
9,209,1,Incrementalistas,"Z=61 Pm (vida longa)",61,0,0
9,209,1,Incrementalistas,"Z=77 Ir (vida longa)",77,0,0
9,209,1,Incrementalistas,"Z=57 La (vida longa)",57,0,0
9,209,1,Incrementalistas,"Z=66 Dy (vida longa)",66,0,0
9,209,1,Incrementalistas,"Z=63 Eu (vida longa)",63,0,0
9,209,1,Incrementalistas,"Z=59 Pr (vida longa)",59,0,0
9,210,3,Isolados,"Z=93 Np (vida longa)",93,0,0
9,210,3,Isolados,"Z=56 Ba (vida longa)",56,0,0
9,211,3,Isolados,"Z=58 Ce (vida longa)",58,0,0
9,212,1,Incrementalistas,"Z=18 Ar (vida longa)",18,0,0
9,212,3,Isolados,"Z=49 In (vida longa)",49,0,0
9,212,3,Isolados,"Z=103 Lr (vida longa)",103,0,0
9,214,3,Isolados,"Z=6 C (vida longa)",6,0,0
9,215,3,Isolados,"Z=65 Tb (vida longa)",65,0,0
9,215,3,Isolados,"Z=57 La (vida longa)",57,0,0
9,216,3,Isolados,"Z=55 Cs (vida longa)",55,0,0
9,216,3,Isolados,"Z=53 I (vida longa)",53,0,0
9,217,3,Isolados,"Z=72 Hf (vida longa)",72,0,0
9,217,3,Isolados,"Z=97 Bk (vida longa)",97,0,0
9,218,1,Incrementalistas,"Z=75 Re (vida longa)",75,0,0
9,221,3,Isolados,"Z=30 Zn (vida longa)",30,0,0
9,221,3,Isolados,"Z=4 Be (vida longa)",4,0,0
9,224,3,Isolados,"Z=88 Ra (vida longa)",88,0,0
9,224,3,Isolados,"Z=77 Ir (vida longa)",77,0,0
9,225,3,Isolados,"Z=46 Pd (vida longa)",46,0,0
9,226,3,Isolados,"Z=12 Mg (vida longa)",12,0,0
9,228,3,Isolados,"Z=96 Cm (vida longa)",96,0,0
9,231,3,Isolados,"Z=108 Hs (vida longa)",108,0,0
9,232,3,Isolados,"Z=99 Es (vida longa)",99,0,0
9,235,3,Isolados,"Z=59 Pr (vida longa)",59,0,0
9,236,3,Isolados,"Z=85 At (vida longa)",85,0,0
9,239,2,Evolucionistas,"Z=67 Ho (vida longa)",67,0,0
9,247,3,Isolados,"Z=1 H (vida longa)",1,0,0
9,249,1,Incrementalistas,"Z=31 Ga (vida longa)",31,0,0
9,266,2,Evolucionistas,"Z=1 H (vida longa)",1,0,0
9,271,2,Evolucionistas,"nucleos efemeros",14.8363,0,0
9,271,2,Evolucionistas,"Z=110 Ds (vida longa)",110,0,0
9,271,2,Evolucionistas,"Z=115 Mc (vida longa)",115,0,0
9,271,2,Evolucionistas,"Z=111 Rg (vida longa)",111,0,0
9,271,2,Evolucionistas,"Z=20 Ca (vida longa)",20,0,0
9,271,2,Evolucionistas,"Z=109 Mt (vida longa)",109,0,0
9,272,2,Evolucionistas,"Z=26 Fe (vida longa)",26,0,0
9,272,2,Evolucionistas,"Z=72 Hf (vida longa)",72,0,0
9,272,2,Evolucionistas,"Z=40 Zr (vida longa)",40,0,0
9,272,2,Evolucionistas,"Z=108 Hs (vida longa)",108,0,0
9,272,2,Evolucionistas,"Z=67 Ho (vida longa)",67,0,0
9,273,2,Evolucionistas,"Z=70 Yb (vida longa)",70,0,0
9,274,2,Evolucionistas,"Z=3 Li (vida longa)",3,0,0
9,275,2,Evolucionistas,"Z=54 Xe (vida longa)",54,0,0
9,275,2,Evolucionistas,"Z=52 Te (vida longa)",52,0,0
9,275,2,Evolucionistas,"Z=46 Pd (vida longa)",46,0,0
9,275,2,Evolucionistas,"Z=30 Zn (vida longa)",30,0,1
9,276,2,Evolucionistas,"Z=87 Fr (vida longa)",87,0,0
9,276,2,Evolucionistas,"Z=68 Er (vida longa)",68,0,0
9,277,2,Evolucionistas,"Z=47 Ag (vida longa)",47,0,0
9,277,2,Evolucionistas,"Z=97 Bk (vida longa)",97,0,0
9,278,2,Evolucionistas,"Z=50 Sn (vida longa)",50,0,0
9,278,2,Evolucionistas,"Z=63 Eu (vida longa)",63,0,0
9,278,2,Evolucionistas,"Z=37 Rb (vida longa)",37,0,0
9,279,2,Evolucionistas,"Z=103 Lr (vida longa)",103,0,0
9,282,2,Evolucionistas,"Z=88 Ra (vida longa)",88,0,0
9,282,2,Evolucionistas,"Z=78 Pt (vida longa)",78,0,0
9,282,2,Evolucionistas,"Z=18 Ar (vida longa)",18,0,0
9,283,2,Evolucionistas,"Z=76 Os (vida longa)",76,0,0
9,284,2,Evolucionistas,"Z=8 O (vida longa)",8,0,0
9,284,2,Evolucionistas,"Z=91 Pa (vida longa)",91,0,0
9,288,2,Evolucionistas,"Z=101 Md (vida longa)",101,0,0
9,288,2,Evolucionistas,"Z=59 Pr (vida longa)",59,0,0
9,289,2,Evolucionistas,"Z=93 Np (vida longa)",93,0,0
9,292,2,Evolucionistas,"Z=17 Cl (vida longa)",17,0,0
9,293,2,Evolucionistas,"Z=100 Fm (vida longa)",100,0,0
9,297,2,Evolucionistas,"Z=95 Am (vida longa)",95,0,0
9,298,2,Evolucionistas,"Z=80 Hg (vida longa)",80,0,0
10,0,0,Empiristas,"nucleos efemeros",71.7217,1,0
10,0,0,Empiristas,"Z=114 Fl (vida longa)",114,1,0
10,0,1,Incrementalistas,"nucleos efemeros",4.58726,0,0
10,0,2,Evolucionistas,"Z=10 Ne (vida longa)",10,1,0
10,0,2,Evolucionistas,"Z=15 P (vida longa)",15,1,0
10,0,2,Evolucionistas,"Z=18 Ar (vida longa)",18,1,0
10,0,2,Evolucionistas,"nucleos efemeros",10.4163,0,0
10,0,3,Isolados,"nucleos efemeros",93.8882,0,0
10,0,3,Isolados,"Z=60 Nd (vida longa)",60,1,0
10,1,0,Empiristas,"Z=18 Ar (vida longa)",18,0,0
10,1,2,Evolucionistas,"Z=17 Cl (vida longa)",17,1,0
10,1,1,Incrementalistas,"Z=114 Fl (vida longa)",114,0,1
10,2,0,Empiristas,"Z=113 Nh (vida longa)",113,1,0
10,2,2,Evolucionistas,"Z=16 S (vida longa)",16,1,0
10,2,3,Isolados,"Z=96 Cm (vida longa)",96,1,0
10,2,3,Isolados,"Z=97 Bk (vida longa)",97,1,0
10,2,3,Isolados,"Z=98 Cf (vida longa)",98,1,0
10,3,0,Empiristas,"Z=112 Cn (vida longa)",112,1,0
10,3,2,Evolucionistas,"Z=12 Mg (vida longa)",12,1,0
10,3,3,Isolados,"Z=57 La (vida longa)",57,1,0
10,3,3,Isolados,"Z=72 Hf (vida longa)",72,1,0
10,3,3,Isolados,"Z=75 Re (vida longa)",75,1,0
10,4,0,Empiristas,"Z=111 Rg (vida longa)",111,1,0
10,4,0,Empiristas,"Z=56 Ba (vida longa)",56,1,0
10,4,0,Empiristas,"Z=110 Ds (vida longa)",110,1,0
10,4,1,Incrementalistas,"Z=112 Cn (vida longa)",112,0,0
10,4,2,Evolucionistas,"Z=50 Sn (vida longa)",50,1,0
10,4,3,Isolados,"Z=95 Am (vida longa)",95,1,0
10,5,0,Empiristas,"Z=109 Mt (vida longa)",109,1,0
10,5,0,Empiristas,"Z=16 S (vida longa)",16,0,0
10,5,2,Evolucionistas,"Z=14 Si (vida longa)",14,1,0
10,5,2,Evolucionistas,"Z=114 Fl (vida longa)",114,0,1
10,5,2,Evolucionistas,"Z=112 Cn (vida longa)",112,0,1
10,6,0,Empiristas,"Z=35 Br (vida longa)",35,1,0
10,6,1,Incrementalistas,"Z=111 Rg (vida longa)",111,0,0
10,6,1,Incrementalistas,"Z=109 Mt (vida longa)",109,0,0
10,6,3,Isolados,"Z=99 Es (vida longa)",99,1,0
10,7,0,Empiristas,"Z=55 Cs (vida longa)",55,1,0
10,7,0,Empiristas,"Z=115 Mc (vida longa)",115,1,0
10,7,3,Isolados,"Z=64 Gd (vida longa)",64,1,0
10,7,1,Incrementalistas,"Z=115 Mc (vida longa)",115,0,1
10,7,1,Incrementalistas,"Z=14 Si (vida longa)",14,0,1
10,7,2,Evolucionistas,"Z=115 Mc (vida longa)",115,0,1
10,7,2,Evolucionistas,"Z=109 Mt (vida longa)",109,0,1
10,8,0,Empiristas,"Z=107 Bh (vida longa)",107,1,0
10,8,1,Incrementalistas,"Z=108 Hs (vida longa)",108,1,0
10,8,3,Isolados,"Z=94 Pu (vida longa)",94,1,0
10,8,3,Isolados,"Z=100 Fm (vida longa)",100,1,0
10,9,0,Empiristas,"Z=30 Zn (vida longa)",30,1,0
10,9,2,Evolucionistas,"Z=48 Cd (vida longa)",48,1,0
10,10,1,Incrementalistas,"Z=113 Nh (vida longa)",113,0,0
10,10,2,Evolucionistas,"Z=42 Mo (vida longa)",42,1,0
10,11,3,Isolados,"Z=101 Md (vida longa)",101,1,0
10,11,1,Incrementalistas,"Z=56 Ba (vida longa)",56,0,1
10,11,0,Empiristas,"Z=14 Si (vida longa)",14,0,1
10,12,3,Isolados,"Z=18 Ar (vida longa)",18,0,0
10,13,1,Incrementalistas,"Z=15 P (vida longa)",15,0,0
10,14,1,Incrementalistas,"Z=16 S (vida longa)",16,0,0
10,15,0,Empiristas,"Z=59 Pr (vida longa)",59,1,0
10,15,1,Incrementalistas,"Z=50 Sn (vida longa)",50,0,0
10,15,1,Incrementalistas,"Z=110 Ds (vida longa)",110,0,0
10,16,0,Empiristas,"Z=57 La (vida longa)",57,0,0
10,16,0,Empiristas,"Z=108 Hs (vida longa)",108,0,0
10,16,2,Evolucionistas,"Z=113 Nh (vida longa)",113,0,0
10,16,3,Isolados,"Z=92 U (vida longa)",92,1,0
10,17,0,Empiristas,"Z=44 Ru (vida longa)",44,1,0
10,17,0,Empiristas,"Z=10 Ne (vida longa)",10,0,0
10,17,3,Isolados,"Z=78 Pt (vida longa)",78,1,0
10,17,3,Isolados,"Z=55 Cs (vida longa)",55,0,0
10,18,2,Evolucionistas,"Z=43 Tc (vida longa)",43,1,0
10,19,0,Empiristas,"Z=3 Li (vida longa)",3,1,0
10,19,1,Incrementalistas,"Z=54 Xe (vida longa)",54,1,0
10,19,2,Evolucionistas,"Z=79 Au (vida longa)",79,1,0
10,19,3,Isolados,"Z=102 No (vida longa)",102,1,0
10,20,0,Empiristas,"Z=58 Ce (vida longa)",58,1,0
10,20,0,Empiristas,"Z=5 B (vida longa)",5,1,0
10,20,0,Empiristas,"Z=47 Ag (vida longa)",47,1,0
10,21,0,Empiristas,"Z=86 Rn (vida longa)",86,1,0
10,21,0,Empiristas,"Z=28 Ni (vida longa)",28,1,0
10,21,0,Empiristas,"Z=27 Co (vida longa)",27,1,0
10,21,2,Evolucionistas,"Z=46 Pd (vida longa)",46,1,0
10,21,0,Empiristas,"Z=15 P (vida longa)",15,0,1
10,21,2,Evolucionistas,"Z=30 Zn (vida longa)",30,0,1
10,23,2,Evolucionistas,"Z=75 Re (vida longa)",75,0,0
10,23,1,Incrementalistas,"Z=46 Pd (vida longa)",46,0,1
10,25,0,Empiristas,"Z=76 Os (vida longa)",76,1,0
10,26,2,Evolucionistas,"Z=110 Ds (vida longa)",110,0,0
10,27,0,Empiristas,"Z=52 Te (vida longa)",52,1,0
10,27,3,Isolados,"Z=103 Lr (vida longa)",103,1,0
10,27,3,Isolados,"Z=6 C (vida longa)",6,1,0
10,28,0,Empiristas,"Z=88 Ra (vida longa)",88,1,0
10,28,0,Empiristas,"Z=8 O (vida longa)",8,1,0
10,28,2,Evolucionistas,"Z=9 F (vida longa)",9,1,0
10,29,2,Evolucionistas,"Z=111 Rg (vida longa)",111,0,0
10,30,2,Evolucionistas,"Z=60 Nd (vida longa)",60,0,0
10,31,0,Empiristas,"Z=101 Md (vida longa)",101,0,0
10,31,0,Empiristas,"Z=85 At (vida longa)",85,1,0
10,32,0,Empiristas,"Z=70 Yb (vida longa)",70,1,0
10,32,3,Isolados,"Z=42 Mo (vida longa)",42,0,0
10,33,1,Incrementalistas,"Z=85 At (vida longa)",85,0,1
10,33,0,Empiristas,"Z=46 Pd (vida longa)",46,0,1
10,34,0,Empiristas,"Z=45 Rh (vida longa)",45,1,0
10,34,3,Isolados,"Z=71 Lu (vida longa)",71,1,0
10,35,0,Empiristas,"Z=22 Ti (vida longa)",22,1,0
10,35,0,Empiristas,"Z=72 Hf (vida longa)",72,0,0
10,35,0,Empiristas,"Z=54 Xe (vida longa)",54,0,0
10,36,2,Evolucionistas,"Z=35 Br (vida longa)",35,0,1
10,36,0,Empiristas,"Z=12 Mg (vida longa)",12,0,1
10,38,0,Empiristas,"Z=20 Ca (vida longa)",20,1,0
10,38,3,Isolados,"Z=35 Br (vida longa)",35,0,0
10,38,3,Isolados,"Z=37 Rb (vida longa)",37,1,0
10,38,1,Incrementalistas,"Z=22 Ti (vida longa)",22,0,1
10,39,0,Empiristas,"Z=24 Cr (vida longa)",24,1,0
10,39,2,Evolucionistas,"Z=54 Xe (vida longa)",54,0,0
10,40,0,Empiristas,"Z=77 Ir (vida longa)",77,1,0
10,40,0,Empiristas,"Z=11 Na (vida longa)",11,1,0
10,40,0,Empiristas,"Z=41 Nb (vida longa)",41,1,0
10,41,0,Empiristas,"Z=4 Be (vida longa)",4,1,0
10,41,3,Isolados,"Z=29 Cu (vida longa)",29,1,0
10,42,1,Incrementalistas,"Z=13 Al (vida longa)",13,1,0
10,42,3,Isolados,"Z=2 He (vida longa)",2,1,0
10,42,3,Isolados,"Z=80 Hg (vida longa)",80,1,0
10,43,0,Empiristas,"Z=73 Ta (vida longa)",73,1,0
10,43,2,Evolucionistas,"Z=82 Pb (vida longa)",82,1,0
10,43,3,Isolados,"Z=10 Ne (vida longa)",10,0,0
10,44,2,Evolucionistas,"Z=52 Te (vida longa)",52,0,0
10,44,3,Isolados,"Z=15 P (vida longa)",15,0,0
10,44,3,Isolados,"Z=47 Ag (vida longa)",47,0,0
10,45,0,Empiristas,"Z=21 Sc (vida longa)",21,1,0
10,45,1,Incrementalistas,"Z=42 Mo (vida longa)",42,0,0
10,45,3,Isolados,"Z=70 Yb (vida longa)",70,0,0
10,46,0,Empiristas,"Z=53 I (vida longa)",53,1,0
10,46,3,Isolados,"Z=19 K (vida longa)",19,1,0
10,46,3,Isolados,"Z=104 Rf (vida longa)",104,1,0
10,46,3,Isolados,"Z=45 Rh (vida longa)",45,0,0
10,47,0,Empiristas,"Z=25 Mn (vida longa)",25,1,0
10,47,0,Empiristas,"Z=48 Cd (vida longa)",48,0,0
10,47,3,Isolados,"Z=30 Zn (vida longa)",30,0,0
10,48,1,Incrementalistas,"Z=40 Zr (vida longa)",40,1,0
10,48,3,Isolados,"Z=52 Te (vida longa)",52,0,0
10,48,0,Empiristas,"Z=42 Mo (vida longa)",42,0,1
10,49,0,Empiristas,"Z=111 Rg (vida longa)",111,0,0
10,49,3,Isolados,"Z=105 Db (vida longa)",105,1,0
10,49,1,Incrementalistas,"Z=3 Li (vida longa)",3,0,1
10,50,0,Empiristas,"Z=109 Mt (vida longa)",109,0,0
10,50,0,Empiristas,"Z=113 Nh (vida longa)",113,0,0
10,50,0,Empiristas,"Z=74 W (vida longa)",74,1,0
10,50,2,Evolucionistas,"Z=7 N (vida longa)",7,1,0
10,50,3,Isolados,"Z=107 Bh (vida longa)",107,0,0
10,50,3,Isolados,"Z=44 Ru (vida longa)",44,0,0
10,51,0,Empiristas,"Z=42 Mo (vida longa)",42,0,0
10,51,0,Empiristas,"Z=79 Au (vida longa)",79,0,0
10,51,3,Isolados,"Z=12 Mg (vida longa)",12,0,0
10,51,3,Isolados,"Z=63 Eu (vida longa)",63,1,0
10,51,0,Empiristas,"Z=40 Zr (vida longa)",40,0,1
10,52,3,Isolados,"Z=20 Ca (vida longa)",20,0,0
10,52,3,Isolados,"Z=22 Ti (vida longa)",22,0,0
10,53,0,Empiristas,"Z=38 Sr (vida longa)",38,1,0
10,53,2,Evolucionistas,"Z=84 Po (vida longa)",84,1,0
10,53,3,Isolados,"Z=77 Ir (vida longa)",77,0,0
10,54,3,Isolados,"Z=4 Be (vida longa)",4,0,0
10,54,0,Empiristas,"Z=50 Sn (vida longa)",50,0,1
10,55,0,Empiristas,"Z=66 Dy (vida longa)",66,1,0
10,55,0,Empiristas,"Z=31 Ga (vida longa)",31,1,0
10,55,0,Empiristas,"Z=33 As (vida longa)",33,1,0
10,55,1,Incrementalistas,"Z=20 Ca (vida longa)",20,0,0
10,55,2,Evolucionistas,"Z=53 I (vida longa)",53,0,0
10,55,2,Evolucionistas,"Z=55 Cs (vida longa)",55,0,0
10,55,2,Evolucionistas,"Z=56 Ba (vida longa)",56,0,1
10,55,1,Incrementalistas,"Z=12 Mg (vida longa)",12,0,1
10,56,2,Evolucionistas,"Z=58 Ce (vida longa)",58,0,0
10,56,3,Isolados,"Z=106 Sg (vida longa)",106,1,0
10,57,0,Empiristas,"Z=73 Ta (vida longa)",73,0,0
10,57,0,Empiristas,"Z=12 Mg (vida longa)",12,0,0
10,58,1,Incrementalistas,"Z=52 Te (vida longa)",52,0,0
10,58,1,Incrementalistas,"Z=41 Nb (vida longa)",41,0,0
10,58,3,Isolados,"Z=109 Mt (vida longa)",109,0,0
10,58,3,Isolados,"Z=67 Ho (vida longa)",67,1,0
10,60,1,Incrementalistas,"Z=44 Ru (vida longa)",44,0,0
10,60,3,Isolados,"Z=76 Os (vida longa)",76,0,0
10,60,3,Isolados,"Z=40 Zr (vida longa)",40,0,0
10,61,0,Empiristas,"Z=5 B (vida longa)",5,0,0
10,61,3,Isolados,"Z=108 Hs (vida longa)",108,0,0
10,62,3,Isolados,"Z=110 Ds (vida longa)",110,0,0
10,62,3,Isolados,"Z=112 Cn (vida longa)",112,0,0
10,63,2,Evolucionistas,"Z=22 Ti (vida longa)",22,0,1
10,63,1,Incrementalistas,"Z=7 N (vida longa)",7,0,1
10,64,0,Empiristas,"Z=2 He (vida longa)",2,0,0
10,64,2,Evolucionistas,"Z=6 C (vida longa)",6,0,0
10,64,0,Empiristas,"Z=35 Br (vida longa)",35,0,1
10,64,2,Evolucionistas,"Z=76 Os (vida longa)",76,0,1
10,65,1,Incrementalistas,"Z=65 Tb (vida longa)",65,1,0
10,65,1,Incrementalistas,"Z=90 Th (vida longa)",90,1,0
10,65,3,Isolados,"Z=113 Nh (vida longa)",113,0,0
10,65,3,Isolados,"Z=32 Ge (vida longa)",32,1,0
10,65,3,Isolados,"Z=114 Fl (vida longa)",114,0,0
10,66,1,Incrementalistas,"Z=17 Cl (vida longa)",17,0,0
10,66,2,Evolucionistas,"Z=77 Ir (vida longa)",77,0,0
10,66,2,Evolucionistas,"Z=38 Sr (vida longa)",38,0,0
10,66,3,Isolados,"Z=13 Al (vida longa)",13,0,0
10,67,2,Evolucionistas,"Z=83 Bi (vida longa)",83,1,0
10,67,3,Isolados,"Z=104 Rf (vida longa)",104,0,0
10,67,3,Isolados,"Z=113 Nh (vida longa)",113,0,0
10,67,3,Isolados,"nucleos efemeros",110.276,0,0
10,68,0,Empiristas,"Z=84 Po (vida longa)",84,0,0
10,68,1,Incrementalistas,"Z=6 C (vida longa)",6,0,0
10,68,3,Isolados,"Z=73 Ta (vida longa)",73,0,0
10,68,3,Isolados,"Z=114 Fl (vida longa)",114,0,0
10,69,0,Empiristas,"Z=47 Ag (vida longa)",47,0,0
10,69,1,Incrementalistas,"Z=18 Ar (vida longa)",18,0,0
10,69,2,Evolucionistas,"Z=41 Nb (vida longa)",41,0,0
10,69,3,Isolados,"Z=108 Hs (vida longa)",108,0,0
10,69,3,Isolados,"Z=26 Fe (vida longa)",26,1,0
10,70,3,Isolados,"Z=109 Mt (vida longa)",109,0,0
10,71,1,Incrementalistas,"Z=76 Os (vida longa)",76,0,1
10,72,0,Empiristas,"Z=6 C (vida longa)",6,0,0
10,72,3,Isolados,"Z=111 Rg (vida longa)",111,0,0
10,73,0,Empiristas,"Z=32 Ge (vida longa)",32,0,0
10,73,1,Incrementalistas,"Z=53 I (vida longa)",53,0,0
10,73,2,Evolucionistas,"Z=13 Al (vida longa)",13,0,0
10,73,2,Evolucionistas,"Z=19 K (vida longa)",19,0,0
10,74,0,Empiristas,"Z=105 Db (vida longa)",105,0,0
10,74,2,Evolucionistas,"Z=74 W (vida longa)",74,0,1
10,74,1,Incrementalistas,"Z=47 Ag (vida longa)",47,0,1
10,74,1,Incrementalistas,"Z=48 Cd (vida longa)",48,0,1
10,75,0,Empiristas,"Z=26 Fe (vida longa)",26,0,0
10,76,0,Empiristas,"Z=95 Am (vida longa)",95,0,0
10,76,0,Empiristas,"Z=67 Ho (vida longa)",67,0,0
10,76,0,Empiristas,"Z=90 Th (vida longa)",90,0,0
10,76,0,Empiristas,"Z=7 N (vida longa)",7,0,1
10,76,1,Incrementalistas,"Z=30 Zn (vida longa)",30,0,1
10,77,1,Incrementalistas,"Z=39 Y (vida longa)",39,1,0
10,77,3,Isolados,"Z=68 Er (vida longa)",68,1,0
10,78,2,Evolucionistas,"Z=103 Lr (vida longa)",103,0,0
10,79,0,Empiristas,"Z=28 Ni (vida longa)",28,0,0
10,79,2,Evolucionistas,"Z=44 Ru (vida longa)",44,0,0
10,79,2,Evolucionistas,"Z=100 Fm (vida longa)",100,0,0
10,79,2,Evolucionistas,"Z=107 Bh (vida longa)",107,0,1
10,80,0,Empiristas,"Z=70 Yb (vida longa)",70,0,0
10,80,0,Empiristas,"Z=48 Cd (vida longa)",48,0,0
10,80,2,Evolucionistas,"Z=49 In (vida longa)",49,1,0
10,80,3,Isolados,"Z=17 Cl (vida longa)",17,0,0
10,81,1,Incrementalistas,"Z=62 Sm (vida longa)",62,1,0
10,81,1,Incrementalistas,"Z=10 Ne (vida longa)",10,0,0
10,81,2,Evolucionistas,"Z=73 Ta (vida longa)",73,0,0
10,82,0,Empiristas,"Z=60 Nd (vida longa)",60,0,0
10,82,0,Empiristas,"Z=88 Ra (vida longa)",88,0,0
10,82,0,Empiristas,"Z=8 O (vida longa)",8,0,0
10,82,1,Incrementalistas,"Z=27 Co (vida longa)",27,0,0
10,82,1,Incrementalistas,"Z=9 F (vida longa)",9,0,0
10,82,2,Evolucionistas,"Z=90 Th (vida longa)",90,0,0
10,82,1,Incrementalistas,"Z=43 Tc (vida longa)",43,0,1
10,83,0,Empiristas,"Z=80 Hg (vida longa)",80,0,0
10,83,0,Empiristas,"Z=78 Pt (vida longa)",78,0,0
10,83,2,Evolucionistas,"Z=31 Ga (vida longa)",31,0,0
10,83,2,Evolucionistas,"Z=2 He (vida longa)",2,0,1
10,84,1,Incrementalistas,"Z=29 Cu (vida longa)",29,0,0
10,84,1,Incrementalistas,"Z=5 B (vida longa)",5,0,0
10,84,3,Isolados,"Z=39 Y (vida longa)",39,0,0
10,86,0,Empiristas,"Z=82 Pb (vida longa)",82,0,0
10,86,0,Empiristas,"Z=75 Re (vida longa)",75,0,0
10,86,1,Incrementalistas,"Z=26 Fe (vida longa)",26,0,0
10,86,2,Evolucionistas,"Z=20 Ca (vida longa)",20,0,0
10,86,3,Isolados,"Z=94 Pu (vida longa)",94,0,0
10,86,0,Empiristas,"Z=62 Sm (vida longa)",62,0,1
10,87,2,Evolucionistas,"Z=108 Hs (vida longa)",108,0,0
10,87,2,Evolucionistas,"Z=70 Yb (vida longa)",70,0,0
10,88,2,Evolucionistas,"Z=40 Zr (vida longa)",40,0,0
10,89,0,Empiristas,"Z=36 Kr (vida longa)",36,1,0
10,89,0,Empiristas,"Z=96 Cm (vida longa)",96,0,0
10,89,1,Incrementalistas,"Z=55 Cs (vida longa)",55,0,0
10,89,2,Evolucionistas,"Z=28 Ni (vida longa)",28,0,0
10,89,3,Isolados,"Z=34 Se (vida longa)",34,1,0
10,89,1,Incrementalistas,"Z=77 Ir (vida longa)",77,0,1
10,90,0,Empiristas,"Z=86 Rn (vida longa)",86,0,0
10,90,0,Empiristas,"Z=37 Rb (vida longa)",37,0,0
10,90,0,Empiristas,"Z=93 Np (vida longa)",93,1,0
10,90,1,Incrementalistas,"Z=31 Ga (vida longa)",31,0,0
10,91,1,Incrementalistas,"Z=106 Sg (vida longa)",106,0,0
10,91,2,Evolucionistas,"Z=57 La (vida longa)",57,0,0
10,91,3,Isolados,"Z=115 Mc (vida longa)",115,0,0
10,92,1,Incrementalistas,"Z=4 Be (vida longa)",4,0,0
10,92,2,Evolucionistas,"Z=78 Pt (vida longa)",78,0,0
10,92,3,Isolados,"Z=82 Pb (vida longa)",82,0,0
10,92,3,Isolados,"Z=50 Sn (vida longa)",50,0,0
10,92,1,Incrementalistas,"Z=73 Ta (vida longa)",73,0,1
10,93,0,Empiristas,"Z=64 Gd (vida longa)",64,0,0
10,93,1,Incrementalistas,"Z=67 Ho (vida longa)",67,0,0
10,93,2,Evolucionistas,"Z=24 Cr (vida longa)",24,0,0
10,93,1,Incrementalistas,"Z=8 O (vida longa)",8,0,1
10,93,0,Empiristas,"Z=39 Y (vida longa)",39,0,1
10,94,3,Isolados,"Z=42 Mo (vida longa)",42,0,0
10,95,0,Empiristas,"Z=99 Es (vida longa)",99,0,0
10,95,1,Incrementalistas,"Z=28 Ni (vida longa)",28,0,0
10,95,2,Evolucionistas,"Z=104 Rf (vida longa)",104,0,0
10,95,3,Isolados,"Z=16 S (vida longa)",16,0,0
10,95,3,Isolados,"Z=84 Po (vida longa)",84,0,0
10,95,1,Incrementalistas,"Z=101 Md (vida longa)",101,0,1
10,96,1,Incrementalistas,"Z=32 Ge (vida longa)",32,0,0
10,96,2,Evolucionistas,"Z=102 No (vida longa)",102,0,0
10,96,3,Isolados,"Z=79 Au (vida longa)",79,0,0
10,97,3,Isolados,"Z=93 Np (vida longa)",93,0,0
10,97,0,Empiristas,"Z=22 Ti (vida longa)",22,0,1
10,98,0,Empiristas,"Z=19 K (vida longa)",19,0,0
10,98,3,Isolados,"Z=36 Kr (vida longa)",36,0,0
10,98,3,Isolados,"Z=77 Ir (vida longa)",77,0,0
10,99,0,Empiristas,"Z=100 Fm (vida longa)",100,0,0
10,99,0,Empiristas,"Z=11 Na (vida longa)",11,0,0
10,99,0,Empiristas,"Z=43 Tc (vida longa)",43,0,0
10,99,0,Empiristas,"Z=87 Fr (vida longa)",87,1,0
10,99,3,Isolados,"Z=95 Am (vida longa)",95,0,0
10,99,3,Isolados,"Z=14 Si (vida longa)",14,0,0
10,100,1,Incrementalistas,"Z=100 Fm (vida longa)",100,0,0
10,101,1,Incrementalistas,"Z=88 Ra (vida longa)",88,0,0
10,101,2,Evolucionistas,"Z=95 Am (vida longa)",95,0,0
10,101,3,Isolados,"Z=28 Ni (vida longa)",28,0,0
10,103,1,Incrementalistas,"Z=19 K (vida longa)",19,0,0
10,103,2,Evolucionistas,"Z=63 Eu (vida longa)",63,0,0
10,103,2,Evolucionistas,"Z=32 Ge (vida longa)",32,0,0
10,104,2,Evolucionistas,"Z=80 Hg (vida longa)",80,0,0
10,104,2,Evolucionistas,"Z=92 U (vida longa)",92,0,0
10,104,3,Isolados,"Z=23 V (vida longa)",23,1,0
10,104,3,Isolados,"Z=66 Dy (vida longa)",66,0,0
10,105,0,Empiristas,"Z=17 Cl (vida longa)",17,0,0
10,106,3,Isolados,"Z=47 Ag (vida longa)",47,0,0
10,106,3,Isolados,"Z=20 Ca (vida longa)",20,0,0
10,106,3,Isolados,"Z=38 Sr (vida longa)",38,0,0
10,106,3,Isolados,"Z=9 F (vida longa)",9,0,0
10,106,0,Empiristas,"Z=29 Cu (vida longa)",29,0,1
10,107,0,Empiristas,"Z=68 Er (vida longa)",68,0,0
10,107,1,Incrementalistas,"Z=81 Tl (vida longa)",81,1,0
10,107,3,Isolados,"Z=99 Es (vida longa)",99,0,0
10,108,1,Incrementalistas,"Z=75 Re (vida longa)",75,0,0
10,109,0,Empiristas,"Z=34 Se (vida longa)",34,0,0
10,109,2,Evolucionistas,"Z=4 Be (vida longa)",4,0,0
10,109,3,Isolados,"Z=5 B (vida longa)",5,0,0
10,109,3,Isolados,"Z=15 P (vida longa)",15,0,0
10,110,0,Empiristas,"Z=104 Rf (vida longa)",104,0,0
10,110,1,Incrementalistas,"Z=99 Es (vida longa)",99,0,0
10,110,3,Isolados,"Z=35 Br (vida longa)",35,0,0
10,111,2,Evolucionistas,"Z=99 Es (vida longa)",99,0,0
10,111,2,Evolucionistas,"Z=8 O (vida longa)",8,0,1
10,112,0,Empiristas,"Z=63 Eu (vida longa)",63,0,0
10,112,1,Incrementalistas,"Z=69 Tm (vida longa)",69,1,0
10,112,3,Isolados,"Z=62 Sm (vida longa)",62,0,0
10,112,1,Incrementalistas,"Z=79 Au (vida longa)",79,0,1
10,113,0,Empiristas,"Z=83 Bi (vida longa)",83,0,0
10,113,3,Isolados,"Z=88 Ra (vida longa)",88,0,0
10,113,3,Isolados,"Z=83 Bi (vida longa)",83,0,0
10,114,0,Empiristas,"Z=13 Al (vida longa)",13,0,0
10,114,2,Evolucionistas,"Z=85 At (vida longa)",85,0,0
10,114,2,Evolucionistas,"Z=29 Cu (vida longa)",29,0,0
10,114,3,Isolados,"Z=51 Sb (vida longa)",51,1,0
10,115,1,Incrementalistas,"Z=103 Lr (vida longa)",103,0,0
10,115,2,Evolucionistas,"Z=64 Gd (vida longa)",64,0,0
10,117,1,Incrementalistas,"Z=66 Dy (vida longa)",66,0,0
10,117,2,Evolucionistas,"Z=11 Na (vida longa)",11,0,0
10,117,3,Isolados,"Z=33 As (vida longa)",33,0,0
10,118,3,Isolados,"Z=91 Pa (vida longa)",91,1,0
10,119,2,Evolucionistas,"Z=91 Pa (vida longa)",91,0,0
10,119,3,Isolados,"Z=90 Th (vida longa)",90,0,0
10,119,3,Isolados,"Z=49 In (vida longa)",49,0,0
10,120,0,Empiristas,"Z=81 Tl (vida longa)",81,0,0
10,120,3,Isolados,"Z=56 Ba (vida longa)",56,0,0
10,121,0,Empiristas,"Z=98 Cf (vida longa)",98,0,0
10,121,2,Evolucionistas,"Z=26 Fe (vida longa)",26,0,0
10,121,3,Isolados,"Z=86 Rn (vida longa)",86,0,0
10,122,0,Empiristas,"Z=23 V (vida longa)",23,0,0
10,122,2,Evolucionistas,"Z=27 Co (vida longa)",27,0,0
10,122,1,Incrementalistas,"Z=21 Sc (vida longa)",21,0,1
10,123,3,Isolados,"Z=54 Xe (vida longa)",54,0,0
10,124,0,Empiristas,"Z=89 Ac (vida longa)",89,1,0
10,124,1,Incrementalistas,"Z=24 Cr (vida longa)",24,0,0
10,124,1,Incrementalistas,"Z=82 Pb (vida longa)",82,0,0
10,124,3,Isolados,"Z=61 Pm (vida longa)",61,1,0
10,125,1,Incrementalistas,"Z=78 Pt (vida longa)",78,0,0
10,125,3,Isolados,"Z=22 Ti (vida longa)",22,0,0
10,125,3,Isolados,"Z=31 Ga (vida longa)",31,0,0
10,126,0,Empiristas,"Z=69 Tm (vida longa)",69,0,0
10,126,3,Isolados,"Z=65 Tb (vida longa)",65,0,0
10,126,3,Isolados,"Z=74 W (vida longa)",74,0,0
10,127,0,Empiristas,"Z=51 Sb (vida longa)",51,0,0
10,127,0,Empiristas,"Z=71 Lu (vida longa)",71,0,0
10,127,2,Evolucionistas,"Z=33 As (vida longa)",33,0,0
10,128,0,Empiristas,"Z=9 F (vida longa)",9,0,0
10,128,0,Empiristas,"Z=97 Bk (vida longa)",97,0,0
10,128,2,Evolucionistas,"Z=51 Sb (vida longa)",51,0,0
10,128,3,Isolados,"Z=24 Cr (vida longa)",24,0,0
10,128,3,Isolados,"Z=3 Li (vida longa)",3,0,0
10,129,1,Incrementalistas,"Z=33 As (vida longa)",33,0,0
10,129,1,Incrementalistas,"Z=23 V (vida longa)",23,0,0
10,129,2,Evolucionistas,"Z=59 Pr (vida longa)",59,0,0
10,129,2,Evolucionistas,"Z=67 Ho (vida longa)",67,0,0
10,129,3,Isolados,"Z=53 I (vida longa)",53,0,0
10,129,3,Isolados,"Z=59 Pr (vida longa)",59,0,0
10,130,0,Empiristas,"Z=65 Tb (vida longa)",65,0,0
10,130,0,Empiristas,"Z=61 Pm (vida longa)",61,0,0
10,130,3,Isolados,"Z=89 Ac (vida longa)",89,0,0
10,131,1,Incrementalistas,"Z=64 Gd (vida longa)",64,0,0
10,132,0,Empiristas,"Z=15 P (vida longa)",15,0,0
10,132,1,Incrementalistas,"Z=38 Sr (vida longa)",38,0,0
10,133,2,Evolucionistas,"Z=45 Rh (vida longa)",45,0,0
10,133,3,Isolados,"Z=92 U (vida longa)",92,0,0
10,134,1,Incrementalistas,"Z=45 Rh (vida longa)",45,0,0
10,135,3,Isolados,"Z=87 Fr (vida longa)",87,0,0
10,136,0,Empiristas,"Z=59 Pr (vida longa)",59,0,0
10,136,1,Incrementalistas,"Z=102 No (vida longa)",102,0,0
10,136,2,Evolucionistas,"Z=39 Y (vida longa)",39,0,0
10,137,0,Empiristas,"Z=102 No (vida longa)",102,0,0
10,137,1,Incrementalistas,"Z=84 Po (vida longa)",84,0,0
10,137,2,Evolucionistas,"Z=81 Tl (vida longa)",81,0,0
10,137,2,Evolucionistas,"Z=72 Hf (vida longa)",72,0,0
10,138,2,Evolucionistas,"Z=66 Dy (vida longa)",66,0,0
10,138,3,Isolados,"Z=48 Cd (vida longa)",48,0,0
10,138,3,Isolados,"Z=8 O (vida longa)",8,0,0
10,138,1,Incrementalistas,"Z=63 Eu (vida longa)",63,0,1
10,139,1,Incrementalistas,"Z=80 Hg (vida longa)",80,0,0
10,139,1,Incrementalistas,"Z=72 Hf (vida longa)",72,0,0
10,139,2,Evolucionistas,"Z=68 Er (vida longa)",68,0,0
10,140,0,Empiristas,"Z=91 Pa (vida longa)",91,0,0
10,140,1,Incrementalistas,"Z=11 Na (vida longa)",11,0,0
10,140,3,Isolados,"Z=70 Yb (vida longa)",70,0,0
10,141,2,Evolucionistas,"Z=105 Db (vida longa)",105,0,0
10,141,2,Evolucionistas,"Z=71 Lu (vida longa)",71,0,0
10,142,1,Incrementalistas,"Z=105 Db (vida longa)",105,0,1
10,142,2,Evolucionistas,"Z=3 Li (vida longa)",3,0,1
10,143,2,Evolucionistas,"Z=86 Rn (vida longa)",86,0,0
10,143,2,Evolucionistas,"Z=101 Md (vida longa)",101,0,0
10,143,3,Isolados,"Z=100 Fm (vida longa)",100,0,0
10,144,0,Empiristas,"Z=72 Hf (vida longa)",72,0,0
10,144,0,Empiristas,"Z=94 Pu (vida longa)",94,0,0
10,145,1,Incrementalistas,"Z=68 Er (vida longa)",68,0,0
10,145,2,Evolucionistas,"Z=61 Pm (vida longa)",61,0,0
10,145,3,Isolados,"Z=46 Pd (vida longa)",46,0,0
10,146,1,Incrementalistas,"Z=70 Yb (vida longa)",70,0,0
10,146,2,Evolucionistas,"Z=36 Kr (vida longa)",36,0,0
10,147,1,Incrementalistas,"Z=2 He (vida longa)",2,0,0
10,147,2,Evolucionistas,"Z=62 Sm (vida longa)",62,0,0
10,147,2,Evolucionistas,"Z=106 Sg (vida longa)",106,0,0
10,149,0,Empiristas,"Z=106 Sg (vida longa)",106,0,0
10,151,0,Empiristas,"Z=92 U (vida longa)",92,0,0
10,151,2,Evolucionistas,"Z=94 Pu (vida longa)",94,0,0
10,151,2,Evolucionistas,"Z=34 Se (vida longa)",34,0,1
10,152,1,Incrementalistas,"Z=51 Sb (vida longa)",51,0,0
10,152,1,Incrementalistas,"Z=104 Rf (vida longa)",104,0,0
10,152,3,Isolados,"Z=85 At (vida longa)",85,0,0
10,155,1,Incrementalistas,"Z=60 Nd (vida longa)",60,0,0
10,155,2,Evolucionistas,"Z=96 Cm (vida longa)",96,0,0
10,156,0,Empiristas,"Z=49 In (vida longa)",49,0,0
10,156,2,Evolucionistas,"Z=47 Ag (vida longa)",47,0,0
10,158,1,Incrementalistas,"Z=34 Se (vida longa)",34,0,0
10,159,2,Evolucionistas,"Z=87 Fr (vida longa)",87,0,0
10,161,3,Isolados,"Z=21 Sc (vida longa)",21,0,0
10,165,0,Empiristas,"Z=103 Lr (vida longa)",103,0,0
10,165,1,Incrementalistas,"Z=57 La (vida longa)",57,0,0
10,165,2,Evolucionistas,"Z=21 Sc (vida longa)",21,0,0
10,165,3,Isolados,"Z=1 H (vida longa)",1,1,0
10,165,3,Isolados,"Z=58 Ce (vida longa)",58,0,0
10,166,1,Incrementalistas,"Z=92 U (vida longa)",92,0,1
10,167,3,Isolados,"Z=27 Co (vida longa)",27,0,0
10,168,1,Incrementalistas,"Z=93 Np (vida longa)",93,0,0
10,168,1,Incrementalistas,"Z=37 Rb (vida longa)",37,0,0
10,169,1,Incrementalistas,"Z=98 Cf (vida longa)",98,0,0
10,171,1,Incrementalistas,"Z=25 Mn (vida longa)",25,0,0
10,172,2,Evolucionistas,"Z=98 Cf (vida longa)",98,0,0
10,172,3,Isolados,"Z=43 Tc (vida longa)",43,0,0
10,172,3,Isolados,"Z=7 N (vida longa)",7,0,0
10,173,1,Incrementalistas,"Z=91 Pa (vida longa)",91,0,0
10,173,2,Evolucionistas,"Z=65 Tb (vida longa)",65,0,0
10,173,3,Isolados,"Z=41 Nb (vida longa)",41,0,0
10,174,2,Evolucionistas,"Z=89 Ac (vida longa)",89,0,0
10,174,3,Isolados,"Z=25 Mn (vida longa)",25,0,0
10,175,3,Isolados,"nucleos efemeros",95.831,0,0
10,175,3,Isolados,"Z=112 Cn (vida longa)",112,0,0
10,175,3,Isolados,"Z=113 Nh (vida longa)",113,0,0
10,175,3,Isolados,"Z=109 Mt (vida longa)",109,0,0
10,175,3,Isolados,"Z=38 Sr (vida longa)",38,0,0
10,176,1,Incrementalistas,"Z=107 Bh (vida longa)",107,0,0
10,176,2,Evolucionistas,"Z=88 Ra (vida longa)",88,0,0
10,176,3,Isolados,"Z=115 Mc (vida longa)",115,0,0
10,176,3,Isolados,"Z=53 I (vida longa)",53,0,0
10,177,1,Incrementalistas,"Z=95 Am (vida longa)",95,0,0
10,177,2,Evolucionistas,"Z=23 V (vida longa)",23,0,0
10,177,3,Isolados,"Z=20 Ca (vida longa)",20,0,0
10,177,3,Isolados,"Z=79 Au (vida longa)",79,0,0
10,177,3,Isolados,"Z=52 Te (vida longa)",52,0,0
10,178,1,Incrementalistas,"Z=94 Pu (vida longa)",94,0,0
10,178,1,Incrementalistas,"Z=58 Ce (vida longa)",58,0,0
10,178,3,Isolados,"Z=90 Th (vida longa)",90,0,0
10,178,3,Isolados,"Z=13 Al (vida longa)",13,0,0
10,179,1,Incrementalistas,"Z=86 Rn (vida longa)",86,0,0
10,179,3,Isolados,"Z=3 Li (vida longa)",3,0,0
10,179,3,Isolados,"Z=69 Tm (vida longa)",69,0,0
10,179,3,Isolados,"Z=72 Hf (vida longa)",72,0,0
10,180,2,Evolucionistas,"Z=97 Bk (vida longa)",97,0,0
10,180,3,Isolados,"Z=22 Ti (vida longa)",22,0,0
10,182,1,Incrementalistas,"Z=74 W (vida longa)",74,0,0
10,183,1,Incrementalistas,"Z=59 Pr (vida longa)",59,0,0
10,183,3,Isolados,"Z=7 N (vida longa)",7,0,0
10,183,3,Isolados,"Z=24 Cr (vida longa)",24,0,0
10,183,3,Isolados,"Z=107 Bh (vida longa)",107,0,0
10,183,3,Isolados,"Z=62 Sm (vida longa)",62,0,0
10,185,1,Incrementalistas,"Z=71 Lu (vida longa)",71,0,0
10,186,3,Isolados,"Z=73 Ta (vida longa)",73,0,0
10,186,3,Isolados,"Z=50 Sn (vida longa)",50,0,0
10,187,1,Incrementalistas,"Z=83 Bi (vida longa)",83,0,0
10,187,2,Evolucionistas,"Z=37 Rb (vida longa)",37,0,0
10,187,3,Isolados,"Z=75 Re (vida longa)",75,0,0
10,187,3,Isolados,"Z=93 Np (vida longa)",93,0,0
10,188,0,Empiristas,"nucleos efemeros",111.714,0,0
10,188,0,Empiristas,"Z=83 Bi (vida longa)",83,0,0
10,188,0,Empiristas,"Z=56 Ba (vida longa)",56,0,0
10,188,0,Empiristas,"Z=113 Nh (vida longa)",113,0,0
10,188,0,Empiristas,"Z=62 Sm (vida longa)",62,0,0
10,188,0,Empiristas,"Z=54 Xe (vida longa)",54,0,0
10,188,0,Empiristas,"Z=3 Li (vida longa)",3,0,0
10,188,0,Empiristas,"Z=104 Rf (vida longa)",104,0,0
10,188,2,Evolucionistas,"Z=5 B (vida longa)",5,0,0
10,188,2,Evolucionistas,"Z=25 Mn (vida longa)",25,0,0
10,188,3,Isolados,"Z=67 Ho (vida longa)",67,0,0
10,189,0,Empiristas,"Z=99 Es (vida longa)",99,0,0
10,189,0,Empiristas,"Z=36 Kr (vida longa)",36,0,0
10,189,0,Empiristas,"Z=39 Y (vida longa)",39,0,0
10,189,0,Empiristas,"Z=66 Dy (vida longa)",66,0,0
10,189,0,Empiristas,"Z=60 Nd (vida longa)",60,0,0
10,189,0,Empiristas,"Z=70 Yb (vida longa)",70,0,0
10,189,3,Isolados,"Z=86 Rn (vida longa)",86,0,0
10,189,3,Isolados,"Z=66 Dy (vida longa)",66,0,0
10,190,0,Empiristas,"Z=98 Cf (vida longa)",98,0,0
10,190,0,Empiristas,"Z=68 Er (vida longa)",68,0,0
10,190,0,Empiristas,"Z=16 S (vida longa)",16,0,0
10,190,1,Incrementalistas,"Z=61 Pm (vida longa)",61,0,0
10,190,3,Isolados,"Z=57 La (vida longa)",57,0,0
10,191,0,Empiristas,"Z=28 Ni (vida longa)",28,0,0
10,191,0,Empiristas,"Z=24 Cr (vida longa)",24,0,0
10,191,0,Empiristas,"Z=25 Mn (vida longa)",25,0,0
10,191,0,Empiristas,"Z=23 V (vida longa)",23,0,0
10,191,0,Empiristas,"Z=97 Bk (vida longa)",97,0,0
10,191,0,Empiristas,"Z=109 Mt (vida longa)",109,0,0
10,191,3,Isolados,"Z=42 Mo (vida longa)",42,0,0
10,192,0,Empiristas,"Z=107 Bh (vida longa)",107,0,0
10,192,1,Incrementalistas,"Z=96 Cm (vida longa)",96,0,0
10,193,0,Empiristas,"Z=2 He (vida longa)",2,0,0
10,193,3,Isolados,"Z=102 No (vida longa)",102,0,0
10,194,0,Empiristas,"Z=8 O (vida longa)",8,0,0
10,194,0,Empiristas,"Z=96 Cm (vida longa)",96,0,0
10,194,2,Evolucionistas,"Z=93 Np (vida longa)",93,0,0
10,194,3,Isolados,"Z=36 Kr (vida longa)",36,0,0
10,195,0,Empiristas,"Z=59 Pr (vida longa)",59,0,0
10,195,1,Incrementalistas,"Z=36 Kr (vida longa)",36,0,0
10,196,0,Empiristas,"Z=10 Ne (vida longa)",10,0,0
10,196,3,Isolados,"Z=18 Ar (vida longa)",18,0,0
10,197,0,Empiristas,"Z=17 Cl (vida longa)",17,0,0
10,197,3,Isolados,"Z=46 Pd (vida longa)",46,0,0
10,198,2,Evolucionistas,"Z=69 Tm (vida longa)",69,0,0
10,198,3,Isolados,"Z=21 Sc (vida longa)",21,0,0
10,199,0,Empiristas,"Z=31 Ga (vida longa)",31,0,0
10,199,3,Isolados,"Z=56 Ba (vida longa)",56,0,0
10,200,0,Empiristas,"Z=15 P (vida longa)",15,0,0
10,200,0,Empiristas,"Z=20 Ca (vida longa)",20,0,0
10,200,0,Empiristas,"Z=5 B (vida longa)",5,0,0
10,201,0,Empiristas,"Z=74 W (vida longa)",74,0,0
10,201,0,Empiristas,"Z=47 Ag (vida longa)",47,0,0
10,201,0,Empiristas,"Z=81 Tl (vida longa)",81,0,0
10,201,0,Empiristas,"Z=61 Pm (vida longa)",61,0,0
10,201,3,Isolados,"Z=63 Eu (vida longa)",63,0,0
10,201,3,Isolados,"Z=81 Tl (vida longa)",81,0,0
10,201,3,Isolados,"Z=11 Na (vida longa)",11,0,0
10,202,0,Empiristas,"Z=48 Cd (vida longa)",48,0,0
10,202,0,Empiristas,"Z=52 Te (vida longa)",52,0,0
10,202,1,Incrementalistas,"Z=1 H (vida longa)",1,0,0
10,202,1,Incrementalistas,"Z=87 Fr (vida longa)",87,0,0
10,202,1,Incrementalistas,"Z=89 Ac (vida longa)",89,0,0
10,202,3,Isolados,"Z=59 Pr (vida longa)",59,0,0
10,202,3,Isolados,"Z=47 Ag (vida longa)",47,0,0
10,203,0,Empiristas,"Z=34 Se (vida longa)",34,0,0
10,203,0,Empiristas,"Z=77 Ir (vida longa)",77,0,0
10,204,3,Isolados,"Z=85 At (vida longa)",85,0,0
10,205,0,Empiristas,"Z=86 Rn (vida longa)",86,0,0
10,206,0,Empiristas,"Z=88 Ra (vida longa)",88,0,0
10,207,3,Isolados,"Z=5 B (vida longa)",5,0,0
10,208,3,Isolados,"Z=105 Db (vida longa)",105,0,0
10,210,3,Isolados,"Z=48 Cd (vida longa)",48,0,0
10,214,0,Empiristas,"Z=19 K (vida longa)",19,0,0
10,215,3,Isolados,"Z=112 Cn (vida longa)",112,0,0
10,215,3,Isolados,"Z=115 Mc (vida longa)",115,0,0
10,215,3,Isolados,"Z=102 No (vida longa)",102,0,0
10,215,3,Isolados,"Z=47 Ag (vida longa)",47,0,0
10,215,3,Isolados,"Z=96 Cm (vida longa)",96,0,0
10,215,3,Isolados,"Z=92 U (vida longa)",92,0,0
10,215,3,Isolados,"Z=106 Sg (vida longa)",106,0,0
10,216,3,Isolados,"Z=34 Se (vida longa)",34,0,0
10,216,3,Isolados,"Z=44 Ru (vida longa)",44,0,0
10,216,3,Isolados,"Z=40 Zr (vida longa)",40,0,0
10,216,3,Isolados,"Z=58 Ce (vida longa)",58,0,0
10,217,1,Incrementalistas,"Z=49 In (vida longa)",49,0,0
10,217,2,Evolucionistas,"Z=1 H (vida longa)",1,0,0
10,217,3,Isolados,"Z=88 Ra (vida longa)",88,0,0
10,217,3,Isolados,"Z=4 Be (vida longa)",4,0,0
10,217,3,Isolados,"Z=12 Mg (vida longa)",12,0,0
10,217,3,Isolados,"Z=110 Ds (vida longa)",110,0,0
10,217,3,Isolados,"Z=45 Rh (vida longa)",45,0,0
10,218,3,Isolados,"Z=33 As (vida longa)",33,0,0
10,219,3,Isolados,"Z=105 Db (vida longa)",105,0,0
10,220,3,Isolados,"Z=35 Br (vida longa)",35,0,0
10,220,3,Isolados,"Z=77 Ir (vida longa)",77,0,0
10,221,3,Isolados,"Z=25 Mn (vida longa)",25,0,0
10,221,3,Isolados,"Z=20 Ca (vida longa)",20,0,0
10,222,3,Isolados,"Z=32 Ge (vida longa)",32,0,0
10,222,3,Isolados,"Z=36 Kr (vida longa)",36,0,0
10,222,3,Isolados,"Z=21 Sc (vida longa)",21,0,0
10,223,1,Incrementalistas,"Z=35 Br (vida longa)",35,0,0
10,223,3,Isolados,"Z=48 Cd (vida longa)",48,0,0
10,224,0,Empiristas,"Z=1 H (vida longa)",1,0,0
10,226,3,Isolados,"Z=56 Ba (vida longa)",56,0,0
10,226,3,Isolados,"Z=16 S (vida longa)",16,0,0
10,226,3,Isolados,"Z=51 Sb (vida longa)",51,0,0
10,228,3,Isolados,"Z=37 Rb (vida longa)",37,0,0
10,231,3,Isolados,"Z=87 Fr (vida longa)",87,0,0
10,231,3,Isolados,"Z=62 Sm (vida longa)",62,0,0
10,234,3,Isolados,"Z=15 P (vida longa)",15,0,0
10,237,3,Isolados,"Z=74 W (vida longa)",74,0,0
10,239,3,Isolados,"Z=81 Tl (vida longa)",81,0,0
10,239,3,Isolados,"Z=83 Bi (vida longa)",83,0,0
10,246,3,Isolados,"Z=103 Lr (vida longa)",103,0,0
10,256,1,Incrementalistas,"Z=97 Bk (vida longa)",97,0,0
10,260,2,Evolucionistas,"Z=21 Sc (vida longa)",21,0,0
10,260,2,Evolucionistas,"Z=83 Bi (vida longa)",83,0,0
10,260,2,Evolucionistas,"Z=80 Hg (vida longa)",80,0,0
10,260,2,Evolucionistas,"Z=10 Ne (vida longa)",10,0,0
10,260,2,Evolucionistas,"Z=110 Ds (vida longa)",110,0,0
10,260,2,Evolucionistas,"Z=115 Mc (vida longa)",115,0,0
10,261,2,Evolucionistas,"Z=6 C (vida longa)",6,0,0
10,261,2,Evolucionistas,"Z=16 S (vida longa)",16,0,0
10,261,2,Evolucionistas,"Z=24 Cr (vida longa)",24,0,0
10,263,2,Evolucionistas,"Z=36 Kr (vida longa)",36,0,0
10,263,2,Evolucionistas,"Z=12 Mg (vida longa)",12,0,0
10,263,2,Evolucionistas,"Z=37 Rb (vida longa)",37,0,0
10,263,2,Evolucionistas,"Z=107 Bh (vida longa)",107,0,0
10,264,2,Evolucionistas,"Z=77 Ir (vida longa)",77,0,0
10,264,2,Evolucionistas,"Z=32 Ge (vida longa)",32,0,0
10,265,2,Evolucionistas,"Z=94 Pu (vida longa)",94,0,0
10,265,2,Evolucionistas,"Z=28 Ni (vida longa)",28,0,0
10,266,2,Evolucionistas,"Z=93 Np (vida longa)",93,0,0
10,267,2,Evolucionistas,"Z=42 Mo (vida longa)",42,0,0
10,268,2,Evolucionistas,"Z=15 P (vida longa)",15,0,0
10,270,2,Evolucionistas,"Z=49 In (vida longa)",49,0,0
10,271,2,Evolucionistas,"Z=13 Al (vida longa)",13,0,0
10,271,2,Evolucionistas,"Z=51 Sb (vida longa)",51,0,0
10,272,2,Evolucionistas,"Z=82 Pb (vida longa)",82,0,0
10,273,2,Evolucionistas,"Z=61 Pm (vida longa)",61,0,0
10,274,2,Evolucionistas,"Z=64 Gd (vida longa)",64,0,0
10,274,2,Evolucionistas,"Z=41 Nb (vida longa)",41,0,0
10,274,2,Evolucionistas,"Z=108 Hs (vida longa)",108,0,0
10,276,2,Evolucionistas,"Z=99 Es (vida longa)",99,0,0
10,276,2,Evolucionistas,"Z=46 Pd (vida longa)",46,0,1
10,277,2,Evolucionistas,"Z=90 Th (vida longa)",90,0,0
10,278,2,Evolucionistas,"Z=100 Fm (vida longa)",100,0,0
10,280,2,Evolucionistas,"Z=55 Cs (vida longa)",55,0,0
10,283,2,Evolucionistas,"Z=103 Lr (vida longa)",103,0,0
10,283,2,Evolucionistas,"Z=79 Au (vida longa)",79,0,0
10,283,2,Evolucionistas,"Z=52 Te (vida longa)",52,0,0
10,285,2,Evolucionistas,"Z=53 I (vida longa)",53,0,0
10,286,2,Evolucionistas,"Z=101 Md (vida longa)",101,0,0
10,287,2,Evolucionistas,"Z=89 Ac (vida longa)",89,0,0
10,292,2,Evolucionistas,"Z=96 Cm (vida longa)",96,0,0
10,295,2,Evolucionistas,"Z=67 Ho (vida longa)",67,0,0
11,0,0,Empiristas,"nucleos efemeros",71.5328,1,0
11,0,1,Incrementalistas,"Z=29 Cu (vida longa)",29,1,0
11,0,1,Incrementalistas,"Z=34 Se (vida longa)",34,1,0
11,0,1,Incrementalistas,"Z=36 Kr (vida longa)",36,1,0
11,0,1,Incrementalistas,"Z=38 Sr (vida longa)",38,1,0
11,0,2,Evolucionistas,"nucleos efemeros",30.8762,0,0
11,0,2,Evolucionistas,"Z=34 Se (vida longa)",34,0,0
11,0,3,Isolados,"nucleos efemeros",56.3842,0,0
11,0,3,Isolados,"Z=20 Ca (vida longa)",20,1,0
11,0,2,Evolucionistas,"Z=38 Sr (vida longa)",38,0,1
11,0,2,Evolucionistas,"Z=29 Cu (vida longa)",29,0,1
11,1,0,Empiristas,"Z=22 Ti (vida longa)",22,1,0
11,1,1,Incrementalistas,"nucleos efemeros",28.2266,0,0
11,1,2,Evolucionistas,"Z=35 Br (vida longa)",35,1,0
11,2,3,Isolados,"Z=48 Cd (vida longa)",48,1,0
11,2,3,Isolados,"Z=50 Sn (vida longa)",50,1,0
11,2,0,Empiristas,"Z=35 Br (vida longa)",35,0,1
11,3,0,Empiristas,"Z=79 Au (vida longa)",79,1,0
11,3,0,Empiristas,"Z=76 Os (vida longa)",76,1,0
11,3,1,Incrementalistas,"Z=31 Ga (vida longa)",31,1,0
11,3,1,Incrementalistas,"Z=37 Rb (vida longa)",37,1,0
11,5,0,Empiristas,"Z=80 Hg (vida longa)",80,1,0
11,5,0,Empiristas,"Z=82 Pb (vida longa)",82,1,0
11,5,1,Incrementalistas,"Z=32 Ge (vida longa)",32,1,0
11,5,1,Incrementalistas,"Z=35 Br (vida longa)",35,0,0
11,5,2,Evolucionistas,"Z=82 Pb (vida longa)",82,0,1
11,5,2,Evolucionistas,"Z=80 Hg (vida longa)",80,0,1
11,5,0,Empiristas,"Z=38 Sr (vida longa)",38,0,1
11,6,1,Incrementalistas,"Z=33 As (vida longa)",33,1,0
11,6,2,Evolucionistas,"Z=85 At (vida longa)",85,1,0
11,7,0,Empiristas,"Z=58 Ce (vida longa)",58,1,0
11,7,1,Incrementalistas,"Z=40 Zr (vida longa)",40,1,0
11,7,3,Isolados,"Z=23 V (vida longa)",23,1,0
11,8,0,Empiristas,"Z=59 Pr (vida longa)",59,1,0
11,8,2,Evolucionistas,"Z=87 Fr (vida longa)",87,1,0
11,8,0,Empiristas,"Z=87 Fr (vida longa)",87,0,1
11,9,0,Empiristas,"Z=6 C (vida longa)",6,1,0
11,9,1,Incrementalistas,"Z=42 Mo (vida longa)",42,1,0
11,9,1,Incrementalistas,"Z=30 Zn (vida longa)",30,1,0
11,9,2,Evolucionistas,"Z=31 Ga (vida longa)",31,0,0
11,9,2,Evolucionistas,"Z=84 Po (vida longa)",84,1,0
11,9,3,Isolados,"Z=62 Sm (vida longa)",62,1,0
11,10,3,Isolados,"Z=96 Cm (vida longa)",96,1,0
11,11,1,Incrementalistas,"Z=44 Ru (vida longa)",44,1,0
11,11,2,Evolucionistas,"Z=47 Ag (vida longa)",47,1,0
11,11,2,Evolucionistas,"Z=81 Tl (vida longa)",81,1,0
11,11,3,Isolados,"Z=64 Gd (vida longa)",64,1,0
11,12,0,Empiristas,"Z=28 Ni (vida longa)",28,1,0
11,12,1,Incrementalistas,"Z=39 Y (vida longa)",39,1,0
11,12,2,Evolucionistas,"Z=37 Rb (vida longa)",37,0,0
11,12,3,Isolados,"Z=110 Ds (vida longa)",110,1,0
11,12,3,Isolados,"Z=83 Bi (vida longa)",83,1,0
11,12,3,Isolados,"Z=84 Po (vida longa)",84,0,0
11,13,0,Empiristas,"Z=56 Ba (vida longa)",56,1,0
11,13,3,Isolados,"Z=99 Es (vida longa)",99,1,0
11,13,3,Isolados,"Z=98 Cf (vida longa)",98,1,0
11,13,0,Empiristas,"Z=36 Kr (vida longa)",36,0,1
11,13,1,Incrementalistas,"Z=87 Fr (vida longa)",87,0,1
11,13,1,Incrementalistas,"Z=22 Ti (vida longa)",22,0,1
11,14,0,Empiristas,"Z=32 Ge (vida longa)",32,0,0
11,14,0,Empiristas,"Z=81 Tl (vida longa)",81,0,0
11,14,1,Incrementalistas,"Z=28 Ni (vida longa)",28,0,0
11,14,3,Isolados,"Z=85 At (vida longa)",85,0,0
11,14,3,Isolados,"Z=100 Fm (vida longa)",100,1,0
11,14,3,Isolados,"Z=108 Hs (vida longa)",108,1,0
11,15,2,Evolucionistas,"Z=83 Bi (vida longa)",83,0,0
11,15,3,Isolados,"Z=111 Rg (vida longa)",111,1,0
11,15,3,Isolados,"Z=87 Fr (vida longa)",87,0,0
11,15,3,Isolados,"Z=112 Cn (vida longa)",112,1,0
11,15,1,Incrementalistas,"Z=76 Os (vida longa)",76,0,1
11,15,0,Empiristas,"Z=34 Se (vida longa)",34,0,1
11,16,0,Empiristas,"Z=84 Po (vida longa)",84,0,0
11,16,1,Incrementalistas,"Z=77 Ir (vida longa)",77,1,0
11,16,2,Evolucionistas,"Z=53 I (vida longa)",53,1,0
11,16,3,Isolados,"Z=5 B (vida longa)",5,1,0
11,16,0,Empiristas,"Z=31 Ga (vida longa)",31,0,1
11,16,2,Evolucionistas,"Z=56 Ba (vida longa)",56,0,1
11,17,0,Empiristas,"Z=74 W (vida longa)",74,1,0
11,17,1,Incrementalistas,"Z=46 Pd (vida longa)",46,1,0
11,17,1,Incrementalistas,"Z=82 Pb (vida longa)",82,0,1
11,18,2,Evolucionistas,"Z=54 Xe (vida longa)",54,1,0
11,18,3,Isolados,"Z=105 Db (vida longa)",105,1,0
11,19,0,Empiristas,"Z=77 Ir (vida longa)",77,0,0
11,19,0,Empiristas,"Z=83 Bi (vida longa)",83,0,0
11,19,0,Empiristas,"Z=85 At (vida longa)",85,0,0
11,19,1,Incrementalistas,"Z=84 Po (vida longa)",84,0,0
11,19,2,Evolucionistas,"Z=71 Lu (vida longa)",71,1,0
11,19,2,Evolucionistas,"Z=98 Cf (vida longa)",98,0,0
11,20,0,Empiristas,"Z=97 Bk (vida longa)",97,1,0
11,20,0,Empiristas,"Z=62 Sm (vida longa)",62,0,0
11,20,0,Empiristas,"Z=86 Rn (vida longa)",86,1,0
11,20,1,Incrementalistas,"Z=97 Bk (vida longa)",97,0,0
11,20,3,Isolados,"Z=104 Rf (vida longa)",104,1,0
11,20,3,Isolados,"Z=97 Bk (vida longa)",97,0,0
11,21,1,Incrementalistas,"Z=41 Nb (vida longa)",41,1,0
11,21,1,Incrementalistas,"Z=85 At (vida longa)",85,0,0
11,21,2,Evolucionistas,"Z=78 Pt (vida longa)",78,1,0
11,21,2,Evolucionistas,"Z=77 Ir (vida longa)",77,0,0
11,21,2,Evolucionistas,"Z=79 Au (vida longa)",79,0,0
11,22,3,Isolados,"Z=86 Rn (vida longa)",86,0,0
11,22,3,Isolados,"Z=106 Sg (vida longa)",106,1,0
11,22,3,Isolados,"Z=109 Mt (vida longa)",109,1,0
11,23,1,Incrementalistas,"Z=86 Rn (vida longa)",86,0,0
11,23,1,Incrementalistas,"Z=80 Hg (vida longa)",80,0,0
11,23,3,Isolados,"Z=107 Bh (vida longa)",107,1,0
11,24,1,Incrementalistas,"Z=96 Cm (vida longa)",96,0,0
11,24,1,Incrementalistas,"Z=83 Bi (vida longa)",83,0,0
11,24,3,Isolados,"Z=22 Ti (vida longa)",22,0,0
11,24,2,Evolucionistas,"Z=97 Bk (vida longa)",97,0,1
11,24,2,Evolucionistas,"Z=32 Ge (vida longa)",32,0,1
11,24,1,Incrementalistas,"Z=98 Cf (vida longa)",98,0,1
11,24,1,Incrementalistas,"Z=71 Lu (vida longa)",71,0,1
11,25,0,Empiristas,"Z=20 Ca (vida longa)",20,0,0
11,25,3,Isolados,"Z=40 Zr (vida longa)",40,0,0
11,26,0,Empiristas,"Z=63 Eu (vida longa)",63,1,0
11,26,0,Empiristas,"Z=78 Pt (vida longa)",78,0,0
11,26,1,Incrementalistas,"Z=111 Rg (vida longa)",111,0,0
11,26,1,Incrementalistas,"Z=75 Re (vida longa)",75,1,0
11,26,1,Incrementalistas,"Z=108 Hs (vida longa)",108,0,0
11,26,2,Evolucionistas,"Z=86 Rn (vida longa)",86,0,0
11,27,1,Incrementalistas,"Z=109 Mt (vida longa)",109,0,0
11,27,2,Evolucionistas,"Z=59 Pr (vida longa)",59,0,0
11,27,3,Isolados,"Z=103 Lr (vida longa)",103,1,0
11,28,0,Empiristas,"Z=92 U (vida longa)",92,1,0
11,28,1,Incrementalistas,"Z=110 Ds (vida longa)",110,0,0
11,28,1,Incrementalistas,"Z=20 Ca (vida longa)",20,0,0
11,28,1,Incrementalistas,"Z=63 Eu (vida longa)",63,0,0
11,28,2,Evolucionistas,"Z=92 U (vida longa)",92,0,0
11,28,3,Isolados,"Z=102 No (vida longa)",102,1,0
11,28,3,Isolados,"Z=88 Ra (vida longa)",88,1,0
11,29,1,Incrementalistas,"Z=81 Tl (vida longa)",81,0,0
11,29,1,Incrementalistas,"Z=112 Cn (vida longa)",112,0,0
11,29,3,Isolados,"Z=114 Fl (vida longa)",114,1,0
11,30,0,Empiristas,"Z=90 Th (vida longa)",90,1,0
11,30,0,Empiristas,"Z=41 Nb (vida longa)",41,0,0
11,30,0,Empiristas,"Z=88 Ra (vida longa)",88,0,0
11,30,0,Empiristas,"Z=57 La (vida longa)",57,1,0
11,30,1,Incrementalistas,"Z=106 Sg (vida longa)",106,0,0
11,30,1,Incrementalistas,"Z=95 Am (vida longa)",95,1,0
11,31,0,Empiristas,"Z=98 Cf (vida longa)",98,0,0
11,31,1,Incrementalistas,"Z=93 Np (vida longa)",93,1,0
11,31,1,Incrementalistas,"Z=99 Es (vida longa)",99,0,0
11,31,1,Incrementalistas,"Z=113 Nh (vida longa)",113,1,0
11,31,1,Incrementalistas,"Z=107 Bh (vida longa)",107,0,0
11,31,2,Evolucionistas,"Z=93 Np (vida longa)",93,0,0
11,31,3,Isolados,"Z=101 Md (vida longa)",101,1,0
11,32,0,Empiristas,"Z=29 Cu (vida longa)",29,0,0
11,32,0,Empiristas,"Z=94 Pu (vida longa)",94,1,0
11,32,1,Incrementalistas,"Z=92 U (vida longa)",92,0,0
11,32,1,Incrementalistas,"Z=100 Fm (vida longa)",100,0,0
11,32,3,Isolados,"Z=113 Nh (vida longa)",113,0,0
11,33,0,Empiristas,"Z=100 Fm (vida longa)",100,0,0
11,33,1,Incrementalistas,"Z=94 Pu (vida longa)",94,0,0
11,33,2,Evolucionistas,"Z=94 Pu (vida longa)",94,0,0
11,33,3,Isolados,"Z=12 Mg (vida longa)",12,1,0
11,34,0,Empiristas,"Z=26 Fe (vida longa)",26,1,0
11,34,1,Incrementalistas,"Z=105 Db (vida longa)",105,0,0
11,34,1,Incrementalistas,"Z=114 Fl (vida longa)",114,0,0
11,34,2,Evolucionistas,"Z=96 Cm (vida longa)",96,0,0
11,34,2,Evolucionistas,"Z=50 Sn (vida longa)",50,0,0
11,34,3,Isolados,"Z=95 Am (vida longa)",95,0,0
11,34,1,Incrementalistas,"Z=47 Ag (vida longa)",47,0,1
11,34,2,Evolucionistas,"Z=114 Fl (vida longa)",114,0,1
11,34,2,Evolucionistas,"Z=76 Os (vida longa)",76,0,1
11,35,0,Empiristas,"Z=17 Cl (vida longa)",17,1,0
11,35,0,Empiristas,"Z=7 N (vida longa)",7,1,0
11,35,1,Incrementalistas,"Z=104 Rf (vida longa)",104,0,0
11,35,2,Evolucionistas,"Z=95 Am (vida longa)",95,0,0
11,35,3,Isolados,"Z=63 Eu (vida longa)",63,0,0
11,36,0,Empiristas,"Z=91 Pa (vida longa)",91,1,0
11,37,0,Empiristas,"Z=93 Np (vida longa)",93,0,0
11,37,3,Isolados,"Z=34 Se (vida longa)",34,0,0
11,37,3,Isolados,"Z=115 Mc (vida longa)",115,1,0
11,39,2,Evolucionistas,"Z=27 Co (vida longa)",27,1,0
11,39,2,Evolucionistas,"Z=115 Mc (vida longa)",115,0,0
11,39,3,Isolados,"Z=47 Ag (vida longa)",47,0,0
11,40,0,Empiristas,"Z=75 Re (vida longa)",75,0,0
11,40,0,Empiristas,"Z=114 Fl (vida longa)",114,0,0
11,40,1,Incrementalistas,"Z=115 Mc (vida longa)",115,0,0
11,40,3,Isolados,"Z=46 Pd (vida longa)",46,0,0
11,41,0,Empiristas,"Z=99 Es (vida longa)",99,0,0
11,41,2,Evolucionistas,"Z=58 Ce (vida longa)",58,0,0
11,42,0,Empiristas,"Z=13 Al (vida longa)",13,1,0
11,42,2,Evolucionistas,"Z=3 Li (vida longa)",3,1,0
11,43,0,Empiristas,"Z=45 Rh (vida longa)",45,1,0
11,43,0,Empiristas,"Z=2 He (vida longa)",2,1,0
11,43,2,Evolucionistas,"Z=112 Cn (vida longa)",112,0,0
11,43,0,Empiristas,"Z=115 Mc (vida longa)",115,0,1
11,44,0,Empiristas,"Z=89 Ac (vida longa)",89,1,0
11,44,0,Empiristas,"Z=53 I (vida longa)",53,0,0
11,45,0,Empiristas,"Z=95 Am (vida longa)",95,0,0
11,45,0,Empiristas,"Z=96 Cm (vida longa)",96,0,0
11,45,2,Evolucionistas,"Z=100 Fm (vida longa)",100,0,0
11,46,1,Incrementalistas,"Z=45 Rh (vida longa)",45,0,0
11,46,2,Evolucionistas,"Z=99 Es (vida longa)",99,0,0
11,47,1,Incrementalistas,"Z=24 Cr (vida longa)",24,1,0
11,48,0,Empiristas,"Z=4 Be (vida longa)",4,1,0
11,49,2,Evolucionistas,"Z=28 Ni (vida longa)",28,0,0
11,49,3,Isolados,"Z=18 Ar (vida longa)",18,1,0
11,50,1,Incrementalistas,"Z=26 Fe (vida longa)",26,0,1
11,50,0,Empiristas,"Z=46 Pd (vida longa)",46,0,1
11,51,0,Empiristas,"Z=112 Cn (vida longa)",112,0,0
11,51,2,Evolucionistas,"Z=109 Mt (vida longa)",109,0,0
11,51,3,Isolados,"Z=66 Dy (vida longa)",66,1,0
11,51,3,Isolados,"Z=79 Au (vida longa)",79,0,0
11,52,0,Empiristas,"Z=60 Nd (vida longa)",60,1,0
11,52,0,Empiristas,"Z=8 O (vida longa)",8,1,0
11,52,0,Empiristas,"Z=15 P (vida longa)",15,1,0
11,52,0,Empiristas,"Z=72 Hf (vida longa)",72,1,0
11,52,2,Evolucionistas,"Z=113 Nh (vida longa)",113,0,0
11,53,2,Evolucionistas,"Z=6 C (vida longa)",6,0,0
11,53,3,Isolados,"Z=4 Be (vida longa)",4,0,0
11,54,0,Empiristas,"Z=3 Li (vida longa)",3,0,0
11,54,0,Empiristas,"Z=5 B (vida longa)",5,0,0
11,54,3,Isolados,"Z=55 Cs (vida longa)",55,1,0
11,55,0,Empiristas,"Z=33 As (vida longa)",33,0,0
11,55,2,Evolucionistas,"Z=111 Rg (vida longa)",111,0,0
11,55,3,Isolados,"Z=94 Pu (vida longa)",94,0,0
11,55,2,Evolucionistas,"Z=62 Sm (vida longa)",62,0,1
11,56,0,Empiristas,"Z=61 Pm (vida longa)",61,1,0
11,56,0,Empiristas,"Z=48 Cd (vida longa)",48,0,0
11,56,0,Empiristas,"Z=30 Zn (vida longa)",30,0,0
11,56,3,Isolados,"Z=93 Np (vida longa)",93,0,0
11,56,3,Isolados,"Z=30 Zn (vida longa)",30,0,0
11,57,0,Empiristas,"Z=113 Nh (vida longa)",113,0,0
11,57,2,Evolucionistas,"Z=10 Ne (vida longa)",10,1,0
11,57,2,Evolucionistas,"Z=110 Ds (vida longa)",110,0,0
11,57,3,Isolados,"Z=92 U (vida longa)",92,0,0
11,58,0,Empiristas,"Z=101 Md (vida longa)",101,0,0
11,59,0,Empiristas,"Z=106 Sg (vida longa)",106,0,0
11,60,1,Incrementalistas,"Z=58 Ce (vida longa)",58,0,1
11,61,2,Evolucionistas,"Z=90 Th (vida longa)",90,0,0
11,61,2,Evolucionistas,"Z=22 Ti (vida longa)",22,0,1
11,61,1,Incrementalistas,"Z=54 Xe (vida longa)",54,0,1
11,62,0,Empiristas,"Z=40 Zr (vida longa)",40,0,0
11,62,0,Empiristas,"Z=55 Cs (vida longa)",55,0,0
11,62,1,Incrementalistas,"Z=79 Au (vida longa)",79,0,0
11,62,3,Isolados,"Z=72 Hf (vida longa)",72,0,0
11,63,0,Empiristas,"Z=14 Si (vida longa)",14,1,0
11,64,0,Empiristas,"Z=111 Rg (vida longa)",111,0,0
11,64,3,Isolados,"Z=3 Li (vida longa)",3,0,0
11,64,1,Incrementalistas,"Z=53 I (vida longa)",53,0,1
11,65,0,Empiristas,"Z=70 Yb (vida longa)",70,1,0
11,66,0,Empiristas,"Z=24 Cr (vida longa)",24,0,0
11,66,2,Evolucionistas,"Z=12 Mg (vida longa)",12,0,0
11,67,0,Empiristas,"Z=109 Mt (vida longa)",109,0,0
11,67,2,Evolucionistas,"Z=44 Ru (vida longa)",44,0,1
11,67,1,Incrementalistas,"Z=90 Th (vida longa)",90,0,1
11,68,0,Empiristas,"Z=51 Sb (vida longa)",51,1,0
11,68,0,Empiristas,"Z=39 Y (vida longa)",39,0,0
11,68,1,Incrementalistas,"Z=10 Ne (vida longa)",10,0,1
11,69,0,Empiristas,"Z=68 Er (vida longa)",68,1,0
11,69,0,Empiristas,"Z=110 Ds (vida longa)",110,0,0
11,69,1,Incrementalistas,"Z=6 C (vida longa)",6,0,0
11,69,2,Evolucionistas,"Z=64 Gd (vida longa)",64,0,0
11,69,3,Isolados,"Z=6 C (vida longa)",6,0,0
11,70,0,Empiristas,"Z=44 Ru (vida longa)",44,0,0
11,70,1,Incrementalistas,"Z=78 Pt (vida longa)",78,0,0
11,71,0,Empiristas,"Z=107 Bh (vida longa)",107,0,0
11,71,1,Incrementalistas,"Z=19 K (vida longa)",19,1,0
11,71,2,Evolucionistas,"Z=36 Kr (vida longa)",36,0,0
11,71,2,Evolucionistas,"Z=74 W (vida longa)",74,0,0
11,73,0,Empiristas,"Z=19 K (vida longa)",19,0,0
11,74,0,Empiristas,"Z=12 Mg (vida longa)",12,0,0
11,74,1,Incrementalistas,"Z=72 Hf (vida longa)",72,0,0
11,75,0,Empiristas,"Z=65 Tb (vida longa)",65,1,0
11,75,0,Empiristas,"Z=71 Lu (vida longa)",71,0,0
11,75,3,Isolados,"Z=25 Mn (vida longa)",25,1,0
11,76,0,Empiristas,"Z=10 Ne (vida longa)",10,0,0
11,77,0,Empiristas,"Z=16 S (vida longa)",16,1,0
11,79,3,Isolados,"Z=61 Pm (vida longa)",61,0,0
11,80,0,Empiristas,"Z=104 Rf (vida longa)",104,0,0
11,80,1,Incrementalistas,"Z=102 No (vida longa)",102,0,0
11,80,3,Isolados,"Z=26 Fe (vida longa)",26,0,0
11,80,3,Isolados,"Z=2 He (vida longa)",2,0,0
11,81,0,Empiristas,"Z=108 Hs (vida longa)",108,0,0
11,81,2,Evolucionistas,"Z=48 Cd (vida longa)",48,0,0
11,81,2,Evolucionistas,"Z=4 Be (vida longa)",4,0,0
11,82,0,Empiristas,"Z=54 Xe (vida longa)",54,0,0
11,83,0,Empiristas,"Z=50 Sn (vida longa)",50,0,0
11,83,0,Empiristas,"Z=52 Te (vida longa)",52,1,0
11,83,1,Incrementalistas,"Z=64 Gd (vida longa)",64,0,0
11,84,1,Incrementalistas,"Z=9 F (vida longa)",9,1,0
11,85,2,Evolucionistas,"Z=65 Tb (vida longa)",65,0,0
11,85,3,Isolados,"Z=36 Kr (vida longa)",36,0,0
11,85,3,Isolados,"Z=28 Ni (vida longa)",28,0,0
11,85,3,Isolados,"Z=90 Th (vida longa)",90,0,0
11,85,2,Evolucionistas,"Z=75 Re (vida longa)",75,0,1
11,86,3,Isolados,"Z=31 Ga (vida longa)",31,0,0
11,87,3,Isolados,"Z=24 Cr (vida longa)",24,0,0
11,87,2,Evolucionistas,"Z=105 Db (vida longa)",105,0,1
11,88,3,Isolados,"Z=33 As (vida longa)",33,0,0
11,89,3,Isolados,"Z=89 Ac (vida longa)",89,0,0
11,91,1,Incrementalistas,"Z=13 Al (vida longa)",13,0,0
11,92,0,Empiristas,"Z=23 V (vida longa)",23,0,0
11,92,0,Empiristas,"Z=64 Gd (vida longa)",64,0,0
11,92,1,Incrementalistas,"Z=61 Pm (vida longa)",61,0,0
11,92,2,Evolucionistas,"Z=88 Ra (vida longa)",88,0,1
11,93,3,Isolados,"Z=7 N (vida longa)",7,0,0
11,94,0,Empiristas,"Z=21 Sc (vida longa)",21,1,0
11,94,1,Incrementalistas,"Z=67 Ho (vida longa)",67,1,0
11,94,2,Evolucionistas,"Z=20 Ca (vida longa)",20,0,0
11,95,3,Isolados,"Z=37 Rb (vida longa)",37,0,0
11,96,2,Evolucionistas,"Z=49 In (vida longa)",49,1,0
11,96,2,Evolucionistas,"Z=60 Nd (vida longa)",60,0,0
11,97,0,Empiristas,"Z=27 Co (vida longa)",27,0,0
11,97,1,Incrementalistas,"Z=56 Ba (vida longa)",56,0,0
11,98,0,Empiristas,"Z=11 Na (vida longa)",11,1,0
11,98,1,Incrementalistas,"Z=27 Co (vida longa)",27,0,0
11,100,0,Empiristas,"Z=37 Rb (vida longa)",37,0,0
11,100,3,Isolados,"Z=45 Rh (vida longa)",45,0,0
11,100,3,Isolados,"Z=68 Er (vida longa)",68,0,0
11,100,3,Isolados,"Z=70 Yb (vida longa)",70,0,0
11,100,2,Evolucionistas,"Z=24 Cr (vida longa)",24,0,1
11,101,2,Evolucionistas,"Z=40 Zr (vida longa)",40,0,0
11,102,0,Empiristas,"Z=25 Mn (vida longa)",25,0,0
11,102,3,Isolados,"Z=80 Hg (vida longa)",80,0,0
11,103,2,Evolucionistas,"Z=25 Mn (vida longa)",25,0,0
11,103,3,Isolados,"Z=8 O (vida longa)",8,0,0
11,103,2,Evolucionistas,"Z=45 Rh (vida longa)",45,0,1
11,104,0,Empiristas,"Z=103 Lr (vida longa)",103,0,0
11,104,2,Evolucionistas,"Z=5 B (vida longa)",5,0,0
11,105,2,Evolucionistas,"Z=9 F (vida longa)",9,0,0
11,105,3,Isolados,"Z=43 Tc (vida longa)",43,1,0
11,105,3,Isolados,"Z=67 Ho (vida longa)",67,0,0
11,106,2,Evolucionistas,"Z=63 Eu (vida longa)",63,0,0
11,106,3,Isolados,"Z=10 Ne (vida longa)",10,0,0
11,107,1,Incrementalistas,"Z=91 Pa (vida longa)",91,0,0
11,108,3,Isolados,"Z=69 Tm (vida longa)",69,1,0
11,108,3,Isolados,"Z=38 Sr (vida longa)",38,0,0
11,108,3,Isolados,"Z=56 Ba (vida longa)",56,0,0
11,109,2,Evolucionistas,"Z=55 Cs (vida longa)",55,0,0
11,109,2,Evolucionistas,"Z=26 Fe (vida longa)",26,0,0
11,109,3,Isolados,"Z=16 S (vida longa)",16,0,0
11,110,3,Isolados,"Z=32 Ge (vida longa)",32,0,0
11,111,0,Empiristas,"Z=47 Ag (vida longa)",47,0,0
11,111,2,Evolucionistas,"Z=8 O (vida longa)",8,0,0
11,112,2,Evolucionistas,"Z=73 Ta (vida longa)",73,1,0
11,112,3,Isolados,"Z=17 Cl (vida longa)",17,0,0
11,113,0,Empiristas,"Z=42 Mo (vida longa)",42,0,0
11,113,0,Empiristas,"Z=66 Dy (vida longa)",66,0,0
11,113,0,Empiristas,"Z=49 In (vida longa)",49,0,0
11,113,1,Incrementalistas,"Z=17 Cl (vida longa)",17,0,0
11,113,2,Evolucionistas,"Z=42 Mo (vida longa)",42,0,0
11,113,3,Isolados,"Z=58 Ce (vida longa)",58,0,0
11,114,1,Incrementalistas,"Z=62 Sm (vida longa)",62,0,0
11,114,2,Evolucionistas,"Z=66 Dy (vida longa)",66,0,0
11,115,1,Incrementalistas,"Z=18 Ar (vida longa)",18,0,0
11,115,2,Evolucionistas,"Z=2 He (vida longa)",2,0,0
11,115,2,Evolucionistas,"Z=89 Ac (vida longa)",89,0,0
11,115,3,Isolados,"Z=60 Nd (vida longa)",60,0,0
11,115,3,Isolados,"Z=65 Tb (vida longa)",65,0,0
11,117,1,Incrementalistas,"Z=3 Li (vida longa)",3,0,0
11,119,2,Evolucionistas,"Z=33 As (vida longa)",33,0,0
11,119,2,Evolucionistas,"Z=68 Er (vida longa)",68,0,0
11,119,2,Evolucionistas,"Z=61 Pm (vida longa)",61,0,1
11,120,0,Empiristas,"Z=67 Ho (vida longa)",67,0,0
11,120,3,Isolados,"Z=54 Xe (vida longa)",54,0,0
11,121,1,Incrementalistas,"Z=16 S (vida longa)",16,0,0
11,121,2,Evolucionistas,"Z=39 Y (vida longa)",39,0,0
11,121,2,Evolucionistas,"Z=30 Zn (vida longa)",30,0,0
11,121,2,Evolucionistas,"Z=7 N (vida longa)",7,0,0
11,121,1,Incrementalistas,"Z=15 P (vida longa)",15,0,1
11,122,0,Empiristas,"Z=43 Tc (vida longa)",43,0,0
11,122,0,Empiristas,"Z=73 Ta (vida longa)",73,0,0
11,122,3,Isolados,"Z=29 Cu (vida longa)",29,0,0
11,122,3,Isolados,"Z=11 Na (vida longa)",11,0,0
11,123,3,Isolados,"Z=77 Ir (vida longa)",77,0,0
11,124,1,Incrementalistas,"Z=60 Nd (vida longa)",60,0,0
11,124,2,Evolucionistas,"Z=67 Ho (vida longa)",67,0,0
11,124,3,Isolados,"Z=35 Br (vida longa)",35,0,0
11,125,0,Empiristas,"Z=18 Ar (vida longa)",18,0,0
11,125,3,Isolados,"Z=14 Si (vida longa)",14,0,0
11,127,2,Evolucionistas,"Z=46 Pd (vida longa)",46,0,0
11,128,2,Evolucionistas,"Z=108 Hs (vida longa)",108,0,0
11,128,2,Evolucionistas,"Z=11 Na (vida longa)",11,0,0
11,128,3,Isolados,"Z=27 Co (vida longa)",27,0,0
11,129,1,Incrementalistas,"Z=4 Be (vida longa)",4,0,0
11,129,1,Incrementalistas,"Z=51 Sb (vida longa)",51,0,0
11,129,3,Isolados,"Z=49 In (vida longa)",49,0,0
11,130,2,Evolucionistas,"Z=16 S (vida longa)",16,0,0
11,131,1,Incrementalistas,"Z=5 B (vida longa)",5,0,0
11,131,2,Evolucionistas,"Z=102 No (vida longa)",102,0,0
11,131,2,Evolucionistas,"Z=70 Yb (vida longa)",70,0,1
11,132,0,Empiristas,"Z=69 Tm (vida longa)",69,0,0
11,132,3,Isolados,"Z=73 Ta (vida longa)",73,0,0
11,133,3,Isolados,"Z=78 Pt (vida longa)",78,0,0
11,133,3,Isolados,"Z=82 Pb (vida longa)",82,0,0
11,134,3,Isolados,"Z=41 Nb (vida longa)",41,0,0
11,134,2,Evolucionistas,"Z=17 Cl (vida longa)",17,0,1
11,135,1,Incrementalistas,"Z=11 Na (vida longa)",11,0,0
11,136,1,Incrementalistas,"Z=68 Er (vida longa)",68,0,0
11,138,1,Incrementalistas,"Z=73 Ta (vida longa)",73,0,0
11,139,1,Incrementalistas,"Z=66 Dy (vida longa)",66,0,0
11,140,3,Isolados,"Z=74 W (vida longa)",74,0,0
11,140,1,Incrementalistas,"Z=8 O (vida longa)",8,0,1
11,141,3,Isolados,"Z=21 Sc (vida longa)",21,0,0
11,141,3,Isolados,"Z=52 Te (vida longa)",52,0,0
11,142,1,Incrementalistas,"Z=48 Cd (vida longa)",48,0,0
11,142,1,Incrementalistas,"Z=12 Mg (vida longa)",12,0,0
11,143,2,Evolucionistas,"Z=41 Nb (vida longa)",41,0,0
11,144,1,Incrementalistas,"Z=74 W (vida longa)",74,0,0
11,145,1,Incrementalistas,"Z=25 Mn (vida longa)",25,0,0
11,145,1,Incrementalistas,"Z=43 Tc (vida longa)",43,0,0
11,145,1,Incrementalistas,"Z=65 Tb (vida longa)",65,0,0
11,145,3,Isolados,"Z=44 Ru (vida longa)",44,0,0
11,146,0,Empiristas,"Z=9 F (vida longa)",9,0,0
11,146,1,Incrementalistas,"Z=103 Lr (vida longa)",103,0,0
11,146,1,Incrementalistas,"Z=14 Si (vida longa)",14,0,0
11,146,2,Evolucionistas,"Z=43 Tc (vida longa)",43,0,0
11,147,1,Incrementalistas,"Z=70 Yb (vida longa)",70,0,0
11,147,3,Isolados,"Z=91 Pa (vida longa)",91,0,0
11,148,1,Incrementalistas,"Z=52 Te (vida longa)",52,0,0
11,148,2,Evolucionistas,"Z=51 Sb (vida longa)",51,0,0
11,148,2,Evolucionistas,"Z=18 Ar (vida longa)",18,0,0
11,149,0,Empiristas,"Z=105 Db (vida longa)",105,0,0
11,149,1,Incrementalistas,"Z=23 V (vida longa)",23,0,0
11,149,2,Evolucionistas,"Z=15 P (vida longa)",15,0,0
11,149,3,Isolados,"Z=42 Mo (vida longa)",42,0,0
11,150,1,Incrementalistas,"Z=55 Cs (vida longa)",55,0,0
11,150,3,Isolados,"Z=59 Pr (vida longa)",59,0,0
11,151,2,Evolucionistas,"Z=52 Te (vida longa)",52,0,0
11,151,3,Isolados,"Z=81 Tl (vida longa)",81,0,0
11,153,3,Isolados,"Z=19 K (vida longa)",19,0,0
11,154,1,Incrementalistas,"Z=49 In (vida longa)",49,0,0
11,156,3,Isolados,"Z=53 I (vida longa)",53,0,0
11,157,2,Evolucionistas,"Z=23 V (vida longa)",23,0,0
11,157,2,Evolucionistas,"Z=14 Si (vida longa)",14,0,0
11,157,3,Isolados,"Z=15 P (vida longa)",15,0,0
11,158,1,Incrementalistas,"Z=101 Md (vida longa)",101,0,0
11,158,3,Isolados,"Z=13 Al (vida longa)",13,0,0
11,162,1,Incrementalistas,"Z=2 He (vida longa)",2,0,0
11,163,3,Isolados,"Z=71 Lu (vida longa)",71,0,0
11,164,1,Incrementalistas,"Z=50 Sn (vida longa)",50,0,0
11,165,0,Empiristas,"Z=102 No (vida longa)",102,0,0
11,165,2,Evolucionistas,"Z=72 Hf (vida longa)",72,0,0
11,165,3,Isolados,"Z=9 F (vida longa)",9,0,0
11,169,3,Isolados,"Z=39 Y (vida longa)",39,0,0
11,169,3,Isolados,"Z=76 Os (vida longa)",76,0,0
11,170,1,Incrementalistas,"Z=57 La (vida longa)",57,0,0
11,170,3,Isolados,"Z=51 Sb (vida longa)",51,0,0
11,175,2,Evolucionistas,"Z=104 Rf (vida longa)",104,0,0
11,175,3,Isolados,"Z=75 Re (vida longa)",75,0,0
11,177,1,Incrementalistas,"Z=7 N (vida longa)",7,0,0
11,178,2,Evolucionistas,"Z=91 Pa (vida longa)",91,0,0
11,179,2,Evolucionistas,"Z=57 La (vida longa)",57,0,0
11,179,2,Evolucionistas,"Z=69 Tm (vida longa)",69,0,0
11,181,2,Evolucionistas,"Z=103 Lr (vida longa)",103,0,0
11,183,0,Empiristas,"Z=1 H (vida longa)",1,1,0
11,184,2,Evolucionistas,"Z=107 Bh (vida longa)",107,0,0
11,184,2,Evolucionistas,"Z=13 Al (vida longa)",13,0,0
11,186,1,Incrementalistas,"Z=59 Pr (vida longa)",59,0,0
11,188,2,Evolucionistas,"Z=106 Sg (vida longa)",106,0,0
11,193,1,Incrementalistas,"Z=21 Sc (vida longa)",21,0,0
11,195,1,Incrementalistas,"Z=88 Ra (vida longa)",88,0,0
11,201,2,Evolucionistas,"Z=19 K (vida longa)",19,0,0
11,202,1,Incrementalistas,"Z=69 Tm (vida longa)",69,0,0
11,210,2,Evolucionistas,"Z=21 Sc (vida longa)",21,0,0
11,210,3,Isolados,"Z=57 La (vida longa)",57,0,0
11,222,3,Isolados,"Z=1 H (vida longa)",1,0,0
11,227,1,Incrementalistas,"Z=89 Ac (vida longa)",89,0,0
11,230,2,Evolucionistas,"Z=101 Md (vida longa)",101,0,0
11,236,3,Isolados,"Z=33 As (vida longa)",33,0,0
11,236,3,Isolados,"nucleos efemeros",8.50974,0,0
11,236,3,Isolados,"Z=111 Rg (vida longa)",111,0,0
11,236,3,Isolados,"Z=41 Nb (vida longa)",41,0,0
11,236,3,Isolados,"Z=47 Ag (vida longa)",47,0,0
11,236,3,Isolados,"Z=55 Cs (vida longa)",55,0,0
11,236,3,Isolados,"Z=51 Sb (vida longa)",51,0,0
11,237,3,Isolados,"Z=5 B (vida longa)",5,0,0
11,237,3,Isolados,"Z=48 Cd (vida longa)",48,0,0
11,238,3,Isolados,"Z=61 Pm (vida longa)",61,0,0
11,239,3,Isolados,"Z=62 Sm (vida longa)",62,0,0
11,239,3,Isolados,"Z=91 Pa (vida longa)",91,0,0
11,240,3,Isolados,"Z=74 W (vida longa)",74,0,0
11,240,3,Isolados,"Z=96 Cm (vida longa)",96,0,0
11,240,3,Isolados,"Z=98 Cf (vida longa)",98,0,0
11,240,3,Isolados,"Z=69 Tm (vida longa)",69,0,0
11,241,3,Isolados,"Z=53 I (vida longa)",53,0,0
11,241,3,Isolados,"Z=8 O (vida longa)",8,0,0
11,241,3,Isolados,"Z=3 Li (vida longa)",3,0,0
11,242,3,Isolados,"Z=76 Os (vida longa)",76,0,0
11,242,3,Isolados,"Z=92 U (vida longa)",92,0,0
11,243,3,Isolados,"Z=73 Ta (vida longa)",73,0,0
11,243,3,Isolados,"Z=25 Mn (vida longa)",25,0,0
11,244,3,Isolados,"Z=10 Ne (vida longa)",10,0,0
11,244,3,Isolados,"Z=72 Hf (vida longa)",72,0,0
11,245,3,Isolados,"Z=15 P (vida longa)",15,0,0
11,245,3,Isolados,"Z=89 Ac (vida longa)",89,0,0
11,245,3,Isolados,"Z=99 Es (vida longa)",99,0,0
11,245,3,Isolados,"Z=66 Dy (vida longa)",66,0,0
11,246,3,Isolados,"Z=88 Ra (vida longa)",88,0,0
11,246,3,Isolados,"Z=34 Se (vida longa)",34,0,0
11,247,3,Isolados,"Z=17 Cl (vida longa)",17,0,0
11,249,3,Isolados,"Z=49 In (vida longa)",49,0,0
11,250,3,Isolados,"Z=78 Pt (vida longa)",78,0,0
11,251,3,Isolados,"Z=107 Bh (vida longa)",107,0,0
11,252,3,Isolados,"Z=94 Pu (vida longa)",94,0,0
11,255,3,Isolados,"Z=57 La (vida longa)",57,0,0
11,255,3,Isolados,"Z=108 Hs (vida longa)",108,0,0
11,290,2,Evolucionistas,"Z=1 H (vida longa)",1,0,0
11,293,1,Incrementalistas,"Z=114 Fl (vida longa)",114,0,0
11,293,1,Incrementalistas,"nucleos efemeros",109.657,0,0
11,293,1,Incrementalistas,"Z=111 Rg (vida longa)",111,0,0
11,293,1,Incrementalistas,"Z=113 Nh (vida longa)",113,0,0
11,293,1,Incrementalistas,"Z=66 Dy (vida longa)",66,0,0
11,293,1,Incrementalistas,"Z=14 Si (vida longa)",14,0,0
11,293,1,Incrementalistas,"Z=102 No (vida longa)",102,0,0
11,293,1,Incrementalistas,"Z=56 Ba (vida longa)",56,0,0
11,293,1,Incrementalistas,"Z=97 Bk (vida longa)",97,0,0
11,294,1,Incrementalistas,"Z=18 Ar (vida longa)",18,0,0
11,294,1,Incrementalistas,"Z=94 Pu (vida longa)",94,0,0
11,294,1,Incrementalistas,"Z=30 Zn (vida longa)",30,0,0
11,295,1,Incrementalistas,"Z=80 Hg (vida longa)",80,0,0
11,295,1,Incrementalistas,"Z=88 Ra (vida longa)",88,0,0
11,295,1,Incrementalistas,"Z=64 Gd (vida longa)",64,0,0
11,295,1,Incrementalistas,"Z=107 Bh (vida longa)",107,0,0
11,296,1,Incrementalistas,"Z=72 Hf (vida longa)",72,0,0
11,297,1,Incrementalistas,"Z=79 Au (vida longa)",79,0,0
11,297,1,Incrementalistas,"Z=96 Cm (vida longa)",96,0,0
11,297,1,Incrementalistas,"Z=42 Mo (vida longa)",42,0,0
11,298,1,Incrementalistas,"Z=16 S (vida longa)",16,0,0
11,298,1,Incrementalistas,"Z=12 Mg (vida longa)",12,0,0
11,299,1,Incrementalistas,"Z=22 Ti (vida longa)",22,0,0
11,299,1,Incrementalistas,"Z=99 Es (vida longa)",99,0,0
11,299,1,Incrementalistas,"Z=43 Tc (vida longa)",43,0,1
11,300,1,Incrementalistas,"Z=34 Se (vida longa)",34,0,0
11,300,1,Incrementalistas,"Z=32 Ge (vida longa)",32,0,0
12,0,0,Empiristas,"Z=62 Sm (vida longa)",62,1,0
12,0,0,Empiristas,"Z=80 Hg (vida longa)",80,1,0
12,0,0,Empiristas,"Z=8 O (vida longa)",8,1,0
12,0,1,Incrementalistas,"Z=15 P (vida longa)",15,1,0
12,0,1,Incrementalistas,"nucleos efemeros",81.2773,1,0
12,0,1,Incrementalistas,"Z=90 Th (vida longa)",90,1,0
12,0,2,Evolucionistas,"Z=55 Cs (vida longa)",55,1,0
12,0,2,Evolucionistas,"nucleos efemeros",4.58726,0,0
12,0,3,Isolados,"nucleos efemeros",56.3452,0,0
12,0,2,Evolucionistas,"Z=90 Th (vida longa)",90,0,1
12,0,1,Incrementalistas,"Z=55 Cs (vida longa)",55,0,1
12,1,0,Empiristas,"Z=78 Pt (vida longa)",78,1,0
12,1,0,Empiristas,"nucleos efemeros",37.4968,0,0
12,1,0,Empiristas,"Z=27 Co (vida longa)",27,1,0
12,1,1,Incrementalistas,"Z=12 Mg (vida longa)",12,1,0
12,1,1,Incrementalistas,"Z=88 Ra (vida longa)",88,1,0
12,1,1,Incrementalistas,"Z=89 Ac (vida longa)",89,1,0
12,1,2,Evolucionistas,"Z=92 U (vida longa)",92,1,0
12,1,2,Evolucionistas,"Z=95 Am (vida longa)",95,1,0
12,1,3,Isolados,"Z=2 He (vida longa)",2,1,0
12,1,3,Isolados,"Z=64 Gd (vida longa)",64,1,0
12,2,1,Incrementalistas,"Z=93 Np (vida longa)",93,1,0
12,2,1,Incrementalistas,"Z=91 Pa (vida longa)",91,1,0
12,2,3,Isolados,"Z=63 Eu (vida longa)",63,1,0
12,2,3,Isolados,"Z=66 Dy (vida longa)",66,1,0
12,2,2,Evolucionistas,"Z=93 Np (vida longa)",93,0,1
12,2,2,Evolucionistas,"Z=88 Ra (vida longa)",88,0,1
12,2,1,Incrementalistas,"Z=95 Am (vida longa)",95,0,1
12,3,0,Empiristas,"Z=2 He (vida longa)",2,0,0
12,3,1,Incrementalistas,"Z=94 Pu (vida longa)",94,1,0
12,3,1,Incrementalistas,"Z=92 U (vida longa)",92,0,0
12,3,3,Isolados,"Z=62 Sm (vida longa)",62,0,0
12,4,0,Empiristas,"Z=81 Tl (vida longa)",81,1,0
12,4,1,Incrementalistas,"Z=96 Cm (vida longa)",96,1,0
12,4,1,Incrementalistas,"Z=97 Bk (vida longa)",97,1,0
12,4,1,Incrementalistas,"Z=98 Cf (vida longa)",98,1,0
12,4,2,Evolucionistas,"Z=98 Cf (vida longa)",98,0,1
12,4,2,Evolucionistas,"Z=89 Ac (vida longa)",89,0,1
12,5,0,Empiristas,"Z=79 Au (vida longa)",79,1,0
12,5,2,Evolucionistas,"Z=82 Pb (vida longa)",82,1,0
12,5,2,Evolucionistas,"Z=99 Es (vida longa)",99,1,0
12,5,1,Incrementalistas,"Z=81 Tl (vida longa)",81,0,1
12,5,1,Incrementalistas,"Z=78 Pt (vida longa)",78,0,1
12,5,0,Empiristas,"Z=98 Cf (vida longa)",98,0,1
12,5,0,Empiristas,"Z=55 Cs (vida longa)",55,0,1
12,5,0,Empiristas,"Z=99 Es (vida longa)",99,0,1
12,5,0,Empiristas,"Z=95 Am (vida longa)",95,0,1
12,5,2,Evolucionistas,"Z=79 Au (vida longa)",79,0,1
12,6,0,Empiristas,"Z=66 Dy (vida longa)",66,0,0
12,6,1,Incrementalistas,"Z=101 Md (vida longa)",101,1,0
12,6,1,Incrementalistas,"Z=102 No (vida longa)",102,1,0
12,6,2,Evolucionistas,"Z=97 Bk (vida longa)",97,0,0
12,6,2,Evolucionistas,"Z=91 Pa (vida longa)",91,0,0
12,6,2,Evolucionistas,"Z=27 Co (vida longa)",27,0,1
12,7,0,Empiristas,"Z=64 Gd (vida longa)",64,0,0
12,7,0,Empiristas,"Z=82 Pb (vida longa)",82,0,0
12,7,3,Isolados,"Z=68 Er (vida longa)",68,1,0
12,7,3,Isolados,"Z=87 Fr (vida longa)",87,1,0
12,8,0,Empiristas,"Z=83 Bi (vida longa)",83,1,0
12,8,1,Incrementalistas,"Z=99 Es (vida longa)",99,0,0
12,8,3,Isolados,"Z=67 Ho (vida longa)",67,1,0
12,8,3,Isolados,"Z=61 Pm (vida longa)",61,1,0
12,9,0,Empiristas,"Z=96 Cm (vida longa)",96,0,0
12,9,1,Incrementalistas,"Z=100 Fm (vida longa)",100,1,0
12,10,0,Empiristas,"Z=14 Si (vida longa)",14,1,0
12,10,0,Empiristas,"Z=73 Ta (vida longa)",73,1,0
12,10,2,Evolucionistas,"Z=94 Pu (vida longa)",94,0,0
12,10,3,Isolados,"Z=65 Tb (vida longa)",65,1,0
12,10,3,Isolados,"Z=85 At (vida longa)",85,1,0
12,10,2,Evolucionistas,"Z=102 No (vida longa)",102,0,1
12,10,2,Evolucionistas,"Z=15 P (vida longa)",15,0,1
12,11,0,Empiristas,"Z=76 Os (vida longa)",76,1,0
12,11,0,Empiristas,"Z=75 Re (vida longa)",75,1,0
12,11,1,Incrementalistas,"Z=11 Na (vida longa)",11,1,0
12,11,3,Isolados,"Z=74 W (vida longa)",74,1,0
12,11,3,Isolados,"Z=83 Bi (vida longa)",83,0,0
12,11,3,Isolados,"Z=80 Hg (vida longa)",80,0,0
12,12,0,Empiristas,"Z=100 Fm (vida longa)",100,0,0
12,12,0,Empiristas,"Z=102 No (vida longa)",102,0,0
12,12,0,Empiristas,"Z=74 W (vida longa)",74,0,0
12,12,0,Empiristas,"Z=104 Rf (vida longa)",104,1,0
12,12,3,Isolados,"Z=82 Pb (vida longa)",82,0,0
12,13,0,Empiristas,"Z=24 Cr (vida longa)",24,1,0
12,13,2,Evolucionistas,"Z=71 Lu (vida longa)",71,1,0
12,14,2,Evolucionistas,"Z=100 Fm (vida longa)",100,0,0
12,14,3,Isolados,"Z=86 Rn (vida longa)",86,1,0
12,14,2,Evolucionistas,"Z=104 Rf (vida longa)",104,0,1
12,14,2,Evolucionistas,"Z=24 Cr (vida longa)",24,0,1
12,15,0,Empiristas,"Z=16 S (vida longa)",16,1,0
12,15,0,Empiristas,"Z=97 Bk (vida longa)",97,0,0
12,15,2,Evolucionistas,"Z=76 Os (vida longa)",76,0,0
12,15,1,Incrementalistas,"Z=104 Rf (vida longa)",104,0,1
12,16,0,Empiristas,"Z=40 Zr (vida longa)",40,1,0
12,16,1,Incrementalistas,"Z=18 Ar (vida longa)",18,1,0
12,16,3,Isolados,"Z=72 Hf (vida longa)",72,1,0
12,17,0,Empiristas,"Z=90 Th (vida longa)",90,0,0
12,17,1,Incrementalistas,"Z=16 S (vida longa)",16,0,0
12,17,2,Evolucionistas,"Z=101 Md (vida longa)",101,0,0
12,17,3,Isolados,"Z=84 Po (vida longa)",84,1,0
12,18,2,Evolucionistas,"Z=96 Cm (vida longa)",96,0,0
12,19,2,Evolucionistas,"Z=62 Sm (vida longa)",62,0,1
12,21,1,Incrementalistas,"Z=103 Lr (vida longa)",103,1,0
12,21,3,Isolados,"Z=37 Rb (vida longa)",37,1,0
12,21,3,Isolados,"Z=88 Ra (vida longa)",88,0,0
12,22,0,Empiristas,"Z=70 Yb (vida longa)",70,1,0
12,22,0,Empiristas,"Z=4 Be (vida longa)",4,1,0
12,22,2,Evolucionistas,"Z=10 Ne (vida longa)",10,1,0
12,22,3,Isolados,"Z=98 Cf (vida longa)",98,0,0
12,22,1,Incrementalistas,"Z=80 Hg (vida longa)",80,0,1
12,23,0,Empiristas,"Z=77 Ir (vida longa)",77,1,0
12,23,2,Evolucionistas,"Z=21 Sc (vida longa)",21,1,0
12,23,3,Isolados,"Z=95 Am (vida longa)",95,0,0
12,24,0,Empiristas,"Z=94 Pu (vida longa)",94,0,0
12,25,0,Empiristas,"Z=3 Li (vida longa)",3,1,0
12,25,2,Evolucionistas,"Z=84 Po (vida longa)",84,0,0
12,25,3,Isolados,"Z=89 Ac (vida longa)",89,0,0
12,26,0,Empiristas,"Z=101 Md (vida longa)",101,0,0
12,26,0,Empiristas,"Z=103 Lr (vida longa)",103,0,0
12,27,3,Isolados,"Z=93 Np (vida longa)",93,0,0
12,27,2,Evolucionistas,"Z=78 Pt (vida longa)",78,0,1
12,28,0,Empiristas,"Z=69 Tm (vida longa)",69,1,0
12,28,1,Incrementalistas,"Z=106 Sg (vida longa)",106,1,0
12,28,2,Evolucionistas,"Z=22 Ti (vida longa)",22,1,0
12,28,2,Evolucionistas,"Z=65 Tb (vida longa)",65,0,0
12,28,3,Isolados,"Z=90 Th (vida longa)",90,0,0
12,28,1,Incrementalistas,"Z=8 O (vida longa)",8,0,1
12,28,0,Empiristas,"Z=106 Sg (vida longa)",106,0,1
12,29,0,Empiristas,"Z=107 Bh (vida longa)",107,1,0
12,29,2,Evolucionistas,"Z=107 Bh (vida longa)",107,0,0
12,29,2,Evolucionistas,"Z=40 Zr (vida longa)",40,0,0
12,29,3,Isolados,"Z=96 Cm (vida longa)",96,0,0
12,29,1,Incrementalistas,"Z=107 Bh (vida longa)",107,0,1
12,30,1,Incrementalistas,"Z=105 Db (vida longa)",105,1,0
12,30,1,Incrementalistas,"Z=108 Hs (vida longa)",108,1,0
12,30,2,Evolucionistas,"Z=103 Lr (vida longa)",103,0,0
12,30,3,Isolados,"Z=81 Tl (vida longa)",81,0,0
12,30,3,Isolados,"Z=44 Ru (vida longa)",44,1,0
12,31,0,Empiristas,"Z=26 Fe (vida longa)",26,1,0
12,31,0,Empiristas,"Z=61 Pm (vida longa)",61,0,0
12,32,0,Empiristas,"Z=109 Mt (vida longa)",109,1,0
12,32,1,Incrementalistas,"Z=70 Yb (vida longa)",70,0,0
12,32,3,Isolados,"Z=115 Mc (vida longa)",115,1,0
12,33,0,Empiristas,"Z=43 Tc (vida longa)",43,1,0
12,33,1,Incrementalistas,"Z=110 Ds (vida longa)",110,1,0
12,33,2,Evolucionistas,"Z=108 Hs (vida longa)",108,0,0
12,33,3,Isolados,"Z=19 K (vida longa)",19,1,0
12,33,3,Isolados,"Z=112 Cn (vida longa)",112,1,0
12,34,0,Empiristas,"Z=41 Nb (vida longa)",41,1,0
12,34,0,Empiristas,"Z=57 La (vida longa)",57,1,0
12,34,0,Empiristas,"Z=108 Hs (vida longa)",108,0,0
12,34,3,Isolados,"Z=6 C (vida longa)",6,1,0
12,34,3,Isolados,"Z=94 Pu (vida longa)",94,0,0
12,34,3,Isolados,"Z=111 Rg (vida longa)",111,1,0
12,35,0,Empiristas,"Z=12 Mg (vida longa)",12,0,0
12,35,3,Isolados,"Z=97 Bk (vida longa)",97,0,0
12,35,1,Incrementalistas,"Z=109 Mt (vida longa)",109,0,1
12,35,1,Incrementalistas,"Z=57 La (vida longa)",57,0,1
12,35,0,Empiristas,"Z=110 Ds (vida longa)",110,0,1
12,36,0,Empiristas,"Z=105 Db (vida longa)",105,0,0
12,36,2,Evolucionistas,"Z=105 Db (vida longa)",105,0,0
12,36,2,Evolucionistas,"Z=106 Sg (vida longa)",106,0,0
12,36,3,Isolados,"Z=91 Pa (vida longa)",91,0,0
12,36,2,Evolucionistas,"Z=110 Ds (vida longa)",110,0,1
12,37,1,Incrementalistas,"Z=112 Cn (vida longa)",112,0,0
12,37,1,Incrementalistas,"Z=111 Rg (vida longa)",111,0,0
12,37,3,Isolados,"Z=92 U (vida longa)",92,0,0
12,37,3,Isolados,"Z=5 B (vida longa)",5,1,0
12,38,1,Incrementalistas,"Z=114 Fl (vida longa)",114,1,0
12,38,3,Isolados,"Z=54 Xe (vida longa)",54,1,0
12,39,0,Empiristas,"Z=38 Sr (vida longa)",38,1,0
12,39,0,Empiristas,"Z=114 Fl (vida longa)",114,0,1
12,39,0,Empiristas,"Z=111 Rg (vida longa)",111,0,1
12,39,1,Incrementalistas,"Z=77 Ir (vida longa)",77,0,1
12,40,3,Isolados,"Z=108 Hs (vida longa)",108,0,0
12,40,3,Isolados,"Z=110 Ds (vida longa)",110,0,0
12,40,2,Evolucionistas,"Z=114 Fl (vida longa)",114,0,1
12,41,2,Evolucionistas,"Z=109 Mt (vida longa)",109,0,0
12,41,3,Isolados,"Z=109 Mt (vida longa)",109,0,0
12,42,0,Empiristas,"Z=112 Cn (vida longa)",112,0,0
12,42,0,Empiristas,"Z=42 Mo (vida longa)",42,1,0
12,42,3,Isolados,"Z=45 Rh (vida longa)",45,1,0
12,43,0,Empiristas,"Z=50 Sn (vida longa)",50,1,0
12,43,2,Evolucionistas,"Z=112 Cn (vida longa)",112,0,0
12,43,3,Isolados,"Z=10 Ne (vida longa)",10,0,0
12,43,3,Isolados,"Z=99 Es (vida longa)",99,0,0
12,44,3,Isolados,"Z=114 Fl (vida longa)",114,0,0
12,44,3,Isolados,"Z=100 Fm (vida longa)",100,0,0
12,45,0,Empiristas,"Z=72 Hf (vida longa)",72,0,0
12,45,0,Empiristas,"Z=58 Ce (vida longa)",58,1,0
12,46,2,Evolucionistas,"Z=111 Rg (vida longa)",111,0,0
12,48,3,Isolados,"Z=113 Nh (vida longa)",113,1,0
12,49,0,Empiristas,"Z=49 In (vida longa)",49,1,0
12,49,1,Incrementalistas,"Z=113 Nh (vida longa)",113,0,0
12,51,0,Empiristas,"Z=52 Te (vida longa)",52,1,0
12,51,0,Empiristas,"Z=54 Xe (vida longa)",54,0,0
12,51,0,Empiristas,"Z=56 Ba (vida longa)",56,1,0
12,51,3,Isolados,"Z=107 Bh (vida longa)",107,0,0
12,51,3,Isolados,"Z=76 Os (vida longa)",76,0,0
12,52,2,Evolucionistas,"Z=113 Nh (vida longa)",113,0,0
12,53,0,Empiristas,"Z=48 Cd (vida longa)",48,1,0
12,53,3,Isolados,"Z=77 Ir (vida longa)",77,0,0
12,54,0,Empiristas,"Z=32 Ge (vida longa)",32,1,0
12,55,0,Empiristas,"Z=30 Zn (vida longa)",30,1,0
12,55,1,Incrementalistas,"Z=79 Au (vida longa)",79,0,0
12,55,3,Isolados,"Z=53 I (vida longa)",53,1,0
12,56,0,Empiristas,"Z=113 Nh (vida longa)",113,0,0
12,56,2,Evolucionistas,"Z=16 S (vida longa)",16,0,0
12,57,2,Evolucionistas,"Z=3 Li (vida longa)",3,0,0
12,57,2,Evolucionistas,"Z=4 Be (vida longa)",4,0,0
12,57,2,Evolucionistas,"Z=68 Er (vida longa)",68,0,0
12,57,2,Evolucionistas,"Z=86 Rn (vida longa)",86,0,0
12,57,1,Incrementalistas,"Z=2 He (vida longa)",2,0,1
12,58,1,Incrementalistas,"Z=53 I (vida longa)",53,0,0
12,58,2,Evolucionistas,"Z=41 Nb (vida longa)",41,0,0
12,59,1,Incrementalistas,"Z=115 Mc (vida longa)",115,0,0
12,59,2,Evolucionistas,"Z=69 Tm (vida longa)",69,0,0
12,59,2,Evolucionistas,"Z=115 Mc (vida longa)",115,0,1
12,60,2,Evolucionistas,"Z=66 Dy (vida longa)",66,0,0
12,61,3,Isolados,"Z=28 Ni (vida longa)",28,1,0
12,62,3,Isolados,"Z=51 Sb (vida longa)",51,1,0
12,62,3,Isolados,"Z=3 Li (vida longa)",3,0,0
12,62,0,Empiristas,"Z=115 Mc (vida longa)",115,0,1
12,63,0,Empiristas,"Z=6 C (vida longa)",6,0,0
12,63,2,Evolucionistas,"Z=2 He (vida longa)",2,0,1
12,63,1,Incrementalistas,"Z=82 Pb (vida longa)",82,0,1
12,64,0,Empiristas,"Z=51 Sb (vida longa)",51,0,0
12,65,0,Empiristas,"Z=19 K (vida longa)",19,0,0
12,65,3,Isolados,"Z=1 H (vida longa)",1,1,0
12,66,0,Empiristas,"Z=92 U (vida longa)",92,0,0
12,66,2,Evolucionistas,"Z=72 Hf (vida longa)",72,0,1
12,67,2,Evolucionistas,"Z=12 Mg (vida longa)",12,0,1
12,68,0,Empiristas,"Z=17 Cl (vida longa)",17,1,0
12,68,1,Incrementalistas,"Z=73 Ta (vida longa)",73,0,0
12,68,2,Evolucionistas,"Z=70 Yb (vida longa)",70,0,0
12,69,0,Empiristas,"Z=59 Pr (vida longa)",59,1,0
12,69,3,Isolados,"Z=29 Cu (vida longa)",29,1,0
12,69,3,Isolados,"Z=52 Te (vida longa)",52,0,0
12,70,1,Incrementalistas,"Z=75 Re (vida longa)",75,0,0
12,70,2,Evolucionistas,"Z=28 Ni (vida longa)",28,0,0
12,70,3,Isolados,"Z=69 Tm (vida longa)",69,0,0
12,70,1,Incrementalistas,"Z=72 Hf (vida longa)",72,0,1
12,70,1,Incrementalistas,"Z=86 Rn (vida longa)",86,0,1
12,71,0,Empiristas,"Z=15 P (vida longa)",15,0,0
12,71,1,Incrementalistas,"Z=52 Te (vida longa)",52,0,1
12,72,0,Empiristas,"Z=67 Ho (vida longa)",67,0,0
12,72,0,Empiristas,"Z=88 Ra (vida longa)",88,0,1
12,72,1,Incrementalistas,"Z=3 Li (vida longa)",3,0,1
12,73,0,Empiristas,"Z=36 Kr (vida longa)",36,1,0
12,73,3,Isolados,"Z=50 Sn (vida longa)",50,0,0
12,74,2,Evolucionistas,"Z=38 Sr (vida longa)",38,0,0
12,74,2,Evolucionistas,"Z=23 V (vida longa)",23,1,0
12,74,3,Isolados,"Z=114 Fl (vida longa)",114,0,0
12,74,3,Isolados,"Z=112 Cn (vida longa)",112,0,0
12,74,3,Isolados,"Z=113 Nh (vida longa)",113,0,0
12,74,1,Incrementalistas,"Z=24 Cr (vida longa)",24,0,1
12,75,0,Empiristas,"Z=60 Nd (vida longa)",60,1,0
12,75,0,Empiristas,"Z=25 Mn (vida longa)",25,1,0
12,75,3,Isolados,"Z=24 Cr (vida longa)",24,0,0
12,75,3,Isolados,"Z=111 Rg (vida longa)",111,0,0
12,77,0,Empiristas,"Z=68 Er (vida longa)",68,0,0
12,77,3,Isolados,"Z=110 Ds (vida longa)",110,0,0
12,78,0,Empiristas,"Z=21 Sc (vida longa)",21,0,0
12,78,0,Empiristas,"Z=89 Ac (vida longa)",89,0,0
12,78,0,Empiristas,"Z=20 Ca (vida longa)",20,1,0
12,80,0,Empiristas,"Z=93 Np (vida longa)",93,0,0
12,80,3,Isolados,"Z=40 Zr (vida longa)",40,0,0
12,80,1,Incrementalistas,"Z=28 Ni (vida longa)",28,0,1
12,81,0,Empiristas,"Z=44 Ru (vida longa)",44,0,0
12,81,1,Incrementalistas,"Z=23 V (vida longa)",23,0,1
12,82,0,Empiristas,"Z=31 Ga (vida longa)",31,1,0
12,83,0,Empiristas,"Z=53 I (vida longa)",53,0,0
12,83,1,Incrementalistas,"Z=26 Fe (vida longa)",26,0,0
12,85,2,Evolucionistas,"Z=26 Fe (vida longa)",26,0,0
12,86,0,Empiristas,"Z=28 Ni (vida longa)",28,0,0
12,86,1,Incrementalistas,"Z=14 Si (vida longa)",14,0,0
12,86,3,Isolados,"Z=87 Fr (vida longa)",87,0,0
12,87,3,Isolados,"Z=18 Ar (vida longa)",18,0,0
12,87,3,Isolados,"Z=89 Ac (vida longa)",89,0,0
12,87,3,Isolados,"Z=79 Au (vida longa)",79,0,0
12,88,0,Empiristas,"Z=33 As (vida longa)",33,1,0
12,88,2,Evolucionistas,"Z=64 Gd (vida longa)",64,0,0
12,89,1,Incrementalistas,"Z=50 Sn (vida longa)",50,0,0
12,89,1,Incrementalistas,"Z=65 Tb (vida longa)",65,0,1
12,90,0,Empiristas,"Z=10 Ne (vida longa)",10,0,0
12,90,0,Empiristas,"Z=34 Se (vida longa)",34,1,0
12,90,1,Incrementalistas,"Z=51 Sb (vida longa)",51,0,0
12,92,0,Empiristas,"Z=84 Po (vida longa)",84,0,0
12,92,0,Empiristas,"Z=11 Na (vida longa)",11,0,0
12,92,3,Isolados,"Z=75 Re (vida longa)",75,0,0
12,93,1,Incrementalistas,"Z=37 Rb (vida longa)",37,0,0
12,93,3,Isolados,"Z=28 Ni (vida longa)",28,0,0
12,94,0,Empiristas,"Z=18 Ar (vida longa)",18,0,0
12,95,1,Incrementalistas,"Z=64 Gd (vida longa)",64,0,0
12,95,1,Incrementalistas,"Z=10 Ne (vida longa)",10,0,0
12,95,2,Evolucionistas,"Z=14 Si (vida longa)",14,0,0
12,95,2,Evolucionistas,"Z=52 Te (vida longa)",52,0,0
12,96,0,Empiristas,"Z=13 Al (vida longa)",13,1,0
12,96,2,Evolucionistas,"Z=42 Mo (vida longa)",42,0,0
12,96,2,Evolucionistas,"Z=34 Se (vida longa)",34,0,0
12,96,3,Isolados,"Z=20 Ca (vida longa)",20,0,0
12,97,0,Empiristas,"Z=22 Ti (vida longa)",22,0,0
12,97,3,Isolados,"Z=35 Br (vida longa)",35,1,0
12,98,0,Empiristas,"Z=63 Eu (vida longa)",63,0,0
12,98,2,Evolucionistas,"Z=32 Ge (vida longa)",32,0,0
12,98,3,Isolados,"Z=25 Mn (vida longa)",25,0,0
12,98,3,Isolados,"Z=96 Cm (vida longa)",96,0,0
12,99,0,Empiristas,"Z=46 Pd (vida longa)",46,1,0
12,100,0,Empiristas,"Z=91 Pa (vida longa)",91,0,0
12,100,1,Incrementalistas,"Z=6 C (vida longa)",6,0,0
12,101,2,Evolucionistas,"Z=53 I (vida longa)",53,0,1
12,102,0,Empiristas,"Z=85 At (vida longa)",85,0,0
12,103,2,Evolucionistas,"Z=17 Cl (vida longa)",17,0,0
12,103,3,Isolados,"Z=27 Co (vida longa)",27,0,0
12,103,3,Isolados,"Z=22 Ti (vida longa)",22,0,0
12,104,0,Empiristas,"Z=5 B (vida longa)",5,0,0
12,104,2,Evolucionistas,"Z=44 Ru (vida longa)",44,0,0
12,104,3,Isolados,"Z=74 W (vida longa)",74,0,0
12,105,0,Empiristas,"Z=30 Zn (vida longa)",30,0,0
12,106,0,Empiristas,"Z=111 Rg (vida longa)",111,0,0
12,106,3,Isolados,"Z=14 Si (vida longa)",14,0,0
12,106,3,Isolados,"Z=26 Fe (vida longa)",26,0,0
12,107,0,Empiristas,"Z=90 Th (vida longa)",90,0,0
12,107,3,Isolados,"Z=59 Pr (vida longa)",59,0,0
12,108,0,Empiristas,"Z=87 Fr (vida longa)",87,0,0
12,108,0,Empiristas,"Z=19 K (vida longa)",19,0,0
12,108,1,Incrementalistas,"Z=39 Y (vida longa)",39,1,0
12,108,2,Evolucionistas,"Z=6 C (vida longa)",6,0,0
12,108,3,Isolados,"Z=78 Pt (vida longa)",78,0,0
12,109,1,Incrementalistas,"Z=38 Sr (vida longa)",38,0,0
12,109,1,Incrementalistas,"Z=17 Cl (vida longa)",17,0,0
12,109,3,Isolados,"Z=70 Yb (vida longa)",70,0,0
12,110,0,Empiristas,"Z=32 Ge (vida longa)",32,0,0
12,110,0,Empiristas,"Z=45 Rh (vida longa)",45,0,0
12,110,1,Incrementalistas,"Z=68 Er (vida longa)",68,0,1
12,111,0,Empiristas,"Z=76 Os (vida longa)",76,0,0
12,111,0,Empiristas,"Z=42 Mo (vida longa)",42,0,0
12,111,2,Evolucionistas,"Z=25 Mn (vida longa)",25,0,0
12,111,3,Isolados,"Z=55 Cs (vida longa)",55,0,0
12,112,0,Empiristas,"Z=68 Er (vida longa)",68,0,0
12,112,2,Evolucionistas,"Z=73 Ta (vida longa)",73,0,0
12,113,3,Isolados,"Z=42 Mo (vida longa)",42,0,0
12,113,3,Isolados,"Z=106 Sg (vida longa)",106,0,0
12,114,0,Empiristas,"Z=91 Pa (vida longa)",91,0,0
12,114,1,Incrementalistas,"Z=22 Ti (vida longa)",22,0,0
12,114,2,Evolucionistas,"Z=31 Ga (vida longa)",31,0,0
12,115,1,Incrementalistas,"Z=76 Os (vida longa)",76,0,0
12,116,0,Empiristas,"Z=8 O (vida longa)",8,0,0
12,116,3,Isolados,"Z=8 O (vida longa)",8,0,0
12,116,3,Isolados,"Z=95 Am (vida longa)",95,0,0
12,116,3,Isolados,"Z=58 Ce (vida longa)",58,0,0
12,117,2,Evolucionistas,"Z=8 O (vida longa)",8,0,0
12,118,0,Empiristas,"Z=88 Ra (vida longa)",88,0,0
12,119,1,Incrementalistas,"Z=13 Al (vida longa)",13,0,0
12,119,2,Evolucionistas,"Z=29 Cu (vida longa)",29,0,0
12,119,3,Isolados,"Z=32 Ge (vida longa)",32,0,0
12,120,3,Isolados,"Z=10 Ne (vida longa)",10,0,0
12,121,1,Incrementalistas,"Z=20 Ca (vida longa)",20,0,0
12,121,1,Incrementalistas,"Z=9 F (vida longa)",9,1,0
12,122,3,Isolados,"Z=46 Pd (vida longa)",46,0,0
12,123,3,Isolados,"Z=41 Nb (vida longa)",41,0,0
12,123,3,Isolados,"Z=13 Al (vida longa)",13,0,0
12,123,3,Isolados,"Z=34 Se (vida longa)",34,0,0
12,124,0,Empiristas,"Z=39 Y (vida longa)",39,0,0
12,124,1,Incrementalistas,"Z=7 N (vida longa)",7,1,0
12,124,1,Incrementalistas,"Z=29 Cu (vida longa)",29,0,0
12,124,3,Isolados,"Z=104 Rf (vida longa)",104,0,0
12,125,0,Empiristas,"Z=52 Te (vida longa)",52,0,0
12,125,1,Incrementalistas,"Z=48 Cd (vida longa)",48,0,0
12,125,3,Isolados,"Z=7 N (vida longa)",7,0,0
12,125,1,Incrementalistas,"Z=25 Mn (vida longa)",25,0,1
12,126,0,Empiristas,"Z=77 Ir (vida longa)",77,0,0
12,126,1,Incrementalistas,"Z=54 Xe (vida longa)",54,0,0
12,126,3,Isolados,"Z=31 Ga (vida longa)",31,0,0
12,127,0,Empiristas,"Z=85 At (vida longa)",85,0,0
12,127,0,Empiristas,"Z=47 Ag (vida longa)",47,1,0
12,127,0,Empiristas,"Z=44 Ru (vida longa)",44,0,0
12,127,1,Incrementalistas,"Z=40 Zr (vida longa)",40,0,0
12,127,2,Evolucionistas,"Z=7 N (vida longa)",7,0,0
12,127,3,Isolados,"Z=60 Nd (vida longa)",60,0,0
12,127,1,Incrementalistas,"Z=5 B (vida longa)",5,0,1
12,128,0,Empiristas,"Z=60 Nd (vida longa)",60,0,0
12,128,1,Incrementalistas,"Z=1 H (vida longa)",1,0,0
12,128,2,Evolucionistas,"Z=20 Ca (vida longa)",20,0,0
12,128,3,Isolados,"Z=61 Pm (vida longa)",61,0,0
12,129,0,Empiristas,"Z=17 Cl (vida longa)",17,0,0
12,129,0,Empiristas,"Z=23 V (vida longa)",23,0,0
12,129,0,Empiristas,"Z=69 Tm (vida longa)",69,0,0
12,129,0,Empiristas,"Z=35 Br (vida longa)",35,0,0
12,129,0,Empiristas,"Z=29 Cu (vida longa)",29,0,0
12,129,0,Empiristas,"Z=10 Ne (vida longa)",10,0,0
12,129,1,Incrementalistas,"Z=21 Sc (vida longa)",21,0,0
12,129,3,Isolados,"Z=94 Pu (vida longa)",94,0,0
12,129,3,Isolados,"Z=43 Tc (vida longa)",43,0,0
12,131,0,Empiristas,"Z=41 Nb (vida longa)",41,0,0
12,131,0,Empiristas,"Z=92 U (vida longa)",92,0,0
12,131,2,Evolucionistas,"Z=30 Zn (vida longa)",30,0,0
12,132,0,Empiristas,"Z=71 Lu (vida longa)",71,0,0
12,132,3,Isolados,"Z=21 Sc (vida longa)",21,0,0
12,133,0,Empiristas,"Z=66 Dy (vida longa)",66,0,0
12,133,2,Evolucionistas,"Z=63 Eu (vida longa)",63,0,0
12,133,2,Evolucionistas,"Z=77 Ir (vida longa)",77,0,0
12,133,2,Evolucionistas,"Z=13 Al (vida longa)",13,0,1
12,134,0,Empiristas,"Z=14 Si (vida longa)",14,0,0
12,134,0,Empiristas,"Z=40 Zr (vida longa)",40,0,0
12,134,2,Evolucionistas,"Z=19 K (vida longa)",19,0,0
12,134,3,Isolados,"Z=4 Be (vida longa)",4,0,0
12,135,2,Evolucionistas,"Z=67 Ho (vida longa)",67,0,0
12,135,3,Isolados,"Z=65 Tb (vida longa)",65,0,0
12,135,3,Isolados,"Z=38 Sr (vida longa)",38,0,0
12,136,0,Empiristas,"Z=95 Am (vida longa)",95,0,0
12,136,0,Empiristas,"Z=9 F (vida longa)",9,0,0
12,137,0,Empiristas,"Z=65 Tb (vida longa)",65,0,0
12,137,2,Evolucionistas,"Z=60 Nd (vida longa)",60,0,0
12,138,0,Empiristas,"Z=97 Bk (vida longa)",97,0,0
12,138,1,Incrementalistas,"Z=31 Ga (vida longa)",31,0,0
12,138,2,Evolucionistas,"Z=37 Rb (vida longa)",37,0,0
12,138,3,Isolados,"Z=56 Ba (vida longa)",56,0,0
12,139,1,Incrementalistas,"Z=62 Sm (vida longa)",62,0,0
12,140,2,Evolucionistas,"Z=54 Xe (vida longa)",54,0,0
12,141,1,Incrementalistas,"Z=36 Kr (vida longa)",36,0,0
12,141,2,Evolucionistas,"Z=48 Cd (vida longa)",48,0,0
12,141,3,Isolados,"Z=11 Na (vida longa)",11,0,0
12,142,2,Evolucionistas,"Z=58 Ce (vida longa)",58,0,0
12,143,1,Incrementalistas,"Z=74 W (vida longa)",74,0,0
12,143,1,Incrementalistas,"Z=35 Br (vida longa)",35,0,0
12,143,3,Isolados,"Z=36 Kr (vida longa)",36,0,0
12,144,3,Isolados,"Z=48 Cd (vida longa)",48,0,0
12,144,3,Isolados,"Z=71 Lu (vida longa)",71,0,0
12,146,2,Evolucionistas,"Z=56 Ba (vida longa)",56,0,0
12,147,0,Empiristas,"Z=25 Mn (vida longa)",25,0,0
12,147,2,Evolucionistas,"Z=80 Hg (vida longa)",80,0,0
12,148,2,Evolucionistas,"Z=50 Sn (vida longa)",50,0,0
12,148,3,Isolados,"nucleos efemeros",94.1943,0,0
12,148,3,Isolados,"Z=111 Rg (vida longa)",111,0,0
12,148,3,Isolados,"Z=84 Po (vida longa)",84,0,0
12,149,3,Isolados,"Z=94 Pu (vida longa)",94,0,0
12,150,0,Empiristas,"Z=104 Rf (vida longa)",104,0,0
12,150,1,Incrementalistas,"Z=43 Tc (vida longa)",43,0,0
12,150,1,Incrementalistas,"Z=27 Co (vida longa)",27,0,0
12,150,2,Evolucionistas,"Z=39 Y (vida longa)",39,0,0
12,150,3,Isolados,"Z=91 Pa (vida longa)",91,0,0
12,150,3,Isolados,"Z=45 Rh (vida longa)",45,0,0
12,150,3,Isolados,"Z=85 At (vida longa)",85,0,0
12,151,0,Empiristas,"Z=50 Sn (vida longa)",50,0,0
12,151,3,Isolados,"Z=110 Ds (vida longa)",110,0,0
12,151,3,Isolados,"Z=12 Mg (vida longa)",12,0,0
12,152,0,Empiristas,"Z=86 Rn (vida longa)",86,0,0
12,152,1,Incrementalistas,"Z=30 Zn (vida longa)",30,0,0
12,152,2,Evolucionistas,"Z=43 Tc (vida longa)",43,0,0
12,152,3,Isolados,"Z=30 Zn (vida longa)",30,0,0
12,153,0,Empiristas,"Z=53 I (vida longa)",53,0,0
12,153,1,Incrementalistas,"Z=34 Se (vida longa)",34,0,0
12,153,3,Isolados,"Z=54 Xe (vida longa)",54,0,0
12,154,2,Evolucionistas,"Z=1 H (vida longa)",1,0,0
12,154,3,Isolados,"Z=108 Hs (vida longa)",108,0,0
12,155,1,Incrementalistas,"Z=33 As (vida longa)",33,0,0
12,156,0,Empiristas,"Z=82 Pb (vida longa)",82,0,0
12,157,1,Incrementalistas,"Z=41 Nb (vida longa)",41,0,0
12,157,3,Isolados,"Z=96 Cm (vida longa)",96,0,0
12,157,3,Isolados,"Z=35 Br (vida longa)",35,0,0
12,157,3,Isolados,"Z=63 Eu (vida longa)",63,0,0
12,158,1,Incrementalistas,"Z=60 Nd (vida longa)",60,0,0
12,158,1,Incrementalistas,"Z=58 Ce (vida longa)",58,0,0
12,158,1,Incrementalistas,"Z=42 Mo (vida longa)",42,0,0
12,158,3,Isolados,"Z=33 As (vida longa)",33,0,0
12,158,3,Isolados,"Z=2 He (vida longa)",2,0,0
12,159,0,Empiristas,"Z=70 Yb (vida longa)",70,0,0
12,159,1,Incrementalistas,"Z=85 At (vida longa)",85,0,0
12,159,1,Incrementalistas,"Z=56 Ba (vida longa)",56,0,0
12,159,2,Evolucionistas,"Z=47 Ag (vida longa)",47,0,0
12,160,2,Evolucionistas,"Z=18 Ar (vida longa)",18,0,0
12,160,3,Isolados,"Z=16 S (vida longa)",16,0,0
12,161,1,Incrementalistas,"Z=44 Ru (vida longa)",44,0,0
12,161,3,Isolados,"Z=14 Si (vida longa)",14,0,0
12,162,0,Empiristas,"Z=7 N (vida longa)",7,0,0
12,162,2,Evolucionistas,"Z=74 W (vida longa)",74,0,0
12,162,3,Isolados,"Z=58 Ce (vida longa)",58,0,0
12,162,3,Isolados,"Z=55 Cs (vida longa)",55,0,0
12,163,3,Isolados,"Z=34 Se (vida longa)",34,0,0
12,163,3,Isolados,"Z=32 Ge (vida longa)",32,0,0
12,163,3,Isolados,"Z=28 Ni (vida longa)",28,0,0
12,164,2,Evolucionistas,"Z=85 At (vida longa)",85,0,0
12,164,3,Isolados,"Z=61 Pm (vida longa)",61,0,0
12,165,1,Incrementalistas,"Z=61 Pm (vida longa)",61,0,0
12,165,1,Incrementalistas,"Z=32 Ge (vida longa)",32,0,0
12,165,2,Evolucionistas,"Z=75 Re (vida longa)",75,0,0
12,165,2,Evolucionistas,"Z=35 Br (vida longa)",35,0,0
12,166,1,Incrementalistas,"Z=4 Be (vida longa)",4,0,0
12,166,2,Evolucionistas,"Z=83 Bi (vida longa)",83,0,0
12,166,3,Isolados,"Z=47 Ag (vida longa)",47,0,0
12,168,0,Empiristas,"Z=37 Rb (vida longa)",37,0,0
12,169,1,Incrementalistas,"Z=83 Bi (vida longa)",83,0,0
12,169,1,Incrementalistas,"Z=87 Fr (vida longa)",87,0,0
12,169,2,Evolucionistas,"Z=11 Na (vida longa)",11,0,0
12,169,2,Evolucionistas,"Z=36 Kr (vida longa)",36,0,0
12,169,3,Isolados,"Z=41 Nb (vida longa)",41,0,0
12,170,2,Evolucionistas,"Z=33 As (vida longa)",33,0,0
12,170,3,Isolados,"Z=86 Rn (vida longa)",86,0,0
12,171,3,Isolados,"Z=79 Au (vida longa)",79,0,0
12,171,3,Isolados,"Z=97 Bk (vida longa)",97,0,0
12,172,3,Isolados,"Z=89 Ac (vida longa)",89,0,0
12,172,3,Isolados,"Z=102 No (vida longa)",102,0,0
12,173,3,Isolados,"Z=51 Sb (vida longa)",51,0,0
12,174,1,Incrementalistas,"Z=45 Rh (vida longa)",45,0,0
12,174,1,Incrementalistas,"Z=49 In (vida longa)",49,0,0
12,174,3,Isolados,"Z=76 Os (vida longa)",76,0,0
12,175,3,Isolados,"Z=9 F (vida longa)",9,0,0
12,176,2,Evolucionistas,"Z=45 Rh (vida longa)",45,0,0
12,176,3,Isolados,"Z=57 La (vida longa)",57,0,0
12,176,3,Isolados,"Z=52 Te (vida longa)",52,0,0
12,176,3,Isolados,"Z=100 Fm (vida longa)",100,0,0
12,176,3,Isolados,"Z=4 Be (vida longa)",4,0,0
12,176,3,Isolados,"Z=62 Sm (vida longa)",62,0,0
12,177,3,Isolados,"Z=53 I (vida longa)",53,0,0
12,178,2,Evolucionistas,"Z=46 Pd (vida longa)",46,0,0
12,178,3,Isolados,"Z=66 Dy (vida longa)",66,0,0
12,178,3,Isolados,"Z=27 Co (vida longa)",27,0,0
12,178,1,Incrementalistas,"Z=67 Ho (vida longa)",67,0,1
12,180,3,Isolados,"Z=101 Md (vida longa)",101,0,0
12,181,0,Empiristas,"Z=59 Pr (vida longa)",59,0,0
12,181,1,Incrementalistas,"Z=84 Po (vida longa)",84,0,0
12,181,3,Isolados,"Z=106 Sg (vida longa)",106,0,0
12,181,3,Isolados,"Z=40 Zr (vida longa)",40,0,0
12,182,2,Evolucionistas,"Z=5 B (vida longa)",5,0,0
12,182,3,Isolados,"Z=60 Nd (vida longa)",60,0,0
12,182,3,Isolados,"Z=24 Cr (vida longa)",24,0,0
12,183,2,Evolucionistas,"Z=49 In (vida longa)",49,0,0
12,184,3,Isolados,"Z=73 Ta (vida longa)",73,0,0
12,184,3,Isolados,"Z=15 P (vida longa)",15,0,0
12,185,3,Isolados,"Z=23 V (vida longa)",23,0,0
12,186,3,Isolados,"Z=103 Lr (vida longa)",103,0,0
12,187,3,Isolados,"Z=25 Mn (vida longa)",25,0,0
12,187,3,Isolados,"Z=26 Fe (vida longa)",26,0,0
12,188,1,Incrementalistas,"Z=46 Pd (vida longa)",46,0,0
12,188,2,Evolucionistas,"Z=9 F (vida longa)",9,0,0
12,188,3,Isolados,"Z=49 In (vida longa)",49,0,0
12,189,1,Incrementalistas,"Z=69 Tm (vida longa)",69,0,0
12,189,2,Evolucionistas,"Z=57 La (vida longa)",57,0,0
12,191,3,Isolados,"Z=39 Y (vida longa)",39,0,0
12,192,3,Isolados,"Z=87 Fr (vida longa)",87,0,0
12,193,3,Isolados,"Z=65 Tb (vida longa)",65,0,0
12,199,3,Isolados,"Z=98 Cf (vida longa)",98,0,0
12,199,3,Isolados,"Z=29 Cu (vida longa)",29,0,0
12,200,1,Incrementalistas,"Z=63 Eu (vida longa)",63,0,1
12,201,1,Incrementalistas,"Z=19 K (vida longa)",19,0,0
12,201,1,Incrementalistas,"Z=71 Lu (vida longa)",71,0,0
12,201,1,Incrementalistas,"Z=59 Pr (vida longa)",59,0,0
12,202,1,Incrementalistas,"Z=47 Ag (vida longa)",47,0,0
12,203,2,Evolucionistas,"Z=81 Tl (vida longa)",81,0,0
12,204,1,Incrementalistas,"Z=66 Dy (vida longa)",66,0,0
12,209,3,Isolados,"Z=17 Cl (vida longa)",17,0,0
12,213,2,Evolucionistas,"Z=59 Pr (vida longa)",59,0,0
12,213,2,Evolucionistas,"Z=61 Pm (vida longa)",61,0,0
12,220,3,Isolados,"Z=105 Db (vida longa)",105,0,0
12,222,3,Isolados,"Z=77 Ir (vida longa)",77,0,0
12,223,3,Isolados,"Z=104 Rf (vida longa)",104,0,0
12,225,2,Evolucionistas,"Z=51 Sb (vida longa)",51,0,0
12,231,2,Evolucionistas,"Z=87 Fr (vida longa)",87,0,0
12,244,0,Empiristas,"Z=1 H (vida longa)",1,0,0
13,0,0,Empiristas,"Z=10 Ne (vida longa)",10,1,0
13,0,0,Empiristas,"nucleos efemeros",36.7927,1,0
13,0,0,Empiristas,"Z=8 O (vida longa)",8,1,0
13,0,1,Incrementalistas,"nucleos efemeros",32.1378,0,0
13,0,2,Evolucionistas,"Z=16 S (vida longa)",16,1,0
13,0,2,Evolucionistas,"nucleos efemeros",22.9185,0,0
13,0,2,Evolucionistas,"Z=14 Si (vida longa)",14,1,0
13,0,3,Isolados,"nucleos efemeros",17.8621,0,0
13,0,3,Isolados,"Z=85 At (vida longa)",85,1,0
13,0,0,Empiristas,"Z=16 S (vida longa)",16,0,1
13,1,0,Empiristas,"Z=106 Sg (vida longa)",106,1,0
13,1,0,Empiristas,"Z=40 Zr (vida longa)",40,1,0
13,1,2,Evolucionistas,"Z=39 Y (vida longa)",39,1,0
13,1,2,Evolucionistas,"Z=42 Mo (vida longa)",42,1,0
13,1,3,Isolados,"Z=88 Ra (vida longa)",88,1,0
13,1,3,Isolados,"Z=86 Rn (vida longa)",86,1,0
13,2,2,Evolucionistas,"Z=28 Ni (vida longa)",28,1,0
13,2,3,Isolados,"Z=89 Ac (vida longa)",89,1,0
13,2,3,Isolados,"Z=87 Fr (vida longa)",87,1,0
13,3,0,Empiristas,"Z=105 Db (vida longa)",105,1,0
13,3,0,Empiristas,"Z=28 Ni (vida longa)",28,0,0
13,3,2,Evolucionistas,"Z=36 Kr (vida longa)",36,1,0
13,3,3,Isolados,"Z=84 Po (vida longa)",84,1,0
13,4,0,Empiristas,"Z=96 Cm (vida longa)",96,1,0
13,4,0,Empiristas,"Z=104 Rf (vida longa)",104,1,0
13,4,0,Empiristas,"Z=42 Mo (vida longa)",42,0,1
13,4,0,Empiristas,"Z=39 Y (vida longa)",39,0,1
13,4,2,Evolucionistas,"Z=106 Sg (vida longa)",106,0,1
13,4,2,Evolucionistas,"Z=40 Zr (vida longa)",40,0,1
13,5,0,Empiristas,"Z=103 Lr (vida longa)",103,1,0
13,5,3,Isolados,"Z=91 Pa (vida longa)",91,1,0
13,6,0,Empiristas,"Z=102 No (vida longa)",102,1,0
13,6,2,Evolucionistas,"Z=109 Mt (vida longa)",109,1,0
13,6,2,Evolucionistas,"Z=60 Nd (vida longa)",60,1,0
13,6,3,Isolados,"Z=92 U (vida longa)",92,1,0
13,7,0,Empiristas,"Z=98 Cf (vida longa)",98,1,0
13,7,0,Empiristas,"Z=100 Fm (vida longa)",100,1,0
13,7,1,Incrementalistas,"Z=80 Hg (vida longa)",80,1,0
13,7,2,Evolucionistas,"Z=107 Bh (vida longa)",107,1,0
13,7,2,Evolucionistas,"Z=108 Hs (vida longa)",108,1,0
13,7,2,Evolucionistas,"Z=44 Ru (vida longa)",44,1,0
13,7,0,Empiristas,"Z=80 Hg (vida longa)",80,0,1
13,7,1,Incrementalistas,"Z=106 Sg (vida longa)",106,0,1
13,7,1,Incrementalistas,"Z=16 S (vida longa)",16,0,1
13,8,0,Empiristas,"Z=78 Pt (vida longa)",78,1,0
13,8,0,Empiristas,"Z=108 Hs (vida longa)",108,0,0
13,8,1,Incrementalistas,"Z=109 Mt (vida longa)",109,0,0
13,8,2,Evolucionistas,"Z=112 Cn (vida longa)",112,1,0
13,9,1,Incrementalistas,"Z=78 Pt (vida longa)",78,0,0
13,9,2,Evolucionistas,"Z=24 Cr (vida longa)",24,1,0
13,9,2,Evolucionistas,"Z=80 Hg (vida longa)",80,0,1
13,9,1,Incrementalistas,"Z=112 Cn (vida longa)",112,0,1
13,9,1,Incrementalistas,"Z=44 Ru (vida longa)",44,0,1
13,10,0,Empiristas,"Z=91 Pa (vida longa)",91,0,0
13,10,2,Evolucionistas,"Z=95 Am (vida longa)",95,1,0
13,10,3,Isolados,"Z=94 Pu (vida longa)",94,1,0
13,11,0,Empiristas,"Z=109 Mt (vida longa)",109,0,0
13,11,1,Incrementalistas,"Z=108 Hs (vida longa)",108,0,0
13,11,1,Incrementalistas,"Z=107 Bh (vida longa)",107,0,0
13,11,1,Incrementalistas,"Z=82 Pb (vida longa)",82,1,0
13,11,3,Isolados,"Z=102 No (vida longa)",102,0,0
13,11,3,Isolados,"Z=90 Th (vida longa)",90,1,0
13,12,0,Empiristas,"Z=44 Ru (vida longa)",44,0,0
13,12,0,Empiristas,"Z=14 Si (vida longa)",14,0,0
13,12,2,Evolucionistas,"Z=78 Pt (vida longa)",78,0,0
13,13,0,Empiristas,"Z=88 Ra (vida longa)",88,0,0
13,13,1,Incrementalistas,"Z=105 Db (vida longa)",105,0,0
13,14,3,Isolados,"Z=93 Np (vida longa)",93,1,0
13,15,1,Incrementalistas,"Z=104 Rf (vida longa)",104,0,0
13,15,2,Evolucionistas,"Z=25 Mn (vida longa)",25,1,0
13,15,3,Isolados,"Z=101 Md (vida longa)",101,1,0
13,16,0,Empiristas,"Z=84 Po (vida longa)",84,0,0
13,16,0,Empiristas,"Z=66 Dy (vida longa)",66,1,0
13,16,1,Incrementalistas,"Z=110 Ds (vida longa)",110,1,0
13,17,0,Empiristas,"Z=97 Bk (vida longa)",97,1,0
13,17,2,Evolucionistas,"Z=104 Rf (vida longa)",104,0,1
13,17,0,Empiristas,"Z=112 Cn (vida longa)",112,0,1
13,18,2,Evolucionistas,"Z=111 Rg (vida longa)",111,1,0
13,18,2,Evolucionistas,"Z=96 Cm (vida longa)",96,0,1
13,19,1,Incrementalistas,"Z=114 Fl (vida longa)",114,1,0
13,19,2,Evolucionistas,"Z=12 Mg (vida longa)",12,1,0
13,20,0,Empiristas,"Z=27 Co (vida longa)",27,1,0
13,20,0,Empiristas,"Z=67 Ho (vida longa)",67,1,0
13,20,0,Empiristas,"Z=4 Be (vida longa)",4,1,0
13,20,0,Empiristas,"Z=7 N (vida longa)",7,1,0
13,20,2,Evolucionistas,"Z=113 Nh (vida longa)",113,1,0
13,20,2,Evolucionistas,"Z=67 Ho (vida longa)",67,0,1
13,20,0,Empiristas,"Z=113 Nh (vida longa)",113,0,1
13,20,0,Empiristas,"Z=12 Mg (vida longa)",12,0,1
13,21,0,Empiristas,"Z=114 Fl (vida longa)",114,0,0
13,21,2,Evolucionistas,"Z=83 Bi (vida longa)",83,1,0
13,21,3,Isolados,"Z=5 B (vida longa)",5,1,0
13,21,3,Isolados,"Z=103 Lr (vida longa)",103,0,0
13,21,3,Isolados,"Z=100 Fm (vida longa)",100,0,0
13,23,1,Incrementalistas,"Z=111 Rg (vida longa)",111,0,0
13,23,2,Evolucionistas,"Z=114 Fl (vida longa)",114,0,0
13,23,2,Evolucionistas,"Z=115 Mc (vida longa)",115,1,0
13,23,3,Isolados,"Z=90 Th (vida longa)",90,0,0
13,23,3,Isolados,"Z=102 No (vida longa)",102,0,0
13,24,0,Empiristas,"Z=92 U (vida longa)",92,0,0
13,24,0,Empiristas,"Z=24 Cr (vida longa)",24,0,0
13,24,1,Incrementalistas,"Z=115 Mc (vida longa)",115,0,0
13,24,1,Incrementalistas,"Z=113 Nh (vida longa)",113,0,0
13,24,0,Empiristas,"Z=115 Mc (vida longa)",115,0,1
13,24,0,Empiristas,"Z=107 Bh (vida longa)",107,0,1
13,25,0,Empiristas,"Z=110 Ds (vida longa)",110,0,0
13,25,0,Empiristas,"Z=65 Tb (vida longa)",65,1,0
13,25,0,Empiristas,"Z=101 Md (vida longa)",101,0,0
13,25,3,Isolados,"Z=100 Fm (vida longa)",100,0,0
13,26,0,Empiristas,"Z=111 Rg (vida longa)",111,0,0
13,26,3,Isolados,"Z=16 S (vida longa)",16,0,0
13,26,3,Isolados,"Z=73 Ta (vida longa)",73,1,0
13,27,2,Evolucionistas,"Z=4 Be (vida longa)",4,0,0
13,27,3,Isolados,"Z=104 Rf (vida longa)",104,0,0
13,28,2,Evolucionistas,"Z=64 Gd (vida longa)",64,1,0
13,29,0,Empiristas,"Z=61 Pm (vida longa)",61,1,0
13,30,0,Empiristas,"Z=94 Pu (vida longa)",94,0,0
13,30,1,Incrementalistas,"Z=15 P (vida longa)",15,1,0
13,30,3,Isolados,"Z=94 Pu (vida longa)",94,0,0
13,30,2,Evolucionistas,"Z=82 Pb (vida longa)",82,0,1
13,31,0,Empiristas,"Z=72 Hf (vida longa)",72,1,0
13,31,0,Empiristas,"Z=63 Eu (vida longa)",63,1,0
13,32,0,Empiristas,"Z=64 Gd (vida longa)",64,0,0
13,33,1,Incrementalistas,"Z=40 Zr (vida longa)",40,0,1
13,34,0,Empiristas,"Z=50 Sn (vida longa)",50,1,0
13,35,0,Empiristas,"Z=75 Re (vida longa)",75,1,0
13,35,2,Evolucionistas,"Z=7 N (vida longa)",7,0,0
13,36,3,Isolados,"Z=98 Cf (vida longa)",98,0,0
13,36,1,Incrementalistas,"Z=65 Tb (vida longa)",65,0,1
13,36,2,Evolucionistas,"Z=110 Ds (vida longa)",110,0,1
13,37,1,Incrementalistas,"Z=50 Sn (vida longa)",50,0,1
13,39,0,Empiristas,"Z=62 Sm (vida longa)",62,1,0
13,40,0,Empiristas,"Z=45 Rh (vida longa)",45,1,0
13,40,0,Empiristas,"Z=30 Zn (vida longa)",30,1,0
13,40,0,Empiristas,"Z=77 Ir (vida longa)",77,1,0
13,40,3,Isolados,"Z=105 Db (vida longa)",105,0,0
13,40,1,Incrementalistas,"Z=67 Ho (vida longa)",67,0,1
13,41,0,Empiristas,"Z=19 K (vida longa)",19,1,0
13,41,2,Evolucionistas,"Z=54 Xe (vida longa)",54,1,0
13,42,0,Empiristas,"Z=57 La (vida longa)",57,1,0
13,42,0,Empiristas,"Z=36 Kr (vida longa)",36,0,1
13,42,2,Evolucionistas,"Z=98 Cf (vida longa)",98,0,1
13,43,0,Empiristas,"Z=25 Mn (vida longa)",25,0,0
13,44,1,Incrementalistas,"Z=62 Sm (vida longa)",62,0,0
13,44,3,Isolados,"Z=114 Fl (vida longa)",114,0,0
13,46,1,Incrementalistas,"Z=33 As (vida longa)",33,1,0
13,46,1,Incrementalistas,"Z=57 La (vida longa)",57,0,0
13,46,3,Isolados,"Z=79 Au (vida longa)",79,1,0
13,46,3,Isolados,"Z=65 Tb (vida longa)",65,0,0
13,47,0,Empiristas,"Z=99 Es (vida longa)",99,1,0
13,47,2,Evolucionistas,"Z=66 Dy (vida longa)",66,0,1
13,48,2,Evolucionistas,"Z=41 Nb (vida longa)",41,1,0
13,48,3,Isolados,"Z=26 Fe (vida longa)",26,1,0
13,48,3,Isolados,"Z=37 Rb (vida longa)",37,1,0
13,49,0,Empiristas,"Z=13 Al (vida longa)",13,1,0
13,49,2,Evolucionistas,"Z=27 Co (vida longa)",27,0,0
13,49,3,Isolados,"Z=107 Bh (vida longa)",107,0,0
13,50,0,Empiristas,"Z=2 He (vida longa)",2,1,0
13,50,0,Empiristas,"Z=89 Ac (vida longa)",89,0,0
13,50,1,Incrementalistas,"Z=28 Ni (vida longa)",28,0,0
13,50,2,Evolucionistas,"nucleos efemeros",102.189,0,0
13,52,0,Empiristas,"Z=18 Ar (vida longa)",18,1,0
13,52,3,Isolados,"Z=106 Sg (vida longa)",106,0,0
13,53,0,Empiristas,"Z=33 As (vida longa)",33,0,0
13,53,2,Evolucionistas,"Z=114 Fl (vida longa)",114,0,0
13,53,3,Isolados,"Z=108 Hs (vida longa)",108,0,0
13,53,3,Isolados,"Z=78 Pt (vida longa)",78,0,0
13,53,3,Isolados,"Z=34 Se (vida longa)",34,1,0
13,54,0,Empiristas,"Z=70 Yb (vida longa)",70,1,0
13,54,0,Empiristas,"Z=58 Ce (vida longa)",58,1,0
13,55,2,Evolucionistas,"Z=73 Ta (vida longa)",73,0,0
13,55,3,Isolados,"Z=74 W (vida longa)",74,1,0
13,55,3,Isolados,"Z=60 Nd (vida longa)",60,0,0
13,55,1,Incrementalistas,"Z=24 Cr (vida longa)",24,0,1
13,56,0,Empiristas,"Z=34 Se (vida longa)",34,0,0
13,56,1,Incrementalistas,"Z=70 Yb (vida longa)",70,0,0
13,56,2,Evolucionistas,"Z=20 Ca (vida longa)",20,1,0
13,56,3,Isolados,"Z=109 Mt (vida longa)",109,0,0
13,56,3,Isolados,"Z=43 Tc (vida longa)",43,1,0
13,56,1,Incrementalistas,"Z=73 Ta (vida longa)",73,0,1
13,57,1,Incrementalistas,"Z=105 Db (vida longa)",105,0,0
13,57,3,Isolados,"Z=35 Br (vida longa)",35,1,0
13,57,3,Isolados,"Z=99 Es (vida longa)",99,0,0
13,57,3,Isolados,"Z=112 Cn (vida longa)",112,0,0
13,58,1,Incrementalistas,"Z=114 Fl (vida longa)",114,0,0
13,58,3,Isolados,"Z=4 Be (vida longa)",4,0,0
13,59,1,Incrementalistas,"Z=32 Ge (vida longa)",32,1,0
13,59,3,Isolados,"Z=111 Rg (vida longa)",111,0,0
13,59,3,Isolados,"Z=6 C (vida longa)",6,1,0
13,60,0,Empiristas,"Z=56 Ba (vida longa)",56,1,0
13,60,2,Evolucionistas,"Z=65 Tb (vida longa)",65,0,0
13,60,3,Isolados,"Z=113 Nh (vida longa)",113,0,0
13,61,0,Empiristas,"Z=32 Ge (vida longa)",32,0,0
13,61,3,Isolados,"Z=110 Ds (vida longa)",110,0,0
13,61,3,Isolados,"Z=52 Te (vida longa)",52,1,0
13,61,3,Isolados,"Z=11 Na (vida longa)",11,1,0
13,62,2,Evolucionistas,"Z=110 Ds (vida longa)",110,0,0
13,62,3,Isolados,"Z=13 Al (vida longa)",13,0,0
13,62,0,Empiristas,"Z=83 Bi (vida longa)",83,0,1
13,63,0,Empiristas,"Z=68 Er (vida longa)",68,1,0
13,63,0,Empiristas,"Z=17 Cl (vida longa)",17,1,0
13,63,0,Empiristas,"Z=86 Rn (vida longa)",86,0,0
13,63,3,Isolados,"Z=76 Os (vida longa)",76,1,0
13,64,0,Empiristas,"Z=93 Np (vida longa)",93,0,0
13,65,0,Empiristas,"Z=26 Fe (vida longa)",26,0,0
13,66,0,Empiristas,"Z=35 Br (vida longa)",35,0,0
13,66,1,Incrementalistas,"Z=56 Ba (vida longa)",56,0,0
13,66,1,Incrementalistas,"Z=76 Os (vida longa)",76,0,0
13,66,3,Isolados,"Z=77 Ir (vida longa)",77,0,0
13,67,0,Empiristas,"Z=5 B (vida longa)",5,0,0
13,67,0,Empiristas,"Z=60 Nd (vida longa)",60,0,0
13,67,2,Evolucionistas,"Z=74 W (vida longa)",74,0,0
13,67,3,Isolados,"Z=115 Mc (vida longa)",115,0,0
13,68,1,Incrementalistas,"Z=83 Bi (vida longa)",83,0,1
13,68,1,Incrementalistas,"Z=100 Fm (vida longa)",100,0,1
13,70,3,Isolados,"Z=22 Ti (vida longa)",22,1,0
13,71,1,Incrementalistas,"Z=64 Gd (vida longa)",64,0,1
13,72,1,Incrementalistas,"Z=55 Cs (vida longa)",55,1,0
13,72,2,Evolucionistas,"Z=56 Ba (vida longa)",56,0,0
13,72,3,Isolados,"Z=18 Ar (vida longa)",18,0,0
13,72,3,Isolados,"Z=2 He (vida longa)",2,0,0
13,73,1,Incrementalistas,"Z=17 Cl (vida longa)",17,0,0
13,73,3,Isolados,"Z=21 Sc (vida longa)",21,1,0
13,73,1,Incrementalistas,"Z=86 Rn (vida longa)",86,0,1
13,74,0,Empiristas,"Z=63 Eu (vida longa)",63,0,0
13,74,2,Evolucionistas,"Z=102 No (vida longa)",102,0,0
13,74,3,Isolados,"Z=8 O (vida longa)",8,0,0
13,74,2,Evolucionistas,"Z=76 Os (vida longa)",76,0,1
13,75,1,Incrementalistas,"Z=43 Tc (vida longa)",43,0,0
13,75,2,Evolucionistas,"Z=62 Sm (vida longa)",62,0,0
13,75,3,Isolados,"Z=46 Pd (vida longa)",46,1,0
13,76,0,Empiristas,"Z=41 Nb (vida longa)",41,0,0
13,76,1,Incrementalistas,"Z=29 Cu (vida longa)",29,1,0
13,76,1,Incrementalistas,"Z=54 Xe (vida longa)",54,0,0
13,76,2,Evolucionistas,"Z=63 Eu (vida longa)",63,0,0
13,77,1,Incrementalistas,"Z=45 Rh (vida longa)",45,0,0
13,78,0,Empiristas,"Z=22 Ti (vida longa)",22,0,0
13,78,0,Empiristas,"Z=9 F (vida longa)",9,1,0
13,78,0,Empiristas,"Z=50 Sn (vida longa)",50,0,0
13,78,2,Evolucionistas,"Z=48 Cd (vida longa)",48,1,0
13,79,0,Empiristas,"Z=111 Rg (vida longa)",111,0,0
13,80,0,Empiristas,"Z=18 Ar (vida longa)",18,0,0
13,80,0,Empiristas,"Z=11 Na (vida longa)",11,0,0
13,80,0,Empiristas,"Z=57 La (vida longa)",57,0,0
13,80,3,Isolados,"Z=12 Mg (vida longa)",12,0,0
13,80,0,Empiristas,"Z=95 Am (vida longa)",95,0,1
13,80,2,Evolucionistas,"Z=11 Na (vida longa)",11,0,1
13,81,3,Isolados,"Z=48 Cd (vida longa)",48,0,0
13,81,3,Isolados,"Z=66 Dy (vida longa)",66,0,0
13,81,3,Isolados,"Z=68 Er (vida longa)",68,0,0
13,82,2,Evolucionistas,"Z=2 He (vida longa)",2,0,1
13,83,0,Empiristas,"Z=46 Pd (vida longa)",46,0,0
13,83,1,Incrementalistas,"Z=13 Al (vida longa)",13,0,0
13,83,2,Evolucionistas,"Z=6 C (vida longa)",6,0,0
13,83,2,Evolucionistas,"Z=68 Er (vida longa)",68,0,0
13,83,2,Evolucionistas,"Z=100 Fm (vida longa)",100,0,0
13,83,1,Incrementalistas,"Z=27 Co (vida longa)",27,0,1
13,84,0,Empiristas,"Z=38 Sr (vida longa)",38,1,0
13,84,0,Empiristas,"Z=23 V (vida longa)",23,1,0
13,84,1,Incrementalistas,"Z=60 Nd (vida longa)",60,0,0
13,84,1,Incrementalistas,"Z=79 Au (vida longa)",79,0,0
13,84,2,Evolucionistas,"Z=30 Zn (vida longa)",30,0,0
13,85,1,Incrementalistas,"Z=52 Te (vida longa)",52,0,0
13,85,2,Evolucionistas,"Z=7 N (vida longa)",7,0,1
13,86,1,Incrementalistas,"Z=53 I (vida longa)",53,1,0
13,86,3,Isolados,"Z=38 Sr (vida longa)",38,0,0
13,86,2,Evolucionistas,"Z=53 I (vida longa)",53,0,1
13,87,0,Empiristas,"Z=37 Rb (vida longa)",37,0,0
13,87,0,Empiristas,"Z=33 As (vida longa)",33,0,0
13,87,3,Isolados,"Z=40 Zr (vida longa)",40,0,0
13,88,1,Incrementalistas,"Z=42 Mo (vida longa)",42,0,0
13,89,1,Incrementalistas,"Z=114 Fl (vida longa)",114,0,0
13,89,1,Incrementalistas,"Z=113 Nh (vida longa)",113,0,0
13,89,3,Isolados,"Z=14 Si (vida longa)",14,0,0
13,90,2,Evolucionistas,"Z=79 Au (vida longa)",79,0,0
13,90,2,Evolucionistas,"Z=104 Rf (vida longa)",104,0,0
13,90,3,Isolados,"Z=3 Li (vida longa)",3,1,0
13,90,3,Isolados,"Z=75 Re (vida longa)",75,0,0
13,90,3,Isolados,"Z=96 Cm (vida longa)",96,0,0
13,91,0,Empiristas,"Z=55 Cs (vida longa)",55,0,0
13,91,1,Incrementalistas,"Z=115 Mc (vida longa)",115,0,0
13,91,1,Incrementalistas,"Z=112 Cn (vida longa)",112,0,0
13,91,0,Empiristas,"Z=73 Ta (vida longa)",73,0,1
13,91,1,Incrementalistas,"Z=18 Ar (vida longa)",18,0,1
13,92,0,Empiristas,"Z=53 I (vida longa)",53,0,0
13,92,0,Empiristas,"Z=24 Cr (vida longa)",24,0,0
13,92,3,Isolados,"Z=23 V (vida longa)",23,0,0
13,92,0,Empiristas,"Z=83 Bi (vida longa)",83,0,1
13,93,1,Incrementalistas,"Z=32 Ge (vida longa)",32,0,0
13,93,1,Incrementalistas,"Z=54 Xe (vida longa)",54,0,0
13,93,1,Incrementalistas,"Z=68 Er (vida longa)",68,0,0
13,93,2,Evolucionistas,"Z=46 Pd (vida longa)",46,0,0
13,93,2,Evolucionistas,"Z=81 Tl (vida longa)",81,1,0
13,93,3,Isolados,"Z=25 Mn (vida longa)",25,0,0
13,93,3,Isolados,"Z=82 Pb (vida longa)",82,0,0
13,93,3,Isolados,"Z=32 Ge (vida longa)",32,0,0
13,94,0,Empiristas,"Z=78 Pt (vida longa)",78,0,0
13,94,2,Evolucionistas,"Z=90 Th (vida longa)",90,0,0
13,94,2,Evolucionistas,"Z=16 S (vida longa)",16,0,0
13,95,1,Incrementalistas,"Z=45 Rh (vida longa)",45,0,0
13,95,2,Evolucionistas,"Z=78 Pt (vida longa)",78,0,0
13,95,2,Evolucionistas,"Z=18 Ar (vida longa)",18,0,1
13,95,1,Incrementalistas,"Z=39 Y (vida longa)",39,0,1
13,96,1,Incrementalistas,"Z=16 S (vida longa)",16,0,0
13,96,3,Isolados,"Z=42 Mo (vida longa)",42,0,0
13,96,1,Incrementalistas,"Z=12 Mg (vida longa)",12,0,1
13,97,0,Empiristas,"Z=64 Gd (vida longa)",64,0,0
13,97,1,Incrementalistas,"Z=59 Pr (vida longa)",59,1,0
13,98,2,Evolucionistas,"Z=52 Te (vida longa)",52,0,0
13,99,0,Empiristas,"Z=72 Hf (vida longa)",72,0,0
13,99,0,Empiristas,"Z=29 Cu (vida longa)",29,0,0
13,99,2,Evolucionistas,"Z=51 Sb (vida longa)",51,1,0
13,99,2,Evolucionistas,"Z=71 Lu (vida longa)",71,1,0
13,99,3,Isolados,"Z=71 Lu (vida longa)",71,0,0
13,99,3,Isolados,"Z=1 H (vida longa)",1,1,0
13,100,1,Incrementalistas,"Z=72 Hf (vida longa)",72,0,0
13,100,1,Incrementalistas,"Z=62 Sm (vida longa)",62,0,0
13,100,3,Isolados,"Z=95 Am (vida longa)",95,0,0
13,100,3,Isolados,"Z=97 Bk (vida longa)",97,0,0
13,101,0,Empiristas,"Z=31 Ga (vida longa)",31,1,0
13,102,0,Empiristas,"Z=59 Pr (vida longa)",59,0,0
13,102,0,Empiristas,"Z=25 Mn (vida longa)",25,0,0
13,102,0,Empiristas,"Z=15 P (vida longa)",15,0,0
13,102,1,Incrementalistas,"Z=108 Hs (vida longa)",108,0,0
13,102,3,Isolados,"Z=15 P (vida longa)",15,0,0
13,103,1,Incrementalistas,"Z=110 Ds (vida longa)",110,0,0
13,103,2,Evolucionistas,"Z=93 Np (vida longa)",93,0,0
13,103,2,Evolucionistas,"Z=4 Be (vida longa)",4,0,0
13,103,1,Incrementalistas,"Z=15 P (vida longa)",15,0,1
13,104,0,Empiristas,"Z=21 Sc (vida longa)",21,0,0
13,104,1,Incrementalistas,"Z=56 Ba (vida longa)",56,0,0
13,104,1,Incrementalistas,"Z=111 Rg (vida longa)",111,0,0
13,104,2,Evolucionistas,"Z=94 Pu (vida longa)",94,0,0
13,104,3,Isolados,"Z=54 Xe (vida longa)",54,0,0
13,104,3,Isolados,"Z=63 Eu (vida longa)",63,0,0
13,105,2,Evolucionistas,"Z=115 Mc (vida longa)",115,0,0
13,105,2,Evolucionistas,"Z=113 Nh (vida longa)",113,0,0
13,105,2,Evolucionistas,"Z=112 Cn (vida longa)",112,0,0
13,105,3,Isolados,"Z=36 Kr (vida longa)",36,0,0
13,105,2,Evolucionistas,"Z=60 Nd (vida longa)",60,0,1
13,105,1,Incrementalistas,"Z=82 Pb (vida longa)",82,0,1
13,106,2,Evolucionistas,"Z=110 Ds (vida longa)",110,0,0
13,106,3,Isolados,"Z=28 Ni (vida longa)",28,0,0
13,107,0,Empiristas,"Z=20 Ca (vida longa)",20,0,0
13,107,0,Empiristas,"Z=75 Re (vida longa)",75,0,0
13,107,0,Empiristas,"Z=49 In (vida longa)",49,1,0
13,107,2,Evolucionistas,"Z=8 O (vida longa)",8,0,0
13,108,0,Empiristas,"Z=3 Li (vida longa)",3,0,0
13,108,0,Empiristas,"Z=82 Pb (vida longa)",82,0,0
13,108,3,Isolados,"Z=44 Ru (vida longa)",44,0,0
13,108,3,Isolados,"Z=10 Ne (vida longa)",10,0,0
13,108,2,Evolucionistas,"Z=89 Ac (vida longa)",89,0,1
13,109,0,Empiristas,"Z=85 At (vida longa)",85,0,0
13,109,0,Empiristas,"Z=10 Ne (vida longa)",10,0,0
13,109,2,Evolucionistas,"Z=58 Ce (vida longa)",58,0,0
13,109,2,Evolucionistas,"Z=55 Cs (vida longa)",55,0,1
13,110,3,Isolados,"Z=57 La (vida longa)",57,0,0
13,111,0,Empiristas,"Z=19 K (vida longa)",19,0,0
13,111,0,Empiristas,"Z=54 Xe (vida longa)",54,0,0
13,111,2,Evolucionistas,"Z=50 Sn (vida longa)",50,0,0
13,111,2,Evolucionistas,"Z=32 Ge (vida longa)",32,0,0
13,111,3,Isolados,"Z=47 Ag (vida longa)",47,1,0
13,112,0,Empiristas,"Z=65 Tb (vida longa)",65,0,0
13,112,1,Incrementalistas,"Z=14 Si (vida longa)",14,0,0
13,112,2,Evolucionistas,"Z=20 Ca (vida longa)",20,0,0
13,112,3,Isolados,"Z=33 As (vida longa)",33,0,0
13,113,0,Empiristas,"Z=43 Tc (vida longa)",43,0,0
13,113,3,Isolados,"Z=19 K (vida longa)",19,0,0
13,114,0,Empiristas,"Z=76 Os (vida longa)",76,0,0
13,114,1,Incrementalistas,"Z=109 Mt (vida longa)",109,0,0
13,114,3,Isolados,"Z=62 Sm (vida longa)",62,0,0
13,115,0,Empiristas,"Z=52 Te (vida longa)",52,0,0
13,115,0,Empiristas,"Z=100 Fm (vida longa)",100,0,0
13,115,0,Empiristas,"Z=98 Cf (vida longa)",98,0,0
13,115,0,Empiristas,"Z=5 B (vida longa)",5,0,0
13,115,3,Isolados,"Z=80 Hg (vida longa)",80,0,0
13,115,3,Isolados,"Z=72 Hf (vida longa)",72,0,0
13,115,3,Isolados,"Z=31 Ga (vida longa)",31,0,0
13,115,1,Incrementalistas,"Z=2 He (vida longa)",2,0,1
13,116,0,Empiristas,"Z=66 Dy (vida longa)",66,0,0
13,116,0,Empiristas,"Z=6 C (vida longa)",6,0,0
13,116,3,Isolados,"Z=24 Cr (vida longa)",24,0,0
13,116,3,Isolados,"Z=56 Ba (vida longa)",56,0,0
13,117,0,Empiristas,"Z=87 Fr (vida longa)",87,0,0
13,117,0,Empiristas,"Z=48 Cd (vida longa)",48,0,0
13,117,3,Isolados,"Z=58 Ce (vida longa)",58,0,0
13,118,3,Isolados,"Z=20 Ca (vida longa)",20,0,0
13,119,2,Evolucionistas,"Z=26 Fe (vida longa)",26,0,0
13,119,2,Evolucionistas,"Z=91 Pa (vida longa)",91,0,0
13,119,3,Isolados,"Z=41 Nb (vida longa)",41,0,0
13,120,1,Incrementalistas,"Z=62 Sm (vida longa)",62,0,1
13,120,2,Evolucionistas,"Z=41 Nb (vida longa)",41,0,1
13,121,0,Empiristas,"Z=74 W (vida longa)",74,0,0
13,121,1,Incrementalistas,"Z=69 Tm (vida longa)",69,1,0
13,121,2,Evolucionistas,"Z=40 Zr (vida longa)",40,0,0
13,121,3,Isolados,"Z=50 Sn (vida longa)",50,0,0
13,121,0,Empiristas,"Z=26 Fe (vida longa)",26,0,1
13,121,2,Evolucionistas,"Z=34 Se (vida longa)",34,0,1
13,122,2,Evolucionistas,"Z=69 Tm (vida longa)",69,0,0
13,122,3,Isolados,"Z=64 Gd (vida longa)",64,0,0
13,123,1,Incrementalistas,"Z=65 Tb (vida longa)",65,0,0
13,124,0,Empiristas,"Z=51 Sb (vida longa)",51,0,0
13,124,1,Incrementalistas,"Z=61 Pm (vida longa)",61,0,0
13,124,1,Incrementalistas,"Z=58 Ce (vida longa)",58,0,0
13,124,2,Evolucionistas,"Z=9 F (vida longa)",9,0,0
13,125,1,Incrementalistas,"Z=38 Sr (vida longa)",38,0,0
13,126,0,Empiristas,"Z=47 Ag (vida longa)",47,0,0
13,126,0,Empiristas,"Z=61 Pm (vida longa)",61,0,0
13,126,2,Evolucionistas,"Z=45 Rh (vida longa)",45,0,0
13,126,2,Evolucionistas,"Z=10 Ne (vida longa)",10,0,0
13,126,2,Evolucionistas,"Z=3 Li (vida longa)",3,0,1
13,127,3,Isolados,"Z=59 Pr (vida longa)",59,0,0
13,127,2,Evolucionistas,"Z=47 Ag (vida longa)",47,0,1
13,128,0,Empiristas,"Z=71 Lu (vida longa)",71,0,0
13,128,1,Incrementalistas,"Z=19 K (vida longa)",19,0,0
13,128,1,Incrementalistas,"Z=63 Eu (vida longa)",63,0,0
13,129,0,Empiristas,"Z=105 Db (vida longa)",105,0,0
13,131,1,Incrementalistas,"Z=74 W (vida longa)",74,0,0
13,131,1,Incrementalistas,"Z=23 V (vida longa)",23,0,0
13,131,1,Incrementalistas,"Z=51 Sb (vida longa)",51,0,0
13,131,1,Incrementalistas,"Z=76 Os (vida longa)",76,0,0
13,131,3,Isolados,"Z=27 Co (vida longa)",27,0,0
13,131,1,Incrementalistas,"Z=35 Br (vida longa)",35,0,1
13,132,1,Incrementalistas,"Z=4 Be (vida longa)",4,0,0
13,132,2,Evolucionistas,"Z=97 Bk (vida longa)",97,0,0
13,132,2,Evolucionistas,"Z=7 N (vida longa)",7,0,0
13,132,2,Evolucionistas,"Z=101 Md (vida longa)",101,0,0
13,132,3,Isolados,"Z=29 Cu (vida longa)",29,0,0
13,133,0,Empiristas,"Z=84 Po (vida longa)",84,0,0
13,133,1,Incrementalistas,"Z=33 As (vida longa)",33,0,0
13,133,2,Evolucionistas,"Z=62 Sm (vida longa)",62,0,0
13,134,1,Incrementalistas,"Z=57 La (vida longa)",57,0,0
13,134,1,Incrementalistas,"Z=41 Nb (vida longa)",41,0,0
13,134,1,Incrementalistas,"Z=42 Mo (vida longa)",42,0,0
13,134,1,Incrementalistas,"Z=10 Ne (vida longa)",10,0,1
13,135,0,Empiristas,"Z=90 Th (vida longa)",90,0,0
13,135,2,Evolucionistas,"Z=49 In (vida longa)",49,0,0
13,135,2,Evolucionistas,"Z=98 Cf (vida longa)",98,0,0
13,136,1,Incrementalistas,"Z=105 Db (vida longa)",105,0,0
13,137,1,Incrementalistas,"Z=27 Co (vida longa)",27,0,0
13,137,2,Evolucionistas,"Z=86 Rn (vida longa)",86,0,0
13,137,3,Isolados,"Z=55 Cs (vida longa)",55,0,0
13,138,0,Empiristas,"Z=99 Es (vida longa)",99,0,0
13,138,2,Evolucionistas,"Z=71 Lu (vida longa)",71,0,0
13,138,3,Isolados,"Z=69 Tm (vida longa)",69,0,0
13,139,1,Incrementalistas,"Z=47 Ag (vida longa)",47,0,0
13,139,1,Incrementalistas,"Z=71 Lu (vida longa)",71,0,0
13,139,3,Isolados,"Z=61 Pm (vida longa)",61,0,0
13,139,3,Isolados,"Z=30 Zn (vida longa)",30,0,0
13,140,1,Incrementalistas,"Z=102 No (vida longa)",102,0,0
13,140,3,Isolados,"Z=49 In (vida longa)",49,0,0
13,141,1,Incrementalistas,"Z=6 C (vida longa)",6,0,0
13,141,1,Incrementalistas,"Z=31 Ga (vida longa)",31,0,0
13,141,1,Incrementalistas,"Z=32 Ge (vida longa)",32,0,0
13,141,2,Evolucionistas,"Z=4 Be (vida longa)",4,0,0
13,141,2,Evolucionistas,"Z=81 Tl (vida longa)",81,0,0
13,142,1,Incrementalistas,"Z=20 Ca (vida longa)",20,0,0
13,142,3,Isolados,"Z=67 Ho (vida longa)",67,0,0
13,143,0,Empiristas,"Z=69 Tm (vida longa)",69,0,0
13,143,1,Incrementalistas,"Z=54 Xe (vida longa)",54,0,0
13,143,2,Evolucionistas,"Z=105 Db (vida longa)",105,0,0
13,144,0,Empiristas,"Z=79 Au (vida longa)",79,0,0
13,144,1,Incrementalistas,"Z=94 Pu (vida longa)",94,0,0
13,144,1,Incrementalistas,"Z=80 Hg (vida longa)",80,0,0
13,144,3,Isolados,"Z=39 Y (vida longa)",39,0,0
13,145,2,Evolucionistas,"Z=39 Y (vida longa)",39,0,0
13,146,1,Incrementalistas,"Z=106 Sg (vida longa)",106,0,0
13,146,2,Evolucionistas,"Z=92 U (vida longa)",92,0,0
13,146,2,Evolucionistas,"Z=99 Es (vida longa)",99,0,0
13,146,2,Evolucionistas,"Z=57 La (vida longa)",57,0,0
13,146,2,Evolucionistas,"Z=15 P (vida longa)",15,0,0
13,146,1,Incrementalistas,"Z=75 Re (vida longa)",75,0,1
13,147,1,Incrementalistas,"Z=44 Ru (vida longa)",44,0,0
13,147,2,Evolucionistas,"Z=31 Ga (vida longa)",31,0,0
13,148,3,Isolados,"Z=53 I (vida longa)",53,0,0
13,149,2,Evolucionistas,"Z=96 Cm (vida longa)",96,0,0
13,149,2,Evolucionistas,"Z=2 He (vida longa)",2,0,0
13,149,3,Isolados,"Z=9 F (vida longa)",9,0,0
13,150,0,Empiristas,"Z=1 H (vida longa)",1,0,0
13,150,1,Incrementalistas,"Z=77 Ir (vida longa)",77,0,0
13,150,2,Evolucionistas,"Z=23 V (vida longa)",23,0,0
13,150,2,Evolucionistas,"Z=88 Ra (vida longa)",88,0,0
13,150,2,Evolucionistas,"Z=93 Np (vida longa)",93,0,0
13,151,1,Incrementalistas,"Z=13 Al (vida longa)",13,0,0
13,152,2,Evolucionistas,"Z=5 B (vida longa)",5,0,0
13,152,2,Evolucionistas,"Z=17 Cl (vida longa)",17,0,0
13,152,2,Evolucionistas,"Z=43 Tc (vida longa)",43,0,0
13,153,1,Incrementalistas,"Z=3 Li (vida longa)",3,0,0
13,153,2,Evolucionistas,"Z=56 Ba (vida longa)",56,0,0
13,153,2,Evolucionistas,"Z=59 Pr (vida longa)",59,0,0
13,155,3,Isolados,"Z=7 N (vida longa)",7,0,0
13,156,0,Empiristas,"Z=81 Tl (vida longa)",81,0,0
13,156,1,Incrementalistas,"Z=22 Ti (vida longa)",22,0,0
13,156,1,Incrementalistas,"Z=28 Ni (vida longa)",28,0,0
13,157,2,Evolucionistas,"Z=51 Sb (vida longa)",51,0,0
13,158,1,Incrementalistas,"Z=85 At (vida longa)",85,0,0
13,158,2,Evolucionistas,"Z=22 Ti (vida longa)",22,0,0
13,158,2,Evolucionistas,"Z=77 Ir (vida longa)",77,0,0
13,159,1,Incrementalistas,"Z=37 Rb (vida longa)",37,0,0
13,159,1,Incrementalistas,"Z=87 Fr (vida longa)",87,0,0
13,159,1,Incrementalistas,"Z=11 Na (vida longa)",11,0,0
13,159,1,Incrementalistas,"Z=36 Kr (vida longa)",36,0,0
13,159,2,Evolucionistas,"Z=25 Mn (vida longa)",25,0,0
13,159,2,Evolucionistas,"Z=19 K (vida longa)",19,0,0
13,160,1,Incrementalistas,"Z=26 Fe (vida longa)",26,0,0
13,160,2,Evolucionistas,"Z=68 Er (vida longa)",68,0,0
13,161,3,Isolados,"Z=70 Yb (vida longa)",70,0,0
13,162,1,Incrementalistas,"Z=89 Ac (vida longa)",89,0,0
13,162,2,Evolucionistas,"Z=72 Hf (vida longa)",72,0,0
13,162,3,Isolados,"Z=51 Sb (vida longa)",51,0,0
13,163,1,Incrementalistas,"Z=30 Zn (vida longa)",30,0,0
13,163,1,Incrementalistas,"Z=12 Mg (vida longa)",12,0,0
13,163,1,Incrementalistas,"Z=21 Sc (vida longa)",21,0,0
13,163,2,Evolucionistas,"Z=11 Na (vida longa)",11,0,0
13,163,2,Evolucionistas,"Z=103 Lr (vida longa)",103,0,0
13,163,2,Evolucionistas,"Z=21 Sc (vida longa)",21,0,0
13,164,3,Isolados,"Z=81 Tl (vida longa)",81,0,0
13,165,1,Incrementalistas,"Z=8 O (vida longa)",8,0,0
13,166,1,Incrementalistas,"Z=34 Se (vida longa)",34,0,0
13,166,1,Incrementalistas,"Z=81 Tl (vida longa)",81,0,0
13,167,1,Incrementalistas,"Z=88 Ra (vida longa)",88,0,0
13,167,2,Evolucionistas,"Z=66 Dy (vida longa)",66,0,0
13,167,2,Evolucionistas,"Z=38 Sr (vida longa)",38,0,0
13,168,2,Evolucionistas,"Z=37 Rb (vida longa)",37,0,0
13,171,1,Incrementalistas,"Z=84 Po (vida longa)",84,0,0
13,171,1,Incrementalistas,"Z=66 Dy (vida longa)",66,0,0
13,171,2,Evolucionistas,"Z=13 Al (vida longa)",13,0,0
13,171,3,Isolados,"Z=45 Rh (vida longa)",45,0,0
13,172,2,Evolucionistas,"Z=70 Yb (vida longa)",70,0,0
13,174,1,Incrementalistas,"Z=5 B (vida longa)",5,0,0
13,174,2,Evolucionistas,"Z=61 Pm (vida longa)",61,0,0
13,174,2,Evolucionistas,"Z=29 Cu (vida longa)",29,0,0
13,175,1,Incrementalistas,"Z=101 Md (vida longa)",101,0,0
13,175,1,Incrementalistas,"Z=91 Pa (vida longa)",91,0,0
13,176,2,Evolucionistas,"Z=42 Mo (vida longa)",42,0,0
13,176,3,Isolados,"Z=17 Cl (vida longa)",17,0,0
13,177,0,Empiristas,"Z=113 Nh (vida longa)",113,0,0
13,177,0,Empiristas,"Z=19 K (vida longa)",19,0,0
13,177,0,Empiristas,"Z=25 Mn (vida longa)",25,0,0
13,177,1,Incrementalistas,"Z=48 Cd (vida longa)",48,0,0
13,177,2,Evolucionistas,"Z=102 No (vida longa)",102,0,0
13,177,2,Evolucionistas,"Z=84 Po (vida longa)",84,0,0
13,178,0,Empiristas,"Z=5 B (vida longa)",5,0,0
13,178,0,Empiristas,"Z=57 La (vida longa)",57,0,0
13,178,0,Empiristas,"Z=91 Pa (vida longa)",91,0,0
13,178,0,Empiristas,"Z=86 Rn (vida longa)",86,0,0
13,178,0,Empiristas,"Z=78 Pt (vida longa)",78,0,0
13,178,0,Empiristas,"Z=52 Te (vida longa)",52,0,0
13,178,0,Empiristas,"Z=51 Sb (vida longa)",51,0,0
13,178,0,Empiristas,"Z=14 Si (vida longa)",14,0,0
13,178,2,Evolucionistas,"Z=48 Cd (vida longa)",48,0,0
13,178,3,Isolados,"Z=83 Bi (vida longa)",83,0,0
13,179,0,Empiristas,"Z=44 Ru (vida longa)",44,0,0
13,179,0,Empiristas,"Z=21 Sc (vida longa)",21,0,0
13,179,0,Empiristas,"Z=77 Ir (vida longa)",77,0,0
13,179,2,Evolucionistas,"Z=35 Br (vida longa)",35,0,1
13,180,0,Empiristas,"Z=73 Ta (vida longa)",73,0,0
13,180,0,Empiristas,"Z=26 Fe (vida longa)",26,0,0
13,180,0,Empiristas,"Z=22 Ti (vida longa)",22,0,0
13,180,0,Empiristas,"Z=47 Ag (vida longa)",47,0,0
13,180,1,Incrementalistas,"Z=78 Pt (vida longa)",78,0,0
13,180,0,Empiristas,"Z=41 Nb (vida longa)",41,0,1
13,181,0,Empiristas,"Z=10 Ne (vida longa)",10,0,0
13,181,0,Empiristas,"Z=101 Md (vida longa)",101,0,0
13,181,1,Incrementalistas,"Z=103 Lr (vida longa)",103,0,0
13,181,1,Incrementalistas,"Z=97 Bk (vida longa)",97,0,0
13,181,1,Incrementalistas,"Z=1 H (vida longa)",1,0,0
13,181,2,Evolucionistas,"Z=33 As (vida longa)",33,0,0
13,182,0,Empiristas,"Z=39 Y (vida longa)",39,0,0
13,182,0,Empiristas,"Z=102 No (vida longa)",102,0,0
13,182,0,Empiristas,"Z=97 Bk (vida longa)",97,0,0
13,182,0,Empiristas,"Z=43 Tc (vida longa)",43,0,0
13,183,0,Empiristas,"Z=71 Lu (vida longa)",71,0,0
13,183,0,Empiristas,"Z=27 Co (vida longa)",27,0,0
13,184,0,Empiristas,"Z=81 Tl (vida longa)",81,0,0
13,184,0,Empiristas,"Z=15 P (vida longa)",15,0,0
13,185,1,Incrementalistas,"Z=46 Pd (vida longa)",46,0,0
13,186,0,Empiristas,"Z=49 In (vida longa)",49,0,0
13,186,0,Empiristas,"Z=80 Hg (vida longa)",80,0,0
13,186,1,Incrementalistas,"Z=95 Am (vida longa)",95,0,0
13,186,1,Incrementalistas,"Z=93 Np (vida longa)",93,0,0
13,187,0,Empiristas,"Z=104 Rf (vida longa)",104,0,0
13,187,0,Empiristas,"Z=16 S (vida longa)",16,0,0
13,187,2,Evolucionistas,"Z=1 H (vida longa)",1,0,0
13,188,1,Incrementalistas,"Z=25 Mn (vida longa)",25,0,0
13,188,1,Incrementalistas,"Z=90 Th (vida longa)",90,0,1
13,189,0,Empiristas,"Z=55 Cs (vida longa)",55,0,0
13,191,0,Empiristas,"Z=64 Gd (vida longa)",64,0,0
13,191,1,Incrementalistas,"Z=92 U (vida longa)",92,0,0
13,192,0,Empiristas,"Z=96 Cm (vida longa)",96,0,0
13,192,0,Empiristas,"Z=95 Am (vida longa)",95,0,0
13,192,1,Incrementalistas,"Z=86 Rn (vida longa)",86,0,0
13,193,1,Incrementalistas,"Z=7 N (vida longa)",7,0,0
13,195,0,Empiristas,"Z=23 V (vida longa)",23,0,0
13,196,1,Incrementalistas,"Z=99 Es (vida longa)",99,0,0
13,196,2,Evolucionistas,"Z=87 Fr (vida longa)",87,0,0
13,196,0,Empiristas,"Z=29 Cu (vida longa)",29,0,1
13,199,1,Incrementalistas,"Z=98 Cf (vida longa)",98,0,0
13,199,1,Incrementalistas,"Z=9 F (vida longa)",9,0,1
13,200,2,Evolucionistas,"Z=85 At (vida longa)",85,0,0
13,201,2,Evolucionistas,"Z=75 Re (vida longa)",75,0,0
13,208,0,Empiristas,"Z=106 Sg (vida longa)",106,0,0
13,213,0,Empiristas,"Z=87 Fr (vida longa)",87,0,0
13,217,0,Empiristas,"Z=59 Pr (vida longa)",59,0,0
13,225,1,Incrementalistas,"Z=49 In (vida longa)",49,0,0
13,228,1,Incrementalistas,"Z=96 Cm (vida longa)",96,0,0
13,250,0,Empiristas,"Z=1 H (vida longa)",1,0,0
14,0,0,Empiristas,"Z=109 Mt (vida longa)",109,1,0
14,0,0,Empiristas,"nucleos efemeros",20.6735,1,0
14,0,1,Incrementalistas,"Z=4 Be (vida longa)",4,1,0
14,0,1,Incrementalistas,"nucleos efemeros",76.9946,0,0
14,0,1,Incrementalistas,"Z=76 Os (vida longa)",76,1,0
14,0,2,Evolucionistas,"Z=88 Ra (vida longa)",88,1,0
14,0,2,Evolucionistas,"nucleos efemeros",70.2962,0,0
14,0,3,Isolados,"Z=72 Hf (vida longa)",72,1,0
14,0,3,Isolados,"nucleos efemeros",19.5812,0,0
14,0,1,Incrementalistas,"Z=88 Ra (vida longa)",88,0,1
14,0,2,Evolucionistas,"Z=4 Be (vida longa)",4,0,1
14,1,0,Empiristas,"Z=112 Cn (vida longa)",112,1,0
14,1,3,Isolados,"Z=40 Zr (vida longa)",40,1,0
14,1,3,Isolados,"Z=73 Ta (vida longa)",73,1,0
14,1,2,Evolucionistas,"Z=112 Cn (vida longa)",112,0,1
14,2,0,Empiristas,"Z=77 Ir (vida longa)",77,1,0
14,2,0,Empiristas,"Z=106 Sg (vida longa)",106,1,0
14,2,0,Empiristas,"Z=100 Fm (vida longa)",100,1,0
14,2,1,Incrementalistas,"Z=86 Rn (vida longa)",86,1,0
14,2,1,Incrementalistas,"Z=5 B (vida longa)",5,1,0
14,2,3,Isolados,"Z=42 Mo (vida longa)",42,1,0
14,3,1,Incrementalistas,"Z=92 U (vida longa)",92,1,0
14,3,2,Evolucionistas,"Z=28 Ni (vida longa)",28,1,0
14,3,2,Evolucionistas,"Z=114 Fl (vida longa)",114,1,0
14,3,2,Evolucionistas,"Z=91 Pa (vida longa)",91,1,0
14,3,3,Isolados,"Z=76 Os (vida longa)",76,0,0
14,3,3,Isolados,"Z=69 Tm (vida longa)",69,1,0
14,4,0,Empiristas,"Z=44 Ru (vida longa)",44,1,0
14,4,0,Empiristas,"Z=108 Hs (vida longa)",108,1,0
14,4,1,Incrementalistas,"Z=90 Th (vida longa)",90,1,0
14,4,1,Incrementalistas,"Z=91 Pa (vida longa)",91,0,0
14,4,3,Isolados,"Z=71 Lu (vida longa)",71,1,0
14,4,3,Isolados,"Z=75 Re (vida longa)",75,1,0
14,5,0,Empiristas,"Z=111 Rg (vida longa)",111,1,0
14,5,1,Incrementalistas,"Z=93 Np (vida longa)",93,1,0
14,5,3,Isolados,"Z=77 Ir (vida longa)",77,0,0
14,6,0,Empiristas,"Z=14 Si (vida longa)",14,1,0
14,6,3,Isolados,"Z=54 Xe (vida longa)",54,1,0
14,6,0,Empiristas,"Z=114 Fl (vida longa)",114,0,1
14,6,0,Empiristas,"Z=4 Be (vida longa)",4,0,1
14,6,2,Evolucionistas,"Z=14 Si (vida longa)",14,0,1
14,7,0,Empiristas,"Z=104 Rf (vida longa)",104,1,0
14,7,1,Incrementalistas,"Z=94 Pu (vida longa)",94,1,0
14,7,2,Evolucionistas,"Z=89 Ac (vida longa)",89,1,0
14,7,2,Evolucionistas,"Z=90 Th (vida longa)",90,0,0
14,7,3,Isolados,"Z=78 Pt (vida longa)",78,1,0
14,7,1,Incrementalistas,"Z=114 Fl (vida longa)",114,0,1
14,7,0,Empiristas,"Z=90 Th (vida longa)",90,0,1
14,8,1,Incrementalistas,"Z=95 Am (vida longa)",95,1,0
14,8,3,Isolados,"Z=57 La (vida longa)",57,1,0
14,8,3,Isolados,"Z=74 W (vida longa)",74,1,0
14,9,0,Empiristas,"Z=34 Se (vida longa)",34,1,0
14,9,0,Empiristas,"Z=86 Rn (vida longa)",86,0,1
14,9,1,Incrementalistas,"Z=108 Hs (vida longa)",108,0,1
14,10,0,Empiristas,"Z=107 Bh (vida longa)",107,1,0
14,10,2,Evolucionistas,"Z=115 Mc (vida longa)",115,1,0
14,10,1,Incrementalistas,"Z=115 Mc (vida longa)",115,0,1
14,10,0,Empiristas,"Z=115 Mc (vida longa)",115,0,1
14,10,0,Empiristas,"Z=28 Ni (vida longa)",28,0,1
14,11,0,Empiristas,"Z=2 He (vida longa)",2,1,0
14,11,3,Isolados,"Z=70 Yb (vida longa)",70,1,0
14,12,0,Empiristas,"Z=110 Ds (vida longa)",110,1,0
14,12,1,Incrementalistas,"Z=112 Cn (vida longa)",112,0,0
14,12,1,Incrementalistas,"Z=113 Nh (vida longa)",113,1,0
14,12,1,Incrementalistas,"Z=28 Ni (vida longa)",28,0,1
14,13,0,Empiristas,"Z=61 Pm (vida longa)",61,1,0
14,13,1,Incrementalistas,"Z=98 Cf (vida longa)",98,1,0
14,13,1,Incrementalistas,"Z=44 Ru (vida longa)",44,0,1
14,14,0,Empiristas,"Z=97 Bk (vida longa)",97,1,0
14,14,1,Incrementalistas,"Z=96 Cm (vida longa)",96,1,0
14,14,1,Incrementalistas,"Z=109 Mt (vida longa)",109,0,0
14,14,2,Evolucionistas,"Z=113 Nh (vida longa)",113,0,0
14,15,0,Empiristas,"Z=98 Cf (vida longa)",98,0,0
14,15,1,Incrementalistas,"Z=111 Rg (vida longa)",111,0,0
14,15,1,Incrementalistas,"Z=110 Ds (vida longa)",110,0,0
14,15,2,Evolucionistas,"Z=111 Rg (vida longa)",111,0,0
14,16,2,Evolucionistas,"Z=87 Fr (vida longa)",87,1,0
14,17,0,Empiristas,"Z=20 Ca (vida longa)",20,1,0
14,17,1,Incrementalistas,"Z=71 Lu (vida longa)",71,0,0
14,17,1,Incrementalistas,"Z=89 Ac (vida longa)",89,0,0
14,18,0,Empiristas,"Z=76 Os (vida longa)",76,0,0
14,18,1,Incrementalistas,"Z=26 Fe (vida longa)",26,1,0
14,18,3,Isolados,"Z=16 S (vida longa)",16,1,0
14,19,3,Isolados,"Z=110 Ds (vida longa)",110,0,0
14,19,3,Isolados,"Z=56 Ba (vida longa)",56,1,0
14,20,1,Incrementalistas,"Z=107 Bh (vida longa)",107,0,0
14,20,1,Incrementalistas,"Z=61 Pm (vida longa)",61,0,1
14,20,0,Empiristas,"Z=71 Lu (vida longa)",71,0,1
14,21,0,Empiristas,"Z=99 Es (vida longa)",99,1,0
14,21,1,Incrementalistas,"Z=106 Sg (vida longa)",106,0,0
14,21,1,Incrementalistas,"Z=70 Yb (vida longa)",70,0,0
14,22,0,Empiristas,"Z=64 Gd (vida longa)",64,1,0
14,22,0,Empiristas,"Z=113 Nh (vida longa)",113,0,0
14,22,1,Incrementalistas,"Z=105 Db (vida longa)",105,1,0
14,22,2,Evolucionistas,"Z=108 Hs (vida longa)",108,0,0
14,22,2,Evolucionistas,"Z=98 Cf (vida longa)",98,0,1
14,23,0,Empiristas,"Z=5 B (vida longa)",5,0,0
14,23,0,Empiristas,"Z=33 As (vida longa)",33,1,0
14,23,2,Evolucionistas,"Z=93 Np (vida longa)",93,0,0
14,23,2,Evolucionistas,"Z=110 Ds (vida longa)",110,0,0
14,23,3,Isolados,"Z=38 Sr (vida longa)",38,1,0
14,23,2,Evolucionistas,"Z=105 Db (vida longa)",105,0,1
14,23,2,Evolucionistas,"Z=64 Gd (vida longa)",64,0,1
14,24,1,Incrementalistas,"Z=104 Rf (vida longa)",104,0,0
14,24,3,Isolados,"Z=39 Y (vida longa)",39,1,0
14,25,0,Empiristas,"Z=30 Zn (vida longa)",30,1,0
14,25,3,Isolados,"Z=100 Fm (vida longa)",100,0,0
14,26,3,Isolados,"Z=80 Hg (vida longa)",80,1,0
14,27,0,Empiristas,"Z=89 Ac (vida longa)",89,0,0
14,27,0,Empiristas,"Z=60 Nd (vida longa)",60,1,0
14,27,3,Isolados,"Z=82 Pb (vida longa)",82,1,0
14,27,3,Isolados,"Z=53 I (vida longa)",53,1,0
14,28,0,Empiristas,"Z=65 Tb (vida longa)",65,1,0
14,28,1,Incrementalistas,"Z=34 Se (vida longa)",34,0,0
14,28,3,Isolados,"Z=112 Cn (vida longa)",112,0,0
14,28,3,Isolados,"Z=98 Cf (vida longa)",98,0,0
14,28,3,Isolados,"Z=46 Pd (vida longa)",46,1,0
14,28,3,Isolados,"Z=97 Bk (vida longa)",97,0,0
14,29,0,Empiristas,"Z=92 U (vida longa)",92,0,0
14,29,0,Empiristas,"Z=46 Pd (vida longa)",46,0,0
14,29,0,Empiristas,"Z=42 Mo (vida longa)",42,0,0
14,29,3,Isolados,"Z=63 Eu (vida longa)",63,1,0
14,29,3,Isolados,"Z=47 Ag (vida longa)",47,1,0
14,29,2,Evolucionistas,"Z=100 Fm (vida longa)",100,0,1
14,29,0,Empiristas,"Z=105 Db (vida longa)",105,0,1
14,31,0,Empiristas,"Z=13 Al (vida longa)",13,1,0
14,31,2,Evolucionistas,"Z=86 Rn (vida longa)",86,0,0
14,31,2,Evolucionistas,"Z=109 Mt (vida longa)",109,0,0
14,31,2,Evolucionistas,"Z=5 B (vida longa)",5,0,0
14,31,3,Isolados,"Z=114 Fl (vida longa)",114,0,0
14,32,0,Empiristas,"Z=32 Ge (vida longa)",32,1,0
14,33,0,Empiristas,"Z=8 O (vida longa)",8,1,0
14,33,3,Isolados,"nucleos efemeros",98.9143,0,0
14,33,3,Isolados,"Z=95 Am (vida longa)",95,0,0
14,34,0,Empiristas,"Z=67 Ho (vida longa)",67,1,0
14,34,0,Empiristas,"Z=38 Sr (vida longa)",38,0,0
14,34,3,Isolados,"Z=41 Nb (vida longa)",41,1,0
14,35,0,Empiristas,"Z=68 Er (vida longa)",68,1,0
14,35,2,Evolucionistas,"Z=70 Yb (vida longa)",70,0,0
14,35,3,Isolados,"Z=109 Mt (vida longa)",109,0,0
14,35,2,Evolucionistas,"Z=107 Bh (vida longa)",107,0,1
14,37,0,Empiristas,"Z=41 Nb (vida longa)",41,0,0
14,38,2,Evolucionistas,"Z=78 Pt (vida longa)",78,0,0
14,38,3,Isolados,"Z=68 Er (vida longa)",68,0,0
14,39,0,Empiristas,"Z=10 Ne (vida longa)",10,1,0
14,39,0,Empiristas,"Z=70 Yb (vida longa)",70,0,1
14,40,0,Empiristas,"Z=102 No (vida longa)",102,1,0
14,40,0,Empiristas,"Z=96 Cm (vida longa)",96,0,0
14,40,3,Isolados,"Z=65 Tb (vida longa)",65,0,0
14,41,0,Empiristas,"Z=40 Zr (vida longa)",40,0,0
14,41,2,Evolucionistas,"Z=22 Ti (vida longa)",22,1,0
14,41,2,Evolucionistas,"Z=20 Ca (vida longa)",20,0,1
14,42,0,Empiristas,"Z=101 Md (vida longa)",101,1,0
14,42,3,Isolados,"Z=108 Hs (vida longa)",108,0,0
14,42,3,Isolados,"Z=85 At (vida longa)",85,1,0
14,43,0,Empiristas,"Z=54 Xe (vida longa)",54,0,0
14,43,3,Isolados,"Z=111 Rg (vida longa)",111,0,0
14,43,0,Empiristas,"Z=93 Np (vida longa)",93,0,1
14,43,1,Incrementalistas,"Z=65 Tb (vida longa)",65,0,1
14,44,3,Isolados,"Z=73 Ta (vida longa)",73,0,0
14,45,0,Empiristas,"Z=16 S (vida longa)",16,0,0
14,45,1,Incrementalistas,"Z=31 Ga (vida longa)",31,1,0
14,46,0,Empiristas,"Z=26 Fe (vida longa)",26,0,1
14,47,0,Empiristas,"Z=66 Dy (vida longa)",66,1,0
14,47,3,Isolados,"Z=107 Bh (vida longa)",107,0,0
14,48,0,Empiristas,"Z=23 V (vida longa)",23,1,0
14,48,0,Empiristas,"Z=84 Po (vida longa)",84,1,0
14,48,2,Evolucionistas,"Z=12 Mg (vida longa)",12,1,0
14,48,3,Isolados,"Z=113 Nh (vida longa)",113,0,0
14,48,2,Evolucionistas,"Z=10 Ne (vida longa)",10,0,1
14,50,0,Empiristas,"Z=108 Hs (vida longa)",108,0,0
14,50,2,Evolucionistas,"Z=13 Al (vida longa)",13,0,0
14,50,3,Isolados,"Z=105 Db (vida longa)",105,0,0
14,51,0,Empiristas,"Z=112 Cn (vida longa)",112,0,0
14,51,1,Incrementalistas,"Z=101 Md (vida longa)",101,0,1
14,51,0,Empiristas,"Z=111 Rg (vida longa)",111,0,1
14,52,0,Empiristas,"Z=113 Nh (vida longa)",113,0,0
14,52,2,Evolucionistas,"Z=61 Pm (vida longa)",61,0,0
14,52,3,Isolados,"Z=58 Ce (vida longa)",58,1,0
14,52,2,Evolucionistas,"Z=33 As (vida longa)",33,0,1
14,54,0,Empiristas,"Z=15 P (vida longa)",15,1,0
14,54,2,Evolucionistas,"Z=92 U (vida longa)",92,0,1
14,55,3,Isolados,"Z=88 Ra (vida longa)",88,0,0
14,56,3,Isolados,"Z=66 Dy (vida longa)",66,0,0
14,57,0,Empiristas,"Z=9 F (vida longa)",9,1,0
14,57,1,Incrementalistas,"Z=43 Tc (vida longa)",43,1,0
14,57,2,Evolucionistas,"Z=26 Fe (vida longa)",26,0,1
14,58,0,Empiristas,"Z=6 C (vida longa)",6,1,0
14,58,1,Incrementalistas,"Z=29 Cu (vida longa)",29,1,0
14,58,2,Evolucionistas,"Z=41 Nb (vida longa)",41,0,0
14,58,3,Isolados,"Z=115 Mc (vida longa)",115,0,0
14,58,1,Incrementalistas,"Z=102 No (vida longa)",102,0,1
14,61,1,Incrementalistas,"Z=64 Gd (vida longa)",64,0,0
14,61,1,Incrementalistas,"Z=6 C (vida longa)",6,0,0
14,61,2,Evolucionistas,"Z=72 Hf (vida longa)",72,0,0
14,62,0,Empiristas,"Z=64 Gd (vida longa)",64,0,0
14,62,0,Empiristas,"Z=79 Au (vida longa)",79,1,0
14,63,1,Incrementalistas,"Z=46 Pd (vida longa)",46,0,0
14,63,1,Incrementalistas,"Z=74 W (vida longa)",74,0,0
14,63,2,Evolucionistas,"Z=30 Zn (vida longa)",30,0,1
14,64,0,Empiristas,"Z=11 Na (vida longa)",11,1,0
14,64,3,Isolados,"Z=86 Rn (vida longa)",86,0,0
14,65,0,Empiristas,"Z=96 Cm (vida longa)",96,0,0
14,65,0,Empiristas,"Z=18 Ar (vida longa)",18,1,0
14,65,2,Evolucionistas,"Z=80 Hg (vida longa)",80,0,0
14,65,2,Evolucionistas,"Z=31 Ga (vida longa)",31,0,1
14,65,1,Incrementalistas,"Z=87 Fr (vida longa)",87,0,1
14,66,0,Empiristas,"Z=35 Br (vida longa)",35,1,0
14,66,3,Isolados,"Z=26 Fe (vida longa)",26,0,0
14,66,3,Isolados,"Z=22 Ti (vida longa)",22,0,0
14,67,0,Empiristas,"Z=43 Tc (vida longa)",43,0,0
14,67,2,Evolucionistas,"Z=38 Sr (vida longa)",38,0,0
14,67,3,Isolados,"Z=92 U (vida longa)",92,0,0
14,67,2,Evolucionistas,"Z=102 No (vida longa)",102,0,1
14,68,1,Incrementalistas,"Z=84 Po (vida longa)",84,0,1
14,69,1,Incrementalistas,"Z=3 Li (vida longa)",3,1,0
14,69,3,Isolados,"Z=99 Es (vida longa)",99,0,0
14,69,3,Isolados,"Z=20 Ca (vida longa)",20,0,0
14,70,1,Incrementalistas,"Z=14 Si (vida longa)",14,0,1
14,70,2,Evolucionistas,"Z=84 Po (vida longa)",84,0,1
14,72,0,Empiristas,"Z=31 Ga (vida longa)",31,0,0
14,72,0,Empiristas,"Z=37 Rb (vida longa)",37,1,0
14,73,0,Empiristas,"Z=100 Fm (vida longa)",100,0,0
14,73,2,Evolucionistas,"Z=50 Sn (vida longa)",50,1,0
14,73,1,Incrementalistas,"Z=33 As (vida longa)",33,0,1
14,74,0,Empiristas,"Z=4 Be (vida longa)",4,0,0
14,74,2,Evolucionistas,"Z=34 Se (vida longa)",34,0,0
14,74,1,Incrementalistas,"Z=68 Er (vida longa)",68,0,1
14,75,0,Empiristas,"Z=12 Mg (vida longa)",12,0,0
14,75,0,Empiristas,"Z=82 Pb (vida longa)",82,0,0
14,75,2,Evolucionistas,"Z=71 Lu (vida longa)",71,0,0
14,75,3,Isolados,"Z=79 Au (vida longa)",79,0,0
14,75,3,Isolados,"Z=87 Fr (vida longa)",87,0,0
14,76,0,Empiristas,"Z=58 Ce (vida longa)",58,0,0
14,76,0,Empiristas,"Z=97 Bk (vida longa)",97,0,0
14,76,0,Empiristas,"Z=78 Pt (vida longa)",78,0,0
14,77,1,Incrementalistas,"Z=66 Dy (vida longa)",66,0,0
14,78,0,Empiristas,"Z=59 Pr (vida longa)",59,1,0
14,78,0,Empiristas,"Z=74 W (vida longa)",74,0,0
14,78,2,Evolucionistas,"Z=32 Ge (vida longa)",32,0,0
14,78,3,Isolados,"Z=90 Th (vida longa)",90,0,0
14,79,0,Empiristas,"Z=17 Cl (vida longa)",17,1,0
14,79,1,Incrementalistas,"Z=69 Tm (vida longa)",69,0,0
14,79,1,Incrementalistas,"Z=85 At (vida longa)",85,0,0
14,79,2,Evolucionistas,"Z=27 Co (vida longa)",27,1,0
14,79,2,Evolucionistas,"Z=43 Tc (vida longa)",43,0,0
14,80,0,Empiristas,"Z=19 K (vida longa)",19,1,0
14,80,0,Empiristas,"Z=72 Hf (vida longa)",72,0,0
14,80,0,Empiristas,"Z=27 Co (vida longa)",27,0,0
14,80,3,Isolados,"Z=45 Rh (vida longa)",45,1,0
14,80,1,Incrementalistas,"Z=80 Hg (vida longa)",80,0,1
14,80,2,Evolucionistas,"Z=65 Tb (vida longa)",65,0,1
14,81,1,Incrementalistas,"Z=100 Fm (vida longa)",100,0,0
14,81,1,Incrementalistas,"Z=30 Zn (vida longa)",30,0,0
14,81,2,Evolucionistas,"Z=103 Lr (vida longa)",103,1,0
14,81,2,Evolucionistas,"Z=18 Ar (vida longa)",18,0,0
14,81,3,Isolados,"Z=43 Tc (vida longa)",43,0,0
14,81,3,Isolados,"Z=14 Si (vida longa)",14,0,0
14,82,0,Empiristas,"Z=94 Pu (vida longa)",94,0,0
14,82,0,Empiristas,"Z=52 Te (vida longa)",52,1,0
14,83,3,Isolados,"Z=10 Ne (vida longa)",10,0,0
14,83,3,Isolados,"Z=30 Zn (vida longa)",30,0,0
14,83,1,Incrementalistas,"Z=40 Zr (vida longa)",40,0,1
14,84,0,Empiristas,"Z=62 Sm (vida longa)",62,1,0
14,84,1,Incrementalistas,"Z=73 Ta (vida longa)",73,0,0
14,84,1,Incrementalistas,"Z=13 Al (vida longa)",13,0,0
14,84,2,Evolucionistas,"Z=69 Tm (vida longa)",69,0,0
14,84,3,Isolados,"Z=49 In (vida longa)",49,1,0
14,85,0,Empiristas,"Z=53 I (vida longa)",53,0,0
14,85,2,Evolucionistas,"Z=67 Ho (vida longa)",67,0,0
14,85,2,Evolucionistas,"Z=94 Pu (vida longa)",94,0,0
14,85,2,Evolucionistas,"Z=25 Mn (vida longa)",25,1,0
14,85,2,Evolucionistas,"Z=3 Li (vida longa)",3,0,0
14,85,3,Isolados,"Z=84 Po (vida longa)",84,0,0
14,86,0,Empiristas,"Z=70 Yb (vida longa)",70,0,0
14,86,1,Incrementalistas,"Z=103 Lr (vida longa)",103,0,0
14,87,0,Empiristas,"Z=69 Tm (vida longa)",69,0,0
14,87,1,Incrementalistas,"Z=63 Eu (vida longa)",63,0,0
14,87,1,Incrementalistas,"Z=83 Bi (vida longa)",83,1,0
14,87,2,Evolucionistas,"Z=42 Mo (vida longa)",42,0,0
14,87,3,Isolados,"Z=50 Sn (vida longa)",50,0,0
14,87,1,Incrementalistas,"Z=22 Ti (vida longa)",22,0,1
14,88,3,Isolados,"Z=5 B (vida longa)",5,0,0
14,88,3,Isolados,"Z=8 O (vida longa)",8,0,0
14,89,0,Empiristas,"Z=76 Os (vida longa)",76,0,0
14,89,2,Evolucionistas,"Z=60 Nd (vida longa)",60,0,0
14,89,2,Evolucionistas,"Z=21 Sc (vida longa)",21,1,0
14,90,2,Evolucionistas,"Z=51 Sb (vida longa)",51,1,0
14,90,3,Isolados,"Z=67 Ho (vida longa)",67,0,0
14,91,1,Incrementalistas,"Z=52 Te (vida longa)",52,0,0
14,91,1,Incrementalistas,"Z=20 Ca (vida longa)",20,0,0
14,91,3,Isolados,"Z=62 Sm (vida longa)",62,0,0
14,91,3,Isolados,"Z=82 Pb (vida longa)",82,0,0
14,92,0,Empiristas,"Z=2 He (vida longa)",2,0,0
14,92,3,Isolados,"Z=32 Ge (vida longa)",32,0,0
14,92,3,Isolados,"Z=33 As (vida longa)",33,0,0
14,93,0,Empiristas,"Z=50 Sn (vida longa)",50,0,0
14,93,0,Empiristas,"Z=81 Tl (vida longa)",81,1,0
14,94,0,Empiristas,"Z=48 Cd (vida longa)",48,1,0
14,94,1,Incrementalistas,"Z=42 Mo (vida longa)",42,0,0
14,94,3,Isolados,"Z=57 La (vida longa)",57,0,0
14,94,3,Isolados,"Z=12 Mg (vida longa)",12,0,0
14,95,0,Empiristas,"Z=39 Y (vida longa)",39,0,0
14,95,0,Empiristas,"Z=22 Ti (vida longa)",22,0,0
14,95,3,Isolados,"Z=81 Tl (vida longa)",81,0,0
14,96,0,Empiristas,"Z=49 In (vida longa)",49,0,0
14,96,2,Evolucionistas,"Z=82 Pb (vida longa)",82,0,1
14,97,0,Empiristas,"Z=25 Mn (vida longa)",25,0,0
14,97,0,Empiristas,"Z=55 Cs (vida longa)",55,1,0
14,98,1,Incrementalistas,"Z=56 Ba (vida longa)",56,0,0
14,98,3,Isolados,"Z=4 Be (vida longa)",4,0,0
14,99,0,Empiristas,"Z=36 Kr (vida longa)",36,1,0
14,99,1,Incrementalistas,"Z=53 I (vida longa)",53,0,1
14,100,0,Empiristas,"Z=80 Hg (vida longa)",80,0,0
14,100,1,Incrementalistas,"Z=35 Br (vida longa)",35,0,0
14,100,2,Evolucionistas,"Z=16 S (vida longa)",16,0,0
14,100,3,Isolados,"Z=55 Cs (vida longa)",55,0,0
14,100,3,Isolados,"Z=36 Kr (vida longa)",36,0,0
14,100,3,Isolados,"Z=102 No (vida longa)",102,0,0
14,100,3,Isolados,"Z=51 Sb (vida longa)",51,0,0
14,101,2,Evolucionistas,"Z=52 Te (vida longa)",52,0,1
14,102,0,Empiristas,"Z=51 Sb (vida longa)",51,0,0
14,102,0,Empiristas,"Z=107 Bh (vida longa)",107,0,0
14,102,2,Evolucionistas,"Z=53 I (vida longa)",53,0,0
14,102,3,Isolados,"Z=60 Nd (vida longa)",60,0,0
14,103,3,Isolados,"Z=19 K (vida longa)",19,0,0
14,104,0,Empiristas,"Z=73 Ta (vida longa)",73,0,0
14,104,3,Isolados,"Z=35 Br (vida longa)",35,0,0
14,105,0,Empiristas,"Z=85 At (vida longa)",85,0,0
14,105,1,Incrementalistas,"Z=81 Tl (vida longa)",81,0,0
14,105,2,Evolucionistas,"Z=101 Md (vida longa)",101,0,0
14,106,2,Evolucionistas,"Z=2 He (vida longa)",2,0,0
14,107,1,Incrementalistas,"Z=72 Hf (vida longa)",72,0,0
14,107,2,Evolucionistas,"Z=95 Am (vida longa)",95,0,0
14,107,3,Isolados,"Z=18 Ar (vida longa)",18,0,0
14,108,0,Empiristas,"Z=29 Cu (vida longa)",29,0,0
14,108,2,Evolucionistas,"Z=58 Ce (vida longa)",58,0,0
14,108,3,Isolados,"Z=3 Li (vida longa)",3,0,0
14,109,0,Empiristas,"Z=95 Am (vida longa)",95,0,0
14,109,3,Isolados,"Z=21 Sc (vida longa)",21,0,0
14,109,3,Isolados,"Z=48 Cd (vida longa)",48,0,0
14,110,0,Empiristas,"Z=87 Fr (vida longa)",87,0,0
14,110,2,Evolucionistas,"Z=79 Au (vida longa)",79,0,0
14,110,2,Evolucionistas,"Z=59 Pr (vida longa)",59,0,0
14,110,2,Evolucionistas,"Z=9 F (vida longa)",9,0,0
14,110,1,Incrementalistas,"Z=10 Ne (vida longa)",10,0,1
14,111,0,Empiristas,"Z=103 Lr (vida longa)",103,0,0
14,111,1,Incrementalistas,"Z=24 Cr (vida longa)",24,1,0
14,111,2,Evolucionistas,"Z=35 Br (vida longa)",35,0,0
14,112,1,Incrementalistas,"Z=75 Re (vida longa)",75,0,0
14,112,3,Isolados,"Z=17 Cl (vida longa)",17,0,0
14,113,0,Empiristas,"Z=45 Rh (vida longa)",45,0,0
14,114,3,Isolados,"Z=15 P (vida longa)",15,0,0
14,114,3,Isolados,"Z=52 Te (vida longa)",52,0,0
14,115,1,Incrementalistas,"Z=97 Bk (vida longa)",97,0,0
14,115,1,Incrementalistas,"Z=11 Na (vida longa)",11,0,0
14,115,3,Isolados,"Z=29 Cu (vida longa)",29,0,0
14,115,3,Isolados,"Z=6 C (vida longa)",6,0,0
14,116,0,Empiristas,"Z=56 Ba (vida longa)",56,0,0
14,116,3,Isolados,"Z=64 Gd (vida longa)",64,0,0
14,118,2,Evolucionistas,"Z=85 At (vida longa)",85,0,0
14,118,3,Isolados,"Z=28 Ni (vida longa)",28,0,0
14,118,2,Evolucionistas,"Z=45 Rh (vida longa)",45,0,1
14,119,0,Empiristas,"Z=3 Li (vida longa)",3,0,0
14,119,0,Empiristas,"Z=21 Sc (vida longa)",21,0,0
14,119,1,Incrementalistas,"Z=78 Pt (vida longa)",78,0,0
14,119,1,Incrementalistas,"Z=38 Sr (vida longa)",38,0,0
14,119,2,Evolucionistas,"Z=24 Cr (vida longa)",24,0,0
14,119,2,Evolucionistas,"Z=77 Ir (vida longa)",77,0,1
14,120,0,Empiristas,"Z=57 La (vida longa)",57,0,0
14,120,0,Empiristas,"Z=75 Re (vida longa)",75,0,0
14,120,1,Incrementalistas,"Z=12 Mg (vida longa)",12,0,0
14,120,2,Evolucionistas,"Z=68 Er (vida longa)",68,0,0
14,120,3,Isolados,"Z=83 Bi (vida longa)",83,0,0
14,120,3,Isolados,"Z=25 Mn (vida longa)",25,0,0
14,120,2,Evolucionistas,"Z=56 Ba (vida longa)",56,0,1
14,121,0,Empiristas,"Z=88 Ra (vida longa)",88,0,0
14,121,0,Empiristas,"Z=91 Pa (vida longa)",91,0,1
14,122,1,Incrementalistas,"Z=82 Pb (vida longa)",82,0,0
14,122,2,Evolucionistas,"Z=6 C (vida longa)",6,0,0
14,122,2,Evolucionistas,"Z=75 Re (vida longa)",75,0,0
14,123,0,Empiristas,"Z=104 Rf (vida longa)",104,0,0
14,123,1,Incrementalistas,"Z=32 Ge (vida longa)",32,0,0
14,123,1,Incrementalistas,"Z=51 Sb (vida longa)",51,0,0
14,123,3,Isolados,"Z=96 Cm (vida longa)",96,0,0
14,124,3,Isolados,"Z=104 Rf (vida longa)",104,0,0
14,124,1,Incrementalistas,"Z=67 Ho (vida longa)",67,0,1
14,125,1,Incrementalistas,"Z=57 La (vida longa)",57,0,0
14,125,1,Incrementalistas,"Z=50 Sn (vida longa)",50,0,0
14,126,2,Evolucionistas,"Z=8 O (vida longa)",8,0,0
14,127,1,Incrementalistas,"Z=2 He (vida longa)",2,0,0
14,127,2,Evolucionistas,"Z=106 Sg (vida longa)",106,0,0
14,127,3,Isolados,"Z=24 Cr (vida longa)",24,0,0
14,128,2,Evolucionistas,"Z=36 Kr (vida longa)",36,0,0
14,128,3,Isolados,"Z=59 Pr (vida longa)",59,0,0
14,129,0,Empiristas,"Z=63 Eu (vida longa)",63,0,0
14,129,2,Evolucionistas,"Z=11 Na (vida longa)",11,0,0
14,129,2,Evolucionistas,"Z=62 Sm (vida longa)",62,0,0
14,130,1,Incrementalistas,"Z=99 Es (vida longa)",99,0,0
14,131,2,Evolucionistas,"Z=47 Ag (vida longa)",47,0,0
14,131,3,Isolados,"Z=9 F (vida longa)",9,0,0
14,131,3,Isolados,"Z=91 Pa (vida longa)",91,0,0
14,132,0,Empiristas,"Z=24 Cr (vida longa)",24,0,0
14,132,2,Evolucionistas,"Z=37 Rb (vida longa)",37,0,0
14,133,1,Incrementalistas,"Z=114 Fl (vida longa)",114,0,0
14,133,1,Incrementalistas,"Z=27 Co (vida longa)",27,0,0
14,133,2,Evolucionistas,"Z=73 Ta (vida longa)",73,0,0
14,133,3,Isolados,"Z=31 Ga (vida longa)",31,0,0
14,133,1,Incrementalistas,"Z=21 Sc (vida longa)",21,0,1
14,134,1,Incrementalistas,"Z=62 Sm (vida longa)",62,0,0
14,134,1,Incrementalistas,"Z=4 Be (vida longa)",4,0,0
14,134,2,Evolucionistas,"Z=40 Zr (vida longa)",40,0,0
14,134,2,Evolucionistas,"Z=49 In (vida longa)",49,0,0
14,136,2,Evolucionistas,"Z=46 Pd (vida longa)",46,0,0
14,136,2,Evolucionistas,"Z=99 Es (vida longa)",99,0,0
14,137,3,Isolados,"Z=13 Al (vida longa)",13,0,0
14,139,2,Evolucionistas,"Z=23 V (vida longa)",23,0,0
14,140,3,Isolados,"Z=106 Sg (vida longa)",106,0,0
14,140,2,Evolucionistas,"Z=55 Cs (vida longa)",55,0,1
14,141,1,Incrementalistas,"Z=32 Ge (vida longa)",32,0,0
14,141,2,Evolucionistas,"Z=17 Cl (vida longa)",17,0,0
14,141,2,Evolucionistas,"Z=44 Ru (vida longa)",44,0,0
14,142,1,Incrementalistas,"Z=83 Bi (vida longa)",83,0,0
14,143,2,Evolucionistas,"Z=96 Cm (vida longa)",96,0,0
14,143,1,Incrementalistas,"Z=23 V (vida longa)",23,0,1
14,144,3,Isolados,"Z=103 Lr (vida longa)",103,0,0
14,145,2,Evolucionistas,"Z=104 Rf (vida longa)",104,0,0
14,146,1,Incrementalistas,"Z=85 At (vida longa)",85,0,0
14,147,0,Empiristas,"Z=83 Bi (vida longa)",83,0,0
14,147,3,Isolados,"Z=97 Bk (vida longa)",97,0,0
14,147,3,Isolados,"Z=44 Ru (vida longa)",44,0,0
14,148,1,Incrementalistas,"Z=102 No (vida longa)",102,0,0
14,149,0,Empiristas,"Z=47 Ag (vida longa)",47,0,0
14,150,1,Incrementalistas,"Z=78 Pt (vida longa)",78,0,0
14,150,1,Incrementalistas,"Z=8 O (vida longa)",8,0,0
14,151,1,Incrementalistas,"Z=58 Ce (vida longa)",58,0,0
14,152,2,Evolucionistas,"Z=54 Xe (vida longa)",54,0,0
14,152,3,Isolados,"Z=27 Co (vida longa)",27,0,0
14,153,3,Isolados,"Z=101 Md (vida longa)",101,0,0
14,153,1,Incrementalistas,"Z=54 Xe (vida longa)",54,0,1
14,154,3,Isolados,"Z=11 Na (vida longa)",11,0,0
14,154,3,Isolados,"Z=34 Se (vida longa)",34,0,0
14,155,1,Incrementalistas,"Z=66 Dy (vida longa)",66,0,0
14,155,1,Incrementalistas,"Z=69 Tm (vida longa)",69,0,0
14,155,1,Incrementalistas,"Z=67 Ho (vida longa)",67,0,0
14,156,1,Incrementalistas,"Z=60 Nd (vida longa)",60,0,0
14,156,2,Evolucionistas,"Z=83 Bi (vida longa)",83,0,0
14,156,2,Evolucionistas,"Z=29 Cu (vida longa)",29,0,0
14,157,1,Incrementalistas,"Z=59 Pr (vida longa)",59,0,0
14,157,1,Incrementalistas,"Z=16 S (vida longa)",16,0,0
14,157,1,Incrementalistas,"Z=41 Nb (vida longa)",41,0,0
14,158,2,Evolucionistas,"Z=48 Cd (vida longa)",48,0,0
14,158,2,Evolucionistas,"Z=15 P (vida longa)",15,0,0
14,159,1,Incrementalistas,"Z=79 Au (vida longa)",79,0,0
14,159,3,Isolados,"Z=93 Np (vida longa)",93,0,0
14,159,3,Isolados,"Z=2 He (vida longa)",2,0,0
14,160,1,Incrementalistas,"Z=12 Mg (vida longa)",12,0,0
14,160,1,Incrementalistas,"Z=36 Kr (vida longa)",36,0,0
14,161,1,Incrementalistas,"Z=15 P (vida longa)",15,0,0
14,161,1,Incrementalistas,"Z=34 Se (vida longa)",34,0,0
14,161,3,Isolados,"Z=23 V (vida longa)",23,0,0
14,162,1,Incrementalistas,"Z=84 Po (vida longa)",84,0,0
14,163,1,Incrementalistas,"Z=40 Zr (vida longa)",40,0,0
14,164,1,Incrementalistas,"Z=37 Rb (vida longa)",37,0,0
14,164,1,Incrementalistas,"Z=25 Mn (vida longa)",25,0,0
14,167,1,Incrementalistas,"Z=43 Tc (vida longa)",43,0,0
14,167,1,Incrementalistas,"Z=106 Sg (vida longa)",106,0,0
14,167,3,Isolados,"Z=1 H (vida longa)",1,1,0
14,168,1,Incrementalistas,"Z=50 Sn (vida longa)",50,0,0
14,168,2,Evolucionistas,"Z=7 N (vida longa)",7,1,0
14,168,2,Evolucionistas,"Z=97 Bk (vida longa)",97,0,0
14,168,3,Isolados,"Z=94 Pu (vida longa)",94,0,0
14,169,1,Incrementalistas,"Z=49 In (vida longa)",49,0,0
14,169,2,Evolucionistas,"Z=39 Y (vida longa)",39,0,0
14,170,1,Incrementalistas,"Z=17 Cl (vida longa)",17,0,0
14,170,2,Evolucionistas,"Z=74 W (vida longa)",74,0,0
14,171,1,Incrementalistas,"Z=1 H (vida longa)",1,0,0
14,171,2,Evolucionistas,"Z=66 Dy (vida longa)",66,0,0
14,172,3,Isolados,"Z=7 N (vida longa)",7,0,0
14,173,1,Incrementalistas,"Z=46 Pd (vida longa)",46,0,0
14,173,2,Evolucionistas,"Z=63 Eu (vida longa)",63,0,0
14,174,2,Evolucionistas,"Z=81 Tl (vida longa)",81,0,0
14,174,1,Incrementalistas,"Z=64 Gd (vida longa)",64,0,1
14,175,0,Empiristas,"Z=7 N (vida longa)",7,0,0
14,175,1,Incrementalistas,"Z=56 Ba (vida longa)",56,0,0
14,176,1,Incrementalistas,"Z=55 Cs (vida longa)",55,0,0
14,178,3,Isolados,"Z=89 Ac (vida longa)",89,0,0
14,179,3,Isolados,"Z=47 Ag (vida longa)",47,0,0
14,182,2,Evolucionistas,"Z=19 K (vida longa)",19,0,1
14,183,1,Incrementalistas,"Z=47 Ag (vida longa)",47,0,0
14,184,1,Incrementalistas,"Z=18 Ar (vida longa)",18,0,0
14,184,2,Evolucionistas,"Z=57 La (vida longa)",57,0,0
14,184,3,Isolados,"Z=61 Pm (vida longa)",61,0,0
14,185,3,Isolados,"Z=37 Rb (vida longa)",37,0,0
14,186,1,Incrementalistas,"Z=97 Bk (vida longa)",97,0,0
14,188,2,Evolucionistas,"Z=76 Os (vida longa)",76,0,0
14,194,2,Evolucionistas,"Z=1 H (vida longa)",1,0,0
14,198,1,Incrementalistas,"Z=45 Rh (vida longa)",45,0,0
14,198,1,Incrementalistas,"Z=7 N (vida longa)",7,0,0
14,198,1,Incrementalistas,"Z=48 Cd (vida longa)",48,0,0
14,200,1,Incrementalistas,"Z=86 Rn (vida longa)",86,0,0
14,200,1,Incrementalistas,"Z=113 Nh (vida longa)",113,0,0
14,200,1,Incrementalistas,"Z=115 Mc (vida longa)",115,0,0
14,200,1,Incrementalistas,"Z=112 Cn (vida longa)",112,0,0
14,200,1,Incrementalistas,"Z=110 Ds (vida longa)",110,0,0
14,200,1,Incrementalistas,"Z=107 Bh (vida longa)",107,0,0
14,200,1,Incrementalistas,"Z=109 Mt (vida longa)",109,0,0
14,200,1,Incrementalistas,"Z=65 Tb (vida longa)",65,0,0
14,200,1,Incrementalistas,"Z=81 Tl (vida longa)",81,0,0
14,201,1,Incrementalistas,"Z=13 Al (vida longa)",13,0,0
14,201,1,Incrementalistas,"Z=30 Zn (vida longa)",30,0,0
14,201,1,Incrementalistas,"Z=18 Ar (vida longa)",18,0,0
14,202,1,Incrementalistas,"Z=71 Lu (vida longa)",71,0,0
14,202,1,Incrementalistas,"Z=90 Th (vida longa)",90,0,0
14,202,1,Incrementalistas,"Z=29 Cu (vida longa)",29,0,0
14,203,1,Incrementalistas,"Z=57 La (vida longa)",57,0,0
14,203,1,Incrementalistas,"Z=76 Os (vida longa)",76,0,0
14,204,1,Incrementalistas,"Z=54 Xe (vida longa)",54,0,0
14,204,1,Incrementalistas,"Z=38 Sr (vida longa)",38,0,0
14,205,1,Incrementalistas,"Z=4 Be (vida longa)",4,0,0
14,206,1,Incrementalistas,"Z=99 Es (vida longa)",99,0,0
14,206,1,Incrementalistas,"Z=39 Y (vida longa)",39,0,0
14,206,1,Incrementalistas,"Z=103 Lr (vida longa)",103,0,0
14,209,1,Incrementalistas,"Z=68 Er (vida longa)",68,0,0
14,210,1,Incrementalistas,"Z=82 Pb (vida longa)",82,0,0
14,210,1,Incrementalistas,"Z=106 Sg (vida longa)",106,0,0
14,211,1,Incrementalistas,"Z=20 Ca (vida longa)",20,0,0
14,211,1,Incrementalistas,"Z=72 Hf (vida longa)",72,0,0
14,211,1,Incrementalistas,"Z=53 I (vida longa)",53,0,0
14,212,1,Incrementalistas,"Z=69 Tm (vida longa)",69,0,0
14,214,1,Incrementalistas,"Z=96 Cm (vida longa)",96,0,0
14,215,1,Incrementalistas,"Z=22 Ti (vida longa)",22,0,0
14,217,1,Incrementalistas,"Z=2 He (vida longa)",2,0,0
14,218,1,Incrementalistas,"Z=48 Cd (vida longa)",48,0,0
14,221,1,Incrementalistas,"Z=77 Ir (vida longa)",77,0,0
14,222,1,Incrementalistas,"Z=26 Fe (vida longa)",26,0,0
14,225,1,Incrementalistas,"Z=91 Pa (vida longa)",91,0,0
14,226,0,Empiristas,"nucleos efemeros",48.7921,0,0
14,226,0,Empiristas,"Z=114 Fl (vida longa)",114,0,0
14,226,0,Empiristas,"Z=113 Nh (vida longa)",113,0,0
14,226,0,Empiristas,"Z=110 Ds (vida longa)",110,0,0
14,226,0,Empiristas,"Z=112 Cn (vida longa)",112,0,0
14,226,0,Empiristas,"Z=111 Rg (vida longa)",111,0,0
14,226,0,Empiristas,"Z=62 Sm (vida longa)",62,0,0
14,226,0,Empiristas,"Z=72 Hf (vida longa)",72,0,0
14,226,0,Empiristas,"Z=8 O (vida longa)",8,0,0
14,226,0,Empiristas,"Z=27 Co (vida longa)",27,0,0
14,226,0,Empiristas,"Z=96 Cm (vida longa)",96,0,0
14,226,0,Empiristas,"Z=38 Sr (vida longa)",38,0,0
14,226,1,Incrementalistas,"Z=75 Re (vida longa)",75,0,0
14,227,0,Empiristas,"Z=20 Ca (vida longa)",20,0,0
14,227,0,Empiristas,"Z=52 Te (vida longa)",52,0,0
14,227,0,Empiristas,"Z=100 Fm (vida longa)",100,0,0
14,227,0,Empiristas,"Z=28 Ni (vida longa)",28,0,0
14,227,0,Empiristas,"Z=4 Be (vida longa)",4,0,0
14,227,0,Empiristas,"Z=76 Os (vida longa)",76,0,0
14,228,0,Empiristas,"Z=92 U (vida longa)",92,0,0
14,228,0,Empiristas,"Z=94 Pu (vida longa)",94,0,0
14,228,0,Empiristas,"Z=18 Ar (vida longa)",18,0,0
14,228,0,Empiristas,"Z=95 Am (vida longa)",95,0,0
14,228,0,Empiristas,"Z=12 Mg (vida longa)",12,0,0
14,229,0,Empiristas,"Z=97 Bk (vida longa)",97,0,0
14,229,0,Empiristas,"Z=60 Nd (vida longa)",60,0,0
14,229,0,Empiristas,"Z=101 Md (vida longa)",101,0,0
14,229,0,Empiristas,"Z=47 Ag (vida longa)",47,0,0
14,229,1,Incrementalistas,"Z=19 K (vida longa)",19,0,0
14,229,1,Incrementalistas,"Z=46 Pd (vida longa)",46,0,0
14,230,0,Empiristas,"Z=77 Ir (vida longa)",77,0,0
14,230,0,Empiristas,"Z=10 Ne (vida longa)",10,0,0
14,230,1,Incrementalistas,"Z=43 Tc (vida longa)",43,0,0
14,231,0,Empiristas,"Z=13 Al (vida longa)",13,0,0
14,231,0,Empiristas,"Z=84 Po (vida longa)",84,0,0
14,231,1,Incrementalistas,"Z=87 Fr (vida longa)",87,0,0
14,231,1,Incrementalistas,"Z=85 At (vida longa)",85,0,0
14,231,1,Incrementalistas,"Z=9 F (vida longa)",9,0,0
14,231,3,Isolados,"Z=29 Cu (vida longa)",29,0,0
14,231,3,Isolados,"Z=19 K (vida longa)",19,0,0
14,231,3,Isolados,"Z=36 Kr (vida longa)",36,0,0
14,231,3,Isolados,"Z=72 Hf (vida longa)",72,0,0
14,231,3,Isolados,"Z=80 Hg (vida longa)",80,0,0
14,232,0,Empiristas,"Z=37 Rb (vida longa)",37,0,0
14,232,3,Isolados,"Z=41 Nb (vida longa)",41,0,0
14,232,3,Isolados,"Z=34 Se (vida longa)",34,0,0
14,233,1,Incrementalistas,"Z=35 Br (vida longa)",35,0,0
14,233,1,Incrementalistas,"Z=84 Po (vida longa)",84,0,0
14,233,3,Isolados,"Z=60 Nd (vida longa)",60,0,0
14,233,3,Isolados,"Z=70 Yb (vida longa)",70,0,0
14,233,3,Isolados,"Z=87 Fr (vida longa)",87,0,0
14,233,3,Isolados,"Z=58 Ce (vida longa)",58,0,0
14,233,3,Isolados,"Z=26 Fe (vida longa)",26,0,0
14,233,3,Isolados,"Z=53 I (vida longa)",53,0,0
14,233,3,Isolados,"Z=14 Si (vida longa)",14,0,0
14,234,0,Empiristas,"Z=1 H (vida longa)",1,0,0
14,234,0,Empiristas,"Z=78 Pt (vida longa)",78,0,0
14,234,0,Empiristas,"Z=104 Rf (vida longa)",104,0,0
14,234,3,Isolados,"Z=27 Co (vida longa)",27,0,0
14,235,0,Empiristas,"Z=19 K (vida longa)",19,0,0
14,236,3,Isolados,"Z=3 Li (vida longa)",3,0,0
14,236,3,Isolados,"Z=51 Sb (vida longa)",51,0,0
14,236,3,Isolados,"Z=107 Bh (vida longa)",107,0,0
14,237,3,Isolados,"Z=8 O (vida longa)",8,0,0
14,238,3,Isolados,"Z=30 Zn (vida longa)",30,0,0
14,238,3,Isolados,"Z=82 Pb (vida longa)",82,0,0
14,239,1,Incrementalistas,"Z=27 Co (vida longa)",27,0,0
14,239,3,Isolados,"Z=97 Bk (vida longa)",97,0,0
14,239,3,Isolados,"Z=77 Ir (vida longa)",77,0,0
14,239,3,Isolados,"Z=15 P (vida longa)",15,0,0
14,239,3,Isolados,"Z=11 Na (vida longa)",11,0,0
14,239,3,Isolados,"Z=32 Ge (vida longa)",32,0,0
14,240,0,Empiristas,"Z=81 Tl (vida longa)",81,0,0
14,241,0,Empiristas,"Z=9 F (vida longa)",9,0,0
14,242,3,Isolados,"Z=83 Bi (vida longa)",83,0,0
14,242,3,Isolados,"Z=69 Tm (vida longa)",69,0,0
14,243,3,Isolados,"Z=63 Eu (vida longa)",63,0,0
14,244,1,Incrementalistas,"Z=79 Au (vida longa)",79,0,0
14,244,3,Isolados,"Z=23 V (vida longa)",23,0,0
14,246,3,Isolados,"Z=45 Rh (vida longa)",45,0,0
14,247,1,Incrementalistas,"Z=1 H (vida longa)",1,0,0
14,247,1,Incrementalistas,"Z=21 Sc (vida longa)",21,0,0
14,247,3,Isolados,"Z=5 B (vida longa)",5,0,0
14,250,0,Empiristas,"Z=67 Ho (vida longa)",67,0,0
14,250,0,Empiristas,"Z=65 Tb (vida longa)",65,0,0
14,250,3,Isolados,"Z=105 Db (vida longa)",105,0,0
14,255,3,Isolados,"Z=31 Ga (vida longa)",31,0,0
14,255,3,Isolados,"Z=57 La (vida longa)",57,0,0
14,256,3,Isolados,"Z=101 Md (vida longa)",101,0,0
14,260,3,Isolados,"Z=61 Pm (vida longa)",61,0,0
14,288,3,Isolados,"Z=1 H (vida longa)",1,0,0
15,0,0,Empiristas,"nucleos efemeros",6.22234,1,0
15,0,0,Empiristas,"Z=54 Xe (vida longa)",54,1,0
15,0,1,Incrementalistas,"Z=33 As (vida longa)",33,1,0
15,0,1,Incrementalistas,"nucleos efemeros",49.795,0,0
15,0,2,Evolucionistas,"nucleos efemeros",0.13615,0,0
15,0,2,Evolucionistas,"Z=96 Cm (vida longa)",96,1,0
15,0,2,Evolucionistas,"Z=95 Am (vida longa)",95,1,0
15,0,3,Isolados,"nucleos efemeros",100.868,0,0
15,1,3,Isolados,"Z=51 Sb (vida longa)",51,1,0
15,2,0,Empiristas,"Z=78 Pt (vida longa)",78,1,0
15,2,0,Empiristas,"Z=51 Sb (vida longa)",51,0,0
15,2,0,Empiristas,"Z=30 Zn (vida longa)",30,1,0
15,2,0,Empiristas,"Z=98 Cf (vida longa)",98,1,0
15,2,2,Evolucionistas,"Z=94 Pu (vida longa)",94,1,0
15,2,3,Isolados,"Z=52 Te (vida longa)",52,1,0
15,3,0,Empiristas,"Z=53 I (vida longa)",53,1,0
15,3,0,Empiristas,"Z=32 Ge (vida longa)",32,1,0
15,3,1,Incrementalistas,"Z=54 Xe (vida longa)",54,0,0
15,3,1,Incrementalistas,"Z=56 Ba (vida longa)",56,1,0
15,3,3,Isolados,"Z=50 Sn (vida longa)",50,1,0
15,4,0,Empiristas,"Z=100 Fm (vida longa)",100,1,0
15,4,1,Incrementalistas,"Z=58 Ce (vida longa)",58,1,0
15,4,3,Isolados,"Z=49 In (vida longa)",49,1,0
15,5,0,Empiristas,"Z=69 Tm (vida longa)",69,1,0
15,5,0,Empiristas,"Z=97 Bk (vida longa)",97,1,0
15,5,2,Evolucionistas,"Z=100 Fm (vida longa)",100,0,1
15,5,2,Evolucionistas,"Z=53 I (vida longa)",53,0,1
15,6,0,Empiristas,"Z=99 Es (vida longa)",99,1,0
15,6,1,Incrementalistas,"Z=52 Te (vida longa)",52,0,0
15,6,2,Evolucionistas,"Z=99 Es (vida longa)",99,0,0
15,6,0,Empiristas,"Z=58 Ce (vida longa)",58,0,1
15,6,0,Empiristas,"Z=33 As (vida longa)",33,0,1
15,6,1,Incrementalistas,"Z=100 Fm (vida longa)",100,0,1
15,7,3,Isolados,"Z=10 Ne (vida longa)",10,1,0
15,7,0,Empiristas,"Z=94 Pu (vida longa)",94,0,1
15,7,2,Evolucionistas,"Z=30 Zn (vida longa)",30,0,1
15,8,1,Incrementalistas,"Z=55 Cs (vida longa)",55,1,0
15,8,1,Incrementalistas,"Z=26 Fe (vida longa)",26,1,0
15,9,2,Evolucionistas,"Z=98 Cf (vida longa)",98,0,0
15,10,0,Empiristas,"Z=66 Dy (vida longa)",66,1,0
15,10,1,Incrementalistas,"Z=32 Ge (vida longa)",32,0,0
15,10,2,Evolucionistas,"Z=66 Dy (vida longa)",66,0,1
15,11,0,Empiristas,"Z=52 Te (vida longa)",52,0,0
15,12,0,Empiristas,"Z=95 Am (vida longa)",95,0,0
15,12,1,Incrementalistas,"Z=99 Es (vida longa)",99,0,0
15,12,3,Isolados,"Z=34 Se (vida longa)",34,1,0
15,12,0,Empiristas,"Z=26 Fe (vida longa)",26,0,1
15,13,0,Empiristas,"Z=101 Md (vida longa)",101,1,0
15,13,1,Incrementalistas,"Z=98 Cf (vida longa)",98,0,0
15,13,1,Incrementalistas,"Z=51 Sb (vida longa)",51,0,0
15,13,2,Evolucionistas,"Z=56 Ba (vida longa)",56,0,1
15,13,1,Incrementalistas,"Z=94 Pu (vida longa)",94,0,1
15,14,0,Empiristas,"Z=29 Cu (vida longa)",29,1,0
15,15,1,Incrementalistas,"Z=53 I (vida longa)",53,0,0
15,16,1,Incrementalistas,"Z=97 Bk (vida longa)",97,0,0
15,17,2,Evolucionistas,"Z=97 Bk (vida longa)",97,0,0
15,17,0,Empiristas,"Z=56 Ba (vida longa)",56,0,1
15,17,1,Incrementalistas,"Z=101 Md (vida longa)",101,0,1
15,18,2,Evolucionistas,"Z=101 Md (vida longa)",101,0,1
15,19,0,Empiristas,"Z=31 Ga (vida longa)",31,1,0
15,19,0,Empiristas,"Z=83 Bi (vida longa)",83,1,0
15,20,0,Empiristas,"Z=82 Pb (vida longa)",82,1,0
15,20,0,Empiristas,"Z=91 Pa (vida longa)",91,1,0
15,20,2,Evolucionistas,"Z=92 U (vida longa)",92,1,0
15,21,0,Empiristas,"Z=4 Be (vida longa)",4,1,0
15,21,0,Empiristas,"Z=47 Ag (vida longa)",47,1,0
15,21,3,Isolados,"Z=13 Al (vida longa)",13,1,0
15,22,0,Empiristas,"Z=34 Se (vida longa)",34,0,0
15,22,3,Isolados,"Z=38 Sr (vida longa)",38,1,0
15,23,0,Empiristas,"Z=10 Ne (vida longa)",10,0,0
15,23,1,Incrementalistas,"Z=102 No (vida longa)",102,1,0
15,23,2,Evolucionistas,"Z=91 Pa (vida longa)",91,0,0
15,23,3,Isolados,"Z=14 Si (vida longa)",14,1,0
15,24,0,Empiristas,"Z=96 Cm (vida longa)",96,0,0
15,24,0,Empiristas,"Z=39 Y (vida longa)",39,1,0
15,24,2,Evolucionistas,"Z=54 Xe (vida longa)",54,0,1
15,25,0,Empiristas,"Z=15 P (vida longa)",15,1,0
15,25,0,Empiristas,"Z=70 Yb (vida longa)",70,1,0
15,25,1,Incrementalistas,"Z=29 Cu (vida longa)",29,0,0
15,25,3,Isolados,"Z=44 Ru (vida longa)",44,1,0
15,26,1,Incrementalistas,"Z=96 Cm (vida longa)",96,0,0
15,27,0,Empiristas,"Z=73 Ta (vida longa)",73,1,0
15,28,3,Isolados,"Z=22 Ti (vida longa)",22,1,0
15,28,2,Evolucionistas,"Z=31 Ga (vida longa)",31,0,1
15,29,3,Isolados,"Z=113 Nh (vida longa)",113,1,0
15,30,0,Empiristas,"Z=42 Mo (vida longa)",42,1,0
15,30,3,Isolados,"Z=2 He (vida longa)",2,1,0
15,30,3,Isolados,"Z=115 Mc (vida longa)",115,1,0
15,30,0,Empiristas,"Z=102 No (vida longa)",102,0,1
15,30,1,Incrementalistas,"Z=31 Ga (vida longa)",31,0,1
15,30,2,Evolucionistas,"Z=102 No (vida longa)",102,0,1
15,31,0,Empiristas,"Z=11 Na (vida longa)",11,1,0
15,31,3,Isolados,"Z=5 B (vida longa)",5,1,0
15,31,3,Isolados,"Z=40 Zr (vida longa)",40,1,0
15,31,3,Isolados,"Z=111 Rg (vida longa)",111,1,0
15,32,0,Empiristas,"Z=36 Kr (vida longa)",36,1,0
15,32,2,Evolucionistas,"Z=34 Se (vida longa)",34,0,0
15,32,3,Isolados,"Z=53 I (vida longa)",53,0,0
15,32,3,Isolados,"Z=54 Xe (vida longa)",54,0,0
15,32,3,Isolados,"Z=110 Ds (vida longa)",110,1,0
15,33,0,Empiristas,"Z=9 F (vida longa)",9,1,0
15,33,1,Incrementalistas,"Z=64 Gd (vida longa)",64,1,0
15,33,3,Isolados,"Z=8 O (vida longa)",8,1,0
15,33,3,Isolados,"Z=4 Be (vida longa)",4,0,0
15,33,3,Isolados,"Z=112 Cn (vida longa)",112,1,0
15,34,1,Incrementalistas,"Z=104 Rf (vida longa)",104,1,0
15,34,3,Isolados,"Z=109 Mt (vida longa)",109,1,0
15,35,0,Empiristas,"Z=20 Ca (vida longa)",20,1,0
15,35,3,Isolados,"Z=37 Rb (vida longa)",37,1,0
15,35,3,Isolados,"Z=107 Bh (vida longa)",107,1,0
15,35,3,Isolados,"Z=3 Li (vida longa)",3,1,0
15,36,0,Empiristas,"Z=35 Br (vida longa)",35,1,0
15,36,1,Incrementalistas,"Z=95 Am (vida longa)",95,0,0
15,36,2,Evolucionistas,"Z=37 Rb (vida longa)",37,0,0
15,36,3,Isolados,"Z=114 Fl (vida longa)",114,1,0
15,37,1,Incrementalistas,"Z=103 Lr (vida longa)",103,1,0
15,37,2,Evolucionistas,"Z=67 Ho (vida longa)",67,1,0
15,37,2,Evolucionistas,"Z=104 Rf (vida longa)",104,0,1
15,37,2,Evolucionistas,"Z=103 Lr (vida longa)",103,0,1
15,38,1,Incrementalistas,"Z=48 Cd (vida longa)",48,1,0
15,38,3,Isolados,"Z=56 Ba (vida longa)",56,0,0
15,38,0,Empiristas,"Z=104 Rf (vida longa)",104,0,1
15,39,0,Empiristas,"Z=23 V (vida longa)",23,1,0
15,39,0,Empiristas,"Z=6 C (vida longa)",6,1,0
15,39,0,Empiristas,"Z=103 Lr (vida longa)",103,0,0
15,39,2,Evolucionistas,"Z=80 Hg (vida longa)",80,1,0
15,40,0,Empiristas,"Z=24 Cr (vida longa)",24,1,0
15,41,0,Empiristas,"Z=60 Nd (vida longa)",60,1,0
15,41,0,Empiristas,"Z=3 Li (vida longa)",3,0,0
15,41,2,Evolucionistas,"Z=10 Ne (vida longa)",10,0,0
15,41,3,Isolados,"Z=108 Hs (vida longa)",108,1,0
15,42,0,Empiristas,"Z=67 Ho (vida longa)",67,0,0
15,42,0,Empiristas,"Z=49 In (vida longa)",49,0,0
15,42,3,Isolados,"Z=33 As (vida longa)",33,0,0
15,43,1,Incrementalistas,"Z=62 Sm (vida longa)",62,1,0
15,43,3,Isolados,"Z=104 Rf (vida longa)",104,0,0
15,43,2,Evolucionistas,"Z=82 Pb (vida longa)",82,0,1
15,45,0,Empiristas,"Z=21 Sc (vida longa)",21,1,0
15,45,0,Empiristas,"Z=12 Mg (vida longa)",12,1,0
15,45,0,Empiristas,"Z=65 Tb (vida longa)",65,1,0
15,45,1,Incrementalistas,"Z=106 Sg (vida longa)",106,1,0
15,46,0,Empiristas,"Z=93 Np (vida longa)",93,1,0
15,46,3,Isolados,"Z=12 Mg (vida longa)",12,0,0
15,46,3,Isolados,"Z=98 Cf (vida longa)",98,0,0
15,47,1,Incrementalistas,"Z=105 Db (vida longa)",105,1,0
15,47,2,Evolucionistas,"Z=78 Pt (vida longa)",78,0,0
15,47,3,Isolados,"Z=26 Fe (vida longa)",26,0,0
15,48,0,Empiristas,"Z=18 Ar (vida longa)",18,1,0
15,49,1,Incrementalistas,"Z=27 Co (vida longa)",27,1,0
15,49,1,Incrementalistas,"Z=108 Hs (vida longa)",108,0,0
15,49,2,Evolucionistas,"Z=77 Ir (vida longa)",77,1,0
15,49,2,Evolucionistas,"Z=106 Sg (vida longa)",106,0,0
15,50,1,Incrementalistas,"Z=107 Bh (vida longa)",107,0,0
15,51,0,Empiristas,"Z=40 Zr (vida longa)",40,0,0
15,51,1,Incrementalistas,"Z=109 Mt (vida longa)",109,0,0
15,52,1,Incrementalistas,"Z=93 Np (vida longa)",93,0,0
15,52,1,Incrementalistas,"Z=110 Ds (vida longa)",110,0,0
15,52,2,Evolucionistas,"Z=105 Db (vida longa)",105,0,0
15,53,0,Empiristas,"Z=46 Pd (vida longa)",46,1,0
15,53,1,Incrementalistas,"Z=111 Rg (vida longa)",111,0,0
15,53,2,Evolucionistas,"Z=107 Bh (vida longa)",107,0,0
15,53,3,Isolados,"Z=72 Hf (vida longa)",72,1,0
15,54,1,Incrementalistas,"Z=112 Cn (vida longa)",112,0,0
15,54,2,Evolucionistas,"Z=108 Hs (vida longa)",108,0,0
15,55,0,Empiristas,"Z=28 Ni (vida longa)",28,1,0
15,55,1,Incrementalistas,"Z=30 Zn (vida longa)",30,0,0
15,55,1,Incrementalistas,"Z=114 Fl (vida longa)",114,0,0
15,56,0,Empiristas,"Z=2 He (vida longa)",2,0,0
15,56,0,Empiristas,"Z=14 Si (vida longa)",14,0,0
15,56,0,Empiristas,"Z=114 Fl (vida longa)",114,0,1
15,56,2,Evolucionistas,"Z=114 Fl (vida longa)",114,0,1
15,58,0,Empiristas,"Z=106 Sg (vida longa)",106,0,0
15,58,1,Incrementalistas,"Z=113 Nh (vida longa)",113,0,0
15,58,2,Evolucionistas,"Z=58 Ce (vida longa)",58,0,0
15,58,2,Evolucionistas,"Z=111 Rg (vida longa)",111,0,0
15,58,1,Incrementalistas,"Z=82 Pb (vida longa)",82,0,1
15,59,0,Empiristas,"Z=112 Cn (vida longa)",112,0,0
15,59,0,Empiristas,"Z=22 Ti (vida longa)",22,0,0
15,59,1,Incrementalistas,"Z=6 C (vida longa)",6,0,0
15,59,3,Isolados,"Z=57 La (vida longa)",57,1,0
15,59,3,Isolados,"Z=62 Sm (vida longa)",62,0,0
15,60,0,Empiristas,"Z=80 Hg (vida longa)",80,0,0
15,60,0,Empiristas,"Z=77 Ir (vida longa)",77,0,0
15,60,2,Evolucionistas,"Z=110 Ds (vida longa)",110,0,0
15,60,3,Isolados,"Z=45 Rh (vida longa)",45,1,0
15,61,0,Empiristas,"Z=8 O (vida longa)",8,0,0
15,61,2,Evolucionistas,"Z=109 Mt (vida longa)",109,0,0
15,61,3,Isolados,"Z=106 Sg (vida longa)",106,0,0
15,61,2,Evolucionistas,"Z=49 In (vida longa)",49,0,1
15,62,0,Empiristas,"Z=111 Rg (vida longa)",111,0,0
15,62,1,Incrementalistas,"Z=46 Pd (vida longa)",46,0,0
15,62,2,Evolucionistas,"Z=16 S (vida longa)",16,1,0
15,63,0,Empiristas,"Z=19 K (vida longa)",19,1,0
15,63,1,Incrementalistas,"Z=115 Mc (vida longa)",115,0,0
15,63,2,Evolucionistas,"Z=112 Cn (vida longa)",112,0,0
15,63,2,Evolucionistas,"Z=113 Nh (vida longa)",113,0,0
15,64,0,Empiristas,"Z=105 Db (vida longa)",105,0,0
15,64,0,Empiristas,"Z=107 Bh (vida longa)",107,0,0
15,64,0,Empiristas,"Z=38 Sr (vida longa)",38,0,0
15,64,2,Evolucionistas,"Z=32 Ge (vida longa)",32,0,0
15,64,0,Empiristas,"Z=109 Mt (vida longa)",109,0,1
15,65,0,Empiristas,"Z=110 Ds (vida longa)",110,0,0
15,65,0,Empiristas,"Z=59 Pr (vida longa)",59,1,0
15,65,0,Empiristas,"Z=68 Er (vida longa)",68,1,0
15,65,1,Incrementalistas,"Z=90 Th (vida longa)",90,1,0
15,65,3,Isolados,"Z=42 Mo (vida longa)",42,0,0
15,66,0,Empiristas,"Z=113 Nh (vida longa)",113,0,0
15,66,1,Incrementalistas,"Z=8 O (vida longa)",8,0,0
15,66,3,Isolados,"Z=70 Yb (vida longa)",70,0,0
15,66,3,Isolados,"Z=16 S (vida longa)",16,0,0
15,67,0,Empiristas,"Z=108 Hs (vida longa)",108,0,0
15,67,1,Incrementalistas,"Z=79 Au (vida longa)",79,1,0
15,67,3,Isolados,"Z=71 Lu (vida longa)",71,1,0
15,69,0,Empiristas,"Z=63 Eu (vida longa)",63,1,0
15,69,3,Isolados,"Z=58 Ce (vida longa)",58,0,0
15,69,2,Evolucionistas,"Z=12 Mg (vida longa)",12,0,1
15,69,2,Evolucionistas,"Z=115 Mc (vida longa)",115,0,1
15,69,2,Evolucionistas,"Z=79 Au (vida longa)",79,0,1
15,70,3,Isolados,"Z=36 Kr (vida longa)",36,0,0
15,70,3,Isolados,"Z=84 Po (vida longa)",84,1,0
15,70,1,Incrementalistas,"Z=69 Tm (vida longa)",69,0,1
15,70,0,Empiristas,"Z=115 Mc (vida longa)",115,0,1
15,71,0,Empiristas,"Z=76 Os (vida longa)",76,1,0
15,72,1,Incrementalistas,"Z=60 Nd (vida longa)",60,0,0
15,73,1,Incrementalistas,"Z=68 Er (vida longa)",68,0,0
15,74,3,Isolados,"Z=21 Sc (vida longa)",21,0,0
15,75,0,Empiristas,"Z=86 Rn (vida longa)",86,1,0
15,75,0,Empiristas,"Z=61 Pm (vida longa)",61,1,0
15,75,3,Isolados,"Z=61 Pm (vida longa)",61,0,0
15,76,0,Empiristas,"Z=74 W (vida longa)",74,1,0
15,76,0,Empiristas,"Z=64 Gd (vida longa)",64,0,0
15,76,3,Isolados,"Z=18 Ar (vida longa)",18,0,0
15,77,1,Incrementalistas,"Z=15 P (vida longa)",15,0,0
15,77,2,Evolucionistas,"Z=60 Nd (vida longa)",60,0,0
15,77,3,Isolados,"Z=32 Ge (vida longa)",32,0,0
15,78,3,Isolados,"Z=74 W (vida longa)",74,0,0
15,79,0,Empiristas,"Z=92 U (vida longa)",92,0,0
15,79,1,Incrementalistas,"Z=92 U (vida longa)",92,0,0
15,79,3,Isolados,"Z=102 No (vida longa)",102,0,0
15,80,3,Isolados,"Z=77 Ir (vida longa)",77,0,0
15,80,0,Empiristas,"Z=37 Rb (vida longa)",37,0,1
15,81,2,Evolucionistas,"Z=15 P (vida longa)",15,0,0
15,82,0,Empiristas,"Z=13 Al (vida longa)",13,0,0
15,82,2,Evolucionistas,"Z=33 As (vida longa)",33,0,0
15,82,3,Isolados,"Z=43 Tc (vida longa)",43,1,0
15,82,3,Isolados,"Z=47 Ag (vida longa)",47,0,0
15,82,3,Isolados,"Z=15 P (vida longa)",15,0,0
15,82,1,Incrementalistas,"Z=34 Se (vida longa)",34,0,1
15,84,1,Incrementalistas,"Z=4 Be (vida longa)",4,0,0
15,84,3,Isolados,"Z=31 Ga (vida longa)",31,0,0
15,84,3,Isolados,"Z=75 Re (vida longa)",75,1,0
15,84,2,Evolucionistas,"Z=21 Sc (vida longa)",21,0,1
15,85,0,Empiristas,"Z=16 S (vida longa)",16,0,0
15,85,3,Isolados,"Z=64 Gd (vida longa)",64,0,0
15,86,0,Empiristas,"Z=62 Sm (vida longa)",62,0,0
15,86,0,Empiristas,"Z=43 Tc (vida longa)",43,0,0
15,86,3,Isolados,"Z=60 Nd (vida longa)",60,0,0
15,87,0,Empiristas,"Z=79 Au (vida longa)",79,0,0
15,87,0,Empiristas,"Z=50 Sn (vida longa)",50,0,0
15,87,1,Incrementalistas,"Z=113 Nh (vida longa)",113,0,0
15,87,1,Incrementalistas,"Z=111 Rg (vida longa)",111,0,0
15,87,2,Evolucionistas,"Z=48 Cd (vida longa)",48,0,0
15,87,2,Evolucionistas,"Z=51 Sb (vida longa)",51,0,0
15,88,1,Incrementalistas,"Z=112 Cn (vida longa)",112,0,0
15,88,1,Incrementalistas,"Z=107 Bh (vida longa)",107,0,0
15,88,1,Incrementalistas,"Z=108 Hs (vida longa)",108,0,0
15,88,2,Evolucionistas,"Z=62 Sm (vida longa)",62,0,0
15,89,3,Isolados,"Z=24 Cr (vida longa)",24,0,0
15,89,2,Evolucionistas,"Z=47 Ag (vida longa)",47,0,1
15,90,1,Incrementalistas,"Z=98 Cf (vida longa)",98,0,0
15,90,2,Evolucionistas,"Z=69 Tm (vida longa)",69,0,0
15,90,3,Isolados,"Z=88 Ra (vida longa)",88,1,0
15,91,0,Empiristas,"Z=75 Re (vida longa)",75,0,0
15,92,3,Isolados,"Z=68 Er (vida longa)",68,0,0
15,93,3,Isolados,"Z=69 Tm (vida longa)",69,0,0
15,93,3,Isolados,"Z=48 Cd (vida longa)",48,0,0
15,94,2,Evolucionistas,"Z=24 Cr (vida longa)",24,0,0
15,95,2,Evolucionistas,"Z=45 Rh (vida longa)",45,0,0
15,96,0,Empiristas,"Z=48 Cd (vida longa)",48,0,0
15,96,3,Isolados,"Z=78 Pt (vida longa)",78,0,0
15,96,1,Incrementalistas,"Z=61 Pm (vida longa)",61,0,1
15,97,0,Empiristas,"Z=87 Fr (vida longa)",87,1,0
15,97,0,Empiristas,"Z=55 Cs (vida longa)",55,0,0
15,97,2,Evolucionistas,"Z=55 Cs (vida longa)",55,0,0
15,97,3,Isolados,"Z=6 C (vida longa)",6,0,0
15,97,3,Isolados,"Z=90 Th (vida longa)",90,0,0
15,98,1,Incrementalistas,"Z=2 He (vida longa)",2,0,0
15,98,1,Incrementalistas,"Z=99 Es (vida longa)",99,0,0
15,98,1,Incrementalistas,"Z=24 Cr (vida longa)",24,0,1
15,99,1,Incrementalistas,"Z=76 Os (vida longa)",76,0,0
15,99,3,Isolados,"Z=9 F (vida longa)",9,0,0
15,100,2,Evolucionistas,"Z=2 He (vida longa)",2,0,0
15,100,2,Evolucionistas,"Z=44 Ru (vida longa)",44,0,0
15,101,0,Empiristas,"Z=72 Hf (vida longa)",72,0,0
15,101,1,Incrementalistas,"Z=25 Mn (vida longa)",25,1,0
15,101,1,Incrementalistas,"Z=78 Pt (vida longa)",78,0,1
15,102,2,Evolucionistas,"Z=35 Br (vida longa)",35,0,0
15,102,2,Evolucionistas,"Z=6 C (vida longa)",6,0,0
15,103,0,Empiristas,"Z=44 Ru (vida longa)",44,0,0
15,104,0,Empiristas,"Z=88 Ra (vida longa)",88,0,0
15,105,1,Incrementalistas,"Z=46 Pd (vida longa)",46,0,0
15,105,2,Evolucionistas,"Z=26 Fe (vida longa)",26,0,0
15,105,2,Evolucionistas,"Z=20 Ca (vida longa)",20,0,0
15,105,2,Evolucionistas,"Z=28 Ni (vida longa)",28,0,0
15,105,2,Evolucionistas,"Z=13 Al (vida longa)",13,0,1
15,106,0,Empiristas,"Z=25 Mn (vida longa)",25,0,0
15,106,1,Incrementalistas,"Z=42 Mo (vida longa)",42,0,0
15,106,1,Incrementalistas,"Z=41 Nb (vida longa)",41,1,0
15,106,2,Evolucionistas,"Z=64 Gd (vida longa)",64,0,0
15,107,0,Empiristas,"Z=45 Rh (vida longa)",45,0,0
15,107,3,Isolados,"Z=105 Db (vida longa)",105,0,0
15,107,2,Evolucionistas,"Z=4 Be (vida longa)",4,0,1
15,107,1,Incrementalistas,"Z=80 Hg (vida longa)",80,0,1
15,108,2,Evolucionistas,"Z=36 Kr (vida longa)",36,0,0
15,108,2,Evolucionistas,"Z=40 Zr (vida longa)",40,0,0
15,108,2,Evolucionistas,"Z=27 Co (vida longa)",27,0,0
15,108,3,Isolados,"Z=82 Pb (vida longa)",82,0,0
15,108,3,Isolados,"Z=41 Nb (vida longa)",41,0,0
15,108,3,Isolados,"Z=23 V (vida longa)",23,0,0
15,109,3,Isolados,"Z=81 Tl (vida longa)",81,1,0
15,110,0,Empiristas,"Z=1 H (vida longa)",1,1,0
15,110,1,Incrementalistas,"Z=95 Am (vida longa)",95,0,0
15,111,1,Incrementalistas,"Z=33 As (vida longa)",33,0,0
15,111,2,Evolucionistas,"Z=50 Sn (vida longa)",50,0,0
15,111,2,Evolucionistas,"Z=23 V (vida longa)",23,0,0
15,111,3,Isolados,"Z=86 Rn (vida longa)",86,0,0
15,112,0,Empiristas,"Z=41 Nb (vida longa)",41,0,0
15,112,1,Incrementalistas,"Z=12 Mg (vida longa)",12,0,1
15,113,0,Empiristas,"Z=71 Lu (vida longa)",71,0,0
15,113,2,Evolucionistas,"Z=5 B (vida longa)",5,0,0
15,113,2,Evolucionistas,"Z=39 Y (vida longa)",39,0,0
15,113,2,Evolucionistas,"Z=46 Pd (vida longa)",46,0,1
15,114,0,Empiristas,"Z=90 Th (vida longa)",90,0,0
15,114,1,Incrementalistas,"Z=94 Pu (vida longa)",94,0,0
15,114,3,Isolados,"Z=63 Eu (vida longa)",63,0,0
15,115,1,Incrementalistas,"Z=27 Co (vida longa)",27,0,0
15,115,2,Evolucionistas,"Z=72 Hf (vida longa)",72,0,0
15,115,3,Isolados,"Z=76 Os (vida longa)",76,0,0
15,115,3,Isolados,"Z=28 Ni (vida longa)",28,0,0
15,115,1,Incrementalistas,"Z=67 Ho (vida longa)",67,0,1
15,116,3,Isolados,"Z=25 Mn (vida longa)",25,0,0
15,117,1,Incrementalistas,"Z=30 Zn (vida longa)",30,0,0
15,117,1,Incrementalistas,"Z=38 Sr (vida longa)",38,0,0
15,117,1,Incrementalistas,"Z=71 Lu (vida longa)",71,0,0
15,118,0,Empiristas,"Z=89 Ac (vida longa)",89,1,0
15,118,1,Incrementalistas,"Z=22 Ti (vida longa)",22,0,0
15,118,3,Isolados,"Z=35 Br (vida longa)",35,0,0
15,118,2,Evolucionistas,"Z=22 Ti (vida longa)",22,0,1
15,119,0,Empiristas,"Z=81 Tl (vida longa)",81,0,0
15,119,1,Incrementalistas,"Z=23 V (vida longa)",23,0,0
15,119,1,Incrementalistas,"Z=18 Ar (vida longa)",18,0,0
15,119,2,Evolucionistas,"Z=42 Mo (vida longa)",42,0,0
15,119,3,Isolados,"Z=83 Bi (vida longa)",83,0,0
15,120,3,Isolados,"Z=20 Ca (vida longa)",20,0,0
15,121,0,Empiristas,"Z=5 B (vida longa)",5,0,0
15,121,3,Isolados,"Z=1 H (vida longa)",1,0,0
15,122,3,Isolados,"Z=91 Pa (vida longa)",91,0,0
15,123,1,Incrementalistas,"Z=70 Yb (vida longa)",70,0,0
15,123,2,Evolucionistas,"Z=8 O (vida longa)",8,0,0
15,123,2,Evolucionistas,"Z=63 Eu (vida longa)",63,0,0
15,126,1,Incrementalistas,"Z=20 Ca (vida longa)",20,0,0
15,126,2,Evolucionistas,"Z=74 W (vida longa)",74,0,0
15,127,0,Empiristas,"Z=7 N (vida longa)",7,1,0
15,127,1,Incrementalistas,"Z=13 Al (vida longa)",13,0,0
15,128,1,Incrementalistas,"Z=66 Dy (vida longa)",66,0,0
15,128,3,Isolados,"Z=87 Fr (vida longa)",87,0,0
15,129,2,Evolucionistas,"Z=90 Th (vida longa)",90,0,0
15,129,2,Evolucionistas,"Z=76 Os (vida longa)",76,0,0
15,129,2,Evolucionistas,"Z=75 Re (vida longa)",75,0,0
15,131,1,Incrementalistas,"Z=55 Cs (vida longa)",55,0,0
15,131,1,Incrementalistas,"Z=59 Pr (vida longa)",59,0,0
15,131,3,Isolados,"Z=94 Pu (vida longa)",94,0,0
15,131,3,Isolados,"Z=65 Tb (vida longa)",65,0,0
15,132,0,Empiristas,"Z=84 Po (vida longa)",84,0,0
15,132,1,Incrementalistas,"Z=53 I (vida longa)",53,0,0
15,132,1,Incrementalistas,"Z=57 La (vida longa)",57,0,0
15,132,3,Isolados,"Z=7 N (vida longa)",7,0,0
15,132,3,Isolados,"Z=46 Pd (vida longa)",46,0,0
15,132,1,Incrementalistas,"Z=1 H (vida longa)",1,0,1
15,133,0,Empiristas,"Z=27 Co (vida longa)",27,0,0
15,133,3,Isolados,"Z=55 Cs (vida longa)",55,0,0
15,134,1,Incrementalistas,"Z=73 Ta (vida longa)",73,0,0
15,134,1,Incrementalistas,"Z=82 Pb (vida longa)",82,0,0
15,134,3,Isolados,"Z=97 Bk (vida longa)",97,0,0
15,134,3,Isolados,"Z=73 Ta (vida longa)",73,0,0
15,135,1,Incrementalistas,"Z=91 Pa (vida longa)",91,0,0
15,135,1,Incrementalistas,"Z=28 Ni (vida longa)",28,0,0
15,135,1,Incrementalistas,"Z=9 F (vida longa)",9,0,0
15,135,1,Incrementalistas,"Z=36 Kr (vida longa)",36,0,0
15,135,2,Evolucionistas,"Z=65 Tb (vida longa)",65,0,0
15,137,1,Incrementalistas,"Z=35 Br (vida longa)",35,0,0
15,137,3,Isolados,"Z=29 Cu (vida longa)",29,0,0
15,138,1,Incrementalistas,"Z=7 N (vida longa)",7,0,0
15,138,3,Isolados,"Z=92 U (vida longa)",92,0,0
15,139,1,Incrementalistas,"Z=81 Tl (vida longa)",81,0,0
15,139,1,Incrementalistas,"Z=21 Sc (vida longa)",21,0,0
15,139,1,Incrementalistas,"Z=37 Rb (vida longa)",37,0,0
15,139,1,Incrementalistas,"Z=45 Rh (vida longa)",45,0,1
15,140,2,Evolucionistas,"Z=84 Po (vida longa)",84,0,0
15,141,1,Incrementalistas,"Z=77 Ir (vida longa)",77,0,0
15,142,3,Isolados,"Z=80 Hg (vida longa)",80,0,0
15,143,1,Incrementalistas,"Z=51 Sb (vida longa)",51,0,0
15,143,1,Incrementalistas,"Z=84 Po (vida longa)",84,0,0
15,144,0,Empiristas,"Z=85 At (vida longa)",85,1,0
15,144,2,Evolucionistas,"Z=52 Te (vida longa)",52,0,0
15,144,3,Isolados,"Z=96 Cm (vida longa)",96,0,0
15,145,2,Evolucionistas,"Z=9 F (vida longa)",9,0,0
15,145,2,Evolucionistas,"Z=87 Fr (vida longa)",87,0,0
15,145,3,Isolados,"Z=67 Ho (vida longa)",67,0,0
15,147,2,Evolucionistas,"Z=73 Ta (vida longa)",73,0,0
15,147,2,Evolucionistas,"Z=68 Er (vida longa)",68,0,0
15,147,2,Evolucionistas,"Z=88 Ra (vida longa)",88,0,0
15,147,3,Isolados,"Z=95 Am (vida longa)",95,0,0
15,147,3,Isolados,"Z=30 Zn (vida longa)",30,0,0
15,148,1,Incrementalistas,"Z=50 Sn (vida longa)",50,0,0
15,148,1,Incrementalistas,"Z=75 Re (vida longa)",75,0,0
15,148,1,Incrementalistas,"Z=16 S (vida longa)",16,0,0
15,149,1,Incrementalistas,"Z=3 Li (vida longa)",3,0,0
15,149,2,Evolucionistas,"Z=14 Si (vida longa)",14,0,0
15,150,1,Incrementalistas,"Z=5 B (vida longa)",5,0,0
15,150,2,Evolucionistas,"Z=70 Yb (vida longa)",70,0,0
15,150,2,Evolucionistas,"Z=93 Np (vida longa)",93,0,0
15,152,1,Incrementalistas,"Z=49 In (vida longa)",49,0,0
15,152,1,Incrementalistas,"Z=39 Y (vida longa)",39,0,0
15,152,2,Evolucionistas,"Z=89 Ac (vida longa)",89,0,0
15,152,2,Evolucionistas,"Z=3 Li (vida longa)",3,0,0
15,153,1,Incrementalistas,"Z=74 W (vida longa)",74,0,0
15,153,2,Evolucionistas,"Z=81 Tl (vida longa)",81,0,0
15,153,3,Isolados,"Z=66 Dy (vida longa)",66,0,0
15,153,3,Isolados,"Z=93 Np (vida longa)",93,0,0
15,154,2,Evolucionistas,"Z=11 Na (vida longa)",11,0,0
15,154,3,Isolados,"Z=19 K (vida longa)",19,0,0
15,154,2,Evolucionistas,"Z=7 N (vida longa)",7,0,1
15,155,1,Incrementalistas,"Z=43 Tc (vida longa)",43,0,0
15,155,2,Evolucionistas,"Z=86 Rn (vida longa)",86,0,0
15,155,3,Isolados,"Z=79 Au (vida longa)",79,0,0
15,155,3,Isolados,"Z=27 Co (vida longa)",27,0,0
15,157,1,Incrementalistas,"Z=47 Ag (vida longa)",47,0,0
15,157,2,Evolucionistas,"Z=38 Sr (vida longa)",38,0,0
15,158,1,Incrementalistas,"Z=44 Ru (vida longa)",44,0,0
15,158,1,Incrementalistas,"Z=14 Si (vida longa)",14,0,0
15,159,1,Incrementalistas,"Z=17 Cl (vida longa)",17,1,0
15,160,1,Incrementalistas,"Z=72 Hf (vida longa)",72,0,0
15,161,1,Incrementalistas,"Z=65 Tb (vida longa)",65,0,0
15,161,2,Evolucionistas,"Z=71 Lu (vida longa)",71,0,0
15,161,2,Evolucionistas,"Z=85 At (vida longa)",85,0,0
15,162,2,Evolucionistas,"Z=83 Bi (vida longa)",83,0,0
15,162,2,Evolucionistas,"Z=59 Pr (vida longa)",59,0,0
15,162,1,Incrementalistas,"Z=40 Zr (vida longa)",40,0,1
15,163,0,Empiristas,"Z=17 Cl (vida longa)",17,0,0
15,164,1,Incrementalistas,"Z=63 Eu (vida longa)",63,0,0
15,164,3,Isolados,"Z=59 Pr (vida longa)",59,0,0
15,165,1,Incrementalistas,"Z=56 Ba (vida longa)",56,0,0
15,165,3,Isolados,"Z=85 At (vida longa)",85,0,0
15,165,2,Evolucionistas,"Z=29 Cu (vida longa)",29,0,1
15,167,1,Incrementalistas,"Z=10 Ne (vida longa)",10,0,0
15,167,3,Isolados,"Z=11 Na (vida longa)",11,0,0
15,170,1,Incrementalistas,"Z=48 Cd (vida longa)",48,0,0
15,171,1,Incrementalistas,"Z=83 Bi (vida longa)",83,0,0
15,173,2,Evolucionistas,"Z=41 Nb (vida longa)",41,0,0
15,175,1,Incrementalistas,"Z=11 Na (vida longa)",11,0,0
15,176,3,Isolados,"Z=99 Es (vida longa)",99,0,0
15,177,1,Incrementalistas,"Z=85 At (vida longa)",85,0,0
15,177,2,Evolucionistas,"Z=25 Mn (vida longa)",25,0,0
15,178,0,Empiristas,"Z=57 La (vida longa)",57,0,0
15,179,3,Isolados,"Z=103 Lr (vida longa)",103,0,0
15,180,2,Evolucionistas,"Z=19 K (vida longa)",19,0,0
15,180,2,Evolucionistas,"Z=57 La (vida longa)",57,0,0
15,181,2,Evolucionistas,"Z=18 Ar (vida longa)",18,0,0
15,182,2,Evolucionistas,"Z=61 Pm (vida longa)",61,0,0
15,184,3,Isolados,"Z=89 Ac (vida longa)",89,0,0
15,184,3,Isolados,"Z=100 Fm (vida longa)",100,0,0
15,185,1,Incrementalistas,"Z=86 Rn (vida longa)",86,0,0
15,187,3,Isolados,"Z=101 Md (vida longa)",101,0,0
15,187,3,Isolados,"Z=17 Cl (vida longa)",17,0,0
15,190,2,Evolucionistas,"Z=43 Tc (vida longa)",43,0,0
15,195,3,Isolados,"Z=113 Nh (vida longa)",113,0,0
15,195,3,Isolados,"Z=115 Mc (vida longa)",115,0,0
15,196,3,Isolados,"Z=14 Si (vida longa)",14,0,0
15,196,3,Isolados,"Z=109 Mt (vida longa)",109,0,0
15,196,3,Isolados,"Z=49 In (vida longa)",49,0,0
15,197,3,Isolados,"Z=90 Th (vida longa)",90,0,0
15,198,3,Isolados,"Z=24 Cr (vida longa)",24,0,0
15,198,3,Isolados,"Z=18 Ar (vida longa)",18,0,0
15,200,3,Isolados,"Z=68 Er (vida longa)",68,0,0
15,200,3,Isolados,"Z=84 Po (vida longa)",84,0,0
15,200,3,Isolados,"Z=104 Rf (vida longa)",104,0,0
15,202,3,Isolados,"Z=95 Am (vida longa)",95,0,0
15,203,3,Isolados,"Z=3 Li (vida longa)",3,0,0
15,203,3,Isolados,"Z=78 Pt (vida longa)",78,0,0
15,203,3,Isolados,"Z=16 S (vida longa)",16,0,0
15,204,3,Isolados,"Z=19 K (vida longa)",19,0,0
15,204,3,Isolados,"Z=71 Lu (vida longa)",71,0,0
15,204,3,Isolados,"Z=79 Au (vida longa)",79,0,0
15,205,3,Isolados,"Z=28 Ni (vida longa)",28,0,0
15,205,3,Isolados,"Z=63 Eu (vida longa)",63,0,0
15,206,3,Isolados,"Z=73 Ta (vida longa)",73,0,0
15,209,3,Isolados,"Z=99 Es (vida longa)",99,0,0
15,212,3,Isolados,"Z=92 U (vida longa)",92,0,0
15,213,3,Isolados,"Z=107 Bh (vida longa)",107,0,0
15,213,3,Isolados,"Z=40 Zr (vida longa)",40,0,0
15,216,3,Isolados,"Z=93 Np (vida longa)",93,0,0
15,219,3,Isolados,"Z=89 Ac (vida longa)",89,0,0
15,220,3,Isolados,"Z=47 Ag (vida longa)",47,0,0
15,221,3,Isolados,"Z=29 Cu (vida longa)",29,0,0
15,222,3,Isolados,"Z=48 Cd (vida longa)",48,0,0
15,225,3,Isolados,"Z=25 Mn (vida longa)",25,0,0
15,226,1,Incrementalistas,"Z=87 Fr (vida longa)",87,0,0
15,229,2,Evolucionistas,"Z=17 Cl (vida longa)",17,0,0
15,234,1,Incrementalistas,"Z=19 K (vida longa)",19,0,0
15,234,3,Isolados,"Z=39 Y (vida longa)",39,0,0
15,236,1,Incrementalistas,"Z=89 Ac (vida longa)",89,0,0
15,239,1,Incrementalistas,"Z=88 Ra (vida longa)",88,0,0
15,239,3,Isolados,"Z=1 H (vida longa)",1,0,0
15,262,2,Evolucionistas,"Z=1 H (vida longa)",1,0,1
15,296,0,Empiristas,"nucleos efemeros",82.9643,0,0
15,296,0,Empiristas,"Z=28 Ni (vida longa)",28,0,0
15,296,0,Empiristas,"Z=110 Ds (vida longa)",110,0,0
15,296,0,Empiristas,"Z=42 Mo (vida longa)",42,0,0
15,296,0,Empiristas,"Z=64 Gd (vida longa)",64,0,0
15,296,0,Empiristas,"Z=109 Mt (vida longa)",109,0,0
15,296,0,Empiristas,"Z=80 Hg (vida longa)",80,0,0
15,296,0,Empiristas,"Z=2 He (vida longa)",2,0,0
15,296,0,Empiristas,"Z=3 Li (vida longa)",3,0,0
15,296,0,Empiristas,"Z=52 Te (vida longa)",52,0,0
15,297,0,Empiristas,"Z=24 Cr (vida longa)",24,0,0
15,297,0,Empiristas,"Z=73 Ta (vida longa)",73,0,0
15,297,0,Empiristas,"Z=105 Db (vida longa)",105,0,0
15,297,0,Empiristas,"Z=97 Bk (vida longa)",97,0,0
15,297,0,Empiristas,"Z=82 Pb (vida longa)",82,0,0
15,297,0,Empiristas,"Z=5 B (vida longa)",5,0,0
15,297,0,Empiristas,"Z=23 V (vida longa)",23,0,0
15,297,0,Empiristas,"Z=92 U (vida longa)",92,0,0
15,297,0,Empiristas,"Z=36 Kr (vida longa)",36,0,0
15,297,0,Empiristas,"Z=45 Rh (vida longa)",45,0,0
15,297,0,Empiristas,"Z=44 Ru (vida longa)",44,0,0
15,297,0,Empiristas,"Z=75 Re (vida longa)",75,0,0
15,298,0,Empiristas,"Z=74 W (vida longa)",74,0,0
15,298,0,Empiristas,"Z=87 Fr (vida longa)",87,0,0
15,299,0,Empiristas,"Z=20 Ca (vida longa)",20,0,0
15,299,0,Empiristas,"Z=14 Si (vida longa)",14,0,0
15,299,0,Empiristas,"Z=101 Md (vida longa)",101,0,0
15,299,0,Empiristas,"Z=58 Ce (vida longa)",58,0,0
15,299,0,Empiristas,"Z=59 Pr (vida longa)",59,0,0
15,300,0,Empiristas,"Z=103 Lr (vida longa)",103,0,0
15,300,0,Empiristas,"Z=53 I (vida longa)",53,0,0
15,300,0,Empiristas,"Z=26 Fe (vida longa)",26,0,0
16,0,0,Empiristas,"Z=6 C (vida longa)",6,1,0
16,0,0,Empiristas,"Z=13 Al (vida longa)",13,1,0
16,0,0,Empiristas,"Z=15 P (vida longa)",15,1,0
16,0,0,Empiristas,"nucleos efemeros",3.41003,1,0
16,0,1,Incrementalistas,"nucleos efemeros",60.4918,0,0
16,0,2,Evolucionistas,"nucleos efemeros",84.9191,0,0
16,0,3,Isolados,"nucleos efemeros",33.2133,0,0
16,0,3,Isolados,"Z=47 Ag (vida longa)",47,1,0
16,1,1,Incrementalistas,"Z=70 Yb (vida longa)",70,1,0
16,1,2,Evolucionistas,"Z=58 Ce (vida longa)",58,1,0
16,1,3,Isolados,"Z=49 In (vida longa)",49,1,0
16,1,3,Isolados,"Z=84 Po (vida longa)",84,1,0
16,2,0,Empiristas,"Z=14 Si (vida longa)",14,1,0
16,2,0,Empiristas,"Z=4 Be (vida longa)",4,1,0
16,2,0,Empiristas,"Z=8 O (vida longa)",8,1,0
16,2,1,Incrementalistas,"Z=72 Hf (vida longa)",72,1,0
16,2,2,Evolucionistas,"Z=103 Lr (vida longa)",103,1,0
16,2,3,Isolados,"Z=85 At (vida longa)",85,1,0
16,2,3,Isolados,"Z=82 Pb (vida longa)",82,1,0
16,2,2,Evolucionistas,"Z=15 P (vida longa)",15,0,1
16,2,2,Evolucionistas,"Z=4 Be (vida longa)",4,0,1
16,2,0,Empiristas,"Z=103 Lr (vida longa)",103,0,1
16,2,2,Evolucionistas,"Z=72 Hf (vida longa)",72,0,1
16,2,2,Evolucionistas,"Z=70 Yb (vida longa)",70,0,1
16,2,1,Incrementalistas,"Z=103 Lr (vida longa)",103,0,1
16,2,1,Incrementalistas,"Z=15 P (vida longa)",15,0,1
16,3,0,Empiristas,"Z=81 Tl (vida longa)",81,1,0
16,3,0,Empiristas,"Z=22 Ti (vida longa)",22,1,0
16,3,1,Incrementalistas,"Z=71 Lu (vida longa)",71,1,0
16,3,2,Evolucionistas,"Z=74 W (vida longa)",74,1,0
16,3,2,Evolucionistas,"Z=90 Th (vida longa)",90,1,0
16,4,2,Evolucionistas,"Z=6 C (vida longa)",6,0,1
16,4,0,Empiristas,"Z=74 W (vida longa)",74,0,1
16,4,1,Incrementalistas,"Z=58 Ce (vida longa)",58,0,1
16,5,0,Empiristas,"Z=11 Na (vida longa)",11,1,0
16,5,1,Incrementalistas,"Z=74 W (vida longa)",74,0,0
16,5,3,Isolados,"Z=80 Hg (vida longa)",80,1,0
16,6,0,Empiristas,"Z=2 He (vida longa)",2,1,0
16,6,0,Empiristas,"Z=43 Tc (vida longa)",43,1,0
16,6,1,Incrementalistas,"Z=73 Ta (vida longa)",73,1,0
16,6,1,Incrementalistas,"Z=102 No (vida longa)",102,1,0
16,6,3,Isolados,"Z=86 Rn (vida longa)",86,1,0
16,7,0,Empiristas,"Z=10 Ne (vida longa)",10,1,0
16,7,3,Isolados,"Z=60 Nd (vida longa)",60,1,0
16,8,1,Incrementalistas,"Z=76 Os (vida longa)",76,1,0
16,8,0,Empiristas,"Z=73 Ta (vida longa)",73,0,1
16,9,0,Empiristas,"Z=26 Fe (vida longa)",26,1,0
16,9,1,Incrementalistas,"Z=69 Tm (vida longa)",69,1,0
16,9,1,Incrementalistas,"Z=75 Re (vida longa)",75,1,0
16,10,0,Empiristas,"Z=88 Ra (vida longa)",88,1,0
16,10,1,Incrementalistas,"Z=100 Fm (vida longa)",100,1,0
16,10,3,Isolados,"Z=83 Bi (vida longa)",83,1,0
16,11,0,Empiristas,"Z=86 Rn (vida longa)",86,0,0
16,11,0,Empiristas,"Z=89 Ac (vida longa)",89,1,0
16,11,1,Incrementalistas,"Z=98 Cf (vida longa)",98,1,0
16,11,2,Evolucionistas,"Z=73 Ta (vida longa)",73,0,0
16,11,2,Evolucionistas,"Z=77 Ir (vida longa)",77,1,0
16,11,2,Evolucionistas,"Z=100 Fm (vida longa)",100,0,1
16,12,1,Incrementalistas,"Z=99 Es (vida longa)",99,1,0
16,12,3,Isolados,"Z=87 Fr (vida longa)",87,1,0
16,12,0,Empiristas,"Z=70 Yb (vida longa)",70,0,1
16,12,1,Incrementalistas,"Z=10 Ne (vida longa)",10,0,1
16,12,1,Incrementalistas,"Z=90 Th (vida longa)",90,0,1
16,12,2,Evolucionistas,"Z=10 Ne (vida longa)",10,0,1
16,13,0,Empiristas,"Z=100 Fm (vida longa)",100,0,0
16,13,0,Empiristas,"Z=12 Mg (vida longa)",12,1,0
16,13,1,Incrementalistas,"Z=101 Md (vida longa)",101,1,0
16,13,2,Evolucionistas,"Z=78 Pt (vida longa)",78,1,0
16,13,3,Isolados,"Z=41 Nb (vida longa)",41,1,0
16,13,3,Isolados,"Z=88 Ra (vida longa)",88,0,0
16,13,2,Evolucionistas,"Z=81 Tl (vida longa)",81,0,1
16,14,2,Evolucionistas,"Z=93 Np (vida longa)",93,1,0
16,14,2,Evolucionistas,"Z=102 No (vida longa)",102,0,0
16,14,2,Evolucionistas,"Z=76 Os (vida longa)",76,0,0
16,14,3,Isolados,"Z=69 Tm (vida longa)",69,0,0
16,14,0,Empiristas,"Z=76 Os (vida longa)",76,0,1
16,14,1,Incrementalistas,"Z=22 Ti (vida longa)",22,0,1
16,15,0,Empiristas,"Z=5 B (vida longa)",5,1,0
16,15,3,Isolados,"Z=38 Sr (vida longa)",38,1,0
16,15,3,Isolados,"Z=20 Ca (vida longa)",20,1,0
16,16,0,Empiristas,"Z=98 Cf (vida longa)",98,0,0
16,16,0,Empiristas,"Z=79 Au (vida longa)",79,1,0
16,16,1,Incrementalistas,"Z=78 Pt (vida longa)",78,0,0
16,17,1,Incrementalistas,"Z=93 Np (vida longa)",93,0,0
16,17,1,Incrementalistas,"Z=12 Mg (vida longa)",12,0,0
16,18,1,Incrementalistas,"Z=104 Rf (vida longa)",104,1,0
16,18,1,Incrementalistas,"Z=97 Bk (vida longa)",97,1,0
16,18,3,Isolados,"Z=30 Zn (vida longa)",30,1,0
16,18,3,Isolados,"Z=79 Au (vida longa)",79,0,0
16,18,1,Incrementalistas,"Z=2 He (vida longa)",2,0,1
16,18,0,Empiristas,"Z=104 Rf (vida longa)",104,0,1
16,19,0,Empiristas,"Z=96 Cm (vida longa)",96,1,0
16,19,0,Empiristas,"Z=101 Md (vida longa)",101,0,0
16,19,3,Isolados,"Z=81 Tl (vida longa)",81,0,0
16,20,0,Empiristas,"Z=84 Po (vida longa)",84,0,0
16,20,0,Empiristas,"Z=77 Ir (vida longa)",77,0,0
16,20,2,Evolucionistas,"Z=101 Md (vida longa)",101,0,0
16,20,2,Evolucionistas,"Z=18 Ar (vida longa)",18,1,0
16,20,1,Incrementalistas,"Z=77 Ir (vida longa)",77,0,1
16,20,2,Evolucionistas,"Z=104 Rf (vida longa)",104,0,1
16,21,0,Empiristas,"Z=60 Nd (vida longa)",60,0,0
16,21,2,Evolucionistas,"Z=14 Si (vida longa)",14,0,0
16,21,3,Isolados,"Z=76 Os (vida longa)",76,0,0
16,22,2,Evolucionistas,"Z=98 Cf (vida longa)",98,0,0
16,22,3,Isolados,"Z=48 Cd (vida longa)",48,1,0
16,22,2,Evolucionistas,"Z=60 Nd (vida longa)",60,0,1
16,23,0,Empiristas,"Z=99 Es (vida longa)",99,0,0
16,23,0,Empiristas,"Z=44 Ru (vida longa)",44,1,0
16,23,1,Incrementalistas,"Z=24 Cr (vida longa)",24,1,0
16,23,3,Isolados,"Z=90 Th (vida longa)",90,0,0
16,23,1,Incrementalistas,"Z=44 Ru (vida longa)",44,0,1
16,23,2,Evolucionistas,"Z=71 Lu (vida longa)",71,0,1
16,23,1,Incrementalistas,"Z=81 Tl (vida longa)",81,0,1
16,25,0,Empiristas,"Z=16 S (vida longa)",16,1,0
16,25,0,Empiristas,"Z=108 Hs (vida longa)",108,1,0
16,25,1,Incrementalistas,"Z=107 Bh (vida longa)",107,1,0
16,25,1,Incrementalistas,"Z=108 Hs (vida longa)",108,0,1
16,26,1,Incrementalistas,"Z=110 Ds (vida longa)",110,1,0
16,26,1,Incrementalistas,"Z=105 Db (vida longa)",105,1,0
16,26,2,Evolucionistas,"Z=108 Hs (vida longa)",108,0,1
16,27,0,Empiristas,"Z=97 Bk (vida longa)",97,0,0
16,27,2,Evolucionistas,"Z=111 Rg (vida longa)",111,1,0
16,27,1,Incrementalistas,"Z=79 Au (vida longa)",79,0,1
16,27,0,Empiristas,"Z=110 Ds (vida longa)",110,0,1
16,27,0,Empiristas,"Z=111 Rg (vida longa)",111,0,1
16,28,0,Empiristas,"Z=40 Zr (vida longa)",40,1,0
16,28,2,Evolucionistas,"Z=99 Es (vida longa)",99,0,0
16,28,3,Isolados,"Z=91 Pa (vida longa)",91,1,0
16,29,0,Empiristas,"Z=94 Pu (vida longa)",94,1,0
16,29,0,Empiristas,"Z=72 Hf (vida longa)",72,0,0
16,30,0,Empiristas,"Z=114 Fl (vida longa)",114,1,0
16,30,1,Incrementalistas,"Z=111 Rg (vida longa)",111,0,0
16,30,1,Incrementalistas,"Z=106 Sg (vida longa)",106,1,0
16,30,2,Evolucionistas,"Z=110 Ds (vida longa)",110,0,0
16,30,3,Isolados,"Z=93 Np (vida longa)",93,0,0
16,30,3,Isolados,"Z=40 Zr (vida longa)",40,0,0
16,30,3,Isolados,"Z=92 U (vida longa)",92,1,0
16,31,0,Empiristas,"Z=102 No (vida longa)",102,0,0
16,31,2,Evolucionistas,"Z=3 Li (vida longa)",3,1,0
16,31,3,Isolados,"Z=95 Am (vida longa)",95,1,0
16,31,2,Evolucionistas,"Z=44 Ru (vida longa)",44,0,1
16,32,0,Empiristas,"Z=28 Ni (vida longa)",28,1,0
16,32,3,Isolados,"Z=101 Md (vida longa)",101,0,0
16,33,1,Incrementalistas,"Z=112 Cn (vida longa)",112,1,0
16,33,3,Isolados,"Z=94 Pu (vida longa)",94,0,0
16,34,0,Empiristas,"Z=113 Nh (vida longa)",113,1,0
16,34,1,Incrementalistas,"Z=91 Pa (vida longa)",91,0,0
16,34,3,Isolados,"Z=89 Ac (vida longa)",89,0,0
16,35,0,Empiristas,"Z=93 Np (vida longa)",93,0,0
16,35,0,Empiristas,"Z=107 Bh (vida longa)",107,0,0
16,35,1,Incrementalistas,"Z=114 Fl (vida longa)",114,0,0
16,35,1,Incrementalistas,"Z=109 Mt (vida longa)",109,1,0
16,35,1,Incrementalistas,"Z=113 Nh (vida longa)",113,0,0
16,35,2,Evolucionistas,"Z=113 Nh (vida longa)",113,0,0
16,35,2,Evolucionistas,"Z=109 Mt (vida longa)",109,0,0
16,36,0,Empiristas,"Z=105 Db (vida longa)",105,0,0
16,36,1,Incrementalistas,"Z=23 V (vida longa)",23,1,0
16,36,2,Evolucionistas,"Z=79 Au (vida longa)",79,0,0
16,36,2,Evolucionistas,"Z=106 Sg (vida longa)",106,0,0
16,36,3,Isolados,"Z=96 Cm (vida longa)",96,0,0
16,37,3,Isolados,"Z=97 Bk (vida longa)",97,0,0
16,38,0,Empiristas,"Z=25 Mn (vida longa)",25,1,0
16,38,0,Empiristas,"Z=106 Sg (vida longa)",106,0,0
16,38,2,Evolucionistas,"Z=26 Fe (vida longa)",26,0,0
16,38,2,Evolucionistas,"Z=112 Cn (vida longa)",112,0,0
16,38,3,Isolados,"Z=100 Fm (vida longa)",100,0,0
16,40,2,Evolucionistas,"Z=107 Bh (vida longa)",107,0,0
16,40,3,Isolados,"Z=59 Pr (vida longa)",59,1,0
16,40,2,Evolucionistas,"Z=114 Fl (vida longa)",114,0,1
16,41,0,Empiristas,"Z=3 Li (vida longa)",3,0,0
16,41,0,Empiristas,"Z=30 Zn (vida longa)",30,0,0
16,41,1,Incrementalistas,"Z=92 U (vida longa)",92,0,0
16,41,1,Incrementalistas,"Z=8 O (vida longa)",8,0,0
16,41,1,Incrementalistas,"Z=115 Mc (vida longa)",115,1,0
16,41,3,Isolados,"Z=109 Mt (vida longa)",109,0,0
16,41,3,Isolados,"Z=98 Cf (vida longa)",98,0,0
16,42,0,Empiristas,"Z=68 Er (vida longa)",68,1,0
16,42,2,Evolucionistas,"Z=115 Mc (vida longa)",115,0,1
16,43,0,Empiristas,"Z=52 Te (vida longa)",52,1,0
16,43,3,Isolados,"Z=102 No (vida longa)",102,0,0
16,43,3,Isolados,"Z=99 Es (vida longa)",99,0,0
16,44,3,Isolados,"Z=103 Lr (vida longa)",103,0,0
16,45,0,Empiristas,"Z=69 Tm (vida longa)",69,0,0
16,45,0,Empiristas,"Z=20 Ca (vida longa)",20,0,0
16,46,0,Empiristas,"Z=109 Mt (vida longa)",109,0,0
16,46,0,Empiristas,"Z=91 Pa (vida longa)",91,0,0
16,46,3,Isolados,"Z=110 Ds (vida longa)",110,0,0
16,46,3,Isolados,"Z=77 Ir (vida longa)",77,0,0
16,47,0,Empiristas,"Z=112 Cn (vida longa)",112,0,0
16,47,0,Empiristas,"Z=19 K (vida longa)",19,1,0
16,47,0,Empiristas,"Z=24 Cr (vida longa)",24,0,0
16,47,3,Isolados,"Z=51 Sb (vida longa)",51,1,0
16,48,0,Empiristas,"Z=78 Pt (vida longa)",78,0,0
16,48,2,Evolucionistas,"Z=22 Ti (vida longa)",22,0,0
16,49,0,Empiristas,"Z=31 Ga (vida longa)",31,1,0
16,49,3,Isolados,"Z=108 Hs (vida longa)",108,0,0
16,49,0,Empiristas,"Z=115 Mc (vida longa)",115,0,1
16,50,0,Empiristas,"Z=54 Xe (vida longa)",54,1,0
16,50,0,Empiristas,"Z=55 Cs (vida longa)",55,1,0
16,50,2,Evolucionistas,"Z=50 Sn (vida longa)",50,1,0
16,50,3,Isolados,"Z=112 Cn (vida longa)",112,0,0
16,50,3,Isolados,"Z=46 Pd (vida longa)",46,1,0
16,51,3,Isolados,"Z=111 Rg (vida longa)",111,0,0
16,51,3,Isolados,"Z=107 Bh (vida longa)",107,0,0
16,51,3,Isolados,"Z=114 Fl (vida longa)",114,0,0
16,51,1,Incrementalistas,"Z=86 Rn (vida longa)",86,0,1
16,51,0,Empiristas,"Z=90 Th (vida longa)",90,0,1
16,52,0,Empiristas,"Z=56 Ba (vida longa)",56,1,0
16,52,2,Evolucionistas,"Z=41 Nb (vida longa)",41,0,0
16,52,3,Isolados,"Z=36 Kr (vida longa)",36,1,0
16,54,0,Empiristas,"Z=46 Pd (vida longa)",46,0,0
16,54,3,Isolados,"Z=106 Sg (vida longa)",106,0,0
16,54,2,Evolucionistas,"Z=94 Pu (vida longa)",94,0,1
16,55,3,Isolados,"Z=75 Re (vida longa)",75,0,0
16,56,3,Isolados,"Z=18 Ar (vida longa)",18,0,0
16,57,1,Incrementalistas,"Z=84 Po (vida longa)",84,0,0
16,57,2,Evolucionistas,"Z=36 Kr (vida longa)",36,0,0
16,57,3,Isolados,"Z=5 B (vida longa)",5,0,0
16,58,0,Empiristas,"Z=23 V (vida longa)",23,0,0
16,58,2,Evolucionistas,"Z=20 Ca (vida longa)",20,0,0
16,58,3,Isolados,"Z=26 Fe (vida longa)",26,0,0
16,58,2,Evolucionistas,"Z=88 Ra (vida longa)",88,0,1
16,59,0,Empiristas,"Z=65 Tb (vida longa)",65,1,0
16,60,0,Empiristas,"Z=82 Pb (vida longa)",82,0,0
16,60,2,Evolucionistas,"Z=27 Co (vida longa)",27,1,0
16,60,3,Isolados,"Z=14 Si (vida longa)",14,0,0
16,60,3,Isolados,"Z=113 Nh (vida longa)",113,0,0
16,61,1,Incrementalistas,"Z=47 Ag (vida longa)",47,0,0
16,62,0,Empiristas,"Z=54 Xe (vida longa)",54,0,0
16,62,2,Evolucionistas,"Z=11 Na (vida longa)",11,0,0
16,62,3,Isolados,"Z=56 Ba (vida longa)",56,0,0
16,62,3,Isolados,"Z=115 Mc (vida longa)",115,0,0
16,63,0,Empiristas,"Z=108 Hs (vida longa)",108,0,0
16,64,1,Incrementalistas,"Z=94 Pu (vida longa)",94,0,0
16,65,0,Empiristas,"Z=115 Mc (vida longa)",115,0,1
16,66,0,Empiristas,"Z=86 Rn (vida longa)",86,0,0
16,66,2,Evolucionistas,"Z=115 Mc (vida longa)",115,0,1
16,66,2,Evolucionistas,"Z=75 Re (vida longa)",75,0,1
16,67,0,Empiristas,"Z=42 Mo (vida longa)",42,1,0
16,68,0,Empiristas,"Z=66 Dy (vida longa)",66,1,0
16,68,3,Isolados,"Z=67 Ho (vida longa)",67,1,0
16,68,2,Evolucionistas,"Z=84 Po (vida longa)",84,0,1
16,69,0,Empiristas,"Z=7 N (vida longa)",7,1,0
16,69,0,Empiristas,"Z=21 Sc (vida longa)",21,1,0
16,69,0,Empiristas,"Z=28 Ni (vida longa)",28,0,0
16,70,0,Empiristas,"Z=51 Sb (vida longa)",51,0,0
16,70,0,Empiristas,"Z=41 Nb (vida longa)",41,0,0
16,70,3,Isolados,"Z=45 Rh (vida longa)",45,1,0
16,71,2,Evolucionistas,"Z=17 Cl (vida longa)",17,1,0
16,73,2,Evolucionistas,"Z=109 Mt (vida longa)",109,0,0
16,73,2,Evolucionistas,"Z=108 Hs (vida longa)",108,0,0
16,73,3,Isolados,"Z=10 Ne (vida longa)",10,0,0
16,73,0,Empiristas,"Z=90 Th (vida longa)",90,0,1
16,74,3,Isolados,"Z=34 Se (vida longa)",34,1,0
16,75,2,Evolucionistas,"Z=87 Fr (vida longa)",87,0,0
16,76,0,Empiristas,"Z=50 Sn (vida longa)",50,0,0
16,76,0,Empiristas,"Z=58 Ce (vida longa)",58,0,0
16,76,1,Incrementalistas,"Z=65 Tb (vida longa)",65,0,1
16,76,0,Empiristas,"Z=77 Ir (vida longa)",77,0,1
16,77,0,Empiristas,"Z=64 Gd (vida longa)",64,1,0
16,77,1,Incrementalistas,"Z=80 Hg (vida longa)",80,0,0
16,77,3,Isolados,"Z=74 W (vida longa)",74,0,0
16,77,3,Isolados,"Z=6 C (vida longa)",6,0,0
16,77,0,Empiristas,"Z=92 U (vida longa)",92,0,1
16,78,1,Incrementalistas,"Z=21 Sc (vida longa)",21,0,0
16,78,3,Isolados,"Z=4 Be (vida longa)",4,0,0
16,79,1,Incrementalistas,"Z=62 Sm (vida longa)",62,1,0
16,79,3,Isolados,"Z=39 Y (vida longa)",39,1,0
16,80,0,Empiristas,"Z=74 W (vida longa)",74,0,0
16,80,0,Empiristas,"Z=80 Hg (vida longa)",80,0,0
16,81,3,Isolados,"Z=22 Ti (vida longa)",22,0,0
16,82,2,Evolucionistas,"Z=67 Ho (vida longa)",67,0,0
16,82,3,Isolados,"Z=105 Db (vida longa)",105,0,0
16,82,3,Isolados,"Z=12 Mg (vida longa)",12,0,0
16,83,0,Empiristas,"Z=67 Ho (vida longa)",67,0,0
16,83,1,Incrementalistas,"Z=54 Xe (vida longa)",54,0,0
16,83,3,Isolados,"Z=19 K (vida longa)",19,0,0
16,84,1,Incrementalistas,"Z=50 Sn (vida longa)",50,0,0
16,84,1,Incrementalistas,"Z=82 Pb (vida longa)",82,0,0
16,84,2,Evolucionistas,"Z=21 Sc (vida longa)",21,0,0
16,84,3,Isolados,"Z=78 Pt (vida longa)",78,0,0
16,84,3,Isolados,"Z=42 Mo (vida longa)",42,0,0
16,84,3,Isolados,"Z=44 Ru (vida longa)",44,0,0
16,85,1,Incrementalistas,"Z=14 Si (vida longa)",14,0,0
16,85,3,Isolados,"Z=61 Pm (vida longa)",61,1,0
16,85,2,Evolucionistas,"Z=10 Ne (vida longa)",10,0,1
16,85,2,Evolucionistas,"Z=82 Pb (vida longa)",82,0,1
16,86,3,Isolados,"Z=54 Xe (vida longa)",54,0,0
16,86,2,Evolucionistas,"Z=64 Gd (vida longa)",64,0,1
16,87,3,Isolados,"Z=68 Er (vida longa)",68,0,0
16,88,0,Empiristas,"Z=13 Al (vida longa)",13,0,0
16,88,0,Empiristas,"Z=8 O (vida longa)",8,0,0
16,88,1,Incrementalistas,"Z=48 Cd (vida longa)",48,0,0
16,89,3,Isolados,"Z=3 Li (vida longa)",3,0,0
16,89,3,Isolados,"Z=33 As (vida longa)",33,1,0
16,90,0,Empiristas,"Z=61 Pm (vida longa)",61,0,0
16,90,0,Empiristas,"Z=9 F (vida longa)",9,1,0
16,90,2,Evolucionistas,"Z=37 Rb (vida longa)",37,1,0
16,90,2,Evolucionistas,"Z=85 At (vida longa)",85,0,0
16,90,2,Evolucionistas,"Z=19 K (vida longa)",19,0,0
16,91,0,Empiristas,"Z=91 Pa (vida longa)",91,0,0
16,91,0,Empiristas,"Z=35 Br (vida longa)",35,1,0
16,91,0,Empiristas,"Z=18 Ar (vida longa)",18,0,0
16,91,3,Isolados,"Z=16 S (vida longa)",16,0,0
16,91,1,Incrementalistas,"Z=36 Kr (vida longa)",36,0,1
16,92,0,Empiristas,"Z=25 Mn (vida longa)",25,0,0
16,92,0,Empiristas,"Z=71 Lu (vida longa)",71,0,0
16,92,2,Evolucionistas,"Z=59 Pr (vida longa)",59,0,0
16,93,0,Empiristas,"Z=78 Pt (vida longa)",78,0,0
16,93,0,Empiristas,"Z=37 Rb (vida longa)",37,0,0
16,93,3,Isolados,"Z=15 P (vida longa)",15,0,0
16,94,1,Incrementalistas,"Z=26 Fe (vida longa)",26,0,0
16,94,3,Isolados,"Z=31 Ga (vida longa)",31,0,0
16,94,1,Incrementalistas,"Z=17 Cl (vida longa)",17,0,1
16,95,0,Empiristas,"Z=32 Ge (vida longa)",32,1,0
16,95,2,Evolucionistas,"Z=96 Cm (vida longa)",96,0,0
16,95,3,Isolados,"Z=13 Al (vida longa)",13,0,0
16,96,2,Evolucionistas,"Z=13 Al (vida longa)",13,0,0
16,96,2,Evolucionistas,"Z=57 La (vida longa)",57,1,0
16,96,3,Isolados,"Z=8 O (vida longa)",8,0,0
16,97,0,Empiristas,"Z=5 B (vida longa)",5,0,0
16,97,0,Empiristas,"Z=59 Pr (vida longa)",59,0,0
16,97,2,Evolucionistas,"Z=35 Br (vida longa)",35,0,0
16,98,0,Empiristas,"Z=60 Nd (vida longa)",60,0,0
16,98,2,Evolucionistas,"Z=74 W (vida longa)",74,0,0
16,98,3,Isolados,"Z=24 Cr (vida longa)",24,0,0
16,98,3,Isolados,"Z=50 Sn (vida longa)",50,0,0
16,98,1,Incrementalistas,"Z=64 Gd (vida longa)",64,0,1
16,99,0,Empiristas,"Z=40 Zr (vida longa)",40,0,0
16,99,2,Evolucionistas,"Z=29 Cu (vida longa)",29,1,0
16,99,2,Evolucionistas,"Z=80 Hg (vida longa)",80,0,0
16,100,0,Empiristas,"Z=96 Cm (vida longa)",96,0,0
16,100,2,Evolucionistas,"Z=8 O (vida longa)",8,0,0
16,101,1,Incrementalistas,"Z=66 Dy (vida longa)",66,0,0
16,101,2,Evolucionistas,"Z=30 Zn (vida longa)",30,0,0
16,101,3,Isolados,"Z=70 Yb (vida longa)",70,0,0
16,102,2,Evolucionistas,"Z=38 Sr (vida longa)",38,0,0
16,102,2,Evolucionistas,"Z=24 Cr (vida longa)",24,0,1
16,102,0,Empiristas,"Z=36 Kr (vida longa)",36,0,1
16,103,0,Empiristas,"Z=102 No (vida longa)",102,0,0
16,103,0,Empiristas,"Z=31 Ga (vida longa)",31,0,0
16,103,1,Incrementalistas,"Z=20 Ca (vida longa)",20,0,0
16,103,2,Evolucionistas,"Z=41 Nb (vida longa)",41,0,1
16,105,1,Incrementalistas,"Z=35 Br (vida longa)",35,0,0
16,105,2,Evolucionistas,"Z=25 Mn (vida longa)",25,0,0
16,106,0,Empiristas,"Z=11 Na (vida longa)",11,0,0
16,106,1,Incrementalistas,"Z=68 Er (vida longa)",68,0,0
16,106,3,Isolados,"Z=71 Lu (vida longa)",71,0,0
16,106,2,Evolucionistas,"Z=104 Rf (vida longa)",104,0,1
16,106,1,Incrementalistas,"Z=96 Cm (vida longa)",96,0,1
16,107,0,Empiristas,"Z=48 Cd (vida longa)",48,0,0
16,107,2,Evolucionistas,"Z=69 Tm (vida longa)",69,0,0
16,107,2,Evolucionistas,"Z=40 Zr (vida longa)",40,0,0
16,107,2,Evolucionistas,"Z=32 Ge (vida longa)",32,0,0
16,107,1,Incrementalistas,"Z=5 B (vida longa)",5,0,1
16,108,0,Empiristas,"Z=33 As (vida longa)",33,0,0
16,108,1,Incrementalistas,"Z=11 Na (vida longa)",11,0,0
16,108,3,Isolados,"Z=57 La (vida longa)",57,0,0
16,108,3,Isolados,"Z=63 Eu (vida longa)",63,1,0
16,109,0,Empiristas,"Z=107 Bh (vida longa)",107,0,0
16,109,2,Evolucionistas,"Z=12 Mg (vida longa)",12,0,0
16,109,1,Incrementalistas,"Z=61 Pm (vida longa)",61,0,1
16,110,0,Empiristas,"Z=16 S (vida longa)",16,0,0
16,111,1,Incrementalistas,"Z=88 Ra (vida longa)",88,0,0
16,111,1,Incrementalistas,"Z=27 Co (vida longa)",27,0,0
16,111,1,Incrementalistas,"Z=63 Eu (vida longa)",63,0,0
16,112,1,Incrementalistas,"Z=49 In (vida longa)",49,0,0
16,112,3,Isolados,"Z=55 Cs (vida longa)",55,0,0
16,112,1,Incrementalistas,"Z=32 Ge (vida longa)",32,0,1
16,112,2,Evolucionistas,"Z=86 Rn (vida longa)",86,0,1
16,113,0,Empiristas,"Z=63 Eu (vida longa)",63,0,0
16,113,1,Incrementalistas,"Z=52 Te (vida longa)",52,0,0
16,113,3,Isolados,"Z=62 Sm (vida longa)",62,0,0
16,114,1,Incrementalistas,"Z=46 Pd (vida longa)",46,0,0
16,115,2,Evolucionistas,"Z=28 Ni (vida longa)",28,0,0
16,115,2,Evolucionistas,"Z=68 Er (vida longa)",68,0,0
16,115,3,Isolados,"Z=72 Hf (vida longa)",72,0,0
16,116,0,Empiristas,"Z=34 Se (vida longa)",34,0,0
16,116,0,Empiristas,"Z=38 Sr (vida longa)",38,0,0
16,116,0,Empiristas,"Z=62 Sm (vida longa)",62,0,0
16,116,1,Incrementalistas,"Z=28 Ni (vida longa)",28,0,0
16,116,3,Isolados,"Z=28 Ni (vida longa)",28,0,0
16,117,0,Empiristas,"Z=87 Fr (vida longa)",87,0,0
16,117,1,Incrementalistas,"Z=34 Se (vida longa)",34,0,0
16,117,2,Evolucionistas,"Z=16 S (vida longa)",16,0,0
16,117,2,Evolucionistas,"Z=18 Ar (vida longa)",18,0,0
16,118,0,Empiristas,"Z=53 I (vida longa)",53,1,0
16,118,1,Incrementalistas,"Z=87 Fr (vida longa)",87,0,0
16,119,1,Incrementalistas,"Z=6 C (vida longa)",6,0,0
16,119,3,Isolados,"Z=64 Gd (vida longa)",64,0,0
16,120,1,Incrementalistas,"Z=60 Nd (vida longa)",60,0,0
16,120,2,Evolucionistas,"Z=93 Np (vida longa)",93,0,0
16,121,1,Incrementalistas,"Z=89 Ac (vida longa)",89,0,0
16,122,0,Empiristas,"Z=103 Lr (vida longa)",103,0,0
16,122,1,Incrementalistas,"Z=53 I (vida longa)",53,0,0
16,123,1,Incrementalistas,"Z=67 Ho (vida longa)",67,0,0
16,123,2,Evolucionistas,"Z=55 Cs (vida longa)",55,0,0
16,123,3,Isolados,"Z=21 Sc (vida longa)",21,0,0
16,123,3,Isolados,"Z=66 Dy (vida longa)",66,0,0
16,123,2,Evolucionistas,"Z=97 Bk (vida longa)",97,0,1
16,124,3,Isolados,"Z=73 Ta (vida longa)",73,0,0
16,125,1,Incrementalistas,"Z=43 Tc (vida longa)",43,0,0
16,125,3,Isolados,"Z=65 Tb (vida longa)",65,0,0
16,126,0,Empiristas,"Z=57 La (vida longa)",57,0,0
16,126,1,Incrementalistas,"Z=85 At (vida longa)",85,0,0
16,127,0,Empiristas,"Z=55 Cs (vida longa)",55,0,0
16,128,2,Evolucionistas,"Z=52 Te (vida longa)",52,0,0
16,128,2,Evolucionistas,"Z=34 Se (vida longa)",34,0,0
16,128,3,Isolados,"Z=35 Br (vida longa)",35,0,0
16,129,0,Empiristas,"Z=17 Cl (vida longa)",17,0,0
16,129,2,Evolucionistas,"Z=27 Co (vida longa)",27,0,0
16,129,2,Evolucionistas,"Z=42 Mo (vida longa)",42,0,0
16,129,3,Isolados,"Z=58 Ce (vida longa)",58,0,0
16,130,0,Empiristas,"Z=49 In (vida longa)",49,0,0
16,130,3,Isolados,"Z=43 Tc (vida longa)",43,0,0
16,131,0,Empiristas,"Z=29 Cu (vida longa)",29,0,0
16,131,0,Empiristas,"Z=19 K (vida longa)",19,0,0
16,131,0,Empiristas,"Z=75 Re (vida longa)",75,0,0
16,133,2,Evolucionistas,"Z=54 Xe (vida longa)",54,0,0
16,133,2,Evolucionistas,"Z=105 Db (vida longa)",105,0,0
16,134,0,Empiristas,"Z=30 Zn (vida longa)",30,0,0
16,134,1,Incrementalistas,"Z=45 Rh (vida longa)",45,0,0
16,134,2,Evolucionistas,"Z=89 Ac (vida longa)",89,0,0
16,135,0,Empiristas,"Z=47 Ag (vida longa)",47,0,0
16,135,0,Empiristas,"Z=22 Ti (vida longa)",22,0,0
16,136,2,Evolucionistas,"Z=76 Os (vida longa)",76,0,0
16,136,2,Evolucionistas,"Z=65 Tb (vida longa)",65,0,0
16,137,2,Evolucionistas,"Z=71 Lu (vida longa)",71,0,0
16,137,2,Evolucionistas,"Z=45 Rh (vida longa)",45,0,1
16,138,2,Evolucionistas,"Z=3 Li (vida longa)",3,0,0
16,140,0,Empiristas,"Z=27 Co (vida longa)",27,0,0
16,140,2,Evolucionistas,"Z=91 Pa (vida longa)",91,0,0
16,140,3,Isolados,"Z=11 Na (vida longa)",11,0,0
16,140,3,Isolados,"Z=27 Co (vida longa)",27,0,0
16,141,1,Incrementalistas,"Z=30 Zn (vida longa)",30,0,0
16,141,1,Incrementalistas,"Z=29 Cu (vida longa)",29,0,1
16,142,0,Empiristas,"Z=85 At (vida longa)",85,0,0
16,142,0,Empiristas,"Z=83 Bi (vida longa)",83,0,0
16,142,1,Incrementalistas,"Z=3 Li (vida longa)",3,0,0
16,142,2,Evolucionistas,"Z=56 Ba (vida longa)",56,0,0
16,143,3,Isolados,"Z=52 Te (vida longa)",52,0,0
16,144,1,Incrementalistas,"Z=25 Mn (vida longa)",25,0,0
16,145,2,Evolucionistas,"Z=53 I (vida longa)",53,0,0
16,145,3,Isolados,"Z=53 I (vida longa)",53,0,0
16,145,3,Isolados,"Z=17 Cl (vida longa)",17,0,0
16,146,3,Isolados,"Z=32 Ge (vida longa)",32,0,0
16,147,3,Isolados,"Z=25 Mn (vida longa)",25,0,0
16,148,0,Empiristas,"Z=39 Y (vida longa)",39,0,0
16,148,1,Incrementalistas,"Z=4 Be (vida longa)",4,0,0
16,148,3,Isolados,"Z=29 Cu (vida longa)",29,0,0
16,149,0,Empiristas,"Z=45 Rh (vida longa)",45,0,0
16,149,1,Incrementalistas,"Z=57 La (vida longa)",57,0,0
16,149,2,Evolucionistas,"Z=46 Pd (vida longa)",46,0,0
16,151,2,Evolucionistas,"Z=2 He (vida longa)",2,0,0
16,151,2,Evolucionistas,"Z=48 Cd (vida longa)",48,0,0
16,151,2,Evolucionistas,"Z=107 Bh (vida longa)",107,0,0
16,152,1,Incrementalistas,"Z=33 As (vida longa)",33,0,0
16,153,1,Incrementalistas,"Z=37 Rb (vida longa)",37,0,0
16,154,3,Isolados,"Z=2 He (vida longa)",2,0,0
16,154,3,Isolados,"Z=9 F (vida longa)",9,0,0
16,155,0,Empiristas,"Z=93 Np (vida longa)",93,0,0
16,155,2,Evolucionistas,"Z=33 As (vida longa)",33,0,0
16,156,0,Empiristas,"Z=1 H (vida longa)",1,1,0
16,156,1,Incrementalistas,"Z=56 Ba (vida longa)",56,0,0
16,157,1,Incrementalistas,"Z=16 S (vida longa)",16,0,0
16,157,2,Evolucionistas,"Z=62 Sm (vida longa)",62,0,0
16,158,3,Isolados,"Z=1 H (vida longa)",1,0,0
16,158,2,Evolucionistas,"Z=39 Y (vida longa)",39,0,1
16,160,2,Evolucionistas,"Z=5 B (vida longa)",5,0,0
16,161,2,Evolucionistas,"Z=63 Eu (vida longa)",63,0,0
16,164,2,Evolucionistas,"Z=49 In (vida longa)",49,0,0
16,166,1,Incrementalistas,"Z=59 Pr (vida longa)",59,0,0
16,166,2,Evolucionistas,"Z=95 Am (vida longa)",95,0,0
16,169,1,Incrementalistas,"Z=40 Zr (vida longa)",40,0,0
16,170,1,Incrementalistas,"Z=95 Am (vida longa)",95,0,0
16,172,2,Evolucionistas,"Z=9 F (vida longa)",9,0,0
16,172,3,Isolados,"Z=37 Rb (vida longa)",37,0,0
16,173,0,Empiristas,"Z=95 Am (vida longa)",95,0,0
16,173,2,Evolucionistas,"Z=88 Ra (vida longa)",88,0,0
16,173,2,Evolucionistas,"Z=61 Pm (vida longa)",61,0,0
16,173,3,Isolados,"Z=7 N (vida longa)",7,0,0
16,174,1,Incrementalistas,"Z=38 Sr (vida longa)",38,0,0
16,175,2,Evolucionistas,"Z=66 Dy (vida longa)",66,0,0
16,175,1,Incrementalistas,"Z=41 Nb (vida longa)",41,0,1
16,175,2,Evolucionistas,"Z=23 V (vida longa)",23,0,1
16,176,1,Incrementalistas,"Z=83 Bi (vida longa)",83,0,0
16,176,2,Evolucionistas,"Z=47 Ag (vida longa)",47,0,0
16,179,1,Incrementalistas,"Z=1 H (vida longa)",1,0,0
16,179,1,Incrementalistas,"Z=42 Mo (vida longa)",42,0,0
16,179,2,Evolucionistas,"Z=51 Sb (vida longa)",51,0,0
16,179,3,Isolados,"Z=104 Rf (vida longa)",104,0,0
16,180,3,Isolados,"Z=112 Cn (vida longa)",112,0,0
16,181,1,Incrementalistas,"Z=19 K (vida longa)",19,0,0
16,181,2,Evolucionistas,"Z=31 Ga (vida longa)",31,0,0
16,181,3,Isolados,"Z=20 Ca (vida longa)",20,0,0
16,181,3,Isolados,"Z=115 Mc (vida longa)",115,0,0
16,182,3,Isolados,"Z=95 Am (vida longa)",95,0,0
16,183,2,Evolucionistas,"Z=7 N (vida longa)",7,0,0
16,183,3,Isolados,"Z=74 W (vida longa)",74,0,0
16,184,1,Incrementalistas,"Z=39 Y (vida longa)",39,0,0
16,184,3,Isolados,"Z=71 Lu (vida longa)",71,0,0
16,184,3,Isolados,"Z=9 F (vida longa)",9,0,0
16,184,3,Isolados,"Z=22 Ti (vida longa)",22,0,0
16,184,3,Isolados,"Z=96 Cm (vida longa)",96,0,0
16,184,3,Isolados,"Z=37 Rb (vida longa)",37,0,0
16,185,3,Isolados,"Z=8 O (vida longa)",8,0,0
16,186,1,Incrementalistas,"Z=31 Ga (vida longa)",31,0,0
16,186,1,Incrementalistas,"Z=51 Sb (vida longa)",51,0,0
16,186,2,Evolucionistas,"Z=92 U (vida longa)",92,0,0
16,186,3,Isolados,"Z=30 Zn (vida longa)",30,0,0
16,186,3,Isolados,"Z=81 Tl (vida longa)",81,0,0
16,187,2,Evolucionistas,"Z=43 Tc (vida longa)",43,0,0
16,187,3,Isolados,"Z=58 Ce (vida longa)",58,0,0
16,187,3,Isolados,"Z=51 Sb (vida longa)",51,0,0
16,188,3,Isolados,"Z=79 Au (vida longa)",79,0,0
16,189,3,Isolados,"Z=46 Pd (vida longa)",46,0,0
16,189,3,Isolados,"Z=24 Cr (vida longa)",24,0,0
16,189,3,Isolados,"Z=85 At (vida longa)",85,0,0
16,191,1,Incrementalistas,"Z=13 Al (vida longa)",13,0,0
16,191,3,Isolados,"Z=60 Nd (vida longa)",60,0,0
16,191,3,Isolados,"Z=73 Ta (vida longa)",73,0,0
16,192,3,Isolados,"Z=38 Sr (vida longa)",38,0,0
16,192,3,Isolados,"Z=3 Li (vida longa)",3,0,0
16,193,3,Isolados,"Z=103 Lr (vida longa)",103,0,0
16,193,3,Isolados,"Z=84 Po (vida longa)",84,0,0
16,194,3,Isolados,"Z=86 Rn (vida longa)",86,0,0
16,195,3,Isolados,"Z=36 Kr (vida longa)",36,0,0
16,195,3,Isolados,"Z=83 Bi (vida longa)",83,0,0
16,196,3,Isolados,"Z=50 Sn (vida longa)",50,0,0
16,196,3,Isolados,"Z=93 Np (vida longa)",93,0,0
16,197,3,Isolados,"Z=88 Ra (vida longa)",88,0,0
16,198,3,Isolados,"Z=15 P (vida longa)",15,0,0
16,199,1,Incrementalistas,"Z=18 Ar (vida longa)",18,0,0
16,199,3,Isolados,"Z=62 Sm (vida longa)",62,0,0
16,200,3,Isolados,"Z=56 Ba (vida longa)",56,0,0
16,201,3,Isolados,"Z=34 Se (vida longa)",34,0,0
16,201,3,Isolados,"Z=76 Os (vida longa)",76,0,0
16,201,3,Isolados,"Z=23 V (vida longa)",23,0,0
16,204,3,Isolados,"Z=19 K (vida longa)",19,0,0
16,206,3,Isolados,"Z=54 Xe (vida longa)",54,0,0
16,207,3,Isolados,"Z=41 Nb (vida longa)",41,0,0
16,208,2,Evolucionistas,"Z=83 Bi (vida longa)",83,0,0
16,212,2,Evolucionistas,"Z=103 Lr (vida longa)",103,0,0
16,212,3,Isolados,"Z=6 C (vida longa)",6,0,0
16,214,1,Incrementalistas,"Z=9 F (vida longa)",9,0,0
16,214,3,Isolados,"Z=100 Fm (vida longa)",100,0,0
16,214,1,Incrementalistas,"Z=55 Cs (vida longa)",55,0,1
16,215,3,Isolados,"Z=1 H (vida longa)",1,0,0
16,216,3,Isolados,"Z=99 Es (vida longa)",99,0,0
16,222,3,Isolados,"Z=65 Tb (vida longa)",65,0,0
16,223,3,Isolados,"Z=57 La (vida longa)",57,0,0
16,243,1,Incrementalistas,"Z=7 N (vida longa)",7,0,0
16,248,2,Evolucionistas,"Z=1 H (vida longa)",1,0,0
16,250,0,Empiristas,"Z=112 Cn (vida longa)",112,0,0
16,250,0,Empiristas,"Z=114 Fl (vida longa)",114,0,0
16,250,0,Empiristas,"Z=91 Pa (vida longa)",91,0,0
16,250,0,Empiristas,"Z=6 C (vida longa)",6,0,0
16,250,0,Empiristas,"Z=75 Re (vida longa)",75,0,0
16,250,0,Empiristas,"Z=64 Gd (vida longa)",64,0,0
16,250,0,Empiristas,"Z=18 Ar (vida longa)",18,0,0
16,250,0,Empiristas,"Z=99 Es (vida longa)",99,0,0
16,250,0,Empiristas,"Z=66 Dy (vida longa)",66,0,0
16,250,0,Empiristas,"Z=113 Nh (vida longa)",113,0,0
16,250,0,Empiristas,"Z=70 Yb (vida longa)",70,0,0
16,250,0,Empiristas,"Z=78 Pt (vida longa)",78,0,0
16,250,0,Empiristas,"Z=95 Am (vida longa)",95,0,0
16,251,0,Empiristas,"Z=15 P (vida longa)",15,0,0
16,251,0,Empiristas,"Z=7 N (vida longa)",7,0,0
16,251,0,Empiristas,"Z=14 Si (vida longa)",14,0,0
16,251,0,Empiristas,"Z=26 Fe (vida longa)",26,0,0
16,251,0,Empiristas,"Z=38 Sr (vida longa)",38,0,0
16,251,0,Empiristas,"Z=53 I (vida longa)",53,0,0
16,251,0,Empiristas,"Z=3 Li (vida longa)",3,0,0
16,251,0,Empiristas,"Z=19 K (vida longa)",19,0,0
16,251,0,Empiristas,"Z=55 Cs (vida longa)",55,0,0
16,252,0,Empiristas,"Z=47 Ag (vida longa)",47,0,0
16,253,0,Empiristas,"Z=72 Hf (vida longa)",72,0,0
16,253,0,Empiristas,"Z=102 No (vida longa)",102,0,0
16,253,0,Empiristas,"Z=45 Rh (vida longa)",45,0,0
16,253,0,Empiristas,"Z=71 Lu (vida longa)",71,0,0
16,254,0,Empiristas,"Z=36 Kr (vida longa)",36,0,0
16,254,0,Empiristas,"Z=57 La (vida longa)",57,0,0
16,254,0,Empiristas,"Z=16 S (vida longa)",16,0,0
16,256,0,Empiristas,"Z=59 Pr (vida longa)",59,0,0
16,256,0,Empiristas,"Z=87 Fr (vida longa)",87,0,0
16,257,0,Empiristas,"Z=77 Ir (vida longa)",77,0,0
16,258,0,Empiristas,"Z=31 Ga (vida longa)",31,0,0
16,262,0,Empiristas,"Z=29 Cu (vida longa)",29,0,0
16,264,0,Empiristas,"Z=85 At (vida longa)",85,0,0
16,264,0,Empiristas,"Z=100 Fm (vida longa)",100,0,0
16,268,0,Empiristas,"Z=105 Db (vida longa)",105,0,0
17,0,0,Empiristas,"nucleos efemeros",37.6708,1,0
17,0,1,Incrementalistas,"Z=32 Ge (vida longa)",32,1,0
17,0,2,Evolucionistas,"Z=8 O (vida longa)",8,1,0
17,0,2,Evolucionistas,"nucleos efemeros",9.33228,0,0
17,0,3,Isolados,"nucleos efemeros",23.1243,0,0
17,0,3,Isolados,"Z=76 Os (vida longa)",76,1,0
17,1,0,Empiristas,"Z=54 Xe (vida longa)",54,1,0
17,1,1,Incrementalistas,"nucleos efemeros",50.5497,0,0
17,1,1,Incrementalistas,"Z=35 Br (vida longa)",35,1,0
17,1,2,Evolucionistas,"Z=6 C (vida longa)",6,1,0
17,1,3,Isolados,"Z=73 Ta (vida longa)",73,1,0
17,1,1,Incrementalistas,"Z=54 Xe (vida longa)",54,0,1
17,1,0,Empiristas,"Z=35 Br (vida longa)",35,0,1
17,2,0,Empiristas,"Z=57 La (vida longa)",57,1,0
17,2,0,Empiristas,"Z=66 Dy (vida longa)",66,1,0
17,2,1,Incrementalistas,"Z=34 Se (vida longa)",34,1,0
17,2,3,Isolados,"Z=71 Lu (vida longa)",71,1,0
17,2,1,Incrementalistas,"Z=66 Dy (vida longa)",66,0,1
17,3,2,Evolucionistas,"Z=27 Co (vida longa)",27,1,0
17,3,3,Isolados,"Z=75 Re (vida longa)",75,1,0
17,3,3,Isolados,"Z=74 W (vida longa)",74,1,0
17,4,1,Incrementalistas,"Z=52 Te (vida longa)",52,1,0
17,4,1,Incrementalistas,"Z=68 Er (vida longa)",68,1,0
17,4,1,Incrementalistas,"Z=57 La (vida longa)",57,0,0
17,5,0,Empiristas,"Z=53 I (vida longa)",53,1,0
17,5,1,Incrementalistas,"Z=67 Ho (vida longa)",67,1,0
17,5,1,Incrementalistas,"Z=64 Gd (vida longa)",64,1,0
17,5,1,Incrementalistas,"Z=36 Kr (vida longa)",36,1,0
17,5,2,Evolucionistas,"Z=28 Ni (vida longa)",28,1,0
17,5,2,Evolucionistas,"Z=29 Cu (vida longa)",29,1,0
17,5,2,Evolucionistas,"Z=31 Ga (vida longa)",31,1,0
17,5,3,Isolados,"Z=77 Ir (vida longa)",77,1,0
17,5,2,Evolucionistas,"Z=66 Dy (vida longa)",66,0,1
17,5,2,Evolucionistas,"Z=57 La (vida longa)",57,0,1
17,6,0,Empiristas,"Z=106 Sg (vida longa)",106,1,0
17,6,0,Empiristas,"Z=69 Tm (vida longa)",69,1,0
17,6,1,Incrementalistas,"Z=62 Sm (vida longa)",62,1,0
17,6,3,Isolados,"Z=78 Pt (vida longa)",78,1,0
17,6,1,Incrementalistas,"Z=106 Sg (vida longa)",106,0,1
17,6,0,Empiristas,"Z=36 Kr (vida longa)",36,0,1
17,7,0,Empiristas,"Z=104 Rf (vida longa)",104,1,0
17,7,1,Incrementalistas,"Z=65 Tb (vida longa)",65,1,0
17,7,1,Incrementalistas,"Z=69 Tm (vida longa)",69,0,0
17,7,2,Evolucionistas,"Z=26 Fe (vida longa)",26,1,0
17,8,0,Empiristas,"Z=62 Sm (vida longa)",62,0,0
17,8,1,Incrementalistas,"Z=70 Yb (vida longa)",70,1,0
17,8,1,Incrementalistas,"Z=71 Lu (vida longa)",71,0,0
17,8,2,Evolucionistas,"Z=67 Ho (vida longa)",67,0,0
17,8,3,Isolados,"Z=81 Tl (vida longa)",81,1,0
17,9,0,Empiristas,"Z=103 Lr (vida longa)",103,1,0
17,9,2,Evolucionistas,"Z=72 Hf (vida longa)",72,1,0
17,10,0,Empiristas,"Z=11 Na (vida longa)",11,1,0
17,10,0,Empiristas,"Z=56 Ba (vida longa)",56,1,0
17,10,1,Incrementalistas,"Z=72 Hf (vida longa)",72,0,0
17,10,2,Evolucionistas,"Z=106 Sg (vida longa)",106,0,1
17,10,2,Evolucionistas,"Z=34 Se (vida longa)",34,0,1
17,11,0,Empiristas,"Z=5 B (vida longa)",5,1,0
17,11,0,Empiristas,"Z=58 Ce (vida longa)",58,1,0
17,11,0,Empiristas,"Z=68 Er (vida longa)",68,0,0
17,11,1,Incrementalistas,"Z=73 Ta (vida longa)",73,0,0
17,11,3,Isolados,"Z=82 Pb (vida longa)",82,1,0
17,11,3,Isolados,"Z=80 Hg (vida longa)",80,1,0
17,12,0,Empiristas,"Z=96 Cm (vida longa)",96,1,0
17,12,1,Incrementalistas,"Z=74 W (vida longa)",74,0,0
17,12,3,Isolados,"Z=51 Sb (vida longa)",51,1,0
17,13,2,Evolucionistas,"Z=52 Te (vida longa)",52,0,1
17,14,0,Empiristas,"Z=93 Np (vida longa)",93,1,0
17,14,0,Empiristas,"Z=67 Ho (vida longa)",67,0,0
17,14,3,Isolados,"Z=72 Hf (vida longa)",72,0,0
17,15,0,Empiristas,"Z=97 Bk (vida longa)",97,1,0
17,15,0,Empiristas,"Z=99 Es (vida longa)",99,1,0
17,15,0,Empiristas,"Z=2 He (vida longa)",2,1,0
17,15,1,Incrementalistas,"Z=80 Hg (vida longa)",80,0,0
17,15,1,Incrementalistas,"Z=78 Pt (vida longa)",78,0,0
17,15,2,Evolucionistas,"Z=74 W (vida longa)",74,0,0
17,15,2,Evolucionistas,"Z=77 Ir (vida longa)",77,0,0
17,16,2,Evolucionistas,"Z=94 Pu (vida longa)",94,1,0
17,16,2,Evolucionistas,"Z=78 Pt (vida longa)",78,0,0
17,16,3,Isolados,"Z=79 Au (vida longa)",79,1,0
17,16,2,Evolucionistas,"Z=54 Xe (vida longa)",54,0,1
17,17,0,Empiristas,"Z=55 Cs (vida longa)",55,1,0
17,17,0,Empiristas,"Z=83 Bi (vida longa)",83,1,0
17,17,0,Empiristas,"Z=80 Hg (vida longa)",80,0,0
17,17,1,Incrementalistas,"Z=108 Hs (vida longa)",108,1,0
17,18,0,Empiristas,"Z=70 Yb (vida longa)",70,0,0
17,18,1,Incrementalistas,"Z=63 Eu (vida longa)",63,1,0
17,18,3,Isolados,"Z=3 Li (vida longa)",3,1,0
17,19,0,Empiristas,"Z=105 Db (vida longa)",105,1,0
17,19,1,Incrementalistas,"Z=103 Lr (vida longa)",103,0,0
17,19,0,Empiristas,"Z=8 O (vida longa)",8,0,1
17,19,2,Evolucionistas,"Z=55 Cs (vida longa)",55,0,1
17,20,0,Empiristas,"Z=34 Se (vida longa)",34,0,0
17,20,0,Empiristas,"Z=100 Fm (vida longa)",100,1,0
17,20,0,Empiristas,"Z=88 Ra (vida longa)",88,1,0
17,20,2,Evolucionistas,"Z=76 Os (vida longa)",76,0,0
17,20,0,Empiristas,"Z=27 Co (vida longa)",27,0,1
17,20,2,Evolucionistas,"Z=80 Hg (vida longa)",80,0,1
17,21,0,Empiristas,"Z=95 Am (vida longa)",95,1,0
17,21,1,Incrementalistas,"Z=75 Re (vida longa)",75,0,0
17,21,1,Incrementalistas,"Z=104 Rf (vida longa)",104,0,0
17,21,2,Evolucionistas,"Z=75 Re (vida longa)",75,0,0
17,21,2,Evolucionistas,"Z=108 Hs (vida longa)",108,0,1
17,22,0,Empiristas,"Z=81 Tl (vida longa)",81,0,0
17,22,2,Evolucionistas,"Z=103 Lr (vida longa)",103,0,0
17,23,0,Empiristas,"Z=78 Pt (vida longa)",78,0,0
17,23,1,Incrementalistas,"Z=102 No (vida longa)",102,1,0
17,23,2,Evolucionistas,"Z=81 Tl (vida longa)",81,0,0
17,23,2,Evolucionistas,"Z=68 Er (vida longa)",68,0,0
17,24,0,Empiristas,"Z=46 Pd (vida longa)",46,1,0
17,24,1,Incrementalistas,"Z=105 Db (vida longa)",105,0,0
17,25,0,Empiristas,"Z=32 Ge (vida longa)",32,0,0
17,25,0,Empiristas,"Z=108 Hs (vida longa)",108,0,0
17,25,1,Incrementalistas,"Z=100 Fm (vida longa)",100,0,0
17,25,3,Isolados,"Z=41 Nb (vida longa)",41,1,0
17,26,0,Empiristas,"Z=14 Si (vida longa)",14,1,0
17,26,0,Empiristas,"Z=63 Eu (vida longa)",63,0,0
17,26,1,Incrementalistas,"Z=111 Rg (vida longa)",111,1,0
17,26,2,Evolucionistas,"Z=96 Cm (vida longa)",96,0,1
17,27,2,Evolucionistas,"Z=95 Am (vida longa)",95,0,0
17,28,0,Empiristas,"Z=86 Rn (vida longa)",86,1,0
17,28,0,Empiristas,"Z=16 S (vida longa)",16,1,0
17,28,1,Incrementalistas,"Z=49 In (vida longa)",49,1,0
17,28,1,Incrementalistas,"Z=107 Bh (vida longa)",107,1,0
17,28,1,Incrementalistas,"Z=101 Md (vida longa)",101,1,0
17,28,2,Evolucionistas,"Z=111 Rg (vida longa)",111,0,1
17,29,0,Empiristas,"Z=84 Po (vida longa)",84,1,0
17,29,0,Empiristas,"Z=72 Hf (vida longa)",72,0,0
17,29,0,Empiristas,"Z=79 Au (vida longa)",79,0,0
17,29,1,Incrementalistas,"Z=109 Mt (vida longa)",109,1,0
17,29,3,Isolados,"Z=28 Ni (vida longa)",28,0,0
17,29,1,Incrementalistas,"Z=99 Es (vida longa)",99,0,1
17,29,0,Empiristas,"Z=111 Rg (vida longa)",111,0,1
17,29,0,Empiristas,"Z=73 Ta (vida longa)",73,0,1
17,29,2,Evolucionistas,"Z=63 Eu (vida longa)",63,0,1
17,30,0,Empiristas,"Z=25 Mn (vida longa)",25,1,0
17,30,0,Empiristas,"Z=107 Bh (vida longa)",107,0,0
17,30,1,Incrementalistas,"Z=113 Nh (vida longa)",113,1,0
17,30,2,Evolucionistas,"Z=79 Au (vida longa)",79,0,0
17,30,2,Evolucionistas,"Z=32 Ge (vida longa)",32,0,1
17,31,1,Incrementalistas,"Z=112 Cn (vida longa)",112,1,0
17,31,2,Evolucionistas,"Z=70 Yb (vida longa)",70,0,0
17,31,2,Evolucionistas,"Z=102 No (vida longa)",102,0,0
17,32,0,Empiristas,"Z=110 Ds (vida longa)",110,1,0
17,32,0,Empiristas,"Z=102 No (vida longa)",102,0,0
17,32,1,Incrementalistas,"Z=110 Ds (vida longa)",110,0,0
17,32,2,Evolucionistas,"Z=92 U (vida longa)",92,1,0
17,32,2,Evolucionistas,"Z=14 Si (vida longa)",14,0,0
17,32,2,Evolucionistas,"Z=97 Bk (vida longa)",97,0,0
17,33,1,Incrementalistas,"Z=114 Fl (vida longa)",114,1,0
17,33,2,Evolucionistas,"Z=110 Ds (vida longa)",110,0,0
17,33,1,Incrementalistas,"Z=95 Am (vida longa)",95,0,1
17,33,0,Empiristas,"Z=114 Fl (vida longa)",114,0,1
17,34,2,Evolucionistas,"Z=107 Bh (vida longa)",107,0,0
17,35,1,Incrementalistas,"nucleos efemeros",107.532,0,0
17,35,1,Incrementalistas,"Z=110 Ds (vida longa)",110,0,0
17,35,3,Isolados,"Z=40 Zr (vida longa)",40,1,0
17,36,0,Empiristas,"Z=109 Mt (vida longa)",109,0,0
17,36,0,Empiristas,"Z=76 Os (vida longa)",76,0,0
17,36,1,Incrementalistas,"Z=109 Mt (vida longa)",109,0,0
17,36,1,Incrementalistas,"Z=114 Fl (vida longa)",114,0,0
17,36,2,Evolucionistas,"Z=93 Np (vida longa)",93,0,0
17,36,3,Isolados,"Z=114 Fl (vida longa)",114,0,0
17,36,2,Evolucionistas,"Z=114 Fl (vida longa)",114,0,1
17,37,0,Empiristas,"Z=3 Li (vida longa)",3,0,0
17,37,0,Empiristas,"Z=82 Pb (vida longa)",82,0,0
17,37,1,Incrementalistas,"Z=112 Cn (vida longa)",112,0,0
17,37,2,Evolucionistas,"Z=105 Db (vida longa)",105,0,0
17,37,3,Isolados,"Z=10 Ne (vida longa)",10,1,0
17,37,3,Isolados,"Z=50 Sn (vida longa)",50,1,0
17,39,0,Empiristas,"Z=113 Nh (vida longa)",113,0,0
17,39,0,Empiristas,"Z=22 Ti (vida longa)",22,1,0
17,39,2,Evolucionistas,"Z=104 Rf (vida longa)",104,0,0
17,39,2,Evolucionistas,"Z=113 Nh (vida longa)",113,0,0
17,40,2,Evolucionistas,"Z=69 Tm (vida longa)",69,0,0
17,41,0,Empiristas,"Z=74 W (vida longa)",74,0,0
17,41,0,Empiristas,"Z=28 Ni (vida longa)",28,0,0
17,41,3,Isolados,"Z=84 Po (vida longa)",84,0,0
17,42,0,Empiristas,"Z=115 Mc (vida longa)",115,1,0
17,42,1,Incrementalistas,"Z=98 Cf (vida longa)",98,1,0
17,42,1,Incrementalistas,"Z=104 Rf (vida longa)",104,0,0
17,42,2,Evolucionistas,"Z=98 Cf (vida longa)",98,0,0
17,42,3,Isolados,"Z=96 Cm (vida longa)",96,0,0
17,42,3,Isolados,"Z=98 Cf (vida longa)",98,0,0
17,42,3,Isolados,"Z=94 Pu (vida longa)",94,0,0
17,43,0,Empiristas,"Z=65 Tb (vida longa)",65,0,0
17,43,0,Empiristas,"Z=40 Zr (vida longa)",40,0,0
17,43,0,Empiristas,"Z=112 Cn (vida longa)",112,0,0
17,43,1,Incrementalistas,"Z=113 Nh (vida longa)",113,0,0
17,43,3,Isolados,"Z=6 C (vida longa)",6,0,0
17,43,3,Isolados,"Z=88 Ra (vida longa)",88,0,0
17,43,3,Isolados,"Z=113 Nh (vida longa)",113,0,0
17,44,0,Empiristas,"Z=20 Ca (vida longa)",20,1,0
17,44,3,Isolados,"Z=111 Rg (vida longa)",111,0,0
17,44,3,Isolados,"Z=110 Ds (vida longa)",110,0,0
17,45,2,Evolucionistas,"Z=109 Mt (vida longa)",109,0,0
17,45,3,Isolados,"Z=95 Am (vida longa)",95,0,0
17,45,3,Isolados,"Z=2 He (vida longa)",2,0,0
17,45,1,Incrementalistas,"Z=115 Mc (vida longa)",115,0,1
17,45,1,Incrementalistas,"Z=68 Er (vida longa)",68,0,1
17,46,3,Isolados,"Z=112 Cn (vida longa)",112,0,0
17,47,3,Isolados,"Z=8 O (vida longa)",8,0,0
17,48,0,Empiristas,"Z=12 Mg (vida longa)",12,1,0
17,48,2,Evolucionistas,"Z=56 Ba (vida longa)",56,0,0
17,48,3,Isolados,"Z=109 Mt (vida longa)",109,0,0
17,49,0,Empiristas,"Z=47 Ag (vida longa)",47,1,0
17,49,1,Incrementalistas,"Z=53 I (vida longa)",53,0,0
17,50,2,Evolucionistas,"Z=112 Cn (vida longa)",112,0,0
17,50,3,Isolados,"Z=90 Th (vida longa)",90,1,0
17,51,0,Empiristas,"Z=98 Cf (vida longa)",98,0,0
17,51,3,Isolados,"Z=86 Rn (vida longa)",86,0,0
17,52,3,Isolados,"Z=108 Hs (vida longa)",108,0,0
17,52,3,Isolados,"Z=70 Yb (vida longa)",70,0,0
17,53,3,Isolados,"Z=115 Mc (vida longa)",115,0,0
17,54,0,Empiristas,"Z=24 Cr (vida longa)",24,1,0
17,54,3,Isolados,"Z=16 S (vida longa)",16,0,0
17,54,3,Isolados,"Z=18 Ar (vida longa)",18,1,0
17,54,2,Evolucionistas,"Z=115 Mc (vida longa)",115,0,1
17,54,2,Evolucionistas,"Z=3 Li (vida longa)",3,0,1
17,55,3,Isolados,"Z=22 Ti (vida longa)",22,0,0
17,55,1,Incrementalistas,"Z=74 W (vida longa)",74,0,1
17,56,0,Empiristas,"Z=51 Sb (vida longa)",51,0,0
17,56,1,Incrementalistas,"Z=77 Ir (vida longa)",77,0,0
17,56,3,Isolados,"Z=69 Tm (vida longa)",69,0,0
17,57,0,Empiristas,"Z=6 C (vida longa)",6,0,0
17,58,0,Empiristas,"Z=9 F (vida longa)",9,1,0
17,58,0,Empiristas,"Z=38 Sr (vida longa)",38,1,0
17,58,3,Isolados,"Z=107 Bh (vida longa)",107,0,0
17,58,2,Evolucionistas,"Z=49 In (vida longa)",49,0,1
17,59,0,Empiristas,"Z=41 Nb (vida longa)",41,0,0
17,59,3,Isolados,"Z=106 Sg (vida longa)",106,0,0
17,60,1,Incrementalistas,"Z=73 Ta (vida longa)",73,0,0
17,60,2,Evolucionistas,"Z=18 Ar (vida longa)",18,0,0
17,61,0,Empiristas,"Z=37 Rb (vida longa)",37,1,0
17,61,1,Incrementalistas,"Z=108 Hs (vida longa)",108,0,0
17,63,2,Evolucionistas,"Z=87 Fr (vida longa)",87,1,0
17,63,1,Incrementalistas,"Z=95 Am (vida longa)",95,0,1
17,64,0,Empiristas,"Z=13 Al (vida longa)",13,1,0
17,64,1,Incrementalistas,"Z=37 Rb (vida longa)",37,0,0
17,65,0,Empiristas,"Z=52 Te (vida longa)",52,0,0
17,65,3,Isolados,"Z=9 F (vida longa)",9,0,0
17,66,0,Empiristas,"Z=48 Cd (vida longa)",48,1,0
17,66,1,Incrementalistas,"Z=64 Gd (vida longa)",64,0,0
17,67,0,Empiristas,"Z=50 Sn (vida longa)",50,0,0
17,67,2,Evolucionistas,"Z=86 Rn (vida longa)",86,0,0
17,68,0,Empiristas,"Z=64 Gd (vida longa)",64,0,0
17,68,3,Isolados,"Z=19 K (vida longa)",19,1,0
17,68,1,Incrementalistas,"Z=86 Rn (vida longa)",86,0,1
17,69,0,Empiristas,"Z=19 K (vida longa)",19,0,0
17,70,0,Empiristas,"Z=92 U (vida longa)",92,0,0
17,70,0,Empiristas,"Z=26 Fe (vida longa)",26,0,0
17,71,3,Isolados,"Z=83 Bi (vida longa)",83,0,0
17,72,3,Isolados,"Z=44 Ru (vida longa)",44,1,0
17,73,0,Empiristas,"Z=30 Zn (vida longa)",30,1,0
17,74,0,Empiristas,"Z=21 Sc (vida longa)",21,1,0
17,74,1,Incrementalistas,"Z=83 Bi (vida longa)",83,0,0
17,74,3,Isolados,"Z=21 Sc (vida longa)",21,0,0
17,75,0,Empiristas,"Z=85 At (vida longa)",85,1,0
17,75,1,Incrementalistas,"Z=76 Os (vida longa)",76,0,0
17,75,3,Isolados,"Z=97 Bk (vida longa)",97,0,0
17,75,2,Evolucionistas,"Z=65 Tb (vida longa)",65,0,1
17,76,0,Empiristas,"Z=31 Ga (vida longa)",31,0,0
17,77,3,Isolados,"Z=32 Ge (vida longa)",32,0,0
17,77,3,Isolados,"Z=4 Be (vida longa)",4,1,0
17,77,3,Isolados,"Z=85 At (vida longa)",85,0,0
17,78,0,Empiristas,"Z=77 Ir (vida longa)",77,0,0
17,79,0,Empiristas,"Z=18 Ar (vida longa)",18,0,0
17,79,1,Incrementalistas,"Z=39 Y (vida longa)",39,1,0
17,79,2,Evolucionistas,"Z=12 Mg (vida longa)",12,0,0
17,79,1,Incrementalistas,"Z=20 Ca (vida longa)",20,0,1
17,80,2,Evolucionistas,"Z=22 Ti (vida longa)",22,0,0
17,80,3,Isolados,"Z=43 Tc (vida longa)",43,1,0
17,80,1,Incrementalistas,"Z=14 Si (vida longa)",14,0,1
17,81,3,Isolados,"Z=31 Ga (vida longa)",31,0,0
17,82,2,Evolucionistas,"Z=82 Pb (vida longa)",82,0,0
17,82,1,Incrementalistas,"Z=96 Cm (vida longa)",96,0,1
17,83,0,Empiristas,"Z=7 N (vida longa)",7,1,0
17,84,0,Empiristas,"Z=89 Ac (vida longa)",89,1,0
17,84,2,Evolucionistas,"Z=2 He (vida longa)",2,0,0
17,84,2,Evolucionistas,"Z=24 Cr (vida longa)",24,0,0
17,84,3,Isolados,"Z=33 As (vida longa)",33,1,0
17,85,0,Empiristas,"Z=87 Fr (vida longa)",87,0,0
17,85,1,Incrementalistas,"Z=16 S (vida longa)",16,0,0
17,85,2,Evolucionistas,"Z=59 Pr (vida longa)",59,1,0
17,86,0,Empiristas,"Z=71 Lu (vida longa)",71,0,0
17,86,3,Isolados,"Z=48 Cd (vida longa)",48,0,0
17,87,1,Incrementalistas,"Z=34 Se (vida longa)",34,0,0
17,87,3,Isolados,"Z=87 Fr (vida longa)",87,0,0
17,87,1,Incrementalistas,"Z=89 Ac (vida longa)",89,0,1
17,88,0,Empiristas,"Z=45 Rh (vida longa)",45,1,0
17,88,1,Incrementalistas,"Z=38 Sr (vida longa)",38,0,0
17,89,0,Empiristas,"Z=91 Pa (vida longa)",91,1,0
17,89,0,Empiristas,"Z=23 V (vida longa)",23,1,0
17,89,1,Incrementalistas,"Z=56 Ba (vida longa)",56,0,0
17,89,3,Isolados,"Z=54 Xe (vida longa)",54,0,0
17,89,2,Evolucionistas,"Z=35 Br (vida longa)",35,0,1
17,90,0,Empiristas,"Z=15 P (vida longa)",15,1,0
17,90,1,Incrementalistas,"Z=80 Hg (vida longa)",80,0,0
17,90,3,Isolados,"Z=27 Co (vida longa)",27,0,0
17,91,2,Evolucionistas,"Z=36 Kr (vida longa)",36,0,0
17,91,3,Isolados,"Z=1 H (vida longa)",1,1,0
17,91,3,Isolados,"Z=34 Se (vida longa)",34,0,0
17,91,3,Isolados,"Z=68 Er (vida longa)",68,0,0
17,92,1,Incrementalistas,"Z=84 Po (vida longa)",84,0,0
17,92,1,Incrementalistas,"Z=18 Ar (vida longa)",18,0,0
17,92,1,Incrementalistas,"Z=41 Nb (vida longa)",41,0,1
17,93,0,Empiristas,"Z=4 Be (vida longa)",4,0,0
17,93,1,Incrementalistas,"Z=61 Pm (vida longa)",61,1,0
17,93,1,Incrementalistas,"Z=2 He (vida longa)",2,0,1
17,94,3,Isolados,"Z=24 Cr (vida longa)",24,0,0
17,95,1,Incrementalistas,"Z=50 Sn (vida longa)",50,0,0
17,95,2,Evolucionistas,"Z=84 Po (vida longa)",84,0,0
17,95,3,Isolados,"Z=53 I (vida longa)",53,0,0
17,96,1,Incrementalistas,"Z=93 Np (vida longa)",93,0,0
17,96,1,Incrementalistas,"Z=63 Eu (vida longa)",63,0,0
17,96,2,Evolucionistas,"Z=100 Fm (vida longa)",100,0,0
17,96,2,Evolucionistas,"Z=47 Ag (vida longa)",47,0,1
17,97,0,Empiristas,"Z=61 Pm (vida longa)",61,0,0
17,97,3,Isolados,"Z=30 Zn (vida longa)",30,0,0
17,97,3,Isolados,"Z=29 Cu (vida longa)",29,0,0
17,98,0,Empiristas,"Z=75 Re (vida longa)",75,0,0
17,99,2,Evolucionistas,"Z=101 Md (vida longa)",101,0,0
17,99,3,Isolados,"Z=26 Fe (vida longa)",26,0,0
17,100,0,Empiristas,"Z=59 Pr (vida longa)",59,0,0
17,100,1,Incrementalistas,"Z=46 Pd (vida longa)",46,0,0
17,100,1,Incrementalistas,"Z=60 Nd (vida longa)",60,1,0
17,100,3,Isolados,"Z=92 U (vida longa)",92,0,0
17,100,3,Isolados,"Z=56 Ba (vida longa)",56,0,0
17,101,0,Empiristas,"Z=1 H (vida longa)",1,0,0
17,101,2,Evolucionistas,"Z=28 Ni (vida longa)",28,0,0
17,102,0,Empiristas,"Z=39 Y (vida longa)",39,0,0
17,102,1,Incrementalistas,"Z=33 As (vida longa)",33,0,0
17,102,1,Incrementalistas,"Z=42 Mo (vida longa)",42,1,0
17,102,3,Isolados,"Z=93 Np (vida longa)",93,0,0
17,103,1,Incrementalistas,"Z=17 Cl (vida longa)",17,1,0
17,103,3,Isolados,"Z=36 Kr (vida longa)",36,0,0
17,103,3,Isolados,"Z=25 Mn (vida longa)",25,0,0
17,103,2,Evolucionistas,"Z=16 S (vida longa)",16,0,1
17,105,1,Incrementalistas,"Z=6 C (vida longa)",6,0,0
17,105,3,Isolados,"Z=17 Cl (vida longa)",17,0,0
17,106,2,Evolucionistas,"Z=33 As (vida longa)",33,0,0
17,106,3,Isolados,"Z=46 Pd (vida longa)",46,0,0
17,107,1,Incrementalistas,"Z=43 Tc (vida longa)",43,0,0
17,107,2,Evolucionistas,"Z=51 Sb (vida longa)",51,0,1
17,108,2,Evolucionistas,"Z=4 Be (vida longa)",4,0,0
17,108,3,Isolados,"Z=58 Ce (vida longa)",58,0,0
17,109,0,Empiristas,"Z=44 Ru (vida longa)",44,0,0
17,109,0,Empiristas,"Z=29 Cu (vida longa)",29,0,0
17,109,1,Incrementalistas,"Z=5 B (vida longa)",5,0,0
17,109,3,Isolados,"Z=57 La (vida longa)",57,0,0
17,109,3,Isolados,"Z=15 P (vida longa)",15,0,0
17,110,1,Incrementalistas,"Z=4 Be (vida longa)",4,0,0
17,111,0,Empiristas,"Z=42 Mo (vida longa)",42,0,0
17,111,0,Empiristas,"Z=60 Nd (vida longa)",60,0,0
17,111,3,Isolados,"Z=37 Rb (vida longa)",37,0,0
17,113,0,Empiristas,"Z=10 Ne (vida longa)",10,0,0
17,113,1,Incrementalistas,"Z=30 Zn (vida longa)",30,0,0
17,113,2,Evolucionistas,"Z=5 B (vida longa)",5,0,0
17,113,2,Evolucionistas,"Z=6 C (vida longa)",6,0,0
17,113,3,Isolados,"Z=42 Mo (vida longa)",42,0,0
17,113,2,Evolucionistas,"Z=15 P (vida longa)",15,0,1
17,114,2,Evolucionistas,"Z=1 H (vida longa)",1,0,0
17,114,3,Isolados,"Z=12 Mg (vida longa)",12,0,0
17,114,2,Evolucionistas,"Z=48 Cd (vida longa)",48,0,1
17,115,1,Incrementalistas,"Z=75 Re (vida longa)",75,0,0
17,115,1,Incrementalistas,"Z=97 Bk (vida longa)",97,0,0
17,115,2,Evolucionistas,"Z=38 Sr (vida longa)",38,0,0
17,115,3,Isolados,"Z=20 Ca (vida longa)",20,0,0
17,117,1,Incrementalistas,"Z=3 Li (vida longa)",3,0,0
17,117,2,Evolucionistas,"Z=40 Zr (vida longa)",40,0,0
17,117,1,Incrementalistas,"Z=21 Sc (vida longa)",21,0,1
17,118,1,Incrementalistas,"Z=52 Te (vida longa)",52,0,0
17,118,1,Incrementalistas,"Z=94 Pu (vida longa)",94,0,0
17,118,2,Evolucionistas,"Z=61 Pm (vida longa)",61,0,0
17,118,3,Isolados,"Z=61 Pm (vida longa)",61,0,0
17,119,3,Isolados,"Z=38 Sr (vida longa)",38,0,0
17,120,2,Evolucionistas,"Z=10 Ne (vida longa)",10,0,0
17,120,3,Isolados,"Z=59 Pr (vida longa)",59,0,0
17,120,3,Isolados,"Z=13 Al (vida longa)",13,0,0
17,121,2,Evolucionistas,"Z=53 I (vida longa)",53,0,0
17,123,2,Evolucionistas,"Z=99 Es (vida longa)",99,0,0
17,123,3,Isolados,"Z=65 Tb (vida longa)",65,0,0
17,124,1,Incrementalistas,"Z=51 Sb (vida longa)",51,0,0
17,124,2,Evolucionistas,"Z=20 Ca (vida longa)",20,0,0
17,125,0,Empiristas,"Z=43 Tc (vida longa)",43,0,0
17,125,1,Incrementalistas,"Z=58 Ce (vida longa)",58,0,0
17,125,1,Incrementalistas,"Z=40 Zr (vida longa)",40,0,0
17,125,3,Isolados,"Z=52 Te (vida longa)",52,0,0
17,126,3,Isolados,"Z=104 Rf (vida longa)",104,0,0
17,127,1,Incrementalistas,"Z=92 U (vida longa)",92,0,0
17,127,1,Incrementalistas,"Z=48 Cd (vida longa)",48,0,0
17,127,2,Evolucionistas,"Z=73 Ta (vida longa)",73,0,0
17,127,3,Isolados,"Z=64 Gd (vida longa)",64,0,0
17,128,0,Empiristas,"Z=90 Th (vida longa)",90,0,0
17,128,1,Incrementalistas,"Z=45 Rh (vida longa)",45,0,0
17,128,2,Evolucionistas,"Z=64 Gd (vida longa)",64,0,0
17,128,2,Evolucionistas,"Z=17 Cl (vida longa)",17,0,0
17,128,2,Evolucionistas,"Z=37 Rb (vida longa)",37,0,1
17,129,3,Isolados,"Z=45 Rh (vida longa)",45,0,0
17,129,3,Isolados,"Z=55 Cs (vida longa)",55,0,0
17,130,0,Empiristas,"Z=94 Pu (vida longa)",94,0,0
17,130,1,Incrementalistas,"Z=8 O (vida longa)",8,0,0
17,131,0,Empiristas,"Z=49 In (vida longa)",49,0,0
17,131,2,Evolucionistas,"Z=7 N (vida longa)",7,0,0
17,132,1,Incrementalistas,"Z=47 Ag (vida longa)",47,0,0
17,133,0,Empiristas,"Z=33 As (vida longa)",33,0,0
17,133,1,Incrementalistas,"Z=31 Ga (vida longa)",31,0,0
17,134,1,Incrementalistas,"Z=1 H (vida longa)",1,0,0
17,135,1,Incrementalistas,"Z=91 Pa (vida longa)",91,0,0
17,135,2,Evolucionistas,"Z=13 Al (vida longa)",13,0,0
17,135,3,Isolados,"Z=66 Dy (vida longa)",66,0,0
17,135,2,Evolucionistas,"Z=71 Lu (vida longa)",71,0,1
17,136,1,Incrementalistas,"Z=23 V (vida longa)",23,0,0
17,136,3,Isolados,"Z=62 Sm (vida longa)",62,0,0
17,136,3,Isolados,"Z=102 No (vida longa)",102,0,0
17,137,1,Incrementalistas,"Z=55 Cs (vida longa)",55,0,0
17,138,1,Incrementalistas,"Z=82 Pb (vida longa)",82,0,0
17,138,3,Isolados,"Z=89 Ac (vida longa)",89,0,0
17,139,0,Empiristas,"Z=101 Md (vida longa)",101,0,0
17,139,3,Isolados,"Z=7 N (vida longa)",7,0,0
17,140,1,Incrementalistas,"Z=44 Ru (vida longa)",44,0,0
17,140,3,Isolados,"Z=91 Pa (vida longa)",91,0,0
17,140,3,Isolados,"Z=105 Db (vida longa)",105,0,0
17,140,1,Incrementalistas,"Z=15 P (vida longa)",15,0,1
17,142,1,Incrementalistas,"Z=10 Ne (vida longa)",10,0,0
17,142,3,Isolados,"Z=63 Eu (vida longa)",63,0,0
17,144,1,Incrementalistas,"Z=22 Ti (vida longa)",22,0,0
17,144,1,Incrementalistas,"Z=26 Fe (vida longa)",26,0,1
17,145,1,Incrementalistas,"Z=85 At (vida longa)",85,0,0
17,145,2,Evolucionistas,"Z=46 Pd (vida longa)",46,0,0
17,148,1,Incrementalistas,"Z=87 Fr (vida longa)",87,0,0
17,148,2,Evolucionistas,"Z=113 Nh (vida longa)",113,0,0
17,148,2,Evolucionistas,"Z=50 Sn (vida longa)",50,0,0
17,148,3,Isolados,"Z=49 In (vida longa)",49,0,0
17,148,2,Evolucionistas,"Z=21 Sc (vida longa)",21,0,1
17,148,1,Incrementalistas,"Z=7 N (vida longa)",7,0,1
17,150,1,Incrementalistas,"Z=29 Cu (vida longa)",29,0,0
17,150,3,Isolados,"Z=35 Br (vida longa)",35,0,0
17,152,2,Evolucionistas,"Z=25 Mn (vida longa)",25,0,0
17,152,2,Evolucionistas,"Z=86 Rn (vida longa)",86,0,1
17,153,1,Incrementalistas,"Z=12 Mg (vida longa)",12,0,0
17,153,3,Isolados,"Z=5 B (vida longa)",5,0,0
17,153,3,Isolados,"Z=100 Fm (vida longa)",100,0,0
17,154,1,Incrementalistas,"Z=27 Co (vida longa)",27,0,0
17,154,2,Evolucionistas,"Z=31 Ga (vida longa)",31,0,0
17,157,1,Incrementalistas,"Z=90 Th (vida longa)",90,0,0
17,158,2,Evolucionistas,"Z=5 B (vida longa)",5,0,0
17,158,3,Isolados,"Z=60 Nd (vida longa)",60,0,0
17,159,2,Evolucionistas,"Z=46 Pd (vida longa)",46,0,0
17,160,1,Incrementalistas,"Z=79 Au (vida longa)",79,0,1
17,161,1,Incrementalistas,"Z=28 Ni (vida longa)",28,0,0
17,161,3,Isolados,"Z=101 Md (vida longa)",101,0,0
17,161,1,Incrementalistas,"Z=67 Ho (vida longa)",67,0,1
17,163,2,Evolucionistas,"Z=60 Nd (vida longa)",60,0,0
17,164,1,Incrementalistas,"Z=19 K (vida longa)",19,0,0
17,164,2,Evolucionistas,"Z=65 Tb (vida longa)",65,0,0
17,164,2,Evolucionistas,"Z=3 Li (vida longa)",3,0,0
17,164,2,Evolucionistas,"Z=30 Zn (vida longa)",30,0,0
17,165,2,Evolucionistas,"Z=57 La (vida longa)",57,0,0
17,165,3,Isolados,"Z=14 Si (vida longa)",14,0,0
17,167,3,Isolados,"Z=99 Es (vida longa)",99,0,0
17,168,1,Incrementalistas,"Z=25 Mn (vida longa)",25,0,0
17,169,1,Incrementalistas,"Z=102 No (vida longa)",102,0,0
17,169,2,Evolucionistas,"Z=44 Ru (vida longa)",44,0,0
17,169,3,Isolados,"Z=39 Y (vida longa)",39,0,0
17,170,0,Empiristas,"Z=17 Cl (vida longa)",17,0,0
17,171,2,Evolucionistas,"Z=105 Db (vida longa)",105,0,0
17,172,2,Evolucionistas,"Z=70 Yb (vida longa)",70,0,0
17,172,3,Isolados,"Z=67 Ho (vida longa)",67,0,0
17,172,2,Evolucionistas,"Z=89 Ac (vida longa)",89,0,1
17,173,2,Evolucionistas,"Z=22 Ti (vida longa)",22,0,0
17,173,2,Evolucionistas,"Z=36 Kr (vida longa)",36,0,0
17,174,2,Evolucionistas,"Z=20 Ca (vida longa)",20,0,0
17,174,2,Evolucionistas,"Z=29 Cu (vida longa)",29,0,0
17,175,2,Evolucionistas,"Z=62 Sm (vida longa)",62,0,0
17,175,2,Evolucionistas,"Z=68 Er (vida longa)",68,0,0
17,175,2,Evolucionistas,"Z=45 Rh (vida longa)",45,0,0
17,175,2,Evolucionistas,"Z=100 Fm (vida longa)",100,0,0
17,175,2,Evolucionistas,"Z=85 At (vida longa)",85,0,0
17,176,1,Incrementalistas,"Z=24 Cr (vida longa)",24,0,0
17,177,2,Evolucionistas,"Z=87 Fr (vida longa)",87,0,0
17,177,2,Evolucionistas,"Z=58 Ce (vida longa)",58,0,0
17,177,2,Evolucionistas,"Z=12 Mg (vida longa)",12,0,0
17,177,3,Isolados,"Z=11 Na (vida longa)",11,0,0
17,178,2,Evolucionistas,"Z=51 Sb (vida longa)",51,0,0
17,178,2,Evolucionistas,"Z=88 Ra (vida longa)",88,0,0
17,178,2,Evolucionistas,"Z=91 Pa (vida longa)",91,0,0
17,179,2,Evolucionistas,"Z=106 Sg (vida longa)",106,0,0
17,179,3,Isolados,"Z=47 Ag (vida longa)",47,0,0
17,180,2,Evolucionistas,"Z=102 No (vida longa)",102,0,0
17,180,2,Evolucionistas,"Z=103 Lr (vida longa)",103,0,0
17,182,1,Incrementalistas,"Z=59 Pr (vida longa)",59,0,0
17,182,1,Incrementalistas,"Z=88 Ra (vida longa)",88,0,0
17,182,2,Evolucionistas,"Z=77 Ir (vida longa)",77,0,0
17,182,2,Evolucionistas,"Z=90 Th (vida longa)",90,0,0
17,183,1,Incrementalistas,"Z=9 F (vida longa)",9,0,0
17,183,2,Evolucionistas,"Z=97 Bk (vida longa)",97,0,0
17,183,2,Evolucionistas,"Z=34 Se (vida longa)",34,0,0
17,184,1,Incrementalistas,"Z=11 Na (vida longa)",11,0,0
17,184,2,Evolucionistas,"Z=74 W (vida longa)",74,0,0
17,184,2,Evolucionistas,"Z=83 Bi (vida longa)",83,0,0
17,185,1,Incrementalistas,"Z=13 Al (vida longa)",13,0,0
17,185,2,Evolucionistas,"Z=42 Mo (vida longa)",42,0,0
17,186,2,Evolucionistas,"Z=71 Lu (vida longa)",71,0,0
17,187,3,Isolados,"Z=23 V (vida longa)",23,0,0
17,188,2,Evolucionistas,"Z=23 V (vida longa)",23,0,0
17,188,3,Isolados,"Z=103 Lr (vida longa)",103,0,0
17,188,1,Incrementalistas,"Z=81 Tl (vida longa)",81,0,1
17,189,2,Evolucionistas,"Z=38 Sr (vida longa)",38,0,0
17,191,2,Evolucionistas,"Z=93 Np (vida longa)",93,0,0
17,192,2,Evolucionistas,"Z=10 Ne (vida longa)",10,0,0
17,192,2,Evolucionistas,"Z=104 Rf (vida longa)",104,0,0
17,193,2,Evolucionistas,"Z=39 Y (vida longa)",39,0,0
17,197,2,Evolucionistas,"Z=41 Nb (vida longa)",41,0,0
17,201,2,Evolucionistas,"Z=11 Na (vida longa)",11,0,0
17,218,2,Evolucionistas,"Z=9 F (vida longa)",9,0,0
17,220,2,Evolucionistas,"Z=110 Ds (vida longa)",110,0,0
17,220,2,Evolucionistas,"Z=111 Rg (vida longa)",111,0,0
17,220,2,Evolucionistas,"Z=5 B (vida longa)",5,0,0
17,220,2,Evolucionistas,"Z=4 Be (vida longa)",4,0,0
17,221,2,Evolucionistas,"Z=24 Cr (vida longa)",24,0,0
17,221,2,Evolucionistas,"Z=9 F (vida longa)",9,0,0
17,221,2,Evolucionistas,"Z=8 O (vida longa)",8,0,0
17,221,2,Evolucionistas,"Z=19 K (vida longa)",19,0,0
17,221,2,Evolucionistas,"Z=79 Au (vida longa)",79,0,0
17,221,2,Evolucionistas,"Z=56 Ba (vida longa)",56,0,0
17,221,2,Evolucionistas,"Z=57 La (vida longa)",57,0,0
17,221,2,Evolucionistas,"Z=109 Mt (vida longa)",109,0,0
17,221,2,Evolucionistas,"Z=68 Er (vida longa)",68,0,0
17,222,2,Evolucionistas,"Z=47 Ag (vida longa)",47,0,0
17,224,2,Evolucionistas,"Z=27 Co (vida longa)",27,0,0
17,224,2,Evolucionistas,"Z=58 Ce (vida longa)",58,0,0
17,225,2,Evolucionistas,"Z=7 N (vida longa)",7,0,0
17,225,2,Evolucionistas,"Z=50 Sn (vida longa)",50,0,0
17,225,2,Evolucionistas,"Z=78 Pt (vida longa)",78,0,0
17,226,2,Evolucionistas,"Z=36 Kr (vida longa)",36,0,0
17,228,2,Evolucionistas,"Z=43 Tc (vida longa)",43,0,0
17,229,2,Evolucionistas,"Z=87 Fr (vida longa)",87,0,0
17,229,2,Evolucionistas,"Z=38 Sr (vida longa)",38,0,0
17,231,2,Evolucionistas,"Z=13 Al (vida longa)",13,0,0
17,232,2,Evolucionistas,"Z=84 Po (vida longa)",84,0,0
17,233,2,Evolucionistas,"Z=26 Fe (vida longa)",26,0,0
17,234,2,Evolucionistas,"Z=49 In (vida longa)",49,0,0
17,235,2,Evolucionistas,"Z=60 Nd (vida longa)",60,0,0
17,235,2,Evolucionistas,"Z=100 Fm (vida longa)",100,0,0
17,238,2,Evolucionistas,"Z=96 Cm (vida longa)",96,0,0
17,238,2,Evolucionistas,"Z=105 Db (vida longa)",105,0,0
17,242,2,Evolucionistas,"Z=21 Sc (vida longa)",21,0,0
17,242,2,Evolucionistas,"Z=31 Ga (vida longa)",31,0,0
17,244,2,Evolucionistas,"Z=107 Bh (vida longa)",107,0,0
17,244,2,Evolucionistas,"Z=101 Md (vida longa)",101,0,0
17,245,2,Evolucionistas,"Z=83 Bi (vida longa)",83,0,0
17,245,2,Evolucionistas,"Z=61 Pm (vida longa)",61,0,0
17,246,2,Evolucionistas,"Z=72 Hf (vida longa)",72,0,0
17,246,2,Evolucionistas,"Z=75 Re (vida longa)",75,0,1
17,248,2,Evolucionistas,"Z=48 Cd (vida longa)",48,0,0
17,256,2,Evolucionistas,"Z=59 Pr (vida longa)",59,0,0
17,259,2,Evolucionistas,"Z=1 H (vida longa)",1,0,0
17,261,2,Evolucionistas,"Z=46 Pd (vida longa)",46,0,0
17,267,2,Evolucionistas,"Z=81 Tl (vida longa)",81,0,0
17,267,2,Evolucionistas,"Z=115 Mc (vida longa)",115,0,0
17,267,2,Evolucionistas,"Z=55 Cs (vida longa)",55,0,0
17,268,2,Evolucionistas,"Z=62 Sm (vida longa)",62,0,0
17,268,2,Evolucionistas,"Z=4 Be (vida longa)",4,0,0
17,269,2,Evolucionistas,"Z=69 Tm (vida longa)",69,0,0
17,269,2,Evolucionistas,"Z=102 No (vida longa)",102,0,0
17,269,2,Evolucionistas,"Z=71 Lu (vida longa)",71,0,0
17,270,2,Evolucionistas,"Z=49 In (vida longa)",49,0,0
17,271,2,Evolucionistas,"Z=2 He (vida longa)",2,0,0
17,271,2,Evolucionistas,"Z=73 Ta (vida longa)",73,0,0
17,271,2,Evolucionistas,"Z=104 Rf (vida longa)",104,0,0
17,271,2,Evolucionistas,"Z=98 Cf (vida longa)",98,0,0
17,271,2,Evolucionistas,"Z=67 Ho (vida longa)",67,0,0
17,272,2,Evolucionistas,"Z=46 Pd (vida longa)",46,0,0
17,272,2,Evolucionistas,"Z=27 Co (vida longa)",27,0,0
17,274,2,Evolucionistas,"Z=35 Br (vida longa)",35,0,0
17,275,2,Evolucionistas,"Z=8 O (vida longa)",8,0,0
17,275,2,Evolucionistas,"Z=28 Ni (vida longa)",28,0,0
17,275,2,Evolucionistas,"Z=80 Hg (vida longa)",80,0,0
17,276,2,Evolucionistas,"Z=72 Hf (vida longa)",72,0,0
17,276,2,Evolucionistas,"Z=32 Ge (vida longa)",32,0,0
17,278,2,Evolucionistas,"Z=50 Sn (vida longa)",50,0,0
17,281,2,Evolucionistas,"Z=92 U (vida longa)",92,0,0
17,283,2,Evolucionistas,"Z=64 Gd (vida longa)",64,0,0
17,291,2,Evolucionistas,"Z=38 Sr (vida longa)",38,0,0
17,292,2,Evolucionistas,"Z=25 Mn (vida longa)",25,0,0
17,294,2,Evolucionistas,"Z=57 La (vida longa)",57,0,0
17,295,2,Evolucionistas,"Z=43 Tc (vida longa)",43,0,0
17,297,2,Evolucionistas,"Z=1 H (vida longa)",1,0,0
18,0,0,Empiristas,"Z=8 O (vida longa)",8,1,0
18,0,0,Empiristas,"Z=26 Fe (vida longa)",26,1,0
18,0,0,Empiristas,"nucleos efemeros",2.25132,1,0
18,0,1,Incrementalistas,"Z=59 Pr (vida longa)",59,1,0
18,0,1,Incrementalistas,"Z=4 Be (vida longa)",4,1,0
18,0,1,Incrementalistas,"Z=62 Sm (vida longa)",62,1,0
18,0,1,Incrementalistas,"Z=60 Nd (vida longa)",60,1,0
18,0,2,Evolucionistas,"nucleos efemeros",81.2397,0,0
18,0,2,Evolucionistas,"Z=98 Cf (vida longa)",98,1,0
18,0,3,Isolados,"nucleos efemeros",56.044,0,0
18,1,0,Empiristas,"Z=52 Te (vida longa)",52,1,0
18,1,0,Empiristas,"Z=94 Pu (vida longa)",94,1,0
18,1,1,Incrementalistas,"nucleos efemeros",63.4615,0,0
18,1,2,Evolucionistas,"Z=95 Am (vida longa)",95,1,0
18,1,0,Empiristas,"Z=4 Be (vida longa)",4,0,1
18,1,1,Incrementalistas,"Z=94 Pu (vida longa)",94,0,1
18,2,0,Empiristas,"Z=96 Cm (vida longa)",96,1,0
18,2,0,Empiristas,"Z=99 Es (vida longa)",99,1,0
18,2,1,Incrementalistas,"Z=61 Pm (vida longa)",61,1,0
18,2,2,Evolucionistas,"Z=96 Cm (vida longa)",96,0,0
18,2,2,Evolucionistas,"Z=92 U (vida longa)",92,1,0
18,3,0,Empiristas,"Z=55 Cs (vida longa)",55,1,0
18,3,1,Incrementalistas,"Z=6 C (vida longa)",6,1,0
18,3,1,Incrementalistas,"Z=58 Ce (vida longa)",58,1,0
18,3,2,Evolucionistas,"Z=94 Pu (vida longa)",94,0,0
18,4,0,Empiristas,"Z=102 No (vida longa)",102,1,0
18,4,1,Incrementalistas,"Z=63 Eu (vida longa)",63,1,0
18,4,1,Incrementalistas,"Z=96 Cm (vida longa)",96,0,0
18,4,1,Incrementalistas,"Z=57 La (vida longa)",57,1,0
18,4,2,Evolucionistas,"Z=99 Es (vida longa)",99,0,0
18,5,0,Empiristas,"Z=100 Fm (vida longa)",100,1,0
18,5,0,Empiristas,"Z=97 Bk (vida longa)",97,1,0
18,5,1,Incrementalistas,"Z=102 No (vida longa)",102,0,1
18,5,1,Incrementalistas,"Z=52 Te (vida longa)",52,0,1
18,5,0,Empiristas,"Z=61 Pm (vida longa)",61,0,1
18,6,1,Incrementalistas,"Z=97 Bk (vida longa)",97,0,0
18,6,2,Evolucionistas,"Z=97 Bk (vida longa)",97,0,0
18,6,3,Isolados,"Z=66 Dy (vida longa)",66,1,0
18,7,0,Empiristas,"Z=58 Ce (vida longa)",58,0,0
18,7,1,Incrementalistas,"Z=64 Gd (vida longa)",64,1,0
18,7,1,Incrementalistas,"Z=95 Am (vida longa)",95,0,0
18,7,1,Incrementalistas,"Z=12 Mg (vida longa)",12,1,0
18,7,2,Evolucionistas,"Z=37 Rb (vida longa)",37,1,0
18,8,0,Empiristas,"Z=6 C (vida longa)",6,0,0
18,8,1,Incrementalistas,"Z=105 Db (vida longa)",105,1,0
18,8,1,Incrementalistas,"Z=99 Es (vida longa)",99,0,1
18,8,2,Evolucionistas,"Z=105 Db (vida longa)",105,0,1
18,9,0,Empiristas,"Z=62 Sm (vida longa)",62,0,0
18,9,0,Empiristas,"Z=3 Li (vida longa)",3,1,0
18,9,1,Incrementalistas,"Z=93 Np (vida longa)",93,1,0
18,9,0,Empiristas,"Z=105 Db (vida longa)",105,0,1
18,10,0,Empiristas,"Z=5 B (vida longa)",5,1,0
18,10,0,Empiristas,"Z=68 Er (vida longa)",68,1,0
18,10,0,Empiristas,"Z=108 Hs (vida longa)",108,1,0
18,11,1,Incrementalistas,"Z=107 Bh (vida longa)",107,1,0
18,11,3,Isolados,"Z=69 Tm (vida longa)",69,1,0
18,12,0,Empiristas,"Z=67 Ho (vida longa)",67,1,0
18,12,1,Incrementalistas,"Z=91 Pa (vida longa)",91,1,0
18,12,2,Evolucionistas,"Z=107 Bh (vida longa)",107,0,1
18,12,2,Evolucionistas,"Z=57 La (vida longa)",57,0,1
18,13,0,Empiristas,"Z=95 Am (vida longa)",95,0,0
18,13,0,Empiristas,"Z=50 Sn (vida longa)",50,1,0
18,13,1,Incrementalistas,"Z=98 Cf (vida longa)",98,0,0
18,13,1,Incrementalistas,"Z=103 Lr (vida longa)",103,1,0
18,13,0,Empiristas,"Z=107 Bh (vida longa)",107,0,1
18,13,1,Incrementalistas,"Z=108 Hs (vida longa)",108,0,1
18,14,0,Empiristas,"Z=56 Ba (vida longa)",56,1,0
18,14,1,Incrementalistas,"Z=109 Mt (vida longa)",109,1,0
18,14,1,Incrementalistas,"Z=55 Cs (vida longa)",55,0,0
18,14,2,Evolucionistas,"Z=45 Rh (vida longa)",45,1,0
18,14,2,Evolucionistas,"Z=108 Hs (vida longa)",108,0,1
18,14,2,Evolucionistas,"Z=56 Ba (vida longa)",56,0,1
18,15,0,Empiristas,"Z=9 F (vida longa)",9,1,0
18,15,0,Empiristas,"Z=21 Sc (vida longa)",21,1,0
18,15,1,Incrementalistas,"Z=100 Fm (vida longa)",100,0,0
18,15,2,Evolucionistas,"Z=100 Fm (vida longa)",100,0,0
18,15,3,Isolados,"Z=67 Ho (vida longa)",67,0,0
18,16,0,Empiristas,"Z=70 Yb (vida longa)",70,1,0
18,16,1,Incrementalistas,"Z=101 Md (vida longa)",101,1,0
18,17,0,Empiristas,"Z=98 Cf (vida longa)",98,0,0
18,17,0,Empiristas,"Z=54 Xe (vida longa)",54,1,0
18,17,1,Incrementalistas,"Z=106 Sg (vida longa)",106,1,0
18,17,3,Isolados,"Z=64 Gd (vida longa)",64,0,0
18,17,3,Isolados,"Z=68 Er (vida longa)",68,0,0
18,18,0,Empiristas,"Z=76 Os (vida longa)",76,1,0
18,18,0,Empiristas,"Z=28 Ni (vida longa)",28,1,0
18,18,1,Incrementalistas,"Z=104 Rf (vida longa)",104,1,0
18,18,2,Evolucionistas,"Z=91 Pa (vida longa)",91,0,0
18,18,3,Isolados,"Z=50 Sn (vida longa)",50,0,0
18,19,0,Empiristas,"Z=92 U (vida longa)",92,0,0
18,19,2,Evolucionistas,"Z=38 Sr (vida longa)",38,1,0
18,20,0,Empiristas,"Z=14 Si (vida longa)",14,1,0
18,20,2,Evolucionistas,"Z=109 Mt (vida longa)",109,0,1
18,20,1,Incrementalistas,"Z=92 U (vida longa)",92,0,1
18,21,0,Empiristas,"Z=106 Sg (vida longa)",106,0,0
18,21,2,Evolucionistas,"Z=104 Rf (vida longa)",104,0,0
18,21,2,Evolucionistas,"Z=111 Rg (vida longa)",111,1,0
18,21,3,Isolados,"Z=41 Nb (vida longa)",41,1,0
18,22,0,Empiristas,"Z=17 Cl (vida longa)",17,1,0
18,22,0,Empiristas,"Z=89 Ac (vida longa)",89,1,0
18,23,0,Empiristas,"Z=10 Ne (vida longa)",10,1,0
18,23,0,Empiristas,"Z=114 Fl (vida longa)",114,1,0
18,23,2,Evolucionistas,"Z=103 Lr (vida longa)",103,0,0
18,23,3,Isolados,"Z=94 Pu (vida longa)",94,0,0
18,24,0,Empiristas,"Z=30 Zn (vida longa)",30,1,0
18,24,1,Incrementalistas,"Z=112 Cn (vida longa)",112,1,0
18,24,3,Isolados,"Z=90 Th (vida longa)",90,1,0
18,24,3,Isolados,"Z=84 Po (vida longa)",84,1,0
18,24,3,Isolados,"Z=95 Am (vida longa)",95,0,0
18,25,1,Incrementalistas,"Z=110 Ds (vida longa)",110,1,0
18,25,1,Incrementalistas,"Z=111 Rg (vida longa)",111,0,0
18,25,3,Isolados,"Z=92 U (vida longa)",92,0,0
18,25,3,Isolados,"Z=91 Pa (vida longa)",91,0,0
18,25,2,Evolucionistas,"Z=112 Cn (vida longa)",112,0,1
18,25,2,Evolucionistas,"Z=59 Pr (vida longa)",59,0,1
18,26,0,Empiristas,"Z=113 Nh (vida longa)",113,1,0
18,26,2,Evolucionistas,"Z=101 Md (vida longa)",101,0,0
18,26,3,Isolados,"Z=86 Rn (vida longa)",86,1,0
18,27,2,Evolucionistas,"Z=106 Sg (vida longa)",106,0,0
18,27,3,Isolados,"Z=44 Ru (vida longa)",44,1,0
18,27,3,Isolados,"Z=96 Cm (vida longa)",96,0,0
18,27,3,Isolados,"Z=59 Pr (vida longa)",59,0,0
18,27,2,Evolucionistas,"Z=114 Fl (vida longa)",114,0,1
18,27,0,Empiristas,"Z=112 Cn (vida longa)",112,0,1
18,27,1,Incrementalistas,"Z=114 Fl (vida longa)",114,0,1
18,27,1,Incrementalistas,"Z=9 F (vida longa)",9,0,1
18,28,1,Incrementalistas,"Z=113 Nh (vida longa)",113,0,0
18,28,2,Evolucionistas,"Z=113 Nh (vida longa)",113,0,0
18,28,2,Evolucionistas,"Z=110 Ds (vida longa)",110,0,0
18,28,3,Isolados,"Z=93 Np (vida longa)",93,0,0
18,29,3,Isolados,"Z=81 Tl (vida longa)",81,1,0
18,29,1,Incrementalistas,"Z=67 Ho (vida longa)",67,0,1
18,29,0,Empiristas,"Z=60 Nd (vida longa)",60,0,1
18,29,1,Incrementalistas,"Z=38 Sr (vida longa)",38,0,1
18,30,0,Empiristas,"Z=2 He (vida longa)",2,1,0
18,30,0,Empiristas,"Z=25 Mn (vida longa)",25,1,0
18,30,3,Isolados,"Z=12 Mg (vida longa)",12,0,0
18,30,3,Isolados,"Z=98 Cf (vida longa)",98,0,0
18,30,3,Isolados,"Z=97 Bk (vida longa)",97,0,0
18,30,3,Isolados,"Z=100 Fm (vida longa)",100,0,0
18,31,0,Empiristas,"Z=110 Ds (vida longa)",110,0,0
18,31,0,Empiristas,"Z=64 Gd (vida longa)",64,0,0
18,31,3,Isolados,"Z=24 Cr (vida longa)",24,1,0
18,32,2,Evolucionistas,"Z=25 Mn (vida longa)",25,0,1
18,33,0,Empiristas,"Z=16 S (vida longa)",16,1,0
18,33,0,Empiristas,"Z=103 Lr (vida longa)",103,0,0
18,33,3,Isolados,"Z=99 Es (vida longa)",99,0,0
18,34,0,Empiristas,"Z=109 Mt (vida longa)",109,0,0
18,35,3,Isolados,"Z=46 Pd (vida longa)",46,1,0
18,35,3,Isolados,"Z=43 Tc (vida longa)",43,1,0
18,36,0,Empiristas,"Z=111 Rg (vida longa)",111,0,0
18,37,0,Empiristas,"Z=87 Fr (vida longa)",87,1,0
18,37,2,Evolucionistas,"Z=115 Mc (vida longa)",115,1,0
18,37,3,Isolados,"Z=39 Y (vida longa)",39,1,0
18,37,2,Evolucionistas,"Z=68 Er (vida longa)",68,0,1
18,37,0,Empiristas,"Z=115 Mc (vida longa)",115,0,1
18,37,0,Empiristas,"Z=91 Pa (vida longa)",91,0,1
18,38,3,Isolados,"Z=102 No (vida longa)",102,0,0
18,38,3,Isolados,"Z=101 Md (vida longa)",101,0,0
18,39,0,Empiristas,"Z=74 W (vida longa)",74,1,0
18,40,0,Empiristas,"Z=18 Ar (vida longa)",18,1,0
18,41,0,Empiristas,"Z=15 P (vida longa)",15,1,0
18,41,0,Empiristas,"Z=104 Rf (vida longa)",104,0,0
18,41,3,Isolados,"Z=6 C (vida longa)",6,0,0
18,41,1,Incrementalistas,"Z=115 Mc (vida longa)",115,0,1
18,41,1,Incrementalistas,"Z=70 Yb (vida longa)",70,0,1
18,42,0,Empiristas,"Z=40 Zr (vida longa)",40,1,0
18,42,1,Incrementalistas,"Z=5 B (vida longa)",5,0,0
18,42,2,Evolucionistas,"Z=102 No (vida longa)",102,0,0
18,42,2,Evolucionistas,"Z=6 C (vida longa)",6,0,0
18,42,2,Evolucionistas,"Z=2 He (vida longa)",2,0,0
18,43,1,Incrementalistas,"Z=90 Th (vida longa)",90,0,0
18,43,1,Incrementalistas,"Z=25 Mn (vida longa)",25,0,1
18,44,0,Empiristas,"Z=59 Pr (vida longa)",59,0,1
18,45,3,Isolados,"Z=109 Mt (vida longa)",109,0,0
18,47,0,Empiristas,"Z=20 Ca (vida longa)",20,1,0
18,48,1,Incrementalistas,"Z=54 Xe (vida longa)",54,0,0
18,48,3,Isolados,"Z=114 Fl (vida longa)",114,0,0
18,50,0,Empiristas,"Z=86 Rn (vida longa)",86,0,0
18,50,2,Evolucionistas,"Z=60 Nd (vida longa)",60,0,0
18,50,3,Isolados,"Z=103 Lr (vida longa)",103,0,0
18,51,1,Incrementalistas,"Z=8 O (vida longa)",8,0,1
18,52,0,Empiristas,"Z=51 Sb (vida longa)",51,1,0
18,52,2,Evolucionistas,"Z=42 Mo (vida longa)",42,1,0
18,52,3,Isolados,"Z=108 Hs (vida longa)",108,0,0
18,53,0,Empiristas,"Z=44 Ru (vida longa)",44,0,0
18,53,3,Isolados,"Z=77 Ir (vida longa)",77,1,0
18,54,3,Isolados,"Z=112 Cn (vida longa)",112,0,0
18,54,3,Isolados,"Z=87 Fr (vida longa)",87,0,0
18,55,0,Empiristas,"Z=63 Eu (vida longa)",63,0,0
18,55,0,Empiristas,"Z=48 Cd (vida longa)",48,1,0
18,55,0,Empiristas,"Z=46 Pd (vida longa)",46,0,0
18,56,0,Empiristas,"Z=88 Ra (vida longa)",88,1,0
18,56,3,Isolados,"Z=106 Sg (vida longa)",106,0,0
18,57,0,Empiristas,"Z=29 Cu (vida longa)",29,1,0
18,57,0,Empiristas,"Z=35 Br (vida longa)",35,1,0
18,57,3,Isolados,"Z=107 Bh (vida longa)",107,0,0
18,58,3,Isolados,"Z=111 Rg (vida longa)",111,0,0
18,58,1,Incrementalistas,"Z=2 He (vida longa)",2,0,1
18,58,2,Evolucionistas,"Z=61 Pm (vida longa)",61,0,1
18,59,0,Empiristas,"Z=13 Al (vida longa)",13,1,0
18,59,0,Empiristas,"Z=53 I (vida longa)",53,1,0
18,59,3,Isolados,"Z=113 Nh (vida longa)",113,0,0
18,59,3,Isolados,"Z=115 Mc (vida longa)",115,0,0
18,59,0,Empiristas,"Z=90 Th (vida longa)",90,0,1
18,60,3,Isolados,"Z=20 Ca (vida longa)",20,0,0
18,60,3,Isolados,"Z=110 Ds (vida longa)",110,0,0
18,61,2,Evolucionistas,"Z=13 Al (vida longa)",13,0,1
18,62,0,Empiristas,"Z=36 Kr (vida longa)",36,1,0
18,62,0,Empiristas,"Z=80 Hg (vida longa)",80,1,0
18,63,0,Empiristas,"Z=77 Ir (vida longa)",77,0,0
18,63,2,Evolucionistas,"Z=34 Se (vida longa)",34,1,0
18,64,0,Empiristas,"Z=72 Hf (vida longa)",72,1,0
18,64,3,Isolados,"Z=38 Sr (vida longa)",38,0,0
18,66,0,Empiristas,"Z=84 Po (vida longa)",84,0,0
18,66,2,Evolucionistas,"Z=72 Hf (vida longa)",72,0,0
18,66,3,Isolados,"Z=42 Mo (vida longa)",42,0,0
18,66,3,Isolados,"Z=30 Zn (vida longa)",30,0,0
18,67,0,Empiristas,"Z=38 Sr (vida longa)",38,0,0
18,67,1,Incrementalistas,"Z=56 Ba (vida longa)",56,0,0
18,68,2,Evolucionistas,"Z=58 Ce (vida longa)",58,0,1
18,69,0,Empiristas,"Z=42 Mo (vida longa)",42,0,0
18,69,0,Empiristas,"Z=37 Rb (vida longa)",37,0,0
18,69,1,Incrementalistas,"Z=42 Mo (vida longa)",42,0,1
18,70,0,Empiristas,"Z=11 Na (vida longa)",11,1,0
18,70,2,Evolucionistas,"Z=54 Xe (vida longa)",54,0,0
18,70,3,Isolados,"Z=61 Pm (vida longa)",61,0,0
18,71,0,Empiristas,"Z=12 Mg (vida longa)",12,0,0
18,71,2,Evolucionistas,"Z=65 Tb (vida longa)",65,1,0
18,71,2,Evolucionistas,"Z=29 Cu (vida longa)",29,0,1
18,72,0,Empiristas,"Z=43 Tc (vida longa)",43,0,0
18,72,2,Evolucionistas,"Z=3 Li (vida longa)",3,0,0
18,72,3,Isolados,"Z=60 Nd (vida longa)",60,0,0
18,73,0,Empiristas,"Z=27 Co (vida longa)",27,1,0
18,73,3,Isolados,"Z=22 Ti (vida longa)",22,1,0
18,74,0,Empiristas,"Z=32 Ge (vida longa)",32,1,0
18,74,1,Incrementalistas,"Z=15 P (vida longa)",15,0,0
18,74,2,Evolucionistas,"Z=43 Tc (vida longa)",43,0,0
18,75,0,Empiristas,"Z=24 Cr (vida longa)",24,0,0
18,77,3,Isolados,"Z=15 P (vida longa)",15,0,0
18,78,0,Empiristas,"Z=101 Md (vida longa)",101,0,0
18,78,3,Isolados,"Z=62 Sm (vida longa)",62,0,0
18,79,1,Incrementalistas,"Z=81 Tl (vida longa)",81,0,0
18,79,3,Isolados,"Z=57 La (vida longa)",57,0,0
18,79,3,Isolados,"Z=9 F (vida longa)",9,0,0
18,80,0,Empiristas,"Z=69 Tm (vida longa)",69,0,0
18,80,2,Evolucionistas,"Z=22 Ti (vida longa)",22,0,0
18,80,3,Isolados,"Z=58 Ce (vida longa)",58,0,0
18,81,2,Evolucionistas,"Z=15 P (vida longa)",15,0,0
18,82,3,Isolados,"Z=16 S (vida longa)",16,0,0
18,82,1,Incrementalistas,"Z=74 W (vida longa)",74,0,1
18,83,0,Empiristas,"Z=22 Ti (vida longa)",22,0,0
18,83,1,Incrementalistas,"Z=84 Po (vida longa)",84,0,0
18,84,2,Evolucionistas,"Z=36 Kr (vida longa)",36,0,0
18,84,2,Evolucionistas,"Z=8 O (vida longa)",8,0,0
18,85,0,Empiristas,"Z=33 As (vida longa)",33,1,0
18,85,0,Empiristas,"Z=78 Pt (vida longa)",78,1,0
18,85,2,Evolucionistas,"Z=63 Eu (vida longa)",63,0,0
18,85,3,Isolados,"Z=55 Cs (vida longa)",55,0,0
18,87,0,Empiristas,"Z=93 Np (vida longa)",93,0,0
18,87,3,Isolados,"Z=53 I (vida longa)",53,0,0
18,87,2,Evolucionistas,"Z=55 Cs (vida longa)",55,0,1
18,88,0,Empiristas,"Z=82 Pb (vida longa)",82,1,0
18,89,1,Incrementalistas,"Z=71 Lu (vida longa)",71,1,0
18,89,1,Incrementalistas,"Z=50 Sn (vida longa)",50,0,0
18,89,3,Isolados,"Z=11 Na (vida longa)",11,0,0
18,90,0,Empiristas,"Z=57 La (vida longa)",57,0,0
18,90,0,Empiristas,"Z=39 Y (vida longa)",39,0,0
18,90,3,Isolados,"Z=63 Eu (vida longa)",63,0,0
18,90,3,Isolados,"Z=8 O (vida longa)",8,0,0
18,91,0,Empiristas,"Z=19 K (vida longa)",19,1,0
18,91,0,Empiristas,"Z=23 V (vida longa)",23,1,0
18,91,1,Incrementalistas,"Z=1 H (vida longa)",1,1,0
18,91,1,Incrementalistas,"Z=26 Fe (vida longa)",26,0,0
18,91,2,Evolucionistas,"Z=18 Ar (vida longa)",18,0,0
18,93,1,Incrementalistas,"Z=40 Zr (vida longa)",40,0,0
18,93,2,Evolucionistas,"Z=76 Os (vida longa)",76,0,0
18,93,2,Evolucionistas,"Z=4 Be (vida longa)",4,0,0
18,93,3,Isolados,"Z=10 Ne (vida longa)",10,0,0
18,94,3,Isolados,"Z=47 Ag (vida longa)",47,1,0
18,95,0,Empiristas,"Z=7 N (vida longa)",7,1,0
18,96,1,Incrementalistas,"Z=69 Tm (vida longa)",69,0,0
18,96,3,Isolados,"Z=71 Lu (vida longa)",71,0,0
18,96,2,Evolucionistas,"Z=62 Sm (vida longa)",62,0,1
18,97,0,Empiristas,"Z=71 Lu (vida longa)",71,0,0
18,97,1,Incrementalistas,"Z=48 Cd (vida longa)",48,0,0
18,97,2,Evolucionistas,"Z=31 Ga (vida longa)",31,1,0
18,98,2,Evolucionistas,"Z=70 Yb (vida longa)",70,0,0
18,99,2,Evolucionistas,"Z=35 Br (vida longa)",35,0,0
18,99,3,Isolados,"Z=2 He (vida longa)",2,0,0
18,99,2,Evolucionistas,"Z=33 As (vida longa)",33,0,1
18,100,0,Empiristas,"Z=34 Se (vida longa)",34,0,0
18,100,1,Incrementalistas,"Z=41 Nb (vida longa)",41,0,0
18,100,3,Isolados,"Z=40 Zr (vida longa)",40,0,0
18,102,2,Evolucionistas,"Z=66 Dy (vida longa)",66,0,0
18,102,3,Isolados,"Z=72 Hf (vida longa)",72,0,0
18,102,3,Isolados,"Z=73 Ta (vida longa)",73,1,0
18,102,3,Isolados,"Z=33 As (vida longa)",33,0,0
18,102,3,Isolados,"Z=21 Sc (vida longa)",21,0,0
18,103,0,Empiristas,"Z=1 H (vida longa)",1,0,0
18,105,0,Empiristas,"Z=45 Rh (vida longa)",45,0,0
18,106,1,Incrementalistas,"Z=77 Ir (vida longa)",77,0,0
18,106,2,Evolucionistas,"Z=23 V (vida longa)",23,0,0
18,107,1,Incrementalistas,"Z=22 Ti (vida longa)",22,0,0
18,107,2,Evolucionistas,"Z=20 Ca (vida longa)",20,0,0
18,107,2,Evolucionistas,"Z=80 Hg (vida longa)",80,0,0
18,107,3,Isolados,"Z=78 Pt (vida longa)",78,0,0
18,107,3,Isolados,"Z=18 Ar (vida longa)",18,0,0
18,107,3,Isolados,"Z=70 Yb (vida longa)",70,0,0
18,107,2,Evolucionistas,"Z=48 Cd (vida longa)",48,0,1
18,108,2,Evolucionistas,"Z=26 Fe (vida longa)",26,0,0
18,108,3,Isolados,"Z=28 Ni (vida longa)",28,0,0
18,109,0,Empiristas,"Z=49 In (vida longa)",49,1,0
18,109,3,Isolados,"Z=26 Fe (vida longa)",26,0,0
18,109,3,Isolados,"Z=3 Li (vida longa)",3,0,0
18,110,1,Incrementalistas,"Z=18 Ar (vida longa)",18,0,0
18,111,1,Incrementalistas,"Z=68 Er (vida longa)",68,0,0
18,111,2,Evolucionistas,"Z=79 Au (vida longa)",79,1,0
18,111,2,Evolucionistas,"Z=5 B (vida longa)",5,0,0
18,111,2,Evolucionistas,"Z=28 Ni (vida longa)",28,0,0
18,111,3,Isolados,"Z=36 Kr (vida longa)",36,0,0
18,111,3,Isolados,"Z=105 Db (vida longa)",105,0,0
18,112,3,Isolados,"Z=82 Pb (vida longa)",82,0,0
18,112,3,Isolados,"Z=32 Ge (vida longa)",32,0,0
18,113,1,Incrementalistas,"Z=66 Dy (vida longa)",66,0,0
18,113,2,Evolucionistas,"Z=52 Te (vida longa)",52,0,0
18,113,3,Isolados,"Z=27 Co (vida longa)",27,0,0
18,113,3,Isolados,"Z=17 Cl (vida longa)",17,0,0
18,113,2,Evolucionistas,"Z=12 Mg (vida longa)",12,0,1
18,114,0,Empiristas,"Z=81 Tl (vida longa)",81,0,0
18,114,0,Empiristas,"Z=79 Au (vida longa)",79,0,0
18,115,1,Incrementalistas,"Z=23 V (vida longa)",23,0,0
18,115,2,Evolucionistas,"Z=85 At (vida longa)",85,1,0
18,116,0,Empiristas,"Z=31 Ga (vida longa)",31,0,0
18,116,1,Incrementalistas,"Z=17 Cl (vida longa)",17,0,0
18,116,1,Incrementalistas,"Z=16 S (vida longa)",16,0,0
18,116,2,Evolucionistas,"Z=82 Pb (vida longa)",82,0,0
18,117,1,Incrementalistas,"Z=39 Y (vida longa)",39,0,0
18,117,1,Incrementalistas,"Z=44 Ru (vida longa)",44,0,0
18,117,3,Isolados,"Z=35 Br (vida longa)",35,0,0
18,117,3,Isolados,"Z=51 Sb (vida longa)",51,0,0
18,118,2,Evolucionistas,"Z=41 Nb (vida longa)",41,0,0
18,118,2,Evolucionistas,"Z=10 Ne (vida longa)",10,0,0
18,118,3,Isolados,"Z=19 K (vida longa)",19,0,0
18,121,1,Incrementalistas,"Z=46 Pd (vida longa)",46,0,0
18,121,3,Isolados,"Z=34 Se (vida longa)",34,0,0
18,122,2,Evolucionistas,"Z=67 Ho (vida longa)",67,0,0
18,123,1,Incrementalistas,"Z=43 Tc (vida longa)",43,0,0
18,123,1,Incrementalistas,"Z=73 Ta (vida longa)",73,0,0
18,123,2,Evolucionistas,"Z=71 Lu (vida longa)",71,0,0
18,123,2,Evolucionistas,"Z=78 Pt (vida longa)",78,0,0
18,124,1,Incrementalistas,"Z=28 Ni (vida longa)",28,0,0
18,124,2,Evolucionistas,"Z=53 I (vida longa)",53,0,0
18,125,1,Incrementalistas,"Z=20 Ca (vida longa)",20,0,0
18,125,2,Evolucionistas,"Z=75 Re (vida longa)",75,1,0
18,126,0,Empiristas,"Z=73 Ta (vida longa)",73,0,0
18,126,0,Empiristas,"Z=83 Bi (vida longa)",83,1,0
18,126,1,Incrementalistas,"Z=80 Hg (vida longa)",80,0,0
18,126,3,Isolados,"Z=74 W (vida longa)",74,0,0
18,127,1,Incrementalistas,"Z=51 Sb (vida longa)",51,0,0
18,127,1,Incrementalistas,"Z=3 Li (vida longa)",3,0,0
18,127,2,Evolucionistas,"Z=47 Ag (vida longa)",47,0,0
18,127,2,Evolucionistas,"Z=27 Co (vida longa)",27,0,0
18,128,0,Empiristas,"Z=75 Re (vida longa)",75,0,0
18,128,1,Incrementalistas,"Z=7 N (vida longa)",7,0,0
18,128,2,Evolucionistas,"Z=14 Si (vida longa)",14,0,0
18,128,3,Isolados,"Z=80 Hg (vida longa)",80,0,0
18,129,0,Empiristas,"Z=66 Dy (vida longa)",66,0,0
18,129,2,Evolucionistas,"Z=50 Sn (vida longa)",50,0,0
18,129,3,Isolados,"Z=25 Mn (vida longa)",25,0,0
18,129,0,Empiristas,"Z=85 At (vida longa)",85,0,1
18,130,2,Evolucionistas,"Z=21 Sc (vida longa)",21,0,0
18,132,3,Isolados,"Z=104 Rf (vida longa)",104,0,0
18,133,0,Empiristas,"Z=47 Ag (vida longa)",47,0,0
18,133,0,Empiristas,"Z=41 Nb (vida longa)",41,0,0
18,133,3,Isolados,"Z=48 Cd (vida longa)",48,0,0
18,134,2,Evolucionistas,"Z=39 Y (vida longa)",39,0,0
18,134,3,Isolados,"Z=56 Ba (vida longa)",56,0,0
18,134,3,Isolados,"Z=4 Be (vida longa)",4,0,0
18,134,3,Isolados,"Z=52 Te (vida longa)",52,0,0
18,135,1,Incrementalistas,"Z=29 Cu (vida longa)",29,0,0
18,135,2,Evolucionistas,"Z=88 Ra (vida longa)",88,0,0
18,136,1,Incrementalistas,"Z=45 Rh (vida longa)",45,0,0
18,136,2,Evolucionistas,"Z=74 W (vida longa)",74,0,0
18,136,2,Evolucionistas,"Z=51 Sb (vida longa)",51,0,0
18,136,2,Evolucionistas,"Z=46 Pd (vida longa)",46,0,1
18,137,1,Incrementalistas,"Z=76 Os (vida longa)",76,0,0
18,137,3,Isolados,"Z=5 B (vida longa)",5,0,0
18,138,2,Evolucionistas,"Z=11 Na (vida longa)",11,0,0
18,139,1,Incrementalistas,"Z=49 In (vida longa)",49,0,0
18,139,1,Incrementalistas,"Z=72 Hf (vida longa)",72,0,0
18,140,1,Incrementalistas,"Z=47 Ag (vida longa)",47,0,0
18,140,3,Isolados,"Z=49 In (vida longa)",49,0,0
18,140,2,Evolucionistas,"Z=73 Ta (vida longa)",73,0,1
18,141,3,Isolados,"Z=83 Bi (vida longa)",83,0,0
18,141,3,Isolados,"Z=14 Si (vida longa)",14,0,0
18,142,1,Incrementalistas,"Z=65 Tb (vida longa)",65,0,0
18,142,3,Isolados,"Z=7 N (vida longa)",7,0,0
18,143,2,Evolucionistas,"Z=40 Zr (vida longa)",40,0,0
18,143,3,Isolados,"Z=88 Ra (vida longa)",88,0,0
18,144,3,Isolados,"Z=76 Os (vida longa)",76,0,0
18,146,1,Incrementalistas,"Z=14 Si (vida longa)",14,0,1
18,147,1,Incrementalistas,"Z=32 Ge (vida longa)",32,0,0
18,147,2,Evolucionistas,"Z=16 S (vida longa)",16,0,0
18,148,1,Incrementalistas,"Z=82 Pb (vida longa)",82,0,1
18,149,2,Evolucionistas,"Z=64 Gd (vida longa)",64,0,0
18,149,3,Isolados,"Z=79 Au (vida longa)",79,0,0
18,149,3,Isolados,"Z=13 Al (vida longa)",13,0,0
18,150,1,Incrementalistas,"Z=31 Ga (vida longa)",31,0,0
18,150,1,Incrementalistas,"Z=75 Re (vida longa)",75,0,0
18,151,2,Evolucionistas,"Z=19 K (vida longa)",19,0,0
18,153,1,Incrementalistas,"Z=53 I (vida longa)",53,0,0
18,153,3,Isolados,"nucleos efemeros",110.276,0,0
18,153,3,Isolados,"Z=112 Cn (vida longa)",112,0,0
18,153,3,Isolados,"Z=41 Nb (vida longa)",41,0,0
18,153,1,Incrementalistas,"Z=78 Pt (vida longa)",78,0,1
18,154,1,Incrementalistas,"Z=79 Au (vida longa)",79,0,0
18,154,1,Incrementalistas,"Z=24 Cr (vida longa)",24,0,0
18,154,3,Isolados,"Z=16 S (vida longa)",16,0,0
18,154,3,Isolados,"Z=109 Mt (vida longa)",109,0,0
18,154,3,Isolados,"Z=108 Hs (vida longa)",108,0,0
18,155,3,Isolados,"Z=115 Mc (vida longa)",115,0,0
18,156,2,Evolucionistas,"Z=89 Ac (vida longa)",89,0,0
18,156,3,Isolados,"Z=53 I (vida longa)",53,0,0
18,157,2,Evolucionistas,"Z=24 Cr (vida longa)",24,0,0
18,157,3,Isolados,"Z=50 Sn (vida longa)",50,0,0
18,158,0,Empiristas,"Z=65 Tb (vida longa)",65,0,0
18,158,2,Evolucionistas,"Z=86 Rn (vida longa)",86,0,0
18,159,1,Incrementalistas,"Z=27 Co (vida longa)",27,0,0
18,159,3,Isolados,"Z=47 Ag (vida longa)",47,0,0
18,159,3,Isolados,"Z=23 V (vida longa)",23,0,0
18,159,3,Isolados,"Z=81 Tl (vida longa)",81,0,0
18,159,1,Incrementalistas,"Z=34 Se (vida longa)",34,0,1
18,160,2,Evolucionistas,"Z=1 H (vida longa)",1,0,0
18,161,2,Evolucionistas,"Z=90 Th (vida longa)",90,0,0
18,161,3,Isolados,"Z=65 Tb (vida longa)",65,0,0
18,162,1,Incrementalistas,"Z=30 Zn (vida longa)",30,0,0
18,162,2,Evolucionistas,"Z=32 Ge (vida longa)",32,0,0
18,162,2,Evolucionistas,"Z=44 Ru (vida longa)",44,0,0
18,162,3,Isolados,"Z=12 Mg (vida longa)",12,0,0
18,163,1,Incrementalistas,"Z=10 Ne (vida longa)",10,0,0
18,163,2,Evolucionistas,"Z=69 Tm (vida longa)",69,0,0
18,165,1,Incrementalistas,"Z=36 Kr (vida longa)",36,0,0
18,165,2,Evolucionistas,"Z=30 Zn (vida longa)",30,0,0
18,165,3,Isolados,"Z=1 H (vida longa)",1,0,0
18,165,1,Incrementalistas,"Z=19 K (vida longa)",19,0,1
18,166,3,Isolados,"Z=95 Am (vida longa)",95,0,0
18,167,2,Evolucionistas,"Z=49 In (vida longa)",49,0,0
18,168,1,Incrementalistas,"Z=89 Ac (vida longa)",89,0,0
18,168,2,Evolucionistas,"Z=77 Ir (vida longa)",77,0,0
18,168,2,Evolucionistas,"Z=9 F (vida longa)",9,0,0
18,168,3,Isolados,"Z=13 Al (vida longa)",13,0,0
18,168,3,Isolados,"Z=18 Ar (vida longa)",18,0,0
18,169,1,Incrementalistas,"Z=88 Ra (vida longa)",88,0,0
18,169,1,Incrementalistas,"Z=35 Br (vida longa)",35,0,0
18,169,3,Isolados,"Z=29 Cu (vida longa)",29,0,0
18,171,0,Empiristas,"Z=36 Kr (vida longa)",36,0,0
18,171,0,Empiristas,"nucleos efemeros",24.1573,0,0
18,171,0,Empiristas,"Z=112 Cn (vida longa)",112,0,0
18,171,0,Empiristas,"Z=50 Sn (vida longa)",50,0,0
18,171,0,Empiristas,"Z=28 Ni (vida longa)",28,0,0
18,171,0,Empiristas,"Z=42 Mo (vida longa)",42,0,0
18,171,3,Isolados,"Z=24 Cr (vida longa)",24,0,0
18,171,3,Isolados,"Z=20 Ca (vida longa)",20,0,0
18,171,3,Isolados,"Z=74 W (vida longa)",74,0,0
18,172,0,Empiristas,"Z=82 Pb (vida longa)",82,0,0
18,172,0,Empiristas,"Z=41 Nb (vida longa)",41,0,0
18,172,0,Empiristas,"Z=85 At (vida longa)",85,0,0
18,172,0,Empiristas,"Z=54 Xe (vida longa)",54,0,0
18,172,0,Empiristas,"Z=21 Sc (vida longa)",21,0,0
18,172,0,Empiristas,"Z=108 Hs (vida longa)",108,0,0
18,172,1,Incrementalistas,"Z=11 Na (vida longa)",11,0,0
18,173,0,Empiristas,"Z=33 As (vida longa)",33,0,0
18,173,0,Empiristas,"Z=3 Li (vida longa)",3,0,0
18,173,0,Empiristas,"Z=44 Ru (vida longa)",44,0,0
18,173,0,Empiristas,"Z=2 He (vida longa)",2,0,0
18,173,3,Isolados,"Z=44 Ru (vida longa)",44,0,0
18,173,3,Isolados,"Z=61 Pm (vida longa)",61,0,0
18,173,3,Isolados,"Z=104 Rf (vida longa)",104,0,0
18,174,0,Empiristas,"Z=18 Ar (vida longa)",18,0,0
18,174,0,Empiristas,"Z=16 S (vida longa)",16,0,0
18,174,0,Empiristas,"Z=30 Zn (vida longa)",30,0,0
18,174,0,Empiristas,"Z=73 Ta (vida longa)",73,0,0
18,174,1,Incrementalistas,"Z=21 Sc (vida longa)",21,0,0
18,174,3,Isolados,"Z=79 Au (vida longa)",79,0,0
18,174,2,Evolucionistas,"Z=7 N (vida longa)",7,0,1
18,175,0,Empiristas,"Z=20 Ca (vida longa)",20,0,0
18,175,0,Empiristas,"Z=13 Al (vida longa)",13,0,0
18,175,0,Empiristas,"Z=56 Ba (vida longa)",56,0,0
18,175,3,Isolados,"Z=8 O (vida longa)",8,0,0
18,176,0,Empiristas,"Z=98 Cf (vida longa)",98,0,0
18,176,0,Empiristas,"Z=62 Sm (vida longa)",62,0,0
18,176,2,Evolucionistas,"Z=84 Po (vida longa)",84,0,0
18,177,2,Evolucionistas,"Z=81 Tl (vida longa)",81,0,0
18,177,3,Isolados,"Z=33 As (vida longa)",33,0,0
18,177,3,Isolados,"Z=35 Br (vida longa)",35,0,0
18,178,0,Empiristas,"Z=107 Bh (vida longa)",107,0,0
18,178,3,Isolados,"Z=78 Pt (vida longa)",78,0,0
18,179,3,Isolados,"Z=85 At (vida longa)",85,0,0
18,180,0,Empiristas,"Z=105 Db (vida longa)",105,0,0
18,180,3,Isolados,"Z=54 Xe (vida longa)",54,0,0
18,180,3,Isolados,"Z=75 Re (vida longa)",75,0,0
18,180,3,Isolados,"Z=31 Ga (vida longa)",31,0,0
18,181,1,Incrementalistas,"Z=33 As (vida longa)",33,0,0
18,182,0,Empiristas,"Z=25 Mn (vida longa)",25,0,0
18,182,1,Incrementalistas,"Z=83 Bi (vida longa)",83,0,0
18,182,1,Incrementalistas,"Z=13 Al (vida longa)",13,0,0
18,182,3,Isolados,"Z=66 Dy (vida longa)",66,0,0
18,182,3,Isolados,"Z=4 Be (vida longa)",4,0,0
18,182,3,Isolados,"Z=69 Tm (vida longa)",69,0,0
18,185,3,Isolados,"Z=45 Rh (vida longa)",45,0,0
18,186,0,Empiristas,"Z=63 Eu (vida longa)",63,0,0
18,187,3,Isolados,"Z=86 Rn (vida longa)",86,0,0
18,187,3,Isolados,"Z=21 Sc (vida longa)",21,0,0
18,188,0,Empiristas,"Z=26 Fe (vida longa)",26,0,0
18,189,0,Empiristas,"Z=99 Es (vida longa)",99,0,0
18,189,3,Isolados,"Z=73 Ta (vida longa)",73,0,0
18,190,3,Isolados,"Z=9 F (vida longa)",9,0,0
18,191,0,Empiristas,"Z=81 Tl (vida longa)",81,0,0
18,192,3,Isolados,"Z=37 Rb (vida longa)",37,0,0
18,193,3,Isolados,"Z=83 Bi (vida longa)",83,0,0
18,194,0,Empiristas,"Z=106 Sg (vida longa)",106,0,0
18,194,3,Isolados,"Z=26 Fe (vida longa)",26,0,0
18,195,0,Empiristas,"Z=84 Po (vida longa)",84,0,0
18,196,2,Evolucionistas,"Z=17 Cl (vida longa)",17,0,0
18,196,2,Evolucionistas,"Z=93 Np (vida longa)",93,0,0
18,198,2,Evolucionistas,"Z=87 Fr (vida longa)",87,0,0
18,199,0,Empiristas,"Z=61 Pm (vida longa)",61,0,0
18,202,3,Isolados,"Z=17 Cl (vida longa)",17,0,0
18,206,3,Isolados,"Z=105 Db (vida longa)",105,0,0
18,207,0,Empiristas,"Z=17 Cl (vida longa)",17,0,0
18,207,0,Empiristas,"Z=96 Cm (vida longa)",96,0,0
18,211,1,Incrementalistas,"Z=87 Fr (vida longa)",87,0,0
18,211,2,Evolucionistas,"Z=83 Bi (vida longa)",83,0,0
18,213,1,Incrementalistas,"Z=86 Rn (vida longa)",86,0,0
18,217,0,Empiristas,"Z=83 Bi (vida longa)",83,0,0
18,220,1,Incrementalistas,"Z=37 Rb (vida longa)",37,0,0
18,221,1,Incrementalistas,"Z=85 At (vida longa)",85,0,0
18,221,3,Isolados,"Z=89 Ac (vida longa)",89,0,0
18,251,3,Isolados,"Z=111 Rg (vida longa)",111,0,0
18,251,3,Isolados,"Z=113 Nh (vida longa)",113,0,0
18,251,3,Isolados,"Z=90 Th (vida longa)",90,0,0
18,251,3,Isolados,"Z=28 Ni (vida longa)",28,0,0
18,251,3,Isolados,"Z=52 Te (vida longa)",52,0,0
18,251,3,Isolados,"Z=50 Sn (vida longa)",50,0,0
18,251,3,Isolados,"Z=107 Bh (vida longa)",107,0,0
18,251,3,Isolados,"Z=13 Al (vida longa)",13,0,0
18,251,3,Isolados,"Z=72 Hf (vida longa)",72,0,0
18,251,3,Isolados,"Z=105 Db (vida longa)",105,0,0
18,251,3,Isolados,"Z=58 Ce (vida longa)",58,0,0
18,251,3,Isolados,"Z=38 Sr (vida longa)",38,0,0
18,251,3,Isolados,"Z=70 Yb (vida longa)",70,0,0
18,252,3,Isolados,"Z=54 Xe (vida longa)",54,0,0
18,252,3,Isolados,"Z=100 Fm (vida longa)",100,0,0
18,252,3,Isolados,"Z=12 Mg (vida longa)",12,0,0
18,252,3,Isolados,"Z=97 Bk (vida longa)",97,0,0
18,252,3,Isolados,"Z=62 Sm (vida longa)",62,0,0
18,252,3,Isolados,"Z=82 Pb (vida longa)",82,0,0
18,253,3,Isolados,"Z=27 Co (vida longa)",27,0,0
18,254,3,Isolados,"Z=9 F (vida longa)",9,0,0
18,254,3,Isolados,"Z=74 W (vida longa)",74,0,0
18,254,3,Isolados,"Z=29 Cu (vida longa)",29,0,0
18,254,3,Isolados,"Z=59 Pr (vida longa)",59,0,0
18,254,3,Isolados,"Z=17 Cl (vida longa)",17,0,0
18,254,3,Isolados,"Z=22 Ti (vida longa)",22,0,0
18,255,3,Isolados,"Z=8 O (vida longa)",8,0,0
18,256,3,Isolados,"Z=37 Rb (vida longa)",37,0,0
18,256,3,Isolados,"Z=63 Eu (vida longa)",63,0,0
18,257,3,Isolados,"Z=40 Zr (vida longa)",40,0,0
18,257,3,Isolados,"Z=81 Tl (vida longa)",81,0,0
18,257,3,Isolados,"Z=101 Md (vida longa)",101,0,0
18,259,3,Isolados,"Z=20 Ca (vida longa)",20,0,0
18,259,3,Isolados,"Z=65 Tb (vida longa)",65,0,0
18,260,3,Isolados,"Z=21 Sc (vida longa)",21,0,0
18,260,3,Isolados,"Z=102 No (vida longa)",102,0,0
18,261,3,Isolados,"Z=48 Cd (vida longa)",48,0,0
18,261,3,Isolados,"Z=43 Tc (vida longa)",43,0,0
18,263,3,Isolados,"Z=106 Sg (vida longa)",106,0,0
18,264,3,Isolados,"Z=45 Rh (vida longa)",45,0,0
18,264,3,Isolados,"Z=91 Pa (vida longa)",91,0,0
18,272,3,Isolados,"Z=87 Fr (vida longa)",87,0,0
18,274,3,Isolados,"Z=73 Ta (vida longa)",73,0,0
18,283,3,Isolados,"Z=104 Rf (vida longa)",104,0,0
18,289,3,Isolados,"Z=1 H (vida longa)",1,0,0
19,0,0,Empiristas,"nucleos efemeros",45.5721,1,0
19,0,0,Empiristas,"Z=95 Am (vida longa)",95,1,0
19,0,1,Incrementalistas,"nucleos efemeros",52.3541,0,0
19,0,1,Incrementalistas,"Z=14 Si (vida longa)",14,1,0
19,0,2,Evolucionistas,"nucleos efemeros",36.091,0,0
19,0,2,Evolucionistas,"Z=38 Sr (vida longa)",38,1,0
19,0,3,Isolados,"nucleos efemeros",42.8092,0,0
19,1,0,Empiristas,"Z=90 Th (vida longa)",90,1,0
19,1,0,Empiristas,"Z=26 Fe (vida longa)",26,1,0
19,1,1,Incrementalistas,"Z=36 Kr (vida longa)",36,1,0
19,1,2,Evolucionistas,"Z=4 Be (vida longa)",4,1,0
19,2,0,Empiristas,"Z=92 U (vida longa)",92,1,0
19,2,1,Incrementalistas,"Z=60 Nd (vida longa)",60,1,0
19,2,1,Incrementalistas,"Z=4 Be (vida longa)",4,0,1
19,3,0,Empiristas,"Z=97 Bk (vida longa)",97,1,0
19,3,0,Empiristas,"Z=8 O (vida longa)",8,1,0
19,3,3,Isolados,"Z=56 Ba (vida longa)",56,1,0
19,3,3,Isolados,"Z=59 Pr (vida longa)",59,1,0
19,3,3,Isolados,"Z=57 La (vida longa)",57,1,0
19,4,0,Empiristas,"Z=96 Cm (vida longa)",96,1,0
19,4,0,Empiristas,"Z=110 Ds (vida longa)",110,1,0
19,4,2,Evolucionistas,"Z=41 Nb (vida longa)",41,1,0
19,5,0,Empiristas,"Z=91 Pa (vida longa)",91,1,0
19,5,0,Empiristas,"Z=94 Pu (vida longa)",94,1,0
19,5,1,Incrementalistas,"Z=63 Eu (vida longa)",63,1,0
19,5,1,Incrementalistas,"Z=59 Pr (vida longa)",59,0,0
19,5,1,Incrementalistas,"Z=64 Gd (vida longa)",64,1,0
19,5,0,Empiristas,"Z=41 Nb (vida longa)",41,0,1
19,5,2,Evolucionistas,"Z=110 Ds (vida longa)",110,0,1
19,5,2,Evolucionistas,"Z=26 Fe (vida longa)",26,0,1
19,6,0,Empiristas,"Z=86 Rn (vida longa)",86,1,0
19,6,2,Evolucionistas,"Z=62 Sm (vida longa)",62,1,0
19,7,3,Isolados,"Z=62 Sm (vida longa)",62,0,0
19,8,0,Empiristas,"Z=98 Cf (vida longa)",98,1,0
19,8,3,Isolados,"Z=63 Eu (vida longa)",63,0,0
19,8,3,Isolados,"Z=66 Dy (vida longa)",66,1,0
19,9,0,Empiristas,"Z=108 Hs (vida longa)",108,1,0
19,9,1,Incrementalistas,"Z=62 Sm (vida longa)",62,0,0
19,9,1,Incrementalistas,"Z=58 Ce (vida longa)",58,1,0
19,9,2,Evolucionistas,"Z=108 Hs (vida longa)",108,0,0
19,9,2,Evolucionistas,"Z=64 Gd (vida longa)",64,0,0
19,9,3,Isolados,"Z=54 Xe (vida longa)",54,1,0
19,10,0,Empiristas,"Z=64 Gd (vida longa)",64,0,1
19,10,0,Empiristas,"Z=62 Sm (vida longa)",62,0,1
19,10,1,Incrementalistas,"Z=110 Ds (vida longa)",110,0,1
19,10,1,Incrementalistas,"Z=98 Cf (vida longa)",98,0,1
19,11,0,Empiristas,"Z=43 Tc (vida longa)",43,1,0
19,11,2,Evolucionistas,"Z=59 Pr (vida longa)",59,0,0
19,12,0,Empiristas,"Z=40 Zr (vida longa)",40,1,0
19,12,0,Empiristas,"Z=19 K (vida longa)",19,1,0
19,12,2,Evolucionistas,"Z=6 C (vida longa)",6,1,0
19,12,3,Isolados,"Z=2 He (vida longa)",2,1,0
19,12,3,Isolados,"Z=61 Pm (vida longa)",61,1,0
19,13,0,Empiristas,"Z=93 Np (vida longa)",93,1,0
19,13,0,Empiristas,"Z=20 Ca (vida longa)",20,1,0
19,13,3,Isolados,"Z=64 Gd (vida longa)",64,0,0
19,14,0,Empiristas,"Z=105 Db (vida longa)",105,1,0
19,14,0,Empiristas,"Z=18 Ar (vida longa)",18,1,0
19,14,0,Empiristas,"Z=4 Be (vida longa)",4,0,0
19,14,1,Incrementalistas,"Z=57 La (vida longa)",57,0,0
19,14,2,Evolucionistas,"Z=1 H (vida longa)",1,1,0
19,14,3,Isolados,"Z=65 Tb (vida longa)",65,1,0
19,15,1,Incrementalistas,"Z=106 Sg (vida longa)",106,1,0
19,15,2,Evolucionistas,"Z=111 Rg (vida longa)",111,1,0
19,15,0,Empiristas,"Z=63 Eu (vida longa)",63,0,1
19,15,1,Incrementalistas,"Z=95 Am (vida longa)",95,0,1
19,16,1,Incrementalistas,"Z=61 Pm (vida longa)",61,0,0
19,16,2,Evolucionistas,"Z=60 Nd (vida longa)",60,0,0
19,16,2,Evolucionistas,"Z=114 Fl (vida longa)",114,1,0
19,16,2,Evolucionistas,"Z=109 Mt (vida longa)",109,1,0
19,16,2,Evolucionistas,"Z=14 Si (vida longa)",14,0,1
19,16,1,Incrementalistas,"Z=114 Fl (vida longa)",114,0,1
19,16,1,Incrementalistas,"Z=26 Fe (vida longa)",26,0,1
19,17,0,Empiristas,"Z=30 Zn (vida longa)",30,1,0
19,17,3,Isolados,"Z=35 Br (vida longa)",35,1,0
19,18,0,Empiristas,"Z=111 Rg (vida longa)",111,0,0
19,18,1,Incrementalistas,"Z=109 Mt (vida longa)",109,0,0
19,18,1,Incrementalistas,"Z=113 Nh (vida longa)",113,1,0
19,18,1,Incrementalistas,"Z=107 Bh (vida longa)",107,1,0
19,18,0,Empiristas,"Z=114 Fl (vida longa)",114,0,1
19,19,0,Empiristas,"Z=32 Ge (vida longa)",32,1,0
19,19,0,Empiristas,"Z=107 Bh (vida longa)",107,0,0
19,19,0,Empiristas,"Z=42 Mo (vida longa)",42,1,0
19,20,0,Empiristas,"Z=88 Ra (vida longa)",88,1,0
19,20,0,Empiristas,"Z=109 Mt (vida longa)",109,0,0
19,20,2,Evolucionistas,"Z=112 Cn (vida longa)",112,1,0
19,21,0,Empiristas,"Z=3 Li (vida longa)",3,1,0
19,21,0,Empiristas,"Z=55 Cs (vida longa)",55,1,0
19,21,1,Incrementalistas,"Z=97 Bk (vida longa)",97,0,0
19,21,1,Incrementalistas,"Z=112 Cn (vida longa)",112,0,0
19,21,3,Isolados,"Z=36 Kr (vida longa)",36,0,0
19,21,3,Isolados,"Z=60 Nd (vida longa)",60,0,0
19,21,2,Evolucionistas,"Z=63 Eu (vida longa)",63,0,1
19,22,1,Incrementalistas,"Z=111 Rg (vida longa)",111,0,0
19,22,1,Incrementalistas,"Z=108 Hs (vida longa)",108,0,0
19,22,2,Evolucionistas,"Z=97 Bk (vida longa)",97,0,1
19,23,0,Empiristas,"Z=48 Cd (vida longa)",48,1,0
19,23,3,Isolados,"Z=68 Er (vida longa)",68,1,0
19,23,1,Incrementalistas,"Z=86 Rn (vida longa)",86,0,1
19,24,0,Empiristas,"Z=6 C (vida longa)",6,0,0
19,24,2,Evolucionistas,"Z=42 Mo (vida longa)",42,0,0
19,25,0,Empiristas,"Z=78 Pt (vida longa)",78,1,0
19,25,2,Evolucionistas,"Z=107 Bh (vida longa)",107,0,0
19,25,3,Isolados,"Z=71 Lu (vida longa)",71,1,0
19,26,1,Incrementalistas,"Z=103 Lr (vida longa)",103,1,0
19,27,3,Isolados,"Z=72 Hf (vida longa)",72,1,0
19,28,0,Empiristas,"Z=106 Sg (vida longa)",106,0,0
19,28,1,Incrementalistas,"Z=105 Db (vida longa)",105,0,0
19,28,3,Isolados,"Z=74 W (vida longa)",74,1,0
19,30,3,Isolados,"Z=99 Es (vida longa)",99,1,0
19,30,1,Incrementalistas,"Z=40 Zr (vida longa)",40,0,1
19,31,0,Empiristas,"Z=2 He (vida longa)",2,0,0
19,31,0,Empiristas,"Z=68 Er (vida longa)",68,0,0
19,31,0,Empiristas,"Z=15 P (vida longa)",15,1,0
19,31,2,Evolucionistas,"Z=113 Nh (vida longa)",113,0,0
19,31,3,Isolados,"Z=58 Ce (vida longa)",58,0,0
19,31,3,Isolados,"Z=97 Bk (vida longa)",97,0,0
19,32,0,Empiristas,"Z=113 Nh (vida longa)",113,0,0
19,32,3,Isolados,"Z=96 Cm (vida longa)",96,0,0
19,33,0,Empiristas,"Z=52 Te (vida longa)",52,1,0
19,33,0,Empiristas,"Z=16 S (vida longa)",16,1,0
19,33,1,Incrementalistas,"Z=41 Nb (vida longa)",41,0,0
19,33,2,Evolucionistas,"Z=40 Zr (vida longa)",40,0,0
19,34,3,Isolados,"Z=50 Sn (vida longa)",50,1,0
19,34,3,Isolados,"Z=101 Md (vida longa)",101,1,0
19,34,2,Evolucionistas,"Z=106 Sg (vida longa)",106,0,1
19,35,1,Incrementalistas,"Z=115 Mc (vida longa)",115,1,0
19,35,2,Evolucionistas,"Z=66 Dy (vida longa)",66,0,0
19,35,3,Isolados,"Z=70 Yb (vida longa)",70,1,0
19,35,3,Isolados,"Z=73 Ta (vida longa)",73,1,0
19,35,3,Isolados,"Z=82 Pb (vida longa)",82,1,0
19,35,2,Evolucionistas,"Z=32 Ge (vida longa)",32,0,1
19,35,0,Empiristas,"Z=38 Sr (vida longa)",38,0,1
19,36,0,Empiristas,"Z=58 Ce (vida longa)",58,0,0
19,36,0,Empiristas,"Z=112 Cn (vida longa)",112,0,0
19,36,1,Incrementalistas,"Z=77 Ir (vida longa)",77,1,0
19,36,3,Isolados,"Z=38 Sr (vida longa)",38,0,0
19,36,2,Evolucionistas,"Z=115 Mc (vida longa)",115,0,1
19,36,0,Empiristas,"Z=115 Mc (vida longa)",115,0,1
19,37,0,Empiristas,"Z=10 Ne (vida longa)",10,1,0
19,37,1,Incrementalistas,"Z=10 Ne (vida longa)",10,0,1
19,37,0,Empiristas,"Z=57 La (vida longa)",57,0,1
19,38,0,Empiristas,"Z=54 Xe (vida longa)",54,0,0
19,39,0,Empiristas,"Z=29 Cu (vida longa)",29,1,0
19,39,0,Empiristas,"Z=61 Pm (vida longa)",61,0,0
19,39,1,Incrementalistas,"Z=17 Cl (vida longa)",17,1,0
19,39,3,Isolados,"Z=22 Ti (vida longa)",22,1,0
19,39,3,Isolados,"Z=76 Os (vida longa)",76,1,0
19,39,3,Isolados,"Z=102 No (vida longa)",102,1,0
19,39,2,Evolucionistas,"Z=57 La (vida longa)",57,0,1
19,40,2,Evolucionistas,"Z=29 Cu (vida longa)",29,0,0
19,40,3,Isolados,"Z=114 Fl (vida longa)",114,0,0
19,40,3,Isolados,"Z=49 In (vida longa)",49,1,0
19,41,3,Isolados,"Z=100 Fm (vida longa)",100,1,0
19,41,3,Isolados,"Z=113 Nh (vida longa)",113,0,0
19,42,0,Empiristas,"Z=71 Lu (vida longa)",71,0,0
19,42,2,Evolucionistas,"Z=61 Pm (vida longa)",61,0,0
19,42,3,Isolados,"Z=1 H (vida longa)",1,0,0
19,42,3,Isolados,"Z=88 Ra (vida longa)",88,0,0
19,42,3,Isolados,"Z=95 Am (vida longa)",95,0,0
19,42,3,Isolados,"Z=103 Lr (vida longa)",103,0,0
19,42,2,Evolucionistas,"Z=95 Am (vida longa)",95,0,1
19,43,3,Isolados,"Z=21 Sc (vida longa)",21,1,0
19,43,3,Isolados,"Z=92 U (vida longa)",92,0,0
19,43,3,Isolados,"Z=77 Ir (vida longa)",77,0,0
19,44,1,Incrementalistas,"Z=28 Ni (vida longa)",28,1,0
19,44,1,Incrementalistas,"Z=31 Ga (vida longa)",31,1,0
19,45,0,Empiristas,"Z=83 Bi (vida longa)",83,1,0
19,45,0,Empiristas,"Z=59 Pr (vida longa)",59,0,0
19,45,2,Evolucionistas,"Z=80 Hg (vida longa)",80,1,0
19,45,3,Isolados,"Z=4 Be (vida longa)",4,0,0
19,45,3,Isolados,"Z=20 Ca (vida longa)",20,0,0
19,45,3,Isolados,"Z=93 Np (vida longa)",93,0,0
19,45,3,Isolados,"Z=98 Cf (vida longa)",98,0,0
19,46,0,Empiristas,"Z=65 Tb (vida longa)",65,0,0
19,47,1,Incrementalistas,"Z=93 Np (vida longa)",93,0,0
19,49,0,Empiristas,"Z=14 Si (vida longa)",14,0,0
19,49,3,Isolados,"Z=78 Pt (vida longa)",78,0,0
19,49,3,Isolados,"Z=115 Mc (vida longa)",115,0,0
19,51,3,Isolados,"Z=112 Cn (vida longa)",112,0,0
19,52,0,Empiristas,"Z=70 Yb (vida longa)",70,0,0
19,52,0,Empiristas,"Z=75 Re (vida longa)",75,1,0
19,52,1,Incrementalistas,"Z=34 Se (vida longa)",34,1,0
19,52,2,Evolucionistas,"Z=55 Cs (vida longa)",55,0,0
19,52,2,Evolucionistas,"Z=76 Os (vida longa)",76,0,0
19,52,2,Evolucionistas,"Z=8 O (vida longa)",8,0,0
19,53,1,Incrementalistas,"Z=7 N (vida longa)",7,1,0
19,53,1,Incrementalistas,"Z=42 Mo (vida longa)",42,0,0
19,53,3,Isolados,"Z=14 Si (vida longa)",14,0,0
19,53,3,Isolados,"Z=37 Rb (vida longa)",37,1,0
19,54,0,Empiristas,"Z=35 Br (vida longa)",35,0,0
19,54,2,Evolucionistas,"Z=27 Co (vida longa)",27,1,0
19,54,3,Isolados,"Z=34 Se (vida longa)",34,0,0
19,55,2,Evolucionistas,"Z=3 Li (vida longa)",3,0,0
19,55,3,Isolados,"Z=109 Mt (vida longa)",109,0,0
19,56,0,Empiristas,"Z=44 Ru (vida longa)",44,1,0
19,56,0,Empiristas,"Z=99 Es (vida longa)",99,0,0
19,56,1,Incrementalistas,"Z=96 Cm (vida longa)",96,0,0
19,57,3,Isolados,"Z=8 O (vida longa)",8,0,0
19,57,3,Isolados,"Z=110 Ds (vida longa)",110,0,0
19,58,0,Empiristas,"Z=28 Ni (vida longa)",28,0,0
19,58,2,Evolucionistas,"Z=94 Pu (vida longa)",94,0,0
19,58,3,Isolados,"Z=42 Mo (vida longa)",42,0,0
19,59,0,Empiristas,"Z=73 Ta (vida longa)",73,0,0
19,59,0,Empiristas,"Z=5 B (vida longa)",5,1,0
19,59,1,Incrementalistas,"Z=44 Ru (vida longa)",44,0,0
19,59,2,Evolucionistas,"Z=18 Ar (vida longa)",18,0,0
19,59,3,Isolados,"Z=24 Cr (vida longa)",24,1,0
19,60,1,Incrementalistas,"Z=74 W (vida longa)",74,0,0
19,60,3,Isolados,"Z=46 Pd (vida longa)",46,1,0
19,61,0,Empiristas,"Z=37 Rb (vida longa)",37,0,0
19,61,2,Evolucionistas,"Z=99 Es (vida longa)",99,0,0
19,61,2,Evolucionistas,"Z=24 Cr (vida longa)",24,0,0
19,61,2,Evolucionistas,"Z=2 He (vida longa)",2,0,0
19,61,2,Evolucionistas,"Z=7 N (vida longa)",7,0,0
19,61,2,Evolucionistas,"Z=92 U (vida longa)",92,0,0
19,63,0,Empiristas,"Z=74 W (vida longa)",74,0,0
19,63,0,Empiristas,"Z=80 Hg (vida longa)",80,0,0
19,63,0,Empiristas,"Z=104 Rf (vida longa)",104,1,0
19,63,1,Incrementalistas,"Z=54 Xe (vida longa)",54,0,0
19,63,1,Incrementalistas,"Z=9 F (vida longa)",9,1,0
19,63,3,Isolados,"Z=111 Rg (vida longa)",111,0,0
19,64,0,Empiristas,"Z=66 Dy (vida longa)",66,0,0
19,64,0,Empiristas,"Z=56 Ba (vida longa)",56,0,0
19,64,3,Isolados,"Z=3 Li (vida longa)",3,0,0
19,64,3,Isolados,"Z=41 Nb (vida longa)",41,0,0
19,64,1,Incrementalistas,"Z=1 H (vida longa)",1,0,1
19,65,0,Empiristas,"Z=100 Fm (vida longa)",100,0,0
19,66,0,Empiristas,"Z=13 Al (vida longa)",13,1,0
19,67,0,Empiristas,"Z=77 Ir (vida longa)",77,0,0
19,67,0,Empiristas,"Z=22 Ti (vida longa)",22,0,0
19,67,2,Evolucionistas,"Z=58 Ce (vida longa)",58,0,0
19,67,1,Incrementalistas,"Z=27 Co (vida longa)",27,0,1
19,68,0,Empiristas,"Z=27 Co (vida longa)",27,0,0
19,68,1,Incrementalistas,"Z=33 As (vida longa)",33,1,0
19,68,2,Evolucionistas,"Z=74 W (vida longa)",74,0,1
19,69,0,Empiristas,"Z=12 Mg (vida longa)",12,1,0
19,73,0,Empiristas,"Z=102 No (vida longa)",102,0,0
19,73,2,Evolucionistas,"Z=82 Pb (vida longa)",82,0,0
19,74,1,Incrementalistas,"Z=16 S (vida longa)",16,0,0
19,74,2,Evolucionistas,"Z=98 Cf (vida longa)",98,0,0
19,75,0,Empiristas,"Z=21 Sc (vida longa)",21,0,0
19,75,2,Evolucionistas,"Z=50 Sn (vida longa)",50,0,0
19,75,1,Incrementalistas,"Z=92 U (vida longa)",92,0,1
19,76,2,Evolucionistas,"Z=31 Ga (vida longa)",31,0,0
19,76,2,Evolucionistas,"Z=22 Ti (vida longa)",22,0,1
19,77,0,Empiristas,"Z=24 Cr (vida longa)",24,0,0
19,77,0,Empiristas,"Z=11 Na (vida longa)",11,1,0
19,77,3,Isolados,"Z=26 Fe (vida longa)",26,0,0
19,77,3,Isolados,"Z=43 Tc (vida longa)",43,0,0
19,78,1,Incrementalistas,"Z=100 Fm (vida longa)",100,0,0
19,78,2,Evolucionistas,"Z=51 Sb (vida longa)",51,1,0
19,79,0,Empiristas,"Z=23 V (vida longa)",23,1,0
19,79,2,Evolucionistas,"Z=78 Pt (vida longa)",78,0,0
19,80,3,Isolados,"Z=33 As (vida longa)",33,0,0
19,80,3,Isolados,"Z=18 Ar (vida longa)",18,0,0
19,81,0,Empiristas,"Z=34 Se (vida longa)",34,0,0
19,81,3,Isolados,"Z=104 Rf (vida longa)",104,0,0
19,81,1,Incrementalistas,"Z=75 Re (vida longa)",75,0,1
19,82,0,Empiristas,"Z=46 Pd (vida longa)",46,0,0
19,83,0,Empiristas,"Z=82 Pb (vida longa)",82,0,0
19,83,3,Isolados,"Z=27 Co (vida longa)",27,0,0
19,83,3,Isolados,"Z=69 Tm (vida longa)",69,1,0
19,84,2,Evolucionistas,"Z=12 Mg (vida longa)",12,0,0
19,84,2,Evolucionistas,"Z=21 Sc (vida longa)",21,0,0
19,84,3,Isolados,"Z=7 N (vida longa)",7,0,0
19,84,1,Incrementalistas,"Z=56 Ba (vida longa)",56,0,1
19,85,2,Evolucionistas,"Z=47 Ag (vida longa)",47,1,0
19,85,3,Isolados,"Z=52 Te (vida longa)",52,0,0
19,86,0,Empiristas,"Z=17 Cl (vida longa)",17,0,0
19,86,1,Incrementalistas,"Z=6 C (vida longa)",6,0,0
19,86,3,Isolados,"Z=84 Po (vida longa)",84,1,0
19,87,0,Empiristas,"Z=84 Po (vida longa)",84,0,0
19,87,0,Empiristas,"Z=7 N (vida longa)",7,0,0
19,87,0,Empiristas,"Z=31 Ga (vida longa)",31,0,1
19,88,1,Incrementalistas,"Z=73 Ta (vida longa)",73,0,0
19,88,2,Evolucionistas,"Z=36 Kr (vida longa)",36,0,1
19,89,0,Empiristas,"Z=81 Tl (vida longa)",81,1,0
19,89,3,Isolados,"Z=45 Rh (vida longa)",45,1,0
19,90,2,Evolucionistas,"Z=44 Ru (vida longa)",44,0,0
19,90,3,Isolados,"Z=53 I (vida longa)",53,1,0
19,91,1,Incrementalistas,"Z=66 Dy (vida longa)",66,0,1
19,92,1,Incrementalistas,"Z=19 K (vida longa)",19,0,0
19,92,2,Evolucionistas,"Z=33 As (vida longa)",33,0,0
19,92,3,Isolados,"Z=13 Al (vida longa)",13,0,0
19,92,3,Isolados,"Z=10 Ne (vida longa)",10,0,0
19,93,1,Incrementalistas,"Z=3 Li (vida longa)",3,0,0
19,93,3,Isolados,"Z=48 Cd (vida longa)",48,0,0
19,93,2,Evolucionistas,"Z=17 Cl (vida longa)",17,0,1
19,93,0,Empiristas,"Z=51 Sb (vida longa)",51,0,1
19,94,2,Evolucionistas,"Z=46 Pd (vida longa)",46,0,0
19,95,1,Incrementalistas,"Z=22 Ti (vida longa)",22,0,0
19,96,0,Empiristas,"Z=85 At (vida longa)",85,1,0
19,96,2,Evolucionistas,"Z=10 Ne (vida longa)",10,0,0
19,96,3,Isolados,"Z=80 Hg (vida longa)",80,0,0
19,96,3,Isolados,"Z=29 Cu (vida longa)",29,0,0
19,97,0,Empiristas,"Z=50 Sn (vida longa)",50,0,0
19,97,1,Incrementalistas,"Z=13 Al (vida longa)",13,0,0
19,97,2,Evolucionistas,"Z=20 Ca (vida longa)",20,0,0
19,98,0,Empiristas,"Z=89 Ac (vida longa)",89,1,0
19,99,1,Incrementalistas,"Z=11 Na (vida longa)",11,0,0
19,99,1,Incrementalistas,"Z=52 Te (vida longa)",52,0,0
19,99,2,Evolucionistas,"Z=23 V (vida longa)",23,0,0
19,99,3,Isolados,"Z=94 Pu (vida longa)",94,0,0
19,100,2,Evolucionistas,"Z=73 Ta (vida longa)",73,0,1
19,100,1,Incrementalistas,"Z=47 Ag (vida longa)",47,0,1
19,101,0,Empiristas,"Z=60 Nd (vida longa)",60,0,0
19,102,0,Empiristas,"Z=45 Rh (vida longa)",45,0,0
19,102,1,Incrementalistas,"Z=8 O (vida longa)",8,0,0
19,102,1,Incrementalistas,"Z=20 Ca (vida longa)",20,0,0
19,102,3,Isolados,"Z=107 Bh (vida longa)",107,0,0
19,102,2,Evolucionistas,"Z=103 Lr (vida longa)",103,0,1
19,103,0,Empiristas,"Z=9 F (vida longa)",9,0,0
19,103,1,Incrementalistas,"Z=68 Er (vida longa)",68,0,0
19,103,1,Incrementalistas,"Z=84 Po (vida longa)",84,0,1
19,104,0,Empiristas,"Z=36 Kr (vida longa)",36,0,0
19,104,1,Incrementalistas,"Z=24 Cr (vida longa)",24,0,0
19,104,2,Evolucionistas,"Z=68 Er (vida longa)",68,0,0
19,105,0,Empiristas,"Z=72 Hf (vida longa)",72,0,0
19,105,3,Isolados,"Z=31 Ga (vida longa)",31,0,0
19,105,3,Isolados,"Z=6 C (vida longa)",6,0,0
19,106,0,Empiristas,"Z=103 Lr (vida longa)",103,0,0
19,106,1,Incrementalistas,"Z=32 Ge (vida longa)",32,0,0
19,106,2,Evolucionistas,"Z=75 Re (vida longa)",75,0,0
19,106,3,Isolados,"Z=51 Sb (vida longa)",51,0,0
19,107,1,Incrementalistas,"Z=82 Pb (vida longa)",82,0,0
19,107,2,Evolucionistas,"Z=49 In (vida longa)",49,0,0
19,107,2,Evolucionistas,"Z=16 S (vida longa)",16,0,0
19,108,0,Empiristas,"Z=76 Os (vida longa)",76,0,0
19,108,2,Evolucionistas,"Z=5 B (vida longa)",5,0,0
19,109,1,Incrementalistas,"Z=12 Mg (vida longa)",12,0,1
19,110,3,Isolados,"Z=5 B (vida longa)",5,0,0
19,110,3,Isolados,"Z=25 Mn (vida longa)",25,1,0
19,110,3,Isolados,"Z=12 Mg (vida longa)",12,0,0
19,112,1,Incrementalistas,"Z=90 Th (vida longa)",90,0,0
19,114,0,Empiristas,"Z=53 I (vida longa)",53,0,0
19,114,0,Empiristas,"Z=33 As (vida longa)",33,0,0
19,114,2,Evolucionistas,"Z=15 P (vida longa)",15,0,0
19,114,3,Isolados,"Z=87 Fr (vida longa)",87,1,0
19,114,2,Evolucionistas,"Z=90 Th (vida longa)",90,0,1
19,115,1,Incrementalistas,"Z=46 Pd (vida longa)",46,0,0
19,115,3,Isolados,"Z=44 Ru (vida longa)",44,0,0
19,116,2,Evolucionistas,"Z=93 Np (vida longa)",93,0,0
19,116,2,Evolucionistas,"Z=43 Tc (vida longa)",43,0,0
19,117,1,Incrementalistas,"Z=55 Cs (vida longa)",55,0,0
19,117,2,Evolucionistas,"Z=11 Na (vida longa)",11,0,0
19,117,3,Isolados,"Z=85 At (vida longa)",85,0,0
19,119,1,Incrementalistas,"Z=69 Tm (vida longa)",69,0,0
19,119,2,Evolucionistas,"Z=88 Ra (vida longa)",88,0,0
19,120,2,Evolucionistas,"Z=89 Ac (vida longa)",89,0,0
19,121,2,Evolucionistas,"Z=56 Ba (vida longa)",56,0,1
19,122,0,Empiristas,"Z=39 Y (vida longa)",39,1,0
19,123,0,Empiristas,"Z=101 Md (vida longa)",101,0,0
19,123,2,Evolucionistas,"Z=105 Db (vida longa)",105,0,0
19,123,2,Evolucionistas,"Z=30 Zn (vida longa)",30,0,0
19,123,2,Evolucionistas,"Z=48 Cd (vida longa)",48,0,0
19,125,1,Incrementalistas,"Z=88 Ra (vida longa)",88,0,0
19,125,3,Isolados,"Z=90 Th (vida longa)",90,0,0
19,126,1,Incrementalistas,"Z=87 Fr (vida longa)",87,0,0
19,127,2,Evolucionistas,"Z=104 Rf (vida longa)",104,0,0
19,127,2,Evolucionistas,"Z=91 Pa (vida longa)",91,0,0
19,127,3,Isolados,"Z=28 Ni (vida longa)",28,0,0
19,127,3,Isolados,"Z=30 Zn (vida longa)",30,0,0
19,128,0,Empiristas,"Z=69 Tm (vida longa)",69,0,0
19,128,1,Incrementalistas,"Z=67 Ho (vida longa)",67,1,0
19,128,1,Incrementalistas,"Z=39 Y (vida longa)",39,0,0
19,128,2,Evolucionistas,"Z=54 Xe (vida longa)",54,0,0
19,128,3,Isolados,"Z=17 Cl (vida longa)",17,0,0
19,129,0,Empiristas,"Z=67 Ho (vida longa)",67,0,0
19,129,1,Incrementalistas,"Z=38 Sr (vida longa)",38,0,0
19,129,3,Isolados,"Z=19 K (vida longa)",19,0,0
19,130,3,Isolados,"Z=32 Ge (vida longa)",32,0,0
19,131,2,Evolucionistas,"Z=70 Yb (vida longa)",70,0,0
19,133,3,Isolados,"Z=89 Ac (vida longa)",89,0,0
19,133,3,Isolados,"Z=79 Au (vida longa)",79,1,0
19,134,2,Evolucionistas,"Z=25 Mn (vida longa)",25,0,0
19,134,2,Evolucionistas,"Z=96 Cm (vida longa)",96,0,0
19,135,1,Incrementalistas,"Z=30 Zn (vida longa)",30,0,0
19,135,2,Evolucionistas,"Z=13 Al (vida longa)",13,0,0
19,136,0,Empiristas,"Z=79 Au (vida longa)",79,0,0
19,136,1,Incrementalistas,"Z=76 Os (vida longa)",76,0,0
19,136,2,Evolucionistas,"Z=111 Rg (vida longa)",111,0,0
19,136,2,Evolucionistas,"Z=112 Cn (vida longa)",112,0,0
19,136,2,Evolucionistas,"Z=113 Nh (vida longa)",113,0,0
19,136,2,Evolucionistas,"Z=59 Pr (vida longa)",59,0,0
19,136,2,Evolucionistas,"Z=110 Ds (vida longa)",110,0,0
19,137,2,Evolucionistas,"Z=84 Po (vida longa)",84,0,0
19,137,2,Evolucionistas,"Z=50 Sn (vida longa)",50,0,0
19,137,3,Isolados,"Z=86 Rn (vida longa)",86,0,0
19,138,1,Incrementalistas,"Z=104 Rf (vida longa)",104,0,0
19,138,2,Evolucionistas,"Z=68 Er (vida longa)",68,0,0
19,141,1,Incrementalistas,"Z=71 Lu (vida longa)",71,0,0
19,142,2,Evolucionistas,"Z=69 Tm (vida longa)",69,0,0
19,142,3,Isolados,"Z=15 P (vida longa)",15,0,0
19,142,2,Evolucionistas,"Z=32 Ge (vida longa)",32,0,1
19,143,1,Incrementalistas,"Z=72 Hf (vida longa)",72,0,0
19,144,2,Evolucionistas,"Z=52 Te (vida longa)",52,0,0
19,144,2,Evolucionistas,"Z=53 I (vida longa)",53,0,0
19,144,2,Evolucionistas,"Z=6 C (vida longa)",6,0,0
19,146,1,Incrementalistas,"Z=70 Yb (vida longa)",70,0,0
19,146,1,Incrementalistas,"Z=43 Tc (vida longa)",43,0,0
19,146,3,Isolados,"Z=23 V (vida longa)",23,0,0
19,147,0,Empiristas,"Z=49 In (vida longa)",49,0,0
19,147,1,Incrementalistas,"Z=112 Cn (vida longa)",112,0,0
19,147,1,Incrementalistas,"Z=108 Hs (vida longa)",108,0,0
19,148,1,Incrementalistas,"Z=109 Mt (vida longa)",109,0,0
19,148,1,Incrementalistas,"Z=66 Dy (vida longa)",66,0,0
19,148,3,Isolados,"Z=40 Zr (vida longa)",40,0,0
19,149,1,Incrementalistas,"Z=15 P (vida longa)",15,0,0
19,149,2,Evolucionistas,"Z=67 Ho (vida longa)",67,0,1
19,150,0,Empiristas,"Z=25 Mn (vida longa)",25,0,0
19,150,3,Isolados,"Z=108 Hs (vida longa)",108,0,0
19,150,3,Isolados,"Z=11 Na (vida longa)",11,0,0
19,151,0,Empiristas,"Z=47 Ag (vida longa)",47,0,0
19,152,2,Evolucionistas,"Z=39 Y (vida longa)",39,0,1
19,152,1,Incrementalistas,"Z=18 Ar (vida longa)",18,0,1
19,153,1,Incrementalistas,"Z=25 Mn (vida longa)",25,0,0
19,154,1,Incrementalistas,"Z=95 Am (vida longa)",95,0,0
19,154,2,Evolucionistas,"Z=55 Cs (vida longa)",55,0,0
19,154,2,Evolucionistas,"Z=28 Ni (vida longa)",28,0,0
19,154,2,Evolucionistas,"Z=42 Mo (vida longa)",42,0,0
19,154,3,Isolados,"Z=9 F (vida longa)",9,0,0
19,154,2,Evolucionistas,"Z=87 Fr (vida longa)",87,0,1
19,154,1,Incrementalistas,"Z=29 Cu (vida longa)",29,0,1
19,155,1,Incrementalistas,"Z=79 Au (vida longa)",79,0,0
19,155,2,Evolucionistas,"Z=13 Al (vida longa)",13,0,0
19,156,2,Evolucionistas,"Z=33 As (vida longa)",33,0,0
19,156,2,Evolucionistas,"Z=34 Se (vida longa)",34,0,0
19,156,1,Incrementalistas,"Z=22 Ti (vida longa)",22,0,1
19,157,1,Incrementalistas,"Z=5 B (vida longa)",5,0,0
19,158,2,Evolucionistas,"Z=15 P (vida longa)",15,0,0
19,158,2,Evolucionistas,"Z=78 Pt (vida longa)",78,0,0
19,159,1,Incrementalistas,"Z=90 Th (vida longa)",90,0,0
19,159,1,Incrementalistas,"Z=92 U (vida longa)",92,0,0
19,159,3,Isolados,"Z=16 S (vida longa)",16,0,0
19,160,1,Incrementalistas,"Z=27 Co (vida longa)",27,0,0
19,160,2,Evolucionistas,"Z=19 K (vida longa)",19,0,0
19,160,2,Evolucionistas,"Z=86 Rn (vida longa)",86,0,0
19,161,1,Incrementalistas,"Z=35 Br (vida longa)",35,0,0
19,161,2,Evolucionistas,"Z=81 Tl (vida longa)",81,0,0
19,161,2,Evolucionistas,"Z=101 Md (vida longa)",101,0,0
19,162,3,Isolados,"Z=83 Bi (vida longa)",83,0,0
19,163,0,Empiristas,"Z=87 Fr (vida longa)",87,0,0
19,163,1,Incrementalistas,"Z=45 Rh (vida longa)",45,0,0
19,163,2,Evolucionistas,"Z=8 O (vida longa)",8,0,0
19,163,2,Evolucionistas,"Z=100 Fm (vida longa)",100,0,0
19,163,2,Evolucionistas,"Z=47 Ag (vida longa)",47,0,0
19,164,1,Incrementalistas,"Z=72 Hf (vida longa)",72,0,0
19,164,2,Evolucionistas,"Z=80 Hg (vida longa)",80,0,0
19,165,2,Evolucionistas,"Z=24 Cr (vida longa)",24,0,0
19,165,3,Isolados,"Z=47 Ag (vida longa)",47,0,0
19,166,1,Incrementalistas,"Z=4 Be (vida longa)",4,0,0
19,166,2,Evolucionistas,"Z=65 Tb (vida longa)",65,0,0
19,166,3,Isolados,"Z=75 Re (vida longa)",75,0,0
19,168,1,Incrementalistas,"Z=47 Ag (vida longa)",47,0,0
19,168,1,Incrementalistas,"Z=75 Re (vida longa)",75,0,0
19,168,2,Evolucionistas,"Z=40 Zr (vida longa)",40,0,0
19,168,2,Evolucionistas,"Z=82 Pb (vida longa)",82,0,0
19,168,2,Evolucionistas,"Z=91 Pa (vida longa)",91,0,0
19,169,2,Evolucionistas,"Z=71 Lu (vida longa)",71,0,0
19,169,2,Evolucionistas,"Z=66 Dy (vida longa)",66,0,0
19,170,1,Incrementalistas,"Z=91 Pa (vida longa)",91,0,0
19,171,1,Incrementalistas,"Z=96 Cm (vida longa)",96,0,0
19,171,1,Incrementalistas,"Z=8 O (vida longa)",8,0,0
19,171,2,Evolucionistas,"Z=35 Br (vida longa)",35,0,0
19,171,2,Evolucionistas,"Z=56 Ba (vida longa)",56,0,0
19,172,1,Incrementalistas,"Z=46 Pd (vida longa)",46,0,0
19,172,1,Incrementalistas,"Z=21 Sc (vida longa)",21,0,0
19,172,3,Isolados,"Z=67 Ho (vida longa)",67,0,0
19,173,0,Empiristas,"Z=1 H (vida longa)",1,0,0
19,173,1,Incrementalistas,"Z=101 Md (vida longa)",101,0,0
19,173,2,Evolucionistas,"Z=72 Hf (vida longa)",72,0,0
19,173,2,Evolucionistas,"Z=77 Ir (vida longa)",77,0,0
19,174,1,Incrementalistas,"Z=102 No (vida longa)",102,0,0
19,174,2,Evolucionistas,"Z=75 Re (vida longa)",75,0,0
19,175,1,Incrementalistas,"Z=89 Ac (vida longa)",89,0,0
19,175,3,Isolados,"Z=106 Sg (vida longa)",106,0,0
19,175,3,Isolados,"Z=91 Pa (vida longa)",91,0,0
19,176,1,Incrementalistas,"Z=82 Pb (vida longa)",82,0,0
19,177,2,Evolucionistas,"Z=97 Bk (vida longa)",97,0,0
19,179,1,Incrementalistas,"Z=48 Cd (vida longa)",48,0,0
19,179,2,Evolucionistas,"Z=37 Rb (vida longa)",37,0,0
19,180,1,Incrementalistas,"Z=94 Pu (vida longa)",94,0,0
19,180,1,Incrementalistas,"Z=2 He (vida longa)",2,0,0
19,180,2,Evolucionistas,"Z=102 No (vida longa)",102,0,0
19,181,1,Incrementalistas,"Z=49 In (vida longa)",49,0,0
19,181,2,Evolucionistas,"Z=79 Au (vida longa)",79,0,0
19,181,2,Evolucionistas,"Z=62 Sm (vida longa)",62,0,0
19,182,1,Incrementalistas,"Z=73 Ta (vida longa)",73,0,0
19,182,1,Incrementalistas,"Z=88 Ra (vida longa)",88,0,0
19,183,1,Incrementalistas,"Z=14 Si (vida longa)",14,0,0
19,183,1,Incrementalistas,"Z=80 Hg (vida longa)",80,0,0
19,183,2,Evolucionistas,"Z=21 Sc (vida longa)",21,0,0
19,185,2,Evolucionistas,"Z=45 Rh (vida longa)",45,0,1
19,187,1,Incrementalistas,"Z=50 Sn (vida longa)",50,0,0
19,187,3,Isolados,"Z=81 Tl (vida longa)",81,0,0
19,188,2,Evolucionistas,"Z=104 Rf (vida longa)",104,0,0
19,189,1,Incrementalistas,"Z=71 Lu (vida longa)",71,0,0
19,189,2,Evolucionistas,"Z=95 Am (vida longa)",95,0,1
19,190,1,Incrementalistas,"Z=81 Tl (vida longa)",81,0,0
19,192,1,Incrementalistas,"Z=78 Pt (vida longa)",78,0,0
19,192,2,Evolucionistas,"nucleos efemeros",110.276,0,0
19,192,2,Evolucionistas,"Z=42 Mo (vida longa)",42,0,0
19,192,2,Evolucionistas,"Z=46 Pd (vida longa)",46,0,0
19,193,1,Incrementalistas,"Z=85 At (vida longa)",85,0,0
19,194,2,Evolucionistas,"Z=34 Se (vida longa)",34,0,0
19,194,3,Isolados,"Z=105 Db (vida longa)",105,0,0
19,195,1,Incrementalistas,"Z=37 Rb (vida longa)",37,0,0
19,195,2,Evolucionistas,"Z=12 Mg (vida longa)",12,0,0
19,195,2,Evolucionistas,"Z=101 Md (vida longa)",101,0,0
19,195,2,Evolucionistas,"Z=58 Ce (vida longa)",58,0,0
19,195,2,Evolucionistas,"Z=91 Pa (vida longa)",91,0,0
19,196,1,Incrementalistas,"Z=23 V (vida longa)",23,0,0
19,196,1,Incrementalistas,"Z=99 Es (vida longa)",99,0,0
19,197,1,Incrementalistas,"Z=65 Tb (vida longa)",65,0,0
19,197,3,Isolados,"Z=55 Cs (vida longa)",55,0,0
19,198,1,Incrementalistas,"Z=83 Bi (vida longa)",83,0,0
19,198,2,Evolucionistas,"Z=67 Ho (vida longa)",67,0,0
19,198,2,Evolucionistas,"Z=59 Pr (vida longa)",59,0,0
19,198,2,Evolucionistas,"Z=85 At (vida longa)",85,0,0
19,199,1,Incrementalistas,"Z=52 Te (vida longa)",52,0,0
19,199,2,Evolucionistas,"Z=10 Ne (vida longa)",10,0,0
19,199,2,Evolucionistas,"Z=77 Ir (vida longa)",77,0,0
19,199,2,Evolucionistas,"Z=32 Ge (vida longa)",32,0,0
19,199,2,Evolucionistas,"Z=41 Nb (vida longa)",41,0,0
19,200,2,Evolucionistas,"Z=69 Tm (vida longa)",69,0,0
19,201,2,Evolucionistas,"Z=109 Mt (vida longa)",109,0,0
19,201,2,Evolucionistas,"Z=54 Xe (vida longa)",54,0,0
19,201,2,Evolucionistas,"Z=66 Dy (vida longa)",66,0,0
19,202,2,Evolucionistas,"Z=16 S (vida longa)",16,0,0
19,203,2,Evolucionistas,"Z=47 Ag (vida longa)",47,0,0
19,204,2,Evolucionistas,"Z=73 Ta (vida longa)",73,0,1
19,205,1,Incrementalistas,"Z=100 Fm (vida longa)",100,0,0
19,205,2,Evolucionistas,"Z=36 Kr (vida longa)",36,0,0
19,206,1,Incrementalistas,"Z=53 I (vida longa)",53,0,0
19,206,2,Evolucionistas,"Z=80 Hg (vida longa)",80,0,0
19,206,2,Evolucionistas,"Z=51 Sb (vida longa)",51,0,0
19,208,2,Evolucionistas,"Z=89 Ac (vida longa)",89,0,0
19,209,2,Evolucionistas,"Z=3 Li (vida longa)",3,0,0
19,209,2,Evolucionistas,"Z=52 Te (vida longa)",52,0,0
19,210,2,Evolucionistas,"Z=27 Co (vida longa)",27,0,0
19,211,1,Incrementalistas,"Z=63 Eu (vida longa)",63,0,0
19,211,2,Evolucionistas,"Z=14 Si (vida longa)",14,0,0
19,212,1,Incrementalistas,"Z=51 Sb (vida longa)",51,0,0
19,212,2,Evolucionistas,"Z=53 I (vida longa)",53,0,0
19,212,2,Evolucionistas,"Z=60 Nd (vida longa)",60,0,0
19,213,2,Evolucionistas,"Z=21 Sc (vida longa)",21,0,0
19,213,2,Evolucionistas,"Z=22 Ti (vida longa)",22,0,0
19,214,2,Evolucionistas,"Z=57 La (vida longa)",57,0,0
19,217,2,Evolucionistas,"Z=65 Tb (vida longa)",65,0,0
19,218,2,Evolucionistas,"Z=95 Am (vida longa)",95,0,0
19,220,2,Evolucionistas,"Z=79 Au (vida longa)",79,0,0
19,221,2,Evolucionistas,"Z=103 Lr (vida longa)",103,0,0
19,222,2,Evolucionistas,"Z=86 Rn (vida longa)",86,0,0
19,230,3,Isolados,"Z=39 Y (vida longa)",39,0,0
19,231,2,Evolucionistas,"Z=83 Bi (vida longa)",83,0,0
19,232,2,Evolucionistas,"Z=9 F (vida longa)",9,0,0
19,268,2,Evolucionistas,"Z=4 Be (vida longa)",4,0,0
19,268,2,Evolucionistas,"Z=55 Cs (vida longa)",55,0,0
19,268,2,Evolucionistas,"Z=70 Yb (vida longa)",70,0,0
19,268,2,Evolucionistas,"Z=111 Rg (vida longa)",111,0,0
19,268,2,Evolucionistas,"Z=110 Ds (vida longa)",110,0,0
19,268,2,Evolucionistas,"Z=20 Ca (vida longa)",20,0,0
19,268,2,Evolucionistas,"Z=90 Th (vida longa)",90,0,0
19,269,2,Evolucionistas,"Z=60 Nd (vida longa)",60,0,0
19,269,2,Evolucionistas,"Z=6 C (vida longa)",6,0,0
19,269,2,Evolucionistas,"Z=76 Os (vida longa)",76,0,0
19,270,2,Evolucionistas,"Z=84 Po (vida longa)",84,0,0
19,270,2,Evolucionistas,"Z=99 Es (vida longa)",99,0,0
19,270,2,Evolucionistas,"Z=56 Ba (vida longa)",56,0,0
19,270,2,Evolucionistas,"Z=109 Mt (vida longa)",109,0,0
19,270,2,Evolucionistas,"Z=13 Al (vida longa)",13,0,0
19,271,2,Evolucionistas,"Z=23 V (vida longa)",23,0,0
19,271,2,Evolucionistas,"Z=32 Ge (vida longa)",32,0,1
19,273,2,Evolucionistas,"Z=25 Mn (vida longa)",25,0,0
19,273,2,Evolucionistas,"Z=18 Ar (vida longa)",18,0,0
19,274,2,Evolucionistas,"Z=9 F (vida longa)",9,0,0
19,275,2,Evolucionistas,"Z=38 Sr (vida longa)",38,0,0
19,275,2,Evolucionistas,"Z=54 Xe (vida longa)",54,0,0
19,276,2,Evolucionistas,"Z=77 Ir (vida longa)",77,0,0
19,276,2,Evolucionistas,"Z=28 Ni (vida longa)",28,0,0
19,277,2,Evolucionistas,"Z=72 Hf (vida longa)",72,0,0
19,278,2,Evolucionistas,"Z=96 Cm (vida longa)",96,0,0
19,278,2,Evolucionistas,"Z=73 Ta (vida longa)",73,0,0
19,281,2,Evolucionistas,"Z=15 P (vida longa)",15,0,0
19,281,2,Evolucionistas,"Z=98 Cf (vida longa)",98,0,0
19,281,2,Evolucionistas,"Z=94 Pu (vida longa)",94,0,0
19,282,2,Evolucionistas,"Z=40 Zr (vida longa)",40,0,0
19,282,2,Evolucionistas,"Z=97 Bk (vida longa)",97,0,0
19,283,2,Evolucionistas,"Z=65 Tb (vida longa)",65,0,0
19,284,2,Evolucionistas,"Z=50 Sn (vida longa)",50,0,0
19,286,2,Evolucionistas,"Z=89 Ac (vida longa)",89,0,0
19,286,2,Evolucionistas,"Z=51 Sb (vida longa)",51,0,0
19,289,2,Evolucionistas,"Z=95 Am (vida longa)",95,0,0
19,292,2,Evolucionistas,"Z=43 Tc (vida longa)",43,0,0
19,292,2,Evolucionistas,"Z=52 Te (vida longa)",52,0,0
19,295,2,Evolucionistas,"Z=105 Db (vida longa)",105,0,0
19,296,2,Evolucionistas,"Z=103 Lr (vida longa)",103,0,0
19,299,2,Evolucionistas,"Z=31 Ga (vida longa)",31,0,0
20,0,0,Empiristas,"nucleos efemeros",8.34084,1,0
20,0,0,Empiristas,"Z=3 Li (vida longa)",3,1,0
20,0,1,Incrementalistas,"nucleos efemeros",9.61135,0,0
20,0,1,Incrementalistas,"Z=34 Se (vida longa)",34,1,0
20,0,1,Incrementalistas,"Z=33 As (vida longa)",33,1,0
20,0,1,Incrementalistas,"Z=32 Ge (vida longa)",32,1,0
20,0,2,Evolucionistas,"nucleos efemeros",56.1123,0,0
20,0,2,Evolucionistas,"Z=6 C (vida longa)",6,1,0
20,0,2,Evolucionistas,"Z=62 Sm (vida longa)",62,1,0
20,0,3,Isolados,"Z=46 Pd (vida longa)",46,1,0
20,0,3,Isolados,"nucleos efemeros",52.6116,0,0
20,1,0,Empiristas,"Z=20 Ca (vida longa)",20,1,0
20,1,1,Incrementalistas,"Z=36 Kr (vida longa)",36,1,0
20,1,1,Incrementalistas,"Z=35 Br (vida longa)",35,1,0
20,2,0,Empiristas,"Z=6 C (vida longa)",6,0,0
20,2,1,Incrementalistas,"Z=37 Rb (vida longa)",37,1,0
20,2,2,Evolucionistas,"Z=61 Pm (vida longa)",61,1,0
20,3,0,Empiristas,"Z=18 Ar (vida longa)",18,1,0
20,3,1,Incrementalistas,"Z=38 Sr (vida longa)",38,1,0
20,3,1,Incrementalistas,"Z=39 Y (vida longa)",39,1,0
20,3,3,Isolados,"Z=47 Ag (vida longa)",47,1,0
20,5,0,Empiristas,"Z=60 Nd (vida longa)",60,1,0
20,5,0,Empiristas,"Z=19 K (vida longa)",19,1,0
20,5,3,Isolados,"Z=44 Ru (vida longa)",44,1,0
20,6,0,Empiristas,"Z=26 Fe (vida longa)",26,1,0
20,6,1,Incrementalistas,"Z=31 Ga (vida longa)",31,1,0
20,6,3,Isolados,"Z=64 Gd (vida longa)",64,1,0
20,7,0,Empiristas,"Z=52 Te (vida longa)",52,1,0
20,7,1,Incrementalistas,"Z=42 Mo (vida longa)",42,1,0
20,7,2,Evolucionistas,"Z=14 Si (vida longa)",14,1,0
20,7,3,Isolados,"Z=96 Cm (vida longa)",96,1,0
20,7,2,Evolucionistas,"Z=42 Mo (vida longa)",42,0,1
20,7,2,Evolucionistas,"Z=34 Se (vida longa)",34,0,1
20,7,1,Incrementalistas,"Z=62 Sm (vida longa)",62,0,1
20,8,2,Evolucionistas,"Z=70 Yb (vida longa)",70,1,0
20,8,3,Isolados,"Z=45 Rh (vida longa)",45,1,0
20,9,0,Empiristas,"Z=70 Yb (vida longa)",70,0,0
20,9,1,Incrementalistas,"Z=41 Nb (vida longa)",41,1,0
20,9,3,Isolados,"Z=69 Tm (vida longa)",69,1,0
20,9,3,Isolados,"Z=72 Hf (vida longa)",72,1,0
20,9,3,Isolados,"Z=90 Th (vida longa)",90,1,0
20,10,1,Incrementalistas,"Z=44 Ru (vida longa)",44,0,0
20,10,1,Incrementalistas,"Z=28 Ni (vida longa)",28,1,0
20,10,2,Evolucionistas,"Z=65 Tb (vida longa)",65,1,0
20,10,3,Isolados,"Z=71 Lu (vida longa)",71,1,0
20,10,1,Incrementalistas,"Z=20 Ca (vida longa)",20,0,1
20,10,0,Empiristas,"Z=37 Rb (vida longa)",37,0,1
20,12,0,Empiristas,"Z=36 Kr (vida longa)",36,0,0
20,12,0,Empiristas,"Z=72 Hf (vida longa)",72,0,0
20,12,3,Isolados,"Z=97 Bk (vida longa)",97,1,0
20,12,3,Isolados,"Z=66 Dy (vida longa)",66,1,0
20,12,1,Incrementalistas,"Z=72 Hf (vida longa)",72,0,1
20,12,1,Incrementalistas,"Z=18 Ar (vida longa)",18,0,1
20,12,0,Empiristas,"Z=42 Mo (vida longa)",42,0,1
20,13,1,Incrementalistas,"Z=43 Tc (vida longa)",43,1,0
20,13,1,Incrementalistas,"Z=40 Zr (vida longa)",40,1,0
20,13,3,Isolados,"Z=61 Pm (vida longa)",61,0,0
20,13,3,Isolados,"Z=73 Ta (vida longa)",73,1,0
20,13,3,Isolados,"Z=62 Sm (vida longa)",62,0,0
20,14,0,Empiristas,"Z=66 Dy (vida longa)",66,0,0
20,15,1,Incrementalistas,"Z=63 Eu (vida longa)",63,1,0
20,15,2,Evolucionistas,"Z=68 Er (vida longa)",68,1,0
20,15,3,Isolados,"Z=70 Yb (vida longa)",70,0,0
20,16,0,Empiristas,"Z=25 Mn (vida longa)",25,1,0
20,16,1,Incrementalistas,"Z=75 Re (vida longa)",75,1,0
20,16,3,Isolados,"Z=74 W (vida longa)",74,1,0
20,17,0,Empiristas,"Z=110 Ds (vida longa)",110,1,0
20,17,0,Empiristas,"Z=58 Ce (vida longa)",58,1,0
20,17,0,Empiristas,"Z=113 Nh (vida longa)",113,1,0
20,17,3,Isolados,"Z=94 Pu (vida longa)",94,1,0
20,17,0,Empiristas,"Z=62 Sm (vida longa)",62,0,1
20,17,2,Evolucionistas,"Z=113 Nh (vida longa)",113,0,1
20,17,2,Evolucionistas,"Z=37 Rb (vida longa)",37,0,1
20,18,0,Empiristas,"Z=109 Mt (vida longa)",109,1,0
20,18,0,Empiristas,"Z=11 Na (vida longa)",11,1,0
20,18,0,Empiristas,"Z=74 W (vida longa)",74,0,0
20,18,0,Empiristas,"Z=68 Er (vida longa)",68,0,0
20,18,1,Incrementalistas,"Z=66 Dy (vida longa)",66,0,0
20,18,1,Incrementalistas,"Z=64 Gd (vida longa)",64,0,0
20,18,3,Isolados,"Z=93 Np (vida longa)",93,1,0
20,19,0,Empiristas,"Z=32 Ge (vida longa)",32,0,0
20,19,1,Incrementalistas,"Z=73 Ta (vida longa)",73,0,0
20,19,1,Incrementalistas,"Z=74 W (vida longa)",74,0,0
20,19,1,Incrementalistas,"Z=69 Tm (vida longa)",69,0,0
20,19,1,Incrementalistas,"Z=70 Yb (vida longa)",70,0,0
20,19,1,Incrementalistas,"Z=113 Nh (vida longa)",113,0,1
20,20,0,Empiristas,"Z=63 Eu (vida longa)",63,0,0
20,20,0,Empiristas,"Z=56 Ba (vida longa)",56,1,0
20,20,1,Incrementalistas,"Z=65 Tb (vida longa)",65,0,0
20,20,3,Isolados,"Z=68 Er (vida longa)",68,0,0
20,20,3,Isolados,"Z=89 Ac (vida longa)",89,1,0
20,21,0,Empiristas,"Z=108 Hs (vida longa)",108,1,0
20,21,0,Empiristas,"Z=65 Tb (vida longa)",65,0,0
20,21,1,Incrementalistas,"Z=60 Nd (vida longa)",60,0,0
20,22,0,Empiristas,"Z=39 Y (vida longa)",39,0,0
20,22,1,Incrementalistas,"Z=76 Os (vida longa)",76,1,0
20,22,1,Incrementalistas,"Z=114 Fl (vida longa)",114,1,0
20,22,2,Evolucionistas,"Z=67 Ho (vida longa)",67,1,0
20,22,3,Isolados,"Z=87 Fr (vida longa)",87,1,0
20,23,0,Empiristas,"Z=111 Rg (vida longa)",111,1,0
20,23,1,Incrementalistas,"Z=67 Ho (vida longa)",67,0,0
20,23,2,Evolucionistas,"Z=72 Hf (vida longa)",72,0,0
20,23,3,Isolados,"Z=84 Po (vida longa)",84,1,0
20,23,3,Isolados,"Z=100 Fm (vida longa)",100,1,0
20,24,0,Empiristas,"Z=67 Ho (vida longa)",67,0,0
20,24,0,Empiristas,"Z=100 Fm (vida longa)",100,0,0
20,24,1,Incrementalistas,"Z=12 Mg (vida longa)",12,1,0
20,24,1,Incrementalistas,"Z=68 Er (vida longa)",68,0,0
20,24,3,Isolados,"Z=91 Pa (vida longa)",91,1,0
20,24,3,Isolados,"Z=92 U (vida longa)",92,1,0
20,24,2,Evolucionistas,"Z=114 Fl (vida longa)",114,0,1
20,25,0,Empiristas,"Z=28 Ni (vida longa)",28,0,0
20,25,0,Empiristas,"Z=107 Bh (vida longa)",107,1,0
20,25,3,Isolados,"Z=95 Am (vida longa)",95,1,0
20,25,3,Isolados,"Z=76 Os (vida longa)",76,0,0
20,25,0,Empiristas,"Z=114 Fl (vida longa)",114,0,1
20,26,1,Incrementalistas,"Z=78 Pt (vida longa)",78,1,0
20,26,3,Isolados,"Z=98 Cf (vida longa)",98,1,0
20,27,0,Empiristas,"Z=2 He (vida longa)",2,1,0
20,27,1,Incrementalistas,"Z=111 Rg (vida longa)",111,0,0
20,27,3,Isolados,"Z=101 Md (vida longa)",101,1,0
20,27,3,Isolados,"Z=102 No (vida longa)",102,1,0
20,28,0,Empiristas,"Z=16 S (vida longa)",16,1,0
20,28,2,Evolucionistas,"Z=74 W (vida longa)",74,0,0
20,28,3,Isolados,"Z=75 Re (vida longa)",75,0,0
20,28,3,Isolados,"Z=52 Te (vida longa)",52,0,0
20,29,0,Empiristas,"Z=97 Bk (vida longa)",97,0,0
20,29,0,Empiristas,"Z=98 Cf (vida longa)",98,0,0
20,29,1,Incrementalistas,"Z=110 Ds (vida longa)",110,0,0
20,29,1,Incrementalistas,"Z=108 Hs (vida longa)",108,0,0
20,29,1,Incrementalistas,"Z=109 Mt (vida longa)",109,0,0
20,29,2,Evolucionistas,"Z=110 Ds (vida longa)",110,0,0
20,29,2,Evolucionistas,"Z=69 Tm (vida longa)",69,0,0
20,30,0,Empiristas,"Z=94 Pu (vida longa)",94,0,0
20,30,2,Evolucionistas,"Z=111 Rg (vida longa)",111,0,0
20,30,3,Isolados,"Z=63 Eu (vida longa)",63,0,0
20,31,1,Incrementalistas,"Z=77 Ir (vida longa)",77,1,0
20,31,1,Incrementalistas,"Z=112 Cn (vida longa)",112,1,0
20,31,3,Isolados,"Z=18 Ar (vida longa)",18,0,0
20,31,0,Empiristas,"Z=31 Ga (vida longa)",31,0,1
20,31,0,Empiristas,"Z=12 Mg (vida longa)",12,0,1
20,31,1,Incrementalistas,"Z=97 Bk (vida longa)",97,0,1
20,32,0,Empiristas,"Z=103 Lr (vida longa)",103,1,0
20,32,1,Incrementalistas,"Z=95 Am (vida longa)",95,0,0
20,32,2,Evolucionistas,"Z=108 Hs (vida longa)",108,0,0
20,33,1,Incrementalistas,"Z=106 Sg (vida longa)",106,1,0
20,33,2,Evolucionistas,"Z=58 Ce (vida longa)",58,0,0
20,33,3,Isolados,"Z=99 Es (vida longa)",99,1,0
20,34,0,Empiristas,"Z=95 Am (vida longa)",95,0,0
20,34,0,Empiristas,"Z=4 Be (vida longa)",4,1,0
20,35,0,Empiristas,"Z=85 At (vida longa)",85,1,0
20,35,2,Evolucionistas,"Z=88 Ra (vida longa)",88,1,0
20,36,0,Empiristas,"Z=106 Sg (vida longa)",106,0,0
20,36,2,Evolucionistas,"Z=39 Y (vida longa)",39,0,0
20,36,2,Evolucionistas,"Z=46 Pd (vida longa)",46,0,0
20,36,2,Evolucionistas,"Z=115 Mc (vida longa)",115,1,0
20,36,3,Isolados,"Z=15 P (vida longa)",15,1,0
20,37,0,Empiristas,"Z=22 Ti (vida longa)",22,1,0
20,37,1,Incrementalistas,"Z=98 Cf (vida longa)",98,0,0
20,37,1,Incrementalistas,"Z=107 Bh (vida longa)",107,0,0
20,37,0,Empiristas,"Z=115 Mc (vida longa)",115,0,1
20,37,2,Evolucionistas,"Z=107 Bh (vida longa)",107,0,1
20,38,0,Empiristas,"Z=48 Cd (vida longa)",48,1,0
20,38,0,Empiristas,"Z=79 Au (vida longa)",79,1,0
20,38,1,Incrementalistas,"Z=115 Mc (vida longa)",115,0,0
20,38,3,Isolados,"Z=103 Lr (vida longa)",103,0,0
20,39,0,Empiristas,"Z=61 Pm (vida longa)",61,0,0
20,39,0,Empiristas,"Z=112 Cn (vida longa)",112,0,0
20,39,2,Evolucionistas,"Z=94 Pu (vida longa)",94,0,0
20,39,2,Evolucionistas,"Z=109 Mt (vida longa)",109,0,0
20,39,2,Evolucionistas,"Z=112 Cn (vida longa)",112,0,0
20,40,0,Empiristas,"Z=34 Se (vida longa)",34,0,0
20,42,1,Incrementalistas,"Z=26 Fe (vida longa)",26,0,0
20,42,3,Isolados,"Z=34 Se (vida longa)",34,0,0
20,43,0,Empiristas,"Z=10 Ne (vida longa)",10,1,0
20,43,0,Empiristas,"Z=91 Pa (vida longa)",91,0,0
20,43,3,Isolados,"Z=106 Sg (vida longa)",106,0,0
20,44,3,Isolados,"Z=77 Ir (vida longa)",77,0,0
20,44,2,Evolucionistas,"Z=77 Ir (vida longa)",77,0,1
20,45,2,Evolucionistas,"Z=64 Gd (vida longa)",64,0,0
20,45,2,Evolucionistas,"Z=90 Th (vida longa)",90,0,0
20,45,3,Isolados,"Z=30 Zn (vida longa)",30,1,0
20,46,2,Evolucionistas,"Z=16 S (vida longa)",16,0,0
20,47,3,Isolados,"Z=104 Rf (vida longa)",104,1,0
20,48,0,Empiristas,"Z=89 Ac (vida longa)",89,0,0
20,48,0,Empiristas,"Z=8 O (vida longa)",8,1,0
20,48,0,Empiristas,"Z=47 Ag (vida longa)",47,0,0
20,48,2,Evolucionistas,"Z=41 Nb (vida longa)",41,0,0
20,48,2,Evolucionistas,"Z=28 Ni (vida longa)",28,0,1
20,49,0,Empiristas,"Z=92 U (vida longa)",92,0,0
20,49,2,Evolucionistas,"Z=20 Ca (vida longa)",20,0,0
20,49,3,Isolados,"Z=105 Db (vida longa)",105,1,0
20,50,0,Empiristas,"Z=23 V (vida longa)",23,1,0
20,50,3,Isolados,"Z=54 Xe (vida longa)",54,1,0
20,50,0,Empiristas,"Z=78 Pt (vida longa)",78,0,1
20,51,1,Incrementalistas,"Z=99 Es (vida longa)",99,0,0
20,52,3,Isolados,"Z=107 Bh (vida longa)",107,0,0
20,53,0,Empiristas,"Z=69 Tm (vida longa)",69,0,0
20,53,0,Empiristas,"Z=46 Pd (vida longa)",46,0,0
20,53,3,Isolados,"Z=48 Cd (vida longa)",48,0,0
20,53,2,Evolucionistas,"Z=91 Pa (vida longa)",91,0,1
20,53,2,Evolucionistas,"Z=32 Ge (vida longa)",32,0,1
20,54,0,Empiristas,"Z=45 Rh (vida longa)",45,0,0
20,55,0,Empiristas,"Z=64 Gd (vida longa)",64,0,0
20,55,1,Incrementalistas,"Z=22 Ti (vida longa)",22,0,0
20,55,3,Isolados,"Z=42 Mo (vida longa)",42,0,0
20,55,3,Isolados,"Z=78 Pt (vida longa)",78,0,0
20,55,3,Isolados,"Z=60 Nd (vida longa)",60,0,0
20,57,1,Incrementalistas,"Z=10 Ne (vida longa)",10,0,0
20,57,3,Isolados,"Z=85 At (vida longa)",85,0,0
20,58,0,Empiristas,"Z=53 I (vida longa)",53,1,0
20,59,0,Empiristas,"Z=105 Db (vida longa)",105,0,0
20,59,3,Isolados,"Z=12 Mg (vida longa)",12,0,0
20,59,3,Isolados,"Z=59 Pr (vida longa)",59,1,0
20,59,3,Isolados,"Z=109 Mt (vida longa)",109,0,0
20,60,3,Isolados,"Z=108 Hs (vida longa)",108,0,0
20,61,0,Empiristas,"Z=51 Sb (vida longa)",51,1,0
20,61,2,Evolucionistas,"Z=79 Au (vida longa)",79,0,0
20,61,1,Incrementalistas,"Z=51 Sb (vida longa)",51,0,1
20,62,0,Empiristas,"Z=15 P (vida longa)",15,0,0
20,62,3,Isolados,"Z=110 Ds (vida longa)",110,0,0
20,62,3,Isolados,"Z=88 Ra (vida longa)",88,0,0
20,63,2,Evolucionistas,"Z=66 Dy (vida longa)",66,0,0
20,63,3,Isolados,"Z=17 Cl (vida longa)",17,1,0
20,63,3,Isolados,"Z=37 Rb (vida longa)",37,0,0
20,64,0,Empiristas,"Z=33 As (vida longa)",33,0,0
20,64,2,Evolucionistas,"Z=93 Np (vida longa)",93,0,0
20,64,3,Isolados,"Z=23 V (vida longa)",23,0,0
20,65,3,Isolados,"Z=111 Rg (vida longa)",111,0,0
20,65,3,Isolados,"Z=113 Nh (vida longa)",113,0,0
20,65,3,Isolados,"Z=20 Ca (vida longa)",20,0,0
20,66,0,Empiristas,"Z=29 Cu (vida longa)",29,1,0
20,66,2,Evolucionistas,"Z=36 Kr (vida longa)",36,0,0
20,66,2,Evolucionistas,"Z=2 He (vida longa)",2,0,0
20,66,3,Isolados,"Z=3 Li (vida longa)",3,0,0
20,66,2,Evolucionistas,"Z=23 V (vida longa)",23,0,1
20,67,0,Empiristas,"Z=30 Zn (vida longa)",30,0,0
20,67,0,Empiristas,"Z=59 Pr (vida longa)",59,0,0
20,67,3,Isolados,"Z=83 Bi (vida longa)",83,1,0
20,67,3,Isolados,"Z=114 Fl (vida longa)",114,0,0
20,68,0,Empiristas,"Z=81 Tl (vida longa)",81,1,0
20,68,3,Isolados,"Z=112 Cn (vida longa)",112,0,0
20,69,0,Empiristas,"Z=55 Cs (vida longa)",55,1,0
20,70,3,Isolados,"Z=51 Sb (vida longa)",51,0,0
20,70,3,Isolados,"Z=21 Sc (vida longa)",21,1,0
20,71,0,Empiristas,"Z=76 Os (vida longa)",76,0,0
20,71,3,Isolados,"Z=53 I (vida longa)",53,0,0
20,72,0,Empiristas,"Z=38 Sr (vida longa)",38,0,0
20,72,2,Evolucionistas,"Z=7 N (vida longa)",7,1,0
20,72,3,Isolados,"Z=40 Zr (vida longa)",40,0,0
20,72,3,Isolados,"Z=32 Ge (vida longa)",32,0,0
20,73,0,Empiristas,"Z=27 Co (vida longa)",27,1,0
20,73,2,Evolucionistas,"Z=106 Sg (vida longa)",106,0,0
20,73,2,Evolucionistas,"Z=30 Zn (vida longa)",30,0,0
20,73,3,Isolados,"Z=80 Hg (vida longa)",80,1,0
20,74,0,Empiristas,"Z=82 Pb (vida longa)",82,1,0
20,74,2,Evolucionistas,"Z=38 Sr (vida longa)",38,0,0
20,74,2,Evolucionistas,"Z=40 Zr (vida longa)",40,0,0
20,74,2,Evolucionistas,"Z=55 Cs (vida longa)",55,0,0
20,75,3,Isolados,"Z=57 La (vida longa)",57,1,0
20,75,1,Incrementalistas,"Z=79 Au (vida longa)",79,0,1
20,75,0,Empiristas,"Z=115 Mc (vida longa)",115,0,1
20,75,0,Empiristas,"Z=34 Se (vida longa)",34,0,1
20,76,0,Empiristas,"Z=74 W (vida longa)",74,0,0
20,76,0,Empiristas,"Z=98 Cf (vida longa)",98,0,1
20,77,0,Empiristas,"Z=60 Nd (vida longa)",60,0,0
20,77,2,Evolucionistas,"Z=17 Cl (vida longa)",17,0,0
20,77,2,Evolucionistas,"Z=31 Ga (vida longa)",31,0,0
20,78,1,Incrementalistas,"Z=56 Ba (vida longa)",56,0,0
20,78,3,Isolados,"Z=115 Mc (vida longa)",115,0,0
20,80,2,Evolucionistas,"Z=57 La (vida longa)",57,0,0
20,81,0,Empiristas,"Z=13 Al (vida longa)",13,1,0
20,81,3,Isolados,"Z=86 Rn (vida longa)",86,1,0
20,81,0,Empiristas,"Z=46 Pd (vida longa)",46,0,1
20,82,0,Empiristas,"Z=26 Fe (vida longa)",26,0,0
20,82,0,Empiristas,"Z=6 C (vida longa)",6,0,0
20,83,2,Evolucionistas,"Z=9 F (vida longa)",9,1,0
20,84,0,Empiristas,"Z=14 Si (vida longa)",14,0,0
20,84,3,Isolados,"Z=14 Si (vida longa)",14,0,0
20,85,0,Empiristas,"Z=77 Ir (vida longa)",77,0,0
20,86,1,Incrementalistas,"Z=14 Si (vida longa)",14,0,0
20,87,1,Incrementalistas,"Z=81 Tl (vida longa)",81,0,0
20,87,2,Evolucionistas,"Z=26 Fe (vida longa)",26,0,1
20,88,0,Empiristas,"Z=73 Ta (vida longa)",73,0,0
20,88,1,Incrementalistas,"Z=5 B (vida longa)",5,1,0
20,89,2,Evolucionistas,"Z=81 Tl (vida longa)",81,0,0
20,89,3,Isolados,"Z=4 Be (vida longa)",4,0,0
20,90,3,Isolados,"Z=11 Na (vida longa)",11,0,0
20,91,2,Evolucionistas,"Z=75 Re (vida longa)",75,0,0
20,91,2,Evolucionistas,"Z=89 Ac (vida longa)",89,0,0
20,91,3,Isolados,"Z=8 O (vida longa)",8,0,0
20,91,3,Isolados,"Z=58 Ce (vida longa)",58,0,0
20,91,1,Incrementalistas,"Z=25 Mn (vida longa)",25,0,1
20,92,1,Incrementalistas,"Z=105 Db (vida longa)",105,0,0
20,92,2,Evolucionistas,"Z=18 Ar (vida longa)",18,0,0
20,92,2,Evolucionistas,"Z=63 Eu (vida longa)",63,0,0
20,92,3,Isolados,"Z=82 Pb (vida longa)",82,0,0
20,92,3,Isolados,"Z=50 Sn (vida longa)",50,1,0
20,93,1,Incrementalistas,"Z=96 Cm (vida longa)",96,0,0
20,94,0,Empiristas,"Z=44 Ru (vida longa)",44,0,0
20,94,3,Isolados,"Z=28 Ni (vida longa)",28,0,0
20,94,3,Isolados,"Z=26 Fe (vida longa)",26,0,0
20,94,0,Empiristas,"Z=106 Sg (vida longa)",106,0,1
20,94,1,Incrementalistas,"Z=94 Pu (vida longa)",94,0,1
20,95,2,Evolucionistas,"Z=48 Cd (vida longa)",48,0,0
20,95,3,Isolados,"Z=43 Tc (vida longa)",43,0,0
20,96,3,Isolados,"Z=9 F (vida longa)",9,0,0
20,96,2,Evolucionistas,"Z=60 Nd (vida longa)",60,0,1
20,96,0,Empiristas,"Z=75 Re (vida longa)",75,0,1
20,97,0,Empiristas,"Z=81 Tl (vida longa)",81,0,0
20,97,0,Empiristas,"Z=47 Ag (vida longa)",47,0,0
20,97,1,Incrementalistas,"Z=2 He (vida longa)",2,0,1
20,98,0,Empiristas,"Z=40 Zr (vida longa)",40,0,0
20,98,0,Empiristas,"Z=4 Be (vida longa)",4,0,0
20,98,0,Empiristas,"Z=86 Rn (vida longa)",86,0,0
20,98,1,Incrementalistas,"Z=55 Cs (vida longa)",55,0,0
20,98,1,Incrementalistas,"Z=53 I (vida longa)",53,0,0
20,98,2,Evolucionistas,"Z=50 Sn (vida longa)",50,0,0
20,98,2,Evolucionistas,"Z=92 U (vida longa)",92,0,0
20,99,0,Empiristas,"Z=90 Th (vida longa)",90,0,0
20,99,0,Empiristas,"Z=50 Sn (vida longa)",50,0,0
20,99,0,Empiristas,"Z=43 Tc (vida longa)",43,0,0
20,99,2,Evolucionistas,"Z=86 Rn (vida longa)",86,0,0
20,99,2,Evolucionistas,"Z=76 Os (vida longa)",76,0,0
20,99,3,Isolados,"Z=16 S (vida longa)",16,0,0
20,100,0,Empiristas,"Z=84 Po (vida longa)",84,0,0
20,100,0,Empiristas,"Z=78 Pt (vida longa)",78,0,0
20,100,0,Empiristas,"Z=35 Br (vida longa)",35,0,0
20,100,2,Evolucionistas,"Z=5 B (vida longa)",5,0,1
20,101,2,Evolucionistas,"Z=97 Bk (vida longa)",97,0,1
20,101,1,Incrementalistas,"Z=6 C (vida longa)",6,0,1
20,102,0,Empiristas,"Z=19 K (vida longa)",19,0,0
20,102,3,Isolados,"Z=24 Cr (vida longa)",24,1,0
20,103,0,Empiristas,"Z=28 Ni (vida longa)",28,0,0
20,103,0,Empiristas,"Z=108 Hs (vida longa)",108,0,0
20,103,1,Incrementalistas,"Z=1 H (vida longa)",1,1,0
20,103,3,Isolados,"Z=39 Y (vida longa)",39,0,0
20,104,2,Evolucionistas,"Z=8 O (vida longa)",8,0,0
20,105,0,Empiristas,"Z=17 Cl (vida longa)",17,0,0
20,105,0,Empiristas,"Z=48 Cd (vida longa)",48,0,0
20,105,1,Incrementalistas,"Z=92 U (vida longa)",92,0,0
20,105,3,Isolados,"Z=22 Ti (vida longa)",22,0,0
20,106,1,Incrementalistas,"Z=104 Rf (vida longa)",104,0,0
20,106,3,Isolados,"Z=5 B (vida longa)",5,0,0
20,107,0,Empiristas,"Z=21 Sc (vida longa)",21,0,0
20,107,0,Empiristas,"Z=7 N (vida longa)",7,0,0
20,108,1,Incrementalistas,"Z=24 Cr (vida longa)",24,0,0
20,108,1,Incrementalistas,"Z=102 No (vida longa)",102,0,0
20,108,3,Isolados,"Z=67 Ho (vida longa)",67,0,0
20,109,0,Empiristas,"Z=91 Pa (vida longa)",91,0,0
20,109,0,Empiristas,"Z=71 Lu (vida longa)",71,0,0
20,109,2,Evolucionistas,"Z=15 P (vida longa)",15,0,0
20,110,1,Incrementalistas,"Z=15 P (vida longa)",15,0,0
20,111,0,Empiristas,"Z=56 Ba (vida longa)",56,0,0
20,111,0,Empiristas,"Z=41 Nb (vida longa)",41,0,0
20,111,1,Incrementalistas,"Z=50 Sn (vida longa)",50,0,0
20,111,3,Isolados,"Z=41 Nb (vida longa)",41,0,0
20,112,0,Empiristas,"Z=18 Ar (vida longa)",18,0,0
20,112,0,Empiristas,"Z=54 Xe (vida longa)",54,0,0
20,112,2,Evolucionistas,"Z=83 Bi (vida longa)",83,0,0
20,112,2,Evolucionistas,"Z=73 Ta (vida longa)",73,0,0
20,112,3,Isolados,"Z=49 In (vida longa)",49,1,0
20,113,0,Empiristas,"Z=15 P (vida longa)",15,0,0
20,113,2,Evolucionistas,"Z=24 Cr (vida longa)",24,0,0
20,113,2,Evolucionistas,"Z=3 Li (vida longa)",3,0,0
20,114,0,Empiristas,"Z=12 Mg (vida longa)",12,0,0
20,114,1,Incrementalistas,"Z=17 Cl (vida longa)",17,0,0
20,114,1,Incrementalistas,"Z=21 Sc (vida longa)",21,0,0
20,114,1,Incrementalistas,"Z=30 Zn (vida longa)",30,0,0
20,114,2,Evolucionistas,"Z=71 Lu (vida longa)",71,0,1
20,115,0,Empiristas,"Z=67 Ho (vida longa)",67,0,0
20,115,2,Evolucionistas,"Z=56 Ba (vida longa)",56,0,0
20,115,2,Evolucionistas,"Z=44 Ru (vida longa)",44,0,0
20,116,2,Evolucionistas,"Z=45 Rh (vida longa)",45,0,0
20,116,1,Incrementalistas,"Z=100 Fm (vida longa)",100,0,1
20,116,0,Empiristas,"Z=24 Cr (vida longa)",24,0,1
20,117,0,Empiristas,"Z=101 Md (vida longa)",101,0,0
20,118,0,Empiristas,"Z=99 Es (vida longa)",99,0,0
20,118,0,Empiristas,"Z=85 At (vida longa)",85,0,0
20,118,0,Empiristas,"Z=29 Cu (vida longa)",29,0,0
20,118,1,Incrementalistas,"Z=90 Th (vida longa)",90,0,0
20,118,2,Evolucionistas,"Z=11 Na (vida longa)",11,0,0
20,118,1,Incrementalistas,"Z=48 Cd (vida longa)",48,0,1
20,119,1,Incrementalistas,"Z=54 Xe (vida longa)",54,0,0
20,119,2,Evolucionistas,"Z=35 Br (vida longa)",35,0,0
20,119,3,Isolados,"Z=55 Cs (vida longa)",55,0,0
20,119,1,Incrementalistas,"Z=3 Li (vida longa)",3,0,1
20,121,1,Incrementalistas,"Z=46 Pd (vida longa)",46,0,0
20,121,2,Evolucionistas,"Z=53 I (vida longa)",53,0,0
20,121,2,Evolucionistas,"Z=82 Pb (vida longa)",82,0,0
20,121,2,Evolucionistas,"Z=4 Be (vida longa)",4,0,0
20,122,0,Empiristas,"Z=57 La (vida longa)",57,0,0
20,122,2,Evolucionistas,"Z=12 Mg (vida longa)",12,0,0
20,122,3,Isolados,"Z=27 Co (vida longa)",27,0,0
20,123,0,Empiristas,"Z=61 Pm (vida longa)",61,0,0
20,123,1,Incrementalistas,"Z=88 Ra (vida longa)",88,0,0
20,123,3,Isolados,"Z=65 Tb (vida longa)",65,0,0
20,124,3,Isolados,"Z=2 He (vida longa)",2,0,0
20,124,2,Evolucionistas,"Z=51 Sb (vida longa)",51,0,1
20,125,0,Empiristas,"Z=87 Fr (vida longa)",87,0,0
20,125,1,Incrementalistas,"Z=23 V (vida longa)",23,0,0
20,125,1,Incrementalistas,"Z=27 Co (vida longa)",27,0,0
20,125,2,Evolucionistas,"Z=100 Fm (vida longa)",100,0,0
20,126,1,Incrementalistas,"Z=93 Np (vida longa)",93,0,0
20,126,2,Evolucionistas,"Z=78 Pt (vida longa)",78,0,0
20,127,2,Evolucionistas,"Z=96 Cm (vida longa)",96,0,0
20,128,0,Empiristas,"Z=65 Tb (vida longa)",65,0,0
20,128,1,Incrementalistas,"Z=16 S (vida longa)",16,0,0
20,128,2,Evolucionistas,"Z=95 Am (vida longa)",95,0,1
20,129,2,Evolucionistas,"Z=87 Fr (vida longa)",87,0,0
20,129,2,Evolucionistas,"Z=105 Db (vida longa)",105,0,1
20,129,1,Incrementalistas,"Z=61 Pm (vida longa)",61,0,1
20,130,1,Incrementalistas,"Z=29 Cu (vida longa)",29,0,0
20,130,3,Isolados,"Z=13 Al (vida longa)",13,0,0
20,131,2,Evolucionistas,"Z=80 Hg (vida longa)",80,0,0
20,131,3,Isolados,"Z=38 Sr (vida longa)",38,0,0
20,132,0,Empiristas,"Z=102 No (vida longa)",102,0,0
20,133,0,Empiristas,"Z=83 Bi (vida longa)",83,0,0
20,133,0,Empiristas,"Z=96 Cm (vida longa)",96,0,0
20,133,3,Isolados,"Z=31 Ga (vida longa)",31,0,0
20,134,2,Evolucionistas,"Z=13 Al (vida longa)",13,0,0
20,135,0,Empiristas,"Z=59 Pr (vida longa)",59,0,0
20,136,1,Incrementalistas,"Z=58 Ce (vida longa)",58,0,0
20,136,1,Incrementalistas,"Z=45 Rh (vida longa)",45,0,0
20,136,1,Incrementalistas,"Z=83 Bi (vida longa)",83,0,1
20,137,0,Empiristas,"Z=93 Np (vida longa)",93,0,0
20,137,1,Incrementalistas,"Z=52 Te (vida longa)",52,0,0
20,138,2,Evolucionistas,"Z=22 Ti (vida longa)",22,0,0
20,138,3,Isolados,"Z=25 Mn (vida longa)",25,0,0
20,139,3,Isolados,"Z=6 C (vida longa)",6,0,0
20,140,2,Evolucionistas,"Z=52 Te (vida longa)",52,0,0
20,140,2,Evolucionistas,"Z=54 Xe (vida longa)",54,0,1
20,141,0,Empiristas,"Z=80 Hg (vida longa)",80,0,0
20,141,1,Incrementalistas,"Z=13 Al (vida longa)",13,0,0
20,141,2,Evolucionistas,"Z=33 As (vida longa)",33,0,0
20,141,3,Isolados,"Z=56 Ba (vida longa)",56,0,0
20,142,0,Empiristas,"Z=88 Ra (vida longa)",88,0,0
20,143,1,Incrementalistas,"Z=4 Be (vida longa)",4,0,0
20,143,1,Incrementalistas,"Z=91 Pa (vida longa)",91,0,0
20,143,3,Isolados,"Z=36 Kr (vida longa)",36,0,0
20,144,2,Evolucionistas,"Z=84 Po (vida longa)",84,0,0
20,145,3,Isolados,"Z=35 Br (vida longa)",35,0,0
20,146,0,Empiristas,"Z=49 In (vida longa)",49,0,0
20,147,0,Empiristas,"Z=5 B (vida longa)",5,0,0
20,147,2,Evolucionistas,"Z=101 Md (vida longa)",101,0,0
20,149,1,Incrementalistas,"Z=47 Ag (vida longa)",47,0,0
20,150,2,Evolucionistas,"Z=49 In (vida longa)",49,0,0
20,151,2,Evolucionistas,"Z=29 Cu (vida longa)",29,0,0
20,152,0,Empiristas,"Z=104 Rf (vida longa)",104,0,0
20,154,2,Evolucionistas,"Z=47 Ag (vida longa)",47,0,0
20,154,2,Evolucionistas,"Z=98 Cf (vida longa)",98,0,0
20,155,1,Incrementalistas,"Z=101 Md (vida longa)",101,0,0
20,156,2,Evolucionistas,"Z=1 H (vida longa)",1,0,0
20,156,1,Incrementalistas,"Z=8 O (vida longa)",8,0,1
20,158,3,Isolados,"Z=81 Tl (vida longa)",81,0,0
20,159,1,Incrementalistas,"Z=86 Rn (vida longa)",86,0,0
20,159,1,Incrementalistas,"Z=19 K (vida longa)",19,0,0
20,159,2,Evolucionistas,"Z=19 K (vida longa)",19,0,0
20,161,3,Isolados,"Z=7 N (vida longa)",7,0,0
20,161,3,Isolados,"Z=29 Cu (vida longa)",29,0,0
20,162,2,Evolucionistas,"Z=10 Ne (vida longa)",10,0,0
20,163,2,Evolucionistas,"Z=102 No (vida longa)",102,0,0
20,163,2,Evolucionistas,"Z=99 Es (vida longa)",99,0,0
20,163,3,Isolados,"Z=10 Ne (vida longa)",10,0,0
20,164,0,Empiristas,"Z=89 Ac (vida longa)",89,0,0
20,164,2,Evolucionistas,"Z=21 Sc (vida longa)",21,0,0
20,164,3,Isolados,"Z=79 Au (vida longa)",79,0,0
20,165,0,Empiristas,"Z=1 H (vida longa)",1,0,0
20,165,2,Evolucionistas,"Z=104 Rf (vida longa)",104,0,0
20,166,1,Incrementalistas,"Z=57 La (vida longa)",57,0,0
20,167,1,Incrementalistas,"Z=49 In (vida longa)",49,0,0
20,168,2,Evolucionistas,"Z=85 At (vida longa)",85,0,0
20,169,2,Evolucionistas,"Z=27 Co (vida longa)",27,0,0
20,170,3,Isolados,"Z=1 H (vida longa)",1,0,0
20,172,1,Incrementalistas,"Z=82 Pb (vida longa)",82,0,0
20,172,1,Incrementalistas,"Z=9 F (vida longa)",9,0,0
20,176,1,Incrementalistas,"Z=71 Lu (vida longa)",71,0,0
20,176,1,Incrementalistas,"Z=80 Hg (vida longa)",80,0,0
20,177,0,Empiristas,"Z=9 F (vida longa)",9,0,0
20,181,1,Incrementalistas,"Z=84 Po (vida longa)",84,0,0
20,182,2,Evolucionistas,"Z=25 Mn (vida longa)",25,0,0
20,184,1,Incrementalistas,"Z=7 N (vida longa)",7,0,0
20,185,2,Evolucionistas,"Z=43 Tc (vida longa)",43,0,0
20,188,2,Evolucionistas,"Z=103 Lr (vida longa)",103,0,0
20,192,2,Evolucionistas,"Z=59 Pr (vida longa)",59,0,0
20,196,1,Incrementalistas,"Z=103 Lr (vida longa)",103,0,0
20,196,3,Isolados,"Z=19 K (vida longa)",19,0,0
20,210,1,Incrementalistas,"Z=89 Ac (vida longa)",89,0,0
20,224,1,Incrementalistas,"Z=11 Na (vida longa)",11,0,0
20,224,3,Isolados,"Z=33 As (vida longa)",33,0,0
20,247,1,Incrementalistas,"Z=87 Fr (vida longa)",87,0,0
20,255,1,Incrementalistas,"Z=59 Pr (vida longa)",59,0,0
20,270,1,Incrementalistas,"Z=85 At (vida longa)",85,0,0
20,272,2,Evolucionistas,"Z=113 Nh (vida longa)",113,0,0
20,272,2,Evolucionistas,"Z=114 Fl (vida longa)",114,0,0
20,272,2,Evolucionistas,"Z=112 Cn (vida longa)",112,0,0
20,272,2,Evolucionistas,"Z=9 F (vida longa)",9,0,0
20,272,2,Evolucionistas,"Z=37 Rb (vida longa)",37,0,0
20,272,2,Evolucionistas,"Z=88 Ra (vida longa)",88,0,0
20,273,2,Evolucionistas,"Z=36 Kr (vida longa)",36,0,0
20,273,2,Evolucionistas,"Z=2 He (vida longa)",2,0,0
20,273,2,Evolucionistas,"Z=82 Pb (vida longa)",82,0,0
20,274,2,Evolucionistas,"Z=50 Sn (vida longa)",50,0,0
20,274,2,Evolucionistas,"Z=61 Pm (vida longa)",61,0,0
20,274,2,Evolucionistas,"Z=48 Cd (vida longa)",48,0,0
20,274,2,Evolucionistas,"Z=26 Fe (vida longa)",26,0,0
20,274,2,Evolucionistas,"Z=78 Pt (vida longa)",78,0,0
20,274,2,Evolucionistas,"Z=64 Gd (vida longa)",64,0,0
20,275,2,Evolucionistas,"Z=80 Hg (vida longa)",80,0,0
20,275,2,Evolucionistas,"Z=84 Po (vida longa)",84,0,0
20,275,2,Evolucionistas,"Z=33 As (vida longa)",33,0,0
20,277,2,Evolucionistas,"Z=75 Re (vida longa)",75,0,0
20,278,2,Evolucionistas,"Z=10 Ne (vida longa)",10,0,0
20,278,2,Evolucionistas,"Z=79 Au (vida longa)",79,0,0
20,279,2,Evolucionistas,"Z=46 Pd (vida longa)",46,0,0
20,280,2,Evolucionistas,"Z=97 Bk (vida longa)",97,0,0
20,282,2,Evolucionistas,"Z=20 Ca (vida longa)",20,0,0
20,282,2,Evolucionistas,"Z=35 Br (vida longa)",35,0,0
20,285,2,Evolucionistas,"Z=108 Hs (vida longa)",108,0,0
20,285,2,Evolucionistas,"Z=77 Ir (vida longa)",77,0,0
20,285,2,Evolucionistas,"Z=13 Al (vida longa)",13,0,0
20,286,2,Evolucionistas,"Z=106 Sg (vida longa)",106,0,0
20,287,2,Evolucionistas,"Z=59 Pr (vida longa)",59,0,0
20,287,2,Evolucionistas,"Z=96 Cm (vida longa)",96,0,0
20,287,2,Evolucionistas,"Z=30 Zn (vida longa)",30,0,0
20,288,2,Evolucionistas,"Z=99 Es (vida longa)",99,0,0
20,293,2,Evolucionistas,"Z=107 Bh (vida longa)",107,0,0
20,293,2,Evolucionistas,"Z=58 Ce (vida longa)",58,0,0
20,295,2,Evolucionistas,"Z=62 Sm (vida longa)",62,0,0
21,0,0,Empiristas,"nucleos efemeros",11.995,1,0
21,0,1,Incrementalistas,"nucleos efemeros",5.4719,0,0
21,0,1,Incrementalistas,"Z=14 Si (vida longa)",14,1,0
21,0,2,Evolucionistas,"Z=36 Kr (vida longa)",36,1,0
21,0,3,Isolados,"nucleos efemeros",21.6218,0,0
21,0,3,Isolados,"Z=8 O (vida longa)",8,1,0
21,1,2,Evolucionistas,"nucleos efemeros",91.6438,0,0
21,1,2,Evolucionistas,"Z=114 Fl (vida longa)",114,1,0
21,1,3,Isolados,"Z=27 Co (vida longa)",27,1,0
21,1,0,Empiristas,"Z=114 Fl (vida longa)",114,0,1
21,1,0,Empiristas,"Z=36 Kr (vida longa)",36,0,1
21,2,0,Empiristas,"Z=112 Cn (vida longa)",112,1,0
21,2,1,Incrementalistas,"Z=12 Mg (vida longa)",12,1,0
21,2,3,Isolados,"Z=26 Fe (vida longa)",26,1,0
21,3,0,Empiristas,"Z=104 Rf (vida longa)",104,1,0
21,3,0,Empiristas,"Z=66 Dy (vida longa)",66,1,0
21,3,1,Incrementalistas,"Z=13 Al (vida longa)",13,1,0
21,3,1,Incrementalistas,"Z=114 Fl (vida longa)",114,0,1
21,3,2,Evolucionistas,"Z=12 Mg (vida longa)",12,0,1
21,4,0,Empiristas,"Z=7 N (vida longa)",7,1,0
21,4,0,Empiristas,"Z=6 C (vida longa)",6,1,0
21,4,0,Empiristas,"Z=15 P (vida longa)",15,1,0
21,4,1,Incrementalistas,"Z=15 P (vida longa)",15,0,0
21,4,1,Incrementalistas,"Z=112 Cn (vida longa)",112,0,0
21,4,1,Incrementalistas,"Z=18 Ar (vida longa)",18,1,0
21,4,2,Evolucionistas,"Z=39 Y (vida longa)",39,1,0
21,4,3,Isolados,"Z=16 S (vida longa)",16,1,0
21,4,3,Isolados,"Z=29 Cu (vida longa)",29,1,0
21,4,3,Isolados,"Z=28 Ni (vida longa)",28,1,0
21,5,0,Empiristas,"Z=54 Xe (vida longa)",54,1,0
21,5,0,Empiristas,"Z=65 Tb (vida longa)",65,1,0
21,5,1,Incrementalistas,"Z=16 S (vida longa)",16,0,0
21,6,0,Empiristas,"Z=62 Sm (vida longa)",62,1,0
21,6,0,Empiristas,"Z=113 Nh (vida longa)",113,1,0
21,6,0,Empiristas,"Z=22 Ti (vida longa)",22,1,0
21,6,2,Evolucionistas,"Z=115 Mc (vida longa)",115,1,0
21,7,1,Incrementalistas,"Z=113 Nh (vida longa)",113,0,0
21,7,2,Evolucionistas,"Z=5 B (vida longa)",5,1,0
21,7,2,Evolucionistas,"Z=113 Nh (vida longa)",113,0,0
21,7,2,Evolucionistas,"Z=112 Cn (vida longa)",112,0,0
21,8,2,Evolucionistas,"Z=110 Ds (vida longa)",110,1,0
21,8,3,Isolados,"Z=34 Se (vida longa)",34,1,0
21,9,3,Isolados,"Z=65 Tb (vida longa)",65,0,0
21,9,0,Empiristas,"Z=16 S (vida longa)",16,0,1
21,10,2,Evolucionistas,"Z=111 Rg (vida longa)",111,1,0
21,10,2,Evolucionistas,"Z=35 Br (vida longa)",35,1,0
21,10,3,Isolados,"Z=30 Zn (vida longa)",30,1,0
21,10,3,Isolados,"Z=74 W (vida longa)",74,1,0
21,11,0,Empiristas,"Z=103 Lr (vida longa)",103,1,0
21,11,1,Incrementalistas,"Z=109 Mt (vida longa)",109,1,0
21,11,3,Isolados,"Z=73 Ta (vida longa)",73,1,0
21,11,2,Evolucionistas,"Z=7 N (vida longa)",7,0,1
21,11,0,Empiristas,"Z=115 Mc (vida longa)",115,0,1
21,11,0,Empiristas,"Z=35 Br (vida longa)",35,0,1
21,12,0,Empiristas,"Z=77 Ir (vida longa)",77,1,0
21,12,0,Empiristas,"Z=102 No (vida longa)",102,1,0
21,12,1,Incrementalistas,"Z=110 Ds (vida longa)",110,0,0
21,12,3,Isolados,"Z=72 Hf (vida longa)",72,1,0
21,12,3,Isolados,"Z=32 Ge (vida longa)",32,1,0
21,12,1,Incrementalistas,"Z=115 Mc (vida longa)",115,0,1
21,12,1,Incrementalistas,"Z=35 Br (vida longa)",35,0,1
21,13,3,Isolados,"Z=66 Dy (vida longa)",66,0,0
21,13,3,Isolados,"Z=33 As (vida longa)",33,1,0
21,13,1,Incrementalistas,"Z=62 Sm (vida longa)",62,0,1
21,13,0,Empiristas,"Z=14 Si (vida longa)",14,0,1
21,13,2,Evolucionistas,"Z=14 Si (vida longa)",14,0,1
21,14,0,Empiristas,"Z=40 Zr (vida longa)",40,1,0
21,14,1,Incrementalistas,"Z=32 Ge (vida longa)",32,0,0
21,14,2,Evolucionistas,"Z=65 Tb (vida longa)",65,0,0
21,14,3,Isolados,"Z=77 Ir (vida longa)",77,0,0
21,14,2,Evolucionistas,"Z=62 Sm (vida longa)",62,0,1
21,15,0,Empiristas,"Z=2 He (vida longa)",2,1,0
21,15,0,Empiristas,"Z=38 Sr (vida longa)",38,1,0
21,15,0,Empiristas,"Z=3 Li (vida longa)",3,1,0
21,16,0,Empiristas,"Z=24 Cr (vida longa)",24,1,0
21,16,0,Empiristas,"Z=74 W (vida longa)",74,0,0
21,16,1,Incrementalistas,"Z=111 Rg (vida longa)",111,0,0
21,16,2,Evolucionistas,"Z=110 Ds (vida longa)",110,0,0
21,16,3,Isolados,"Z=75 Re (vida longa)",75,1,0
21,17,0,Empiristas,"Z=25 Mn (vida longa)",25,1,0
21,17,0,Empiristas,"Z=71 Lu (vida longa)",71,1,0
21,17,0,Empiristas,"Z=107 Bh (vida longa)",107,1,0
21,18,0,Empiristas,"Z=111 Rg (vida longa)",111,0,0
21,19,0,Empiristas,"Z=79 Au (vida longa)",79,1,0
21,19,0,Empiristas,"Z=82 Pb (vida longa)",82,1,0
21,19,3,Isolados,"Z=31 Ga (vida longa)",31,1,0
21,19,3,Isolados,"Z=49 In (vida longa)",49,1,0
21,20,0,Empiristas,"Z=78 Pt (vida longa)",78,1,0
21,20,3,Isolados,"Z=71 Lu (vida longa)",71,0,0
21,21,1,Incrementalistas,"Z=108 Hs (vida longa)",108,1,0
21,21,3,Isolados,"Z=115 Mc (vida longa)",115,0,0
21,21,3,Isolados,"Z=76 Os (vida longa)",76,1,0
21,22,0,Empiristas,"Z=110 Ds (vida longa)",110,0,0
21,22,0,Empiristas,"Z=76 Os (vida longa)",76,0,0
21,22,0,Empiristas,"Z=8 O (vida longa)",8,0,0
21,22,0,Empiristas,"Z=83 Bi (vida longa)",83,1,0
21,22,1,Incrementalistas,"Z=79 Au (vida longa)",79,0,1
21,22,1,Incrementalistas,"Z=3 Li (vida longa)",3,0,1
21,23,2,Evolucionistas,"Z=6 C (vida longa)",6,0,0
21,23,3,Isolados,"Z=48 Cd (vida longa)",48,1,0
21,24,0,Empiristas,"Z=59 Pr (vida longa)",59,1,0
21,24,3,Isolados,"Z=114 Fl (vida longa)",114,0,0
21,24,3,Isolados,"Z=70 Yb (vida longa)",70,1,0
21,25,3,Isolados,"Z=113 Nh (vida longa)",113,0,0
21,25,3,Isolados,"Z=78 Pt (vida longa)",78,0,0
21,26,0,Empiristas,"Z=97 Bk (vida longa)",97,1,0
21,26,0,Empiristas,"Z=51 Sb (vida longa)",51,1,0
21,27,2,Evolucionistas,"Z=108 Hs (vida longa)",108,0,0
21,27,3,Isolados,"Z=80 Hg (vida longa)",80,1,0
21,27,3,Isolados,"Z=62 Sm (vida longa)",62,0,0
21,27,1,Incrementalistas,"Z=7 N (vida longa)",7,0,1
21,28,2,Evolucionistas,"Z=42 Mo (vida longa)",42,1,0
21,29,3,Isolados,"Z=67 Ho (vida longa)",67,1,0
21,30,0,Empiristas,"Z=34 Se (vida longa)",34,0,0
21,30,0,Empiristas,"Z=42 Mo (vida longa)",42,0,0
21,30,0,Empiristas,"Z=91 Pa (vida longa)",91,1,0
21,30,3,Isolados,"Z=64 Gd (vida longa)",64,1,0
21,30,3,Isolados,"Z=79 Au (vida longa)",79,0,0
21,31,0,Empiristas,"Z=61 Pm (vida longa)",61,1,0
21,31,0,Empiristas,"Z=50 Sn (vida longa)",50,1,0
21,31,3,Isolados,"Z=52 Te (vida longa)",52,1,0
21,31,1,Incrementalistas,"Z=40 Zr (vida longa)",40,0,1
21,33,3,Isolados,"Z=111 Rg (vida longa)",111,0,0
21,33,3,Isolados,"Z=94 Pu (vida longa)",94,1,0
21,34,1,Incrementalistas,"Z=106 Sg (vida longa)",106,1,0
21,34,2,Evolucionistas,"Z=112 Cn (vida longa)",112,0,0
21,34,3,Isolados,"Z=112 Cn (vida longa)",112,0,0
21,35,0,Empiristas,"Z=96 Cm (vida longa)",96,1,0
21,35,0,Empiristas,"Z=18 Ar (vida longa)",18,0,0
21,35,3,Isolados,"Z=110 Ds (vida longa)",110,0,0
21,36,0,Empiristas,"Z=12 Mg (vida longa)",12,0,0
21,36,3,Isolados,"Z=108 Hs (vida longa)",108,0,0
21,36,1,Incrementalistas,"Z=59 Pr (vida longa)",59,0,1
21,38,3,Isolados,"Z=51 Sb (vida longa)",51,0,0
21,39,3,Isolados,"Z=45 Rh (vida longa)",45,1,0
21,39,3,Isolados,"Z=106 Sg (vida longa)",106,0,0
21,39,1,Incrementalistas,"Z=78 Pt (vida longa)",78,0,1
21,40,0,Empiristas,"Z=108 Hs (vida longa)",108,0,0
21,40,0,Empiristas,"Z=57 La (vida longa)",57,1,0
21,40,0,Empiristas,"Z=64 Gd (vida longa)",64,0,0
21,40,2,Evolucionistas,"Z=10 Ne (vida longa)",10,1,0
21,40,3,Isolados,"Z=40 Zr (vida longa)",40,0,0
21,40,2,Evolucionistas,"Z=32 Ge (vida longa)",32,0,1
21,41,0,Empiristas,"Z=55 Cs (vida longa)",55,1,0
21,41,0,Empiristas,"Z=98 Cf (vida longa)",98,1,0
21,41,2,Evolucionistas,"Z=60 Nd (vida longa)",60,1,0
21,41,2,Evolucionistas,"Z=59 Pr (vida longa)",59,0,1
21,42,0,Empiristas,"Z=68 Er (vida longa)",68,1,0
21,42,0,Empiristas,"Z=53 I (vida longa)",53,1,0
21,42,2,Evolucionistas,"Z=56 Ba (vida longa)",56,1,0
21,42,0,Empiristas,"Z=39 Y (vida longa)",39,0,1
21,42,2,Evolucionistas,"Z=22 Ti (vida longa)",22,0,1
21,43,0,Empiristas,"Z=60 Nd (vida longa)",60,0,0
21,43,1,Incrementalistas,"Z=76 Os (vida longa)",76,0,0
21,43,1,Incrementalistas,"Z=56 Ba (vida longa)",56,0,0
21,43,3,Isolados,"Z=105 Db (vida longa)",105,1,0
21,43,2,Evolucionistas,"Z=83 Bi (vida longa)",83,0,1
21,44,0,Empiristas,"Z=84 Po (vida longa)",84,1,0
21,47,0,Empiristas,"Z=28 Ni (vida longa)",28,0,0
21,47,0,Empiristas,"Z=109 Mt (vida longa)",109,0,0
21,47,2,Evolucionistas,"Z=30 Zn (vida longa)",30,0,0
21,48,0,Empiristas,"Z=100 Fm (vida longa)",100,1,0
21,48,1,Incrementalistas,"Z=64 Gd (vida longa)",64,0,0
21,48,0,Empiristas,"Z=13 Al (vida longa)",13,0,1
21,48,1,Incrementalistas,"Z=5 B (vida longa)",5,0,1
21,50,0,Empiristas,"Z=80 Hg (vida longa)",80,0,0
21,50,1,Incrementalistas,"Z=22 Ti (vida longa)",22,0,0
21,50,2,Evolucionistas,"Z=85 At (vida longa)",85,1,0
21,52,0,Empiristas,"Z=23 V (vida longa)",23,1,0
21,52,0,Empiristas,"Z=20 Ca (vida longa)",20,1,0
21,52,1,Incrementalistas,"Z=2 He (vida longa)",2,0,0
21,54,1,Incrementalistas,"Z=42 Mo (vida longa)",42,0,0
21,54,3,Isolados,"Z=110 Ds (vida longa)",110,0,0
21,55,0,Empiristas,"Z=56 Ba (vida longa)",56,0,0
21,55,0,Empiristas,"Z=21 Sc (vida longa)",21,1,0
21,55,1,Incrementalistas,"Z=65 Tb (vida longa)",65,0,0
21,55,2,Evolucionistas,"Z=24 Cr (vida longa)",24,0,0
21,56,0,Empiristas,"Z=94 Pu (vida longa)",94,0,0
21,56,3,Isolados,"Z=97 Bk (vida longa)",97,0,0
21,57,0,Empiristas,"Z=86 Rn (vida longa)",86,1,0
21,57,0,Empiristas,"Z=106 Sg (vida longa)",106,0,0
21,57,0,Empiristas,"Z=49 In (vida longa)",49,0,0
21,57,3,Isolados,"Z=3 Li (vida longa)",3,0,0
21,58,0,Empiristas,"Z=10 Ne (vida longa)",10,0,0
21,58,2,Evolucionistas,"Z=40 Zr (vida longa)",40,0,0
21,59,0,Empiristas,"Z=58 Ce (vida longa)",58,1,0
21,59,0,Empiristas,"Z=93 Np (vida longa)",93,1,0
21,59,1,Incrementalistas,"Z=66 Dy (vida longa)",66,0,0
21,60,0,Empiristas,"Z=41 Nb (vida longa)",41,1,0
21,60,3,Isolados,"Z=18 Ar (vida longa)",18,0,0
21,60,0,Empiristas,"Z=5 B (vida longa)",5,0,1
21,60,1,Incrementalistas,"Z=77 Ir (vida longa)",77,0,1
21,61,0,Empiristas,"Z=52 Te (vida longa)",52,0,0
21,61,1,Incrementalistas,"Z=80 Hg (vida longa)",80,0,0
21,62,0,Empiristas,"Z=46 Pd (vida longa)",46,1,0
21,62,1,Incrementalistas,"Z=75 Re (vida longa)",75,0,0
21,62,2,Evolucionistas,"Z=96 Cm (vida longa)",96,0,0
21,62,2,Evolucionistas,"Z=13 Al (vida longa)",13,0,0
21,63,1,Incrementalistas,"Z=10 Ne (vida longa)",10,0,0
21,65,2,Evolucionistas,"Z=3 Li (vida longa)",3,0,0
21,65,2,Evolucionistas,"Z=81 Tl (vida longa)",81,1,0
21,65,2,Evolucionistas,"Z=18 Ar (vida longa)",18,0,1
21,65,1,Incrementalistas,"Z=60 Nd (vida longa)",60,0,1
21,65,2,Evolucionistas,"Z=57 La (vida longa)",57,0,1
21,67,2,Evolucionistas,"Z=80 Hg (vida longa)",80,0,0
21,68,0,Empiristas,"Z=63 Eu (vida longa)",63,1,0
21,68,0,Empiristas,"Z=101 Md (vida longa)",101,1,0
21,68,2,Evolucionistas,"Z=78 Pt (vida longa)",78,0,0
21,68,3,Isolados,"Z=109 Mt (vida longa)",109,0,0
21,68,1,Incrementalistas,"Z=53 I (vida longa)",53,0,1
21,69,0,Empiristas,"Z=81 Tl (vida longa)",81,0,0
21,69,1,Incrementalistas,"Z=43 Tc (vida longa)",43,1,0
21,69,3,Isolados,"Z=25 Mn (vida longa)",25,0,0
21,69,1,Incrementalistas,"Z=24 Cr (vida longa)",24,0,1
21,70,2,Evolucionistas,"Z=51 Sb (vida longa)",51,0,0
21,70,3,Isolados,"Z=32 Ge (vida longa)",32,0,0
21,71,0,Empiristas,"Z=17 Cl (vida longa)",17,1,0
21,71,3,Isolados,"Z=95 Am (vida longa)",95,1,0
21,71,3,Isolados,"Z=60 Nd (vida longa)",60,0,0
21,71,3,Isolados,"Z=16 S (vida longa)",16,0,0
21,72,0,Empiristas,"Z=11 Na (vida longa)",11,1,0
21,72,0,Empiristas,"Z=9 F (vida longa)",9,1,0
21,72,2,Evolucionistas,"Z=38 Sr (vida longa)",38,0,0
21,72,2,Evolucionistas,"Z=79 Au (vida longa)",79,0,0
21,72,3,Isolados,"Z=69 Tm (vida longa)",69,1,0
21,73,0,Empiristas,"Z=32 Ge (vida longa)",32,0,0
21,73,1,Incrementalistas,"Z=6 C (vida longa)",6,0,0
21,73,1,Incrementalistas,"Z=48 Cd (vida longa)",48,0,0
21,74,3,Isolados,"Z=40 Zr (vida longa)",40,0,0
21,74,3,Isolados,"Z=22 Ti (vida longa)",22,0,0
21,75,0,Empiristas,"Z=88 Ra (vida longa)",88,1,0
21,75,3,Isolados,"Z=107 Bh (vida longa)",107,0,0
21,76,0,Empiristas,"Z=45 Rh (vida longa)",45,0,0
21,77,3,Isolados,"Z=5 B (vida longa)",5,0,0
21,78,1,Incrementalistas,"Z=67 Ho (vida longa)",67,0,0
21,78,2,Evolucionistas,"Z=109 Mt (vida longa)",109,0,0
21,78,1,Incrementalistas,"Z=11 Na (vida longa)",11,0,1
21,79,0,Empiristas,"Z=87 Fr (vida longa)",87,1,0
21,79,3,Isolados,"Z=52 Te (vida longa)",52,0,0
21,79,3,Isolados,"Z=93 Np (vida longa)",93,0,0
21,79,1,Incrementalistas,"Z=86 Rn (vida longa)",86,0,1
21,80,1,Incrementalistas,"Z=61 Pm (vida longa)",61,0,0
21,80,3,Isolados,"Z=66 Dy (vida longa)",66,0,0
21,80,2,Evolucionistas,"Z=94 Pu (vida longa)",94,0,1
21,81,2,Evolucionistas,"Z=52 Te (vida longa)",52,0,0
21,83,2,Evolucionistas,"Z=50 Sn (vida longa)",50,0,0
21,83,1,Incrementalistas,"Z=21 Sc (vida longa)",21,0,1
21,84,0,Empiristas,"Z=33 As (vida longa)",33,0,0
21,84,1,Incrementalistas,"Z=30 Zn (vida longa)",30,0,0
21,84,1,Incrementalistas,"Z=83 Bi (vida longa)",83,0,0
21,85,0,Empiristas,"Z=27 Co (vida longa)",27,0,0
21,85,0,Empiristas,"Z=95 Am (vida longa)",95,0,0
21,85,3,Isolados,"Z=43 Tc (vida longa)",43,0,0
21,86,0,Empiristas,"Z=4 Be (vida longa)",4,1,0
21,86,3,Isolados,"Z=38 Sr (vida longa)",38,0,0
21,87,0,Empiristas,"Z=99 Es (vida longa)",99,1,0
21,88,0,Empiristas,"Z=48 Cd (vida longa)",48,0,0
21,88,3,Isolados,"Z=17 Cl (vida longa)",17,0,0
21,89,1,Incrementalistas,"Z=69 Tm (vida longa)",69,0,0
21,89,2,Evolucionistas,"Z=2 He (vida longa)",2,0,0
21,89,2,Evolucionistas,"Z=86 Rn (vida longa)",86,0,0
21,89,3,Isolados,"Z=23 V (vida longa)",23,0,0
21,89,3,Isolados,"Z=20 Ca (vida longa)",20,0,0
21,89,3,Isolados,"Z=19 K (vida longa)",19,1,0
21,90,0,Empiristas,"Z=73 Ta (vida longa)",73,0,0
21,90,3,Isolados,"Z=84 Po (vida longa)",84,0,0
21,90,3,Isolados,"Z=70 Yb (vida longa)",70,0,0
21,91,2,Evolucionistas,"Z=82 Pb (vida longa)",82,0,0
21,91,3,Isolados,"Z=35 Br (vida longa)",35,0,0
21,91,2,Evolucionistas,"Z=63 Eu (vida longa)",63,0,1
21,91,2,Evolucionistas,"Z=15 P (vida longa)",15,0,1
21,92,0,Empiristas,"Z=44 Ru (vida longa)",44,1,0
21,92,2,Evolucionistas,"Z=77 Ir (vida longa)",77,0,0
21,93,2,Evolucionistas,"Z=21 Sc (vida longa)",21,0,0
21,93,3,Isolados,"Z=53 I (vida longa)",53,0,0
21,93,3,Isolados,"Z=59 Pr (vida longa)",59,0,0
21,93,3,Isolados,"Z=92 U (vida longa)",92,1,0
21,94,2,Evolucionistas,"Z=41 Nb (vida longa)",41,0,0
21,94,2,Evolucionistas,"Z=16 S (vida longa)",16,0,0
21,94,3,Isolados,"Z=36 Kr (vida longa)",36,0,0
21,94,3,Isolados,"Z=37 Rb (vida longa)",37,1,0
21,94,3,Isolados,"Z=12 Mg (vida longa)",12,0,0
21,96,0,Empiristas,"Z=89 Ac (vida longa)",89,1,0
21,96,0,Empiristas,"Z=30 Zn (vida longa)",30,0,0
21,96,1,Incrementalistas,"Z=20 Ca (vida longa)",20,0,0
21,96,2,Evolucionistas,"Z=53 I (vida longa)",53,0,0
21,96,3,Isolados,"Z=102 No (vida longa)",102,0,0
21,96,3,Isolados,"Z=54 Xe (vida longa)",54,0,0
21,97,2,Evolucionistas,"Z=90 Th (vida longa)",90,1,0
21,97,2,Evolucionistas,"Z=37 Rb (vida longa)",37,0,0
21,97,3,Isolados,"Z=4 Be (vida longa)",4,0,0
21,98,3,Isolados,"Z=14 Si (vida longa)",14,0,0
21,98,2,Evolucionistas,"Z=61 Pm (vida longa)",61,0,1
21,100,1,Incrementalistas,"Z=104 Rf (vida longa)",104,0,0
21,100,1,Incrementalistas,"Z=70 Yb (vida longa)",70,0,0
21,100,2,Evolucionistas,"Z=4 Be (vida longa)",4,0,0
21,100,3,Isolados,"Z=55 Cs (vida longa)",55,0,0
21,101,0,Empiristas,"Z=75 Re (vida longa)",75,0,0
21,101,3,Isolados,"Z=49 In (vida longa)",49,0,0
21,103,3,Isolados,"Z=2 He (vida longa)",2,0,0
21,103,1,Incrementalistas,"Z=74 W (vida longa)",74,0,1
21,104,0,Empiristas,"Z=70 Yb (vida longa)",70,0,0
21,104,2,Evolucionistas,"Z=84 Po (vida longa)",84,0,0
21,104,2,Evolucionistas,"Z=26 Fe (vida longa)",26,0,0
21,104,3,Isolados,"Z=96 Cm (vida longa)",96,0,0
21,104,3,Isolados,"Z=46 Pd (vida longa)",46,0,0
21,105,1,Incrementalistas,"Z=19 K (vida longa)",19,0,0
21,105,2,Evolucionistas,"Z=8 O (vida longa)",8,0,0
21,106,0,Empiristas,"Z=72 Hf (vida longa)",72,0,0
21,106,2,Evolucionistas,"Z=87 Fr (vida longa)",87,0,0
21,107,1,Incrementalistas,"Z=41 Nb (vida longa)",41,0,0
21,107,1,Incrementalistas,"Z=58 Ce (vida longa)",58,0,0
21,107,3,Isolados,"Z=41 Nb (vida longa)",41,0,0
21,107,3,Isolados,"Z=39 Y (vida longa)",39,0,0
21,107,3,Isolados,"Z=10 Ne (vida longa)",10,0,0
21,107,3,Isolados,"Z=50 Sn (vida longa)",50,0,0
21,108,2,Evolucionistas,"Z=58 Ce (vida longa)",58,0,0
21,108,3,Isolados,"Z=42 Mo (vida longa)",42,0,0
21,109,1,Incrementalistas,"Z=68 Er (vida longa)",68,0,0
21,109,2,Evolucionistas,"Z=92 U (vida longa)",92,0,0
21,110,0,Empiristas,"Z=37 Rb (vida longa)",37,0,0
21,110,1,Incrementalistas,"Z=4 Be (vida longa)",4,0,0
21,110,2,Evolucionistas,"Z=46 Pd (vida longa)",46,0,0
21,110,2,Evolucionistas,"Z=47 Ag (vida longa)",47,1,0
21,110,3,Isolados,"Z=30 Zn (vida longa)",30,0,0
21,111,2,Evolucionistas,"Z=64 Gd (vida longa)",64,0,0
21,112,3,Isolados,"Z=7 N (vida longa)",7,0,0
21,112,3,Isolados,"Z=83 Bi (vida longa)",83,0,0
21,113,0,Empiristas,"Z=92 U (vida longa)",92,0,0
21,113,2,Evolucionistas,"Z=74 W (vida longa)",74,0,0
21,113,2,Evolucionistas,"Z=100 Fm (vida longa)",100,0,0
21,113,2,Evolucionistas,"Z=102 No (vida longa)",102,0,0
21,113,3,Isolados,"Z=58 Ce (vida longa)",58,0,0
21,114,1,Incrementalistas,"Z=82 Pb (vida longa)",82,0,0
21,114,3,Isolados,"Z=61 Pm (vida longa)",61,0,0
21,114,1,Incrementalistas,"Z=54 Xe (vida longa)",54,0,1
21,115,1,Incrementalistas,"Z=8 O (vida longa)",8,0,0
21,115,1,Incrementalistas,"Z=51 Sb (vida longa)",51,0,0
21,115,2,Evolucionistas,"Z=110 Ds (vida longa)",110,0,0
21,115,3,Isolados,"Z=56 Ba (vida longa)",56,0,0
21,116,1,Incrementalistas,"Z=44 Ru (vida longa)",44,0,0
21,117,1,Incrementalistas,"Z=38 Sr (vida longa)",38,0,0
21,117,2,Evolucionistas,"Z=12 Mg (vida longa)",12,0,0
21,117,2,Evolucionistas,"Z=88 Ra (vida longa)",88,0,0
21,117,3,Isolados,"Z=48 Cd (vida longa)",48,0,0
21,117,2,Evolucionistas,"Z=98 Cf (vida longa)",98,0,1
21,118,0,Empiristas,"Z=43 Tc (vida longa)",43,0,0
21,118,1,Incrementalistas,"Z=55 Cs (vida longa)",55,0,0
21,118,1,Incrementalistas,"Z=33 As (vida longa)",33,0,0
21,119,1,Incrementalistas,"Z=63 Eu (vida longa)",63,0,0
21,119,2,Evolucionistas,"Z=25 Mn (vida longa)",25,0,0
21,120,2,Evolucionistas,"Z=36 Kr (vida longa)",36,0,0
21,121,0,Empiristas,"Z=90 Th (vida longa)",90,0,0
21,121,2,Evolucionistas,"Z=52 Te (vida longa)",52,0,0
21,122,0,Empiristas,"Z=26 Fe (vida longa)",26,0,0
21,122,2,Evolucionistas,"Z=79 Au (vida longa)",79,0,0
21,122,3,Isolados,"Z=77 Ir (vida longa)",77,0,0
21,123,0,Empiristas,"Z=85 At (vida longa)",85,0,0
21,123,2,Evolucionistas,"Z=93 Np (vida longa)",93,0,0
21,123,2,Evolucionistas,"Z=102 No (vida longa)",102,0,0
21,123,2,Evolucionistas,"Z=72 Hf (vida longa)",72,0,0
21,123,3,Isolados,"Z=100 Fm (vida longa)",100,0,0
21,124,1,Incrementalistas,"Z=25 Mn (vida longa)",25,0,0
21,124,3,Isolados,"Z=90 Th (vida longa)",90,0,0
21,125,0,Empiristas,"Z=29 Cu (vida longa)",29,0,0
21,125,3,Isolados,"Z=24 Cr (vida longa)",24,0,0
21,125,2,Evolucionistas,"Z=61 Pm (vida longa)",61,0,1
21,125,1,Incrementalistas,"Z=92 U (vida longa)",92,0,1
21,126,0,Empiristas,"Z=31 Ga (vida longa)",31,0,0
21,126,3,Isolados,"Z=62 Sm (vida longa)",62,0,0
21,129,1,Incrementalistas,"Z=36 Kr (vida longa)",36,0,0
21,129,1,Incrementalistas,"Z=101 Md (vida longa)",101,0,1
21,130,0,Empiristas,"Z=69 Tm (vida longa)",69,0,0
21,130,3,Isolados,"Z=6 C (vida longa)",6,0,0
21,131,3,Isolados,"Z=98 Cf (vida longa)",98,0,0
21,131,3,Isolados,"Z=75 Re (vida longa)",75,0,0
21,132,1,Incrementalistas,"Z=52 Te (vida longa)",52,0,0
21,132,2,Evolucionistas,"Z=70 Yb (vida longa)",70,0,0
21,133,0,Empiristas,"Z=67 Ho (vida longa)",67,0,0
21,133,1,Incrementalistas,"Z=88 Ra (vida longa)",88,0,0
21,133,1,Incrementalistas,"Z=34 Se (vida longa)",34,0,0
21,133,2,Evolucionistas,"Z=76 Os (vida longa)",76,0,0
21,133,2,Evolucionistas,"Z=78 Pt (vida longa)",78,0,0
21,133,3,Isolados,"Z=11 Na (vida longa)",11,0,0
21,134,1,Incrementalistas,"Z=17 Cl (vida longa)",17,0,0
21,134,1,Incrementalistas,"Z=91 Pa (vida longa)",91,0,0
21,134,3,Isolados,"Z=99 Es (vida longa)",99,0,0
21,135,1,Incrementalistas,"Z=72 Hf (vida longa)",72,0,0
21,136,0,Empiristas,"Z=105 Db (vida longa)",105,0,0
21,136,1,Incrementalistas,"Z=81 Tl (vida longa)",81,0,0
21,136,1,Incrementalistas,"Z=23 V (vida longa)",23,0,0
21,136,2,Evolucionistas,"Z=66 Dy (vida longa)",66,0,0
21,136,2,Evolucionistas,"Z=21 Sc (vida longa)",21,0,0
21,137,2,Evolucionistas,"Z=55 Cs (vida longa)",55,0,0
21,137,2,Evolucionistas,"Z=104 Rf (vida longa)",104,0,0
21,137,3,Isolados,"Z=9 F (vida longa)",9,0,0
21,138,0,Empiristas,"Z=19 K (vida longa)",19,0,0
21,138,1,Incrementalistas,"Z=28 Ni (vida longa)",28,0,0
21,139,2,Evolucionistas,"Z=34 Se (vida longa)",34,0,0
21,139,2,Evolucionistas,"Z=20 Ca (vida longa)",20,0,0
21,139,2,Evolucionistas,"Z=4 Be (vida longa)",4,0,0
21,139,3,Isolados,"Z=13 Al (vida longa)",13,0,0
21,139,3,Isolados,"Z=68 Er (vida longa)",68,0,0
21,140,2,Evolucionistas,"Z=87 Fr (vida longa)",87,0,0
21,141,3,Isolados,"Z=88 Ra (vida longa)",88,0,0
21,142,1,Incrementalistas,"Z=27 Co (vida longa)",27,0,0
21,142,2,Evolucionistas,"Z=8 O (vida longa)",8,0,0
21,143,1,Incrementalistas,"Z=71 Lu (vida longa)",71,0,0
21,143,1,Incrementalistas,"Z=89 Ac (vida longa)",89,0,0
21,143,2,Evolucionistas,"Z=62 Sm (vida longa)",62,0,0
21,143,3,Isolados,"Z=63 Eu (vida longa)",63,0,0
21,144,2,Evolucionistas,"Z=51 Sb (vida longa)",51,0,0
21,144,2,Evolucionistas,"Z=23 V (vida longa)",23,0,0
21,145,1,Incrementalistas,"Z=99 Es (vida longa)",99,0,0
21,145,2,Evolucionistas,"Z=89 Ac (vida longa)",89,0,0
21,145,2,Evolucionistas,"Z=31 Ga (vida longa)",31,0,1
21,146,1,Incrementalistas,"Z=103 Lr (vida longa)",103,0,0
21,146,1,Incrementalistas,"Z=97 Bk (vida longa)",97,0,0
21,146,1,Incrementalistas,"Z=96 Cm (vida longa)",96,0,0
21,147,1,Incrementalistas,"Z=93 Np (vida longa)",93,0,0
21,147,2,Evolucionistas,"Z=11 Na (vida longa)",11,0,0
21,147,1,Incrementalistas,"Z=98 Cf (vida longa)",98,0,1
21,148,1,Incrementalistas,"Z=87 Fr (vida longa)",87,0,0
21,148,2,Evolucionistas,"Z=48 Cd (vida longa)",48,0,0
21,148,3,Isolados,"Z=45 Rh (vida longa)",45,0,0
21,149,1,Incrementalistas,"Z=37 Rb (vida longa)",37,0,0
21,149,2,Evolucionistas,"Z=28 Ni (vida longa)",28,0,0
21,150,0,Empiristas,"Z=47 Ag (vida longa)",47,0,0
21,150,1,Incrementalistas,"Z=26 Fe (vida longa)",26,0,0
21,150,1,Incrementalistas,"Z=45 Rh (vida longa)",45,0,0
21,150,1,Incrementalistas,"Z=39 Y (vida longa)",39,0,0
21,150,2,Evolucionistas,"Z=54 Xe (vida longa)",54,0,0
21,150,3,Isolados,"Z=82 Pb (vida longa)",82,0,0
21,150,3,Isolados,"Z=91 Pa (vida longa)",91,0,0
21,151,1,Incrementalistas,"Z=50 Sn (vida longa)",50,0,0
21,151,2,Evolucionistas,"Z=49 In (vida longa)",49,0,0
21,152,1,Incrementalistas,"Z=84 Po (vida longa)",84,0,0
21,152,2,Evolucionistas,"Z=60 Nd (vida longa)",60,0,0
21,152,3,Isolados,"Z=81 Tl (vida longa)",81,0,0
21,154,2,Evolucionistas,"Z=27 Co (vida longa)",27,0,0
21,154,3,Isolados,"Z=15 P (vida longa)",15,0,0
21,155,1,Incrementalistas,"Z=46 Pd (vida longa)",46,0,0
21,155,2,Evolucionistas,"Z=41 Nb (vida longa)",41,0,0
21,155,2,Evolucionistas,"Z=32 Ge (vida longa)",32,0,0
21,156,1,Incrementalistas,"Z=100 Fm (vida longa)",100,0,0
21,156,2,Evolucionistas,"Z=68 Er (vida longa)",68,0,0
21,156,2,Evolucionistas,"Z=71 Lu (vida longa)",71,0,0
21,157,1,Incrementalistas,"Z=49 In (vida longa)",49,0,0
21,159,2,Evolucionistas,"Z=50 Sn (vida longa)",50,0,0
21,159,2,Evolucionistas,"Z=45 Rh (vida longa)",45,0,0
21,159,3,Isolados,"Z=44 Ru (vida longa)",44,0,0
21,160,2,Evolucionistas,"Z=26 Fe (vida longa)",26,0,0
21,160,2,Evolucionistas,"Z=2 He (vida longa)",2,0,0
21,160,2,Evolucionistas,"Z=106 Sg (vida longa)",106,0,0
21,161,2,Evolucionistas,"Z=105 Db (vida longa)",105,0,0
21,163,2,Evolucionistas,"nucleos efemeros",112.566,0,0
21,163,2,Evolucionistas,"Z=73 Ta (vida longa)",73,0,0
21,163,2,Evolucionistas,"Z=12 Mg (vida longa)",12,0,0
21,164,1,Incrementalistas,"Z=47 Ag (vida longa)",47,0,0
21,164,2,Evolucionistas,"Z=110 Ds (vida longa)",110,0,0
21,164,2,Evolucionistas,"Z=5 B (vida longa)",5,0,0
21,164,3,Isolados,"Z=104 Rf (vida longa)",104,0,0
21,164,2,Evolucionistas,"Z=2 He (vida longa)",2,0,1
21,164,1,Incrementalistas,"Z=105 Db (vida longa)",105,0,1
21,165,2,Evolucionistas,"Z=107 Bh (vida longa)",107,0,0
21,165,3,Isolados,"Z=86 Rn (vida longa)",86,0,0
21,167,3,Isolados,"Z=89 Ac (vida longa)",89,0,0
21,167,2,Evolucionistas,"Z=17 Cl (vida longa)",17,0,1
21,168,1,Incrementalistas,"Z=102 No (vida longa)",102,0,0
21,168,1,Incrementalistas,"Z=31 Ga (vida longa)",31,0,1
21,170,2,Evolucionistas,"Z=61 Pm (vida longa)",61,0,0
21,170,2,Evolucionistas,"Z=81 Tl (vida longa)",81,0,0
21,171,2,Evolucionistas,"Z=98 Cf (vida longa)",98,0,0
21,171,2,Evolucionistas,"Z=101 Md (vida longa)",101,0,0
21,171,2,Evolucionistas,"Z=11 Na (vida longa)",11,0,1
21,172,1,Incrementalistas,"Z=107 Bh (vida longa)",107,0,0
21,172,2,Evolucionistas,"Z=3 Li (vida longa)",3,0,0
21,172,2,Evolucionistas,"Z=96 Cm (vida longa)",96,0,0
21,173,2,Evolucionistas,"Z=87 Fr (vida longa)",87,0,0
21,173,2,Evolucionistas,"Z=30 Zn (vida longa)",30,0,0
21,173,3,Isolados,"Z=103 Lr (vida longa)",103,0,0
21,174,2,Evolucionistas,"Z=86 Rn (vida longa)",86,0,0
21,174,2,Evolucionistas,"Z=99 Es (vida longa)",99,0,0
21,174,2,Evolucionistas,"Z=50 Sn (vida longa)",50,0,0
21,175,0,Empiristas,"Z=1 H (vida longa)",1,1,0
21,175,2,Evolucionistas,"Z=89 Ac (vida longa)",89,0,0
21,176,1,Incrementalistas,"Z=94 Pu (vida longa)",94,0,0
21,177,3,Isolados,"Z=21 Sc (vida longa)",21,0,0
21,178,2,Evolucionistas,"Z=104 Rf (vida longa)",104,0,1
21,179,1,Incrementalistas,"Z=9 F (vida longa)",9,0,0
21,179,2,Evolucionistas,"Z=20 Ca (vida longa)",20,0,0
21,179,2,Evolucionistas,"Z=4 Be (vida longa)",4,0,0
21,180,2,Evolucionistas,"Z=95 Am (vida longa)",95,0,0
21,180,2,Evolucionistas,"Z=32 Ge (vida longa)",32,0,0
21,180,2,Evolucionistas,"Z=42 Mo (vida longa)",42,0,0
21,181,2,Evolucionistas,"Z=39 Y (vida longa)",39,0,0
21,182,1,Incrementalistas,"Z=73 Ta (vida longa)",73,0,0
21,183,1,Incrementalistas,"Z=57 La (vida longa)",57,0,0
21,183,2,Evolucionistas,"Z=16 S (vida longa)",16,0,0
21,183,3,Isolados,"Z=47 Ag (vida longa)",47,0,0
21,184,1,Incrementalistas,"Z=85 At (vida longa)",85,0,0
21,184,2,Evolucionistas,"Z=62 Sm (vida longa)",62,0,0
21,184,2,Evolucionistas,"Z=27 Co (vida longa)",27,0,0
21,184,2,Evolucionistas,"Z=34 Se (vida longa)",34,0,1
21,184,2,Evolucionistas,"Z=37 Rb (vida longa)",37,0,1
21,185,2,Evolucionistas,"Z=57 La (vida longa)",57,0,0
21,186,1,Incrementalistas,"Z=29 Cu (vida longa)",29,0,0
21,186,2,Evolucionistas,"Z=23 V (vida longa)",23,0,1
21,187,2,Evolucionistas,"Z=46 Pd (vida longa)",46,0,0
21,187,2,Evolucionistas,"Z=41 Nb (vida longa)",41,0,0
21,187,2,Evolucionistas,"Z=68 Er (vida longa)",68,0,0
21,188,2,Evolucionistas,"Z=7 N (vida longa)",7,0,0
21,188,2,Evolucionistas,"Z=97 Bk (vida longa)",97,0,0
21,188,2,Evolucionistas,"Z=84 Po (vida longa)",84,0,0
21,188,3,Isolados,"Z=101 Md (vida longa)",101,0,0
21,189,2,Evolucionistas,"Z=75 Re (vida longa)",75,0,0
21,189,2,Evolucionistas,"Z=67 Ho (vida longa)",67,0,0
21,189,3,Isolados,"Z=57 La (vida longa)",57,0,0
21,191,1,Incrementalistas,"Z=90 Th (vida longa)",90,0,0
21,191,2,Evolucionistas,"Z=43 Tc (vida longa)",43,0,0
21,191,2,Evolucionistas,"Z=38 Sr (vida longa)",38,0,0
21,192,2,Evolucionistas,"Z=45 Rh (vida longa)",45,0,0
21,192,2,Evolucionistas,"Z=25 Mn (vida longa)",25,0,0
21,193,3,Isolados,"Z=87 Fr (vida longa)",87,0,0
21,195,2,Evolucionistas,"Z=54 Xe (vida longa)",54,0,0
21,195,3,Isolados,"Z=85 At (vida longa)",85,0,0
21,196,2,Evolucionistas,"Z=44 Ru (vida longa)",44,0,0
21,197,1,Incrementalistas,"Z=95 Am (vida longa)",95,0,0
21,197,2,Evolucionistas,"Z=82 Pb (vida longa)",82,0,0
21,197,2,Evolucionistas,"Z=9 F (vida longa)",9,0,0
21,198,2,Evolucionistas,"Z=69 Tm (vida longa)",69,0,0
21,201,2,Evolucionistas,"Z=91 Pa (vida longa)",91,0,0
21,203,2,Evolucionistas,"Z=33 As (vida longa)",33,0,0
21,204,2,Evolucionistas,"Z=103 Lr (vida longa)",103,0,0
21,204,2,Evolucionistas,"Z=65 Tb (vida longa)",65,0,0
21,208,2,Evolucionistas,"Z=19 K (vida longa)",19,0,0
21,210,2,Evolucionistas,"Z=93 Np (vida longa)",93,0,0
21,212,2,Evolucionistas,"Z=66 Dy (vida longa)",66,0,0
21,215,3,Isolados,"Z=1 H (vida longa)",1,0,0
21,217,2,Evolucionistas,"Z=83 Bi (vida longa)",83,0,0
21,220,2,Evolucionistas,"Z=1 H (vida longa)",1,0,0
21,222,2,Evolucionistas,"Z=94 Pu (vida longa)",94,0,0
21,234,2,Evolucionistas,"Z=29 Cu (vida longa)",29,0,0
21,237,1,Incrementalistas,"nucleos efemeros",96.707,0,0
21,237,1,Incrementalistas,"Z=111 Rg (vida longa)",111,0,0
21,237,1,Incrementalistas,"Z=108 Hs (vida longa)",108,0,0
21,237,1,Incrementalistas,"Z=113 Nh (vida longa)",113,0,0
21,237,1,Incrementalistas,"Z=77 Ir (vida longa)",77,0,0
21,237,1,Incrementalistas,"Z=109 Mt (vida longa)",109,0,0
21,237,1,Incrementalistas,"Z=44 Ru (vida longa)",44,0,0
21,237,1,Incrementalistas,"Z=73 Ta (vida longa)",73,0,0
21,237,1,Incrementalistas,"Z=103 Lr (vida longa)",103,0,0
21,238,1,Incrementalistas,"Z=84 Po (vida longa)",84,0,0
21,238,1,Incrementalistas,"Z=55 Cs (vida longa)",55,0,0
21,238,1,Incrementalistas,"Z=21 Sc (vida longa)",21,0,0
21,238,1,Incrementalistas,"Z=35 Br (vida longa)",35,0,0
21,239,1,Incrementalistas,"Z=40 Zr (vida longa)",40,0,0
21,239,1,Incrementalistas,"Z=64 Gd (vida longa)",64,0,0
21,240,1,Incrementalistas,"Z=82 Pb (vida longa)",82,0,0
21,240,1,Incrementalistas,"Z=13 Al (vida longa)",13,0,0
21,240,1,Incrementalistas,"Z=20 Ca (vida longa)",20,0,0
21,241,1,Incrementalistas,"Z=94 Pu (vida longa)",94,0,0
21,241,1,Incrementalistas,"Z=54 Xe (vida longa)",54,0,0
21,241,1,Incrementalistas,"Z=102 No (vida longa)",102,0,0
21,241,1,Incrementalistas,"Z=74 W (vida longa)",74,0,0
21,241,1,Incrementalistas,"Z=92 U (vida longa)",92,0,0
21,242,1,Incrementalistas,"Z=98 Cf (vida longa)",98,0,0
21,244,1,Incrementalistas,"Z=23 V (vida longa)",23,0,0
21,244,1,Incrementalistas,"Z=37 Rb (vida longa)",37,0,0
21,244,1,Incrementalistas,"Z=81 Tl (vida longa)",81,0,0
21,245,1,Incrementalistas,"Z=5 B (vida longa)",5,0,0
21,246,1,Incrementalistas,"Z=83 Bi (vida longa)",83,0,0
21,246,1,Incrementalistas,"Z=46 Pd (vida longa)",46,0,0
21,247,1,Incrementalistas,"Z=25 Mn (vida longa)",25,0,0
21,250,1,Incrementalistas,"Z=30 Zn (vida longa)",30,0,0
21,250,1,Incrementalistas,"Z=71 Lu (vida longa)",71,0,0
21,251,1,Incrementalistas,"Z=66 Dy (vida longa)",66,0,0
21,253,1,Incrementalistas,"Z=7 N (vida longa)",7,0,0
21,255,1,Incrementalistas,"Z=31 Ga (vida longa)",31,0,0
21,256,1,Incrementalistas,"Z=19 K (vida longa)",19,0,0
21,257,1,Incrementalistas,"Z=93 Np (vida longa)",93,0,0
21,257,1,Incrementalistas,"Z=36 Kr (vida longa)",36,0,0
21,260,1,Incrementalistas,"Z=49 In (vida longa)",49,0,0
21,262,1,Incrementalistas,"Z=9 F (vida longa)",9,0,1
21,274,1,Incrementalistas,"Z=33 As (vida longa)",33,0,0
22,0,0,Empiristas,"Z=4 Be (vida longa)",4,1,0
22,0,0,Empiristas,"nucleos efemeros",74.423,1,0
22,0,0,Empiristas,"Z=24 Cr (vida longa)",24,1,0
22,0,1,Incrementalistas,"Z=11 Na (vida longa)",11,1,0
22,0,1,Incrementalistas,"nucleos efemeros",36.7927,0,0
22,0,2,Evolucionistas,"nucleos efemeros",74.7342,0,0
22,0,3,Isolados,"nucleos efemeros",50.5484,0,0
22,0,1,Incrementalistas,"Z=4 Be (vida longa)",4,0,1
22,0,2,Evolucionistas,"Z=4 Be (vida longa)",4,0,1
22,1,1,Incrementalistas,"Z=90 Th (vida longa)",90,1,0
22,1,2,Evolucionistas,"Z=78 Pt (vida longa)",78,1,0
22,1,3,Isolados,"Z=88 Ra (vida longa)",88,1,0
22,2,0,Empiristas,"Z=2 He (vida longa)",2,1,0
22,2,0,Empiristas,"Z=58 Ce (vida longa)",58,1,0
22,2,1,Incrementalistas,"Z=88 Ra (vida longa)",88,0,0
22,2,1,Incrementalistas,"Z=87 Fr (vida longa)",87,1,0
22,3,3,Isolados,"Z=90 Th (vida longa)",90,0,0
22,4,0,Empiristas,"Z=26 Fe (vida longa)",26,1,0
22,4,2,Evolucionistas,"Z=3 Li (vida longa)",3,1,0
22,5,0,Empiristas,"Z=46 Pd (vida longa)",46,1,0
22,5,2,Evolucionistas,"Z=88 Ra (vida longa)",88,0,0
22,5,2,Evolucionistas,"Z=85 At (vida longa)",85,1,0
22,5,2,Evolucionistas,"Z=90 Th (vida longa)",90,0,1
22,6,0,Empiristas,"Z=107 Bh (vida longa)",107,1,0
22,6,0,Empiristas,"Z=84 Po (vida longa)",84,1,0
22,6,0,Empiristas,"Z=61 Pm (vida longa)",61,1,0
22,6,1,Incrementalistas,"Z=85 At (vida longa)",85,0,0
22,6,2,Evolucionistas,"Z=2 He (vida longa)",2,0,0
22,6,3,Isolados,"Z=86 Rn (vida longa)",86,1,0
22,7,0,Empiristas,"Z=34 Se (vida longa)",34,1,0
22,7,0,Empiristas,"Z=114 Fl (vida longa)",114,1,0
22,7,1,Incrementalistas,"Z=84 Po (vida longa)",84,0,0
22,7,2,Evolucionistas,"Z=76 Os (vida longa)",76,1,0
22,7,3,Isolados,"Z=57 La (vida longa)",57,1,0
22,7,1,Incrementalistas,"Z=114 Fl (vida longa)",114,0,1
22,8,0,Empiristas,"Z=16 S (vida longa)",16,1,0
22,8,3,Isolados,"Z=83 Bi (vida longa)",83,1,0
22,9,2,Evolucionistas,"Z=86 Rn (vida longa)",86,0,0
22,11,1,Incrementalistas,"Z=86 Rn (vida longa)",86,0,0
22,11,3,Isolados,"Z=82 Pb (vida longa)",82,1,0
22,12,0,Empiristas,"Z=66 Dy (vida longa)",66,1,0
22,12,0,Empiristas,"Z=59 Pr (vida longa)",59,1,0
22,12,2,Evolucionistas,"Z=75 Re (vida longa)",75,1,0
22,12,3,Isolados,"Z=96 Cm (vida longa)",96,1,0
22,13,0,Empiristas,"Z=40 Zr (vida longa)",40,1,0
22,13,2,Evolucionistas,"Z=99 Es (vida longa)",99,1,0
22,13,3,Isolados,"Z=94 Pu (vida longa)",94,1,0
22,13,3,Isolados,"Z=84 Po (vida longa)",84,0,0
22,14,0,Empiristas,"Z=95 Am (vida longa)",95,1,0
22,14,3,Isolados,"Z=85 At (vida longa)",85,0,0
22,14,1,Incrementalistas,"Z=95 Am (vida longa)",95,0,1
22,14,0,Empiristas,"Z=85 At (vida longa)",85,0,1
22,14,0,Empiristas,"Z=86 Rn (vida longa)",86,0,1
22,15,0,Empiristas,"Z=99 Es (vida longa)",99,0,0
22,15,0,Empiristas,"Z=50 Sn (vida longa)",50,1,0
22,15,1,Incrementalistas,"Z=83 Bi (vida longa)",83,0,0
22,15,1,Incrementalistas,"Z=94 Pu (vida longa)",94,0,0
22,15,3,Isolados,"Z=87 Fr (vida longa)",87,0,0
22,15,2,Evolucionistas,"Z=114 Fl (vida longa)",114,0,1
22,15,0,Empiristas,"Z=11 Na (vida longa)",11,0,1
22,15,1,Incrementalistas,"Z=58 Ce (vida longa)",58,0,1
22,16,0,Empiristas,"Z=19 K (vida longa)",19,1,0
22,16,0,Empiristas,"Z=5 B (vida longa)",5,1,0
22,16,2,Evolucionistas,"Z=110 Ds (vida longa)",110,1,0
22,16,2,Evolucionistas,"Z=111 Rg (vida longa)",111,1,0
22,16,1,Incrementalistas,"Z=26 Fe (vida longa)",26,0,1
22,17,0,Empiristas,"Z=38 Sr (vida longa)",38,1,0
22,17,0,Empiristas,"Z=97 Bk (vida longa)",97,1,0
22,17,2,Evolucionistas,"Z=113 Nh (vida longa)",113,1,0
22,17,3,Isolados,"Z=99 Es (vida longa)",99,0,0
22,17,2,Evolucionistas,"Z=11 Na (vida longa)",11,0,1
22,18,0,Empiristas,"Z=14 Si (vida longa)",14,1,0
22,18,0,Empiristas,"Z=45 Rh (vida longa)",45,1,0
22,18,1,Incrementalistas,"Z=82 Pb (vida longa)",82,0,0
22,18,3,Isolados,"Z=98 Cf (vida longa)",98,1,0
22,19,0,Empiristas,"Z=98 Cf (vida longa)",98,0,0
22,19,0,Empiristas,"Z=96 Cm (vida longa)",96,0,0
22,19,1,Incrementalistas,"Z=92 U (vida longa)",92,1,0
22,19,1,Incrementalistas,"Z=93 Np (vida longa)",93,1,0
22,20,0,Empiristas,"Z=81 Tl (vida longa)",81,1,0
22,20,1,Incrementalistas,"Z=81 Tl (vida longa)",81,0,0
22,20,1,Incrementalistas,"Z=99 Es (vida longa)",99,0,1
22,21,0,Empiristas,"Z=9 F (vida longa)",9,1,0
22,21,0,Empiristas,"Z=111 Rg (vida longa)",111,0,0
22,21,2,Evolucionistas,"Z=82 Pb (vida longa)",82,0,0
22,21,3,Isolados,"Z=100 Fm (vida longa)",100,1,0
22,22,0,Empiristas,"Z=92 U (vida longa)",92,0,0
22,22,2,Evolucionistas,"Z=98 Cf (vida longa)",98,0,1
22,22,0,Empiristas,"Z=113 Nh (vida longa)",113,0,1
22,23,0,Empiristas,"Z=51 Sb (vida longa)",51,1,0
22,23,1,Incrementalistas,"Z=91 Pa (vida longa)",91,1,0
22,23,2,Evolucionistas,"Z=19 K (vida longa)",19,0,1
22,24,1,Incrementalistas,"Z=96 Cm (vida longa)",96,0,0
22,24,2,Evolucionistas,"Z=79 Au (vida longa)",79,1,0
22,24,3,Isolados,"Z=16 S (vida longa)",16,0,0
22,24,1,Incrementalistas,"Z=51 Sb (vida longa)",51,0,1
22,25,0,Empiristas,"Z=15 P (vida longa)",15,1,0
22,25,0,Empiristas,"Z=33 As (vida longa)",33,1,0
22,25,0,Empiristas,"Z=110 Ds (vida longa)",110,0,0
22,25,1,Incrementalistas,"Z=79 Au (vida longa)",79,0,0
22,25,1,Incrementalistas,"Z=100 Fm (vida longa)",100,0,0
22,25,2,Evolucionistas,"Z=112 Cn (vida longa)",112,1,0
22,25,2,Evolucionistas,"Z=109 Mt (vida longa)",109,1,0
22,25,3,Isolados,"Z=97 Bk (vida longa)",97,0,0
22,26,1,Incrementalistas,"Z=111 Rg (vida longa)",111,0,0
22,26,3,Isolados,"Z=95 Am (vida longa)",95,0,0
22,26,1,Incrementalistas,"Z=59 Pr (vida longa)",59,0,1
22,27,0,Empiristas,"Z=91 Pa (vida longa)",91,0,0
22,27,3,Isolados,"Z=101 Md (vida longa)",101,1,0
22,28,0,Empiristas,"Z=93 Np (vida longa)",93,0,0
22,28,1,Incrementalistas,"Z=50 Sn (vida longa)",50,0,0
22,28,1,Incrementalistas,"Z=113 Nh (vida longa)",113,0,0
22,28,2,Evolucionistas,"Z=87 Fr (vida longa)",87,0,0
22,28,1,Incrementalistas,"Z=3 Li (vida longa)",3,0,1
22,29,0,Empiristas,"Z=108 Hs (vida longa)",108,1,0
22,30,0,Empiristas,"Z=30 Zn (vida longa)",30,1,0
22,30,0,Empiristas,"Z=112 Cn (vida longa)",112,0,0
22,30,2,Evolucionistas,"Z=30 Zn (vida longa)",30,0,1
22,31,2,Evolucionistas,"Z=107 Bh (vida longa)",107,0,0
22,31,2,Evolucionistas,"Z=51 Sb (vida longa)",51,0,0
22,32,1,Incrementalistas,"Z=112 Cn (vida longa)",112,0,0
22,32,2,Evolucionistas,"Z=102 No (vida longa)",102,1,0
22,32,1,Incrementalistas,"Z=2 He (vida longa)",2,0,1
22,33,0,Empiristas,"Z=18 Ar (vida longa)",18,1,0
22,33,2,Evolucionistas,"Z=83 Bi (vida longa)",83,0,0
22,33,3,Isolados,"Z=102 No (vida longa)",102,0,0
22,34,0,Empiristas,"Z=104 Rf (vida longa)",104,1,0
22,34,3,Isolados,"Z=53 I (vida longa)",53,1,0
22,35,2,Evolucionistas,"Z=115 Mc (vida longa)",115,1,0
22,35,3,Isolados,"Z=46 Pd (vida longa)",46,0,0
22,35,0,Empiristas,"Z=82 Pb (vida longa)",82,0,1
22,36,0,Empiristas,"Z=49 In (vida longa)",49,1,0
22,36,1,Incrementalistas,"Z=109 Mt (vida longa)",109,0,0
22,36,3,Isolados,"Z=104 Rf (vida longa)",104,0,0
22,37,0,Empiristas,"Z=105 Db (vida longa)",105,1,0
22,37,3,Isolados,"Z=103 Lr (vida longa)",103,1,0
22,37,3,Isolados,"Z=59 Pr (vida longa)",59,0,0
22,37,3,Isolados,"Z=107 Bh (vida longa)",107,0,0
22,38,0,Empiristas,"Z=115 Mc (vida longa)",115,0,0
22,39,1,Incrementalistas,"Z=52 Te (vida longa)",52,1,0
22,39,2,Evolucionistas,"Z=108 Hs (vida longa)",108,0,0
22,40,0,Empiristas,"Z=44 Ru (vida longa)",44,1,0
22,40,1,Incrementalistas,"Z=115 Mc (vida longa)",115,0,0
22,40,1,Incrementalistas,"Z=110 Ds (vida longa)",110,0,0
22,41,0,Empiristas,"Z=54 Xe (vida longa)",54,1,0
22,41,0,Empiristas,"Z=57 La (vida longa)",57,0,0
22,41,2,Evolucionistas,"Z=44 Ru (vida longa)",44,0,1
22,42,0,Empiristas,"Z=23 V (vida longa)",23,1,0
22,42,3,Isolados,"Z=106 Sg (vida longa)",106,1,0
22,42,2,Evolucionistas,"Z=50 Sn (vida longa)",50,0,1
22,43,0,Empiristas,"Z=106 Sg (vida longa)",106,0,0
22,43,0,Empiristas,"Z=109 Mt (vida longa)",109,0,0
22,43,2,Evolucionistas,"Z=32 Ge (vida longa)",32,1,0
22,43,3,Isolados,"Z=64 Gd (vida longa)",64,1,0
22,44,0,Empiristas,"Z=35 Br (vida longa)",35,1,0
22,44,3,Isolados,"Z=60 Nd (vida longa)",60,1,0
22,46,0,Empiristas,"Z=100 Fm (vida longa)",100,0,0
22,46,0,Empiristas,"Z=22 Ti (vida longa)",22,1,0
22,46,0,Empiristas,"Z=80 Hg (vida longa)",80,1,0
22,46,1,Incrementalistas,"Z=5 B (vida longa)",5,0,0
22,46,1,Incrementalistas,"Z=103 Lr (vida longa)",103,0,0
22,46,3,Isolados,"Z=68 Er (vida longa)",68,1,0
22,47,2,Evolucionistas,"Z=22 Ti (vida longa)",22,0,0
22,47,3,Isolados,"Z=80 Hg (vida longa)",80,0,0
22,48,0,Empiristas,"Z=79 Au (vida longa)",79,0,0
22,48,0,Empiristas,"Z=3 Li (vida longa)",3,0,0
22,48,1,Incrementalistas,"Z=106 Sg (vida longa)",106,0,0
22,48,1,Incrementalistas,"Z=102 No (vida longa)",102,0,0
22,48,2,Evolucionistas,"Z=103 Lr (vida longa)",103,0,0
22,48,3,Isolados,"Z=109 Mt (vida longa)",109,0,0
22,48,3,Isolados,"Z=58 Ce (vida longa)",58,0,0
22,49,2,Evolucionistas,"Z=56 Ba (vida longa)",56,1,0
22,49,3,Isolados,"Z=18 Ar (vida longa)",18,0,0
22,49,3,Isolados,"Z=105 Db (vida longa)",105,0,0
22,50,2,Evolucionistas,"Z=77 Ir (vida longa)",77,1,0
22,50,3,Isolados,"Z=108 Hs (vida longa)",108,0,0
22,50,3,Isolados,"Z=112 Cn (vida longa)",112,0,0
22,50,3,Isolados,"Z=56 Ba (vida longa)",56,0,0
22,51,0,Empiristas,"Z=31 Ga (vida longa)",31,1,0
22,51,0,Empiristas,"Z=12 Mg (vida longa)",12,1,0
22,51,2,Evolucionistas,"Z=39 Y (vida longa)",39,1,0
22,51,2,Evolucionistas,"Z=33 As (vida longa)",33,0,0
22,52,0,Empiristas,"Z=90 Th (vida longa)",90,0,0
22,52,0,Empiristas,"Z=13 Al (vida longa)",13,1,0
22,52,2,Evolucionistas,"Z=60 Nd (vida longa)",60,0,0
22,53,0,Empiristas,"Z=65 Tb (vida longa)",65,1,0
22,53,2,Evolucionistas,"Z=95 Am (vida longa)",95,0,0
22,53,3,Isolados,"Z=110 Ds (vida longa)",110,0,0
22,53,3,Isolados,"Z=111 Rg (vida longa)",111,0,0
22,53,3,Isolados,"Z=114 Fl (vida longa)",114,0,0
22,53,1,Incrementalistas,"Z=18 Ar (vida longa)",18,0,1
22,54,0,Empiristas,"Z=20 Ca (vida longa)",20,1,0
22,54,3,Isolados,"Z=43 Tc (vida longa)",43,1,0
22,54,1,Incrementalistas,"Z=22 Ti (vida longa)",22,0,1
22,56,1,Incrementalistas,"Z=46 Pd (vida longa)",46,0,0
22,56,1,Incrementalistas,"Z=105 Db (vida longa)",105,0,1
22,56,0,Empiristas,"Z=52 Te (vida longa)",52,0,1
22,57,0,Empiristas,"Z=29 Cu (vida longa)",29,1,0
22,57,2,Evolucionistas,"Z=94 Pu (vida longa)",94,0,0
22,58,1,Incrementalistas,"Z=32 Ge (vida longa)",32,0,0
22,58,1,Incrementalistas,"Z=29 Cu (vida longa)",29,0,0
22,58,2,Evolucionistas,"Z=91 Pa (vida longa)",91,0,1
22,59,1,Incrementalistas,"Z=28 Ni (vida longa)",28,1,0
22,59,3,Isolados,"Z=113 Nh (vida longa)",113,0,0
22,59,3,Isolados,"Z=6 C (vida longa)",6,1,0
22,60,1,Incrementalistas,"Z=78 Pt (vida longa)",78,0,0
22,60,1,Incrementalistas,"Z=101 Md (vida longa)",101,0,0
22,60,1,Incrementalistas,"Z=107 Bh (vida longa)",107,0,1
22,60,2,Evolucionistas,"Z=93 Np (vida longa)",93,0,1
22,61,0,Empiristas,"Z=77 Ir (vida longa)",77,0,0
22,61,2,Evolucionistas,"Z=23 V (vida longa)",23,0,0
22,62,2,Evolucionistas,"Z=8 O (vida longa)",8,1,0
22,63,0,Empiristas,"Z=6 C (vida longa)",6,0,0
22,63,0,Empiristas,"Z=102 No (vida longa)",102,0,0
22,63,3,Isolados,"Z=115 Mc (vida longa)",115,0,0
22,63,3,Isolados,"Z=45 Rh (vida longa)",45,0,0
22,64,3,Isolados,"Z=10 Ne (vida longa)",10,1,0
22,64,3,Isolados,"Z=50 Sn (vida longa)",50,0,0
22,65,0,Empiristas,"Z=56 Ba (vida longa)",56,0,0
22,66,3,Isolados,"Z=44 Ru (vida longa)",44,0,0
22,67,0,Empiristas,"Z=78 Pt (vida longa)",78,0,0
22,67,1,Incrementalistas,"Z=108 Hs (vida longa)",108,0,0
22,67,1,Incrementalistas,"Z=104 Rf (vida longa)",104,0,0
22,67,2,Evolucionistas,"Z=41 Nb (vida longa)",41,1,0
22,68,0,Empiristas,"Z=72 Hf (vida longa)",72,1,0
22,68,0,Empiristas,"Z=28 Ni (vida longa)",28,0,0
22,68,0,Empiristas,"Z=60 Nd (vida longa)",60,0,0
22,68,1,Incrementalistas,"Z=65 Tb (vida longa)",65,0,0
22,69,0,Empiristas,"Z=25 Mn (vida longa)",25,1,0
22,69,0,Empiristas,"Z=74 W (vida longa)",74,1,0
22,69,3,Isolados,"Z=79 Au (vida longa)",79,0,0
22,69,2,Evolucionistas,"Z=106 Sg (vida longa)",106,0,1
22,69,1,Incrementalistas,"Z=39 Y (vida longa)",39,0,1
22,70,0,Empiristas,"Z=94 Pu (vida longa)",94,0,0
22,70,0,Empiristas,"Z=53 I (vida longa)",53,0,0
22,70,0,Empiristas,"Z=88 Ra (vida longa)",88,0,0
22,70,2,Evolucionistas,"Z=14 Si (vida longa)",14,0,0
22,71,0,Empiristas,"Z=83 Bi (vida longa)",83,0,0
22,71,1,Incrementalistas,"Z=12 Mg (vida longa)",12,0,0
22,71,0,Empiristas,"Z=8 O (vida longa)",8,0,1
22,71,2,Evolucionistas,"Z=40 Zr (vida longa)",40,0,1
22,72,0,Empiristas,"Z=70 Yb (vida longa)",70,1,0
22,72,1,Incrementalistas,"Z=64 Gd (vida longa)",64,0,0
22,73,0,Empiristas,"Z=32 Ge (vida longa)",32,0,0
22,73,0,Empiristas,"Z=89 Ac (vida longa)",89,1,0
22,73,0,Empiristas,"Z=73 Ta (vida longa)",73,1,0
22,73,1,Incrementalistas,"Z=37 Rb (vida longa)",37,1,0
22,73,1,Incrementalistas,"Z=80 Hg (vida longa)",80,0,0
22,73,0,Empiristas,"Z=101 Md (vida longa)",101,0,1
22,74,1,Incrementalistas,"Z=13 Al (vida longa)",13,0,0
22,74,1,Incrementalistas,"Z=35 Br (vida longa)",35,0,1
22,75,0,Empiristas,"Z=37 Rb (vida longa)",37,0,0
22,75,1,Incrementalistas,"Z=33 As (vida longa)",33,0,0
22,77,0,Empiristas,"Z=76 Os (vida longa)",76,0,0
22,77,0,Empiristas,"Z=27 Co (vida longa)",27,1,0
22,77,0,Empiristas,"Z=39 Y (vida longa)",39,0,0
22,77,1,Incrementalistas,"Z=6 C (vida longa)",6,0,0
22,78,2,Evolucionistas,"Z=64 Gd (vida longa)",64,0,0
22,78,3,Isolados,"Z=27 Co (vida longa)",27,0,0
22,79,0,Empiristas,"Z=48 Cd (vida longa)",48,1,0
22,79,1,Incrementalistas,"Z=20 Ca (vida longa)",20,0,0
22,79,2,Evolucionistas,"Z=15 P (vida longa)",15,0,1
22,80,0,Empiristas,"Z=103 Lr (vida longa)",103,0,0
22,81,2,Evolucionistas,"Z=53 I (vida longa)",53,0,0
22,81,2,Evolucionistas,"Z=13 Al (vida longa)",13,0,0
22,81,2,Evolucionistas,"Z=52 Te (vida longa)",52,0,0
22,82,2,Evolucionistas,"Z=18 Ar (vida longa)",18,0,0
22,83,0,Empiristas,"Z=62 Sm (vida longa)",62,1,0
22,83,2,Evolucionistas,"Z=100 Fm (vida longa)",100,0,0
22,83,2,Evolucionistas,"Z=10 Ne (vida longa)",10,0,0
22,83,3,Isolados,"Z=32 Ge (vida longa)",32,0,0
22,83,3,Isolados,"Z=12 Mg (vida longa)",12,0,0
22,84,3,Isolados,"Z=29 Cu (vida longa)",29,0,0
22,84,3,Isolados,"Z=13 Al (vida longa)",13,0,0
22,84,3,Isolados,"Z=55 Cs (vida longa)",55,1,0
22,84,2,Evolucionistas,"Z=20 Ca (vida longa)",20,0,1
22,85,1,Incrementalistas,"Z=38 Sr (vida longa)",38,0,0
22,85,2,Evolucionistas,"Z=96 Cm (vida longa)",96,0,1
22,86,1,Incrementalistas,"Z=60 Nd (vida longa)",60,0,0
22,86,2,Evolucionistas,"Z=104 Rf (vida longa)",104,0,0
22,86,3,Isolados,"Z=61 Pm (vida longa)",61,0,0
22,87,3,Isolados,"Z=14 Si (vida longa)",14,0,0
22,87,3,Isolados,"Z=42 Mo (vida longa)",42,1,0
22,87,3,Isolados,"Z=48 Cd (vida longa)",48,0,0
22,88,0,Empiristas,"Z=47 Ag (vida longa)",47,1,0
22,90,0,Empiristas,"Z=21 Sc (vida longa)",21,1,0
22,90,3,Isolados,"Z=77 Ir (vida longa)",77,0,0
22,90,1,Incrementalistas,"Z=62 Sm (vida longa)",62,0,1
22,91,0,Empiristas,"Z=36 Kr (vida longa)",36,1,0
22,91,0,Empiristas,"Z=71 Lu (vida longa)",71,1,0
22,91,1,Incrementalistas,"Z=7 N (vida longa)",7,1,0
22,91,2,Evolucionistas,"Z=84 Po (vida longa)",84,0,0
22,92,1,Incrementalistas,"Z=66 Dy (vida longa)",66,0,0
22,92,3,Isolados,"Z=21 Sc (vida longa)",21,0,0
22,95,0,Empiristas,"Z=75 Re (vida longa)",75,0,0
22,95,1,Incrementalistas,"Z=31 Ga (vida longa)",31,0,0
22,95,3,Isolados,"Z=7 N (vida longa)",7,0,0
22,95,2,Evolucionistas,"Z=6 C (vida longa)",6,0,1
22,96,2,Evolucionistas,"Z=16 S (vida longa)",16,0,0
22,96,3,Isolados,"Z=4 Be (vida longa)",4,0,0
22,96,3,Isolados,"Z=35 Br (vida longa)",35,0,0
22,97,0,Empiristas,"Z=67 Ho (vida longa)",67,1,0
22,97,1,Incrementalistas,"Z=73 Ta (vida longa)",73,0,0
22,97,2,Evolucionistas,"Z=58 Ce (vida longa)",58,0,0
22,97,3,Isolados,"Z=66 Dy (vida longa)",66,0,0
22,98,1,Incrementalistas,"Z=54 Xe (vida longa)",54,0,0
22,98,2,Evolucionistas,"Z=48 Cd (vida longa)",48,0,0
22,98,2,Evolucionistas,"Z=36 Kr (vida longa)",36,0,0
22,98,2,Evolucionistas,"Z=59 Pr (vida longa)",59,0,0
22,99,0,Empiristas,"Z=68 Er (vida longa)",68,0,0
22,99,3,Isolados,"Z=3 Li (vida longa)",3,0,0
22,102,2,Evolucionistas,"Z=46 Pd (vida longa)",46,0,0
22,102,2,Evolucionistas,"Z=54 Xe (vida longa)",54,0,0
22,102,3,Isolados,"Z=11 Na (vida longa)",11,0,0
22,103,2,Evolucionistas,"Z=26 Fe (vida longa)",26,0,0
22,103,2,Evolucionistas,"Z=70 Yb (vida longa)",70,0,1
22,105,0,Empiristas,"Z=64 Gd (vida longa)",64,0,0
22,105,0,Empiristas,"Z=10 Ne (vida longa)",10,0,0
22,105,2,Evolucionistas,"Z=45 Rh (vida longa)",45,0,0
22,105,3,Isolados,"Z=78 Pt (vida longa)",78,0,0
22,105,3,Isolados,"Z=24 Cr (vida longa)",24,0,0
22,107,0,Empiristas,"Z=7 N (vida longa)",7,0,0
22,107,1,Incrementalistas,"Z=63 Eu (vida longa)",63,1,0
22,108,0,Empiristas,"Z=63 Eu (vida longa)",63,0,0
22,108,0,Empiristas,"Z=41 Nb (vida longa)",41,0,0
22,108,1,Incrementalistas,"Z=14 Si (vida longa)",14,0,0
22,108,2,Evolucionistas,"Z=38 Sr (vida longa)",38,0,0
22,108,2,Evolucionistas,"Z=81 Tl (vida longa)",81,0,0
22,109,1,Incrementalistas,"Z=1 H (vida longa)",1,1,0
22,109,1,Incrementalistas,"Z=55 Cs (vida longa)",55,0,0
22,109,3,Isolados,"Z=8 O (vida longa)",8,0,0
22,109,1,Incrementalistas,"Z=45 Rh (vida longa)",45,0,1
22,110,1,Incrementalistas,"Z=27 Co (vida longa)",27,0,0
22,110,2,Evolucionistas,"nucleos efemeros",90.5464,0,0
22,110,3,Isolados,"Z=74 W (vida longa)",74,0,0
22,111,0,Empiristas,"Z=55 Cs (vida longa)",55,0,0
22,111,1,Incrementalistas,"Z=67 Ho (vida longa)",67,0,0
22,112,1,Incrementalistas,"Z=36 Kr (vida longa)",36,0,0
22,113,3,Isolados,"Z=72 Hf (vida longa)",72,0,0
22,114,1,Incrementalistas,"Z=40 Zr (vida longa)",40,0,0
22,114,3,Isolados,"Z=47 Ag (vida longa)",47,0,0
22,114,3,Isolados,"Z=69 Tm (vida longa)",69,1,0
22,115,0,Empiristas,"Z=42 Mo (vida longa)",42,0,0
22,115,1,Incrementalistas,"Z=42 Mo (vida longa)",42,0,0
22,115,1,Incrementalistas,"Z=53 I (vida longa)",53,0,0
22,115,1,Incrementalistas,"Z=76 Os (vida longa)",76,0,0
22,115,1,Incrementalistas,"Z=15 P (vida longa)",15,0,0
22,115,2,Evolucionistas,"Z=52 Te (vida longa)",52,0,0
22,116,2,Evolucionistas,"Z=9 F (vida longa)",9,0,1
22,117,2,Evolucionistas,"Z=34 Se (vida longa)",34,0,0
22,117,3,Isolados,"Z=19 K (vida longa)",19,0,0
22,118,2,Evolucionistas,"Z=82 Pb (vida longa)",82,0,0
22,118,3,Isolados,"Z=91 Pa (vida longa)",91,0,0
22,119,1,Incrementalistas,"Z=97 Bk (vida longa)",97,0,0
22,119,3,Isolados,"Z=17 Cl (vida longa)",17,1,0
22,119,3,Isolados,"Z=65 Tb (vida longa)",65,0,0
22,119,3,Isolados,"Z=26 Fe (vida longa)",26,0,0
22,120,0,Empiristas,"Z=17 Cl (vida longa)",17,0,0
22,120,1,Incrementalistas,"Z=98 Cf (vida longa)",98,0,0
22,120,2,Evolucionistas,"Z=77 Ir (vida longa)",77,0,0
22,120,3,Isolados,"Z=81 Tl (vida longa)",81,0,0
22,121,2,Evolucionistas,"Z=98 Cf (vida longa)",98,0,0
22,121,3,Isolados,"Z=70 Yb (vida longa)",70,0,0
22,122,0,Empiristas,"Z=69 Tm (vida longa)",69,0,0
22,122,3,Isolados,"Z=63 Eu (vida longa)",63,0,0
22,123,2,Evolucionistas,"Z=37 Rb (vida longa)",37,0,0
22,123,2,Evolucionistas,"Z=29 Cu (vida longa)",29,0,1
22,124,1,Incrementalistas,"Z=25 Mn (vida longa)",25,0,0
22,125,2,Evolucionistas,"Z=102 No (vida longa)",102,0,0
22,125,3,Isolados,"Z=25 Mn (vida longa)",25,0,0
22,125,2,Evolucionistas,"Z=107 Bh (vida longa)",107,0,1
22,126,2,Evolucionistas,"Z=56 Ba (vida longa)",56,0,0
22,126,3,Isolados,"Z=5 B (vida longa)",5,0,0
22,127,2,Evolucionistas,"Z=16 S (vida longa)",16,0,0
22,128,1,Incrementalistas,"Z=57 La (vida longa)",57,0,0
22,129,3,Isolados,"Z=22 Ti (vida longa)",22,0,0
22,129,1,Incrementalistas,"Z=48 Cd (vida longa)",48,0,1
22,130,3,Isolados,"Z=67 Ho (vida longa)",67,0,0
22,131,1,Incrementalistas,"Z=10 Ne (vida longa)",10,0,0
22,131,3,Isolados,"Z=28 Ni (vida longa)",28,0,0
22,132,1,Incrementalistas,"Z=56 Ba (vida longa)",56,0,0
22,133,3,Isolados,"Z=76 Os (vida longa)",76,0,0
22,134,2,Evolucionistas,"Z=91 Pa (vida longa)",91,0,0
22,134,3,Isolados,"Z=30 Zn (vida longa)",30,0,0
22,134,3,Isolados,"Z=34 Se (vida longa)",34,0,0
22,136,2,Evolucionistas,"Z=10 Ne (vida longa)",10,0,0
22,136,2,Evolucionistas,"Z=3 Li (vida longa)",3,0,0
22,136,2,Evolucionistas,"Z=2 He (vida longa)",2,0,0
22,136,3,Isolados,"Z=36 Kr (vida longa)",36,0,0
22,137,2,Evolucionistas,"Z=7 N (vida longa)",7,0,0
22,137,3,Isolados,"Z=75 Re (vida longa)",75,0,0
22,138,2,Evolucionistas,"nucleos efemeros",105.4,0,0
22,138,2,Evolucionistas,"Z=113 Nh (vida longa)",113,0,0
22,138,2,Evolucionistas,"Z=39 Y (vida longa)",39,0,0
22,138,2,Evolucionistas,"Z=92 U (vida longa)",92,0,0
22,138,3,Isolados,"Z=92 U (vida longa)",92,0,0
22,139,3,Isolados,"Z=62 Sm (vida longa)",62,0,0
22,140,2,Evolucionistas,"Z=110 Ds (vida longa)",110,0,0
22,141,1,Incrementalistas,"Z=44 Ru (vida longa)",44,0,0
22,141,2,Evolucionistas,"Z=2 He (vida longa)",2,0,0
22,141,3,Isolados,"Z=93 Np (vida longa)",93,0,0
22,142,1,Incrementalistas,"Z=8 O (vida longa)",8,0,0
22,142,2,Evolucionistas,"Z=101 Md (vida longa)",101,0,0
22,143,2,Evolucionistas,"Z=57 La (vida longa)",57,0,0
22,143,2,Evolucionistas,"Z=50 Sn (vida longa)",50,0,0
22,145,2,Evolucionistas,"Z=53 I (vida longa)",53,0,0
22,145,3,Isolados,"Z=15 P (vida longa)",15,0,0
22,146,3,Isolados,"Z=54 Xe (vida longa)",54,0,0
22,147,1,Incrementalistas,"Z=49 In (vida longa)",49,0,0
22,148,1,Incrementalistas,"Z=69 Tm (vida longa)",69,0,0
22,148,3,Isolados,"Z=40 Zr (vida longa)",40,0,0
22,149,1,Incrementalistas,"Z=41 Nb (vida longa)",41,0,0
22,149,3,Isolados,"Z=52 Te (vida longa)",52,0,0
22,150,0,Empiristas,"Z=43 Tc (vida longa)",43,0,0
22,150,2,Evolucionistas,"Z=59 Pr (vida longa)",59,0,0
22,151,2,Evolucionistas,"Z=93 Np (vida longa)",93,0,0
22,152,2,Evolucionistas,"Z=42 Mo (vida longa)",42,0,0
22,152,2,Evolucionistas,"Z=8 O (vida longa)",8,0,0
22,152,2,Evolucionistas,"Z=84 Po (vida longa)",84,0,0
22,152,2,Evolucionistas,"Z=45 Rh (vida longa)",45,0,1
22,153,2,Evolucionistas,"Z=24 Cr (vida longa)",24,0,0
22,153,2,Evolucionistas,"Z=85 At (vida longa)",85,0,0
22,153,2,Evolucionistas,"Z=49 In (vida longa)",49,0,0
22,153,3,Isolados,"Z=2 He (vida longa)",2,0,0
22,154,3,Isolados,"Z=51 Sb (vida longa)",51,0,0
22,154,3,Isolados,"Z=23 V (vida longa)",23,0,0
22,155,1,Incrementalistas,"Z=34 Se (vida longa)",34,0,0
22,157,1,Incrementalistas,"Z=19 K (vida longa)",19,0,0
22,158,2,Evolucionistas,"Z=12 Mg (vida longa)",12,0,0
22,158,2,Evolucionistas,"Z=107 Bh (vida longa)",107,0,1
22,159,2,Evolucionistas,"Z=48 Cd (vida longa)",48,0,0
22,160,1,Incrementalistas,"Z=70 Yb (vida longa)",70,0,0
22,160,1,Incrementalistas,"Z=75 Re (vida longa)",75,0,0
22,161,2,Evolucionistas,"Z=17 Cl (vida longa)",17,0,0
22,161,2,Evolucionistas,"Z=5 B (vida longa)",5,0,0
22,162,2,Evolucionistas,"Z=14 Si (vida longa)",14,0,0
22,163,1,Incrementalistas,"Z=77 Ir (vida longa)",77,0,0
22,163,3,Isolados,"Z=41 Nb (vida longa)",41,0,0
22,164,2,Evolucionistas,"Z=38 Sr (vida longa)",38,0,0
22,164,3,Isolados,"Z=1 H (vida longa)",1,0,0
22,164,3,Isolados,"Z=33 As (vida longa)",33,0,0
22,164,0,Empiristas,"Z=87 Fr (vida longa)",87,0,1
22,165,1,Incrementalistas,"Z=30 Zn (vida longa)",30,0,0
22,165,2,Evolucionistas,"Z=47 Ag (vida longa)",47,0,0
22,165,2,Evolucionistas,"Z=73 Ta (vida longa)",73,0,0
22,165,3,Isolados,"Z=38 Sr (vida longa)",38,0,0
22,166,3,Isolados,"Z=31 Ga (vida longa)",31,0,0
22,166,3,Isolados,"Z=89 Ac (vida longa)",89,0,0
22,167,2,Evolucionistas,"Z=83 Bi (vida longa)",83,0,0
22,167,3,Isolados,"Z=20 Ca (vida longa)",20,0,0
22,168,1,Incrementalistas,"Z=89 Ac (vida longa)",89,0,0
22,168,2,Evolucionistas,"Z=106 Sg (vida longa)",106,0,0
22,168,2,Evolucionistas,"Z=25 Mn (vida longa)",25,0,0
22,168,2,Evolucionistas,"Z=6 C (vida longa)",6,0,0
22,168,3,Isolados,"Z=71 Lu (vida longa)",71,0,0
22,170,2,Evolucionistas,"Z=89 Ac (vida longa)",89,0,0
22,171,2,Evolucionistas,"Z=66 Dy (vida longa)",66,0,0
22,171,2,Evolucionistas,"Z=72 Hf (vida longa)",72,0,0
22,171,2,Evolucionistas,"Z=79 Au (vida longa)",79,0,0
22,171,2,Evolucionistas,"Z=103 Lr (vida longa)",103,0,0
22,172,1,Incrementalistas,"Z=24 Cr (vida longa)",24,0,0
22,172,2,Evolucionistas,"Z=95 Am (vida longa)",95,0,0
22,172,2,Evolucionistas,"Z=16 S (vida longa)",16,0,0
22,172,2,Evolucionistas,"Z=77 Ir (vida longa)",77,0,0
22,172,2,Evolucionistas,"Z=97 Bk (vida longa)",97,0,0
22,173,1,Incrementalistas,"Z=68 Er (vida longa)",68,0,0
22,173,2,Evolucionistas,"Z=55 Cs (vida longa)",55,0,0
22,173,2,Evolucionistas,"Z=102 No (vida longa)",102,0,0
22,173,2,Evolucionistas,"Z=28 Ni (vida longa)",28,0,0
22,174,3,Isolados,"Z=37 Rb (vida longa)",37,0,0
22,174,3,Isolados,"Z=73 Ta (vida longa)",73,0,0
22,174,3,Isolados,"Z=49 In (vida longa)",49,0,0
22,175,2,Evolucionistas,"Z=63 Eu (vida longa)",63,0,0
22,175,2,Evolucionistas,"Z=64 Gd (vida longa)",64,0,0
22,176,2,Evolucionistas,"Z=41 Nb (vida longa)",41,0,0
22,177,1,Incrementalistas,"Z=23 V (vida longa)",23,0,0
22,177,2,Evolucionistas,"Z=40 Zr (vida longa)",40,0,0
22,177,2,Evolucionistas,"Z=88 Ra (vida longa)",88,0,0
22,178,1,Incrementalistas,"Z=47 Ag (vida longa)",47,0,0
22,178,1,Incrementalistas,"Z=74 W (vida longa)",74,0,0
22,178,2,Evolucionistas,"Z=70 Yb (vida longa)",70,0,0
22,179,2,Evolucionistas,"Z=86 Rn (vida longa)",86,0,0
22,181,1,Incrementalistas,"Z=16 S (vida longa)",16,0,0
22,181,2,Evolucionistas,"Z=80 Hg (vida longa)",80,0,0
22,182,1,Incrementalistas,"Z=71 Lu (vida longa)",71,0,0
22,183,1,Incrementalistas,"Z=9 F (vida longa)",9,0,0
22,183,2,Evolucionistas,"Z=67 Ho (vida longa)",67,0,0
22,183,2,Evolucionistas,"Z=105 Db (vida longa)",105,0,0
22,184,1,Incrementalistas,"Z=72 Hf (vida longa)",72,0,0
22,184,2,Evolucionistas,"Z=69 Tm (vida longa)",69,0,0
22,184,3,Isolados,"Z=39 Y (vida longa)",39,0,0
22,185,2,Evolucionistas,"Z=23 V (vida longa)",23,0,0
22,188,2,Evolucionistas,"Z=18 Ar (vida longa)",18,0,0
22,189,2,Evolucionistas,"Z=22 Ti (vida longa)",22,0,0
22,190,2,Evolucionistas,"Z=1 H (vida longa)",1,0,0
22,190,2,Evolucionistas,"Z=71 Lu (vida longa)",71,0,0
22,191,2,Evolucionistas,"Z=68 Er (vida longa)",68,0,0
22,191,2,Evolucionistas,"Z=35 Br (vida longa)",35,0,0
22,192,2,Evolucionistas,"Z=74 W (vida longa)",74,0,0
22,193,1,Incrementalistas,"Z=17 Cl (vida longa)",17,0,0
22,194,1,Incrementalistas,"Z=21 Sc (vida longa)",21,0,0
22,195,2,Evolucionistas,"Z=31 Ga (vida longa)",31,0,0
22,195,2,Evolucionistas,"Z=94 Pu (vida longa)",94,0,0
22,197,2,Evolucionistas,"Z=61 Pm (vida longa)",61,0,0
22,198,2,Evolucionistas,"Z=21 Sc (vida longa)",21,0,0
22,199,2,Evolucionistas,"Z=65 Tb (vida longa)",65,0,0
22,205,1,Incrementalistas,"Z=61 Pm (vida longa)",61,0,0
22,206,2,Evolucionistas,"Z=62 Sm (vida longa)",62,0,0
22,209,2,Evolucionistas,"Z=27 Co (vida longa)",27,0,0
22,209,3,Isolados,"Z=9 F (vida longa)",9,0,0
22,213,2,Evolucionistas,"Z=15 P (vida longa)",15,0,0
22,215,2,Evolucionistas,"Z=19 K (vida longa)",19,0,0
22,219,1,Incrementalistas,"Z=43 Tc (vida longa)",43,0,0
22,220,2,Evolucionistas,"Z=58 Ce (vida longa)",58,0,0
22,257,2,Evolucionistas,"Z=43 Tc (vida longa)",43,0,0
23,0,0,Empiristas,"nucleos efemeros",44.4884,1,0
23,0,1,Incrementalistas,"nucleos efemeros",67.1274,0,0
23,0,1,Incrementalistas,"Z=10 Ne (vida longa)",10,1,0
23,0,2,Evolucionistas,"nucleos efemeros",72.9749,0,0
23,0,3,Isolados,"nucleos efemeros",48.4909,0,0
23,0,3,Isolados,"Z=89 Ac (vida longa)",89,1,0
23,0,3,Isolados,"Z=65 Tb (vida longa)",65,1,0
23,0,0,Empiristas,"Z=10 Ne (vida longa)",10,0,1
23,1,3,Isolados,"Z=64 Gd (vida longa)",64,1,0
23,2,1,Incrementalistas,"Z=72 Hf (vida longa)",72,1,0
23,2,3,Isolados,"Z=86 Rn (vida longa)",86,1,0
23,2,3,Isolados,"Z=88 Ra (vida longa)",88,1,0
23,2,2,Evolucionistas,"Z=72 Hf (vida longa)",72,0,1
23,2,2,Evolucionistas,"Z=10 Ne (vida longa)",10,0,1
23,3,0,Empiristas,"Z=8 O (vida longa)",8,1,0
23,3,3,Isolados,"Z=91 Pa (vida longa)",91,1,0
23,3,3,Isolados,"Z=90 Th (vida longa)",90,1,0
23,3,0,Empiristas,"Z=72 Hf (vida longa)",72,0,1
23,4,1,Incrementalistas,"Z=69 Tm (vida longa)",69,1,0
23,5,0,Empiristas,"Z=45 Rh (vida longa)",45,1,0
23,5,1,Incrementalistas,"Z=70 Yb (vida longa)",70,1,0
23,5,1,Incrementalistas,"Z=74 W (vida longa)",74,1,0
23,5,3,Isolados,"Z=61 Pm (vida longa)",61,1,0
23,5,3,Isolados,"Z=76 Os (vida longa)",76,1,0
23,6,1,Incrementalistas,"Z=90 Th (vida longa)",90,0,0
23,6,3,Isolados,"Z=41 Nb (vida longa)",41,1,0
23,6,3,Isolados,"Z=43 Tc (vida longa)",43,1,0
23,7,1,Incrementalistas,"Z=73 Ta (vida longa)",73,1,0
23,7,1,Incrementalistas,"Z=76 Os (vida longa)",76,0,0
23,8,3,Isolados,"Z=87 Fr (vida longa)",87,1,0
23,8,3,Isolados,"Z=93 Np (vida longa)",93,1,0
23,8,3,Isolados,"Z=24 Cr (vida longa)",24,1,0
23,8,3,Isolados,"Z=92 U (vida longa)",92,1,0
23,9,0,Empiristas,"Z=9 F (vida longa)",9,1,0
23,9,3,Isolados,"Z=94 Pu (vida longa)",94,1,0
23,9,3,Isolados,"Z=63 Eu (vida longa)",63,1,0
23,10,1,Incrementalistas,"Z=114 Fl (vida longa)",114,1,0
23,10,2,Evolucionistas,"Z=82 Pb (vida longa)",82,1,0
23,11,0,Empiristas,"Z=54 Xe (vida longa)",54,1,0
23,12,0,Empiristas,"Z=42 Mo (vida longa)",42,1,0
23,12,1,Incrementalistas,"Z=113 Nh (vida longa)",113,1,0
23,12,3,Isolados,"Z=67 Ho (vida longa)",67,1,0
23,12,3,Isolados,"Z=85 At (vida longa)",85,1,0
23,14,0,Empiristas,"Z=70 Yb (vida longa)",70,0,0
23,15,0,Empiristas,"Z=115 Mc (vida longa)",115,1,0
23,15,0,Empiristas,"nucleos efemeros",30.3861,0,0
23,15,2,Evolucionistas,"Z=40 Zr (vida longa)",40,1,0
23,15,3,Isolados,"Z=96 Cm (vida longa)",96,1,0
23,15,2,Evolucionistas,"Z=114 Fl (vida longa)",114,0,1
23,16,0,Empiristas,"Z=16 S (vida longa)",16,1,0
23,16,1,Incrementalistas,"Z=66 Dy (vida longa)",66,1,0
23,16,1,Incrementalistas,"Z=110 Ds (vida longa)",110,1,0
23,17,0,Empiristas,"Z=103 Lr (vida longa)",103,1,0
23,17,0,Empiristas,"Z=114 Fl (vida longa)",114,0,1
23,17,1,Incrementalistas,"Z=115 Mc (vida longa)",115,0,1
23,17,1,Incrementalistas,"Z=103 Lr (vida longa)",103,0,1
23,18,1,Incrementalistas,"Z=86 Rn (vida longa)",86,0,0
23,18,1,Incrementalistas,"Z=68 Er (vida longa)",68,1,0
23,18,2,Evolucionistas,"Z=86 Rn (vida longa)",86,0,0
23,18,2,Evolucionistas,"Z=113 Nh (vida longa)",113,0,0
23,18,2,Evolucionistas,"Z=115 Mc (vida longa)",115,0,1
23,18,2,Evolucionistas,"Z=90 Th (vida longa)",90,0,1
23,19,0,Empiristas,"Z=84 Po (vida longa)",84,1,0
23,19,1,Incrementalistas,"Z=20 Ca (vida longa)",20,1,0
23,19,2,Evolucionistas,"Z=6 C (vida longa)",6,1,0
23,19,1,Incrementalistas,"Z=8 O (vida longa)",8,0,1
23,20,1,Incrementalistas,"Z=95 Am (vida longa)",95,1,0
23,20,2,Evolucionistas,"Z=87 Fr (vida longa)",87,0,0
23,20,3,Isolados,"Z=8 O (vida longa)",8,0,0
23,21,1,Incrementalistas,"Z=112 Cn (vida longa)",112,1,0
23,21,2,Evolucionistas,"Z=80 Hg (vida longa)",80,1,0
23,22,0,Empiristas,"Z=53 I (vida longa)",53,1,0
23,22,1,Incrementalistas,"Z=101 Md (vida longa)",101,1,0
23,22,2,Evolucionistas,"Z=79 Au (vida longa)",79,1,0
23,22,3,Isolados,"Z=103 Lr (vida longa)",103,0,0
23,23,1,Incrementalistas,"Z=109 Mt (vida longa)",109,1,0
23,23,3,Isolados,"Z=60 Nd (vida longa)",60,1,0
23,24,0,Empiristas,"Z=3 Li (vida longa)",3,1,0
23,24,2,Evolucionistas,"Z=112 Cn (vida longa)",112,0,0
23,24,2,Evolucionistas,"Z=109 Mt (vida longa)",109,0,0
23,24,3,Isolados,"Z=77 Ir (vida longa)",77,1,0
23,24,3,Isolados,"Z=97 Bk (vida longa)",97,1,0
23,24,2,Evolucionistas,"Z=45 Rh (vida longa)",45,0,1
23,24,0,Empiristas,"Z=82 Pb (vida longa)",82,0,1
23,25,0,Empiristas,"Z=7 N (vida longa)",7,1,0
23,26,1,Incrementalistas,"nucleos efemeros",106.709,0,0
23,26,1,Incrementalistas,"Z=114 Fl (vida longa)",114,0,0
23,26,3,Isolados,"Z=46 Pd (vida longa)",46,1,0
23,27,1,Incrementalistas,"Z=67 Ho (vida longa)",67,0,0
23,27,2,Evolucionistas,"Z=111 Rg (vida longa)",111,1,0
23,28,1,Incrementalistas,"Z=111 Rg (vida longa)",111,0,0
23,28,2,Evolucionistas,"Z=107 Bh (vida longa)",107,1,0
23,28,3,Isolados,"Z=95 Am (vida longa)",95,0,0
23,29,0,Empiristas,"Z=2 He (vida longa)",2,1,0
23,29,1,Incrementalistas,"Z=110 Ds (vida longa)",110,0,0
23,29,2,Evolucionistas,"Z=110 Ds (vida longa)",110,0,0
23,29,3,Isolados,"Z=104 Rf (vida longa)",104,1,0
23,29,0,Empiristas,"Z=74 W (vida longa)",74,0,1
23,29,1,Incrementalistas,"Z=2 He (vida longa)",2,0,1
23,30,0,Empiristas,"Z=17 Cl (vida longa)",17,1,0
23,30,1,Incrementalistas,"Z=108 Hs (vida longa)",108,1,0
23,31,2,Evolucionistas,"Z=33 As (vida longa)",33,1,0
23,32,3,Isolados,"Z=36 Kr (vida longa)",36,1,0
23,34,3,Isolados,"Z=58 Ce (vida longa)",58,1,0
23,35,3,Isolados,"Z=48 Cd (vida longa)",48,1,0
23,35,0,Empiristas,"Z=112 Cn (vida longa)",112,0,1
23,35,2,Evolucionistas,"Z=74 W (vida longa)",74,0,1
23,36,0,Empiristas,"Z=13 Al (vida longa)",13,1,0
23,36,2,Evolucionistas,"Z=41 Nb (vida longa)",41,0,0
23,36,3,Isolados,"Z=98 Cf (vida longa)",98,1,0
23,36,3,Isolados,"Z=107 Bh (vida longa)",107,0,0
23,36,3,Isolados,"Z=62 Sm (vida longa)",62,1,0
23,36,3,Isolados,"Z=101 Md (vida longa)",101,0,0
23,37,2,Evolucionistas,"Z=104 Rf (vida longa)",104,0,0
23,38,2,Evolucionistas,"Z=92 U (vida longa)",92,0,0
23,38,3,Isolados,"Z=6 C (vida longa)",6,0,0
23,38,1,Incrementalistas,"Z=3 Li (vida longa)",3,0,1
23,39,0,Empiristas,"Z=79 Au (vida longa)",79,0,0
23,39,3,Isolados,"Z=50 Sn (vida longa)",50,1,0
23,39,3,Isolados,"Z=99 Es (vida longa)",99,1,0
23,39,0,Empiristas,"Z=40 Zr (vida longa)",40,0,1
23,40,0,Empiristas,"Z=106 Sg (vida longa)",106,1,0
23,40,0,Empiristas,"Z=111 Rg (vida longa)",111,0,0
23,40,3,Isolados,"Z=30 Zn (vida longa)",30,1,0
23,41,0,Empiristas,"Z=86 Rn (vida longa)",86,0,0
23,41,0,Empiristas,"Z=96 Cm (vida longa)",96,0,0
23,41,2,Evolucionistas,"Z=16 S (vida longa)",16,0,0
23,41,2,Evolucionistas,"Z=108 Hs (vida longa)",108,0,0
23,41,3,Isolados,"Z=100 Fm (vida longa)",100,1,0
23,41,3,Isolados,"Z=78 Pt (vida longa)",78,1,0
23,42,0,Empiristas,"Z=52 Te (vida longa)",52,1,0
23,42,3,Isolados,"Z=105 Db (vida longa)",105,1,0
23,42,2,Evolucionistas,"Z=96 Cm (vida longa)",96,0,1
23,43,0,Empiristas,"Z=37 Rb (vida longa)",37,1,0
23,43,3,Isolados,"Z=40 Zr (vida longa)",40,0,0
23,43,2,Evolucionistas,"Z=76 Os (vida longa)",76,0,1
23,44,0,Empiristas,"Z=105 Db (vida longa)",105,0,0
23,44,0,Empiristas,"Z=88 Ra (vida longa)",88,0,0
23,44,0,Empiristas,"Z=113 Nh (vida longa)",113,0,0
23,44,2,Evolucionistas,"Z=103 Lr (vida longa)",103,0,0
23,44,2,Evolucionistas,"Z=46 Pd (vida longa)",46,0,0
23,44,3,Isolados,"Z=102 No (vida longa)",102,1,0
23,44,0,Empiristas,"Z=10 Ne (vida longa)",10,0,1
23,44,1,Incrementalistas,"Z=16 S (vida longa)",16,0,1
23,45,0,Empiristas,"Z=102 No (vida longa)",102,0,0
23,45,0,Empiristas,"Z=108 Hs (vida longa)",108,0,0
23,45,2,Evolucionistas,"Z=25 Mn (vida longa)",25,1,0
23,45,3,Isolados,"Z=106 Sg (vida longa)",106,0,0
23,45,3,Isolados,"Z=51 Sb (vida longa)",51,1,0
23,45,2,Evolucionistas,"Z=20 Ca (vida longa)",20,0,1
23,46,0,Empiristas,"Z=60 Nd (vida longa)",60,0,0
23,47,0,Empiristas,"Z=6 C (vida longa)",6,0,0
23,47,0,Empiristas,"Z=14 Si (vida longa)",14,1,0
23,47,3,Isolados,"Z=109 Mt (vida longa)",109,0,0
23,48,0,Empiristas,"Z=109 Mt (vida longa)",109,0,0
23,48,1,Incrementalistas,"Z=6 C (vida longa)",6,0,0
23,49,2,Evolucionistas,"Z=48 Cd (vida longa)",48,0,0
23,49,2,Evolucionistas,"Z=102 No (vida longa)",102,0,1
23,50,0,Empiristas,"Z=110 Ds (vida longa)",110,0,0
23,50,3,Isolados,"Z=4 Be (vida longa)",4,1,0
23,50,3,Isolados,"Z=108 Hs (vida longa)",108,0,0
23,50,3,Isolados,"Z=20 Ca (vida longa)",20,0,0
23,50,3,Isolados,"Z=110 Ds (vida longa)",110,0,0
23,51,1,Incrementalistas,"Z=71 Lu (vida longa)",71,1,0
23,51,3,Isolados,"Z=112 Cn (vida longa)",112,0,0
23,52,0,Empiristas,"Z=81 Tl (vida longa)",81,1,0
23,52,3,Isolados,"Z=111 Rg (vida longa)",111,0,0
23,53,0,Empiristas,"Z=80 Hg (vida longa)",80,0,0
23,53,1,Incrementalistas,"Z=5 B (vida longa)",5,1,0
23,53,3,Isolados,"Z=114 Fl (vida longa)",114,0,0
23,54,1,Incrementalistas,"Z=4 Be (vida longa)",4,0,0
23,54,1,Incrementalistas,"Z=12 Mg (vida longa)",12,1,0
23,54,3,Isolados,"Z=66 Dy (vida longa)",66,0,0
23,54,3,Isolados,"Z=113 Nh (vida longa)",113,0,0
23,55,2,Evolucionistas,"Z=56 Ba (vida longa)",56,1,0
23,55,2,Evolucionistas,"Z=14 Si (vida longa)",14,0,1
23,56,2,Evolucionistas,"Z=32 Ge (vida longa)",32,1,0
23,56,2,Evolucionistas,"Z=94 Pu (vida longa)",94,0,0
23,56,2,Evolucionistas,"Z=4 Be (vida longa)",4,0,0
23,56,0,Empiristas,"Z=90 Th (vida longa)",90,0,1
23,57,0,Empiristas,"Z=93 Np (vida longa)",93,0,0
23,57,1,Incrementalistas,"Z=65 Tb (vida longa)",65,0,0
23,57,2,Evolucionistas,"Z=34 Se (vida longa)",34,1,0
23,57,2,Evolucionistas,"Z=66 Dy (vida longa)",66,0,0
23,57,3,Isolados,"Z=2 He (vida longa)",2,0,0
23,58,0,Empiristas,"Z=36 Kr (vida longa)",36,0,0
23,58,1,Incrementalistas,"Z=9 F (vida longa)",9,0,1
23,59,0,Empiristas,"Z=27 Co (vida longa)",27,1,0
23,60,0,Empiristas,"Z=78 Pt (vida longa)",78,0,0
23,60,1,Incrementalistas,"Z=79 Au (vida longa)",79,0,1
23,60,0,Empiristas,"Z=92 U (vida longa)",92,0,1
23,60,2,Evolucionistas,"Z=81 Tl (vida longa)",81,0,1
23,61,0,Empiristas,"Z=91 Pa (vida longa)",91,0,0
23,61,0,Empiristas,"Z=46 Pd (vida longa)",46,0,0
23,61,2,Evolucionistas,"Z=31 Ga (vida longa)",31,1,0
23,61,3,Isolados,"Z=47 Ag (vida longa)",47,1,0
23,62,0,Empiristas,"Z=95 Am (vida longa)",95,0,0
23,62,3,Isolados,"Z=32 Ge (vida longa)",32,0,0
23,62,0,Empiristas,"Z=67 Ho (vida longa)",67,0,1
23,63,1,Incrementalistas,"Z=33 As (vida longa)",33,0,1
23,64,0,Empiristas,"Z=4 Be (vida longa)",4,0,0
23,64,2,Evolucionistas,"Z=44 Ru (vida longa)",44,1,0
23,64,2,Evolucionistas,"Z=100 Fm (vida longa)",100,0,0
23,64,3,Isolados,"Z=52 Te (vida longa)",52,0,0
23,65,0,Empiristas,"Z=49 In (vida longa)",49,1,0
23,65,3,Isolados,"Z=27 Co (vida longa)",27,0,0
23,65,2,Evolucionistas,"Z=101 Md (vida longa)",101,0,1
23,66,1,Incrementalistas,"Z=106 Sg (vida longa)",106,0,0
23,67,0,Empiristas,"Z=66 Dy (vida longa)",66,0,0
23,67,0,Empiristas,"Z=71 Lu (vida longa)",71,0,0
23,67,0,Empiristas,"Z=85 At (vida longa)",85,0,0
23,68,0,Empiristas,"Z=21 Sc (vida longa)",21,1,0
23,68,1,Incrementalistas,"Z=102 No (vida longa)",102,0,0
23,69,0,Empiristas,"Z=56 Ba (vida longa)",56,0,0
23,69,3,Isolados,"Z=49 In (vida longa)",49,0,0
23,70,0,Empiristas,"Z=28 Ni (vida longa)",28,1,0
23,70,0,Empiristas,"Z=97 Bk (vida longa)",97,0,0
23,71,0,Empiristas,"Z=76 Os (vida longa)",76,0,0
23,71,3,Isolados,"Z=26 Fe (vida longa)",26,1,0
23,71,3,Isolados,"Z=80 Hg (vida longa)",80,0,0
23,71,1,Incrementalistas,"Z=8 O (vida longa)",8,0,1
23,72,2,Evolucionistas,"Z=105 Db (vida longa)",105,0,0
23,73,0,Empiristas,"Z=65 Tb (vida longa)",65,0,0
23,73,1,Incrementalistas,"Z=99 Es (vida longa)",99,0,0
23,73,3,Isolados,"Z=52 Te (vida longa)",52,0,0
23,73,3,Isolados,"Z=112 Cn (vida longa)",112,0,0
23,73,3,Isolados,"Z=56 Ba (vida longa)",56,0,0
23,74,0,Empiristas,"Z=54 Xe (vida longa)",54,0,0
23,74,0,Empiristas,"Z=18 Ar (vida longa)",18,1,0
23,74,2,Evolucionistas,"Z=28 Ni (vida longa)",28,0,0
23,74,2,Evolucionistas,"Z=88 Ra (vida longa)",88,0,0
23,74,2,Evolucionistas,"Z=29 Cu (vida longa)",29,1,0
23,74,1,Incrementalistas,"Z=60 Nd (vida longa)",60,0,1
23,75,3,Isolados,"Z=14 Si (vida longa)",14,0,0
23,76,0,Empiristas,"Z=15 P (vida longa)",15,1,0
23,76,2,Evolucionistas,"Z=67 Ho (vida longa)",67,0,1
23,77,0,Empiristas,"Z=34 Se (vida longa)",34,0,0
23,77,3,Isolados,"Z=62 Sm (vida longa)",62,0,0
23,78,0,Empiristas,"Z=31 Ga (vida longa)",31,0,0
23,78,0,Empiristas,"Z=11 Na (vida longa)",11,1,0
23,78,3,Isolados,"Z=109 Mt (vida longa)",109,0,0
23,79,1,Incrementalistas,"Z=58 Ce (vida longa)",58,0,0
23,80,0,Empiristas,"Z=24 Cr (vida longa)",24,0,0
23,80,1,Incrementalistas,"Z=18 Ar (vida longa)",18,0,0
23,80,3,Isolados,"Z=65 Tb (vida longa)",65,0,0
23,81,0,Empiristas,"Z=12 Mg (vida longa)",12,0,0
23,81,0,Empiristas,"Z=75 Re (vida longa)",75,1,0
23,81,0,Empiristas,"Z=25 Mn (vida longa)",25,0,0
23,81,3,Isolados,"Z=115 Mc (vida longa)",115,0,0
23,82,0,Empiristas,"Z=22 Ti (vida longa)",22,1,0
23,82,0,Empiristas,"Z=5 B (vida longa)",5,0,0
23,82,0,Empiristas,"Z=33 As (vida longa)",33,0,0
23,82,1,Incrementalistas,"Z=14 Si (vida longa)",14,0,0
23,82,1,Incrementalistas,"Z=59 Pr (vida longa)",59,1,0
23,82,3,Isolados,"Z=83 Bi (vida longa)",83,1,0
23,83,2,Evolucionistas,"Z=47 Ag (vida longa)",47,0,0
23,84,0,Empiristas,"Z=30 Zn (vida longa)",30,0,0
23,84,1,Incrementalistas,"Z=30 Zn (vida longa)",30,0,0
23,84,2,Evolucionistas,"Z=37 Rb (vida longa)",37,0,0
23,85,0,Empiristas,"Z=73 Ta (vida longa)",73,0,0
23,85,0,Empiristas,"Z=68 Er (vida longa)",68,0,0
23,85,1,Incrementalistas,"Z=35 Br (vida longa)",35,1,0
23,86,0,Empiristas,"Z=104 Rf (vida longa)",104,0,0
23,86,1,Incrementalistas,"Z=78 Pt (vida longa)",78,0,0
23,87,1,Incrementalistas,"Z=62 Sm (vida longa)",62,0,0
23,87,3,Isolados,"Z=82 Pb (vida longa)",82,0,0
23,88,0,Empiristas,"Z=43 Tc (vida longa)",43,0,0
23,89,0,Empiristas,"Z=32 Ge (vida longa)",32,0,0
23,89,1,Incrementalistas,"Z=64 Gd (vida longa)",64,0,0
23,89,3,Isolados,"Z=16 S (vida longa)",16,0,0
23,89,2,Evolucionistas,"Z=60 Nd (vida longa)",60,0,1
23,89,1,Incrementalistas,"Z=46 Pd (vida longa)",46,0,1
23,90,1,Incrementalistas,"Z=91 Pa (vida longa)",91,0,0
23,90,3,Isolados,"Z=37 Rb (vida longa)",37,0,0
23,91,0,Empiristas,"Z=69 Tm (vida longa)",69,0,0
23,91,1,Incrementalistas,"Z=32 Ge (vida longa)",32,0,0
23,92,0,Empiristas,"Z=63 Eu (vida longa)",63,0,0
23,92,3,Isolados,"Z=84 Po (vida longa)",84,0,0
23,93,2,Evolucionistas,"Z=2 He (vida longa)",2,0,1
23,94,0,Empiristas,"Z=39 Y (vida longa)",39,1,0
23,94,0,Empiristas,"Z=55 Cs (vida longa)",55,1,0
23,94,0,Empiristas,"Z=26 Fe (vida longa)",26,0,0
23,94,1,Incrementalistas,"Z=24 Cr (vida longa)",24,0,0
23,94,2,Evolucionistas,"Z=12 Mg (vida longa)",12,0,0
23,94,3,Isolados,"Z=105 Db (vida longa)",105,0,0
23,95,1,Incrementalistas,"Z=105 Db (vida longa)",105,0,0
23,95,1,Incrementalistas,"Z=61 Pm (vida longa)",61,0,0
23,95,3,Isolados,"Z=58 Ce (vida longa)",58,0,0
23,96,0,Empiristas,"Z=47 Ag (vida longa)",47,0,0
23,96,3,Isolados,"Z=88 Ra (vida longa)",88,0,0
23,97,0,Empiristas,"Z=38 Sr (vida longa)",38,1,0
23,97,0,Empiristas,"Z=59 Pr (vida longa)",59,0,0
23,97,1,Incrementalistas,"Z=98 Cf (vida longa)",98,0,0
23,97,2,Evolucionistas,"Z=30 Zn (vida longa)",30,0,0
23,98,0,Empiristas,"Z=20 Ca (vida longa)",20,0,0
23,98,1,Incrementalistas,"Z=53 I (vida longa)",53,0,1
23,99,1,Incrementalistas,"Z=34 Se (vida longa)",34,0,0
23,99,1,Incrementalistas,"Z=93 Np (vida longa)",93,0,0
23,99,1,Incrementalistas,"Z=13 Al (vida longa)",13,0,0
23,99,3,Isolados,"Z=93 Np (vida longa)",93,0,0
23,99,3,Isolados,"Z=74 W (vida longa)",74,0,0
23,100,1,Incrementalistas,"Z=29 Cu (vida longa)",29,0,0
23,101,3,Isolados,"Z=5 B (vida longa)",5,0,0
23,102,3,Isolados,"Z=50 Sn (vida longa)",50,0,0
23,102,1,Incrementalistas,"Z=96 Cm (vida longa)",96,0,1
23,103,3,Isolados,"Z=96 Cm (vida longa)",96,0,0
23,104,0,Empiristas,"Z=100 Fm (vida longa)",100,0,0
23,104,2,Evolucionistas,"Z=3 Li (vida longa)",3,0,0
23,104,3,Isolados,"Z=34 Se (vida longa)",34,0,0
23,104,3,Isolados,"Z=59 Pr (vida longa)",59,0,0
23,105,0,Empiristas,"Z=35 Br (vida longa)",35,0,0
23,105,3,Isolados,"Z=54 Xe (vida longa)",54,0,0
23,106,0,Empiristas,"Z=58 Ce (vida longa)",58,0,0
23,106,1,Incrementalistas,"Z=28 Ni (vida longa)",28,0,0
23,106,2,Evolucionistas,"Z=99 Es (vida longa)",99,0,0
23,106,2,Evolucionistas,"Z=36 Kr (vida longa)",36,0,0
23,107,0,Empiristas,"Z=50 Sn (vida longa)",50,0,0
23,107,3,Isolados,"Z=51 Sb (vida longa)",51,0,0
23,108,0,Empiristas,"Z=83 Bi (vida longa)",83,0,0
23,108,1,Incrementalistas,"Z=100 Fm (vida longa)",100,0,0
23,108,3,Isolados,"Z=101 Md (vida longa)",101,0,0
23,109,2,Evolucionistas,"Z=52 Te (vida longa)",52,0,0
23,109,3,Isolados,"Z=23 V (vida longa)",23,1,0
23,110,0,Empiristas,"Z=89 Ac (vida longa)",89,0,0
23,110,1,Incrementalistas,"Z=66 Dy (vida longa)",66,0,0
23,110,1,Incrementalistas,"Z=92 U (vida longa)",92,0,0
23,110,1,Incrementalistas,"Z=22 Ti (vida longa)",22,0,0
23,110,3,Isolados,"Z=79 Au (vida longa)",79,0,0
23,110,3,Isolados,"Z=87 Fr (vida longa)",87,0,0
23,111,1,Incrementalistas,"Z=36 Kr (vida longa)",36,0,0
23,111,3,Isolados,"Z=11 Na (vida longa)",11,0,0
23,112,2,Evolucionistas,"Z=43 Tc (vida longa)",43,0,0
23,112,3,Isolados,"Z=15 P (vida longa)",15,0,0
23,112,3,Isolados,"Z=12 Mg (vida longa)",12,0,0
23,113,2,Evolucionistas,"Z=83 Bi (vida longa)",83,0,0
23,114,0,Empiristas,"Z=61 Pm (vida longa)",61,0,0
23,114,2,Evolucionistas,"Z=73 Ta (vida longa)",73,0,0
23,114,2,Evolucionistas,"Z=98 Cf (vida longa)",98,0,0
23,114,2,Evolucionistas,"Z=50 Sn (vida longa)",50,0,0
23,114,2,Evolucionistas,"Z=77 Ir (vida longa)",77,0,0
23,114,3,Isolados,"Z=42 Mo (vida longa)",42,0,0
23,114,3,Isolados,"Z=78 Pt (vida longa)",78,0,0
23,115,1,Incrementalistas,"Z=88 Ra (vida longa)",88,0,0
23,115,2,Evolucionistas,"Z=57 La (vida longa)",57,1,0
23,115,2,Evolucionistas,"Z=62 Sm (vida longa)",62,0,0
23,115,3,Isolados,"Z=44 Ru (vida longa)",44,0,0
23,115,3,Isolados,"Z=30 Zn (vida longa)",30,0,0
23,115,1,Incrementalistas,"Z=47 Ag (vida longa)",47,0,1
23,116,0,Empiristas,"Z=98 Cf (vida longa)",98,0,0
23,116,1,Incrementalistas,"Z=63 Eu (vida longa)",63,0,0
23,116,1,Incrementalistas,"Z=56 Ba (vida longa)",56,0,0
23,116,2,Evolucionistas,"Z=78 Pt (vida longa)",78,0,0
23,116,2,Evolucionistas,"Z=69 Tm (vida longa)",69,0,0
23,116,2,Evolucionistas,"Z=95 Am (vida longa)",95,0,0
23,117,0,Empiristas,"Z=77 Ir (vida longa)",77,0,0
23,117,2,Evolucionistas,"Z=58 Ce (vida longa)",58,0,0
23,117,2,Evolucionistas,"Z=5 B (vida longa)",5,0,0
23,117,3,Isolados,"Z=35 Br (vida longa)",35,0,0
23,118,3,Isolados,"Z=29 Cu (vida longa)",29,0,0
23,118,3,Isolados,"Z=13 Al (vida longa)",13,0,0
23,119,0,Empiristas,"Z=94 Pu (vida longa)",94,0,0
23,119,1,Incrementalistas,"Z=95 Am (vida longa)",95,0,0
23,119,1,Incrementalistas,"Z=11 Na (vida longa)",11,0,0
23,119,1,Incrementalistas,"Z=51 Sb (vida longa)",51,0,0
23,119,2,Evolucionistas,"Z=70 Yb (vida longa)",70,0,0
23,120,3,Isolados,"Z=18 Ar (vida longa)",18,0,0
23,121,2,Evolucionistas,"Z=68 Er (vida longa)",68,0,0
23,121,2,Evolucionistas,"Z=93 Np (vida longa)",93,0,0
23,122,0,Empiristas,"Z=44 Ru (vida longa)",44,0,0
23,122,0,Empiristas,"Z=23 V (vida longa)",23,0,0
23,124,1,Incrementalistas,"Z=82 Pb (vida longa)",82,0,0
23,124,1,Incrementalistas,"Z=54 Xe (vida longa)",54,0,0
23,124,2,Evolucionistas,"Z=91 Pa (vida longa)",91,0,0
23,124,3,Isolados,"Z=72 Hf (vida longa)",72,0,0
23,125,1,Incrementalistas,"Z=19 K (vida longa)",19,1,0
23,125,1,Incrementalistas,"Z=104 Rf (vida longa)",104,0,0
23,125,1,Incrementalistas,"Z=107 Bh (vida longa)",107,0,0
23,126,3,Isolados,"Z=25 Mn (vida longa)",25,0,0
23,126,3,Isolados,"Z=53 I (vida longa)",53,0,0
23,127,0,Empiristas,"Z=64 Gd (vida longa)",64,0,0
23,127,1,Incrementalistas,"Z=50 Sn (vida longa)",50,0,0
23,127,2,Evolucionistas,"Z=55 Cs (vida longa)",55,0,0
23,127,3,Isolados,"Z=10 Ne (vida longa)",10,0,0
23,128,0,Empiristas,"Z=87 Fr (vida longa)",87,0,0
23,128,3,Isolados,"Z=6 C (vida longa)",6,0,0
23,129,2,Evolucionistas,"Z=53 I (vida longa)",53,0,0
23,129,3,Isolados,"Z=40 Zr (vida longa)",40,0,0
23,129,1,Incrementalistas,"Z=44 Ru (vida longa)",44,0,1
23,130,2,Evolucionistas,"Z=11 Na (vida longa)",11,0,0
23,131,3,Isolados,"Z=104 Rf (vida longa)",104,0,0
23,132,2,Evolucionistas,"Z=27 Co (vida longa)",27,0,0
23,133,1,Incrementalistas,"Z=7 N (vida longa)",7,0,0
23,133,1,Incrementalistas,"Z=80 Hg (vida longa)",80,0,0
23,133,2,Evolucionistas,"Z=49 In (vida longa)",49,0,0
23,133,2,Evolucionistas,"Z=18 Ar (vida longa)",18,0,0
23,133,3,Isolados,"Z=28 Ni (vida longa)",28,0,0
23,134,3,Isolados,"Z=98 Cf (vida longa)",98,0,0
23,134,3,Isolados,"Z=75 Re (vida longa)",75,0,0
23,134,2,Evolucionistas,"Z=61 Pm (vida longa)",61,0,1
23,134,1,Incrementalistas,"Z=52 Te (vida longa)",52,0,1
23,135,0,Empiristas,"Z=62 Sm (vida longa)",62,0,0
23,135,0,Empiristas,"Z=41 Nb (vida longa)",41,0,0
23,135,1,Incrementalistas,"Z=77 Ir (vida longa)",77,0,0
23,135,2,Evolucionistas,"Z=71 Lu (vida longa)",71,0,0
23,136,2,Evolucionistas,"Z=75 Re (vida longa)",75,0,0
23,136,3,Isolados,"Z=100 Fm (vida longa)",100,0,0
23,137,1,Incrementalistas,"Z=42 Mo (vida longa)",42,0,0
23,137,2,Evolucionistas,"Z=24 Cr (vida longa)",24,0,0
23,138,0,Empiristas,"Z=51 Sb (vida longa)",51,0,0
23,139,0,Empiristas,"Z=101 Md (vida longa)",101,0,0
23,139,2,Evolucionistas,"Z=64 Gd (vida longa)",64,0,0
23,139,3,Isolados,"Z=31 Ga (vida longa)",31,0,0
23,139,0,Empiristas,"Z=107 Bh (vida longa)",107,0,1
23,140,1,Incrementalistas,"Z=85 At (vida longa)",85,0,0
23,140,2,Evolucionistas,"Z=8 O (vida longa)",8,0,0
23,140,3,Isolados,"Z=3 Li (vida longa)",3,0,0
23,140,3,Isolados,"Z=9 F (vida longa)",9,0,0
23,142,0,Empiristas,"Z=48 Cd (vida longa)",48,0,0
23,142,1,Incrementalistas,"Z=25 Mn (vida longa)",25,0,0
23,143,2,Evolucionistas,"Z=42 Mo (vida longa)",42,0,0
23,143,2,Evolucionistas,"Z=15 P (vida longa)",15,0,0
23,143,3,Isolados,"Z=106 Sg (vida longa)",106,0,0
23,144,3,Isolados,"Z=68 Er (vida longa)",68,0,0
23,144,3,Isolados,"Z=73 Ta (vida longa)",73,0,0
23,145,0,Empiristas,"nucleos efemeros",64.1022,0,0
23,145,0,Empiristas,"Z=16 S (vida longa)",16,0,0
23,145,0,Empiristas,"Z=11 Na (vida longa)",11,0,0
23,145,0,Empiristas,"Z=111 Rg (vida longa)",111,0,0
23,145,1,Incrementalistas,"Z=27 Co (vida longa)",27,0,0
23,145,1,Incrementalistas,"Z=81 Tl (vida longa)",81,0,0
23,145,3,Isolados,"Z=81 Tl (vida longa)",81,0,0
23,145,0,Empiristas,"Z=115 Mc (vida longa)",115,0,1
23,145,2,Evolucionistas,"Z=13 Al (vida longa)",13,0,1
23,146,0,Empiristas,"Z=65 Tb (vida longa)",65,0,0
23,146,0,Empiristas,"Z=56 Ba (vida longa)",56,0,0
23,146,1,Incrementalistas,"Z=87 Fr (vida longa)",87,0,0
23,146,2,Evolucionistas,"Z=97 Bk (vida longa)",97,0,0
23,146,3,Isolados,"Z=70 Yb (vida longa)",70,0,0
23,147,0,Empiristas,"Z=61 Pm (vida longa)",61,0,0
23,147,0,Empiristas,"Z=76 Os (vida longa)",76,0,0
23,147,1,Incrementalistas,"Z=83 Bi (vida longa)",83,0,0
23,147,1,Incrementalistas,"Z=112 Cn (vida longa)",112,0,0
23,147,1,Incrementalistas,"nucleos efemeros",107.949,0,0
23,147,2,Evolucionistas,"Z=7 N (vida longa)",7,0,0
23,148,0,Empiristas,"Z=82 Pb (vida longa)",82,0,0
23,148,1,Incrementalistas,"Z=50 Sn (vida longa)",50,0,0
23,148,3,Isolados,"Z=55 Cs (vida longa)",55,0,0
23,149,0,Empiristas,"Z=19 K (vida longa)",19,0,0
23,149,0,Empiristas,"Z=21 Sc (vida longa)",21,0,0
23,149,0,Empiristas,"Z=4 Be (vida longa)",4,0,0
23,149,1,Incrementalistas,"Z=45 Rh (vida longa)",45,0,0
23,149,3,Isolados,"Z=64 Gd (vida longa)",64,0,0
23,149,3,Isolados,"Z=21 Sc (vida longa)",21,0,0
23,150,0,Empiristas,"Z=78 Pt (vida longa)",78,0,0
23,150,0,Empiristas,"Z=22 Ti (vida longa)",22,0,0
23,150,1,Incrementalistas,"Z=68 Er (vida longa)",68,0,0
23,150,1,Incrementalistas,"Z=103 Lr (vida longa)",103,0,0
23,151,0,Empiristas,"Z=105 Db (vida longa)",105,0,0
23,151,0,Empiristas,"Z=37 Rb (vida longa)",37,0,0
23,151,1,Incrementalistas,"Z=24 Cr (vida longa)",24,0,0
23,152,0,Empiristas,"Z=86 Rn (vida longa)",86,0,0
23,152,1,Incrementalistas,"Z=93 Np (vida longa)",93,0,0
23,153,0,Empiristas,"Z=7 N (vida longa)",7,0,0
23,153,1,Incrementalistas,"Z=114 Fl (vida longa)",114,0,0
23,153,1,Incrementalistas,"Z=78 Pt (vida longa)",78,0,0
23,153,1,Incrementalistas,"nucleos efemeros",107.808,0,0
23,153,1,Incrementalistas,"Z=112 Cn (vida longa)",112,0,0
23,153,2,Evolucionistas,"Z=113 Nh (vida longa)",113,0,0
23,153,2,Evolucionistas,"Z=112 Cn (vida longa)",112,0,0
23,153,2,Evolucionistas,"Z=109 Mt (vida longa)",109,0,0
23,154,0,Empiristas,"Z=80 Hg (vida longa)",80,0,0
23,154,0,Empiristas,"Z=32 Ge (vida longa)",32,0,0
23,154,1,Incrementalistas,"Z=55 Cs (vida longa)",55,0,0
23,154,1,Incrementalistas,"Z=63 Eu (vida longa)",63,0,0
23,154,2,Evolucionistas,"Z=34 Se (vida longa)",34,0,0
23,155,0,Empiristas,"Z=15 P (vida longa)",15,0,0
23,155,1,Incrementalistas,"Z=109 Mt (vida longa)",109,0,0
23,156,0,Empiristas,"Z=90 Th (vida longa)",90,0,0
23,156,1,Incrementalistas,"Z=46 Pd (vida longa)",46,0,0
23,156,2,Evolucionistas,"Z=17 Cl (vida longa)",17,0,0
23,156,2,Evolucionistas,"Z=98 Cf (vida longa)",98,0,0
23,156,2,Evolucionistas,"Z=41 Nb (vida longa)",41,0,0
23,157,0,Empiristas,"Z=73 Ta (vida longa)",73,0,0
23,157,2,Evolucionistas,"Z=71 Lu (vida longa)",71,0,0
23,157,2,Evolucionistas,"Z=3 Li (vida longa)",3,0,0
23,157,3,Isolados,"Z=71 Lu (vida longa)",71,0,0
23,158,0,Empiristas,"Z=107 Bh (vida longa)",107,0,0
23,158,1,Incrementalistas,"Z=64 Gd (vida longa)",64,0,0
23,158,1,Incrementalistas,"Z=32 Ge (vida longa)",32,0,0
23,158,3,Isolados,"Z=33 As (vida longa)",33,0,0
23,159,0,Empiristas,"Z=94 Pu (vida longa)",94,0,0
23,159,1,Incrementalistas,"Z=49 In (vida longa)",49,0,0
23,159,1,Incrementalistas,"Z=34 Se (vida longa)",34,0,0
23,160,0,Empiristas,"Z=96 Cm (vida longa)",96,0,0
23,160,0,Empiristas,"Z=108 Hs (vida longa)",108,0,0
23,160,0,Empiristas,"Z=93 Np (vida longa)",93,0,0
23,160,1,Incrementalistas,"Z=86 Rn (vida longa)",86,0,0
23,160,1,Incrementalistas,"Z=4 Be (vida longa)",4,0,0
23,160,1,Incrementalistas,"Z=65 Tb (vida longa)",65,0,0
23,160,3,Isolados,"Z=38 Sr (vida longa)",38,0,0
23,160,2,Evolucionistas,"Z=59 Pr (vida longa)",59,0,1
23,161,0,Empiristas,"Z=54 Xe (vida longa)",54,0,0
23,161,0,Empiristas,"Z=99 Es (vida longa)",99,0,0
23,161,1,Incrementalistas,"Z=39 Y (vida longa)",39,0,0
23,161,1,Incrementalistas,"Z=107 Bh (vida longa)",107,0,0
23,161,2,Evolucionistas,"Z=96 Cm (vida longa)",96,0,0
23,162,0,Empiristas,"Z=29 Cu (vida longa)",29,0,0
23,162,2,Evolucionistas,"Z=38 Sr (vida longa)",38,0,0
23,162,2,Evolucionistas,"Z=4 Be (vida longa)",4,0,0
23,162,3,Isolados,"Z=7 N (vida longa)",7,0,0
23,163,1,Incrementalistas,"Z=84 Po (vida longa)",84,0,0
23,164,0,Empiristas,"Z=72 Hf (vida longa)",72,0,0
23,164,0,Empiristas,"Z=57 La (vida longa)",57,0,0
23,164,1,Incrementalistas,"Z=10 Ne (vida longa)",10,0,0
23,164,1,Incrementalistas,"Z=82 Pb (vida longa)",82,0,0
23,164,1,Incrementalistas,"Z=88 Ra (vida longa)",88,0,0
23,165,0,Empiristas,"Z=46 Pd (vida longa)",46,0,0
23,166,1,Incrementalistas,"Z=48 Cd (vida longa)",48,0,0
23,166,1,Incrementalistas,"Z=99 Es (vida longa)",99,0,0
23,166,1,Incrementalistas,"Z=89 Ac (vida longa)",89,0,0
23,166,1,Incrementalistas,"Z=12 Mg (vida longa)",12,0,0
23,166,1,Incrementalistas,"Z=97 Bk (vida longa)",97,0,0
23,166,1,Incrementalistas,"Z=13 Al (vida longa)",13,0,0
23,166,3,Isolados,"Z=1 H (vida longa)",1,1,0
23,166,1,Incrementalistas,"Z=43 Tc (vida longa)",43,0,1
23,167,2,Evolucionistas,"Z=10 Ne (vida longa)",10,0,0
23,167,2,Evolucionistas,"Z=99 Es (vida longa)",99,0,1
23,168,1,Incrementalistas,"Z=5 B (vida longa)",5,0,0
23,168,2,Evolucionistas,"Z=29 Cu (vida longa)",29,0,0
23,169,0,Empiristas,"Z=44 Ru (vida longa)",44,0,0
23,169,0,Empiristas,"Z=92 U (vida longa)",92,0,0
23,169,3,Isolados,"Z=22 Ti (vida longa)",22,0,0
23,170,0,Empiristas,"Z=38 Sr (vida longa)",38,0,0
23,170,1,Incrementalistas,"Z=101 Md (vida longa)",101,0,1
23,171,0,Empiristas,"Z=77 Ir (vida longa)",77,0,0
23,171,1,Incrementalistas,"Z=75 Re (vida longa)",75,0,0
23,171,1,Incrementalistas,"Z=33 As (vida longa)",33,0,0
23,171,1,Incrementalistas,"Z=105 Db (vida longa)",105,0,0
23,171,2,Evolucionistas,"Z=97 Bk (vida longa)",97,0,0
23,171,2,Evolucionistas,"Z=27 Co (vida longa)",27,0,0
23,171,2,Evolucionistas,"Z=22 Ti (vida longa)",22,0,0
23,171,3,Isolados,"Z=19 K (vida longa)",19,0,0
23,172,1,Incrementalistas,"Z=79 Au (vida longa)",79,0,0
23,172,2,Evolucionistas,"Z=76 Os (vida longa)",76,0,0
23,173,0,Empiristas,"Z=102 No (vida longa)",102,0,0
23,173,0,Empiristas,"Z=88 Ra (vida longa)",88,0,0
23,173,1,Incrementalistas,"Z=108 Hs (vida longa)",108,0,0
23,173,2,Evolucionistas,"Z=23 V (vida longa)",23,0,0
23,173,3,Isolados,"Z=102 No (vida longa)",102,0,0
23,173,2,Evolucionistas,"Z=70 Yb (vida longa)",70,0,1
23,174,1,Incrementalistas,"Z=26 Fe (vida longa)",26,0,0
23,174,1,Incrementalistas,"Z=25 Mn (vida longa)",25,0,0
23,174,3,Isolados,"Z=69 Tm (vida longa)",69,0,0
23,175,0,Empiristas,"Z=83 Bi (vida longa)",83,0,0
23,175,1,Incrementalistas,"Z=92 U (vida longa)",92,0,0
23,175,2,Evolucionistas,"Z=19 K (vida longa)",19,0,0
23,175,3,Isolados,"Z=39 Y (vida longa)",39,0,0
23,176,0,Empiristas,"Z=35 Br (vida longa)",35,0,0
23,176,1,Incrementalistas,"Z=24 Cr (vida longa)",24,0,0
23,177,1,Incrementalistas,"Z=94 Pu (vida longa)",94,0,0
23,177,1,Incrementalistas,"Z=100 Fm (vida longa)",100,0,0
23,177,1,Incrementalistas,"Z=11 Na (vida longa)",11,0,0
23,177,2,Evolucionistas,"Z=9 F (vida longa)",9,0,0
23,177,2,Evolucionistas,"Z=30 Zn (vida longa)",30,0,0
23,178,1,Incrementalistas,"Z=95 Am (vida longa)",95,0,0
23,178,1,Incrementalistas,"Z=106 Sg (vida longa)",106,0,0
23,178,2,Evolucionistas,"Z=78 Pt (vida longa)",78,0,0
23,178,2,Evolucionistas,"Z=68 Er (vida longa)",68,0,0
23,178,2,Evolucionistas,"Z=6 C (vida longa)",6,0,0
23,178,2,Evolucionistas,"Z=62 Sm (vida longa)",62,0,0
23,179,1,Incrementalistas,"Z=66 Dy (vida longa)",66,0,0
23,179,1,Incrementalistas,"Z=30 Zn (vida longa)",30,0,0
23,179,2,Evolucionistas,"Z=8 O (vida longa)",8,0,0
23,179,2,Evolucionistas,"Z=26 Fe (vida longa)",26,0,0
23,179,2,Evolucionistas,"Z=103 Lr (vida longa)",103,0,0
23,179,2,Evolucionistas,"Z=63 Eu (vida longa)",63,0,0
23,180,1,Incrementalistas,"Z=9 F (vida longa)",9,0,0
23,180,2,Evolucionistas,"Z=84 Po (vida longa)",84,0,0
23,181,0,Empiristas,"Z=103 Lr (vida longa)",103,0,0
23,181,1,Incrementalistas,"Z=16 S (vida longa)",16,0,0
23,181,1,Incrementalistas,"Z=57 La (vida longa)",57,0,0
23,182,1,Incrementalistas,"Z=19 K (vida longa)",19,0,0
23,182,2,Evolucionistas,"Z=81 Tl (vida longa)",81,0,0
23,182,2,Evolucionistas,"Z=33 As (vida longa)",33,0,0
23,183,1,Incrementalistas,"Z=28 Ni (vida longa)",28,0,0
23,183,1,Incrementalistas,"Z=31 Ga (vida longa)",31,0,0
23,183,1,Incrementalistas,"Z=37 Rb (vida longa)",37,0,0
23,183,2,Evolucionistas,"Z=57 La (vida longa)",57,0,0
23,184,2,Evolucionistas,"Z=35 Br (vida longa)",35,0,0
23,185,1,Incrementalistas,"Z=23 V (vida longa)",23,0,0
23,185,1,Incrementalistas,"Z=60 Nd (vida longa)",60,0,0
23,185,1,Incrementalistas,"Z=74 W (vida longa)",74,0,0
23,185,1,Incrementalistas,"Z=3 Li (vida longa)",3,0,0
23,185,2,Evolucionistas,"Z=65 Tb (vida longa)",65,0,0
23,185,2,Evolucionistas,"Z=89 Ac (vida longa)",89,0,0
23,186,1,Incrementalistas,"Z=102 No (vida longa)",102,0,0
23,186,2,Evolucionistas,"Z=54 Xe (vida longa)",54,0,0
23,186,2,Evolucionistas,"Z=11 Na (vida longa)",11,0,0
23,187,1,Incrementalistas,"Z=54 Xe (vida longa)",54,0,0
23,187,1,Incrementalistas,"Z=36 Kr (vida longa)",36,0,0
23,187,2,Evolucionistas,"Z=107 Bh (vida longa)",107,0,0
23,187,2,Evolucionistas,"Z=15 P (vida longa)",15,0,0
23,188,0,Empiristas,"Z=75 Re (vida longa)",75,0,0
23,188,2,Evolucionistas,"Z=2 He (vida longa)",2,0,0
23,188,2,Evolucionistas,"Z=69 Tm (vida longa)",69,0,0
23,190,2,Evolucionistas,"Z=51 Sb (vida longa)",51,0,0
23,191,1,Incrementalistas,"Z=104 Rf (vida longa)",104,0,0
23,191,2,Evolucionistas,"Z=21 Sc (vida longa)",21,0,0
23,191,2,Evolucionistas,"Z=93 Np (vida longa)",93,0,0
23,192,2,Evolucionistas,"Z=37 Rb (vida longa)",37,0,0
23,193,2,Evolucionistas,"Z=77 Ir (vida longa)",77,0,0
23,193,2,Evolucionistas,"Z=50 Sn (vida longa)",50,0,0
23,194,1,Incrementalistas,"Z=40 Zr (vida longa)",40,0,0
23,197,2,Evolucionistas,"Z=91 Pa (vida longa)",91,0,0
23,197,3,Isolados,"Z=17 Cl (vida longa)",17,0,0
23,197,3,Isolados,"Z=57 La (vida longa)",57,0,0
23,199,1,Incrementalistas,"Z=41 Nb (vida longa)",41,0,0
23,201,1,Incrementalistas,"Z=29 Cu (vida longa)",29,0,0
23,201,2,Evolucionistas,"Z=106 Sg (vida longa)",106,0,0
23,203,1,Incrementalistas,"Z=38 Sr (vida longa)",38,0,0
23,208,1,Incrementalistas,"Z=21 Sc (vida longa)",21,0,0
23,208,1,Incrementalistas,"Z=15 P (vida longa)",15,0,0
23,212,2,Evolucionistas,"Z=43 Tc (vida longa)",43,0,0
23,213,3,Isolados,"Z=45 Rh (vida longa)",45,0,0
23,216,2,Evolucionistas,"Z=85 At (vida longa)",85,0,0
23,217,1,Incrementalistas,"Z=1 H (vida longa)",1,0,0
23,219,2,Evolucionistas,"Z=39 Y (vida longa)",39,0,0
23,220,2,Evolucionistas,"Z=7 N (vida longa)",7,0,0
23,222,1,Incrementalistas,"Z=17 Cl (vida longa)",17,0,0
23,228,1,Incrementalistas,"Z=85 At (vida longa)",85,0,0
23,229,1,Incrementalistas,"Z=22 Ti (vida longa)",22,0,0
23,289,3,Isolados,"Z=51 Sb (vida longa)",51,0,0
23,289,3,Isolados,"Z=111 Rg (vida longa)",111,0,0
23,289,3,Isolados,"Z=113 Nh (vida longa)",113,0,0
23,289,3,Isolados,"Z=25 Mn (vida longa)",25,0,0
23,289,3,Isolados,"Z=91 Pa (vida longa)",91,0,0
23,289,3,Isolados,"Z=94 Pu (vida longa)",94,0,0
23,289,3,Isolados,"Z=61 Pm (vida longa)",61,0,0
23,289,3,Isolados,"Z=99 Es (vida longa)",99,0,0
23,290,3,Isolados,"Z=15 P (vida longa)",15,0,0
23,290,3,Isolados,"Z=80 Hg (vida longa)",80,0,0
23,290,3,Isolados,"Z=72 Hf (vida longa)",72,0,0
23,290,3,Isolados,"Z=4 Be (vida longa)",4,0,0
23,290,3,Isolados,"Z=22 Ti (vida longa)",22,0,0
23,291,3,Isolados,"Z=56 Ba (vida longa)",56,0,0
23,291,3,Isolados,"Z=70 Yb (vida longa)",70,0,0
23,291,3,Isolados,"Z=65 Tb (vida longa)",65,0,0
23,292,3,Isolados,"Z=10 Ne (vida longa)",10,0,0
23,292,3,Isolados,"Z=75 Re (vida longa)",75,0,0
23,292,3,Isolados,"Z=19 K (vida longa)",19,0,0
23,293,3,Isolados,"Z=44 Ru (vida longa)",44,0,0
23,293,3,Isolados,"Z=55 Cs (vida longa)",55,0,0
23,293,3,Isolados,"Z=50 Sn (vida longa)",50,0,0
23,294,3,Isolados,"Z=66 Dy (vida longa)",66,0,0
23,294,3,Isolados,"Z=48 Cd (vida longa)",48,0,0
23,295,3,Isolados,"Z=92 U (vida longa)",92,0,0
23,295,3,Isolados,"Z=6 C (vida longa)",6,0,0
23,298,3,Isolados,"Z=38 Sr (vida longa)",38,0,0
23,300,3,Isolados,"Z=31 Ga (vida longa)",31,0,0
23,300,3,Isolados,"Z=63 Eu (vida longa)",63,0,0
24,0,0,Empiristas,"nucleos efemeros",52.3667,1,0
24,0,1,Incrementalistas,"nucleos efemeros",0.849464,0,0
24,0,2,Evolucionistas,"Z=56 Ba (vida longa)",56,1,0
24,0,2,Evolucionistas,"Z=4 Be (vida longa)",4,1,0
24,0,2,Evolucionistas,"Z=54 Xe (vida longa)",54,1,0
24,0,3,Isolados,"nucleos efemeros",6.90585,0,0
24,0,1,Incrementalistas,"Z=56 Ba (vida longa)",56,0,1
24,0,1,Incrementalistas,"Z=54 Xe (vida longa)",54,0,1
24,0,2,Evolucionistas,"nucleos efemeros",72.4278,0,1
24,1,0,Empiristas,"Z=8 O (vida longa)",8,1,0
24,1,0,Empiristas,"Z=43 Tc (vida longa)",43,1,0
24,1,1,Incrementalistas,"Z=82 Pb (vida longa)",82,1,0
24,1,2,Evolucionistas,"Z=80 Hg (vida longa)",80,1,0
24,1,3,Isolados,"Z=113 Nh (vida longa)",113,1,0
24,1,3,Isolados,"Z=112 Cn (vida longa)",112,1,0
24,2,0,Empiristas,"Z=50 Sn (vida longa)",50,1,0
24,2,0,Empiristas,"Z=78 Pt (vida longa)",78,1,0
24,2,2,Evolucionistas,"Z=99 Es (vida longa)",99,1,0
24,2,2,Evolucionistas,"Z=97 Bk (vida longa)",97,1,0
24,3,1,Incrementalistas,"Z=80 Hg (vida longa)",80,0,0
24,3,3,Isolados,"Z=63 Eu (vida longa)",63,1,0
24,4,0,Empiristas,"Z=114 Fl (vida longa)",114,1,0
24,4,1,Incrementalistas,"Z=77 Ir (vida longa)",77,1,0
24,4,1,Incrementalistas,"Z=78 Pt (vida longa)",78,0,0
24,4,2,Evolucionistas,"Z=94 Pu (vida longa)",94,1,0
24,4,3,Isolados,"Z=114 Fl (vida longa)",114,0,0
24,5,2,Evolucionistas,"Z=100 Fm (vida longa)",100,1,0
24,5,3,Isolados,"Z=110 Ds (vida longa)",110,1,0
24,6,0,Empiristas,"Z=10 Ne (vida longa)",10,1,0
24,6,1,Incrementalistas,"Z=81 Tl (vida longa)",81,1,0
24,6,1,Incrementalistas,"Z=79 Au (vida longa)",79,1,0
24,6,1,Incrementalistas,"Z=75 Re (vida longa)",75,1,0
24,8,0,Empiristas,"Z=44 Ru (vida longa)",44,1,0
24,8,0,Empiristas,"Z=62 Sm (vida longa)",62,1,0
24,8,1,Incrementalistas,"Z=74 W (vida longa)",74,1,0
24,8,1,Incrementalistas,"Z=114 Fl (vida longa)",114,0,1
24,8,1,Incrementalistas,"Z=10 Ne (vida longa)",10,0,1
24,8,0,Empiristas,"Z=56 Ba (vida longa)",56,0,1
24,9,2,Evolucionistas,"Z=3 Li (vida longa)",3,1,0
24,9,2,Evolucionistas,"Z=114 Fl (vida longa)",114,0,1
24,9,2,Evolucionistas,"Z=79 Au (vida longa)",79,0,1
24,9,1,Incrementalistas,"Z=99 Es (vida longa)",99,0,1
24,10,0,Empiristas,"Z=53 I (vida longa)",53,1,0
24,10,1,Incrementalistas,"Z=97 Bk (vida longa)",97,0,0
24,11,0,Empiristas,"Z=31 Ga (vida longa)",31,1,0
24,11,3,Isolados,"Z=50 Sn (vida longa)",50,0,0
24,11,3,Isolados,"Z=48 Cd (vida longa)",48,1,0
24,11,1,Incrementalistas,"Z=3 Li (vida longa)",3,0,1
24,12,0,Empiristas,"Z=92 U (vida longa)",92,1,0
24,12,2,Evolucionistas,"Z=98 Cf (vida longa)",98,1,0
24,12,3,Isolados,"Z=111 Rg (vida longa)",111,1,0
24,13,2,Evolucionistas,"Z=96 Cm (vida longa)",96,1,0
24,14,0,Empiristas,"Z=47 Ag (vida longa)",47,1,0
24,14,0,Empiristas,"Z=84 Po (vida longa)",84,1,0
24,14,0,Empiristas,"Z=38 Sr (vida longa)",38,1,0
24,14,1,Incrementalistas,"Z=100 Fm (vida longa)",100,0,0
24,14,2,Evolucionistas,"Z=5 B (vida longa)",5,1,0
24,14,3,Isolados,"Z=52 Te (vida longa)",52,1,0
24,14,3,Isolados,"Z=42 Mo (vida longa)",42,1,0
24,15,0,Empiristas,"Z=60 Nd (vida longa)",60,1,0
24,15,0,Empiristas,"Z=94 Pu (vida longa)",94,0,0
24,15,1,Incrementalistas,"Z=98 Cf (vida longa)",98,0,0
24,15,1,Incrementalistas,"Z=101 Md (vida longa)",101,1,0
24,15,2,Evolucionistas,"Z=101 Md (vida longa)",101,0,0
24,16,0,Empiristas,"Z=40 Zr (vida longa)",40,1,0
24,16,1,Incrementalistas,"Z=57 La (vida longa)",57,1,0
24,17,2,Evolucionistas,"Z=40 Zr (vida longa)",40,0,1
24,17,0,Empiristas,"Z=101 Md (vida longa)",101,0,1
24,18,0,Empiristas,"Z=22 Ti (vida longa)",22,1,0
24,18,0,Empiristas,"Z=4 Be (vida longa)",4,0,0
24,18,2,Evolucionistas,"Z=95 Am (vida longa)",95,1,0
24,19,0,Empiristas,"Z=58 Ce (vida longa)",58,1,0
24,19,1,Incrementalistas,"Z=112 Cn (vida longa)",112,0,0
24,19,2,Evolucionistas,"Z=82 Pb (vida longa)",82,0,0
24,20,0,Empiristas,"Z=14 Si (vida longa)",14,1,0
24,20,0,Empiristas,"Z=96 Cm (vida longa)",96,0,0
24,20,0,Empiristas,"Z=51 Sb (vida longa)",51,1,0
24,20,0,Empiristas,"Z=82 Pb (vida longa)",82,0,1
24,21,0,Empiristas,"Z=20 Ca (vida longa)",20,1,0
24,21,3,Isolados,"Z=28 Ni (vida longa)",28,1,0
24,22,0,Empiristas,"Z=109 Mt (vida longa)",109,1,0
24,22,1,Incrementalistas,"Z=96 Cm (vida longa)",96,0,0
24,22,3,Isolados,"Z=13 Al (vida longa)",13,1,0
24,22,0,Empiristas,"Z=97 Bk (vida longa)",97,0,1
24,22,0,Empiristas,"Z=81 Tl (vida longa)",81,0,1
24,22,1,Incrementalistas,"Z=62 Sm (vida longa)",62,0,1
24,23,0,Empiristas,"Z=16 S (vida longa)",16,1,0
24,23,3,Isolados,"Z=54 Xe (vida longa)",54,0,0
24,23,2,Evolucionistas,"Z=38 Sr (vida longa)",38,0,1
24,24,2,Evolucionistas,"Z=93 Np (vida longa)",93,1,0
24,24,3,Isolados,"Z=51 Sb (vida longa)",51,0,0
24,24,1,Incrementalistas,"Z=14 Si (vida longa)",14,0,1
24,25,0,Empiristas,"Z=41 Nb (vida longa)",41,1,0
24,25,0,Empiristas,"Z=55 Cs (vida longa)",55,1,0
24,25,3,Isolados,"Z=109 Mt (vida longa)",109,0,0
24,25,3,Isolados,"Z=107 Bh (vida longa)",107,1,0
24,26,0,Empiristas,"Z=110 Ds (vida longa)",110,0,0
24,26,0,Empiristas,"Z=61 Pm (vida longa)",61,1,0
24,26,3,Isolados,"Z=108 Hs (vida longa)",108,1,0
24,26,1,Incrementalistas,"Z=31 Ga (vida longa)",31,0,1
24,27,0,Empiristas,"Z=79 Au (vida longa)",79,0,0
24,27,0,Empiristas,"Z=106 Sg (vida longa)",106,1,0
24,27,1,Incrementalistas,"Z=102 No (vida longa)",102,1,0
24,27,2,Evolucionistas,"Z=24 Cr (vida longa)",24,1,0
24,27,2,Evolucionistas,"Z=6 C (vida longa)",6,1,0
24,28,0,Empiristas,"Z=102 No (vida longa)",102,0,0
24,28,2,Evolucionistas,"Z=78 Pt (vida longa)",78,0,0
24,30,0,Empiristas,"Z=98 Cf (vida longa)",98,0,0
24,30,0,Empiristas,"Z=59 Pr (vida longa)",59,1,0
24,30,3,Isolados,"Z=115 Mc (vida longa)",115,1,0
24,31,0,Empiristas,"Z=103 Lr (vida longa)",103,1,0
24,31,0,Empiristas,"Z=107 Bh (vida longa)",107,0,0
24,31,0,Empiristas,"Z=65 Tb (vida longa)",65,1,0
24,31,1,Incrementalistas,"Z=113 Nh (vida longa)",113,0,0
24,32,0,Empiristas,"Z=28 Ni (vida longa)",28,0,0
24,32,0,Empiristas,"Z=5 B (vida longa)",5,0,0
24,32,2,Evolucionistas,"Z=84 Po (vida longa)",84,0,0
24,33,1,Incrementalistas,"Z=110 Ds (vida longa)",110,0,0
24,33,0,Empiristas,"Z=80 Hg (vida longa)",80,0,1
24,34,0,Empiristas,"Z=104 Rf (vida longa)",104,1,0
24,34,3,Isolados,"Z=106 Sg (vida longa)",106,0,0
24,35,0,Empiristas,"Z=34 Se (vida longa)",34,1,0
24,35,3,Isolados,"Z=70 Yb (vida longa)",70,1,0
24,36,0,Empiristas,"Z=95 Am (vida longa)",95,0,0
24,36,0,Empiristas,"Z=108 Hs (vida longa)",108,0,0
24,36,1,Incrementalistas,"Z=108 Hs (vida longa)",108,0,0
24,37,2,Evolucionistas,"Z=112 Cn (vida longa)",112,0,0
24,37,3,Isolados,"Z=34 Se (vida longa)",34,0,0
24,37,0,Empiristas,"Z=6 C (vida longa)",6,0,1
24,37,2,Evolucionistas,"Z=61 Pm (vida longa)",61,0,1
24,38,0,Empiristas,"Z=100 Fm (vida longa)",100,0,0
24,38,0,Empiristas,"Z=45 Rh (vida longa)",45,1,0
24,38,2,Evolucionistas,"Z=34 Se (vida longa)",34,0,1
24,39,0,Empiristas,"Z=105 Db (vida longa)",105,1,0
24,39,1,Incrementalistas,"Z=60 Nd (vida longa)",60,0,0
24,39,1,Incrementalistas,"Z=111 Rg (vida longa)",111,0,0
24,39,2,Evolucionistas,"Z=14 Si (vida longa)",14,0,0
24,40,0,Empiristas,"Z=30 Zn (vida longa)",30,1,0
24,40,2,Evolucionistas,"Z=8 O (vida longa)",8,0,0
24,41,1,Incrementalistas,"Z=109 Mt (vida longa)",109,0,0
24,42,0,Empiristas,"Z=12 Mg (vida longa)",12,1,0
24,42,1,Incrementalistas,"Z=107 Bh (vida longa)",107,0,0
24,42,2,Evolucionistas,"Z=77 Ir (vida longa)",77,0,0
24,42,2,Evolucionistas,"Z=113 Nh (vida longa)",113,0,0
24,42,2,Evolucionistas,"Z=106 Sg (vida longa)",106,0,1
24,43,0,Empiristas,"Z=111 Rg (vida longa)",111,0,0
24,43,0,Empiristas,"Z=93 Np (vida longa)",93,0,1
24,44,2,Evolucionistas,"Z=103 Lr (vida longa)",103,0,0
24,44,3,Isolados,"Z=37 Rb (vida longa)",37,1,0
24,45,0,Empiristas,"Z=32 Ge (vida longa)",32,1,0
24,45,2,Evolucionistas,"Z=41 Nb (vida longa)",41,0,0
24,46,2,Evolucionistas,"Z=43 Tc (vida longa)",43,0,0
24,46,3,Isolados,"Z=30 Zn (vida longa)",30,0,0
24,46,3,Isolados,"Z=87 Fr (vida longa)",87,1,0
24,46,1,Incrementalistas,"Z=61 Pm (vida longa)",61,0,1
24,47,0,Empiristas,"Z=112 Cn (vida longa)",112,0,0
24,47,2,Evolucionistas,"Z=110 Ds (vida longa)",110,0,0
24,47,3,Isolados,"Z=32 Ge (vida longa)",32,0,0
24,48,1,Incrementalistas,"Z=95 Am (vida longa)",95,0,0
24,48,2,Evolucionistas,"Z=86 Rn (vida longa)",86,1,0
24,48,2,Evolucionistas,"Z=108 Hs (vida longa)",108,0,0
24,49,1,Incrementalistas,"Z=1 H (vida longa)",1,1,0
24,49,2,Evolucionistas,"Z=111 Rg (vida longa)",111,0,0
24,51,0,Empiristas,"Z=35 Br (vida longa)",35,1,0
24,51,3,Isolados,"Z=80 Hg (vida longa)",80,0,0
24,51,1,Incrementalistas,"Z=12 Mg (vida longa)",12,0,1
24,52,0,Empiristas,"Z=3 Li (vida longa)",3,0,0
24,53,3,Isolados,"Z=71 Lu (vida longa)",71,1,0
24,54,0,Empiristas,"Z=2 He (vida longa)",2,1,0
24,54,1,Incrementalistas,"Z=115 Mc (vida longa)",115,0,0
24,54,1,Incrementalistas,"Z=59 Pr (vida longa)",59,0,0
24,54,2,Evolucionistas,"Z=10 Ne (vida longa)",10,0,0
24,55,0,Empiristas,"Z=15 P (vida longa)",15,1,0
24,55,1,Incrementalistas,"Z=76 Os (vida longa)",76,1,0
24,55,2,Evolucionistas,"Z=115 Mc (vida longa)",115,0,0
24,55,3,Isolados,"Z=20 Ca (vida longa)",20,0,0
24,55,1,Incrementalistas,"Z=86 Rn (vida longa)",86,0,1
24,55,2,Evolucionistas,"Z=76 Os (vida longa)",76,0,1
24,56,3,Isolados,"Z=68 Er (vida longa)",68,1,0
24,56,0,Empiristas,"Z=115 Mc (vida longa)",115,0,1
24,56,0,Empiristas,"Z=24 Cr (vida longa)",24,0,1
24,56,2,Evolucionistas,"Z=51 Sb (vida longa)",51,0,1
24,57,0,Empiristas,"Z=27 Co (vida longa)",27,1,0
24,57,0,Empiristas,"Z=25 Mn (vida longa)",25,1,0
24,57,2,Evolucionistas,"Z=26 Fe (vida longa)",26,1,0
24,59,0,Empiristas,"Z=13 Al (vida longa)",13,0,0
24,59,3,Isolados,"Z=67 Ho (vida longa)",67,1,0
24,60,1,Incrementalistas,"Z=20 Ca (vida longa)",20,0,0
24,61,1,Incrementalistas,"Z=85 At (vida longa)",85,1,0
24,61,1,Incrementalistas,"Z=35 Br (vida longa)",35,0,1
24,62,2,Evolucionistas,"Z=35 Br (vida longa)",35,0,0
24,63,1,Incrementalistas,"nucleos efemeros",107.755,0,0
24,63,3,Isolados,"Z=69 Tm (vida longa)",69,1,0
24,64,0,Empiristas,"Z=48 Cd (vida longa)",48,0,0
24,64,0,Empiristas,"Z=66 Dy (vida longa)",66,1,0
24,65,0,Empiristas,"Z=113 Nh (vida longa)",113,0,0
24,65,0,Empiristas,"Z=71 Lu (vida longa)",71,0,0
24,65,1,Incrementalistas,"Z=100 Fm (vida longa)",100,0,0
24,65,3,Isolados,"Z=36 Kr (vida longa)",36,1,0
24,66,0,Empiristas,"Z=19 K (vida longa)",19,1,0
24,66,0,Empiristas,"Z=33 As (vida longa)",33,1,0
24,66,0,Empiristas,"Z=91 Pa (vida longa)",91,1,0
24,66,2,Evolucionistas,"Z=52 Te (vida longa)",52,0,0
24,66,2,Evolucionistas,"Z=105 Db (vida longa)",105,0,0
24,66,3,Isolados,"Z=12 Mg (vida longa)",12,0,0
24,67,0,Empiristas,"Z=18 Ar (vida longa)",18,1,0
24,67,2,Evolucionistas,"Z=72 Hf (vida longa)",72,1,0
24,67,3,Isolados,"Z=66 Dy (vida longa)",66,0,0
24,68,0,Empiristas,"Z=70 Yb (vida longa)",70,0,0
24,68,0,Empiristas,"Z=7 N (vida longa)",7,1,0
24,69,1,Incrementalistas,"Z=53 I (vida longa)",53,0,0
24,69,3,Isolados,"Z=76 Os (vida longa)",76,0,0
24,69,3,Isolados,"Z=40 Zr (vida longa)",40,0,0
24,70,1,Incrementalistas,"Z=109 Mt (vida longa)",109,0,0
24,70,2,Evolucionistas,"Z=58 Ce (vida longa)",58,0,0
24,70,3,Isolados,"Z=31 Ga (vida longa)",31,0,0
24,71,1,Incrementalistas,"Z=5 B (vida longa)",5,0,1
24,72,0,Empiristas,"Z=76 Os (vida longa)",76,0,0
24,73,1,Incrementalistas,"Z=58 Ce (vida longa)",58,0,0
24,73,3,Isolados,"Z=22 Ti (vida longa)",22,0,0
24,73,1,Incrementalistas,"Z=44 Ru (vida longa)",44,0,1
24,74,0,Empiristas,"Z=36 Kr (vida longa)",36,0,0
24,74,2,Evolucionistas,"Z=28 Ni (vida longa)",28,0,0
24,75,0,Empiristas,"Z=52 Te (vida longa)",52,0,0
24,75,2,Evolucionistas,"Z=12 Mg (vida longa)",12,0,0
24,76,3,Isolados,"Z=4 Be (vida longa)",4,0,0
24,76,3,Isolados,"Z=5 B (vida longa)",5,0,0
24,76,1,Incrementalistas,"Z=51 Sb (vida longa)",51,0,1
24,77,0,Empiristas,"Z=63 Eu (vida longa)",63,0,0
24,78,3,Isolados,"Z=15 P (vida longa)",15,0,0
24,78,3,Isolados,"Z=104 Rf (vida longa)",104,0,0
24,78,3,Isolados,"Z=14 Si (vida longa)",14,0,0
24,78,1,Incrementalistas,"Z=24 Cr (vida longa)",24,0,1
24,78,0,Empiristas,"Z=74 W (vida longa)",74,0,1
24,78,1,Incrementalistas,"Z=38 Sr (vida longa)",38,0,1
24,79,2,Evolucionistas,"Z=44 Ru (vida longa)",44,0,0
24,80,0,Empiristas,"Z=88 Ra (vida longa)",88,1,0
24,80,3,Isolados,"Z=10 Ne (vida longa)",10,0,0
24,81,1,Incrementalistas,"Z=4 Be (vida longa)",4,0,0
24,81,2,Evolucionistas,"Z=62 Sm (vida longa)",62,0,0
24,81,2,Evolucionistas,"Z=46 Pd (vida longa)",46,1,0
24,82,0,Empiristas,"Z=67 Ho (vida longa)",67,0,0
24,82,1,Incrementalistas,"Z=32 Ge (vida longa)",32,0,0
24,82,3,Isolados,"Z=72 Hf (vida longa)",72,0,0
24,83,3,Isolados,"Z=8 O (vida longa)",8,0,0
24,84,0,Empiristas,"Z=90 Th (vida longa)",90,1,0
24,84,0,Empiristas,"Z=69 Tm (vida longa)",69,0,0
24,84,0,Empiristas,"Z=75 Re (vida longa)",75,0,0
24,85,1,Incrementalistas,"Z=76 Os (vida longa)",76,0,0
24,85,3,Isolados,"Z=79 Au (vida longa)",79,0,0
24,85,0,Empiristas,"Z=86 Rn (vida longa)",86,0,1
24,86,1,Incrementalistas,"Z=104 Rf (vida longa)",104,0,0
24,86,2,Evolucionistas,"Z=7 N (vida longa)",7,0,0
24,86,3,Isolados,"Z=64 Gd (vida longa)",64,1,0
24,86,1,Incrementalistas,"Z=78 Pt (vida longa)",78,0,1
24,87,0,Empiristas,"Z=99 Es (vida longa)",99,0,0
24,87,1,Incrementalistas,"Z=80 Hg (vida longa)",80,0,0
24,87,2,Evolucionistas,"Z=50 Sn (vida longa)",50,0,0
24,87,2,Evolucionistas,"Z=60 Nd (vida longa)",60,0,0
24,87,1,Incrementalistas,"Z=43 Tc (vida longa)",43,0,1
24,88,3,Isolados,"Z=46 Pd (vida longa)",46,0,0
24,90,1,Incrementalistas,"Z=45 Rh (vida longa)",45,0,1
24,91,0,Empiristas,"Z=68 Er (vida longa)",68,0,0
24,92,3,Isolados,"Z=47 Ag (vida longa)",47,0,0
24,92,0,Empiristas,"Z=54 Xe (vida longa)",54,0,1
24,92,2,Evolucionistas,"Z=47 Ag (vida longa)",47,0,1
24,93,0,Empiristas,"Z=39 Y (vida longa)",39,1,0
24,93,2,Evolucionistas,"Z=36 Kr (vida longa)",36,0,0
24,93,3,Isolados,"Z=2 He (vida longa)",2,0,0
24,94,0,Empiristas,"Z=17 Cl (vida longa)",17,1,0
24,94,0,Empiristas,"Z=9 F (vida longa)",9,1,0
24,94,1,Incrementalistas,"Z=68 Er (vida longa)",68,0,0
24,94,2,Evolucionistas,"Z=15 P (vida longa)",15,0,0
24,95,0,Empiristas,"Z=73 Ta (vida longa)",73,1,0
24,95,1,Incrementalistas,"Z=108 Hs (vida longa)",108,0,1
24,96,0,Empiristas,"Z=11 Na (vida longa)",11,1,0
24,96,2,Evolucionistas,"Z=81 Tl (vida longa)",81,0,0
24,97,2,Evolucionistas,"Z=73 Ta (vida longa)",73,0,0
24,97,2,Evolucionistas,"Z=22 Ti (vida longa)",22,0,0
24,97,3,Isolados,"Z=83 Bi (vida longa)",83,1,0
24,98,0,Empiristas,"Z=72 Hf (vida longa)",72,0,0
24,98,0,Empiristas,"Z=77 Ir (vida longa)",77,0,0
24,98,1,Incrementalistas,"Z=89 Ac (vida longa)",89,1,0
24,98,1,Incrementalistas,"Z=82 Pb (vida longa)",82,0,0
24,98,2,Evolucionistas,"Z=13 Al (vida longa)",13,0,0
24,99,1,Incrementalistas,"Z=52 Te (vida longa)",52,0,0
24,99,3,Isolados,"Z=101 Md (vida longa)",101,0,0
24,100,0,Empiristas,"Z=42 Mo (vida longa)",42,0,0
24,100,2,Evolucionistas,"Z=48 Cd (vida longa)",48,0,0
24,101,2,Evolucionistas,"Z=16 S (vida longa)",16,0,0
24,102,1,Incrementalistas,"Z=40 Zr (vida longa)",40,0,0
24,102,1,Incrementalistas,"Z=94 Pu (vida longa)",94,0,0
24,102,3,Isolados,"Z=102 No (vida longa)",102,0,0
24,102,3,Isolados,"Z=49 In (vida longa)",49,1,0
24,102,3,Isolados,"Z=62 Sm (vida longa)",62,0,0
24,102,3,Isolados,"Z=24 Cr (vida longa)",24,0,0
24,103,2,Evolucionistas,"Z=1 H (vida longa)",1,0,0
24,103,3,Isolados,"Z=43 Tc (vida longa)",43,0,0
24,103,2,Evolucionistas,"Z=102 No (vida longa)",102,0,1
24,104,1,Incrementalistas,"Z=8 O (vida longa)",8,0,0
24,104,2,Evolucionistas,"Z=107 Bh (vida longa)",107,0,0
24,104,3,Isolados,"Z=19 K (vida longa)",19,0,0
24,104,3,Isolados,"Z=86 Rn (vida longa)",86,0,0
24,105,1,Incrementalistas,"Z=66 Dy (vida longa)",66,0,0
24,105,1,Incrementalistas,"Z=41 Nb (vida longa)",41,0,0
24,105,2,Evolucionistas,"Z=42 Mo (vida longa)",42,0,0
24,106,0,Empiristas,"Z=85 At (vida longa)",85,0,0
24,106,1,Incrementalistas,"Z=42 Mo (vida longa)",42,0,0
24,106,3,Isolados,"Z=33 As (vida longa)",33,0,0
24,106,3,Isolados,"Z=44 Ru (vida longa)",44,0,0
24,106,3,Isolados,"Z=92 U (vida longa)",92,0,0
24,106,3,Isolados,"Z=90 Th (vida longa)",90,0,0
24,106,1,Incrementalistas,"Z=13 Al (vida longa)",13,0,1
24,107,1,Incrementalistas,"Z=55 Cs (vida longa)",55,0,0
24,108,1,Incrementalistas,"Z=6 C (vida longa)",6,0,0
24,109,2,Evolucionistas,"Z=9 F (vida longa)",9,0,0
24,109,3,Isolados,"Z=74 W (vida longa)",74,0,0
24,110,1,Incrementalistas,"Z=62 Sm (vida longa)",62,0,0
24,110,1,Incrementalistas,"Z=73 Ta (vida longa)",73,0,0
24,110,3,Isolados,"Z=57 La (vida longa)",57,0,0
24,111,1,Incrementalistas,"Z=37 Rb (vida longa)",37,0,0
24,111,3,Isolados,"Z=81 Tl (vida longa)",81,0,0
24,111,3,Isolados,"Z=93 Np (vida longa)",93,0,0
24,111,3,Isolados,"Z=53 I (vida longa)",53,0,0
24,112,3,Isolados,"Z=100 Fm (vida longa)",100,0,0
24,112,3,Isolados,"Z=58 Ce (vida longa)",58,0,0
24,113,1,Incrementalistas,"Z=25 Mn (vida longa)",25,0,0
24,114,2,Evolucionistas,"Z=87 Fr (vida longa)",87,0,0
24,114,3,Isolados,"Z=6 C (vida longa)",6,0,0
24,114,3,Isolados,"Z=78 Pt (vida longa)",78,0,0
24,115,1,Incrementalistas,"Z=106 Sg (vida longa)",106,0,0
24,115,2,Evolucionistas,"Z=53 I (vida longa)",53,0,0
24,115,2,Evolucionistas,"Z=57 La (vida longa)",57,0,0
24,115,2,Evolucionistas,"Z=2 He (vida longa)",2,0,0
24,116,2,Evolucionistas,"Z=45 Rh (vida longa)",45,0,0
24,116,2,Evolucionistas,"Z=70 Yb (vida longa)",70,0,0
24,116,2,Evolucionistas,"Z=20 Ca (vida longa)",20,0,1
24,117,0,Empiristas,"Z=21 Sc (vida longa)",21,1,0
24,117,0,Empiristas,"Z=46 Pd (vida longa)",46,0,0
24,117,3,Isolados,"Z=11 Na (vida longa)",11,0,0
24,117,2,Evolucionistas,"Z=109 Mt (vida longa)",109,0,1
24,117,1,Incrementalistas,"Z=57 La (vida longa)",57,0,1
24,118,1,Incrementalistas,"Z=50 Sn (vida longa)",50,0,0
24,118,3,Isolados,"Z=35 Br (vida longa)",35,0,0
24,118,3,Isolados,"Z=82 Pb (vida longa)",82,0,0
24,118,3,Isolados,"Z=16 S (vida longa)",16,0,0
24,119,3,Isolados,"Z=105 Db (vida longa)",105,0,0
24,120,1,Incrementalistas,"Z=63 Eu (vida longa)",63,0,0
24,120,3,Isolados,"Z=3 Li (vida longa)",3,0,0
24,121,1,Incrementalistas,"Z=79 Au (vida longa)",79,0,0
24,121,2,Evolucionistas,"Z=88 Ra (vida longa)",88,0,0
24,121,3,Isolados,"Z=23 V (vida longa)",23,1,0
24,121,2,Evolucionistas,"Z=59 Pr (vida longa)",59,0,1
24,121,1,Incrementalistas,"Z=2 He (vida longa)",2,0,1
24,122,0,Empiristas,"Z=64 Gd (vida longa)",64,0,0
24,122,3,Isolados,"Z=84 Po (vida longa)",84,0,0
24,123,0,Empiristas,"Z=83 Bi (vida longa)",83,0,0
24,123,2,Evolucionistas,"Z=18 Ar (vida longa)",18,0,0
24,123,2,Evolucionistas,"Z=25 Mn (vida longa)",25,0,0
24,123,3,Isolados,"Z=21 Sc (vida longa)",21,0,0
24,124,3,Isolados,"Z=41 Nb (vida longa)",41,0,0
24,124,2,Evolucionistas,"Z=104 Rf (vida longa)",104,0,1
24,125,0,Empiristas,"Z=87 Fr (vida longa)",87,0,1
24,126,0,Empiristas,"Z=29 Cu (vida longa)",29,1,0
24,126,2,Evolucionistas,"Z=65 Tb (vida longa)",65,0,0
24,126,2,Evolucionistas,"Z=19 K (vida longa)",19,0,0
24,126,3,Isolados,"Z=56 Ba (vida longa)",56,0,0
24,127,3,Isolados,"Z=25 Mn (vida longa)",25,0,0
24,128,1,Incrementalistas,"Z=27 Co (vida longa)",27,0,0
24,128,2,Evolucionistas,"Z=74 W (vida longa)",74,0,0
24,128,3,Isolados,"Z=7 N (vida longa)",7,0,0
24,128,2,Evolucionistas,"Z=32 Ge (vida longa)",32,0,1
24,129,1,Incrementalistas,"Z=60 Nd (vida longa)",60,0,0
24,129,1,Incrementalistas,"Z=65 Tb (vida longa)",65,0,0
24,129,1,Incrementalistas,"Z=98 Cf (vida longa)",98,0,0
24,130,2,Evolucionistas,"Z=91 Pa (vida longa)",91,0,0
24,130,3,Isolados,"Z=91 Pa (vida longa)",91,0,0
24,130,3,Isolados,"Z=75 Re (vida longa)",75,0,0
24,131,2,Evolucionistas,"Z=39 Y (vida longa)",39,0,1
24,132,1,Incrementalistas,"Z=33 As (vida longa)",33,0,0
24,132,1,Incrementalistas,"Z=103 Lr (vida longa)",103,0,0
24,133,1,Incrementalistas,"Z=91 Pa (vida longa)",91,0,0
24,133,1,Incrementalistas,"Z=84 Po (vida longa)",84,0,0
24,133,2,Evolucionistas,"Z=17 Cl (vida longa)",17,0,0
24,133,2,Evolucionistas,"Z=27 Co (vida longa)",27,0,0
24,134,0,Empiristas,"Z=26 Fe (vida longa)",26,0,0
24,134,3,Isolados,"Z=39 Y (vida longa)",39,0,0
24,135,2,Evolucionistas,"Z=29 Cu (vida longa)",29,0,0
24,136,1,Incrementalistas,"Z=64 Gd (vida longa)",64,0,0
24,136,1,Incrementalistas,"Z=36 Kr (vida longa)",36,0,0
24,136,3,Isolados,"Z=96 Cm (vida longa)",96,0,0
24,136,3,Isolados,"Z=85 At (vida longa)",85,0,0
24,137,1,Incrementalistas,"Z=30 Zn (vida longa)",30,0,0
24,137,1,Incrementalistas,"Z=28 Ni (vida longa)",28,0,0
24,137,1,Incrementalistas,"Z=26 Fe (vida longa)",26,0,0
24,137,1,Incrementalistas,"Z=23 V (vida longa)",23,0,0
24,137,1,Incrementalistas,"Z=48 Cd (vida longa)",48,0,0
24,137,3,Isolados,"Z=77 Ir (vida longa)",77,0,0
24,139,1,Incrementalistas,"Z=92 U (vida longa)",92,0,0
24,139,1,Incrementalistas,"Z=71 Lu (vida longa)",71,0,0
24,139,3,Isolados,"Z=55 Cs (vida longa)",55,0,0
24,140,1,Incrementalistas,"Z=77 Ir (vida longa)",77,0,0
24,140,2,Evolucionistas,"Z=63 Eu (vida longa)",63,0,0
24,140,3,Isolados,"Z=18 Ar (vida longa)",18,0,0
24,141,0,Empiristas,"Z=37 Rb (vida longa)",37,0,0
24,141,1,Incrementalistas,"Z=34 Se (vida longa)",34,0,0
24,142,0,Empiristas,"Z=57 La (vida longa)",57,0,0
24,142,3,Isolados,"Z=45 Rh (vida longa)",45,0,0
24,143,2,Evolucionistas,"Z=64 Gd (vida longa)",64,0,0
24,144,1,Incrementalistas,"Z=105 Db (vida longa)",105,0,0
24,144,3,Isolados,"Z=97 Bk (vida longa)",97,0,0
24,144,3,Isolados,"Z=26 Fe (vida longa)",26,0,0
24,145,3,Isolados,"Z=98 Cf (vida longa)",98,0,0
24,146,1,Incrementalistas,"Z=87 Fr (vida longa)",87,0,0
24,146,1,Incrementalistas,"Z=49 In (vida longa)",49,0,0
24,146,2,Evolucionistas,"Z=30 Zn (vida longa)",30,0,0
24,146,3,Isolados,"Z=65 Tb (vida longa)",65,0,0
24,146,3,Isolados,"Z=88 Ra (vida longa)",88,0,0
24,148,2,Evolucionistas,"Z=66 Dy (vida longa)",66,0,0
24,149,1,Incrementalistas,"Z=90 Th (vida longa)",90,0,0
24,149,2,Evolucionistas,"Z=83 Bi (vida longa)",83,0,0
24,150,0,Empiristas,"Z=89 Ac (vida longa)",89,0,0
24,150,2,Evolucionistas,"Z=89 Ac (vida longa)",89,0,0
24,150,2,Evolucionistas,"Z=71 Lu (vida longa)",71,0,0
24,152,2,Evolucionistas,"Z=68 Er (vida longa)",68,0,0
24,153,1,Incrementalistas,"Z=46 Pd (vida longa)",46,0,0
24,153,3,Isolados,"Z=38 Sr (vida longa)",38,0,0
24,154,0,Empiristas,"Z=23 V (vida longa)",23,0,0
24,154,1,Incrementalistas,"Z=15 P (vida longa)",15,0,0
24,155,0,Empiristas,"Z=49 In (vida longa)",49,0,0
24,155,1,Incrementalistas,"Z=85 At (vida longa)",85,0,0
24,155,3,Isolados,"Z=95 Am (vida longa)",95,0,0
24,156,3,Isolados,"Z=61 Pm (vida longa)",61,0,0
24,157,2,Evolucionistas,"Z=69 Tm (vida longa)",69,0,0
24,158,2,Evolucionistas,"Z=75 Re (vida longa)",75,0,0
24,160,2,Evolucionistas,"Z=90 Th (vida longa)",90,0,0
24,160,3,Isolados,"Z=59 Pr (vida longa)",59,0,0
24,160,3,Isolados,"Z=73 Ta (vida longa)",73,0,0
24,160,3,Isolados,"Z=60 Nd (vida longa)",60,0,0
24,162,3,Isolados,"Z=29 Cu (vida longa)",29,0,0
24,163,0,Empiristas,"Z=1 H (vida longa)",1,0,0
24,164,3,Isolados,"Z=103 Lr (vida longa)",103,0,0
24,165,1,Incrementalistas,"Z=72 Hf (vida longa)",72,0,0
24,165,1,Incrementalistas,"Z=17 Cl (vida longa)",17,0,0
24,166,1,Incrementalistas,"Z=18 Ar (vida longa)",18,0,0
24,166,2,Evolucionistas,"Z=92 U (vida longa)",92,0,0
24,167,2,Evolucionistas,"Z=33 As (vida longa)",33,0,0
24,168,2,Evolucionistas,"Z=67 Ho (vida longa)",67,0,0
24,169,1,Incrementalistas,"Z=11 Na (vida longa)",11,0,0
24,169,3,Isolados,"Z=99 Es (vida longa)",99,0,0
24,171,2,Evolucionistas,"Z=11 Na (vida longa)",11,0,0
24,172,2,Evolucionistas,"Z=55 Cs (vida longa)",55,0,0
24,172,3,Isolados,"Z=17 Cl (vida longa)",17,0,0
24,173,2,Evolucionistas,"Z=37 Rb (vida longa)",37,0,0
24,174,1,Incrementalistas,"Z=88 Ra (vida longa)",88,0,0
24,174,3,Isolados,"Z=94 Pu (vida longa)",94,0,0
24,175,1,Incrementalistas,"Z=29 Cu (vida longa)",29,0,0
24,175,3,Isolados,"Z=89 Ac (vida longa)",89,0,0
24,176,1,Incrementalistas,"Z=83 Bi (vida longa)",83,0,0
24,176,3,Isolados,"Z=27 Co (vida longa)",27,0,0
24,178,1,Incrementalistas,"Z=16 S (vida longa)",16,0,0
24,180,1,Incrementalistas,"Z=7 N (vida longa)",7,0,0
24,181,3,Isolados,"Z=9 F (vida longa)",9,0,0
24,184,1,Incrementalistas,"Z=22 Ti (vida longa)",22,0,0
24,189,1,Incrementalistas,"Z=19 K (vida longa)",19,0,0
24,190,2,Evolucionistas,"Z=23 V (vida longa)",23,0,0
24,191,2,Evolucionistas,"Z=49 In (vida longa)",49,0,0
24,193,1,Incrementalistas,"Z=69 Tm (vida longa)",69,0,0
24,194,1,Incrementalistas,"Z=67 Ho (vida longa)",67,0,0
24,194,1,Incrementalistas,"Z=9 F (vida longa)",9,0,0
24,196,2,Evolucionistas,"Z=85 At (vida longa)",85,0,0
24,197,1,Incrementalistas,"Z=93 Np (vida longa)",93,0,0
24,200,1,Incrementalistas,"Z=47 Ag (vida longa)",47,0,0
24,200,1,Incrementalistas,"Z=70 Yb (vida longa)",70,0,0
24,205,1,Incrementalistas,"Z=39 Y (vida longa)",39,0,0
24,205,3,Isolados,"Z=114 Fl (vida longa)",114,0,0
24,205,3,Isolados,"Z=115 Mc (vida longa)",115,0,0
24,205,3,Isolados,"Z=96 Cm (vida longa)",96,0,0
24,205,3,Isolados,"Z=38 Sr (vida longa)",38,0,0
24,205,3,Isolados,"Z=110 Ds (vida longa)",110,0,0
24,206,3,Isolados,"Z=1 H (vida longa)",1,0,0
24,207,3,Isolados,"Z=18 Ar (vida longa)",18,0,0
24,207,3,Isolados,"Z=41 Nb (vida longa)",41,0,0
24,208,3,Isolados,"Z=24 Cr (vida longa)",24,0,0
24,209,3,Isolados,"Z=45 Rh (vida longa)",45,0,0
24,209,3,Isolados,"Z=77 Ir (vida longa)",77,0,0
24,210,3,Isolados,"Z=89 Ac (vida longa)",89,0,0
24,211,3,Isolados,"Z=7 N (vida longa)",7,0,0
24,212,3,Isolados,"Z=11 Na (vida longa)",11,0,0
24,212,3,Isolados,"Z=9 F (vida longa)",9,0,0
24,213,3,Isolados,"Z=104 Rf (vida longa)",104,0,0
24,213,3,Isolados,"Z=88 Ra (vida longa)",88,0,0
24,215,1,Incrementalistas,"Z=21 Sc (vida longa)",21,0,0
24,215,3,Isolados,"Z=90 Th (vida longa)",90,0,0
24,216,3,Isolados,"Z=108 Hs (vida longa)",108,0,0
24,216,3,Isolados,"Z=40 Zr (vida longa)",40,0,0
24,216,3,Isolados,"Z=47 Ag (vida longa)",47,0,0
24,218,2,Evolucionistas,"Z=31 Ga (vida longa)",31,0,0
24,218,3,Isolados,"Z=74 W (vida longa)",74,0,0
24,218,3,Isolados,"Z=99 Es (vida longa)",99,0,0
24,219,3,Isolados,"Z=25 Mn (vida longa)",25,0,0
24,219,3,Isolados,"Z=17 Cl (vida longa)",17,0,0
24,222,2,Evolucionistas,"Z=21 Sc (vida longa)",21,0,0
24,222,3,Isolados,"Z=59 Pr (vida longa)",59,0,0
24,222,3,Isolados,"Z=32 Ge (vida longa)",32,0,0
24,222,3,Isolados,"Z=27 Co (vida longa)",27,0,0
24,223,3,Isolados,"Z=69 Tm (vida longa)",69,0,0
24,227,3,Isolados,"Z=73 Ta (vida longa)",73,0,0
24,229,3,Isolados,"Z=98 Cf (vida longa)",98,0,0
24,231,3,Isolados,"Z=16 S (vida longa)",16,0,0
24,231,3,Isolados,"Z=114 Fl (vida longa)",114,0,0
24,231,3,Isolados,"Z=115 Mc (vida longa)",115,0,0
24,231,3,Isolados,"Z=112 Cn (vida longa)",112,0,0
24,231,3,Isolados,"Z=113 Nh (vida longa)",113,0,0
24,231,3,Isolados,"Z=24 Cr (vida longa)",24,0,0
24,231,3,Isolados,"Z=111 Rg (vida longa)",111,0,0
24,231,3,Isolados,"Z=4 Be (vida longa)",4,0,0
24,231,3,Isolados,"Z=82 Pb (vida longa)",82,0,0
24,231,3,Isolados,"Z=76 Os (vida longa)",76,0,0
24,232,3,Isolados,"Z=106 Sg (vida longa)",106,0,0
24,232,3,Isolados,"Z=84 Po (vida longa)",84,0,0
24,232,3,Isolados,"Z=42 Mo (vida longa)",42,0,0
24,233,3,Isolados,"Z=48 Cd (vida longa)",48,0,0
24,233,3,Isolados,"Z=3 Li (vida longa)",3,0,0
24,234,3,Isolados,"Z=15 P (vida longa)",15,0,0
24,234,3,Isolados,"Z=94 Pu (vida longa)",94,0,0
24,235,3,Isolados,"Z=50 Sn (vida longa)",50,0,0
24,235,3,Isolados,"Z=51 Sb (vida longa)",51,0,0
24,236,3,Isolados,"Z=65 Tb (vida longa)",65,0,0
24,236,3,Isolados,"Z=62 Sm (vida longa)",62,0,0
24,236,3,Isolados,"Z=14 Si (vida longa)",14,0,0
24,236,3,Isolados,"Z=105 Db (vida longa)",105,0,0
24,237,3,Isolados,"Z=95 Am (vida longa)",95,0,0
24,237,3,Isolados,"Z=13 Al (vida longa)",13,0,0
24,239,3,Isolados,"Z=67 Ho (vida longa)",67,0,0
24,239,3,Isolados,"Z=100 Fm (vida longa)",100,0,0
24,240,3,Isolados,"Z=11 Na (vida longa)",11,0,0
24,240,3,Isolados,"Z=2 He (vida longa)",2,0,0
24,244,3,Isolados,"Z=92 U (vida longa)",92,0,0
24,244,3,Isolados,"Z=55 Cs (vida longa)",55,0,0
24,245,3,Isolados,"Z=43 Tc (vida longa)",43,0,0
24,245,3,Isolados,"Z=29 Cu (vida longa)",29,0,0
24,251,3,Isolados,"Z=102 No (vida longa)",102,0,0
24,260,3,Isolados,"Z=86 Rn (vida longa)",86,0,0
24,262,3,Isolados,"Z=1 H (vida longa)",1,0,0
25,0,0,Empiristas,"nucleos efemeros",6.14163,1,0
25,0,0,Empiristas,"Z=72 Hf (vida longa)",72,1,0
25,0,1,Incrementalistas,"nucleos efemeros",25.0401,0,0
25,0,2,Evolucionistas,"nucleos efemeros",88.1886,0,0
25,0,3,Isolados,"nucleos efemeros",41.2362,0,0
25,0,1,Incrementalistas,"Z=72 Hf (vida longa)",72,0,1
25,1,0,Empiristas,"Z=102 No (vida longa)",102,1,0
25,1,0,Empiristas,"Z=10 Ne (vida longa)",10,1,0
25,1,0,Empiristas,"Z=108 Hs (vida longa)",108,1,0
25,2,0,Empiristas,"Z=85 At (vida longa)",85,1,0
25,2,1,Incrementalistas,"Z=81 Tl (vida longa)",81,1,0
25,2,2,Evolucionistas,"Z=84 Po (vida longa)",84,1,0
25,3,0,Empiristas,"Z=56 Ba (vida longa)",56,1,0
25,3,1,Incrementalistas,"Z=80 Hg (vida longa)",80,1,0
25,3,1,Incrementalistas,"Z=79 Au (vida longa)",79,1,0
25,3,2,Evolucionistas,"Z=81 Tl (vida longa)",81,0,0
25,3,3,Isolados,"Z=12 Mg (vida longa)",12,1,0
25,4,1,Incrementalistas,"Z=82 Pb (vida longa)",82,1,0
25,4,1,Incrementalistas,"Z=78 Pt (vida longa)",78,1,0
25,4,3,Isolados,"Z=114 Fl (vida longa)",114,1,0
25,5,0,Empiristas,"Z=103 Lr (vida longa)",103,1,0
25,5,2,Evolucionistas,"Z=85 At (vida longa)",85,0,0
25,5,2,Evolucionistas,"Z=79 Au (vida longa)",79,0,1
25,5,0,Empiristas,"Z=84 Po (vida longa)",84,0,1
25,5,2,Evolucionistas,"Z=108 Hs (vida longa)",108,0,1
25,6,0,Empiristas,"Z=13 Al (vida longa)",13,1,0
25,6,1,Incrementalistas,"Z=108 Hs (vida longa)",108,0,1
25,6,1,Incrementalistas,"Z=56 Ba (vida longa)",56,0,1
25,6,1,Incrementalistas,"Z=85 At (vida longa)",85,0,1
25,7,0,Empiristas,"Z=69 Tm (vida longa)",69,1,0
25,7,0,Empiristas,"Z=67 Ho (vida longa)",67,1,0
25,7,0,Empiristas,"Z=82 Pb (vida longa)",82,0,0
25,7,1,Incrementalistas,"Z=110 Ds (vida longa)",110,1,0
25,7,2,Evolucionistas,"Z=83 Bi (vida longa)",83,1,0
25,7,2,Evolucionistas,"Z=3 Li (vida longa)",3,1,0
25,8,1,Incrementalistas,"Z=109 Mt (vida longa)",109,1,0
25,9,1,Incrementalistas,"Z=84 Po (vida longa)",84,0,0
25,10,1,Incrementalistas,"Z=106 Sg (vida longa)",106,1,0
25,10,2,Evolucionistas,"Z=100 Fm (vida longa)",100,1,0
25,10,2,Evolucionistas,"Z=106 Sg (vida longa)",106,0,0
25,10,3,Isolados,"Z=111 Rg (vida longa)",111,1,0
25,10,3,Isolados,"Z=113 Nh (vida longa)",113,1,0
25,10,3,Isolados,"Z=106 Sg (vida longa)",106,0,0
25,11,0,Empiristas,"Z=113 Nh (vida longa)",113,0,0
25,11,1,Incrementalistas,"Z=107 Bh (vida longa)",107,1,0
25,11,1,Incrementalistas,"Z=105 Db (vida longa)",105,1,0
25,11,2,Evolucionistas,"Z=88 Ra (vida longa)",88,1,0
25,11,3,Isolados,"Z=109 Mt (vida longa)",109,0,0
25,12,1,Incrementalistas,"Z=111 Rg (vida longa)",111,0,0
25,12,2,Evolucionistas,"Z=80 Hg (vida longa)",80,0,0
25,12,3,Isolados,"Z=9 F (vida longa)",9,1,0
25,13,0,Empiristas,"Z=110 Ds (vida longa)",110,0,0
25,13,2,Evolucionistas,"Z=111 Rg (vida longa)",111,0,1
25,14,1,Incrementalistas,"Z=86 Rn (vida longa)",86,1,0
25,14,2,Evolucionistas,"Z=99 Es (vida longa)",99,1,0
25,14,1,Incrementalistas,"Z=113 Nh (vida longa)",113,0,1
25,14,1,Incrementalistas,"Z=67 Ho (vida longa)",67,0,1
25,14,0,Empiristas,"Z=81 Tl (vida longa)",81,0,1
25,15,0,Empiristas,"Z=104 Rf (vida longa)",104,1,0
25,15,0,Empiristas,"Z=99 Es (vida longa)",99,0,0
25,15,1,Incrementalistas,"Z=112 Cn (vida longa)",112,1,0
25,15,3,Isolados,"Z=112 Cn (vida longa)",112,0,0
25,16,1,Incrementalistas,"Z=104 Rf (vida longa)",104,0,0
25,16,3,Isolados,"Z=41 Nb (vida longa)",41,1,0
25,16,2,Evolucionistas,"Z=113 Nh (vida longa)",113,0,1
25,16,2,Evolucionistas,"Z=105 Db (vida longa)",105,0,1
25,17,0,Empiristas,"Z=24 Cr (vida longa)",24,1,0
25,17,0,Empiristas,"Z=36 Kr (vida longa)",36,1,0
25,17,1,Incrementalistas,"Z=102 No (vida longa)",102,0,1
25,18,1,Incrementalistas,"Z=114 Fl (vida longa)",114,0,0
25,19,0,Empiristas,"Z=76 Os (vida longa)",76,1,0
25,19,3,Isolados,"Z=98 Cf (vida longa)",98,1,0
25,20,0,Empiristas,"Z=107 Bh (vida longa)",107,0,0
25,20,0,Empiristas,"Z=115 Mc (vida longa)",115,1,0
25,20,3,Isolados,"Z=84 Po (vida longa)",84,0,0
25,21,0,Empiristas,"Z=101 Md (vida longa)",101,1,0
25,21,0,Empiristas,"Z=114 Fl (vida longa)",114,0,0
25,21,2,Evolucionistas,"Z=109 Mt (vida longa)",109,0,0
25,21,2,Evolucionistas,"Z=114 Fl (vida longa)",114,0,0
25,22,2,Evolucionistas,"Z=96 Cm (vida longa)",96,1,0
25,22,2,Evolucionistas,"Z=112 Cn (vida longa)",112,0,0
25,22,2,Evolucionistas,"Z=101 Md (vida longa)",101,0,0
25,22,3,Isolados,"Z=20 Ca (vida longa)",20,1,0
25,22,3,Isolados,"Z=107 Bh (vida longa)",107,0,0
25,23,0,Empiristas,"Z=28 Ni (vida longa)",28,1,0
25,23,2,Evolucionistas,"Z=104 Rf (vida longa)",104,0,1
25,23,1,Incrementalistas,"Z=101 Md (vida longa)",101,0,1
25,24,0,Empiristas,"Z=34 Se (vida longa)",34,1,0
25,24,2,Evolucionistas,"Z=110 Ds (vida longa)",110,0,0
25,25,0,Empiristas,"Z=79 Au (vida longa)",79,0,0
25,25,0,Empiristas,"Z=20 Ca (vida longa)",20,0,0
25,25,0,Empiristas,"Z=39 Y (vida longa)",39,1,0
25,25,1,Incrementalistas,"Z=108 Hs (vida longa)",108,0,0
25,25,1,Incrementalistas,"Z=113 Nh (vida longa)",113,0,0
25,25,2,Evolucionistas,"Z=4 Be (vida longa)",4,1,0
25,26,0,Empiristas,"Z=109 Mt (vida longa)",109,0,0
25,26,0,Empiristas,"Z=70 Yb (vida longa)",70,1,0
25,26,0,Empiristas,"Z=73 Ta (vida longa)",73,1,0
25,26,1,Incrementalistas,"Z=112 Cn (vida longa)",112,0,0
25,26,1,Incrementalistas,"Z=66 Dy (vida longa)",66,1,0
25,26,2,Evolucionistas,"Z=86 Rn (vida longa)",86,0,0
25,27,0,Empiristas,"Z=112 Cn (vida longa)",112,0,0
25,27,0,Empiristas,"Z=12 Mg (vida longa)",12,0,0
25,28,0,Empiristas,"Z=106 Sg (vida longa)",106,0,0
25,28,0,Empiristas,"Z=111 Rg (vida longa)",111,0,0
25,28,2,Evolucionistas,"Z=70 Yb (vida longa)",70,0,0
25,29,0,Empiristas,"Z=31 Ga (vida longa)",31,1,0
25,29,2,Evolucionistas,"Z=98 Cf (vida longa)",98,0,0
25,29,2,Evolucionistas,"Z=115 Mc (vida longa)",115,0,1
25,29,0,Empiristas,"Z=86 Rn (vida longa)",86,0,1
25,29,2,Evolucionistas,"Z=78 Pt (vida longa)",78,0,1
25,29,1,Incrementalistas,"Z=115 Mc (vida longa)",115,0,1
25,29,1,Incrementalistas,"Z=81 Tl (vida longa)",81,0,1
25,30,2,Evolucionistas,"Z=71 Lu (vida longa)",71,1,0
25,30,3,Isolados,"Z=110 Ds (vida longa)",110,0,0
25,31,3,Isolados,"Z=104 Rf (vida longa)",104,0,0
25,31,2,Evolucionistas,"Z=82 Pb (vida longa)",82,0,1
25,31,0,Empiristas,"Z=3 Li (vida longa)",3,0,1
25,32,0,Empiristas,"Z=22 Ti (vida longa)",22,1,0
25,33,0,Empiristas,"Z=91 Pa (vida longa)",91,1,0
25,33,0,Empiristas,"Z=37 Rb (vida longa)",37,1,0
25,33,0,Empiristas,"Z=6 C (vida longa)",6,1,0
25,33,3,Isolados,"Z=86 Rn (vida longa)",86,0,0
25,34,0,Empiristas,"Z=5 B (vida longa)",5,1,0
25,34,2,Evolucionistas,"Z=102 No (vida longa)",102,0,1
25,34,0,Empiristas,"Z=111 Rg (vida longa)",111,0,1
25,35,0,Empiristas,"Z=53 I (vida longa)",53,1,0
25,36,3,Isolados,"Z=108 Hs (vida longa)",108,0,0
25,37,0,Empiristas,"Z=55 Cs (vida longa)",55,1,0
25,38,0,Empiristas,"Z=108 Hs (vida longa)",108,0,0
25,38,0,Empiristas,"Z=40 Zr (vida longa)",40,1,0
25,38,0,Empiristas,"Z=68 Er (vida longa)",68,1,0
25,38,1,Incrementalistas,"Z=107 Bh (vida longa)",107,0,0
25,39,0,Empiristas,"Z=16 S (vida longa)",16,1,0
25,39,3,Isolados,"Z=30 Zn (vida longa)",30,1,0
25,40,0,Empiristas,"Z=114 Fl (vida longa)",114,0,0
25,41,3,Isolados,"Z=34 Se (vida longa)",34,0,0
25,41,1,Incrementalistas,"Z=24 Cr (vida longa)",24,0,1
25,41,0,Empiristas,"Z=82 Pb (vida longa)",82,0,1
25,42,0,Empiristas,"Z=6 C (vida longa)",6,0,0
25,42,2,Evolucionistas,"Z=107 Bh (vida longa)",107,0,0
25,43,0,Empiristas,"Z=3 Li (vida longa)",3,0,0
25,43,3,Isolados,"Z=3 Li (vida longa)",3,0,0
25,43,2,Evolucionistas,"Z=56 Ba (vida longa)",56,0,1
25,44,3,Isolados,"Z=96 Cm (vida longa)",96,0,0
25,45,0,Empiristas,"Z=52 Te (vida longa)",52,1,0
25,45,3,Isolados,"Z=105 Db (vida longa)",105,0,0
25,46,3,Isolados,"Z=40 Zr (vida longa)",40,0,0
25,46,3,Isolados,"Z=33 As (vida longa)",33,1,0
25,47,0,Empiristas,"Z=61 Pm (vida longa)",61,1,0
25,47,2,Evolucionistas,"Z=114 Fl (vida longa)",114,0,0
25,47,2,Evolucionistas,"Z=115 Mc (vida longa)",115,0,0
25,47,3,Isolados,"Z=101 Md (vida longa)",101,0,0
25,48,0,Empiristas,"Z=74 W (vida longa)",74,1,0
25,48,0,Empiristas,"Z=75 Re (vida longa)",75,1,0
25,48,1,Incrementalistas,"Z=16 S (vida longa)",16,0,0
25,48,3,Isolados,"Z=82 Pb (vida longa)",82,0,0
25,48,1,Incrementalistas,"Z=13 Al (vida longa)",13,0,1
25,49,0,Empiristas,"Z=105 Db (vida longa)",105,0,0
25,49,3,Isolados,"Z=74 W (vida longa)",74,0,0
25,49,1,Incrementalistas,"Z=28 Ni (vida longa)",28,0,1
25,50,0,Empiristas,"Z=80 Hg (vida longa)",80,0,0
25,50,3,Isolados,"Z=4 Be (vida longa)",4,0,0
25,51,2,Evolucionistas,"Z=108 Hs (vida longa)",108,0,0
25,51,3,Isolados,"Z=115 Mc (vida longa)",115,0,0
25,53,0,Empiristas,"Z=15 P (vida longa)",15,1,0
25,54,1,Incrementalistas,"Z=3 Li (vida longa)",3,0,1
25,55,0,Empiristas,"Z=107 Bh (vida longa)",107,0,0
25,55,3,Isolados,"Z=19 K (vida longa)",19,1,0
25,58,0,Empiristas,"Z=2 He (vida longa)",2,1,0
25,58,1,Incrementalistas,"Z=70 Yb (vida longa)",70,0,0
25,59,2,Evolucionistas,"Z=91 Pa (vida longa)",91,0,0
25,59,1,Incrementalistas,"Z=39 Y (vida longa)",39,0,1
25,60,0,Empiristas,"Z=14 Si (vida longa)",14,1,0
25,60,1,Incrementalistas,"Z=83 Bi (vida longa)",83,0,0
25,60,1,Incrementalistas,"Z=86 Rn (vida longa)",86,0,0
25,60,3,Isolados,"Z=32 Ge (vida longa)",32,1,0
25,61,2,Evolucionistas,"Z=32 Ge (vida longa)",32,0,0
25,62,0,Empiristas,"Z=111 Rg (vida longa)",111,0,0
25,62,0,Empiristas,"Z=108 Hs (vida longa)",108,0,0
25,62,0,Empiristas,"Z=12 Mg (vida longa)",12,0,0
25,62,1,Incrementalistas,"Z=14 Si (vida longa)",14,0,0
25,62,2,Evolucionistas,"Z=109 Mt (vida longa)",109,0,0
25,62,3,Isolados,"Z=62 Sm (vida longa)",62,1,0
25,62,1,Incrementalistas,"Z=52 Te (vida longa)",52,0,1
25,64,2,Evolucionistas,"Z=48 Cd (vida longa)",48,1,0
25,64,2,Evolucionistas,"Z=105 Db (vida longa)",105,0,0
25,64,3,Isolados,"Z=39 Y (vida longa)",39,0,0
25,64,1,Incrementalistas,"Z=103 Lr (vida longa)",103,0,1
25,64,0,Empiristas,"Z=84 Po (vida longa)",84,0,1
25,65,0,Empiristas,"Z=56 Ba (vida longa)",56,0,0
25,65,1,Incrementalistas,"Z=54 Xe (vida longa)",54,1,0
25,65,3,Isolados,"Z=11 Na (vida longa)",11,1,0
25,66,0,Empiristas,"Z=54 Xe (vida longa)",54,0,0
25,66,0,Empiristas,"Z=44 Ru (vida longa)",44,1,0
25,66,0,Empiristas,"Z=8 O (vida longa)",8,1,0
25,66,2,Evolucionistas,"Z=14 Si (vida longa)",14,0,1
25,67,0,Empiristas,"Z=78 Pt (vida longa)",78,0,0
25,68,0,Empiristas,"Z=4 Be (vida longa)",4,0,0
25,69,1,Incrementalistas,"Z=29 Cu (vida longa)",29,1,0
25,69,0,Empiristas,"Z=104 Rf (vida longa)",104,0,1
25,69,2,Evolucionistas,"Z=16 S (vida longa)",16,0,1
25,70,0,Empiristas,"Z=10 Ne (vida longa)",10,0,0
25,70,2,Evolucionistas,"Z=36 Kr (vida longa)",36,0,0
25,70,3,Isolados,"Z=53 I (vida longa)",53,0,0
25,71,0,Empiristas,"Z=62 Sm (vida longa)",62,0,0
25,71,0,Empiristas,"Z=63 Eu (vida longa)",63,1,0
25,71,0,Empiristas,"Z=98 Cf (vida longa)",98,0,0
25,71,2,Evolucionistas,"Z=78 Pt (vida longa)",78,0,0
25,71,1,Incrementalistas,"Z=88 Ra (vida longa)",88,0,1
25,72,1,Incrementalistas,"Z=76 Os (vida longa)",76,0,0
25,72,3,Isolados,"Z=47 Ag (vida longa)",47,1,0
25,72,3,Isolados,"Z=43 Tc (vida longa)",43,1,0
25,73,0,Empiristas,"Z=41 Nb (vida longa)",41,0,0
25,73,1,Incrementalistas,"Z=99 Es (vida longa)",99,0,0
25,73,2,Evolucionistas,"Z=64 Gd (vida longa)",64,1,0
25,73,3,Isolados,"Z=89 Ac (vida longa)",89,1,0
25,74,2,Evolucionistas,"Z=66 Dy (vida longa)",66,0,0
25,75,0,Empiristas,"Z=22 Ti (vida longa)",22,0,0
25,75,1,Incrementalistas,"Z=27 Co (vida longa)",27,1,0
25,75,1,Incrementalistas,"Z=100 Fm (vida longa)",100,0,0
25,75,3,Isolados,"Z=38 Sr (vida longa)",38,1,0
25,75,3,Isolados,"Z=69 Tm (vida longa)",69,0,0
25,75,1,Incrementalistas,"Z=64 Gd (vida longa)",64,0,1
25,75,2,Evolucionistas,"Z=28 Ni (vida longa)",28,0,1
25,77,0,Empiristas,"Z=79 Au (vida longa)",79,0,0
25,77,2,Evolucionistas,"Z=2 He (vida longa)",2,0,0
25,77,3,Isolados,"Z=61 Pm (vida longa)",61,0,0
25,77,3,Isolados,"Z=52 Te (vida longa)",52,0,0
25,78,0,Empiristas,"Z=28 Ni (vida longa)",28,0,0
25,78,1,Incrementalistas,"Z=12 Mg (vida longa)",12,0,0
25,78,0,Empiristas,"Z=86 Rn (vida longa)",86,0,1
25,79,0,Empiristas,"Z=25 Mn (vida longa)",25,1,0
25,79,3,Isolados,"Z=64 Gd (vida longa)",64,0,0
25,80,0,Empiristas,"Z=89 Ac (vida longa)",89,0,0
25,80,0,Empiristas,"Z=60 Nd (vida longa)",60,1,0
25,80,2,Evolucionistas,"Z=6 C (vida longa)",6,0,0
25,81,3,Isolados,"Z=91 Pa (vida longa)",91,0,0
25,81,3,Isolados,"Z=59 Pr (vida longa)",59,1,0
25,82,2,Evolucionistas,"Z=12 Mg (vida longa)",12,0,0
25,82,2,Evolucionistas,"Z=13 Al (vida longa)",13,0,0
25,82,2,Evolucionistas,"Z=5 B (vida longa)",5,0,0
25,82,1,Incrementalistas,"Z=37 Rb (vida longa)",37,0,1
25,82,0,Empiristas,"Z=27 Co (vida longa)",27,0,1
25,83,2,Evolucionistas,"Z=15 P (vida longa)",15,0,0
25,83,3,Isolados,"Z=31 Ga (vida longa)",31,0,0
25,84,0,Empiristas,"Z=76 Os (vida longa)",76,0,0
25,84,0,Empiristas,"Z=65 Tb (vida longa)",65,1,0
25,84,2,Evolucionistas,"Z=46 Pd (vida longa)",46,1,0
25,84,3,Isolados,"Z=46 Pd (vida longa)",46,0,0
25,85,1,Incrementalistas,"Z=15 P (vida longa)",15,0,0
25,86,0,Empiristas,"Z=30 Zn (vida longa)",30,0,0
25,86,0,Empiristas,"Z=50 Sn (vida longa)",50,1,0
25,86,0,Empiristas,"Z=46 Pd (vida longa)",46,0,0
25,86,2,Evolucionistas,"Z=38 Sr (vida longa)",38,0,0
25,86,2,Evolucionistas,"Z=87 Fr (vida longa)",87,1,0
25,86,3,Isolados,"Z=58 Ce (vida longa)",58,1,0
25,87,0,Empiristas,"Z=2 He (vida longa)",2,0,0
25,87,2,Evolucionistas,"Z=11 Na (vida longa)",11,0,0
25,88,0,Empiristas,"Z=20 Ca (vida longa)",20,0,0
25,88,0,Empiristas,"Z=7 N (vida longa)",7,1,0
25,88,1,Incrementalistas,"Z=19 K (vida longa)",19,0,0
25,89,0,Empiristas,"Z=11 Na (vida longa)",11,0,0
25,89,2,Evolucionistas,"Z=47 Ag (vida longa)",47,0,0
25,89,2,Evolucionistas,"Z=39 Y (vida longa)",39,0,0
25,89,3,Isolados,"Z=42 Mo (vida longa)",42,1,0
25,89,3,Isolados,"Z=67 Ho (vida longa)",67,0,0
25,89,3,Isolados,"Z=90 Th (vida longa)",90,1,0
25,90,0,Empiristas,"Z=101 Md (vida longa)",101,0,0
25,90,1,Incrementalistas,"Z=53 I (vida longa)",53,0,0
25,90,2,Evolucionistas,"Z=92 U (vida longa)",92,1,0
25,90,3,Isolados,"Z=66 Dy (vida longa)",66,0,0
25,90,3,Isolados,"Z=45 Rh (vida longa)",45,1,0
25,91,0,Empiristas,"Z=102 No (vida longa)",102,0,0
25,91,0,Empiristas,"Z=97 Bk (vida longa)",97,1,0
25,91,0,Empiristas,"Z=66 Dy (vida longa)",66,0,0
25,91,1,Incrementalistas,"Z=17 Cl (vida longa)",17,1,0
25,91,2,Evolucionistas,"Z=93 Np (vida longa)",93,1,0
25,91,3,Isolados,"Z=63 Eu (vida longa)",63,0,0
25,91,3,Isolados,"Z=100 Fm (vida longa)",100,0,0
25,91,3,Isolados,"Z=99 Es (vida longa)",99,0,0
25,92,0,Empiristas,"Z=29 Cu (vida longa)",29,0,0
25,92,3,Isolados,"Z=5 B (vida longa)",5,0,0
25,92,2,Evolucionistas,"Z=24 Cr (vida longa)",24,0,1
25,92,1,Incrementalistas,"Z=98 Cf (vida longa)",98,0,1
25,92,1,Incrementalistas,"Z=71 Lu (vida longa)",71,0,1
25,93,0,Empiristas,"Z=18 Ar (vida longa)",18,1,0
25,93,1,Incrementalistas,"Z=69 Tm (vida longa)",69,0,0
25,94,2,Evolucionistas,"Z=30 Zn (vida longa)",30,0,1
25,95,0,Empiristas,"Z=35 Br (vida longa)",35,1,0
25,95,1,Incrementalistas,"Z=38 Sr (vida longa)",38,0,0
25,96,2,Evolucionistas,"Z=72 Hf (vida longa)",72,0,0
25,96,3,Isolados,"Z=16 S (vida longa)",16,0,0
25,97,0,Empiristas,"Z=83 Bi (vida longa)",83,0,0
25,97,2,Evolucionistas,"Z=10 Ne (vida longa)",10,0,0
25,97,2,Evolucionistas,"Z=58 Ce (vida longa)",58,0,0
25,98,0,Empiristas,"Z=42 Mo (vida longa)",42,0,0
25,98,0,Empiristas,"Z=85 At (vida longa)",85,0,0
25,98,1,Incrementalistas,"Z=6 C (vida longa)",6,0,0
25,98,3,Isolados,"Z=50 Sn (vida longa)",50,0,0
25,98,2,Evolucionistas,"Z=20 Ca (vida longa)",20,0,1
25,99,1,Incrementalistas,"Z=61 Pm (vida longa)",61,0,0
25,99,2,Evolucionistas,"Z=85 At (vida longa)",85,0,0
25,99,2,Evolucionistas,"Z=81 Tl (vida longa)",81,0,0
25,99,3,Isolados,"Z=70 Yb (vida longa)",70,0,0
25,99,3,Isolados,"Z=71 Lu (vida longa)",71,0,0
25,99,3,Isolados,"Z=48 Cd (vida longa)",48,0,0
25,100,0,Empiristas,"Z=47 Ag (vida longa)",47,0,0
25,100,2,Evolucionistas,"Z=26 Fe (vida longa)",26,1,0
25,100,3,Isolados,"Z=56 Ba (vida longa)",56,0,0
25,100,1,Incrementalistas,"Z=4 Be (vida longa)",4,0,1
25,101,0,Empiristas,"Z=92 U (vida longa)",92,0,0
25,101,2,Evolucionistas,"Z=37 Rb (vida longa)",37,0,0
25,101,3,Isolados,"Z=28 Ni (vida longa)",28,0,0
25,102,0,Empiristas,"Z=57 La (vida longa)",57,1,0
25,102,1,Incrementalistas,"Z=101 Md (vida longa)",101,0,0
25,102,3,Isolados,"Z=10 Ne (vida longa)",10,0,0
25,102,3,Isolados,"Z=37 Rb (vida longa)",37,0,0
25,103,3,Isolados,"Z=83 Bi (vida longa)",83,0,0
25,103,3,Isolados,"Z=68 Er (vida longa)",68,0,0
25,104,2,Evolucionistas,"Z=29 Cu (vida longa)",29,0,0
25,104,3,Isolados,"Z=75 Re (vida longa)",75,0,0
25,105,2,Evolucionistas,"Z=40 Zr (vida longa)",40,0,0
25,105,2,Evolucionistas,"Z=103 Lr (vida longa)",103,0,0
25,105,3,Isolados,"Z=102 No (vida longa)",102,0,0
25,105,3,Isolados,"Z=92 U (vida longa)",92,0,0
25,106,3,Isolados,"Z=23 V (vida longa)",23,1,0
25,106,3,Isolados,"Z=94 Pu (vida longa)",94,1,0
25,107,0,Empiristas,"Z=17 Cl (vida longa)",17,0,0
25,107,2,Evolucionistas,"Z=9 F (vida longa)",9,0,0
25,107,3,Isolados,"Z=49 In (vida longa)",49,1,0
25,107,2,Evolucionistas,"Z=57 La (vida longa)",57,0,1
25,108,0,Empiristas,"Z=87 Fr (vida longa)",87,0,0
25,108,2,Evolucionistas,"Z=83 Bi (vida longa)",83,0,0
25,108,3,Isolados,"Z=35 Br (vida longa)",35,0,0
25,108,3,Isolados,"Z=27 Co (vida longa)",27,0,0
25,109,0,Empiristas,"Z=26 Fe (vida longa)",26,0,0
25,110,0,Empiristas,"Z=90 Th (vida longa)",90,0,0
25,110,1,Incrementalistas,"Z=18 Ar (vida longa)",18,0,0
25,110,3,Isolados,"Z=55 Cs (vida longa)",55,0,0
25,110,1,Incrementalistas,"Z=92 U (vida longa)",92,0,1
25,111,1,Incrementalistas,"Z=2 He (vida longa)",2,0,0
25,111,2,Evolucionistas,"Z=27 Co (vida longa)",27,0,1
25,112,0,Empiristas,"Z=96 Cm (vida longa)",96,0,0
25,112,1,Incrementalistas,"Z=51 Sb (vida longa)",51,1,0
25,112,1,Incrementalistas,"Z=42 Mo (vida longa)",42,0,0
25,112,3,Isolados,"Z=88 Ra (vida longa)",88,0,0
25,112,0,Empiristas,"Z=100 Fm (vida longa)",100,0,1
25,112,2,Evolucionistas,"Z=89 Ac (vida longa)",89,0,1
25,113,1,Incrementalistas,"Z=26 Fe (vida longa)",26,0,0
25,114,0,Empiristas,"Z=94 Pu (vida longa)",94,0,0
25,114,0,Empiristas,"Z=45 Rh (vida longa)",45,0,0
25,114,1,Incrementalistas,"Z=58 Ce (vida longa)",58,0,0
25,114,1,Incrementalistas,"Z=21 Sc (vida longa)",21,1,0
25,114,1,Incrementalistas,"Z=1 H (vida longa)",1,1,0
25,114,2,Evolucionistas,"Z=60 Nd (vida longa)",60,0,0
25,115,0,Empiristas,"Z=64 Gd (vida longa)",64,0,0
25,115,1,Incrementalistas,"Z=46 Pd (vida longa)",46,0,0
25,115,3,Isolados,"Z=2 He (vida longa)",2,0,0
25,115,1,Incrementalistas,"Z=22 Ti (vida longa)",22,0,1
25,116,1,Incrementalistas,"Z=11 Na (vida longa)",11,0,0
25,116,1,Incrementalistas,"Z=95 Am (vida longa)",95,1,0
25,116,2,Evolucionistas,"Z=8 O (vida longa)",8,0,0
25,116,3,Isolados,"Z=36 Kr (vida longa)",36,0,0
25,116,1,Incrementalistas,"Z=91 Pa (vida longa)",91,0,1
25,116,2,Evolucionistas,"Z=52 Te (vida longa)",52,0,1
25,117,0,Empiristas,"Z=51 Sb (vida longa)",51,0,0
25,117,1,Incrementalistas,"Z=40 Zr (vida longa)",40,0,0
25,117,1,Incrementalistas,"Z=43 Tc (vida longa)",43,0,0
25,117,2,Evolucionistas,"Z=94 Pu (vida longa)",94,0,0
25,117,3,Isolados,"Z=80 Hg (vida longa)",80,0,0
25,118,0,Empiristas,"Z=73 Ta (vida longa)",73,0,0
25,118,0,Empiristas,"Z=49 In (vida longa)",49,0,0
25,118,1,Incrementalistas,"Z=30 Zn (vida longa)",30,0,0
25,118,3,Isolados,"Z=14 Si (vida longa)",14,0,0
25,118,3,Isolados,"Z=7 N (vida longa)",7,0,0
25,119,0,Empiristas,"Z=32 Ge (vida longa)",32,0,0
25,119,2,Evolucionistas,"Z=95 Am (vida longa)",95,0,0
25,119,3,Isolados,"Z=25 Mn (vida longa)",25,0,0
25,119,2,Evolucionistas,"Z=75 Re (vida longa)",75,0,1
25,120,3,Isolados,"Z=24 Cr (vida longa)",24,0,0
25,120,3,Isolados,"Z=44 Ru (vida longa)",44,0,0
25,121,0,Empiristas,"Z=19 K (vida longa)",19,0,0
25,121,0,Empiristas,"Z=95 Am (vida longa)",95,0,0
25,121,0,Empiristas,"Z=93 Np (vida longa)",93,0,0
25,122,1,Incrementalistas,"Z=74 W (vida longa)",74,0,0
25,122,2,Evolucionistas,"Z=50 Sn (vida longa)",50,0,0
25,122,2,Evolucionistas,"Z=44 Ru (vida longa)",44,0,0
25,122,3,Isolados,"Z=22 Ti (vida longa)",22,0,0
25,123,0,Empiristas,"Z=43 Tc (vida longa)",43,0,0
25,123,1,Incrementalistas,"Z=47 Ag (vida longa)",47,0,0
25,123,3,Isolados,"Z=78 Pt (vida longa)",78,0,0
25,124,0,Empiristas,"Z=88 Ra (vida longa)",88,0,0
25,124,0,Empiristas,"Z=13 Al (vida longa)",13,0,0
25,124,2,Evolucionistas,"Z=17 Cl (vida longa)",17,0,0
25,124,2,Evolucionistas,"Z=42 Mo (vida longa)",42,0,0
25,124,3,Isolados,"Z=18 Ar (vida longa)",18,0,0
25,125,1,Incrementalistas,"Z=77 Ir (vida longa)",77,1,0
25,125,2,Evolucionistas,"Z=18 Ar (vida longa)",18,0,0
25,125,3,Isolados,"Z=95 Am (vida longa)",95,0,0
25,125,3,Isolados,"Z=87 Fr (vida longa)",87,0,0
25,125,3,Isolados,"Z=77 Ir (vida longa)",77,0,0
25,125,1,Incrementalistas,"Z=48 Cd (vida longa)",48,0,1
25,126,2,Evolucionistas,"Z=56 Ba (vida longa)",56,0,0
25,126,2,Evolucionistas,"Z=76 Os (vida longa)",76,0,0
25,127,2,Evolucionistas,"Z=69 Tm (vida longa)",69,0,0
25,128,1,Incrementalistas,"Z=63 Eu (vida longa)",63,0,0
25,128,2,Evolucionistas,"Z=33 As (vida longa)",33,0,0
25,128,2,Evolucionistas,"Z=73 Ta (vida longa)",73,0,0
25,129,0,Empiristas,"Z=1 H (vida longa)",1,0,0
25,129,1,Incrementalistas,"Z=23 V (vida longa)",23,0,0
25,129,3,Isolados,"Z=6 C (vida longa)",6,0,0
25,130,1,Incrementalistas,"Z=10 Ne (vida longa)",10,0,0
25,130,3,Isolados,"Z=26 Fe (vida longa)",26,0,0
25,131,0,Empiristas,"Z=23 V (vida longa)",23,0,0
25,131,3,Isolados,"Z=54 Xe (vida longa)",54,0,0
25,131,3,Isolados,"Z=76 Os (vida longa)",76,0,0
25,131,3,Isolados,"Z=60 Nd (vida longa)",60,0,0
25,132,2,Evolucionistas,"Z=7 N (vida longa)",7,0,1
25,132,0,Empiristas,"Z=58 Ce (vida longa)",58,0,1
25,133,1,Incrementalistas,"Z=20 Ca (vida longa)",20,0,0
25,134,1,Incrementalistas,"Z=65 Tb (vida longa)",65,0,0
25,134,2,Evolucionistas,"Z=99 Es (vida longa)",99,0,0
25,134,3,Isolados,"Z=57 La (vida longa)",57,0,0
25,134,3,Isolados,"Z=15 P (vida longa)",15,0,0
25,135,0,Empiristas,"Z=77 Ir (vida longa)",77,0,0
25,135,1,Incrementalistas,"Z=31 Ga (vida longa)",31,0,0
25,135,1,Incrementalistas,"Z=68 Er (vida longa)",68,0,0
25,136,0,Empiristas,"Z=9 F (vida longa)",9,0,0
25,136,2,Evolucionistas,"Z=90 Th (vida longa)",90,0,0
25,136,3,Isolados,"Z=1 H (vida longa)",1,0,0
25,138,0,Empiristas,"Z=21 Sc (vida longa)",21,0,0
25,138,0,Empiristas,"Z=31 Ga (vida longa)",31,0,0
25,138,3,Isolados,"Z=93 Np (vida longa)",93,0,0
25,140,0,Empiristas,"Z=33 As (vida longa)",33,0,0
25,140,2,Evolucionistas,"Z=59 Pr (vida longa)",59,0,0
25,141,1,Incrementalistas,"Z=97 Bk (vida longa)",97,0,0
25,141,1,Incrementalistas,"Z=60 Nd (vida longa)",60,0,1
25,142,0,Empiristas,"Z=38 Sr (vida longa)",38,0,0
25,142,3,Isolados,"Z=8 O (vida longa)",8,0,0
25,142,3,Isolados,"Z=17 Cl (vida longa)",17,0,0
25,143,0,Empiristas,"Z=106 Sg (vida longa)",106,0,0
25,143,1,Incrementalistas,"Z=25 Mn (vida longa)",25,0,0
25,143,2,Evolucionistas,"Z=61 Pm (vida longa)",61,0,0
25,144,0,Empiristas,"Z=71 Lu (vida longa)",71,0,0
25,144,2,Evolucionistas,"Z=21 Sc (vida longa)",21,0,0
25,144,3,Isolados,"Z=29 Cu (vida longa)",29,0,0
25,145,1,Incrementalistas,"Z=44 Ru (vida longa)",44,0,0
25,146,2,Evolucionistas,"Z=19 K (vida longa)",19,0,0
25,146,2,Evolucionistas,"Z=68 Er (vida longa)",68,0,0
25,146,2,Evolucionistas,"Z=34 Se (vida longa)",34,0,0
25,148,0,Empiristas,"Z=48 Cd (vida longa)",48,0,0
25,148,0,Empiristas,"Z=59 Pr (vida longa)",59,0,0
25,148,1,Incrementalistas,"Z=87 Fr (vida longa)",87,0,0
25,148,1,Incrementalistas,"Z=89 Ac (vida longa)",89,0,1
25,149,2,Evolucionistas,"Z=51 Sb (vida longa)",51,0,0
25,151,1,Incrementalistas,"Z=59 Pr (vida longa)",59,0,0
25,151,2,Evolucionistas,"Z=23 V (vida longa)",23,0,0
25,152,1,Incrementalistas,"Z=94 Pu (vida longa)",94,0,0
25,152,1,Incrementalistas,"Z=5 B (vida longa)",5,0,0
25,152,2,Evolucionistas,"Z=63 Eu (vida longa)",63,0,0
25,153,2,Evolucionistas,"Z=53 I (vida longa)",53,0,0
25,153,2,Evolucionistas,"Z=74 W (vida longa)",74,0,0
25,153,2,Evolucionistas,"Z=96 Cm (vida longa)",96,0,0
25,153,3,Isolados,"Z=21 Sc (vida longa)",21,0,0
25,154,0,Empiristas,"Z=105 Db (vida longa)",105,0,0
25,154,2,Evolucionistas,"Z=43 Tc (vida longa)",43,0,1
25,156,2,Evolucionistas,"Z=112 Cn (vida longa)",112,0,0
25,156,3,Isolados,"Z=65 Tb (vida longa)",65,0,0
25,156,3,Isolados,"Z=81 Tl (vida longa)",81,0,0
25,157,2,Evolucionistas,"Z=94 Pu (vida longa)",94,0,0
25,157,2,Evolucionistas,"Z=10 Ne (vida longa)",10,0,0
25,157,2,Evolucionistas,"Z=32 Ge (vida longa)",32,0,0
25,158,0,Empiristas,"Z=99 Es (vida longa)",99,0,0
25,160,2,Evolucionistas,"Z=62 Sm (vida longa)",62,0,0
25,160,2,Evolucionistas,"Z=2 He (vida longa)",2,0,0
25,161,1,Incrementalistas,"Z=90 Th (vida longa)",90,0,0
25,161,1,Incrementalistas,"Z=96 Cm (vida longa)",96,0,0
25,161,1,Incrementalistas,"Z=62 Sm (vida longa)",62,0,0
25,162,1,Incrementalistas,"Z=35 Br (vida longa)",35,0,0
25,162,1,Incrementalistas,"Z=32 Ge (vida longa)",32,0,0
25,162,1,Incrementalistas,"Z=57 La (vida longa)",57,0,1
25,164,1,Incrementalistas,"Z=45 Rh (vida longa)",45,0,0
25,164,3,Isolados,"Z=73 Ta (vida longa)",73,0,0
25,165,2,Evolucionistas,"Z=43 Tc (vida longa)",43,0,0
25,165,2,Evolucionistas,"Z=45 Rh (vida longa)",45,0,0
25,165,3,Isolados,"Z=13 Al (vida longa)",13,0,0
25,167,1,Incrementalistas,"Z=36 Kr (vida longa)",36,0,0
25,167,2,Evolucionistas,"Z=59 Pr (vida longa)",59,0,0
25,167,2,Evolucionistas,"Z=73 Ta (vida longa)",73,0,0
25,167,2,Evolucionistas,"Z=55 Cs (vida longa)",55,0,0
25,167,2,Evolucionistas,"Z=50 Sn (vida longa)",50,0,0
25,168,2,Evolucionistas,"Z=49 In (vida longa)",49,0,0
25,168,3,Isolados,"Z=97 Bk (vida longa)",97,0,0
25,168,3,Isolados,"Z=72 Hf (vida longa)",72,0,0
25,169,2,Evolucionistas,"Z=30 Zn (vida longa)",30,0,0
25,169,2,Evolucionistas,"Z=22 Ti (vida longa)",22,0,0
25,169,2,Evolucionistas,"Z=48 Cd (vida longa)",48,0,0
25,169,3,Isolados,"Z=79 Au (vida longa)",79,0,0
25,170,1,Incrementalistas,"Z=50 Sn (vida longa)",50,0,0
25,170,2,Evolucionistas,"Z=28 Ni (vida longa)",28,0,0
25,170,2,Evolucionistas,"Z=4 Be (vida longa)",4,0,0
25,170,2,Evolucionistas,"Z=98 Cf (vida longa)",98,0,0
25,171,2,Evolucionistas,"Z=14 Si (vida longa)",14,0,0
25,171,2,Evolucionistas,"Z=54 Xe (vida longa)",54,0,0
25,172,2,Evolucionistas,"Z=77 Ir (vida longa)",77,0,0
25,173,1,Incrementalistas,"Z=56 Ba (vida longa)",56,0,0
25,173,1,Incrementalistas,"Z=49 In (vida longa)",49,0,0
25,173,2,Evolucionistas,"Z=33 As (vida longa)",33,0,0
25,174,2,Evolucionistas,"Z=16 S (vida longa)",16,0,0
25,174,2,Evolucionistas,"Z=84 Po (vida longa)",84,0,0
25,176,1,Incrementalistas,"Z=75 Re (vida longa)",75,0,0
25,176,2,Evolucionistas,"Z=35 Br (vida longa)",35,0,0
25,176,3,Isolados,"Z=103 Lr (vida longa)",103,0,0
25,177,2,Evolucionistas,"Z=68 Er (vida longa)",68,0,0
25,177,3,Isolados,"Z=85 At (vida longa)",85,0,0
25,178,2,Evolucionistas,"Z=65 Tb (vida longa)",65,0,0
25,178,2,Evolucionistas,"Z=53 I (vida longa)",53,0,0
25,179,1,Incrementalistas,"Z=93 Np (vida longa)",93,0,0
25,179,1,Incrementalistas,"Z=73 Ta (vida longa)",73,0,0
25,179,2,Evolucionistas,"Z=40 Zr (vida longa)",40,0,0
25,180,2,Evolucionistas,"Z=71 Lu (vida longa)",71,0,0
25,180,2,Evolucionistas,"Z=12 Mg (vida longa)",12,0,0
25,183,1,Incrementalistas,"Z=34 Se (vida longa)",34,0,0
25,183,2,Evolucionistas,"Z=100 Fm (vida longa)",100,0,0
25,184,2,Evolucionistas,"Z=31 Ga (vida longa)",31,0,0
25,186,2,Evolucionistas,"Z=97 Bk (vida longa)",97,0,0
25,187,1,Incrementalistas,"Z=33 As (vida longa)",33,0,0
25,188,2,Evolucionistas,"Z=1 H (vida longa)",1,0,0
25,189,2,Evolucionistas,"Z=78 Pt (vida longa)",78,0,0
25,191,3,Isolados,"Z=51 Sb (vida longa)",51,0,0
25,192,2,Evolucionistas,"Z=41 Nb (vida longa)",41,0,0
25,193,1,Incrementalistas,"Z=55 Cs (vida longa)",55,0,0
25,195,2,Evolucionistas,"Z=81 Tl (vida longa)",81,0,0
25,196,2,Evolucionistas,"Z=25 Mn (vida longa)",25,0,0
25,197,1,Incrementalistas,"Z=41 Nb (vida longa)",41,0,0
25,198,2,Evolucionistas,"Z=104 Rf (vida longa)",104,0,0
25,199,2,Evolucionistas,"Z=67 Ho (vida longa)",67,0,0
25,199,2,Evolucionistas,"Z=96 Cm (vida longa)",96,0,0
25,200,2,Evolucionistas,"Z=90 Th (vida longa)",90,0,0
25,203,2,Evolucionistas,"Z=27 Co (vida longa)",27,0,0
25,204,1,Incrementalistas,"Z=9 F (vida longa)",9,0,0
25,206,3,Isolados,"Z=4 Be (vida longa)",4,0,0
25,206,3,Isolados,"nucleos efemeros",93.287,0,0
25,206,3,Isolados,"Z=107 Bh (vida longa)",107,0,0
25,206,3,Isolados,"Z=112 Cn (vida longa)",112,0,0
25,206,3,Isolados,"Z=69 Tm (vida longa)",69,0,0
25,206,3,Isolados,"Z=115 Mc (vida longa)",115,0,0
25,206,3,Isolados,"Z=44 Ru (vida longa)",44,0,0
25,207,2,Evolucionistas,"Z=113 Nh (vida longa)",113,0,0
25,207,2,Evolucionistas,"nucleos efemeros",98.7186,0,0
25,207,2,Evolucionistas,"Z=4 Be (vida longa)",4,0,0
25,207,2,Evolucionistas,"Z=112 Cn (vida longa)",112,0,0
25,207,2,Evolucionistas,"Z=110 Ds (vida longa)",110,0,0
25,207,2,Evolucionistas,"Z=108 Hs (vida longa)",108,0,0
25,207,2,Evolucionistas,"Z=99 Es (vida longa)",99,0,0
25,207,3,Isolados,"Z=77 Ir (vida longa)",77,0,0
25,207,3,Isolados,"Z=49 In (vida longa)",49,0,0
25,208,2,Evolucionistas,"Z=81 Tl (vida longa)",81,0,0
25,208,3,Isolados,"Z=72 Hf (vida longa)",72,0,0
25,208,3,Isolados,"Z=74 W (vida longa)",74,0,0
25,209,2,Evolucionistas,"Z=42 Mo (vida longa)",42,0,0
25,209,2,Evolucionistas,"Z=15 P (vida longa)",15,0,0
25,209,3,Isolados,"Z=75 Re (vida longa)",75,0,0
25,209,3,Isolados,"Z=100 Fm (vida longa)",100,0,0
25,209,3,Isolados,"Z=43 Tc (vida longa)",43,0,0
25,209,3,Isolados,"Z=32 Ge (vida longa)",32,0,0
25,210,2,Evolucionistas,"Z=48 Cd (vida longa)",48,0,0
25,210,3,Isolados,"Z=48 Cd (vida longa)",48,0,0
25,210,3,Isolados,"Z=33 As (vida longa)",33,0,0
25,210,3,Isolados,"Z=52 Te (vida longa)",52,0,0
25,210,3,Isolados,"Z=68 Er (vida longa)",68,0,0
25,211,2,Evolucionistas,"Z=49 In (vida longa)",49,0,0
25,211,2,Evolucionistas,"Z=76 Os (vida longa)",76,0,0
25,211,2,Evolucionistas,"Z=95 Am (vida longa)",95,0,0
25,211,3,Isolados,"Z=84 Po (vida longa)",84,0,0
25,211,3,Isolados,"Z=24 Cr (vida longa)",24,0,0
25,211,3,Isolados,"Z=5 B (vida longa)",5,0,0
25,211,3,Isolados,"Z=78 Pt (vida longa)",78,0,0
25,212,2,Evolucionistas,"Z=91 Pa (vida longa)",91,0,0
25,212,2,Evolucionistas,"Z=32 Ge (vida longa)",32,0,0
25,212,2,Evolucionistas,"Z=66 Dy (vida longa)",66,0,0
25,212,2,Evolucionistas,"Z=36 Kr (vida longa)",36,0,0
25,212,2,Evolucionistas,"Z=38 Sr (vida longa)",38,0,0
25,212,3,Isolados,"Z=7 N (vida longa)",7,0,0
25,213,2,Evolucionistas,"Z=101 Md (vida longa)",101,0,0
25,213,2,Evolucionistas,"Z=46 Pd (vida longa)",46,0,0
25,213,2,Evolucionistas,"Z=16 S (vida longa)",16,0,0
25,213,3,Isolados,"Z=10 Ne (vida longa)",10,0,0
25,213,3,Isolados,"Z=64 Gd (vida longa)",64,0,0
25,213,3,Isolados,"Z=50 Sn (vida longa)",50,0,0
25,214,3,Isolados,"Z=91 Pa (vida longa)",91,0,0
25,215,2,Evolucionistas,"Z=72 Hf (vida longa)",72,0,0
25,215,3,Isolados,"Z=82 Pb (vida longa)",82,0,0
25,215,3,Isolados,"Z=15 P (vida longa)",15,0,0
25,215,3,Isolados,"Z=59 Pr (vida longa)",59,0,0
25,216,1,Incrementalistas,"Z=7 N (vida longa)",7,0,0
25,216,2,Evolucionistas,"Z=7 N (vida longa)",7,0,0
25,216,2,Evolucionistas,"Z=59 Pr (vida longa)",59,0,0
25,216,2,Evolucionistas,"Z=62 Sm (vida longa)",62,0,0
25,216,2,Evolucionistas,"Z=18 Ar (vida longa)",18,0,0
25,216,2,Evolucionistas,"Z=64 Gd (vida longa)",64,0,0
25,216,3,Isolados,"Z=73 Ta (vida longa)",73,0,0
25,218,3,Isolados,"Z=56 Ba (vida longa)",56,0,0
25,218,3,Isolados,"Z=55 Cs (vida longa)",55,0,0
25,218,3,Isolados,"Z=31 Ga (vida longa)",31,0,0
25,219,2,Evolucionistas,"Z=83 Bi (vida longa)",83,0,0
25,219,2,Evolucionistas,"Z=63 Eu (vida longa)",63,0,0
25,219,3,Isolados,"Z=21 Sc (vida longa)",21,0,0
25,219,3,Isolados,"Z=20 Ca (vida longa)",20,0,0
25,221,2,Evolucionistas,"Z=67 Ho (vida longa)",67,0,0
25,221,2,Evolucionistas,"Z=90 Th (vida longa)",90,0,0
25,221,3,Isolados,"Z=86 Rn (vida longa)",86,0,0
25,221,3,Isolados,"Z=97 Bk (vida longa)",97,0,0
25,221,3,Isolados,"Z=39 Y (vida longa)",39,0,0
25,222,2,Evolucionistas,"Z=82 Pb (vida longa)",82,0,0
25,223,2,Evolucionistas,"Z=103 Lr (vida longa)",103,0,0
25,223,2,Evolucionistas,"Z=33 As (vida longa)",33,0,0
25,223,2,Evolucionistas,"Z=106 Sg (vida longa)",106,0,0
25,223,3,Isolados,"Z=62 Sm (vida longa)",62,0,0
25,223,3,Isolados,"Z=89 Ac (vida longa)",89,0,0
25,225,2,Evolucionistas,"Z=109 Mt (vida longa)",109,0,0
25,225,2,Evolucionistas,"Z=14 Si (vida longa)",14,0,0
25,225,3,Isolados,"Z=67 Ho (vida longa)",67,0,0
25,227,1,Incrementalistas,"Z=8 O (vida longa)",8,0,0
25,227,2,Evolucionistas,"Z=68 Er (vida longa)",68,0,0
25,227,3,Isolados,"Z=61 Pm (vida longa)",61,0,0
25,228,2,Evolucionistas,"Z=86 Rn (vida longa)",86,0,0
25,229,3,Isolados,"Z=35 Br (vida longa)",35,0,0
25,230,2,Evolucionistas,"Z=23 V (vida longa)",23,0,0
25,230,2,Evolucionistas,"Z=41 Nb (vida longa)",41,0,0
25,231,2,Evolucionistas,"Z=93 Np (vida longa)",93,0,0
25,232,2,Evolucionistas,"Z=45 Rh (vida longa)",45,0,0
25,233,2,Evolucionistas,"Z=37 Rb (vida longa)",37,0,0
25,233,2,Evolucionistas,"Z=27 Co (vida longa)",27,0,0
25,233,3,Isolados,"Z=93 Np (vida longa)",93,0,0
25,235,2,Evolucionistas,"Z=13 Al (vida longa)",13,0,0
25,239,2,Evolucionistas,"Z=56 Ba (vida longa)",56,0,0
25,240,2,Evolucionistas,"Z=19 K (vida longa)",19,0,0
25,240,2,Evolucionistas,"Z=61 Pm (vida longa)",61,0,0
25,241,3,Isolados,"Z=1 H (vida longa)",1,0,0
26,0,0,Empiristas,"nucleos efemeros",48.8587,1,0
26,0,0,Empiristas,"Z=46 Pd (vida longa)",46,1,0
26,0,1,Incrementalistas,"nucleos efemeros",47.6265,0,0
26,0,2,Evolucionistas,"Z=5 B (vida longa)",5,1,0
26,0,2,Evolucionistas,"nucleos efemeros",45.121,0,0
26,0,3,Isolados,"nucleos efemeros",92.5666,0,0
26,0,0,Empiristas,"Z=5 B (vida longa)",5,0,1
26,0,2,Evolucionistas,"Z=46 Pd (vida longa)",46,0,1
26,1,2,Evolucionistas,"Z=54 Xe (vida longa)",54,1,0
26,1,1,Incrementalistas,"Z=46 Pd (vida longa)",46,0,1
26,2,0,Empiristas,"Z=39 Y (vida longa)",39,1,0
26,2,1,Incrementalistas,"Z=47 Ag (vida longa)",47,1,0
26,2,1,Incrementalistas,"Z=44 Ru (vida longa)",44,1,0
26,2,2,Evolucionistas,"Z=52 Te (vida longa)",52,1,0
26,2,2,Evolucionistas,"Z=50 Sn (vida longa)",50,1,0
26,3,1,Incrementalistas,"Z=50 Sn (vida longa)",50,0,0
26,3,1,Incrementalistas,"Z=45 Rh (vida longa)",45,1,0
26,3,2,Evolucionistas,"Z=47 Ag (vida longa)",47,0,1
26,4,1,Incrementalistas,"Z=48 Cd (vida longa)",48,1,0
26,4,2,Evolucionistas,"Z=44 Ru (vida longa)",44,0,0
26,4,3,Isolados,"Z=113 Nh (vida longa)",113,1,0
26,4,3,Isolados,"Z=114 Fl (vida longa)",114,1,0
26,5,0,Empiristas,"Z=12 Mg (vida longa)",12,1,0
26,5,1,Incrementalistas,"Z=56 Ba (vida longa)",56,1,0
26,5,1,Incrementalistas,"Z=49 In (vida longa)",49,1,0
26,5,2,Evolucionistas,"Z=53 I (vida longa)",53,1,0
26,5,3,Isolados,"Z=112 Cn (vida longa)",112,1,0
26,6,1,Incrementalistas,"Z=53 I (vida longa)",53,0,0
26,7,1,Incrementalistas,"Z=52 Te (vida longa)",52,0,0
26,7,3,Isolados,"Z=111 Rg (vida longa)",111,1,0
26,7,0,Empiristas,"Z=50 Sn (vida longa)",50,0,1
26,8,0,Empiristas,"Z=70 Yb (vida longa)",70,1,0
26,8,0,Empiristas,"Z=86 Rn (vida longa)",86,1,0
26,8,1,Incrementalistas,"Z=51 Sb (vida longa)",51,1,0
26,8,2,Evolucionistas,"Z=4 Be (vida longa)",4,1,0
26,8,2,Evolucionistas,"Z=60 Nd (vida longa)",60,1,0
26,8,0,Empiristas,"Z=56 Ba (vida longa)",56,0,1
26,8,0,Empiristas,"Z=45 Rh (vida longa)",45,0,1
26,8,1,Incrementalistas,"Z=86 Rn (vida longa)",86,0,1
26,9,0,Empiristas,"Z=68 Er (vida longa)",68,1,0
26,9,0,Empiristas,"Z=44 Ru (vida longa)",44,0,0
26,9,2,Evolucionistas,"Z=112 Cn (vida longa)",112,0,0
26,9,3,Isolados,"Z=110 Ds (vida longa)",110,1,0
26,10,0,Empiristas,"Z=65 Tb (vida longa)",65,1,0
26,10,2,Evolucionistas,"Z=6 C (vida longa)",6,1,0
26,10,2,Evolucionistas,"Z=86 Rn (vida longa)",86,0,1
26,10,1,Incrementalistas,"Z=112 Cn (vida longa)",112,0,1
26,10,0,Empiristas,"Z=112 Cn (vida longa)",112,0,1
26,10,0,Empiristas,"Z=53 I (vida longa)",53,0,1
26,11,0,Empiristas,"Z=110 Ds (vida longa)",110,0,0
26,11,0,Empiristas,"Z=62 Sm (vida longa)",62,1,0
26,11,0,Empiristas,"Z=111 Rg (vida longa)",111,0,0
26,11,1,Incrementalistas,"Z=87 Fr (vida longa)",87,1,0
26,12,0,Empiristas,"Z=4 Be (vida longa)",4,0,0
26,12,1,Incrementalistas,"Z=89 Ac (vida longa)",89,1,0
26,12,1,Incrementalistas,"Z=109 Mt (vida longa)",109,1,0
26,12,1,Incrementalistas,"Z=111 Rg (vida longa)",111,0,0
26,12,2,Evolucionistas,"Z=77 Ir (vida longa)",77,1,0
26,12,2,Evolucionistas,"Z=80 Hg (vida longa)",80,1,0
26,12,2,Evolucionistas,"Z=85 At (vida longa)",85,1,0
26,12,3,Isolados,"Z=108 Hs (vida longa)",108,1,0
26,13,0,Empiristas,"Z=85 At (vida longa)",85,0,0
26,13,1,Incrementalistas,"Z=43 Tc (vida longa)",43,1,0
26,14,0,Empiristas,"Z=89 Ac (vida longa)",89,0,0
26,14,0,Empiristas,"Z=84 Po (vida longa)",84,1,0
26,14,1,Incrementalistas,"Z=54 Xe (vida longa)",54,0,0
26,14,1,Incrementalistas,"Z=106 Sg (vida longa)",106,1,0
26,15,3,Isolados,"Z=5 B (vida longa)",5,0,0
26,16,0,Empiristas,"Z=64 Gd (vida longa)",64,1,0
26,16,1,Incrementalistas,"Z=110 Ds (vida longa)",110,0,0
26,16,2,Evolucionistas,"Z=84 Po (vida longa)",84,0,0
26,16,2,Evolucionistas,"Z=78 Pt (vida longa)",78,1,0
26,17,0,Empiristas,"Z=20 Ca (vida longa)",20,1,0
26,17,1,Incrementalistas,"Z=108 Hs (vida longa)",108,0,0
26,17,1,Incrementalistas,"Z=6 C (vida longa)",6,0,1
26,18,2,Evolucionistas,"Z=39 Y (vida longa)",39,0,1
26,19,0,Empiristas,"Z=88 Ra (vida longa)",88,1,0
26,19,0,Empiristas,"Z=114 Fl (vida longa)",114,0,0
26,19,2,Evolucionistas,"Z=74 W (vida longa)",74,1,0
26,19,2,Evolucionistas,"Z=56 Ba (vida longa)",56,0,0
26,19,2,Evolucionistas,"Z=114 Fl (vida longa)",114,0,1
26,19,2,Evolucionistas,"Z=20 Ca (vida longa)",20,0,1
26,19,0,Empiristas,"Z=77 Ir (vida longa)",77,0,1
26,20,0,Empiristas,"Z=27 Co (vida longa)",27,1,0
26,20,1,Incrementalistas,"Z=102 No (vida longa)",102,1,0
26,20,1,Incrementalistas,"Z=115 Mc (vida longa)",115,1,0
26,20,2,Evolucionistas,"Z=79 Au (vida longa)",79,1,0
26,20,2,Evolucionistas,"Z=111 Rg (vida longa)",111,0,1
26,21,0,Empiristas,"Z=109 Mt (vida longa)",109,0,0
26,21,1,Incrementalistas,"Z=104 Rf (vida longa)",104,1,0
26,21,1,Incrementalistas,"Z=114 Fl (vida longa)",114,0,0
26,21,2,Evolucionistas,"Z=3 Li (vida longa)",3,1,0
26,21,3,Isolados,"Z=109 Mt (vida longa)",109,0,0
26,21,0,Empiristas,"Z=115 Mc (vida longa)",115,0,1
26,21,1,Incrementalistas,"Z=70 Yb (vida longa)",70,0,1
26,22,1,Incrementalistas,"Z=69 Tm (vida longa)",69,1,0
26,22,0,Empiristas,"Z=108 Hs (vida longa)",108,0,1
26,23,0,Empiristas,"Z=113 Nh (vida longa)",113,0,0
26,23,1,Incrementalistas,"Z=107 Bh (vida longa)",107,1,0
26,23,2,Evolucionistas,"Z=109 Mt (vida longa)",109,0,0
26,24,1,Incrementalistas,"Z=113 Nh (vida longa)",113,0,0
26,24,0,Empiristas,"Z=54 Xe (vida longa)",54,0,1
26,24,2,Evolucionistas,"Z=115 Mc (vida longa)",115,0,1
26,24,2,Evolucionistas,"Z=27 Co (vida longa)",27,0,1
26,25,0,Empiristas,"Z=2 He (vida longa)",2,1,0
26,25,3,Isolados,"Z=4 Be (vida longa)",4,0,0
26,26,1,Incrementalistas,"Z=105 Db (vida longa)",105,1,0
26,27,0,Empiristas,"Z=106 Sg (vida longa)",106,0,0
26,27,2,Evolucionistas,"Z=24 Cr (vida longa)",24,1,0
26,27,2,Evolucionistas,"Z=34 Se (vida longa)",34,1,0
26,28,3,Isolados,"Z=107 Bh (vida longa)",107,0,0
26,29,2,Evolucionistas,"Z=106 Sg (vida longa)",106,0,0
26,29,2,Evolucionistas,"Z=2 He (vida longa)",2,0,0
26,29,2,Evolucionistas,"Z=87 Fr (vida longa)",87,0,0
26,29,2,Evolucionistas,"Z=58 Ce (vida longa)",58,1,0
26,30,1,Incrementalistas,"Z=39 Y (vida longa)",39,0,1
26,31,0,Empiristas,"Z=92 U (vida longa)",92,1,0
26,31,0,Empiristas,"Z=22 Ti (vida longa)",22,1,0
26,32,1,Incrementalistas,"Z=67 Ho (vida longa)",67,1,0
26,33,3,Isolados,"Z=66 Dy (vida longa)",66,1,0
26,33,2,Evolucionistas,"Z=69 Tm (vida longa)",69,0,1
26,34,3,Isolados,"Z=9 F (vida longa)",9,1,0
26,35,0,Empiristas,"Z=10 Ne (vida longa)",10,1,0
26,35,2,Evolucionistas,"Z=48 Cd (vida longa)",48,0,1
26,35,2,Evolucionistas,"Z=51 Sb (vida longa)",51,0,1
26,36,0,Empiristas,"Z=3 Li (vida longa)",3,0,0
26,37,0,Empiristas,"Z=66 Dy (vida longa)",66,0,0
26,37,1,Incrementalistas,"Z=42 Mo (vida longa)",42,1,0
26,37,2,Evolucionistas,"Z=113 Nh (vida longa)",113,0,0
26,39,0,Empiristas,"Z=67 Ho (vida longa)",67,0,0
26,39,0,Empiristas,"Z=49 In (vida longa)",49,0,0
26,39,0,Empiristas,"Z=90 Th (vida longa)",90,1,0
26,39,3,Isolados,"Z=68 Er (vida longa)",68,0,0
26,40,0,Empiristas,"Z=80 Hg (vida longa)",80,0,0
26,40,2,Evolucionistas,"Z=110 Ds (vida longa)",110,0,0
26,40,2,Evolucionistas,"Z=108 Hs (vida longa)",108,0,0
26,40,3,Isolados,"Z=96 Cm (vida longa)",96,1,0
26,41,0,Empiristas,"Z=58 Ce (vida longa)",58,0,0
26,41,0,Empiristas,"Z=83 Bi (vida longa)",83,1,0
26,41,0,Empiristas,"Z=69 Tm (vida longa)",69,0,1
26,41,1,Incrementalistas,"Z=66 Dy (vida longa)",66,0,1
26,42,0,Empiristas,"Z=59 Pr (vida longa)",59,1,0
26,42,2,Evolucionistas,"Z=49 In (vida longa)",49,0,0
26,42,2,Evolucionistas,"Z=67 Ho (vida longa)",67,0,1
26,44,0,Empiristas,"Z=75 Re (vida longa)",75,1,0
26,45,0,Empiristas,"Z=60 Nd (vida longa)",60,0,0
26,45,0,Empiristas,"Z=7 N (vida longa)",7,1,0
26,45,0,Empiristas,"Z=87 Fr (vida longa)",87,0,1
26,46,0,Empiristas,"Z=8 O (vida longa)",8,1,0
26,46,3,Isolados,"Z=10 Ne (vida longa)",10,0,0
26,46,1,Incrementalistas,"Z=22 Ti (vida longa)",22,0,1
26,46,1,Incrementalistas,"Z=24 Cr (vida longa)",24,0,1
26,47,3,Isolados,"Z=115 Mc (vida longa)",115,0,0
26,47,2,Evolucionistas,"Z=62 Sm (vida longa)",62,0,1
26,48,2,Evolucionistas,"Z=1 H (vida longa)",1,1,0
26,48,3,Isolados,"Z=85 At (vida longa)",85,0,0
26,49,0,Empiristas,"Z=32 Ge (vida longa)",32,1,0
26,51,0,Empiristas,"Z=19 K (vida longa)",19,1,0
26,51,0,Empiristas,"Z=52 Te (vida longa)",52,0,0
26,51,1,Incrementalistas,"Z=16 S (vida longa)",16,1,0
26,51,2,Evolucionistas,"Z=45 Rh (vida longa)",45,0,1
26,53,0,Empiristas,"Z=95 Am (vida longa)",95,1,0
26,54,0,Empiristas,"Z=48 Cd (vida longa)",48,0,0
26,54,3,Isolados,"Z=70 Yb (vida longa)",70,0,0
26,54,3,Isolados,"Z=75 Re (vida longa)",75,0,0
26,54,0,Empiristas,"Z=42 Mo (vida longa)",42,0,1
26,55,0,Empiristas,"Z=57 La (vida longa)",57,1,0
26,55,0,Empiristas,"Z=30 Zn (vida longa)",30,1,0
26,55,0,Empiristas,"Z=24 Cr (vida longa)",24,0,0
26,55,2,Evolucionistas,"Z=38 Sr (vida longa)",38,1,0
26,56,0,Empiristas,"Z=11 Na (vida longa)",11,1,0
26,56,0,Empiristas,"Z=63 Eu (vida longa)",63,1,0
26,57,0,Empiristas,"Z=26 Fe (vida longa)",26,1,0
26,57,2,Evolucionistas,"Z=75 Re (vida longa)",75,0,1
26,58,0,Empiristas,"Z=76 Os (vida longa)",76,1,0
26,58,3,Isolados,"Z=95 Am (vida longa)",95,0,0
26,60,0,Empiristas,"Z=74 W (vida longa)",74,0,0
26,60,2,Evolucionistas,"Z=73 Ta (vida longa)",73,1,0
26,60,2,Evolucionistas,"Z=57 La (vida longa)",57,0,0
26,61,1,Incrementalistas,"Z=64 Gd (vida longa)",64,0,1
26,62,0,Empiristas,"Z=9 F (vida longa)",9,0,0
26,62,1,Incrementalistas,"Z=36 Kr (vida longa)",36,1,0
26,62,2,Evolucionistas,"Z=32 Ge (vida longa)",32,0,0
26,62,3,Isolados,"Z=49 In (vida longa)",49,0,0
26,63,0,Empiristas,"Z=40 Zr (vida longa)",40,1,0
26,64,0,Empiristas,"Z=6 C (vida longa)",6,0,0
26,65,0,Empiristas,"Z=28 Ni (vida longa)",28,1,0
26,65,3,Isolados,"Z=8 O (vida longa)",8,0,0
26,65,3,Isolados,"Z=44 Ru (vida longa)",44,0,0
26,65,3,Isolados,"Z=86 Rn (vida longa)",86,0,0
26,66,2,Evolucionistas,"Z=89 Ac (vida longa)",89,0,0
26,66,2,Evolucionistas,"Z=72 Hf (vida longa)",72,1,0
26,67,0,Empiristas,"Z=14 Si (vida longa)",14,1,0
26,67,2,Evolucionistas,"Z=22 Ti (vida longa)",22,0,0
26,68,2,Evolucionistas,"Z=26 Fe (vida longa)",26,0,0
26,68,2,Evolucionistas,"Z=16 S (vida longa)",16,0,1
26,69,0,Empiristas,"Z=33 As (vida longa)",33,1,0
26,69,2,Evolucionistas,"Z=61 Pm (vida longa)",61,1,0
26,70,3,Isolados,"Z=50 Sn (vida longa)",50,0,0
26,70,3,Isolados,"Z=106 Sg (vida longa)",106,0,0
26,70,3,Isolados,"Z=43 Tc (vida longa)",43,0,0
26,71,0,Empiristas,"Z=34 Se (vida longa)",34,0,0
26,71,0,Empiristas,"Z=99 Es (vida longa)",99,1,0
26,71,1,Incrementalistas,"Z=30 Zn (vida longa)",30,0,0
26,73,1,Incrementalistas,"Z=25 Mn (vida longa)",25,1,0
26,73,1,Incrementalistas,"Z=15 P (vida longa)",15,1,0
26,73,1,Incrementalistas,"Z=68 Er (vida longa)",68,0,0
26,74,0,Empiristas,"Z=25 Mn (vida longa)",25,0,0
26,74,0,Empiristas,"Z=93 Np (vida longa)",93,1,0
26,74,1,Incrementalistas,"Z=62 Sm (vida longa)",62,0,0
26,74,2,Evolucionistas,"Z=66 Dy (vida longa)",66,0,0
26,74,3,Isolados,"Z=76 Os (vida longa)",76,0,0
26,74,3,Isolados,"Z=47 Ag (vida longa)",47,0,0
26,75,2,Evolucionistas,"Z=29 Cu (vida longa)",29,1,0
26,75,3,Isolados,"Z=74 W (vida longa)",74,0,0
26,76,0,Empiristas,"Z=47 Ag (vida longa)",47,0,0
26,76,1,Incrementalistas,"Z=32 Ge (vida longa)",32,0,0
26,76,1,Incrementalistas,"Z=34 Se (vida longa)",34,0,0
26,76,1,Incrementalistas,"Z=12 Mg (vida longa)",12,0,0
26,76,2,Evolucionistas,"Z=64 Gd (vida longa)",64,0,0
26,76,2,Evolucionistas,"Z=12 Mg (vida longa)",12,0,0
26,76,3,Isolados,"Z=3 Li (vida longa)",3,0,0
26,76,3,Isolados,"Z=6 C (vida longa)",6,0,0
26,76,2,Evolucionistas,"Z=36 Kr (vida longa)",36,0,1
26,77,0,Empiristas,"Z=96 Cm (vida longa)",96,0,0
26,77,2,Evolucionistas,"Z=30 Zn (vida longa)",30,0,0
26,77,2,Evolucionistas,"Z=104 Rf (vida longa)",104,0,0
26,78,0,Empiristas,"Z=82 Pb (vida longa)",82,1,0
26,78,0,Empiristas,"Z=37 Rb (vida longa)",37,1,0
26,78,2,Evolucionistas,"Z=113 Nh (vida longa)",113,0,0
26,78,3,Isolados,"Z=46 Pd (vida longa)",46,0,0
26,79,0,Empiristas,"Z=103 Lr (vida longa)",103,1,0
26,79,1,Incrementalistas,"Z=14 Si (vida longa)",14,0,0
26,79,2,Evolucionistas,"Z=112 Cn (vida longa)",112,0,0
26,79,2,Evolucionistas,"Z=110 Ds (vida longa)",110,0,0
26,79,3,Isolados,"Z=64 Gd (vida longa)",64,0,0
26,79,2,Evolucionistas,"Z=115 Mc (vida longa)",115,0,1
26,79,2,Evolucionistas,"Z=65 Tb (vida longa)",65,0,1
26,80,3,Isolados,"Z=53 I (vida longa)",53,0,0
26,80,3,Isolados,"Z=63 Eu (vida longa)",63,0,0
26,81,0,Empiristas,"Z=102 No (vida longa)",102,0,0
26,81,0,Empiristas,"Z=94 Pu (vida longa)",94,1,0
26,81,0,Empiristas,"Z=38 Sr (vida longa)",38,0,0
26,81,0,Empiristas,"Z=73 Ta (vida longa)",73,0,0
26,81,1,Incrementalistas,"Z=99 Es (vida longa)",99,0,0
26,81,3,Isolados,"Z=28 Ni (vida longa)",28,0,0
26,81,1,Incrementalistas,"Z=58 Ce (vida longa)",58,0,1
26,81,2,Evolucionistas,"Z=69 Tm (vida longa)",69,0,1
26,82,0,Empiristas,"Z=16 S (vida longa)",16,0,0
26,82,0,Empiristas,"Z=15 P (vida longa)",15,0,0
26,82,2,Evolucionistas,"Z=63 Eu (vida longa)",63,0,0
26,82,3,Isolados,"Z=41 Nb (vida longa)",41,1,0
26,83,3,Isolados,"Z=77 Ir (vida longa)",77,0,0
26,83,3,Isolados,"Z=80 Hg (vida longa)",80,0,0
26,83,3,Isolados,"Z=72 Hf (vida longa)",72,0,0
26,84,1,Incrementalistas,"Z=40 Zr (vida longa)",40,0,0
26,84,1,Incrementalistas,"Z=60 Nd (vida longa)",60,0,0
26,84,3,Isolados,"Z=78 Pt (vida longa)",78,0,0
26,85,0,Empiristas,"Z=72 Hf (vida longa)",72,0,0
26,85,3,Isolados,"Z=1 H (vida longa)",1,0,0
26,86,0,Empiristas,"Z=18 Ar (vida longa)",18,1,0
26,86,0,Empiristas,"Z=97 Bk (vida longa)",97,1,0
26,86,1,Incrementalistas,"Z=38 Sr (vida longa)",38,0,0
26,87,0,Empiristas,"Z=100 Fm (vida longa)",100,1,0
26,87,1,Incrementalistas,"Z=18 Ar (vida longa)",18,0,0
26,87,3,Isolados,"Z=2 He (vida longa)",2,0,0
26,89,2,Evolucionistas,"Z=81 Tl (vida longa)",81,1,0
26,89,2,Evolucionistas,"Z=95 Am (vida longa)",95,0,0
26,89,3,Isolados,"Z=12 Mg (vida longa)",12,0,0
26,90,1,Incrementalistas,"Z=3 Li (vida longa)",3,0,0
26,90,1,Incrementalistas,"Z=71 Lu (vida longa)",71,1,0
26,90,1,Incrementalistas,"Z=72 Hf (vida longa)",72,0,0
26,90,2,Evolucionistas,"Z=83 Bi (vida longa)",83,0,0
26,90,3,Isolados,"Z=11 Na (vida longa)",11,0,0
26,91,0,Empiristas,"Z=51 Sb (vida longa)",51,0,0
26,91,1,Incrementalistas,"Z=27 Co (vida longa)",27,0,0
26,91,1,Incrementalistas,"Z=101 Md (vida longa)",101,1,0
26,93,1,Incrementalistas,"Z=88 Ra (vida longa)",88,0,0
26,93,1,Incrementalistas,"Z=23 V (vida longa)",23,1,0
26,93,3,Isolados,"Z=71 Lu (vida longa)",71,0,0
26,94,0,Empiristas,"Z=61 Pm (vida longa)",61,0,0
26,94,3,Isolados,"Z=13 Al (vida longa)",13,1,0
26,95,0,Empiristas,"Z=55 Cs (vida longa)",55,1,0
26,95,2,Evolucionistas,"Z=2 He (vida longa)",2,0,0
26,95,3,Isolados,"Z=45 Rh (vida longa)",45,0,0
26,96,3,Isolados,"Z=98 Cf (vida longa)",98,1,0
26,96,3,Isolados,"Z=62 Sm (vida longa)",62,0,0
26,96,2,Evolucionistas,"Z=32 Ge (vida longa)",32,0,1
26,98,2,Evolucionistas,"Z=10 Ne (vida longa)",10,0,1
26,99,2,Evolucionistas,"Z=14 Si (vida longa)",14,0,0
26,99,3,Isolados,"Z=67 Ho (vida longa)",67,0,0
26,99,1,Incrementalistas,"Z=19 K (vida longa)",19,0,1
26,100,0,Empiristas,"Z=36 Kr (vida longa)",36,0,0
26,100,2,Evolucionistas,"Z=59 Pr (vida longa)",59,0,0
26,100,2,Evolucionistas,"Z=18 Ar (vida longa)",18,0,0
26,100,3,Isolados,"Z=15 P (vida longa)",15,0,0
26,101,1,Incrementalistas,"Z=17 Cl (vida longa)",17,1,0
26,101,2,Evolucionistas,"Z=54 Xe (vida longa)",54,0,0
26,101,3,Isolados,"Z=60 Nd (vida longa)",60,0,0
26,101,3,Isolados,"Z=23 V (vida longa)",23,0,0
26,102,1,Incrementalistas,"Z=4 Be (vida longa)",4,0,0
26,102,2,Evolucionistas,"Z=74 W (vida longa)",74,0,0
26,102,3,Isolados,"Z=91 Pa (vida longa)",91,1,0
26,103,0,Empiristas,"Z=17 Cl (vida longa)",17,0,0
26,103,1,Incrementalistas,"Z=103 Lr (vida longa)",103,0,0
26,103,2,Evolucionistas,"Z=70 Yb (vida longa)",70,0,0
26,103,2,Evolucionistas,"Z=49 In (vida longa)",49,0,0
26,103,3,Isolados,"Z=52 Te (vida longa)",52,0,0
26,103,3,Isolados,"Z=61 Pm (vida longa)",61,0,0
26,104,0,Empiristas,"Z=13 Al (vida longa)",13,0,0
26,104,3,Isolados,"Z=58 Ce (vida longa)",58,0,0
26,105,1,Incrementalistas,"Z=90 Th (vida longa)",90,0,0
26,105,2,Evolucionistas,"Z=94 Pu (vida longa)",94,0,0
26,105,3,Isolados,"Z=27 Co (vida longa)",27,0,0
26,105,3,Isolados,"Z=48 Cd (vida longa)",48,0,0
26,106,0,Empiristas,"Z=81 Tl (vida longa)",81,0,0
26,106,0,Empiristas,"Z=101 Md (vida longa)",101,0,0
26,106,2,Evolucionistas,"Z=3 Li (vida longa)",3,0,0
26,106,3,Isolados,"Z=51 Sb (vida longa)",51,0,0
26,107,1,Incrementalistas,"Z=10 Ne (vida longa)",10,0,0
26,107,1,Incrementalistas,"Z=26 Fe (vida longa)",26,0,0
26,107,3,Isolados,"Z=26 Fe (vida longa)",26,0,0
26,107,3,Isolados,"Z=99 Es (vida longa)",99,0,0
26,108,2,Evolucionistas,"Z=15 P (vida longa)",15,0,0
26,108,3,Isolados,"Z=38 Sr (vida longa)",38,0,0
26,109,1,Incrementalistas,"Z=74 W (vida longa)",74,0,0
26,109,1,Incrementalistas,"Z=41 Nb (vida longa)",41,0,0
26,109,2,Evolucionistas,"Z=4 Be (vida longa)",4,0,0
26,109,3,Isolados,"Z=105 Db (vida longa)",105,0,0
26,110,1,Incrementalistas,"Z=98 Cf (vida longa)",98,0,0
26,110,2,Evolucionistas,"Z=28 Ni (vida longa)",28,0,0
26,111,0,Empiristas,"Z=41 Nb (vida longa)",41,0,0
26,112,0,Empiristas,"Z=107 Bh (vida longa)",107,0,0
26,112,3,Isolados,"Z=100 Fm (vida longa)",100,0,0
26,112,3,Isolados,"Z=22 Ti (vida longa)",22,0,0
26,113,2,Evolucionistas,"Z=76 Os (vida longa)",76,0,0
26,114,0,Empiristas,"Z=21 Sc (vida longa)",21,1,0
26,114,1,Incrementalistas,"Z=73 Ta (vida longa)",73,0,0
26,114,3,Isolados,"Z=54 Xe (vida longa)",54,0,0
26,114,1,Incrementalistas,"Z=84 Po (vida longa)",84,0,1
26,114,2,Evolucionistas,"Z=107 Bh (vida longa)",107,0,1
26,115,3,Isolados,"Z=79 Au (vida longa)",79,0,0
26,115,3,Isolados,"Z=7 N (vida longa)",7,0,0
26,115,1,Incrementalistas,"Z=81 Tl (vida longa)",81,0,1
26,116,0,Empiristas,"Z=29 Cu (vida longa)",29,0,0
26,116,1,Incrementalistas,"Z=78 Pt (vida longa)",78,0,0
26,117,1,Incrementalistas,"Z=1 H (vida longa)",1,0,1
26,118,0,Empiristas,"Z=31 Ga (vida longa)",31,1,0
26,118,3,Isolados,"Z=90 Th (vida longa)",90,0,0
26,118,3,Isolados,"Z=88 Ra (vida longa)",88,0,0
26,118,3,Isolados,"Z=33 As (vida longa)",33,0,0
26,120,3,Isolados,"Z=104 Rf (vida longa)",104,0,0
26,120,3,Isolados,"Z=55 Cs (vida longa)",55,0,0
26,121,0,Empiristas,"Z=23 V (vida longa)",23,0,0
26,121,1,Incrementalistas,"Z=55 Cs (vida longa)",55,0,0
26,121,1,Incrementalistas,"Z=37 Rb (vida longa)",37,0,0
26,122,2,Evolucionistas,"Z=68 Er (vida longa)",68,0,0
26,122,2,Evolucionistas,"Z=106 Sg (vida longa)",106,0,1
26,123,1,Incrementalistas,"Z=100 Fm (vida longa)",100,0,0
26,123,1,Incrementalistas,"Z=76 Os (vida longa)",76,0,0
26,124,0,Empiristas,"Z=71 Lu (vida longa)",71,0,0
26,124,3,Isolados,"Z=84 Po (vida longa)",84,0,0
26,125,0,Empiristas,"Z=98 Cf (vida longa)",98,0,0
26,125,3,Isolados,"Z=32 Ge (vida longa)",32,0,0
26,126,0,Empiristas,"Z=35 Br (vida longa)",35,1,0
26,126,2,Evolucionistas,"Z=40 Zr (vida longa)",40,0,0
26,126,3,Isolados,"Z=21 Sc (vida longa)",21,0,0
26,126,3,Isolados,"Z=56 Ba (vida longa)",56,0,0
26,126,1,Incrementalistas,"Z=29 Cu (vida longa)",29,0,1
26,127,0,Empiristas,"Z=105 Db (vida longa)",105,0,0
26,127,3,Isolados,"Z=92 U (vida longa)",92,0,0
26,127,3,Isolados,"Z=14 Si (vida longa)",14,0,0
26,127,3,Isolados,"Z=24 Cr (vida longa)",24,0,0
26,128,3,Isolados,"Z=42 Mo (vida longa)",42,0,0
26,128,3,Isolados,"Z=73 Ta (vida longa)",73,0,0
26,129,3,Isolados,"Z=34 Se (vida longa)",34,0,0
26,130,0,Empiristas,"Z=79 Au (vida longa)",79,0,0
26,130,1,Incrementalistas,"Z=91 Pa (vida longa)",91,0,0
26,130,1,Incrementalistas,"Z=63 Eu (vida longa)",63,0,0
26,130,2,Evolucionistas,"Z=43 Tc (vida longa)",43,0,0
26,130,3,Isolados,"Z=57 La (vida longa)",57,0,0
26,130,3,Isolados,"Z=20 Ca (vida longa)",20,0,0
26,131,2,Evolucionistas,"Z=27 Co (vida longa)",27,0,0
26,131,3,Isolados,"Z=59 Pr (vida longa)",59,0,0
26,131,2,Evolucionistas,"Z=105 Db (vida longa)",105,0,1
26,132,0,Empiristas,"Z=78 Pt (vida longa)",78,0,0
26,132,3,Isolados,"Z=101 Md (vida longa)",101,0,0
26,133,1,Incrementalistas,"Z=93 Np (vida longa)",93,0,0
26,133,2,Evolucionistas,"Z=102 No (vida longa)",102,0,0
26,133,2,Evolucionistas,"Z=41 Nb (vida longa)",41,0,0
26,134,2,Evolucionistas,"Z=103 Lr (vida longa)",103,0,0
26,135,1,Incrementalistas,"Z=35 Br (vida longa)",35,0,0
26,135,1,Incrementalistas,"Z=61 Pm (vida longa)",61,0,0
26,136,3,Isolados,"Z=82 Pb (vida longa)",82,0,0
26,137,2,Evolucionistas,"Z=48 Cd (vida longa)",48,0,0
26,137,3,Isolados,"Z=36 Kr (vida longa)",36,0,0
26,138,0,Empiristas,"Z=43 Tc (vida longa)",43,0,0
26,138,2,Evolucionistas,"Z=55 Cs (vida longa)",55,0,0
26,138,2,Evolucionistas,"Z=42 Mo (vida longa)",42,0,0
26,138,3,Isolados,"Z=37 Rb (vida longa)",37,0,0
26,138,3,Isolados,"Z=29 Cu (vida longa)",29,0,0
26,139,1,Incrementalistas,"Z=8 O (vida longa)",8,0,0
26,139,1,Incrementalistas,"Z=5 B (vida longa)",5,0,0
26,139,3,Isolados,"Z=81 Tl (vida longa)",81,0,0
26,140,2,Evolucionistas,"Z=98 Cf (vida longa)",98,0,0
26,140,3,Isolados,"Z=69 Tm (vida longa)",69,0,0
26,142,1,Incrementalistas,"Z=20 Ca (vida longa)",20,0,0
26,142,1,Incrementalistas,"Z=85 At (vida longa)",85,0,0
26,142,3,Isolados,"Z=30 Zn (vida longa)",30,0,0
26,143,2,Evolucionistas,"Z=8 O (vida longa)",8,0,0
26,144,2,Evolucionistas,"Z=16 S (vida longa)",16,0,0
26,144,3,Isolados,"Z=103 Lr (vida longa)",103,0,0
26,145,0,Empiristas,"Z=91 Pa (vida longa)",91,0,0
26,145,1,Incrementalistas,"Z=92 U (vida longa)",92,0,0
26,145,2,Evolucionistas,"Z=97 Bk (vida longa)",97,0,0
26,148,2,Evolucionistas,"Z=88 Ra (vida longa)",88,0,0
26,148,2,Evolucionistas,"Z=89 Ac (vida longa)",89,0,0
26,148,3,Isolados,"Z=102 No (vida longa)",102,0,0
26,148,2,Evolucionistas,"Z=100 Fm (vida longa)",100,0,1
26,149,1,Incrementalistas,"Z=97 Bk (vida longa)",97,0,0
26,149,2,Evolucionistas,"Z=13 Al (vida longa)",13,0,0
26,151,1,Incrementalistas,"Z=2 He (vida longa)",2,0,0
26,151,2,Evolucionistas,"Z=19 K (vida longa)",19,0,0
26,151,3,Isolados,"Z=16 S (vida longa)",16,0,0
26,153,3,Isolados,"Z=65 Tb (vida longa)",65,0,0
26,154,2,Evolucionistas,"Z=33 As (vida longa)",33,0,0
26,154,3,Isolados,"Z=93 Np (vida longa)",93,0,0
26,155,3,Isolados,"Z=35 Br (vida longa)",35,0,0
26,155,3,Isolados,"Z=39 Y (vida longa)",39,0,0
26,155,3,Isolados,"Z=89 Ac (vida longa)",89,0,0
26,156,1,Incrementalistas,"Z=31 Ga (vida longa)",31,0,0
26,156,2,Evolucionistas,"Z=25 Mn (vida longa)",25,0,0
26,156,2,Evolucionistas,"Z=24 Cr (vida longa)",24,0,0
26,157,0,Empiristas,"Z=104 Rf (vida longa)",104,0,0
26,157,1,Incrementalistas,"Z=33 As (vida longa)",33,0,0
26,157,2,Evolucionistas,"Z=99 Es (vida longa)",99,0,0
26,158,2,Evolucionistas,"Z=5 B (vida longa)",5,0,0
26,159,2,Evolucionistas,"Z=101 Md (vida longa)",101,0,0
26,159,2,Evolucionistas,"Z=82 Pb (vida longa)",82,0,0
26,160,1,Incrementalistas,"Z=94 Pu (vida longa)",94,0,0
26,163,3,Isolados,"Z=19 K (vida longa)",19,0,0
26,163,3,Isolados,"Z=40 Zr (vida longa)",40,0,0
26,164,3,Isolados,"Z=31 Ga (vida longa)",31,0,0
26,164,3,Isolados,"Z=25 Mn (vida longa)",25,0,0
26,165,1,Incrementalistas,"Z=59 Pr (vida longa)",59,0,0
26,165,3,Isolados,"Z=94 Pu (vida longa)",94,0,0
26,166,1,Incrementalistas,"Z=7 N (vida longa)",7,0,0
26,166,3,Isolados,"Z=18 Ar (vida longa)",18,0,0
26,166,2,Evolucionistas,"Z=91 Pa (vida longa)",91,0,1
26,168,1,Incrementalistas,"Z=80 Hg (vida longa)",80,0,0
26,168,2,Evolucionistas,"Z=96 Cm (vida longa)",96,0,0
26,169,1,Incrementalistas,"Z=28 Ni (vida longa)",28,0,0
26,169,2,Evolucionistas,"Z=9 F (vida longa)",9,0,0
26,170,1,Incrementalistas,"Z=57 La (vida longa)",57,0,0
26,170,1,Incrementalistas,"Z=96 Cm (vida longa)",96,0,0
26,172,2,Evolucionistas,"Z=92 U (vida longa)",92,0,0
26,173,3,Isolados,"Z=83 Bi (vida longa)",83,0,0
26,175,1,Incrementalistas,"Z=13 Al (vida longa)",13,0,0
26,175,2,Evolucionistas,"Z=93 Np (vida longa)",93,0,0
26,176,3,Isolados,"Z=17 Cl (vida longa)",17,0,0
26,177,2,Evolucionistas,"Z=90 Th (vida longa)",90,0,0
26,178,1,Incrementalistas,"Z=11 Na (vida longa)",11,0,0
26,178,2,Evolucionistas,"Z=22 Ti (vida longa)",22,0,0
26,179,1,Incrementalistas,"Z=21 Sc (vida longa)",21,0,0
26,180,2,Evolucionistas,"Z=21 Sc (vida longa)",21,0,0
26,182,3,Isolados,"Z=97 Bk (vida longa)",97,0,0
26,183,3,Isolados,"Z=87 Fr (vida longa)",87,0,0
26,184,1,Incrementalistas,"Z=65 Tb (vida longa)",65,0,0
26,184,2,Evolucionistas,"Z=23 V (vida longa)",23,0,0
26,186,2,Evolucionistas,"Z=17 Cl (vida longa)",17,0,0
26,187,1,Incrementalistas,"Z=95 Am (vida longa)",95,0,0
26,191,1,Incrementalistas,"Z=79 Au (vida longa)",79,0,0
26,192,2,Evolucionistas,"Z=71 Lu (vida longa)",71,0,0
26,196,2,Evolucionistas,"Z=35 Br (vida longa)",35,0,0
26,201,2,Evolucionistas,"Z=31 Ga (vida longa)",31,0,0
26,202,1,Incrementalistas,"Z=82 Pb (vida longa)",82,0,0
26,210,1,Incrementalistas,"Z=9 F (vida longa)",9,0,0
26,211,2,Evolucionistas,"Z=7 N (vida longa)",7,0,0
26,212,2,Evolucionistas,"Z=37 Rb (vida longa)",37,0,0
26,215,0,Empiristas,"Z=1 H (vida longa)",1,0,0
26,216,1,Incrementalistas,"Z=77 Ir (vida longa)",77,0,0
26,223,1,Incrementalistas,"Z=75 Re (vida longa)",75,0,0
26,224,2,Evolucionistas,"Z=11 Na (vida longa)",11,0,0
26,259,1,Incrementalistas,"Z=83 Bi (vida longa)",83,0,0
27,0,0,Empiristas,"nucleos efemeros",22.2263,1,0
27,0,1,Incrementalistas,"nucleos efemeros",30.2073,0,0
27,0,1,Incrementalistas,"Z=24 Cr (vida longa)",24,1,0
27,0,2,Evolucionistas,"nucleos efemeros",55.1143,0,0
27,0,3,Isolados,"Z=12 Mg (vida longa)",12,1,0
27,0,3,Isolados,"nucleos efemeros",60.3022,0,0
27,1,1,Incrementalistas,"Z=32 Ge (vida longa)",32,1,0
27,1,2,Evolucionistas,"Z=97 Bk (vida longa)",97,1,0
27,2,0,Empiristas,"Z=113 Nh (vida longa)",113,1,0
27,2,2,Evolucionistas,"Z=99 Es (vida longa)",99,1,0
27,3,0,Empiristas,"Z=114 Fl (vida longa)",114,1,0
27,3,0,Empiristas,"Z=20 Ca (vida longa)",20,1,0
27,3,1,Incrementalistas,"Z=30 Zn (vida longa)",30,1,0
27,3,2,Evolucionistas,"Z=98 Cf (vida longa)",98,1,0
27,3,3,Isolados,"Z=78 Pt (vida longa)",78,1,0
27,3,3,Isolados,"Z=98 Cf (vida longa)",98,0,0
27,3,1,Incrementalistas,"Z=99 Es (vida longa)",99,0,1
27,3,2,Evolucionistas,"Z=32 Ge (vida longa)",32,0,1
27,4,0,Empiristas,"Z=16 S (vida longa)",16,1,0
27,4,1,Incrementalistas,"Z=98 Cf (vida longa)",98,0,0
27,4,1,Incrementalistas,"Z=96 Cm (vida longa)",96,1,0
27,4,2,Evolucionistas,"Z=19 K (vida longa)",19,1,0
27,4,3,Isolados,"Z=47 Ag (vida longa)",47,1,0
27,5,0,Empiristas,"Z=112 Cn (vida longa)",112,1,0
27,5,0,Empiristas,"Z=4 Be (vida longa)",4,1,0
27,5,1,Incrementalistas,"Z=26 Fe (vida longa)",26,1,0
27,5,3,Isolados,"Z=76 Os (vida longa)",76,1,0
27,6,0,Empiristas,"Z=94 Pu (vida longa)",94,1,0
27,6,0,Empiristas,"Z=115 Mc (vida longa)",115,1,0
27,6,3,Isolados,"Z=44 Ru (vida longa)",44,1,0
27,6,3,Isolados,"Z=75 Re (vida longa)",75,1,0
27,6,0,Empiristas,"Z=99 Es (vida longa)",99,0,1
27,6,0,Empiristas,"Z=98 Cf (vida longa)",98,0,1
27,6,1,Incrementalistas,"Z=115 Mc (vida longa)",115,0,1
27,6,1,Incrementalistas,"Z=4 Be (vida longa)",4,0,1
27,6,2,Evolucionistas,"Z=115 Mc (vida longa)",115,0,1
27,6,2,Evolucionistas,"Z=24 Cr (vida longa)",24,0,1
27,7,0,Empiristas,"Z=97 Bk (vida longa)",97,0,0
27,7,1,Incrementalistas,"Z=34 Se (vida longa)",34,1,0
27,7,3,Isolados,"Z=48 Cd (vida longa)",48,1,0
27,8,0,Empiristas,"Z=61 Pm (vida longa)",61,1,0
27,8,2,Evolucionistas,"Z=114 Fl (vida longa)",114,0,0
27,8,3,Isolados,"Z=74 W (vida longa)",74,1,0
27,9,2,Evolucionistas,"Z=112 Cn (vida longa)",112,0,0
27,9,2,Evolucionistas,"Z=113 Nh (vida longa)",113,0,0
27,10,0,Empiristas,"Z=109 Mt (vida longa)",109,1,0
27,10,0,Empiristas,"Z=14 Si (vida longa)",14,1,0
27,10,0,Empiristas,"Z=5 B (vida longa)",5,1,0
27,10,3,Isolados,"Z=96 Cm (vida longa)",96,0,0
27,11,0,Empiristas,"Z=44 Ru (vida longa)",44,0,0
27,11,0,Empiristas,"Z=110 Ds (vida longa)",110,1,0
27,11,0,Empiristas,"Z=10 Ne (vida longa)",10,1,0
27,11,1,Incrementalistas,"Z=97 Bk (vida longa)",97,0,0
27,11,2,Evolucionistas,"Z=111 Rg (vida longa)",111,1,0
27,11,3,Isolados,"Z=93 Np (vida longa)",93,1,0
27,12,2,Evolucionistas,"Z=96 Cm (vida longa)",96,0,0
27,12,3,Isolados,"Z=90 Th (vida longa)",90,1,0
27,12,3,Isolados,"Z=92 U (vida longa)",92,1,0
27,12,3,Isolados,"Z=72 Hf (vida longa)",72,1,0
27,13,0,Empiristas,"Z=101 Md (vida longa)",101,1,0
27,13,1,Incrementalistas,"Z=31 Ga (vida longa)",31,1,0
27,14,0,Empiristas,"Z=6 C (vida longa)",6,1,0
27,14,3,Isolados,"Z=100 Fm (vida longa)",100,1,0
27,14,3,Isolados,"Z=94 Pu (vida longa)",94,0,0
27,15,0,Empiristas,"Z=95 Am (vida longa)",95,1,0
27,15,3,Isolados,"Z=95 Am (vida longa)",95,0,0
27,15,3,Isolados,"Z=80 Hg (vida longa)",80,1,0
27,16,0,Empiristas,"Z=46 Pd (vida longa)",46,1,0
27,16,0,Empiristas,"Z=60 Nd (vida longa)",60,1,0
27,16,1,Incrementalistas,"Z=111 Rg (vida longa)",111,0,1
27,17,0,Empiristas,"Z=92 U (vida longa)",92,0,0
27,17,1,Incrementalistas,"Z=112 Cn (vida longa)",112,0,0
27,17,2,Evolucionistas,"Z=95 Am (vida longa)",95,0,0
27,17,3,Isolados,"Z=97 Bk (vida longa)",97,0,0
27,18,0,Empiristas,"Z=79 Au (vida longa)",79,1,0
27,18,0,Empiristas,"Z=86 Rn (vida longa)",86,1,0
27,18,1,Incrementalistas,"Z=110 Ds (vida longa)",110,0,0
27,19,1,Incrementalistas,"Z=109 Mt (vida longa)",109,0,0
27,19,2,Evolucionistas,"Z=23 V (vida longa)",23,1,0
27,19,1,Incrementalistas,"Z=6 C (vida longa)",6,0,1
27,19,0,Empiristas,"Z=96 Cm (vida longa)",96,0,1
27,20,0,Empiristas,"Z=3 Li (vida longa)",3,1,0
27,20,1,Incrementalistas,"Z=108 Hs (vida longa)",108,1,0
27,21,3,Isolados,"Z=14 Si (vida longa)",14,0,0
27,22,1,Incrementalistas,"Z=113 Nh (vida longa)",113,0,0
27,23,0,Empiristas,"Z=33 As (vida longa)",33,1,0
27,23,3,Isolados,"Z=53 I (vida longa)",53,1,0
27,24,0,Empiristas,"Z=32 Ge (vida longa)",32,0,0
27,24,0,Empiristas,"Z=108 Hs (vida longa)",108,0,0
27,24,3,Isolados,"Z=91 Pa (vida longa)",91,1,0
27,24,3,Isolados,"Z=99 Es (vida longa)",99,0,0
27,25,1,Incrementalistas,"Z=114 Fl (vida longa)",114,0,0
27,25,2,Evolucionistas,"Z=109 Mt (vida longa)",109,0,0
27,25,2,Evolucionistas,"Z=110 Ds (vida longa)",110,0,0
27,26,0,Empiristas,"Z=74 W (vida longa)",74,0,0
27,26,0,Empiristas,"Z=15 P (vida longa)",15,1,0
27,26,0,Empiristas,"Z=111 Rg (vida longa)",111,0,0
27,26,1,Incrementalistas,"Z=107 Bh (vida longa)",107,1,0
27,26,2,Evolucionistas,"Z=12 Mg (vida longa)",12,0,0
27,27,3,Isolados,"Z=40 Zr (vida longa)",40,1,0
27,27,2,Evolucionistas,"Z=108 Hs (vida longa)",108,0,1
27,28,0,Empiristas,"Z=106 Sg (vida longa)",106,1,0
27,29,0,Empiristas,"Z=26 Fe (vida longa)",26,0,0
27,30,1,Incrementalistas,"Z=94 Pu (vida longa)",94,0,1
27,30,0,Empiristas,"Z=34 Se (vida longa)",34,0,1
27,31,1,Incrementalistas,"Z=104 Rf (vida longa)",104,1,0
27,31,1,Incrementalistas,"Z=15 P (vida longa)",15,0,1
27,31,1,Incrementalistas,"Z=95 Am (vida longa)",95,0,1
27,32,3,Isolados,"Z=50 Sn (vida longa)",50,1,0
27,32,1,Incrementalistas,"Z=74 W (vida longa)",74,0,1
27,33,2,Evolucionistas,"Z=18 Ar (vida longa)",18,1,0
27,34,0,Empiristas,"Z=30 Zn (vida longa)",30,0,0
27,34,0,Empiristas,"Z=48 Cd (vida longa)",48,0,0
27,34,1,Incrementalistas,"Z=93 Np (vida longa)",93,0,0
27,35,0,Empiristas,"Z=69 Tm (vida longa)",69,1,0
27,36,0,Empiristas,"Z=82 Pb (vida longa)",82,1,0
27,36,0,Empiristas,"Z=100 Fm (vida longa)",100,0,0
27,36,3,Isolados,"Z=104 Rf (vida longa)",104,0,0
27,37,0,Empiristas,"Z=66 Dy (vida longa)",66,1,0
27,37,0,Empiristas,"Z=63 Eu (vida longa)",63,1,0
27,38,0,Empiristas,"Z=77 Ir (vida longa)",77,1,0
27,39,0,Empiristas,"Z=75 Re (vida longa)",75,0,0
27,39,3,Isolados,"Z=101 Md (vida longa)",101,0,0
27,39,3,Isolados,"Z=4 Be (vida longa)",4,0,0
27,40,0,Empiristas,"Z=59 Pr (vida longa)",59,1,0
27,40,2,Evolucionistas,"Z=8 O (vida longa)",8,1,0
27,40,2,Evolucionistas,"Z=93 Np (vida longa)",93,0,1
27,41,0,Empiristas,"Z=56 Ba (vida longa)",56,1,0
27,41,3,Isolados,"Z=103 Lr (vida longa)",103,1,0
27,42,0,Empiristas,"Z=41 Nb (vida longa)",41,1,0
27,42,0,Empiristas,"Z=71 Lu (vida longa)",71,1,0
27,42,2,Evolucionistas,"Z=81 Tl (vida longa)",81,1,0
27,42,1,Incrementalistas,"Z=3 Li (vida longa)",3,0,1
27,43,3,Isolados,"Z=102 No (vida longa)",102,1,0
27,44,0,Empiristas,"Z=70 Yb (vida longa)",70,1,0
27,44,0,Empiristas,"Z=58 Ce (vida longa)",58,1,0
27,44,1,Incrementalistas,"Z=28 Ni (vida longa)",28,1,0
27,44,3,Isolados,"Z=45 Rh (vida longa)",45,1,0
27,44,1,Incrementalistas,"Z=79 Au (vida longa)",79,0,1
27,45,1,Incrementalistas,"Z=25 Mn (vida longa)",25,1,0
27,46,3,Isolados,"Z=111 Rg (vida longa)",111,0,0
27,47,1,Incrementalistas,"Z=50 Sn (vida longa)",50,0,0
27,47,1,Incrementalistas,"Z=100 Fm (vida longa)",100,0,0
27,47,3,Isolados,"Z=15 P (vida longa)",15,0,0
27,49,0,Empiristas,"Z=27 Co (vida longa)",27,1,0
27,49,3,Isolados,"Z=8 O (vida longa)",8,0,0
27,49,3,Isolados,"Z=113 Nh (vida longa)",113,0,0
27,49,2,Evolucionistas,"Z=94 Pu (vida longa)",94,0,1
27,50,1,Incrementalistas,"Z=76 Os (vida longa)",76,0,0
27,50,3,Isolados,"Z=52 Te (vida longa)",52,1,0
27,50,3,Isolados,"Z=86 Rn (vida longa)",86,0,0
27,50,3,Isolados,"Z=107 Bh (vida longa)",107,0,0
27,51,0,Empiristas,"Z=39 Y (vida longa)",39,1,0
27,51,2,Evolucionistas,"Z=20 Ca (vida longa)",20,0,0
27,51,3,Isolados,"Z=110 Ds (vida longa)",110,0,0
27,51,3,Isolados,"Z=105 Db (vida longa)",105,1,0
27,52,0,Empiristas,"Z=73 Ta (vida longa)",73,1,0
27,52,3,Isolados,"Z=2 He (vida longa)",2,1,0
27,53,3,Isolados,"Z=38 Sr (vida longa)",38,1,0
27,54,0,Empiristas,"Z=68 Er (vida longa)",68,1,0
27,54,0,Empiristas,"Z=2 He (vida longa)",2,0,0
27,54,0,Empiristas,"Z=45 Rh (vida longa)",45,0,0
27,54,3,Isolados,"Z=106 Sg (vida longa)",106,0,0
27,55,3,Isolados,"Z=109 Mt (vida longa)",109,0,0
27,55,3,Isolados,"Z=108 Hs (vida longa)",108,0,0
27,55,1,Incrementalistas,"Z=58 Ce (vida longa)",58,0,1
27,56,3,Isolados,"Z=114 Fl (vida longa)",114,0,0
27,57,0,Empiristas,"Z=8 O (vida longa)",8,0,0
27,57,2,Evolucionistas,"Z=58 Ce (vida longa)",58,0,0
27,58,0,Empiristas,"Z=13 Al (vida longa)",13,1,0
27,58,0,Empiristas,"Z=62 Sm (vida longa)",62,1,0
27,58,3,Isolados,"Z=88 Ra (vida longa)",88,1,0
27,58,3,Isolados,"Z=112 Cn (vida longa)",112,0,0
27,59,0,Empiristas,"Z=80 Hg (vida longa)",80,0,0
27,59,0,Empiristas,"Z=90 Th (vida longa)",90,0,0
27,59,2,Evolucionistas,"Z=92 U (vida longa)",92,0,0
27,59,1,Incrementalistas,"Z=71 Lu (vida longa)",71,0,1
27,60,1,Incrementalistas,"Z=52 Te (vida longa)",52,0,0
27,61,2,Evolucionistas,"Z=27 Co (vida longa)",27,0,0
27,62,0,Empiristas,"Z=78 Pt (vida longa)",78,0,0
27,62,2,Evolucionistas,"Z=3 Li (vida longa)",3,0,1
27,63,0,Empiristas,"Z=83 Bi (vida longa)",83,1,0
27,63,1,Incrementalistas,"Z=73 Ta (vida longa)",73,0,0
27,63,3,Isolados,"Z=70 Yb (vida longa)",70,0,0
27,63,2,Evolucionistas,"Z=4 Be (vida longa)",4,0,1
27,64,0,Empiristas,"Z=17 Cl (vida longa)",17,1,0
27,64,0,Empiristas,"Z=29 Cu (vida longa)",29,1,0
27,64,3,Isolados,"Z=6 C (vida longa)",6,0,0
27,65,0,Empiristas,"Z=38 Sr (vida longa)",38,0,0
27,65,0,Empiristas,"Z=18 Ar (vida longa)",18,0,0
27,65,3,Isolados,"Z=115 Mc (vida longa)",115,0,0
27,65,0,Empiristas,"Z=76 Os (vida longa)",76,0,1
27,65,1,Incrementalistas,"Z=48 Cd (vida longa)",48,0,1
27,65,1,Incrementalistas,"Z=27 Co (vida longa)",27,0,1
27,66,0,Empiristas,"Z=42 Mo (vida longa)",42,1,0
27,66,0,Empiristas,"Z=35 Br (vida longa)",35,1,0
27,66,1,Incrementalistas,"nucleos efemeros",96.2897,0,0
27,66,1,Incrementalistas,"Z=56 Ba (vida longa)",56,0,0
27,66,2,Evolucionistas,"Z=106 Sg (vida longa)",106,0,0
27,68,0,Empiristas,"Z=28 Ni (vida longa)",28,0,0
27,68,0,Empiristas,"Z=52 Te (vida longa)",52,0,0
27,69,0,Empiristas,"Z=93 Np (vida longa)",93,0,0
27,69,1,Incrementalistas,"Z=85 At (vida longa)",85,1,0
27,69,3,Isolados,"Z=13 Al (vida longa)",13,0,0
27,69,3,Isolados,"Z=68 Er (vida longa)",68,0,0
27,70,0,Empiristas,"Z=50 Sn (vida longa)",50,0,0
27,70,2,Evolucionistas,"Z=89 Ac (vida longa)",89,1,0
27,70,3,Isolados,"Z=3 Li (vida longa)",3,0,0
27,71,2,Evolucionistas,"Z=44 Ru (vida longa)",44,0,0
27,71,2,Evolucionistas,"Z=82 Pb (vida longa)",82,0,0
27,71,3,Isolados,"Z=60 Nd (vida longa)",60,0,0
27,71,2,Evolucionistas,"Z=15 P (vida longa)",15,0,1
27,72,1,Incrementalistas,"Z=110 Ds (vida longa)",110,0,0
27,72,1,Incrementalistas,"Z=115 Mc (vida longa)",115,0,1
27,72,0,Empiristas,"Z=85 At (vida longa)",85,0,1
27,73,0,Empiristas,"Z=57 La (vida longa)",57,1,0
27,73,0,Empiristas,"Z=72 Hf (vida longa)",72,0,0
27,74,1,Incrementalistas,"Z=108 Hs (vida longa)",108,0,0
27,74,1,Incrementalistas,"Z=33 As (vida longa)",33,0,1
27,75,2,Evolucionistas,"Z=14 Si (vida longa)",14,0,0
27,75,2,Evolucionistas,"Z=46 Pd (vida longa)",46,0,0
27,75,3,Isolados,"Z=19 K (vida longa)",19,0,0
27,75,3,Isolados,"Z=17 Cl (vida longa)",17,0,0
27,76,0,Empiristas,"Z=25 Mn (vida longa)",25,0,0
27,76,0,Empiristas,"Z=65 Tb (vida longa)",65,1,0
27,76,3,Isolados,"Z=30 Zn (vida longa)",30,0,0
27,77,0,Empiristas,"Z=43 Tc (vida longa)",43,1,0
27,77,2,Evolucionistas,"Z=25 Mn (vida longa)",25,0,1
27,78,0,Empiristas,"Z=7 N (vida longa)",7,1,0
27,78,2,Evolucionistas,"Z=5 B (vida longa)",5,0,0
27,79,1,Incrementalistas,"Z=95 Am (vida longa)",95,0,0
27,80,2,Evolucionistas,"Z=39 Y (vida longa)",39,0,0
27,80,1,Incrementalistas,"Z=18 Ar (vida longa)",18,0,1
27,81,0,Empiristas,"Z=88 Ra (vida longa)",88,0,0
27,81,0,Empiristas,"Z=87 Fr (vida longa)",87,1,0
27,81,2,Evolucionistas,"Z=48 Cd (vida longa)",48,0,0
27,81,3,Isolados,"Z=18 Ar (vida longa)",18,0,0
27,81,3,Isolados,"Z=16 S (vida longa)",16,0,0
27,82,1,Incrementalistas,"Z=81 Tl (vida longa)",81,0,0
27,82,2,Evolucionistas,"Z=101 Md (vida longa)",101,0,0
27,83,0,Empiristas,"Z=89 Ac (vida longa)",89,0,0
27,83,2,Evolucionistas,"Z=53 I (vida longa)",53,0,0
27,83,3,Isolados,"Z=46 Pd (vida longa)",46,0,0
27,84,2,Evolucionistas,"Z=71 Lu (vida longa)",71,0,0
27,84,3,Isolados,"Z=5 B (vida longa)",5,0,0
27,84,2,Evolucionistas,"Z=88 Ra (vida longa)",88,0,1
27,85,0,Empiristas,"Z=36 Kr (vida longa)",36,1,0
27,85,0,Empiristas,"Z=22 Ti (vida longa)",22,1,0
27,85,1,Incrementalistas,"Z=114 Fl (vida longa)",114,0,0
27,86,1,Incrementalistas,"Z=109 Mt (vida longa)",109,0,0
27,86,2,Evolucionistas,"Z=78 Pt (vida longa)",78,0,0
27,86,1,Incrementalistas,"Z=115 Mc (vida longa)",115,0,1
27,86,1,Incrementalistas,"Z=39 Y (vida longa)",39,0,1
27,87,1,Incrementalistas,"Z=54 Xe (vida longa)",54,1,0
27,88,0,Empiristas,"Z=37 Rb (vida longa)",37,1,0
27,88,0,Empiristas,"Z=54 Xe (vida longa)",54,0,0
27,88,1,Incrementalistas,"Z=106 Sg (vida longa)",106,0,0
27,88,1,Incrementalistas,"Z=94 Pu (vida longa)",94,0,0
27,89,0,Empiristas,"Z=81 Tl (vida longa)",81,0,0
27,89,0,Empiristas,"Z=12 Mg (vida longa)",12,0,0
27,89,3,Isolados,"Z=49 In (vida longa)",49,1,0
27,90,0,Empiristas,"Z=19 K (vida longa)",19,0,0
27,91,0,Empiristas,"Z=23 V (vida longa)",23,0,0
27,91,1,Incrementalistas,"Z=14 Si (vida longa)",14,0,0
27,91,1,Incrementalistas,"Z=38 Sr (vida longa)",38,0,0
27,91,2,Evolucionistas,"Z=26 Fe (vida longa)",26,0,0
27,91,2,Evolucionistas,"Z=13 Al (vida longa)",13,0,0
27,91,1,Incrementalistas,"Z=13 Al (vida longa)",13,0,1
27,92,3,Isolados,"Z=28 Ni (vida longa)",28,0,0
27,93,2,Evolucionistas,"Z=85 At (vida longa)",85,0,0
27,93,3,Isolados,"Z=71 Lu (vida longa)",71,0,0
27,94,2,Evolucionistas,"Z=67 Ho (vida longa)",67,1,0
27,94,1,Incrementalistas,"Z=50 Sn (vida longa)",50,0,1
27,95,1,Incrementalistas,"Z=91 Pa (vida longa)",91,0,0
27,95,2,Evolucionistas,"Z=56 Ba (vida longa)",56,0,0
27,95,3,Isolados,"Z=64 Gd (vida longa)",64,1,0
27,95,2,Evolucionistas,"Z=34 Se (vida longa)",34,0,1
27,95,1,Incrementalistas,"Z=24 Cr (vida longa)",24,0,1
27,97,0,Empiristas,"Z=21 Sc (vida longa)",21,1,0
27,97,0,Empiristas,"Z=84 Po (vida longa)",84,1,0
27,98,0,Empiristas,"Z=64 Gd (vida longa)",64,0,0
27,98,1,Incrementalistas,"Z=12 Mg (vida longa)",12,0,0
27,99,0,Empiristas,"Z=40 Zr (vida longa)",40,0,0
27,99,2,Evolucionistas,"Z=52 Te (vida longa)",52,0,0
27,99,2,Evolucionistas,"Z=16 S (vida longa)",16,0,0
27,100,2,Evolucionistas,"Z=60 Nd (vida longa)",60,0,0
27,101,2,Evolucionistas,"Z=72 Hf (vida longa)",72,0,0
27,101,2,Evolucionistas,"Z=100 Fm (vida longa)",100,0,0
27,101,1,Incrementalistas,"Z=21 Sc (vida longa)",21,0,1
27,101,0,Empiristas,"Z=24 Cr (vida longa)",24,0,1
27,102,1,Incrementalistas,"Z=92 U (vida longa)",92,0,0
27,102,2,Evolucionistas,"Z=7 N (vida longa)",7,0,0
27,102,1,Incrementalistas,"Z=19 K (vida longa)",19,0,1
27,104,2,Evolucionistas,"Z=10 Ne (vida longa)",10,0,0
27,104,3,Isolados,"Z=51 Sb (vida longa)",51,1,0
27,104,3,Isolados,"Z=62 Sm (vida longa)",62,0,0
27,105,0,Empiristas,"Z=11 Na (vida longa)",11,1,0
27,105,1,Incrementalistas,"Z=57 La (vida longa)",57,0,1
27,106,0,Empiristas,"Z=105 Db (vida longa)",105,0,0
27,106,3,Isolados,"Z=61 Pm (vida longa)",61,0,0
27,106,3,Isolados,"Z=85 At (vida longa)",85,0,0
27,107,1,Incrementalistas,"Z=80 Hg (vida longa)",80,0,0
27,107,1,Incrementalistas,"Z=40 Zr (vida longa)",40,0,0
27,107,3,Isolados,"Z=87 Fr (vida longa)",87,0,0
27,108,0,Empiristas,"Z=9 F (vida longa)",9,1,0
27,108,3,Isolados,"Z=83 Bi (vida longa)",83,0,0
27,109,2,Evolucionistas,"Z=30 Zn (vida longa)",30,0,0
27,110,1,Incrementalistas,"Z=61 Pm (vida longa)",61,0,0
27,110,2,Evolucionistas,"Z=75 Re (vida longa)",75,0,0
27,110,3,Isolados,"Z=26 Fe (vida longa)",26,0,0
27,111,0,Empiristas,"Z=31 Ga (vida longa)",31,0,0
27,111,1,Incrementalistas,"Z=47 Ag (vida longa)",47,0,0
27,111,2,Evolucionistas,"Z=91 Pa (vida longa)",91,0,0
27,111,2,Evolucionistas,"Z=41 Nb (vida longa)",41,0,0
27,112,1,Incrementalistas,"Z=16 S (vida longa)",16,0,0
27,112,2,Evolucionistas,"Z=51 Sb (vida longa)",51,0,0
27,112,2,Evolucionistas,"Z=38 Sr (vida longa)",38,0,0
27,112,2,Evolucionistas,"Z=6 C (vida longa)",6,0,0
27,113,0,Empiristas,"Z=103 Lr (vida longa)",103,0,0
27,113,1,Incrementalistas,"Z=97 Bk (vida longa)",97,0,0
27,113,3,Isolados,"Z=9 F (vida longa)",9,0,0
27,114,1,Incrementalistas,"Z=58 Ce (vida longa)",58,0,0
27,114,2,Evolucionistas,"Z=33 As (vida longa)",33,0,0
27,114,2,Evolucionistas,"Z=29 Cu (vida longa)",29,0,0
27,114,2,Evolucionistas,"Z=49 In (vida longa)",49,0,0
27,116,1,Incrementalistas,"Z=49 In (vida longa)",49,0,0
27,116,2,Evolucionistas,"Z=74 W (vida longa)",74,0,0
27,116,2,Evolucionistas,"Z=70 Yb (vida longa)",70,0,0
27,116,3,Isolados,"Z=77 Ir (vida longa)",77,0,0
27,116,1,Incrementalistas,"Z=72 Hf (vida longa)",72,0,1
27,117,1,Incrementalistas,"Z=17 Cl (vida longa)",17,0,0
27,117,1,Incrementalistas,"Z=70 Yb (vida longa)",70,0,0
27,117,1,Incrementalistas,"Z=99 Es (vida longa)",99,0,0
27,117,1,Incrementalistas,"Z=90 Th (vida longa)",90,0,0
27,117,1,Incrementalistas,"Z=46 Pd (vida longa)",46,0,0
27,117,1,Incrementalistas,"Z=75 Re (vida longa)",75,0,0
27,117,2,Evolucionistas,"Z=62 Sm (vida longa)",62,0,0
27,117,2,Evolucionistas,"Z=76 Os (vida longa)",76,0,0
27,117,3,Isolados,"Z=24 Cr (vida longa)",24,0,0
27,117,3,Isolados,"Z=79 Au (vida longa)",79,0,0
27,118,2,Evolucionistas,"Z=114 Fl (vida longa)",114,0,0
27,118,2,Evolucionistas,"Z=113 Nh (vida longa)",113,0,0
27,118,2,Evolucionistas,"Z=110 Ds (vida longa)",110,0,0
27,118,3,Isolados,"Z=54 Xe (vida longa)",54,0,0
27,119,0,Empiristas,"Z=51 Sb (vida longa)",51,0,0
27,119,1,Incrementalistas,"Z=68 Er (vida longa)",68,0,0
27,119,2,Evolucionistas,"Z=107 Bh (vida longa)",107,0,0
27,120,0,Empiristas,"Z=53 I (vida longa)",53,0,0
27,120,1,Incrementalistas,"Z=82 Pb (vida longa)",82,0,0
27,120,2,Evolucionistas,"Z=115 Mc (vida longa)",115,0,0
27,120,2,Evolucionistas,"Z=50 Sn (vida longa)",50,0,0
27,120,2,Evolucionistas,"Z=109 Mt (vida longa)",109,0,0
27,121,1,Incrementalistas,"Z=25 Mn (vida longa)",25,0,0
27,121,1,Incrementalistas,"Z=29 Cu (vida longa)",29,0,0
27,122,2,Evolucionistas,"Z=81 Tl (vida longa)",81,0,0
27,122,2,Evolucionistas,"Z=65 Tb (vida longa)",65,0,0
27,122,3,Isolados,"Z=10 Ne (vida longa)",10,0,0
27,123,1,Incrementalistas,"Z=78 Pt (vida longa)",78,0,0
27,123,1,Incrementalistas,"Z=107 Bh (vida longa)",107,0,0
27,123,2,Evolucionistas,"Z=2 He (vida longa)",2,0,0
27,123,2,Evolucionistas,"Z=15 P (vida longa)",15,0,1
27,124,3,Isolados,"Z=20 Ca (vida longa)",20,0,0
27,126,1,Incrementalistas,"Z=32 Ge (vida longa)",32,0,0
27,126,2,Evolucionistas,"Z=11 Na (vida longa)",11,0,0
27,127,3,Isolados,"Z=84 Po (vida longa)",84,0,0
27,128,0,Empiristas,"Z=107 Bh (vida longa)",107,0,0
27,128,1,Incrementalistas,"Z=77 Ir (vida longa)",77,0,0
27,129,2,Evolucionistas,"Z=54 Xe (vida longa)",54,0,0
27,129,2,Evolucionistas,"Z=28 Ni (vida longa)",28,0,0
27,129,2,Evolucionistas,"Z=61 Pm (vida longa)",61,0,0
27,130,1,Incrementalistas,"Z=8 O (vida longa)",8,0,0
27,130,1,Incrementalistas,"Z=4 Be (vida longa)",4,0,0
27,130,2,Evolucionistas,"Z=25 Mn (vida longa)",25,0,0
27,130,2,Evolucionistas,"Z=37 Rb (vida longa)",37,0,0
27,131,1,Incrementalistas,"Z=10 Ne (vida longa)",10,0,0
27,131,3,Isolados,"Z=43 Tc (vida longa)",43,0,0
27,131,3,Isolados,"Z=27 Co (vida longa)",27,0,0
27,131,3,Isolados,"Z=35 Br (vida longa)",35,0,0
27,132,2,Evolucionistas,"Z=77 Ir (vida longa)",77,0,0
27,132,2,Evolucionistas,"Z=57 La (vida longa)",57,0,1
27,133,0,Empiristas,"Z=91 Pa (vida longa)",91,0,0
27,133,3,Isolados,"Z=21 Sc (vida longa)",21,0,0
27,134,0,Empiristas,"Z=104 Rf (vida longa)",104,0,0
27,134,1,Incrementalistas,"Z=83 Bi (vida longa)",83,0,0
27,134,2,Evolucionistas,"Z=84 Po (vida longa)",84,0,0
27,134,3,Isolados,"Z=42 Mo (vida longa)",42,0,0
27,135,1,Incrementalistas,"Z=2 He (vida longa)",2,0,0
27,135,1,Incrementalistas,"Z=104 Rf (vida longa)",104,0,0
27,135,3,Isolados,"Z=73 Ta (vida longa)",73,0,0
27,136,1,Incrementalistas,"Z=23 V (vida longa)",23,0,0
27,136,2,Evolucionistas,"Z=22 Ti (vida longa)",22,0,0
27,136,1,Incrementalistas,"Z=101 Md (vida longa)",101,0,1
27,137,0,Empiristas,"Z=49 In (vida longa)",49,0,0
27,138,1,Incrementalistas,"Z=66 Dy (vida longa)",66,0,0
27,138,1,Incrementalistas,"Z=20 Ca (vida longa)",20,0,0
27,138,1,Incrementalistas,"Z=53 I (vida longa)",53,0,0
27,138,1,Incrementalistas,"Z=69 Tm (vida longa)",69,0,0
27,138,3,Isolados,"Z=32 Ge (vida longa)",32,0,0
27,139,0,Empiristas,"Z=102 No (vida longa)",102,0,0
27,139,1,Incrementalistas,"Z=63 Eu (vida longa)",63,0,1
27,140,0,Empiristas,"Z=67 Ho (vida longa)",67,0,0
27,141,1,Incrementalistas,"nucleos efemeros",17.5211,0,0
27,141,1,Incrementalistas,"Z=111 Rg (vida longa)",111,0,0
27,141,1,Incrementalistas,"Z=110 Ds (vida longa)",110,0,0
27,141,2,Evolucionistas,"Z=40 Zr (vida longa)",40,0,0
27,141,2,Evolucionistas,"Z=52 Te (vida longa)",52,0,0
27,141,3,Isolados,"Z=56 Ba (vida longa)",56,0,0
27,141,3,Isolados,"Z=33 As (vida longa)",33,0,0
27,142,1,Incrementalistas,"Z=109 Mt (vida longa)",109,0,0
27,142,1,Incrementalistas,"Z=115 Mc (vida longa)",115,0,0
27,142,2,Evolucionistas,"Z=90 Th (vida longa)",90,0,0
27,142,2,Evolucionistas,"Z=102 No (vida longa)",102,0,0
27,143,1,Incrementalistas,"Z=108 Hs (vida longa)",108,0,0
27,143,2,Evolucionistas,"Z=23 V (vida longa)",23,0,0
27,144,1,Incrementalistas,"Z=92 U (vida longa)",92,0,0
27,144,2,Evolucionistas,"Z=64 Gd (vida longa)",64,0,0
27,144,3,Isolados,"Z=36 Kr (vida longa)",36,0,0
27,144,3,Isolados,"Z=81 Tl (vida longa)",81,0,0
27,146,1,Incrementalistas,"Z=14 Si (vida longa)",14,0,0
27,146,2,Evolucionistas,"Z=73 Ta (vida longa)",73,0,0
27,146,2,Evolucionistas,"Z=68 Er (vida longa)",68,0,0
27,146,2,Evolucionistas,"Z=31 Ga (vida longa)",31,0,0
27,147,1,Incrementalistas,"Z=69 Tm (vida longa)",69,0,0
27,147,1,Incrementalistas,"Z=7 N (vida longa)",7,0,0
27,147,3,Isolados,"Z=63 Eu (vida longa)",63,0,0
27,148,3,Isolados,"Z=22 Ti (vida longa)",22,0,0
27,149,0,Empiristas,"Z=55 Cs (vida longa)",55,1,0
27,149,2,Evolucionistas,"Z=108 Hs (vida longa)",108,0,0
27,149,2,Evolucionistas,"Z=42 Mo (vida longa)",42,0,0
27,150,1,Incrementalistas,"Z=104 Rf (vida longa)",104,0,0
27,150,2,Evolucionistas,"Z=62 Sm (vida longa)",62,0,0
27,150,2,Evolucionistas,"Z=85 At (vida longa)",85,0,0
27,150,2,Evolucionistas,"Z=49 In (vida longa)",49,0,0
27,150,3,Isolados,"Z=39 Y (vida longa)",39,0,0
27,151,1,Incrementalistas,"Z=88 Ra (vida longa)",88,0,0
27,151,2,Evolucionistas,"Z=67 Ho (vida longa)",67,0,0
27,152,1,Incrementalistas,"Z=81 Tl (vida longa)",81,0,0
27,152,1,Incrementalistas,"Z=22 Ti (vida longa)",22,0,0
27,152,3,Isolados,"Z=82 Pb (vida longa)",82,0,0
27,152,2,Evolucionistas,"Z=103 Lr (vida longa)",103,0,1
27,152,1,Incrementalistas,"Z=65 Tb (vida longa)",65,0,1
27,153,1,Incrementalistas,"Z=36 Kr (vida longa)",36,0,0
27,153,1,Incrementalistas,"Z=43 Tc (vida longa)",43,0,0
27,153,1,Incrementalistas,"Z=64 Gd (vida longa)",64,0,0
27,154,2,Evolucionistas,"Z=59 Pr (vida longa)",59,0,0
27,155,1,Incrementalistas,"Z=25 Mn (vida longa)",25,0,0
27,155,2,Evolucionistas,"Z=13 Al (vida longa)",13,0,0
27,155,3,Isolados,"Z=58 Ce (vida longa)",58,0,0
27,155,1,Incrementalistas,"Z=20 Ca (vida longa)",20,0,1
27,156,1,Incrementalistas,"Z=41 Nb (vida longa)",41,0,0
27,156,2,Evolucionistas,"Z=63 Eu (vida longa)",63,0,0
27,156,2,Evolucionistas,"Z=44 Ru (vida longa)",44,0,0
27,156,2,Evolucionistas,"Z=66 Dy (vida longa)",66,0,0
27,158,1,Incrementalistas,"Z=60 Nd (vida longa)",60,0,0
27,158,1,Incrementalistas,"Z=86 Rn (vida longa)",86,0,0
27,158,1,Incrementalistas,"Z=96 Cm (vida longa)",96,0,0
27,158,2,Evolucionistas,"Z=72 Hf (vida longa)",72,0,0
27,159,2,Evolucionistas,"Z=47 Ag (vida longa)",47,0,0
27,159,3,Isolados,"Z=31 Ga (vida longa)",31,0,0
27,159,3,Isolados,"Z=29 Cu (vida longa)",29,0,0
27,160,1,Incrementalistas,"Z=100 Fm (vida longa)",100,0,0
27,160,1,Incrementalistas,"Z=62 Sm (vida longa)",62,0,0
27,160,3,Isolados,"Z=41 Nb (vida longa)",41,0,0
27,161,1,Incrementalistas,"Z=84 Po (vida longa)",84,0,0
27,161,2,Evolucionistas,"Z=69 Tm (vida longa)",69,0,0
27,161,3,Isolados,"Z=89 Ac (vida longa)",89,0,0
27,162,1,Incrementalistas,"Z=70 Yb (vida longa)",70,0,0
27,163,1,Incrementalistas,"Z=51 Sb (vida longa)",51,0,0
27,163,2,Evolucionistas,"Z=32 Ge (vida longa)",32,0,0
27,164,1,Incrementalistas,"Z=99 Es (vida longa)",99,0,0
27,164,1,Incrementalistas,"Z=71 Lu (vida longa)",71,0,0
27,164,3,Isolados,"Z=67 Ho (vida longa)",67,0,0
27,165,1,Incrementalistas,"Z=38 Sr (vida longa)",38,0,0
27,165,2,Evolucionistas,"Z=9 F (vida longa)",9,0,0
27,165,2,Evolucionistas,"Z=105 Db (vida longa)",105,0,0
27,165,3,Isolados,"Z=11 Na (vida longa)",11,0,0
27,166,0,Empiristas,"Z=47 Ag (vida longa)",47,0,1
27,167,1,Incrementalistas,"Z=45 Rh (vida longa)",45,0,0
27,167,3,Isolados,"Z=65 Tb (vida longa)",65,0,0
27,168,3,Isolados,"Z=34 Se (vida longa)",34,0,0
27,169,1,Incrementalistas,"Z=46 Pd (vida longa)",46,0,0
27,169,2,Evolucionistas,"Z=45 Rh (vida longa)",45,0,0
27,170,1,Incrementalistas,"Z=6 C (vida longa)",6,0,0
27,170,1,Incrementalistas,"Z=42 Mo (vida longa)",42,0,0
27,170,1,Incrementalistas,"Z=44 Ru (vida longa)",44,0,0
27,170,1,Incrementalistas,"Z=77 Ir (vida longa)",77,0,0
27,170,2,Evolucionistas,"Z=83 Bi (vida longa)",83,0,0
27,171,1,Incrementalistas,"Z=35 Br (vida longa)",35,0,0
27,172,1,Incrementalistas,"Z=27 Co (vida longa)",27,0,0
27,172,1,Incrementalistas,"Z=32 Ge (vida longa)",32,0,0
27,172,1,Incrementalistas,"Z=90 Th (vida longa)",90,0,0
27,172,1,Incrementalistas,"Z=31 Ga (vida longa)",31,0,0
27,172,2,Evolucionistas,"Z=86 Rn (vida longa)",86,0,0
27,172,2,Evolucionistas,"Z=17 Cl (vida longa)",17,0,0
27,173,0,Empiristas,"Z=1 H (vida longa)",1,1,0
27,173,1,Incrementalistas,"Z=5 B (vida longa)",5,0,0
27,173,2,Evolucionistas,"Z=29 Cu (vida longa)",29,0,0
27,174,3,Isolados,"Z=23 V (vida longa)",23,0,0
27,174,3,Isolados,"Z=66 Dy (vida longa)",66,0,0
27,175,1,Incrementalistas,"Z=76 Os (vida longa)",76,0,0
27,175,1,Incrementalistas,"Z=21 Sc (vida longa)",21,0,0
27,175,1,Incrementalistas,"Z=102 No (vida longa)",102,0,0
27,175,1,Incrementalistas,"Z=17 Cl (vida longa)",17,0,0
27,175,2,Evolucionistas,"Z=21 Sc (vida longa)",21,0,0
27,177,3,Isolados,"Z=55 Cs (vida longa)",55,0,0
27,177,3,Isolados,"Z=59 Pr (vida longa)",59,0,0
27,178,2,Evolucionistas,"Z=36 Kr (vida longa)",36,0,0
27,179,1,Incrementalistas,"Z=83 Bi (vida longa)",83,0,0
27,179,1,Incrementalistas,"Z=106 Sg (vida longa)",106,0,0
27,179,1,Incrementalistas,"Z=26 Fe (vida longa)",26,0,0
27,180,3,Isolados,"Z=69 Tm (vida longa)",69,0,0
27,180,3,Isolados,"Z=25 Mn (vida longa)",25,0,0
27,182,2,Evolucionistas,"Z=79 Au (vida longa)",79,0,0
27,184,1,Incrementalistas,"Z=55 Cs (vida longa)",55,0,0
27,184,3,Isolados,"Z=57 La (vida longa)",57,0,0
27,184,1,Incrementalistas,"Z=67 Ho (vida longa)",67,0,1
27,185,1,Incrementalistas,"Z=87 Fr (vida longa)",87,0,0
27,186,3,Isolados,"Z=7 N (vida longa)",7,0,0
27,187,1,Incrementalistas,"Z=73 Ta (vida longa)",73,0,0
27,188,1,Incrementalistas,"Z=89 Ac (vida longa)",89,0,0
27,189,3,Isolados,"Z=37 Rb (vida longa)",37,0,0
27,190,1,Incrementalistas,"Z=105 Db (vida longa)",105,0,0
27,196,2,Evolucionistas,"Z=80 Hg (vida longa)",80,0,0
27,197,1,Incrementalistas,"Z=85 At (vida longa)",85,0,0
27,198,1,Incrementalistas,"Z=103 Lr (vida longa)",103,0,0
27,198,2,Evolucionistas,"Z=43 Tc (vida longa)",43,0,0
27,199,2,Evolucionistas,"Z=72 Hf (vida longa)",72,0,0
27,199,2,Evolucionistas,"Z=109 Mt (vida longa)",109,0,0
27,199,2,Evolucionistas,"Z=111 Rg (vida longa)",111,0,0
27,200,2,Evolucionistas,"Z=101 Md (vida longa)",101,0,0
27,200,2,Evolucionistas,"Z=73 Ta (vida longa)",73,0,0
27,200,2,Evolucionistas,"Z=62 Sm (vida longa)",62,0,0
27,200,2,Evolucionistas,"Z=36 Kr (vida longa)",36,0,0
27,200,2,Evolucionistas,"Z=40 Zr (vida longa)",40,0,0
27,200,2,Evolucionistas,"Z=97 Bk (vida longa)",97,0,1
27,201,1,Incrementalistas,"Z=9 F (vida longa)",9,0,0
27,201,2,Evolucionistas,"Z=78 Pt (vida longa)",78,0,0
27,202,1,Incrementalistas,"Z=37 Rb (vida longa)",37,0,0
27,202,2,Evolucionistas,"Z=76 Os (vida longa)",76,0,0
27,202,2,Evolucionistas,"Z=44 Ru (vida longa)",44,0,0
27,202,2,Evolucionistas,"Z=70 Yb (vida longa)",70,0,0
27,204,2,Evolucionistas,"Z=6 C (vida longa)",6,0,0
27,204,2,Evolucionistas,"Z=71 Lu (vida longa)",71,0,0
27,204,2,Evolucionistas,"Z=54 Xe (vida longa)",54,0,0
27,206,2,Evolucionistas,"Z=21 Sc (vida longa)",21,0,0
27,206,2,Evolucionistas,"Z=38 Sr (vida longa)",38,0,0
27,207,2,Evolucionistas,"Z=56 Ba (vida longa)",56,0,0
27,207,2,Evolucionistas,"Z=35 Br (vida longa)",35,0,0
27,207,2,Evolucionistas,"Z=3 Li (vida longa)",3,0,0
27,207,2,Evolucionistas,"Z=32 Ge (vida longa)",32,0,0
27,208,2,Evolucionistas,"Z=50 Sn (vida longa)",50,0,0
27,209,2,Evolucionistas,"Z=75 Re (vida longa)",75,0,0
27,209,2,Evolucionistas,"Z=77 Ir (vida longa)",77,0,0
27,210,1,Incrementalistas,"Z=3 Li (vida longa)",3,0,0
27,211,2,Evolucionistas,"Z=104 Rf (vida longa)",104,0,0
27,211,2,Evolucionistas,"Z=94 Pu (vida longa)",94,0,0
27,213,2,Evolucionistas,"Z=55 Cs (vida longa)",55,0,0
27,215,1,Incrementalistas,"Z=59 Pr (vida longa)",59,0,0
27,215,1,Incrementalistas,"Z=11 Na (vida longa)",11,0,0
27,216,2,Evolucionistas,"Z=48 Cd (vida longa)",48,0,0
27,216,2,Evolucionistas,"Z=11 Na (vida longa)",11,0,0
27,217,1,Incrementalistas,"Z=1 H (vida longa)",1,0,0
27,223,2,Evolucionistas,"Z=92 U (vida longa)",92,0,0
27,223,2,Evolucionistas,"Z=93 Np (vida longa)",93,0,0
27,225,2,Evolucionistas,"Z=108 Hs (vida longa)",108,0,0
27,226,1,Incrementalistas,"Z=19 K (vida longa)",19,0,0
27,226,1,Incrementalistas,"Z=2 He (vida longa)",2,0,0
27,226,2,Evolucionistas,"Z=7 N (vida longa)",7,0,0
27,228,2,Evolucionistas,"Z=15 P (vida longa)",15,0,0
27,228,2,Evolucionistas,"Z=33 As (vida longa)",33,0,0
27,229,2,Evolucionistas,"Z=87 Fr (vida longa)",87,0,0
27,229,2,Evolucionistas,"Z=16 S (vida longa)",16,0,0
27,229,2,Evolucionistas,"Z=91 Pa (vida longa)",91,0,0
27,249,2,Evolucionistas,"Z=83 Bi (vida longa)",83,0,0
27,273,3,Isolados,"Z=1 H (vida longa)",1,0,0
28,0,0,Empiristas,"nucleos efemeros",50.3842,1,0
28,0,1,Incrementalistas,"nucleos efemeros",52.9944,0,0
28,0,1,Incrementalistas,"Z=35 Br (vida longa)",35,1,0
28,0,2,Evolucionistas,"nucleos efemeros",65.2484,0,0
28,0,3,Isolados,"nucleos efemeros",12.6887,0,0
28,0,3,Isolados,"Z=75 Re (vida longa)",75,1,0
28,0,3,Isolados,"Z=77 Ir (vida longa)",77,1,0
28,0,3,Isolados,"Z=20 Ca (vida longa)",20,1,0
28,0,3,Isolados,"Z=78 Pt (vida longa)",78,1,0
28,1,1,Incrementalistas,"Z=62 Sm (vida longa)",62,1,0
28,1,1,Incrementalistas,"Z=64 Gd (vida longa)",64,1,0
28,1,3,Isolados,"Z=76 Os (vida longa)",76,1,0
28,2,0,Empiristas,"Z=29 Cu (vida longa)",29,1,0
28,2,0,Empiristas,"Z=14 Si (vida longa)",14,1,0
28,3,3,Isolados,"Z=89 Ac (vida longa)",89,1,0
28,3,3,Isolados,"Z=50 Sn (vida longa)",50,1,0
28,3,3,Isolados,"Z=46 Pd (vida longa)",46,1,0
28,3,2,Evolucionistas,"Z=14 Si (vida longa)",14,0,1
28,4,0,Empiristas,"Z=20 Ca (vida longa)",20,0,0
28,4,2,Evolucionistas,"Z=83 Bi (vida longa)",83,1,0
28,4,2,Evolucionistas,"Z=85 At (vida longa)",85,1,0
28,4,3,Isolados,"Z=90 Th (vida longa)",90,1,0
28,5,1,Incrementalistas,"Z=100 Fm (vida longa)",100,1,0
28,5,3,Isolados,"Z=91 Pa (vida longa)",91,1,0
28,5,2,Evolucionistas,"Z=100 Fm (vida longa)",100,0,1
28,6,1,Incrementalistas,"Z=68 Er (vida longa)",68,1,0
28,6,1,Incrementalistas,"Z=66 Dy (vida longa)",66,1,0
28,6,2,Evolucionistas,"Z=80 Hg (vida longa)",80,1,0
28,6,3,Isolados,"Z=92 U (vida longa)",92,1,0
28,7,0,Empiristas,"Z=61 Pm (vida longa)",61,1,0
28,7,1,Incrementalistas,"Z=67 Ho (vida longa)",67,1,0
28,7,1,Incrementalistas,"Z=110 Ds (vida longa)",110,1,0
28,7,2,Evolucionistas,"Z=79 Au (vida longa)",79,1,0
28,7,3,Isolados,"Z=2 He (vida longa)",2,1,0
28,8,1,Incrementalistas,"Z=69 Tm (vida longa)",69,1,0
28,8,3,Isolados,"Z=80 Hg (vida longa)",80,0,0
28,8,3,Isolados,"Z=23 V (vida longa)",23,1,0
28,9,0,Empiristas,"Z=7 N (vida longa)",7,1,0
28,9,0,Empiristas,"Z=18 Ar (vida longa)",18,1,0
28,9,1,Incrementalistas,"Z=113 Nh (vida longa)",113,1,0
28,9,1,Incrementalistas,"Z=65 Tb (vida longa)",65,1,0
28,9,2,Evolucionistas,"Z=98 Cf (vida longa)",98,1,0
28,9,2,Evolucionistas,"Z=101 Md (vida longa)",101,1,0
28,9,3,Isolados,"Z=88 Ra (vida longa)",88,1,0
28,9,3,Isolados,"Z=87 Fr (vida longa)",87,1,0
28,10,0,Empiristas,"Z=5 B (vida longa)",5,1,0
28,10,0,Empiristas,"Z=38 Sr (vida longa)",38,1,0
28,10,1,Incrementalistas,"Z=102 No (vida longa)",102,1,0
28,10,1,Incrementalistas,"Z=112 Cn (vida longa)",112,1,0
28,10,2,Evolucionistas,"Z=86 Rn (vida longa)",86,1,0
28,10,3,Isolados,"Z=85 At (vida longa)",85,0,0
28,10,0,Empiristas,"Z=113 Nh (vida longa)",113,0,1
28,10,0,Empiristas,"Z=66 Dy (vida longa)",66,0,1
28,10,1,Incrementalistas,"Z=38 Sr (vida longa)",38,0,1
28,11,2,Evolucionistas,"Z=103 Lr (vida longa)",103,1,0
28,12,0,Empiristas,"Z=70 Yb (vida longa)",70,1,0
28,12,1,Incrementalistas,"Z=101 Md (vida longa)",101,0,0
28,12,2,Evolucionistas,"Z=90 Th (vida longa)",90,0,0
28,12,2,Evolucionistas,"Z=84 Po (vida longa)",84,1,0
28,13,0,Empiristas,"Z=114 Fl (vida longa)",114,1,0
28,13,0,Empiristas,"Z=105 Db (vida longa)",105,1,0
28,13,1,Incrementalistas,"Z=114 Fl (vida longa)",114,0,0
28,13,1,Incrementalistas,"Z=103 Lr (vida longa)",103,0,0
28,13,3,Isolados,"Z=98 Cf (vida longa)",98,0,0
28,13,3,Isolados,"Z=93 Np (vida longa)",93,1,0
28,14,0,Empiristas,"Z=58 Ce (vida longa)",58,1,0
28,14,3,Isolados,"Z=102 No (vida longa)",102,0,0
28,14,3,Isolados,"Z=96 Cm (vida longa)",96,1,0
28,14,1,Incrementalistas,"Z=90 Th (vida longa)",90,0,1
28,14,2,Evolucionistas,"Z=114 Fl (vida longa)",114,0,1
28,15,0,Empiristas,"Z=68 Er (vida longa)",68,0,0
28,16,1,Incrementalistas,"Z=105 Db (vida longa)",105,0,0
28,16,1,Incrementalistas,"Z=111 Rg (vida longa)",111,1,0
28,16,3,Isolados,"Z=100 Fm (vida longa)",100,0,0
28,17,0,Empiristas,"Z=24 Cr (vida longa)",24,1,0
28,17,2,Evolucionistas,"Z=20 Ca (vida longa)",20,0,1
28,17,0,Empiristas,"Z=83 Bi (vida longa)",83,0,1
28,18,0,Empiristas,"Z=112 Cn (vida longa)",112,0,0
28,18,0,Empiristas,"Z=89 Ac (vida longa)",89,0,0
28,18,2,Evolucionistas,"Z=3 Li (vida longa)",3,1,0
28,18,2,Evolucionistas,"Z=104 Rf (vida longa)",104,1,0
28,18,3,Isolados,"Z=99 Es (vida longa)",99,1,0
28,18,0,Empiristas,"Z=111 Rg (vida longa)",111,0,1
28,19,2,Evolucionistas,"Z=111 Rg (vida longa)",111,0,0
28,19,3,Isolados,"Z=101 Md (vida longa)",101,0,0
28,19,3,Isolados,"Z=103 Lr (vida longa)",103,0,0
28,19,3,Isolados,"Z=97 Bk (vida longa)",97,1,0
28,19,2,Evolucionistas,"Z=113 Nh (vida longa)",113,0,1
28,20,0,Empiristas,"Z=109 Mt (vida longa)",109,1,0
28,20,0,Empiristas,"Z=6 C (vida longa)",6,1,0
28,21,0,Empiristas,"Z=55 Cs (vida longa)",55,1,0
28,21,0,Empiristas,"Z=54 Xe (vida longa)",54,1,0
28,21,0,Empiristas,"Z=28 Ni (vida longa)",28,1,0
28,21,2,Evolucionistas,"Z=109 Mt (vida longa)",109,0,0
28,22,0,Empiristas,"Z=107 Bh (vida longa)",107,1,0
28,22,1,Incrementalistas,"Z=115 Mc (vida longa)",115,1,0
28,22,2,Evolucionistas,"Z=99 Es (vida longa)",99,0,0
28,22,3,Isolados,"Z=4 Be (vida longa)",4,1,0
28,22,3,Isolados,"Z=110 Ds (vida longa)",110,0,0
28,23,0,Empiristas,"Z=108 Hs (vida longa)",108,1,0
28,23,1,Incrementalistas,"Z=109 Mt (vida longa)",109,0,0
28,23,2,Evolucionistas,"Z=6 C (vida longa)",6,0,0
28,23,2,Evolucionistas,"Z=102 No (vida longa)",102,0,0
28,23,3,Isolados,"Z=94 Pu (vida longa)",94,1,0
28,24,0,Empiristas,"Z=80 Hg (vida longa)",80,0,0
28,24,1,Incrementalistas,"Z=106 Sg (vida longa)",106,1,0
28,26,0,Empiristas,"Z=106 Sg (vida longa)",106,0,0
28,26,0,Empiristas,"Z=53 I (vida longa)",53,1,0
28,26,3,Isolados,"Z=109 Mt (vida longa)",109,0,0
28,26,3,Isolados,"Z=95 Am (vida longa)",95,1,0
28,26,2,Evolucionistas,"Z=115 Mc (vida longa)",115,0,1
28,26,2,Evolucionistas,"Z=106 Sg (vida longa)",106,0,1
28,27,0,Empiristas,"Z=43 Tc (vida longa)",43,1,0
28,27,2,Evolucionistas,"Z=54 Xe (vida longa)",54,0,0
28,27,2,Evolucionistas,"Z=112 Cn (vida longa)",112,0,0
28,27,3,Isolados,"Z=3 Li (vida longa)",3,0,0
28,28,0,Empiristas,"Z=104 Rf (vida longa)",104,0,0
28,28,2,Evolucionistas,"Z=60 Nd (vida longa)",60,1,0
28,29,0,Empiristas,"Z=57 La (vida longa)",57,1,0
28,29,1,Incrementalistas,"Z=47 Ag (vida longa)",47,1,0
28,29,2,Evolucionistas,"Z=96 Cm (vida longa)",96,0,0
28,29,3,Isolados,"Z=41 Nb (vida longa)",41,1,0
28,30,0,Empiristas,"Z=67 Ho (vida longa)",67,0,0
28,30,0,Empiristas,"Z=78 Pt (vida longa)",78,0,0
28,30,1,Incrementalistas,"Z=107 Bh (vida longa)",107,0,0
28,30,3,Isolados,"Z=111 Rg (vida longa)",111,0,0
28,31,0,Empiristas,"Z=45 Rh (vida longa)",45,1,0
28,31,0,Empiristas,"Z=48 Cd (vida longa)",48,1,0
28,31,3,Isolados,"Z=106 Sg (vida longa)",106,0,0
28,31,0,Empiristas,"Z=115 Mc (vida longa)",115,0,1
28,32,3,Isolados,"Z=113 Nh (vida longa)",113,0,0
28,32,3,Isolados,"Z=108 Hs (vida longa)",108,0,0
28,33,0,Empiristas,"Z=31 Ga (vida longa)",31,1,0
28,33,2,Evolucionistas,"Z=110 Ds (vida longa)",110,0,0
28,33,3,Isolados,"Z=6 C (vida longa)",6,0,0
28,33,3,Isolados,"Z=8 O (vida longa)",8,1,0
28,34,0,Empiristas,"Z=46 Pd (vida longa)",46,0,0
28,34,2,Evolucionistas,"Z=108 Hs (vida longa)",108,0,0
28,34,1,Incrementalistas,"Z=55 Cs (vida longa)",55,0,1
28,34,0,Empiristas,"Z=90 Th (vida longa)",90,0,1
28,35,0,Empiristas,"Z=56 Ba (vida longa)",56,1,0
28,35,0,Empiristas,"Z=110 Ds (vida longa)",110,0,0
28,36,3,Isolados,"Z=104 Rf (vida longa)",104,0,0
28,37,1,Incrementalistas,"Z=108 Hs (vida longa)",108,0,0
28,37,2,Evolucionistas,"Z=53 I (vida longa)",53,0,0
28,38,1,Incrementalistas,"Z=28 Ni (vida longa)",28,0,0
28,38,3,Isolados,"Z=107 Bh (vida longa)",107,0,0
28,38,3,Isolados,"Z=112 Cn (vida longa)",112,0,0
28,39,0,Empiristas,"Z=102 No (vida longa)",102,0,0
28,40,0,Empiristas,"Z=36 Kr (vida longa)",36,1,0
28,40,3,Isolados,"Z=79 Au (vida longa)",79,0,0
28,43,3,Isolados,"Z=44 Ru (vida longa)",44,1,0
28,43,3,Isolados,"Z=12 Mg (vida longa)",12,1,0
28,43,3,Isolados,"Z=114 Fl (vida longa)",114,0,0
28,43,2,Evolucionistas,"Z=69 Tm (vida longa)",69,0,1
28,43,1,Incrementalistas,"Z=86 Rn (vida longa)",86,0,1
28,44,0,Empiristas,"Z=34 Se (vida longa)",34,1,0
28,44,0,Empiristas,"Z=8 O (vida longa)",8,0,0
28,45,0,Empiristas,"Z=50 Sn (vida longa)",50,0,0
28,45,0,Empiristas,"Z=47 Ag (vida longa)",47,0,0
28,45,1,Incrementalistas,"Z=45 Rh (vida longa)",45,0,0
28,45,2,Evolucionistas,"Z=107 Bh (vida longa)",107,0,0
28,45,0,Empiristas,"Z=64 Gd (vida longa)",64,0,1
28,45,1,Incrementalistas,"Z=54 Xe (vida longa)",54,0,1
28,46,0,Empiristas,"Z=93 Np (vida longa)",93,0,0
28,48,2,Evolucionistas,"Z=66 Dy (vida longa)",66,0,1
28,49,0,Empiristas,"Z=92 U (vida longa)",92,0,0
28,49,0,Empiristas,"Z=25 Mn (vida longa)",25,1,0
28,49,1,Incrementalistas,"Z=56 Ba (vida longa)",56,0,0
28,51,0,Empiristas,"Z=13 Al (vida longa)",13,1,0
28,51,0,Empiristas,"Z=11 Na (vida longa)",11,1,0
28,51,2,Evolucionistas,"Z=16 S (vida longa)",16,1,0
28,52,0,Empiristas,"Z=103 Lr (vida longa)",103,0,0
28,52,1,Incrementalistas,"Z=53 I (vida longa)",53,0,1
28,52,2,Evolucionistas,"Z=64 Gd (vida longa)",64,0,1
28,53,3,Isolados,"Z=63 Eu (vida longa)",63,1,0
28,54,0,Empiristas,"Z=77 Ir (vida longa)",77,0,0
28,54,1,Incrementalistas,"Z=20 Ca (vida longa)",20,0,1
28,55,0,Empiristas,"Z=15 P (vida longa)",15,1,0
28,55,3,Isolados,"Z=48 Cd (vida longa)",48,0,0
28,55,3,Isolados,"Z=58 Ce (vida longa)",58,0,0
28,56,0,Empiristas,"Z=16 S (vida longa)",16,0,0
28,56,3,Isolados,"Z=115 Mc (vida longa)",115,0,0
28,57,0,Empiristas,"Z=21 Sc (vida longa)",21,1,0
28,57,0,Empiristas,"Z=10 Ne (vida longa)",10,1,0
28,57,1,Incrementalistas,"Z=61 Pm (vida longa)",61,0,0
28,58,0,Empiristas,"Z=32 Ge (vida longa)",32,1,0
28,58,0,Empiristas,"Z=2 He (vida longa)",2,0,0
28,58,2,Evolucionistas,"Z=71 Lu (vida longa)",71,1,0
28,59,0,Empiristas,"Z=49 In (vida longa)",49,1,0
28,59,0,Empiristas,"Z=23 V (vida longa)",23,0,0
28,59,2,Evolucionistas,"Z=4 Be (vida longa)",4,0,0
28,59,2,Evolucionistas,"Z=29 Cu (vida longa)",29,0,1
28,60,2,Evolucionistas,"Z=49 In (vida longa)",49,0,1
28,61,0,Empiristas,"Z=3 Li (vida longa)",3,0,0
28,62,0,Empiristas,"Z=101 Md (vida longa)",101,0,0
28,62,0,Empiristas,"Z=52 Te (vida longa)",52,1,0
28,64,1,Incrementalistas,"Z=78 Pt (vida longa)",78,0,1
28,65,0,Empiristas,"Z=4 Be (vida longa)",4,0,0
28,65,0,Empiristas,"Z=60 Nd (vida longa)",60,0,0
28,65,3,Isolados,"Z=74 W (vida longa)",74,1,0
28,65,0,Empiristas,"Z=35 Br (vida longa)",35,0,1
28,65,1,Incrementalistas,"Z=34 Se (vida longa)",34,0,1
28,66,0,Empiristas,"Z=37 Rb (vida longa)",37,1,0
28,66,1,Incrementalistas,"Z=93 Np (vida longa)",93,0,1
28,67,1,Incrementalistas,"Z=52 Te (vida longa)",52,0,0
28,67,2,Evolucionistas,"Z=94 Pu (vida longa)",94,0,0
28,67,3,Isolados,"Z=35 Br (vida longa)",35,0,0
28,67,0,Empiristas,"Z=65 Tb (vida longa)",65,0,1
28,68,3,Isolados,"Z=17 Cl (vida longa)",17,1,0
28,69,0,Empiristas,"Z=30 Zn (vida longa)",30,1,0
28,69,2,Evolucionistas,"Z=17 Cl (vida longa)",17,0,0
28,69,3,Isolados,"Z=18 Ar (vida longa)",18,0,0
28,70,0,Empiristas,"Z=96 Cm (vida longa)",96,0,0
28,70,1,Incrementalistas,"Z=77 Ir (vida longa)",77,0,1
28,72,1,Incrementalistas,"Z=75 Re (vida longa)",75,0,0
28,73,0,Empiristas,"Z=76 Os (vida longa)",76,0,0
28,73,0,Empiristas,"Z=26 Fe (vida longa)",26,1,0
28,74,2,Evolucionistas,"Z=82 Pb (vida longa)",82,1,0
28,74,2,Evolucionistas,"Z=59 Pr (vida longa)",59,1,0
28,75,0,Empiristas,"Z=75 Re (vida longa)",75,0,0
28,75,3,Isolados,"Z=10 Ne (vida longa)",10,0,0
28,75,0,Empiristas,"Z=69 Tm (vida longa)",69,0,1
28,76,0,Empiristas,"Z=100 Fm (vida longa)",100,0,0
28,76,0,Empiristas,"Z=51 Sb (vida longa)",51,1,0
28,77,1,Incrementalistas,"Z=30 Zn (vida longa)",30,0,0
28,77,2,Evolucionistas,"Z=68 Er (vida longa)",68,0,0
28,79,0,Empiristas,"Z=88 Ra (vida longa)",88,0,0
28,79,1,Incrementalistas,"Z=80 Hg (vida longa)",80,0,0
28,79,3,Isolados,"Z=32 Ge (vida longa)",32,0,0
28,80,1,Incrementalistas,"Z=42 Mo (vida longa)",42,1,0
28,80,3,Isolados,"Z=52 Te (vida longa)",52,0,0
28,81,3,Isolados,"Z=82 Pb (vida longa)",82,0,0
28,82,1,Incrementalistas,"Z=46 Pd (vida longa)",46,0,0
28,82,2,Evolucionistas,"Z=78 Pt (vida longa)",78,0,0
28,82,3,Isolados,"Z=30 Zn (vida longa)",30,0,0
28,83,2,Evolucionistas,"Z=97 Bk (vida longa)",97,0,0
28,84,0,Empiristas,"Z=39 Y (vida longa)",39,1,0
28,84,3,Isolados,"Z=84 Po (vida longa)",84,0,0
28,85,0,Empiristas,"Z=40 Zr (vida longa)",40,1,0
28,85,0,Empiristas,"Z=97 Bk (vida longa)",97,0,0
28,85,1,Incrementalistas,"Z=72 Hf (vida longa)",72,1,0
28,85,2,Evolucionistas,"Z=91 Pa (vida longa)",91,0,0
28,85,2,Evolucionistas,"Z=81 Tl (vida longa)",81,1,0
28,85,2,Evolucionistas,"Z=40 Zr (vida longa)",40,0,0
28,87,0,Empiristas,"Z=111 Rg (vida longa)",111,0,0
28,87,1,Incrementalistas,"Z=96 Cm (vida longa)",96,0,0
28,87,2,Evolucionistas,"Z=8 O (vida longa)",8,0,0
28,87,2,Evolucionistas,"Z=62 Sm (vida longa)",62,0,1
28,88,0,Empiristas,"Z=91 Pa (vida longa)",91,0,0
28,88,0,Empiristas,"Z=22 Ti (vida longa)",22,1,0
28,88,2,Evolucionistas,"Z=51 Sb (vida longa)",51,0,0
28,89,0,Empiristas,"Z=65 Tb (vida longa)",65,0,0
28,89,0,Empiristas,"Z=40 Zr (vida longa)",40,0,0
28,89,3,Isolados,"Z=31 Ga (vida longa)",31,0,0
28,90,0,Empiristas,"Z=95 Am (vida longa)",95,0,0
28,90,1,Incrementalistas,"Z=44 Ru (vida longa)",44,0,0
28,90,2,Evolucionistas,"Z=30 Zn (vida longa)",30,0,0
28,90,3,Isolados,"Z=24 Cr (vida longa)",24,0,0
28,91,0,Empiristas,"Z=81 Tl (vida longa)",81,0,0
28,91,0,Empiristas,"Z=44 Ru (vida longa)",44,0,0
28,91,0,Empiristas,"Z=4 Be (vida longa)",4,0,0
28,91,2,Evolucionistas,"Z=95 Am (vida longa)",95,0,0
28,91,3,Isolados,"Z=40 Zr (vida longa)",40,0,0
28,91,3,Isolados,"Z=9 F (vida longa)",9,1,0
28,92,1,Incrementalistas,"Z=32 Ge (vida longa)",32,0,0
28,93,0,Empiristas,"Z=97 Bk (vida longa)",97,0,0
28,93,0,Empiristas,"Z=109 Mt (vida longa)",109,0,0
28,93,0,Empiristas,"Z=110 Ds (vida longa)",110,0,0
28,93,3,Isolados,"Z=86 Rn (vida longa)",86,0,0
28,94,0,Empiristas,"Z=21 Sc (vida longa)",21,0,0
28,94,3,Isolados,"Z=28 Ni (vida longa)",28,0,0
28,96,1,Incrementalistas,"Z=48 Cd (vida longa)",48,0,0
28,96,1,Incrementalistas,"Z=37 Rb (vida longa)",37,0,0
28,96,3,Isolados,"Z=47 Ag (vida longa)",47,0,0
28,96,3,Isolados,"Z=33 As (vida longa)",33,1,0
28,96,3,Isolados,"Z=37 Rb (vida longa)",37,0,0
28,96,1,Incrementalistas,"Z=22 Ti (vida longa)",22,0,1
28,97,0,Empiristas,"Z=12 Mg (vida longa)",12,0,0
28,97,0,Empiristas,"Z=41 Nb (vida longa)",41,0,0
28,97,0,Empiristas,"Z=82 Pb (vida longa)",82,0,0
28,97,3,Isolados,"Z=69 Tm (vida longa)",69,0,0
28,98,1,Incrementalistas,"Z=36 Kr (vida longa)",36,0,0
28,98,1,Incrementalistas,"Z=71 Lu (vida longa)",71,0,1
28,98,2,Evolucionistas,"Z=37 Rb (vida longa)",37,0,1
28,99,0,Empiristas,"Z=71 Lu (vida longa)",71,0,0
28,99,1,Incrementalistas,"Z=58 Ce (vida longa)",58,0,0
28,99,1,Incrementalistas,"Z=70 Yb (vida longa)",70,0,0
28,99,1,Incrementalistas,"Z=51 Sb (vida longa)",51,0,0
28,99,2,Evolucionistas,"Z=56 Ba (vida longa)",56,0,0
28,99,3,Isolados,"Z=81 Tl (vida longa)",81,0,0
28,99,3,Isolados,"Z=22 Ti (vida longa)",22,0,0
28,99,3,Isolados,"Z=61 Pm (vida longa)",61,0,0
28,100,1,Incrementalistas,"Z=40 Zr (vida longa)",40,0,0
28,100,1,Incrementalistas,"Z=19 K (vida longa)",19,1,0
28,101,0,Empiristas,"Z=86 Rn (vida longa)",86,0,0
28,101,0,Empiristas,"Z=94 Pu (vida longa)",94,0,0
28,101,2,Evolucionistas,"Z=93 Np (vida longa)",93,0,0
28,101,3,Isolados,"Z=53 I (vida longa)",53,0,0
28,101,3,Isolados,"Z=66 Dy (vida longa)",66,0,0
28,101,3,Isolados,"Z=11 Na (vida longa)",11,0,0
28,102,2,Evolucionistas,"Z=28 Ni (vida longa)",28,0,0
28,102,3,Isolados,"Z=60 Nd (vida longa)",60,0,0
28,103,1,Incrementalistas,"Z=60 Nd (vida longa)",60,0,0
28,104,3,Isolados,"Z=14 Si (vida longa)",14,0,0
28,104,3,Isolados,"Z=42 Mo (vida longa)",42,0,0
28,104,3,Isolados,"Z=67 Ho (vida longa)",67,0,0
28,104,3,Isolados,"Z=65 Tb (vida longa)",65,0,0
28,105,0,Empiristas,"Z=33 As (vida longa)",33,0,0
28,105,1,Incrementalistas,"Z=16 S (vida longa)",16,0,0
28,105,2,Evolucionistas,"Z=25 Mn (vida longa)",25,0,0
28,105,2,Evolucionistas,"Z=61 Pm (vida longa)",61,0,0
28,106,2,Evolucionistas,"Z=15 P (vida longa)",15,0,0
28,106,3,Isolados,"Z=64 Gd (vida longa)",64,0,0
28,107,1,Incrementalistas,"Z=18 Ar (vida longa)",18,0,0
28,107,2,Evolucionistas,"Z=32 Ge (vida longa)",32,0,0
28,107,3,Isolados,"Z=83 Bi (vida longa)",83,0,0
28,107,1,Incrementalistas,"Z=3 Li (vida longa)",3,0,1
28,108,2,Evolucionistas,"Z=21 Sc (vida longa)",21,0,1
28,108,0,Empiristas,"Z=8 O (vida longa)",8,0,1
28,109,0,Empiristas,"Z=14 Si (vida longa)",14,0,0
28,109,0,Empiristas,"Z=73 Ta (vida longa)",73,1,0
28,109,3,Isolados,"Z=36 Kr (vida longa)",36,0,0
28,110,0,Empiristas,"Z=66 Dy (vida longa)",66,0,0
28,110,0,Empiristas,"Z=27 Co (vida longa)",27,1,0
28,110,1,Incrementalistas,"Z=99 Es (vida longa)",99,0,0
28,110,1,Incrementalistas,"Z=73 Ta (vida longa)",73,0,0
28,110,2,Evolucionistas,"Z=11 Na (vida longa)",11,0,0
28,110,3,Isolados,"Z=56 Ba (vida longa)",56,0,0
28,111,0,Empiristas,"Z=3 Li (vida longa)",3,0,0
28,111,2,Evolucionistas,"Z=58 Ce (vida longa)",58,0,0
28,111,2,Evolucionistas,"Z=52 Te (vida longa)",52,0,0
28,111,1,Incrementalistas,"Z=85 At (vida longa)",85,0,1
28,112,0,Empiristas,"Z=1 H (vida longa)",1,1,0
28,112,0,Empiristas,"Z=18 Ar (vida longa)",18,0,0
28,112,2,Evolucionistas,"Z=72 Hf (vida longa)",72,0,0
28,112,3,Isolados,"Z=25 Mn (vida longa)",25,0,0
28,112,3,Isolados,"Z=19 K (vida longa)",19,0,0
28,113,0,Empiristas,"Z=48 Cd (vida longa)",48,0,0
28,113,3,Isolados,"Z=70 Yb (vida longa)",70,0,0
28,114,1,Incrementalistas,"Z=29 Cu (vida longa)",29,0,1
28,115,0,Empiristas,"Z=42 Mo (vida longa)",42,0,0
28,115,0,Empiristas,"Z=62 Sm (vida longa)",62,0,0
28,116,1,Incrementalistas,"Z=25 Mn (vida longa)",25,0,0
28,117,0,Empiristas,"Z=64 Gd (vida longa)",64,0,0
28,117,3,Isolados,"Z=59 Pr (vida longa)",59,0,0
28,118,0,Empiristas,"Z=19 K (vida longa)",19,0,0
28,118,0,Empiristas,"Z=84 Po (vida longa)",84,0,0
28,118,0,Empiristas,"Z=74 W (vida longa)",74,0,0
28,119,0,Empiristas,"Z=72 Hf (vida longa)",72,0,0
28,119,0,Empiristas,"Z=87 Fr (vida longa)",87,0,0
28,119,1,Incrementalistas,"Z=92 U (vida longa)",92,0,0
28,119,1,Incrementalistas,"Z=39 Y (vida longa)",39,0,0
28,119,2,Evolucionistas,"Z=2 He (vida longa)",2,0,0
28,120,1,Incrementalistas,"Z=41 Nb (vida longa)",41,0,0
28,120,1,Incrementalistas,"Z=79 Au (vida longa)",79,0,0
28,120,1,Incrementalistas,"Z=82 Pb (vida longa)",82,0,0
28,121,1,Incrementalistas,"Z=94 Pu (vida longa)",94,0,0
28,121,2,Evolucionistas,"Z=35 Br (vida longa)",35,0,0
28,121,2,Evolucionistas,"Z=23 V (vida longa)",23,0,0
28,122,1,Incrementalistas,"Z=13 Al (vida longa)",13,0,0
28,122,2,Evolucionistas,"Z=5 B (vida longa)",5,0,0
28,122,2,Evolucionistas,"Z=26 Fe (vida longa)",26,0,0
28,124,1,Incrementalistas,"Z=24 Cr (vida longa)",24,0,0
28,125,0,Empiristas,"Z=23 V (vida longa)",23,0,0
28,125,1,Incrementalistas,"Z=59 Pr (vida longa)",59,0,0
28,125,2,Evolucionistas,"Z=38 Sr (vida longa)",38,0,0
28,125,3,Isolados,"Z=105 Db (vida longa)",105,0,0
28,126,1,Incrementalistas,"Z=97 Bk (vida longa)",97,0,0
28,126,3,Isolados,"Z=62 Sm (vida longa)",62,0,0
28,127,2,Evolucionistas,"Z=65 Tb (vida longa)",65,0,0
28,127,2,Evolucionistas,"Z=105 Db (vida longa)",105,0,1
28,128,0,Empiristas,"Z=85 At (vida longa)",85,0,0
28,128,1,Incrementalistas,"Z=74 W (vida longa)",74,0,0
28,128,3,Isolados,"Z=26 Fe (vida longa)",26,0,0
28,128,3,Isolados,"Z=72 Hf (vida longa)",72,0,0
28,129,1,Incrementalistas,"Z=76 Os (vida longa)",76,0,0
28,130,0,Empiristas,"Z=43 Tc (vida longa)",43,0,0
28,130,0,Empiristas,"Z=16 S (vida longa)",16,0,0
28,130,1,Incrementalistas,"Z=98 Cf (vida longa)",98,0,0
28,130,2,Evolucionistas,"Z=76 Os (vida longa)",76,0,0
28,130,3,Isolados,"Z=54 Xe (vida longa)",54,0,0
28,131,0,Empiristas,"Z=99 Es (vida longa)",99,0,0
28,131,1,Incrementalistas,"Z=95 Am (vida longa)",95,0,0
28,131,2,Evolucionistas,"Z=13 Al (vida longa)",13,0,0
28,131,3,Isolados,"Z=15 P (vida longa)",15,0,0
28,131,3,Isolados,"Z=34 Se (vida longa)",34,0,0
28,132,1,Incrementalistas,"Z=50 Sn (vida longa)",50,0,0
28,132,2,Evolucionistas,"Z=67 Ho (vida longa)",67,0,0
28,132,2,Evolucionistas,"Z=89 Ac (vida longa)",89,0,0
28,133,0,Empiristas,"Z=70 Yb (vida longa)",70,0,0
28,133,1,Incrementalistas,"Z=43 Tc (vida longa)",43,0,0
28,133,1,Incrementalistas,"Z=12 Mg (vida longa)",12,0,0
28,133,3,Isolados,"Z=21 Sc (vida longa)",21,0,0
28,134,3,Isolados,"Z=38 Sr (vida longa)",38,0,0
28,135,3,Isolados,"Z=29 Cu (vida longa)",29,0,0
28,135,2,Evolucionistas,"Z=34 Se (vida longa)",34,0,1
28,136,0,Empiristas,"Z=53 I (vida longa)",53,0,0
28,136,2,Evolucionistas,"Z=22 Ti (vida longa)",22,0,0
28,137,0,Empiristas,"Z=57 La (vida longa)",57,0,0
28,137,0,Empiristas,"Z=35 Br (vida longa)",35,0,0
28,137,0,Empiristas,"Z=63 Eu (vida longa)",63,0,0
28,137,1,Incrementalistas,"Z=26 Fe (vida longa)",26,0,0
28,137,2,Evolucionistas,"Z=24 Cr (vida longa)",24,0,0
28,137,2,Evolucionistas,"Z=10 Ne (vida longa)",10,0,0
28,137,2,Evolucionistas,"Z=74 W (vida longa)",74,0,0
28,137,3,Isolados,"Z=13 Al (vida longa)",13,0,0
28,138,0,Empiristas,"Z=59 Pr (vida longa)",59,0,0
28,138,2,Evolucionistas,"Z=63 Eu (vida longa)",63,0,0
28,138,3,Isolados,"Z=5 B (vida longa)",5,0,0
28,140,1,Incrementalistas,"Z=63 Eu (vida longa)",63,0,0
28,140,2,Evolucionistas,"Z=33 As (vida longa)",33,0,0
28,141,1,Incrementalistas,"Z=5 B (vida longa)",5,0,0
28,142,0,Empiristas,"Z=17 Cl (vida longa)",17,0,0
28,142,3,Isolados,"Z=43 Tc (vida longa)",43,0,0
28,142,1,Incrementalistas,"Z=7 N (vida longa)",7,0,1
28,143,3,Isolados,"Z=27 Co (vida longa)",27,0,0
28,144,0,Empiristas,"Z=79 Au (vida longa)",79,0,0
28,144,1,Incrementalistas,"Z=21 Sc (vida longa)",21,0,0
28,144,2,Evolucionistas,"Z=73 Ta (vida longa)",73,0,0
28,145,2,Evolucionistas,"Z=18 Ar (vida longa)",18,0,0
28,145,3,Isolados,"Z=55 Cs (vida longa)",55,0,0
28,147,2,Evolucionistas,"Z=36 Kr (vida longa)",36,0,0
28,147,0,Empiristas,"Z=49 In (vida longa)",49,0,1
28,148,1,Incrementalistas,"Z=6 C (vida longa)",6,0,0
28,148,2,Evolucionistas,"Z=19 K (vida longa)",19,0,0
28,148,3,Isolados,"Z=73 Ta (vida longa)",73,0,0
28,149,1,Incrementalistas,"Z=11 Na (vida longa)",11,0,0
28,150,1,Incrementalistas,"Z=49 In (vida longa)",49,0,0
28,150,2,Evolucionistas,"Z=57 La (vida longa)",57,0,0
28,150,2,Evolucionistas,"Z=70 Yb (vida longa)",70,0,0
28,151,0,Empiristas,"Z=31 Ga (vida longa)",31,0,0
28,151,1,Incrementalistas,"Z=2 He (vida longa)",2,0,0
28,151,1,Incrementalistas,"Z=10 Ne (vida longa)",10,0,0
28,151,2,Evolucionistas,"Z=88 Ra (vida longa)",88,0,0
28,153,2,Evolucionistas,"Z=42 Mo (vida longa)",42,0,0
28,154,1,Incrementalistas,"Z=31 Ga (vida longa)",31,0,0
28,154,2,Evolucionistas,"Z=46 Pd (vida longa)",46,0,0
28,154,2,Evolucionistas,"Z=55 Cs (vida longa)",55,0,0
28,154,3,Isolados,"Z=49 In (vida longa)",49,0,0
28,154,3,Isolados,"Z=57 La (vida longa)",57,0,0
28,155,0,Empiristas,"Z=98 Cf (vida longa)",98,0,0
28,155,3,Isolados,"Z=71 Lu (vida longa)",71,0,0
28,156,1,Incrementalistas,"Z=81 Tl (vida longa)",81,0,0
28,156,2,Evolucionistas,"Z=12 Mg (vida longa)",12,0,0
28,157,2,Evolucionistas,"Z=44 Ru (vida longa)",44,0,0
28,158,1,Incrementalistas,"Z=9 F (vida longa)",9,0,0
28,158,2,Evolucionistas,"Z=9 F (vida longa)",9,0,0
28,158,2,Evolucionistas,"Z=75 Re (vida longa)",75,0,0
28,159,2,Evolucionistas,"Z=7 N (vida longa)",7,0,0
28,160,1,Incrementalistas,"Z=57 La (vida longa)",57,0,0
28,160,2,Evolucionistas,"Z=27 Co (vida longa)",27,0,1
28,161,1,Incrementalistas,"Z=83 Bi (vida longa)",83,0,0
28,162,0,Empiristas,"Z=9 F (vida longa)",9,0,0
28,163,1,Incrementalistas,"Z=104 Rf (vida longa)",104,0,0
28,163,1,Incrementalistas,"Z=23 V (vida longa)",23,0,0
28,163,2,Evolucionistas,"Z=45 Rh (vida longa)",45,0,0
28,164,1,Incrementalistas,"Z=17 Cl (vida longa)",17,0,0
28,164,1,Incrementalistas,"Z=4 Be (vida longa)",4,0,0
28,164,2,Evolucionistas,"Z=31 Ga (vida longa)",31,0,0
28,165,3,Isolados,"Z=1 H (vida longa)",1,0,0
28,168,1,Incrementalistas,"Z=84 Po (vida longa)",84,0,0
28,169,3,Isolados,"Z=45 Rh (vida longa)",45,0,0
28,169,3,Isolados,"Z=68 Er (vida longa)",68,0,0
28,170,2,Evolucionistas,"Z=41 Nb (vida longa)",41,0,1
28,171,2,Evolucionistas,"Z=77 Ir (vida longa)",77,0,0
28,172,2,Evolucionistas,"Z=47 Ag (vida longa)",47,0,0
28,172,3,Isolados,"Z=51 Sb (vida longa)",51,0,0
28,173,2,Evolucionistas,"Z=50 Sn (vida longa)",50,0,0
28,174,2,Evolucionistas,"Z=48 Cd (vida longa)",48,0,0
28,174,3,Isolados,"Z=16 S (vida longa)",16,0,0
28,177,1,Incrementalistas,"Z=14 Si (vida longa)",14,0,0
28,177,1,Incrementalistas,"Z=15 P (vida longa)",15,0,0
28,179,1,Incrementalistas,"Z=27 Co (vida longa)",27,0,0
28,181,2,Evolucionistas,"Z=43 Tc (vida longa)",43,0,0
28,182,3,Isolados,"Z=39 Y (vida longa)",39,0,0
28,183,1,Incrementalistas,"Z=8 O (vida longa)",8,0,0
28,185,2,Evolucionistas,"Z=87 Fr (vida longa)",87,0,0
28,185,2,Evolucionistas,"Z=39 Y (vida longa)",39,0,0
28,188,1,Incrementalistas,"Z=89 Ac (vida longa)",89,0,0
28,194,1,Incrementalistas,"Z=1 H (vida longa)",1,0,0
28,198,1,Incrementalistas,"Z=33 As (vida longa)",33,0,0
28,200,1,Incrementalistas,"Z=88 Ra (vida longa)",88,0,0
28,201,1,Incrementalistas,"Z=87 Fr (vida longa)",87,0,0
28,204,2,Evolucionistas,"Z=92 U (vida longa)",92,0,0
28,207,3,Isolados,"Z=7 N (vida longa)",7,0,0
28,209,1,Incrementalistas,"Z=91 Pa (vida longa)",91,0,0
28,222,3,Isolados,"nucleos efemeros",111.714,0,0
28,222,3,Isolados,"Z=115 Mc (vida longa)",115,0,0
28,222,3,Isolados,"Z=111 Rg (vida longa)",111,0,0
28,222,3,Isolados,"Z=26 Fe (vida longa)",26,0,0
28,222,3,Isolados,"Z=34 Se (vida longa)",34,0,0
28,222,3,Isolados,"Z=42 Mo (vida longa)",42,0,0
28,222,3,Isolados,"Z=8 O (vida longa)",8,0,0
28,222,3,Isolados,"Z=96 Cm (vida longa)",96,0,0
28,222,3,Isolados,"Z=109 Mt (vida longa)",109,0,0
28,223,3,Isolados,"Z=70 Yb (vida longa)",70,0,0
28,223,3,Isolados,"Z=75 Re (vida longa)",75,0,0
28,223,3,Isolados,"Z=69 Tm (vida longa)",69,0,0
28,223,3,Isolados,"Z=97 Bk (vida longa)",97,0,0
28,223,3,Isolados,"Z=35 Br (vida longa)",35,0,0
28,223,3,Isolados,"Z=53 I (vida longa)",53,0,0
28,223,3,Isolados,"Z=87 Fr (vida longa)",87,0,0
28,224,3,Isolados,"Z=25 Mn (vida longa)",25,0,0
28,224,3,Isolados,"Z=3 Li (vida longa)",3,0,0
28,224,3,Isolados,"Z=18 Ar (vida longa)",18,0,0
28,224,3,Isolados,"Z=19 K (vida longa)",19,0,0
28,224,3,Isolados,"Z=10 Ne (vida longa)",10,0,0
28,224,3,Isolados,"Z=2 He (vida longa)",2,0,0
28,224,3,Isolados,"Z=66 Dy (vida longa)",66,0,0
28,225,3,Isolados,"Z=68 Er (vida longa)",68,0,0
28,225,3,Isolados,"Z=14 Si (vida longa)",14,0,0
28,225,3,Isolados,"Z=101 Md (vida longa)",101,0,0
28,226,3,Isolados,"Z=32 Ge (vida longa)",32,0,0
28,226,3,Isolados,"Z=54 Xe (vida longa)",54,0,0
28,228,3,Isolados,"Z=30 Zn (vida longa)",30,0,0
28,228,3,Isolados,"Z=29 Cu (vida longa)",29,0,0
28,228,3,Isolados,"Z=7 N (vida longa)",7,0,0
28,229,3,Isolados,"Z=91 Pa (vida longa)",91,0,0
28,229,3,Isolados,"Z=60 Nd (vida longa)",60,0,0
28,229,3,Isolados,"Z=50 Sn (vida longa)",50,0,0
28,231,3,Isolados,"Z=48 Cd (vida longa)",48,0,0
28,232,3,Isolados,"Z=28 Ni (vida longa)",28,0,0
28,232,3,Isolados,"Z=98 Cf (vida longa)",98,0,0
28,233,3,Isolados,"Z=64 Gd (vida longa)",64,0,0
28,235,3,Isolados,"Z=40 Zr (vida longa)",40,0,0
28,235,3,Isolados,"Z=92 U (vida longa)",92,0,0
28,236,3,Isolados,"Z=83 Bi (vida longa)",83,0,0
28,237,3,Isolados,"Z=59 Pr (vida longa)",59,0,0
28,237,3,Isolados,"Z=15 P (vida longa)",15,0,0
28,238,3,Isolados,"Z=11 Na (vida longa)",11,0,0
28,238,3,Isolados,"Z=9 F (vida longa)",9,0,0
28,242,2,Evolucionistas,"Z=1 H (vida longa)",1,0,0
28,244,3,Isolados,"Z=80 Hg (vida longa)",80,0,0
28,244,3,Isolados,"Z=45 Rh (vida longa)",45,0,0
28,247,3,Isolados,"Z=73 Ta (vida longa)",73,0,0
28,256,3,Isolados,"Z=49 In (vida longa)",49,0,0
29,0,0,Empiristas,"nucleos efemeros",4.30136,1,0
29,0,0,Empiristas,"Z=52 Te (vida longa)",52,1,0
29,0,1,Incrementalistas,"Z=45 Rh (vida longa)",45,1,0
29,0,1,Incrementalistas,"nucleos efemeros",46.7893,0,0
29,0,1,Incrementalistas,"Z=54 Xe (vida longa)",54,1,0
29,0,2,Evolucionistas,"nucleos efemeros",17.1045,0,0
29,0,2,Evolucionistas,"Z=32 Ge (vida longa)",32,1,0
29,0,3,Isolados,"nucleos efemeros",49.3913,0,0
29,0,3,Isolados,"Z=74 W (vida longa)",74,1,0
29,1,0,Empiristas,"Z=34 Se (vida longa)",34,1,0
29,1,1,Incrementalistas,"Z=56 Ba (vida longa)",56,1,0
29,3,0,Empiristas,"Z=82 Pb (vida longa)",82,1,0
29,3,1,Incrementalistas,"Z=57 La (vida longa)",57,1,0
29,3,2,Evolucionistas,"Z=57 La (vida longa)",57,0,1
29,3,2,Evolucionistas,"Z=45 Rh (vida longa)",45,0,1
29,4,0,Empiristas,"Z=80 Hg (vida longa)",80,1,0
29,4,2,Evolucionistas,"Z=58 Ce (vida longa)",58,1,0
29,4,3,Isolados,"Z=73 Ta (vida longa)",73,1,0
29,4,3,Isolados,"Z=71 Lu (vida longa)",71,1,0
29,5,0,Empiristas,"Z=77 Ir (vida longa)",77,1,0
29,5,0,Empiristas,"Z=81 Tl (vida longa)",81,1,0
29,5,1,Incrementalistas,"Z=53 I (vida longa)",53,1,0
29,5,2,Evolucionistas,"Z=55 Cs (vida longa)",55,1,0
29,5,2,Evolucionistas,"Z=61 Pm (vida longa)",61,1,0
29,5,3,Isolados,"Z=70 Yb (vida longa)",70,1,0
29,5,0,Empiristas,"Z=61 Pm (vida longa)",61,0,1
29,5,2,Evolucionistas,"Z=82 Pb (vida longa)",82,0,1
29,6,1,Incrementalistas,"Z=52 Te (vida longa)",52,0,0
29,6,2,Evolucionistas,"Z=46 Pd (vida longa)",46,1,0
29,7,0,Empiristas,"Z=79 Au (vida longa)",79,1,0
29,7,1,Incrementalistas,"Z=48 Cd (vida longa)",48,1,0
29,7,2,Evolucionistas,"Z=54 Xe (vida longa)",54,0,0
29,7,3,Isolados,"Z=77 Ir (vida longa)",77,0,0
29,8,0,Empiristas,"Z=78 Pt (vida longa)",78,1,0
29,8,1,Incrementalistas,"Z=55 Cs (vida longa)",55,0,0
29,8,2,Evolucionistas,"Z=80 Hg (vida longa)",80,0,0
29,8,2,Evolucionistas,"Z=81 Tl (vida longa)",81,0,0
29,8,3,Isolados,"Z=76 Os (vida longa)",76,1,0
29,8,0,Empiristas,"Z=53 I (vida longa)",53,0,1
29,8,1,Incrementalistas,"Z=82 Pb (vida longa)",82,0,1
29,8,1,Incrementalistas,"Z=77 Ir (vida longa)",77,0,1
29,9,0,Empiristas,"Z=49 In (vida longa)",49,1,0
29,9,3,Isolados,"Z=75 Re (vida longa)",75,1,0
29,9,3,Isolados,"Z=72 Hf (vida longa)",72,1,0
29,9,2,Evolucionistas,"Z=52 Te (vida longa)",52,0,1
29,10,0,Empiristas,"Z=50 Sn (vida longa)",50,1,0
29,10,1,Incrementalistas,"Z=50 Sn (vida longa)",50,0,0
29,10,2,Evolucionistas,"Z=62 Sm (vida longa)",62,1,0
29,11,0,Empiristas,"Z=4 Be (vida longa)",4,1,0
29,12,0,Empiristas,"Z=62 Sm (vida longa)",62,0,0
29,12,1,Incrementalistas,"Z=51 Sb (vida longa)",51,1,0
29,12,2,Evolucionistas,"Z=78 Pt (vida longa)",78,0,0
29,13,1,Incrementalistas,"Z=80 Hg (vida longa)",80,0,0
29,13,2,Evolucionistas,"Z=79 Au (vida longa)",79,0,0
29,14,0,Empiristas,"Z=15 P (vida longa)",15,1,0
29,14,0,Empiristas,"Z=76 Os (vida longa)",76,0,0
29,14,0,Empiristas,"Z=28 Ni (vida longa)",28,1,0
29,14,2,Evolucionistas,"Z=80 Hg (vida longa)",80,0,0
29,14,1,Incrementalistas,"Z=81 Tl (vida longa)",81,0,1
29,14,2,Evolucionistas,"Z=82 Pb (vida longa)",82,0,1
29,14,2,Evolucionistas,"Z=77 Ir (vida longa)",77,0,1
29,15,1,Incrementalistas,"Z=79 Au (vida longa)",79,0,0
29,15,2,Evolucionistas,"Z=74 W (vida longa)",74,0,0
29,15,3,Isolados,"Z=69 Tm (vida longa)",69,1,0
29,16,1,Incrementalistas,"Z=84 Po (vida longa)",84,1,0
29,16,1,Incrementalistas,"Z=75 Re (vida longa)",75,0,0
29,16,3,Isolados,"Z=112 Cn (vida longa)",112,1,0
29,16,0,Empiristas,"Z=84 Po (vida longa)",84,0,1
29,16,0,Empiristas,"Z=56 Ba (vida longa)",56,0,1
29,16,1,Incrementalistas,"Z=61 Pm (vida longa)",61,0,1
29,17,0,Empiristas,"Z=101 Md (vida longa)",101,1,0
29,18,0,Empiristas,"Z=75 Re (vida longa)",75,0,0
29,18,1,Incrementalistas,"Z=64 Gd (vida longa)",64,1,0
29,18,2,Evolucionistas,"Z=30 Zn (vida longa)",30,1,0
29,18,3,Isolados,"Z=114 Fl (vida longa)",114,1,0
29,18,2,Evolucionistas,"Z=101 Md (vida longa)",101,0,1
29,18,2,Evolucionistas,"Z=61 Pm (vida longa)",61,0,1
29,18,0,Empiristas,"Z=54 Xe (vida longa)",54,0,1
29,19,1,Incrementalistas,"Z=58 Ce (vida longa)",58,0,0
29,19,3,Isolados,"Z=111 Rg (vida longa)",111,1,0
29,20,0,Empiristas,"Z=100 Fm (vida longa)",100,1,0
29,20,1,Incrementalistas,"Z=78 Pt (vida longa)",78,0,0
29,20,1,Incrementalistas,"Z=63 Eu (vida longa)",63,1,0
29,20,3,Isolados,"Z=78 Pt (vida longa)",78,0,0
29,21,0,Empiristas,"Z=90 Th (vida longa)",90,1,0
29,21,1,Incrementalistas,"Z=76 Os (vida longa)",76,0,0
29,21,3,Isolados,"Z=115 Mc (vida longa)",115,1,0
29,21,3,Isolados,"Z=113 Nh (vida longa)",113,1,0
29,22,2,Evolucionistas,"Z=2 He (vida longa)",2,1,0
29,22,2,Evolucionistas,"Z=100 Fm (vida longa)",100,0,0
29,23,1,Incrementalistas,"Z=74 W (vida longa)",74,0,0
29,23,3,Isolados,"Z=110 Ds (vida longa)",110,1,0
29,24,3,Isolados,"Z=67 Ho (vida longa)",67,1,0
29,25,1,Incrementalistas,"Z=47 Ag (vida longa)",47,1,0
29,25,3,Isolados,"Z=92 U (vida longa)",92,1,0
29,26,3,Isolados,"Z=3 Li (vida longa)",3,1,0
29,27,0,Empiristas,"Z=94 Pu (vida longa)",94,1,0
29,27,0,Empiristas,"Z=33 As (vida longa)",33,1,0
29,27,0,Empiristas,"Z=58 Ce (vida longa)",58,0,0
29,27,1,Incrementalistas,"Z=72 Hf (vida longa)",72,0,0
29,27,3,Isolados,"Z=50 Sn (vida longa)",50,0,0
29,27,2,Evolucionistas,"Z=62 Sm (vida longa)",62,0,1
29,27,2,Evolucionistas,"Z=58 Ce (vida longa)",58,0,1
29,27,1,Incrementalistas,"Z=101 Md (vida longa)",101,0,1
29,28,2,Evolucionistas,"Z=98 Cf (vida longa)",98,1,0
29,28,3,Isolados,"Z=83 Bi (vida longa)",83,1,0
29,28,0,Empiristas,"Z=32 Ge (vida longa)",32,0,1
29,28,2,Evolucionistas,"Z=75 Re (vida longa)",75,0,1
29,29,0,Empiristas,"Z=88 Ra (vida longa)",88,1,0
29,29,1,Incrementalistas,"Z=96 Cm (vida longa)",96,1,0
29,29,2,Evolucionistas,"Z=36 Kr (vida longa)",36,1,0
29,29,2,Evolucionistas,"Z=6 C (vida longa)",6,1,0
29,30,0,Empiristas,"Z=6 C (vida longa)",6,0,0
29,30,2,Evolucionistas,"Z=76 Os (vida longa)",76,0,0
29,31,0,Empiristas,"Z=5 B (vida longa)",5,1,0
29,31,3,Isolados,"Z=5 B (vida longa)",5,0,0
29,31,0,Empiristas,"Z=51 Sb (vida longa)",51,0,1
29,32,0,Empiristas,"Z=18 Ar (vida longa)",18,1,0
29,32,0,Empiristas,"Z=85 At (vida longa)",85,1,0
29,32,0,Empiristas,"Z=87 Fr (vida longa)",87,1,0
29,32,1,Incrementalistas,"Z=100 Fm (vida longa)",100,0,0
29,32,1,Incrementalistas,"Z=83 Bi (vida longa)",83,0,0
29,32,1,Incrementalistas,"Z=98 Cf (vida longa)",98,0,0
29,32,1,Incrementalistas,"Z=94 Pu (vida longa)",94,0,0
29,32,3,Isolados,"Z=40 Zr (vida longa)",40,1,0
29,33,0,Empiristas,"Z=86 Rn (vida longa)",86,1,0
29,33,1,Incrementalistas,"Z=99 Es (vida longa)",99,1,0
29,33,1,Incrementalistas,"Z=95 Am (vida longa)",95,1,0
29,33,1,Incrementalistas,"Z=97 Bk (vida longa)",97,1,0
29,33,2,Evolucionistas,"Z=89 Ac (vida longa)",89,1,0
29,33,2,Evolucionistas,"Z=10 Ne (vida longa)",10,1,0
29,33,3,Isolados,"Z=107 Bh (vida longa)",107,1,0
29,33,3,Isolados,"Z=108 Hs (vida longa)",108,1,0
29,34,2,Evolucionistas,"Z=79 Au (vida longa)",79,0,0
29,34,2,Evolucionistas,"Z=90 Th (vida longa)",90,0,0
29,35,0,Empiristas,"Z=97 Bk (vida longa)",97,0,0
29,35,2,Evolucionistas,"Z=76 Os (vida longa)",76,0,0
29,37,0,Empiristas,"Z=36 Kr (vida longa)",36,0,0
29,37,0,Empiristas,"Z=8 O (vida longa)",8,1,0
29,37,0,Empiristas,"Z=38 Sr (vida longa)",38,1,0
29,37,2,Evolucionistas,"Z=81 Tl (vida longa)",81,0,0
29,37,2,Evolucionistas,"Z=101 Md (vida longa)",101,0,1
29,37,2,Evolucionistas,"Z=72 Hf (vida longa)",72,0,1
29,38,0,Empiristas,"Z=3 Li (vida longa)",3,0,0
29,38,1,Incrementalistas,"Z=85 At (vida longa)",85,0,0
29,38,2,Evolucionistas,"Z=48 Cd (vida longa)",48,0,0
29,38,2,Evolucionistas,"Z=83 Bi (vida longa)",83,0,1
29,39,0,Empiristas,"Z=60 Nd (vida longa)",60,1,0
29,39,0,Empiristas,"Z=99 Es (vida longa)",99,0,0
29,39,1,Incrementalistas,"Z=102 No (vida longa)",102,1,0
29,39,2,Evolucionistas,"Z=86 Rn (vida longa)",86,0,0
29,40,0,Empiristas,"Z=72 Hf (vida longa)",72,0,0
29,40,3,Isolados,"Z=8 O (vida longa)",8,0,0
29,41,0,Empiristas,"Z=93 Np (vida longa)",93,1,0
29,41,0,Empiristas,"Z=98 Cf (vida longa)",98,0,0
29,41,2,Evolucionistas,"Z=60 Nd (vida longa)",60,0,0
29,41,0,Empiristas,"Z=48 Cd (vida longa)",48,0,1
29,41,2,Evolucionistas,"Z=8 O (vida longa)",8,0,1
29,43,0,Empiristas,"Z=110 Ds (vida longa)",110,0,0
29,43,0,Empiristas,"Z=102 No (vida longa)",102,0,0
29,43,1,Incrementalistas,"Z=103 Lr (vida longa)",103,1,0
29,44,0,Empiristas,"Z=96 Cm (vida longa)",96,0,0
29,44,2,Evolucionistas,"Z=110 Ds (vida longa)",110,0,1
29,44,2,Evolucionistas,"Z=15 P (vida longa)",15,0,1
29,45,0,Empiristas,"Z=12 Mg (vida longa)",12,1,0
29,45,2,Evolucionistas,"Z=26 Fe (vida longa)",26,1,0
29,45,3,Isolados,"Z=109 Mt (vida longa)",109,1,0
29,46,0,Empiristas,"Z=2 He (vida longa)",2,0,0
29,46,3,Isolados,"Z=106 Sg (vida longa)",106,1,0
29,47,0,Empiristas,"Z=106 Sg (vida longa)",106,0,0
29,47,0,Empiristas,"Z=89 Ac (vida longa)",89,0,1
29,47,1,Incrementalistas,"Z=110 Ds (vida longa)",110,0,1
29,48,0,Empiristas,"Z=108 Hs (vida longa)",108,0,0
29,48,1,Incrementalistas,"Z=113 Nh (vida longa)",113,0,0
29,48,1,Incrementalistas,"Z=111 Rg (vida longa)",111,0,0
29,49,0,Empiristas,"Z=95 Am (vida longa)",95,0,0
29,49,1,Incrementalistas,"Z=112 Cn (vida longa)",112,0,0
29,49,2,Evolucionistas,"Z=84 Po (vida longa)",84,0,0
29,49,2,Evolucionistas,"Z=95 Am (vida longa)",95,0,1
29,50,0,Empiristas,"Z=112 Cn (vida longa)",112,0,0
29,50,1,Incrementalistas,"Z=114 Fl (vida longa)",114,0,0
29,50,2,Evolucionistas,"Z=114 Fl (vida longa)",114,0,0
29,50,3,Isolados,"Z=53 I (vida longa)",53,0,0
29,50,3,Isolados,"Z=23 V (vida longa)",23,1,0
29,50,2,Evolucionistas,"Z=112 Cn (vida longa)",112,0,1
29,50,2,Evolucionistas,"Z=108 Hs (vida longa)",108,0,1
29,50,0,Empiristas,"Z=114 Fl (vida longa)",114,0,1
29,51,1,Incrementalistas,"Z=109 Mt (vida longa)",109,0,0
29,51,2,Evolucionistas,"Z=105 Db (vida longa)",105,1,0
29,51,2,Evolucionistas,"Z=88 Ra (vida longa)",88,0,0
29,52,0,Empiristas,"Z=109 Mt (vida longa)",109,0,0
29,52,2,Evolucionistas,"Z=113 Nh (vida longa)",113,0,0
29,52,3,Isolados,"Z=6 C (vida longa)",6,0,0
29,52,2,Evolucionistas,"Z=102 No (vida longa)",102,0,1
29,53,0,Empiristas,"Z=113 Nh (vida longa)",113,0,0
29,53,0,Empiristas,"Z=104 Rf (vida longa)",104,1,0
29,53,0,Empiristas,"Z=42 Mo (vida longa)",42,1,0
29,53,3,Isolados,"Z=28 Ni (vida longa)",28,0,0
29,54,0,Empiristas,"Z=105 Db (vida longa)",105,0,0
29,54,1,Incrementalistas,"Z=107 Bh (vida longa)",107,0,0
29,54,3,Isolados,"Z=86 Rn (vida longa)",86,0,0
29,54,3,Isolados,"Z=16 S (vida longa)",16,1,0
29,54,2,Evolucionistas,"Z=97 Bk (vida longa)",97,0,1
29,54,0,Empiristas,"Z=57 La (vida longa)",57,0,1
29,54,1,Incrementalistas,"Z=104 Rf (vida longa)",104,0,1
29,55,0,Empiristas,"Z=46 Pd (vida longa)",46,0,0
29,55,0,Empiristas,"Z=70 Yb (vida longa)",70,0,0
29,55,1,Incrementalistas,"Z=108 Hs (vida longa)",108,0,0
29,55,3,Isolados,"Z=25 Mn (vida longa)",25,1,0
29,55,1,Incrementalistas,"Z=46 Pd (vida longa)",46,0,1
29,56,0,Empiristas,"Z=111 Rg (vida longa)",111,0,0
29,56,0,Empiristas,"Z=13 Al (vida longa)",13,1,0
29,56,2,Evolucionistas,"Z=38 Sr (vida longa)",38,0,0
29,56,2,Evolucionistas,"Z=99 Es (vida longa)",99,0,0
29,56,2,Evolucionistas,"Z=107 Bh (vida longa)",107,0,0
29,56,3,Isolados,"Z=39 Y (vida longa)",39,1,0
29,57,0,Empiristas,"Z=103 Lr (vida longa)",103,0,0
29,57,0,Empiristas,"Z=20 Ca (vida longa)",20,1,0
29,57,1,Incrementalistas,"Z=115 Mc (vida longa)",115,0,0
29,57,1,Incrementalistas,"Z=106 Sg (vida longa)",106,0,0
29,57,2,Evolucionistas,"Z=104 Rf (vida longa)",104,0,0
29,58,3,Isolados,"Z=42 Mo (vida longa)",42,0,0
29,59,2,Evolucionistas,"Z=106 Sg (vida longa)",106,0,0
29,60,2,Evolucionistas,"Z=50 Sn (vida longa)",50,0,0
29,61,2,Evolucionistas,"Z=91 Pa (vida longa)",91,1,0
29,61,2,Evolucionistas,"Z=111 Rg (vida longa)",111,0,0
29,61,3,Isolados,"Z=38 Sr (vida longa)",38,0,0
29,62,0,Empiristas,"Z=107 Bh (vida longa)",107,0,0
29,63,0,Empiristas,"Z=64 Gd (vida longa)",64,0,0
29,63,2,Evolucionistas,"Z=96 Cm (vida longa)",96,0,0
29,63,0,Empiristas,"Z=115 Mc (vida longa)",115,0,1
29,63,1,Incrementalistas,"Z=115 Mc (vida longa)",115,0,1
29,63,1,Incrementalistas,"Z=114 Fl (vida longa)",114,0,1
29,63,1,Incrementalistas,"Z=105 Db (vida longa)",105,0,1
29,63,2,Evolucionistas,"Z=115 Mc (vida longa)",115,0,1
29,63,2,Evolucionistas,"Z=64 Gd (vida longa)",64,0,1
29,64,2,Evolucionistas,"Z=56 Ba (vida longa)",56,0,0
29,65,0,Empiristas,"Z=10 Ne (vida longa)",10,0,0
29,65,2,Evolucionistas,"Z=16 S (vida longa)",16,0,0
29,67,0,Empiristas,"Z=83 Bi (vida longa)",83,0,0
29,67,2,Evolucionistas,"Z=109 Mt (vida longa)",109,0,0
29,67,2,Evolucionistas,"Z=3 Li (vida longa)",3,0,0
29,68,0,Empiristas,"Z=14 Si (vida longa)",14,1,0
29,68,2,Evolucionistas,"Z=14 Si (vida longa)",14,0,0
29,68,3,Isolados,"Z=100 Fm (vida longa)",100,0,0
29,69,0,Empiristas,"Z=45 Rh (vida longa)",45,0,0
29,70,0,Empiristas,"Z=69 Tm (vida longa)",69,0,0
29,70,3,Isolados,"Z=20 Ca (vida longa)",20,0,0
29,70,3,Isolados,"Z=35 Br (vida longa)",35,1,0
29,71,0,Empiristas,"Z=30 Zn (vida longa)",30,0,0
29,71,0,Empiristas,"Z=22 Ti (vida longa)",22,1,0
29,71,2,Evolucionistas,"Z=71 Lu (vida longa)",71,0,0
29,72,0,Empiristas,"Z=91 Pa (vida longa)",91,0,0
29,72,0,Empiristas,"Z=21 Sc (vida longa)",21,1,0
29,72,1,Incrementalistas,"Z=104 Rf (vida longa)",104,0,0
29,72,2,Evolucionistas,"Z=87 Fr (vida longa)",87,0,1
29,73,1,Incrementalistas,"Z=77 Ir (vida longa)",77,0,0
29,73,1,Incrementalistas,"Z=36 Kr (vida longa)",36,0,1
29,75,2,Evolucionistas,"Z=33 As (vida longa)",33,0,0
29,76,0,Empiristas,"Z=16 S (vida longa)",16,0,0
29,76,0,Empiristas,"Z=23 V (vida longa)",23,0,0
29,77,0,Empiristas,"Z=26 Fe (vida longa)",26,0,0
29,77,3,Isolados,"Z=60 Nd (vida longa)",60,0,0
29,77,0,Empiristas,"Z=47 Ag (vida longa)",47,0,1
29,79,0,Empiristas,"Z=63 Eu (vida longa)",63,0,0
29,79,1,Incrementalistas,"Z=28 Ni (vida longa)",28,0,0
29,79,2,Evolucionistas,"Z=18 Ar (vida longa)",18,0,0
29,80,0,Empiristas,"Z=37 Rb (vida longa)",37,1,0
29,80,3,Isolados,"Z=94 Pu (vida longa)",94,0,0
29,80,3,Isolados,"Z=21 Sc (vida longa)",21,0,0
29,80,3,Isolados,"Z=15 P (vida longa)",15,0,0
29,80,3,Isolados,"Z=14 Si (vida longa)",14,0,0
29,81,2,Evolucionistas,"Z=4 Be (vida longa)",4,0,0
29,81,2,Evolucionistas,"Z=100 Fm (vida longa)",100,0,0
29,81,2,Evolucionistas,"Z=35 Br (vida longa)",35,0,0
29,81,3,Isolados,"Z=58 Ce (vida longa)",58,0,0
29,82,3,Isolados,"Z=57 La (vida longa)",57,0,0
29,82,3,Isolados,"Z=91 Pa (vida longa)",91,0,0
29,82,1,Incrementalistas,"Z=93 Np (vida longa)",93,0,1
29,83,2,Evolucionistas,"Z=34 Se (vida longa)",34,0,0
29,84,0,Empiristas,"Z=68 Er (vida longa)",68,1,0
29,84,3,Isolados,"Z=66 Dy (vida longa)",66,1,0
29,85,3,Isolados,"Z=24 Cr (vida longa)",24,1,0
29,85,3,Isolados,"Z=68 Er (vida longa)",68,0,0
29,85,1,Incrementalistas,"Z=3 Li (vida longa)",3,0,1
29,86,3,Isolados,"Z=97 Bk (vida longa)",97,0,0
29,87,0,Empiristas,"Z=7 N (vida longa)",7,1,0
29,87,3,Isolados,"Z=85 At (vida longa)",85,0,0
29,87,3,Isolados,"Z=51 Sb (vida longa)",51,0,0
29,87,3,Isolados,"Z=22 Ti (vida longa)",22,0,0
29,89,0,Empiristas,"Z=66 Dy (vida longa)",66,0,0
29,89,2,Evolucionistas,"Z=53 I (vida longa)",53,0,0
29,89,2,Evolucionistas,"Z=31 Ga (vida longa)",31,1,0
29,90,3,Isolados,"Z=64 Gd (vida longa)",64,0,0
29,90,3,Isolados,"Z=45 Rh (vida longa)",45,0,0
29,90,1,Incrementalistas,"Z=82 Pb (vida longa)",82,0,1
29,91,0,Empiristas,"Z=74 W (vida longa)",74,0,0
29,91,1,Incrementalistas,"Z=2 He (vida longa)",2,0,0
29,91,1,Incrementalistas,"Z=100 Fm (vida longa)",100,0,0
29,91,3,Isolados,"Z=105 Db (vida longa)",105,0,0
29,92,0,Empiristas,"Z=41 Nb (vida longa)",41,1,0
29,92,1,Incrementalistas,"Z=12 Mg (vida longa)",12,0,0
29,92,1,Incrementalistas,"Z=44 Ru (vida longa)",44,1,0
29,93,1,Incrementalistas,"Z=14 Si (vida longa)",14,0,1
29,94,0,Empiristas,"Z=40 Zr (vida longa)",40,0,0
29,94,0,Empiristas,"Z=39 Y (vida longa)",39,0,0
29,94,2,Evolucionistas,"Z=47 Ag (vida longa)",47,0,1
29,96,0,Empiristas,"Z=44 Ru (vida longa)",44,0,0
29,96,3,Isolados,"Z=4 Be (vida longa)",4,0,0
29,96,3,Isolados,"Z=34 Se (vida longa)",34,0,0
29,97,0,Empiristas,"Z=31 Ga (vida longa)",31,0,0
29,97,3,Isolados,"Z=95 Am (vida longa)",95,0,0
29,98,1,Incrementalistas,"Z=10 Ne (vida longa)",10,0,0
29,99,0,Empiristas,"Z=19 K (vida longa)",19,1,0
29,99,3,Isolados,"Z=112 Cn (vida longa)",112,0,0
29,99,3,Isolados,"Z=58 Ce (vida longa)",58,0,0
29,99,1,Incrementalistas,"Z=31 Ga (vida longa)",31,0,1
29,100,0,Empiristas,"Z=11 Na (vida longa)",11,1,0
29,100,3,Isolados,"Z=12 Mg (vida longa)",12,0,0
29,100,3,Isolados,"Z=9 F (vida longa)",9,1,0
29,101,1,Incrementalistas,"Z=15 P (vida longa)",15,0,0
29,101,2,Evolucionistas,"Z=23 V (vida longa)",23,0,1
29,102,1,Incrementalistas,"Z=34 Se (vida longa)",34,0,0
29,102,2,Evolucionistas,"Z=61 Pm (vida longa)",61,0,0
29,102,3,Isolados,"Z=59 Pr (vida longa)",59,1,0
29,103,3,Isolados,"Z=6 C (vida longa)",6,0,0
29,103,3,Isolados,"Z=61 Pm (vida longa)",61,0,0
29,103,1,Incrementalistas,"Z=83 Bi (vida longa)",83,0,1
29,105,1,Incrementalistas,"Z=51 Sb (vida longa)",51,0,0
29,106,0,Empiristas,"Z=73 Ta (vida longa)",73,0,0
29,106,1,Incrementalistas,"Z=99 Es (vida longa)",99,0,0
29,106,3,Isolados,"Z=24 Cr (vida longa)",24,0,0
29,107,0,Empiristas,"Z=67 Ho (vida longa)",67,0,0
29,107,1,Incrementalistas,"Z=4 Be (vida longa)",4,0,0
29,107,1,Incrementalistas,"Z=6 C (vida longa)",6,0,0
29,107,2,Evolucionistas,"Z=70 Yb (vida longa)",70,0,0
29,108,2,Evolucionistas,"Z=12 Mg (vida longa)",12,0,0
29,108,3,Isolados,"Z=10 Ne (vida longa)",10,0,0
29,108,2,Evolucionistas,"Z=19 K (vida longa)",19,0,1
29,108,0,Empiristas,"Z=35 Br (vida longa)",35,0,1
29,109,2,Evolucionistas,"Z=59 Pr (vida longa)",59,0,0
29,109,2,Evolucionistas,"Z=73 Ta (vida longa)",73,0,0
29,110,2,Evolucionistas,"Z=42 Mo (vida longa)",42,0,0
29,110,3,Isolados,"Z=29 Cu (vida longa)",29,1,0
29,111,0,Empiristas,"Z=43 Tc (vida longa)",43,1,0
29,111,3,Isolados,"Z=57 La (vida longa)",57,0,0
29,112,3,Isolados,"Z=96 Cm (vida longa)",96,0,0
29,112,3,Isolados,"Z=99 Es (vida longa)",99,0,0
29,112,1,Incrementalistas,"Z=63 Eu (vida longa)",63,0,1
29,113,0,Empiristas,"Z=65 Tb (vida longa)",65,1,0
29,113,1,Incrementalistas,"Z=49 In (vida longa)",49,0,0
29,113,3,Isolados,"Z=20 Ca (vida longa)",20,0,0
29,114,0,Empiristas,"Z=27 Co (vida longa)",27,1,0
29,114,0,Empiristas,"Z=29 Cu (vida longa)",29,0,0
29,114,2,Evolucionistas,"Z=20 Ca (vida longa)",20,0,0
29,114,2,Evolucionistas,"Z=30 Zn (vida longa)",30,0,0
29,115,0,Empiristas,"Z=24 Cr (vida longa)",24,0,0
29,115,1,Incrementalistas,"Z=13 Al (vida longa)",13,0,0
29,115,1,Incrementalistas,"Z=35 Br (vida longa)",35,0,0
29,116,1,Incrementalistas,"Z=5 B (vida longa)",5,0,0
29,116,2,Evolucionistas,"Z=27 Co (vida longa)",27,0,0
29,118,0,Empiristas,"Z=25 Mn (vida longa)",25,0,0
29,118,0,Empiristas,"Z=71 Lu (vida longa)",71,0,0
29,118,2,Evolucionistas,"Z=2 He (vida longa)",2,0,0
29,118,2,Evolucionistas,"Z=44 Ru (vida longa)",44,0,0
29,118,2,Evolucionistas,"Z=24 Cr (vida longa)",24,0,0
29,118,3,Isolados,"Z=26 Fe (vida longa)",26,0,0
29,118,3,Isolados,"Z=18 Ar (vida longa)",18,0,0
29,119,3,Isolados,"Z=72 Hf (vida longa)",72,0,0
29,120,1,Incrementalistas,"Z=46 Pd (vida longa)",46,0,0
29,120,2,Evolucionistas,"Z=58 Ce (vida longa)",58,0,0
29,121,2,Evolucionistas,"Z=75 Re (vida longa)",75,0,0
29,122,3,Isolados,"Z=48 Cd (vida longa)",48,0,0
29,123,1,Incrementalistas,"Z=60 Nd (vida longa)",60,0,0
29,123,1,Incrementalistas,"Z=91 Pa (vida longa)",91,0,0
29,123,3,Isolados,"Z=56 Ba (vida longa)",56,0,0
29,124,1,Incrementalistas,"Z=32 Ge (vida longa)",32,0,0
29,124,1,Incrementalistas,"Z=61 Pm (vida longa)",61,0,0
29,124,2,Evolucionistas,"Z=5 B (vida longa)",5,0,0
29,124,3,Isolados,"Z=79 Au (vida longa)",79,0,0
29,124,3,Isolados,"Z=75 Re (vida longa)",75,0,0
29,124,3,Isolados,"Z=22 Ti (vida longa)",22,0,0
29,125,2,Evolucionistas,"Z=69 Tm (vida longa)",69,0,0
29,126,0,Empiristas,"Z=55 Cs (vida longa)",55,0,0
29,127,1,Incrementalistas,"Z=33 As (vida longa)",33,0,0
29,127,2,Evolucionistas,"Z=66 Dy (vida longa)",66,0,0
29,127,3,Isolados,"Z=27 Co (vida longa)",27,0,0
29,127,3,Isolados,"Z=3 Li (vida longa)",3,0,0
29,127,3,Isolados,"Z=4 Be (vida longa)",4,0,0
29,128,1,Incrementalistas,"Z=41 Nb (vida longa)",41,0,0
29,128,2,Evolucionistas,"Z=25 Mn (vida longa)",25,0,0
29,128,3,Isolados,"Z=30 Zn (vida longa)",30,0,0
29,128,3,Isolados,"Z=44 Ru (vida longa)",44,0,0
29,129,1,Incrementalistas,"Z=65 Tb (vida longa)",65,0,0
29,130,0,Empiristas,"Z=9 F (vida longa)",9,0,0
29,130,1,Incrementalistas,"Z=16 S (vida longa)",16,0,0
29,130,1,Incrementalistas,"Z=66 Dy (vida longa)",66,0,0
29,130,1,Incrementalistas,"Z=84 Po (vida longa)",84,0,0
29,130,2,Evolucionistas,"Z=92 U (vida longa)",92,0,0
29,130,2,Evolucionistas,"Z=46 Pd (vida longa)",46,0,0
29,130,3,Isolados,"Z=41 Nb (vida longa)",41,0,0
29,130,3,Isolados,"Z=31 Ga (vida longa)",31,0,0
29,131,2,Evolucionistas,"Z=51 Sb (vida longa)",51,0,0
29,131,3,Isolados,"Z=7 N (vida longa)",7,0,0
29,131,3,Isolados,"Z=46 Pd (vida longa)",46,0,0
29,131,3,Isolados,"Z=53 I (vida longa)",53,0,0
29,131,3,Isolados,"Z=95 Am (vida longa)",95,0,0
29,131,3,Isolados,"Z=32 Ge (vida longa)",32,0,0
29,131,2,Evolucionistas,"Z=49 In (vida longa)",49,0,1
29,132,1,Incrementalistas,"Z=62 Sm (vida longa)",62,0,0
29,132,2,Evolucionistas,"Z=39 Y (vida longa)",39,0,0
29,132,3,Isolados,"Z=82 Pb (vida longa)",82,0,0
29,133,3,Isolados,"Z=102 No (vida longa)",102,0,0
29,134,1,Incrementalistas,"Z=92 U (vida longa)",92,0,0
29,134,1,Incrementalistas,"Z=71 Lu (vida longa)",71,0,0
29,134,3,Isolados,"Z=52 Te (vida longa)",52,0,0
29,135,3,Isolados,"Z=37 Rb (vida longa)",37,0,0
29,135,3,Isolados,"Z=65 Tb (vida longa)",65,0,0
29,135,3,Isolados,"Z=84 Po (vida longa)",84,0,0
29,136,1,Incrementalistas,"Z=42 Mo (vida longa)",42,0,0
29,137,1,Incrementalistas,"Z=69 Tm (vida longa)",69,0,0
29,137,3,Isolados,"Z=36 Kr (vida longa)",36,0,0
29,137,3,Isolados,"Z=90 Th (vida longa)",90,0,0
29,137,3,Isolados,"Z=98 Cf (vida longa)",98,0,0
29,138,1,Incrementalistas,"Z=11 Na (vida longa)",11,0,0
29,138,3,Isolados,"Z=42 Mo (vida longa)",42,0,0
29,138,3,Isolados,"Z=13 Al (vida longa)",13,0,0
29,139,3,Isolados,"Z=83 Bi (vida longa)",83,0,0
29,140,3,Isolados,"Z=103 Lr (vida longa)",103,0,0
29,140,3,Isolados,"Z=74 W (vida longa)",74,0,0
29,140,1,Incrementalistas,"Z=57 La (vida longa)",57,0,1
29,141,0,Empiristas,"Z=17 Cl (vida longa)",17,1,0
29,141,3,Isolados,"Z=93 Np (vida longa)",93,0,0
29,141,3,Isolados,"Z=55 Cs (vida longa)",55,0,0
29,142,2,Evolucionistas,"Z=21 Sc (vida longa)",21,0,0
29,142,3,Isolados,"Z=104 Rf (vida longa)",104,0,0
29,143,3,Isolados,"Z=2 He (vida longa)",2,0,0
29,144,1,Incrementalistas,"Z=73 Ta (vida longa)",73,0,0
29,144,1,Incrementalistas,"Z=68 Er (vida longa)",68,0,1
29,145,2,Evolucionistas,"Z=43 Tc (vida longa)",43,0,0
29,145,2,Evolucionistas,"Z=37 Rb (vida longa)",37,0,0
29,146,2,Evolucionistas,"Z=28 Ni (vida longa)",28,0,0
29,146,3,Isolados,"Z=80 Hg (vida longa)",80,0,0
29,146,3,Isolados,"Z=54 Xe (vida longa)",54,0,0
29,148,1,Incrementalistas,"Z=37 Rb (vida longa)",37,0,0
29,148,3,Isolados,"Z=17 Cl (vida longa)",17,0,0
29,148,3,Isolados,"Z=64 Gd (vida longa)",64,0,0
29,149,3,Isolados,"Z=107 Bh (vida longa)",107,0,0
29,150,1,Incrementalistas,"Z=40 Zr (vida longa)",40,0,0
29,151,1,Incrementalistas,"Z=43 Tc (vida longa)",43,0,0
29,152,1,Incrementalistas,"Z=17 Cl (vida longa)",17,0,0
29,152,2,Evolucionistas,"Z=65 Tb (vida longa)",65,0,0
29,152,3,Isolados,"Z=63 Eu (vida longa)",63,0,0
29,153,3,Isolados,"Z=33 As (vida longa)",33,0,0
29,153,3,Isolados,"Z=47 Ag (vida longa)",47,0,0
29,156,2,Evolucionistas,"Z=29 Cu (vida longa)",29,0,0
29,156,2,Evolucionistas,"Z=67 Ho (vida longa)",67,0,0
29,157,2,Evolucionistas,"Z=94 Pu (vida longa)",94,0,0
29,157,1,Incrementalistas,"Z=85 At (vida longa)",85,0,1
29,158,2,Evolucionistas,"Z=22 Ti (vida longa)",22,0,0
29,158,1,Incrementalistas,"Z=23 V (vida longa)",23,0,1
29,159,2,Evolucionistas,"Z=68 Er (vida longa)",68,0,0
29,160,1,Incrementalistas,"Z=38 Sr (vida longa)",38,0,0
29,160,2,Evolucionistas,"Z=13 Al (vida longa)",13,0,0
29,160,3,Isolados,"Z=11 Na (vida longa)",11,0,0
29,160,1,Incrementalistas,"Z=20 Ca (vida longa)",20,0,1
29,161,3,Isolados,"Z=76 Os (vida longa)",76,0,0
29,162,0,Empiristas,"Z=92 U (vida longa)",92,0,0
29,162,1,Incrementalistas,"Z=67 Ho (vida longa)",67,0,0
29,162,1,Incrementalistas,"Z=8 O (vida longa)",8,0,0
29,163,1,Incrementalistas,"Z=19 K (vida longa)",19,0,0
29,163,3,Isolados,"Z=89 Ac (vida longa)",89,0,0
29,164,1,Incrementalistas,"Z=70 Yb (vida longa)",70,0,0
29,164,1,Incrementalistas,"Z=7 N (vida longa)",7,0,0
29,164,2,Evolucionistas,"Z=63 Eu (vida longa)",63,0,0
29,164,2,Evolucionistas,"Z=7 N (vida longa)",7,0,0
29,165,1,Incrementalistas,"Z=59 Pr (vida longa)",59,0,0
29,165,1,Incrementalistas,"Z=53 I (vida longa)",53,0,0
29,165,1,Incrementalistas,"Z=18 Ar (vida longa)",18,0,0
29,166,1,Incrementalistas,"Z=86 Rn (vida longa)",86,0,0
29,166,3,Isolados,"Z=105 Db (vida longa)",105,0,0
29,166,3,Isolados,"Z=81 Tl (vida longa)",81,0,0
29,167,1,Incrementalistas,"Z=29 Cu (vida longa)",29,0,0
29,171,1,Incrementalistas,"Z=88 Ra (vida longa)",88,0,0
29,172,0,Empiristas,"Z=59 Pr (vida longa)",59,0,0
29,172,2,Evolucionistas,"Z=40 Zr (vida longa)",40,0,0
29,172,3,Isolados,"Z=1 H (vida longa)",1,1,0
29,172,1,Incrementalistas,"Z=24 Cr (vida longa)",24,0,1
29,175,1,Incrementalistas,"Z=22 Ti (vida longa)",22,0,0
29,177,1,Incrementalistas,"Z=21 Sc (vida longa)",21,0,0
29,179,1,Incrementalistas,"Z=30 Zn (vida longa)",30,0,0
29,180,1,Incrementalistas,"Z=26 Fe (vida longa)",26,0,0
29,180,1,Incrementalistas,"Z=39 Y (vida longa)",39,0,0
29,181,3,Isolados,"Z=62 Sm (vida longa)",62,0,0
29,182,1,Incrementalistas,"Z=89 Ac (vida longa)",89,0,0
29,184,2,Evolucionistas,"Z=41 Nb (vida longa)",41,0,0
29,185,3,Isolados,"Z=43 Tc (vida longa)",43,0,0
29,186,1,Incrementalistas,"Z=87 Fr (vida longa)",87,0,0
29,187,2,Evolucionistas,"Z=11 Na (vida longa)",11,0,0
29,191,3,Isolados,"Z=88 Ra (vida longa)",88,0,0
29,192,2,Evolucionistas,"Z=93 Np (vida longa)",93,0,0
29,192,2,Evolucionistas,"Z=1 H (vida longa)",1,0,0
29,193,2,Evolucionistas,"Z=9 F (vida longa)",9,0,0
29,194,2,Evolucionistas,"Z=85 At (vida longa)",85,0,0
29,194,2,Evolucionistas,"Z=103 Lr (vida longa)",103,0,0
29,195,1,Incrementalistas,"Z=25 Mn (vida longa)",25,0,0
29,198,3,Isolados,"Z=87 Fr (vida longa)",87,0,0
29,199,3,Isolados,"Z=49 In (vida longa)",49,0,0
29,206,3,Isolados,"Z=101 Md (vida longa)",101,0,0
29,207,3,Isolados,"Z=19 K (vida longa)",19,0,0
29,208,1,Incrementalistas,"Z=27 Co (vida longa)",27,0,0
29,208,1,Incrementalistas,"Z=90 Th (vida longa)",90,0,0
29,212,2,Evolucionistas,"Z=17 Cl (vida longa)",17,0,0
29,242,1,Incrementalistas,"Z=9 F (vida longa)",9,0,0
29,270,3,Isolados,"Z=10 Ne (vida longa)",10,0,0
29,270,3,Isolados,"Z=111 Rg (vida longa)",111,0,0
29,270,3,Isolados,"Z=92 U (vida longa)",92,0,0
29,270,3,Isolados,"Z=27 Co (vida longa)",27,0,0
29,270,3,Isolados,"Z=72 Hf (vida longa)",72,0,0
29,270,3,Isolados,"Z=78 Pt (vida longa)",78,0,0
29,270,3,Isolados,"Z=91 Pa (vida longa)",91,0,0
29,270,3,Isolados,"Z=81 Tl (vida longa)",81,0,0
29,271,3,Isolados,"Z=30 Zn (vida longa)",30,0,0
29,271,3,Isolados,"Z=20 Ca (vida longa)",20,0,0
29,271,3,Isolados,"Z=88 Ra (vida longa)",88,0,0
29,272,3,Isolados,"Z=31 Ga (vida longa)",31,0,0
29,273,3,Isolados,"Z=41 Nb (vida longa)",41,0,0
29,274,3,Isolados,"Z=50 Sn (vida longa)",50,0,0
29,274,3,Isolados,"Z=44 Ru (vida longa)",44,0,0
29,275,3,Isolados,"Z=69 Tm (vida longa)",69,0,0
29,275,3,Isolados,"Z=5 B (vida longa)",5,0,0
29,275,3,Isolados,"Z=68 Er (vida longa)",68,0,0
29,276,3,Isolados,"Z=38 Sr (vida longa)",38,0,0
29,276,3,Isolados,"Z=12 Mg (vida longa)",12,0,0
29,276,3,Isolados,"Z=23 V (vida longa)",23,0,0
29,277,3,Isolados,"Z=79 Au (vida longa)",79,0,0
29,277,3,Isolados,"Z=43 Tc (vida longa)",43,0,0
29,278,3,Isolados,"Z=2 He (vida longa)",2,0,0
29,278,3,Isolados,"Z=13 Al (vida longa)",13,0,0
29,278,3,Isolados,"Z=32 Ge (vida longa)",32,0,0
29,278,3,Isolados,"Z=65 Tb (vida longa)",65,0,0
29,278,3,Isolados,"Z=66 Dy (vida longa)",66,0,0
29,278,3,Isolados,"Z=15 P (vida longa)",15,0,0
29,278,3,Isolados,"Z=86 Rn (vida longa)",86,0,0
29,278,3,Isolados,"Z=35 Br (vida longa)",35,0,0
29,282,3,Isolados,"Z=67 Ho (vida longa)",67,0,0
29,282,3,Isolados,"Z=24 Cr (vida longa)",24,0,0
29,285,3,Isolados,"Z=102 No (vida longa)",102,0,0
29,288,3,Isolados,"Z=77 Ir (vida longa)",77,0,0
29,288,3,Isolados,"Z=100 Fm (vida longa)",100,0,0
29,289,2,Evolucionistas,"nucleos efemeros",106.765,0,0
29,289,2,Evolucionistas,"Z=83 Bi (vida longa)",83,0,0
29,289,2,Evolucionistas,"Z=64 Gd (vida longa)",64,0,0
29,289,2,Evolucionistas,"Z=79 Au (vida longa)",79,0,0
29,290,2,Evolucionistas,"Z=6 C (vida longa)",6,0,0
29,290,3,Isolados,"Z=45 Rh (vida longa)",45,0,0
29,291,2,Evolucionistas,"Z=58 Ce (vida longa)",58,0,0
29,291,2,Evolucionistas,"Z=38 Sr (vida longa)",38,0,0
29,291,2,Evolucionistas,"Z=91 Pa (vida longa)",91,0,0
29,291,2,Evolucionistas,"Z=32 Ge (vida longa)",32,0,0
29,291,2,Evolucionistas,"Z=56 Ba (vida longa)",56,0,0
29,291,1,Incrementalistas,"Z=1 H (vida longa)",1,0,1
29,292,2,Evolucionistas,"Z=31 Ga (vida longa)",31,0,0
29,292,2,Evolucionistas,"Z=8 O (vida longa)",8,0,0
29,292,2,Evolucionistas,"Z=19 K (vida longa)",19,0,0
29,293,2,Evolucionistas,"Z=89 Ac (vida longa)",89,0,0
29,293,2,Evolucionistas,"Z=77 Ir (vida longa)",77,0,0
29,293,2,Evolucionistas,"Z=90 Th (vida longa)",90,0,0
29,293,2,Evolucionistas,"Z=48 Cd (vida longa)",48,0,0
29,293,3,Isolados,"Z=101 Md (vida longa)",101,0,0
29,293,2,Evolucionistas,"Z=62 Sm (vida longa)",62,0,1
29,294,2,Evolucionistas,"Z=96 Cm (vida longa)",96,0,0
29,294,2,Evolucionistas,"Z=53 I (vida longa)",53,0,0
29,294,2,Evolucionistas,"Z=41 Nb (vida longa)",41,0,0
29,295,2,Evolucionistas,"Z=67 Ho (vida longa)",67,0,0
29,295,2,Evolucionistas,"Z=54 Xe (vida longa)",54,0,0
29,295,2,Evolucionistas,"Z=17 Cl (vida longa)",17,0,0
29,295,2,Evolucionistas,"Z=60 Nd (vida longa)",60,0,0
29,295,3,Isolados,"Z=83 Bi (vida longa)",83,0,0
29,296,2,Evolucionistas,"Z=34 Se (vida longa)",34,0,0
29,297,2,Evolucionistas,"Z=74 W (vida longa)",74,0,0
29,298,2,Evolucionistas,"Z=70 Yb (vida longa)",70,0,0
29,298,2,Evolucionistas,"Z=69 Tm (vida longa)",69,0,0
29,298,2,Evolucionistas,"Z=100 Fm (vida longa)",100,0,0
29,299,2,Evolucionistas,"Z=81 Tl (vida longa)",81,0,0
29,300,1,Incrementalistas,"nucleos efemeros",107.755,0,0
29,300,1,Incrementalistas,"Z=113 Nh (vida longa)",113,0,0
29,300,1,Incrementalistas,"Z=110 Ds (vida longa)",110,0,0
29,300,1,Incrementalistas,"Z=88 Ra (vida longa)",88,0,0
29,300,1,Incrementalistas,"Z=115 Mc (vida longa)",115,0,0
29,300,1,Incrementalistas,"Z=109 Mt (vida longa)",109,0,0
29,300,1,Incrementalistas,"Z=64 Gd (vida longa)",64,0,0
29,300,2,Evolucionistas,"Z=47 Ag (vida longa)",47,0,0
29,300,2,Evolucionistas,"Z=15 P (vida longa)",15,0,0
30,0,0,Empiristas,"Z=10 Ne (vida longa)",10,1,0
30,0,0,Empiristas,"Z=44 Ru (vida longa)",44,1,0
30,0,0,Empiristas,"nucleos efemeros",38.4079,1,0
30,0,1,Incrementalistas,"nucleos efemeros",69.8345,0,0
30,0,2,Evolucionistas,"nucleos efemeros",29.813,0,0
30,0,2,Evolucionistas,"Z=46 Pd (vida longa)",46,1,0
30,0,3,Isolados,"nucleos efemeros",46.5949,0,0
30,1,0,Empiristas,"Z=14 Si (vida longa)",14,1,0
30,1,0,Empiristas,"Z=78 Pt (vida longa)",78,1,0
30,1,2,Evolucionistas,"Z=26 Fe (vida longa)",26,1,0
30,2,2,Evolucionistas,"Z=84 Po (vida longa)",84,1,0
30,2,2,Evolucionistas,"Z=78 Pt (vida longa)",78,0,1
30,2,0,Empiristas,"Z=46 Pd (vida longa)",46,0,1
30,3,2,Evolucionistas,"Z=82 Pb (vida longa)",82,1,0
30,3,2,Evolucionistas,"Z=85 At (vida longa)",85,1,0
30,4,0,Empiristas,"Z=80 Hg (vida longa)",80,1,0
30,4,3,Isolados,"Z=14 Si (vida longa)",14,0,0
30,5,0,Empiristas,"Z=12 Mg (vida longa)",12,1,0
30,5,0,Empiristas,"Z=87 Fr (vida longa)",87,1,0
30,5,3,Isolados,"Z=53 I (vida longa)",53,1,0
30,6,0,Empiristas,"Z=34 Se (vida longa)",34,1,0
30,6,2,Evolucionistas,"Z=87 Fr (vida longa)",87,0,0
30,7,0,Empiristas,"Z=90 Th (vida longa)",90,1,0
30,7,3,Isolados,"Z=15 P (vida longa)",15,1,0
30,8,0,Empiristas,"Z=8 O (vida longa)",8,1,0
30,8,1,Incrementalistas,"Z=84 Po (vida longa)",84,0,0
30,8,2,Evolucionistas,"Z=90 Th (vida longa)",90,0,0
30,8,3,Isolados,"Z=13 Al (vida longa)",13,1,0
30,9,0,Empiristas,"Z=82 Pb (vida longa)",82,0,0
30,9,1,Incrementalistas,"Z=68 Er (vida longa)",68,1,0
30,9,2,Evolucionistas,"Z=18 Ar (vida longa)",18,1,0
30,9,2,Evolucionistas,"Z=86 Rn (vida longa)",86,1,0
30,9,2,Evolucionistas,"Z=89 Ac (vida longa)",89,1,0
30,9,1,Incrementalistas,"Z=90 Th (vida longa)",90,0,1
30,9,1,Incrementalistas,"Z=82 Pb (vida longa)",82,0,1
30,10,0,Empiristas,"Z=92 U (vida longa)",92,1,0
30,10,0,Empiristas,"Z=16 S (vida longa)",16,1,0
30,10,0,Empiristas,"Z=76 Os (vida longa)",76,1,0
30,10,1,Incrementalistas,"Z=87 Fr (vida longa)",87,0,0
30,10,2,Evolucionistas,"Z=92 U (vida longa)",92,0,0
30,10,3,Isolados,"Z=98 Cf (vida longa)",98,1,0
30,10,3,Isolados,"Z=97 Bk (vida longa)",97,1,0
30,11,0,Empiristas,"Z=77 Ir (vida longa)",77,1,0
30,11,3,Isolados,"Z=96 Cm (vida longa)",96,1,0
30,11,0,Empiristas,"Z=84 Po (vida longa)",84,0,1
30,11,1,Incrementalistas,"Z=92 U (vida longa)",92,0,1
30,11,1,Incrementalistas,"Z=76 Os (vida longa)",76,0,1
30,11,2,Evolucionistas,"Z=12 Mg (vida longa)",12,0,1
30,12,0,Empiristas,"Z=3 Li (vida longa)",3,1,0
30,12,0,Empiristas,"Z=6 C (vida longa)",6,1,0
30,12,0,Empiristas,"Z=35 Br (vida longa)",35,1,0
30,13,1,Incrementalistas,"Z=89 Ac (vida longa)",89,0,0
30,13,1,Incrementalistas,"Z=86 Rn (vida longa)",86,0,0
30,13,3,Isolados,"Z=95 Am (vida longa)",95,1,0
30,14,2,Evolucionistas,"Z=88 Ra (vida longa)",88,1,0
30,14,1,Incrementalistas,"Z=44 Ru (vida longa)",44,0,1
30,15,0,Empiristas,"Z=89 Ac (vida longa)",89,0,0
30,15,1,Incrementalistas,"Z=91 Pa (vida longa)",91,1,0
30,15,1,Incrementalistas,"Z=80 Hg (vida longa)",80,0,0
30,15,1,Incrementalistas,"Z=83 Bi (vida longa)",83,1,0
30,15,2,Evolucionistas,"Z=98 Cf (vida longa)",98,0,0
30,15,3,Isolados,"Z=99 Es (vida longa)",99,1,0
30,16,0,Empiristas,"Z=93 Np (vida longa)",93,1,0
30,16,1,Incrementalistas,"Z=88 Ra (vida longa)",88,0,0
30,16,1,Incrementalistas,"Z=93 Np (vida longa)",93,0,0
30,17,2,Evolucionistas,"Z=91 Pa (vida longa)",91,0,0
30,18,2,Evolucionistas,"Z=47 Ag (vida longa)",47,1,0
30,18,3,Isolados,"Z=94 Pu (vida longa)",94,1,0
30,19,0,Empiristas,"Z=91 Pa (vida longa)",91,0,0
30,19,1,Incrementalistas,"Z=95 Am (vida longa)",95,0,0
30,19,2,Evolucionistas,"Z=93 Np (vida longa)",93,0,1
30,19,0,Empiristas,"Z=98 Cf (vida longa)",98,0,1
30,19,0,Empiristas,"Z=18 Ar (vida longa)",18,0,1
30,20,0,Empiristas,"Z=86 Rn (vida longa)",86,0,0
30,20,0,Empiristas,"Z=37 Rb (vida longa)",37,1,0
30,20,2,Evolucionistas,"Z=83 Bi (vida longa)",83,0,0
30,20,3,Isolados,"Z=93 Np (vida longa)",93,0,0
30,21,1,Incrementalistas,"Z=94 Pu (vida longa)",94,0,0
30,21,3,Isolados,"Z=20 Ca (vida longa)",20,1,0
30,21,1,Incrementalistas,"Z=98 Cf (vida longa)",98,0,1
30,21,1,Incrementalistas,"Z=6 C (vida longa)",6,0,1
30,21,0,Empiristas,"Z=95 Am (vida longa)",95,0,1
30,22,1,Incrementalistas,"Z=100 Fm (vida longa)",100,1,0
30,23,0,Empiristas,"Z=57 La (vida longa)",57,1,0
30,23,0,Empiristas,"Z=88 Ra (vida longa)",88,0,0
30,23,1,Incrementalistas,"Z=96 Cm (vida longa)",96,0,0
30,23,2,Evolucionistas,"Z=96 Cm (vida longa)",96,0,0
30,23,3,Isolados,"Z=64 Gd (vida longa)",64,1,0
30,24,0,Empiristas,"Z=94 Pu (vida longa)",94,0,0
30,24,0,Empiristas,"Z=30 Zn (vida longa)",30,1,0
30,25,0,Empiristas,"Z=72 Hf (vida longa)",72,1,0
30,25,2,Evolucionistas,"Z=99 Es (vida longa)",99,0,0
30,25,2,Evolucionistas,"Z=40 Zr (vida longa)",40,1,0
30,26,2,Evolucionistas,"Z=94 Pu (vida longa)",94,0,0
30,27,1,Incrementalistas,"Z=99 Es (vida longa)",99,0,0
30,27,2,Evolucionistas,"Z=97 Bk (vida longa)",97,0,0
30,27,3,Isolados,"Z=18 Ar (vida longa)",18,0,0
30,28,0,Empiristas,"Z=28 Ni (vida longa)",28,1,0
30,28,0,Empiristas,"Z=11 Na (vida longa)",11,1,0
30,28,1,Incrementalistas,"Z=8 O (vida longa)",8,0,0
30,28,1,Incrementalistas,"Z=101 Md (vida longa)",101,1,0
30,28,2,Evolucionistas,"Z=100 Fm (vida longa)",100,0,0
30,28,3,Isolados,"Z=92 U (vida longa)",92,0,0
30,29,1,Incrementalistas,"Z=103 Lr (vida longa)",103,1,0
30,29,1,Incrementalistas,"Z=11 Na (vida longa)",11,0,1
30,29,0,Empiristas,"Z=103 Lr (vida longa)",103,0,1
30,30,0,Empiristas,"Z=24 Cr (vida longa)",24,1,0
30,30,1,Incrementalistas,"Z=102 No (vida longa)",102,1,0
30,30,1,Incrementalistas,"Z=2 He (vida longa)",2,1,0
30,30,1,Incrementalistas,"Z=97 Bk (vida longa)",97,0,0
30,30,2,Evolucionistas,"Z=95 Am (vida longa)",95,0,0
30,30,2,Evolucionistas,"Z=58 Ce (vida longa)",58,1,0
30,31,0,Empiristas,"Z=53 I (vida longa)",53,0,0
30,31,0,Empiristas,"Z=65 Tb (vida longa)",65,1,0
30,31,1,Incrementalistas,"Z=105 Db (vida longa)",105,1,0
30,31,2,Evolucionistas,"Z=105 Db (vida longa)",105,0,1
30,31,2,Evolucionistas,"Z=11 Na (vida longa)",11,0,1
30,32,1,Incrementalistas,"Z=1 H (vida longa)",1,1,0
30,32,1,Incrementalistas,"Z=106 Sg (vida longa)",106,1,0
30,32,2,Evolucionistas,"Z=3 Li (vida longa)",3,0,0
30,33,0,Empiristas,"Z=58 Ce (vida longa)",58,0,0
30,33,0,Empiristas,"Z=79 Au (vida longa)",79,1,0
30,33,0,Empiristas,"Z=32 Ge (vida longa)",32,1,0
30,33,0,Empiristas,"Z=96 Cm (vida longa)",96,0,0
30,33,1,Incrementalistas,"Z=104 Rf (vida longa)",104,1,0
30,33,1,Incrementalistas,"Z=108 Hs (vida longa)",108,1,0
30,33,2,Evolucionistas,"Z=101 Md (vida longa)",101,0,0
30,33,2,Evolucionistas,"Z=30 Zn (vida longa)",30,0,0
30,33,1,Incrementalistas,"Z=77 Ir (vida longa)",77,0,1
30,33,0,Empiristas,"Z=108 Hs (vida longa)",108,0,1
30,34,0,Empiristas,"Z=9 F (vida longa)",9,1,0
30,34,1,Incrementalistas,"Z=96 Cm (vida longa)",96,0,0
30,34,1,Incrementalistas,"Z=100 Fm (vida longa)",100,0,0
30,35,1,Incrementalistas,"Z=102 No (vida longa)",102,0,0
30,35,1,Incrementalistas,"Z=104 Rf (vida longa)",104,0,0
30,35,2,Evolucionistas,"Z=16 S (vida longa)",16,0,0
30,35,3,Isolados,"Z=3 Li (vida longa)",3,0,0
30,35,2,Evolucionistas,"Z=108 Hs (vida longa)",108,0,1
30,35,0,Empiristas,"Z=100 Fm (vida longa)",100,0,1
30,36,0,Empiristas,"Z=101 Md (vida longa)",101,0,0
30,36,1,Incrementalistas,"Z=98 Cf (vida longa)",98,0,0
30,36,1,Incrementalistas,"Z=79 Au (vida longa)",79,0,1
30,37,0,Empiristas,"Z=97 Bk (vida longa)",97,0,0
30,38,0,Empiristas,"Z=99 Es (vida longa)",99,0,0
30,38,2,Evolucionistas,"Z=68 Er (vida longa)",68,0,0
30,38,2,Evolucionistas,"Z=103 Lr (vida longa)",103,0,0
30,38,3,Isolados,"Z=90 Th (vida longa)",90,0,0
30,38,1,Incrementalistas,"Z=97 Bk (vida longa)",97,0,1
30,39,0,Empiristas,"Z=2 He (vida longa)",2,0,0
30,39,1,Incrementalistas,"Z=103 Lr (vida longa)",103,0,0
30,39,2,Evolucionistas,"Z=2 He (vida longa)",2,0,1
30,39,1,Incrementalistas,"Z=16 S (vida longa)",16,0,1
30,40,2,Evolucionistas,"Z=102 No (vida longa)",102,0,0
30,40,2,Evolucionistas,"Z=107 Bh (vida longa)",107,1,0
30,40,3,Isolados,"Z=32 Ge (vida longa)",32,0,0
30,40,3,Isolados,"Z=91 Pa (vida longa)",91,0,0
30,41,1,Incrementalistas,"Z=110 Ds (vida longa)",110,1,0
30,41,3,Isolados,"Z=16 S (vida longa)",16,0,0
30,41,3,Isolados,"Z=65 Tb (vida longa)",65,0,0
30,42,0,Empiristas,"Z=68 Er (vida longa)",68,0,0
30,42,2,Evolucionistas,"Z=110 Ds (vida longa)",110,0,0
30,43,0,Empiristas,"Z=27 Co (vida longa)",27,1,0
30,43,0,Empiristas,"Z=102 No (vida longa)",102,0,0
30,43,0,Empiristas,"Z=7 N (vida longa)",7,1,0
30,43,0,Empiristas,"Z=104 Rf (vida longa)",104,0,0
30,43,2,Evolucionistas,"Z=24 Cr (vida longa)",24,0,0
30,43,0,Empiristas,"Z=110 Ds (vida longa)",110,0,1
30,43,2,Evolucionistas,"Z=9 F (vida longa)",9,0,1
30,44,0,Empiristas,"Z=109 Mt (vida longa)",109,1,0
30,44,0,Empiristas,"Z=107 Bh (vida longa)",107,0,0
30,44,1,Incrementalistas,"Z=109 Mt (vida longa)",109,0,0
30,44,2,Evolucionistas,"Z=31 Ga (vida longa)",31,1,0
30,44,3,Isolados,"Z=12 Mg (vida longa)",12,0,0
30,44,3,Isolados,"Z=54 Xe (vida longa)",54,1,0
30,44,3,Isolados,"Z=57 La (vida longa)",57,0,0
30,44,0,Empiristas,"Z=40 Zr (vida longa)",40,0,1
30,45,0,Empiristas,"Z=106 Sg (vida longa)",106,0,0
30,45,0,Empiristas,"Z=113 Nh (vida longa)",113,1,0
30,45,3,Isolados,"Z=63 Eu (vida longa)",63,1,0
30,45,1,Incrementalistas,"Z=113 Nh (vida longa)",113,0,1
30,45,1,Incrementalistas,"Z=35 Br (vida longa)",35,0,1
30,46,0,Empiristas,"Z=69 Tm (vida longa)",69,1,0
30,46,0,Empiristas,"Z=112 Cn (vida longa)",112,1,0
30,46,1,Incrementalistas,"Z=111 Rg (vida longa)",111,1,0
30,46,2,Evolucionistas,"Z=106 Sg (vida longa)",106,0,0
30,46,3,Isolados,"Z=99 Es (vida longa)",99,0,0
30,46,3,Isolados,"Z=52 Te (vida longa)",52,1,0
30,46,2,Evolucionistas,"Z=113 Nh (vida longa)",113,0,1
30,46,2,Evolucionistas,"Z=80 Hg (vida longa)",80,0,1
30,47,0,Empiristas,"Z=111 Rg (vida longa)",111,0,0
30,47,2,Evolucionistas,"Z=60 Nd (vida longa)",60,1,0
30,48,0,Empiristas,"Z=105 Db (vida longa)",105,0,0
30,48,0,Empiristas,"Z=115 Mc (vida longa)",115,1,0
30,49,1,Incrementalistas,"Z=107 Bh (vida longa)",107,0,0
30,49,2,Evolucionistas,"Z=10 Ne (vida longa)",10,0,0
30,50,0,Empiristas,"Z=50 Sn (vida longa)",50,1,0
30,50,0,Empiristas,"Z=114 Fl (vida longa)",114,1,0
30,50,0,Empiristas,"Z=22 Ti (vida longa)",22,1,0
30,50,1,Incrementalistas,"Z=112 Cn (vida longa)",112,0,0
30,50,2,Evolucionistas,"Z=104 Rf (vida longa)",104,0,0
30,50,3,Isolados,"Z=100 Fm (vida longa)",100,0,0
30,50,1,Incrementalistas,"Z=115 Mc (vida longa)",115,0,1
30,52,1,Incrementalistas,"Z=114 Fl (vida longa)",114,0,0
30,53,2,Evolucionistas,"Z=109 Mt (vida longa)",109,0,0
30,53,3,Isolados,"Z=110 Ds (vida longa)",110,0,0
30,54,2,Evolucionistas,"Z=112 Cn (vida longa)",112,0,0
30,55,0,Empiristas,"Z=20 Ca (vida longa)",20,0,0
30,55,2,Evolucionistas,"Z=111 Rg (vida longa)",111,0,0
30,56,3,Isolados,"Z=91 Pa (vida longa)",91,0,0
30,56,2,Evolucionistas,"Z=115 Mc (vida longa)",115,0,1
30,58,3,Isolados,"Z=113 Nh (vida longa)",113,0,0
30,59,0,Empiristas,"Z=48 Cd (vida longa)",48,1,0
30,59,2,Evolucionistas,"Z=114 Fl (vida longa)",114,0,0
30,59,3,Isolados,"Z=108 Hs (vida longa)",108,0,0
30,60,3,Isolados,"Z=1 H (vida longa)",1,0,0
30,60,3,Isolados,"Z=10 Ne (vida longa)",10,0,0
30,61,0,Empiristas,"Z=4 Be (vida longa)",4,1,0
30,61,3,Isolados,"Z=114 Fl (vida longa)",114,0,0
30,61,3,Isolados,"Z=112 Cn (vida longa)",112,0,0
30,62,1,Incrementalistas,"Z=83 Bi (vida longa)",83,0,0
30,62,2,Evolucionistas,"Z=32 Ge (vida longa)",32,0,0
30,63,0,Empiristas,"Z=26 Fe (vida longa)",26,0,0
30,63,3,Isolados,"Z=111 Rg (vida longa)",111,0,0
30,65,0,Empiristas,"Z=73 Ta (vida longa)",73,1,0
30,65,2,Evolucionistas,"Z=19 K (vida longa)",19,1,0
30,65,3,Isolados,"Z=44 Ru (vida longa)",44,0,0
30,65,1,Incrementalistas,"Z=14 Si (vida longa)",14,0,1
30,66,2,Evolucionistas,"Z=57 La (vida longa)",57,0,0
30,66,3,Isolados,"Z=2 He (vida longa)",2,0,0
30,67,0,Empiristas,"Z=66 Dy (vida longa)",66,1,0
30,67,0,Empiristas,"Z=61 Pm (vida longa)",61,1,0
30,68,1,Incrementalistas,"Z=66 Dy (vida longa)",66,0,0
30,68,3,Isolados,"Z=42 Mo (vida longa)",42,1,0
30,69,2,Evolucionistas,"Z=69 Tm (vida longa)",69,0,0
30,69,2,Evolucionistas,"Z=48 Cd (vida longa)",48,0,0
30,72,2,Evolucionistas,"Z=4 Be (vida longa)",4,0,0
30,73,3,Isolados,"Z=14 Si (vida longa)",14,0,0
30,74,2,Evolucionistas,"Z=38 Sr (vida longa)",38,1,0
30,74,2,Evolucionistas,"Z=54 Xe (vida longa)",54,0,0
30,74,2,Evolucionistas,"Z=74 W (vida longa)",74,1,0
30,74,1,Incrementalistas,"Z=19 K (vida longa)",19,0,1
30,75,0,Empiristas,"Z=41 Nb (vida longa)",41,1,0
30,75,1,Incrementalistas,"Z=10 Ne (vida longa)",10,0,0
30,75,2,Evolucionistas,"Z=27 Co (vida longa)",27,0,0
30,76,3,Isolados,"Z=107 Bh (vida longa)",107,0,0
30,77,3,Isolados,"Z=93 Np (vida longa)",93,0,0
30,77,3,Isolados,"Z=60 Nd (vida longa)",60,0,0
30,78,2,Evolucionistas,"Z=67 Ho (vida longa)",67,1,0
30,78,3,Isolados,"Z=115 Mc (vida longa)",115,0,0
30,78,3,Isolados,"Z=109 Mt (vida longa)",109,0,0
30,78,2,Evolucionistas,"Z=14 Si (vida longa)",14,0,1
30,79,0,Empiristas,"Z=81 Tl (vida longa)",81,1,0
30,79,0,Empiristas,"Z=55 Cs (vida longa)",55,1,0
30,79,0,Empiristas,"Z=17 Cl (vida longa)",17,1,0
30,79,1,Incrementalistas,"Z=5 B (vida longa)",5,1,0
30,79,3,Isolados,"Z=35 Br (vida longa)",35,0,0
30,80,0,Empiristas,"Z=15 P (vida longa)",15,0,0
30,80,3,Isolados,"Z=59 Pr (vida longa)",59,1,0
30,80,3,Isolados,"Z=19 K (vida longa)",19,0,0
30,81,0,Empiristas,"Z=75 Re (vida longa)",75,1,0
30,81,0,Empiristas,"Z=71 Lu (vida longa)",71,1,0
30,81,3,Isolados,"Z=55 Cs (vida longa)",55,0,0
30,82,3,Isolados,"Z=28 Ni (vida longa)",28,0,0
30,82,2,Evolucionistas,"Z=55 Cs (vida longa)",55,0,1
30,83,0,Empiristas,"Z=29 Cu (vida longa)",29,1,0
30,84,0,Empiristas,"Z=5 B (vida longa)",5,0,0
30,84,2,Evolucionistas,"Z=13 Al (vida longa)",13,0,0
30,84,3,Isolados,"Z=8 O (vida longa)",8,0,0
30,84,3,Isolados,"Z=48 Cd (vida longa)",48,0,0
30,84,3,Isolados,"Z=58 Ce (vida longa)",58,0,0
30,85,1,Incrementalistas,"Z=12 Mg (vida longa)",12,0,0
30,86,0,Empiristas,"Z=83 Bi (vida longa)",83,0,0
30,86,1,Incrementalistas,"Z=85 At (vida longa)",85,0,0
30,86,3,Isolados,"Z=66 Dy (vida longa)",66,0,0
30,88,0,Empiristas,"Z=52 Te (vida longa)",52,0,0
30,88,0,Empiristas,"Z=13 Al (vida longa)",13,0,0
30,88,3,Isolados,"Z=88 Ra (vida longa)",88,0,0
30,89,0,Empiristas,"Z=23 V (vida longa)",23,1,0
30,89,0,Empiristas,"Z=74 W (vida longa)",74,0,0
30,89,2,Evolucionistas,"Z=8 O (vida longa)",8,0,0
30,90,0,Empiristas,"Z=25 Mn (vida longa)",25,1,0
30,90,2,Evolucionistas,"Z=49 In (vida longa)",49,1,0
30,90,3,Isolados,"Z=34 Se (vida longa)",34,0,0
30,91,0,Empiristas,"Z=62 Sm (vida longa)",62,1,0
30,91,3,Isolados,"Z=56 Ba (vida longa)",56,1,0
30,92,3,Isolados,"Z=25 Mn (vida longa)",25,0,0
30,92,1,Incrementalistas,"Z=95 Am (vida longa)",95,0,1
30,93,0,Empiristas,"Z=45 Rh (vida longa)",45,1,0
30,93,3,Isolados,"Z=106 Sg (vida longa)",106,0,0
30,94,3,Isolados,"Z=4 Be (vida longa)",4,0,0
30,95,1,Incrementalistas,"Z=42 Mo (vida longa)",42,0,0
30,95,2,Evolucionistas,"Z=20 Ca (vida longa)",20,0,0
30,95,2,Evolucionistas,"Z=65 Tb (vida longa)",65,0,0
30,95,3,Isolados,"Z=36 Kr (vida longa)",36,1,0
30,95,3,Isolados,"Z=9 F (vida longa)",9,0,0
30,96,0,Empiristas,"Z=51 Sb (vida longa)",51,1,0
30,96,2,Evolucionistas,"Z=28 Ni (vida longa)",28,0,0
30,96,3,Isolados,"Z=18 Ar (vida longa)",18,0,0
30,96,3,Isolados,"Z=46 Pd (vida longa)",46,0,0
30,97,0,Empiristas,"Z=70 Yb (vida longa)",70,1,0
30,97,3,Isolados,"Z=51 Sb (vida longa)",51,0,0
30,98,0,Empiristas,"Z=36 Kr (vida longa)",36,0,0
30,98,0,Empiristas,"Z=56 Ba (vida longa)",56,0,0
30,98,3,Isolados,"Z=87 Fr (vida longa)",87,0,0
30,99,3,Isolados,"Z=22 Ti (vida longa)",22,0,0
30,100,0,Empiristas,"Z=38 Sr (vida longa)",38,0,0
30,101,0,Empiristas,"Z=54 Xe (vida longa)",54,0,0
30,101,2,Evolucionistas,"Z=5 B (vida longa)",5,0,0
30,101,3,Isolados,"Z=74 W (vida longa)",74,0,0
30,101,3,Isolados,"Z=20 Ca (vida longa)",20,0,0
30,101,3,Isolados,"Z=89 Ac (vida longa)",89,0,0
30,102,3,Isolados,"Z=75 Re (vida longa)",75,0,0
30,102,3,Isolados,"Z=24 Cr (vida longa)",24,0,0
30,103,3,Isolados,"Z=72 Hf (vida longa)",72,0,0
30,103,1,Incrementalistas,"Z=4 Be (vida longa)",4,0,1
30,104,1,Incrementalistas,"Z=55 Cs (vida longa)",55,0,0
30,104,1,Incrementalistas,"Z=52 Te (vida longa)",52,0,0
30,104,1,Incrementalistas,"Z=61 Pm (vida longa)",61,0,0
30,104,2,Evolucionistas,"Z=59 Pr (vida longa)",59,0,0
30,105,0,Empiristas,"Z=39 Y (vida longa)",39,1,0
30,105,1,Incrementalistas,"Z=9 F (vida longa)",9,0,0
30,105,1,Incrementalistas,"Z=81 Tl (vida longa)",81,0,1
30,106,0,Empiristas,"Z=67 Ho (vida longa)",67,0,0
30,106,2,Evolucionistas,"Z=79 Au (vida longa)",79,0,0
30,107,0,Empiristas,"Z=49 In (vida longa)",49,0,0
30,107,1,Incrementalistas,"Z=34 Se (vida longa)",34,0,0
30,107,3,Isolados,"Z=45 Rh (vida longa)",45,0,0
30,108,2,Evolucionistas,"Z=23 V (vida longa)",23,0,0
30,108,3,Isolados,"Z=71 Lu (vida longa)",71,0,0
30,108,3,Isolados,"Z=17 Cl (vida longa)",17,0,0
30,109,0,Empiristas,"Z=63 Eu (vida longa)",63,0,0
30,109,3,Isolados,"Z=32 Ge (vida longa)",32,0,0
30,109,2,Evolucionistas,"Z=37 Rb (vida longa)",37,0,1
30,110,0,Empiristas,"Z=64 Gd (vida longa)",64,0,0
30,110,2,Evolucionistas,"Z=7 N (vida longa)",7,0,0
30,111,0,Empiristas,"Z=21 Sc (vida longa)",21,1,0
30,111,2,Evolucionistas,"Z=73 Ta (vida longa)",73,0,0
30,111,3,Isolados,"Z=65 Tb (vida longa)",65,0,0
30,112,2,Evolucionistas,"Z=34 Se (vida longa)",34,0,0
30,112,2,Evolucionistas,"Z=44 Ru (vida longa)",44,0,0
30,112,3,Isolados,"Z=7 N (vida longa)",7,0,0
30,112,2,Evolucionistas,"Z=77 Ir (vida longa)",77,0,1
30,112,1,Incrementalistas,"Z=68 Er (vida longa)",68,0,1
30,113,1,Incrementalistas,"Z=46 Pd (vida longa)",46,0,0
30,113,1,Incrementalistas,"Z=64 Gd (vida longa)",64,0,0
30,113,3,Isolados,"Z=76 Os (vida longa)",76,0,0
30,114,1,Incrementalistas,"Z=36 Kr (vida longa)",36,0,0
30,114,2,Evolucionistas,"Z=36 Kr (vida longa)",36,0,0
30,114,3,Isolados,"Z=63 Eu (vida longa)",63,0,0
30,116,1,Incrementalistas,"Z=39 Y (vida longa)",39,0,0
30,116,1,Incrementalistas,"Z=58 Ce (vida longa)",58,0,0
30,116,2,Evolucionistas,"Z=56 Ba (vida longa)",56,0,0
30,117,2,Evolucionistas,"Z=6 C (vida longa)",6,0,0
30,118,0,Empiristas,"Z=42 Mo (vida longa)",42,0,0
30,119,3,Isolados,"Z=50 Sn (vida longa)",50,0,0
30,119,3,Isolados,"Z=68 Er (vida longa)",68,0,0
30,120,0,Empiristas,"Z=33 As (vida longa)",33,1,0
30,120,1,Incrementalistas,"Z=78 Pt (vida longa)",78,0,0
30,120,2,Evolucionistas,"Z=66 Dy (vida longa)",66,0,0
30,120,2,Evolucionistas,"Z=42 Mo (vida longa)",42,0,0
30,120,1,Incrementalistas,"Z=18 Ar (vida longa)",18,0,1
30,121,1,Incrementalistas,"Z=22 Ti (vida longa)",22,0,0
30,122,2,Evolucionistas,"Z=75 Re (vida longa)",75,0,0
30,122,2,Evolucionistas,"Z=22 Ti (vida longa)",22,0,0
30,122,3,Isolados,"Z=47 Ag (vida longa)",47,0,0
30,124,1,Incrementalistas,"Z=70 Yb (vida longa)",70,0,0
30,125,3,Isolados,"Z=105 Db (vida longa)",105,0,0
30,125,3,Isolados,"Z=40 Zr (vida longa)",40,0,0
30,126,1,Incrementalistas,"Z=65 Tb (vida longa)",65,0,0
30,126,3,Isolados,"Z=33 As (vida longa)",33,0,0
30,127,2,Evolucionistas,"Z=70 Yb (vida longa)",70,0,0
30,127,2,Evolucionistas,"Z=25 Mn (vida longa)",25,0,0
30,128,0,Empiristas,"Z=47 Ag (vida longa)",47,0,0
30,128,2,Evolucionistas,"Z=1 H (vida longa)",1,0,0
30,128,2,Evolucionistas,"Z=21 Sc (vida longa)",21,0,0
30,128,3,Isolados,"Z=78 Pt (vida longa)",78,0,0
30,128,3,Isolados,"Z=31 Ga (vida longa)",31,0,0
30,128,3,Isolados,"Z=13 Al (vida longa)",13,0,0
30,128,1,Incrementalistas,"Z=3 Li (vida longa)",3,0,1
30,129,1,Incrementalistas,"Z=56 Ba (vida longa)",56,0,0
30,129,2,Evolucionistas,"Z=62 Sm (vida longa)",62,0,0
30,130,3,Isolados,"Z=37 Rb (vida longa)",37,0,0
30,130,3,Isolados,"Z=30 Zn (vida longa)",30,0,0
30,131,0,Empiristas,"Z=59 Pr (vida longa)",59,0,0
30,131,3,Isolados,"Z=16 S (vida longa)",16,0,0
30,131,3,Isolados,"Z=23 V (vida longa)",23,0,0
30,132,1,Incrementalistas,"Z=62 Sm (vida longa)",62,0,0
30,132,2,Evolucionistas,"Z=33 As (vida longa)",33,0,0
30,133,1,Incrementalistas,"Z=32 Ge (vida longa)",32,0,0
30,133,1,Incrementalistas,"Z=45 Rh (vida longa)",45,0,0
30,134,0,Empiristas,"Z=31 Ga (vida longa)",31,0,0
30,134,3,Isolados,"Z=29 Cu (vida longa)",29,0,0
30,135,2,Evolucionistas,"Z=81 Tl (vida longa)",81,0,0
30,136,2,Evolucionistas,"Z=50 Sn (vida longa)",50,0,0
30,137,0,Empiristas,"Z=60 Nd (vida longa)",60,0,0
30,137,3,Isolados,"Z=82 Pb (vida longa)",82,0,0
30,137,3,Isolados,"Z=26 Fe (vida longa)",26,0,0
30,137,0,Empiristas,"Z=1 H (vida longa)",1,0,1
30,137,1,Incrementalistas,"Z=50 Sn (vida longa)",50,0,1
30,138,0,Empiristas,"Z=43 Tc (vida longa)",43,1,0
30,138,2,Evolucionistas,"Z=72 Hf (vida longa)",72,0,0
30,138,3,Isolados,"Z=67 Ho (vida longa)",67,0,0
30,138,3,Isolados,"Z=49 In (vida longa)",49,0,0
30,140,3,Isolados,"Z=104 Rf (vida longa)",104,0,0
30,141,1,Incrementalistas,"Z=37 Rb (vida longa)",37,0,0
30,141,1,Incrementalistas,"Z=26 Fe (vida longa)",26,0,0
30,142,0,Empiristas,"Z=85 At (vida longa)",85,0,0
30,142,2,Evolucionistas,"Z=41 Nb (vida longa)",41,0,0
30,142,3,Isolados,"Z=86 Rn (vida longa)",86,0,0
30,143,1,Incrementalistas,"Z=59 Pr (vida longa)",59,0,0
30,144,1,Incrementalistas,"Z=20 Ca (vida longa)",20,0,0
30,144,2,Evolucionistas,"Z=43 Tc (vida longa)",43,0,0
30,144,3,Isolados,"Z=84 Po (vida longa)",84,0,0
30,145,1,Incrementalistas,"Z=43 Tc (vida longa)",43,0,0
30,145,1,Incrementalistas,"Z=72 Hf (vida longa)",72,0,0
30,145,3,Isolados,"Z=43 Tc (vida longa)",43,0,0
30,145,1,Incrementalistas,"Z=25 Mn (vida longa)",25,0,1
30,146,1,Incrementalistas,"Z=24 Cr (vida longa)",24,0,0
30,146,3,Isolados,"Z=27 Co (vida longa)",27,0,0
30,147,1,Incrementalistas,"Z=28 Ni (vida longa)",28,0,0
30,147,2,Evolucionistas,"Z=63 Eu (vida longa)",63,0,0
30,148,1,Incrementalistas,"Z=54 Xe (vida longa)",54,0,0
30,148,2,Evolucionistas,"Z=76 Os (vida longa)",76,0,0
30,148,3,Isolados,"Z=39 Y (vida longa)",39,0,0
30,150,1,Incrementalistas,"Z=40 Zr (vida longa)",40,0,0
30,151,1,Incrementalistas,"Z=38 Sr (vida longa)",38,0,0
30,151,1,Incrementalistas,"Z=74 W (vida longa)",74,0,0
30,151,2,Evolucionistas,"Z=35 Br (vida longa)",35,0,0
30,152,0,Empiristas,"Z=19 K (vida longa)",19,0,0
30,153,2,Evolucionistas,"Z=15 P (vida longa)",15,0,0
30,154,2,Evolucionistas,"Z=52 Te (vida longa)",52,0,0
30,154,2,Evolucionistas,"Z=45 Rh (vida longa)",45,0,0
30,155,1,Incrementalistas,"Z=29 Cu (vida longa)",29,0,0
30,155,1,Incrementalistas,"Z=63 Eu (vida longa)",63,0,0
30,155,1,Incrementalistas,"Z=30 Zn (vida longa)",30,0,0
30,156,1,Incrementalistas,"Z=31 Ga (vida longa)",31,0,0
30,156,3,Isolados,"Z=62 Sm (vida longa)",62,0,0
30,158,1,Incrementalistas,"Z=71 Lu (vida longa)",71,0,0
30,158,2,Evolucionistas,"Z=64 Gd (vida longa)",64,0,0
30,158,3,Isolados,"Z=73 Ta (vida longa)",73,0,0
30,159,1,Incrementalistas,"Z=69 Tm (vida longa)",69,0,0
30,159,3,Isolados,"Z=69 Tm (vida longa)",69,0,0
30,160,2,Evolucionistas,"Z=17 Cl (vida longa)",17,0,0
30,160,3,Isolados,"Z=38 Sr (vida longa)",38,0,0
30,161,1,Incrementalistas,"Z=51 Sb (vida longa)",51,0,0
30,162,3,Isolados,"Z=41 Nb (vida longa)",41,0,0
30,162,3,Isolados,"Z=101 Md (vida longa)",101,0,0
30,163,1,Incrementalistas,"Z=48 Cd (vida longa)",48,0,0
30,163,3,Isolados,"Z=5 B (vida longa)",5,0,0
30,164,1,Incrementalistas,"Z=21 Sc (vida longa)",21,0,0
30,164,2,Evolucionistas,"Z=71 Lu (vida longa)",71,0,0
30,164,3,Isolados,"Z=6 C (vida longa)",6,0,0
30,165,1,Incrementalistas,"Z=53 I (vida longa)",53,0,0
30,166,1,Incrementalistas,"Z=7 N (vida longa)",7,0,0
30,167,1,Incrementalistas,"Z=67 Ho (vida longa)",67,0,0
30,167,1,Incrementalistas,"Z=47 Ag (vida longa)",47,0,0
30,167,2,Evolucionistas,"Z=51 Sb (vida longa)",51,0,0
30,168,1,Incrementalistas,"Z=60 Nd (vida longa)",60,0,0
30,169,3,Isolados,"Z=70 Yb (vida longa)",70,0,0
30,169,3,Isolados,"Z=102 No (vida longa)",102,0,0
30,171,1,Incrementalistas,"Z=41 Nb (vida longa)",41,0,0
30,172,2,Evolucionistas,"Z=53 I (vida longa)",53,0,0
30,172,3,Isolados,"Z=80 Hg (vida longa)",80,0,0
30,172,3,Isolados,"Z=81 Tl (vida longa)",81,0,0
30,173,3,Isolados,"Z=61 Pm (vida longa)",61,0,0
30,174,3,Isolados,"Z=21 Sc (vida longa)",21,0,0
30,176,1,Incrementalistas,"Z=15 P (vida longa)",15,0,0
30,180,2,Evolucionistas,"Z=61 Pm (vida longa)",61,0,0
30,180,3,Isolados,"Z=11 Na (vida longa)",11,0,0
30,181,1,Incrementalistas,"Z=57 La (vida longa)",57,0,0
30,182,1,Incrementalistas,"Z=17 Cl (vida longa)",17,0,0
30,183,1,Incrementalistas,"Z=33 As (vida longa)",33,0,0
30,190,1,Incrementalistas,"Z=13 Al (vida longa)",13,0,1
30,192,1,Incrementalistas,"Z=27 Co (vida longa)",27,0,0
30,197,3,Isolados,"Z=85 At (vida longa)",85,0,0
30,200,3,Isolados,"Z=79 Au (vida longa)",79,0,0
30,204,3,Isolados,"Z=77 Ir (vida longa)",77,0,0
30,206,1,Incrementalistas,"Z=23 V (vida longa)",23,0,0
30,209,1,Incrementalistas,"Z=75 Re (vida longa)",75,0,0
30,214,3,Isolados,"Z=103 Lr (vida longa)",103,0,0
30,215,1,Incrementalistas,"Z=49 In (vida longa)",49,0,0
30,216,2,Evolucionistas,"Z=29 Cu (vida longa)",29,0,0
30,231,3,Isolados,"Z=83 Bi (vida longa)",83,0,0
30,232,1,Incrementalistas,"Z=73 Ta (vida longa)",73,0,0
30,248,2,Evolucionistas,"Z=39 Y (vida longa)",39,0,0
31,0,0,Empiristas,"nucleos efemeros",78.4267,1,0
31,0,0,Empiristas,"Z=65 Tb (vida longa)",65,1,0
31,0,1,Incrementalistas,"Z=44 Ru (vida longa)",44,1,0
31,0,1,Incrementalistas,"Z=48 Cd (vida longa)",48,1,0
31,0,2,Evolucionistas,"Z=70 Yb (vida longa)",70,1,0
31,0,2,Evolucionistas,"nucleos efemeros",82.2494,0,0
31,0,3,Isolados,"nucleos efemeros",14.006,0,0
31,1,0,Empiristas,"Z=66 Dy (vida longa)",66,1,0
31,1,1,Incrementalistas,"nucleos efemeros",45.6702,0,0
31,1,1,Incrementalistas,"Z=50 Sn (vida longa)",50,1,0
31,1,2,Evolucionistas,"Z=71 Lu (vida longa)",71,1,0
31,1,3,Isolados,"Z=94 Pu (vida longa)",94,1,0
31,1,3,Isolados,"Z=97 Bk (vida longa)",97,1,0
31,2,3,Isolados,"Z=96 Cm (vida longa)",96,1,0
31,2,2,Evolucionistas,"Z=65 Tb (vida longa)",65,0,1
31,2,0,Empiristas,"Z=70 Yb (vida longa)",70,0,1
31,3,0,Empiristas,"Z=72 Hf (vida longa)",72,1,0
31,3,0,Empiristas,"Z=23 V (vida longa)",23,1,0
31,3,1,Incrementalistas,"Z=46 Pd (vida longa)",46,1,0
31,3,1,Incrementalistas,"Z=41 Nb (vida longa)",41,1,0
31,3,3,Isolados,"Z=91 Pa (vida longa)",91,1,0
31,4,1,Incrementalistas,"Z=52 Te (vida longa)",52,1,0
31,4,2,Evolucionistas,"Z=112 Cn (vida longa)",112,1,0
31,4,3,Isolados,"Z=95 Am (vida longa)",95,1,0
31,5,1,Incrementalistas,"Z=43 Tc (vida longa)",43,1,0
31,5,1,Incrementalistas,"Z=76 Os (vida longa)",76,1,0
31,5,3,Isolados,"Z=98 Cf (vida longa)",98,1,0
31,6,1,Incrementalistas,"Z=55 Cs (vida longa)",55,1,0
31,6,2,Evolucionistas,"Z=113 Nh (vida longa)",113,1,0
31,6,2,Evolucionistas,"Z=110 Ds (vida longa)",110,1,0
31,6,1,Incrementalistas,"Z=113 Nh (vida longa)",113,0,1
31,6,1,Incrementalistas,"Z=65 Tb (vida longa)",65,0,1
31,6,2,Evolucionistas,"Z=48 Cd (vida longa)",48,0,1
31,7,1,Incrementalistas,"Z=49 In (vida longa)",49,1,0
31,7,1,Incrementalistas,"Z=62 Sm (vida longa)",62,1,0
31,7,1,Incrementalistas,"Z=54 Xe (vida longa)",54,1,0
31,7,2,Evolucionistas,"Z=90 Th (vida longa)",90,1,0
31,7,3,Isolados,"Z=93 Np (vida longa)",93,1,0
31,8,0,Empiristas,"Z=8 O (vida longa)",8,1,0
31,8,1,Incrementalistas,"Z=51 Sb (vida longa)",51,1,0
31,8,2,Evolucionistas,"Z=46 Pd (vida longa)",46,0,1
31,8,0,Empiristas,"Z=113 Nh (vida longa)",113,0,1
31,8,2,Evolucionistas,"Z=66 Dy (vida longa)",66,0,1
31,9,0,Empiristas,"Z=73 Ta (vida longa)",73,1,0
31,9,0,Empiristas,"Z=111 Rg (vida longa)",111,1,0
31,9,2,Evolucionistas,"Z=15 P (vida longa)",15,1,0
31,9,3,Isolados,"Z=41 Nb (vida longa)",41,0,0
31,9,3,Isolados,"Z=99 Es (vida longa)",99,1,0
31,10,1,Incrementalistas,"Z=114 Fl (vida longa)",114,1,0
31,10,1,Incrementalistas,"Z=66 Dy (vida longa)",66,0,0
31,11,0,Empiristas,"Z=37 Rb (vida longa)",37,1,0
31,11,0,Empiristas,"Z=3 Li (vida longa)",3,1,0
31,11,1,Incrementalistas,"Z=74 W (vida longa)",74,1,0
31,11,2,Evolucionistas,"Z=111 Rg (vida longa)",111,0,0
31,12,0,Empiristas,"Z=52 Te (vida longa)",52,0,0
31,12,1,Incrementalistas,"Z=53 I (vida longa)",53,1,0
31,12,2,Evolucionistas,"Z=109 Mt (vida longa)",109,1,0
31,12,3,Isolados,"Z=92 U (vida longa)",92,1,0
31,13,1,Incrementalistas,"Z=58 Ce (vida longa)",58,1,0
31,14,0,Empiristas,"Z=13 Al (vida longa)",13,1,0
31,14,0,Empiristas,"Z=76 Os (vida longa)",76,0,0
31,14,1,Incrementalistas,"Z=32 Ge (vida longa)",32,1,0
31,14,1,Incrementalistas,"Z=78 Pt (vida longa)",78,1,0
31,15,0,Empiristas,"Z=67 Ho (vida longa)",67,1,0
31,15,1,Incrementalistas,"Z=77 Ir (vida longa)",77,1,0
31,16,1,Incrementalistas,"Z=8 O (vida longa)",8,0,1
31,16,0,Empiristas,"Z=114 Fl (vida longa)",114,0,1
31,16,0,Empiristas,"Z=46 Pd (vida longa)",46,0,1
31,17,0,Empiristas,"Z=5 B (vida longa)",5,1,0
31,17,0,Empiristas,"Z=96 Cm (vida longa)",96,0,0
31,17,2,Evolucionistas,"Z=114 Fl (vida longa)",114,0,1
31,17,2,Evolucionistas,"Z=41 Nb (vida longa)",41,0,1
31,17,1,Incrementalistas,"Z=110 Ds (vida longa)",110,0,1
31,18,0,Empiristas,"Z=64 Gd (vida longa)",64,1,0
31,18,1,Incrementalistas,"Z=112 Cn (vida longa)",112,0,0
31,18,1,Incrementalistas,"Z=45 Rh (vida longa)",45,1,0
31,18,2,Evolucionistas,"Z=34 Se (vida longa)",34,1,0
31,19,0,Empiristas,"Z=108 Hs (vida longa)",108,1,0
31,19,1,Incrementalistas,"Z=111 Rg (vida longa)",111,0,0
31,19,3,Isolados,"Z=76 Os (vida longa)",76,0,0
31,19,2,Evolucionistas,"Z=52 Te (vida longa)",52,0,1
31,19,1,Incrementalistas,"Z=34 Se (vida longa)",34,0,1
31,20,0,Empiristas,"Z=110 Ds (vida longa)",110,0,0
31,20,1,Incrementalistas,"Z=109 Mt (vida longa)",109,0,0
31,20,2,Evolucionistas,"Z=115 Mc (vida longa)",115,1,0
31,20,3,Isolados,"Z=4 Be (vida longa)",4,1,0
31,20,3,Isolados,"Z=100 Fm (vida longa)",100,1,0
31,21,1,Incrementalistas,"Z=35 Br (vida longa)",35,1,0
31,22,1,Incrementalistas,"Z=107 Bh (vida longa)",107,1,0
31,22,1,Incrementalistas,"Z=115 Mc (vida longa)",115,0,1
31,23,0,Empiristas,"Z=109 Mt (vida longa)",109,0,0
31,23,0,Empiristas,"Z=115 Mc (vida longa)",115,0,1
31,24,0,Empiristas,"Z=42 Mo (vida longa)",42,1,0
31,25,1,Incrementalistas,"Z=108 Hs (vida longa)",108,0,0
31,25,3,Isolados,"Z=2 He (vida longa)",2,1,0
31,26,0,Empiristas,"Z=99 Es (vida longa)",99,0,0
31,26,0,Empiristas,"Z=55 Cs (vida longa)",55,0,0
31,26,3,Isolados,"Z=10 Ne (vida longa)",10,1,0
31,26,3,Isolados,"Z=26 Fe (vida longa)",26,1,0
31,26,0,Empiristas,"Z=48 Cd (vida longa)",48,0,1
31,27,0,Empiristas,"Z=53 I (vida longa)",53,0,0
31,27,0,Empiristas,"Z=107 Bh (vida longa)",107,0,0
31,27,2,Evolucionistas,"Z=108 Hs (vida longa)",108,0,0
31,27,3,Isolados,"Z=101 Md (vida longa)",101,1,0
31,28,3,Isolados,"Z=30 Zn (vida longa)",30,1,0
31,29,0,Empiristas,"Z=112 Cn (vida longa)",112,0,0
31,29,0,Empiristas,"Z=2 He (vida longa)",2,0,0
31,29,2,Evolucionistas,"Z=73 Ta (vida longa)",73,0,0
31,30,0,Empiristas,"Z=58 Ce (vida longa)",58,0,0
31,31,0,Empiristas,"Z=106 Sg (vida longa)",106,1,0
31,31,0,Empiristas,"Z=94 Pu (vida longa)",94,0,0
31,31,2,Evolucionistas,"Z=6 C (vida longa)",6,1,0
31,32,3,Isolados,"Z=32 Ge (vida longa)",32,0,0
31,32,3,Isolados,"Z=103 Lr (vida longa)",103,1,0
31,33,0,Empiristas,"Z=95 Am (vida longa)",95,0,0
31,33,0,Empiristas,"Z=10 Ne (vida longa)",10,0,0
31,33,3,Isolados,"Z=102 No (vida longa)",102,1,0
31,34,1,Incrementalistas,"Z=81 Tl (vida longa)",81,1,0
31,34,3,Isolados,"Z=80 Hg (vida longa)",80,1,0
31,36,0,Empiristas,"Z=29 Cu (vida longa)",29,1,0
31,37,3,Isolados,"Z=14 Si (vida longa)",14,1,0
31,38,0,Empiristas,"Z=4 Be (vida longa)",4,0,0
31,38,0,Empiristas,"Z=101 Md (vida longa)",101,0,0
31,39,0,Empiristas,"Z=43 Tc (vida longa)",43,0,0
31,41,0,Empiristas,"Z=91 Pa (vida longa)",91,0,0
31,41,1,Incrementalistas,"Z=38 Sr (vida longa)",38,1,0
31,41,2,Evolucionistas,"Z=102 No (vida longa)",102,0,0
31,41,1,Incrementalistas,"Z=4 Be (vida longa)",4,0,1
31,41,2,Evolucionistas,"Z=81 Tl (vida longa)",81,0,1
31,42,0,Empiristas,"Z=25 Mn (vida longa)",25,1,0
31,42,3,Isolados,"Z=104 Rf (vida longa)",104,1,0
31,42,2,Evolucionistas,"Z=43 Tc (vida longa)",43,0,1
31,43,3,Isolados,"Z=18 Ar (vida longa)",18,1,0
31,44,0,Empiristas,"Z=7 N (vida longa)",7,1,0
31,45,2,Evolucionistas,"Z=69 Tm (vida longa)",69,1,0
31,45,3,Isolados,"Z=33 As (vida longa)",33,1,0
31,45,3,Isolados,"Z=5 B (vida longa)",5,0,0
31,46,0,Empiristas,"Z=77 Ir (vida longa)",77,0,0
31,46,1,Incrementalistas,"Z=68 Er (vida longa)",68,1,0
31,46,3,Isolados,"Z=106 Sg (vida longa)",106,0,0
31,47,0,Empiristas,"Z=12 Mg (vida longa)",12,1,0
31,47,0,Empiristas,"Z=6 C (vida longa)",6,0,0
31,47,0,Empiristas,"Z=89 Ac (vida longa)",89,1,0
31,47,2,Evolucionistas,"Z=106 Sg (vida longa)",106,0,0
31,48,0,Empiristas,"Z=38 Sr (vida longa)",38,0,0
31,48,2,Evolucionistas,"Z=28 Ni (vida longa)",28,1,0
31,48,2,Evolucionistas,"Z=92 U (vida longa)",92,0,0
31,48,2,Evolucionistas,"Z=78 Pt (vida longa)",78,0,1
31,49,0,Empiristas,"Z=60 Nd (vida longa)",60,1,0
31,49,0,Empiristas,"Z=20 Ca (vida longa)",20,1,0
31,50,3,Isolados,"Z=63 Eu (vida longa)",63,1,0
31,50,1,Incrementalistas,"Z=15 P (vida longa)",15,0,1
31,51,0,Empiristas,"Z=68 Er (vida longa)",68,0,0
31,51,0,Empiristas,"Z=34 Se (vida longa)",34,0,0
31,51,1,Incrementalistas,"Z=96 Cm (vida longa)",96,0,0
31,51,3,Isolados,"Z=61 Pm (vida longa)",61,1,0
31,53,0,Empiristas,"Z=28 Ni (vida longa)",28,0,0
31,53,0,Empiristas,"Z=80 Hg (vida longa)",80,0,0
31,53,2,Evolucionistas,"Z=64 Gd (vida longa)",64,0,0
31,53,3,Isolados,"Z=74 W (vida longa)",74,0,0
31,53,3,Isolados,"Z=48 Cd (vida longa)",48,0,0
31,53,1,Incrementalistas,"Z=73 Ta (vida longa)",73,0,1
31,54,0,Empiristas,"Z=82 Pb (vida longa)",82,1,0
31,54,3,Isolados,"Z=40 Zr (vida longa)",40,1,0
31,54,3,Isolados,"Z=105 Db (vida longa)",105,1,0
31,54,3,Isolados,"Z=55 Cs (vida longa)",55,0,0
31,54,3,Isolados,"Z=58 Ce (vida longa)",58,0,0
31,55,0,Empiristas,"Z=56 Ba (vida longa)",56,1,0
31,55,0,Empiristas,"Z=85 At (vida longa)",85,1,0
31,55,0,Empiristas,"Z=16 S (vida longa)",16,1,0
31,55,3,Isolados,"Z=13 Al (vida longa)",13,0,0
31,55,2,Evolucionistas,"Z=5 B (vida longa)",5,0,1
31,56,0,Empiristas,"Z=86 Rn (vida longa)",86,1,0
31,56,0,Empiristas,"Z=51 Sb (vida longa)",51,0,0
31,56,0,Empiristas,"Z=1 H (vida longa)",1,1,0
31,56,2,Evolucionistas,"Z=53 I (vida longa)",53,0,0
31,57,0,Empiristas,"Z=41 Nb (vida longa)",41,0,0
31,57,0,Empiristas,"Z=31 Ga (vida longa)",31,1,0
31,57,2,Evolucionistas,"Z=54 Xe (vida longa)",54,0,0
31,57,3,Isolados,"Z=28 Ni (vida longa)",28,0,0
31,58,2,Evolucionistas,"Z=75 Re (vida longa)",75,1,0
31,58,3,Isolados,"Z=108 Hs (vida longa)",108,0,0
31,58,3,Isolados,"Z=114 Fl (vida longa)",114,0,0
31,59,0,Empiristas,"Z=26 Fe (vida longa)",26,0,0
31,59,0,Empiristas,"Z=71 Lu (vida longa)",71,0,0
31,59,1,Incrementalistas,"Z=40 Zr (vida longa)",40,0,0
31,59,3,Isolados,"Z=113 Nh (vida longa)",113,0,0
31,59,3,Isolados,"Z=51 Sb (vida longa)",51,0,0
31,59,3,Isolados,"Z=107 Bh (vida longa)",107,0,0
31,61,0,Empiristas,"Z=15 P (vida longa)",15,0,0
31,61,2,Evolucionistas,"Z=19 K (vida longa)",19,1,0
31,61,2,Evolucionistas,"Z=11 Na (vida longa)",11,1,0
31,62,1,Incrementalistas,"Z=36 Kr (vida longa)",36,1,0
31,62,1,Incrementalistas,"Z=1 H (vida longa)",1,0,0
31,62,2,Evolucionistas,"Z=26 Fe (vida longa)",26,0,0
31,62,3,Isolados,"Z=78 Pt (vida longa)",78,0,0
31,62,3,Isolados,"Z=110 Ds (vida longa)",110,0,0
31,62,3,Isolados,"Z=112 Cn (vida longa)",112,0,0
31,63,2,Evolucionistas,"Z=17 Cl (vida longa)",17,1,0
31,63,3,Isolados,"Z=85 At (vida longa)",85,0,0
31,64,0,Empiristas,"Z=32 Ge (vida longa)",32,0,0
31,64,3,Isolados,"Z=111 Rg (vida longa)",111,0,0
31,65,2,Evolucionistas,"Z=98 Cf (vida longa)",98,0,0
31,65,2,Evolucionistas,"Z=76 Os (vida longa)",76,0,0
31,65,3,Isolados,"Z=46 Pd (vida longa)",46,0,0
31,65,3,Isolados,"Z=109 Mt (vida longa)",109,0,0
31,66,0,Empiristas,"Z=24 Cr (vida longa)",24,1,0
31,66,1,Incrementalistas,"Z=70 Yb (vida longa)",70,0,0
31,66,2,Evolucionistas,"Z=31 Ga (vida longa)",31,0,0
31,66,2,Evolucionistas,"Z=8 O (vida longa)",8,0,0
31,66,3,Isolados,"Z=115 Mc (vida longa)",115,0,0
31,67,0,Empiristas,"Z=54 Xe (vida longa)",54,0,0
31,67,0,Empiristas,"Z=90 Th (vida longa)",90,0,0
31,67,1,Incrementalistas,"Z=3 Li (vida longa)",3,0,0
31,67,1,Incrementalistas,"Z=75 Re (vida longa)",75,0,0
31,67,2,Evolucionistas,"Z=7 N (vida longa)",7,0,0
31,68,2,Evolucionistas,"Z=99 Es (vida longa)",99,0,0
31,68,3,Isolados,"Z=16 S (vida longa)",16,0,0
31,68,3,Isolados,"Z=39 Y (vida longa)",39,1,0
31,69,1,Incrementalistas,"Z=16 S (vida longa)",16,0,0
31,70,1,Incrementalistas,"Z=42 Mo (vida longa)",42,0,0
31,70,2,Evolucionistas,"Z=58 Ce (vida longa)",58,0,0
31,71,1,Incrementalistas,"Z=47 Ag (vida longa)",47,1,0
31,71,3,Isolados,"Z=73 Ta (vida longa)",73,0,0
31,72,1,Incrementalistas,"Z=69 Tm (vida longa)",69,0,0
31,72,3,Isolados,"Z=42 Mo (vida longa)",42,0,0
31,73,3,Isolados,"Z=19 K (vida longa)",19,0,0
31,75,3,Isolados,"Z=72 Hf (vida longa)",72,0,0
31,76,0,Empiristas,"Z=62 Sm (vida longa)",62,0,0
31,76,1,Incrementalistas,"Z=79 Au (vida longa)",79,1,0
31,76,3,Isolados,"Z=67 Ho (vida longa)",67,0,0
31,77,2,Evolucionistas,"Z=32 Ge (vida longa)",32,0,0
31,77,2,Evolucionistas,"Z=4 Be (vida longa)",4,0,1
31,78,0,Empiristas,"Z=49 In (vida longa)",49,0,0
31,78,0,Empiristas,"Z=36 Kr (vida longa)",36,0,1
31,80,1,Incrementalistas,"Z=37 Rb (vida longa)",37,0,0
31,80,2,Evolucionistas,"Z=67 Ho (vida longa)",67,0,0
31,81,1,Incrementalistas,"Z=72 Hf (vida longa)",72,0,0
31,81,2,Evolucionistas,"Z=35 Br (vida longa)",35,0,0
31,81,3,Isolados,"Z=12 Mg (vida longa)",12,0,0
31,82,2,Evolucionistas,"Z=115 Mc (vida longa)",115,0,0
31,83,0,Empiristas,"Z=97 Bk (vida longa)",97,0,0
31,83,0,Empiristas,"Z=30 Zn (vida longa)",30,0,0
31,83,1,Incrementalistas,"Z=13 Al (vida longa)",13,0,0
31,83,3,Isolados,"Z=38 Sr (vida longa)",38,0,0
31,84,0,Empiristas,"Z=105 Db (vida longa)",105,0,0
31,84,0,Empiristas,"Z=44 Ru (vida longa)",44,0,0
31,84,2,Evolucionistas,"Z=30 Zn (vida longa)",30,0,0
31,84,3,Isolados,"Z=66 Dy (vida longa)",66,0,0
31,84,3,Isolados,"Z=88 Ra (vida longa)",88,1,0
31,85,0,Empiristas,"Z=75 Re (vida longa)",75,0,1
31,87,0,Empiristas,"Z=19 K (vida longa)",19,0,0
31,87,0,Empiristas,"Z=100 Fm (vida longa)",100,0,0
31,87,0,Empiristas,"Z=9 F (vida longa)",9,1,0
31,87,2,Evolucionistas,"Z=88 Ra (vida longa)",88,0,0
31,87,1,Incrementalistas,"Z=89 Ac (vida longa)",89,0,1
31,87,0,Empiristas,"Z=81 Tl (vida longa)",81,0,1
31,88,0,Empiristas,"Z=88 Ra (vida longa)",88,0,0
31,88,2,Evolucionistas,"Z=1 H (vida longa)",1,0,1
31,89,0,Empiristas,"Z=78 Pt (vida longa)",78,0,0
31,89,0,Empiristas,"Z=103 Lr (vida longa)",103,0,0
31,90,0,Empiristas,"Z=45 Rh (vida longa)",45,0,0
31,90,0,Empiristas,"Z=84 Po (vida longa)",84,1,0
31,90,1,Incrementalistas,"Z=5 B (vida longa)",5,0,0
31,90,3,Isolados,"Z=11 Na (vida longa)",11,0,0
31,90,3,Isolados,"Z=53 I (vida longa)",53,0,0
31,91,0,Empiristas,"Z=40 Zr (vida longa)",40,0,0
31,91,0,Empiristas,"Z=47 Ag (vida longa)",47,0,0
31,91,3,Isolados,"Z=36 Kr (vida longa)",36,0,0
31,92,3,Isolados,"Z=37 Rb (vida longa)",37,0,0
31,92,3,Isolados,"Z=77 Ir (vida longa)",77,0,0
31,93,1,Incrementalistas,"Z=18 Ar (vida longa)",18,0,0
31,93,3,Isolados,"Z=83 Bi (vida longa)",83,1,0
31,94,0,Empiristas,"Z=74 W (vida longa)",74,0,0
31,94,3,Isolados,"Z=27 Co (vida longa)",27,1,0
31,94,3,Isolados,"Z=22 Ti (vida longa)",22,1,0
31,94,2,Evolucionistas,"Z=101 Md (vida longa)",101,0,1
31,95,3,Isolados,"Z=49 In (vida longa)",49,0,0
31,95,3,Isolados,"Z=17 Cl (vida longa)",17,0,0
31,96,1,Incrementalistas,"Z=82 Pb (vida longa)",82,0,0
31,96,3,Isolados,"Z=43 Tc (vida longa)",43,0,0
31,97,0,Empiristas,"Z=27 Co (vida longa)",27,0,0
31,97,0,Empiristas,"Z=14 Si (vida longa)",14,0,0
31,97,0,Empiristas,"Z=69 Tm (vida longa)",69,0,0
31,97,1,Incrementalistas,"Z=71 Lu (vida longa)",71,0,0
31,97,2,Evolucionistas,"Z=45 Rh (vida longa)",45,0,1
31,98,3,Isolados,"Z=29 Cu (vida longa)",29,0,0
31,98,2,Evolucionistas,"Z=77 Ir (vida longa)",77,0,1
31,99,0,Empiristas,"Z=92 U (vida longa)",92,0,0
31,99,3,Isolados,"Z=59 Pr (vida longa)",59,1,0
31,100,0,Empiristas,"Z=50 Sn (vida longa)",50,0,0
31,100,2,Evolucionistas,"Z=89 Ac (vida longa)",89,0,0
31,100,2,Evolucionistas,"Z=68 Er (vida longa)",68,0,0
31,100,2,Evolucionistas,"Z=52 Te (vida longa)",52,0,0
31,100,3,Isolados,"Z=69 Tm (vida longa)",69,0,0
31,102,0,Empiristas,"Z=18 Ar (vida longa)",18,0,0
31,102,1,Incrementalistas,"Z=90 Th (vida longa)",90,0,0
31,102,3,Isolados,"Z=23 V (vida longa)",23,0,0
31,103,0,Empiristas,"Z=21 Sc (vida longa)",21,1,0
31,103,1,Incrementalistas,"Z=64 Gd (vida longa)",64,0,0
31,103,2,Evolucionistas,"Z=56 Ba (vida longa)",56,0,0
31,104,3,Isolados,"Z=54 Xe (vida longa)",54,0,0
31,105,2,Evolucionistas,"Z=13 Al (vida longa)",13,0,0
31,106,0,Empiristas,"Z=102 No (vida longa)",102,0,0
31,106,1,Incrementalistas,"Z=19 K (vida longa)",19,0,0
31,106,2,Evolucionistas,"Z=106 Sg (vida longa)",106,0,0
31,106,3,Isolados,"Z=45 Rh (vida longa)",45,0,0
31,106,3,Isolados,"Z=44 Ru (vida longa)",44,0,0
31,107,0,Empiristas,"Z=17 Cl (vida longa)",17,0,0
31,107,1,Incrementalistas,"Z=28 Ni (vida longa)",28,0,1
31,108,0,Empiristas,"Z=87 Fr (vida longa)",87,1,0
31,108,0,Empiristas,"Z=83 Bi (vida longa)",83,0,0
31,108,0,Empiristas,"Z=61 Pm (vida longa)",61,0,0
31,108,2,Evolucionistas,"Z=6 C (vida longa)",6,0,0
31,108,2,Evolucionistas,"Z=62 Sm (vida longa)",62,0,0
31,109,2,Evolucionistas,"Z=76 Os (vida longa)",76,0,0
31,109,3,Isolados,"Z=47 Ag (vida longa)",47,0,0
31,109,3,Isolados,"Z=9 F (vida longa)",9,0,0
31,110,0,Empiristas,"Z=22 Ti (vida longa)",22,0,0
31,110,1,Incrementalistas,"Z=106 Sg (vida longa)",106,0,0
31,111,2,Evolucionistas,"Z=2 He (vida longa)",2,0,0
31,111,3,Isolados,"Z=60 Nd (vida longa)",60,0,0
31,111,3,Isolados,"Z=24 Cr (vida longa)",24,0,0
31,113,0,Empiristas,"Z=33 As (vida longa)",33,0,0
31,113,1,Incrementalistas,"Z=91 Pa (vida longa)",91,0,0
31,113,2,Evolucionistas,"Z=108 Hs (vida longa)",108,0,0
31,113,3,Isolados,"Z=6 C (vida longa)",6,0,0
31,113,2,Evolucionistas,"Z=36 Kr (vida longa)",36,0,1
31,114,2,Evolucionistas,"Z=12 Mg (vida longa)",12,0,0
31,115,1,Incrementalistas,"Z=12 Mg (vida longa)",12,0,0
31,115,1,Incrementalistas,"Z=97 Bk (vida longa)",97,0,0
31,115,2,Evolucionistas,"Z=24 Cr (vida longa)",24,0,0
31,115,3,Isolados,"Z=82 Pb (vida longa)",82,0,0
31,116,1,Incrementalistas,"Z=83 Bi (vida longa)",83,0,0
31,116,2,Evolucionistas,"Z=61 Pm (vida longa)",61,0,0
31,116,3,Isolados,"Z=84 Po (vida longa)",84,0,0
31,116,1,Incrementalistas,"Z=24 Cr (vida longa)",24,0,1
31,117,2,Evolucionistas,"Z=5 B (vida longa)",5,0,0
31,117,2,Evolucionistas,"Z=44 Ru (vida longa)",44,0,0
31,117,0,Empiristas,"Z=35 Br (vida longa)",35,0,1
31,119,0,Empiristas,"Z=63 Eu (vida longa)",63,0,0
31,119,2,Evolucionistas,"Z=93 Np (vida longa)",93,0,0
31,120,0,Empiristas,"Z=114 Fl (vida longa)",114,0,0
31,120,0,Empiristas,"Z=112 Cn (vida longa)",112,0,0
31,120,0,Empiristas,"nucleos efemeros",6.97857,0,0
31,120,0,Empiristas,"Z=113 Nh (vida longa)",113,0,0
31,120,0,Empiristas,"Z=14 Si (vida longa)",14,0,0
31,120,1,Incrementalistas,"Z=10 Ne (vida longa)",10,0,0
31,120,1,Incrementalistas,"Z=17 Cl (vida longa)",17,0,0
31,120,3,Isolados,"Z=35 Br (vida longa)",35,0,0
31,120,2,Evolucionistas,"Z=86 Rn (vida longa)",86,0,1
31,121,0,Empiristas,"Z=62 Sm (vida longa)",62,0,1
31,122,0,Empiristas,"Z=77 Ir (vida longa)",77,0,0
31,122,0,Empiristas,"Z=98 Cf (vida longa)",98,0,0
31,122,2,Evolucionistas,"Z=74 W (vida longa)",74,0,1
31,123,0,Empiristas,"Z=39 Y (vida longa)",39,0,0
31,123,2,Evolucionistas,"Z=40 Zr (vida longa)",40,0,0
31,123,2,Evolucionistas,"Z=14 Si (vida longa)",14,0,0
31,123,2,Evolucionistas,"Z=42 Mo (vida longa)",42,0,0
31,124,0,Empiristas,"Z=72 Hf (vida longa)",72,0,0
31,124,0,Empiristas,"Z=3 Li (vida longa)",3,0,0
31,124,2,Evolucionistas,"Z=82 Pb (vida longa)",82,0,0
31,124,2,Evolucionistas,"Z=18 Ar (vida longa)",18,0,0
31,124,3,Isolados,"Z=64 Gd (vida longa)",64,0,0
31,124,3,Isolados,"Z=57 La (vida longa)",57,1,0
31,124,3,Isolados,"Z=52 Te (vida longa)",52,0,0
31,125,0,Empiristas,"Z=93 Np (vida longa)",93,0,0
31,125,1,Incrementalistas,"Z=6 C (vida longa)",6,0,0
31,125,1,Incrementalistas,"Z=2 He (vida longa)",2,0,0
31,125,2,Evolucionistas,"Z=29 Cu (vida longa)",29,0,0
31,125,2,Evolucionistas,"Z=17 Cl (vida longa)",17,0,0
31,125,3,Isolados,"Z=20 Ca (vida longa)",20,0,0
31,126,0,Empiristas,"Z=23 V (vida longa)",23,0,0
31,126,1,Incrementalistas,"Z=93 Np (vida longa)",93,0,0
31,126,3,Isolados,"Z=70 Yb (vida longa)",70,0,0
31,127,3,Isolados,"Z=68 Er (vida longa)",68,0,0
31,127,3,Isolados,"Z=8 O (vida longa)",8,0,0
31,127,2,Evolucionistas,"Z=54 Xe (vida longa)",54,0,1
31,128,0,Empiristas,"Z=64 Gd (vida longa)",64,0,0
31,129,0,Empiristas,"Z=46 Pd (vida longa)",46,0,0
31,129,1,Incrementalistas,"Z=63 Eu (vida longa)",63,0,0
31,129,2,Evolucionistas,"Z=94 Pu (vida longa)",94,0,0
31,129,3,Isolados,"Z=31 Ga (vida longa)",31,0,0
31,131,2,Evolucionistas,"Z=47 Ag (vida longa)",47,0,0
31,132,2,Evolucionistas,"Z=107 Bh (vida longa)",107,0,0
31,132,3,Isolados,"Z=86 Rn (vida longa)",86,0,0
31,133,0,Empiristas,"Z=65 Tb (vida longa)",65,0,0
31,133,0,Empiristas,"Z=36 Kr (vida longa)",36,0,0
31,133,2,Evolucionistas,"Z=20 Ca (vida longa)",20,0,0
31,133,2,Evolucionistas,"Z=50 Sn (vida longa)",50,0,0
31,133,3,Isolados,"Z=81 Tl (vida longa)",81,0,0
31,133,3,Isolados,"Z=71 Lu (vida longa)",71,0,0
31,134,0,Empiristas,"Z=90 Th (vida longa)",90,0,0
31,134,0,Empiristas,"Z=8 O (vida longa)",8,0,0
31,134,1,Incrementalistas,"Z=92 U (vida longa)",92,0,0
31,134,2,Evolucionistas,"Z=80 Hg (vida longa)",80,0,0
31,135,2,Evolucionistas,"Z=97 Bk (vida longa)",97,0,0
31,135,3,Isolados,"Z=25 Mn (vida longa)",25,0,0
31,135,3,Isolados,"Z=75 Re (vida longa)",75,0,0
31,136,1,Incrementalistas,"Z=104 Rf (vida longa)",104,0,0
31,136,3,Isolados,"Z=15 P (vida longa)",15,0,0
31,136,3,Isolados,"Z=34 Se (vida longa)",34,0,0
31,138,0,Empiristas,"nucleos efemeros",85.3139,0,0
31,138,0,Empiristas,"Z=4 Be (vida longa)",4,0,0
31,138,0,Empiristas,"Z=112 Cn (vida longa)",112,0,0
31,138,0,Empiristas,"Z=113 Nh (vida longa)",113,0,0
31,138,0,Empiristas,"Z=62 Sm (vida longa)",62,0,0
31,138,1,Incrementalistas,"Z=67 Ho (vida longa)",67,0,0
31,138,2,Evolucionistas,"Z=3 Li (vida longa)",3,0,0
31,139,0,Empiristas,"Z=24 Cr (vida longa)",24,0,0
31,139,1,Incrementalistas,"Z=7 N (vida longa)",7,0,0
31,139,2,Evolucionistas,"Z=78 Pt (vida longa)",78,0,0
31,139,2,Evolucionistas,"Z=105 Db (vida longa)",105,0,0
31,139,2,Evolucionistas,"Z=57 La (vida longa)",57,0,0
31,139,3,Isolados,"Z=3 Li (vida longa)",3,0,0
31,140,3,Isolados,"Z=7 N (vida longa)",7,0,0
31,140,3,Isolados,"Z=21 Sc (vida longa)",21,0,0
31,141,0,Empiristas,"Z=101 Md (vida longa)",101,0,0
31,141,1,Incrementalistas,"Z=88 Ra (vida longa)",88,0,0
31,141,1,Incrementalistas,"Z=14 Si (vida longa)",14,0,0
31,141,2,Evolucionistas,"Z=63 Eu (vida longa)",63,0,0
31,141,2,Evolucionistas,"Z=103 Lr (vida longa)",103,0,0
31,142,0,Empiristas,"Z=99 Es (vida longa)",99,0,0
31,142,0,Empiristas,"Z=77 Ir (vida longa)",77,0,0
31,142,1,Incrementalistas,"Z=59 Pr (vida longa)",59,0,0
31,142,1,Incrementalistas,"Z=86 Rn (vida longa)",86,0,0
31,142,3,Isolados,"Z=87 Fr (vida longa)",87,0,0
31,143,0,Empiristas,"Z=111 Rg (vida longa)",111,0,0
31,143,0,Empiristas,"Z=20 Ca (vida longa)",20,0,0
31,143,0,Empiristas,"Z=63 Eu (vida longa)",63,0,0
31,143,0,Empiristas,"Z=78 Pt (vida longa)",78,0,0
31,143,1,Incrementalistas,"Z=20 Ca (vida longa)",20,0,0
31,143,2,Evolucionistas,"Z=84 Po (vida longa)",84,0,0
31,143,3,Isolados,"Z=114 Fl (vida longa)",114,0,0
31,143,3,Isolados,"Z=79 Au (vida longa)",79,0,0
31,144,0,Empiristas,"Z=12 Mg (vida longa)",12,0,0
31,144,2,Evolucionistas,"Z=49 In (vida longa)",49,0,0
31,144,3,Isolados,"Z=74 W (vida longa)",74,0,0
31,145,0,Empiristas,"Z=94 Pu (vida longa)",94,0,0
31,145,1,Incrementalistas,"Z=26 Fe (vida longa)",26,0,0
31,146,0,Empiristas,"Z=70 Yb (vida longa)",70,0,0
31,146,1,Incrementalistas,"Z=39 Y (vida longa)",39,0,0
31,146,3,Isolados,"Z=72 Hf (vida longa)",72,0,0
31,146,0,Empiristas,"Z=82 Pb (vida longa)",82,0,1
31,147,0,Empiristas,"Z=57 La (vida longa)",57,0,0
31,147,1,Incrementalistas,"Z=98 Cf (vida longa)",98,0,0
31,147,2,Evolucionistas,"Z=72 Hf (vida longa)",72,0,0
31,147,3,Isolados,"Z=32 Ge (vida longa)",32,0,0
31,147,0,Empiristas,"Z=13 Al (vida longa)",13,0,1
31,147,2,Evolucionistas,"Z=96 Cm (vida longa)",96,0,1
31,148,0,Empiristas,"Z=37 Rb (vida longa)",37,0,0
31,148,2,Evolucionistas,"Z=60 Nd (vida longa)",60,0,0
31,148,3,Isolados,"Z=47 Ag (vida longa)",47,0,0
31,149,0,Empiristas,"Z=53 I (vida longa)",53,0,0
31,149,2,Evolucionistas,"Z=79 Au (vida longa)",79,0,0
31,149,3,Isolados,"Z=63 Eu (vida longa)",63,0,0
31,150,2,Evolucionistas,"Z=16 S (vida longa)",16,0,0
31,151,0,Empiristas,"Z=79 Au (vida longa)",79,0,0
31,151,0,Empiristas,"Z=23 V (vida longa)",23,0,0
31,151,1,Incrementalistas,"Z=22 Ti (vida longa)",22,0,0
31,151,2,Evolucionistas,"Z=21 Sc (vida longa)",21,0,0
31,151,2,Evolucionistas,"Z=66 Dy (vida longa)",66,0,0
31,151,3,Isolados,"Z=37 Rb (vida longa)",37,0,0
31,152,0,Empiristas,"Z=36 Kr (vida longa)",36,0,0
31,152,1,Incrementalistas,"Z=80 Hg (vida longa)",80,0,0
31,152,2,Evolucionistas,"Z=65 Tb (vida longa)",65,0,0
31,152,2,Evolucionistas,"Z=10 Ne (vida longa)",10,0,0
31,153,3,Isolados,"Z=48 Cd (vida longa)",48,0,0
31,154,0,Empiristas,"Z=33 As (vida longa)",33,0,0
31,154,0,Empiristas,"Z=41 Nb (vida longa)",41,0,0
31,154,1,Incrementalistas,"Z=87 Fr (vida longa)",87,0,0
31,154,1,Incrementalistas,"Z=84 Po (vida longa)",84,0,0
31,155,0,Empiristas,"Z=88 Ra (vida longa)",88,0,0
31,155,2,Evolucionistas,"Z=102 No (vida longa)",102,0,0
31,155,3,Isolados,"Z=102 No (vida longa)",102,0,0
31,156,0,Empiristas,"Z=48 Cd (vida longa)",48,0,0
31,156,1,Incrementalistas,"Z=114 Fl (vida longa)",114,0,0
31,156,1,Incrementalistas,"Z=110 Ds (vida longa)",110,0,0
31,156,1,Incrementalistas,"Z=111 Rg (vida longa)",111,0,0
31,156,1,Incrementalistas,"Z=77 Ir (vida longa)",77,0,0
31,157,0,Empiristas,"Z=105 Db (vida longa)",105,0,0
31,157,0,Empiristas,"Z=104 Rf (vida longa)",104,0,0
31,157,1,Incrementalistas,"Z=109 Mt (vida longa)",109,0,0
31,157,1,Incrementalistas,"Z=11 Na (vida longa)",11,0,0
31,157,3,Isolados,"Z=46 Pd (vida longa)",46,0,0
31,157,1,Incrementalistas,"Z=101 Md (vida longa)",101,0,1
31,158,0,Empiristas,"Z=28 Ni (vida longa)",28,0,0
31,158,1,Incrementalistas,"Z=105 Db (vida longa)",105,0,0
31,158,1,Incrementalistas,"Z=94 Pu (vida longa)",94,0,0
31,158,2,Evolucionistas,"Z=83 Bi (vida longa)",83,0,0
31,158,3,Isolados,"Z=38 Sr (vida longa)",38,0,0
31,158,3,Isolados,"Z=91 Pa (vida longa)",91,0,0
31,158,3,Isolados,"Z=44 Ru (vida longa)",44,0,0
31,158,3,Isolados,"Z=75 Re (vida longa)",75,0,0
31,159,1,Incrementalistas,"Z=47 Ag (vida longa)",47,0,1
31,160,0,Empiristas,"Z=59 Pr (vida longa)",59,0,0
31,160,1,Incrementalistas,"Z=60 Nd (vida longa)",60,0,0
31,160,1,Incrementalistas,"Z=34 Se (vida longa)",34,0,0
31,160,3,Isolados,"Z=80 Hg (vida longa)",80,0,0
31,160,3,Isolados,"Z=16 S (vida longa)",16,0,0
31,160,3,Isolados,"Z=76 Os (vida longa)",76,0,0
31,161,0,Empiristas,"Z=11 Na (vida longa)",11,0,0
31,161,0,Empiristas,"Z=97 Bk (vida longa)",97,0,0
31,161,1,Incrementalistas,"Z=33 As (vida longa)",33,0,0
31,162,0,Empiristas,"Z=90 Th (vida longa)",90,0,0
31,162,3,Isolados,"Z=18 Ar (vida longa)",18,0,0
31,163,1,Incrementalistas,"Z=36 Kr (vida longa)",36,0,0
31,163,2,Evolucionistas,"Z=100 Fm (vida longa)",100,0,0
31,163,3,Isolados,"Z=108 Hs (vida longa)",108,0,0
31,163,3,Isolados,"Z=41 Nb (vida longa)",41,0,0
31,164,0,Empiristas,"Z=55 Cs (vida longa)",55,0,0
31,164,0,Empiristas,"Z=58 Ce (vida longa)",58,0,0
31,164,1,Incrementalistas,"Z=86 Rn (vida longa)",86,0,0
31,164,3,Isolados,"Z=99 Es (vida longa)",99,0,0
31,165,0,Empiristas,"Z=43 Tc (vida longa)",43,0,0
31,165,0,Empiristas,"Z=69 Tm (vida longa)",69,0,0
31,165,1,Incrementalistas,"Z=88 Ra (vida longa)",88,0,0
31,165,1,Incrementalistas,"Z=95 Am (vida longa)",95,0,0
31,165,2,Evolucionistas,"Z=38 Sr (vida longa)",38,0,0
31,165,2,Evolucionistas,"Z=27 Co (vida longa)",27,0,0
31,165,3,Isolados,"Z=98 Cf (vida longa)",98,0,0
31,166,2,Evolucionistas,"Z=95 Am (vida longa)",95,0,0
31,167,0,Empiristas,"Z=95 Am (vida longa)",95,0,0
31,167,1,Incrementalistas,"Z=74 W (vida longa)",74,0,0
31,167,3,Isolados,"Z=90 Th (vida longa)",90,0,0
31,168,0,Empiristas,"Z=45 Rh (vida longa)",45,0,0
31,168,0,Empiristas,"Z=31 Ga (vida longa)",31,0,0
31,168,0,Empiristas,"Z=87 Fr (vida longa)",87,0,0
31,168,2,Evolucionistas,"Z=25 Mn (vida longa)",25,0,0
31,168,3,Isolados,"Z=84 Po (vida longa)",84,0,0
31,169,1,Incrementalistas,"Z=99 Es (vida longa)",99,0,0
31,169,2,Evolucionistas,"Z=59 Pr (vida longa)",59,0,0
31,169,3,Isolados,"Z=95 Am (vida longa)",95,0,0
31,169,3,Isolados,"Z=54 Xe (vida longa)",54,0,0
31,170,2,Evolucionistas,"Z=22 Ti (vida longa)",22,0,0
31,170,3,Isolados,"Z=9 F (vida longa)",9,0,0
31,171,0,Empiristas,"Z=51 Sb (vida longa)",51,0,0
31,171,1,Incrementalistas,"Z=44 Ru (vida longa)",44,0,0
31,172,1,Incrementalistas,"Z=58 Ce (vida longa)",58,0,0
31,172,1,Incrementalistas,"Z=102 No (vida longa)",102,0,0
31,172,2,Evolucionistas,"Z=91 Pa (vida longa)",91,0,0
31,172,3,Isolados,"Z=50 Sn (vida longa)",50,0,0
31,173,3,Isolados,"Z=89 Ac (vida longa)",89,0,0
31,173,3,Isolados,"Z=62 Sm (vida longa)",62,0,0
31,174,3,Isolados,"Z=65 Tb (vida longa)",65,0,0
31,174,3,Isolados,"Z=60 Nd (vida longa)",60,0,0
31,175,0,Empiristas,"Z=38 Sr (vida longa)",38,0,0
31,175,1,Incrementalistas,"Z=100 Fm (vida longa)",100,0,0
31,175,2,Evolucionistas,"Z=37 Rb (vida longa)",37,0,0
31,175,3,Isolados,"Z=100 Fm (vida longa)",100,0,0
31,175,3,Isolados,"Z=56 Ba (vida longa)",56,0,0
31,176,3,Isolados,"Z=51 Sb (vida longa)",51,0,0
31,177,1,Incrementalistas,"Z=53 I (vida longa)",53,0,0
31,177,3,Isolados,"Z=15 P (vida longa)",15,0,0
31,179,1,Incrementalistas,"Z=54 Xe (vida longa)",54,0,0
31,180,1,Incrementalistas,"Z=61 Pm (vida longa)",61,0,0
31,180,1,Incrementalistas,"Z=51 Sb (vida longa)",51,0,0
31,180,1,Incrementalistas,"Z=84 Po (vida longa)",84,0,0
31,180,3,Isolados,"Z=17 Cl (vida longa)",17,0,0
31,181,1,Incrementalistas,"Z=55 Cs (vida longa)",55,0,0
31,181,1,Incrementalistas,"Z=80 Hg (vida longa)",80,0,0
31,181,3,Isolados,"Z=27 Co (vida longa)",27,0,0
31,182,1,Incrementalistas,"Z=83 Bi (vida longa)",83,0,0
31,182,1,Incrementalistas,"Z=103 Lr (vida longa)",103,0,0
31,182,3,Isolados,"Z=28 Ni (vida longa)",28,0,0
31,183,3,Isolados,"Z=3 Li (vida longa)",3,0,0
31,184,0,Empiristas,"Z=9 F (vida longa)",9,0,0
31,184,3,Isolados,"Z=82 Pb (vida longa)",82,0,0
31,185,1,Incrementalistas,"Z=48 Cd (vida longa)",48,0,0
31,185,1,Incrementalistas,"Z=56 Ba (vida longa)",56,0,0
31,185,2,Evolucionistas,"Z=9 F (vida longa)",9,0,0
31,185,3,Isolados,"Z=105 Db (vida longa)",105,0,0
31,186,3,Isolados,"Z=53 I (vida longa)",53,0,0
31,187,1,Incrementalistas,"Z=57 La (vida longa)",57,0,0
31,187,2,Evolucionistas,"Z=23 V (vida longa)",23,0,0
31,188,1,Incrementalistas,"Z=16 S (vida longa)",16,0,0
31,188,1,Incrementalistas,"Z=49 In (vida longa)",49,0,0
31,188,2,Evolucionistas,"Z=11 Na (vida longa)",11,0,0
31,189,1,Incrementalistas,"Z=114 Fl (vida longa)",114,0,0
31,189,1,Incrementalistas,"Z=113 Nh (vida longa)",113,0,0
31,189,1,Incrementalistas,"Z=105 Db (vida longa)",105,0,0
31,189,1,Incrementalistas,"Z=112 Cn (vida longa)",112,0,0
31,189,1,Incrementalistas,"Z=109 Mt (vida longa)",109,0,0
31,189,1,Incrementalistas,"Z=108 Hs (vida longa)",108,0,0
31,189,1,Incrementalistas,"Z=71 Lu (vida longa)",71,0,0
31,190,1,Incrementalistas,"Z=76 Os (vida longa)",76,0,0
31,190,1,Incrementalistas,"Z=62 Sm (vida longa)",62,0,0
31,190,1,Incrementalistas,"Z=82 Pb (vida longa)",82,0,0
31,190,1,Incrementalistas,"Z=85 At (vida longa)",85,0,0
31,190,3,Isolados,"Z=85 At (vida longa)",85,0,0
31,192,1,Incrementalistas,"Z=44 Ru (vida longa)",44,0,0
31,192,2,Evolucionistas,"Z=87 Fr (vida longa)",87,0,0
31,193,2,Evolucionistas,"Z=104 Rf (vida longa)",104,0,0
31,194,1,Incrementalistas,"Z=60 Nd (vida longa)",60,0,0
31,195,1,Incrementalistas,"Z=20 Ca (vida longa)",20,0,0
31,195,2,Evolucionistas,"Z=31 Ga (vida longa)",31,0,0
31,196,1,Incrementalistas,"Z=12 Mg (vida longa)",12,0,0
31,196,1,Incrementalistas,"Z=15 P (vida longa)",15,0,0
31,196,3,Isolados,"Z=59 Pr (vida longa)",59,0,0
31,197,1,Incrementalistas,"Z=41 Nb (vida longa)",41,0,0
31,197,1,Incrementalistas,"Z=63 Eu (vida longa)",63,0,0
31,198,1,Incrementalistas,"Z=36 Kr (vida longa)",36,0,0
31,198,1,Incrementalistas,"Z=8 O (vida longa)",8,0,0
31,198,2,Evolucionistas,"Z=55 Cs (vida longa)",55,0,0
31,198,2,Evolucionistas,"Z=51 Sb (vida longa)",51,0,1
31,199,1,Incrementalistas,"Z=19 K (vida longa)",19,0,0
31,199,1,Incrementalistas,"Z=81 Tl (vida longa)",81,0,0
31,199,3,Isolados,"Z=23 V (vida longa)",23,0,0
31,199,3,Isolados,"Z=29 Cu (vida longa)",29,0,0
31,200,1,Incrementalistas,"Z=86 Rn (vida longa)",86,0,0
31,200,1,Incrementalistas,"Z=52 Te (vida longa)",52,0,0
31,202,1,Incrementalistas,"Z=95 Am (vida longa)",95,0,0
31,203,2,Evolucionistas,"Z=53 I (vida longa)",53,0,0
31,204,1,Incrementalistas,"Z=79 Au (vida longa)",79,0,0
31,204,1,Incrementalistas,"Z=3 Li (vida longa)",3,0,0
31,204,1,Incrementalistas,"Z=104 Rf (vida longa)",104,0,0
31,204,2,Evolucionistas,"Z=33 As (vida longa)",33,0,0
31,204,2,Evolucionistas,"Z=85 At (vida longa)",85,0,0
31,204,2,Evolucionistas,"Z=39 Y (vida longa)",39,0,0
31,206,1,Incrementalistas,"Z=109 Mt (vida longa)",109,0,0
31,206,1,Incrementalistas,"Z=25 Mn (vida longa)",25,0,0
31,206,1,Incrementalistas,"Z=115 Mc (vida longa)",115,0,0
31,206,1,Incrementalistas,"Z=10 Ne (vida longa)",10,0,0
31,207,1,Incrementalistas,"Z=45 Rh (vida longa)",45,0,0
31,207,1,Incrementalistas,"Z=98 Cf (vida longa)",98,0,0
31,207,1,Incrementalistas,"Z=12 Mg (vida longa)",12,0,0
31,207,1,Incrementalistas,"Z=91 Pa (vida longa)",91,0,0
31,208,1,Incrementalistas,"Z=16 S (vida longa)",16,0,0
31,208,1,Incrementalistas,"Z=54 Xe (vida longa)",54,0,0
31,208,1,Incrementalistas,"Z=3 Li (vida longa)",3,0,0
31,208,1,Incrementalistas,"Z=14 Si (vida longa)",14,0,0
31,208,1,Incrementalistas,"Z=66 Dy (vida longa)",66,0,0
31,209,1,Incrementalistas,"Z=35 Br (vida longa)",35,0,0
31,209,1,Incrementalistas,"Z=30 Zn (vida longa)",30,0,0
31,210,1,Incrementalistas,"Z=94 Pu (vida longa)",94,0,0
31,210,1,Incrementalistas,"Z=50 Sn (vida longa)",50,0,0
31,210,1,Incrementalistas,"Z=72 Hf (vida longa)",72,0,0
31,210,1,Incrementalistas,"Z=81 Tl (vida longa)",81,0,0
31,210,1,Incrementalistas,"Z=48 Cd (vida longa)",48,0,0
31,210,1,Incrementalistas,"Z=8 O (vida longa)",8,0,0
31,211,1,Incrementalistas,"Z=105 Db (vida longa)",105,0,0
31,211,1,Incrementalistas,"Z=34 Se (vida longa)",34,0,0
31,212,1,Incrementalistas,"Z=22 Ti (vida longa)",22,0,0
31,213,1,Incrementalistas,"Z=24 Cr (vida longa)",24,0,0
31,213,1,Incrementalistas,"Z=47 Ag (vida longa)",47,0,0
31,213,1,Incrementalistas,"Z=53 I (vida longa)",53,0,0
31,214,1,Incrementalistas,"Z=23 V (vida longa)",23,0,0
31,214,1,Incrementalistas,"Z=1 H (vida longa)",1,0,0
31,214,3,Isolados,"Z=21 Sc (vida longa)",21,0,0
31,215,1,Incrementalistas,"Z=21 Sc (vida longa)",21,0,0
31,215,1,Incrementalistas,"Z=49 In (vida longa)",49,0,0
31,215,1,Incrementalistas,"Z=67 Ho (vida longa)",67,0,0
31,215,3,Isolados,"Z=35 Br (vida longa)",35,0,0
31,217,1,Incrementalistas,"Z=55 Cs (vida longa)",55,0,0
31,217,1,Incrementalistas,"Z=80 Hg (vida longa)",80,0,0
31,218,1,Incrementalistas,"Z=74 W (vida longa)",74,0,0
31,218,1,Incrementalistas,"Z=62 Sm (vida longa)",62,0,0
31,220,1,Incrementalistas,"Z=70 Yb (vida longa)",70,0,0
31,220,1,Incrementalistas,"Z=4 Be (vida longa)",4,0,0
31,222,1,Incrementalistas,"Z=5 B (vida longa)",5,0,0
31,222,1,Incrementalistas,"Z=36 Kr (vida longa)",36,0,1
31,223,1,Incrementalistas,"Z=86 Rn (vida longa)",86,0,0
31,223,1,Incrementalistas,"Z=95 Am (vida longa)",95,0,0
31,223,1,Incrementalistas,"Z=27 Co (vida longa)",27,0,0
31,223,1,Incrementalistas,"Z=92 U (vida longa)",92,0,0
31,223,1,Incrementalistas,"Z=6 C (vida longa)",6,0,0
31,223,1,Incrementalistas,"Z=73 Ta (vida longa)",73,0,0
31,223,1,Incrementalistas,"Z=39 Y (vida longa)",39,0,0
31,223,1,Incrementalistas,"Z=101 Md (vida longa)",101,0,0
31,224,1,Incrementalistas,"Z=43 Tc (vida longa)",43,0,0
31,229,1,Incrementalistas,"Z=58 Ce (vida longa)",58,0,0
31,229,1,Incrementalistas,"Z=56 Ba (vida longa)",56,0,0
31,230,1,Incrementalistas,"Z=78 Pt (vida longa)",78,0,0
31,232,1,Incrementalistas,"Z=28 Ni (vida longa)",28,0,0
31,233,1,Incrementalistas,"Z=31 Ga (vida longa)",31,0,0
31,234,1,Incrementalistas,"Z=19 K (vida longa)",19,0,0
31,234,1,Incrementalistas,"Z=77 Ir (vida longa)",77,0,0
31,234,1,Incrementalistas,"Z=76 Os (vida longa)",76,0,0
31,239,1,Incrementalistas,"Z=79 Au (vida longa)",79,0,0
31,240,1,Incrementalistas,"Z=29 Cu (vida longa)",29,0,0
31,243,1,Incrementalistas,"Z=9 F (vida longa)",9,0,0
31,245,1,Incrementalistas,"Z=61 Pm (vida longa)",61,0,0
31,248,1,Incrementalistas,"Z=59 Pr (vida longa)",59,0,0
31,292,3,Isolados,"Z=1 H (vida longa)",1,0,0
