rodada,ano,civilizacao,cultura,melhor,classes,experimentos
0,0,0,Empiristas,94.0453,1,5
0,0,1,Incrementalistas,38,3,5
0,0,2,Evolucionistas,111.731,1,5
0,0,3,Isolados,69,3,5
0,5,0,Empiristas,101,9,32
0,5,1,Incrementalistas,101,13,33
0,5,2,Evolucionistas,114,4,31
0,5,3,Isolados,95,9,30
0,10,0,Empiristas,114,16,61
0,10,1,Incrementalistas,114,18,62
0,10,2,Evolucionistas,114,10,60
0,10,3,Isolados,96,15,59
0,15,0,Empiristas,114,20,93
0,15,1,Incrementalistas,114,22,93
0,15,2,Evolucionistas,114,11,91
0,15,3,Isolados,96,18,90
0,20,0,Empiristas,114,24,128
0,20,1,Incrementalistas,114,27,129
0,20,2,Evolucionistas,114,16,126
0,20,3,Isolados,96,23,125
0,25,0,Empiristas,114,31,166
0,25,1,Incrementalistas,114,30,168
0,25,2,Evolucionistas,114,16,165
0,25,3,Isolados,96,26,165
0,30,0,Empiristas,114,39,210
0,30,1,Incrementalistas,114,32,211
0,30,2,Evolucionistas,114,19,208
0,30,3,Isolados,96,28,209
0,35,0,Empiristas,114,42,258
0,35,1,Incrementalistas,115,36,260
0,35,2,Evolucionistas,115,21,256
0,35,3,Isolados,97,30,257
0,40,0,Empiristas,115,48,312
0,40,1,Incrementalistas,115,39,313
0,40,2,Evolucionistas,115,25,309
0,40,3,Isolados,98,34,311
0,45,0,Empiristas,115,54,371
0,45,1,Incrementalistas,115,39,373
0,45,2,Evolucionistas,115,28,367
0,45,3,Isolados,112,23,370
0,50,0,Empiristas,115,56,435
0,50,1,Incrementalistas,115,40,436
0,50,2,Evolucionistas,115,30,430
0,50,3,Isolados,112,30,403
0,55,0,Empiristas,115,63,508
0,55,1,Incrementalistas,115,42,509
0,55,2,Evolucionistas,115,30,501
0,55,3,Isolados,113,37,440
0,60,0,Empiristas,115,68,585
0,60,1,Incrementalistas,115,43,589
0,60,2,Evolucionistas,115,33,581
0,60,3,Isolados,115,30,480
0,65,0,Empiristas,115,71,671
0,65,1,Incrementalistas,115,47,677
0,65,2,Evolucionistas,115,35,668
0,65,3,Isolados,115,33,523
0,70,0,Empiristas,115,77,766
0,70,1,Incrementalistas,115,51,773
0,70,2,Evolucionistas,115,37,764
0,70,3,Isolados,115,35,571
0,75,0,Empiristas,115,79,872
0,75,1,Incrementalistas,115,54,879
0,75,2,Evolucionistas,115,41,870
0,75,3,Isolados,115,38,625
0,80,0,Empiristas,115,84,990
0,80,1,Incrementalistas,115,57,997
0,80,2,Evolucionistas,115,46,987
0,80,3,Isolados,115,42,684
0,85,0,Empiristas,115,89,1119
0,85,1,Incrementalistas,115,58,1126
0,85,2,Evolucionistas,115,49,1117
0,85,3,Isolados,115,44,788
0,90,0,Empiristas,115,95,1263
0,90,1,Incrementalistas,115,60,1269
0,90,2,Evolucionistas,115,51,1259
0,90,3,Isolados,115,46,931
0,95,0,Empiristas,115,100,1422
0,95,1,Incrementalistas,115,63,1427
0,95,2,Evolucionistas,115,53,1416
0,95,3,Isolados,115,51,1087
0,100,0,Empiristas,115,101,1596
0,100,1,Incrementalistas,115,66,1602
0,100,2,Evolucionistas,115,55,1590
0,100,3,Isolados,115,58,1262
0,105,0,Empiristas,115,102,1787
0,105,1,Incrementalistas,115,68,1795
0,105,2,Evolucionistas,115,61,1782
0,105,3,Isolados,115,67,1454
0,110,0,Empiristas,115,102,1999
0,110,1,Incrementalistas,115,73,2009
0,110,2,Evolucionistas,115,65,1994
0,110,3,Isolados,115,71,1665
0,115,0,Empiristas,115,104,2232
0,115,1,Incrementalistas,115,74,2243
0,115,2,Evolucionistas,115,73,2229
0,115,3,Isolados,115,55,1806
0,120,0,Empiristas,115,105,2491
0,120,1,Incrementalistas,115,48,2397
0,120,2,Evolucionistas,115,75,2488
0,120,3,Isolados,115,60,1935
0,125,0,Empiristas,115,108,2777
0,125,1,Incrementalistas,115,50,2540
0,125,2,Evolucionistas,115,83,2774
0,125,3,Isolados,115,62,2079
0,130,0,Empiristas,115,109,3093
0,130,1,Incrementalistas,115,54,2698
0,130,2,Evolucionistas,115,85,3089
0,130,3,Isolados,115,71,2237
0,135,0,Empiristas,115,110,3441
0,135,1,Incrementalistas,115,59,2871
0,135,2,Evolucionistas,115,92,3437
0,135,3,Isolados,115,73,2412
0,140,0,Empiristas,115,112,3825
0,140,1,Incrementalistas,115,62,3063
0,140,2,Evolucionistas,115,94,3822
0,140,3,Isolados,115,82,2797
0,145,0,Empiristas,115,112,4251
0,145,1,Incrementalistas,115,69,3486
0,145,2,Evolucionistas,115,97,4248
0,145,3,Isolados,115,88,3220
0,150,0,Empiristas,115,114,4719
0,150,1,Incrementalistas,115,77,3955
0,150,2,Evolucionistas,115,100,4716
0,150,3,Isolados,115,94,3688
0,155,0,Empiristas,115,114,5237
0,155,1,Incrementalistas,115,88,4473
0,155,2,Evolucionistas,115,102,5233
0,155,3,Isolados,115,100,4206
0,160,0,Empiristas,115,114,5808
0,160,1,Incrementalistas,115,91,5045
0,160,2,Evolucionistas,115,104,5805
0,160,3,Isolados,115,103,4778
0,165,0,Empiristas,115,114,6439
0,165,1,Incrementalistas,115,96,5676
0,165,2,Evolucionistas,115,106,6437
0,165,3,Isolados,115,104,5410
0,170,0,Empiristas,115,116,7135
0,170,1,Incrementalistas,115,99,6373
0,170,2,Evolucionistas,115,107,7134
0,170,3,Isolados,115,106,6107
0,175,0,Empiristas,115,116,7902
0,175,1,Incrementalistas,115,102,7142
0,175,2,Evolucionistas,115,108,7903
0,175,3,Isolados,115,109,6876
0,180,0,Empiristas,115,116,8751
0,180,1,Incrementalistas,115,107,7989
0,180,2,Evolucionistas,115,109,8752
0,180,3,Isolados,115,111,7725
0,185,0,Empiristas,115,116,9687
0,185,1,Incrementalistas,115,109,8927
0,185,2,Evolucionistas,115,111,9689
0,185,3,Isolados,115,112,8664
0,190,0,Empiristas,115,116,10721
0,190,1,Incrementalistas,115,110,9962
0,190,2,Evolucionistas,115,111,10723
0,190,3,Isolados,115,112,9700
0,195,0,Empiristas,115,116,11864
0,195,1,Incrementalistas,115,110,11106
0,195,2,Evolucionistas,115,112,11866
0,195,3,Isolados,115,113,10843
0,200,0,Empiristas,115,116,13125
0,200,1,Incrementalistas,115,112,12366
0,200,2,Evolucionistas,115,112,13128
0,200,3,Isolados,115,115,12104
0,205,0,Empiristas,115,116,14519
0,205,1,Incrementalistas,115,112,13760
0,205,2,Evolucionistas,115,113,14521
0,205,3,Isolados,115,115,13497
0,210,0,Empiristas,115,116,16056
0,210,1,Incrementalistas,115,113,15298
0,210,2,Evolucionistas,115,115,16061
0,210,3,Isolados,115,115,15035
0,215,0,Empiristas,115,116,17754
0,215,1,Incrementalistas,115,114,16995
0,215,2,Evolucionistas,115,115,17760
0,215,3,Isolados,115,115,16732
0,220,0,Empiristas,115,116,19628
0,220,1,Incrementalistas,115,114,18871
0,220,2,Evolucionistas,115,115,19635
0,220,3,Isolados,115,115,18607
0,225,0,Empiristas,115,116,21699
0,225,1,Incrementalistas,115,82,20514
0,225,2,Evolucionistas,115,115,21703
0,225,3,Isolados,115,115,20678
0,230,0,Empiristas,115,116,23985
0,230,1,Incrementalistas,115,95,21657
0,230,2,Evolucionistas,115,115,23988
0,230,3,Isolados,115,115,22962
0,235,0,Empiristas,115,116,26465
0,235,1,Incrementalistas,115,103,22897
0,235,2,Evolucionistas,115,115,26467
0,235,3,Isolados,115,115,25442
0,240,0,Empiristas,115,116,28965
0,240,1,Incrementalistas,115,108,24147
0,240,2,Evolucionistas,115,116,28967
0,240,3,Isolados,115,115,27942
0,245,0,Empiristas,115,116,31465
0,245,1,Incrementalistas,115,112,25397
0,245,2,Evolucionistas,115,116,31467
0,245,3,Isolados,115,115,30442
0,250,0,Empiristas,115,116,33965
0,250,1,Incrementalistas,115,115,27397
0,250,2,Evolucionistas,115,116,33967
0,250,3,Isolados,115,115,32942
0,255,0,Empiristas,115,116,36465
0,255,1,Incrementalistas,115,116,29897
0,255,2,Evolucionistas,115,116,36467
0,255,3,Isolados,115,115,35442
0,260,0,Empiristas,115,116,38965
0,260,1,Incrementalistas,115,116,32397
0,260,2,Evolucionistas,115,116,38967
0,260,3,Isolados,115,115,37942
0,265,0,Empiristas,115,116,41465
0,265,1,Incrementalistas,115,92,33897
0,265,2,Evolucionistas,115,116,41467
0,265,3,Isolados,115,115,40442
0,270,0,Empiristas,115,116,43965
0,270,1,Incrementalistas,115,100,35147
0,270,2,Evolucionistas,115,116,43967
0,270,3,Isolados,115,115,42942
0,275,0,Empiristas,115,116,46465
0,275,1,Incrementalistas,115,107,36397
0,275,2,Evolucionistas,115,116,46467
0,275,3,Isolados,115,115,45442
0,280,0,Empiristas,115,116,48965
0,280,1,Incrementalistas,115,109,37647
0,280,2,Evolucionistas,115,116,48967
0,280,3,Isolados,115,115,47942
0,285,0,Empiristas,115,116,51465
0,285,1,Incrementalistas,115,109,38897
0,285,2,Evolucionistas,115,116,51467
0,285,3,Isolados,115,115,50442
0,290,0,Empiristas,115,116,53965
0,290,1,Incrementalistas,115,113,41397
0,290,2,Evolucionistas,115,116,53967
0,290,3,Isolados,115,115,52942
0,295,0,Empiristas,115,116,56465
0,295,1,Incrementalistas,115,115,43897
0,295,2,Evolucionistas,115,116,56467
0,295,3,Isolados,115,115,55442
0,300,0,Empiristas,115,116,58965
0,300,1,Incrementalistas,115,115,46397
0,300,2,Evolucionistas,115,116,58967
0,300,3,Isolados,115,115,57942
1,0,0,Empiristas,40,2,5
1,0,1,Incrementalistas,88,4,5
1,0,2,Evolucionistas,73,2,5
1,0,3,Isolados,83,2,5
1,5,0,Empiristas,102,11,30
1,5,1,Incrementalistas,90,9,30
1,5,2,Evolucionistas,90,12,30
1,5,3,Isolados,112,6,33
1,10,0,Empiristas,102,18,60
1,10,1,Incrementalistas,93,11,60
1,10,2,Evolucionistas,102,20,60
1,10,3,Isolados,113,10,61
1,15,0,Empiristas,102,28,94
1,15,1,Incrementalistas,102,14,92
1,15,2,Evolucionistas,102,24,92
1,15,3,Isolados,114,12,93
1,20,0,Empiristas,102,31,129
1,20,1,Incrementalistas,104,15,127
1,20,2,Evolucionistas,102,26,128
1,20,3,Isolados,114,15,128
1,25,0,Empiristas,105,35,168
1,25,1,Incrementalistas,105,19,166
1,25,2,Evolucionistas,105,32,167
1,25,3,Isolados,114,16,167
1,30,0,Empiristas,111.811,40,210
1,30,1,Incrementalistas,111.811,26,211
1,30,2,Evolucionistas,111.811,36,210
1,30,3,Isolados,114,18,212
1,35,0,Empiristas,113,45,257
1,35,1,Incrementalistas,114,31,260
1,35,2,Evolucionistas,114,40,258
1,35,3,Isolados,114,21,260
1,40,0,Empiristas,113,54,310
1,40,1,Incrementalistas,114,35,314
1,40,2,Evolucionistas,114,42,312
1,40,3,Isolados,114,24,316
1,45,0,Empiristas,114,59,370
1,45,1,Incrementalistas,114,36,374
1,45,2,Evolucionistas,114,45,371
1,45,3,Isolados,115,28,374
1,50,0,Empiristas,114,63,436
1,50,1,Incrementalistas,115,37,439
1,50,2,Evolucionistas,114,48,436
1,50,3,Isolados,115,31,438
1,55,0,Empiristas,114,67,506
1,55,1,Incrementalistas,115,38,509
1,55,2,Evolucionistas,115,49,509
1,55,3,Isolados,115,36,510
1,60,0,Empiristas,115,71,585
1,60,1,Incrementalistas,115,40,587
1,60,2,Evolucionistas,115,50,588
1,60,3,Isolados,115,38,588
1,65,0,Empiristas,115,76,671
1,65,1,Incrementalistas,115,44,675
1,65,2,Evolucionistas,115,53,675
1,65,3,Isolados,115,42,676
1,70,0,Empiristas,115,82,767
1,70,1,Incrementalistas,115,46,770
1,70,2,Evolucionistas,115,55,772
1,70,3,Isolados,115,46,772
1,75,0,Empiristas,115,86,874
1,75,1,Incrementalistas,115,50,877
1,75,2,Evolucionistas,115,60,879
1,75,3,Isolados,115,48,877
1,80,0,Empiristas,115,92,991
1,80,1,Incrementalistas,115,51,994
1,80,2,Evolucionistas,115,61,997
1,80,3,Isolados,115,48,994
1,85,0,Empiristas,115,94,1121
1,85,1,Incrementalistas,115,53,1123
1,85,2,Evolucionistas,115,62,1128
1,85,3,Isolados,115,31,1123
1,90,0,Empiristas,115,96,1263
1,90,1,Incrementalistas,115,55,1268
1,90,2,Evolucionistas,115,62,1271
1,90,3,Isolados,115,39,1193
1,95,0,Empiristas,115,98,1420
1,95,1,Incrementalistas,115,58,1424
1,95,2,Evolucionistas,115,64,1428
1,95,3,Isolados,115,40,1271
1,100,0,Empiristas,115,103,1594
1,100,1,Incrementalistas,115,62,1597
1,100,2,Evolucionistas,115,65,1602
1,100,3,Isolados,115,42,1359
1,105,0,Empiristas,115,103,1786
1,105,1,Incrementalistas,115,66,1790
1,105,2,Evolucionistas,115,72,1794
1,105,3,Isolados,115,43,1454
1,110,0,Empiristas,115,106,1999
1,110,1,Incrementalistas,115,72,2002
1,110,2,Evolucionistas,115,76,2006
1,110,3,Isolados,114,34,1561
1,115,0,Empiristas,115,106,2234
1,115,1,Incrementalistas,115,74,2236
1,115,2,Evolucionistas,115,81,2241
1,115,3,Isolados,115,41,1678
1,120,0,Empiristas,115,111,2492
1,120,1,Incrementalistas,115,77,2494
1,120,2,Evolucionistas,115,85,2500
1,120,3,Isolados,115,48,1806
1,125,0,Empiristas,115,112,2778
1,125,1,Incrementalistas,115,79,2780
1,125,2,Evolucionistas,115,86,2787
1,125,3,Isolados,115,55,1948
1,130,0,Empiristas,115,113,3093
1,130,1,Incrementalistas,115,84,3096
1,130,2,Evolucionistas,115,92,3101
1,130,3,Isolados,115,40,2107
1,135,0,Empiristas,115,113,3441
1,135,1,Incrementalistas,115,86,3444
1,135,2,Evolucionistas,115,94,3449
1,135,3,Isolados,115,45,2282
1,140,0,Empiristas,115,115,3826
1,140,1,Incrementalistas,115,89,3829
1,140,2,Evolucionistas,115,97,3833
1,140,3,Isolados,115,52,2474
1,145,0,Empiristas,115,115,4250
1,145,1,Incrementalistas,115,92,4254
1,145,2,Evolucionistas,115,100,4259
1,145,3,Isolados,115,60,2684
1,150,0,Empiristas,115,115,4720
1,150,1,Incrementalistas,115,93,4722
1,150,2,Evolucionistas,115,102,4727
1,150,3,Isolados,115,66,2918
1,155,0,Empiristas,115,115,5238
1,155,1,Incrementalistas,115,95,5237
1,155,2,Evolucionistas,115,103,5244
1,155,3,Isolados,115,73,3335
1,160,0,Empiristas,115,115,5810
1,160,1,Incrementalistas,115,100,5809
1,160,2,Evolucionistas,115,104,5814
1,160,3,Isolados,115,84,3906
1,165,0,Empiristas,115,115,6440
1,165,1,Incrementalistas,115,100,6442
1,165,2,Evolucionistas,115,106,6445
1,165,3,Isolados,115,89,4537
1,170,0,Empiristas,115,115,7137
1,170,1,Incrementalistas,115,71,6994
1,170,2,Evolucionistas,115,109,7142
1,170,3,Isolados,115,93,5233
1,175,0,Empiristas,115,115,7906
1,175,1,Incrementalistas,115,76,7378
1,175,2,Evolucionistas,115,113,7910
1,175,3,Isolados,115,102,6002
1,180,0,Empiristas,115,115,8755
1,180,1,Incrementalistas,115,81,7802
1,180,2,Evolucionistas,115,113,8758
1,180,3,Isolados,115,107,6850
1,185,0,Empiristas,115,116,9693
1,185,1,Incrementalistas,115,85,8272
1,185,2,Evolucionistas,115,114,9696
1,185,3,Isolados,115,109,7786
1,190,0,Empiristas,115,116,10728
1,190,1,Incrementalistas,115,61,8789
1,190,2,Evolucionistas,115,114,10731
1,190,3,Isolados,115,111,8821
1,195,0,Empiristas,115,116,11871
1,195,1,Incrementalistas,115,75,9361
1,195,2,Evolucionistas,115,114,11874
1,195,3,Isolados,115,114,9963
1,200,0,Empiristas,115,116,13132
1,200,1,Incrementalistas,115,81,9993
1,200,2,Evolucionistas,115,114,13134
1,200,3,Isolados,115,114,11223
1,205,0,Empiristas,115,116,14525
1,205,1,Incrementalistas,115,90,10689
1,205,2,Evolucionistas,115,114,14528
1,205,3,Isolados,115,115,12617
1,210,0,Empiristas,115,116,16064
1,210,1,Incrementalistas,115,98,11458
1,210,2,Evolucionistas,115,114,16064
1,210,3,Isolados,115,116,14154
1,215,0,Empiristas,115,116,17761
1,215,1,Incrementalistas,115,106,12657
1,215,2,Evolucionistas,115,114,17762
1,215,3,Isolados,115,116,15851
1,220,0,Empiristas,115,116,19636
1,220,1,Incrementalistas,115,111,14531
1,220,2,Evolucionistas,115,114,19637
1,220,3,Isolados,115,116,17727
1,225,0,Empiristas,115,116,21706
1,225,1,Incrementalistas,115,112,16600
1,225,2,Evolucionistas,115,115,21708
1,225,3,Isolados,115,116,19795
1,230,0,Empiristas,115,116,23992
1,230,1,Incrementalistas,115,112,18885
1,230,2,Evolucionistas,115,115,23993
1,230,3,Isolados,115,116,22081
1,235,0,Empiristas,115,116,26471
1,235,1,Incrementalistas,115,114,21365
1,235,2,Evolucionistas,115,115,26472
1,235,3,Isolados,115,116,24561
1,240,0,Empiristas,115,116,28971
1,240,1,Incrementalistas,115,114,23865
1,240,2,Evolucionistas,115,115,28972
1,240,3,Isolados,115,116,27061
1,245,0,Empiristas,115,116,31471
1,245,1,Incrementalistas,115,115,26365
1,245,2,Evolucionistas,115,115,31472
1,245,3,Isolados,115,116,29561
1,250,0,Empiristas,115,116,33971
1,250,1,Incrementalistas,115,115,28865
1,250,2,Evolucionistas,115,116,33972
1,250,3,Isolados,115,116,32061
1,255,0,Empiristas,115,116,36471
1,255,1,Incrementalistas,115,115,31365
1,255,2,Evolucionistas,115,116,36472
1,255,3,Isolados,115,116,34561
1,260,0,Empiristas,115,116,38971
1,260,1,Incrementalistas,115,115,33865
1,260,2,Evolucionistas,115,116,38972
1,260,3,Isolados,115,116,37061
1,265,0,Empiristas,115,116,41471
1,265,1,Incrementalistas,115,115,36365
1,265,2,Evolucionistas,115,116,41472
1,265,3,Isolados,115,116,39561
1,270,0,Empiristas,115,116,43971
1,270,1,Incrementalistas,115,115,38865
1,270,2,Evolucionistas,115,116,43972
1,270,3,Isolados,115,116,42061
1,275,0,Empiristas,115,116,46471
1,275,1,Incrementalistas,115,116,41365
1,275,2,Evolucionistas,115,116,46472
1,275,3,Isolados,115,116,44561
1,280,0,Empiristas,115,116,48971
1,280,1,Incrementalistas,115,116,43865
1,280,2,Evolucionistas,115,116,48972
1,280,3,Isolados,115,116,47061
1,285,0,Empiristas,115,116,51471
1,285,1,Incrementalistas,115,116,46365
1,285,2,Evolucionistas,115,116,51472
1,285,3,Isolados,115,116,49561
1,290,0,Empiristas,115,116,53971
1,290,1,Incrementalistas,115,116,48865
1,290,2,Evolucionistas,115,116,53972
1,290,3,Isolados,115,116,52061
1,295,0,Empiristas,115,116,56471
1,295,1,Incrementalistas,115,116,51365
1,295,2,Evolucionistas,115,116,56472
1,295,3,Isolados,115,116,54561
1,300,0,Empiristas,115,116,58971
1,300,1,Incrementalistas,115,116,53865
1,300,2,Evolucionistas,115,116,58972
1,300,3,Isolados,115,116,57061
2,0,0,Empiristas,99,3,5
2,0,1,Incrementalistas,36.9482,1,5
2,0,2,Evolucionistas,61.2425,2,5
2,0,3,Isolados,106,3,5
2,5,0,Empiristas,102,14,30
2,5,1,Incrementalistas,102,9,31
2,5,2,Evolucionistas,102,7,31
2,5,3,Isolados,110,8,31
2,10,0,Empiristas,107,19,60
2,10,1,Incrementalistas,102,14,60
2,10,2,Evolucionistas,107,11,62
2,10,3,Isolados,113,11,60
2,15,0,Empiristas,109,23,91
2,15,1,Incrementalistas,107,19,91
2,15,2,Evolucionistas,107,18,95
2,15,3,Isolados,114,15,92
2,20,0,Empiristas,110,29,128
2,20,1,Incrementalistas,110,27,126
2,20,2,Evolucionistas,110,23,130
2,20,3,Isolados,114,19,129
2,25,0,Empiristas,113.615,37,168
2,25,1,Incrementalistas,112,33,166
2,25,2,Evolucionistas,112,26,169
2,25,3,Isolados,114,21,167
2,30,0,Empiristas,113.615,41,211
2,30,1,Incrementalistas,113,35,211
2,30,2,Evolucionistas,113,29,212
2,30,3,Isolados,114,24,212
2,35,0,Empiristas,114,44,258
2,35,1,Incrementalistas,113,36,258
2,35,2,Evolucionistas,114,32,259
2,35,3,Isolados,115,29,261
2,40,0,Empiristas,114,49,311
2,40,1,Incrementalistas,114,37,310
2,40,2,Evolucionistas,114,33,313
2,40,3,Isolados,115,30,315
2,45,0,Empiristas,114,54,369
2,45,1,Incrementalistas,115,40,370
2,45,2,Evolucionistas,115,36,373
2,45,3,Isolados,115,31,374
2,50,0,Empiristas,115,61,434
2,50,1,Incrementalistas,115,42,435
2,50,2,Evolucionistas,115,36,438
2,50,3,Isolados,115,34,439
2,55,0,Empiristas,115,62,506
2,55,1,Incrementalistas,115,44,507
2,55,2,Evolucionistas,115,40,508
2,55,3,Isolados,115,36,511
2,60,0,Empiristas,115,64,585
2,60,1,Incrementalistas,115,45,587
2,60,2,Evolucionistas,115,42,587
2,60,3,Isolados,115,37,590
2,65,0,Empiristas,115,65,670
2,65,1,Incrementalistas,115,45,676
2,65,2,Evolucionistas,115,43,674
2,65,3,Isolados,115,38,676
2,70,0,Empiristas,115,71,764
2,70,1,Incrementalistas,115,46,772
2,70,2,Evolucionistas,115,46,771
2,70,3,Isolados,115,42,771
2,75,0,Empiristas,115,75,871
2,75,1,Incrementalistas,115,49,877
2,75,2,Evolucionistas,115,46,876
2,75,3,Isolados,115,45,876
2,80,0,Empiristas,115,78,988
2,80,1,Incrementalistas,115,51,994
2,80,2,Evolucionistas,115,48,994
2,80,3,Isolados,115,52,992
2,85,0,Empiristas,115,84,1117
2,85,1,Incrementalistas,115,53,1123
2,85,2,Evolucionistas,115,50,1123
2,85,3,Isolados,115,57,1122
2,90,0,Empiristas,115,86,1261
2,90,1,Incrementalistas,115,56,1267
2,90,2,Evolucionistas,115,52,1267
2,90,3,Isolados,115,58,1264
2,95,0,Empiristas,115,89,1418
2,95,1,Incrementalistas,115,62,1426
2,95,2,Evolucionistas,115,56,1424
2,95,3,Isolados,115,65,1423
2,100,0,Empiristas,115,95,1593
2,100,1,Incrementalistas,115,62,1599
2,100,2,Evolucionistas,115,58,1598
2,100,3,Isolados,115,67,1598
2,105,0,Empiristas,115,96,1787
2,105,1,Incrementalistas,115,64,1792
2,105,2,Evolucionistas,115,65,1791
2,105,3,Isolados,115,70,1790
2,110,0,Empiristas,115,100,1999
2,110,1,Incrementalistas,115,65,2003
2,110,2,Evolucionistas,115,69,2003
2,110,3,Isolados,115,73,2003
2,115,0,Empiristas,115,102,2233
2,115,1,Incrementalistas,115,66,2236
2,115,2,Evolucionistas,115,73,2237
2,115,3,Isolados,115,78,2237
2,120,0,Empiristas,115,104,2493
2,120,1,Incrementalistas,115,69,2493
2,120,2,Evolucionistas,115,76,2496
2,120,3,Isolados,115,85,2495
2,125,0,Empiristas,115,108,2778
2,125,1,Incrementalistas,115,70,2779
2,125,2,Evolucionistas,115,79,2782
2,125,3,Isolados,115,88,2780
2,130,0,Empiristas,115,109,3093
2,130,1,Incrementalistas,115,74,3093
2,130,2,Evolucionistas,115,82,3098
2,130,3,Isolados,115,93,3095
2,135,0,Empiristas,115,110,3442
2,135,1,Incrementalistas,115,76,3440
2,135,2,Evolucionistas,115,88,3446
2,135,3,Isolados,115,96,3441
2,140,0,Empiristas,115,112,3826
2,140,1,Incrementalistas,115,79,3824
2,140,2,Evolucionistas,115,91,3831
2,140,3,Isolados,115,98,3825
2,145,0,Empiristas,115,79,4250
2,145,1,Incrementalistas,115,82,4248
2,145,2,Evolucionistas,115,93,4256
2,145,3,Isolados,115,101,4248
2,150,0,Empiristas,115,87,4484
2,150,1,Incrementalistas,115,84,4717
2,150,2,Evolucionistas,115,94,4724
2,150,3,Isolados,115,104,4716
2,155,0,Empiristas,115,96,4743
2,155,1,Incrementalistas,115,86,5233
2,155,2,Evolucionistas,115,94,5241
2,155,3,Isolados,115,106,5234
2,160,0,Empiristas,115,101,5028
2,160,1,Incrementalistas,115,91,5805
2,160,2,Evolucionistas,115,97,5812
2,160,3,Isolados,115,108,5805
2,165,0,Empiristas,115,104,5343
2,165,1,Incrementalistas,115,98,6435
2,165,2,Evolucionistas,115,98,6442
2,165,3,Isolados,115,110,6436
2,170,0,Empiristas,115,107,5762
2,170,1,Incrementalistas,115,104,7131
2,170,2,Evolucionistas,115,101,7139
2,170,3,Isolados,115,111,7133
2,175,0,Empiristas,115,108,6530
2,175,1,Incrementalistas,115,108,7899
2,175,2,Evolucionistas,115,102,7908
2,175,3,Isolados,115,113,7903
2,180,0,Empiristas,115,113,7379
2,180,1,Incrementalistas,115,110,8747
2,180,2,Evolucionistas,115,106,8757
2,180,3,Isolados,115,113,8752
2,185,0,Empiristas,115,114,8316
2,185,1,Incrementalistas,115,112,9685
2,185,2,Evolucionistas,115,109,9694
2,185,3,Isolados,115,113,9689
2,190,0,Empiristas,115,115,9352
2,190,1,Incrementalistas,115,114,10720
2,190,2,Evolucionistas,115,111,10730
2,190,3,Isolados,115,114,10724
2,195,0,Empiristas,115,115,10496
2,195,1,Incrementalistas,115,114,11862
2,195,2,Evolucionistas,115,111,11871
2,195,3,Isolados,115,115,11867
2,200,0,Empiristas,115,115,11756
2,200,1,Incrementalistas,115,114,13125
2,200,2,Evolucionistas,115,113,13133
2,200,3,Isolados,115,115,13129
2,205,0,Empiristas,115,115,13149
2,205,1,Incrementalistas,115,114,14517
2,205,2,Evolucionistas,115,114,14528
2,205,3,Isolados,115,115,14521
2,210,0,Empiristas,115,115,14688
2,210,1,Incrementalistas,115,116,16054
2,210,2,Evolucionistas,115,116,16066
2,210,3,Isolados,115,115,16058
2,215,0,Empiristas,115,115,16388
2,215,1,Incrementalistas,115,116,17752
2,215,2,Evolucionistas,115,116,17766
2,215,3,Isolados,115,115,17757
2,220,0,Empiristas,115,116,18263
2,220,1,Incrementalistas,115,116,19628
2,220,2,Evolucionistas,115,116,19641
2,220,3,Isolados,115,115,19633
2,225,0,Empiristas,115,116,20333
2,225,1,Incrementalistas,115,116,21698
2,225,2,Evolucionistas,115,116,21711
2,225,3,Isolados,115,115,21704
2,230,0,Empiristas,115,116,22618
2,230,1,Incrementalistas,115,116,23983
2,230,2,Evolucionistas,115,116,23996
2,230,3,Isolados,115,115,23990
2,235,0,Empiristas,115,116,25096
2,235,1,Incrementalistas,115,116,26462
2,235,2,Evolucionistas,115,116,26476
2,235,3,Isolados,115,115,26469
2,240,0,Empiristas,115,116,27596
2,240,1,Incrementalistas,115,116,28962
2,240,2,Evolucionistas,115,116,28976
2,240,3,Isolados,115,116,28969
2,245,0,Empiristas,115,105,29346
2,245,1,Incrementalistas,115,116,31462
2,245,2,Evolucionistas,115,116,31476
2,245,3,Isolados,115,116,31469
2,250,0,Empiristas,115,115,30596
2,250,1,Incrementalistas,115,116,33962
2,250,2,Evolucionistas,115,116,33976
2,250,3,Isolados,115,116,33969
2,255,0,Empiristas,115,116,31846
2,255,1,Incrementalistas,115,116,36462
2,255,2,Evolucionistas,115,116,36476
2,255,3,Isolados,115,116,36469
2,260,0,Empiristas,115,116,33096
2,260,1,Incrementalistas,115,116,38962
2,260,2,Evolucionistas,115,116,38976
2,260,3,Isolados,115,116,38969
2,265,0,Empiristas,115,116,34346
2,265,1,Incrementalistas,115,116,41462
2,265,2,Evolucionistas,115,116,41476
2,265,3,Isolados,115,103,40719
2,270,0,Empiristas,115,116,36596
2,270,1,Incrementalistas,115,116,43962
2,270,2,Evolucionistas,115,116,43976
2,270,3,Isolados,115,108,41969
2,275,0,Empiristas,115,116,39096
2,275,1,Incrementalistas,115,116,46462
2,275,2,Evolucionistas,115,116,46476
2,275,3,Isolados,115,111,43219
2,280,0,Empiristas,115,116,41596
2,280,1,Incrementalistas,115,116,48962
2,280,2,Evolucionistas,115,116,48976
2,280,3,Isolados,115,111,44469
2,285,0,Empiristas,115,116,44096
2,285,1,Incrementalistas,115,116,51462
2,285,2,Evolucionistas,115,116,51476
2,285,3,Isolados,115,112,45719
2,290,0,Empiristas,115,116,46596
2,290,1,Incrementalistas,115,116,53962
2,290,2,Evolucionistas,115,116,53976
2,290,3,Isolados,115,115,47969
2,295,0,Empiristas,115,116,49096
2,295,1,Incrementalistas,115,116,56462
2,295,2,Evolucionistas,115,116,56476
2,295,3,Isolados,115,115,50469
2,300,0,Empiristas,115,116,51596
2,300,1,Incrementalistas,115,116,58962
2,300,2,Evolucionistas,115,116,58976
2,300,3,Isolados,115,115,52969
3,0,0,Empiristas,17.1437,1,5
3,0,1,Incrementalistas,74,3,5
3,0,2,Evolucionistas,76.219,2,5
3,0,3,Isolados,45,2,5
3,5,0,Empiristas,96.4798,7,32
3,5,1,Incrementalistas,77,9,31
3,5,2,Evolucionistas,96.4798,3,31
3,5,3,Isolados,52,9,32
3,10,0,Empiristas,105,17,61
3,10,1,Incrementalistas,105,19,61
3,10,2,Evolucionistas,107,10,59
3,10,3,Isolados,115,13,60
3,15,0,Empiristas,108,22,93
3,15,1,Incrementalistas,108,26,95
3,15,2,Evolucionistas,108,17,90
3,15,3,Isolados,115,20,93
3,20,0,Empiristas,108,28,128
3,20,1,Incrementalistas,110,30,130
3,20,2,Evolucionistas,110,22,126
3,20,3,Isolados,115,21,129
3,25,0,Empiristas,110,34,166
3,25,1,Incrementalistas,110,33,169
3,25,2,Evolucionistas,110,22,165
3,25,3,Isolados,115,22,167
3,30,0,Empiristas,113,40,210
3,30,1,Incrementalistas,112,36,212
3,30,2,Evolucionistas,112,25,208
3,30,3,Isolados,115,28,211
3,35,0,Empiristas,113,47,257
3,35,1,Incrementalistas,114,38,262
3,35,2,Evolucionistas,114,31,256
3,35,3,Isolados,115,30,261
3,40,0,Empiristas,114,54,309
3,40,1,Incrementalistas,114,39,315
3,40,2,Evolucionistas,114,32,310
3,40,3,Isolados,115,32,314
3,45,0,Empiristas,114,61,367
3,45,1,Incrementalistas,114,40,374
3,45,2,Evolucionistas,114,33,369
3,45,3,Isolados,115,38,373
3,50,0,Empiristas,114,63,432
3,50,1,Incrementalistas,115,42,440
3,50,2,Evolucionistas,114,36,435
3,50,3,Isolados,115,40,438
3,55,0,Empiristas,114,67,504
3,55,1,Incrementalistas,115,42,512
3,55,2,Evolucionistas,114,40,507
3,55,3,Isolados,115,40,508
3,60,0,Empiristas,115,71,582
3,60,1,Incrementalistas,115,43,590
3,60,2,Evolucionistas,114,41,585
3,60,3,Isolados,115,41,586
3,65,0,Empiristas,115,75,669
3,65,1,Incrementalistas,115,47,677
3,65,2,Evolucionistas,115,46,673
3,65,3,Isolados,115,46,673
3,70,0,Empiristas,115,84,764
3,70,1,Incrementalistas,115,51,773
3,70,2,Evolucionistas,115,48,768
3,70,3,Isolados,115,42,731
3,75,0,Empiristas,115,87,871
3,75,1,Incrementalistas,115,53,879
3,75,2,Evolucionistas,115,52,876
3,75,3,Isolados,115,43,783
3,80,0,Empiristas,115,87,987
3,80,1,Incrementalistas,115,57,996
3,80,2,Evolucionistas,115,55,993
3,80,3,Isolados,115,47,842
3,85,0,Empiristas,115,89,1117
3,85,1,Incrementalistas,115,37,1112
3,85,2,Evolucionistas,115,60,1122
3,85,3,Isolados,115,49,907
3,90,0,Empiristas,115,91,1260
3,90,1,Incrementalistas,115,43,1184
3,90,2,Evolucionistas,115,62,1266
3,90,3,Isolados,115,51,979
3,95,0,Empiristas,115,93,1418
3,95,1,Incrementalistas,115,46,1263
3,95,2,Evolucionistas,115,65,1424
3,95,3,Isolados,115,54,1136
3,100,0,Empiristas,115,94,1593
3,100,1,Incrementalistas,115,49,1351
3,100,2,Evolucionistas,115,67,1599
3,100,3,Isolados,115,58,1310
3,105,0,Empiristas,115,99,1786
3,105,1,Incrementalistas,115,53,1446
3,105,2,Evolucionistas,115,70,1792
3,105,3,Isolados,115,66,1501
3,110,0,Empiristas,115,101,1999
3,110,1,Incrementalistas,115,54,1595
3,110,2,Evolucionistas,115,75,2003
3,110,3,Isolados,115,68,1714
3,115,0,Empiristas,115,106,2233
3,115,1,Incrementalistas,115,62,1829
3,115,2,Evolucionistas,115,80,2237
3,115,3,Isolados,115,71,1947
3,120,0,Empiristas,115,107,2493
3,120,1,Incrementalistas,115,67,2088
3,120,2,Evolucionistas,115,82,2497
3,120,3,Isolados,115,76,2207
3,125,0,Empiristas,115,109,2778
3,125,1,Incrementalistas,115,71,2374
3,125,2,Evolucionistas,115,84,2783
3,125,3,Isolados,115,81,2493
3,130,0,Empiristas,115,110,3093
3,130,1,Incrementalistas,115,73,2690
3,130,2,Evolucionistas,115,86,3100
3,130,3,Isolados,115,89,2808
3,135,0,Empiristas,115,112,3440
3,135,1,Incrementalistas,115,81,3038
3,135,2,Evolucionistas,115,86,3447
3,135,3,Isolados,115,93,3156
3,140,0,Empiristas,115,113,3824
3,140,1,Incrementalistas,115,87,3423
3,140,2,Evolucionistas,115,92,3832
3,140,3,Isolados,115,97,3541
3,145,0,Empiristas,115,114,4250
3,145,1,Incrementalistas,115,95,3847
3,145,2,Evolucionistas,115,98,4256
3,145,3,Isolados,115,99,3965
3,150,0,Empiristas,115,114,4718
3,150,1,Incrementalistas,115,101,4316
3,150,2,Evolucionistas,115,99,4726
3,150,3,Isolados,115,102,4435
3,155,0,Empiristas,115,115,5233
3,155,1,Incrementalistas,115,102,4834
3,155,2,Evolucionistas,115,100,5245
3,155,3,Isolados,115,103,4953
3,160,0,Empiristas,115,115,5805
3,160,1,Incrementalistas,115,106,5406
3,160,2,Evolucionistas,115,101,5817
3,160,3,Isolados,115,104,5525
3,165,0,Empiristas,115,115,6437
3,165,1,Incrementalistas,115,106,6037
3,165,2,Evolucionistas,115,103,6448
3,165,3,Isolados,115,108,6156
3,170,0,Empiristas,115,115,7134
3,170,1,Incrementalistas,115,109,6734
3,170,2,Evolucionistas,115,107,7145
3,170,3,Isolados,115,110,6853
3,175,0,Empiristas,115,115,7903
3,175,1,Incrementalistas,115,111,7504
3,175,2,Evolucionistas,115,107,7915
3,175,3,Isolados,115,111,7622
3,180,0,Empiristas,115,115,8754
3,180,1,Incrementalistas,115,111,8352
3,180,2,Evolucionistas,115,110,8766
3,180,3,Isolados,115,113,8471
3,185,0,Empiristas,115,115,9691
3,185,1,Incrementalistas,115,113,9290
3,185,2,Evolucionistas,115,110,9703
3,185,3,Isolados,115,113,9409
3,190,0,Empiristas,115,115,10726
3,190,1,Incrementalistas,115,113,10323
3,190,2,Evolucionistas,115,111,10737
3,190,3,Isolados,115,114,10444
3,195,0,Empiristas,115,115,11869
3,195,1,Incrementalistas,115,113,11466
3,195,2,Evolucionistas,115,112,11880
3,195,3,Isolados,115,114,11587
3,200,0,Empiristas,115,115,13130
3,200,1,Incrementalistas,115,113,12726
3,200,2,Evolucionistas,115,113,13145
3,200,3,Isolados,115,114,12849
3,205,0,Empiristas,115,115,14524
3,205,1,Incrementalistas,115,113,14117
3,205,2,Evolucionistas,115,113,14539
3,205,3,Isolados,115,114,14242
3,210,0,Empiristas,115,115,16062
3,210,1,Incrementalistas,115,113,15656
3,210,2,Evolucionistas,115,113,16077
3,210,3,Isolados,115,114,15780
3,215,0,Empiristas,115,115,17761
3,215,1,Incrementalistas,115,114,17354
3,215,2,Evolucionistas,115,114,17776
3,215,3,Isolados,115,114,17478
3,220,0,Empiristas,115,115,19636
3,220,1,Incrementalistas,115,115,19228
3,220,2,Evolucionistas,115,114,19650
3,220,3,Isolados,115,114,19354
3,225,0,Empiristas,115,115,21705
3,225,1,Incrementalistas,115,115,21298
3,225,2,Evolucionistas,115,115,21722
3,225,3,Isolados,115,114,21424
3,230,0,Empiristas,115,115,23990
3,230,1,Incrementalistas,115,116,23583
3,230,2,Evolucionistas,115,115,24007
3,230,3,Isolados,115,90,22787
3,235,0,Empiristas,115,115,26470
3,235,1,Incrementalistas,115,116,26063
3,235,2,Evolucionistas,115,115,26486
3,235,3,Isolados,115,103,24026
3,240,0,Empiristas,115,115,28970
3,240,1,Incrementalistas,115,116,28563
3,240,2,Evolucionistas,115,115,28986
3,240,3,Isolados,115,111,25276
3,245,0,Empiristas,115,115,31470
3,245,1,Incrementalistas,115,116,31063
3,245,2,Evolucionistas,115,115,31486
3,245,3,Isolados,115,113,26526
3,250,0,Empiristas,115,115,33970
3,250,1,Incrementalistas,115,116,33563
3,250,2,Evolucionistas,115,115,33986
3,250,3,Isolados,115,113,27776
3,255,0,Empiristas,115,115,36470
3,255,1,Incrementalistas,115,116,36063
3,255,2,Evolucionistas,115,115,36486
3,255,3,Isolados,115,115,30276
3,260,0,Empiristas,115,115,38970
3,260,1,Incrementalistas,115,116,38563
3,260,2,Evolucionistas,115,115,38986
3,260,3,Isolados,115,115,32776
3,265,0,Empiristas,115,115,41470
3,265,1,Incrementalistas,115,116,41063
3,265,2,Evolucionistas,115,115,41486
3,265,3,Isolados,115,115,35276
3,270,0,Empiristas,115,115,43970
3,270,1,Incrementalistas,115,116,43563
3,270,2,Evolucionistas,115,116,43986
3,270,3,Isolados,115,115,37776
3,275,0,Empiristas,115,115,46470
3,275,1,Incrementalistas,115,116,46063
3,275,2,Evolucionistas,115,116,46486
3,275,3,Isolados,115,115,40276
3,280,0,Empiristas,115,116,48970
3,280,1,Incrementalistas,115,116,48563
3,280,2,Evolucionistas,115,116,48986
3,280,3,Isolados,115,115,42776
3,285,0,Empiristas,115,116,51470
3,285,1,Incrementalistas,115,116,51063
3,285,2,Evolucionistas,115,92,50486
3,285,3,Isolados,115,116,45276
3,290,0,Empiristas,115,116,53970
3,290,1,Incrementalistas,115,116,53563
3,290,2,Evolucionistas,115,106,51736
3,290,3,Isolados,115,116,47776
3,295,0,Empiristas,115,116,56470
3,295,1,Incrementalistas,115,116,56063
3,295,2,Evolucionistas,115,109,52986
3,295,3,Isolados,115,116,50276
3,300,0,Empiristas,115,116,58970
3,300,1,Incrementalistas,115,116,58563
3,300,2,Evolucionistas,115,112,54236
3,300,3,Isolados,115,116,52776
4,0,0,Empiristas,89,3,5
4,0,1,Incrementalistas,80.7756,1,5
4,0,2,Evolucionistas,31.6338,1,5
4,0,3,Isolados,62.644,1,5
4,5,0,Empiristas,99,9,30
4,5,1,Incrementalistas,114,5,32
4,5,2,Evolucionistas,114,2,32
4,5,3,Isolados,86.3141,3,32
4,10,0,Empiristas,114,16,60
4,10,1,Incrementalistas,114,11,62
4,10,2,Evolucionistas,114,5,62
4,10,3,Isolados,90,13,62
4,15,0,Empiristas,115,21,92
4,15,1,Incrementalistas,115,14,93
4,15,2,Evolucionistas,114,12,94
4,15,3,Isolados,90,14,94
4,20,0,Empiristas,115,27,126
4,20,1,Incrementalistas,115,15,130
4,20,2,Evolucionistas,115,15,131
4,20,3,Isolados,90,17,128
4,25,0,Empiristas,115,32,167
4,25,1,Incrementalistas,115,15,171
4,25,2,Evolucionistas,115,20,169
4,25,3,Isolados,91,19,168
4,30,0,Empiristas,115,38,210
4,30,1,Incrementalistas,115,18,214
4,30,2,Evolucionistas,115,20,213
4,30,3,Isolados,97,24,212
4,35,0,Empiristas,115,40,258
4,35,1,Incrementalistas,115,21,260
4,35,2,Evolucionistas,115,20,261
4,35,3,Isolados,99,29,260
4,40,0,Empiristas,115,45,311
4,40,1,Incrementalistas,115,24,314
4,40,2,Evolucionistas,115,23,316
4,40,3,Isolados,99,36,314
4,45,0,Empiristas,115,47,370
4,45,1,Incrementalistas,115,24,372
4,45,2,Evolucionistas,115,24,374
4,45,3,Isolados,103,41,372
4,50,0,Empiristas,115,52,435
4,50,1,Incrementalistas,115,25,436
4,50,2,Evolucionistas,115,25,439
4,50,3,Isolados,109,44,438
4,55,0,Empiristas,115,54,506
4,55,1,Incrementalistas,115,29,508
4,55,2,Evolucionistas,115,27,512
4,55,3,Isolados,110,51,508
4,60,0,Empiristas,115,62,587
4,60,1,Incrementalistas,115,32,586
4,60,2,Evolucionistas,115,28,591
4,60,3,Isolados,112,61,587
4,65,0,Empiristas,115,66,675
4,65,1,Incrementalistas,115,34,673
4,65,2,Evolucionistas,115,28,678
4,65,3,Isolados,115,65,673
4,70,0,Empiristas,115,72,772
4,70,1,Incrementalistas,115,37,770
4,70,2,Evolucionistas,115,29,774
4,70,3,Isolados,115,69,769
4,75,0,Empiristas,115,79,877
4,75,1,Incrementalistas,115,41,877
4,75,2,Evolucionistas,115,33,880
4,75,3,Isolados,115,70,873
4,80,0,Empiristas,115,85,995
4,80,1,Incrementalistas,115,44,992
4,80,2,Evolucionistas,115,36,998
4,80,3,Isolados,115,54,942
4,85,0,Empiristas,115,88,1125
4,85,1,Incrementalistas,115,48,1122
4,85,2,Evolucionistas,115,39,1126
4,85,3,Isolados,115,38,1005
4,90,0,Empiristas,115,90,1269
4,90,1,Incrementalistas,115,52,1267
4,90,2,Evolucionistas,115,43,1269
4,90,3,Isolados,115,41,1076
4,95,0,Empiristas,115,93,1426
4,95,1,Incrementalistas,115,56,1426
4,95,2,Evolucionistas,115,46,1428
4,95,3,Isolados,115,45,1156
4,100,0,Empiristas,115,98,1602
4,100,1,Incrementalistas,115,62,1599
4,100,2,Evolucionistas,115,53,1603
4,100,3,Isolados,115,46,1243
4,105,0,Empiristas,115,103,1794
4,105,1,Incrementalistas,115,62,1793
4,105,2,Evolucionistas,115,58,1795
4,105,3,Isolados,115,54,1339
4,110,0,Empiristas,115,105,2006
4,110,1,Incrementalistas,115,67,2005
4,110,2,Evolucionistas,115,61,2008
4,110,3,Isolados,115,58,1511
4,115,0,Empiristas,115,107,2240
4,115,1,Incrementalistas,115,72,2239
4,115,2,Evolucionistas,115,64,2242
4,115,3,Isolados,115,61,1744
4,120,0,Empiristas,115,109,2499
4,120,1,Incrementalistas,115,75,2497
4,120,2,Evolucionistas,115,69,2500
4,120,3,Isolados,115,71,2003
4,125,0,Empiristas,115,110,2784
4,125,1,Incrementalistas,115,80,2784
4,125,2,Evolucionistas,115,75,2784
4,125,3,Isolados,115,76,2290
4,130,0,Empiristas,115,112,3101
4,130,1,Incrementalistas,115,83,3099
4,130,2,Evolucionistas,115,79,3100
4,130,3,Isolados,115,83,2605
4,135,0,Empiristas,115,82,3379
4,135,1,Incrementalistas,115,86,3446
4,135,2,Evolucionistas,115,84,3448
4,135,3,Isolados,115,91,2955
4,140,0,Empiristas,115,89,3571
4,140,1,Incrementalistas,115,91,3832
4,140,2,Evolucionistas,115,90,3833
4,140,3,Isolados,115,97,3339
4,145,0,Empiristas,115,94,3784
4,145,1,Incrementalistas,115,92,4256
4,145,2,Evolucionistas,115,97,4257
4,145,3,Isolados,115,99,3765
4,150,0,Empiristas,115,71,4019
4,150,1,Incrementalistas,115,98,4724
4,150,2,Evolucionistas,115,99,4726
4,150,3,Isolados,115,103,4234
4,155,0,Empiristas,115,79,4276
4,155,1,Incrementalistas,115,99,5243
4,155,2,Evolucionistas,115,100,5242
4,155,3,Isolados,115,103,4752
4,160,0,Empiristas,115,85,4563
4,160,1,Incrementalistas,115,101,5815
4,160,2,Evolucionistas,115,104,5814
4,160,3,Isolados,115,107,5324
4,165,0,Empiristas,115,94,4879
4,165,1,Incrementalistas,115,104,6447
4,165,2,Evolucionistas,115,105,6444
4,165,3,Isolados,115,107,5956
4,170,0,Empiristas,115,101,5227
4,170,1,Incrementalistas,115,108,7144
4,170,2,Evolucionistas,115,106,7141
4,170,3,Isolados,115,109,6653
4,175,0,Empiristas,115,107,5921
4,175,1,Incrementalistas,115,109,7913
4,175,2,Evolucionistas,115,108,7911
4,175,3,Isolados,115,111,7421
4,180,0,Empiristas,115,112,6770
4,180,1,Incrementalistas,115,110,8762
4,180,2,Evolucionistas,115,109,8760
4,180,3,Isolados,115,114,8270
4,185,0,Empiristas,115,115,7708
4,185,1,Incrementalistas,115,112,9700
4,185,2,Evolucionistas,115,110,9696
4,185,3,Isolados,115,114,9208
4,190,0,Empiristas,115,116,8743
4,190,1,Incrementalistas,115,113,10736
4,190,2,Evolucionistas,115,110,10731
4,190,3,Isolados,115,114,10244
4,195,0,Empiristas,115,116,9884
4,195,1,Incrementalistas,115,113,11878
4,195,2,Evolucionistas,115,112,11873
4,195,3,Isolados,115,115,11387
4,200,0,Empiristas,115,116,11146
4,200,1,Incrementalistas,115,114,13141
4,200,2,Evolucionistas,115,112,13136
4,200,3,Isolados,115,116,12650
4,205,0,Empiristas,115,116,12539
4,205,1,Incrementalistas,115,116,14535
4,205,2,Evolucionistas,115,113,14529
4,205,3,Isolados,115,116,14043
4,210,0,Empiristas,115,116,14076
4,210,1,Incrementalistas,115,116,16072
4,210,2,Evolucionistas,115,113,16068
4,210,3,Isolados,115,116,15582
4,215,0,Empiristas,115,116,15772
4,215,1,Incrementalistas,115,116,17772
4,215,2,Evolucionistas,115,114,17765
4,215,3,Isolados,115,116,17281
4,220,0,Empiristas,115,116,17647
4,220,1,Incrementalistas,115,116,19647
4,220,2,Evolucionistas,115,115,19640
4,220,3,Isolados,115,116,19155
4,225,0,Empiristas,115,116,19716
4,225,1,Incrementalistas,115,116,21716
4,225,2,Evolucionistas,115,115,21710
4,225,3,Isolados,115,90,20593
4,230,0,Empiristas,115,116,22002
4,230,1,Incrementalistas,115,116,24002
4,230,2,Evolucionistas,115,115,23993
4,230,3,Isolados,115,107,21735
4,235,0,Empiristas,115,89,23981
4,235,1,Incrementalistas,115,116,26481
4,235,2,Evolucionistas,115,116,26472
4,235,3,Isolados,115,112,22974
4,240,0,Empiristas,115,104,25231
4,240,1,Incrementalistas,115,116,28981
4,240,2,Evolucionistas,115,78,28222
4,240,3,Isolados,115,114,24224
4,245,0,Empiristas,115,111,26481
4,245,1,Incrementalistas,115,116,31481
4,245,2,Evolucionistas,115,89,29472
4,245,3,Isolados,115,115,25474
4,250,0,Empiristas,115,113,27731
4,250,1,Incrementalistas,115,116,33981
4,250,2,Evolucionistas,115,101,30722
4,250,3,Isolados,115,116,27724
4,255,0,Empiristas,115,113,28981
4,255,1,Incrementalistas,115,116,36481
4,255,2,Evolucionistas,115,107,31972
4,255,3,Isolados,115,116,30224
4,260,0,Empiristas,115,115,30981
4,260,1,Incrementalistas,115,116,38981
4,260,2,Evolucionistas,115,109,33222
4,260,3,Isolados,115,116,32724
4,265,0,Empiristas,115,115,33481
4,265,1,Incrementalistas,115,116,41481
4,265,2,Evolucionistas,115,112,35472
4,265,3,Isolados,115,116,35224
4,270,0,Empiristas,115,116,35981
4,270,1,Incrementalistas,115,116,43981
4,270,2,Evolucionistas,115,114,37972
4,270,3,Isolados,115,116,37724
4,275,0,Empiristas,115,116,38481
4,275,1,Incrementalistas,115,116,46481
4,275,2,Evolucionistas,115,115,40472
4,275,3,Isolados,115,116,40224
4,280,0,Empiristas,115,116,40981
4,280,1,Incrementalistas,115,116,48981
4,280,2,Evolucionistas,115,115,42972
4,280,3,Isolados,115,116,42724
4,285,0,Empiristas,115,116,43481
4,285,1,Incrementalistas,115,116,51481
4,285,2,Evolucionistas,115,116,45472
4,285,3,Isolados,115,94,44224
4,290,0,Empiristas,115,116,45981
4,290,1,Incrementalistas,115,116,53981
4,290,2,Evolucionistas,115,116,47972
4,290,3,Isolados,115,105,45474
4,295,0,Empiristas,115,116,48481
4,295,1,Incrementalistas,115,116,56481
4,295,2,Evolucionistas,115,116,50472
4,295,3,Isolados,115,112,46724
4,300,0,Empiristas,115,116,50981
4,300,1,Incrementalistas,115,116,58981
4,300,2,Evolucionistas,115,116,52972
4,300,3,Isolados,115,113,47974
5,0,0,Empiristas,86,2,5
5,0,1,Incrementalistas,86,2,5
5,0,2,Evolucionistas,27,2,5
5,0,3,Isolados,63.3464,2,5
5,5,0,Empiristas,88.5662,5,32
5,5,1,Incrementalistas,92,6,30
5,5,2,Evolucionistas,92,5,32
5,5,3,Isolados,74.0199,5,31
5,10,0,Empiristas,95,14,61
5,10,1,Incrementalistas,95,10,59
5,10,2,Evolucionistas,95,8,60
5,10,3,Isolados,74.0199,9,59
5,15,0,Empiristas,95,18,94
5,15,1,Incrementalistas,95,13,91
5,15,2,Evolucionistas,95,13,93
5,15,3,Isolados,78,12,91
5,20,0,Empiristas,114,25,130
5,20,1,Incrementalistas,96,19,127
5,20,2,Evolucionistas,96,18,128
5,20,3,Isolados,78,13,128
5,25,0,Empiristas,114,35,169
5,25,1,Incrementalistas,114,23,167
5,25,2,Evolucionistas,96,20,168
5,25,3,Isolados,79.9245,16,168
5,30,0,Empiristas,115,40,211
5,30,1,Incrementalistas,114,27,212
5,30,2,Evolucionistas,114,24,211
5,30,3,Isolados,79.9245,18,213
5,35,0,Empiristas,115,44,259
5,35,1,Incrementalistas,115,30,258
5,35,2,Evolucionistas,115,28,258
5,35,3,Isolados,82.8641,19,262
5,40,0,Empiristas,115,49,311
5,40,1,Incrementalistas,115,32,312
5,40,2,Evolucionistas,115,31,312
5,40,3,Isolados,102.868,24,315
5,45,0,Empiristas,115,57,368
5,45,1,Incrementalistas,115,34,371
5,45,2,Evolucionistas,115,17,370
5,45,3,Isolados,108.346,25,372
5,50,0,Empiristas,115,43,419
5,50,1,Incrementalistas,115,37,435
5,50,2,Evolucionistas,115,25,403
5,50,3,Isolados,113,19,410
5,55,0,Empiristas,115,31,455
5,55,1,Incrementalistas,115,39,505
5,55,2,Evolucionistas,115,27,439
5,55,3,Isolados,114,22,445
5,60,0,Empiristas,115,36,494
5,60,1,Incrementalistas,115,40,585
5,60,2,Evolucionistas,115,29,478
5,60,3,Isolados,114,27,485
5,65,0,Empiristas,115,46,538
5,65,1,Incrementalistas,115,42,673
5,65,2,Evolucionistas,115,30,523
5,65,3,Isolados,114,23,528
5,70,0,Empiristas,115,50,586
5,70,1,Incrementalistas,115,45,768
5,70,2,Evolucionistas,115,23,571
5,70,3,Isolados,114,27,575
5,75,0,Empiristas,115,56,639
5,75,1,Incrementalistas,115,46,875
5,75,2,Evolucionistas,115,25,625
5,75,3,Isolados,114,30,628
5,80,0,Empiristas,115,62,734
5,80,1,Incrementalistas,115,49,992
5,80,2,Evolucionistas,115,30,685
5,80,3,Isolados,114,22,686
5,85,0,Empiristas,115,71,862
5,85,1,Incrementalistas,115,51,1122
5,85,2,Evolucionistas,115,33,750
5,85,3,Isolados,114,28,749
5,90,0,Empiristas,115,79,1004
5,90,1,Incrementalistas,115,51,1265
5,90,2,Evolucionistas,115,40,821
5,90,3,Isolados,115,32,820
5,95,0,Empiristas,115,85,1163
5,95,1,Incrementalistas,115,54,1421
5,95,2,Evolucionistas,115,47,978
5,95,3,Isolados,115,35,898
5,100,0,Empiristas,115,92,1337
5,100,1,Incrementalistas,115,57,1596
5,100,2,Evolucionistas,115,53,1153
5,100,3,Isolados,115,38,984
5,105,0,Empiristas,115,96,1530
5,105,1,Incrementalistas,115,61,1789
5,105,2,Evolucionistas,115,57,1345
5,105,3,Isolados,115,40,1120
5,110,0,Empiristas,115,99,1742
5,110,1,Incrementalistas,115,64,2003
5,110,2,Evolucionistas,115,64,1557
5,110,3,Isolados,115,51,1332
5,115,0,Empiristas,115,103,1976
5,115,1,Incrementalistas,115,68,2237
5,115,2,Evolucionistas,115,72,1792
5,115,3,Isolados,115,57,1566
5,120,0,Empiristas,115,104,2235
5,120,1,Incrementalistas,115,69,2496
5,120,2,Evolucionistas,115,72,2050
5,120,3,Isolados,115,65,1825
5,125,0,Empiristas,115,107,2520
5,125,1,Incrementalistas,115,71,2783
5,125,2,Evolucionistas,115,75,2335
5,125,3,Isolados,115,70,2111
5,130,0,Empiristas,115,110,2836
5,130,1,Incrementalistas,115,73,3098
5,130,2,Evolucionistas,115,80,2650
5,130,3,Isolados,115,78,2427
5,135,0,Empiristas,115,112,3184
5,135,1,Incrementalistas,115,74,3445
5,135,2,Evolucionistas,115,86,2999
5,135,3,Isolados,115,83,2776
5,140,0,Empiristas,115,113,3567
5,140,1,Incrementalistas,115,76,3829
5,140,2,Evolucionistas,115,88,3382
5,140,3,Isolados,115,85,3160
5,145,0,Empiristas,115,114,3993
5,145,1,Incrementalistas,115,81,4253
5,145,2,Evolucionistas,115,90,3806
5,145,3,Isolados,115,93,3584
5,150,0,Empiristas,115,114,4462
5,150,1,Incrementalistas,115,85,4721
5,150,2,Evolucionistas,115,91,4276
5,150,3,Isolados,115,98,4051
5,155,0,Empiristas,115,115,4979
5,155,1,Incrementalistas,115,88,5240
5,155,2,Evolucionistas,115,94,4794
5,155,3,Isolados,115,102,4569
5,160,0,Empiristas,115,115,5552
5,160,1,Incrementalistas,115,91,5812
5,160,2,Evolucionistas,115,99,5367
5,160,3,Isolados,115,104,5140
5,165,0,Empiristas,115,116,6184
5,165,1,Incrementalistas,115,95,6445
5,165,2,Evolucionistas,115,101,5997
5,165,3,Isolados,115,105,5771
5,170,0,Empiristas,115,116,6879
5,170,1,Incrementalistas,115,97,7142
5,170,2,Evolucionistas,115,72,6694
5,170,3,Isolados,115,107,6467
5,175,0,Empiristas,115,116,7649
5,175,1,Incrementalistas,115,101,7911
5,175,2,Evolucionistas,115,79,7078
5,175,3,Isolados,115,109,7237
5,180,0,Empiristas,115,116,8499
5,180,1,Incrementalistas,115,107,8761
5,180,2,Evolucionistas,115,86,7502
5,180,3,Isolados,115,114,8086
5,185,0,Empiristas,115,116,9436
5,185,1,Incrementalistas,115,110,9700
5,185,2,Evolucionistas,115,90,7972
5,185,3,Isolados,115,115,9024
5,190,0,Empiristas,115,116,10470
5,190,1,Incrementalistas,115,113,10735
5,190,2,Evolucionistas,115,97,8490
5,190,3,Isolados,115,115,10059
5,195,0,Empiristas,115,116,11613
5,195,1,Incrementalistas,115,114,11877
5,195,2,Evolucionistas,115,102,9180
5,195,3,Isolados,115,116,11202
5,200,0,Empiristas,115,116,12874
5,200,1,Incrementalistas,115,114,13138
5,200,2,Evolucionistas,115,103,10440
5,200,3,Isolados,115,116,12464
5,205,0,Empiristas,115,116,14267
5,205,1,Incrementalistas,115,115,14531
5,205,2,Evolucionistas,115,109,11832
5,205,3,Isolados,115,116,13857
5,210,0,Empiristas,115,116,15806
5,210,1,Incrementalistas,115,115,16070
5,210,2,Evolucionistas,115,83,12748
5,210,3,Isolados,115,116,15396
5,215,0,Empiristas,115,116,17504
5,215,1,Incrementalistas,115,115,17768
5,215,2,Evolucionistas,115,92,13597
5,215,3,Isolados,115,116,17095
5,220,0,Empiristas,115,116,19378
5,220,1,Incrementalistas,115,115,19642
5,220,2,Evolucionistas,115,101,14534
5,220,3,Isolados,115,116,18968
5,225,0,Empiristas,115,116,21447
5,225,1,Incrementalistas,115,115,21712
5,225,2,Evolucionistas,115,105,15570
5,225,3,Isolados,115,116,21038
5,230,0,Empiristas,115,116,23733
5,230,1,Incrementalistas,115,115,23998
5,230,2,Evolucionistas,115,107,16713
5,230,3,Isolados,115,116,23323
5,235,0,Empiristas,115,116,26213
5,235,1,Incrementalistas,115,115,26476
5,235,2,Evolucionistas,115,113,19192
5,235,3,Isolados,115,116,25803
5,240,0,Empiristas,115,116,28713
5,240,1,Incrementalistas,115,116,28976
5,240,2,Evolucionistas,115,113,21692
5,240,3,Isolados,115,116,28303
5,245,0,Empiristas,115,116,31213
5,245,1,Incrementalistas,115,116,31476
5,245,2,Evolucionistas,115,116,24192
5,245,3,Isolados,115,116,30803
5,250,0,Empiristas,115,116,33713
5,250,1,Incrementalistas,115,116,33976
5,250,2,Evolucionistas,115,116,26692
5,250,3,Isolados,115,116,33303
5,255,0,Empiristas,115,116,36213
5,255,1,Incrementalistas,115,95,35476
5,255,2,Evolucionistas,115,116,29192
5,255,3,Isolados,115,116,35803
5,260,0,Empiristas,115,116,38713
5,260,1,Incrementalistas,115,105,36726
5,260,2,Evolucionistas,115,116,31692
5,260,3,Isolados,115,116,38303
5,265,0,Empiristas,115,116,41213
5,265,1,Incrementalistas,115,111,37976
5,265,2,Evolucionistas,115,116,34192
5,265,3,Isolados,115,116,40803
5,270,0,Empiristas,115,116,43713
5,270,1,Incrementalistas,115,113,39226
5,270,2,Evolucionistas,115,116,36692
5,270,3,Isolados,115,116,43303
5,275,0,Empiristas,115,116,46213
5,275,1,Incrementalistas,115,114,40476
5,275,2,Evolucionistas,115,116,39192
5,275,3,Isolados,115,116,45803
5,280,0,Empiristas,115,116,48713
5,280,1,Incrementalistas,115,114,42976
5,280,2,Evolucionistas,115,116,41692
5,280,3,Isolados,115,116,48303
5,285,0,Empiristas,115,116,51213
5,285,1,Incrementalistas,115,114,45476
5,285,2,Evolucionistas,115,116,44192
5,285,3,Isolados,115,116,50803
5,290,0,Empiristas,115,116,53713
5,290,1,Incrementalistas,115,114,47976
5,290,2,Evolucionistas,115,116,46692
5,290,3,Isolados,115,116,53303
5,295,0,Empiristas,115,116,56213
5,295,1,Incrementalistas,115,115,50476
5,295,2,Evolucionistas,115,116,49192
5,295,3,Isolados,115,116,55803
5,300,0,Empiristas,115,116,58713
5,300,1,Incrementalistas,115,115,52976
5,300,2,Evolucionistas,115,116,51692
5,300,3,Isolados,115,116,58303
6,0,0,Empiristas,88,4,5
6,0,1,Incrementalistas,75.5226,1,5
6,0,2,Evolucionistas,47,2,5
6,0,3,Isolados,102,2,5
6,5,0,Empiristas,105.356,9,31
6,5,1,Incrementalistas,114,10,31
6,5,2,Evolucionistas,111.714,6,31
6,5,3,Isolados,111,8,31
6,10,0,Empiristas,115,14,60
6,10,1,Incrementalistas,115,19,61
6,10,2,Evolucionistas,115,12,60
6,10,3,Isolados,112,13,60
6,15,0,Empiristas,115,18,92
6,15,1,Incrementalistas,115,22,93
6,15,2,Evolucionistas,115,16,92
6,15,3,Isolados,114,18,91
6,20,0,Empiristas,115,25,128
6,20,1,Incrementalistas,115,23,129
6,20,2,Evolucionistas,115,21,126
6,20,3,Isolados,114,20,126
6,25,0,Empiristas,115,33,168
6,25,1,Incrementalistas,115,25,169
6,25,2,Evolucionistas,115,24,165
6,25,3,Isolados,114,23,166
6,30,0,Empiristas,115,42,213
6,30,1,Incrementalistas,115,27,214
6,30,2,Evolucionistas,115,29,210
6,30,3,Isolados,114,24,210
6,35,0,Empiristas,115,48,261
6,35,1,Incrementalistas,115,27,263
6,35,2,Evolucionistas,115,34,258
6,35,3,Isolados,114,25,257
6,40,0,Empiristas,115,52,315
6,40,1,Incrementalistas,115,30,315
6,40,2,Evolucionistas,115,36,312
6,40,3,Isolados,114,26,310
6,45,0,Empiristas,115,56,373
6,45,1,Incrementalistas,115,33,373
6,45,2,Evolucionistas,115,38,370
6,45,3,Isolados,114,28,369
6,50,0,Empiristas,115,65,438
6,50,1,Incrementalistas,115,35,437
6,50,2,Evolucionistas,115,42,434
6,50,3,Isolados,114,31,435
6,55,0,Empiristas,115,74,509
6,55,1,Incrementalistas,115,37,507
6,55,2,Evolucionistas,115,45,504
6,55,3,Isolados,115,34,506
6,60,0,Empiristas,115,76,586
6,60,1,Incrementalistas,115,40,585
6,60,2,Evolucionistas,115,46,583
6,60,3,Isolados,115,43,584
6,65,0,Empiristas,115,78,673
6,65,1,Incrementalistas,115,45,672
6,65,2,Evolucionistas,115,48,670
6,65,3,Isolados,115,46,671
6,70,0,Empiristas,115,82,769
6,70,1,Incrementalistas,115,48,768
6,70,2,Evolucionistas,115,51,767
6,70,3,Isolados,115,50,766
6,75,0,Empiristas,115,86,876
6,75,1,Incrementalistas,115,51,875
6,75,2,Evolucionistas,115,52,873
6,75,3,Isolados,115,50,871
6,80,0,Empiristas,115,90,994
6,80,1,Incrementalistas,115,56,992
6,80,2,Evolucionistas,115,55,989
6,80,3,Isolados,115,53,987
6,85,0,Empiristas,115,96,1125
6,85,1,Incrementalistas,115,57,1121
6,85,2,Evolucionistas,115,57,1120
6,85,3,Isolados,115,58,1116
6,90,0,Empiristas,115,99,1268
6,90,1,Incrementalistas,115,59,1264
6,90,2,Evolucionistas,115,59,1264
6,90,3,Isolados,115,61,1259
6,95,0,Empiristas,115,100,1425
6,95,1,Incrementalistas,115,61,1422
6,95,2,Evolucionistas,115,61,1423
6,95,3,Isolados,115,65,1417
6,100,0,Empiristas,115,101,1600
6,100,1,Incrementalistas,115,64,1595
6,100,2,Evolucionistas,115,62,1597
6,100,3,Isolados,115,68,1590
6,105,0,Empiristas,115,104,1791
6,105,1,Incrementalistas,115,68,1787
6,105,2,Evolucionistas,115,66,1791
6,105,3,Isolados,115,75,1782
6,110,0,Empiristas,115,107,2004
6,110,1,Incrementalistas,115,70,2000
6,110,2,Evolucionistas,115,71,2003
6,110,3,Isolados,115,77,1995
6,115,0,Empiristas,115,109,2239
6,115,1,Incrementalistas,115,73,2235
6,115,2,Evolucionistas,115,74,2237
6,115,3,Isolados,115,80,2230
6,120,0,Empiristas,115,109,2499
6,120,1,Incrementalistas,115,77,2494
6,120,2,Evolucionistas,115,79,2496
6,120,3,Isolados,115,81,2489
6,125,0,Empiristas,115,110,2786
6,125,1,Incrementalistas,115,79,2780
6,125,2,Evolucionistas,115,84,2781
6,125,3,Isolados,115,83,2775
6,130,0,Empiristas,115,111,3101
6,130,1,Incrementalistas,115,84,3094
6,130,2,Evolucionistas,115,89,3097
6,130,3,Isolados,115,87,3090
6,135,0,Empiristas,115,112,3449
6,135,1,Incrementalistas,115,88,3442
6,135,2,Evolucionistas,115,92,3444
6,135,3,Isolados,115,88,3436
6,140,0,Empiristas,115,113,3834
6,140,1,Incrementalistas,115,93,3826
6,140,2,Evolucionistas,115,94,3828
6,140,3,Isolados,115,90,3820
6,145,0,Empiristas,115,113,4259
6,145,1,Incrementalistas,115,96,4252
6,145,2,Evolucionistas,115,95,4254
6,145,3,Isolados,115,100,4244
6,150,0,Empiristas,115,114,4728
6,150,1,Incrementalistas,115,101,4721
6,150,2,Evolucionistas,115,95,4722
6,150,3,Isolados,115,105,4712
6,155,0,Empiristas,115,114,5244
6,155,1,Incrementalistas,115,101,5240
6,155,2,Evolucionistas,115,96,5240
6,155,3,Isolados,115,105,5228
6,160,0,Empiristas,115,115,5816
6,160,1,Incrementalistas,115,102,5811
6,160,2,Evolucionistas,115,99,5812
6,160,3,Isolados,115,106,5799
6,165,0,Empiristas,115,116,6447
6,165,1,Incrementalistas,115,103,6441
6,165,2,Evolucionistas,115,103,6441
6,165,3,Isolados,115,109,6432
6,170,0,Empiristas,115,116,7144
6,170,1,Incrementalistas,115,104,7137
6,170,2,Evolucionistas,115,105,7139
6,170,3,Isolados,115,112,7130
6,175,0,Empiristas,115,116,7914
6,175,1,Incrementalistas,115,106,7906
6,175,2,Evolucionistas,115,109,7908
6,175,3,Isolados,115,113,7898
6,180,0,Empiristas,115,116,8763
6,180,1,Incrementalistas,115,106,8754
6,180,2,Evolucionistas,115,114,8757
6,180,3,Isolados,115,114,8746
6,185,0,Empiristas,115,116,9700
6,185,1,Incrementalistas,115,109,9691
6,185,2,Evolucionistas,115,114,9694
6,185,3,Isolados,115,114,9683
6,190,0,Empiristas,115,116,10736
6,190,1,Incrementalistas,115,112,10726
6,190,2,Evolucionistas,115,114,10730
6,190,3,Isolados,115,115,10718
6,195,0,Empiristas,115,116,11879
6,195,1,Incrementalistas,115,112,11870
6,195,2,Evolucionistas,115,114,11874
6,195,3,Isolados,115,115,11860
6,200,0,Empiristas,115,116,13140
6,200,1,Incrementalistas,115,112,13130
6,200,2,Evolucionistas,115,114,13135
6,200,3,Isolados,115,115,13121
6,205,0,Empiristas,115,116,14532
6,205,1,Incrementalistas,115,112,14524
6,205,2,Evolucionistas,115,115,14529
6,205,3,Isolados,115,115,14514
6,210,0,Empiristas,115,116,16071
6,210,1,Incrementalistas,115,112,16063
6,210,2,Evolucionistas,115,115,16068
6,210,3,Isolados,115,115,16051
6,215,0,Empiristas,115,116,17769
6,215,1,Incrementalistas,115,113,17762
6,215,2,Evolucionistas,115,115,17766
6,215,3,Isolados,115,116,17750
6,220,0,Empiristas,115,116,19645
6,220,1,Incrementalistas,115,113,19637
6,220,2,Evolucionistas,115,115,19639
6,220,3,Isolados,115,116,19624
6,225,0,Empiristas,115,116,21716
6,225,1,Incrementalistas,115,114,21706
6,225,2,Evolucionistas,115,115,21709
6,225,3,Isolados,115,116,21694
6,230,0,Empiristas,115,116,24003
6,230,1,Incrementalistas,115,115,23993
6,230,2,Evolucionistas,115,116,23994
6,230,3,Isolados,115,116,23979
6,235,0,Empiristas,115,116,26481
6,235,1,Incrementalistas,115,115,26472
6,235,2,Evolucionistas,115,116,26474
6,235,3,Isolados,115,116,26458
6,240,0,Empiristas,115,116,28981
6,240,1,Incrementalistas,115,115,28972
6,240,2,Evolucionistas,115,116,28974
6,240,3,Isolados,115,116,28958
6,245,0,Empiristas,115,116,31481
6,245,1,Incrementalistas,115,115,31472
6,245,2,Evolucionistas,115,116,31474
6,245,3,Isolados,115,116,31458
6,250,0,Empiristas,115,116,33981
6,250,1,Incrementalistas,115,115,33972
6,250,2,Evolucionistas,115,116,33974
6,250,3,Isolados,115,116,33958
6,255,0,Empiristas,115,116,36481
6,255,1,Incrementalistas,115,115,36472
6,255,2,Evolucionistas,115,116,36474
6,255,3,Isolados,115,116,36458
6,260,0,Empiristas,115,116,38981
6,260,1,Incrementalistas,115,115,38972
6,260,2,Evolucionistas,115,116,38974
6,260,3,Isolados,115,116,38958
6,265,0,Empiristas,115,106,40481
6,265,1,Incrementalistas,115,115,41472
6,265,2,Evolucionistas,115,116,41474
6,265,3,Isolados,115,116,41458
6,270,0,Empiristas,115,115,41731
6,270,1,Incrementalistas,115,115,43972
6,270,2,Evolucionistas,115,116,43974
6,270,3,Isolados,115,116,43958
6,275,0,Empiristas,115,116,42981
6,275,1,Incrementalistas,115,115,46472
6,275,2,Evolucionistas,115,116,46474
6,275,3,Isolados,115,116,46458
6,280,0,Empiristas,115,116,44231
6,280,1,Incrementalistas,115,115,48972
6,280,2,Evolucionistas,115,116,48974
6,280,3,Isolados,115,116,48958
6,285,0,Empiristas,115,116,45481
6,285,1,Incrementalistas,115,115,51472
6,285,2,Evolucionistas,115,116,51474
6,285,3,Isolados,115,116,51458
6,290,0,Empiristas,115,116,47981
6,290,1,Incrementalistas,115,116,53972
6,290,2,Evolucionistas,115,116,53974
6,290,3,Isolados,115,116,53958
6,295,0,Empiristas,115,116,50481
6,295,1,Incrementalistas,115,116,56472
6,295,2,Evolucionistas,115,116,56474
6,295,3,Isolados,115,116,56458
6,300,0,Empiristas,115,116,52981
6,300,1,Incrementalistas,115,116,58972
6,300,2,Evolucionistas,115,116,58974
6,300,3,Isolados,115,116,58958
7,0,0,Empiristas,74.5128,2,5
7,0,1,Incrementalistas,72.9749,2,5
7,0,2,Evolucionistas,6,2,5
7,0,3,Isolados,97.4222,1,5
7,5,0,Empiristas,79,8,32
7,5,1,Incrementalistas,83.9961,3,31
7,5,2,Evolucionistas,80.6984,6,31
7,5,3,Isolados,113,3,32
7,10,0,Empiristas,84.6315,9,60
7,10,1,Incrementalistas,84.6315,7,61
7,10,2,Evolucionistas,84.6315,7,60
7,10,3,Isolados,114,10,62
7,15,0,Empiristas,114,13,92
7,15,1,Incrementalistas,90,12,93
7,15,2,Evolucionistas,90,10,91
7,15,3,Isolados,114,13,93
7,20,0,Empiristas,114,18,128
7,20,1,Incrementalistas,90,13,129
7,20,2,Evolucionistas,114,15,126
7,20,3,Isolados,114,14,130
7,25,0,Empiristas,114,28,167
7,25,1,Incrementalistas,114,16,169
7,25,2,Evolucionistas,114,19,164
7,25,3,Isolados,114,17,168
7,30,0,Empiristas,114,34,210
7,30,1,Incrementalistas,114,18,212
7,30,2,Evolucionistas,114,22,206
7,30,3,Isolados,114,19,210
7,35,0,Empiristas,114,41,257
7,35,1,Incrementalistas,114,21,262
7,35,2,Evolucionistas,114,24,254
7,35,3,Isolados,115,24,258
7,40,0,Empiristas,114,52,308
7,40,1,Incrementalistas,115,24,316
7,40,2,Evolucionistas,114,25,307
7,40,3,Isolados,115,24,312
7,45,0,Empiristas,115,58,367
7,45,1,Incrementalistas,115,25,374
7,45,2,Evolucionistas,115,29,366
7,45,3,Isolados,115,25,372
7,50,0,Empiristas,115,66,433
7,50,1,Incrementalistas,115,26,437
7,50,2,Evolucionistas,115,35,430
7,50,3,Isolados,115,29,437
7,55,0,Empiristas,115,71,505
7,55,1,Incrementalistas,115,27,508
7,55,2,Evolucionistas,115,37,501
7,55,3,Isolados,115,35,509
7,60,0,Empiristas,115,73,583
7,60,1,Incrementalistas,115,30,586
7,60,2,Evolucionistas,115,42,579
7,60,3,Isolados,115,37,587
7,65,0,Empiristas,115,78,671
7,65,1,Incrementalistas,115,32,673
7,65,2,Evolucionistas,115,35,648
7,65,3,Isolados,115,38,674
7,70,0,Empiristas,115,79,767
7,70,1,Incrementalistas,115,33,769
7,70,2,Evolucionistas,115,37,694
7,70,3,Isolados,115,40,768
7,75,0,Empiristas,115,82,874
7,75,1,Incrementalistas,115,34,875
7,75,2,Evolucionistas,115,39,749
7,75,3,Isolados,115,31,831
7,80,0,Empiristas,115,84,992
7,80,1,Incrementalistas,115,36,993
7,80,2,Evolucionistas,115,42,809
7,80,3,Isolados,115,36,889
7,85,0,Empiristas,115,91,1120
7,85,1,Incrementalistas,115,45,1123
7,85,2,Evolucionistas,115,44,873
7,85,3,Isolados,115,39,954
7,90,0,Empiristas,115,94,1263
7,90,1,Incrementalistas,115,48,1266
7,90,2,Evolucionistas,115,45,988
7,90,3,Isolados,115,40,1027
7,95,0,Empiristas,115,96,1420
7,95,1,Incrementalistas,115,54,1424
7,95,2,Evolucionistas,115,51,1146
7,95,3,Isolados,115,43,1108
7,100,0,Empiristas,115,99,1595
7,100,1,Incrementalistas,115,57,1599
7,100,2,Evolucionistas,115,55,1320
7,100,3,Isolados,115,48,1281
7,105,0,Empiristas,115,101,1788
7,105,1,Incrementalistas,115,59,1792
7,105,2,Evolucionistas,115,58,1512
7,105,3,Isolados,115,53,1473
7,110,0,Empiristas,115,104,2002
7,110,1,Incrementalistas,115,62,2005
7,110,2,Evolucionistas,115,64,1723
7,110,3,Isolados,115,61,1685
7,115,0,Empiristas,115,106,2236
7,115,1,Incrementalistas,115,64,2239
7,115,2,Evolucionistas,115,65,1958
7,115,3,Isolados,115,66,1919
7,120,0,Empiristas,115,107,2496
7,120,1,Incrementalistas,115,65,2496
7,120,2,Evolucionistas,115,69,2217
7,120,3,Isolados,115,71,2177
7,125,0,Empiristas,115,111,2781
7,125,1,Incrementalistas,115,68,2782
7,125,2,Evolucionistas,115,70,2502
7,125,3,Isolados,115,77,2462
7,130,0,Empiristas,115,112,3096
7,130,1,Incrementalistas,115,71,3096
7,130,2,Evolucionistas,115,75,2818
7,130,3,Isolados,115,82,2777
7,135,0,Empiristas,115,112,3444
7,135,1,Incrementalistas,115,74,3445
7,135,2,Evolucionistas,115,80,3166
7,135,3,Isolados,115,88,3126
7,140,0,Empiristas,115,112,3829
7,140,1,Incrementalistas,115,75,3830
7,140,2,Evolucionistas,115,83,3551
7,140,3,Isolados,115,61,3432
7,145,0,Empiristas,115,112,4252
7,145,1,Incrementalistas,115,76,4253
7,145,2,Evolucionistas,115,86,3976
7,145,3,Isolados,115,65,3645
7,150,0,Empiristas,115,114,4722
7,150,1,Incrementalistas,115,54,4671
7,150,2,Evolucionistas,115,92,4444
7,150,3,Isolados,115,70,3879
7,155,0,Empiristas,115,114,5240
7,155,1,Incrementalistas,115,63,4931
7,155,2,Evolucionistas,115,98,4960
7,155,3,Isolados,115,81,4137
7,160,0,Empiristas,115,114,5812
7,160,1,Incrementalistas,115,69,5216
7,160,2,Evolucionistas,115,102,5531
7,160,3,Isolados,115,87,4425
7,165,0,Empiristas,115,114,6443
7,165,1,Incrementalistas,115,77,5532
7,165,2,Evolucionistas,115,104,6163
7,165,3,Isolados,115,95,4934
7,170,0,Empiristas,115,114,7140
7,170,1,Incrementalistas,115,82,5880
7,170,2,Evolucionistas,115,106,6859
7,170,3,Isolados,115,102,5631
7,175,0,Empiristas,115,114,7909
7,175,1,Incrementalistas,115,90,6422
7,175,2,Evolucionistas,115,109,7627
7,175,3,Isolados,115,108,6400
7,180,0,Empiristas,115,114,8757
7,180,1,Incrementalistas,115,92,7270
7,180,2,Evolucionistas,115,111,8477
7,180,3,Isolados,115,112,7249
7,185,0,Empiristas,115,115,9695
7,185,1,Incrementalistas,115,96,8207
7,185,2,Evolucionistas,115,113,9414
7,185,3,Isolados,115,112,8186
7,190,0,Empiristas,115,115,10730
7,190,1,Incrementalistas,115,101,9243
7,190,2,Evolucionistas,115,113,10450
7,190,3,Isolados,115,114,9221
7,195,0,Empiristas,115,115,11872
7,195,1,Incrementalistas,115,104,10386
7,195,2,Evolucionistas,115,114,11594
7,195,3,Isolados,115,114,10363
7,200,0,Empiristas,115,115,13133
7,200,1,Incrementalistas,115,106,11648
7,200,2,Evolucionistas,115,116,12856
7,200,3,Isolados,115,115,11625
7,205,0,Empiristas,115,116,14525
7,205,1,Incrementalistas,115,110,13043
7,205,2,Evolucionistas,115,116,14250
7,205,3,Isolados,115,115,13017
7,210,0,Empiristas,115,116,16063
7,210,1,Incrementalistas,115,111,14579
7,210,2,Evolucionistas,115,116,15787
7,210,3,Isolados,115,116,14556
7,215,0,Empiristas,115,116,17761
7,215,1,Incrementalistas,115,114,16277
7,215,2,Evolucionistas,115,116,17485
7,215,3,Isolados,115,116,16255
7,220,0,Empiristas,115,116,19636
7,220,1,Incrementalistas,115,115,18153
7,220,2,Evolucionistas,115,116,19360
7,220,3,Isolados,115,116,18129
7,225,0,Empiristas,115,116,21705
7,225,1,Incrementalistas,115,115,20223
7,225,2,Evolucionistas,115,116,21430
7,225,3,Isolados,115,116,20200
7,230,0,Empiristas,115,116,23991
7,230,1,Incrementalistas,115,115,22509
7,230,2,Evolucionistas,115,116,23716
7,230,3,Isolados,115,116,22485
7,235,0,Empiristas,115,116,26469
7,235,1,Incrementalistas,115,116,24989
7,235,2,Evolucionistas,115,116,26194
7,235,3,Isolados,115,116,24964
7,240,0,Empiristas,115,116,28969
7,240,1,Incrementalistas,115,116,27489
7,240,2,Evolucionistas,115,116,28694
7,240,3,Isolados,115,116,27464
7,245,0,Empiristas,115,116,31469
7,245,1,Incrementalistas,115,116,29989
7,245,2,Evolucionistas,115,116,31194
7,245,3,Isolados,115,116,29964
7,250,0,Empiristas,115,116,33969
7,250,1,Incrementalistas,115,116,32489
7,250,2,Evolucionistas,115,116,33694
7,250,3,Isolados,115,116,32464
7,255,0,Empiristas,115,116,36469
7,255,1,Incrementalistas,115,116,34989
7,255,2,Evolucionistas,115,116,36194
7,255,3,Isolados,115,116,34964
7,260,0,Empiristas,115,116,38969
7,260,1,Incrementalistas,115,116,37489
7,260,2,Evolucionistas,115,116,38694
7,260,3,Isolados,115,116,37464
7,265,0,Empiristas,115,116,41469
7,265,1,Incrementalistas,115,116,39989
7,265,2,Evolucionistas,115,116,41194
7,265,3,Isolados,115,116,39964
7,270,0,Empiristas,115,116,43969
7,270,1,Incrementalistas,115,116,42489
7,270,2,Evolucionistas,115,116,43694
7,270,3,Isolados,115,116,42464
7,275,0,Empiristas,115,116,46469
7,275,1,Incrementalistas,115,116,44989
7,275,2,Evolucionistas,115,116,46194
7,275,3,Isolados,115,116,44964
7,280,0,Empiristas,115,116,48969
7,280,1,Incrementalistas,115,116,47489
7,280,2,Evolucionistas,115,116,48694
7,280,3,Isolados,115,116,47464
7,285,0,Empiristas,115,116,51469
7,285,1,Incrementalistas,115,116,49989
7,285,2,Evolucionistas,115,116,51194
7,285,3,Isolados,115,116,49964
7,290,0,Empiristas,115,116,53969
7,290,1,Incrementalistas,115,116,52489
7,290,2,Evolucionistas,115,116,53694
7,290,3,Isolados,115,116,52464
7,295,0,Empiristas,115,116,56469
7,295,1,Incrementalistas,115,116,54989
7,295,2,Evolucionistas,115,116,56194
7,295,3,Isolados,115,116,54964
7,300,0,Empiristas,115,116,58969
7,300,1,Incrementalistas,115,116,57489
7,300,2,Evolucionistas,115,116,58694
7,300,3,Isolados,115,116,57464
8,0,0,Empiristas,50,4,5
8,0,1,Incrementalistas,46.808,1,5
8,0,2,Evolucionistas,6.03235,2,5
8,0,3,Isolados,16.9845,1,5
8,5,0,Empiristas,78.6329,8,33
8,5,1,Incrementalistas,52.3842,1,33
8,5,2,Evolucionistas,111,8,31
8,5,3,Isolados,63.4089,2,30
8,10,0,Empiristas,114,15,63
8,10,1,Incrementalistas,54.3842,1,62
8,10,2,Evolucionistas,114,15,61
8,10,3,Isolados,73.8236,6,60
8,15,0,Empiristas,114,23,95
8,15,1,Incrementalistas,114,5,95
8,15,2,Evolucionistas,114,20,93
8,15,3,Isolados,102.588,11,94
8,20,0,Empiristas,114,26,130
8,20,1,Incrementalistas,114,8,130
8,20,2,Evolucionistas,114,25,129
8,20,3,Isolados,108.55,16,130
8,25,0,Empiristas,114,32,169
8,25,1,Incrementalistas,114,16,170
8,25,2,Evolucionistas,114,29,168
8,25,3,Isolados,111.989,19,170
8,30,0,Empiristas,114,39,212
8,30,1,Incrementalistas,114,23,213
8,30,2,Evolucionistas,114,31,212
8,30,3,Isolados,114,23,214
8,35,0,Empiristas,115,44,259
8,35,1,Incrementalistas,114,24,262
8,35,2,Evolucionistas,114,32,259
8,35,3,Isolados,114,27,263
8,40,0,Empiristas,115,52,311
8,40,1,Incrementalistas,115,26,314
8,40,2,Evolucionistas,114,37,313
8,40,3,Isolados,115,31,317
8,45,0,Empiristas,115,55,369
8,45,1,Incrementalistas,115,28,372
8,45,2,Evolucionistas,115,39,371
8,45,3,Isolados,115,33,377
8,50,0,Empiristas,115,63,435
8,50,1,Incrementalistas,115,29,437
8,50,2,Evolucionistas,115,41,436
8,50,3,Isolados,115,37,441
8,55,0,Empiristas,115,66,507
8,55,1,Incrementalistas,115,30,509
8,55,2,Evolucionistas,115,43,508
8,55,3,Isolados,115,43,513
8,60,0,Empiristas,115,72,587
8,60,1,Incrementalistas,115,32,588
8,60,2,Evolucionistas,115,44,586
8,60,3,Isolados,115,45,593
8,65,0,Empiristas,115,73,674
8,65,1,Incrementalistas,115,39,675
8,65,2,Evolucionistas,115,47,674
8,65,3,Isolados,115,48,680
8,70,0,Empiristas,115,77,771
8,70,1,Incrementalistas,115,46,773
8,70,2,Evolucionistas,115,48,771
8,70,3,Isolados,115,49,777
8,75,0,Empiristas,115,81,877
8,75,1,Incrementalistas,115,47,878
8,75,2,Evolucionistas,115,52,875
8,75,3,Isolados,115,51,884
8,80,0,Empiristas,115,87,996
8,80,1,Incrementalistas,115,51,994
8,80,2,Evolucionistas,115,55,993
8,80,3,Isolados,115,55,1001
8,85,0,Empiristas,115,89,1126
8,85,1,Incrementalistas,115,53,1124
8,85,2,Evolucionistas,115,56,1124
8,85,3,Isolados,115,60,1130
8,90,0,Empiristas,115,92,1270
8,90,1,Incrementalistas,115,57,1266
8,90,2,Evolucionistas,115,61,1266
8,90,3,Isolados,115,64,1274
8,95,0,Empiristas,115,94,1428
8,95,1,Incrementalistas,115,60,1423
8,95,2,Evolucionistas,115,62,1423
8,95,3,Isolados,115,68,1433
8,100,0,Empiristas,115,99,1601
8,100,1,Incrementalistas,115,67,1597
8,100,2,Evolucionistas,115,64,1597
8,100,3,Isolados,115,70,1607
8,105,0,Empiristas,115,102,1793
8,105,1,Incrementalistas,115,69,1789
8,105,2,Evolucionistas,115,67,1790
8,105,3,Isolados,115,74,1800
8,110,0,Empiristas,115,104,2005
8,110,1,Incrementalistas,115,71,2001
8,110,2,Evolucionistas,115,73,2002
8,110,3,Isolados,115,55,1971
8,115,0,Empiristas,115,73,2215
8,115,1,Incrementalistas,115,75,2236
8,115,2,Evolucionistas,115,74,2237
8,115,3,Isolados,115,57,2087
8,120,0,Empiristas,115,83,2343
8,120,1,Incrementalistas,115,79,2494
8,120,2,Evolucionistas,115,76,2496
8,120,3,Isolados,115,63,2217
8,125,0,Empiristas,115,88,2486
8,125,1,Incrementalistas,115,83,2780
8,125,2,Evolucionistas,115,82,2781
8,125,3,Isolados,115,66,2360
8,130,0,Empiristas,115,93,2643
8,130,1,Incrementalistas,115,86,3097
8,130,2,Evolucionistas,115,86,3098
8,130,3,Isolados,115,71,2518
8,135,0,Empiristas,115,96,2817
8,135,1,Incrementalistas,115,88,3445
8,135,2,Evolucionistas,115,64,3409
8,135,3,Isolados,115,77,2799
8,140,0,Empiristas,115,100,3087
8,140,1,Incrementalistas,115,88,3831
8,140,2,Evolucionistas,115,66,3602
8,140,3,Isolados,115,85,3183
8,145,0,Empiristas,115,105,3512
8,145,1,Incrementalistas,115,95,4255
8,145,2,Evolucionistas,115,71,3815
8,145,3,Isolados,115,91,3608
8,150,0,Empiristas,115,108,3980
8,150,1,Incrementalistas,115,100,4725
8,150,2,Evolucionistas,115,76,4050
8,150,3,Isolados,115,95,4076
8,155,0,Empiristas,115,108,4497
8,155,1,Incrementalistas,115,101,5243
8,155,2,Evolucionistas,115,54,4309
8,155,3,Isolados,115,102,4593
8,160,0,Empiristas,115,112,5068
8,160,1,Incrementalistas,115,102,5813
8,160,2,Evolucionistas,115,56,4595
8,160,3,Isolados,115,106,5164
8,165,0,Empiristas,115,112,5699
8,165,1,Incrementalistas,115,105,6445
8,165,2,Evolucionistas,115,64,4912
8,165,3,Isolados,115,107,5795
8,170,0,Empiristas,115,112,6397
8,170,1,Incrementalistas,115,105,7142
8,170,2,Evolucionistas,115,69,5259
8,170,3,Isolados,115,108,6491
8,175,0,Empiristas,115,112,7165
8,175,1,Incrementalistas,115,108,7912
8,175,2,Evolucionistas,115,79,5645
8,175,3,Isolados,115,109,7258
8,180,0,Empiristas,115,113,8013
8,180,1,Incrementalistas,115,109,8761
8,180,2,Evolucionistas,115,86,6330
8,180,3,Isolados,115,112,8106
8,185,0,Empiristas,115,115,8950
8,185,1,Incrementalistas,115,109,9699
8,185,2,Evolucionistas,115,96,7268
8,185,3,Isolados,115,113,9044
8,190,0,Empiristas,115,115,9985
8,190,1,Incrementalistas,115,109,10735
8,190,2,Evolucionistas,115,98,8303
8,190,3,Isolados,115,114,10079
8,195,0,Empiristas,115,115,11127
8,195,1,Incrementalistas,115,109,11878
8,195,2,Evolucionistas,115,107,9446
8,195,3,Isolados,115,114,11222
8,200,0,Empiristas,115,115,12387
8,200,1,Incrementalistas,115,110,13141
8,200,2,Evolucionistas,115,110,10706
8,200,3,Isolados,115,115,12482
8,205,0,Empiristas,115,115,13778
8,205,1,Incrementalistas,115,111,14534
8,205,2,Evolucionistas,115,112,12098
8,205,3,Isolados,115,115,13876
8,210,0,Empiristas,115,115,15316
8,210,1,Incrementalistas,115,112,16074
8,210,2,Evolucionistas,115,115,13637
8,210,3,Isolados,115,115,15415
8,215,0,Empiristas,115,115,17013
8,215,1,Incrementalistas,115,112,17771
8,215,2,Evolucionistas,115,115,15335
8,215,3,Isolados,115,115,17114
8,220,0,Empiristas,115,115,18886
8,220,1,Incrementalistas,115,112,19646
8,220,2,Evolucionistas,115,115,17209
8,220,3,Isolados,115,116,18989
8,225,0,Empiristas,115,115,20956
8,225,1,Incrementalistas,115,112,21715
8,225,2,Evolucionistas,115,116,19280
8,225,3,Isolados,115,116,21058
8,230,0,Empiristas,115,115,23241
8,230,1,Incrementalistas,115,112,24000
8,230,2,Evolucionistas,115,116,21566
8,230,3,Isolados,115,116,23343
8,235,0,Empiristas,115,115,25720
8,235,1,Incrementalistas,115,112,26480
8,235,2,Evolucionistas,115,116,24045
8,235,3,Isolados,115,116,25823
8,240,0,Empiristas,115,115,28220
8,240,1,Incrementalistas,115,112,28980
8,240,2,Evolucionistas,115,116,26545
8,240,3,Isolados,115,116,28323
8,245,0,Empiristas,115,115,30720
8,245,1,Incrementalistas,115,113,31480
8,245,2,Evolucionistas,115,116,29045
8,245,3,Isolados,115,116,30823
8,250,0,Empiristas,115,115,33220
8,250,1,Incrementalistas,115,114,33980
8,250,2,Evolucionistas,115,116,31545
8,250,3,Isolados,115,116,33323
8,255,0,Empiristas,115,115,35720
8,255,1,Incrementalistas,115,114,36480
8,255,2,Evolucionistas,115,116,34045
8,255,3,Isolados,115,116,35823
8,260,0,Empiristas,115,115,38220
8,260,1,Incrementalistas,115,114,38980
8,260,2,Evolucionistas,115,116,36545
8,260,3,Isolados,115,116,38323
8,265,0,Empiristas,115,115,40720
8,265,1,Incrementalistas,115,114,41480
8,265,2,Evolucionistas,115,116,39045
8,265,3,Isolados,115,116,40823
8,270,0,Empiristas,115,115,43220
8,270,1,Incrementalistas,115,115,43980
8,270,2,Evolucionistas,115,116,41545
8,270,3,Isolados,115,116,43323
8,275,0,Empiristas,115,115,45720
8,275,1,Incrementalistas,115,115,46480
8,275,2,Evolucionistas,115,116,44045
8,275,3,Isolados,115,116,45823
8,280,0,Empiristas,115,115,48220
8,280,1,Incrementalistas,115,115,48980
8,280,2,Evolucionistas,115,116,46545
8,280,3,Isolados,115,116,48323
8,285,0,Empiristas,115,115,50720
8,285,1,Incrementalistas,115,115,51480
8,285,2,Evolucionistas,115,116,49045
8,285,3,Isolados,115,116,50823
8,290,0,Empiristas,115,115,53220
8,290,1,Incrementalistas,115,115,53980
8,290,2,Evolucionistas,115,116,51545
8,290,3,Isolados,115,116,53323
8,295,0,Empiristas,115,115,55720
8,295,1,Incrementalistas,115,115,56480
8,295,2,Evolucionistas,115,116,54045
8,295,3,Isolados,115,116,55823
8,300,0,Empiristas,115,115,58220
8,300,1,Incrementalistas,115,115,58980
8,300,2,Evolucionistas,115,116,56545
8,300,3,Isolados,115,116,58323
9,0,0,Empiristas,60,2,5
9,0,1,Incrementalistas,107,4,5
9,0,2,Evolucionistas,48,1,5
9,0,3,Isolados,95.7755,2,5
9,5,0,Empiristas,76.0884,7,31
9,5,1,Incrementalistas,113,10,31
9,5,2,Evolucionistas,51.9002,7,31
9,5,3,Isolados,107,5,32
9,10,0,Empiristas,97.7771,13,60
9,10,1,Incrementalistas,115,13,60
9,10,2,Evolucionistas,51.9002,8,60
9,10,3,Isolados,107,7,62
9,15,0,Empiristas,112,17,94
9,15,1,Incrementalistas,115,16,91
9,15,2,Evolucionistas,115,14,92
9,15,3,Isolados,107,7,92
9,20,0,Empiristas,114,24,129
9,20,1,Incrementalistas,115,16,126
9,20,2,Evolucionistas,115,17,127
9,20,3,Isolados,108,14,127
9,25,0,Empiristas,115,32,170
9,25,1,Incrementalistas,115,16,166
9,25,2,Evolucionistas,115,23,167
9,25,3,Isolados,108,18,167
9,30,0,Empiristas,115,38,213
9,30,1,Incrementalistas,115,18,209
9,30,2,Evolucionistas,115,28,211
9,30,3,Isolados,112,25,211
9,35,0,Empiristas,115,43,262
9,35,1,Incrementalistas,115,22,257
9,35,2,Evolucionistas,115,31,261
9,35,3,Isolados,112,30,259
9,40,0,Empiristas,115,49,316
9,40,1,Incrementalistas,115,24,310
9,40,2,Evolucionistas,115,33,314
9,40,3,Isolados,113,32,311
9,45,0,Empiristas,115,53,374
9,45,1,Incrementalistas,115,24,369
9,45,2,Evolucionistas,115,33,373
9,45,3,Isolados,114,36,369
9,50,0,Empiristas,115,56,440
9,50,1,Incrementalistas,115,26,433
9,50,2,Evolucionistas,115,34,439
9,50,3,Isolados,114,39,433
9,55,0,Empiristas,115,60,512
9,55,1,Incrementalistas,115,26,506
9,55,2,Evolucionistas,115,39,510
9,55,3,Isolados,114,41,505
9,60,0,Empiristas,115,64,591
9,60,1,Incrementalistas,115,30,585
9,60,2,Evolucionistas,115,47,590
9,60,3,Isolados,115,47,585
9,65,0,Empiristas,115,66,677
9,65,1,Incrementalistas,115,33,673
9,65,2,Evolucionistas,115,52,678
9,65,3,Isolados,115,49,672
9,70,0,Empiristas,115,67,773
9,70,1,Incrementalistas,115,36,769
9,70,2,Evolucionistas,115,52,776
9,70,3,Isolados,115,53,768
9,75,0,Empiristas,115,73,878
9,75,1,Incrementalistas,115,42,875
9,75,2,Evolucionistas,115,54,881
9,75,3,Isolados,115,60,874
9,80,0,Empiristas,115,78,994
9,80,1,Incrementalistas,115,46,994
9,80,2,Evolucionistas,115,57,1000
9,80,3,Isolados,115,65,992
9,85,0,Empiristas,115,85,1124
9,85,1,Incrementalistas,115,47,1123
9,85,2,Evolucionistas,115,61,1131
9,85,3,Isolados,115,70,1121
9,90,0,Empiristas,115,91,1266
9,90,1,Incrementalistas,115,51,1268
9,90,2,Evolucionistas,115,65,1273
9,90,3,Isolados,115,72,1264
9,95,0,Empiristas,115,96,1425
9,95,1,Incrementalistas,115,52,1426
9,95,2,Evolucionistas,115,70,1431
9,95,3,Isolados,115,72,1422
9,100,0,Empiristas,115,101,1598
9,100,1,Incrementalistas,115,57,1598
9,100,2,Evolucionistas,115,71,1606
9,100,3,Isolados,115,76,1596
9,105,0,Empiristas,115,102,1789
9,105,1,Incrementalistas,115,60,1790
9,105,2,Evolucionistas,115,74,1799
9,105,3,Isolados,115,78,1788
9,110,0,Empiristas,115,103,2001
9,110,1,Incrementalistas,115,66,2002
9,110,2,Evolucionistas,115,79,2013
9,110,3,Isolados,115,83,1998
9,115,0,Empiristas,115,106,2235
9,115,1,Incrementalistas,115,71,2236
9,115,2,Evolucionistas,115,81,2246
9,115,3,Isolados,115,87,2233
9,120,0,Empiristas,115,110,2494
9,120,1,Incrementalistas,115,73,2494
9,120,2,Evolucionistas,115,84,2505
9,120,3,Isolados,115,91,2491
9,125,0,Empiristas,115,115,2780
9,125,1,Incrementalistas,115,77,2779
9,125,2,Evolucionistas,115,86,2791
9,125,3,Isolados,115,92,2777
9,130,0,Empiristas,115,115,3097
9,130,1,Incrementalistas,115,80,3093
9,130,2,Evolucionistas,115,89,3105
9,130,3,Isolados,115,93,3092
9,135,0,Empiristas,115,115,3444
9,135,1,Incrementalistas,115,83,3441
9,135,2,Evolucionistas,115,91,3454
9,135,3,Isolados,115,97,3439
9,140,0,Empiristas,115,115,3829
9,140,1,Incrementalistas,115,87,3826
9,140,2,Evolucionistas,115,93,3838
9,140,3,Isolados,115,101,3822
9,145,0,Empiristas,115,115,4254
9,145,1,Incrementalistas,115,90,4250
9,145,2,Evolucionistas,115,96,4262
9,145,3,Isolados,115,105,4246
9,150,0,Empiristas,115,115,4723
9,150,1,Incrementalistas,115,94,4719
9,150,2,Evolucionistas,115,102,4730
9,150,3,Isolados,115,107,4716
9,155,0,Empiristas,115,115,5242
9,155,1,Incrementalistas,115,100,5234
9,155,2,Evolucionistas,115,104,5247
9,155,3,Isolados,115,108,5235
9,160,0,Empiristas,115,115,5812
9,160,1,Incrementalistas,115,104,5805
9,160,2,Evolucionistas,115,105,5819
9,160,3,Isolados,115,109,5808
9,165,0,Empiristas,115,115,6442
9,165,1,Incrementalistas,115,105,6436
9,165,2,Evolucionistas,115,108,6451
9,165,3,Isolados,115,110,6438
9,170,0,Empiristas,115,115,7140
9,170,1,Incrementalistas,115,105,7132
9,170,2,Evolucionistas,115,110,7148
9,170,3,Isolados,115,112,7134
9,175,0,Empiristas,115,116,7910
9,175,1,Incrementalistas,115,106,7900
9,175,2,Evolucionistas,115,110,7918
9,175,3,Isolados,115,113,7904
9,180,0,Empiristas,115,116,8759
9,180,1,Incrementalistas,115,64,8659
9,180,2,Evolucionistas,115,110,8767
9,180,3,Isolados,115,113,8752
9,185,0,Empiristas,115,116,9696
9,185,1,Incrementalistas,115,73,9129
9,185,2,Evolucionistas,115,110,9705
9,185,3,Isolados,115,114,9689
9,190,0,Empiristas,115,116,10730
9,190,1,Incrementalistas,115,76,9646
9,190,2,Evolucionistas,115,112,10740
9,190,3,Isolados,115,114,10723
9,195,0,Empiristas,115,116,11872
9,195,1,Incrementalistas,115,81,10219
9,195,2,Evolucionistas,115,112,11883
9,195,3,Isolados,115,115,11866
9,200,0,Empiristas,115,116,13133
9,200,1,Incrementalistas,115,94,10851
9,200,2,Evolucionistas,115,112,13143
9,200,3,Isolados,115,116,13127
9,205,0,Empiristas,115,116,14527
9,205,1,Incrementalistas,115,106,11836
9,205,2,Evolucionistas,115,113,14537
9,205,3,Isolados,115,82,14094
9,210,0,Empiristas,115,116,16065
9,210,1,Incrementalistas,115,113,13373
9,210,2,Evolucionistas,115,114,16075
9,210,3,Isolados,115,94,14863
9,215,0,Empiristas,115,116,17762
9,215,1,Incrementalistas,115,114,15071
9,215,2,Evolucionistas,115,114,17773
9,215,3,Isolados,115,100,15712
9,220,0,Empiristas,115,116,19637
9,220,1,Incrementalistas,115,115,16946
9,220,2,Evolucionistas,115,114,19649
9,220,3,Isolados,115,104,16651
9,225,0,Empiristas,115,116,21708
9,225,1,Incrementalistas,115,115,19015
9,225,2,Evolucionistas,115,114,21719
9,225,3,Isolados,115,109,17686
9,230,0,Empiristas,115,116,23994
9,230,1,Incrementalistas,115,115,21301
9,230,2,Evolucionistas,115,114,24004
9,230,3,Isolados,115,111,19752
9,235,0,Empiristas,115,116,26472
9,235,1,Incrementalistas,115,115,23780
9,235,2,Evolucionistas,115,114,26483
9,235,3,Isolados,115,114,22231
9,240,0,Empiristas,115,116,28972
9,240,1,Incrementalistas,115,115,26280
9,240,2,Evolucionistas,115,115,28983
9,240,3,Isolados,115,115,24731
9,245,0,Empiristas,115,116,31472
9,245,1,Incrementalistas,115,115,28780
9,245,2,Evolucionistas,115,115,31483
9,245,3,Isolados,115,115,27231
9,250,0,Empiristas,115,116,33972
9,250,1,Incrementalistas,115,116,31280
9,250,2,Evolucionistas,115,115,33983
9,250,3,Isolados,115,116,29731
9,255,0,Empiristas,115,116,36472
9,255,1,Incrementalistas,115,116,33780
9,255,2,Evolucionistas,115,115,36483
9,255,3,Isolados,115,116,32231
9,260,0,Empiristas,115,116,38972
9,260,1,Incrementalistas,115,116,36280
9,260,2,Evolucionistas,115,115,38983
9,260,3,Isolados,115,116,34731
9,265,0,Empiristas,115,116,41472
9,265,1,Incrementalistas,115,116,38780
9,265,2,Evolucionistas,115,115,41483
9,265,3,Isolados,115,116,37231
9,270,0,Empiristas,115,116,43972
9,270,1,Incrementalistas,115,116,41280
9,270,2,Evolucionistas,114,77,43983
9,270,3,Isolados,115,116,39731
9,275,0,Empiristas,115,116,46472
9,275,1,Incrementalistas,115,116,43780
9,275,2,Evolucionistas,115,94,45233
9,275,3,Isolados,115,116,42231
9,280,0,Empiristas,115,116,48972
9,280,1,Incrementalistas,115,116,46280
9,280,2,Evolucionistas,115,102,46483
9,280,3,Isolados,115,116,44731
9,285,0,Empiristas,115,116,51472
9,285,1,Incrementalistas,115,116,48780
9,285,2,Evolucionistas,115,108,47733
9,285,3,Isolados,115,116,47231
9,290,0,Empiristas,115,116,53972
9,290,1,Incrementalistas,115,116,51280
9,290,2,Evolucionistas,115,111,48983
9,290,3,Isolados,115,116,49731
9,295,0,Empiristas,115,116,56472
9,295,1,Incrementalistas,115,116,53780
9,295,2,Evolucionistas,115,113,50483
9,295,3,Isolados,115,116,52231
9,300,0,Empiristas,115,116,58972
9,300,1,Incrementalistas,115,116,56280
9,300,2,Evolucionistas,115,115,52983
9,300,3,Isolados,115,116,54731
10,0,0,Empiristas,114,2,5
10,0,1,Incrementalistas,53.6598,1,5
10,0,2,Evolucionistas,18,4,5
10,0,3,Isolados,93.8882,2,5
10,5,0,Empiristas,114,10,32
10,5,1,Incrementalistas,114,3,30
10,5,2,Evolucionistas,114,11,32
10,5,3,Isolados,98,9,32
10,10,0,Empiristas,115,15,62
10,10,1,Incrementalistas,115,9,59
10,10,2,Evolucionistas,115,15,61
10,10,3,Isolados,100,13,61
10,15,0,Empiristas,115,17,95
10,15,1,Incrementalistas,115,14,92
10,15,2,Evolucionistas,115,15,93
10,15,3,Isolados,101,15,95
10,20,0,Empiristas,115,25,132
10,20,1,Incrementalistas,115,15,129
10,20,2,Evolucionistas,115,18,128
10,20,3,Isolados,102.133,19,130
10,25,0,Empiristas,115,30,170
10,25,1,Incrementalistas,115,16,169
10,25,2,Evolucionistas,115,21,168
10,25,3,Isolados,102.133,19,169
10,30,0,Empiristas,115,33,214
10,30,1,Incrementalistas,115,16,212
10,30,2,Evolucionistas,115,25,211
10,30,3,Isolados,103,21,212
10,35,0,Empiristas,115,41,262
10,35,1,Incrementalistas,115,17,261
10,35,2,Evolucionistas,115,25,258
10,35,3,Isolados,103,23,261
10,40,0,Empiristas,115,47,314
10,40,1,Incrementalistas,115,18,314
10,40,2,Evolucionistas,115,27,310
10,40,3,Isolados,103,25,312
10,45,0,Empiristas,115,50,374
10,45,1,Incrementalistas,115,20,372
10,45,2,Evolucionistas,115,29,369
10,45,3,Isolados,103,32,371
10,50,0,Empiristas,115,38,425
10,50,1,Incrementalistas,115,22,437
10,50,2,Evolucionistas,115,30,435
10,50,3,Isolados,107,40,436
10,55,0,Empiristas,115,46,462
10,55,1,Incrementalistas,115,24,507
10,55,2,Evolucionistas,115,34,506
10,55,3,Isolados,107,46,507
10,60,0,Empiristas,115,48,502
10,60,1,Incrementalistas,115,27,586
10,60,2,Evolucionistas,115,35,588
10,60,3,Isolados,109,51,587
10,65,0,Empiristas,115,51,544
10,65,1,Incrementalistas,115,30,673
10,65,2,Evolucionistas,115,38,676
10,65,3,Isolados,114,57,672
10,70,0,Empiristas,115,53,592
10,70,1,Incrementalistas,115,33,769
10,70,2,Evolucionistas,115,42,772
10,70,3,Isolados,114,47,730
10,75,0,Empiristas,115,57,677
10,75,1,Incrementalistas,115,37,875
10,75,2,Evolucionistas,115,45,879
10,75,3,Isolados,114,48,781
10,80,0,Empiristas,115,64,795
10,80,1,Incrementalistas,115,39,991
10,80,2,Evolucionistas,115,50,996
10,80,3,Isolados,114,50,841
10,85,0,Empiristas,115,69,925
10,85,1,Incrementalistas,115,46,1122
10,85,2,Evolucionistas,115,54,1126
10,85,3,Isolados,114,51,906
10,90,0,Empiristas,115,77,1068
10,90,1,Incrementalistas,115,50,1265
10,90,2,Evolucionistas,115,59,1269
10,90,3,Isolados,114,53,978
10,95,0,Empiristas,115,80,1225
10,95,1,Incrementalistas,115,57,1424
10,95,2,Evolucionistas,115,63,1427
10,95,3,Isolados,115,59,1135
10,100,0,Empiristas,115,86,1398
10,100,1,Incrementalistas,115,59,1599
10,100,2,Evolucionistas,115,64,1601
10,100,3,Isolados,115,65,1309
10,105,0,Empiristas,115,87,1590
10,105,1,Incrementalistas,115,61,1792
10,105,2,Evolucionistas,115,69,1792
10,105,3,Isolados,115,68,1501
10,110,0,Empiristas,115,91,1802
10,110,1,Incrementalistas,115,64,2006
10,110,2,Evolucionistas,115,70,2004
10,110,3,Isolados,115,76,1713
10,115,0,Empiristas,115,94,2037
10,115,1,Incrementalistas,115,67,2240
10,115,2,Evolucionistas,115,75,2239
10,115,3,Isolados,115,80,1948
10,120,0,Empiristas,115,95,2296
10,120,1,Incrementalistas,115,68,2500
10,120,2,Evolucionistas,115,77,2497
10,120,3,Isolados,115,85,2207
10,125,0,Empiristas,115,98,2582
10,125,1,Incrementalistas,115,72,2786
10,125,2,Evolucionistas,115,79,2782
10,125,3,Isolados,115,90,2494
10,130,0,Empiristas,115,105,2896
10,130,1,Incrementalistas,115,74,3102
10,130,2,Evolucionistas,115,83,3097
10,130,3,Isolados,115,97,2810
10,135,0,Empiristas,115,106,3245
10,135,1,Incrementalistas,115,77,3451
10,135,2,Evolucionistas,115,84,3445
10,135,3,Isolados,115,99,3159
10,140,0,Empiristas,115,109,3629
10,140,1,Incrementalistas,115,83,3835
10,140,2,Evolucionistas,115,89,3830
10,140,3,Isolados,115,102,3544
10,145,0,Empiristas,115,111,4054
10,145,1,Incrementalistas,115,85,4260
10,145,2,Evolucionistas,115,95,4255
10,145,3,Isolados,115,104,3968
10,150,0,Empiristas,115,112,4523
10,150,1,Incrementalistas,115,87,4730
10,150,2,Evolucionistas,115,98,4723
10,150,3,Isolados,115,104,4438
10,155,0,Empiristas,115,113,5041
10,155,1,Incrementalistas,115,90,5245
10,155,2,Evolucionistas,115,101,5241
10,155,3,Isolados,115,105,4955
10,160,0,Empiristas,115,114,5613
10,160,1,Incrementalistas,115,91,5817
10,160,2,Evolucionistas,115,103,5813
10,160,3,Isolados,115,105,5527
10,165,0,Empiristas,115,115,6244
10,165,1,Incrementalistas,115,92,6447
10,165,2,Evolucionistas,115,104,6444
10,165,3,Isolados,115,108,6158
10,170,0,Empiristas,115,115,6940
10,170,1,Incrementalistas,115,96,7143
10,170,2,Evolucionistas,115,104,7142
10,170,3,Isolados,115,109,6856
10,175,0,Empiristas,115,115,7710
10,175,1,Incrementalistas,115,98,7912
10,175,2,Evolucionistas,115,107,7912
10,175,3,Isolados,115,77,7546
10,180,0,Empiristas,115,115,8559
10,180,1,Incrementalistas,115,103,8761
10,180,2,Evolucionistas,115,110,8761
10,180,3,Isolados,115,88,7970
10,185,0,Empiristas,115,115,9495
10,185,1,Incrementalistas,115,106,9697
10,185,2,Evolucionistas,115,110,9698
10,185,3,Isolados,115,92,8439
10,190,0,Empiristas,115,87,10213
10,190,1,Incrementalistas,115,108,10732
10,190,2,Evolucionistas,115,113,10733
10,190,3,Isolados,115,100,8954
10,195,0,Empiristas,115,98,10782
10,195,1,Incrementalistas,115,110,11875
10,195,2,Evolucionistas,115,114,11876
10,195,3,Isolados,115,103,9524
10,200,0,Empiristas,115,104,11411
10,200,1,Incrementalistas,115,110,13137
10,200,2,Evolucionistas,115,115,13137
10,200,3,Isolados,115,107,10417
10,205,0,Empiristas,115,113,12108
10,205,1,Incrementalistas,115,113,14529
10,205,2,Evolucionistas,115,115,14532
10,205,3,Isolados,115,113,11809
10,210,0,Empiristas,115,114,12876
10,210,1,Incrementalistas,115,113,16067
10,210,2,Evolucionistas,115,115,16070
10,210,3,Isolados,115,116,13347
10,215,0,Empiristas,115,115,14411
10,215,1,Incrementalistas,115,113,17766
10,215,2,Evolucionistas,115,115,17769
10,215,3,Isolados,115,86,14868
10,220,0,Empiristas,115,115,16288
10,220,1,Incrementalistas,115,114,19643
10,220,2,Evolucionistas,115,116,19643
10,220,3,Isolados,115,99,15805
10,225,0,Empiristas,115,116,18358
10,225,1,Incrementalistas,115,115,21714
10,225,2,Evolucionistas,115,116,21713
10,225,3,Isolados,115,105,16840
10,230,0,Empiristas,115,116,20643
10,230,1,Incrementalistas,115,115,24000
10,230,2,Evolucionistas,115,116,23998
10,230,3,Isolados,115,109,17981
10,235,0,Empiristas,115,116,23122
10,235,1,Incrementalistas,115,115,26480
10,235,2,Evolucionistas,115,116,26477
10,235,3,Isolados,115,112,19220
10,240,0,Empiristas,115,116,25622
10,240,1,Incrementalistas,115,115,28980
10,240,2,Evolucionistas,115,116,28977
10,240,3,Isolados,115,115,20970
10,245,0,Empiristas,115,116,28122
10,245,1,Incrementalistas,115,115,31480
10,245,2,Evolucionistas,115,116,31477
10,245,3,Isolados,115,115,23470
10,250,0,Empiristas,115,116,30622
10,250,1,Incrementalistas,115,115,33980
10,250,2,Evolucionistas,115,116,33977
10,250,3,Isolados,115,116,25970
10,255,0,Empiristas,115,116,33122
10,255,1,Incrementalistas,115,115,36480
10,255,2,Evolucionistas,115,116,36477
10,255,3,Isolados,115,116,28470
10,260,0,Empiristas,115,116,35622
10,260,1,Incrementalistas,115,116,38980
10,260,2,Evolucionistas,115,80,38727
10,260,3,Isolados,115,116,30970
10,265,0,Empiristas,115,116,38122
10,265,1,Incrementalistas,115,116,41480
10,265,2,Evolucionistas,115,91,39977
10,265,3,Isolados,115,116,33470
10,270,0,Empiristas,115,116,40622
10,270,1,Incrementalistas,115,116,43980
10,270,2,Evolucionistas,115,95,41227
10,270,3,Isolados,115,116,35970
10,275,0,Empiristas,115,116,43122
10,275,1,Incrementalistas,115,116,46480
10,275,2,Evolucionistas,115,102,42477
10,275,3,Isolados,115,116,38470
10,280,0,Empiristas,115,116,45622
10,280,1,Incrementalistas,115,116,48980
10,280,2,Evolucionistas,115,107,43727
10,280,3,Isolados,115,116,40970
10,285,0,Empiristas,115,116,48122
10,285,1,Incrementalistas,115,116,51480
10,285,2,Evolucionistas,115,111,45477
10,285,3,Isolados,115,116,43470
10,290,0,Empiristas,115,116,50622
10,290,1,Incrementalistas,115,116,53980
10,290,2,Evolucionistas,115,113,47977
10,290,3,Isolados,115,116,45970
10,295,0,Empiristas,115,116,53122
10,295,1,Incrementalistas,115,116,56480
10,295,2,Evolucionistas,115,115,50477
10,295,3,Isolados,115,116,48470
10,300,0,Empiristas,115,116,55622
10,300,1,Incrementalistas,115,116,58980
10,300,2,Evolucionistas,115,115,52977
10,300,3,Isolados,115,116,50970
11,0,0,Empiristas,76.2322,1,5
11,0,1,Incrementalistas,38,4,5
11,0,2,Evolucionistas,38,4,5
11,0,3,Isolados,56.3842,2,5
11,5,0,Empiristas,82,8,30
11,5,1,Incrementalistas,80.341,9,31
11,5,2,Evolucionistas,82,7,32
11,5,3,Isolados,76.503,4,32
11,10,0,Empiristas,87,12,58
11,10,1,Incrementalistas,81.9523,13,60
11,10,2,Evolucionistas,89.9009,11,61
11,10,3,Isolados,96,7,61
11,15,0,Empiristas,89.9009,18,90
11,15,1,Incrementalistas,89.9009,19,91
11,15,2,Evolucionistas,89.9009,15,95
11,15,3,Isolados,112,19,95
11,20,0,Empiristas,97,27,125
11,20,1,Incrementalistas,97,24,127
11,20,2,Evolucionistas,98,20,131
11,20,3,Isolados,112,23,130
11,25,0,Empiristas,97,28,164
11,25,1,Incrementalistas,98,32,166
11,25,2,Evolucionistas,98,25,170
11,25,3,Isolados,112,29,171
11,30,0,Empiristas,97,35,207
11,30,1,Incrementalistas,112,43,208
11,30,2,Evolucionistas,98,28,214
11,30,3,Isolados,114,33,215
11,35,0,Empiristas,113.637,42,257
11,35,1,Incrementalistas,114,54,255
11,35,2,Evolucionistas,114,35,262
11,35,3,Isolados,114,38,263
11,40,0,Empiristas,114,46,310
11,40,1,Incrementalistas,115,55,308
11,40,2,Evolucionistas,115,37,314
11,40,3,Isolados,115,42,315
11,45,0,Empiristas,115,55,369
11,45,1,Incrementalistas,115,55,365
11,45,2,Evolucionistas,115,41,374
11,45,3,Isolados,115,42,375
11,50,0,Empiristas,115,57,435
11,50,1,Incrementalistas,115,58,430
11,50,2,Evolucionistas,115,43,437
11,50,3,Isolados,115,43,438
11,55,0,Empiristas,115,65,506
11,55,1,Incrementalistas,115,58,502
11,55,2,Evolucionistas,115,48,508
11,55,3,Isolados,115,48,508
11,60,0,Empiristas,115,71,585
11,60,1,Incrementalistas,115,59,581
11,60,2,Evolucionistas,115,50,587
11,60,3,Isolados,115,51,587
11,65,0,Empiristas,115,76,672
11,65,1,Incrementalistas,115,62,667
11,65,2,Evolucionistas,115,52,675
11,65,3,Isolados,115,53,675
11,70,0,Empiristas,115,83,767
11,70,1,Incrementalistas,115,66,762
11,70,2,Evolucionistas,115,55,773
11,70,3,Isolados,115,54,772
11,75,0,Empiristas,115,88,874
11,75,1,Incrementalistas,115,68,868
11,75,2,Evolucionistas,115,57,878
11,75,3,Isolados,115,55,881
11,80,0,Empiristas,115,91,991
11,80,1,Incrementalistas,115,69,985
11,80,2,Evolucionistas,115,57,996
11,80,3,Isolados,115,58,999
11,85,0,Empiristas,115,95,1120
11,85,1,Incrementalistas,115,71,1114
11,85,2,Evolucionistas,115,61,1124
11,85,3,Isolados,115,61,1128
11,90,0,Empiristas,115,95,1264
11,90,1,Incrementalistas,115,71,1257
11,90,2,Evolucionistas,115,62,1267
11,90,3,Isolados,115,65,1272
11,95,0,Empiristas,115,98,1423
11,95,1,Incrementalistas,115,74,1414
11,95,2,Evolucionistas,115,64,1424
11,95,3,Isolados,115,67,1430
11,100,0,Empiristas,115,101,1596
11,100,1,Incrementalistas,115,76,1588
11,100,2,Evolucionistas,115,67,1597
11,100,3,Isolados,115,70,1603
11,105,0,Empiristas,115,103,1788
11,105,1,Incrementalistas,115,76,1780
11,105,2,Evolucionistas,115,72,1789
11,105,3,Isolados,115,74,1794
11,110,0,Empiristas,115,103,2002
11,110,1,Incrementalistas,115,77,1995
11,110,2,Evolucionistas,115,75,2002
11,110,3,Isolados,115,80,2006
11,115,0,Empiristas,115,107,2237
11,115,1,Incrementalistas,115,80,2229
11,115,2,Evolucionistas,115,81,2237
11,115,3,Isolados,115,84,2241
11,120,0,Empiristas,115,108,2496
11,120,1,Incrementalistas,115,81,2487
11,120,2,Evolucionistas,115,84,2497
11,120,3,Isolados,115,85,2499
11,125,0,Empiristas,115,111,2781
11,125,1,Incrementalistas,115,84,2772
11,125,2,Evolucionistas,115,88,2781
11,125,3,Isolados,115,90,2785
11,130,0,Empiristas,115,111,3097
11,130,1,Incrementalistas,115,86,3088
11,130,2,Evolucionistas,115,92,3098
11,130,3,Isolados,115,92,3100
11,135,0,Empiristas,115,112,3445
11,135,1,Incrementalistas,115,88,3437
11,135,2,Evolucionistas,115,95,3446
11,135,3,Isolados,115,96,3448
11,140,0,Empiristas,115,112,3830
11,140,1,Incrementalistas,115,92,3822
11,140,2,Evolucionistas,115,95,3830
11,140,3,Isolados,115,97,3832
11,145,0,Empiristas,115,112,4253
11,145,1,Incrementalistas,115,98,4247
11,145,2,Evolucionistas,115,96,4253
11,145,3,Isolados,115,100,4256
11,150,0,Empiristas,115,114,4720
11,150,1,Incrementalistas,115,104,4717
11,150,2,Evolucionistas,115,100,4721
11,150,3,Isolados,115,103,4724
11,155,0,Empiristas,115,114,5238
11,155,1,Incrementalistas,115,105,5234
11,155,2,Evolucionistas,115,101,5238
11,155,3,Isolados,115,105,5243
11,160,0,Empiristas,115,114,5809
11,160,1,Incrementalistas,115,106,5806
11,160,2,Evolucionistas,115,103,5809
11,160,3,Isolados,115,108,5814
11,165,0,Empiristas,115,115,6439
11,165,1,Incrementalistas,115,108,6436
11,165,2,Evolucionistas,115,104,6440
11,165,3,Isolados,115,110,6445
11,170,0,Empiristas,115,115,7135
11,170,1,Incrementalistas,115,109,7132
11,170,2,Evolucionistas,115,104,7136
11,170,3,Isolados,115,113,7141
11,175,0,Empiristas,115,115,7903
11,175,1,Incrementalistas,115,109,7902
11,175,2,Evolucionistas,115,105,7905
11,175,3,Isolados,115,114,7911
11,180,0,Empiristas,115,115,8751
11,180,1,Incrementalistas,115,110,8751
11,180,2,Evolucionistas,115,108,8754
11,180,3,Isolados,115,114,8760
11,185,0,Empiristas,115,116,9690
11,185,1,Incrementalistas,115,110,9689
11,185,2,Evolucionistas,115,111,9692
11,185,3,Isolados,115,114,9696
11,190,0,Empiristas,115,116,10725
11,190,1,Incrementalistas,115,111,10724
11,190,2,Evolucionistas,115,112,10727
11,190,3,Isolados,115,114,10731
11,195,0,Empiristas,115,116,11868
11,195,1,Incrementalistas,115,113,11866
11,195,2,Evolucionistas,115,112,11868
11,195,3,Isolados,115,114,11873
11,200,0,Empiristas,115,116,13130
11,200,1,Incrementalistas,115,113,13128
11,200,2,Evolucionistas,115,112,13130
11,200,3,Isolados,115,114,13133
11,205,0,Empiristas,115,116,14523
11,205,1,Incrementalistas,115,114,14520
11,205,2,Evolucionistas,115,113,14523
11,205,3,Isolados,115,114,14526
11,210,0,Empiristas,115,116,16059
11,210,1,Incrementalistas,115,114,16058
11,210,2,Evolucionistas,115,114,16060
11,210,3,Isolados,115,115,16063
11,215,0,Empiristas,115,116,17758
11,215,1,Incrementalistas,115,114,17756
11,215,2,Evolucionistas,115,114,17758
11,215,3,Isolados,115,115,17761
11,220,0,Empiristas,115,116,19633
11,220,1,Incrementalistas,115,114,19631
11,220,2,Evolucionistas,115,114,19633
11,220,3,Isolados,115,115,19635
11,225,0,Empiristas,115,116,21703
11,225,1,Incrementalistas,115,114,21702
11,225,2,Evolucionistas,115,114,21701
11,225,3,Isolados,115,116,21705
11,230,0,Empiristas,115,116,23988
11,230,1,Incrementalistas,115,115,23986
11,230,2,Evolucionistas,115,115,23986
11,230,3,Isolados,115,116,23989
11,235,0,Empiristas,115,116,26468
11,235,1,Incrementalistas,115,115,26465
11,235,2,Evolucionistas,115,115,26465
11,235,3,Isolados,115,78,26467
11,240,0,Empiristas,115,116,28968
11,240,1,Incrementalistas,115,115,28965
11,240,2,Evolucionistas,115,115,28965
11,240,3,Isolados,115,94,27717
11,245,0,Empiristas,115,116,31468
11,245,1,Incrementalistas,115,115,31465
11,245,2,Evolucionistas,115,115,31465
11,245,3,Isolados,115,107,28967
11,250,0,Empiristas,115,116,33968
11,250,1,Incrementalistas,115,115,33965
11,250,2,Evolucionistas,115,115,33965
11,250,3,Isolados,115,112,30217
11,255,0,Empiristas,115,116,36468
11,255,1,Incrementalistas,115,115,36465
11,255,2,Evolucionistas,115,115,36465
11,255,3,Isolados,115,116,31467
11,260,0,Empiristas,115,116,38968
11,260,1,Incrementalistas,115,115,38965
11,260,2,Evolucionistas,115,115,38965
11,260,3,Isolados,115,116,32967
11,265,0,Empiristas,115,116,41468
11,265,1,Incrementalistas,115,115,41465
11,265,2,Evolucionistas,115,115,41465
11,265,3,Isolados,115,116,35467
11,270,0,Empiristas,115,116,43968
11,270,1,Incrementalistas,115,115,43965
11,270,2,Evolucionistas,115,115,43965
11,270,3,Isolados,115,116,37967
11,275,0,Empiristas,115,116,46468
11,275,1,Incrementalistas,115,115,46465
11,275,2,Evolucionistas,115,115,46465
11,275,3,Isolados,115,116,40467
11,280,0,Empiristas,115,116,48968
11,280,1,Incrementalistas,115,115,48965
11,280,2,Evolucionistas,115,115,48965
11,280,3,Isolados,115,116,42967
11,285,0,Empiristas,115,116,51468
11,285,1,Incrementalistas,115,115,51465
11,285,2,Evolucionistas,115,115,51465
11,285,3,Isolados,115,116,45467
11,290,0,Empiristas,115,116,53968
11,290,1,Incrementalistas,115,115,53965
11,290,2,Evolucionistas,115,116,53965
11,290,3,Isolados,115,116,47967
11,295,0,Empiristas,115,116,56468
11,295,1,Incrementalistas,115,87,55715
11,295,2,Evolucionistas,115,116,56465
11,295,3,Isolados,115,116,50467
11,300,0,Empiristas,115,116,58968
11,300,1,Incrementalistas,115,98,56965
11,300,2,Evolucionistas,115,116,58965
11,300,3,Isolados,115,116,52967
12,0,0,Empiristas,80,3,5
12,0,1,Incrementalistas,90,4,5
12,0,2,Evolucionistas,90,3,5
12,0,3,Isolados,56.4692,1,5
12,5,0,Empiristas,99,13,32
12,5,1,Incrementalistas,98,17,31
12,5,2,Evolucionistas,99,12,31
12,5,3,Isolados,66,6,30
12,10,0,Empiristas,99,20,61
12,10,1,Incrementalistas,102,21,59
12,10,2,Evolucionistas,102,18,61
12,10,3,Isolados,87,12,59
12,15,0,Empiristas,104,29,94
12,15,1,Incrementalistas,104,23,91
12,15,2,Evolucionistas,104,23,93
12,15,3,Isolados,87,17,91
12,20,0,Empiristas,104,31,129
12,20,1,Incrementalistas,104,25,127
12,20,2,Evolucionistas,104,26,129
12,20,3,Isolados,87,19,126
12,25,0,Empiristas,104,36,167
12,25,1,Incrementalistas,104,27,167
12,25,2,Evolucionistas,104,29,168
12,25,3,Isolados,98,24,165
12,30,0,Empiristas,107,41,212
12,30,1,Incrementalistas,108,32,211
12,30,2,Evolucionistas,107,35,211
12,30,3,Isolados,98,29,209
12,35,0,Empiristas,110,50,260
12,35,1,Incrementalistas,110,36,261
12,35,2,Evolucionistas,108,36,258
12,35,3,Isolados,115,36,256
12,40,0,Empiristas,114,54,313
12,40,1,Incrementalistas,114,40,314
12,40,2,Evolucionistas,114,40,310
12,40,3,Isolados,115,42,309
12,45,0,Empiristas,114,59,371
12,45,1,Incrementalistas,114,40,372
12,45,2,Evolucionistas,114,42,368
12,45,3,Isolados,115,48,366
12,50,0,Empiristas,114,60,435
12,50,1,Incrementalistas,114,41,436
12,50,2,Evolucionistas,114,43,433
12,50,3,Isolados,115,49,430
12,55,0,Empiristas,114,66,506
12,55,1,Incrementalistas,114,42,508
12,55,2,Evolucionistas,114,44,505
12,55,3,Isolados,115,53,501
12,60,0,Empiristas,114,67,585
12,60,1,Incrementalistas,115,45,587
12,60,2,Evolucionistas,115,53,584
12,60,3,Isolados,115,53,580
12,65,0,Empiristas,115,71,671
12,65,1,Incrementalistas,115,46,673
12,65,2,Evolucionistas,115,54,671
12,65,3,Isolados,115,57,667
12,70,0,Empiristas,115,74,767
12,70,1,Incrementalistas,115,50,768
12,70,2,Evolucionistas,115,58,767
12,70,3,Isolados,115,60,762
12,75,0,Empiristas,115,80,873
12,75,1,Incrementalistas,115,53,876
12,75,2,Evolucionistas,115,60,874
12,75,3,Isolados,115,50,845
12,80,0,Empiristas,115,85,992
12,80,1,Incrementalistas,115,54,993
12,80,2,Evolucionistas,115,60,992
12,80,3,Isolados,115,52,904
12,85,0,Empiristas,115,88,1121
12,85,1,Incrementalistas,115,56,1121
12,85,2,Evolucionistas,115,61,1122
12,85,3,Isolados,115,52,968
12,90,0,Empiristas,115,92,1264
12,90,1,Incrementalistas,115,60,1264
12,90,2,Evolucionistas,115,62,1265
12,90,3,Isolados,115,56,1040
12,95,0,Empiristas,115,95,1422
12,95,1,Incrementalistas,115,63,1420
12,95,2,Evolucionistas,115,64,1422
12,95,3,Isolados,115,58,1120
12,100,0,Empiristas,115,100,1596
12,100,1,Incrementalistas,115,64,1595
12,100,2,Evolucionistas,115,67,1597
12,100,3,Isolados,115,62,1261
12,105,0,Empiristas,115,70,1767
12,105,1,Incrementalistas,115,64,1788
12,105,2,Evolucionistas,115,70,1789
12,105,3,Isolados,115,65,1453
12,110,0,Empiristas,115,76,1872
12,110,1,Incrementalistas,115,68,2000
12,110,2,Evolucionistas,115,71,2002
12,110,3,Isolados,115,70,1664
12,115,0,Empiristas,115,80,1991
12,115,1,Incrementalistas,115,70,2234
12,115,2,Evolucionistas,115,74,2237
12,115,3,Isolados,115,73,1897
12,120,0,Empiristas,115,82,2121
12,120,1,Incrementalistas,115,71,2491
12,120,2,Evolucionistas,115,76,2496
12,120,3,Isolados,115,78,2155
12,125,0,Empiristas,115,84,2264
12,125,1,Incrementalistas,115,77,2778
12,125,2,Evolucionistas,115,76,2781
12,125,3,Isolados,115,84,2441
12,130,0,Empiristas,115,95,2488
12,130,1,Incrementalistas,115,82,3092
12,130,2,Evolucionistas,115,78,3096
12,130,3,Isolados,115,89,2758
12,135,0,Empiristas,115,101,2836
12,135,1,Incrementalistas,115,82,3440
12,135,2,Evolucionistas,115,84,3443
12,135,3,Isolados,115,93,3106
12,140,0,Empiristas,115,105,3220
12,140,1,Incrementalistas,115,84,3825
12,140,2,Evolucionistas,115,87,3827
12,140,3,Isolados,115,94,3490
12,145,0,Empiristas,115,105,3645
12,145,1,Incrementalistas,115,87,4250
12,145,2,Evolucionistas,115,89,4252
12,145,3,Isolados,115,98,3914
12,150,0,Empiristas,115,107,4113
12,150,1,Incrementalistas,115,89,4720
12,150,2,Evolucionistas,115,93,4721
12,150,3,Isolados,115,59,4239
12,155,0,Empiristas,115,110,4631
12,155,1,Incrementalistas,115,92,5239
12,155,2,Evolucionistas,115,95,5237
12,155,3,Isolados,115,64,4497
12,160,0,Empiristas,115,112,5203
12,160,1,Incrementalistas,115,98,5811
12,160,2,Evolucionistas,115,97,5808
12,160,3,Isolados,115,70,4783
12,165,0,Empiristas,115,113,5833
12,165,1,Incrementalistas,115,101,6442
12,165,2,Evolucionistas,115,101,6439
12,165,3,Isolados,115,77,5097
12,170,0,Empiristas,115,114,6531
12,170,1,Incrementalistas,115,104,7138
12,170,2,Evolucionistas,115,105,7137
12,170,3,Isolados,115,80,5446
12,175,0,Empiristas,115,114,7298
12,175,1,Incrementalistas,115,106,7906
12,175,2,Evolucionistas,115,105,7907
12,175,3,Isolados,115,87,6141
12,180,0,Empiristas,115,114,8149
12,180,1,Incrementalistas,115,107,8755
12,180,2,Evolucionistas,115,107,8757
12,180,3,Isolados,115,96,6988
12,185,0,Empiristas,115,115,9087
12,185,1,Incrementalistas,115,108,9692
12,185,2,Evolucionistas,115,109,9693
12,185,3,Isolados,115,103,7926
12,190,0,Empiristas,115,115,10122
12,190,1,Incrementalistas,115,110,10727
12,190,2,Evolucionistas,115,111,10728
12,190,3,Isolados,115,107,8961
12,195,0,Empiristas,115,115,11265
12,195,1,Incrementalistas,115,110,11869
12,195,2,Evolucionistas,115,111,11870
12,195,3,Isolados,115,110,10103
12,200,0,Empiristas,115,115,12528
12,200,1,Incrementalistas,115,111,13132
12,200,2,Evolucionistas,115,111,13130
12,200,3,Isolados,115,112,11366
12,205,0,Empiristas,115,115,13922
12,205,1,Incrementalistas,115,116,14524
12,205,2,Evolucionistas,115,112,14523
12,205,3,Isolados,115,112,12759
12,210,0,Empiristas,115,115,15459
12,210,1,Incrementalistas,115,116,16062
12,210,2,Evolucionistas,115,112,16060
12,210,3,Isolados,115,113,14296
12,215,0,Empiristas,115,115,17157
12,215,1,Incrementalistas,115,116,17760
12,215,2,Evolucionistas,115,114,17758
12,215,3,Isolados,115,113,15993
12,220,0,Empiristas,115,115,19032
12,220,1,Incrementalistas,115,116,19637
12,220,2,Evolucionistas,115,114,19634
12,220,3,Isolados,115,114,17869
12,225,0,Empiristas,115,115,21102
12,225,1,Incrementalistas,115,116,21706
12,225,2,Evolucionistas,115,115,21705
12,225,3,Isolados,115,116,19939
12,230,0,Empiristas,115,115,23387
12,230,1,Incrementalistas,115,116,23993
12,230,2,Evolucionistas,115,115,23990
12,230,3,Isolados,115,116,22223
12,235,0,Empiristas,115,115,25867
12,235,1,Incrementalistas,115,116,26473
12,235,2,Evolucionistas,115,116,26470
12,235,3,Isolados,115,116,24703
12,240,0,Empiristas,115,115,28367
12,240,1,Incrementalistas,115,116,28973
12,240,2,Evolucionistas,115,116,28970
12,240,3,Isolados,115,116,27203
12,245,0,Empiristas,115,116,30867
12,245,1,Incrementalistas,115,116,31473
12,245,2,Evolucionistas,115,116,31470
12,245,3,Isolados,115,116,29703
12,250,0,Empiristas,115,116,33367
12,250,1,Incrementalistas,115,116,33973
12,250,2,Evolucionistas,115,116,33970
12,250,3,Isolados,115,116,32203
12,255,0,Empiristas,115,116,35867
12,255,1,Incrementalistas,115,116,36473
12,255,2,Evolucionistas,115,116,36470
12,255,3,Isolados,115,116,34703
12,260,0,Empiristas,115,116,38367
12,260,1,Incrementalistas,115,116,38973
12,260,2,Evolucionistas,115,116,38970
12,260,3,Isolados,115,116,37203
12,265,0,Empiristas,115,116,40867
12,265,1,Incrementalistas,115,116,41473
12,265,2,Evolucionistas,115,116,41470
12,265,3,Isolados,115,116,39703
12,270,0,Empiristas,115,116,43367
12,270,1,Incrementalistas,115,116,43973
12,270,2,Evolucionistas,115,116,43970
12,270,3,Isolados,115,116,42203
12,275,0,Empiristas,115,116,45867
12,275,1,Incrementalistas,115,116,46473
12,275,2,Evolucionistas,115,116,46470
12,275,3,Isolados,115,116,44703
12,280,0,Empiristas,115,116,48367
12,280,1,Incrementalistas,115,116,48973
12,280,2,Evolucionistas,115,116,48970
12,280,3,Isolados,115,116,47203
12,285,0,Empiristas,115,116,50867
12,285,1,Incrementalistas,115,116,51473
12,285,2,Evolucionistas,115,116,51470
12,285,3,Isolados,115,116,49703
12,290,0,Empiristas,115,116,53367
12,290,1,Incrementalistas,115,116,53973
12,290,2,Evolucionistas,115,116,53970
12,290,3,Isolados,115,116,52203
12,295,0,Empiristas,115,116,55867
12,295,1,Incrementalistas,115,116,56473
12,295,2,Evolucionistas,115,116,56470
12,295,3,Isolados,115,116,54703
12,300,0,Empiristas,115,116,58367
12,300,1,Incrementalistas,115,116,58973
12,300,2,Evolucionistas,115,116,58970
12,300,3,Isolados,115,116,57203
13,0,0,Empiristas,36.7927,4,5
13,0,1,Incrementalistas,71.1254,1,5
13,0,2,Evolucionistas,36.7927,3,5
13,0,3,Isolados,85,2,5
13,5,0,Empiristas,106,13,32
13,5,1,Incrementalistas,72.9267,1,31
13,5,2,Evolucionistas,106,9,31
13,5,3,Isolados,91,8,31
13,10,0,Empiristas,108,20,62
13,10,1,Incrementalistas,112,8,61
13,10,2,Evolucionistas,112,18,60
13,10,3,Isolados,94,10,61
13,15,0,Empiristas,109,24,94
13,15,1,Incrementalistas,112,13,94
13,15,2,Evolucionistas,112,20,92
13,15,3,Isolados,102,14,93
13,20,0,Empiristas,113,34,128
13,20,1,Incrementalistas,114,15,129
13,20,2,Evolucionistas,113,26,128
13,20,3,Isolados,102,14,130
13,25,0,Empiristas,115,42,167
13,25,1,Incrementalistas,115,18,168
13,25,2,Evolucionistas,115,29,168
13,25,3,Isolados,103,16,158
13,30,0,Empiristas,115,45,210
13,30,1,Incrementalistas,115,19,213
13,30,2,Evolucionistas,115,32,209
13,30,3,Isolados,104,20,181
13,35,0,Empiristas,115,50,258
13,35,1,Incrementalistas,115,20,260
13,35,2,Evolucionistas,115,33,256
13,35,3,Isolados,104,20,204
13,40,0,Empiristas,115,54,310
13,40,1,Incrementalistas,115,23,314
13,40,2,Evolucionistas,115,34,308
13,40,3,Isolados,105,22,232
13,45,0,Empiristas,115,58,370
13,45,1,Incrementalistas,115,24,372
13,45,2,Evolucionistas,115,36,366
13,45,3,Isolados,114,23,262
13,50,0,Empiristas,115,62,435
13,50,1,Incrementalistas,115,27,437
13,50,2,Evolucionistas,115,30,425
13,50,3,Isolados,114,28,320
13,55,0,Empiristas,115,66,507
13,55,1,Incrementalistas,115,28,509
13,55,2,Evolucionistas,115,32,461
13,55,3,Isolados,114,34,391
13,60,0,Empiristas,115,68,586
13,60,1,Incrementalistas,115,28,556
13,60,2,Evolucionistas,115,34,500
13,60,3,Isolados,114,43,471
13,65,0,Empiristas,115,75,675
13,65,1,Incrementalistas,115,28,601
13,65,2,Evolucionistas,115,35,543
13,65,3,Isolados,114,48,560
13,70,0,Empiristas,115,78,770
13,70,1,Incrementalistas,115,32,648
13,70,2,Evolucionistas,115,36,591
13,70,3,Isolados,115,51,657
13,75,0,Empiristas,115,54,833
13,75,1,Incrementalistas,115,37,703
13,75,2,Evolucionistas,115,40,665
13,75,3,Isolados,115,56,764
13,80,0,Empiristas,115,63,891
13,80,1,Incrementalistas,115,40,763
13,80,2,Evolucionistas,115,43,781
13,80,3,Isolados,115,57,879
13,85,0,Empiristas,115,66,955
13,85,1,Incrementalistas,115,45,893
13,85,2,Evolucionistas,115,49,910
13,85,3,Isolados,115,60,1009
13,90,0,Empiristas,115,68,1026
13,90,1,Incrementalistas,115,32,1007
13,90,2,Evolucionistas,115,52,1054
13,90,3,Isolados,115,66,1151
13,95,0,Empiristas,115,74,1104
13,95,1,Incrementalistas,115,40,1087
13,95,2,Evolucionistas,115,58,1212
13,95,3,Isolados,115,70,1309
13,100,0,Empiristas,115,77,1277
13,100,1,Incrementalistas,115,31,1175
13,100,2,Evolucionistas,115,61,1388
13,100,3,Isolados,115,75,1483
13,105,0,Empiristas,115,82,1469
13,105,1,Incrementalistas,115,37,1270
13,105,2,Evolucionistas,115,43,1560
13,105,3,Isolados,115,79,1676
13,110,0,Empiristas,115,89,1679
13,110,1,Incrementalistas,115,37,1374
13,110,2,Evolucionistas,115,48,1665
13,110,3,Isolados,115,83,1886
13,115,0,Empiristas,115,98,1912
13,115,1,Incrementalistas,115,40,1490
13,115,2,Evolucionistas,115,51,1783
13,115,3,Isolados,115,90,2121
13,120,0,Empiristas,115,102,2171
13,120,1,Incrementalistas,115,41,1621
13,120,2,Evolucionistas,115,54,1912
13,120,3,Isolados,115,95,2381
13,125,0,Empiristas,115,105,2457
13,125,1,Incrementalistas,115,46,1793
13,125,2,Evolucionistas,115,58,2054
13,125,3,Isolados,115,97,2666
13,130,0,Empiristas,115,109,2774
13,130,1,Incrementalistas,115,48,2107
13,130,2,Evolucionistas,115,62,2277
13,130,3,Isolados,115,98,2982
13,135,0,Empiristas,115,111,3120
13,135,1,Incrementalistas,115,59,2454
13,135,2,Evolucionistas,115,68,2625
13,135,3,Isolados,115,100,3329
13,140,0,Empiristas,115,112,3504
13,140,1,Incrementalistas,115,64,2840
13,140,2,Evolucionistas,115,70,3011
13,140,3,Isolados,115,105,3713
13,145,0,Empiristas,115,114,3930
13,145,1,Incrementalistas,115,71,3262
13,145,2,Evolucionistas,115,74,3437
13,145,3,Isolados,115,107,4138
13,150,0,Empiristas,115,115,4399
13,150,1,Incrementalistas,115,75,3732
13,150,2,Evolucionistas,115,84,3906
13,150,3,Isolados,115,109,4606
13,155,0,Empiristas,115,115,4918
13,155,1,Incrementalistas,115,77,4249
13,155,2,Evolucionistas,115,89,4424
13,155,3,Isolados,115,110,5124
13,160,0,Empiristas,115,116,5491
13,160,1,Incrementalistas,115,85,4822
13,160,2,Evolucionistas,115,95,4996
13,160,3,Isolados,115,110,5696
13,165,0,Empiristas,115,116,6122
13,165,1,Incrementalistas,115,90,5452
13,165,2,Evolucionistas,115,99,5629
13,165,3,Isolados,115,113,6327
13,170,0,Empiristas,115,116,6819
13,170,1,Incrementalistas,115,93,6147
13,170,2,Evolucionistas,115,102,6326
13,170,3,Isolados,115,113,7024
13,175,0,Empiristas,115,116,7589
13,175,1,Incrementalistas,115,98,6916
13,175,2,Evolucionistas,115,106,7096
13,175,3,Isolados,115,114,7794
13,180,0,Empiristas,115,92,8095
13,180,1,Incrementalistas,115,100,7766
13,180,2,Evolucionistas,115,111,7944
13,180,3,Isolados,115,116,8643
13,185,0,Empiristas,115,102,8563
13,185,1,Incrementalistas,115,104,8702
13,185,2,Evolucionistas,115,112,8880
13,185,3,Isolados,115,116,9582
13,190,0,Empiristas,115,107,9080
13,190,1,Incrementalistas,115,108,9737
13,190,2,Evolucionistas,115,113,9916
13,190,3,Isolados,115,116,10618
13,195,0,Empiristas,115,111,9652
13,195,1,Incrementalistas,115,111,10879
13,195,2,Evolucionistas,115,113,11059
13,195,3,Isolados,115,116,11760
13,200,0,Empiristas,115,112,10281
13,200,1,Incrementalistas,115,114,12140
13,200,2,Evolucionistas,115,115,12319
13,200,3,Isolados,115,116,13023
13,205,0,Empiristas,115,112,11674
13,205,1,Incrementalistas,115,114,13533
13,205,2,Evolucionistas,115,116,13712
13,205,3,Isolados,115,116,14415
13,210,0,Empiristas,115,113,13212
13,210,1,Incrementalistas,115,114,15071
13,210,2,Evolucionistas,115,116,15249
13,210,3,Isolados,115,116,15952
13,215,0,Empiristas,115,114,14911
13,215,1,Incrementalistas,115,114,16768
13,215,2,Evolucionistas,115,116,16947
13,215,3,Isolados,115,116,17650
13,220,0,Empiristas,115,115,16785
13,220,1,Incrementalistas,115,114,18643
13,220,2,Evolucionistas,115,116,18824
13,220,3,Isolados,115,116,19524
13,225,0,Empiristas,115,115,18854
13,225,1,Incrementalistas,115,115,20714
13,225,2,Evolucionistas,115,116,20894
13,225,3,Isolados,115,116,21594
13,230,0,Empiristas,115,115,21138
13,230,1,Incrementalistas,115,116,22998
13,230,2,Evolucionistas,115,116,23180
13,230,3,Isolados,115,116,23878
13,235,0,Empiristas,115,115,23616
13,235,1,Incrementalistas,115,116,25478
13,235,2,Evolucionistas,115,116,25660
13,235,3,Isolados,115,116,26358
13,240,0,Empiristas,115,115,26116
13,240,1,Incrementalistas,115,116,27978
13,240,2,Evolucionistas,115,116,28160
13,240,3,Isolados,115,116,28858
13,245,0,Empiristas,115,115,28616
13,245,1,Incrementalistas,115,116,30478
13,245,2,Evolucionistas,115,116,30660
13,245,3,Isolados,115,116,31358
13,250,0,Empiristas,115,116,31116
13,250,1,Incrementalistas,115,116,32978
13,250,2,Evolucionistas,115,116,33160
13,250,3,Isolados,115,116,33858
13,255,0,Empiristas,115,116,33616
13,255,1,Incrementalistas,115,116,35478
13,255,2,Evolucionistas,115,116,35660
13,255,3,Isolados,115,116,36358
13,260,0,Empiristas,115,116,36116
13,260,1,Incrementalistas,115,116,37978
13,260,2,Evolucionistas,115,116,38160
13,260,3,Isolados,115,116,38858
13,265,0,Empiristas,115,116,38616
13,265,1,Incrementalistas,115,116,40478
13,265,2,Evolucionistas,115,116,40660
13,265,3,Isolados,115,116,41358
13,270,0,Empiristas,115,116,41116
13,270,1,Incrementalistas,115,116,42978
13,270,2,Evolucionistas,115,116,43160
13,270,3,Isolados,115,116,43858
13,275,0,Empiristas,115,116,43616
13,275,1,Incrementalistas,115,116,45478
13,275,2,Evolucionistas,115,116,45660
13,275,3,Isolados,115,116,46358
13,280,0,Empiristas,115,116,46116
13,280,1,Incrementalistas,115,116,47978
13,280,2,Evolucionistas,115,116,48160
13,280,3,Isolados,115,116,48858
13,285,0,Empiristas,115,116,48616
13,285,1,Incrementalistas,115,116,50478
13,285,2,Evolucionistas,115,116,50660
13,285,3,Isolados,115,116,51358
13,290,0,Empiristas,115,116,51116
13,290,1,Incrementalistas,115,116,52978
13,290,2,Evolucionistas,115,116,53160
13,290,3,Isolados,115,116,53858
13,295,0,Empiristas,115,116,53616
13,295,1,Incrementalistas,115,116,55478
13,295,2,Evolucionistas,115,116,55660
13,295,3,Isolados,115,116,56358
13,300,0,Empiristas,115,116,56116
13,300,1,Incrementalistas,115,116,57978
13,300,2,Evolucionistas,115,116,58160
13,300,3,Isolados,115,116,58858
14,0,0,Empiristas,109,2,5
14,0,1,Incrementalistas,88,4,5
14,0,2,Evolucionistas,88,3,5
14,0,3,Isolados,72,2,5
14,5,0,Empiristas,112,9,31
14,5,1,Incrementalistas,93,10,32
14,5,2,Evolucionistas,114,7,32
14,5,3,Isolados,77,10,31
14,10,0,Empiristas,115,19,60
14,10,1,Incrementalistas,115,15,62
14,10,2,Evolucionistas,115,11,62
14,10,3,Isolados,78,14,61
14,15,0,Empiristas,115,24,93
14,15,1,Incrementalistas,115,24,95
14,15,2,Evolucionistas,115,13,94
14,15,3,Isolados,78,15,95
14,20,0,Empiristas,115,27,129
14,20,1,Incrementalistas,115,29,131
14,20,2,Evolucionistas,115,14,130
14,20,3,Isolados,110,18,131
14,25,0,Empiristas,115,33,168
14,25,1,Incrementalistas,115,33,170
14,25,2,Evolucionistas,115,20,169
14,25,3,Isolados,110,21,172
14,30,0,Empiristas,115,40,211
14,30,1,Incrementalistas,115,34,214
14,30,2,Evolucionistas,115,21,213
14,30,3,Isolados,112,30,214
14,35,0,Empiristas,115,46,260
14,35,1,Incrementalistas,115,34,262
14,35,2,Evolucionistas,115,26,261
14,35,3,Isolados,114,29,247
14,40,0,Empiristas,115,51,314
14,40,1,Incrementalistas,115,34,316
14,40,2,Evolucionistas,115,27,314
14,40,3,Isolados,114,31,273
14,45,0,Empiristas,115,56,372
14,45,1,Incrementalistas,115,36,375
14,45,2,Evolucionistas,115,29,370
14,45,3,Isolados,114,35,302
14,50,0,Empiristas,115,47,428
14,50,1,Incrementalistas,115,36,440
14,50,2,Evolucionistas,115,32,436
14,50,3,Isolados,114,38,334
14,55,0,Empiristas,115,51,464
14,55,1,Incrementalistas,115,37,512
14,55,2,Evolucionistas,115,35,508
14,55,3,Isolados,114,40,369
14,60,0,Empiristas,115,53,503
14,60,1,Incrementalistas,115,40,590
14,60,2,Evolucionistas,115,37,586
14,60,3,Isolados,115,42,440
14,65,0,Empiristas,115,58,547
14,65,1,Incrementalistas,115,45,677
14,65,2,Evolucionistas,115,41,672
14,65,3,Isolados,115,43,526
14,70,0,Empiristas,115,60,594
14,70,1,Incrementalistas,115,48,773
14,70,2,Evolucionistas,115,44,768
14,70,3,Isolados,115,48,621
14,75,0,Empiristas,115,66,669
14,75,1,Incrementalistas,115,50,880
14,75,2,Evolucionistas,115,47,876
14,75,3,Isolados,115,50,727
14,80,0,Empiristas,115,75,786
14,80,1,Incrementalistas,115,54,998
14,80,2,Evolucionistas,115,51,994
14,80,3,Isolados,115,52,845
14,85,0,Empiristas,115,79,914
14,85,1,Incrementalistas,115,59,1127
14,85,2,Evolucionistas,115,58,1123
14,85,3,Isolados,115,58,973
14,90,0,Empiristas,115,82,1058
14,90,1,Incrementalistas,115,63,1270
14,90,2,Evolucionistas,115,62,1266
14,90,3,Isolados,115,62,1116
14,95,0,Empiristas,115,88,1215
14,95,1,Incrementalistas,115,66,1428
14,95,2,Evolucionistas,115,62,1424
14,95,3,Isolados,115,69,1275
14,100,0,Empiristas,115,93,1389
14,100,1,Incrementalistas,115,69,1602
14,100,2,Evolucionistas,115,64,1598
14,100,3,Isolados,115,74,1450
14,105,0,Empiristas,115,97,1581
14,105,1,Incrementalistas,115,70,1794
14,105,2,Evolucionistas,115,67,1790
14,105,3,Isolados,115,77,1643
14,110,0,Empiristas,115,100,1793
14,110,1,Incrementalistas,115,72,2006
14,110,2,Evolucionistas,115,73,2001
14,110,3,Isolados,115,81,1856
14,115,0,Empiristas,115,102,2028
14,115,1,Incrementalistas,115,76,2240
14,115,2,Evolucionistas,115,74,2236
14,115,3,Isolados,115,86,2091
14,120,0,Empiristas,115,107,2286
14,120,1,Incrementalistas,115,79,2500
14,120,2,Evolucionistas,115,80,2495
14,120,3,Isolados,115,90,2350
14,125,0,Empiristas,115,110,2572
14,125,1,Incrementalistas,115,85,2786
14,125,2,Evolucionistas,115,82,2780
14,125,3,Isolados,115,92,2635
14,130,0,Empiristas,115,111,2888
14,130,1,Incrementalistas,115,87,3101
14,130,2,Evolucionistas,115,87,3095
14,130,3,Isolados,115,94,2951
14,135,0,Empiristas,115,112,3237
14,135,1,Incrementalistas,115,70,3341
14,135,2,Evolucionistas,115,92,3445
14,135,3,Isolados,115,97,3299
14,140,0,Empiristas,115,112,3621
14,140,1,Incrementalistas,115,70,3533
14,140,2,Evolucionistas,115,96,3830
14,140,3,Isolados,115,99,3684
14,145,0,Empiristas,115,112,4047
14,145,1,Incrementalistas,115,73,3745
14,145,2,Evolucionistas,115,100,4256
14,145,3,Isolados,115,100,4109
14,150,0,Empiristas,115,114,4515
14,150,1,Incrementalistas,115,77,3981
14,150,2,Evolucionistas,115,100,4725
14,150,3,Isolados,115,102,4578
14,155,0,Empiristas,115,114,5031
14,155,1,Incrementalistas,115,82,4240
14,155,2,Evolucionistas,115,101,5242
14,155,3,Isolados,115,106,5094
14,160,0,Empiristas,115,114,5602
14,160,1,Incrementalistas,115,89,4755
14,160,2,Evolucionistas,115,105,5813
14,160,3,Isolados,115,108,5666
14,165,0,Empiristas,115,114,6235
14,165,1,Incrementalistas,115,95,5386
14,165,2,Evolucionistas,115,105,6444
14,165,3,Isolados,115,109,6296
14,170,0,Empiristas,115,114,6931
14,170,1,Incrementalistas,115,100,6081
14,170,2,Evolucionistas,115,109,7141
14,170,3,Isolados,115,111,6993
14,175,0,Empiristas,115,115,7701
14,175,1,Incrementalistas,115,104,6851
14,175,2,Evolucionistas,115,112,7908
14,175,3,Isolados,115,112,7762
14,180,0,Empiristas,115,115,8550
14,180,1,Incrementalistas,115,105,7700
14,180,2,Evolucionistas,115,112,8758
14,180,3,Isolados,115,114,8612
14,185,0,Empiristas,115,115,9487
14,185,1,Incrementalistas,115,107,8638
14,185,2,Evolucionistas,115,114,9694
14,185,3,Isolados,115,116,9549
14,190,0,Empiristas,115,115,10522
14,190,1,Incrementalistas,115,108,9674
14,190,2,Evolucionistas,115,115,10729
14,190,3,Isolados,115,116,10584
14,195,0,Empiristas,115,115,11664
14,195,1,Incrementalistas,115,108,10817
14,195,2,Evolucionistas,115,116,11871
14,195,3,Isolados,115,116,11728
14,200,0,Empiristas,115,115,12926
14,200,1,Incrementalistas,115,75,11948
14,200,2,Evolucionistas,115,116,13133
14,200,3,Isolados,115,116,12989
14,205,0,Empiristas,115,115,14319
14,205,1,Incrementalistas,115,86,12642
14,205,2,Evolucionistas,115,116,14525
14,205,3,Isolados,115,116,14383
14,210,0,Empiristas,115,115,15858
14,210,1,Incrementalistas,115,92,13410
14,210,2,Evolucionistas,115,116,16063
14,210,3,Isolados,115,116,15922
14,215,0,Empiristas,115,115,17557
14,215,1,Incrementalistas,115,98,14259
14,215,2,Evolucionistas,115,116,17761
14,215,3,Isolados,115,116,17620
14,220,0,Empiristas,115,115,19432
14,220,1,Incrementalistas,115,100,15197
14,220,2,Evolucionistas,115,116,19636
14,220,3,Isolados,115,116,19495
14,225,0,Empiristas,115,76,21503
14,225,1,Incrementalistas,115,103,16657
14,225,2,Evolucionistas,115,116,21706
14,225,3,Isolados,115,116,21565
14,230,0,Empiristas,115,105,22645
14,230,1,Incrementalistas,115,107,18943
14,230,2,Evolucionistas,115,116,23991
14,230,3,Isolados,115,78,23851
14,235,0,Empiristas,115,112,23884
14,235,1,Incrementalistas,115,112,21422
14,235,2,Evolucionistas,115,116,26471
14,235,3,Isolados,115,93,25090
14,240,0,Empiristas,115,113,25134
14,240,1,Incrementalistas,115,113,23922
14,240,2,Evolucionistas,115,116,28971
14,240,3,Isolados,115,104,26340
14,245,0,Empiristas,115,114,26384
14,245,1,Incrementalistas,115,114,26422
14,245,2,Evolucionistas,115,116,31471
14,245,3,Isolados,115,108,27590
14,250,0,Empiristas,115,116,27884
14,250,1,Incrementalistas,115,116,28922
14,250,2,Evolucionistas,115,116,33971
14,250,3,Isolados,115,111,28840
14,255,0,Empiristas,115,116,30384
14,255,1,Incrementalistas,115,116,31422
14,255,2,Evolucionistas,115,116,36471
14,255,3,Isolados,115,113,30340
14,260,0,Empiristas,115,116,32884
14,260,1,Incrementalistas,115,116,33922
14,260,2,Evolucionistas,115,116,38971
14,260,3,Isolados,115,115,32840
14,265,0,Empiristas,115,116,35384
14,265,1,Incrementalistas,115,116,36422
14,265,2,Evolucionistas,115,116,41471
14,265,3,Isolados,115,115,35340
14,270,0,Empiristas,115,116,37884
14,270,1,Incrementalistas,115,116,38922
14,270,2,Evolucionistas,115,116,43971
14,270,3,Isolados,115,115,37840
14,275,0,Empiristas,115,116,40384
14,275,1,Incrementalistas,115,116,41422
14,275,2,Evolucionistas,115,116,46471
14,275,3,Isolados,115,115,40340
14,280,0,Empiristas,115,116,42884
14,280,1,Incrementalistas,115,116,43922
14,280,2,Evolucionistas,115,116,48971
14,280,3,Isolados,115,115,42840
14,285,0,Empiristas,115,116,45384
14,285,1,Incrementalistas,115,116,46422
14,285,2,Evolucionistas,115,116,51471
14,285,3,Isolados,115,115,45340
14,290,0,Empiristas,115,116,47884
14,290,1,Incrementalistas,115,116,48922
14,290,2,Evolucionistas,115,116,53971
14,290,3,Isolados,115,116,47840
14,295,0,Empiristas,115,116,50384
14,295,1,Incrementalistas,115,116,51422
14,295,2,Evolucionistas,115,116,56471
14,295,3,Isolados,115,116,50340
14,300,0,Empiristas,115,116,52884
14,300,1,Incrementalistas,115,116,53922
14,300,2,Evolucionistas,115,116,58971
14,300,3,Isolados,115,116,52840
15,0,0,Empiristas,54,2,5
15,0,1,Incrementalistas,50.3205,2,5
15,0,2,Evolucionistas,96,3,5
15,0,3,Isolados,100.868,1,5
15,5,0,Empiristas,100,11,33
15,5,1,Incrementalistas,58,5,30
15,5,2,Evolucionistas,100,6,30
15,5,3,Isolados,108.55,5,31
15,10,0,Empiristas,100,16,60
15,10,1,Incrementalistas,100,10,58
15,10,2,Evolucionistas,100,10,59
15,10,3,Isolados,108.55,6,59
15,15,0,Empiristas,101,21,93
15,15,1,Incrementalistas,100,15,90
15,15,2,Evolucionistas,100,11,91
15,15,3,Isolados,108.55,7,93
15,20,0,Empiristas,101,26,128
15,20,1,Incrementalistas,101,17,126
15,20,2,Evolucionistas,101,14,126
15,20,3,Isolados,111.714,7,128
15,25,0,Empiristas,101,34,167
15,25,1,Incrementalistas,102,19,165
15,25,2,Evolucionistas,101,16,165
15,25,3,Isolados,111.714,11,168
15,30,0,Empiristas,102,37,211
15,30,1,Incrementalistas,102,21,208
15,30,2,Evolucionistas,102,18,209
15,30,3,Isolados,115,15,212
15,35,0,Empiristas,102,41,259
15,35,1,Incrementalistas,104,23,256
15,35,2,Evolucionistas,102,19,256
15,35,3,Isolados,115,28,259
15,40,0,Empiristas,104,47,312
15,40,1,Incrementalistas,104,26,308
15,40,2,Evolucionistas,104,24,309
15,40,3,Isolados,115,30,313
15,45,0,Empiristas,104,54,370
15,45,1,Incrementalistas,106,28,364
15,45,2,Evolucionistas,104,26,368
15,45,3,Isolados,115,33,372
15,50,0,Empiristas,104,56,435
15,50,1,Incrementalistas,108,32,428
15,50,2,Evolucionistas,106,29,434
15,50,3,Isolados,115,36,438
15,55,0,Empiristas,104,59,506
15,55,1,Incrementalistas,114,39,500
15,55,2,Evolucionistas,108,32,506
15,55,3,Isolados,115,37,510
15,60,0,Empiristas,114,67,588
15,60,1,Incrementalistas,114,42,579
15,60,2,Evolucionistas,114,36,585
15,60,3,Isolados,115,40,587
15,65,0,Empiristas,114,77,675
15,65,1,Incrementalistas,115,45,666
15,65,2,Evolucionistas,114,42,674
15,65,3,Isolados,115,42,674
15,70,0,Empiristas,115,81,771
15,70,1,Incrementalistas,115,48,762
15,70,2,Evolucionistas,115,45,769
15,70,3,Isolados,115,48,769
15,75,0,Empiristas,115,84,878
15,75,1,Incrementalistas,115,50,868
15,75,2,Evolucionistas,115,45,874
15,75,3,Isolados,115,50,876
15,80,0,Empiristas,115,88,996
15,80,1,Incrementalistas,115,52,985
15,80,2,Evolucionistas,115,46,992
15,80,3,Isolados,115,55,994
15,85,0,Empiristas,115,90,1125
15,85,1,Incrementalistas,115,54,1114
15,85,2,Evolucionistas,115,49,1122
15,85,3,Isolados,115,61,1124
15,90,0,Empiristas,115,94,1268
15,90,1,Incrementalistas,115,41,1200
15,90,2,Evolucionistas,115,54,1263
15,90,3,Isolados,115,64,1265
15,95,0,Empiristas,115,95,1426
15,95,1,Incrementalistas,115,41,1280
15,95,2,Evolucionistas,115,56,1421
15,95,3,Isolados,115,67,1423
15,100,0,Empiristas,115,98,1602
15,100,1,Incrementalistas,115,46,1366
15,100,2,Evolucionistas,115,59,1595
15,100,3,Isolados,115,71,1598
15,105,0,Empiristas,115,101,1794
15,105,1,Incrementalistas,115,49,1463
15,105,2,Evolucionistas,115,65,1787
15,105,3,Isolados,115,71,1789
15,110,0,Empiristas,115,104,2005
15,110,1,Incrementalistas,115,53,1571
15,110,2,Evolucionistas,115,70,1999
15,110,3,Isolados,115,76,2003
15,115,0,Empiristas,115,107,2238
15,115,1,Incrementalistas,115,58,1806
15,115,2,Evolucionistas,115,76,2234
15,115,3,Isolados,115,80,2238
15,120,0,Empiristas,115,109,2496
15,120,1,Incrementalistas,115,64,2064
15,120,2,Evolucionistas,115,78,2492
15,120,3,Isolados,115,84,2497
15,125,0,Empiristas,115,110,2782
15,125,1,Incrementalistas,115,65,2350
15,125,2,Evolucionistas,115,80,2780
15,125,3,Isolados,115,86,2783
15,130,0,Empiristas,115,111,3096
15,130,1,Incrementalistas,115,68,2666
15,130,2,Evolucionistas,115,84,3097
15,130,3,Isolados,115,87,3100
15,135,0,Empiristas,115,113,3445
15,135,1,Incrementalistas,115,79,3014
15,135,2,Evolucionistas,115,85,3446
15,135,3,Isolados,115,94,3448
15,140,0,Empiristas,115,113,3830
15,140,1,Incrementalistas,115,85,3398
15,140,2,Evolucionistas,115,86,3830
15,140,3,Isolados,115,96,3833
15,145,0,Empiristas,115,114,4255
15,145,1,Incrementalistas,115,88,3822
15,145,2,Evolucionistas,115,89,4255
15,145,3,Isolados,115,99,4257
15,150,0,Empiristas,115,114,4722
15,150,1,Incrementalistas,115,93,4290
15,150,2,Evolucionistas,115,95,4723
15,150,3,Isolados,115,101,4726
15,155,0,Empiristas,115,114,5240
15,155,1,Incrementalistas,115,97,4808
15,155,2,Evolucionistas,115,101,5241
15,155,3,Isolados,115,106,5245
15,160,0,Empiristas,115,114,5813
15,160,1,Incrementalistas,115,102,5379
15,160,2,Evolucionistas,115,102,5812
15,160,3,Isolados,115,106,5817
15,165,0,Empiristas,115,115,6443
15,165,1,Incrementalistas,115,106,6010
15,165,2,Evolucionistas,115,107,6443
15,165,3,Isolados,115,108,6447
15,170,0,Empiristas,115,115,7140
15,170,1,Incrementalistas,115,108,6706
15,170,2,Evolucionistas,115,107,7141
15,170,3,Isolados,115,109,7144
15,175,0,Empiristas,115,115,7909
15,175,1,Incrementalistas,115,110,7475
15,175,2,Evolucionistas,115,108,7910
15,175,3,Isolados,115,109,7912
15,180,0,Empiristas,115,116,8758
15,180,1,Incrementalistas,115,111,8325
15,180,2,Evolucionistas,115,111,8758
15,180,3,Isolados,115,111,8760
15,185,0,Empiristas,115,116,9697
15,185,1,Incrementalistas,115,112,9264
15,185,2,Evolucionistas,115,113,9695
15,185,3,Isolados,115,113,9696
15,190,0,Empiristas,115,116,10733
15,190,1,Incrementalistas,115,112,10299
15,190,2,Evolucionistas,115,114,10731
15,190,3,Isolados,115,115,10730
15,195,0,Empiristas,115,116,11876
15,195,1,Incrementalistas,115,112,11441
15,195,2,Evolucionistas,115,114,11874
15,195,3,Isolados,115,85,11754
15,200,0,Empiristas,115,116,13137
15,200,1,Incrementalistas,115,112,12702
15,200,2,Evolucionistas,115,114,13137
15,200,3,Isolados,115,94,12385
15,205,0,Empiristas,115,116,14529
15,205,1,Incrementalistas,115,112,14094
15,205,2,Evolucionistas,115,114,14530
15,205,3,Isolados,115,103,13082
15,210,0,Empiristas,115,116,16068
15,210,1,Incrementalistas,115,112,15632
15,210,2,Evolucionistas,115,114,16067
15,210,3,Isolados,115,105,13851
15,215,0,Empiristas,115,116,17768
15,215,1,Incrementalistas,115,112,17330
15,215,2,Evolucionistas,115,114,17765
15,215,3,Isolados,115,108,14700
15,220,0,Empiristas,115,116,19642
15,220,1,Incrementalistas,115,112,19206
15,220,2,Evolucionistas,115,114,19639
15,220,3,Isolados,115,111,16025
15,225,0,Empiristas,115,116,21712
15,225,1,Incrementalistas,115,112,21276
15,225,2,Evolucionistas,115,114,21708
15,225,3,Isolados,115,114,18094
15,230,0,Empiristas,115,116,23996
15,230,1,Incrementalistas,115,113,23561
15,230,2,Evolucionistas,115,115,23993
15,230,3,Isolados,115,114,20379
15,235,0,Empiristas,115,116,26474
15,235,1,Incrementalistas,115,114,26041
15,235,2,Evolucionistas,115,115,26472
15,235,3,Isolados,115,115,22859
15,240,0,Empiristas,115,116,28974
15,240,1,Incrementalistas,115,116,28541
15,240,2,Evolucionistas,115,115,28972
15,240,3,Isolados,115,116,25359
15,245,0,Empiristas,115,116,31474
15,245,1,Incrementalistas,115,116,31041
15,245,2,Evolucionistas,115,115,31472
15,245,3,Isolados,115,116,27859
15,250,0,Empiristas,115,116,33974
15,250,1,Incrementalistas,115,116,33541
15,250,2,Evolucionistas,115,115,33972
15,250,3,Isolados,115,116,30359
15,255,0,Empiristas,115,116,36474
15,255,1,Incrementalistas,115,116,36041
15,255,2,Evolucionistas,115,115,36472
15,255,3,Isolados,115,116,32859
15,260,0,Empiristas,115,116,38974
15,260,1,Incrementalistas,115,116,38541
15,260,2,Evolucionistas,115,115,38972
15,260,3,Isolados,115,116,35359
15,265,0,Empiristas,115,116,41474
15,265,1,Incrementalistas,115,116,41041
15,265,2,Evolucionistas,115,116,41472
15,265,3,Isolados,115,116,37859
15,270,0,Empiristas,115,116,43974
15,270,1,Incrementalistas,115,116,43541
15,270,2,Evolucionistas,115,116,43972
15,270,3,Isolados,115,116,40359
15,275,0,Empiristas,115,116,46474
15,275,1,Incrementalistas,115,116,46041
15,275,2,Evolucionistas,115,116,46472
15,275,3,Isolados,115,116,42859
15,280,0,Empiristas,115,116,48974
15,280,1,Incrementalistas,115,116,48541
15,280,2,Evolucionistas,115,116,48972
15,280,3,Isolados,115,116,45359
15,285,0,Empiristas,115,116,51474
15,285,1,Incrementalistas,115,116,51041
15,285,2,Evolucionistas,115,116,51472
15,285,3,Isolados,115,116,47859
15,290,0,Empiristas,115,116,53974
15,290,1,Incrementalistas,115,116,53541
15,290,2,Evolucionistas,115,116,53972
15,290,3,Isolados,115,116,50359
15,295,0,Empiristas,115,76,56474
15,295,1,Incrementalistas,115,116,56041
15,295,2,Evolucionistas,115,116,56472
15,295,3,Isolados,115,116,52859
15,300,0,Empiristas,115,108,57724
15,300,1,Incrementalistas,115,116,58541
15,300,2,Evolucionistas,115,116,58972
15,300,3,Isolados,115,116,55359
16,0,0,Empiristas,15,4,5
16,0,1,Incrementalistas,62.8943,1,5
16,0,2,Evolucionistas,84.9191,1,5
16,0,3,Isolados,82.4885,2,5
16,5,0,Empiristas,103,12,32
16,5,1,Incrementalistas,103,8,31
16,5,2,Evolucionistas,103,10,32
16,5,3,Isolados,85,7,30
16,10,0,Empiristas,103,18,62
16,10,1,Incrementalistas,103,14,59
16,10,2,Evolucionistas,103,10,61
16,10,3,Isolados,86.9255,10,60
16,15,0,Empiristas,103,25,94
16,15,1,Incrementalistas,103,20,93
16,15,2,Evolucionistas,103,19,94
16,15,3,Isolados,88,16,92
16,20,0,Empiristas,104,32,129
16,20,1,Incrementalistas,104,27,130
16,20,2,Evolucionistas,104,22,129
16,20,3,Isolados,88,19,128
16,25,0,Empiristas,108,37,168
16,25,1,Incrementalistas,108,32,170
16,25,2,Evolucionistas,104,26,167
16,25,3,Isolados,90,22,167
16,30,0,Empiristas,114,44,213
16,30,1,Incrementalistas,111,37,213
16,30,2,Evolucionistas,111,30,210
16,30,3,Isolados,99.1358,26,211
16,35,0,Empiristas,114,49,260
16,35,1,Incrementalistas,114,42,260
16,35,2,Evolucionistas,113,34,257
16,35,3,Isolados,101,30,259
16,40,0,Empiristas,114,52,313
16,40,1,Incrementalistas,114,43,313
16,40,2,Evolucionistas,114,40,310
16,40,3,Isolados,101,34,313
16,45,0,Empiristas,114,58,371
16,45,1,Incrementalistas,115,46,371
16,45,2,Evolucionistas,115,41,370
16,45,3,Isolados,109,39,372
16,50,0,Empiristas,115,68,437
16,50,1,Incrementalistas,115,46,437
16,50,2,Evolucionistas,115,43,436
16,50,3,Isolados,112,45,436
16,55,0,Empiristas,115,71,509
16,55,1,Incrementalistas,115,47,508
16,55,2,Evolucionistas,115,45,508
16,55,3,Isolados,114,51,507
16,60,0,Empiristas,115,74,587
16,60,1,Incrementalistas,115,48,586
16,60,2,Evolucionistas,115,49,586
16,60,3,Isolados,114,56,586
16,65,0,Empiristas,115,49,640
16,65,1,Incrementalistas,115,50,673
16,65,2,Evolucionistas,114,34,656
16,65,3,Isolados,115,58,674
16,70,0,Empiristas,115,57,689
16,70,1,Incrementalistas,115,50,769
16,70,2,Evolucionistas,115,37,704
16,70,3,Isolados,115,60,770
16,75,0,Empiristas,115,58,741
16,75,1,Incrementalistas,115,50,873
16,75,2,Evolucionistas,115,41,756
16,75,3,Isolados,115,62,875
16,80,0,Empiristas,115,65,800
16,80,1,Incrementalistas,115,54,991
16,80,2,Evolucionistas,115,41,814
16,80,3,Isolados,115,66,993
16,85,0,Empiristas,115,66,865
16,85,1,Incrementalistas,115,58,1122
16,85,2,Evolucionistas,115,45,878
16,85,3,Isolados,115,74,1122
16,90,0,Empiristas,115,70,1008
16,90,1,Incrementalistas,115,59,1264
16,90,2,Evolucionistas,115,49,994
16,90,3,Isolados,115,78,1265
16,95,0,Empiristas,115,78,1166
16,95,1,Incrementalistas,115,62,1421
16,95,2,Evolucionistas,115,51,1153
16,95,3,Isolados,115,82,1423
16,100,0,Empiristas,115,83,1340
16,100,1,Incrementalistas,115,63,1596
16,100,2,Evolucionistas,115,58,1328
16,100,3,Isolados,115,85,1598
16,105,0,Empiristas,115,86,1533
16,105,1,Incrementalistas,115,66,1789
16,105,2,Evolucionistas,115,63,1519
16,105,3,Isolados,115,86,1792
16,110,0,Empiristas,115,91,1744
16,110,1,Incrementalistas,115,71,2003
16,110,2,Evolucionistas,115,68,1732
16,110,3,Isolados,115,89,2005
16,115,0,Empiristas,115,92,1977
16,115,1,Incrementalistas,115,78,2238
16,115,2,Evolucionistas,115,71,1967
16,115,3,Isolados,115,92,2238
16,120,0,Empiristas,115,97,2237
16,120,1,Incrementalistas,115,83,2497
16,120,2,Evolucionistas,115,74,2226
16,120,3,Isolados,115,94,2496
16,125,0,Empiristas,115,98,2522
16,125,1,Incrementalistas,115,87,2784
16,125,2,Evolucionistas,115,76,2512
16,125,3,Isolados,115,98,2781
16,130,0,Empiristas,115,102,2837
16,130,1,Incrementalistas,115,88,3100
16,130,2,Evolucionistas,115,80,2828
16,130,3,Isolados,115,101,3096
16,135,0,Empiristas,115,108,3185
16,135,1,Incrementalistas,115,89,3449
16,135,2,Evolucionistas,115,83,3175
16,135,3,Isolados,115,101,3444
16,140,0,Empiristas,115,109,3568
16,140,1,Incrementalistas,115,89,3833
16,140,2,Evolucionistas,115,89,3559
16,140,3,Isolados,115,103,3828
16,145,0,Empiristas,115,111,3992
16,145,1,Incrementalistas,115,93,4257
16,145,2,Evolucionistas,115,91,3983
16,145,3,Isolados,115,106,4251
16,150,0,Empiristas,115,113,4461
16,150,1,Incrementalistas,115,95,4726
16,150,2,Evolucionistas,115,92,4452
16,150,3,Isolados,115,109,4720
16,155,0,Empiristas,115,114,4977
16,155,1,Incrementalistas,115,97,5243
16,155,2,Evolucionistas,115,96,4970
16,155,3,Isolados,115,111,5239
16,160,0,Empiristas,115,115,5549
16,160,1,Incrementalistas,115,99,5813
16,160,2,Evolucionistas,115,99,5541
16,160,3,Isolados,115,112,5811
16,165,0,Empiristas,115,115,6180
16,165,1,Incrementalistas,115,99,6445
16,165,2,Evolucionistas,115,101,6170
16,165,3,Isolados,115,112,6441
16,170,0,Empiristas,115,115,6876
16,170,1,Incrementalistas,115,102,7142
16,170,2,Evolucionistas,115,102,6868
16,170,3,Isolados,115,112,7138
16,175,0,Empiristas,115,116,7645
16,175,1,Incrementalistas,115,104,7912
16,175,2,Evolucionistas,115,107,7638
16,175,3,Isolados,115,114,7907
16,180,0,Empiristas,115,116,8494
16,180,1,Incrementalistas,115,107,8761
16,180,2,Evolucionistas,115,109,8487
16,180,3,Isolados,114,71,8668
16,185,0,Empiristas,115,116,9432
16,185,1,Incrementalistas,115,109,9697
16,185,2,Evolucionistas,115,111,9424
16,185,3,Isolados,115,81,9135
16,190,0,Empiristas,115,116,10467
16,190,1,Incrementalistas,115,111,10731
16,190,2,Evolucionistas,115,113,10459
16,190,3,Isolados,115,89,9654
16,195,0,Empiristas,115,116,11610
16,195,1,Incrementalistas,115,112,11874
16,195,2,Evolucionistas,115,113,11601
16,195,3,Isolados,115,98,10225
16,200,0,Empiristas,115,116,12873
16,200,1,Incrementalistas,115,113,13137
16,200,2,Evolucionistas,115,113,12863
16,200,3,Isolados,115,104,10855
16,205,0,Empiristas,115,116,14267
16,205,1,Incrementalistas,115,113,14531
16,205,2,Evolucionistas,115,113,14255
16,205,3,Isolados,115,108,11838
16,210,0,Empiristas,115,116,15806
16,210,1,Incrementalistas,115,113,16068
16,210,2,Evolucionistas,115,114,15793
16,210,3,Isolados,115,110,13376
16,215,0,Empiristas,115,116,17504
16,215,1,Incrementalistas,115,115,17765
16,215,2,Evolucionistas,115,115,17492
16,215,3,Isolados,115,113,15074
16,220,0,Empiristas,115,116,19377
16,220,1,Incrementalistas,115,115,19639
16,220,2,Evolucionistas,115,115,19366
16,220,3,Isolados,115,114,16948
16,225,0,Empiristas,115,116,21445
16,225,1,Incrementalistas,115,115,21709
16,225,2,Evolucionistas,115,115,21437
16,225,3,Isolados,115,116,19017
16,230,0,Empiristas,115,116,23731
16,230,1,Incrementalistas,115,115,23994
16,230,2,Evolucionistas,115,115,23722
16,230,3,Isolados,115,116,21303
16,235,0,Empiristas,115,116,26210
16,235,1,Incrementalistas,115,115,26473
16,235,2,Evolucionistas,115,115,26200
16,235,3,Isolados,115,116,23781
16,240,0,Empiristas,115,116,28710
16,240,1,Incrementalistas,115,115,28973
16,240,2,Evolucionistas,115,115,28700
16,240,3,Isolados,115,116,26281
16,245,0,Empiristas,115,116,31210
16,245,1,Incrementalistas,115,116,31473
16,245,2,Evolucionistas,115,115,31200
16,245,3,Isolados,115,116,28781
16,250,0,Empiristas,115,91,33460
16,250,1,Incrementalistas,115,116,33973
16,250,2,Evolucionistas,115,116,33700
16,250,3,Isolados,115,116,31281
16,255,0,Empiristas,115,108,34710
16,255,1,Incrementalistas,115,116,36473
16,255,2,Evolucionistas,115,116,36200
16,255,3,Isolados,115,116,33781
16,260,0,Empiristas,115,112,35960
16,260,1,Incrementalistas,115,116,38973
16,260,2,Evolucionistas,115,116,38700
16,260,3,Isolados,115,116,36281
16,265,0,Empiristas,115,115,37210
16,265,1,Incrementalistas,115,116,41473
16,265,2,Evolucionistas,115,116,41200
16,265,3,Isolados,115,116,38781
16,270,0,Empiristas,115,116,38460
16,270,1,Incrementalistas,115,116,43973
16,270,2,Evolucionistas,115,116,43700
16,270,3,Isolados,115,116,41281
16,275,0,Empiristas,115,116,40210
16,275,1,Incrementalistas,115,116,46473
16,275,2,Evolucionistas,115,116,46200
16,275,3,Isolados,115,116,43781
16,280,0,Empiristas,115,116,42710
16,280,1,Incrementalistas,115,116,48973
16,280,2,Evolucionistas,115,116,48700
16,280,3,Isolados,115,116,46281
16,285,0,Empiristas,115,116,45210
16,285,1,Incrementalistas,115,116,51473
16,285,2,Evolucionistas,115,116,51200
16,285,3,Isolados,115,116,48781
16,290,0,Empiristas,115,116,47710
16,290,1,Incrementalistas,115,116,53973
16,290,2,Evolucionistas,115,116,53700
16,290,3,Isolados,115,116,51281
16,295,0,Empiristas,115,116,50210
16,295,1,Incrementalistas,115,116,56473
16,295,2,Evolucionistas,115,116,56200
16,295,3,Isolados,115,116,53781
16,300,0,Empiristas,115,116,52710
16,300,1,Incrementalistas,115,116,58973
16,300,2,Evolucionistas,115,116,58700
16,300,3,Isolados,115,116,56281
17,0,0,Empiristas,37.6708,1,5
17,0,1,Incrementalistas,32,1,5
17,0,2,Evolucionistas,9.33228,2,5
17,0,3,Isolados,76,2,5
17,5,0,Empiristas,66,6,33
17,5,1,Incrementalistas,68,12,34
17,5,2,Evolucionistas,66,9,33
17,5,3,Isolados,77,7,31
17,10,0,Empiristas,106,14,63
17,10,1,Incrementalistas,106,19,63
17,10,2,Evolucionistas,106,10,51
17,10,3,Isolados,81,9,61
17,15,0,Empiristas,106,23,95
17,15,1,Incrementalistas,106,23,95
17,15,2,Evolucionistas,106,13,67
17,15,3,Isolados,90.643,13,93
17,20,0,Empiristas,106,33,130
17,20,1,Incrementalistas,108,26,131
17,20,2,Evolucionistas,106,19,86
17,20,3,Isolados,90.643,15,128
17,25,0,Empiristas,108,39,167
17,25,1,Incrementalistas,108,31,169
17,25,2,Evolucionistas,108,24,106
17,25,3,Isolados,90.643,16,167
17,30,0,Empiristas,111,50,211
17,30,1,Incrementalistas,113,38,211
17,30,2,Evolucionistas,111,30,128
17,30,3,Isolados,106.922,17,211
17,35,0,Empiristas,114,53,259
17,35,1,Incrementalistas,114,24,253
17,35,2,Evolucionistas,111,37,177
17,35,3,Isolados,106.922,18,258
17,40,0,Empiristas,114,59,312
17,40,1,Incrementalistas,114,27,279
17,40,2,Evolucionistas,114,43,232
17,40,3,Isolados,114,21,311
17,45,0,Empiristas,115,66,370
17,45,1,Incrementalistas,115,32,309
17,45,2,Evolucionistas,114,45,290
17,45,3,Isolados,114,32,370
17,50,0,Empiristas,115,68,435
17,50,1,Incrementalistas,115,33,341
17,50,2,Evolucionistas,114,47,354
17,50,3,Isolados,114,36,435
17,55,0,Empiristas,115,70,507
17,55,1,Incrementalistas,115,34,376
17,55,2,Evolucionistas,115,49,425
17,55,3,Isolados,115,43,506
17,60,0,Empiristas,115,75,585
17,60,1,Incrementalistas,115,36,432
17,60,2,Evolucionistas,115,51,504
17,60,3,Isolados,115,46,585
17,65,0,Empiristas,115,78,673
17,65,1,Incrementalistas,115,39,519
17,65,2,Evolucionistas,115,52,590
17,65,3,Isolados,115,47,671
17,70,0,Empiristas,115,84,770
17,70,1,Incrementalistas,115,41,615
17,70,2,Evolucionistas,115,53,686
17,70,3,Isolados,115,48,767
17,75,0,Empiristas,115,87,876
17,75,1,Incrementalistas,115,43,720
17,75,2,Evolucionistas,115,54,791
17,75,3,Isolados,115,52,873
17,80,0,Empiristas,115,90,992
17,80,1,Incrementalistas,115,46,837
17,80,2,Evolucionistas,115,56,908
17,80,3,Isolados,115,56,989
17,85,0,Empiristas,115,93,1120
17,85,1,Incrementalistas,115,48,965
17,85,2,Evolucionistas,115,60,1038
17,85,3,Isolados,115,58,1118
17,90,0,Empiristas,115,98,1263
17,90,1,Incrementalistas,115,53,1110
17,90,2,Evolucionistas,115,61,1181
17,90,3,Isolados,115,62,1260
17,95,0,Empiristas,115,99,1421
17,95,1,Incrementalistas,115,59,1269
17,95,2,Evolucionistas,115,63,1338
17,95,3,Isolados,115,67,1418
17,100,0,Empiristas,115,102,1594
17,100,1,Incrementalistas,115,63,1441
17,100,2,Evolucionistas,115,66,1512
17,100,3,Isolados,115,72,1592
17,105,0,Empiristas,115,104,1786
17,105,1,Incrementalistas,115,67,1632
17,105,2,Evolucionistas,115,68,1704
17,105,3,Isolados,115,76,1784
17,110,0,Empiristas,115,106,1998
17,110,1,Incrementalistas,115,70,1843
17,110,2,Evolucionistas,115,71,1917
17,110,3,Isolados,115,80,1996
17,115,0,Empiristas,115,109,2232
17,115,1,Incrementalistas,115,73,2077
17,115,2,Evolucionistas,115,77,2152
17,115,3,Isolados,115,84,2231
17,120,0,Empiristas,115,109,2491
17,120,1,Incrementalistas,115,77,2336
17,120,2,Evolucionistas,115,80,2411
17,120,3,Isolados,115,88,2489
17,125,0,Empiristas,115,110,2776
17,125,1,Incrementalistas,115,80,2623
17,125,2,Evolucionistas,115,83,2696
17,125,3,Isolados,115,90,2775
17,130,0,Empiristas,115,112,3091
17,130,1,Incrementalistas,115,84,2940
17,130,2,Evolucionistas,115,87,3011
17,130,3,Isolados,115,94,3091
17,135,0,Empiristas,115,114,3439
17,135,1,Incrementalistas,115,88,3289
17,135,2,Evolucionistas,115,90,3358
17,135,3,Isolados,115,95,3440
17,140,0,Empiristas,115,115,3824
17,140,1,Incrementalistas,115,93,3673
17,140,2,Evolucionistas,115,90,3741
17,140,3,Isolados,115,101,3825
17,145,0,Empiristas,115,115,4249
17,145,1,Incrementalistas,115,97,4097
17,145,2,Evolucionistas,115,91,4166
17,145,3,Isolados,115,102,4250
17,150,0,Empiristas,115,115,4718
17,150,1,Incrementalistas,115,100,4566
17,150,2,Evolucionistas,115,65,4492
17,150,3,Isolados,115,104,4718
17,155,0,Empiristas,115,115,5235
17,155,1,Incrementalistas,115,102,5082
17,155,2,Evolucionistas,115,68,4752
17,155,3,Isolados,115,106,5235
17,160,0,Empiristas,115,115,5807
17,160,1,Incrementalistas,115,104,5654
17,160,2,Evolucionistas,115,70,5037
17,160,3,Isolados,115,107,5805
17,165,0,Empiristas,115,115,6438
17,165,1,Incrementalistas,115,107,6285
17,165,2,Evolucionistas,115,75,5354
17,165,3,Isolados,115,109,6435
17,170,0,Empiristas,115,116,7135
17,170,1,Incrementalistas,115,109,6982
17,170,2,Evolucionistas,115,76,5701
17,170,3,Isolados,115,111,7131
17,175,0,Empiristas,115,116,7903
17,175,1,Incrementalistas,115,109,7750
17,175,2,Evolucionistas,115,88,6397
17,175,3,Isolados,115,112,7900
17,180,0,Empiristas,115,116,8752
17,180,1,Incrementalistas,115,110,8598
17,180,2,Evolucionistas,115,97,7246
17,180,3,Isolados,115,114,8749
17,185,0,Empiristas,115,116,9690
17,185,1,Incrementalistas,115,115,9536
17,185,2,Evolucionistas,115,104,8183
17,185,3,Isolados,115,114,9686
17,190,0,Empiristas,115,116,10726
17,190,1,Incrementalistas,115,116,10571
17,190,2,Evolucionistas,115,107,9219
17,190,3,Isolados,115,116,10722
17,195,0,Empiristas,115,116,11867
17,195,1,Incrementalistas,115,116,11713
17,195,2,Evolucionistas,115,111,10361
17,195,3,Isolados,115,116,11863
17,200,0,Empiristas,115,116,13129
17,200,1,Incrementalistas,115,116,12977
17,200,2,Evolucionistas,115,112,11625
17,200,3,Isolados,115,116,13126
17,205,0,Empiristas,115,116,14521
17,205,1,Incrementalistas,115,116,14370
17,205,2,Evolucionistas,115,113,13018
17,205,3,Isolados,115,116,14518
17,210,0,Empiristas,115,116,16060
17,210,1,Incrementalistas,115,116,15908
17,210,2,Evolucionistas,115,113,14556
17,210,3,Isolados,115,116,16057
17,215,0,Empiristas,115,116,17759
17,215,1,Incrementalistas,115,116,17605
17,215,2,Evolucionistas,115,113,16254
17,215,3,Isolados,115,116,17755
17,220,0,Empiristas,115,116,19636
17,220,1,Incrementalistas,115,116,19479
17,220,2,Evolucionistas,115,77,17934
17,220,3,Isolados,115,116,19629
17,225,0,Empiristas,115,116,21706
17,225,1,Incrementalistas,115,116,21549
17,225,2,Evolucionistas,115,92,18969
17,225,3,Isolados,115,116,21698
17,230,0,Empiristas,115,116,23991
17,230,1,Incrementalistas,115,116,23834
17,230,2,Evolucionistas,115,96,20110
17,230,3,Isolados,115,116,23984
17,235,0,Empiristas,115,116,26470
17,235,1,Incrementalistas,115,116,26313
17,235,2,Evolucionistas,115,102,21349
17,235,3,Isolados,115,116,26464
17,240,0,Empiristas,115,116,28970
17,240,1,Incrementalistas,115,116,28813
17,240,2,Evolucionistas,115,104,22599
17,240,3,Isolados,115,116,28964
17,245,0,Empiristas,115,116,31470
17,245,1,Incrementalistas,115,116,31313
17,245,2,Evolucionistas,115,110,24349
17,245,3,Isolados,115,116,31464
17,250,0,Empiristas,115,116,33970
17,250,1,Incrementalistas,115,116,33813
17,250,2,Evolucionistas,115,113,26849
17,250,3,Isolados,115,116,33964
17,255,0,Empiristas,115,116,36470
17,255,1,Incrementalistas,115,116,36313
17,255,2,Evolucionistas,115,113,29349
17,255,3,Isolados,115,116,36464
17,260,0,Empiristas,115,116,38970
17,260,1,Incrementalistas,115,116,38813
17,260,2,Evolucionistas,115,115,31849
17,260,3,Isolados,115,116,38964
17,265,0,Empiristas,115,116,41470
17,265,1,Incrementalistas,115,116,41313
17,265,2,Evolucionistas,115,116,34349
17,265,3,Isolados,115,116,41464
17,270,0,Empiristas,115,116,43970
17,270,1,Incrementalistas,115,116,43813
17,270,2,Evolucionistas,115,95,35849
17,270,3,Isolados,115,116,43964
17,275,0,Empiristas,115,116,46470
17,275,1,Incrementalistas,115,116,46313
17,275,2,Evolucionistas,115,106,37099
17,275,3,Isolados,115,116,46464
17,280,0,Empiristas,115,116,48970
17,280,1,Incrementalistas,115,116,48813
17,280,2,Evolucionistas,115,109,38349
17,280,3,Isolados,115,116,48964
17,285,0,Empiristas,115,116,51470
17,285,1,Incrementalistas,115,116,51313
17,285,2,Evolucionistas,115,111,39599
17,285,3,Isolados,115,116,51464
17,290,0,Empiristas,115,116,53970
17,290,1,Incrementalistas,115,116,53813
17,290,2,Evolucionistas,115,111,40849
17,290,3,Isolados,115,116,53964
17,295,0,Empiristas,115,116,56470
17,295,1,Incrementalistas,115,116,56313
17,295,2,Evolucionistas,115,115,43349
17,295,3,Isolados,115,116,56464
17,300,0,Empiristas,115,116,58970
17,300,1,Incrementalistas,115,116,58813
17,300,2,Evolucionistas,115,116,45849
17,300,3,Isolados,115,116,58964
18,0,0,Empiristas,26,3,5
18,0,1,Incrementalistas,62,4,5
18,0,2,Evolucionistas,98,2,5
18,0,3,Isolados,56.044,1,5
18,5,0,Empiristas,102,13,32
18,5,1,Incrementalistas,102,14,33
18,5,2,Evolucionistas,99,7,32
18,5,3,Isolados,71.2683,1,32
18,10,0,Empiristas,108,21,62
18,10,1,Incrementalistas,105,21,62
18,10,2,Evolucionistas,105,10,61
18,10,3,Isolados,82.8055,2,62
18,15,0,Empiristas,108,28,94
18,15,1,Incrementalistas,109,29,93
18,15,2,Evolucionistas,108,16,93
18,15,3,Isolados,89.3182,4,94
18,20,0,Empiristas,108,35,130
18,20,1,Incrementalistas,109,33,128
18,20,2,Evolucionistas,109,19,128
18,20,3,Isolados,91.7443,7,129
18,25,0,Empiristas,114,41,170
18,25,1,Incrementalistas,112,36,169
18,25,2,Evolucionistas,112,24,167
18,25,3,Isolados,95,14,168
18,30,0,Empiristas,114,46,215
18,30,1,Incrementalistas,114,41,213
18,30,2,Evolucionistas,114,29,211
18,30,3,Isolados,100,24,212
18,35,0,Empiristas,114,51,264
18,35,1,Incrementalistas,114,41,261
18,35,2,Evolucionistas,114,30,259
18,35,3,Isolados,100,28,259
18,40,0,Empiristas,115,57,316
18,40,1,Incrementalistas,114,41,314
18,40,2,Evolucionistas,115,32,312
18,40,3,Isolados,102,31,312
18,45,0,Empiristas,115,61,373
18,45,1,Incrementalistas,115,46,373
18,45,2,Evolucionistas,115,35,369
18,45,3,Isolados,109,33,370
18,50,0,Empiristas,115,63,439
18,50,1,Incrementalistas,115,47,437
18,50,2,Evolucionistas,115,36,434
18,50,3,Isolados,114,35,434
18,55,0,Empiristas,115,68,510
18,55,1,Incrementalistas,115,48,506
18,55,2,Evolucionistas,115,37,506
18,55,3,Isolados,114,39,504
18,60,0,Empiristas,115,74,588
18,60,1,Incrementalistas,115,49,587
18,60,2,Evolucionistas,115,38,586
18,60,3,Isolados,115,46,583
18,65,0,Empiristas,115,78,675
18,65,1,Incrementalistas,115,49,674
18,65,2,Evolucionistas,115,40,673
18,65,3,Isolados,115,47,669
18,70,0,Empiristas,115,83,772
18,70,1,Incrementalistas,115,51,770
18,70,2,Evolucionistas,115,43,770
18,70,3,Isolados,115,50,765
18,75,0,Empiristas,115,88,878
18,75,1,Incrementalistas,115,52,877
18,75,2,Evolucionistas,115,47,876
18,75,3,Isolados,115,52,871
18,80,0,Empiristas,115,90,994
18,80,1,Incrementalistas,115,53,996
18,80,2,Evolucionistas,115,48,994
18,80,3,Isolados,115,57,988
18,85,0,Empiristas,115,93,1124
18,85,1,Incrementalistas,115,55,1126
18,85,2,Evolucionistas,115,52,1124
18,85,3,Isolados,115,59,1119
18,90,0,Empiristas,115,97,1267
18,90,1,Incrementalistas,115,57,1269
18,90,2,Evolucionistas,115,53,1267
18,90,3,Isolados,115,63,1262
18,95,0,Empiristas,115,100,1425
18,95,1,Incrementalistas,115,60,1425
18,95,2,Evolucionistas,115,56,1424
18,95,3,Isolados,115,65,1420
18,100,0,Empiristas,115,102,1599
18,100,1,Incrementalistas,115,63,1599
18,100,2,Evolucionistas,115,61,1597
18,100,3,Isolados,115,68,1595
18,105,0,Empiristas,115,104,1793
18,105,1,Incrementalistas,115,63,1791
18,105,2,Evolucionistas,115,62,1788
18,105,3,Isolados,115,72,1788
18,110,0,Empiristas,115,105,2004
18,110,1,Incrementalistas,115,66,2004
18,110,2,Evolucionistas,115,67,2000
18,110,3,Isolados,115,78,2001
18,115,0,Empiristas,115,107,2238
18,115,1,Incrementalistas,115,69,2238
18,115,2,Evolucionistas,115,73,2235
18,115,3,Isolados,115,84,2235
18,120,0,Empiristas,115,108,2498
18,120,1,Incrementalistas,115,73,2497
18,120,2,Evolucionistas,115,76,2493
18,120,3,Isolados,115,87,2493
18,125,0,Empiristas,115,108,2785
18,125,1,Incrementalistas,115,78,2783
18,125,2,Evolucionistas,115,81,2778
18,125,3,Isolados,115,88,2778
18,130,0,Empiristas,115,113,3101
18,130,1,Incrementalistas,115,82,3097
18,130,2,Evolucionistas,115,86,3094
18,130,3,Isolados,115,91,3095
18,135,0,Empiristas,115,115,3451
18,135,1,Incrementalistas,115,83,3446
18,135,2,Evolucionistas,115,88,3441
18,135,3,Isolados,115,96,3443
18,140,0,Empiristas,115,115,3837
18,140,1,Incrementalistas,115,88,3832
18,140,2,Evolucionistas,115,93,3825
18,140,3,Isolados,115,98,3826
18,145,0,Empiristas,115,115,4260
18,145,1,Incrementalistas,115,89,4257
18,145,2,Evolucionistas,115,94,4250
18,145,3,Isolados,115,103,4250
18,150,0,Empiristas,115,115,4729
18,150,1,Incrementalistas,115,94,4726
18,150,2,Evolucionistas,115,96,4718
18,150,3,Isolados,115,105,4719
18,155,0,Empiristas,115,115,5246
18,155,1,Incrementalistas,115,98,5245
18,155,2,Evolucionistas,115,97,5234
18,155,3,Isolados,115,75,5078
18,160,0,Empiristas,115,116,5819
18,160,1,Incrementalistas,115,100,5816
18,160,2,Evolucionistas,115,101,5806
18,160,3,Isolados,115,80,5363
18,165,0,Empiristas,115,116,6451
18,165,1,Incrementalistas,115,104,6446
18,165,2,Evolucionistas,115,106,6437
18,165,3,Isolados,115,83,5679
18,170,0,Empiristas,115,78,7147
18,170,1,Incrementalistas,115,107,7143
18,170,2,Evolucionistas,115,109,7134
18,170,3,Isolados,115,87,6028
18,175,0,Empiristas,115,101,7532
18,175,1,Incrementalistas,115,109,7913
18,175,2,Evolucionistas,115,110,7903
18,175,3,Isolados,115,95,6412
18,180,0,Empiristas,115,105,7957
18,180,1,Incrementalistas,115,109,8763
18,180,2,Evolucionistas,115,112,8751
18,180,3,Isolados,115,102,7178
18,185,0,Empiristas,115,106,8424
18,185,1,Incrementalistas,115,112,9702
18,185,2,Evolucionistas,115,112,9689
18,185,3,Isolados,115,106,8115
18,190,0,Empiristas,115,109,8941
18,190,1,Incrementalistas,115,112,10737
18,190,2,Evolucionistas,115,112,10724
18,190,3,Isolados,115,110,9150
18,195,0,Empiristas,115,112,9631
18,195,1,Incrementalistas,115,112,11880
18,195,2,Evolucionistas,115,112,11867
18,195,3,Isolados,115,113,10292
18,200,0,Empiristas,115,113,10893
18,200,1,Incrementalistas,115,112,13142
18,200,2,Evolucionistas,115,115,13128
18,200,3,Isolados,115,113,11552
18,205,0,Empiristas,115,113,12287
18,205,1,Incrementalistas,115,112,14535
18,205,2,Evolucionistas,115,115,14521
18,205,3,Isolados,115,114,12947
18,210,0,Empiristas,115,115,13826
18,210,1,Incrementalistas,115,112,16073
18,210,2,Evolucionistas,115,115,16059
18,210,3,Isolados,115,115,14484
18,215,0,Empiristas,115,115,15523
18,215,1,Incrementalistas,115,114,17770
18,215,2,Evolucionistas,115,116,17758
18,215,3,Isolados,115,115,16181
18,220,0,Empiristas,115,116,17396
18,220,1,Incrementalistas,115,115,19646
18,220,2,Evolucionistas,115,116,19633
18,220,3,Isolados,115,115,18057
18,225,0,Empiristas,115,116,19466
18,225,1,Incrementalistas,115,116,21716
18,225,2,Evolucionistas,115,116,21700
18,225,3,Isolados,115,116,20127
18,230,0,Empiristas,115,116,21751
18,230,1,Incrementalistas,115,116,24001
18,230,2,Evolucionistas,115,116,23985
18,230,3,Isolados,115,116,22412
18,235,0,Empiristas,115,116,24231
18,235,1,Incrementalistas,115,116,26481
18,235,2,Evolucionistas,115,116,26465
18,235,3,Isolados,115,116,24892
18,240,0,Empiristas,115,116,26731
18,240,1,Incrementalistas,115,116,28981
18,240,2,Evolucionistas,115,116,28965
18,240,3,Isolados,115,116,27392
18,245,0,Empiristas,115,116,29231
18,245,1,Incrementalistas,115,116,31481
18,245,2,Evolucionistas,115,116,31465
18,245,3,Isolados,115,116,29892
18,250,0,Empiristas,115,116,31731
18,250,1,Incrementalistas,115,116,33981
18,250,2,Evolucionistas,115,116,33965
18,250,3,Isolados,115,71,32392
18,255,0,Empiristas,115,116,34231
18,255,1,Incrementalistas,115,116,36481
18,255,2,Evolucionistas,115,116,36465
18,255,3,Isolados,115,98,33642
18,260,0,Empiristas,115,116,36731
18,260,1,Incrementalistas,115,116,38981
18,260,2,Evolucionistas,115,116,38965
18,260,3,Isolados,115,107,34892
18,265,0,Empiristas,115,116,39231
18,265,1,Incrementalistas,115,116,41481
18,265,2,Evolucionistas,115,116,41465
18,265,3,Isolados,115,112,36142
18,270,0,Empiristas,115,116,41731
18,270,1,Incrementalistas,115,116,43981
18,270,2,Evolucionistas,115,116,43965
18,270,3,Isolados,115,112,37392
18,275,0,Empiristas,115,116,44231
18,275,1,Incrementalistas,115,116,46481
18,275,2,Evolucionistas,115,116,46465
18,275,3,Isolados,115,114,38892
18,280,0,Empiristas,115,116,46731
18,280,1,Incrementalistas,115,116,48981
18,280,2,Evolucionistas,115,116,48965
18,280,3,Isolados,115,114,41392
18,285,0,Empiristas,115,116,49231
18,285,1,Incrementalistas,115,116,51481
18,285,2,Evolucionistas,115,116,51465
18,285,3,Isolados,115,115,43892
18,290,0,Empiristas,115,116,51731
18,290,1,Incrementalistas,115,116,53981
18,290,2,Evolucionistas,115,116,53965
18,290,3,Isolados,115,116,46392
18,295,0,Empiristas,115,116,54231
18,295,1,Incrementalistas,115,116,56481
18,295,2,Evolucionistas,115,116,56465
18,295,3,Isolados,115,116,48892
18,300,0,Empiristas,115,116,56731
18,300,1,Incrementalistas,115,116,58981
18,300,2,Evolucionistas,115,116,58965
18,300,3,Isolados,115,116,51392
19,0,0,Empiristas,95,2,5
19,0,1,Incrementalistas,61.6066,2,5
19,0,2,Evolucionistas,48.4385,2,5
19,0,3,Isolados,42.8092,1,5
19,5,0,Empiristas,110,12,32
19,5,1,Incrementalistas,64,8,30
19,5,2,Evolucionistas,110,6,33
19,5,3,Isolados,59,4,30
19,10,0,Empiristas,110,17,61
19,10,1,Incrementalistas,110,12,59
19,10,2,Evolucionistas,110,9,61
19,10,3,Isolados,66,8,59
19,15,0,Empiristas,110,26,92
19,15,1,Incrementalistas,110,15,92
19,15,2,Evolucionistas,111,13,93
19,15,3,Isolados,66,12,91
19,20,0,Empiristas,114,34,129
19,20,1,Incrementalistas,114,21,127
19,20,2,Evolucionistas,114,18,128
19,20,3,Isolados,66,13,126
19,25,0,Empiristas,114,39,168
19,25,1,Incrementalistas,114,26,165
19,25,2,Evolucionistas,114,22,168
19,25,3,Isolados,71,17,168
19,30,0,Empiristas,114,40,212
19,30,1,Incrementalistas,114,29,209
19,30,2,Evolucionistas,114,22,212
19,30,3,Isolados,99,20,211
19,35,0,Empiristas,114,47,259
19,35,1,Incrementalistas,115,31,255
19,35,2,Evolucionistas,114,27,260
19,35,3,Isolados,101,28,259
19,40,0,Empiristas,115,55,313
19,40,1,Incrementalistas,115,34,308
19,40,2,Evolucionistas,115,30,314
19,40,3,Isolados,114,34,313
19,45,0,Empiristas,115,58,372
19,45,1,Incrementalistas,115,36,366
19,45,2,Evolucionistas,115,33,373
19,45,3,Isolados,114,47,370
19,50,0,Empiristas,115,60,438
19,50,1,Incrementalistas,115,37,430
19,50,2,Evolucionistas,115,33,436
19,50,3,Isolados,115,49,435
19,55,0,Empiristas,115,63,509
19,55,1,Incrementalistas,115,40,502
19,55,2,Evolucionistas,115,38,507
19,55,3,Isolados,115,54,506
19,60,0,Empiristas,115,68,587
19,60,1,Incrementalistas,115,43,581
19,60,2,Evolucionistas,115,40,585
19,60,3,Isolados,115,59,585
19,65,0,Empiristas,115,75,673
19,65,1,Incrementalistas,115,46,668
19,65,2,Evolucionistas,115,45,672
19,65,3,Isolados,115,62,673
19,70,0,Empiristas,115,80,770
19,70,1,Incrementalistas,115,48,765
19,70,2,Evolucionistas,115,47,767
19,70,3,Isolados,115,62,770
19,75,0,Empiristas,115,82,875
19,75,1,Incrementalistas,115,50,870
19,75,2,Evolucionistas,115,50,871
19,75,3,Isolados,115,62,876
19,80,0,Empiristas,115,85,992
19,80,1,Incrementalistas,115,51,987
19,80,2,Evolucionistas,115,54,988
19,80,3,Isolados,115,66,994
19,85,0,Empiristas,115,88,1122
19,85,1,Incrementalistas,115,53,1116
19,85,2,Evolucionistas,115,57,1116
19,85,3,Isolados,115,71,1122
19,90,0,Empiristas,115,93,1264
19,90,1,Incrementalistas,115,55,1258
19,90,2,Evolucionistas,115,59,1259
19,90,3,Isolados,115,74,1265
19,95,0,Empiristas,115,94,1422
19,95,1,Incrementalistas,115,59,1415
19,95,2,Evolucionistas,115,62,1418
19,95,3,Isolados,115,77,1422
19,100,0,Empiristas,115,97,1596
19,100,1,Incrementalistas,115,63,1588
19,100,2,Evolucionistas,115,66,1591
19,100,3,Isolados,115,80,1598
19,105,0,Empiristas,115,102,1789
19,105,1,Incrementalistas,115,68,1781
19,105,2,Evolucionistas,115,68,1783
19,105,3,Isolados,115,83,1791
19,110,0,Empiristas,115,104,2000
19,110,1,Incrementalistas,115,71,1993
19,110,2,Evolucionistas,115,72,1995
19,110,3,Isolados,115,87,2003
19,115,0,Empiristas,115,106,2233
19,115,1,Incrementalistas,115,73,2228
19,115,2,Evolucionistas,115,74,2230
19,115,3,Isolados,115,89,2238
19,120,0,Empiristas,115,106,2490
19,120,1,Incrementalistas,115,75,2487
19,120,2,Evolucionistas,115,79,2490
19,120,3,Isolados,115,90,2498
19,125,0,Empiristas,115,108,2775
19,125,1,Incrementalistas,115,76,2772
19,125,2,Evolucionistas,115,83,2775
19,125,3,Isolados,115,91,2784
19,130,0,Empiristas,115,110,3091
19,130,1,Incrementalistas,115,80,3088
19,130,2,Evolucionistas,115,86,3090
19,130,3,Isolados,115,96,3100
19,135,0,Empiristas,115,110,3440
19,135,1,Incrementalistas,115,81,3437
19,135,2,Evolucionistas,115,58,3438
19,135,3,Isolados,115,98,3450
19,140,0,Empiristas,115,111,3825
19,140,1,Incrementalistas,115,83,3822
19,140,2,Evolucionistas,115,66,3630
19,140,3,Isolados,115,99,3836
19,145,0,Empiristas,115,111,4249
19,145,1,Incrementalistas,115,85,4248
19,145,2,Evolucionistas,115,71,3841
19,145,3,Isolados,115,100,4259
19,150,0,Empiristas,115,113,4718
19,150,1,Incrementalistas,115,68,4529
19,150,2,Evolucionistas,115,72,4075
19,150,3,Isolados,115,104,4729
19,155,0,Empiristas,115,114,5235
19,155,1,Incrementalistas,115,73,4787
19,155,2,Evolucionistas,115,78,4333
19,155,3,Isolados,115,105,5248
19,160,0,Empiristas,115,114,5807
19,160,1,Incrementalistas,115,78,5073
19,160,2,Evolucionistas,115,84,4678
19,160,3,Isolados,115,106,5820
19,165,0,Empiristas,115,115,6439
19,165,1,Incrementalistas,115,81,5389
19,165,2,Evolucionistas,115,91,5308
19,165,3,Isolados,115,108,6449
19,170,0,Empiristas,115,115,7136
19,170,1,Incrementalistas,115,85,5737
19,170,2,Evolucionistas,115,97,6003
19,170,3,Isolados,115,109,7145
19,175,0,Empiristas,115,116,7906
19,175,1,Incrementalistas,115,92,6507
19,175,2,Evolucionistas,115,102,6772
19,175,3,Isolados,115,112,7913
19,180,0,Empiristas,115,116,8755
19,180,1,Incrementalistas,115,96,7357
19,180,2,Evolucionistas,115,105,7623
19,180,3,Isolados,115,112,8762
19,185,0,Empiristas,115,116,9693
19,185,1,Incrementalistas,115,101,8296
19,185,2,Evolucionistas,115,109,8559
19,185,3,Isolados,115,112,9699
19,190,0,Empiristas,115,116,10729
19,190,1,Incrementalistas,115,104,9331
19,190,2,Evolucionistas,115,111,9592
19,190,3,Isolados,115,113,10735
19,195,0,Empiristas,115,116,11872
19,195,1,Incrementalistas,115,107,10474
19,195,2,Evolucionistas,115,81,10271
19,195,3,Isolados,115,114,11879
19,200,0,Empiristas,115,116,13134
19,200,1,Incrementalistas,115,112,11735
19,200,2,Evolucionistas,115,89,10902
19,200,3,Isolados,115,115,13141
19,205,0,Empiristas,115,116,14528
19,205,1,Incrementalistas,115,113,13129
19,205,2,Evolucionistas,115,96,11597
19,205,3,Isolados,115,115,14535
19,210,0,Empiristas,115,116,16064
19,210,1,Incrementalistas,115,114,14669
19,210,2,Evolucionistas,115,102,12365
19,210,3,Isolados,115,115,16072
19,215,0,Empiristas,115,116,17763
19,215,1,Incrementalistas,115,116,16368
19,215,2,Evolucionistas,115,108,13214
19,215,3,Isolados,115,115,17770
19,220,0,Empiristas,115,116,19638
19,220,1,Incrementalistas,115,116,18242
19,220,2,Evolucionistas,115,111,15089
19,220,3,Isolados,115,115,19644
19,225,0,Empiristas,115,116,21706
19,225,1,Incrementalistas,115,116,20313
19,225,2,Evolucionistas,115,113,17160
19,225,3,Isolados,115,115,21714
19,230,0,Empiristas,115,116,23991
19,230,1,Incrementalistas,115,116,22598
19,230,2,Evolucionistas,115,113,19445
19,230,3,Isolados,115,116,24000
19,235,0,Empiristas,115,116,26471
19,235,1,Incrementalistas,115,116,25077
19,235,2,Evolucionistas,115,115,21924
19,235,3,Isolados,115,116,26480
19,240,0,Empiristas,115,116,28971
19,240,1,Incrementalistas,115,116,27577
19,240,2,Evolucionistas,115,115,24424
19,240,3,Isolados,115,116,28980
19,245,0,Empiristas,115,116,31471
19,245,1,Incrementalistas,115,116,30077
19,245,2,Evolucionistas,115,115,26924
19,245,3,Isolados,115,116,31480
19,250,0,Empiristas,115,116,33971
19,250,1,Incrementalistas,115,116,32577
19,250,2,Evolucionistas,115,115,29424
19,250,3,Isolados,115,116,33980
19,255,0,Empiristas,115,116,36471
19,255,1,Incrementalistas,115,116,35077
19,255,2,Evolucionistas,115,115,31924
19,255,3,Isolados,115,116,36480
19,260,0,Empiristas,115,116,38971
19,260,1,Incrementalistas,115,116,37577
19,260,2,Evolucionistas,115,115,34424
19,260,3,Isolados,115,116,38980
19,265,0,Empiristas,115,116,41471
19,265,1,Incrementalistas,115,116,40077
19,265,2,Evolucionistas,115,115,36924
19,265,3,Isolados,115,116,41480
19,270,0,Empiristas,115,116,43971
19,270,1,Incrementalistas,115,116,42577
19,270,2,Evolucionistas,115,86,38674
19,270,3,Isolados,115,116,43980
19,275,0,Empiristas,115,116,46471
19,275,1,Incrementalistas,115,116,45077
19,275,2,Evolucionistas,115,93,39924
19,275,3,Isolados,115,116,46480
19,280,0,Empiristas,115,116,48971
19,280,1,Incrementalistas,115,116,47577
19,280,2,Evolucionistas,115,98,41174
19,280,3,Isolados,115,116,48980
19,285,0,Empiristas,115,116,51471
19,285,1,Incrementalistas,115,116,50077
19,285,2,Evolucionistas,115,105,42424
19,285,3,Isolados,115,116,51480
19,290,0,Empiristas,115,116,53971
19,290,1,Incrementalistas,115,116,52577
19,290,2,Evolucionistas,115,108,43674
19,290,3,Isolados,115,116,53980
19,295,0,Empiristas,115,116,56471
19,295,1,Incrementalistas,115,116,55077
19,295,2,Evolucionistas,115,111,45924
19,295,3,Isolados,115,116,56480
19,300,0,Empiristas,115,116,58971
19,300,1,Incrementalistas,115,116,57577
19,300,2,Evolucionistas,115,113,48424
19,300,3,Isolados,115,116,58980
20,0,0,Empiristas,8.34084,2,5
20,0,1,Incrementalistas,34,4,5
20,0,2,Evolucionistas,62,3,5
20,0,3,Isolados,52.6116,2,5
20,5,0,Empiristas,60,7,32
20,5,1,Incrementalistas,39,9,31
20,5,2,Evolucionistas,62,4,26
20,5,3,Isolados,65.8745,4,31
20,10,0,Empiristas,70.1092,11,62
20,10,1,Incrementalistas,70.1092,16,60
20,10,2,Evolucionistas,70.7051,9,41
20,10,3,Isolados,96,11,60
20,15,0,Empiristas,72,15,95
20,15,1,Incrementalistas,72,21,93
20,15,2,Evolucionistas,88.7644,10,57
20,15,3,Isolados,97,17,92
20,20,0,Empiristas,113,27,131
20,20,1,Incrementalistas,113,30,130
20,20,2,Evolucionistas,113,12,75
20,20,3,Isolados,97,22,128
20,25,0,Empiristas,114,36,170
20,25,1,Incrementalistas,114,36,169
20,25,2,Evolucionistas,114,15,95
20,25,3,Isolados,100,29,168
20,30,0,Empiristas,114,41,213
20,30,1,Incrementalistas,114,41,214
20,30,2,Evolucionistas,114,19,131
20,30,3,Isolados,102,35,211
20,35,0,Empiristas,114,47,261
20,35,1,Incrementalistas,114,46,262
20,35,2,Evolucionistas,114,22,179
20,35,3,Isolados,102,37,259
20,40,0,Empiristas,115,55,316
20,40,1,Incrementalistas,115,49,314
20,40,2,Evolucionistas,115,29,233
20,40,3,Isolados,103,39,312
20,45,0,Empiristas,115,57,374
20,45,1,Incrementalistas,115,50,372
20,45,2,Evolucionistas,115,32,291
20,45,3,Isolados,106,43,371
20,50,0,Empiristas,115,63,438
20,50,1,Incrementalistas,115,50,437
20,50,2,Evolucionistas,115,36,354
20,50,3,Isolados,106,46,437
20,55,0,Empiristas,115,67,508
20,55,1,Incrementalistas,115,52,508
20,55,2,Evolucionistas,115,38,425
20,55,3,Isolados,107,51,508
20,60,0,Empiristas,115,69,585
20,60,1,Incrementalistas,115,53,587
20,60,2,Evolucionistas,115,38,504
20,60,3,Isolados,109,56,586
20,65,0,Empiristas,115,72,673
20,65,1,Incrementalistas,115,54,673
20,65,2,Evolucionistas,115,41,591
20,65,3,Isolados,113,64,674
20,70,0,Empiristas,115,48,761
20,70,1,Incrementalistas,115,54,768
20,70,2,Evolucionistas,115,44,688
20,70,3,Isolados,114,70,771
20,75,0,Empiristas,115,54,814
20,75,1,Incrementalistas,115,55,875
20,75,2,Evolucionistas,115,50,794
20,75,3,Isolados,114,75,878
20,80,0,Empiristas,115,57,872
20,80,1,Incrementalistas,115,56,991
20,80,2,Evolucionistas,115,53,912
20,80,3,Isolados,115,76,994
20,85,0,Empiristas,115,63,936
20,85,1,Incrementalistas,115,56,1120
20,85,2,Evolucionistas,115,54,1043
20,85,3,Isolados,115,78,1123
20,90,0,Empiristas,115,64,1008
20,90,1,Incrementalistas,115,59,1263
20,90,2,Evolucionistas,115,56,1187
20,90,3,Isolados,115,80,1265
20,95,0,Empiristas,115,66,1119
20,95,1,Incrementalistas,115,63,1420
20,95,2,Evolucionistas,115,61,1345
20,95,3,Isolados,115,87,1424
20,100,0,Empiristas,115,78,1293
20,100,1,Incrementalistas,115,66,1594
20,100,2,Evolucionistas,115,67,1520
20,100,3,Isolados,115,89,1598
20,105,0,Empiristas,115,83,1484
20,105,1,Incrementalistas,115,69,1786
20,105,2,Evolucionistas,115,69,1712
20,105,3,Isolados,115,92,1789
20,110,0,Empiristas,115,87,1697
20,110,1,Incrementalistas,115,73,1997
20,110,2,Evolucionistas,115,70,1926
20,110,3,Isolados,115,94,2002
20,115,0,Empiristas,115,94,1932
20,115,1,Incrementalistas,115,77,2232
20,115,2,Evolucionistas,115,77,2161
20,115,3,Isolados,115,96,2237
20,120,0,Empiristas,115,99,2189
20,120,1,Incrementalistas,115,82,2491
20,120,2,Evolucionistas,115,80,2419
20,120,3,Isolados,115,97,2497
20,125,0,Empiristas,115,102,2474
20,125,1,Incrementalistas,115,86,2777
20,125,2,Evolucionistas,115,86,2704
20,125,3,Isolados,115,100,2783
20,130,0,Empiristas,115,103,2789
20,130,1,Incrementalistas,115,90,3091
20,130,2,Evolucionistas,115,91,3020
20,130,3,Isolados,115,101,3099
20,135,0,Empiristas,115,107,3135
20,135,1,Incrementalistas,115,90,3439
20,135,2,Evolucionistas,115,93,3370
20,135,3,Isolados,115,103,3448
20,140,0,Empiristas,115,108,3520
20,140,1,Incrementalistas,115,94,3823
20,140,2,Evolucionistas,115,96,3753
20,140,3,Isolados,115,105,3832
20,145,0,Empiristas,115,110,3944
20,145,1,Incrementalistas,115,97,4247
20,145,2,Evolucionistas,115,98,4177
20,145,3,Isolados,115,108,4257
20,150,0,Empiristas,115,112,4413
20,150,1,Incrementalistas,115,98,4716
20,150,2,Evolucionistas,115,100,4645
20,150,3,Isolados,115,108,4726
20,155,0,Empiristas,115,113,4930
20,155,1,Incrementalistas,115,99,5235
20,155,2,Evolucionistas,115,103,5162
20,155,3,Isolados,115,108,5243
20,160,0,Empiristas,115,113,5500
20,160,1,Incrementalistas,115,102,5807
20,160,2,Evolucionistas,115,105,5733
20,160,3,Isolados,115,109,5815
20,165,0,Empiristas,115,115,6131
20,165,1,Incrementalistas,115,102,6438
20,165,2,Evolucionistas,115,110,6362
20,165,3,Isolados,115,113,6447
20,170,0,Empiristas,115,115,6828
20,170,1,Incrementalistas,115,104,7135
20,170,2,Evolucionistas,115,112,7058
20,170,3,Isolados,115,114,7144
20,175,0,Empiristas,115,115,7598
20,175,1,Incrementalistas,115,106,7903
20,175,2,Evolucionistas,115,112,7827
20,175,3,Isolados,115,114,7913
20,180,0,Empiristas,115,116,8447
20,180,1,Incrementalistas,115,108,8751
20,180,2,Evolucionistas,115,112,8675
20,180,3,Isolados,115,114,8762
20,185,0,Empiristas,115,116,9385
20,185,1,Incrementalistas,115,110,9688
20,185,2,Evolucionistas,115,114,9611
20,185,3,Isolados,115,114,9700
20,190,0,Empiristas,115,116,10420
20,190,1,Incrementalistas,115,110,10724
20,190,2,Evolucionistas,115,115,10648
20,190,3,Isolados,115,114,10733
20,195,0,Empiristas,115,116,11563
20,195,1,Incrementalistas,115,110,11867
20,195,2,Evolucionistas,115,116,11791
20,195,3,Isolados,115,114,11876
20,200,0,Empiristas,115,116,12827
20,200,1,Incrementalistas,115,111,13127
20,200,2,Evolucionistas,115,116,13052
20,200,3,Isolados,115,115,13138
20,205,0,Empiristas,115,116,14221
20,205,1,Incrementalistas,115,111,14521
20,205,2,Evolucionistas,115,116,14445
20,205,3,Isolados,115,115,14530
20,210,0,Empiristas,115,116,15758
20,210,1,Incrementalistas,115,112,16058
20,210,2,Evolucionistas,115,116,15985
20,210,3,Isolados,115,115,16069
20,215,0,Empiristas,115,116,17456
20,215,1,Incrementalistas,115,112,17758
20,215,2,Evolucionistas,115,116,17681
20,215,3,Isolados,115,115,17767
20,220,0,Empiristas,115,116,19329
20,220,1,Incrementalistas,115,112,19631
20,220,2,Evolucionistas,115,116,19556
20,220,3,Isolados,115,115,19643
20,225,0,Empiristas,115,116,21399
20,225,1,Incrementalistas,115,113,21703
20,225,2,Evolucionistas,115,116,21626
20,225,3,Isolados,115,116,21713
20,230,0,Empiristas,115,116,23684
20,230,1,Incrementalistas,115,113,23988
20,230,2,Evolucionistas,115,116,23912
20,230,3,Isolados,115,116,23998
20,235,0,Empiristas,115,116,26163
20,235,1,Incrementalistas,115,113,26467
20,235,2,Evolucionistas,115,116,26392
20,235,3,Isolados,115,116,26477
20,240,0,Empiristas,115,116,28663
20,240,1,Incrementalistas,115,113,28967
20,240,2,Evolucionistas,115,116,28892
20,240,3,Isolados,115,116,28977
20,245,0,Empiristas,115,116,31163
20,245,1,Incrementalistas,115,113,31467
20,245,2,Evolucionistas,115,116,31392
20,245,3,Isolados,115,116,31477
20,250,0,Empiristas,115,116,33663
20,250,1,Incrementalistas,115,114,33967
20,250,2,Evolucionistas,115,116,33892
20,250,3,Isolados,115,116,33977
20,255,0,Empiristas,115,116,36163
20,255,1,Incrementalistas,115,115,36467
20,255,2,Evolucionistas,115,116,36392
20,255,3,Isolados,115,116,36477
20,260,0,Empiristas,115,116,38663
20,260,1,Incrementalistas,115,115,38967
20,260,2,Evolucionistas,115,116,38892
20,260,3,Isolados,115,116,38977
20,265,0,Empiristas,115,116,41163
20,265,1,Incrementalistas,115,115,41467
20,265,2,Evolucionistas,115,116,41392
20,265,3,Isolados,115,116,41477
20,270,0,Empiristas,115,116,43663
20,270,1,Incrementalistas,115,116,43967
20,270,2,Evolucionistas,115,116,43892
20,270,3,Isolados,115,116,43977
20,275,0,Empiristas,115,116,46163
20,275,1,Incrementalistas,115,116,46467
20,275,2,Evolucionistas,115,98,45392
20,275,3,Isolados,115,116,46477
20,280,0,Empiristas,115,116,48663
20,280,1,Incrementalistas,115,116,48967
20,280,2,Evolucionistas,115,103,46642
20,280,3,Isolados,115,116,48977
20,285,0,Empiristas,115,116,51163
20,285,1,Incrementalistas,115,116,51467
20,285,2,Evolucionistas,115,108,47892
20,285,3,Isolados,115,116,51477
20,290,0,Empiristas,115,116,53663
20,290,1,Incrementalistas,115,116,53967
20,290,2,Evolucionistas,115,113,49142
20,290,3,Isolados,115,116,53977
20,295,0,Empiristas,115,116,56163
20,295,1,Incrementalistas,115,116,56467
20,295,2,Evolucionistas,115,116,50392
20,295,3,Isolados,115,116,56477
20,300,0,Empiristas,115,116,58663
20,300,1,Incrementalistas,115,116,58967
20,300,2,Evolucionistas,115,116,52892
20,300,3,Isolados,115,116,58977
21,0,0,Empiristas,41.6355,1,5
21,0,1,Incrementalistas,14,2,5
21,0,2,Evolucionistas,36,1,5
21,0,3,Isolados,21.6218,2,5
21,5,0,Empiristas,114,11,32
21,5,1,Incrementalistas,114,9,30
21,5,2,Evolucionistas,114,5,30
21,5,3,Isolados,60.4064,7,31
21,10,0,Empiristas,114,15,62
21,10,1,Incrementalistas,114,10,59
21,10,2,Evolucionistas,115,9,60
21,10,3,Isolados,74,11,60
21,15,0,Empiristas,115,25,95
21,15,1,Incrementalistas,115,16,93
21,15,2,Evolucionistas,115,13,76
21,15,3,Isolados,77,17,93
21,20,0,Empiristas,115,34,131
21,20,1,Incrementalistas,115,17,127
21,20,2,Evolucionistas,115,14,92
21,20,3,Isolados,105.356,21,129
21,25,0,Empiristas,115,39,171
21,25,1,Incrementalistas,115,20,168
21,25,2,Evolucionistas,115,15,112
21,25,3,Isolados,115,28,168
21,30,0,Empiristas,115,44,214
21,30,1,Incrementalistas,115,21,212
21,30,2,Evolucionistas,115,17,132
21,30,3,Isolados,115,33,212
21,35,0,Empiristas,115,48,260
21,35,1,Incrementalistas,115,23,260
21,35,2,Evolucionistas,115,18,160
21,35,3,Isolados,115,38,262
21,40,0,Empiristas,115,52,314
21,40,1,Incrementalistas,115,25,313
21,40,2,Evolucionistas,115,20,213
21,40,3,Isolados,115,43,315
21,45,0,Empiristas,115,59,372
21,45,1,Incrementalistas,115,27,372
21,45,2,Evolucionistas,115,25,273
21,45,3,Isolados,115,30,368
21,50,0,Empiristas,115,64,438
21,50,1,Incrementalistas,115,30,437
21,50,2,Evolucionistas,115,27,338
21,50,3,Isolados,115,30,399
21,55,0,Empiristas,115,68,510
21,55,1,Incrementalistas,115,33,508
21,55,2,Evolucionistas,115,28,408
21,55,3,Isolados,115,31,435
21,60,0,Empiristas,115,77,589
21,60,1,Incrementalistas,115,35,587
21,60,2,Evolucionistas,115,29,488
21,60,3,Isolados,115,34,475
21,65,0,Empiristas,115,79,675
21,65,1,Incrementalistas,115,39,675
21,65,2,Evolucionistas,115,35,576
21,65,3,Isolados,115,34,519
21,70,0,Empiristas,115,82,770
21,70,1,Incrementalistas,115,42,770
21,70,2,Evolucionistas,115,38,672
21,70,3,Isolados,115,37,587
21,75,0,Empiristas,115,87,875
21,75,1,Incrementalistas,115,44,876
21,75,2,Evolucionistas,115,40,779
21,75,3,Isolados,115,44,692
21,80,0,Empiristas,115,89,992
21,80,1,Incrementalistas,115,48,993
21,80,2,Evolucionistas,115,42,896
21,80,3,Isolados,115,48,808
21,85,0,Empiristas,115,92,1121
21,85,1,Incrementalistas,115,51,1122
21,85,2,Evolucionistas,115,44,1025
21,85,3,Isolados,115,49,939
21,90,0,Empiristas,115,96,1264
21,90,1,Incrementalistas,115,52,1265
21,90,2,Evolucionistas,115,46,1167
21,90,3,Isolados,115,56,1081
21,95,0,Empiristas,115,97,1423
21,95,1,Incrementalistas,115,52,1422
21,95,2,Evolucionistas,115,53,1324
21,95,3,Isolados,115,63,1238
21,100,0,Empiristas,115,99,1598
21,100,1,Incrementalistas,115,55,1596
21,100,2,Evolucionistas,115,58,1497
21,100,3,Isolados,115,68,1412
21,105,0,Empiristas,115,101,1790
21,105,1,Incrementalistas,115,57,1788
21,105,2,Evolucionistas,115,61,1690
21,105,3,Isolados,115,72,1605
21,110,0,Empiristas,115,103,2002
21,110,1,Incrementalistas,115,61,1999
21,110,2,Evolucionistas,115,66,1902
21,110,3,Isolados,115,78,1818
21,115,0,Empiristas,115,104,2236
21,115,1,Incrementalistas,115,65,2234
21,115,2,Evolucionistas,115,46,2111
21,115,3,Isolados,115,83,2052
21,120,0,Empiristas,115,105,2494
21,120,1,Incrementalistas,115,70,2494
21,120,2,Evolucionistas,115,51,2241
21,120,3,Isolados,115,84,2312
21,125,0,Empiristas,115,109,2780
21,125,1,Incrementalistas,115,72,2779
21,125,2,Evolucionistas,115,57,2385
21,125,3,Isolados,115,88,2598
21,130,0,Empiristas,115,111,3096
21,130,1,Incrementalistas,115,74,3095
21,130,2,Evolucionistas,115,57,2541
21,130,3,Isolados,115,90,2913
21,135,0,Empiristas,115,112,3445
21,135,1,Incrementalistas,115,80,3444
21,135,2,Evolucionistas,115,60,2716
21,135,3,Isolados,115,94,3262
21,140,0,Empiristas,115,114,3831
21,140,1,Incrementalistas,115,83,3829
21,140,2,Evolucionistas,115,68,2987
21,140,3,Isolados,115,97,3647
21,145,0,Empiristas,115,114,4256
21,145,1,Incrementalistas,115,87,4253
21,145,2,Evolucionistas,115,74,3412
21,145,3,Isolados,115,99,4071
21,150,0,Empiristas,115,115,4724
21,150,1,Incrementalistas,115,97,4720
21,150,2,Evolucionistas,115,78,3879
21,150,3,Isolados,115,102,4540
21,155,0,Empiristas,115,115,5242
21,155,1,Incrementalistas,115,100,5238
21,155,2,Evolucionistas,115,83,4397
21,155,3,Isolados,115,104,5059
21,160,0,Empiristas,115,115,5813
21,160,1,Incrementalistas,115,102,5809
21,160,2,Evolucionistas,115,90,4968
21,160,3,Isolados,115,105,5631
21,165,0,Empiristas,115,115,6446
21,165,1,Incrementalistas,115,104,6440
21,165,2,Evolucionistas,115,60,5406
21,165,3,Isolados,115,107,6263
21,170,0,Empiristas,115,115,7143
21,170,1,Incrementalistas,115,106,7138
21,170,2,Evolucionistas,115,63,5755
21,170,3,Isolados,115,108,6960
21,175,0,Empiristas,115,116,7912
21,175,1,Incrementalistas,115,107,7907
21,175,2,Evolucionistas,115,74,6139
21,175,3,Isolados,115,109,7729
21,180,0,Empiristas,115,116,8763
21,180,1,Incrementalistas,115,109,8757
21,180,2,Evolucionistas,115,80,6563
21,180,3,Isolados,115,110,8580
21,185,0,Empiristas,115,116,9700
21,185,1,Incrementalistas,115,112,9695
21,185,2,Evolucionistas,115,87,7031
21,185,3,Isolados,115,111,9517
21,190,0,Empiristas,115,116,10736
21,190,1,Incrementalistas,115,113,10730
21,190,2,Evolucionistas,115,96,7967
21,190,3,Isolados,115,113,10552
21,195,0,Empiristas,115,116,11880
21,195,1,Incrementalistas,115,114,11874
21,195,2,Evolucionistas,115,101,9110
21,195,3,Isolados,115,115,11693
21,200,0,Empiristas,115,116,13140
21,200,1,Incrementalistas,115,115,13137
21,200,2,Evolucionistas,115,105,10372
21,200,3,Isolados,115,115,12955
21,205,0,Empiristas,115,116,14532
21,205,1,Incrementalistas,115,115,14529
21,205,2,Evolucionistas,115,109,11765
21,205,3,Isolados,115,115,14346
21,210,0,Empiristas,115,116,16069
21,210,1,Incrementalistas,115,115,16067
21,210,2,Evolucionistas,115,111,13302
21,210,3,Isolados,115,115,15886
21,215,0,Empiristas,115,116,17766
21,215,1,Incrementalistas,115,115,17764
21,215,2,Evolucionistas,115,112,15000
21,215,3,Isolados,115,116,17584
21,220,0,Empiristas,115,116,19640
21,220,1,Incrementalistas,115,115,19638
21,220,2,Evolucionistas,115,114,16875
21,220,3,Isolados,115,116,19460
21,225,0,Empiristas,115,116,21710
21,225,1,Incrementalistas,115,115,21708
21,225,2,Evolucionistas,115,115,18945
21,225,3,Isolados,115,116,21529
21,230,0,Empiristas,115,116,23996
21,230,1,Incrementalistas,115,115,23993
21,230,2,Evolucionistas,115,115,21230
21,230,3,Isolados,115,116,23813
21,235,0,Empiristas,115,116,26476
21,235,1,Incrementalistas,115,115,26472
21,235,2,Evolucionistas,115,116,23709
21,235,3,Isolados,115,116,26292
21,240,0,Empiristas,115,116,28976
21,240,1,Incrementalistas,115,91,27972
21,240,2,Evolucionistas,115,116,26209
21,240,3,Isolados,115,116,28792
21,245,0,Empiristas,115,116,31476
21,245,1,Incrementalistas,115,101,29222
21,245,2,Evolucionistas,115,116,28709
21,245,3,Isolados,115,116,31292
21,250,0,Empiristas,115,116,33976
21,250,1,Incrementalistas,115,106,30472
21,250,2,Evolucionistas,115,116,31209
21,250,3,Isolados,115,116,33792
21,255,0,Empiristas,115,116,36476
21,255,1,Incrementalistas,115,109,31722
21,255,2,Evolucionistas,115,116,33709
21,255,3,Isolados,115,116,36292
21,260,0,Empiristas,115,116,38976
21,260,1,Incrementalistas,115,113,32972
21,260,2,Evolucionistas,115,116,36209
21,260,3,Isolados,115,116,38792
21,265,0,Empiristas,115,116,41476
21,265,1,Incrementalistas,115,114,35472
21,265,2,Evolucionistas,115,116,38709
21,265,3,Isolados,115,116,41292
21,270,0,Empiristas,115,116,43976
21,270,1,Incrementalistas,115,114,37972
21,270,2,Evolucionistas,115,116,41209
21,270,3,Isolados,115,116,43792
21,275,0,Empiristas,115,116,46476
21,275,1,Incrementalistas,115,115,40472
21,275,2,Evolucionistas,115,116,43709
21,275,3,Isolados,115,116,46292
21,280,0,Empiristas,115,116,48976
21,280,1,Incrementalistas,115,115,42972
21,280,2,Evolucionistas,115,116,46209
21,280,3,Isolados,115,116,48792
21,285,0,Empiristas,115,116,51476
21,285,1,Incrementalistas,115,115,45472
21,285,2,Evolucionistas,115,116,48709
21,285,3,Isolados,115,116,51292
21,290,0,Empiristas,115,116,53976
21,290,1,Incrementalistas,115,115,47972
21,290,2,Evolucionistas,115,116,51209
21,290,3,Isolados,115,116,53792
21,295,0,Empiristas,115,116,56476
21,295,1,Incrementalistas,115,115,50472
21,295,2,Evolucionistas,115,116,53709
21,295,3,Isolados,115,116,56292
21,300,0,Empiristas,115,116,58976
21,300,1,Incrementalistas,115,115,52972
21,300,2,Evolucionistas,115,116,56209
21,300,3,Isolados,115,116,58792
22,0,0,Empiristas,86.2352,3,5
22,0,1,Incrementalistas,86.2352,3,5
22,0,2,Evolucionistas,86.2352,2,5
22,0,3,Isolados,83.8407,1,5
22,5,0,Empiristas,106.999,7,31
22,5,1,Incrementalistas,90,6,31
22,5,2,Evolucionistas,90,7,31
22,5,3,Isolados,90,3,31
22,10,0,Empiristas,114,13,60
22,10,1,Incrementalistas,114,9,61
22,10,2,Evolucionistas,90,10,60
22,10,3,Isolados,90,6,61
22,15,0,Empiristas,114,22,91
22,15,1,Incrementalistas,114,14,94
22,15,2,Evolucionistas,114,13,92
22,15,3,Isolados,96,12,93
22,20,0,Empiristas,114,31,126
22,20,1,Incrementalistas,114,20,129
22,20,2,Evolucionistas,114,17,129
22,20,3,Isolados,99,14,130
22,25,0,Empiristas,114,39,167
22,25,1,Incrementalistas,114,25,168
22,25,2,Evolucionistas,114,23,168
22,25,3,Isolados,100,17,170
22,30,0,Empiristas,114,44,209
22,30,1,Incrementalistas,114,30,212
22,30,2,Evolucionistas,114,25,213
22,30,3,Isolados,101,19,212
22,35,0,Empiristas,114,47,256
22,35,1,Incrementalistas,114,32,261
22,35,2,Evolucionistas,115,30,260
22,35,3,Isolados,102,22,260
22,40,0,Empiristas,115,51,310
22,40,1,Incrementalistas,115,36,315
22,40,2,Evolucionistas,115,31,313
22,40,3,Isolados,107,26,313
22,45,0,Empiristas,115,57,368
22,45,1,Incrementalistas,115,36,373
22,45,2,Evolucionistas,115,34,373
22,45,3,Isolados,107,29,371
22,50,0,Empiristas,115,62,433
22,50,1,Incrementalistas,115,40,438
22,50,2,Evolucionistas,115,38,437
22,50,3,Isolados,112,38,437
22,55,0,Empiristas,115,68,505
22,55,1,Incrementalistas,115,42,509
22,55,2,Evolucionistas,115,42,509
22,55,3,Isolados,114,42,509
22,60,0,Empiristas,115,70,584
22,60,1,Incrementalistas,115,50,589
22,60,2,Evolucionistas,115,45,589
22,60,3,Isolados,114,44,589
22,65,0,Empiristas,115,74,671
22,65,1,Incrementalistas,115,50,677
22,65,2,Evolucionistas,115,47,674
22,65,3,Isolados,115,48,676
22,70,0,Empiristas,115,83,767
22,70,1,Incrementalistas,115,54,773
22,70,2,Evolucionistas,115,50,771
22,70,3,Isolados,115,50,772
22,75,0,Empiristas,115,91,874
22,75,1,Incrementalistas,115,61,878
22,75,2,Evolucionistas,115,51,876
22,75,3,Isolados,115,50,879
22,80,0,Empiristas,115,96,991
22,80,1,Incrementalistas,115,63,995
22,80,2,Evolucionistas,115,53,993
22,80,3,Isolados,115,51,993
22,85,0,Empiristas,115,97,1121
22,85,1,Incrementalistas,115,64,1124
22,85,2,Evolucionistas,115,61,1123
22,85,3,Isolados,115,56,1123
22,90,0,Empiristas,115,99,1263
22,90,1,Incrementalistas,115,66,1266
22,90,2,Evolucionistas,115,62,1266
22,90,3,Isolados,115,61,1265
22,95,0,Empiristas,115,102,1421
22,95,1,Incrementalistas,115,69,1423
22,95,2,Evolucionistas,115,64,1423
22,95,3,Isolados,115,63,1423
22,100,0,Empiristas,115,104,1595
22,100,1,Incrementalistas,115,71,1598
22,100,2,Evolucionistas,115,69,1597
22,100,3,Isolados,115,67,1597
22,105,0,Empiristas,115,106,1788
22,105,1,Incrementalistas,115,71,1789
22,105,2,Evolucionistas,115,74,1788
22,105,3,Isolados,115,70,1790
22,110,0,Empiristas,115,109,2000
22,110,1,Incrementalistas,115,77,2003
22,110,2,Evolucionistas,115,53,1979
22,110,3,Isolados,115,72,2000
22,115,0,Empiristas,115,111,2234
22,115,1,Incrementalistas,115,84,2237
22,115,2,Evolucionistas,115,54,2097
22,115,3,Isolados,115,75,2235
22,120,0,Empiristas,115,112,2493
22,120,1,Incrementalistas,115,86,2497
22,120,2,Evolucionistas,115,58,2225
22,120,3,Isolados,115,81,2493
22,125,0,Empiristas,115,113,2778
22,125,1,Incrementalistas,115,87,2782
22,125,2,Evolucionistas,115,63,2369
22,125,3,Isolados,115,84,2779
22,130,0,Empiristas,115,113,3093
22,130,1,Incrementalistas,115,89,3097
22,130,2,Evolucionistas,115,65,2525
22,130,3,Isolados,115,87,3094
22,135,0,Empiristas,115,113,3441
22,135,1,Incrementalistas,115,91,3445
22,135,2,Evolucionistas,115,66,2771
22,135,3,Isolados,115,91,3444
22,140,0,Empiristas,115,113,3825
22,140,1,Incrementalistas,115,91,3829
22,140,2,Evolucionistas,115,47,3039
22,140,3,Isolados,115,95,3828
22,145,0,Empiristas,115,113,4250
22,145,1,Incrementalistas,115,93,4255
22,145,2,Evolucionistas,115,52,3251
22,145,3,Isolados,115,97,4253
22,150,0,Empiristas,115,114,4718
22,150,1,Incrementalistas,115,96,4723
22,150,2,Evolucionistas,115,53,3486
22,150,3,Isolados,115,100,4723
22,155,0,Empiristas,115,114,5236
22,155,1,Incrementalistas,115,97,5241
22,155,2,Evolucionistas,115,61,3745
22,155,3,Isolados,115,103,5240
22,160,0,Empiristas,115,114,5808
22,160,1,Incrementalistas,115,100,5813
22,160,2,Evolucionistas,115,64,4030
22,160,3,Isolados,115,103,5811
22,165,0,Empiristas,115,115,6439
22,165,1,Incrementalistas,115,102,6443
22,165,2,Evolucionistas,115,70,4600
22,165,3,Isolados,115,107,6441
22,170,0,Empiristas,115,115,7136
22,170,1,Incrementalistas,115,103,7139
22,170,2,Evolucionistas,115,75,5294
22,170,3,Isolados,115,111,7138
22,175,0,Empiristas,115,115,7905
22,175,1,Incrementalistas,115,105,7909
22,175,2,Evolucionistas,115,88,6063
22,175,3,Isolados,115,114,7907
22,180,0,Empiristas,115,115,8754
22,180,1,Incrementalistas,115,108,8759
22,180,2,Evolucionistas,115,93,6912
22,180,3,Isolados,115,114,8757
22,185,0,Empiristas,115,115,9691
22,185,1,Incrementalistas,115,112,9696
22,185,2,Evolucionistas,115,98,7849
22,185,3,Isolados,115,115,9695
22,190,0,Empiristas,115,115,10725
22,190,1,Incrementalistas,115,112,10731
22,190,2,Evolucionistas,115,102,8884
22,190,3,Isolados,115,115,10729
22,195,0,Empiristas,115,115,11869
22,195,1,Incrementalistas,115,114,11874
22,195,2,Evolucionistas,115,107,10027
22,195,3,Isolados,115,115,11871
22,200,0,Empiristas,115,115,13131
22,200,1,Incrementalistas,115,114,13134
22,200,2,Evolucionistas,115,110,11291
22,200,3,Isolados,115,115,13132
22,205,0,Empiristas,115,115,14524
22,205,1,Incrementalistas,115,115,14526
22,205,2,Evolucionistas,115,110,12683
22,205,3,Isolados,115,115,14525
22,210,0,Empiristas,115,115,16061
22,210,1,Incrementalistas,115,115,16064
22,210,2,Evolucionistas,115,112,14220
22,210,3,Isolados,115,116,16064
22,215,0,Empiristas,115,115,17759
22,215,1,Incrementalistas,115,115,17761
22,215,2,Evolucionistas,115,114,15919
22,215,3,Isolados,115,116,17762
22,220,0,Empiristas,115,115,19634
22,220,1,Incrementalistas,115,116,19635
22,220,2,Evolucionistas,115,115,17793
22,220,3,Isolados,115,116,19636
22,225,0,Empiristas,115,115,21704
22,225,1,Incrementalistas,115,116,21705
22,225,2,Evolucionistas,115,115,19863
22,225,3,Isolados,115,116,21707
22,230,0,Empiristas,115,115,23989
22,230,1,Incrementalistas,115,116,23991
22,230,2,Evolucionistas,115,115,22148
22,230,3,Isolados,115,116,23994
22,235,0,Empiristas,115,115,26469
22,235,1,Incrementalistas,115,116,26471
22,235,2,Evolucionistas,115,115,24628
22,235,3,Isolados,115,116,26474
22,240,0,Empiristas,115,115,28969
22,240,1,Incrementalistas,115,116,28971
22,240,2,Evolucionistas,115,115,27128
22,240,3,Isolados,115,116,28974
22,245,0,Empiristas,115,115,31469
22,245,1,Incrementalistas,115,116,31471
22,245,2,Evolucionistas,115,115,29628
22,245,3,Isolados,115,116,31474
22,250,0,Empiristas,115,115,33969
22,250,1,Incrementalistas,115,116,33971
22,250,2,Evolucionistas,115,115,32128
22,250,3,Isolados,115,116,33974
22,255,0,Empiristas,115,115,36469
22,255,1,Incrementalistas,115,116,36471
22,255,2,Evolucionistas,115,115,34628
22,255,3,Isolados,115,116,36474
22,260,0,Empiristas,115,115,38969
22,260,1,Incrementalistas,115,116,38971
22,260,2,Evolucionistas,115,116,37128
22,260,3,Isolados,115,116,38974
22,265,0,Empiristas,115,115,41469
22,265,1,Incrementalistas,115,116,41471
22,265,2,Evolucionistas,115,116,39628
22,265,3,Isolados,115,116,41474
22,270,0,Empiristas,115,115,43969
22,270,1,Incrementalistas,115,116,43971
22,270,2,Evolucionistas,115,116,42128
22,270,3,Isolados,115,116,43974
22,275,0,Empiristas,115,115,46469
22,275,1,Incrementalistas,115,116,46471
22,275,2,Evolucionistas,115,116,44628
22,275,3,Isolados,115,116,46474
22,280,0,Empiristas,115,115,48969
22,280,1,Incrementalistas,115,116,48971
22,280,2,Evolucionistas,115,116,47128
22,280,3,Isolados,115,116,48974
22,285,0,Empiristas,115,115,51469
22,285,1,Incrementalistas,115,116,51471
22,285,2,Evolucionistas,115,116,49628
22,285,3,Isolados,115,116,51474
22,290,0,Empiristas,115,115,53969
22,290,1,Incrementalistas,115,116,53971
22,290,2,Evolucionistas,115,116,52128
22,290,3,Isolados,115,116,53974
22,295,0,Empiristas,115,115,56469
22,295,1,Incrementalistas,115,116,56471
22,295,2,Evolucionistas,115,116,54628
22,295,3,Isolados,115,116,56474
22,300,0,Empiristas,115,115,58969
22,300,1,Incrementalistas,115,116,58971
22,300,2,Evolucionistas,115,116,57128
22,300,3,Isolados,115,116,58974
23,0,0,Empiristas,79.21,2,5
23,0,1,Incrementalistas,67.1274,2,5
23,0,2,Evolucionistas,79.21,1,5
23,0,3,Isolados,89,3,5
23,5,0,Empiristas,93.6135,5,30
23,5,1,Incrementalistas,89.9009,6,32
23,5,2,Evolucionistas,92.8256,3,32
23,5,3,Isolados,91,10,32
23,10,0,Empiristas,109.657,6,58
23,10,1,Incrementalistas,114,10,61
23,10,2,Evolucionistas,109.657,4,62
23,10,3,Isolados,94,18,62
23,15,0,Empiristas,115,8,89
23,15,1,Incrementalistas,114,11,92
23,15,2,Evolucionistas,114,6,95
23,15,3,Isolados,96,21,94
23,20,0,Empiristas,115,12,108
23,20,1,Incrementalistas,115,20,128
23,20,2,Evolucionistas,115,12,131
23,20,3,Isolados,96,22,130
23,25,0,Empiristas,115,16,128
23,25,1,Incrementalistas,115,17,167
23,25,2,Evolucionistas,115,17,170
23,25,3,Isolados,103,26,171
23,30,0,Empiristas,115,19,150
23,30,1,Incrementalistas,115,24,189
23,30,2,Evolucionistas,115,20,214
23,30,3,Isolados,104,29,214
23,35,0,Empiristas,115,20,174
23,35,1,Incrementalistas,115,24,212
23,35,2,Evolucionistas,115,22,262
23,35,3,Isolados,104,32,264
23,40,0,Empiristas,115,25,210
23,40,1,Incrementalistas,115,25,237
23,40,2,Evolucionistas,115,25,315
23,40,3,Isolados,107,40,315
23,45,0,Empiristas,115,35,267
23,45,1,Incrementalistas,115,26,266
23,45,2,Evolucionistas,115,33,373
23,45,3,Isolados,107,47,375
23,50,0,Empiristas,115,40,332
23,50,1,Incrementalistas,115,27,305
23,50,2,Evolucionistas,115,35,438
23,50,3,Isolados,110,52,439
23,55,0,Empiristas,115,42,405
23,55,1,Incrementalistas,115,31,377
23,55,2,Evolucionistas,115,37,510
23,55,3,Isolados,114,57,511
23,60,0,Empiristas,115,48,484
23,60,1,Incrementalistas,115,34,456
23,60,2,Evolucionistas,115,43,589
23,60,3,Isolados,114,58,589
23,65,0,Empiristas,115,54,572
23,65,1,Incrementalistas,115,35,543
23,65,2,Evolucionistas,115,47,677
23,65,3,Isolados,114,62,675
23,70,0,Empiristas,115,61,668
23,70,1,Incrementalistas,115,37,638
23,70,2,Evolucionistas,115,47,772
23,70,3,Isolados,114,63,772
23,75,0,Empiristas,115,65,774
23,75,1,Incrementalistas,115,40,744
23,75,2,Evolucionistas,115,51,878
23,75,3,Isolados,114,45,846
23,80,0,Empiristas,115,70,890
23,80,1,Incrementalistas,115,42,861
23,80,2,Evolucionistas,115,52,995
23,80,3,Isolados,114,48,904
23,85,0,Empiristas,115,79,1019
23,85,1,Incrementalistas,115,46,992
23,85,2,Evolucionistas,115,54,1124
23,85,3,Isolados,115,50,969
23,90,0,Empiristas,115,82,1162
23,90,1,Incrementalistas,115,51,1137
23,90,2,Evolucionistas,115,55,1267
23,90,3,Isolados,115,53,1039
23,95,0,Empiristas,115,87,1319
23,95,1,Incrementalistas,115,55,1295
23,95,2,Evolucionistas,115,57,1425
23,95,3,Isolados,115,56,1117
23,100,0,Empiristas,115,91,1493
23,100,1,Incrementalistas,115,61,1470
23,100,2,Evolucionistas,115,58,1600
23,100,3,Isolados,115,59,1274
23,105,0,Empiristas,115,93,1686
23,105,1,Incrementalistas,115,62,1663
23,105,2,Evolucionistas,115,59,1793
23,105,3,Isolados,115,65,1467
23,110,0,Empiristas,115,97,1897
23,110,1,Incrementalistas,115,67,1876
23,110,2,Evolucionistas,115,62,2006
23,110,3,Isolados,115,70,1678
23,115,0,Empiristas,115,98,2132
23,115,1,Incrementalistas,115,70,2110
23,115,2,Evolucionistas,115,70,2241
23,115,3,Isolados,115,77,1913
23,120,0,Empiristas,115,101,2392
23,120,1,Incrementalistas,115,75,2369
23,120,2,Evolucionistas,115,76,2500
23,120,3,Isolados,115,81,2171
23,125,0,Empiristas,115,103,2677
23,125,1,Incrementalistas,115,80,2655
23,125,2,Evolucionistas,115,79,2786
23,125,3,Isolados,115,82,2457
23,130,0,Empiristas,115,105,2993
23,130,1,Incrementalistas,115,82,2970
23,130,2,Evolucionistas,115,82,3102
23,130,3,Isolados,115,87,2772
23,135,0,Empiristas,115,107,3343
23,135,1,Incrementalistas,115,86,3319
23,135,2,Evolucionistas,115,87,3448
23,135,3,Isolados,115,91,3121
23,140,0,Empiristas,115,110,3729
23,140,1,Incrementalistas,115,88,3703
23,140,2,Evolucionistas,115,91,3833
23,140,3,Isolados,115,95,3506
23,145,0,Empiristas,115,75,4111
23,145,1,Incrementalistas,115,91,4127
23,145,2,Evolucionistas,115,94,4258
23,145,3,Isolados,115,99,3932
23,150,0,Empiristas,115,85,4346
23,150,1,Incrementalistas,115,70,4405
23,150,2,Evolucionistas,115,96,4726
23,150,3,Isolados,115,103,4403
23,155,0,Empiristas,115,92,4605
23,155,1,Incrementalistas,115,52,4664
23,155,2,Evolucionistas,115,61,5086
23,155,3,Isolados,115,103,4920
23,160,0,Empiristas,115,99,4891
23,160,1,Incrementalistas,115,60,4950
23,160,2,Evolucionistas,115,67,5371
23,160,3,Isolados,115,106,5491
23,165,0,Empiristas,115,105,5205
23,165,1,Incrementalistas,115,66,5265
23,165,2,Evolucionistas,115,70,5688
23,165,3,Isolados,115,107,6122
23,170,0,Empiristas,115,108,5698
23,170,1,Incrementalistas,115,75,5614
23,170,2,Evolucionistas,115,73,6036
23,170,3,Isolados,115,109,6818
23,175,0,Empiristas,115,112,6467
23,175,1,Incrementalistas,115,83,5997
23,175,2,Evolucionistas,115,80,6421
23,175,3,Isolados,115,113,7588
23,180,0,Empiristas,115,113,7317
23,180,1,Incrementalistas,115,92,6765
23,180,2,Evolucionistas,115,91,7188
23,180,3,Isolados,115,113,8437
23,185,0,Empiristas,115,114,8255
23,185,1,Incrementalistas,115,102,7702
23,185,2,Evolucionistas,115,97,8125
23,185,3,Isolados,115,113,9374
23,190,0,Empiristas,115,115,9289
23,190,1,Incrementalistas,115,105,8737
23,190,2,Evolucionistas,115,104,9160
23,190,3,Isolados,115,113,10409
23,195,0,Empiristas,115,115,10433
23,195,1,Incrementalistas,115,107,9880
23,195,2,Evolucionistas,115,109,10302
23,195,3,Isolados,115,113,11553
23,200,0,Empiristas,115,115,11697
23,200,1,Incrementalistas,115,108,11141
23,200,2,Evolucionistas,115,110,11563
23,200,3,Isolados,115,115,12813
23,205,0,Empiristas,115,115,13088
23,205,1,Incrementalistas,115,110,12533
23,205,2,Evolucionistas,115,111,12955
23,205,3,Isolados,115,115,14206
23,210,0,Empiristas,115,115,14624
23,210,1,Incrementalistas,115,112,14073
23,210,2,Evolucionistas,115,111,14491
23,210,3,Isolados,115,115,15744
23,215,0,Empiristas,115,115,16323
23,215,1,Incrementalistas,115,112,15770
23,215,2,Evolucionistas,115,112,16190
23,215,3,Isolados,115,116,17442
23,220,0,Empiristas,115,115,18196
23,220,1,Incrementalistas,115,113,17645
23,220,2,Evolucionistas,115,115,18065
23,220,3,Isolados,115,116,19317
23,225,0,Empiristas,115,115,20267
23,225,1,Incrementalistas,115,114,19713
23,225,2,Evolucionistas,115,115,20135
23,225,3,Isolados,115,116,21386
23,230,0,Empiristas,115,115,22552
23,230,1,Incrementalistas,115,116,21998
23,230,2,Evolucionistas,115,115,22420
23,230,3,Isolados,115,116,23671
23,235,0,Empiristas,115,115,25031
23,235,1,Incrementalistas,115,116,24477
23,235,2,Evolucionistas,115,115,24900
23,235,3,Isolados,115,116,26150
23,240,0,Empiristas,115,115,27531
23,240,1,Incrementalistas,115,116,26977
23,240,2,Evolucionistas,115,115,27400
23,240,3,Isolados,115,116,28650
23,245,0,Empiristas,115,115,30031
23,245,1,Incrementalistas,115,116,29477
23,245,2,Evolucionistas,115,115,29900
23,245,3,Isolados,115,116,31150
23,250,0,Empiristas,115,115,32531
23,250,1,Incrementalistas,115,116,31977
23,250,2,Evolucionistas,115,115,32400
23,250,3,Isolados,115,116,33650
23,255,0,Empiristas,115,115,35031
23,255,1,Incrementalistas,115,116,34477
23,255,2,Evolucionistas,115,115,34900
23,255,3,Isolados,115,116,36150
23,260,0,Empiristas,115,115,37531
23,260,1,Incrementalistas,115,116,36977
23,260,2,Evolucionistas,115,115,37400
23,260,3,Isolados,115,116,38650
23,265,0,Empiristas,115,115,40031
23,265,1,Incrementalistas,115,116,39477
23,265,2,Evolucionistas,115,115,39900
23,265,3,Isolados,115,116,41150
23,270,0,Empiristas,115,115,42531
23,270,1,Incrementalistas,115,116,41977
23,270,2,Evolucionistas,115,115,42400
23,270,3,Isolados,115,116,43650
23,275,0,Empiristas,115,115,45031
23,275,1,Incrementalistas,115,116,44477
23,275,2,Evolucionistas,115,115,44900
23,275,3,Isolados,115,116,46150
23,280,0,Empiristas,115,115,47531
23,280,1,Incrementalistas,115,116,46977
23,280,2,Evolucionistas,115,115,47400
23,280,3,Isolados,115,116,48650
23,285,0,Empiristas,115,115,50031
23,285,1,Incrementalistas,115,116,49477
23,285,2,Evolucionistas,115,115,49900
23,285,3,Isolados,115,116,51150
23,290,0,Empiristas,115,115,52531
23,290,1,Incrementalistas,115,116,51977
23,290,2,Evolucionistas,115,115,52400
23,290,3,Isolados,115,88,53150
23,295,0,Empiristas,115,115,55031
23,295,1,Incrementalistas,115,116,54477
23,295,2,Evolucionistas,115,115,54900
23,295,3,Isolados,115,101,54400
23,300,0,Empiristas,115,115,57531
23,300,1,Incrementalistas,115,116,56977
23,300,2,Evolucionistas,115,115,57400
23,300,3,Isolados,115,104,55650
24,0,0,Empiristas,60.8293,1,5
24,0,1,Incrementalistas,72.4278,3,5
24,0,2,Evolucionistas,72.4278,4,5
24,0,3,Isolados,113.637,1,5
24,5,0,Empiristas,114,6,32
24,5,1,Incrementalistas,82,7,31
24,5,2,Evolucionistas,100,9,30
24,5,3,Isolados,114,6,30
24,10,0,Empiristas,114,11,61
24,10,1,Incrementalistas,114,15,60
24,10,2,Evolucionistas,114,12,58
24,10,3,Isolados,114,6,59
24,15,0,Empiristas,114,18,93
24,15,1,Incrementalistas,114,19,91
24,15,2,Evolucionistas,114,16,90
24,15,3,Isolados,114,11,92
24,20,0,Empiristas,114,27,130
24,20,1,Incrementalistas,114,21,127
24,20,2,Evolucionistas,114,19,124
24,20,3,Isolados,114,11,126
24,25,0,Empiristas,114,34,171
24,25,1,Incrementalistas,114,24,165
24,25,2,Evolucionistas,114,21,163
24,25,3,Isolados,114,17,165
24,30,0,Empiristas,114,41,217
24,30,1,Incrementalistas,114,26,207
24,30,2,Evolucionistas,114,24,206
24,30,3,Isolados,115,19,208
24,35,0,Empiristas,114,49,266
24,35,1,Incrementalistas,114,28,255
24,35,2,Evolucionistas,114,25,254
24,35,3,Isolados,115,21,257
24,40,0,Empiristas,114,56,320
24,40,1,Incrementalistas,114,31,308
24,40,2,Evolucionistas,114,30,306
24,40,3,Isolados,115,22,310
24,45,0,Empiristas,114,60,379
24,45,1,Incrementalistas,114,33,367
24,45,2,Evolucionistas,114,35,364
24,45,3,Isolados,115,23,368
24,50,0,Empiristas,114,61,441
24,50,1,Incrementalistas,114,36,430
24,50,2,Evolucionistas,114,40,429
24,50,3,Isolados,115,26,432
24,55,0,Empiristas,114,65,513
24,55,1,Incrementalistas,115,41,502
24,55,2,Evolucionistas,115,43,500
24,55,3,Isolados,115,29,504
24,60,0,Empiristas,115,70,591
24,60,1,Incrementalistas,115,42,580
24,60,2,Evolucionistas,115,45,577
24,60,3,Isolados,115,31,583
24,65,0,Empiristas,115,74,679
24,65,1,Incrementalistas,115,31,641
24,65,2,Evolucionistas,115,46,665
24,65,3,Isolados,115,33,669
24,70,0,Empiristas,115,80,776
24,70,1,Incrementalistas,115,33,689
24,70,2,Evolucionistas,115,50,760
24,70,3,Isolados,115,38,765
24,75,0,Empiristas,115,83,882
24,75,1,Incrementalistas,115,36,743
24,75,2,Evolucionistas,115,52,866
24,75,3,Isolados,115,39,873
24,80,0,Empiristas,115,86,999
24,80,1,Incrementalistas,115,39,802
24,80,2,Evolucionistas,115,53,984
24,80,3,Isolados,115,45,989
24,85,0,Empiristas,115,91,1127
24,85,1,Incrementalistas,115,42,866
24,85,2,Evolucionistas,115,55,1114
24,85,3,Isolados,115,48,1119
24,90,0,Empiristas,115,92,1270
24,90,1,Incrementalistas,115,47,996
24,90,2,Evolucionistas,115,58,1256
24,90,3,Isolados,115,50,1261
24,95,0,Empiristas,115,98,1429
24,95,1,Incrementalistas,115,49,1153
24,95,2,Evolucionistas,115,61,1414
24,95,3,Isolados,115,52,1419
24,100,0,Empiristas,115,102,1602
24,100,1,Incrementalistas,115,52,1327
24,100,2,Evolucionistas,115,66,1589
24,100,3,Isolados,115,54,1593
24,105,0,Empiristas,115,102,1794
24,105,1,Incrementalistas,115,57,1520
24,105,2,Evolucionistas,115,71,1781
24,105,3,Isolados,115,61,1787
24,110,0,Empiristas,115,103,2006
24,110,1,Incrementalistas,115,63,1732
24,110,2,Evolucionistas,115,72,1991
24,110,3,Isolados,115,67,2000
24,115,0,Empiristas,115,103,2239
24,115,1,Incrementalistas,115,66,1967
24,115,2,Evolucionistas,115,76,2225
24,115,3,Isolados,115,74,2234
24,120,0,Empiristas,115,105,2498
24,120,1,Incrementalistas,115,69,2225
24,120,2,Evolucionistas,115,80,2485
24,120,3,Isolados,115,80,2493
24,125,0,Empiristas,115,108,2784
24,125,1,Incrementalistas,115,71,2510
24,125,2,Evolucionistas,115,85,2771
24,125,3,Isolados,115,84,2778
24,130,0,Empiristas,115,109,3099
24,130,1,Incrementalistas,115,75,2825
24,130,2,Evolucionistas,115,90,3087
24,130,3,Isolados,115,89,3094
24,135,0,Empiristas,115,110,3447
24,135,1,Incrementalistas,115,79,3173
24,135,2,Evolucionistas,115,94,3433
24,135,3,Isolados,115,90,3443
24,140,0,Empiristas,115,110,3832
24,140,1,Incrementalistas,115,89,3557
24,140,2,Evolucionistas,115,95,3818
24,140,3,Isolados,115,95,3828
24,145,0,Empiristas,115,112,4256
24,145,1,Incrementalistas,115,91,3983
24,145,2,Evolucionistas,115,96,4244
24,145,3,Isolados,115,99,4252
24,150,0,Empiristas,115,113,4725
24,150,1,Incrementalistas,115,94,4450
24,150,2,Evolucionistas,115,101,4711
24,150,3,Isolados,115,101,4721
24,155,0,Empiristas,115,115,5242
24,155,1,Incrementalistas,115,97,4967
24,155,2,Evolucionistas,115,102,5229
24,155,3,Isolados,115,103,5236
24,160,0,Empiristas,115,115,5813
24,160,1,Incrementalistas,115,97,5538
24,160,2,Evolucionistas,115,105,5800
24,160,3,Isolados,115,107,5808
24,165,0,Empiristas,115,116,6443
24,165,1,Incrementalistas,115,99,6169
24,165,2,Evolucionistas,115,105,6432
24,165,3,Isolados,115,109,6439
24,170,0,Empiristas,115,116,7139
24,170,1,Incrementalistas,115,101,6866
24,170,2,Evolucionistas,115,108,7127
24,170,3,Isolados,115,110,7135
24,175,0,Empiristas,115,116,7907
24,175,1,Incrementalistas,115,103,7636
24,175,2,Evolucionistas,115,111,7895
24,175,3,Isolados,115,113,7905
24,180,0,Empiristas,115,116,8756
24,180,1,Incrementalistas,115,106,8485
24,180,2,Evolucionistas,115,111,8744
24,180,3,Isolados,115,114,8754
24,185,0,Empiristas,115,116,9693
24,185,1,Incrementalistas,115,107,9422
24,185,2,Evolucionistas,115,111,9682
24,185,3,Isolados,115,115,9690
24,190,0,Empiristas,115,116,10729
24,190,1,Incrementalistas,115,108,10456
24,190,2,Evolucionistas,115,112,10716
24,190,3,Isolados,115,115,10726
24,195,0,Empiristas,115,116,11872
24,195,1,Incrementalistas,115,111,11599
24,195,2,Evolucionistas,115,113,11858
24,195,3,Isolados,115,115,11869
24,200,0,Empiristas,115,116,13134
24,200,1,Incrementalistas,115,114,12861
24,200,2,Evolucionistas,115,114,13120
24,200,3,Isolados,115,115,13130
24,205,0,Empiristas,115,116,14528
24,205,1,Incrementalistas,115,115,14254
24,205,2,Evolucionistas,115,114,14512
24,205,3,Isolados,115,87,14379
24,210,0,Empiristas,115,116,16065
24,210,1,Incrementalistas,115,115,15792
24,210,2,Evolucionistas,115,114,16050
24,210,3,Isolados,115,94,15149
24,215,0,Empiristas,115,116,17762
24,215,1,Incrementalistas,115,116,17490
24,215,2,Evolucionistas,115,114,17748
24,215,3,Isolados,115,100,15998
24,220,0,Empiristas,115,116,19639
24,220,1,Incrementalistas,115,116,19364
24,220,2,Evolucionistas,115,115,19622
24,220,3,Isolados,115,107,16935
24,225,0,Empiristas,115,116,21709
24,225,1,Incrementalistas,115,116,21435
24,225,2,Evolucionistas,115,116,21693
24,225,3,Isolados,115,111,17970
24,230,0,Empiristas,115,116,23995
24,230,1,Incrementalistas,115,116,23721
24,230,2,Evolucionistas,115,116,23978
24,230,3,Isolados,115,80,19583
24,235,0,Empiristas,115,116,26475
24,235,1,Incrementalistas,115,116,26201
24,235,2,Evolucionistas,115,116,26458
24,235,3,Isolados,115,99,20822
24,240,0,Empiristas,115,116,28975
24,240,1,Incrementalistas,115,116,28701
24,240,2,Evolucionistas,115,116,28958
24,240,3,Isolados,115,109,22072
24,245,0,Empiristas,115,116,31475
24,245,1,Incrementalistas,115,116,31201
24,245,2,Evolucionistas,115,116,31458
24,245,3,Isolados,115,113,23322
24,250,0,Empiristas,115,116,33975
24,250,1,Incrementalistas,115,116,33701
24,250,2,Evolucionistas,115,116,33958
24,250,3,Isolados,115,113,24572
24,255,0,Empiristas,115,116,36475
24,255,1,Incrementalistas,115,116,36201
24,255,2,Evolucionistas,115,116,36458
24,255,3,Isolados,115,114,26072
24,260,0,Empiristas,115,116,38975
24,260,1,Incrementalistas,115,116,38701
24,260,2,Evolucionistas,115,116,38958
24,260,3,Isolados,115,115,28572
24,265,0,Empiristas,115,116,41475
24,265,1,Incrementalistas,115,116,41201
24,265,2,Evolucionistas,115,116,41458
24,265,3,Isolados,115,116,31072
24,270,0,Empiristas,115,116,43975
24,270,1,Incrementalistas,115,116,43701
24,270,2,Evolucionistas,115,116,43958
24,270,3,Isolados,115,116,33572
24,275,0,Empiristas,115,116,46475
24,275,1,Incrementalistas,115,116,46201
24,275,2,Evolucionistas,115,116,46458
24,275,3,Isolados,115,116,36072
24,280,0,Empiristas,115,116,48975
24,280,1,Incrementalistas,115,116,48701
24,280,2,Evolucionistas,115,116,48958
24,280,3,Isolados,115,116,38572
24,285,0,Empiristas,115,116,51475
24,285,1,Incrementalistas,115,116,51201
24,285,2,Evolucionistas,115,116,51458
24,285,3,Isolados,115,116,41072
24,290,0,Empiristas,115,116,53975
24,290,1,Incrementalistas,115,116,53701
24,290,2,Evolucionistas,115,116,53958
24,290,3,Isolados,115,116,43572
24,295,0,Empiristas,115,116,56475
24,295,1,Incrementalistas,115,116,56201
24,295,2,Evolucionistas,115,116,56458
24,295,3,Isolados,115,116,46072
24,300,0,Empiristas,115,116,58975
24,300,1,Incrementalistas,115,116,58701
24,300,2,Evolucionistas,115,116,58958
24,300,3,Isolados,115,116,48572
25,0,0,Empiristas,74.7342,2,5
25,0,1,Incrementalistas,74.7342,2,5
25,0,2,Evolucionistas,88.1886,1,5
25,0,3,Isolados,85.9614,1,5
25,5,0,Empiristas,108,9,32
25,5,1,Incrementalistas,88.1886,7,31
25,5,2,Evolucionistas,108,6,33
25,5,3,Isolados,114,3,31
25,10,0,Empiristas,108,13,59
25,10,1,Incrementalistas,110,14,59
25,10,2,Evolucionistas,108,10,60
25,10,3,Isolados,114,6,60
25,15,0,Empiristas,113,18,90
25,15,1,Incrementalistas,113,21,92
25,15,2,Evolucionistas,111,14,94
25,15,3,Isolados,114,9,93
25,20,0,Empiristas,115,23,126
25,20,1,Incrementalistas,114,24,127
25,20,2,Evolucionistas,113,16,129
25,20,3,Isolados,114,12,129
25,25,0,Empiristas,115,30,167
25,25,1,Incrementalistas,114,19,162
25,25,2,Evolucionistas,114,24,168
25,25,3,Isolados,114,14,169
25,30,0,Empiristas,115,39,211
25,30,1,Incrementalistas,115,23,186
25,30,2,Evolucionistas,115,30,212
25,30,3,Isolados,114,15,214
25,35,0,Empiristas,115,29,250
25,35,1,Incrementalistas,115,23,211
25,35,2,Evolucionistas,115,32,261
25,35,3,Isolados,114,17,263
25,40,0,Empiristas,115,35,279
25,40,1,Incrementalistas,115,24,237
25,40,2,Evolucionistas,115,32,313
25,40,3,Isolados,114,19,315
25,45,0,Empiristas,115,39,308
25,45,1,Incrementalistas,115,25,266
25,45,2,Evolucionistas,115,34,373
25,45,3,Isolados,114,23,376
25,50,0,Empiristas,115,44,340
25,50,1,Incrementalistas,115,28,312
25,50,2,Evolucionistas,115,24,410
25,50,3,Isolados,114,29,442
25,55,0,Empiristas,115,46,376
25,55,1,Incrementalistas,115,29,383
25,55,2,Evolucionistas,115,25,446
25,55,3,Isolados,115,31,513
25,60,0,Empiristas,115,36,430
25,60,1,Incrementalistas,115,33,462
25,60,2,Evolucionistas,115,26,487
25,60,3,Isolados,115,32,593
25,65,0,Empiristas,115,41,473
25,65,1,Incrementalistas,115,37,548
25,65,2,Evolucionistas,115,30,529
25,65,3,Isolados,115,35,680
25,70,0,Empiristas,115,48,520
25,70,1,Incrementalistas,115,38,645
25,70,2,Evolucionistas,115,33,577
25,70,3,Isolados,115,36,777
25,75,0,Empiristas,115,53,573
25,75,1,Incrementalistas,115,44,751
25,75,2,Evolucionistas,115,37,682
25,75,3,Isolados,115,41,884
25,80,0,Empiristas,115,59,632
25,80,1,Incrementalistas,115,45,868
25,80,2,Evolucionistas,115,39,799
25,80,3,Isolados,115,44,999
25,85,0,Empiristas,115,62,723
25,85,1,Incrementalistas,115,47,997
25,85,2,Evolucionistas,115,44,928
25,85,3,Isolados,115,48,1129
25,90,0,Empiristas,115,70,866
25,90,1,Incrementalistas,115,49,1142
25,90,2,Evolucionistas,115,50,1070
25,90,3,Isolados,115,54,1272
25,95,0,Empiristas,115,76,1024
25,95,1,Incrementalistas,115,54,1298
25,95,2,Evolucionistas,115,53,1228
25,95,3,Isolados,115,58,1430
25,100,0,Empiristas,115,80,1199
25,100,1,Incrementalistas,115,57,1472
25,100,2,Evolucionistas,115,60,1403
25,100,3,Isolados,115,64,1604
25,105,0,Empiristas,115,82,1392
25,105,1,Incrementalistas,115,58,1665
25,105,2,Evolucionistas,115,64,1596
25,105,3,Isolados,115,72,1796
25,110,0,Empiristas,115,86,1604
25,110,1,Incrementalistas,115,60,1877
25,110,2,Evolucionistas,115,67,1807
25,110,3,Isolados,115,78,2007
25,115,0,Empiristas,115,91,1838
25,115,1,Incrementalistas,115,69,2112
25,115,2,Evolucionistas,115,70,2041
25,115,3,Isolados,115,80,2240
25,120,0,Empiristas,115,95,2096
25,120,1,Incrementalistas,115,75,2372
25,120,2,Evolucionistas,115,75,2300
25,120,3,Isolados,115,87,2499
25,125,0,Empiristas,115,101,2382
25,125,1,Incrementalistas,115,79,2659
25,125,2,Evolucionistas,115,80,2586
25,125,3,Isolados,115,93,2785
25,130,0,Empiristas,115,102,2696
25,130,1,Incrementalistas,115,82,2974
25,130,2,Evolucionistas,115,85,2901
25,130,3,Isolados,115,95,3101
25,135,0,Empiristas,115,105,3045
25,135,1,Incrementalistas,115,86,3322
25,135,2,Evolucionistas,115,87,3251
25,135,3,Isolados,115,100,3448
25,140,0,Empiristas,115,109,3429
25,140,1,Incrementalistas,115,86,3707
25,140,2,Evolucionistas,115,89,3636
25,140,3,Isolados,115,102,3832
25,145,0,Empiristas,115,112,3853
25,145,1,Incrementalistas,115,90,4132
25,145,2,Evolucionistas,115,91,4061
25,145,3,Isolados,115,105,4256
25,150,0,Empiristas,115,114,4321
25,150,1,Incrementalistas,115,92,4602
25,150,2,Evolucionistas,115,95,4530
25,150,3,Isolados,115,105,4725
25,155,0,Empiristas,115,115,4839
25,155,1,Incrementalistas,115,95,5119
25,155,2,Evolucionistas,115,67,5047
25,155,3,Isolados,115,106,5244
25,160,0,Empiristas,115,116,5410
25,160,1,Incrementalistas,115,95,5691
25,160,2,Evolucionistas,115,73,5332
25,160,3,Isolados,115,108,5815
25,165,0,Empiristas,115,116,6042
25,165,1,Incrementalistas,115,102,6322
25,165,2,Evolucionistas,115,75,5648
25,165,3,Isolados,115,110,6447
25,170,0,Empiristas,115,116,6740
25,170,1,Incrementalistas,115,104,7019
25,170,2,Evolucionistas,115,86,5997
25,170,3,Isolados,115,113,7142
25,175,0,Empiristas,115,116,7507
25,175,1,Incrementalistas,115,106,7789
25,175,2,Evolucionistas,115,92,6381
25,175,3,Isolados,115,113,7910
25,180,0,Empiristas,115,116,8355
25,180,1,Incrementalistas,115,109,8639
25,180,2,Evolucionistas,115,99,6895
25,180,3,Isolados,115,115,8759
25,185,0,Empiristas,115,116,9294
25,185,1,Incrementalistas,115,110,9576
25,185,2,Evolucionistas,115,101,7833
25,185,3,Isolados,115,115,9697
25,190,0,Empiristas,115,116,10328
25,190,1,Incrementalistas,115,111,10611
25,190,2,Evolucionistas,115,104,8867
25,190,3,Isolados,115,115,10733
25,195,0,Empiristas,115,116,11472
25,195,1,Incrementalistas,115,112,11753
25,195,2,Evolucionistas,115,106,10010
25,195,3,Isolados,115,116,11875
25,200,0,Empiristas,115,116,12734
25,200,1,Incrementalistas,115,113,13014
25,200,2,Evolucionistas,115,111,11272
25,200,3,Isolados,115,116,13137
25,205,0,Empiristas,115,116,14126
25,205,1,Incrementalistas,115,114,14406
25,205,2,Evolucionistas,115,112,12665
25,205,3,Isolados,115,69,14531
25,210,0,Empiristas,115,116,15663
25,210,1,Incrementalistas,115,114,15945
25,210,2,Evolucionistas,115,77,13582
25,210,3,Isolados,115,88,15299
25,215,0,Empiristas,115,116,17361
25,215,1,Incrementalistas,115,114,17643
25,215,2,Evolucionistas,115,89,14430
25,215,3,Isolados,115,100,16148
25,220,0,Empiristas,115,116,19235
25,220,1,Incrementalistas,115,115,19516
25,220,2,Evolucionistas,115,96,15367
25,220,3,Isolados,115,106,17085
25,225,0,Empiristas,115,116,21304
25,225,1,Incrementalistas,115,115,21585
25,225,2,Evolucionistas,115,104,16403
25,225,3,Isolados,115,112,18118
25,230,0,Empiristas,115,116,23588
25,230,1,Incrementalistas,115,116,23870
25,230,2,Evolucionistas,115,108,17547
25,230,3,Isolados,115,114,19497
25,235,0,Empiristas,115,116,26067
25,235,1,Incrementalistas,115,116,26349
25,235,2,Evolucionistas,115,113,20026
25,235,3,Isolados,115,115,21977
25,240,0,Empiristas,115,116,28567
25,240,1,Incrementalistas,115,116,28849
25,240,2,Evolucionistas,115,116,22526
25,240,3,Isolados,115,115,24477
25,245,0,Empiristas,115,116,31067
25,245,1,Incrementalistas,115,116,31349
25,245,2,Evolucionistas,115,116,25026
25,245,3,Isolados,115,116,26977
25,250,0,Empiristas,115,116,33567
25,250,1,Incrementalistas,115,116,33849
25,250,2,Evolucionistas,115,116,27526
25,250,3,Isolados,115,116,29477
25,255,0,Empiristas,115,116,36067
25,255,1,Incrementalistas,115,116,36349
25,255,2,Evolucionistas,115,116,30026
25,255,3,Isolados,115,116,31977
25,260,0,Empiristas,115,116,38567
25,260,1,Incrementalistas,115,116,38849
25,260,2,Evolucionistas,115,116,32526
25,260,3,Isolados,115,116,34477
25,265,0,Empiristas,115,116,41067
25,265,1,Incrementalistas,115,116,41349
25,265,2,Evolucionistas,115,116,35026
25,265,3,Isolados,115,116,36977
25,270,0,Empiristas,115,116,43567
25,270,1,Incrementalistas,115,116,43849
25,270,2,Evolucionistas,115,116,37526
25,270,3,Isolados,115,116,39477
25,275,0,Empiristas,115,116,46067
25,275,1,Incrementalistas,115,116,46349
25,275,2,Evolucionistas,115,116,40026
25,275,3,Isolados,115,116,41977
25,280,0,Empiristas,115,116,48567
25,280,1,Incrementalistas,115,116,48849
25,280,2,Evolucionistas,115,116,42526
25,280,3,Isolados,115,116,44477
25,285,0,Empiristas,115,116,51067
25,285,1,Incrementalistas,115,116,51349
25,285,2,Evolucionistas,115,116,45026
25,285,3,Isolados,115,116,46977
25,290,0,Empiristas,115,116,53567
25,290,1,Incrementalistas,115,116,53849
25,290,2,Evolucionistas,115,116,47526
25,290,3,Isolados,115,116,49477
25,295,0,Empiristas,115,116,56067
25,295,1,Incrementalistas,115,116,56349
25,295,2,Evolucionistas,115,116,50026
25,295,3,Isolados,115,116,51977
25,300,0,Empiristas,115,116,58567
25,300,1,Incrementalistas,115,116,58849
25,300,2,Evolucionistas,115,116,52526
25,300,3,Isolados,115,116,54477
26,0,0,Empiristas,50.3205,3,5
26,0,1,Incrementalistas,47.6265,1,5
26,0,2,Evolucionistas,50.3205,3,5
26,0,3,Isolados,92.5666,1,5
26,5,0,Empiristas,75.894,5,32
26,5,1,Incrementalistas,56,9,31
26,5,2,Evolucionistas,54.0766,9,32
26,5,3,Isolados,114,4,31
26,10,0,Empiristas,112,15,61
26,10,1,Incrementalistas,112,14,60
26,10,2,Evolucionistas,112,14,61
26,10,3,Isolados,114,6,60
26,15,0,Empiristas,112,22,93
26,15,1,Incrementalistas,112,21,93
26,15,2,Evolucionistas,112,17,93
26,15,3,Isolados,114,8,93
26,20,0,Empiristas,114,28,130
26,20,1,Incrementalistas,115,26,129
26,20,2,Evolucionistas,114,26,128
26,20,3,Isolados,114,8,128
26,25,0,Empiristas,115,34,169
26,25,1,Incrementalistas,115,32,168
26,25,2,Evolucionistas,115,30,167
26,25,3,Isolados,114,10,168
26,30,0,Empiristas,115,35,213
26,30,1,Incrementalistas,115,34,211
26,30,2,Evolucionistas,115,36,212
26,30,3,Isolados,114,11,211
26,35,0,Empiristas,115,38,262
26,35,1,Incrementalistas,115,35,259
26,35,2,Evolucionistas,115,39,260
26,35,3,Isolados,114,13,259
26,40,0,Empiristas,115,44,316
26,40,1,Incrementalistas,115,36,312
26,40,2,Evolucionistas,115,42,312
26,40,3,Isolados,114,15,311
26,45,0,Empiristas,115,52,375
26,45,1,Incrementalistas,115,37,371
26,45,2,Evolucionistas,115,44,371
26,45,3,Isolados,114,15,370
26,50,0,Empiristas,115,54,440
26,50,1,Incrementalistas,115,39,436
26,50,2,Evolucionistas,115,46,436
26,50,3,Isolados,115,18,436
26,55,0,Empiristas,115,62,510
26,55,1,Incrementalistas,115,40,507
26,55,2,Evolucionistas,115,48,508
26,55,3,Isolados,115,20,508
26,60,0,Empiristas,115,67,588
26,60,1,Incrementalistas,115,40,586
26,60,2,Evolucionistas,115,51,586
26,60,3,Isolados,115,21,587
26,65,0,Empiristas,115,71,674
26,65,1,Incrementalistas,115,42,672
26,65,2,Evolucionistas,115,52,673
26,65,3,Isolados,115,25,673
26,70,0,Empiristas,115,73,770
26,70,1,Incrementalistas,115,42,768
26,70,2,Evolucionistas,115,58,769
26,70,3,Isolados,115,28,769
26,75,0,Empiristas,115,77,877
26,75,1,Incrementalistas,115,47,874
26,75,2,Evolucionistas,115,60,874
26,75,3,Isolados,115,31,874
26,80,0,Empiristas,115,82,995
26,80,1,Incrementalistas,115,51,991
26,80,2,Evolucionistas,115,50,956
26,80,3,Isolados,115,37,990
26,85,0,Empiristas,115,89,1124
26,85,1,Incrementalistas,115,55,1120
26,85,2,Evolucionistas,115,52,1019
26,85,3,Isolados,115,44,1119
26,90,0,Empiristas,115,92,1268
26,90,1,Incrementalistas,115,60,1263
26,90,2,Evolucionistas,115,55,1092
26,90,3,Isolados,115,47,1262
26,95,0,Empiristas,115,95,1426
26,95,1,Incrementalistas,115,64,1420
26,95,2,Evolucionistas,115,56,1170
26,95,3,Isolados,115,50,1419
26,100,0,Empiristas,115,96,1600
26,100,1,Incrementalistas,115,65,1593
26,100,2,Evolucionistas,115,61,1257
26,100,3,Isolados,115,54,1593
26,105,0,Empiristas,115,98,1792
26,105,1,Incrementalistas,115,69,1785
26,105,2,Evolucionistas,115,66,1431
26,105,3,Isolados,115,62,1785
26,110,0,Empiristas,115,100,2005
26,110,1,Incrementalistas,115,74,1999
26,110,2,Evolucionistas,115,70,1642
26,110,3,Isolados,115,67,1999
26,115,0,Empiristas,115,103,2238
26,115,1,Incrementalistas,115,77,2233
26,115,2,Evolucionistas,115,72,1876
26,115,3,Isolados,115,72,2234
26,120,0,Empiristas,115,105,2498
26,120,1,Incrementalistas,115,79,2492
26,120,2,Evolucionistas,115,72,2135
26,120,3,Isolados,115,77,2493
26,125,0,Empiristas,115,108,2783
26,125,1,Incrementalistas,115,83,2779
26,125,2,Evolucionistas,115,74,2422
26,125,3,Isolados,115,79,2779
26,130,0,Empiristas,115,111,3098
26,130,1,Incrementalistas,115,86,3094
26,130,2,Evolucionistas,115,76,2737
26,130,3,Isolados,115,89,3094
26,135,0,Empiristas,115,112,3446
26,135,1,Incrementalistas,115,89,3442
26,135,2,Evolucionistas,115,81,3086
26,135,3,Isolados,115,91,3444
26,140,0,Empiristas,115,113,3830
26,140,1,Incrementalistas,115,91,3826
26,140,2,Evolucionistas,115,85,3471
26,140,3,Isolados,115,97,3830
26,145,0,Empiristas,115,114,4254
26,145,1,Incrementalistas,115,94,4250
26,145,2,Evolucionistas,115,88,3896
26,145,3,Isolados,115,99,4255
26,150,0,Empiristas,115,114,4724
26,150,1,Incrementalistas,115,95,4719
26,150,2,Evolucionistas,115,92,4365
26,150,3,Isolados,115,100,4724
26,155,0,Empiristas,115,114,5242
26,155,1,Incrementalistas,115,96,5236
26,155,2,Evolucionistas,115,94,4881
26,155,3,Isolados,115,106,5243
26,160,0,Empiristas,115,115,5813
26,160,1,Incrementalistas,115,99,5808
26,160,2,Evolucionistas,115,100,5452
26,160,3,Isolados,115,106,5816
26,165,0,Empiristas,115,115,6445
26,165,1,Incrementalistas,115,100,6438
26,165,2,Evolucionistas,115,100,6083
26,165,3,Isolados,115,111,6447
26,170,0,Empiristas,115,115,7141
26,170,1,Incrementalistas,115,105,7135
26,170,2,Evolucionistas,115,103,6779
26,170,3,Isolados,115,112,7143
26,175,0,Empiristas,115,115,7909
26,175,1,Incrementalistas,115,106,7905
26,175,2,Evolucionistas,115,105,7548
26,175,3,Isolados,115,113,7912
26,180,0,Empiristas,115,115,8757
26,180,1,Incrementalistas,115,108,8753
26,180,2,Evolucionistas,115,108,8397
26,180,3,Isolados,115,114,8760
26,185,0,Empiristas,115,115,9694
26,185,1,Incrementalistas,115,109,9690
26,185,2,Evolucionistas,115,109,9335
26,185,3,Isolados,115,116,9698
26,190,0,Empiristas,115,115,10729
26,190,1,Incrementalistas,115,110,10725
26,190,2,Evolucionistas,115,110,10370
26,190,3,Isolados,115,116,10733
26,195,0,Empiristas,115,115,11871
26,195,1,Incrementalistas,115,111,11867
26,195,2,Evolucionistas,115,111,11514
26,195,3,Isolados,115,116,11876
26,200,0,Empiristas,115,115,13134
26,200,1,Incrementalistas,115,111,13129
26,200,2,Evolucionistas,115,112,12778
26,200,3,Isolados,115,116,13138
26,205,0,Empiristas,115,115,14527
26,205,1,Incrementalistas,115,112,14522
26,205,2,Evolucionistas,115,113,14172
26,205,3,Isolados,115,116,14531
26,210,0,Empiristas,115,115,16066
26,210,1,Incrementalistas,115,113,16060
26,210,2,Evolucionistas,115,113,15711
26,210,3,Isolados,115,116,16071
26,215,0,Empiristas,115,116,17763
26,215,1,Incrementalistas,115,113,17757
26,215,2,Evolucionistas,115,115,17409
26,215,3,Isolados,115,116,17769
26,220,0,Empiristas,115,116,19637
26,220,1,Incrementalistas,115,114,19632
26,220,2,Evolucionistas,115,115,19284
26,220,3,Isolados,115,116,19646
26,225,0,Empiristas,115,116,21706
26,225,1,Incrementalistas,115,115,21701
26,225,2,Evolucionistas,115,116,21354
26,225,3,Isolados,115,116,21717
26,230,0,Empiristas,115,116,23991
26,230,1,Incrementalistas,115,115,23987
26,230,2,Evolucionistas,115,116,23639
26,230,3,Isolados,115,116,24002
26,235,0,Empiristas,115,116,26470
26,235,1,Incrementalistas,115,115,26466
26,235,2,Evolucionistas,115,116,26119
26,235,3,Isolados,115,116,26481
26,240,0,Empiristas,115,116,28970
26,240,1,Incrementalistas,115,115,28966
26,240,2,Evolucionistas,115,116,28619
26,240,3,Isolados,115,116,28981
26,245,0,Empiristas,115,116,31470
26,245,1,Incrementalistas,115,115,31466
26,245,2,Evolucionistas,115,116,31119
26,245,3,Isolados,115,116,31481
26,250,0,Empiristas,115,116,33970
26,250,1,Incrementalistas,115,115,33966
26,250,2,Evolucionistas,115,116,33619
26,250,3,Isolados,115,116,33981
26,255,0,Empiristas,115,116,36470
26,255,1,Incrementalistas,115,115,36466
26,255,2,Evolucionistas,115,116,36119
26,255,3,Isolados,115,116,36481
26,260,0,Empiristas,115,116,38970
26,260,1,Incrementalistas,115,116,38966
26,260,2,Evolucionistas,115,116,38619
26,260,3,Isolados,115,116,38981
26,265,0,Empiristas,115,116,41470
26,265,1,Incrementalistas,115,116,41466
26,265,2,Evolucionistas,115,116,41119
26,265,3,Isolados,115,116,41481
26,270,0,Empiristas,115,116,43970
26,270,1,Incrementalistas,115,116,43966
26,270,2,Evolucionistas,115,116,43619
26,270,3,Isolados,115,116,43981
26,275,0,Empiristas,115,116,46470
26,275,1,Incrementalistas,115,116,46466
26,275,2,Evolucionistas,115,116,46119
26,275,3,Isolados,115,116,46481
26,280,0,Empiristas,115,116,48970
26,280,1,Incrementalistas,115,116,48966
26,280,2,Evolucionistas,115,116,48619
26,280,3,Isolados,115,116,48981
26,285,0,Empiristas,115,116,51470
26,285,1,Incrementalistas,115,116,51466
26,285,2,Evolucionistas,115,116,51119
26,285,3,Isolados,115,116,51481
26,290,0,Empiristas,115,116,53970
26,290,1,Incrementalistas,115,116,53966
26,290,2,Evolucionistas,115,116,53619
26,290,3,Isolados,115,116,53981
26,295,0,Empiristas,115,116,56470
26,295,1,Incrementalistas,115,116,56466
26,295,2,Evolucionistas,115,116,56119
26,295,3,Isolados,115,116,56481
26,300,0,Empiristas,115,116,58970
26,300,1,Incrementalistas,115,116,58966
26,300,2,Evolucionistas,115,116,58619
26,300,3,Isolados,115,116,58981
27,0,0,Empiristas,100.868,1,5
27,0,1,Incrementalistas,30.2073,2,5
27,0,2,Evolucionistas,95.4344,1,5
27,0,3,Isolados,68.9626,2,5
27,5,0,Empiristas,114,7,33
27,5,1,Incrementalistas,99,8,32
27,5,2,Evolucionistas,99,6,31
27,5,3,Isolados,98,6,31
27,10,0,Empiristas,115,16,61
27,10,1,Incrementalistas,115,11,60
27,10,2,Evolucionistas,115,11,61
27,10,3,Isolados,98,11,60
27,15,0,Empiristas,115,22,96
27,15,1,Incrementalistas,115,13,91
27,15,2,Evolucionistas,115,13,94
27,15,3,Isolados,100,19,92
27,20,0,Empiristas,115,29,131
27,20,1,Incrementalistas,115,19,126
27,20,2,Evolucionistas,115,15,130
27,20,3,Isolados,100,20,128
27,25,0,Empiristas,115,32,169
27,25,1,Incrementalistas,115,21,165
27,25,2,Evolucionistas,115,17,170
27,25,3,Isolados,100,24,167
27,30,0,Empiristas,115,38,211
27,30,1,Incrementalistas,115,23,209
27,30,2,Evolucionistas,115,19,213
27,30,3,Isolados,100,25,210
27,35,0,Empiristas,115,41,259
27,35,1,Incrementalistas,115,28,257
27,35,2,Evolucionistas,115,20,260
27,35,3,Isolados,100.846,26,259
27,40,0,Empiristas,115,48,311
27,40,1,Incrementalistas,115,28,310
27,40,2,Evolucionistas,115,22,312
27,40,3,Isolados,104,29,313
27,45,0,Empiristas,115,53,368
27,45,1,Incrementalistas,115,32,369
27,45,2,Evolucionistas,115,23,370
27,45,3,Isolados,104,32,372
27,50,0,Empiristas,115,54,433
27,50,1,Incrementalistas,115,35,435
27,50,2,Evolucionistas,115,24,434
27,50,3,Isolados,113,39,438
27,55,0,Empiristas,115,59,504
27,55,1,Incrementalistas,115,36,506
27,55,2,Evolucionistas,115,25,505
27,55,3,Isolados,113,46,509
27,60,0,Empiristas,115,64,583
27,60,1,Incrementalistas,115,38,586
27,60,2,Evolucionistas,115,27,584
27,60,3,Isolados,114,49,587
27,65,0,Empiristas,115,71,670
27,65,1,Incrementalistas,114,31,673
27,65,2,Evolucionistas,115,30,670
27,65,3,Isolados,115,52,673
27,70,0,Empiristas,115,77,766
27,70,1,Incrementalistas,114,34,721
27,70,2,Evolucionistas,115,32,767
27,70,3,Isolados,115,55,769
27,75,0,Empiristas,115,80,872
27,75,1,Incrementalistas,115,38,774
27,75,2,Evolucionistas,115,37,872
27,75,3,Isolados,115,58,875
27,80,0,Empiristas,115,84,990
27,80,1,Incrementalistas,115,40,832
27,80,2,Evolucionistas,115,40,990
27,80,3,Isolados,115,59,993
27,85,0,Empiristas,115,89,1120
27,85,1,Incrementalistas,114,28,896
27,85,2,Evolucionistas,115,45,1120
27,85,3,Isolados,115,63,1122
27,90,0,Empiristas,115,94,1263
27,90,1,Incrementalistas,115,34,969
27,90,2,Evolucionistas,115,46,1262
27,90,3,Isolados,115,64,1266
27,95,0,Empiristas,115,95,1422
27,95,1,Incrementalistas,115,40,1050
27,95,2,Evolucionistas,115,52,1419
27,95,3,Isolados,115,67,1423
27,100,0,Empiristas,115,99,1596
27,100,1,Incrementalistas,115,41,1136
27,100,2,Evolucionistas,115,55,1593
27,100,3,Isolados,115,67,1596
27,105,0,Empiristas,115,101,1789
27,105,1,Incrementalistas,115,45,1231
27,105,2,Evolucionistas,115,59,1786
27,105,3,Isolados,115,69,1788
27,110,0,Empiristas,115,103,2001
27,110,1,Incrementalistas,115,48,1381
27,110,2,Evolucionistas,115,61,1999
27,110,3,Isolados,115,74,1998
27,115,0,Empiristas,115,105,2235
27,115,1,Incrementalistas,115,52,1615
27,115,2,Evolucionistas,115,69,2233
27,115,3,Isolados,115,75,2232
27,120,0,Empiristas,115,107,2494
27,120,1,Incrementalistas,115,62,1875
27,120,2,Evolucionistas,115,59,2411
27,120,3,Isolados,115,79,2490
27,125,0,Empiristas,115,107,2781
27,125,1,Incrementalistas,115,66,2160
27,125,2,Evolucionistas,115,63,2555
27,125,3,Isolados,115,81,2774
27,130,0,Empiristas,115,108,3097
27,130,1,Incrementalistas,115,70,2476
27,130,2,Evolucionistas,115,69,2712
27,130,3,Isolados,115,82,3090
27,135,0,Empiristas,115,110,3444
27,135,1,Incrementalistas,115,74,2823
27,135,2,Evolucionistas,115,72,2885
27,135,3,Isolados,115,88,3439
27,140,0,Empiristas,115,113,3828
27,140,1,Incrementalistas,114,49,3208
27,140,2,Evolucionistas,115,73,3077
27,140,3,Isolados,115,89,3825
27,145,0,Empiristas,115,113,4253
27,145,1,Incrementalistas,115,56,3421
27,145,2,Evolucionistas,115,79,3461
27,145,3,Isolados,115,93,4250
27,150,0,Empiristas,115,114,4721
27,150,1,Incrementalistas,115,60,3656
27,150,2,Evolucionistas,115,87,3929
27,150,3,Isolados,115,96,4718
27,155,0,Empiristas,115,114,5238
27,155,1,Incrementalistas,115,69,3916
27,155,2,Evolucionistas,115,91,4447
27,155,3,Isolados,115,98,5235
27,160,0,Empiristas,115,114,5809
27,160,1,Incrementalistas,115,75,4201
27,160,2,Evolucionistas,115,96,5018
27,160,3,Isolados,115,101,5807
27,165,0,Empiristas,115,114,6441
27,165,1,Incrementalistas,115,81,4582
27,165,2,Evolucionistas,115,100,5648
27,165,3,Isolados,115,104,6438
27,170,0,Empiristas,115,115,7138
27,170,1,Incrementalistas,115,87,5278
27,170,2,Evolucionistas,115,102,6345
27,170,3,Isolados,115,106,7135
27,175,0,Empiristas,115,116,7908
27,175,1,Incrementalistas,115,97,6048
27,175,2,Evolucionistas,115,106,7114
27,175,3,Isolados,115,108,7903
27,180,0,Empiristas,115,116,8758
27,180,1,Incrementalistas,115,100,6897
27,180,2,Evolucionistas,115,107,7964
27,180,3,Isolados,115,112,8753
27,185,0,Empiristas,115,116,9695
27,185,1,Incrementalistas,115,103,7835
27,185,2,Evolucionistas,115,108,8901
27,185,3,Isolados,115,113,9690
27,190,0,Empiristas,115,116,10728
27,190,1,Incrementalistas,115,106,8870
27,190,2,Evolucionistas,115,108,9936
27,190,3,Isolados,115,115,10725
27,195,0,Empiristas,115,116,11869
27,195,1,Incrementalistas,115,106,10013
27,195,2,Evolucionistas,115,108,11078
27,195,3,Isolados,115,115,11867
27,200,0,Empiristas,115,116,13131
27,200,1,Incrementalistas,115,108,11275
27,200,2,Evolucionistas,115,84,12080
27,200,3,Isolados,115,115,13129
27,205,0,Empiristas,115,116,14525
27,205,1,Incrementalistas,115,110,12668
27,205,2,Evolucionistas,115,91,12778
27,205,3,Isolados,115,115,14522
27,210,0,Empiristas,115,116,16064
27,210,1,Incrementalistas,115,111,14206
27,210,2,Evolucionistas,115,100,13545
27,210,3,Isolados,115,115,16060
27,215,0,Empiristas,115,116,17763
27,215,1,Incrementalistas,115,113,15904
27,215,2,Evolucionistas,115,103,14395
27,215,3,Isolados,115,115,17758
27,220,0,Empiristas,115,116,19639
27,220,1,Incrementalistas,115,114,17778
27,220,2,Evolucionistas,115,105,15332
27,220,3,Isolados,115,115,19635
27,225,0,Empiristas,115,116,21709
27,225,1,Incrementalistas,115,114,19848
27,225,2,Evolucionistas,115,108,17000
27,225,3,Isolados,115,115,21705
27,230,0,Empiristas,115,116,23994
27,230,1,Incrementalistas,115,116,22133
27,230,2,Evolucionistas,115,114,19286
27,230,3,Isolados,115,115,23990
27,235,0,Empiristas,115,116,26473
27,235,1,Incrementalistas,115,116,24613
27,235,2,Evolucionistas,115,114,21765
27,235,3,Isolados,115,115,26470
27,240,0,Empiristas,115,116,28973
27,240,1,Incrementalistas,115,116,27113
27,240,2,Evolucionistas,115,114,24265
27,240,3,Isolados,115,115,28970
27,245,0,Empiristas,115,116,31473
27,245,1,Incrementalistas,115,116,29613
27,245,2,Evolucionistas,115,114,26765
27,245,3,Isolados,115,115,31470
27,250,0,Empiristas,115,116,33973
27,250,1,Incrementalistas,115,116,32113
27,250,2,Evolucionistas,115,115,29265
27,250,3,Isolados,115,115,33970
27,255,0,Empiristas,115,116,36473
27,255,1,Incrementalistas,115,116,34613
27,255,2,Evolucionistas,115,115,31765
27,255,3,Isolados,115,115,36470
27,260,0,Empiristas,115,116,38973
27,260,1,Incrementalistas,115,116,37113
27,260,2,Evolucionistas,115,115,34265
27,260,3,Isolados,115,115,38970
27,265,0,Empiristas,115,116,41473
27,265,1,Incrementalistas,115,116,39613
27,265,2,Evolucionistas,115,115,36765
27,265,3,Isolados,115,115,41470
27,270,0,Empiristas,115,116,43973
27,270,1,Incrementalistas,115,116,42113
27,270,2,Evolucionistas,115,115,39265
27,270,3,Isolados,115,115,43970
27,275,0,Empiristas,115,116,46473
27,275,1,Incrementalistas,115,116,44613
27,275,2,Evolucionistas,115,115,41765
27,275,3,Isolados,115,116,46470
27,280,0,Empiristas,115,116,48973
27,280,1,Incrementalistas,115,116,47113
27,280,2,Evolucionistas,115,115,44265
27,280,3,Isolados,115,116,48970
27,285,0,Empiristas,115,116,51473
27,285,1,Incrementalistas,115,116,49613
27,285,2,Evolucionistas,115,115,46765
27,285,3,Isolados,115,116,51470
27,290,0,Empiristas,115,116,53973
27,290,1,Incrementalistas,115,116,52113
27,290,2,Evolucionistas,115,115,49265
27,290,3,Isolados,115,116,53970
27,295,0,Empiristas,115,116,56473
27,295,1,Incrementalistas,115,116,54613
27,295,2,Evolucionistas,115,115,51765
27,295,3,Isolados,115,116,56470
27,300,0,Empiristas,115,116,58973
27,300,1,Incrementalistas,115,116,57113
27,300,2,Evolucionistas,115,115,54265
27,300,3,Isolados,115,116,58970
28,0,0,Empiristas,50.3842,1,5
28,0,1,Incrementalistas,52.9944,2,5
28,0,2,Evolucionistas,86.9255,1,5
28,0,3,Isolados,78,5,5
28,5,0,Empiristas,99.5196,4,31
28,5,1,Incrementalistas,100,5,31
28,5,2,Evolucionistas,100,5,32
28,5,3,Isolados,91,11,34
28,10,0,Empiristas,113,11,61
28,10,1,Incrementalistas,113,15,61
28,10,2,Evolucionistas,108.346,10,61
28,10,3,Isolados,92,18,64
28,15,0,Empiristas,114,16,93
28,15,1,Incrementalistas,114,19,93
28,15,2,Evolucionistas,114,14,93
28,15,3,Isolados,102,22,96
28,20,0,Empiristas,114,23,129
28,20,1,Incrementalistas,114,21,129
28,20,2,Evolucionistas,114,19,129
28,20,3,Isolados,103,27,131
28,25,0,Empiristas,114,29,168
28,25,1,Incrementalistas,115,24,169
28,25,2,Evolucionistas,114,23,168
28,25,3,Isolados,110,30,169
28,30,0,Empiristas,114,36,212
28,30,1,Incrementalistas,115,26,213
28,30,2,Evolucionistas,115,29,211
28,30,3,Isolados,111,35,213
28,35,0,Empiristas,115,44,259
28,35,1,Incrementalistas,115,27,261
28,35,2,Evolucionistas,115,31,257
28,35,3,Isolados,113,40,261
28,40,0,Empiristas,115,46,313
28,40,1,Incrementalistas,115,29,315
28,40,2,Evolucionistas,115,32,311
28,40,3,Isolados,113,44,316
28,45,0,Empiristas,115,51,372
28,45,1,Incrementalistas,115,32,373
28,45,2,Evolucionistas,115,34,369
28,45,3,Isolados,114,47,374
28,50,0,Empiristas,115,54,436
28,50,1,Incrementalistas,115,33,437
28,50,2,Evolucionistas,115,35,433
28,50,3,Isolados,114,47,439
28,55,0,Empiristas,115,59,508
28,55,1,Incrementalistas,115,35,508
28,55,2,Evolucionistas,115,37,504
28,55,3,Isolados,114,50,512
28,60,0,Empiristas,115,66,586
28,60,1,Incrementalistas,115,36,587
28,60,2,Evolucionistas,115,41,584
28,60,3,Isolados,115,51,591
28,65,0,Empiristas,115,72,673
28,65,1,Incrementalistas,115,38,675
28,65,2,Evolucionistas,115,41,674
28,65,3,Isolados,115,52,678
28,70,0,Empiristas,115,76,769
28,70,1,Incrementalistas,115,41,771
28,70,2,Evolucionistas,115,43,772
28,70,3,Isolados,115,55,775
28,75,0,Empiristas,115,80,876
28,75,1,Incrementalistas,115,42,877
28,75,2,Evolucionistas,115,45,878
28,75,3,Isolados,115,56,882
28,80,0,Empiristas,115,83,995
28,80,1,Incrementalistas,115,45,994
28,80,2,Evolucionistas,115,46,996
28,80,3,Isolados,115,58,999
28,85,0,Empiristas,115,86,1124
28,85,1,Incrementalistas,115,47,1123
28,85,2,Evolucionistas,115,51,1127
28,85,3,Isolados,115,61,1129
28,90,0,Empiristas,115,68,1209
28,90,1,Incrementalistas,115,49,1267
28,90,2,Evolucionistas,115,55,1269
28,90,3,Isolados,115,63,1272
28,95,0,Empiristas,115,75,1288
28,95,1,Incrementalistas,115,50,1424
28,95,2,Evolucionistas,115,56,1428
28,95,3,Isolados,115,67,1430
28,100,0,Empiristas,115,79,1376
28,100,1,Incrementalistas,115,60,1598
28,100,2,Evolucionistas,115,58,1602
28,100,3,Isolados,115,74,1605
28,105,0,Empiristas,115,82,1473
28,105,1,Incrementalistas,115,62,1790
28,105,2,Evolucionistas,115,62,1795
28,105,3,Isolados,115,82,1798
28,110,0,Empiristas,115,87,1580
28,110,1,Incrementalistas,115,66,2002
28,110,2,Evolucionistas,115,66,2007
28,110,3,Isolados,115,86,2009
28,115,0,Empiristas,115,93,1814
28,115,1,Incrementalistas,115,68,2237
28,115,2,Evolucionistas,115,69,2241
28,115,3,Isolados,115,89,2244
28,120,0,Empiristas,115,99,2071
28,120,1,Incrementalistas,115,74,2494
28,120,2,Evolucionistas,115,70,2501
28,120,3,Isolados,115,90,2502
28,125,0,Empiristas,115,100,2358
28,125,1,Incrementalistas,115,78,2780
28,125,2,Evolucionistas,115,75,2787
28,125,3,Isolados,115,91,2787
28,130,0,Empiristas,115,103,2674
28,130,1,Incrementalistas,115,82,3095
28,130,2,Evolucionistas,115,78,3103
28,130,3,Isolados,115,95,3102
28,135,0,Empiristas,115,105,3021
28,135,1,Incrementalistas,115,86,3444
28,135,2,Evolucionistas,115,82,3450
28,135,3,Isolados,115,100,3451
28,140,0,Empiristas,115,110,3405
28,140,1,Incrementalistas,115,88,3829
28,140,2,Evolucionistas,115,88,3835
28,140,3,Isolados,115,102,3836
28,145,0,Empiristas,115,112,3830
28,145,1,Incrementalistas,115,91,4253
28,145,2,Evolucionistas,115,90,4260
28,145,3,Isolados,115,105,4259
28,150,0,Empiristas,115,113,4299
28,150,1,Incrementalistas,115,94,4722
28,150,2,Evolucionistas,115,94,4729
28,150,3,Isolados,115,106,4729
28,155,0,Empiristas,115,115,4817
28,155,1,Incrementalistas,115,97,5238
28,155,2,Evolucionistas,115,98,5247
28,155,3,Isolados,115,109,5246
28,160,0,Empiristas,115,115,5389
28,160,1,Incrementalistas,115,100,5810
28,160,2,Evolucionistas,115,104,5819
28,160,3,Isolados,115,109,5817
28,165,0,Empiristas,115,116,6019
28,165,1,Incrementalistas,115,105,6441
28,165,2,Evolucionistas,115,106,6450
28,165,3,Isolados,115,110,6448
28,170,0,Empiristas,115,116,6715
28,170,1,Incrementalistas,115,106,7137
28,170,2,Evolucionistas,115,107,7147
28,170,3,Isolados,115,112,7145
28,175,0,Empiristas,115,116,7485
28,175,1,Incrementalistas,115,106,7906
28,175,2,Evolucionistas,115,111,7916
28,175,3,Isolados,115,114,7915
28,180,0,Empiristas,115,116,8334
28,180,1,Incrementalistas,115,109,8755
28,180,2,Evolucionistas,115,111,8766
28,180,3,Isolados,115,114,8764
28,185,0,Empiristas,115,116,9273
28,185,1,Incrementalistas,115,110,9693
28,185,2,Evolucionistas,115,114,9705
28,185,3,Isolados,115,115,9702
28,190,0,Empiristas,115,116,10308
28,190,1,Incrementalistas,115,111,10728
28,190,2,Evolucionistas,115,114,10740
28,190,3,Isolados,115,115,10738
28,195,0,Empiristas,115,116,11452
28,195,1,Incrementalistas,115,112,11872
28,195,2,Evolucionistas,115,114,11884
28,195,3,Isolados,115,115,11882
28,200,0,Empiristas,115,116,12713
28,200,1,Incrementalistas,115,114,13133
28,200,2,Evolucionistas,115,114,13145
28,200,3,Isolados,115,115,13144
28,205,0,Empiristas,115,116,14106
28,205,1,Incrementalistas,115,115,14525
28,205,2,Evolucionistas,115,115,14538
28,205,3,Isolados,115,115,14537
28,210,0,Empiristas,115,116,15644
28,210,1,Incrementalistas,115,116,16062
28,210,2,Evolucionistas,115,115,16076
28,210,3,Isolados,115,116,16075
28,215,0,Empiristas,115,116,17342
28,215,1,Incrementalistas,115,116,17759
28,215,2,Evolucionistas,115,115,17775
28,215,3,Isolados,115,116,17774
28,220,0,Empiristas,115,116,19218
28,220,1,Incrementalistas,115,116,19634
28,220,2,Evolucionistas,115,115,19649
28,220,3,Isolados,115,116,19649
28,225,0,Empiristas,115,116,21288
28,225,1,Incrementalistas,115,116,21704
28,225,2,Evolucionistas,115,115,21720
28,225,3,Isolados,115,93,20883
28,230,0,Empiristas,115,116,23574
28,230,1,Incrementalistas,115,116,23989
28,230,2,Evolucionistas,115,115,24005
28,230,3,Isolados,115,101,22027
28,235,0,Empiristas,115,116,26053
28,235,1,Incrementalistas,115,116,26468
28,235,2,Evolucionistas,115,115,26484
28,235,3,Isolados,115,107,23266
28,240,0,Empiristas,115,116,28553
28,240,1,Incrementalistas,115,116,28968
28,240,2,Evolucionistas,115,115,28984
28,240,3,Isolados,115,112,24516
28,245,0,Empiristas,115,116,31053
28,245,1,Incrementalistas,115,116,31468
28,245,2,Evolucionistas,115,116,31484
28,245,3,Isolados,115,114,25766
28,250,0,Empiristas,115,116,33553
28,250,1,Incrementalistas,115,116,33968
28,250,2,Evolucionistas,115,116,33984
28,250,3,Isolados,115,115,28266
28,255,0,Empiristas,115,116,36053
28,255,1,Incrementalistas,115,116,36468
28,255,2,Evolucionistas,115,116,36484
28,255,3,Isolados,115,115,30766
28,260,0,Empiristas,115,116,38553
28,260,1,Incrementalistas,115,116,38968
28,260,2,Evolucionistas,115,116,38984
28,260,3,Isolados,115,116,33266
28,265,0,Empiristas,115,116,41053
28,265,1,Incrementalistas,115,116,41468
28,265,2,Evolucionistas,115,116,41484
28,265,3,Isolados,115,116,35766
28,270,0,Empiristas,115,116,43553
28,270,1,Incrementalistas,115,116,43968
28,270,2,Evolucionistas,115,116,43984
28,270,3,Isolados,115,116,38266
28,275,0,Empiristas,115,116,46053
28,275,1,Incrementalistas,115,116,46468
28,275,2,Evolucionistas,115,116,46484
28,275,3,Isolados,115,116,40766
28,280,0,Empiristas,115,116,48553
28,280,1,Incrementalistas,115,116,48968
28,280,2,Evolucionistas,115,116,48984
28,280,3,Isolados,115,116,43266
28,285,0,Empiristas,115,116,51053
28,285,1,Incrementalistas,115,116,51468
28,285,2,Evolucionistas,115,116,51484
28,285,3,Isolados,115,116,45766
28,290,0,Empiristas,115,116,53553
28,290,1,Incrementalistas,115,116,53968
28,290,2,Evolucionistas,115,116,53984
28,290,3,Isolados,115,116,48266
28,295,0,Empiristas,115,116,56053
28,295,1,Incrementalistas,115,116,56468
28,295,2,Evolucionistas,115,116,56484
28,295,3,Isolados,115,116,50766
28,300,0,Empiristas,115,116,58553
28,300,1,Incrementalistas,115,116,58968
28,300,2,Evolucionistas,115,116,58984
28,300,3,Isolados,115,116,53266
29,0,0,Empiristas,74.423,2,5
29,0,1,Incrementalistas,54,3,5
29,0,2,Evolucionistas,53.488,2,5
29,0,3,Isolados,74,2,5
29,5,0,Empiristas,82,8,32
29,5,1,Incrementalistas,57,6,31
29,5,2,Evolucionistas,82,8,31
29,5,3,Isolados,74.0199,5,31
29,10,0,Empiristas,82,13,63
29,10,1,Incrementalistas,82,12,61
29,10,2,Evolucionistas,82,14,60
29,10,3,Isolados,101.033,9,60
29,15,0,Empiristas,82,18,96
29,15,1,Incrementalistas,82,16,93
29,15,2,Evolucionistas,82,14,87
29,15,3,Isolados,109.058,10,91
29,20,0,Empiristas,101,24,132
29,20,1,Incrementalistas,92.0053,23,129
29,20,2,Evolucionistas,101,17,104
29,20,3,Isolados,114,14,128
29,25,0,Empiristas,101,25,173
29,25,1,Incrementalistas,92.0053,26,168
29,25,2,Evolucionistas,101,19,124
29,25,3,Isolados,115,19,167
29,30,0,Empiristas,101,31,216
29,30,1,Incrementalistas,101,29,210
29,30,2,Evolucionistas,101,26,145
29,30,3,Isolados,115,22,209
29,35,0,Empiristas,101,38,265
29,35,1,Incrementalistas,101,36,258
29,35,2,Evolucionistas,101,21,170
29,35,3,Isolados,115,26,258
29,40,0,Empiristas,101,45,318
29,40,1,Incrementalistas,102,38,310
29,40,2,Evolucionistas,101,27,197
29,40,3,Isolados,115,27,311
29,45,0,Empiristas,110,52,377
29,45,1,Incrementalistas,103,39,370
29,45,2,Evolucionistas,110,32,226
29,45,3,Isolados,115,28,370
29,50,0,Empiristas,114,59,443
29,50,1,Incrementalistas,114,44,434
29,50,2,Evolucionistas,114,37,258
29,50,3,Isolados,115,31,435
29,55,0,Empiristas,114,67,515
29,55,1,Incrementalistas,114,49,505
29,55,2,Evolucionistas,114,42,294
29,55,3,Isolados,115,36,507
29,60,0,Empiristas,114,71,593
29,60,1,Incrementalistas,115,35,584
29,60,2,Evolucionistas,114,48,364
29,60,3,Isolados,115,38,584
29,65,0,Empiristas,115,75,681
29,65,1,Incrementalistas,115,38,627
29,65,2,Evolucionistas,115,55,450
29,65,3,Isolados,115,39,671
29,70,0,Empiristas,115,79,778
29,70,1,Incrementalistas,115,38,676
29,70,2,Evolucionistas,115,58,547
29,70,3,Isolados,115,42,767
29,75,0,Empiristas,115,83,884
29,75,1,Incrementalistas,115,41,729
29,75,2,Evolucionistas,115,61,653
29,75,3,Isolados,115,42,873
29,80,0,Empiristas,115,89,1001
29,80,1,Incrementalistas,115,42,788
29,80,2,Evolucionistas,115,62,768
29,80,3,Isolados,115,47,989
29,85,0,Empiristas,115,90,1130
29,85,1,Incrementalistas,115,44,866
29,85,2,Evolucionistas,115,66,897
29,85,3,Isolados,115,53,1118
29,90,0,Empiristas,115,92,1273
29,90,1,Incrementalistas,115,45,1009
29,90,2,Evolucionistas,115,68,1041
29,90,3,Isolados,115,59,1261
29,95,0,Empiristas,115,96,1431
29,95,1,Incrementalistas,115,50,1166
29,95,2,Evolucionistas,115,69,1198
29,95,3,Isolados,115,60,1418
29,100,0,Empiristas,115,100,1604
29,100,1,Incrementalistas,115,52,1341
29,100,2,Evolucionistas,115,69,1375
29,100,3,Isolados,115,47,1539
29,105,0,Empiristas,115,100,1796
29,105,1,Incrementalistas,115,56,1534
29,105,2,Evolucionistas,115,71,1566
29,105,3,Isolados,115,50,1634
29,110,0,Empiristas,115,103,2009
29,110,1,Incrementalistas,115,59,1745
29,110,2,Evolucionistas,115,77,1779
29,110,3,Isolados,115,53,1742
29,115,0,Empiristas,115,108,2244
29,115,1,Incrementalistas,115,63,1980
29,115,2,Evolucionistas,115,79,2012
29,115,3,Isolados,115,57,1859
29,120,0,Empiristas,115,110,2503
29,120,1,Incrementalistas,115,65,2239
29,120,2,Evolucionistas,115,84,2271
29,120,3,Isolados,115,60,1988
29,125,0,Empiristas,115,110,2788
29,125,1,Incrementalistas,115,69,2525
29,125,2,Evolucionistas,115,87,2556
29,125,3,Isolados,115,65,2247
29,130,0,Empiristas,115,112,3102
29,130,1,Incrementalistas,115,75,2839
29,130,2,Evolucionistas,115,91,2871
29,130,3,Isolados,115,72,2563
29,135,0,Empiristas,115,112,3452
29,135,1,Incrementalistas,115,78,3186
29,135,2,Evolucionistas,115,94,3219
29,135,3,Isolados,115,83,2911
29,140,0,Empiristas,115,112,3837
29,140,1,Incrementalistas,115,82,3570
29,140,2,Evolucionistas,115,94,3604
29,140,3,Isolados,115,91,3294
29,145,0,Empiristas,115,113,4261
29,145,1,Incrementalistas,115,84,3993
29,145,2,Evolucionistas,115,97,4029
29,145,3,Isolados,115,95,3720
29,150,0,Empiristas,115,113,4729
29,150,1,Incrementalistas,115,86,4462
29,150,2,Evolucionistas,115,98,4499
29,150,3,Isolados,115,100,4190
29,155,0,Empiristas,115,113,5248
29,155,1,Incrementalistas,115,88,4981
29,155,2,Evolucionistas,115,99,5017
29,155,3,Isolados,115,103,4709
29,160,0,Empiristas,115,113,5820
29,160,1,Incrementalistas,115,92,5553
29,160,2,Evolucionistas,115,105,5590
29,160,3,Isolados,115,104,5280
29,165,0,Empiristas,115,114,6449
29,165,1,Incrementalistas,115,100,6184
29,165,2,Evolucionistas,115,107,6221
29,165,3,Isolados,115,106,5912
29,170,0,Empiristas,115,114,7147
29,170,1,Incrementalistas,115,102,6880
29,170,2,Evolucionistas,115,107,6917
29,170,3,Isolados,115,108,6607
29,175,0,Empiristas,115,115,7917
29,175,1,Incrementalistas,115,105,7650
29,175,2,Evolucionistas,115,108,7684
29,175,3,Isolados,115,109,7375
29,180,0,Empiristas,115,115,8766
29,180,1,Incrementalistas,115,109,8499
29,180,2,Evolucionistas,115,108,8534
29,180,3,Isolados,115,109,8224
29,185,0,Empiristas,115,115,9704
29,185,1,Incrementalistas,115,110,9436
29,185,2,Evolucionistas,115,109,9470
29,185,3,Isolados,115,111,9163
29,190,0,Empiristas,115,115,10740
29,190,1,Incrementalistas,115,111,10472
29,190,2,Evolucionistas,115,110,10505
29,190,3,Isolados,115,111,10197
29,195,0,Empiristas,115,115,11884
29,195,1,Incrementalistas,115,112,11615
29,195,2,Evolucionistas,115,115,11648
29,195,3,Isolados,115,112,11339
29,200,0,Empiristas,115,115,13148
29,200,1,Incrementalistas,115,112,12876
29,200,2,Evolucionistas,115,115,12910
29,200,3,Isolados,115,114,12601
29,205,0,Empiristas,115,115,14542
29,205,1,Incrementalistas,115,112,14269
29,205,2,Evolucionistas,115,115,14304
29,205,3,Isolados,115,114,13993
29,210,0,Empiristas,115,115,16078
29,210,1,Incrementalistas,115,114,15808
29,210,2,Evolucionistas,115,115,15842
29,210,3,Isolados,115,116,15531
29,215,0,Empiristas,115,115,17776
29,215,1,Incrementalistas,115,114,17507
29,215,2,Evolucionistas,115,116,17541
29,215,3,Isolados,115,116,17230
29,220,0,Empiristas,115,115,19650
29,220,1,Incrementalistas,115,114,19380
29,220,2,Evolucionistas,115,116,19417
29,220,3,Isolados,115,116,19105
29,225,0,Empiristas,115,115,21720
29,225,1,Incrementalistas,115,114,21449
29,225,2,Evolucionistas,115,116,21487
29,225,3,Isolados,115,116,21175
29,230,0,Empiristas,115,115,24007
29,230,1,Incrementalistas,115,114,23734
29,230,2,Evolucionistas,115,116,23772
29,230,3,Isolados,115,116,23460
29,235,0,Empiristas,115,115,26486
29,235,1,Incrementalistas,115,114,26213
29,235,2,Evolucionistas,115,116,26252
29,235,3,Isolados,115,116,25940
29,240,0,Empiristas,115,115,28986
29,240,1,Incrementalistas,115,114,28713
29,240,2,Evolucionistas,115,116,28752
29,240,3,Isolados,115,116,28440
29,245,0,Empiristas,115,115,31486
29,245,1,Incrementalistas,115,115,31213
29,245,2,Evolucionistas,115,116,31252
29,245,3,Isolados,115,116,30940
29,250,0,Empiristas,115,115,33986
29,250,1,Incrementalistas,115,115,33713
29,250,2,Evolucionistas,115,116,33752
29,250,3,Isolados,115,116,33440
29,255,0,Empiristas,115,115,36486
29,255,1,Incrementalistas,115,115,36213
29,255,2,Evolucionistas,115,116,36252
29,255,3,Isolados,115,116,35940
29,260,0,Empiristas,115,115,38986
29,260,1,Incrementalistas,115,115,38713
29,260,2,Evolucionistas,115,116,38752
29,260,3,Isolados,115,116,38440
29,265,0,Empiristas,115,115,41486
29,265,1,Incrementalistas,115,115,41213
29,265,2,Evolucionistas,115,116,41252
29,265,3,Isolados,115,116,40940
29,270,0,Empiristas,115,115,43986
29,270,1,Incrementalistas,115,115,43713
29,270,2,Evolucionistas,115,116,43752
29,270,3,Isolados,115,85,43190
29,275,0,Empiristas,115,115,46486
29,275,1,Incrementalistas,115,115,46213
29,275,2,Evolucionistas,115,116,46252
29,275,3,Isolados,115,95,44440
29,280,0,Empiristas,115,115,48986
29,280,1,Incrementalistas,115,115,48713
29,280,2,Evolucionistas,115,116,48752
29,280,3,Isolados,115,108,45690
29,285,0,Empiristas,115,115,51486
29,285,1,Incrementalistas,115,115,51213
29,285,2,Evolucionistas,115,116,51252
29,285,3,Isolados,115,111,46940
29,290,0,Empiristas,115,115,53986
29,290,1,Incrementalistas,115,115,53713
29,290,2,Evolucionistas,115,75,53252
29,290,3,Isolados,115,114,48190
29,295,0,Empiristas,115,115,56486
29,295,1,Incrementalistas,115,116,56213
29,295,2,Evolucionistas,115,95,54502
29,295,3,Isolados,115,116,49940
29,300,0,Empiristas,115,115,58986
29,300,1,Incrementalistas,115,83,58463
29,300,2,Evolucionistas,115,103,55752
29,300,3,Isolados,115,116,52440
30,0,0,Empiristas,44,3,5
30,0,1,Incrementalistas,69.8345,1,5
30,0,2,Evolucionistas,85.6943,2,5
30,0,3,Isolados,46.5949,1,5
30,5,0,Empiristas,87,9,31
30,5,1,Incrementalistas,84.1682,1,33
30,5,2,Evolucionistas,85.6943,7,33
30,5,3,Isolados,96.4798,3,31
30,10,0,Empiristas,92,16,59
30,10,1,Incrementalistas,90,6,62
30,10,2,Evolucionistas,92,13,62
30,10,3,Isolados,98,7,60
30,15,0,Empiristas,92,22,92
30,15,1,Incrementalistas,92,14,94
30,15,2,Evolucionistas,98,16,93
30,15,3,Isolados,99,10,94
30,20,0,Empiristas,98,28,127
30,20,1,Incrementalistas,95,17,130
30,20,2,Evolucionistas,98,20,129
30,20,3,Isolados,99,12,130
30,25,0,Empiristas,98,34,167
30,25,1,Incrementalistas,100,22,171
30,25,2,Evolucionistas,99,23,168
30,25,3,Isolados,99,14,169
30,30,0,Empiristas,103,38,209
30,30,1,Incrementalistas,103,30,215
30,30,2,Evolucionistas,100,28,211
30,30,3,Isolados,99,16,212
30,35,0,Empiristas,108,47,257
30,35,1,Incrementalistas,108,30,253
30,35,2,Evolucionistas,108,35,258
30,35,3,Isolados,99,17,260
30,40,0,Empiristas,108,51,310
30,40,1,Incrementalistas,108,35,281
30,40,2,Evolucionistas,108,40,311
30,40,3,Isolados,99,20,314
30,45,0,Empiristas,113,62,368
30,45,1,Incrementalistas,113,39,310
30,45,2,Evolucionistas,110,44,370
30,45,3,Isolados,98.8407,15,373
30,50,0,Empiristas,115,70,433
30,50,1,Incrementalistas,115,43,343
30,50,2,Evolucionistas,113,50,435
30,50,3,Isolados,100,18,404
30,55,0,Empiristas,115,71,504
30,55,1,Incrementalistas,115,44,378
30,55,2,Evolucionistas,113,53,506
30,55,3,Isolados,110,19,440
30,60,0,Empiristas,115,72,583
30,60,1,Incrementalistas,115,44,440
30,60,2,Evolucionistas,115,55,584
30,60,3,Isolados,113,24,479
30,65,0,Empiristas,115,75,671
30,65,1,Incrementalistas,115,46,528
30,65,2,Evolucionistas,115,57,670
30,65,3,Isolados,114,28,523
30,70,0,Empiristas,115,77,767
30,70,1,Incrementalistas,115,47,625
30,70,2,Evolucionistas,115,60,766
30,70,3,Isolados,114,30,579
30,75,0,Empiristas,115,78,871
30,75,1,Incrementalistas,115,49,731
30,75,2,Evolucionistas,115,65,872
30,75,3,Isolados,114,31,685
30,80,0,Empiristas,115,82,989
30,80,1,Incrementalistas,115,50,847
30,80,2,Evolucionistas,115,67,988
30,80,3,Isolados,115,39,803
30,85,0,Empiristas,115,86,1118
30,85,1,Incrementalistas,115,51,976
30,85,2,Evolucionistas,115,69,1118
30,85,3,Isolados,115,44,932
30,90,0,Empiristas,115,92,1262
30,90,1,Incrementalistas,115,52,1118
30,90,2,Evolucionistas,115,71,1261
30,90,3,Isolados,115,47,1075
30,95,0,Empiristas,115,94,1420
30,95,1,Incrementalistas,115,54,1276
30,95,2,Evolucionistas,115,73,1419
30,95,3,Isolados,115,53,1233
30,100,0,Empiristas,115,99,1594
30,100,1,Incrementalistas,115,54,1452
30,100,2,Evolucionistas,115,74,1595
30,100,3,Isolados,115,58,1408
30,105,0,Empiristas,115,101,1786
30,105,1,Incrementalistas,115,60,1646
30,105,2,Evolucionistas,115,76,1788
30,105,3,Isolados,115,64,1601
30,110,0,Empiristas,115,105,1998
30,110,1,Incrementalistas,115,61,1857
30,110,2,Evolucionistas,115,80,1999
30,110,3,Isolados,115,68,1812
30,115,0,Empiristas,115,106,2232
30,115,1,Incrementalistas,115,65,2091
30,115,2,Evolucionistas,115,85,2234
30,115,3,Isolados,115,72,2047
30,120,0,Empiristas,115,108,2492
30,120,1,Incrementalistas,115,69,2349
30,120,2,Evolucionistas,115,89,2492
30,120,3,Isolados,115,74,2307
30,125,0,Empiristas,115,108,2779
30,125,1,Incrementalistas,115,71,2635
30,125,2,Evolucionistas,115,91,2778
30,125,3,Isolados,115,77,2593
30,130,0,Empiristas,115,109,3094
30,130,1,Incrementalistas,115,74,2951
30,130,2,Evolucionistas,115,96,3091
30,130,3,Isolados,115,83,2907
30,135,0,Empiristas,115,111,3443
30,135,1,Incrementalistas,115,77,3298
30,135,2,Evolucionistas,115,98,3440
30,135,3,Isolados,115,86,3254
30,140,0,Empiristas,115,114,3827
30,140,1,Incrementalistas,115,78,3682
30,140,2,Evolucionistas,115,100,3825
30,140,3,Isolados,115,91,3637
30,145,0,Empiristas,115,115,4252
30,145,1,Incrementalistas,115,85,4107
30,145,2,Evolucionistas,115,102,4250
30,145,3,Isolados,115,94,4062
30,150,0,Empiristas,115,115,4723
30,150,1,Incrementalistas,115,89,4577
30,150,2,Evolucionistas,115,104,4720
30,150,3,Isolados,115,96,4528
30,155,0,Empiristas,115,116,5239
30,155,1,Incrementalistas,115,94,5094
30,155,2,Evolucionistas,115,108,5237
30,155,3,Isolados,115,96,5046
30,160,0,Empiristas,115,116,5809
30,160,1,Incrementalistas,115,97,5666
30,160,2,Evolucionistas,115,110,5809
30,160,3,Isolados,115,100,5616
30,165,0,Empiristas,115,116,6439
30,165,1,Incrementalistas,115,101,6296
30,165,2,Evolucionistas,115,111,6439
30,165,3,Isolados,115,104,6247
30,170,0,Empiristas,115,116,7137
30,170,1,Incrementalistas,115,105,6994
30,170,2,Evolucionistas,115,112,7136
30,170,3,Isolados,115,106,6943
30,175,0,Empiristas,115,116,7905
30,175,1,Incrementalistas,115,106,7764
30,175,2,Evolucionistas,115,113,7906
30,175,3,Isolados,115,110,7712
30,180,0,Empiristas,115,116,8755
30,180,1,Incrementalistas,115,107,8613
30,180,2,Evolucionistas,115,114,8755
30,180,3,Isolados,115,111,8561
30,185,0,Empiristas,115,116,9692
30,185,1,Incrementalistas,115,110,9551
30,185,2,Evolucionistas,115,114,9692
30,185,3,Isolados,115,111,9499
30,190,0,Empiristas,115,116,10727
30,190,1,Incrementalistas,115,111,10586
30,190,2,Evolucionistas,115,114,10726
30,190,3,Isolados,115,111,10535
30,195,0,Empiristas,115,116,11869
30,195,1,Incrementalistas,115,112,11729
30,195,2,Evolucionistas,115,114,11869
30,195,3,Isolados,115,111,11678
30,200,0,Empiristas,115,116,13129
30,200,1,Incrementalistas,115,112,12991
30,200,2,Evolucionistas,115,114,13130
30,200,3,Isolados,115,113,12938
30,205,0,Empiristas,115,116,14523
30,205,1,Incrementalistas,115,112,14383
30,205,2,Evolucionistas,115,114,14524
30,205,3,Isolados,115,114,14331
30,210,0,Empiristas,115,116,16062
30,210,1,Incrementalistas,115,114,15921
30,210,2,Evolucionistas,115,114,16062
30,210,3,Isolados,115,114,15869
30,215,0,Empiristas,115,116,17760
30,215,1,Incrementalistas,115,115,17618
30,215,2,Evolucionistas,115,114,17760
30,215,3,Isolados,115,115,17566
30,220,0,Empiristas,115,116,19634
30,220,1,Incrementalistas,115,115,19493
30,220,2,Evolucionistas,115,115,19635
30,220,3,Isolados,115,115,19441
30,225,0,Empiristas,115,116,21705
30,225,1,Incrementalistas,115,115,21563
30,225,2,Evolucionistas,115,115,21706
30,225,3,Isolados,115,115,21511
30,230,0,Empiristas,115,116,23991
30,230,1,Incrementalistas,115,115,23849
30,230,2,Evolucionistas,115,115,23991
30,230,3,Isolados,115,115,23797
30,235,0,Empiristas,115,116,26469
30,235,1,Incrementalistas,115,116,26328
30,235,2,Evolucionistas,115,115,26471
30,235,3,Isolados,115,116,26276
30,240,0,Empiristas,115,116,28969
30,240,1,Incrementalistas,115,116,28828
30,240,2,Evolucionistas,115,115,28971
30,240,3,Isolados,115,116,28776
30,245,0,Empiristas,115,116,31469
30,245,1,Incrementalistas,115,116,31328
30,245,2,Evolucionistas,115,115,31471
30,245,3,Isolados,115,116,31276
30,250,0,Empiristas,115,116,33969
30,250,1,Incrementalistas,115,116,33828
30,250,2,Evolucionistas,115,116,33971
30,250,3,Isolados,115,116,33776
30,255,0,Empiristas,115,116,36469
30,255,1,Incrementalistas,115,116,36328
30,255,2,Evolucionistas,115,116,36471
30,255,3,Isolados,115,116,36276
30,260,0,Empiristas,115,116,38969
30,260,1,Incrementalistas,115,116,38828
30,260,2,Evolucionistas,115,116,38971
30,260,3,Isolados,115,116,38776
30,265,0,Empiristas,115,116,41469
30,265,1,Incrementalistas,115,116,41328
30,265,2,Evolucionistas,115,116,41471
30,265,3,Isolados,115,116,41276
30,270,0,Empiristas,115,116,43969
30,270,1,Incrementalistas,115,116,43828
30,270,2,Evolucionistas,115,116,43971
30,270,3,Isolados,115,116,43776
30,275,0,Empiristas,115,116,46469
30,275,1,Incrementalistas,115,116,46328
30,275,2,Evolucionistas,115,116,46471
30,275,3,Isolados,115,116,46276
30,280,0,Empiristas,115,116,48969
30,280,1,Incrementalistas,115,116,48828
30,280,2,Evolucionistas,115,116,48971
30,280,3,Isolados,115,116,48776
30,285,0,Empiristas,115,116,51469
30,285,1,Incrementalistas,115,116,51328
30,285,2,Evolucionistas,115,116,51471
30,285,3,Isolados,115,116,51276
30,290,0,Empiristas,115,116,53969
30,290,1,Incrementalistas,115,116,53828
30,290,2,Evolucionistas,115,116,53971
30,290,3,Isolados,115,116,53776
30,295,0,Empiristas,115,116,56469
30,295,1,Incrementalistas,115,116,56328
30,295,2,Evolucionistas,115,116,56471
30,295,3,Isolados,115,116,56276
30,300,0,Empiristas,115,116,58969
30,300,1,Incrementalistas,115,116,58828
30,300,2,Evolucionistas,115,116,58971
30,300,3,Isolados,115,116,58776
31,0,0,Empiristas,78.4267,2,5
31,0,1,Incrementalistas,48,2,5
31,0,2,Evolucionistas,96.0536,2,5
31,0,3,Isolados,74.8568,1,5
31,5,0,Empiristas,102.868,6,32
31,5,1,Incrementalistas,76,9,32
31,5,2,Evolucionistas,112,5,31
31,5,3,Isolados,98,7,31
31,10,0,Empiristas,113,10,62
31,10,1,Incrementalistas,114,18,61
31,10,2,Evolucionistas,113,12,59
31,10,3,Isolados,99,10,61
31,15,0,Empiristas,113,16,95
31,15,1,Incrementalistas,114,24,93
31,15,2,Evolucionistas,113,14,90
31,15,3,Isolados,99,11,93
31,20,0,Empiristas,114,23,131
31,20,1,Incrementalistas,114,31,130
31,20,2,Evolucionistas,115,19,126
31,20,3,Isolados,100,14,127
31,25,0,Empiristas,115,26,171
31,25,1,Incrementalistas,115,35,169
31,25,2,Evolucionistas,115,19,166
31,25,3,Isolados,100.846,15,166
31,30,0,Empiristas,115,34,214
31,30,1,Incrementalistas,115,35,211
31,30,2,Evolucionistas,115,21,210
31,30,3,Isolados,101,19,211
31,35,0,Empiristas,115,38,263
31,35,1,Incrementalistas,115,36,257
31,35,2,Evolucionistas,115,22,259
31,35,3,Isolados,103,23,259
31,40,0,Empiristas,115,42,316
31,40,1,Incrementalistas,115,36,310
31,40,2,Evolucionistas,115,22,313
31,40,3,Isolados,103,24,312
31,45,0,Empiristas,115,45,375
31,45,1,Incrementalistas,115,38,369
31,45,2,Evolucionistas,115,26,372
31,45,3,Isolados,104,28,370
31,50,0,Empiristas,115,52,440
31,50,1,Incrementalistas,115,40,435
31,50,2,Evolucionistas,115,30,438
31,50,3,Isolados,106,30,435
31,55,0,Empiristas,115,60,511
31,55,1,Incrementalistas,115,42,506
31,55,2,Evolucionistas,115,32,509
31,55,3,Isolados,107.836,38,506
31,60,0,Empiristas,115,67,589
31,60,1,Incrementalistas,115,43,584
31,60,2,Evolucionistas,115,35,588
31,60,3,Isolados,114,44,586
31,65,0,Empiristas,115,69,675
31,65,1,Incrementalistas,115,45,670
31,65,2,Evolucionistas,115,41,675
31,65,3,Isolados,114,51,673
31,70,0,Empiristas,115,72,771
31,70,1,Incrementalistas,115,50,766
31,70,2,Evolucionistas,115,46,770
31,70,3,Isolados,115,54,770
31,75,0,Empiristas,115,72,878
31,75,1,Incrementalistas,115,52,873
31,75,2,Evolucionistas,115,46,878
31,75,3,Isolados,115,58,878
31,80,0,Empiristas,115,75,996
31,80,1,Incrementalistas,115,54,991
31,80,2,Evolucionistas,114,33,959
31,80,3,Isolados,115,59,995
31,85,0,Empiristas,115,80,1125
31,85,1,Incrementalistas,115,56,1121
31,85,2,Evolucionistas,115,36,1024
31,85,3,Isolados,115,63,1124
31,90,0,Empiristas,115,89,1267
31,90,1,Incrementalistas,115,58,1265
31,90,2,Evolucionistas,115,38,1096
31,90,3,Isolados,115,65,1267
31,95,0,Empiristas,115,92,1426
31,95,1,Incrementalistas,115,59,1423
31,95,2,Evolucionistas,115,39,1175
31,95,3,Isolados,115,73,1426
31,100,0,Empiristas,115,97,1601
31,100,1,Incrementalistas,115,61,1597
31,100,2,Evolucionistas,115,44,1263
31,100,3,Isolados,115,77,1599
31,105,0,Empiristas,115,99,1794
31,105,1,Incrementalistas,115,63,1789
31,105,2,Evolucionistas,115,46,1437
31,105,3,Isolados,115,79,1791
31,110,0,Empiristas,115,105,2006
31,110,1,Incrementalistas,115,66,2000
31,110,2,Evolucionistas,115,50,1651
31,110,3,Isolados,115,83,2004
31,115,0,Empiristas,115,106,2240
31,115,1,Incrementalistas,115,69,2234
31,115,2,Evolucionistas,115,55,1886
31,115,3,Isolados,115,87,2239
31,120,0,Empiristas,115,80,2473
31,120,1,Incrementalistas,115,73,2493
31,120,2,Evolucionistas,115,60,2144
31,120,3,Isolados,115,89,2498
31,125,0,Empiristas,115,87,2615
31,125,1,Incrementalistas,115,75,2779
31,125,2,Evolucionistas,115,68,2430
31,125,3,Isolados,115,93,2784
31,130,0,Empiristas,115,90,2773
31,130,1,Incrementalistas,115,77,3094
31,130,2,Evolucionistas,115,70,2746
31,130,3,Isolados,115,97,3102
31,135,0,Empiristas,115,94,2947
31,135,1,Incrementalistas,115,78,3443
31,135,2,Evolucionistas,115,76,3095
31,135,3,Isolados,115,102,3451
31,140,0,Empiristas,115,76,3138
31,140,1,Incrementalistas,115,81,3827
31,140,2,Evolucionistas,115,80,3479
31,140,3,Isolados,115,107,3836
31,145,0,Empiristas,115,85,3348
31,145,1,Incrementalistas,115,87,4252
31,145,2,Evolucionistas,115,84,3902
31,145,3,Isolados,115,68,4133
31,150,0,Empiristas,115,91,3583
31,150,1,Incrementalistas,115,89,4721
31,150,2,Evolucionistas,115,89,4370
31,150,3,Isolados,115,72,4368
31,155,0,Empiristas,115,97,3843
31,155,1,Incrementalistas,115,63,5237
31,155,2,Evolucionistas,115,94,4888
31,155,3,Isolados,115,75,4627
31,160,0,Empiristas,115,102,4130
31,160,1,Incrementalistas,115,75,5522
31,160,2,Evolucionistas,115,95,5459
31,160,3,Isolados,115,83,4914
31,165,0,Empiristas,115,109,4700
31,165,1,Incrementalistas,115,80,5837
31,165,2,Evolucionistas,115,98,6089
31,165,3,Isolados,115,88,5228
31,170,0,Empiristas,115,113,5397
31,170,1,Incrementalistas,115,82,6186
31,170,2,Evolucionistas,115,102,6785
31,170,3,Isolados,115,93,5858
31,175,0,Empiristas,115,115,6166
31,175,1,Incrementalistas,115,86,6571
31,175,2,Evolucionistas,115,104,7555
31,175,3,Isolados,115,100,6627
31,180,0,Empiristas,115,115,7016
31,180,1,Incrementalistas,115,91,7085
31,180,2,Evolucionistas,115,104,8404
31,180,3,Isolados,115,103,7477
31,185,0,Empiristas,115,116,7953
31,185,1,Incrementalistas,115,97,8022
31,185,2,Evolucionistas,115,105,9342
31,185,3,Isolados,115,108,8416
31,190,0,Empiristas,115,116,8989
31,190,1,Incrementalistas,115,76,8843
31,190,2,Evolucionistas,115,107,10377
31,190,3,Isolados,115,110,9451
31,195,0,Empiristas,115,116,10131
31,195,1,Incrementalistas,115,79,9415
31,195,2,Evolucionistas,115,110,11520
31,195,3,Isolados,115,110,10593
31,200,0,Empiristas,115,116,11392
31,200,1,Incrementalistas,115,89,10045
31,200,2,Evolucionistas,115,112,12781
31,200,3,Isolados,115,113,11855
31,205,0,Empiristas,115,116,12784
31,205,1,Incrementalistas,114,54,10741
31,205,2,Evolucionistas,115,116,14172
31,205,3,Isolados,115,113,13249
31,210,0,Empiristas,115,116,14322
31,210,1,Incrementalistas,115,75,11511
31,210,2,Evolucionistas,115,116,15711
31,210,3,Isolados,115,113,14788
31,215,0,Empiristas,115,116,16021
31,215,1,Incrementalistas,115,86,12360
31,215,2,Evolucionistas,115,116,17410
31,215,3,Isolados,115,115,16488
31,220,0,Empiristas,115,116,17896
31,220,1,Incrementalistas,115,92,13298
31,220,2,Evolucionistas,115,116,19285
31,220,3,Isolados,115,115,18363
31,225,0,Empiristas,115,116,19965
31,225,1,Incrementalistas,115,103,14333
31,225,2,Evolucionistas,115,116,21354
31,225,3,Isolados,115,115,20432
31,230,0,Empiristas,115,116,22252
31,230,1,Incrementalistas,115,106,15713
31,230,2,Evolucionistas,115,116,23639
31,230,3,Isolados,115,115,22718
31,235,0,Empiristas,115,116,24731
31,235,1,Incrementalistas,115,111,18193
31,235,2,Evolucionistas,115,116,26118
31,235,3,Isolados,115,115,25198
31,240,0,Empiristas,115,116,27231
31,240,1,Incrementalistas,115,113,20693
31,240,2,Evolucionistas,115,116,28618
31,240,3,Isolados,115,115,27698
31,245,0,Empiristas,115,116,29731
31,245,1,Incrementalistas,115,115,23193
31,245,2,Evolucionistas,115,116,31118
31,245,3,Isolados,115,115,30198
31,250,0,Empiristas,115,116,32231
31,250,1,Incrementalistas,115,116,25693
31,250,2,Evolucionistas,115,116,33618
31,250,3,Isolados,115,115,32698
31,255,0,Empiristas,115,116,34731
31,255,1,Incrementalistas,115,116,28193
31,255,2,Evolucionistas,115,116,36118
31,255,3,Isolados,115,115,35198
31,260,0,Empiristas,115,116,37231
31,260,1,Incrementalistas,115,116,30693
31,260,2,Evolucionistas,115,116,38618
31,260,3,Isolados,115,115,37698
31,265,0,Empiristas,115,116,39731
31,265,1,Incrementalistas,115,116,33193
31,265,2,Evolucionistas,115,116,41118
31,265,3,Isolados,115,115,40198
31,270,0,Empiristas,115,116,42231
31,270,1,Incrementalistas,115,116,35693
31,270,2,Evolucionistas,115,116,43618
31,270,3,Isolados,115,115,42698
31,275,0,Empiristas,115,116,44731
31,275,1,Incrementalistas,115,116,38193
31,275,2,Evolucionistas,115,116,46118
31,275,3,Isolados,115,115,45198
31,280,0,Empiristas,115,116,47231
31,280,1,Incrementalistas,115,116,40693
31,280,2,Evolucionistas,115,116,48618
31,280,3,Isolados,115,115,47698
31,285,0,Empiristas,115,116,49731
31,285,1,Incrementalistas,115,116,43193
31,285,2,Evolucionistas,115,116,51118
31,285,3,Isolados,115,115,50198
31,290,0,Empiristas,115,116,52231
31,290,1,Incrementalistas,115,116,45693
31,290,2,Evolucionistas,115,116,53618
31,290,3,Isolados,115,115,52698
31,295,0,Empiristas,115,116,54731
31,295,1,Incrementalistas,115,116,48193
31,295,2,Evolucionistas,115,116,56118
31,295,3,Isolados,115,116,55198
31,300,0,Empiristas,115,116,57231
31,300,1,Incrementalistas,115,116,50693
31,300,2,Evolucionistas,115,116,58618
31,300,3,Isolados,115,116,57698
