rodada,ano,civilizacao,cultura,classe,score,primeira_do_universo,por_contato
0,0,0,Carbono/agua,"camada fechada (eta=0)",-0.3,1,0
0,0,1,Carbono/amonia,"camada fechada (eta=0)",-0.12,0,0
0,0,1,Carbono/amonia,"eta=1 (desbalanco=1, oculto=0)",0.84,1,0
0,0,2,Carbono/acido sulfurico,"eta=1 (desbalanco=1, oculto=0)",0.68,0,0
0,0,2,Carbono/acido sulfurico,"camada fechada (eta=0)",-0.04,0,0
0,0,3,Carbono/metano,"camada fechada (eta=0)",-0.02,0,0
0,0,4,Silicio/agua,"camada fechada (eta=0)",-0.22,0,0
0,0,5,Silicio/acido sulfurico,"eta=2 (desbalanco=2, oculto=0)",1.74,1,0
0,0,5,Silicio/acido sulfurico,"camada fechada (eta=0)",-0.28,0,0
0,0,5,Silicio/acido sulfurico,"eta=1 (desbalanco=1, oculto=0)",0.68,0,0
0,1,3,Carbono/metano,"eta=1 (desbalanco=1, oculto=0)",0.78,0,0
0,2,0,Carbono/agua,"eta=1 (desbalanco=1, oculto=0)",0.92,0,0
0,2,4,Silicio/agua,"eta=1 (desbalanco=1, oculto=0)",0.78,0,0
0,5,2,Carbono/acido sulfurico,"eta=2 (desbalanco=2, oculto=0)",1.82,0,0
0,5,4,Silicio/agua,"eta=2 (desbalanco=2, oculto=0)",1.82,0,0
0,6,3,Carbono/metano,"eta=2 (desbalanco=2, oculto=0)",1.78,0,0
0,11,0,Carbono/agua,"eta=2 (desbalanco=2, oculto=0)",1.86,0,0
0,12,1,Carbono/amonia,"eta=2 (desbalanco=2, oculto=0)",1.84,0,0
0,14,2,Carbono/acido sulfurico,"eta=3 (desbalanco=3, oculto=0)",2.68,1,0
0,15,3,Carbono/metano,"eta=3 (desbalanco=3, oculto=0)",2.72,0,0
0,19,0,Carbono/agua,"eta=3 (desbalanco=3, oculto=0)",2.78,0,0
0,21,5,Silicio/acido sulfurico,"eta=3 (desbalanco=3, oculto=0)",2.72,0,0
0,24,4,Silicio/agua,"eta=3 (desbalanco=3, oculto=0)",2.82,0,0
0,32,5,Silicio/acido sulfurico,"eta=4 (desbalanco=4, oculto=0)",3.7,1,0
0,34,2,Carbono/acido sulfurico,"eta=4 (desbalanco=4, oculto=0)",3.68,0,0
0,41,4,Silicio/agua,"eta=4 (desbalanco=4, oculto=0)",3.76,0,0
0,43,3,Carbono/metano,"eta=2 (desbalanco=2, oculto=0)",1.74,0,0
0,54,4,Silicio/agua,"eta=3 (desbalanco=3, oculto=0)",2.78,0,0
0,63,1,Carbono/amonia,"eta=3 (desbalanco=3, oculto=0)",2.8,0,0
0,65,2,Carbono/acido sulfurico,"eta=3 (desbalanco=3, oculto=0)",2.76,0,0
0,65,2,Carbono/acido sulfurico,"eta=4 (desbalanco=4, oculto=0)",3.7,0,0
0,65,2,Carbono/acido sulfurico,"eta=1 (desbalanco=1, oculto=0)",0.82,0,0
0,96,5,Silicio/acido sulfurico,"eta=2 (desbalanco=0, oculto=2)",5.72,1,0
0,105,2,Carbono/acido sulfurico,"eta=5 (desbalanco=5, oculto=0)",4.68,1,0
0,107,0,Carbono/agua,"eta=4 (desbalanco=4, oculto=0)",3.74,0,0
0,107,3,Carbono/metano,"eta=4 (desbalanco=4, oculto=0)",3.72,0,0
0,108,5,Silicio/acido sulfurico,"eta=3 (desbalanco=1, oculto=2)",6.7,1,0
0,110,4,Silicio/agua,"eta=5 (desbalanco=5, oculto=0)",4.68,0,0
0,124,3,Carbono/metano,"eta=5 (desbalanco=5, oculto=0)",4.68,0,0
0,128,1,Carbono/amonia,"eta=4 (desbalanco=4, oculto=0)",3.72,0,0
0,135,0,Carbono/agua,"eta=5 (desbalanco=5, oculto=0)",4.68,0,0
0,138,1,Carbono/amonia,"eta=5 (desbalanco=5, oculto=0)",4.68,0,0
0,161,4,Silicio/agua,"eta=2 (desbalanco=0, oculto=2)",5.74,0,0
0,162,4,Silicio/agua,"eta=3 (desbalanco=1, oculto=2)",6.68,0,0
0,164,1,Carbono/amonia,"eta=2 (desbalanco=0, oculto=2)",5.72,0,0
0,165,1,Carbono/amonia,"eta=3 (desbalanco=1, oculto=2)",6.7,0,0
0,178,0,Carbono/agua,"eta=2 (desbalanco=0, oculto=2)",5.74,0,0
0,182,0,Carbono/agua,"eta=3 (desbalanco=1, oculto=2)",6.7,0,0
0,229,2,Carbono/acido sulfurico,"eta=2 (desbalanco=0, oculto=2)",5.72,0,0
0,233,2,Carbono/acido sulfurico,"eta=3 (desbalanco=1, oculto=2)",6.7,0,0
0,243,5,Silicio/acido sulfurico,"eta=3 (desbalanco=3, oculto=0)",2.7,0,0
0,251,3,Carbono/metano,"eta=2 (desbalanco=0, oculto=2)",5.78,0,0
0,251,3,Carbono/metano,"eta=3 (desbalanco=1, oculto=2)",6.68,0,0
1,0,0,Carbono/agua,"camada fechada (eta=0)",-0.1,1,0
1,0,0,Carbono/agua,"eta=1 (desbalanco=1, oculto=0)",0.9,1,0
1,0,1,Carbono/amonia,"eta=1 (desbalanco=1, oculto=0)",0.86,0,0
1,0,2,Carbono/acido sulfurico,"eta=1 (desbalanco=1, oculto=0)",0.82,0,0
1,0,2,Carbono/acido sulfurico,"camada fechada (eta=0)",-0.08,0,0
1,0,2,Carbono/acido sulfurico,"eta=2 (desbalanco=2, oculto=0)",1.78,1,0
1,0,3,Carbono/metano,"eta=1 (desbalanco=1, oculto=0)",0.76,0,0
1,0,3,Carbono/metano,"eta=2 (desbalanco=2, oculto=0)",1.8,0,0
1,0,4,Silicio/agua,"camada fechada (eta=0)",-0.22,0,0
1,0,4,Silicio/agua,"eta=1 (desbalanco=1, oculto=0)",0.92,0,0
1,0,5,Silicio/acido sulfurico,"camada fechada (eta=0)",-0.16,0,0
1,1,1,Carbono/amonia,"eta=2 (desbalanco=2, oculto=0)",1.84,0,0
1,1,1,Carbono/amonia,"camada fechada (eta=0)",-0.14,0,0
1,1,5,Silicio/acido sulfurico,"eta=1 (desbalanco=1, oculto=0)",0.88,0,0
1,2,3,Carbono/metano,"camada fechada (eta=0)",-0.32,0,0
1,3,4,Silicio/agua,"eta=2 (desbalanco=2, oculto=0)",1.74,0,0
1,5,2,Carbono/acido sulfurico,"eta=3 (desbalanco=3, oculto=0)",2.8,1,0
1,5,5,Silicio/acido sulfurico,"eta=2 (desbalanco=2, oculto=0)",1.74,0,0
1,6,5,Silicio/acido sulfurico,"eta=3 (desbalanco=3, oculto=0)",2.74,0,0
1,11,3,Carbono/metano,"eta=3 (desbalanco=3, oculto=0)",2.78,0,0
1,12,0,Carbono/agua,"eta=2 (desbalanco=2, oculto=0)",1.84,0,0
1,17,4,Silicio/agua,"eta=3 (desbalanco=3, oculto=0)",2.68,0,0
1,23,2,Carbono/acido sulfurico,"eta=4 (desbalanco=4, oculto=0)",3.74,1,0
1,33,4,Silicio/agua,"eta=4 (desbalanco=4, oculto=0)",3.7,0,0
1,36,1,Carbono/amonia,"eta=3 (desbalanco=3, oculto=0)",2.72,0,0
1,47,5,Silicio/acido sulfurico,"eta=4 (desbalanco=4, oculto=0)",3.7,0,0
1,50,4,Silicio/agua,"eta=2 (desbalanco=0, oculto=2)",5.68,1,0
1,56,0,Carbono/agua,"eta=3 (desbalanco=3, oculto=0)",2.82,0,0
1,64,4,Silicio/agua,"eta=3 (desbalanco=1, oculto=2)",6.7,1,0
1,68,5,Silicio/acido sulfurico,"eta=5 (desbalanco=5, oculto=0)",4.7,1,0
1,80,2,Carbono/acido sulfurico,"eta=5 (desbalanco=5, oculto=0)",4.68,0,0
1,89,5,Silicio/acido sulfurico,"eta=3 (desbalanco=1, oculto=2)",6.68,0,0
1,91,5,Silicio/acido sulfurico,"eta=2 (desbalanco=0, oculto=2)",5.7,0,0
1,110,0,Carbono/agua,"eta=4 (desbalanco=4, oculto=0)",3.76,0,0
1,116,3,Carbono/metano,"eta=4 (desbalanco=4, oculto=0)",3.72,0,0
1,134,0,Carbono/agua,"eta=5 (desbalanco=5, oculto=0)",4.68,0,0
1,137,1,Carbono/amonia,"eta=4 (desbalanco=4, oculto=0)",3.76,0,0
1,142,1,Carbono/amonia,"eta=5 (desbalanco=5, oculto=0)",4.68,0,0
1,152,3,Carbono/metano,"eta=5 (desbalanco=5, oculto=0)",4.68,0,0
1,189,2,Carbono/acido sulfurico,"eta=2 (desbalanco=0, oculto=2)",5.68,0,0
1,192,2,Carbono/acido sulfurico,"eta=3 (desbalanco=1, oculto=2)",6.68,0,0
1,196,5,Silicio/acido sulfurico,"eta=1 (desbalanco=1, oculto=0)",0.7,0,0
1,196,5,Silicio/acido sulfurico,"camada fechada (eta=0)",-0.04,0,0
1,197,5,Silicio/acido sulfurico,"eta=4 (desbalanco=4, oculto=0)",3.68,0,0
2,0,0,Carbono/agua,"camada fechada (eta=0)",-0.04,1,0
2,0,1,Carbono/amonia,"camada fechada (eta=0)",-0.02,0,0
2,0,1,Carbono/amonia,"eta=1 (desbalanco=1, oculto=0)",0.82,1,0
2,0,2,Carbono/acido sulfurico,"eta=2 (desbalanco=2, oculto=0)",1.68,1,0
2,0,2,Carbono/acido sulfurico,"eta=1 (desbalanco=1, oculto=0)",0.82,0,0
2,0,2,Carbono/acido sulfurico,"eta=3 (desbalanco=3, oculto=0)",2.68,1,0
2,0,2,Carbono/acido sulfurico,"camada fechada (eta=0)",-0.04,0,0
2,0,3,Carbono/metano,"camada fechada (eta=0)",-0.12,0,0
2,0,3,Carbono/metano,"eta=2 (desbalanco=2, oculto=0)",1.82,0,0
2,0,4,Silicio/agua,"eta=1 (desbalanco=1, oculto=0)",0.7,0,0
2,0,4,Silicio/agua,"eta=2 (desbalanco=2, oculto=0)",1.68,0,0
2,0,4,Silicio/agua,"camada fechada (eta=0)",-0.32,0,0
2,0,5,Silicio/acido sulfurico,"camada fechada (eta=0)",-0.1,0,0
2,1,0,Carbono/agua,"eta=1 (desbalanco=1, oculto=0)",0.78,0,0
2,1,3,Carbono/metano,"eta=1 (desbalanco=1, oculto=0)",0.84,0,0
2,2,5,Silicio/acido sulfurico,"eta=1 (desbalanco=1, oculto=0)",0.9,0,0
2,5,0,Carbono/agua,"eta=2 (desbalanco=2, oculto=0)",1.76,0,0
2,5,5,Silicio/acido sulfurico,"eta=2 (desbalanco=2, oculto=0)",1.88,0,0
2,7,4,Silicio/agua,"eta=3 (desbalanco=3, oculto=0)",2.7,0,0
2,9,1,Carbono/amonia,"eta=2 (desbalanco=2, oculto=0)",1.86,0,0
2,15,0,Carbono/agua,"eta=3 (desbalanco=3, oculto=0)",2.72,0,0
2,18,5,Silicio/acido sulfurico,"eta=3 (desbalanco=3, oculto=0)",2.74,0,0
2,19,2,Carbono/acido sulfurico,"eta=3 (desbalanco=3, oculto=0)",2.7,0,0
2,29,5,Silicio/acido sulfurico,"eta=4 (desbalanco=4, oculto=0)",3.72,1,0
2,38,0,Carbono/agua,"eta=4 (desbalanco=4, oculto=0)",3.7,0,0
2,39,1,Carbono/amonia,"eta=2 (desbalanco=0, oculto=2)",5.72,1,0
2,40,4,Silicio/agua,"eta=2 (desbalanco=0, oculto=2)",5.72,0,0
2,47,1,Carbono/amonia,"eta=3 (desbalanco=3, oculto=0)",2.74,0,0
2,53,1,Carbono/amonia,"eta=4 (desbalanco=4, oculto=0)",3.7,0,0
2,54,4,Silicio/agua,"eta=4 (desbalanco=4, oculto=0)",3.7,0,0
2,59,3,Carbono/metano,"eta=3 (desbalanco=3, oculto=0)",2.8,0,0
2,61,5,Silicio/acido sulfurico,"eta=5 (desbalanco=5, oculto=0)",4.68,1,0
2,67,4,Silicio/agua,"eta=3 (desbalanco=1, oculto=2)",6.68,1,0
2,68,4,Silicio/agua,"eta=3 (desbalanco=3, oculto=0)",2.72,0,0
2,68,4,Silicio/agua,"eta=3 (desbalanco=1, oculto=2)",6.7,0,0
2,69,0,Carbono/agua,"eta=5 (desbalanco=5, oculto=0)",4.7,0,0
2,75,1,Carbono/amonia,"eta=3 (desbalanco=1, oculto=2)",6.7,0,0
2,82,0,Carbono/agua,"eta=2 (desbalanco=0, oculto=2)",5.68,0,0
2,82,1,Carbono/amonia,"eta=2 (desbalanco=0, oculto=2)",5.7,0,0
2,83,0,Carbono/agua,"eta=3 (desbalanco=1, oculto=2)",6.68,0,0
2,83,4,Silicio/agua,"eta=2 (desbalanco=2, oculto=0)",1.7,0,0
2,113,2,Carbono/acido sulfurico,"eta=4 (desbalanco=4, oculto=0)",3.76,0,0
2,116,4,Silicio/agua,"eta=3 (desbalanco=1, oculto=2)",6.72,0,0
2,116,4,Silicio/agua,"eta=1 (desbalanco=1, oculto=0)",0.68,0,0
2,117,3,Carbono/metano,"eta=4 (desbalanco=4, oculto=0)",3.74,0,0
2,119,4,Silicio/agua,"eta=2 (desbalanco=2, oculto=0)",1.86,0,0
2,119,4,Silicio/agua,"eta=3 (desbalanco=3, oculto=0)",2.72,0,0
2,121,4,Silicio/agua,"eta=4 (desbalanco=4, oculto=0)",3.68,0,0
2,131,0,Carbono/agua,"eta=1 (desbalanco=1, oculto=0)",0.7,0,0
2,131,0,Carbono/agua,"eta=2 (desbalanco=2, oculto=0)",1.7,0,0
2,132,0,Carbono/agua,"eta=3 (desbalanco=3, oculto=0)",2.7,0,0
2,132,3,Carbono/metano,"eta=5 (desbalanco=5, oculto=0)",4.7,0,0
2,135,2,Carbono/acido sulfurico,"eta=5 (desbalanco=5, oculto=0)",4.7,0,0
2,137,1,Carbono/amonia,"eta=3 (desbalanco=1, oculto=2)",6.68,0,0
2,137,1,Carbono/amonia,"eta=1 (desbalanco=1, oculto=0)",0.72,0,0
2,138,1,Carbono/amonia,"eta=3 (desbalanco=3, oculto=0)",2.7,0,0
2,143,0,Carbono/agua,"eta=3 (desbalanco=3, oculto=0)",2.72,0,0
2,143,0,Carbono/agua,"eta=4 (desbalanco=4, oculto=0)",3.68,0,0
2,150,4,Silicio/agua,"eta=5 (desbalanco=5, oculto=0)",4.68,0,0
2,168,5,Silicio/acido sulfurico,"camada fechada (eta=0)",-0.24,0,0
2,206,3,Carbono/metano,"eta=2 (desbalanco=0, oculto=2)",5.7,0,0
2,217,3,Carbono/metano,"eta=3 (desbalanco=1, oculto=2)",6.68,0,0
2,231,3,Carbono/metano,"camada fechada (eta=0)",-0.16,0,0
2,238,2,Carbono/acido sulfurico,"eta=2 (desbalanco=0, oculto=2)",5.7,0,0
2,242,2,Carbono/acido sulfurico,"eta=3 (desbalanco=1, oculto=2)",6.68,0,0
2,294,3,Carbono/metano,"eta=3 (desbalanco=1, oculto=2)",6.72,0,0
2,294,3,Carbono/metano,"camada fechada (eta=0)",-0.28,0,0
3,0,0,Carbono/agua,"camada fechada (eta=0)",-0.12,1,0
3,0,0,Carbono/agua,"eta=1 (desbalanco=1, oculto=0)",0.86,1,0
3,0,1,Carbono/amonia,"eta=2 (desbalanco=2, oculto=0)",1.74,1,0
3,0,1,Carbono/amonia,"camada fechada (eta=0)",-0.08,0,0
3,0,1,Carbono/amonia,"eta=1 (desbalanco=1, oculto=0)",0.74,0,0
3,0,2,Carbono/acido sulfurico,"eta=1 (desbalanco=1, oculto=0)",0.74,0,0
3,0,2,Carbono/acido sulfurico,"camada fechada (eta=0)",-0.04,0,0
3,0,3,Carbono/metano,"camada fechada (eta=0)",-0.02,0,0
3,0,3,Carbono/metano,"eta=1 (desbalanco=1, oculto=0)",0.7,0,0
3,0,4,Silicio/agua,"eta=1 (desbalanco=1, oculto=0)",0.7,0,0
3,0,4,Silicio/agua,"camada fechada (eta=0)",-0.08,0,0
3,0,5,Silicio/acido sulfurico,"eta=1 (desbalanco=1, oculto=0)",0.9,0,0
3,0,5,Silicio/acido sulfurico,"camada fechada (eta=0)",-0.12,0,0
3,1,2,Carbono/acido sulfurico,"eta=2 (desbalanco=2, oculto=0)",1.7,0,0
3,2,0,Carbono/agua,"eta=2 (desbalanco=2, oculto=0)",1.84,0,0
3,2,3,Carbono/metano,"eta=2 (desbalanco=2, oculto=0)",1.68,0,0
3,3,2,Carbono/acido sulfurico,"eta=3 (desbalanco=3, oculto=0)",2.7,1,0
3,8,4,Silicio/agua,"eta=2 (desbalanco=2, oculto=0)",1.82,0,0
3,14,3,Carbono/metano,"eta=3 (desbalanco=3, oculto=0)",2.72,0,0
3,16,5,Silicio/acido sulfurico,"eta=2 (desbalanco=2, oculto=0)",1.78,0,0
3,18,2,Carbono/acido sulfurico,"eta=2 (desbalanco=0, oculto=2)",5.7,1,0
3,26,0,Carbono/agua,"eta=3 (desbalanco=3, oculto=0)",2.78,0,0
3,27,2,Carbono/acido sulfurico,"eta=4 (desbalanco=4, oculto=0)",3.68,1,0
3,28,1,Carbono/amonia,"eta=3 (desbalanco=3, oculto=0)",2.7,0,0
3,28,5,Silicio/acido sulfurico,"eta=3 (desbalanco=3, oculto=0)",2.76,0,0
3,36,4,Silicio/agua,"eta=3 (desbalanco=3, oculto=0)",2.78,0,0
3,41,1,Carbono/amonia,"eta=4 (desbalanco=4, oculto=0)",3.7,0,0
3,51,5,Silicio/acido sulfurico,"eta=4 (desbalanco=4, oculto=0)",3.68,0,0
3,52,0,Carbono/agua,"eta=4 (desbalanco=4, oculto=0)",3.72,0,0
3,53,2,Carbono/acido sulfurico,"eta=3 (desbalanco=1, oculto=2)",6.7,1,0
3,57,3,Carbono/metano,"eta=4 (desbalanco=4, oculto=0)",3.7,0,0
3,58,0,Carbono/agua,"eta=5 (desbalanco=5, oculto=0)",4.68,1,0
3,63,5,Silicio/acido sulfurico,"eta=5 (desbalanco=5, oculto=0)",4.7,0,0
3,64,4,Silicio/agua,"eta=4 (desbalanco=4, oculto=0)",3.72,0,0
3,69,3,Carbono/metano,"eta=2 (desbalanco=2, oculto=0)",1.74,0,0
3,83,4,Silicio/agua,"eta=5 (desbalanco=5, oculto=0)",4.68,0,0
3,97,1,Carbono/amonia,"eta=5 (desbalanco=5, oculto=0)",4.68,0,0
3,106,3,Carbono/metano,"eta=5 (desbalanco=5, oculto=0)",4.68,0,0
3,117,5,Silicio/acido sulfurico,"eta=4 (desbalanco=4, oculto=0)",3.7,0,0
3,129,1,Carbono/amonia,"eta=2 (desbalanco=2, oculto=0)",1.78,0,0
3,129,1,Carbono/amonia,"eta=5 (desbalanco=5, oculto=0)",4.68,0,0
3,129,1,Carbono/amonia,"camada fechada (eta=0)",-0.24,0,0
3,131,0,Carbono/agua,"eta=4 (desbalanco=4, oculto=0)",3.72,0,0
3,131,0,Carbono/agua,"eta=1 (desbalanco=1, oculto=0)",0.9,0,0
3,131,0,Carbono/agua,"eta=2 (desbalanco=2, oculto=0)",1.74,0,0
3,135,1,Carbono/amonia,"eta=4 (desbalanco=4, oculto=0)",3.72,0,0
3,135,1,Carbono/amonia,"eta=1 (desbalanco=1, oculto=0)",0.94,0,0
3,135,1,Carbono/amonia,"eta=5 (desbalanco=5, oculto=0)",4.68,0,0
3,177,4,Silicio/agua,"eta=3 (desbalanco=3, oculto=0)",2.68,0,0
3,183,5,Silicio/acido sulfurico,"eta=2 (desbalanco=0, oculto=2)",5.74,0,0
3,188,0,Carbono/agua,"eta=2 (desbalanco=0, oculto=2)",5.7,0,0
3,190,0,Carbono/agua,"eta=3 (desbalanco=1, oculto=2)",6.7,0,0
3,194,5,Silicio/acido sulfurico,"eta=3 (desbalanco=1, oculto=2)",6.7,0,0
3,253,5,Silicio/acido sulfurico,"eta=2 (desbalanco=2, oculto=0)",1.7,0,0
3,253,5,Silicio/acido sulfurico,"camada fechada (eta=0)",-0.06,0,0
4,0,0,Carbono/agua,"eta=1 (desbalanco=1, oculto=0)",0.7,1,0
4,0,0,Carbono/agua,"camada fechada (eta=0)",-0.04,1,0
4,0,1,Carbono/amonia,"camada fechada (eta=0)",-0.02,0,0
4,0,1,Carbono/amonia,"eta=1 (desbalanco=1, oculto=0)",0.78,0,0
4,0,2,Carbono/acido sulfurico,"eta=1 (desbalanco=1, oculto=0)",0.72,0,0
4,0,2,Carbono/acido sulfurico,"eta=2 (desbalanco=2, oculto=0)",1.82,1,0
4,0,3,Carbono/metano,"camada fechada (eta=0)",-0.02,0,0
4,0,3,Carbono/metano,"eta=1 (desbalanco=1, oculto=0)",0.82,0,0
4,0,4,Silicio/agua,"camada fechada (eta=0)",-0.2,0,0
4,0,4,Silicio/agua,"eta=1 (desbalanco=1, oculto=0)",0.82,0,0
4,0,5,Silicio/acido sulfurico,"camada fechada (eta=0)",-0.26,0,0
4,0,5,Silicio/acido sulfurico,"eta=1 (desbalanco=1, oculto=0)",0.8,0,0
4,1,0,Carbono/agua,"eta=2 (desbalanco=2, oculto=0)",1.74,0,0
4,1,2,Carbono/acido sulfurico,"camada fechada (eta=0)",-0.12,0,0
4,2,0,Carbono/agua,"eta=4 (desbalanco=4, oculto=0)",3.74,1,0
4,2,0,Carbono/agua,"eta=3 (desbalanco=3, oculto=0)",2.76,1,0
4,2,1,Carbono/amonia,"eta=2 (desbalanco=2, oculto=0)",1.74,0,0
4,2,2,Carbono/acido sulfurico,"eta=3 (desbalanco=3, oculto=0)",2.8,0,0
4,3,5,Silicio/acido sulfurico,"eta=2 (desbalanco=2, oculto=0)",1.82,0,0
4,8,3,Carbono/metano,"eta=2 (desbalanco=2, oculto=0)",1.74,0,0
4,13,1,Carbono/amonia,"eta=3 (desbalanco=3, oculto=0)",2.76,0,0
4,19,4,Silicio/agua,"eta=2 (desbalanco=2, oculto=0)",1.84,0,0
4,23,4,Silicio/agua,"camada fechada (eta=0)",-0.08,0,0
4,27,0,Carbono/agua,"eta=5 (desbalanco=5, oculto=0)",4.68,1,0
4,27,3,Carbono/metano,"eta=1 (desbalanco=1, oculto=0)",0.86,0,0
4,27,3,Carbono/metano,"eta=3 (desbalanco=3, oculto=0)",2.68,0,0
4,32,2,Carbono/acido sulfurico,"eta=4 (desbalanco=4, oculto=0)",3.74,0,0
4,32,5,Silicio/acido sulfurico,"eta=3 (desbalanco=3, oculto=0)",2.8,0,0
4,51,4,Silicio/agua,"eta=3 (desbalanco=3, oculto=0)",2.72,0,0
4,51,5,Silicio/acido sulfurico,"eta=4 (desbalanco=4, oculto=0)",3.7,0,0
4,59,3,Carbono/metano,"eta=4 (desbalanco=4, oculto=0)",3.68,0,0
4,59,4,Silicio/agua,"eta=4 (desbalanco=4, oculto=0)",3.7,0,0
4,66,2,Carbono/acido sulfurico,"eta=3 (desbalanco=3, oculto=0)",2.76,0,0
4,66,2,Carbono/acido sulfurico,"eta=1 (desbalanco=1, oculto=0)",0.72,0,0
4,66,2,Carbono/acido sulfurico,"camada fechada (eta=0)",-0.08,0,0
4,66,4,Silicio/agua,"eta=2 (desbalanco=0, oculto=2)",5.72,1,0
4,76,5,Silicio/acido sulfurico,"eta=5 (desbalanco=5, oculto=0)",4.68,0,0
4,85,4,Silicio/agua,"eta=3 (desbalanco=1, oculto=2)",6.68,1,0
4,89,1,Carbono/amonia,"eta=4 (desbalanco=4, oculto=0)",3.76,0,0
4,90,2,Carbono/acido sulfurico,"eta=5 (desbalanco=5, oculto=0)",4.7,0,0
4,114,3,Carbono/metano,"eta=5 (desbalanco=5, oculto=0)",4.68,0,0
4,118,2,Carbono/acido sulfurico,"eta=3 (desbalanco=3, oculto=0)",2.74,0,0
4,118,2,Carbono/acido sulfurico,"eta=5 (desbalanco=5, oculto=0)",4.7,0,0
4,119,1,Carbono/amonia,"eta=2 (desbalanco=2, oculto=0)",1.78,0,0
4,119,2,Carbono/acido sulfurico,"eta=1 (desbalanco=1, oculto=0)",0.82,0,0
4,123,4,Silicio/agua,"eta=2 (desbalanco=0, oculto=2)",5.7,0,0
4,123,4,Silicio/agua,"eta=2 (desbalanco=2, oculto=0)",1.7,0,0
4,126,4,Silicio/agua,"eta=3 (desbalanco=3, oculto=0)",2.72,0,0
4,130,3,Carbono/metano,"eta=4 (desbalanco=4, oculto=0)",3.7,0,0
4,130,3,Carbono/metano,"eta=1 (desbalanco=1, oculto=0)",0.72,0,0
4,157,2,Carbono/acido sulfurico,"eta=2 (desbalanco=0, oculto=2)",5.72,0,0
4,160,2,Carbono/acido sulfurico,"eta=3 (desbalanco=1, oculto=2)",6.7,0,0
4,170,0,Carbono/agua,"eta=2 (desbalanco=0, oculto=2)",5.68,0,0
4,173,0,Carbono/agua,"eta=3 (desbalanco=1, oculto=2)",6.68,0,0
4,178,1,Carbono/amonia,"eta=5 (desbalanco=5, oculto=0)",4.68,0,0
4,191,5,Silicio/acido sulfurico,"eta=2 (desbalanco=0, oculto=2)",5.68,0,0
4,193,5,Silicio/acido sulfurico,"eta=3 (desbalanco=1, oculto=2)",6.68,0,0
4,200,3,Carbono/metano,"eta=4 (desbalanco=4, oculto=0)",3.72,0,0
4,227,5,Silicio/acido sulfurico,"eta=2 (desbalanco=0, oculto=2)",5.7,0,0
4,227,5,Silicio/acido sulfurico,"eta=4 (desbalanco=4, oculto=0)",3.72,0,0
4,227,5,Silicio/acido sulfurico,"eta=3 (desbalanco=3, oculto=0)",2.68,0,0
4,263,1,Carbono/amonia,"eta=4 (desbalanco=4, oculto=0)",3.72,0,0
4,263,1,Carbono/amonia,"eta=3 (desbalanco=3, oculto=0)",2.68,0,0
4,263,1,Carbono/amonia,"eta=1 (desbalanco=1, oculto=0)",0.88,0,0
4,263,1,Carbono/amonia,"eta=2 (desbalanco=2, oculto=0)",1.74,0,0
5,0,0,Carbono/agua,"eta=1 (desbalanco=1, oculto=0)",0.86,1,0
5,0,1,Carbono/amonia,"camada fechada (eta=0)",-0.12,1,0
5,0,1,Carbono/amonia,"eta=1 (desbalanco=1, oculto=0)",0.68,0,0
5,0,2,Carbono/acido sulfurico,"eta=1 (desbalanco=1, oculto=0)",0.76,0,0
5,0,2,Carbono/acido sulfurico,"camada fechada (eta=0)",-0.16,0,0
5,0,2,Carbono/acido sulfurico,"eta=2 (desbalanco=2, oculto=0)",1.68,1,0
5,0,3,Carbono/metano,"eta=1 (desbalanco=1, oculto=0)",0.68,0,0
5,0,3,Carbono/metano,"camada fechada (eta=0)",-0.04,0,0
5,0,4,Silicio/agua,"camada fechada (eta=0)",-0.04,0,0
5,0,5,Silicio/acido sulfurico,"eta=1 (desbalanco=1, oculto=0)",0.76,0,0
5,1,0,Carbono/agua,"camada fechada (eta=0)",-0.02,0,0
5,1,1,Carbono/amonia,"eta=2 (desbalanco=2, oculto=0)",1.82,0,0
5,1,2,Carbono/acido sulfurico,"eta=3 (desbalanco=3, oculto=0)",2.78,1,0
5,1,5,Silicio/acido sulfurico,"camada fechada (eta=0)",-0.02,0,0
5,3,0,Carbono/agua,"eta=2 (desbalanco=2, oculto=0)",1.84,0,0
5,3,4,Silicio/agua,"eta=1 (desbalanco=1, oculto=0)",0.94,0,0
5,3,5,Silicio/acido sulfurico,"eta=2 (desbalanco=2, oculto=0)",1.88,0,0
5,5,4,Silicio/agua,"eta=3 (desbalanco=3, oculto=0)",2.74,0,0
5,6,4,Silicio/agua,"eta=2 (desbalanco=2, oculto=0)",1.78,0,0
5,9,3,Carbono/metano,"eta=2 (desbalanco=2, oculto=0)",1.7,0,0
5,10,3,Carbono/metano,"eta=3 (desbalanco=3, oculto=0)",2.68,0,0
5,23,5,Silicio/acido sulfurico,"eta=3 (desbalanco=3, oculto=0)",2.7,0,0
5,26,1,Carbono/amonia,"eta=3 (desbalanco=3, oculto=0)",2.68,0,0
5,27,0,Carbono/agua,"eta=3 (desbalanco=3, oculto=0)",2.74,0,0
5,34,0,Carbono/agua,"eta=4 (desbalanco=4, oculto=0)",3.74,1,0
5,34,1,Carbono/amonia,"eta=4 (desbalanco=4, oculto=0)",3.7,0,0
5,44,4,Silicio/agua,"eta=4 (desbalanco=4, oculto=0)",3.74,0,0
5,46,5,Silicio/acido sulfurico,"eta=4 (desbalanco=4, oculto=0)",3.7,0,0
5,63,3,Carbono/metano,"eta=4 (desbalanco=4, oculto=0)",3.72,0,0
5,66,1,Carbono/amonia,"eta=2 (desbalanco=0, oculto=2)",5.68,1,0
5,76,0,Carbono/agua,"eta=2 (desbalanco=0, oculto=2)",5.72,0,0
5,83,5,Silicio/acido sulfurico,"eta=2 (desbalanco=0, oculto=2)",5.68,0,0
5,93,0,Carbono/agua,"eta=3 (desbalanco=1, oculto=2)",6.68,1,0
5,93,5,Silicio/acido sulfurico,"eta=3 (desbalanco=1, oculto=2)",6.68,0,0
5,106,1,Carbono/amonia,"eta=3 (desbalanco=1, oculto=2)",6.68,0,0
5,111,3,Carbono/metano,"eta=5 (desbalanco=5, oculto=0)",4.68,1,0
5,111,4,Silicio/agua,"eta=5 (desbalanco=5, oculto=0)",4.68,0,0
5,119,2,Carbono/acido sulfurico,"eta=4 (desbalanco=4, oculto=0)",3.74,0,0
5,127,2,Carbono/acido sulfurico,"eta=5 (desbalanco=5, oculto=0)",4.68,0,0
5,188,2,Carbono/acido sulfurico,"eta=2 (desbalanco=0, oculto=2)",5.78,0,0
5,189,2,Carbono/acido sulfurico,"eta=3 (desbalanco=1, oculto=2)",6.7,0,0
5,201,2,Carbono/acido sulfurico,"eta=2 (desbalanco=2, oculto=0)",1.72,0,0
5,234,4,Silicio/agua,"eta=3 (desbalanco=1, oculto=2)",6.68,0,0
5,234,4,Silicio/agua,"eta=2 (desbalanco=0, oculto=2)",5.7,0,0
5,242,0,Carbono/agua,"eta=5 (desbalanco=5, oculto=0)",4.68,0,0
6,0,0,Carbono/agua,"eta=1 (desbalanco=1, oculto=0)",0.88,1,0
6,0,0,Carbono/agua,"eta=2 (desbalanco=2, oculto=0)",1.76,1,0
6,0,1,Carbono/amonia,"camada fechada (eta=0)",-0.26,1,0
6,0,1,Carbono/amonia,"eta=1 (desbalanco=1, oculto=0)",0.92,0,0
6,0,2,Carbono/acido sulfurico,"camada fechada (eta=0)",-0.26,0,0
6,0,2,Carbono/acido sulfurico,"eta=1 (desbalanco=1, oculto=0)",0.74,0,0
6,0,3,Carbono/metano,"camada fechada (eta=0)",-0.3,0,0
6,0,3,Carbono/metano,"eta=1 (desbalanco=1, oculto=0)",0.88,0,0
6,0,4,Silicio/agua,"eta=1 (desbalanco=1, oculto=0)",0.86,0,0
6,0,5,Silicio/acido sulfurico,"camada fechada (eta=0)",-0.04,0,0
6,0,5,Silicio/acido sulfurico,"eta=1 (desbalanco=1, oculto=0)",0.92,0,0
6,1,0,Carbono/agua,"camada fechada (eta=0)",-0.12,0,0
6,1,2,Carbono/acido sulfurico,"eta=2 (desbalanco=2, oculto=0)",1.72,0,0
6,1,4,Silicio/agua,"camada fechada (eta=0)",-0.04,0,0
6,1,4,Silicio/agua,"eta=2 (desbalanco=2, oculto=0)",1.88,0,0
6,3,2,Carbono/acido sulfurico,"eta=3 (desbalanco=3, oculto=0)",2.74,1,0
6,6,5,Silicio/acido sulfurico,"eta=2 (desbalanco=2, oculto=0)",1.88,0,0
6,14,0,Carbono/agua,"eta=3 (desbalanco=3, oculto=0)",2.76,0,0
6,15,2,Carbono/acido sulfurico,"eta=4 (desbalanco=4, oculto=0)",3.7,1,0
6,20,5,Silicio/acido sulfurico,"eta=3 (desbalanco=3, oculto=0)",2.82,0,0
6,21,0,Carbono/agua,"eta=4 (desbalanco=4, oculto=0)",3.7,0,0
6,21,3,Carbono/metano,"eta=2 (desbalanco=2, oculto=0)",1.72,0,0
6,22,4,Silicio/agua,"eta=3 (desbalanco=3, oculto=0)",2.72,0,0
6,25,2,Carbono/acido sulfurico,"eta=5 (desbalanco=5, oculto=0)",4.68,1,0
6,32,1,Carbono/amonia,"eta=2 (desbalanco=2, oculto=0)",1.8,0,0
6,38,0,Carbono/agua,"eta=3 (desbalanco=3, oculto=0)",2.74,0,0
6,39,0,Carbono/agua,"eta=4 (desbalanco=4, oculto=0)",3.72,0,0
6,39,1,Carbono/amonia,"eta=3 (desbalanco=3, oculto=0)",2.76,0,0
6,41,4,Silicio/agua,"eta=4 (desbalanco=4, oculto=0)",3.72,0,0
6,46,3,Carbono/metano,"eta=3 (desbalanco=3, oculto=0)",2.8,0,0
6,56,1,Carbono/amonia,"eta=1 (desbalanco=1, oculto=0)",0.84,0,0
6,57,1,Carbono/amonia,"camada fechada (eta=0)",-0.08,0,0
6,62,5,Silicio/acido sulfurico,"eta=4 (desbalanco=4, oculto=0)",3.68,0,0
6,65,1,Carbono/amonia,"eta=3 (desbalanco=3, oculto=0)",2.74,0,0
6,66,3,Carbono/metano,"eta=4 (desbalanco=4, oculto=0)",3.74,0,0
6,81,5,Silicio/acido sulfurico,"eta=5 (desbalanco=5, oculto=0)",4.68,0,0
6,84,1,Carbono/amonia,"eta=4 (desbalanco=4, oculto=0)",3.7,0,0
6,107,5,Silicio/acido sulfurico,"eta=4 (desbalanco=4, oculto=0)",3.72,0,0
6,107,5,Silicio/acido sulfurico,"camada fechada (eta=0)",-0.16,0,0
6,118,4,Silicio/agua,"eta=5 (desbalanco=5, oculto=0)",4.68,0,0
6,127,1,Carbono/amonia,"eta=5 (desbalanco=5, oculto=0)",4.68,0,0
6,130,5,Silicio/acido sulfurico,"eta=2 (desbalanco=0, oculto=2)",5.68,1,0
6,137,5,Silicio/acido sulfurico,"eta=3 (desbalanco=1, oculto=2)",6.68,1,0
6,141,3,Carbono/metano,"eta=5 (desbalanco=5, oculto=0)",4.68,0,0
6,157,0,Carbono/agua,"eta=5 (desbalanco=5, oculto=0)",4.68,0,0
6,180,4,Silicio/agua,"eta=2 (desbalanco=0, oculto=2)",5.7,0,0
6,182,0,Carbono/agua,"eta=2 (desbalanco=0, oculto=2)",5.68,0,0
6,184,4,Silicio/agua,"eta=3 (desbalanco=1, oculto=2)",6.68,0,0
6,185,0,Carbono/agua,"eta=3 (desbalanco=1, oculto=2)",6.68,0,0
6,200,5,Silicio/acido sulfurico,"camada fechada (eta=0)",-0.08,0,0
6,200,5,Silicio/acido sulfurico,"eta=2 (desbalanco=0, oculto=2)",5.7,0,0
6,200,5,Silicio/acido sulfurico,"eta=1 (desbalanco=1, oculto=0)",0.7,0,0
6,202,4,Silicio/agua,"eta=3 (desbalanco=3, oculto=0)",2.7,0,0
6,209,1,Carbono/amonia,"eta=2 (desbalanco=0, oculto=2)",5.72,0,0
6,218,1,Carbono/amonia,"eta=3 (desbalanco=1, oculto=2)",6.7,0,0
6,250,0,Carbono/agua,"eta=2 (desbalanco=2, oculto=0)",1.72,0,0
6,250,0,Carbono/agua,"eta=1 (desbalanco=1, oculto=0)",0.78,0,0
6,250,0,Carbono/agua,"eta=3 (desbalanco=3, oculto=0)",2.82,0,0
6,250,0,Carbono/agua,"eta=2 (desbalanco=0, oculto=2)",5.72,0,0
7,0,0,Carbono/agua,"camada fechada (eta=0)",-0.18,1,0
7,0,1,Carbono/amonia,"camada fechada (eta=0)",-0.02,0,0
7,0,1,Carbono/amonia,"eta=1 (desbalanco=1, oculto=0)",0.94,1,0
7,0,2,Carbono/acido sulfurico,"camada fechada (eta=0)",-0.28,0,0
7,0,3,Carbono/metano,"camada fechada (eta=0)",-0.1,0,0
7,0,4,Silicio/agua,"camada fechada (eta=0)",-0.12,0,0
7,0,5,Silicio/acido sulfurico,"eta=1 (desbalanco=1, oculto=0)",0.82,0,0
7,0,5,Silicio/acido sulfurico,"camada fechada (eta=0)",-0.26,0,0
7,1,1,Carbono/amonia,"eta=2 (desbalanco=2, oculto=0)",1.68,1,0
7,1,2,Carbono/acido sulfurico,"eta=1 (desbalanco=1, oculto=0)",0.82,0,0
7,1,4,Silicio/agua,"eta=2 (desbalanco=2, oculto=0)",1.68,0,0
7,1,4,Silicio/agua,"eta=1 (desbalanco=1, oculto=0)",0.94,0,0
7,1,5,Silicio/acido sulfurico,"eta=2 (desbalanco=2, oculto=0)",1.82,0,0
7,2,0,Carbono/agua,"eta=1 (desbalanco=1, oculto=0)",0.88,0,0
7,2,2,Carbono/acido sulfurico,"eta=3 (desbalanco=3, oculto=0)",2.72,1,0
7,2,3,Carbono/metano,"eta=1 (desbalanco=1, oculto=0)",0.92,0,0
7,3,2,Carbono/acido sulfurico,"eta=2 (desbalanco=2, oculto=0)",1.74,0,0
7,5,0,Carbono/agua,"eta=2 (desbalanco=2, oculto=0)",1.68,0,0
7,14,5,Silicio/acido sulfurico,"eta=3 (desbalanco=3, oculto=0)",2.78,0,0
7,16,0,Carbono/agua,"eta=3 (desbalanco=3, oculto=0)",2.72,0,0
7,17,4,Silicio/agua,"eta=2 (desbalanco=0, oculto=2)",5.72,1,0
7,18,4,Silicio/agua,"eta=3 (desbalanco=3, oculto=0)",2.72,0,0
7,21,1,Carbono/amonia,"eta=3 (desbalanco=3, oculto=0)",2.72,0,0
7,25,4,Silicio/agua,"eta=3 (desbalanco=1, oculto=2)",6.7,1,0
7,30,0,Carbono/agua,"eta=4 (desbalanco=4, oculto=0)",3.7,1,0
7,32,5,Silicio/acido sulfurico,"eta=4 (desbalanco=4, oculto=0)",3.72,0,0
7,41,1,Carbono/amonia,"eta=4 (desbalanco=4, oculto=0)",3.72,0,0
7,42,3,Carbono/metano,"eta=2 (desbalanco=2, oculto=0)",1.86,0,0
7,44,5,Silicio/acido sulfurico,"eta=5 (desbalanco=5, oculto=0)",4.68,1,0
7,49,2,Carbono/acido sulfurico,"eta=4 (desbalanco=4, oculto=0)",3.76,0,0
7,54,0,Carbono/agua,"eta=2 (desbalanco=0, oculto=2)",5.74,0,0
7,71,0,Carbono/agua,"eta=3 (desbalanco=3, oculto=0)",2.7,0,0
7,71,0,Carbono/agua,"eta=1 (desbalanco=1, oculto=0)",0.74,0,0
7,72,0,Carbono/agua,"camada fechada (eta=0)",-0.28,0,0
7,72,3,Carbono/metano,"eta=3 (desbalanco=3, oculto=0)",2.8,0,0
7,75,2,Carbono/acido sulfurico,"eta=3 (desbalanco=3, oculto=0)",2.72,0,0
7,75,2,Carbono/acido sulfurico,"eta=2 (desbalanco=2, oculto=0)",1.76,0,0
7,76,2,Carbono/acido sulfurico,"camada fechada (eta=0)",-0.28,0,0
7,85,1,Carbono/amonia,"eta=5 (desbalanco=5, oculto=0)",4.68,0,0
7,88,2,Carbono/acido sulfurico,"eta=5 (desbalanco=5, oculto=0)",4.68,0,0
7,101,2,Carbono/acido sulfurico,"eta=2 (desbalanco=0, oculto=2)",5.68,0,0
7,109,3,Carbono/metano,"eta=4 (desbalanco=4, oculto=0)",3.72,0,0
7,115,0,Carbono/agua,"eta=3 (desbalanco=1, oculto=2)",6.7,0,0
7,121,2,Carbono/acido sulfurico,"eta=3 (desbalanco=1, oculto=2)",6.68,0,0
7,145,3,Carbono/metano,"eta=5 (desbalanco=5, oculto=0)",4.7,0,0
7,148,1,Carbono/amonia,"eta=3 (desbalanco=3, oculto=0)",2.76,0,0
7,148,1,Carbono/amonia,"eta=4 (desbalanco=4, oculto=0)",3.72,0,0
7,148,1,Carbono/amonia,"camada fechada (eta=0)",-0.04,0,0
7,175,5,Silicio/acido sulfurico,"eta=2 (desbalanco=0, oculto=2)",5.68,0,0
7,177,5,Silicio/acido sulfurico,"eta=3 (desbalanco=1, oculto=2)",6.68,0,0
7,179,1,Carbono/amonia,"eta=4 (desbalanco=4, oculto=0)",3.7,0,0
7,179,1,Carbono/amonia,"eta=5 (desbalanco=5, oculto=0)",4.7,0,0
7,179,1,Carbono/amonia,"eta=2 (desbalanco=2, oculto=0)",1.72,0,0
7,183,4,Silicio/agua,"eta=4 (desbalanco=4, oculto=0)",3.74,0,0
7,239,1,Carbono/amonia,"eta=2 (desbalanco=0, oculto=2)",5.7,0,0
7,240,3,Carbono/metano,"eta=2 (desbalanco=0, oculto=2)",5.78,0,0
7,251,1,Carbono/amonia,"eta=3 (desbalanco=1, oculto=2)",6.72,0,0
7,255,3,Carbono/metano,"eta=3 (desbalanco=1, oculto=2)",6.72,0,0
7,260,5,Silicio/acido sulfurico,"eta=2 (desbalanco=0, oculto=2)",5.68,0,0
7,260,5,Silicio/acido sulfurico,"eta=3 (desbalanco=3, oculto=0)",2.74,0,0
7,260,5,Silicio/acido sulfurico,"eta=3 (desbalanco=1, oculto=2)",6.7,0,0
8,0,0,Carbono/agua,"eta=1 (desbalanco=1, oculto=0)",0.88,1,0
8,0,0,Carbono/agua,"camada fechada (eta=0)",-0.12,1,0
8,0,1,Carbono/amonia,"eta=2 (desbalanco=2, oculto=0)",1.76,1,0
8,0,1,Carbono/amonia,"camada fechada (eta=0)",-0.08,0,0
8,0,2,Carbono/acido sulfurico,"camada fechada (eta=0)",-0.32,0,0
8,0,2,Carbono/acido sulfurico,"eta=1 (desbalanco=1, oculto=0)",0.76,0,0
8,0,3,Carbono/metano,"eta=1 (desbalanco=1, oculto=0)",0.88,0,0
8,0,3,Carbono/metano,"camada fechada (eta=0)",-0.08,0,0
8,0,4,Silicio/agua,"eta=2 (desbalanco=2, oculto=0)",1.78,0,0
8,0,4,Silicio/agua,"eta=1 (desbalanco=1, oculto=0)",0.72,0,0
8,0,4,Silicio/agua,"camada fechada (eta=0)",-0.16,0,0
8,0,5,Silicio/acido sulfurico,"eta=1 (desbalanco=1, oculto=0)",0.78,0,0
8,0,5,Silicio/acido sulfurico,"camada fechada (eta=0)",-0.06,0,0
8,0,5,Silicio/acido sulfurico,"eta=3 (desbalanco=3, oculto=0)",2.68,1,0
8,0,5,Silicio/acido sulfurico,"eta=2 (desbalanco=2, oculto=0)",1.68,0,0
8,1,1,Carbono/amonia,"eta=1 (desbalanco=1, oculto=0)",0.82,0,0
8,2,2,Carbono/acido sulfurico,"eta=2 (desbalanco=2, oculto=0)",1.84,0,0
8,6,0,Carbono/agua,"eta=2 (desbalanco=2, oculto=0)",1.8,0,0
8,8,4,Silicio/agua,"eta=3 (desbalanco=3, oculto=0)",2.72,0,0
8,12,3,Carbono/metano,"eta=2 (desbalanco=2, oculto=0)",1.84,0,0
8,14,5,Silicio/acido sulfurico,"eta=4 (desbalanco=4, oculto=0)",3.7,1,0
8,16,3,Carbono/metano,"camada fechada (eta=0)",-0.06,0,0
8,17,3,Carbono/metano,"eta=2 (desbalanco=2, oculto=0)",1.82,0,0
8,19,2,Carbono/acido sulfurico,"eta=3 (desbalanco=3, oculto=0)",2.82,0,0
8,21,1,Carbono/amonia,"eta=3 (desbalanco=3, oculto=0)",2.68,0,0
8,22,5,Silicio/acido sulfurico,"camada fechada (eta=0)",-0.1,0,0
8,27,0,Carbono/agua,"eta=3 (desbalanco=3, oculto=0)",2.68,0,0
8,30,5,Silicio/acido sulfurico,"eta=4 (desbalanco=4, oculto=0)",3.72,0,0
8,45,4,Silicio/agua,"eta=4 (desbalanco=4, oculto=0)",3.7,0,0
8,59,1,Carbono/amonia,"eta=1 (desbalanco=1, oculto=0)",0.8,0,0
8,59,1,Carbono/amonia,"eta=2 (desbalanco=2, oculto=0)",1.84,0,0
8,60,1,Carbono/amonia,"eta=3 (desbalanco=3, oculto=0)",2.74,0,0
8,62,2,Carbono/acido sulfurico,"eta=4 (desbalanco=4, oculto=0)",3.76,0,0
8,71,3,Carbono/metano,"eta=3 (desbalanco=3, oculto=0)",2.8,0,0
8,72,0,Carbono/agua,"camada fechada (eta=0)",-0.24,0,0
8,72,0,Carbono/agua,"eta=3 (desbalanco=3, oculto=0)",2.78,0,0
8,79,2,Carbono/acido sulfurico,"eta=5 (desbalanco=5, oculto=0)",4.68,1,0
8,82,0,Carbono/agua,"eta=4 (desbalanco=4, oculto=0)",3.72,0,0
8,89,1,Carbono/amonia,"eta=4 (desbalanco=4, oculto=0)",3.72,0,0
8,100,5,Silicio/acido sulfurico,"eta=5 (desbalanco=5, oculto=0)",4.68,0,0
8,103,1,Carbono/amonia,"eta=5 (desbalanco=5, oculto=0)",4.68,0,0
8,112,5,Silicio/acido sulfurico,"eta=2 (desbalanco=0, oculto=2)",5.78,1,0
8,113,0,Carbono/agua,"eta=5 (desbalanco=5, oculto=0)",4.68,0,0
8,114,3,Carbono/metano,"eta=4 (desbalanco=4, oculto=0)",3.74,0,0
8,120,5,Silicio/acido sulfurico,"eta=3 (desbalanco=1, oculto=2)",6.72,1,0
8,122,3,Carbono/metano,"eta=2 (desbalanco=2, oculto=0)",1.8,0,0
8,122,3,Carbono/metano,"eta=4 (desbalanco=4, oculto=0)",3.72,0,0
8,122,3,Carbono/metano,"eta=1 (desbalanco=1, oculto=0)",0.94,0,0
8,130,4,Silicio/agua,"eta=5 (desbalanco=5, oculto=0)",4.68,0,0
8,138,3,Carbono/metano,"eta=5 (desbalanco=5, oculto=0)",4.68,0,0
8,186,1,Carbono/amonia,"eta=4 (desbalanco=4, oculto=0)",3.7,0,0
8,186,1,Carbono/amonia,"camada fechada (eta=0)",-0.02,0,0
8,194,2,Carbono/acido sulfurico,"eta=3 (desbalanco=3, oculto=0)",2.72,0,0
8,217,3,Carbono/metano,"eta=1 (desbalanco=1, oculto=0)",0.86,0,0
8,217,3,Carbono/metano,"camada fechada (eta=0)",-0.22,0,0
8,232,4,Silicio/agua,"eta=2 (desbalanco=0, oculto=2)",5.7,0,0
8,235,4,Silicio/agua,"eta=3 (desbalanco=1, oculto=2)",6.7,0,0
8,238,4,Silicio/agua,"eta=1 (desbalanco=1, oculto=0)",0.7,0,0
8,238,4,Silicio/agua,"eta=2 (desbalanco=0, oculto=2)",5.72,0,0
8,238,4,Silicio/agua,"eta=3 (desbalanco=3, oculto=0)",2.8,0,0
8,244,3,Carbono/metano,"eta=4 (desbalanco=4, oculto=0)",3.7,0,0
8,244,3,Carbono/metano,"eta=3 (desbalanco=3, oculto=0)",2.72,0,0
8,244,3,Carbono/metano,"eta=1 (desbalanco=1, oculto=0)",0.88,0,0
8,244,3,Carbono/metano,"eta=5 (desbalanco=5, oculto=0)",4.68,0,0
8,274,1,Carbono/amonia,"eta=3 (desbalanco=3, oculto=0)",2.72,0,0
8,274,1,Carbono/amonia,"eta=1 (desbalanco=1, oculto=0)",0.9,0,0
8,274,1,Carbono/amonia,"eta=5 (desbalanco=5, oculto=0)",4.68,0,0
8,280,2,Carbono/acido sulfurico,"eta=2 (desbalanco=0, oculto=2)",5.68,0,0
8,282,2,Carbono/acido sulfurico,"eta=3 (desbalanco=1, oculto=2)",6.68,0,0
9,0,0,Carbono/agua,"eta=1 (desbalanco=1, oculto=0)",0.94,1,0
9,0,0,Carbono/agua,"camada fechada (eta=0)",-0.08,1,0
9,0,0,Carbono/agua,"eta=2 (desbalanco=2, oculto=0)",1.88,1,0
9,0,1,Carbono/amonia,"eta=1 (desbalanco=1, oculto=0)",0.9,0,0
9,0,2,Carbono/acido sulfurico,"camada fechada (eta=0)",-0.28,0,0
9,0,2,Carbono/acido sulfurico,"eta=1 (desbalanco=1, oculto=0)",0.84,0,0
9,0,3,Carbono/metano,"camada fechada (eta=0)",-0.18,0,0
9,0,4,Silicio/agua,"camada fechada (eta=0)",-0.28,0,0
9,0,4,Silicio/agua,"eta=1 (desbalanco=1, oculto=0)",0.92,0,0
9,0,5,Silicio/acido sulfurico,"camada fechada (eta=0)",-0.02,0,0
9,0,5,Silicio/acido sulfurico,"eta=1 (desbalanco=1, oculto=0)",0.86,0,0
9,1,1,Carbono/amonia,"camada fechada (eta=0)",-0.22,0,0
9,1,5,Silicio/acido sulfurico,"eta=2 (desbalanco=2, oculto=0)",1.7,0,0
9,2,3,Carbono/metano,"eta=1 (desbalanco=1, oculto=0)",0.92,0,0
9,4,1,Carbono/amonia,"eta=2 (desbalanco=2, oculto=0)",1.72,0,0
9,6,4,Silicio/agua,"eta=2 (desbalanco=2, oculto=0)",1.82,0,0
9,8,2,Carbono/acido sulfurico,"eta=2 (desbalanco=2, oculto=0)",1.72,0,0
9,11,2,Carbono/acido sulfurico,"eta=3 (desbalanco=3, oculto=0)",2.78,1,0
9,12,3,Carbono/metano,"eta=2 (desbalanco=2, oculto=0)",1.82,0,0
9,20,0,Carbono/agua,"eta=3 (desbalanco=3, oculto=0)",2.8,0,0
9,22,5,Silicio/acido sulfurico,"eta=3 (desbalanco=3, oculto=0)",2.76,0,0
9,31,4,Silicio/agua,"eta=3 (desbalanco=3, oculto=0)",2.8,0,0
9,32,1,Carbono/amonia,"eta=3 (desbalanco=3, oculto=0)",2.68,0,0
9,36,5,Silicio/acido sulfurico,"eta=4 (desbalanco=4, oculto=0)",3.7,1,0
9,37,5,Silicio/acido sulfurico,"eta=2 (desbalanco=0, oculto=2)",5.74,1,0
9,39,4,Silicio/agua,"eta=3 (desbalanco=3, oculto=0)",2.7,0,0
9,41,0,Carbono/agua,"eta=4 (desbalanco=4, oculto=0)",3.72,0,0
9,56,4,Silicio/agua,"eta=2 (desbalanco=2, oculto=0)",1.86,0,0
9,57,4,Silicio/agua,"camada fechada (eta=0)",-0.16,0,0
9,59,5,Silicio/acido sulfurico,"eta=3 (desbalanco=1, oculto=2)",6.7,1,0
9,63,1,Carbono/amonia,"eta=4 (desbalanco=4, oculto=0)",3.72,0,0
9,64,3,Carbono/metano,"eta=2 (desbalanco=0, oculto=2)",5.68,0,0
9,76,2,Carbono/acido sulfurico,"eta=4 (desbalanco=4, oculto=0)",3.76,0,0
9,80,3,Carbono/metano,"eta=3 (desbalanco=3, oculto=0)",2.68,0,0
9,80,4,Silicio/agua,"eta=4 (desbalanco=4, oculto=0)",3.76,0,0
9,84,4,Silicio/agua,"eta=2 (desbalanco=0, oculto=2)",5.7,0,0
9,95,4,Silicio/agua,"eta=5 (desbalanco=5, oculto=0)",4.7,1,0
9,96,3,Carbono/metano,"eta=4 (desbalanco=4, oculto=0)",3.68,0,0
9,97,3,Carbono/metano,"eta=3 (desbalanco=3, oculto=0)",2.7,0,0
9,98,4,Silicio/agua,"eta=3 (desbalanco=1, oculto=2)",6.68,0,0
9,106,2,Carbono/acido sulfurico,"eta=5 (desbalanco=5, oculto=0)",4.68,0,0
9,108,0,Carbono/agua,"eta=5 (desbalanco=5, oculto=0)",4.68,0,0
9,117,0,Carbono/agua,"eta=3 (desbalanco=3, oculto=0)",2.74,0,0
9,117,0,Carbono/agua,"camada fechada (eta=0)",-0.04,0,0
9,117,0,Carbono/agua,"eta=2 (desbalanco=2, oculto=0)",1.76,0,0
9,124,2,Carbono/acido sulfurico,"eta=2 (desbalanco=0, oculto=2)",5.78,0,0
9,135,2,Carbono/acido sulfurico,"eta=3 (desbalanco=1, oculto=2)",6.72,0,0
9,141,3,Carbono/metano,"eta=3 (desbalanco=1, oculto=2)",6.7,0,0
9,146,1,Carbono/amonia,"eta=5 (desbalanco=5, oculto=0)",4.68,0,0
9,159,3,Carbono/metano,"eta=2 (desbalanco=0, oculto=2)",5.7,0,0
9,159,3,Carbono/metano,"camada fechada (eta=0)",-0.24,0,0
9,159,3,Carbono/metano,"eta=3 (desbalanco=1, oculto=2)",6.7,0,0
9,163,3,Carbono/metano,"eta=3 (desbalanco=3, oculto=0)",2.68,0,0
9,172,2,Carbono/acido sulfurico,"eta=2 (desbalanco=0, oculto=2)",5.7,0,0
9,172,2,Carbono/acido sulfurico,"eta=3 (desbalanco=1, oculto=2)",6.7,0,0
9,172,2,Carbono/acido sulfurico,"eta=3 (desbalanco=3, oculto=0)",2.7,0,0
9,177,2,Carbono/acido sulfurico,"eta=5 (desbalanco=5, oculto=0)",4.68,0,0
9,185,1,Carbono/amonia,"eta=4 (desbalanco=4, oculto=0)",3.74,0,0
9,185,1,Carbono/amonia,"eta=2 (desbalanco=2, oculto=0)",1.74,0,0
9,185,1,Carbono/amonia,"eta=3 (desbalanco=3, oculto=0)",2.74,0,0
9,185,1,Carbono/amonia,"eta=5 (desbalanco=5, oculto=0)",4.68,0,0
9,196,2,Carbono/acido sulfurico,"eta=2 (desbalanco=0, oculto=2)",5.72,0,0
9,196,2,Carbono/acido sulfurico,"eta=1 (desbalanco=1, oculto=0)",0.68,0,0
9,196,2,Carbono/acido sulfurico,"camada fechada (eta=0)",-0.32,0,0
9,197,2,Carbono/acido sulfurico,"eta=4 (desbalanco=4, oculto=0)",3.7,0,0
9,214,0,Carbono/agua,"eta=2 (desbalanco=2, oculto=0)",1.76,0,0
9,214,0,Carbono/agua,"camada fechada (eta=0)",-0.24,0,0
9,214,0,Carbono/agua,"eta=1 (desbalanco=1, oculto=0)",0.8,0,0
9,216,0,Carbono/agua,"eta=5 (desbalanco=5, oculto=0)",4.7,0,0
9,216,0,Carbono/agua,"camada fechada (eta=0)",-0.2,0,0
9,250,2,Carbono/acido sulfurico,"eta=2 (desbalanco=2, oculto=0)",1.7,0,0
9,268,4,Silicio/agua,"camada fechada (eta=0)",-0.16,0,0
9,268,4,Silicio/agua,"eta=1 (desbalanco=1, oculto=0)",0.7,0,0
9,268,4,Silicio/agua,"eta=2 (desbalanco=2, oculto=0)",1.7,0,0
9,268,4,Silicio/agua,"eta=4 (desbalanco=4, oculto=0)",3.7,0,0
9,296,1,Carbono/amonia,"eta=2 (desbalanco=0, oculto=2)",5.76,0,0
9,296,5,Silicio/acido sulfurico,"eta=5 (desbalanco=5, oculto=0)",4.68,0,0
10,0,0,Carbono/agua,"eta=1 (desbalanco=1, oculto=0)",0.76,1,0
10,0,1,Carbono/amonia,"eta=1 (desbalanco=1, oculto=0)",0.68,0,0
10,0,1,Carbono/amonia,"camada fechada (eta=0)",-0.08,1,0
10,0,2,Carbono/acido sulfurico,"camada fechada (eta=0)",-0.04,0,0
10,0,2,Carbono/acido sulfurico,"eta=1 (desbalanco=1, oculto=0)",0.84,0,0
10,0,3,Carbono/metano,"eta=1 (desbalanco=1, oculto=0)",0.78,0,0
10,0,3,Carbono/metano,"camada fechada (eta=0)",-0.24,0,0
10,0,4,Silicio/agua,"camada fechada (eta=0)",-0.04,0,0
10,0,4,Silicio/agua,"eta=1 (desbalanco=1, oculto=0)",0.9,0,0
10,0,5,Silicio/acido sulfurico,"camada fechada (eta=0)",-0.2,0,0
10,0,5,Silicio/acido sulfurico,"eta=1 (desbalanco=1, oculto=0)",0.9,0,0
10,1,0,Carbono/agua,"camada fechada (eta=0)",-0.26,0,0
10,1,2,Carbono/acido sulfurico,"camada fechada (eta=0)",-0.16,0,0
10,1,2,Carbono/acido sulfurico,"eta=1 (desbalanco=1, oculto=0)",0.86,0,0
10,2,1,Carbono/amonia,"eta=2 (desbalanco=2, oculto=0)",1.72,1,0
10,3,5,Silicio/acido sulfurico,"eta=2 (desbalanco=2, oculto=0)",1.82,0,0
10,10,4,Silicio/agua,"eta=2 (desbalanco=2, oculto=0)",1.7,0,0
10,12,0,Carbono/agua,"eta=2 (desbalanco=2, oculto=0)",1.86,0,0
10,18,1,Carbono/amonia,"eta=3 (desbalanco=3, oculto=0)",2.7,1,0
10,18,2,Carbono/acido sulfurico,"eta=2 (desbalanco=2, oculto=0)",1.68,0,0
10,18,3,Carbono/metano,"eta=2 (desbalanco=2, oculto=0)",1.82,0,0
10,23,0,Carbono/agua,"camada fechada (eta=0)",-0.08,0,0
10,25,5,Silicio/acido sulfurico,"eta=3 (desbalanco=3, oculto=0)",2.74,0,0
10,29,4,Silicio/agua,"eta=3 (desbalanco=3, oculto=0)",2.72,0,0
10,42,2,Carbono/acido sulfurico,"eta=3 (desbalanco=3, oculto=0)",2.76,0,0
10,44,1,Carbono/amonia,"eta=4 (desbalanco=4, oculto=0)",3.68,1,0
10,45,3,Carbono/metano,"eta=3 (desbalanco=3, oculto=0)",2.68,0,0
10,48,0,Carbono/agua,"eta=3 (desbalanco=3, oculto=0)",2.76,0,0
10,56,5,Silicio/acido sulfurico,"eta=4 (desbalanco=4, oculto=0)",3.72,0,0
10,59,2,Carbono/acido sulfurico,"eta=4 (desbalanco=4, oculto=0)",3.68,0,0
10,62,1,Carbono/amonia,"eta=5 (desbalanco=5, oculto=0)",4.68,1,0
10,81,0,Carbono/agua,"eta=4 (desbalanco=4, oculto=0)",3.76,0,0
10,88,4,Silicio/agua,"eta=4 (desbalanco=4, oculto=0)",3.76,0,0
10,93,3,Carbono/metano,"eta=4 (desbalanco=4, oculto=0)",3.7,0,0
10,96,1,Carbono/amonia,"camada fechada (eta=0)",-0.18,0,0
10,102,5,Silicio/acido sulfurico,"eta=2 (desbalanco=0, oculto=2)",5.72,1,0
10,104,5,Silicio/acido sulfurico,"eta=3 (desbalanco=1, oculto=2)",6.7,1,0
10,108,2,Carbono/acido sulfurico,"eta=5 (desbalanco=5, oculto=0)",4.68,0,0
10,109,1,Carbono/amonia,"eta=5 (desbalanco=5, oculto=0)",4.68,0,0
10,115,3,Carbono/metano,"eta=5 (desbalanco=5, oculto=0)",4.68,0,0
10,116,4,Silicio/agua,"eta=5 (desbalanco=5, oculto=0)",4.68,0,0
10,139,0,Carbono/agua,"eta=5 (desbalanco=5, oculto=0)",4.68,0,0
10,154,4,Silicio/agua,"eta=2 (desbalanco=0, oculto=2)",5.74,0,0
10,156,4,Silicio/agua,"eta=3 (desbalanco=1, oculto=2)",6.68,0,0
10,169,2,Carbono/acido sulfurico,"eta=3 (desbalanco=3, oculto=0)",2.72,0,0
10,169,2,Carbono/acido sulfurico,"eta=1 (desbalanco=1, oculto=0)",0.82,0,0
10,179,0,Carbono/agua,"eta=2 (desbalanco=0, oculto=2)",5.76,0,0
10,183,0,Carbono/agua,"eta=3 (desbalanco=1, oculto=2)",6.72,0,0
10,194,3,Carbono/metano,"eta=2 (desbalanco=0, oculto=2)",5.7,0,0
10,198,0,Carbono/agua,"eta=2 (desbalanco=0, oculto=2)",5.7,0,0
10,198,0,Carbono/agua,"camada fechada (eta=0)",-0.1,0,0
10,202,3,Carbono/metano,"eta=3 (desbalanco=1, oculto=2)",6.7,0,0
10,244,2,Carbono/acido sulfurico,"eta=4 (desbalanco=4, oculto=0)",3.7,0,0
10,244,2,Carbono/acido sulfurico,"camada fechada (eta=0)",-0.02,0,0
10,244,2,Carbono/acido sulfurico,"eta=5 (desbalanco=5, oculto=0)",4.68,0,0
10,244,2,Carbono/acido sulfurico,"eta=1 (desbalanco=1, oculto=0)",0.94,0,0
10,256,1,Carbono/amonia,"eta=5 (desbalanco=5, oculto=0)",4.68,0,0
10,256,1,Carbono/amonia,"eta=2 (desbalanco=2, oculto=0)",1.82,0,0
10,291,5,Silicio/acido sulfurico,"eta=1 (desbalanco=1, oculto=0)",0.74,0,0
10,291,5,Silicio/acido sulfurico,"camada fechada (eta=0)",-0.26,0,0
10,291,5,Silicio/acido sulfurico,"eta=2 (desbalanco=2, oculto=0)",1.74,0,0
10,291,5,Silicio/acido sulfurico,"eta=3 (desbalanco=1, oculto=2)",6.68,0,0
10,291,5,Silicio/acido sulfurico,"eta=2 (desbalanco=0, oculto=2)",5.72,0,0
11,0,0,Carbono/agua,"eta=1 (desbalanco=1, oculto=0)",0.86,1,0
11,0,0,Carbono/agua,"eta=2 (desbalanco=2, oculto=0)",1.82,1,0
11,0,0,Carbono/agua,"camada fechada (eta=0)",-0.3,1,0
11,0,1,Carbono/amonia,"camada fechada (eta=0)",-0.04,0,0
11,0,1,Carbono/amonia,"eta=1 (desbalanco=1, oculto=0)",0.68,0,0
11,0,2,Carbono/acido sulfurico,"eta=1 (desbalanco=1, oculto=0)",0.86,0,0
11,0,2,Carbono/acido sulfurico,"camada fechada (eta=0)",-0.08,0,0
11,0,2,Carbono/acido sulfurico,"eta=2 (desbalanco=2, oculto=0)",1.78,0,0
11,0,3,Carbono/metano,"camada fechada (eta=0)",-0.2,0,0
11,0,4,Silicio/agua,"eta=1 (desbalanco=1, oculto=0)",0.94,0,0
11,0,4,Silicio/agua,"camada fechada (eta=0)",-0.06,0,0
11,0,5,Silicio/acido sulfurico,"eta=1 (desbalanco=1, oculto=0)",0.74,0,0
11,0,5,Silicio/acido sulfurico,"camada fechada (eta=0)",-0.08,0,0
11,1,5,Silicio/acido sulfurico,"eta=2 (desbalanco=2, oculto=0)",1.76,0,0
11,2,3,Carbono/metano,"eta=1 (desbalanco=1, oculto=0)",0.88,0,0
11,5,1,Carbono/amonia,"eta=2 (desbalanco=2, oculto=0)",1.82,0,0
11,5,4,Silicio/agua,"eta=2 (desbalanco=2, oculto=0)",1.68,0,0
11,8,3,Carbono/metano,"eta=2 (desbalanco=2, oculto=0)",1.76,0,0
11,9,0,Carbono/agua,"eta=3 (desbalanco=3, oculto=0)",2.8,1,0
11,20,4,Silicio/agua,"eta=3 (desbalanco=3, oculto=0)",2.7,0,0
11,22,5,Silicio/acido sulfurico,"eta=3 (desbalanco=3, oculto=0)",2.76,0,0
11,34,1,Carbono/amonia,"camada fechada (eta=0)",-0.14,0,0
11,35,1,Carbono/amonia,"eta=2 (desbalanco=2, oculto=0)",1.84,0,0
11,36,3,Carbono/metano,"eta=3 (desbalanco=3, oculto=0)",2.72,0,0
11,37,0,Carbono/agua,"eta=4 (desbalanco=4, oculto=0)",3.72,1,0
11,45,1,Carbono/amonia,"eta=3 (desbalanco=3, oculto=0)",2.74,0,0
11,53,4,Silicio/agua,"eta=2 (desbalanco=0, oculto=2)",5.74,1,0
11,63,5,Silicio/acido sulfurico,"eta=4 (desbalanco=4, oculto=0)",3.76,0,0
11,68,3,Carbono/metano,"eta=4 (desbalanco=4, oculto=0)",3.7,0,0
11,69,4,Silicio/agua,"eta=4 (desbalanco=4, oculto=0)",3.74,0,0
11,73,2,Carbono/acido sulfurico,"eta=3 (desbalanco=3, oculto=0)",2.82,0,0
11,78,0,Carbono/agua,"camada fechada (eta=0)",-0.02,0,0
11,78,0,Carbono/agua,"eta=2 (desbalanco=2, oculto=0)",1.82,0,0
11,86,0,Carbono/agua,"eta=5 (desbalanco=5, oculto=0)",4.68,1,0
11,88,4,Silicio/agua,"eta=3 (desbalanco=1, oculto=2)",6.7,1,0
11,90,1,Carbono/amonia,"eta=4 (desbalanco=4, oculto=0)",3.72,0,0
11,96,2,Carbono/acido sulfurico,"eta=4 (desbalanco=4, oculto=0)",3.76,0,0
11,97,5,Silicio/acido sulfurico,"eta=5 (desbalanco=5, oculto=0)",4.68,0,0
11,103,1,Carbono/amonia,"eta=3 (desbalanco=3, oculto=0)",2.82,0,0
11,105,3,Carbono/metano,"eta=5 (desbalanco=5, oculto=0)",4.68,0,0
11,114,1,Carbono/amonia,"eta=4 (desbalanco=4, oculto=0)",3.72,0,0
11,115,2,Carbono/acido sulfurico,"eta=5 (desbalanco=5, oculto=0)",4.68,0,0
11,118,5,Silicio/acido sulfurico,"eta=1 (desbalanco=1, oculto=0)",0.9,0,0
11,144,1,Carbono/amonia,"eta=1 (desbalanco=1, oculto=0)",0.8,0,0
11,144,1,Carbono/amonia,"eta=3 (desbalanco=3, oculto=0)",2.76,0,0
11,171,1,Carbono/amonia,"eta=5 (desbalanco=5, oculto=0)",4.7,0,0
11,172,3,Carbono/metano,"eta=3 (desbalanco=3, oculto=0)",2.68,0,0
11,172,3,Carbono/metano,"eta=5 (desbalanco=5, oculto=0)",4.68,0,0
11,172,3,Carbono/metano,"camada fechada (eta=0)",-0.04,0,0
11,178,2,Carbono/acido sulfurico,"eta=2 (desbalanco=0, oculto=2)",5.68,0,0
11,179,2,Carbono/acido sulfurico,"eta=3 (desbalanco=1, oculto=2)",6.68,0,0
11,210,4,Silicio/agua,"camada fechada (eta=0)",-0.1,0,0
11,210,4,Silicio/agua,"eta=1 (desbalanco=1, oculto=0)",0.68,0,0
11,210,4,Silicio/agua,"eta=3 (desbalanco=3, oculto=0)",2.68,0,0
11,213,2,Carbono/acido sulfurico,"eta=1 (desbalanco=1, oculto=0)",0.7,0,0
11,213,2,Carbono/acido sulfurico,"eta=2 (desbalanco=0, oculto=2)",5.68,0,0
11,213,2,Carbono/acido sulfurico,"eta=3 (desbalanco=3, oculto=0)",2.74,0,0
11,219,3,Carbono/metano,"eta=2 (desbalanco=0, oculto=2)",5.78,0,0
11,237,4,Silicio/agua,"eta=4 (desbalanco=4, oculto=0)",3.7,0,0
11,240,3,Carbono/metano,"eta=2 (desbalanco=0, oculto=2)",5.74,0,0
11,241,5,Silicio/acido sulfurico,"eta=2 (desbalanco=0, oculto=2)",5.7,0,0
11,241,5,Silicio/acido sulfurico,"eta=3 (desbalanco=1, oculto=2)",6.7,0,0
11,243,0,Carbono/agua,"eta=2 (desbalanco=0, oculto=2)",5.7,0,0
11,245,0,Carbono/agua,"eta=3 (desbalanco=1, oculto=2)",6.68,0,0
11,246,4,Silicio/agua,"eta=2 (desbalanco=0, oculto=2)",5.72,0,0
11,246,4,Silicio/agua,"eta=3 (desbalanco=1, oculto=2)",6.7,0,0
11,262,4,Silicio/agua,"eta=4 (desbalanco=4, oculto=0)",3.68,0,0
11,265,3,Carbono/metano,"camada fechada (eta=0)",-0.3,0,0
11,265,3,Carbono/metano,"eta=3 (desbalanco=1, oculto=2)",6.68,0,0
11,265,3,Carbono/metano,"eta=2 (desbalanco=2, oculto=0)",1.72,0,0
11,282,3,Carbono/metano,"eta=3 (desbalanco=3, oculto=0)",2.72,0,0
11,298,1,Carbono/amonia,"eta=2 (desbalanco=0, oculto=2)",5.7,0,0
12,0,0,Carbono/agua,"camada fechada (eta=0)",-0.14,1,0
12,0,1,Carbono/amonia,"camada fechada (eta=0)",-0.02,0,0
12,0,1,Carbono/amonia,"eta=1 (desbalanco=1, oculto=0)",0.9,1,0
12,0,2,Carbono/acido sulfurico,"eta=2 (desbalanco=2, oculto=0)",1.76,1,0
12,0,2,Carbono/acido sulfurico,"eta=1 (desbalanco=1, oculto=0)",0.9,0,0
12,0,3,Carbono/metano,"eta=1 (desbalanco=1, oculto=0)",0.88,0,0
12,0,3,Carbono/metano,"camada fechada (eta=0)",-0.18,0,0
12,0,4,Silicio/agua,"camada fechada (eta=0)",-0.24,0,0
12,0,4,Silicio/agua,"eta=1 (desbalanco=1, oculto=0)",0.78,0,0
12,0,5,Silicio/acido sulfurico,"eta=1 (desbalanco=1, oculto=0)",0.76,0,0
12,0,5,Silicio/acido sulfurico,"camada fechada (eta=0)",-0.24,0,0
12,1,0,Carbono/agua,"eta=1 (desbalanco=1, oculto=0)",0.8,0,0
12,1,2,Carbono/acido sulfurico,"camada fechada (eta=0)",-0.14,0,0
12,2,4,Silicio/agua,"eta=2 (desbalanco=2, oculto=0)",1.74,0,0
12,2,5,Silicio/acido sulfurico,"eta=2 (desbalanco=2, oculto=0)",1.84,0,0
12,6,0,Carbono/agua,"eta=2 (desbalanco=2, oculto=0)",1.8,0,0
12,6,2,Carbono/acido sulfurico,"eta=3 (desbalanco=3, oculto=0)",2.7,1,0
12,13,1,Carbono/amonia,"eta=2 (desbalanco=2, oculto=0)",1.76,0,0
12,21,5,Silicio/acido sulfurico,"eta=3 (desbalanco=3, oculto=0)",2.74,0,0
12,31,2,Carbono/acido sulfurico,"eta=4 (desbalanco=4, oculto=0)",3.68,1,0
12,35,5,Silicio/acido sulfurico,"eta=4 (desbalanco=4, oculto=0)",3.7,0,0
12,37,0,Carbono/agua,"eta=3 (desbalanco=3, oculto=0)",2.76,0,0
12,38,4,Silicio/agua,"eta=3 (desbalanco=3, oculto=0)",2.7,0,0
12,42,3,Carbono/metano,"eta=2 (desbalanco=2, oculto=0)",1.74,0,0
12,45,1,Carbono/amonia,"eta=3 (desbalanco=3, oculto=0)",2.74,0,0
12,47,1,Carbono/amonia,"eta=4 (desbalanco=4, oculto=0)",3.76,0,0
12,55,2,Carbono/acido sulfurico,"eta=5 (desbalanco=5, oculto=0)",4.7,1,0
12,60,0,Carbono/agua,"eta=4 (desbalanco=4, oculto=0)",3.76,0,0
12,67,4,Silicio/agua,"eta=5 (desbalanco=5, oculto=0)",4.68,0,0
12,67,4,Silicio/agua,"eta=4 (desbalanco=4, oculto=0)",3.7,0,0
12,78,0,Carbono/agua,"eta=5 (desbalanco=5, oculto=0)",4.68,0,0
12,79,5,Silicio/acido sulfurico,"eta=2 (desbalanco=0, oculto=2)",5.76,1,0
12,86,1,Carbono/amonia,"eta=5 (desbalanco=5, oculto=0)",4.68,0,0
12,99,5,Silicio/acido sulfurico,"eta=3 (desbalanco=1, oculto=2)",6.7,1,0
12,127,3,Carbono/metano,"eta=3 (desbalanco=3, oculto=0)",2.72,0,0
12,130,3,Carbono/metano,"eta=4 (desbalanco=4, oculto=0)",3.74,0,0
12,138,2,Carbono/acido sulfurico,"eta=2 (desbalanco=0, oculto=2)",5.76,0,0
12,140,2,Carbono/acido sulfurico,"eta=3 (desbalanco=1, oculto=2)",6.72,0,0
12,145,3,Carbono/metano,"eta=5 (desbalanco=5, oculto=0)",4.68,0,0
12,149,2,Carbono/acido sulfurico,"eta=3 (desbalanco=1, oculto=2)",6.7,0,0
12,149,2,Carbono/acido sulfurico,"eta=1 (desbalanco=1, oculto=0)",0.74,0,0
12,149,2,Carbono/acido sulfurico,"eta=3 (desbalanco=3, oculto=0)",2.74,0,0
12,179,2,Carbono/acido sulfurico,"eta=3 (desbalanco=3, oculto=0)",2.72,0,0
12,192,0,Carbono/agua,"camada fechada (eta=0)",-0.04,0,0
12,192,0,Carbono/agua,"eta=4 (desbalanco=4, oculto=0)",3.7,0,0
12,230,3,Carbono/metano,"eta=2 (desbalanco=0, oculto=2)",5.78,0,0
12,235,0,Carbono/agua,"eta=2 (desbalanco=0, oculto=2)",5.68,0,0
12,238,0,Carbono/agua,"eta=3 (desbalanco=1, oculto=2)",6.7,0,0
12,244,0,Carbono/agua,"eta=2 (desbalanco=2, oculto=0)",1.78,0,0
12,244,0,Carbono/agua,"eta=3 (desbalanco=1, oculto=2)",6.68,0,0
12,244,0,Carbono/agua,"eta=1 (desbalanco=1, oculto=0)",0.82,0,0
12,244,0,Carbono/agua,"eta=3 (desbalanco=3, oculto=0)",2.72,0,0
12,248,4,Silicio/agua,"eta=2 (desbalanco=0, oculto=2)",5.68,0,0
12,248,4,Silicio/agua,"eta=3 (desbalanco=1, oculto=2)",6.68,0,0
12,259,1,Carbono/amonia,"eta=4 (desbalanco=4, oculto=0)",3.68,0,0
12,259,1,Carbono/amonia,"eta=1 (desbalanco=1, oculto=0)",0.86,0,0
12,259,1,Carbono/amonia,"eta=3 (desbalanco=3, oculto=0)",2.72,0,0
12,262,3,Carbono/metano,"eta=3 (desbalanco=1, oculto=2)",6.7,0,0
12,262,5,Silicio/acido sulfurico,"eta=3 (desbalanco=1, oculto=2)",6.68,0,0
12,270,0,Carbono/agua,"eta=4 (desbalanco=4, oculto=0)",3.68,0,0
12,273,5,Silicio/acido sulfurico,"eta=2 (desbalanco=2, oculto=0)",1.7,0,0
12,273,5,Silicio/acido sulfurico,"camada fechada (eta=0)",-0.22,0,0
12,273,5,Silicio/acido sulfurico,"eta=3 (desbalanco=1, oculto=2)",6.7,0,0
12,273,5,Silicio/acido sulfurico,"eta=3 (desbalanco=3, oculto=0)",2.7,0,0
12,284,1,Carbono/amonia,"eta=5 (desbalanco=5, oculto=0)",4.68,0,0
13,0,0,Carbono/agua,"camada fechada (eta=0)",-0.04,1,0
13,0,1,Carbono/amonia,"camada fechada (eta=0)",-0.22,0,0
13,0,1,Carbono/amonia,"eta=1 (desbalanco=1, oculto=0)",0.68,1,0
13,0,2,Carbono/acido sulfurico,"eta=1 (desbalanco=1, oculto=0)",0.94,0,0
13,0,2,Carbono/acido sulfurico,"camada fechada (eta=0)",-0.18,0,0
13,0,3,Carbono/metano,"eta=1 (desbalanco=1, oculto=0)",0.94,0,0
13,0,3,Carbono/metano,"camada fechada (eta=0)",-0.18,0,0
13,0,4,Silicio/agua,"eta=1 (desbalanco=1, oculto=0)",0.9,0,0
13,0,4,Silicio/agua,"camada fechada (eta=0)",-0.3,0,0
13,0,5,Silicio/acido sulfurico,"camada fechada (eta=0)",-0.18,0,0
13,0,5,Silicio/acido sulfurico,"eta=1 (desbalanco=1, oculto=0)",0.92,0,0
13,1,0,Carbono/agua,"eta=1 (desbalanco=1, oculto=0)",0.8,0,0
13,2,4,Silicio/agua,"eta=2 (desbalanco=2, oculto=0)",1.74,1,0
13,2,5,Silicio/acido sulfurico,"eta=2 (desbalanco=2, oculto=0)",1.7,0,0
13,3,1,Carbono/amonia,"eta=2 (desbalanco=2, oculto=0)",1.7,0,0
13,8,0,Carbono/agua,"eta=2 (desbalanco=2, oculto=0)",1.86,0,0
13,8,2,Carbono/acido sulfurico,"eta=2 (desbalanco=2, oculto=0)",1.8,0,0
13,8,3,Carbono/metano,"eta=2 (desbalanco=2, oculto=0)",1.88,0,0
13,11,1,Carbono/amonia,"eta=3 (desbalanco=3, oculto=0)",2.72,1,0
13,23,5,Silicio/acido sulfurico,"eta=3 (desbalanco=3, oculto=0)",2.78,0,0
13,25,2,Carbono/acido sulfurico,"eta=3 (desbalanco=3, oculto=0)",2.78,0,0
13,26,3,Carbono/metano,"eta=3 (desbalanco=3, oculto=0)",2.72,0,0
13,29,2,Carbono/acido sulfurico,"eta=1 (desbalanco=1, oculto=0)",0.92,0,0
13,31,4,Silicio/agua,"eta=3 (desbalanco=3, oculto=0)",2.78,0,0
13,51,4,Silicio/agua,"eta=4 (desbalanco=4, oculto=0)",3.76,1,0
13,52,5,Silicio/acido sulfurico,"eta=4 (desbalanco=4, oculto=0)",3.68,0,0
13,54,5,Silicio/acido sulfurico,"eta=2 (desbalanco=2, oculto=0)",1.76,0,0
13,57,5,Silicio/acido sulfurico,"eta=1 (desbalanco=1, oculto=0)",0.86,0,0
13,57,5,Silicio/acido sulfurico,"eta=4 (desbalanco=4, oculto=0)",3.72,0,0
13,60,0,Carbono/agua,"eta=3 (desbalanco=3, oculto=0)",2.82,0,0
13,63,1,Carbono/amonia,"eta=4 (desbalanco=4, oculto=0)",3.72,0,0
13,69,3,Carbono/metano,"eta=4 (desbalanco=4, oculto=0)",3.72,0,0
13,71,4,Silicio/agua,"eta=4 (desbalanco=4, oculto=0)",3.76,0,0
13,71,4,Silicio/agua,"eta=1 (desbalanco=1, oculto=0)",0.92,0,0
13,80,2,Carbono/acido sulfurico,"eta=4 (desbalanco=4, oculto=0)",3.74,0,0
13,82,1,Carbono/amonia,"eta=5 (desbalanco=5, oculto=0)",4.68,1,0
13,85,5,Silicio/acido sulfurico,"eta=5 (desbalanco=5, oculto=0)",4.68,0,0
13,104,5,Silicio/acido sulfurico,"eta=1 (desbalanco=1, oculto=0)",0.68,0,0
13,105,2,Carbono/acido sulfurico,"eta=2 (desbalanco=0, oculto=2)",5.68,1,0
13,112,2,Carbono/acido sulfurico,"eta=3 (desbalanco=1, oculto=2)",6.68,1,0
13,119,4,Silicio/agua,"eta=5 (desbalanco=5, oculto=0)",4.68,0,0
13,121,0,Carbono/agua,"eta=4 (desbalanco=4, oculto=0)",3.68,0,0
13,129,3,Carbono/metano,"eta=5 (desbalanco=5, oculto=0)",4.7,0,0
13,133,1,Carbono/amonia,"eta=2 (desbalanco=0, oculto=2)",5.76,0,0
13,134,0,Carbono/agua,"eta=5 (desbalanco=5, oculto=0)",4.68,0,0
13,143,1,Carbono/amonia,"eta=3 (desbalanco=1, oculto=2)",6.7,0,0
13,194,5,Silicio/acido sulfurico,"eta=4 (desbalanco=4, oculto=0)",3.7,0,0
13,194,5,Silicio/acido sulfurico,"eta=2 (desbalanco=2, oculto=0)",1.74,0,0
13,194,5,Silicio/acido sulfurico,"eta=1 (desbalanco=1, oculto=0)",0.82,0,0
13,216,4,Silicio/agua,"eta=2 (desbalanco=0, oculto=2)",5.72,0,0
13,216,4,Silicio/agua,"eta=3 (desbalanco=1, oculto=2)",6.7,0,0
13,229,0,Carbono/agua,"eta=4 (desbalanco=4, oculto=0)",3.7,0,0
13,234,0,Carbono/agua,"eta=2 (desbalanco=0, oculto=2)",5.7,0,0
13,235,0,Carbono/agua,"eta=3 (desbalanco=1, oculto=2)",6.68,0,0
13,283,5,Silicio/acido sulfurico,"eta=2 (desbalanco=0, oculto=2)",5.68,0,0
13,291,5,Silicio/acido sulfurico,"eta=3 (desbalanco=1, oculto=2)",6.68,0,0
13,293,3,Carbono/metano,"eta=4 (desbalanco=4, oculto=0)",3.7,0,0
13,293,3,Carbono/metano,"eta=3 (desbalanco=3, oculto=0)",2.72,0,0
13,293,3,Carbono/metano,"eta=1 (desbalanco=1, oculto=0)",0.72,0,0
13,293,3,Carbono/metano,"camada fechada (eta=0)",-0.06,0,0
13,293,3,Carbono/metano,"eta=2 (desbalanco=2, oculto=0)",1.8,0,0
14,0,0,Carbono/agua,"eta=1 (desbalanco=1, oculto=0)",0.84,1,0
14,0,0,Carbono/agua,"camada fechada (eta=0)",-0.08,1,0
14,0,1,Carbono/amonia,"camada fechada (eta=0)",-0.04,0,0
14,0,2,Carbono/acido sulfurico,"camada fechada (eta=0)",-0.16,0,0
14,0,2,Carbono/acido sulfurico,"eta=1 (desbalanco=1, oculto=0)",0.88,0,0
14,0,3,Carbono/metano,"eta=1 (desbalanco=1, oculto=0)",0.82,0,0
14,0,4,Silicio/agua,"eta=1 (desbalanco=1, oculto=0)",0.9,0,0
14,0,4,Silicio/agua,"camada fechada (eta=0)",-0.1,0,0
14,0,5,Silicio/acido sulfurico,"eta=1 (desbalanco=1, oculto=0)",0.76,0,0
14,0,5,Silicio/acido sulfurico,"camada fechada (eta=0)",-0.2,0,0
14,0,5,Silicio/acido sulfurico,"eta=2 (desbalanco=2, oculto=0)",1.7,1,0
14,1,0,Carbono/agua,"eta=2 (desbalanco=2, oculto=0)",1.86,0,0
14,1,3,Carbono/metano,"camada fechada (eta=0)",-0.16,0,0
14,2,1,Carbono/amonia,"eta=1 (desbalanco=1, oculto=0)",0.94,0,0
14,3,2,Carbono/acido sulfurico,"eta=2 (desbalanco=0, oculto=2)",5.68,1,0
14,3,5,Silicio/acido sulfurico,"eta=3 (desbalanco=3, oculto=0)",2.72,1,0
14,5,2,Carbono/acido sulfurico,"eta=2 (desbalanco=2, oculto=0)",1.8,0,0
14,5,3,Carbono/metano,"eta=2 (desbalanco=2, oculto=0)",1.8,0,0
14,8,1,Carbono/amonia,"eta=2 (desbalanco=2, oculto=0)",1.84,0,0
14,9,4,Silicio/agua,"eta=2 (desbalanco=2, oculto=0)",1.86,0,0
14,22,5,Silicio/acido sulfurico,"eta=4 (desbalanco=4, oculto=0)",3.68,1,0
14,29,0,Carbono/agua,"eta=3 (desbalanco=3, oculto=0)",2.78,0,0
14,30,4,Silicio/agua,"eta=3 (desbalanco=3, oculto=0)",2.82,0,0
14,38,2,Carbono/acido sulfurico,"eta=3 (desbalanco=1, oculto=2)",6.7,1,0
14,44,2,Carbono/acido sulfurico,"eta=3 (desbalanco=3, oculto=0)",2.68,0,0
14,52,1,Carbono/amonia,"eta=3 (desbalanco=3, oculto=0)",2.68,0,0
14,62,4,Silicio/agua,"eta=4 (desbalanco=4, oculto=0)",3.74,0,0
14,67,0,Carbono/agua,"eta=4 (desbalanco=4, oculto=0)",3.74,0,0
14,70,3,Carbono/metano,"eta=3 (desbalanco=3, oculto=0)",2.82,0,0
14,77,1,Carbono/amonia,"eta=4 (desbalanco=4, oculto=0)",3.7,0,0
14,83,0,Carbono/agua,"eta=5 (desbalanco=5, oculto=0)",4.68,1,0
14,87,4,Silicio/agua,"eta=5 (desbalanco=5, oculto=0)",4.68,0,0
14,92,0,Carbono/agua,"eta=2 (desbalanco=0, oculto=2)",5.76,0,0
14,94,1,Carbono/amonia,"eta=5 (desbalanco=5, oculto=0)",4.68,0,0
14,98,0,Carbono/agua,"eta=3 (desbalanco=1, oculto=2)",6.68,0,0
14,99,3,Carbono/metano,"eta=4 (desbalanco=4, oculto=0)",3.76,0,0
14,106,5,Silicio/acido sulfurico,"eta=5 (desbalanco=5, oculto=0)",4.68,0,0
14,128,1,Carbono/amonia,"eta=2 (desbalanco=2, oculto=0)",1.74,0,0
14,128,1,Carbono/amonia,"eta=4 (desbalanco=4, oculto=0)",3.72,0,0
14,128,1,Carbono/amonia,"camada fechada (eta=0)",-0.12,0,0
14,129,1,Carbono/amonia,"eta=5 (desbalanco=5, oculto=0)",4.68,0,0
14,131,5,Silicio/acido sulfurico,"eta=3 (desbalanco=3, oculto=0)",2.76,0,0
14,132,5,Silicio/acido sulfurico,"eta=5 (desbalanco=5, oculto=0)",4.68,0,0
14,133,3,Carbono/metano,"eta=5 (desbalanco=5, oculto=0)",4.7,0,0
14,154,2,Carbono/acido sulfurico,"eta=4 (desbalanco=4, oculto=0)",3.68,0,0
14,159,0,Carbono/agua,"eta=2 (desbalanco=2, oculto=0)",1.68,0,0
14,159,0,Carbono/agua,"eta=1 (desbalanco=1, oculto=0)",0.88,0,0
14,159,5,Silicio/acido sulfurico,"eta=2 (desbalanco=0, oculto=2)",5.7,0,0
14,162,5,Silicio/acido sulfurico,"eta=3 (desbalanco=1, oculto=2)",6.68,0,0
14,163,0,Carbono/agua,"eta=5 (desbalanco=5, oculto=0)",4.7,0,0
14,185,1,Carbono/amonia,"eta=5 (desbalanco=5, oculto=0)",4.68,0,0
14,234,3,Carbono/metano,"camada fechada (eta=0)",-0.06,0,0
14,240,4,Silicio/agua,"camada fechada (eta=0)",-0.32,0,0
14,240,4,Silicio/agua,"eta=3 (desbalanco=3, oculto=0)",2.78,0,0
14,240,4,Silicio/agua,"eta=1 (desbalanco=1, oculto=0)",0.76,0,0
14,268,4,Silicio/agua,"eta=2 (desbalanco=0, oculto=2)",5.68,0,0
14,269,4,Silicio/agua,"eta=3 (desbalanco=1, oculto=2)",6.7,0,0
14,284,0,Carbono/agua,"eta=1 (desbalanco=1, oculto=0)",0.76,0,0
14,284,0,Carbono/agua,"eta=3 (desbalanco=3, oculto=0)",2.82,0,0
14,299,0,Carbono/agua,"eta=5 (desbalanco=5, oculto=0)",4.7,0,0
14,299,4,Silicio/agua,"eta=1 (desbalanco=1, oculto=0)",0.68,0,0
14,299,4,Silicio/agua,"eta=2 (desbalanco=0, oculto=2)",5.74,0,0
14,299,4,Silicio/agua,"camada fechada (eta=0)",-0.16,0,0
14,299,4,Silicio/agua,"eta=3 (desbalanco=3, oculto=0)",2.72,0,0
15,0,0,Carbono/agua,"camada fechada (eta=0)",-0.04,1,0
15,0,0,Carbono/agua,"eta=2 (desbalanco=2, oculto=0)",1.8,1,0
15,0,0,Carbono/agua,"eta=1 (desbalanco=1, oculto=0)",0.8,1,0
15,0,1,Carbono/amonia,"eta=1 (desbalanco=1, oculto=0)",0.8,0,0
15,0,1,Carbono/amonia,"camada fechada (eta=0)",-0.26,0,0
15,0,2,Carbono/acido sulfurico,"camada fechada (eta=0)",-0.02,0,0
15,0,2,Carbono/acido sulfurico,"eta=1 (desbalanco=1, oculto=0)",0.9,0,0
15,0,3,Carbono/metano,"eta=1 (desbalanco=1, oculto=0)",0.68,0,0
15,0,3,Carbono/metano,"camada fechada (eta=0)",-0.08,0,0
15,0,4,Silicio/agua,"camada fechada (eta=0)",-0.04,0,0
15,0,5,Silicio/acido sulfurico,"camada fechada (eta=0)",-0.12,0,0
15,0,5,Silicio/acido sulfurico,"eta=1 (desbalanco=1, oculto=0)",0.74,0,0
15,1,3,Carbono/metano,"eta=2 (desbalanco=2, oculto=0)",1.72,0,0
15,1,4,Silicio/agua,"eta=1 (desbalanco=1, oculto=0)",0.84,0,0
15,1,5,Silicio/acido sulfurico,"eta=2 (desbalanco=2, oculto=0)",1.68,0,0
15,2,4,Silicio/agua,"eta=2 (desbalanco=2, oculto=0)",1.8,0,0
15,3,2,Carbono/acido sulfurico,"eta=2 (desbalanco=2, oculto=0)",1.7,0,0
15,3,3,Carbono/metano,"eta=3 (desbalanco=3, oculto=0)",2.7,1,0
15,8,2,Carbono/acido sulfurico,"eta=3 (desbalanco=3, oculto=0)",2.76,0,0
15,12,1,Carbono/amonia,"eta=2 (desbalanco=2, oculto=0)",1.76,0,0
15,13,2,Carbono/acido sulfurico,"eta=4 (desbalanco=4, oculto=0)",3.7,1,0
15,18,0,Carbono/agua,"eta=3 (desbalanco=3, oculto=0)",2.78,0,0
15,31,0,Carbono/agua,"eta=2 (desbalanco=0, oculto=2)",5.78,1,0
15,31,3,Carbono/metano,"eta=4 (desbalanco=4, oculto=0)",3.68,0,0
15,32,5,Silicio/acido sulfurico,"eta=3 (desbalanco=3, oculto=0)",2.72,0,0
15,34,3,Carbono/metano,"camada fechada (eta=0)",-0.02,0,0
15,35,3,Carbono/metano,"eta=1 (desbalanco=1, oculto=0)",0.74,0,0
15,37,1,Carbono/amonia,"eta=3 (desbalanco=3, oculto=0)",2.76,0,0
15,38,3,Carbono/metano,"eta=4 (desbalanco=4, oculto=0)",3.68,0,0
15,38,4,Silicio/agua,"eta=3 (desbalanco=3, oculto=0)",2.78,0,0
15,48,0,Carbono/agua,"eta=2 (desbalanco=2, oculto=0)",1.78,0,0
15,48,0,Carbono/agua,"eta=1 (desbalanco=1, oculto=0)",0.8,0,0
15,48,1,Carbono/amonia,"eta=4 (desbalanco=4, oculto=0)",3.74,0,0
15,57,2,Carbono/acido sulfurico,"eta=5 (desbalanco=5, oculto=0)",4.68,1,0
15,62,4,Silicio/agua,"eta=4 (desbalanco=4, oculto=0)",3.72,0,0
15,63,4,Silicio/agua,"eta=2 (desbalanco=0, oculto=2)",5.76,0,0
15,73,0,Carbono/agua,"eta=4 (desbalanco=4, oculto=0)",3.74,0,0
15,76,4,Silicio/agua,"eta=3 (desbalanco=1, oculto=2)",6.68,1,0
15,77,2,Carbono/acido sulfurico,"eta=2 (desbalanco=0, oculto=2)",5.7,0,0
15,78,2,Carbono/acido sulfurico,"eta=3 (desbalanco=1, oculto=2)",6.68,0,0
15,86,5,Silicio/acido sulfurico,"eta=4 (desbalanco=4, oculto=0)",3.74,0,0
15,87,0,Carbono/agua,"eta=3 (desbalanco=1, oculto=2)",6.68,0,0
15,95,5,Silicio/acido sulfurico,"eta=5 (desbalanco=5, oculto=0)",4.68,0,0
15,98,1,Carbono/amonia,"eta=5 (desbalanco=5, oculto=0)",4.7,0,0
15,127,1,Carbono/amonia,"eta=2 (desbalanco=0, oculto=2)",5.74,0,0
15,129,1,Carbono/amonia,"eta=3 (desbalanco=1, oculto=2)",6.68,0,0
15,131,4,Silicio/agua,"eta=5 (desbalanco=5, oculto=0)",4.68,0,0
15,145,3,Carbono/metano,"eta=5 (desbalanco=5, oculto=0)",4.68,0,0
15,162,3,Carbono/metano,"eta=4 (desbalanco=4, oculto=0)",3.68,0,0
15,162,3,Carbono/metano,"eta=3 (desbalanco=3, oculto=0)",2.76,0,0
15,162,3,Carbono/metano,"eta=1 (desbalanco=1, oculto=0)",0.78,0,0
15,187,1,Carbono/amonia,"eta=2 (desbalanco=2, oculto=0)",1.74,0,0
15,187,1,Carbono/amonia,"camada fechada (eta=0)",-0.16,0,0
15,187,1,Carbono/amonia,"eta=4 (desbalanco=4, oculto=0)",3.7,0,0
15,210,2,Carbono/acido sulfurico,"eta=2 (desbalanco=0, oculto=2)",5.68,0,0
15,210,2,Carbono/acido sulfurico,"camada fechada (eta=0)",-0.04,0,0
15,210,2,Carbono/acido sulfurico,"eta=3 (desbalanco=1, oculto=2)",6.7,0,0
15,210,2,Carbono/acido sulfurico,"eta=4 (desbalanco=4, oculto=0)",3.7,0,0
15,242,5,Silicio/acido sulfurico,"eta=3 (desbalanco=1, oculto=2)",6.7,0,0
15,242,5,Silicio/acido sulfurico,"eta=2 (desbalanco=0, oculto=2)",5.68,0,0
15,278,0,Carbono/agua,"eta=5 (desbalanco=5, oculto=0)",4.68,0,0
16,0,0,Carbono/agua,"camada fechada (eta=0)",-0.02,1,0
16,0,0,Carbono/agua,"eta=2 (desbalanco=2, oculto=0)",1.76,1,0
16,0,0,Carbono/agua,"eta=3 (desbalanco=3, oculto=0)",2.72,1,0
16,0,1,Carbono/amonia,"camada fechada (eta=0)",-0.1,0,0
16,0,2,Carbono/acido sulfurico,"camada fechada (eta=0)",-0.02,0,0
16,0,3,Carbono/metano,"eta=1 (desbalanco=1, oculto=0)",0.78,1,0
16,0,3,Carbono/metano,"camada fechada (eta=0)",-0.06,0,0
16,0,4,Silicio/agua,"eta=2 (desbalanco=2, oculto=0)",1.68,0,0
16,0,4,Silicio/agua,"camada fechada (eta=0)",-0.1,0,0
16,0,4,Silicio/agua,"eta=1 (desbalanco=1, oculto=0)",0.7,0,0
16,0,5,Silicio/acido sulfurico,"eta=1 (desbalanco=1, oculto=0)",0.94,0,0
16,0,5,Silicio/acido sulfurico,"camada fechada (eta=0)",-0.04,0,0
16,1,0,Carbono/agua,"eta=1 (desbalanco=1, oculto=0)",0.78,0,0
16,1,1,Carbono/amonia,"eta=1 (desbalanco=1, oculto=0)",0.92,0,0
16,1,2,Carbono/acido sulfurico,"eta=1 (desbalanco=1, oculto=0)",0.94,0,0
16,2,4,Silicio/agua,"eta=4 (desbalanco=4, oculto=0)",3.72,1,0
16,2,5,Silicio/acido sulfurico,"eta=2 (desbalanco=2, oculto=0)",1.84,0,0
16,3,4,Silicio/agua,"eta=3 (desbalanco=3, oculto=0)",2.74,0,0
16,4,2,Carbono/acido sulfurico,"eta=2 (desbalanco=2, oculto=0)",1.78,0,0
16,8,3,Carbono/metano,"eta=2 (desbalanco=2, oculto=0)",1.7,0,0
16,14,1,Carbono/amonia,"eta=2 (desbalanco=2, oculto=0)",1.74,0,0
16,25,3,Carbono/metano,"eta=3 (desbalanco=3, oculto=0)",2.76,0,0
16,28,2,Carbono/acido sulfurico,"eta=3 (desbalanco=3, oculto=0)",2.78,0,0
16,32,5,Silicio/acido sulfurico,"eta=4 (desbalanco=4, oculto=0)",3.7,0,0
16,33,5,Silicio/acido sulfurico,"eta=3 (desbalanco=3, oculto=0)",2.72,0,0
16,36,0,Carbono/agua,"eta=4 (desbalanco=4, oculto=0)",3.7,0,0
16,46,1,Carbono/amonia,"eta=3 (desbalanco=3, oculto=0)",2.68,0,0
16,62,0,Carbono/agua,"eta=5 (desbalanco=5, oculto=0)",4.68,1,0
16,71,2,Carbono/acido sulfurico,"eta=4 (desbalanco=4, oculto=0)",3.74,0,0
16,85,3,Carbono/metano,"eta=4 (desbalanco=4, oculto=0)",3.7,0,0
16,87,2,Carbono/acido sulfurico,"eta=5 (desbalanco=5, oculto=0)",4.68,0,0
16,95,1,Carbono/amonia,"eta=4 (desbalanco=4, oculto=0)",3.72,0,0
16,95,5,Silicio/acido sulfurico,"eta=5 (desbalanco=5, oculto=0)",4.68,0,0
16,108,5,Silicio/acido sulfurico,"eta=5 (desbalanco=5, oculto=0)",4.68,0,0
16,108,5,Silicio/acido sulfurico,"camada fechada (eta=0)",-0.06,0,0
16,116,1,Carbono/amonia,"eta=2 (desbalanco=0, oculto=2)",5.7,1,0
16,119,3,Carbono/metano,"eta=2 (desbalanco=0, oculto=2)",5.7,0,0
16,120,3,Carbono/metano,"eta=3 (desbalanco=1, oculto=2)",6.7,1,0
16,121,1,Carbono/amonia,"eta=3 (desbalanco=1, oculto=2)",6.7,0,0
16,129,5,Silicio/acido sulfurico,"camada fechada (eta=0)",-0.14,0,0
16,140,4,Silicio/agua,"eta=5 (desbalanco=5, oculto=0)",4.68,0,0
16,153,5,Silicio/acido sulfurico,"eta=2 (desbalanco=0, oculto=2)",5.7,0,0
16,154,5,Silicio/acido sulfurico,"eta=3 (desbalanco=1, oculto=2)",6.68,0,0
16,179,4,Silicio/agua,"eta=2 (desbalanco=0, oculto=2)",5.72,0,0
16,181,4,Silicio/agua,"eta=3 (desbalanco=1, oculto=2)",6.7,0,0
16,211,0,Carbono/agua,"eta=2 (desbalanco=0, oculto=2)",5.72,0,0
16,212,0,Carbono/agua,"eta=3 (desbalanco=1, oculto=2)",6.72,0,0
16,275,0,Carbono/agua,"eta=4 (desbalanco=4, oculto=0)",3.68,0,0
17,0,0,Carbono/agua,"camada fechada (eta=0)",-0.32,1,0
17,0,0,Carbono/agua,"eta=1 (desbalanco=1, oculto=0)",0.9,1,0
17,0,1,Carbono/amonia,"eta=1 (desbalanco=1, oculto=0)",0.68,0,0
17,0,1,Carbono/amonia,"camada fechada (eta=0)",-0.32,0,0
17,0,2,Carbono/acido sulfurico,"eta=1 (desbalanco=1, oculto=0)",0.7,0,0
17,0,2,Carbono/acido sulfurico,"camada fechada (eta=0)",-0.18,0,0
17,0,2,Carbono/acido sulfurico,"eta=2 (desbalanco=2, oculto=0)",1.7,1,0
17,0,3,Carbono/metano,"eta=1 (desbalanco=1, oculto=0)",0.88,0,0
17,0,3,Carbono/metano,"eta=2 (desbalanco=2, oculto=0)",1.74,0,0
17,0,4,Silicio/agua,"eta=1 (desbalanco=1, oculto=0)",0.76,0,0
17,0,4,Silicio/agua,"camada fechada (eta=0)",-0.04,0,0
17,0,5,Silicio/acido sulfurico,"eta=1 (desbalanco=1, oculto=0)",0.86,0,0
17,0,5,Silicio/acido sulfurico,"camada fechada (eta=0)",-0.24,0,0
17,2,0,Carbono/agua,"eta=2 (desbalanco=2, oculto=0)",1.86,0,0
17,2,3,Carbono/metano,"camada fechada (eta=0)",-0.02,0,0
17,2,4,Silicio/agua,"eta=2 (desbalanco=2, oculto=0)",1.72,0,0
17,3,5,Silicio/acido sulfurico,"eta=2 (desbalanco=2, oculto=0)",1.8,0,0
17,5,1,Carbono/amonia,"eta=2 (desbalanco=2, oculto=0)",1.78,0,0
17,9,2,Carbono/acido sulfurico,"eta=3 (desbalanco=3, oculto=0)",2.72,1,0
17,16,4,Silicio/agua,"eta=3 (desbalanco=3, oculto=0)",2.8,0,0
17,20,5,Silicio/acido sulfurico,"eta=3 (desbalanco=3, oculto=0)",2.78,0,0
17,31,0,Carbono/agua,"eta=3 (desbalanco=3, oculto=0)",2.82,0,0
17,36,3,Carbono/metano,"eta=3 (desbalanco=3, oculto=0)",2.78,0,0
17,46,5,Silicio/acido sulfurico,"eta=4 (desbalanco=4, oculto=0)",3.76,1,0
17,47,5,Silicio/acido sulfurico,"eta=3 (desbalanco=1, oculto=2)",6.7,1,0
17,49,1,Carbono/amonia,"eta=3 (desbalanco=3, oculto=0)",2.76,0,0
17,56,5,Silicio/acido sulfurico,"eta=2 (desbalanco=0, oculto=2)",5.7,1,0
17,65,0,Carbono/agua,"eta=4 (desbalanco=4, oculto=0)",3.76,0,0
17,74,1,Carbono/amonia,"eta=4 (desbalanco=4, oculto=0)",3.72,0,0
17,79,2,Carbono/acido sulfurico,"eta=4 (desbalanco=4, oculto=0)",3.76,0,0
17,83,4,Silicio/agua,"eta=4 (desbalanco=4, oculto=0)",3.76,0,0
17,89,3,Carbono/metano,"eta=4 (desbalanco=4, oculto=0)",3.72,0,0
17,93,4,Silicio/agua,"eta=5 (desbalanco=5, oculto=0)",4.7,1,0
17,94,2,Carbono/acido sulfurico,"eta=5 (desbalanco=5, oculto=0)",4.68,0,0
17,98,1,Carbono/amonia,"eta=5 (desbalanco=5, oculto=0)",4.7,0,0
17,103,3,Carbono/metano,"eta=5 (desbalanco=5, oculto=0)",4.7,0,0
17,116,1,Carbono/amonia,"eta=5 (desbalanco=5, oculto=0)",4.68,0,0
17,126,3,Carbono/metano,"camada fechada (eta=0)",-0.18,0,0
17,126,3,Carbono/metano,"eta=2 (desbalanco=2, oculto=0)",1.78,0,0
17,134,1,Carbono/amonia,"eta=1 (desbalanco=1, oculto=0)",0.84,0,0
17,135,0,Carbono/agua,"eta=5 (desbalanco=5, oculto=0)",4.7,0,0
17,172,0,Carbono/agua,"eta=2 (desbalanco=0, oculto=2)",5.72,0,0
17,175,0,Carbono/agua,"eta=3 (desbalanco=1, oculto=2)",6.68,0,0
17,190,5,Silicio/acido sulfurico,"eta=2 (desbalanco=0, oculto=2)",5.72,0,0
17,199,5,Silicio/acido sulfurico,"eta=5 (desbalanco=5, oculto=0)",4.7,0,0
17,200,2,Carbono/acido sulfurico,"eta=2 (desbalanco=2, oculto=0)",1.88,0,0
17,200,2,Carbono/acido sulfurico,"eta=4 (desbalanco=4, oculto=0)",3.7,0,0
17,200,2,Carbono/acido sulfurico,"camada fechada (eta=0)",-0.04,0,0
17,201,1,Carbono/amonia,"eta=2 (desbalanco=0, oculto=2)",5.72,0,0
17,205,1,Carbono/amonia,"eta=3 (desbalanco=1, oculto=2)",6.68,0,0
17,265,2,Carbono/acido sulfurico,"camada fechada (eta=0)",-0.12,0,0
17,284,0,Carbono/agua,"eta=2 (desbalanco=0, oculto=2)",5.72,0,0
17,284,0,Carbono/agua,"eta=3 (desbalanco=1, oculto=2)",6.68,0,0
17,284,0,Carbono/agua,"camada fechada (eta=0)",-0.28,0,0
17,287,4,Silicio/agua,"eta=2 (desbalanco=0, oculto=2)",5.7,0,0
17,289,4,Silicio/agua,"eta=3 (desbalanco=1, oculto=2)",6.72,0,0
18,0,0,Carbono/agua,"camada fechada (eta=0)",-0.02,1,0
18,0,1,Carbono/amonia,"eta=1 (desbalanco=1, oculto=0)",0.84,1,0
18,0,1,Carbono/amonia,"camada fechada (eta=0)",-0.1,0,0
18,0,2,Carbono/acido sulfurico,"eta=1 (desbalanco=1, oculto=0)",0.72,0,0
18,0,2,Carbono/acido sulfurico,"camada fechada (eta=0)",-0.2,0,0
18,0,3,Carbono/metano,"camada fechada (eta=0)",-0.02,0,0
18,0,4,Silicio/agua,"camada fechada (eta=0)",-0.04,0,0
18,0,4,Silicio/agua,"eta=1 (desbalanco=1, oculto=0)",0.68,0,0
18,0,5,Silicio/acido sulfurico,"eta=1 (desbalanco=1, oculto=0)",0.7,0,0
18,0,5,Silicio/acido sulfurico,"camada fechada (eta=0)",-0.12,0,0
18,1,0,Carbono/agua,"eta=1 (desbalanco=1, oculto=0)",0.94,0,0
18,1,3,Carbono/metano,"eta=1 (desbalanco=1, oculto=0)",0.72,0,0
18,1,5,Silicio/acido sulfurico,"eta=2 (desbalanco=2, oculto=0)",1.7,1,0
18,3,0,Carbono/agua,"eta=2 (desbalanco=2, oculto=0)",1.72,0,0
18,3,2,Carbono/acido sulfurico,"eta=2 (desbalanco=2, oculto=0)",1.68,0,0
18,3,4,Silicio/agua,"eta=2 (desbalanco=2, oculto=0)",1.8,0,0
18,5,3,Carbono/metano,"eta=2 (desbalanco=2, oculto=0)",1.76,0,0
18,11,1,Carbono/amonia,"eta=2 (desbalanco=2, oculto=0)",1.72,0,0
18,19,0,Carbono/agua,"eta=3 (desbalanco=3, oculto=0)",2.72,1,0
18,23,2,Carbono/acido sulfurico,"eta=3 (desbalanco=3, oculto=0)",2.82,0,0
18,24,5,Silicio/acido sulfurico,"eta=3 (desbalanco=3, oculto=0)",2.78,0,0
18,28,4,Silicio/agua,"eta=3 (desbalanco=3, oculto=0)",2.8,0,0
18,37,0,Carbono/agua,"eta=4 (desbalanco=4, oculto=0)",3.7,1,0
18,50,3,Carbono/metano,"eta=3 (desbalanco=3, oculto=0)",2.72,0,0
18,50,4,Silicio/agua,"eta=4 (desbalanco=4, oculto=0)",3.68,0,0
18,52,5,Silicio/acido sulfurico,"eta=4 (desbalanco=4, oculto=0)",3.74,0,0
18,60,1,Carbono/amonia,"eta=3 (desbalanco=3, oculto=0)",2.76,0,0
18,64,5,Silicio/acido sulfurico,"eta=2 (desbalanco=0, oculto=2)",5.68,1,0
18,68,5,Silicio/acido sulfurico,"eta=5 (desbalanco=5, oculto=0)",4.7,1,0
18,69,3,Carbono/metano,"eta=4 (desbalanco=4, oculto=0)",3.74,0,0
18,71,0,Carbono/agua,"eta=5 (desbalanco=5, oculto=0)",4.68,0,0
18,82,1,Carbono/amonia,"eta=4 (desbalanco=4, oculto=0)",3.74,0,0
18,82,5,Silicio/acido sulfurico,"eta=3 (desbalanco=1, oculto=2)",6.68,1,0
18,84,0,Carbono/agua,"camada fechada (eta=0)",-0.1,0,0
18,84,2,Carbono/acido sulfurico,"eta=3 (desbalanco=3, oculto=0)",2.82,0,0
18,84,2,Carbono/acido sulfurico,"eta=1 (desbalanco=1, oculto=0)",0.76,0,0
18,89,2,Carbono/acido sulfurico,"eta=4 (desbalanco=4, oculto=0)",3.74,0,0
18,108,4,Silicio/agua,"eta=5 (desbalanco=5, oculto=0)",4.7,0,0
18,117,1,Carbono/amonia,"eta=2 (desbalanco=0, oculto=2)",5.74,0,0
18,120,1,Carbono/amonia,"eta=5 (desbalanco=5, oculto=0)",4.7,0,0
18,121,1,Carbono/amonia,"eta=3 (desbalanco=1, oculto=2)",6.7,0,0
18,128,2,Carbono/acido sulfurico,"eta=5 (desbalanco=5, oculto=0)",4.68,0,0
18,146,5,Silicio/acido sulfurico,"eta=2 (desbalanco=0, oculto=2)",5.74,0,0
18,146,5,Silicio/acido sulfurico,"eta=1 (desbalanco=1, oculto=0)",0.72,0,0
18,146,5,Silicio/acido sulfurico,"eta=3 (desbalanco=1, oculto=2)",6.7,0,0
18,147,5,Silicio/acido sulfurico,"eta=3 (desbalanco=3, oculto=0)",2.72,0,0
18,167,3,Carbono/metano,"eta=2 (desbalanco=0, oculto=2)",5.68,0,0
18,189,0,Carbono/agua,"camada fechada (eta=0)",-0.32,0,0
18,189,0,Carbono/agua,"eta=1 (desbalanco=1, oculto=0)",0.86,0,0
18,210,3,Carbono/metano,"eta=3 (desbalanco=1, oculto=2)",6.72,0,0
18,215,0,Carbono/agua,"eta=2 (desbalanco=0, oculto=2)",5.68,0,0
18,215,0,Carbono/agua,"eta=3 (desbalanco=1, oculto=2)",6.68,0,0
19,0,0,Carbono/agua,"camada fechada (eta=0)",-0.12,1,0
19,0,0,Carbono/agua,"eta=1 (desbalanco=1, oculto=0)",0.92,1,0
19,0,1,Carbono/amonia,"camada fechada (eta=0)",-0.24,0,0
19,0,1,Carbono/amonia,"eta=1 (desbalanco=1, oculto=0)",0.82,0,0
19,0,2,Carbono/acido sulfurico,"camada fechada (eta=0)",-0.22,0,0
19,0,2,Carbono/acido sulfurico,"eta=1 (desbalanco=1, oculto=0)",0.74,0,0
19,0,3,Carbono/metano,"eta=2 (desbalanco=2, oculto=0)",1.7,1,0
19,0,3,Carbono/metano,"camada fechada (eta=0)",-0.06,0,0
19,0,4,Silicio/agua,"camada fechada (eta=0)",-0.12,0,0
19,0,4,Silicio/agua,"eta=1 (desbalanco=1, oculto=0)",0.92,0,0
19,0,5,Silicio/acido sulfurico,"camada fechada (eta=0)",-0.06,0,0
19,0,5,Silicio/acido sulfurico,"eta=1 (desbalanco=1, oculto=0)",0.9,0,0
19,1,3,Carbono/metano,"eta=1 (desbalanco=1, oculto=0)",0.72,0,0
19,1,4,Silicio/agua,"eta=2 (desbalanco=2, oculto=0)",1.72,0,0
19,4,1,Carbono/amonia,"eta=2 (desbalanco=2, oculto=0)",1.86,0,0
19,4,2,Carbono/acido sulfurico,"eta=2 (desbalanco=2, oculto=0)",1.84,0,0
19,5,0,Carbono/agua,"eta=2 (desbalanco=2, oculto=0)",1.76,0,0
19,11,5,Silicio/acido sulfurico,"eta=2 (desbalanco=2, oculto=0)",1.76,0,0
19,20,2,Carbono/acido sulfurico,"eta=3 (desbalanco=3, oculto=0)",2.72,1,0
19,28,2,Carbono/acido sulfurico,"eta=4 (desbalanco=4, oculto=0)",3.68,1,0
19,39,5,Silicio/acido sulfurico,"eta=2 (desbalanco=0, oculto=2)",5.7,1,0
19,41,5,Silicio/acido sulfurico,"eta=3 (desbalanco=3, oculto=0)",2.82,0,0
19,45,0,Carbono/agua,"eta=3 (desbalanco=3, oculto=0)",2.76,0,0
19,46,1,Carbono/amonia,"eta=3 (desbalanco=3, oculto=0)",2.74,0,0
19,48,3,Carbono/metano,"eta=3 (desbalanco=3, oculto=0)",2.72,0,0
19,54,5,Silicio/acido sulfurico,"eta=3 (desbalanco=1, oculto=2)",6.68,1,0
19,56,4,Silicio/agua,"eta=3 (desbalanco=3, oculto=0)",2.8,0,0
19,57,1,Carbono/amonia,"eta=4 (desbalanco=4, oculto=0)",3.76,0,0
19,73,4,Silicio/agua,"eta=4 (desbalanco=4, oculto=0)",3.74,0,0
19,88,0,Carbono/agua,"eta=4 (desbalanco=4, oculto=0)",3.76,0,0
19,98,4,Silicio/agua,"eta=5 (desbalanco=5, oculto=0)",4.68,1,0
19,102,2,Carbono/acido sulfurico,"eta=5 (desbalanco=5, oculto=0)",4.68,0,0
19,105,1,Carbono/amonia,"eta=5 (desbalanco=5, oculto=0)",4.7,0,0
19,105,3,Carbono/metano,"eta=4 (desbalanco=4, oculto=0)",3.7,0,0
19,111,0,Carbono/agua,"eta=5 (desbalanco=5, oculto=0)",4.68,0,0
19,127,3,Carbono/metano,"eta=5 (desbalanco=5, oculto=0)",4.68,0,0
19,157,5,Silicio/acido sulfurico,"camada fechada (eta=0)",-0.3,0,0
19,157,5,Silicio/acido sulfurico,"eta=2 (desbalanco=0, oculto=2)",5.7,0,0
19,178,0,Carbono/agua,"eta=2 (desbalanco=0, oculto=2)",5.74,0,0
19,179,0,Carbono/agua,"eta=3 (desbalanco=1, oculto=2)",6.68,0,0
19,218,2,Carbono/acido sulfurico,"camada fechada (eta=0)",-0.04,0,0
19,218,2,Carbono/acido sulfurico,"eta=5 (desbalanco=5, oculto=0)",4.7,0,0
19,218,2,Carbono/acido sulfurico,"eta=3 (desbalanco=3, oculto=0)",2.72,0,0
19,233,5,Silicio/acido sulfurico,"eta=1 (desbalanco=1, oculto=0)",0.8,0,0
19,270,5,Silicio/acido sulfurico,"eta=4 (desbalanco=4, oculto=0)",3.68,0,0
19,284,3,Carbono/metano,"eta=3 (desbalanco=3, oculto=0)",2.72,0,0
19,284,3,Carbono/metano,"eta=2 (desbalanco=2, oculto=0)",1.72,0,0
19,285,2,Carbono/acido sulfurico,"eta=2 (desbalanco=0, oculto=2)",5.68,0,0
19,287,3,Carbono/metano,"eta=3 (desbalanco=3, oculto=0)",2.72,0,0
19,287,3,Carbono/metano,"eta=4 (desbalanco=4, oculto=0)",3.7,0,0
19,288,2,Carbono/acido sulfurico,"eta=3 (desbalanco=1, oculto=2)",6.7,0,0
19,288,3,Carbono/metano,"eta=1 (desbalanco=1, oculto=0)",0.78,0,0
20,0,0,Carbono/agua,"eta=1 (desbalanco=1, oculto=0)",0.86,1,0
20,0,0,Carbono/agua,"camada fechada (eta=0)",-0.14,1,0
20,0,1,Carbono/amonia,"eta=1 (desbalanco=1, oculto=0)",0.74,0,0
20,0,1,Carbono/amonia,"camada fechada (eta=0)",-0.22,0,0
20,0,2,Carbono/acido sulfurico,"camada fechada (eta=0)",-0.04,0,0
20,0,3,Carbono/metano,"camada fechada (eta=0)",-0.2,0,0
20,0,4,Silicio/agua,"eta=1 (desbalanco=1, oculto=0)",0.82,0,0
20,0,4,Silicio/agua,"eta=2 (desbalanco=2, oculto=0)",1.8,1,0
20,0,5,Silicio/acido sulfurico,"camada fechada (eta=0)",-0.04,0,0
20,0,5,Silicio/acido sulfurico,"eta=1 (desbalanco=1, oculto=0)",0.9,0,0
20,1,2,Carbono/acido sulfurico,"eta=1 (desbalanco=1, oculto=0)",0.68,0,0
20,2,4,Silicio/agua,"camada fechada (eta=0)",-0.26,0,0
20,4,1,Carbono/amonia,"eta=2 (desbalanco=2, oculto=0)",1.82,0,0
20,4,2,Carbono/acido sulfurico,"eta=2 (desbalanco=2, oculto=0)",1.7,0,0
20,4,3,Carbono/metano,"eta=2 (desbalanco=2, oculto=0)",1.72,0,0
20,4,3,Carbono/metano,"eta=1 (desbalanco=1, oculto=0)",0.7,0,0
20,7,2,Carbono/acido sulfurico,"eta=3 (desbalanco=3, oculto=0)",2.68,1,0
20,11,5,Silicio/acido sulfurico,"eta=2 (desbalanco=2, oculto=0)",1.76,0,0
20,24,0,Carbono/agua,"eta=2 (desbalanco=2, oculto=0)",1.84,0,0
20,29,5,Silicio/acido sulfurico,"eta=3 (desbalanco=3, oculto=0)",2.76,0,0
20,30,4,Silicio/agua,"eta=3 (desbalanco=3, oculto=0)",2.8,0,0
20,33,5,Silicio/acido sulfurico,"eta=4 (desbalanco=4, oculto=0)",3.76,1,0
20,37,3,Carbono/metano,"eta=3 (desbalanco=3, oculto=0)",2.68,0,0
20,41,1,Carbono/amonia,"eta=3 (desbalanco=3, oculto=0)",2.78,0,0
20,42,5,Silicio/acido sulfurico,"eta=2 (desbalanco=0, oculto=2)",5.72,1,0
20,43,2,Carbono/acido sulfurico,"eta=4 (desbalanco=4, oculto=0)",3.7,0,0
20,44,0,Carbono/agua,"eta=1 (desbalanco=1, oculto=0)",0.82,0,0
20,47,5,Silicio/acido sulfurico,"eta=3 (desbalanco=1, oculto=2)",6.7,1,0
20,51,0,Carbono/agua,"eta=3 (desbalanco=3, oculto=0)",2.76,0,0
20,55,5,Silicio/acido sulfurico,"eta=2 (desbalanco=0, oculto=2)",5.7,0,0
20,55,5,Silicio/acido sulfurico,"eta=3 (desbalanco=3, oculto=0)",2.76,0,0
20,56,5,Silicio/acido sulfurico,"camada fechada (eta=0)",-0.24,0,0
20,62,4,Silicio/agua,"eta=4 (desbalanco=4, oculto=0)",3.74,0,0
20,65,3,Carbono/metano,"eta=4 (desbalanco=4, oculto=0)",3.72,0,0
20,69,0,Carbono/agua,"eta=4 (desbalanco=4, oculto=0)",3.7,0,0
20,74,3,Carbono/metano,"eta=2 (desbalanco=0, oculto=2)",5.76,0,0
20,76,4,Silicio/agua,"eta=5 (desbalanco=5, oculto=0)",4.68,1,0
20,79,2,Carbono/acido sulfurico,"eta=5 (desbalanco=5, oculto=0)",4.7,0,0
20,86,0,Carbono/agua,"eta=5 (desbalanco=5, oculto=0)",4.68,0,0
20,102,3,Carbono/metano,"eta=3 (desbalanco=1, oculto=2)",6.7,0,0
20,127,1,Carbono/amonia,"eta=2 (desbalanco=0, oculto=2)",5.74,0,0
20,128,1,Carbono/amonia,"eta=4 (desbalanco=4, oculto=0)",3.72,0,0
20,130,1,Carbono/amonia,"eta=3 (desbalanco=1, oculto=2)",6.68,0,0
20,137,2,Carbono/acido sulfurico,"eta=4 (desbalanco=4, oculto=0)",3.7,0,0
20,137,2,Carbono/acido sulfurico,"eta=1 (desbalanco=1, oculto=0)",0.88,0,0
20,137,2,Carbono/acido sulfurico,"eta=3 (desbalanco=3, oculto=0)",2.72,0,0
20,138,2,Carbono/acido sulfurico,"eta=5 (desbalanco=5, oculto=0)",4.68,0,0
20,167,5,Silicio/acido sulfurico,"eta=2 (desbalanco=2, oculto=0)",1.7,0,0
20,167,5,Silicio/acido sulfurico,"camada fechada (eta=0)",-0.16,0,0
20,167,5,Silicio/acido sulfurico,"eta=3 (desbalanco=3, oculto=0)",2.68,0,0
20,170,5,Silicio/acido sulfurico,"eta=4 (desbalanco=4, oculto=0)",3.74,0,0
20,213,0,Carbono/agua,"eta=3 (desbalanco=1, oculto=2)",6.68,0,0
20,213,0,Carbono/agua,"eta=2 (desbalanco=0, oculto=2)",5.7,0,0
20,213,5,Silicio/acido sulfurico,"eta=5 (desbalanco=5, oculto=0)",4.7,0,0
20,216,2,Carbono/acido sulfurico,"eta=2 (desbalanco=0, oculto=2)",5.74,0,0
20,217,2,Carbono/acido sulfurico,"eta=3 (desbalanco=1, oculto=2)",6.68,0,0
20,227,4,Silicio/agua,"eta=2 (desbalanco=0, oculto=2)",5.68,0,0
20,228,4,Silicio/agua,"eta=3 (desbalanco=1, oculto=2)",6.72,0,0
21,0,0,Carbono/agua,"eta=1 (desbalanco=1, oculto=0)",0.74,1,0
21,0,0,Carbono/agua,"camada fechada (eta=0)",-0.22,1,0
21,0,0,Carbono/agua,"eta=2 (desbalanco=2, oculto=0)",1.74,1,0
21,0,1,Carbono/amonia,"eta=1 (desbalanco=1, oculto=0)",0.68,0,0
21,0,1,Carbono/amonia,"eta=2 (desbalanco=2, oculto=0)",1.72,0,0
21,0,2,Carbono/acido sulfurico,"eta=1 (desbalanco=1, oculto=0)",0.92,0,0
21,0,2,Carbono/acido sulfurico,"camada fechada (eta=0)",-0.06,0,0
21,0,3,Carbono/metano,"camada fechada (eta=0)",-0.06,0,0
21,0,3,Carbono/metano,"eta=1 (desbalanco=1, oculto=0)",0.86,0,0
21,0,4,Silicio/agua,"eta=1 (desbalanco=1, oculto=0)",0.7,0,0
21,0,5,Silicio/acido sulfurico,"camada fechada (eta=0)",-0.22,0,0
21,0,5,Silicio/acido sulfurico,"eta=1 (desbalanco=1, oculto=0)",0.78,0,0
21,0,5,Silicio/acido sulfurico,"eta=2 (desbalanco=2, oculto=0)",1.7,0,0
21,1,4,Silicio/agua,"camada fechada (eta=0)",-0.3,0,0
21,1,4,Silicio/agua,"eta=2 (desbalanco=2, oculto=0)",1.7,0,0
21,1,5,Silicio/acido sulfurico,"eta=3 (desbalanco=3, oculto=0)",2.72,1,0
21,2,1,Carbono/amonia,"camada fechada (eta=0)",-0.04,0,0
21,12,4,Silicio/agua,"eta=3 (desbalanco=3, oculto=0)",2.68,0,0
21,13,2,Carbono/acido sulfurico,"eta=2 (desbalanco=2, oculto=0)",1.82,0,0
21,16,3,Carbono/metano,"eta=2 (desbalanco=2, oculto=0)",1.82,0,0
21,18,5,Silicio/acido sulfurico,"eta=4 (desbalanco=4, oculto=0)",3.68,1,0
21,34,2,Carbono/acido sulfurico,"eta=3 (desbalanco=3, oculto=0)",2.82,0,0
21,41,0,Carbono/agua,"eta=3 (desbalanco=3, oculto=0)",2.82,0,0
21,42,3,Carbono/metano,"eta=3 (desbalanco=3, oculto=0)",2.76,0,0
21,43,1,Carbono/amonia,"eta=3 (desbalanco=3, oculto=0)",2.82,0,0
21,51,4,Silicio/agua,"eta=4 (desbalanco=4, oculto=0)",3.72,0,0
21,56,0,Carbono/agua,"eta=4 (desbalanco=4, oculto=0)",3.7,0,0
21,67,2,Carbono/acido sulfurico,"eta=4 (desbalanco=4, oculto=0)",3.72,0,0
21,75,3,Carbono/metano,"eta=1 (desbalanco=1, oculto=0)",0.78,0,0
21,89,4,Silicio/agua,"eta=5 (desbalanco=5, oculto=0)",4.68,1,0
21,91,0,Carbono/agua,"eta=5 (desbalanco=5, oculto=0)",4.7,0,0
21,93,2,Carbono/acido sulfurico,"eta=5 (desbalanco=5, oculto=0)",4.68,0,0
21,113,3,Carbono/metano,"eta=4 (desbalanco=4, oculto=0)",3.72,0,0
21,115,5,Silicio/acido sulfurico,"eta=4 (desbalanco=4, oculto=0)",3.72,0,0
21,115,5,Silicio/acido sulfurico,"eta=2 (desbalanco=2, oculto=0)",1.72,0,0
21,117,1,Carbono/amonia,"eta=3 (desbalanco=3, oculto=0)",2.76,0,0
21,117,1,Carbono/amonia,"camada fechada (eta=0)",-0.24,0,0
21,117,1,Carbono/amonia,"eta=4 (desbalanco=4, oculto=0)",3.74,0,0
21,133,3,Carbono/metano,"eta=5 (desbalanco=5, oculto=0)",4.68,0,0
21,152,5,Silicio/acido sulfurico,"eta=5 (desbalanco=5, oculto=0)",4.7,0,0
21,153,1,Carbono/amonia,"eta=5 (desbalanco=5, oculto=0)",4.7,0,0
21,174,4,Silicio/agua,"eta=2 (desbalanco=0, oculto=2)",5.76,1,0
21,177,4,Silicio/agua,"eta=3 (desbalanco=1, oculto=2)",6.7,1,0
21,179,3,Carbono/metano,"eta=2 (desbalanco=0, oculto=2)",5.68,0,0
21,184,3,Carbono/metano,"eta=3 (desbalanco=1, oculto=2)",6.72,0,0
21,185,0,Carbono/agua,"eta=1 (desbalanco=1, oculto=0)",0.72,0,0
21,204,5,Silicio/acido sulfurico,"eta=2 (desbalanco=0, oculto=2)",5.76,0,0
21,204,5,Silicio/acido sulfurico,"eta=3 (desbalanco=1, oculto=2)",6.68,0,0
21,218,0,Carbono/agua,"eta=2 (desbalanco=0, oculto=2)",5.7,0,0
21,219,0,Carbono/agua,"eta=3 (desbalanco=1, oculto=2)",6.68,0,0
21,236,2,Carbono/acido sulfurico,"eta=2 (desbalanco=0, oculto=2)",5.72,0,0
21,237,2,Carbono/acido sulfurico,"eta=3 (desbalanco=1, oculto=2)",6.68,0,0
22,0,0,Carbono/agua,"eta=1 (desbalanco=1, oculto=0)",0.76,1,0
22,0,0,Carbono/agua,"camada fechada (eta=0)",-0.04,1,0
22,0,1,Carbono/amonia,"camada fechada (eta=0)",-0.22,0,0
22,0,1,Carbono/amonia,"eta=1 (desbalanco=1, oculto=0)",0.88,0,0
22,0,2,Carbono/acido sulfurico,"camada fechada (eta=0)",-0.02,0,0
22,0,2,Carbono/acido sulfurico,"eta=1 (desbalanco=1, oculto=0)",0.74,0,0
22,0,3,Carbono/metano,"eta=1 (desbalanco=1, oculto=0)",0.8,0,0
22,0,3,Carbono/metano,"camada fechada (eta=0)",-0.22,0,0
22,0,4,Silicio/agua,"camada fechada (eta=0)",-0.18,0,0
22,0,4,Silicio/agua,"eta=1 (desbalanco=1, oculto=0)",0.9,0,0
22,0,5,Silicio/acido sulfurico,"camada fechada (eta=0)",-0.02,0,0
22,1,2,Carbono/acido sulfurico,"eta=2 (desbalanco=2, oculto=0)",1.76,1,0
22,1,3,Carbono/metano,"eta=2 (desbalanco=2, oculto=0)",1.8,0,0
22,1,5,Silicio/acido sulfurico,"eta=1 (desbalanco=1, oculto=0)",0.88,0,0
22,4,4,Silicio/agua,"eta=2 (desbalanco=2, oculto=0)",1.72,0,0
22,7,0,Carbono/agua,"eta=2 (desbalanco=2, oculto=0)",1.76,0,0
22,8,5,Silicio/acido sulfurico,"eta=2 (desbalanco=2, oculto=0)",1.68,0,0
22,10,4,Silicio/agua,"eta=3 (desbalanco=3, oculto=0)",2.72,1,0
22,11,1,Carbono/amonia,"eta=2 (desbalanco=2, oculto=0)",1.78,0,0
22,17,3,Carbono/metano,"eta=3 (desbalanco=3, oculto=0)",2.78,0,0
22,25,0,Carbono/agua,"eta=3 (desbalanco=3, oculto=0)",2.74,0,0
22,25,5,Silicio/acido sulfurico,"eta=3 (desbalanco=3, oculto=0)",2.76,0,0
22,28,0,Carbono/agua,"eta=4 (desbalanco=4, oculto=0)",3.72,1,0
22,31,2,Carbono/acido sulfurico,"eta=4 (desbalanco=4, oculto=0)",3.76,0,0
22,31,2,Carbono/acido sulfurico,"eta=3 (desbalanco=3, oculto=0)",2.78,0,0
22,33,4,Silicio/agua,"eta=4 (desbalanco=4, oculto=0)",3.72,0,0
22,35,5,Silicio/acido sulfurico,"eta=4 (desbalanco=4, oculto=0)",3.72,0,0
22,43,5,Silicio/acido sulfurico,"eta=5 (desbalanco=5, oculto=0)",4.7,1,0
22,61,1,Carbono/amonia,"eta=3 (desbalanco=3, oculto=0)",2.7,0,0
22,65,3,Carbono/metano,"eta=2 (desbalanco=2, oculto=0)",1.76,0,0
22,66,2,Carbono/acido sulfurico,"eta=5 (desbalanco=5, oculto=0)",4.68,0,0
22,66,3,Carbono/metano,"camada fechada (eta=0)",-0.04,0,0
22,66,3,Carbono/metano,"eta=3 (desbalanco=3, oculto=0)",2.74,0,0
22,69,0,Carbono/agua,"eta=5 (desbalanco=5, oculto=0)",4.68,0,0
22,74,4,Silicio/agua,"eta=5 (desbalanco=5, oculto=0)",4.68,0,0
22,78,1,Carbono/amonia,"eta=2 (desbalanco=0, oculto=2)",5.74,1,0
22,83,1,Carbono/amonia,"eta=4 (desbalanco=4, oculto=0)",3.68,0,0
22,103,1,Carbono/amonia,"eta=3 (desbalanco=1, oculto=2)",6.68,1,0
22,105,0,Carbono/agua,"eta=3 (desbalanco=3, oculto=0)",2.72,0,0
22,105,0,Carbono/agua,"eta=2 (desbalanco=2, oculto=0)",1.78,0,0
22,105,0,Carbono/agua,"eta=1 (desbalanco=1, oculto=0)",0.84,0,0
22,113,3,Carbono/metano,"eta=4 (desbalanco=4, oculto=0)",3.76,0,0
22,117,3,Carbono/metano,"eta=3 (desbalanco=3, oculto=0)",2.78,0,0
22,117,3,Carbono/metano,"eta=2 (desbalanco=2, oculto=0)",1.8,0,0
22,123,5,Silicio/acido sulfurico,"camada fechada (eta=0)",-0.08,0,0
22,123,5,Silicio/acido sulfurico,"eta=4 (desbalanco=4, oculto=0)",3.7,0,0
22,173,2,Carbono/acido sulfurico,"eta=5 (desbalanco=5, oculto=0)",4.7,0,0
22,173,2,Carbono/acido sulfurico,"eta=4 (desbalanco=4, oculto=0)",3.72,0,0
22,176,3,Carbono/metano,"eta=5 (desbalanco=5, oculto=0)",4.7,0,0
22,233,4,Silicio/agua,"eta=2 (desbalanco=0, oculto=2)",5.68,0,0
22,234,4,Silicio/agua,"eta=3 (desbalanco=1, oculto=2)",6.7,0,0
22,241,4,Silicio/agua,"eta=3 (desbalanco=1, oculto=2)",6.7,0,0
22,241,4,Silicio/agua,"eta=2 (desbalanco=0, oculto=2)",5.68,0,0
22,251,5,Silicio/acido sulfurico,"eta=1 (desbalanco=1, oculto=0)",0.78,0,0
22,252,5,Silicio/acido sulfurico,"eta=2 (desbalanco=2, oculto=0)",1.7,0,0
22,252,5,Silicio/acido sulfurico,"eta=4 (desbalanco=4, oculto=0)",3.72,0,0
22,252,5,Silicio/acido sulfurico,"eta=5 (desbalanco=5, oculto=0)",4.68,0,0
22,259,2,Carbono/acido sulfurico,"eta=2 (desbalanco=0, oculto=2)",5.68,0,0
22,261,2,Carbono/acido sulfurico,"eta=3 (desbalanco=1, oculto=2)",6.72,0,0
22,284,1,Carbono/amonia,"eta=2 (desbalanco=0, oculto=2)",5.72,0,0
22,291,0,Carbono/agua,"eta=2 (desbalanco=0, oculto=2)",5.78,0,0
22,292,0,Carbono/agua,"eta=3 (desbalanco=1, oculto=2)",6.7,0,0
22,295,5,Silicio/acido sulfurico,"eta=1 (desbalanco=1, oculto=0)",0.7,0,0
22,295,5,Silicio/acido sulfurico,"camada fechada (eta=0)",-0.18,0,0
23,0,0,Carbono/agua,"camada fechada (eta=0)",-0.3,1,0
23,0,0,Carbono/agua,"eta=1 (desbalanco=1, oculto=0)",0.84,1,0
23,0,1,Carbono/amonia,"eta=1 (desbalanco=1, oculto=0)",0.82,0,0
23,0,1,Carbono/amonia,"camada fechada (eta=0)",-0.18,0,0
23,0,2,Carbono/acido sulfurico,"camada fechada (eta=0)",-0.04,0,0
23,0,3,Carbono/metano,"camada fechada (eta=0)",-0.22,0,0
23,0,4,Silicio/agua,"eta=1 (desbalanco=1, oculto=0)",0.74,0,0
23,0,4,Silicio/agua,"camada fechada (eta=0)",-0.1,0,0
23,0,5,Silicio/acido sulfurico,"eta=1 (desbalanco=1, oculto=0)",0.84,0,0
23,0,5,Silicio/acido sulfurico,"camada fechada (eta=0)",-0.02,0,0
23,0,5,Silicio/acido sulfurico,"eta=2 (desbalanco=2, oculto=0)",1.82,1,0
23,1,3,Carbono/metano,"eta=1 (desbalanco=1, oculto=0)",0.94,0,0
23,3,2,Carbono/acido sulfurico,"eta=1 (desbalanco=1, oculto=0)",0.82,0,0
23,5,1,Carbono/amonia,"eta=2 (desbalanco=2, oculto=0)",1.78,0,0
23,7,0,Carbono/agua,"eta=3 (desbalanco=3, oculto=0)",2.68,1,0
23,7,2,Carbono/acido sulfurico,"eta=2 (desbalanco=2, oculto=0)",1.82,0,0
23,8,0,Carbono/agua,"eta=2 (desbalanco=2, oculto=0)",1.74,0,0
23,12,4,Silicio/agua,"eta=2 (desbalanco=2, oculto=0)",1.86,0,0
23,18,4,Silicio/agua,"eta=3 (desbalanco=3, oculto=0)",2.82,0,0
23,23,1,Carbono/amonia,"eta=3 (desbalanco=3, oculto=0)",2.72,0,0
23,24,3,Carbono/metano,"eta=2 (desbalanco=2, oculto=0)",1.7,0,0
23,32,0,Carbono/agua,"eta=4 (desbalanco=4, oculto=0)",3.68,1,0
23,35,5,Silicio/acido sulfurico,"eta=3 (desbalanco=3, oculto=0)",2.8,0,0
23,38,3,Carbono/metano,"eta=3 (desbalanco=3, oculto=0)",2.7,0,0
23,41,0,Carbono/agua,"eta=1 (desbalanco=1, oculto=0)",0.78,0,0
23,41,0,Carbono/agua,"eta=2 (desbalanco=2, oculto=0)",1.68,0,0
23,41,0,Carbono/agua,"eta=4 (desbalanco=4, oculto=0)",3.72,0,0
23,41,4,Silicio/agua,"eta=2 (desbalanco=0, oculto=2)",5.68,1,0
23,43,0,Carbono/agua,"camada fechada (eta=0)",-0.06,0,0
23,44,3,Carbono/metano,"eta=4 (desbalanco=4, oculto=0)",3.7,0,0
23,50,5,Silicio/acido sulfurico,"eta=4 (desbalanco=4, oculto=0)",3.76,0,0
23,52,2,Carbono/acido sulfurico,"eta=3 (desbalanco=3, oculto=0)",2.76,0,0
23,63,1,Carbono/amonia,"eta=4 (desbalanco=4, oculto=0)",3.74,0,0
23,65,5,Silicio/acido sulfurico,"eta=5 (desbalanco=5, oculto=0)",4.7,1,0
23,66,0,Carbono/agua,"eta=5 (desbalanco=5, oculto=0)",4.68,0,0
23,71,2,Carbono/acido sulfurico,"eta=4 (desbalanco=4, oculto=0)",3.76,0,0
23,73,4,Silicio/agua,"eta=3 (desbalanco=1, oculto=2)",6.7,1,0
23,91,3,Carbono/metano,"eta=2 (desbalanco=0, oculto=2)",5.76,0,0
23,114,1,Carbono/amonia,"eta=2 (desbalanco=0, oculto=2)",5.74,0,0
23,124,1,Carbono/amonia,"eta=3 (desbalanco=1, oculto=2)",6.7,0,0
23,129,2,Carbono/acido sulfurico,"eta=5 (desbalanco=5, oculto=0)",4.7,0,0
23,135,2,Carbono/acido sulfurico,"eta=2 (desbalanco=0, oculto=2)",5.7,0,0
23,137,2,Carbono/acido sulfurico,"eta=3 (desbalanco=1, oculto=2)",6.68,0,0
23,159,0,Carbono/agua,"eta=2 (desbalanco=0, oculto=2)",5.7,0,0
23,162,0,Carbono/agua,"eta=3 (desbalanco=1, oculto=2)",6.68,0,0
23,163,4,Silicio/agua,"eta=4 (desbalanco=4, oculto=0)",3.68,0,0
23,164,4,Silicio/agua,"eta=2 (desbalanco=0, oculto=2)",5.72,0,0
23,164,4,Silicio/agua,"eta=3 (desbalanco=3, oculto=0)",2.72,0,0
23,166,0,Carbono/agua,"eta=2 (desbalanco=0, oculto=2)",5.7,0,0
23,166,0,Carbono/agua,"camada fechada (eta=0)",-0.32,0,0
23,169,2,Carbono/acido sulfurico,"camada fechada (eta=0)",-0.14,0,0
23,169,2,Carbono/acido sulfurico,"eta=3 (desbalanco=1, oculto=2)",6.7,0,0
23,169,2,Carbono/acido sulfurico,"eta=3 (desbalanco=3, oculto=0)",2.7,0,0
23,169,2,Carbono/acido sulfurico,"eta=4 (desbalanco=4, oculto=0)",3.7,0,0
23,174,3,Carbono/metano,"eta=3 (desbalanco=1, oculto=2)",6.7,0,0
23,216,5,Silicio/acido sulfurico,"eta=2 (desbalanco=0, oculto=2)",5.72,0,0
23,217,5,Silicio/acido sulfurico,"eta=3 (desbalanco=1, oculto=2)",6.7,0,0
23,240,4,Silicio/agua,"eta=5 (desbalanco=5, oculto=0)",4.68,0,0
23,257,5,Silicio/acido sulfurico,"eta=2 (desbalanco=0, oculto=2)",5.7,0,0
23,257,5,Silicio/acido sulfurico,"eta=1 (desbalanco=1, oculto=0)",0.76,0,0
23,257,5,Silicio/acido sulfurico,"eta=3 (desbalanco=3, oculto=0)",2.74,0,0
23,258,5,Silicio/acido sulfurico,"eta=4 (desbalanco=4, oculto=0)",3.68,0,0
24,0,0,Carbono/agua,"eta=1 (desbalanco=1, oculto=0)",0.84,1,0
24,0,0,Carbono/agua,"camada fechada (eta=0)",-0.16,1,0
24,0,1,Carbono/amonia,"eta=1 (desbalanco=1, oculto=0)",0.78,0,0
24,0,1,Carbono/amonia,"camada fechada (eta=0)",-0.16,0,0
24,0,1,Carbono/amonia,"eta=2 (desbalanco=2, oculto=0)",1.68,1,0
24,0,2,Carbono/acido sulfurico,"eta=1 (desbalanco=1, oculto=0)",0.94,0,0
24,0,2,Carbono/acido sulfurico,"eta=2 (desbalanco=2, oculto=0)",1.82,0,0
24,0,2,Carbono/acido sulfurico,"camada fechada (eta=0)",-0.24,0,0
24,0,3,Carbono/metano,"camada fechada (eta=0)",-0.3,0,0
24,0,3,Carbono/metano,"eta=1 (desbalanco=1, oculto=0)",0.92,0,0
24,0,4,Silicio/agua,"camada fechada (eta=0)",-0.3,0,0
24,0,4,Silicio/agua,"eta=1 (desbalanco=1, oculto=0)",0.7,0,0
24,0,5,Silicio/acido sulfurico,"camada fechada (eta=0)",-0.3,0,0
24,0,5,Silicio/acido sulfurico,"eta=1 (desbalanco=1, oculto=0)",0.9,0,0
24,1,0,Carbono/agua,"eta=2 (desbalanco=2, oculto=0)",1.82,0,0
24,5,5,Silicio/acido sulfurico,"eta=2 (desbalanco=2, oculto=0)",1.7,0,0
24,7,4,Silicio/agua,"eta=2 (desbalanco=2, oculto=0)",1.76,0,0
24,8,1,Carbono/amonia,"eta=3 (desbalanco=3, oculto=0)",2.76,1,0
24,13,0,Carbono/agua,"eta=3 (desbalanco=1, oculto=2)",6.7,1,0
24,14,3,Carbono/metano,"eta=2 (desbalanco=2, oculto=0)",1.74,0,0
24,19,5,Silicio/acido sulfurico,"eta=3 (desbalanco=3, oculto=0)",2.78,0,0
24,20,0,Carbono/agua,"eta=3 (desbalanco=3, oculto=0)",2.7,0,0
24,20,4,Silicio/agua,"eta=3 (desbalanco=3, oculto=0)",2.74,0,0
24,22,2,Carbono/acido sulfurico,"eta=3 (desbalanco=3, oculto=0)",2.78,0,0
24,23,3,Carbono/metano,"eta=3 (desbalanco=3, oculto=0)",2.68,0,0
24,24,0,Carbono/agua,"eta=2 (desbalanco=0, oculto=2)",5.68,1,0
24,34,0,Carbono/agua,"eta=4 (desbalanco=4, oculto=0)",3.7,1,0
24,40,2,Carbono/acido sulfurico,"eta=4 (desbalanco=4, oculto=0)",3.76,0,0
24,43,2,Carbono/acido sulfurico,"eta=2 (desbalanco=2, oculto=0)",1.74,0,0
24,43,2,Carbono/acido sulfurico,"eta=1 (desbalanco=1, oculto=0)",0.84,0,0
24,45,5,Silicio/acido sulfurico,"eta=4 (desbalanco=4, oculto=0)",3.72,0,0
24,56,5,Silicio/acido sulfurico,"eta=3 (desbalanco=3, oculto=0)",2.74,0,0
24,56,5,Silicio/acido sulfurico,"eta=2 (desbalanco=2, oculto=0)",1.76,0,0
24,56,5,Silicio/acido sulfurico,"camada fechada (eta=0)",-0.1,0,0
24,66,5,Silicio/acido sulfurico,"eta=4 (desbalanco=4, oculto=0)",3.74,0,0
24,68,4,Silicio/agua,"eta=4 (desbalanco=4, oculto=0)",3.76,0,0
24,70,3,Carbono/metano,"eta=4 (desbalanco=4, oculto=0)",3.7,0,0
24,74,1,Carbono/amonia,"eta=4 (desbalanco=4, oculto=0)",3.7,0,0
24,85,2,Carbono/acido sulfurico,"eta=5 (desbalanco=5, oculto=0)",4.7,1,0
24,93,4,Silicio/agua,"eta=5 (desbalanco=5, oculto=0)",4.68,0,0
24,102,1,Carbono/amonia,"eta=5 (desbalanco=5, oculto=0)",4.7,0,0
24,128,5,Silicio/acido sulfurico,"eta=5 (desbalanco=5, oculto=0)",4.68,0,0
24,131,3,Carbono/metano,"eta=4 (desbalanco=4, oculto=0)",3.72,0,0
24,131,3,Carbono/metano,"eta=3 (desbalanco=3, oculto=0)",2.72,0,0
24,131,3,Carbono/metano,"eta=2 (desbalanco=2, oculto=0)",1.78,0,0
24,132,2,Carbono/acido sulfurico,"eta=2 (desbalanco=0, oculto=2)",5.78,0,0
24,134,2,Carbono/acido sulfurico,"eta=3 (desbalanco=1, oculto=2)",6.68,0,0
24,170,3,Carbono/metano,"eta=5 (desbalanco=5, oculto=0)",4.7,0,0
24,171,5,Silicio/acido sulfurico,"eta=2 (desbalanco=0, oculto=2)",5.72,0,0
24,173,5,Silicio/acido sulfurico,"eta=3 (desbalanco=1, oculto=2)",6.68,0,0
24,205,3,Carbono/metano,"eta=5 (desbalanco=5, oculto=0)",4.7,0,0
24,220,4,Silicio/agua,"eta=2 (desbalanco=0, oculto=2)",5.7,0,0
24,227,4,Silicio/agua,"eta=3 (desbalanco=1, oculto=2)",6.72,0,0
24,260,2,Carbono/acido sulfurico,"eta=2 (desbalanco=2, oculto=0)",1.74,0,0
24,260,2,Carbono/acido sulfurico,"eta=3 (desbalanco=3, oculto=0)",2.78,0,0
24,300,0,Carbono/agua,"eta=5 (desbalanco=5, oculto=0)",4.68,0,0
25,0,0,Carbono/agua,"camada fechada (eta=0)",-0.06,1,0
25,0,0,Carbono/agua,"eta=1 (desbalanco=1, oculto=0)",0.8,1,0
25,0,1,Carbono/amonia,"eta=1 (desbalanco=1, oculto=0)",0.8,0,0
25,0,1,Carbono/amonia,"camada fechada (eta=0)",-0.02,0,0
25,0,2,Carbono/acido sulfurico,"camada fechada (eta=0)",-0.32,0,0
25,0,2,Carbono/acido sulfurico,"eta=1 (desbalanco=1, oculto=0)",0.86,0,0
25,0,3,Carbono/metano,"camada fechada (eta=0)",-0.16,0,0
25,0,3,Carbono/metano,"eta=1 (desbalanco=1, oculto=0)",0.92,0,0
25,0,4,Silicio/agua,"camada fechada (eta=0)",-0.08,0,0
25,0,5,Silicio/acido sulfurico,"camada fechada (eta=0)",-0.1,0,0
25,0,5,Silicio/acido sulfurico,"eta=1 (desbalanco=1, oculto=0)",0.82,0,0
25,1,5,Silicio/acido sulfurico,"eta=2 (desbalanco=2, oculto=0)",1.86,1,0
25,2,4,Silicio/agua,"eta=1 (desbalanco=1, oculto=0)",0.9,0,0
25,3,3,Carbono/metano,"eta=2 (desbalanco=2, oculto=0)",1.72,0,0
25,7,0,Carbono/agua,"eta=2 (desbalanco=2, oculto=0)",1.78,0,0
25,7,2,Carbono/acido sulfurico,"eta=2 (desbalanco=2, oculto=0)",1.84,0,0
25,7,4,Silicio/agua,"eta=1 (desbalanco=1, oculto=0)",0.92,0,0
25,8,1,Carbono/amonia,"eta=2 (desbalanco=2, oculto=0)",1.82,0,0
25,9,4,Silicio/agua,"eta=2 (desbalanco=2, oculto=0)",1.88,0,0
25,13,5,Silicio/acido sulfurico,"eta=3 (desbalanco=3, oculto=0)",2.78,1,0
25,18,3,Carbono/metano,"eta=3 (desbalanco=3, oculto=0)",2.72,0,0
25,23,3,Carbono/metano,"eta=4 (desbalanco=4, oculto=0)",3.68,1,0
25,33,5,Silicio/acido sulfurico,"eta=2 (desbalanco=0, oculto=2)",5.7,1,0
25,35,1,Carbono/amonia,"eta=2 (desbalanco=0, oculto=2)",5.68,0,0
25,40,5,Silicio/acido sulfurico,"eta=4 (desbalanco=4, oculto=0)",3.68,0,0
25,41,1,Carbono/amonia,"eta=3 (desbalanco=3, oculto=0)",2.74,0,0
25,48,5,Silicio/acido sulfurico,"eta=3 (desbalanco=1, oculto=2)",6.68,1,0
25,49,4,Silicio/agua,"eta=3 (desbalanco=3, oculto=0)",2.78,0,0
25,51,0,Carbono/agua,"eta=3 (desbalanco=3, oculto=0)",2.8,0,0
25,72,4,Silicio/agua,"eta=4 (desbalanco=4, oculto=0)",3.72,0,0
25,74,1,Carbono/amonia,"eta=3 (desbalanco=1, oculto=2)",6.68,0,0
25,78,0,Carbono/agua,"eta=4 (desbalanco=4, oculto=0)",3.74,0,0
25,82,2,Carbono/acido sulfurico,"eta=3 (desbalanco=3, oculto=0)",2.78,0,0
25,82,3,Carbono/metano,"eta=5 (desbalanco=5, oculto=0)",4.68,1,0
25,89,2,Carbono/acido sulfurico,"eta=2 (desbalanco=2, oculto=0)",1.86,0,0
25,89,2,Carbono/acido sulfurico,"camada fechada (eta=0)",-0.1,0,0
25,89,2,Carbono/acido sulfurico,"eta=3 (desbalanco=3, oculto=0)",2.78,0,0
25,104,4,Silicio/agua,"eta=5 (desbalanco=5, oculto=0)",4.7,0,0
25,143,2,Carbono/acido sulfurico,"eta=4 (desbalanco=4, oculto=0)",3.76,0,0
25,147,2,Carbono/acido sulfurico,"eta=5 (desbalanco=5, oculto=0)",4.7,0,0
25,151,0,Carbono/agua,"eta=5 (desbalanco=5, oculto=0)",4.7,0,0
25,153,5,Silicio/acido sulfurico,"eta=1 (desbalanco=1, oculto=0)",0.7,0,0
25,153,5,Silicio/acido sulfurico,"eta=2 (desbalanco=2, oculto=0)",1.74,0,0
25,153,5,Silicio/acido sulfurico,"eta=2 (desbalanco=0, oculto=2)",5.76,0,0
25,170,1,Carbono/amonia,"eta=4 (desbalanco=4, oculto=0)",3.72,0,0
25,182,3,Carbono/metano,"eta=2 (desbalanco=2, oculto=0)",1.7,0,0
25,182,3,Carbono/metano,"camada fechada (eta=0)",-0.08,0,0
25,198,4,Silicio/agua,"eta=2 (desbalanco=0, oculto=2)",5.68,0,0
25,198,4,Silicio/agua,"eta=3 (desbalanco=1, oculto=2)",6.68,0,0
25,202,0,Carbono/agua,"eta=2 (desbalanco=0, oculto=2)",5.72,0,0
25,202,3,Carbono/metano,"eta=2 (desbalanco=2, oculto=0)",1.68,0,0
25,202,3,Carbono/metano,"eta=1 (desbalanco=1, oculto=0)",0.76,0,0
25,203,0,Carbono/agua,"eta=3 (desbalanco=1, oculto=2)",6.68,0,0
25,228,2,Carbono/acido sulfurico,"eta=2 (desbalanco=0, oculto=2)",5.7,0,0
25,228,2,Carbono/acido sulfurico,"eta=3 (desbalanco=1, oculto=2)",6.68,0,0
25,274,4,Silicio/agua,"eta=1 (desbalanco=1, oculto=0)",0.88,0,0
25,274,4,Silicio/agua,"eta=3 (desbalanco=1, oculto=2)",6.68,0,0
25,274,4,Silicio/agua,"eta=4 (desbalanco=4, oculto=0)",3.72,0,0
25,295,5,Silicio/acido sulfurico,"eta=2 (desbalanco=0, oculto=2)",5.68,0,0
25,295,5,Silicio/acido sulfurico,"eta=3 (desbalanco=3, oculto=0)",2.78,0,0
25,295,5,Silicio/acido sulfurico,"eta=2 (desbalanco=2, oculto=0)",1.7,0,0
26,0,0,Carbono/agua,"camada fechada (eta=0)",-0.26,1,0
26,0,0,Carbono/agua,"eta=1 (desbalanco=1, oculto=0)",0.88,1,0
26,0,1,Carbono/amonia,"camada fechada (eta=0)",-0.24,0,0
26,0,2,Carbono/acido sulfurico,"eta=1 (desbalanco=1, oculto=0)",0.76,0,0
26,0,2,Carbono/acido sulfurico,"camada fechada (eta=0)",-0.2,0,0
26,0,3,Carbono/metano,"eta=1 (desbalanco=1, oculto=0)",0.74,0,0
26,0,3,Carbono/metano,"camada fechada (eta=0)",-0.14,0,0
26,0,4,Silicio/agua,"camada fechada (eta=0)",-0.1,0,0
26,0,5,Silicio/acido sulfurico,"camada fechada (eta=0)",-0.1,0,0
26,0,5,Silicio/acido sulfurico,"eta=1 (desbalanco=1, oculto=0)",0.8,0,0
26,2,5,Silicio/acido sulfurico,"eta=2 (desbalanco=2, oculto=0)",1.78,1,0
26,3,4,Silicio/agua,"eta=1 (desbalanco=1, oculto=0)",0.9,0,0
26,4,0,Carbono/agua,"eta=2 (desbalanco=2, oculto=0)",1.88,0,0
26,4,1,Carbono/amonia,"eta=1 (desbalanco=1, oculto=0)",0.92,0,0
26,4,3,Carbono/metano,"eta=2 (desbalanco=2, oculto=0)",1.74,0,0
26,6,4,Silicio/agua,"eta=2 (desbalanco=2, oculto=0)",1.72,0,0
26,7,2,Carbono/acido sulfurico,"eta=2 (desbalanco=2, oculto=0)",1.72,0,0
26,13,1,Carbono/amonia,"eta=3 (desbalanco=3, oculto=0)",2.68,1,0
26,15,1,Carbono/amonia,"eta=2 (desbalanco=2, oculto=0)",1.82,0,0
26,15,3,Carbono/metano,"eta=1 (desbalanco=1, oculto=0)",0.88,0,0
26,16,5,Silicio/acido sulfurico,"eta=3 (desbalanco=3, oculto=0)",2.7,0,0
26,22,4,Silicio/agua,"eta=3 (desbalanco=3, oculto=0)",2.74,0,0
26,26,2,Carbono/acido sulfurico,"eta=3 (desbalanco=3, oculto=0)",2.68,0,0
26,29,5,Silicio/acido sulfurico,"eta=4 (desbalanco=4, oculto=0)",3.68,1,0
26,34,0,Carbono/agua,"eta=3 (desbalanco=3, oculto=0)",2.78,0,0
26,36,3,Carbono/metano,"eta=3 (desbalanco=3, oculto=0)",2.72,0,0
26,39,4,Silicio/agua,"eta=4 (desbalanco=4, oculto=0)",3.7,0,0
26,41,2,Carbono/acido sulfurico,"eta=4 (desbalanco=4, oculto=0)",3.7,0,0
26,43,1,Carbono/amonia,"eta=4 (desbalanco=4, oculto=0)",3.72,0,0
26,49,4,Silicio/agua,"eta=2 (desbalanco=0, oculto=2)",5.72,1,0
26,66,2,Carbono/acido sulfurico,"camada fechada (eta=0)",-0.1,0,0
26,66,2,Carbono/acido sulfurico,"eta=1 (desbalanco=1, oculto=0)",0.88,0,0
26,68,0,Carbono/agua,"eta=4 (desbalanco=4, oculto=0)",3.68,0,0
26,70,3,Carbono/metano,"eta=4 (desbalanco=4, oculto=0)",3.7,0,0
26,79,4,Silicio/agua,"eta=3 (desbalanco=1, oculto=2)",6.68,1,0
26,86,5,Silicio/acido sulfurico,"eta=5 (desbalanco=5, oculto=0)",4.7,1,0
26,91,2,Carbono/acido sulfurico,"eta=3 (desbalanco=3, oculto=0)",2.7,0,0
26,91,2,Carbono/acido sulfurico,"eta=2 (desbalanco=2, oculto=0)",1.68,0,0
26,112,0,Carbono/agua,"eta=5 (desbalanco=5, oculto=0)",4.7,0,0
26,113,1,Carbono/amonia,"eta=5 (desbalanco=5, oculto=0)",4.68,0,0
26,120,2,Carbono/acido sulfurico,"eta=5 (desbalanco=5, oculto=0)",4.7,0,0
26,191,5,Silicio/acido sulfurico,"eta=2 (desbalanco=0, oculto=2)",5.7,0,0
26,193,5,Silicio/acido sulfurico,"eta=3 (desbalanco=1, oculto=2)",6.68,0,0
26,194,3,Carbono/metano,"eta=5 (desbalanco=5, oculto=0)",4.7,0,0
26,212,0,Carbono/agua,"eta=2 (desbalanco=0, oculto=2)",5.72,0,0
26,213,0,Carbono/agua,"eta=3 (desbalanco=1, oculto=2)",6.7,0,0
26,225,1,Carbono/amonia,"eta=2 (desbalanco=0, oculto=2)",5.72,0,0
26,228,1,Carbono/amonia,"eta=3 (desbalanco=1, oculto=2)",6.7,0,0
26,252,5,Silicio/acido sulfurico,"eta=1 (desbalanco=1, oculto=0)",0.68,0,0
26,252,5,Silicio/acido sulfurico,"camada fechada (eta=0)",-0.16,0,0
26,287,3,Carbono/metano,"eta=2 (desbalanco=0, oculto=2)",5.76,0,0
27,0,0,Carbono/agua,"eta=1 (desbalanco=1, oculto=0)",0.9,1,0
27,0,0,Carbono/agua,"camada fechada (eta=0)",-0.04,1,0
27,0,1,Carbono/amonia,"camada fechada (eta=0)",-0.18,0,0
27,0,2,Carbono/acido sulfurico,"camada fechada (eta=0)",-0.12,0,0
27,0,2,Carbono/acido sulfurico,"eta=1 (desbalanco=1, oculto=0)",0.74,0,0
27,0,3,Carbono/metano,"eta=1 (desbalanco=1, oculto=0)",0.92,0,0
27,0,3,Carbono/metano,"camada fechada (eta=0)",-0.02,0,0
27,0,4,Silicio/agua,"eta=1 (desbalanco=1, oculto=0)",0.92,0,0
27,0,4,Silicio/agua,"camada fechada (eta=0)",-0.08,0,0
27,0,5,Silicio/acido sulfurico,"camada fechada (eta=0)",-0.08,0,0
27,0,5,Silicio/acido sulfurico,"eta=1 (desbalanco=1, oculto=0)",0.88,0,0
27,1,1,Carbono/amonia,"eta=1 (desbalanco=1, oculto=0)",0.84,0,0
27,2,0,Carbono/agua,"eta=2 (desbalanco=2, oculto=0)",1.7,1,0
27,3,2,Carbono/acido sulfurico,"eta=2 (desbalanco=2, oculto=0)",1.84,0,0
27,6,1,Carbono/amonia,"eta=2 (desbalanco=2, oculto=0)",1.8,0,0
27,6,4,Silicio/agua,"eta=2 (desbalanco=2, oculto=0)",1.88,0,0
27,7,5,Silicio/acido sulfurico,"eta=2 (desbalanco=2, oculto=0)",1.78,0,0
27,10,0,Carbono/agua,"eta=3 (desbalanco=3, oculto=0)",2.76,1,0
27,13,3,Carbono/metano,"eta=2 (desbalanco=2, oculto=0)",1.84,0,0
27,21,5,Silicio/acido sulfurico,"eta=2 (desbalanco=0, oculto=2)",5.68,1,0
27,23,4,Silicio/agua,"eta=2 (desbalanco=2, oculto=0)",1.72,0,0
27,34,5,Silicio/acido sulfurico,"eta=3 (desbalanco=3, oculto=0)",2.74,0,0
27,35,0,Carbono/agua,"eta=2 (desbalanco=0, oculto=2)",5.72,0,0
27,36,2,Carbono/acido sulfurico,"eta=3 (desbalanco=3, oculto=0)",2.78,0,0
27,42,0,Carbono/agua,"eta=4 (desbalanco=4, oculto=0)",3.7,1,0
27,42,2,Carbono/acido sulfurico,"eta=4 (desbalanco=4, oculto=0)",3.72,0,0
27,44,4,Silicio/agua,"eta=3 (desbalanco=3, oculto=0)",2.68,0,0
27,48,3,Carbono/metano,"eta=3 (desbalanco=3, oculto=0)",2.76,0,0
27,62,4,Silicio/agua,"eta=4 (desbalanco=4, oculto=0)",3.72,0,0
27,62,5,Silicio/acido sulfurico,"eta=2 (desbalanco=0, oculto=2)",5.78,0,0
27,68,4,Silicio/agua,"eta=3 (desbalanco=1, oculto=2)",6.68,1,0
27,68,4,Silicio/agua,"eta=2 (desbalanco=0, oculto=2)",5.7,0,0
27,73,1,Carbono/amonia,"eta=3 (desbalanco=3, oculto=0)",2.74,0,0
27,75,0,Carbono/agua,"eta=3 (desbalanco=1, oculto=2)",6.68,0,0
27,87,2,Carbono/acido sulfurico,"eta=5 (desbalanco=5, oculto=0)",4.68,1,0
27,100,1,Carbono/amonia,"eta=4 (desbalanco=4, oculto=0)",3.74,0,0
27,104,1,Carbono/amonia,"eta=2 (desbalanco=0, oculto=2)",5.7,0,0
27,104,5,Silicio/acido sulfurico,"eta=3 (desbalanco=1, oculto=2)",6.72,0,0
27,107,3,Carbono/metano,"eta=4 (desbalanco=4, oculto=0)",3.74,0,0
27,117,1,Carbono/amonia,"eta=3 (desbalanco=1, oculto=2)",6.68,0,0
27,121,5,Silicio/acido sulfurico,"eta=4 (desbalanco=4, oculto=0)",3.76,0,0
27,130,3,Carbono/metano,"eta=5 (desbalanco=5, oculto=0)",4.7,0,0
27,169,1,Carbono/amonia,"eta=5 (desbalanco=5, oculto=0)",4.7,0,0
27,201,2,Carbono/acido sulfurico,"eta=2 (desbalanco=0, oculto=2)",5.72,0,0
27,203,2,Carbono/acido sulfurico,"eta=3 (desbalanco=1, oculto=2)",6.68,0,0
27,264,3,Carbono/metano,"eta=5 (desbalanco=5, oculto=0)",4.68,0,0
27,282,0,Carbono/agua,"eta=5 (desbalanco=5, oculto=0)",4.7,0,0
27,287,1,Carbono/amonia,"camada fechada (eta=0)",-0.28,0,0
27,287,1,Carbono/amonia,"eta=3 (desbalanco=3, oculto=0)",2.72,0,0
28,0,0,Carbono/agua,"camada fechada (eta=0)",-0.14,1,0
28,0,0,Carbono/agua,"eta=1 (desbalanco=1, oculto=0)",0.86,1,0
28,0,1,Carbono/amonia,"camada fechada (eta=0)",-0.2,0,0
28,0,1,Carbono/amonia,"eta=1 (desbalanco=1, oculto=0)",0.72,0,0
28,0,1,Carbono/amonia,"eta=2 (desbalanco=2, oculto=0)",1.72,1,0
28,0,2,Carbono/acido sulfurico,"camada fechada (eta=0)",-0.02,0,0
28,0,3,Carbono/metano,"eta=1 (desbalanco=1, oculto=0)",0.82,0,0
28,0,4,Silicio/agua,"eta=1 (desbalanco=1, oculto=0)",0.78,0,0
28,0,4,Silicio/agua,"eta=2 (desbalanco=2, oculto=0)",1.76,0,0
28,0,4,Silicio/agua,"camada fechada (eta=0)",-0.22,0,0
28,0,5,Silicio/acido sulfurico,"eta=1 (desbalanco=1, oculto=0)",0.68,0,0
28,0,5,Silicio/acido sulfurico,"camada fechada (eta=0)",-0.06,0,0
28,0,5,Silicio/acido sulfurico,"eta=2 (desbalanco=2, oculto=0)",1.72,0,0
28,1,1,Carbono/amonia,"eta=3 (desbalanco=3, oculto=0)",2.7,1,0
28,1,2,Carbono/acido sulfurico,"eta=1 (desbalanco=1, oculto=0)",0.74,0,0
28,1,3,Carbono/metano,"eta=2 (desbalanco=2, oculto=0)",1.82,0,0
28,2,5,Silicio/acido sulfurico,"eta=3 (desbalanco=3, oculto=0)",2.68,0,0
28,5,0,Carbono/agua,"eta=2 (desbalanco=2, oculto=0)",1.86,0,0
28,5,3,Carbono/metano,"camada fechada (eta=0)",-0.02,0,0
28,6,2,Carbono/acido sulfurico,"eta=2 (desbalanco=2, oculto=0)",1.72,0,0
28,11,0,Carbono/agua,"eta=3 (desbalanco=3, oculto=0)",2.82,0,0
28,18,2,Carbono/acido sulfurico,"eta=3 (desbalanco=3, oculto=0)",2.76,0,0
28,19,4,Silicio/agua,"eta=3 (desbalanco=3, oculto=0)",2.7,0,0
28,27,1,Carbono/amonia,"eta=4 (desbalanco=4, oculto=0)",3.68,1,0
28,32,3,Carbono/metano,"eta=3 (desbalanco=3, oculto=0)",2.8,0,0
28,36,4,Silicio/agua,"camada fechada (eta=0)",-0.24,0,0
28,40,2,Carbono/acido sulfurico,"eta=4 (desbalanco=4, oculto=0)",3.76,0,0
28,51,0,Carbono/agua,"eta=4 (desbalanco=4, oculto=0)",3.74,0,0
28,54,4,Silicio/agua,"eta=1 (desbalanco=1, oculto=0)",0.8,0,0
28,76,5,Silicio/acido sulfurico,"eta=4 (desbalanco=4, oculto=0)",3.74,0,0
28,79,1,Carbono/amonia,"eta=5 (desbalanco=5, oculto=0)",4.7,1,0
28,84,4,Silicio/agua,"eta=4 (desbalanco=4, oculto=0)",3.72,0,0
28,88,5,Silicio/acido sulfurico,"eta=5 (desbalanco=5, oculto=0)",4.68,0,0
28,89,0,Carbono/agua,"eta=5 (desbalanco=5, oculto=0)",4.7,0,0
28,92,3,Carbono/metano,"eta=4 (desbalanco=4, oculto=0)",3.72,0,0
28,95,2,Carbono/acido sulfurico,"eta=5 (desbalanco=5, oculto=0)",4.7,0,0
28,99,2,Carbono/acido sulfurico,"eta=2 (desbalanco=0, oculto=2)",5.74,1,0
28,101,2,Carbono/acido sulfurico,"eta=3 (desbalanco=1, oculto=2)",6.68,1,0
28,105,2,Carbono/acido sulfurico,"eta=2 (desbalanco=0, oculto=2)",5.7,0,0
28,112,0,Carbono/agua,"eta=2 (desbalanco=0, oculto=2)",5.68,0,0
28,114,4,Silicio/agua,"eta=5 (desbalanco=5, oculto=0)",4.68,0,0
28,124,0,Carbono/agua,"eta=3 (desbalanco=1, oculto=2)",6.68,0,0
28,129,3,Carbono/metano,"eta=5 (desbalanco=5, oculto=0)",4.7,0,0
28,131,1,Carbono/amonia,"eta=2 (desbalanco=0, oculto=2)",5.72,0,0
28,132,1,Carbono/amonia,"eta=3 (desbalanco=1, oculto=2)",6.68,0,0
28,140,5,Silicio/acido sulfurico,"eta=2 (desbalanco=0, oculto=2)",5.72,0,0
28,145,5,Silicio/acido sulfurico,"eta=3 (desbalanco=1, oculto=2)",6.7,0,0
28,220,1,Carbono/amonia,"eta=3 (desbalanco=1, oculto=2)",6.7,0,0
28,220,1,Carbono/amonia,"eta=2 (desbalanco=2, oculto=0)",1.7,0,0
28,220,1,Carbono/amonia,"eta=1 (desbalanco=1, oculto=0)",0.7,0,0
28,224,4,Silicio/agua,"eta=4 (desbalanco=4, oculto=0)",3.7,0,0
28,224,4,Silicio/agua,"eta=5 (desbalanco=5, oculto=0)",4.68,0,0
28,224,4,Silicio/agua,"eta=2 (desbalanco=2, oculto=0)",1.84,0,0
28,237,4,Silicio/agua,"eta=2 (desbalanco=0, oculto=2)",5.78,0,0
28,238,4,Silicio/agua,"eta=3 (desbalanco=1, oculto=2)",6.72,0,0
29,0,0,Carbono/agua,"camada fechada (eta=0)",-0.04,1,0
29,0,0,Carbono/agua,"eta=1 (desbalanco=1, oculto=0)",0.92,1,0
29,0,1,Carbono/amonia,"eta=1 (desbalanco=1, oculto=0)",0.7,0,0
29,0,1,Carbono/amonia,"camada fechada (eta=0)",-0.24,0,0
29,0,1,Carbono/amonia,"eta=2 (desbalanco=2, oculto=0)",1.72,1,0
29,0,2,Carbono/acido sulfurico,"eta=1 (desbalanco=1, oculto=0)",0.9,0,0
29,0,2,Carbono/acido sulfurico,"camada fechada (eta=0)",-0.14,0,0
29,0,3,Carbono/metano,"eta=2 (desbalanco=2, oculto=0)",1.88,0,0
29,0,3,Carbono/metano,"eta=1 (desbalanco=1, oculto=0)",0.84,0,0
29,0,4,Silicio/agua,"eta=1 (desbalanco=1, oculto=0)",0.92,0,0
29,0,4,Silicio/agua,"camada fechada (eta=0)",-0.1,0,0
29,0,5,Silicio/acido sulfurico,"eta=1 (desbalanco=1, oculto=0)",0.7,0,0
29,0,5,Silicio/acido sulfurico,"camada fechada (eta=0)",-0.12,0,0
29,1,3,Carbono/metano,"camada fechada (eta=0)",-0.12,0,0
29,2,2,Carbono/acido sulfurico,"eta=2 (desbalanco=2, oculto=0)",1.88,0,0
29,6,0,Carbono/agua,"eta=2 (desbalanco=2, oculto=0)",1.76,0,0
29,6,0,Carbono/agua,"eta=3 (desbalanco=3, oculto=0)",2.74,1,0
29,7,5,Silicio/acido sulfurico,"eta=2 (desbalanco=2, oculto=0)",1.82,0,0
29,8,1,Carbono/amonia,"eta=3 (desbalanco=3, oculto=0)",2.8,0,0
29,16,4,Silicio/agua,"eta=3 (desbalanco=3, oculto=0)",2.78,0,0
29,22,4,Silicio/agua,"eta=2 (desbalanco=2, oculto=0)",1.8,0,0
29,25,5,Silicio/acido sulfurico,"eta=3 (desbalanco=3, oculto=0)",2.7,0,0
29,31,3,Carbono/metano,"eta=3 (desbalanco=3, oculto=0)",2.7,0,0
29,33,0,Carbono/agua,"eta=4 (desbalanco=4, oculto=0)",3.74,1,0
29,39,2,Carbono/acido sulfurico,"eta=3 (desbalanco=3, oculto=0)",2.8,0,0
29,40,5,Silicio/acido sulfurico,"eta=2 (desbalanco=0, oculto=2)",5.68,1,0
29,43,5,Silicio/acido sulfurico,"eta=4 (desbalanco=4, oculto=0)",3.74,0,0
29,45,4,Silicio/agua,"eta=4 (desbalanco=4, oculto=0)",3.72,0,0
29,53,0,Carbono/agua,"eta=3 (desbalanco=3, oculto=0)",2.76,0,0
29,54,0,Carbono/agua,"eta=1 (desbalanco=1, oculto=0)",0.88,0,0
29,65,4,Silicio/agua,"eta=5 (desbalanco=5, oculto=0)",4.68,1,0
29,67,2,Carbono/acido sulfurico,"eta=4 (desbalanco=4, oculto=0)",3.76,0,0
29,73,2,Carbono/acido sulfurico,"eta=2 (desbalanco=2, oculto=0)",1.76,0,0
29,74,1,Carbono/amonia,"eta=4 (desbalanco=4, oculto=0)",3.74,0,0
29,78,4,Silicio/agua,"eta=2 (desbalanco=0, oculto=2)",5.72,0,0
29,82,0,Carbono/agua,"eta=5 (desbalanco=5, oculto=0)",4.68,0,0
29,90,4,Silicio/agua,"eta=3 (desbalanco=1, oculto=2)",6.68,1,0
29,91,5,Silicio/acido sulfurico,"eta=3 (desbalanco=1, oculto=2)",6.7,0,0
29,98,0,Carbono/agua,"eta=4 (desbalanco=4, oculto=0)",3.7,0,0
29,98,0,Carbono/agua,"eta=2 (desbalanco=2, oculto=0)",1.74,0,0
29,98,0,Carbono/agua,"eta=1 (desbalanco=1, oculto=0)",0.78,0,0
29,101,0,Carbono/agua,"eta=5 (desbalanco=5, oculto=0)",4.68,0,0
29,105,2,Carbono/acido sulfurico,"eta=5 (desbalanco=5, oculto=0)",4.68,0,0
29,106,5,Silicio/acido sulfurico,"camada fechada (eta=0)",-0.12,0,0
29,106,5,Silicio/acido sulfurico,"eta=3 (desbalanco=3, oculto=0)",2.72,0,0
29,106,5,Silicio/acido sulfurico,"eta=3 (desbalanco=1, oculto=2)",6.68,0,0
29,110,1,Carbono/amonia,"eta=5 (desbalanco=5, oculto=0)",4.68,0,0
29,112,1,Carbono/amonia,"eta=2 (desbalanco=0, oculto=2)",5.7,0,0
29,122,1,Carbono/amonia,"eta=3 (desbalanco=1, oculto=2)",6.68,0,0
29,136,3,Carbono/metano,"eta=4 (desbalanco=4, oculto=0)",3.74,0,0
29,173,3,Carbono/metano,"eta=5 (desbalanco=5, oculto=0)",4.68,0,0
29,193,4,Silicio/agua,"eta=1 (desbalanco=1, oculto=0)",0.68,0,0
29,193,4,Silicio/agua,"eta=3 (desbalanco=3, oculto=0)",2.74,0,0
29,195,2,Carbono/acido sulfurico,"eta=2 (desbalanco=0, oculto=2)",5.7,0,0
29,196,2,Carbono/acido sulfurico,"eta=5 (desbalanco=5, oculto=0)",4.7,0,0
29,196,2,Carbono/acido sulfurico,"eta=3 (desbalanco=3, oculto=0)",2.72,0,0
29,196,2,Carbono/acido sulfurico,"eta=1 (desbalanco=1, oculto=0)",0.68,0,0
29,196,2,Carbono/acido sulfurico,"camada fechada (eta=0)",-0.06,0,0
29,197,2,Carbono/acido sulfurico,"eta=3 (desbalanco=1, oculto=2)",6.68,0,0
29,216,0,Carbono/agua,"eta=2 (desbalanco=0, oculto=2)",5.68,0,0
29,217,0,Carbono/agua,"eta=3 (desbalanco=1, oculto=2)",6.68,0,0
29,238,2,Carbono/acido sulfurico,"eta=2 (desbalanco=0, oculto=2)",5.72,0,0
29,251,2,Carbono/acido sulfurico,"eta=4 (desbalanco=4, oculto=0)",3.74,0,0
29,257,3,Carbono/metano,"camada fechada (eta=0)",-0.1,0,0
29,257,3,Carbono/metano,"eta=1 (desbalanco=1, oculto=0)",0.84,0,0
29,257,3,Carbono/metano,"eta=5 (desbalanco=5, oculto=0)",4.68,0,0
29,279,5,Silicio/acido sulfurico,"eta=1 (desbalanco=1, oculto=0)",0.74,0,0
29,280,5,Silicio/acido sulfurico,"eta=3 (desbalanco=3, oculto=0)",2.76,0,0
30,0,0,Carbono/agua,"eta=1 (desbalanco=1, oculto=0)",0.78,1,0
30,0,0,Carbono/agua,"eta=2 (desbalanco=2, oculto=0)",1.78,1,0
30,0,1,Carbono/amonia,"eta=1 (desbalanco=1, oculto=0)",0.7,0,0
30,0,1,Carbono/amonia,"camada fechada (eta=0)",-0.32,1,0
30,0,2,Carbono/acido sulfurico,"eta=1 (desbalanco=1, oculto=0)",0.84,0,0
30,0,2,Carbono/acido sulfurico,"camada fechada (eta=0)",-0.2,0,0
30,0,2,Carbono/acido sulfurico,"eta=2 (desbalanco=2, oculto=0)",1.84,0,0
30,0,3,Carbono/metano,"eta=1 (desbalanco=1, oculto=0)",0.94,0,0
30,0,3,Carbono/metano,"camada fechada (eta=0)",-0.02,0,0
30,0,4,Silicio/agua,"camada fechada (eta=0)",-0.12,0,0
30,0,4,Silicio/agua,"eta=1 (desbalanco=1, oculto=0)",0.84,0,0
30,0,5,Silicio/acido sulfurico,"camada fechada (eta=0)",-0.08,0,0
30,1,4,Silicio/agua,"eta=2 (desbalanco=2, oculto=0)",1.84,0,0
30,1,5,Silicio/acido sulfurico,"eta=1 (desbalanco=1, oculto=0)",0.94,0,0
30,2,0,Carbono/agua,"camada fechada (eta=0)",-0.14,0,0
30,2,5,Silicio/acido sulfurico,"camada fechada (eta=0)",-0.08,0,0
30,5,5,Silicio/acido sulfurico,"eta=2 (desbalanco=2, oculto=0)",1.88,0,0
30,7,1,Carbono/amonia,"eta=2 (desbalanco=2, oculto=0)",1.78,0,0
30,7,3,Carbono/metano,"eta=3 (desbalanco=3, oculto=0)",2.68,1,0
30,12,3,Carbono/metano,"eta=2 (desbalanco=2, oculto=0)",1.7,0,0
30,13,0,Carbono/agua,"eta=3 (desbalanco=3, oculto=0)",2.72,0,0
30,21,4,Silicio/agua,"eta=3 (desbalanco=3, oculto=0)",2.82,0,0
30,23,1,Carbono/amonia,"eta=3 (desbalanco=3, oculto=0)",2.82,0,0
30,27,2,Carbono/acido sulfurico,"eta=3 (desbalanco=3, oculto=0)",2.82,0,0
30,33,5,Silicio/acido sulfurico,"eta=3 (desbalanco=3, oculto=0)",2.74,0,0
30,36,0,Carbono/agua,"eta=4 (desbalanco=4, oculto=0)",3.76,1,0
30,40,4,Silicio/agua,"eta=1 (desbalanco=1, oculto=0)",0.84,0,0
30,41,4,Silicio/agua,"camada fechada (eta=0)",-0.08,0,0
30,47,2,Carbono/acido sulfurico,"eta=4 (desbalanco=4, oculto=0)",3.7,0,0
30,52,4,Silicio/agua,"eta=4 (desbalanco=4, oculto=0)",3.74,0,0
30,52,5,Silicio/acido sulfurico,"eta=2 (desbalanco=0, oculto=2)",5.78,1,0
30,68,4,Silicio/agua,"eta=5 (desbalanco=5, oculto=0)",4.7,1,0
30,71,5,Silicio/acido sulfurico,"eta=3 (desbalanco=1, oculto=2)",6.68,1,0
30,74,0,Carbono/agua,"eta=5 (desbalanco=5, oculto=0)",4.7,0,0
30,76,3,Carbono/metano,"eta=4 (desbalanco=4, oculto=0)",3.68,0,0
30,80,1,Carbono/amonia,"eta=4 (desbalanco=4, oculto=0)",3.74,0,0
30,90,4,Silicio/agua,"eta=2 (desbalanco=0, oculto=2)",5.68,0,0
30,100,4,Silicio/agua,"eta=3 (desbalanco=1, oculto=2)",6.68,0,0
30,115,4,Silicio/agua,"eta=2 (desbalanco=0, oculto=2)",5.78,0,0
30,115,4,Silicio/agua,"eta=2 (desbalanco=2, oculto=0)",1.88,0,0
30,120,4,Silicio/agua,"eta=4 (desbalanco=4, oculto=0)",3.76,0,0
30,144,1,Carbono/amonia,"eta=5 (desbalanco=5, oculto=0)",4.68,0,0
30,151,3,Carbono/metano,"eta=5 (desbalanco=5, oculto=0)",4.68,0,0
30,169,2,Carbono/acido sulfurico,"eta=5 (desbalanco=5, oculto=0)",4.68,0,0
30,183,2,Carbono/acido sulfurico,"eta=2 (desbalanco=0, oculto=2)",5.68,0,0
30,191,2,Carbono/acido sulfurico,"eta=3 (desbalanco=1, oculto=2)",6.68,0,0
30,215,0,Carbono/agua,"eta=2 (desbalanco=0, oculto=2)",5.68,0,0
30,217,0,Carbono/agua,"eta=3 (desbalanco=1, oculto=2)",6.68,0,0
30,235,1,Carbono/amonia,"eta=5 (desbalanco=5, oculto=0)",4.7,0,0
30,235,1,Carbono/amonia,"eta=3 (desbalanco=3, oculto=0)",2.72,0,0
31,0,0,Carbono/agua,"eta=1 (desbalanco=1, oculto=0)",0.78,1,0
31,0,0,Carbono/agua,"camada fechada (eta=0)",-0.16,1,0
31,0,1,Carbono/amonia,"camada fechada (eta=0)",-0.24,0,0
31,0,2,Carbono/acido sulfurico,"eta=1 (desbalanco=1, oculto=0)",0.86,0,0
31,0,2,Carbono/acido sulfurico,"camada fechada (eta=0)",-0.12,0,0
31,0,3,Carbono/metano,"camada fechada (eta=0)",-0.16,0,0
31,0,4,Silicio/agua,"eta=1 (desbalanco=1, oculto=0)",0.7,0,0
31,0,4,Silicio/agua,"camada fechada (eta=0)",-0.1,0,0
31,0,5,Silicio/acido sulfurico,"eta=1 (desbalanco=1, oculto=0)",0.7,0,0
31,0,5,Silicio/acido sulfurico,"camada fechada (eta=0)",-0.1,0,0
31,1,1,Carbono/amonia,"eta=1 (desbalanco=1, oculto=0)",0.7,0,0
31,1,4,Silicio/agua,"eta=2 (desbalanco=2, oculto=0)",1.72,1,0
31,1,5,Silicio/acido sulfurico,"eta=2 (desbalanco=2, oculto=0)",1.72,0,0
31,1,5,Silicio/acido sulfurico,"eta=3 (desbalanco=3, oculto=0)",2.68,1,0
31,7,0,Carbono/agua,"eta=2 (desbalanco=2, oculto=0)",1.84,0,0
31,7,3,Carbono/metano,"eta=1 (desbalanco=1, oculto=0)",0.78,0,0
31,9,2,Carbono/acido sulfurico,"eta=2 (desbalanco=2, oculto=0)",1.74,0,0
31,9,4,Silicio/agua,"eta=3 (desbalanco=3, oculto=0)",2.72,0,0
31,16,1,Carbono/amonia,"eta=2 (desbalanco=2, oculto=0)",1.68,0,0
31,21,3,Carbono/metano,"eta=2 (desbalanco=2, oculto=0)",1.76,0,0
31,30,2,Carbono/acido sulfurico,"eta=3 (desbalanco=3, oculto=0)",2.78,0,0
31,34,1,Carbono/amonia,"eta=3 (desbalanco=3, oculto=0)",2.7,0,0
31,56,1,Carbono/amonia,"eta=4 (desbalanco=4, oculto=0)",3.7,1,0
31,58,2,Carbono/acido sulfurico,"eta=4 (desbalanco=4, oculto=0)",3.74,0,0
31,59,0,Carbono/agua,"eta=3 (desbalanco=3, oculto=0)",2.76,0,0
31,62,3,Carbono/metano,"eta=3 (desbalanco=3, oculto=0)",2.76,0,0
31,76,5,Silicio/acido sulfurico,"eta=4 (desbalanco=4, oculto=0)",3.76,0,0
31,78,2,Carbono/acido sulfurico,"eta=5 (desbalanco=5, oculto=0)",4.68,1,0
31,83,3,Carbono/metano,"eta=2 (desbalanco=0, oculto=2)",5.76,1,0
31,93,3,Carbono/metano,"eta=4 (desbalanco=4, oculto=0)",3.72,0,0
31,93,5,Silicio/acido sulfurico,"eta=5 (desbalanco=5, oculto=0)",4.7,0,0
31,98,1,Carbono/amonia,"eta=5 (desbalanco=5, oculto=0)",4.68,0,0
31,106,4,Silicio/agua,"eta=4 (desbalanco=4, oculto=0)",3.76,0,0
31,114,0,Carbono/agua,"eta=4 (desbalanco=4, oculto=0)",3.72,0,0
31,119,0,Carbono/agua,"eta=5 (desbalanco=5, oculto=0)",4.68,0,0
31,126,1,Carbono/amonia,"eta=2 (desbalanco=0, oculto=2)",5.74,0,0
31,128,3,Carbono/metano,"eta=3 (desbalanco=1, oculto=2)",6.68,1,0
31,131,1,Carbono/amonia,"eta=3 (desbalanco=1, oculto=2)",6.72,0,0
31,132,4,Silicio/agua,"eta=1 (desbalanco=1, oculto=0)",0.72,0,0
31,134,4,Silicio/agua,"eta=2 (desbalanco=0, oculto=2)",5.78,0,0
31,149,4,Silicio/agua,"eta=3 (desbalanco=1, oculto=2)",6.7,0,0
31,178,3,Carbono/metano,"eta=3 (desbalanco=1, oculto=2)",6.7,0,0
31,178,3,Carbono/metano,"eta=1 (desbalanco=1, oculto=0)",0.7,0,0
31,180,5,Silicio/acido sulfurico,"eta=2 (desbalanco=0, oculto=2)",5.72,0,0
31,181,5,Silicio/acido sulfurico,"eta=3 (desbalanco=1, oculto=2)",6.68,0,0
31,201,1,Carbono/amonia,"eta=4 (desbalanco=4, oculto=0)",3.72,0,0
31,214,0,Carbono/agua,"eta=2 (desbalanco=0, oculto=2)",5.74,0,0
31,215,0,Carbono/agua,"eta=3 (desbalanco=1, oculto=2)",6.68,0,0
31,234,0,Carbono/agua,"eta=2 (desbalanco=0, oculto=2)",5.72,0,0
31,234,0,Carbono/agua,"eta=1 (desbalanco=1, oculto=0)",0.76,0,0
31,234,0,Carbono/agua,"eta=3 (desbalanco=3, oculto=0)",2.78,0,0
31,247,2,Carbono/acido sulfurico,"eta=2 (desbalanco=0, oculto=2)",5.68,0,0
31,247,2,Carbono/acido sulfurico,"eta=3 (desbalanco=1, oculto=2)",6.68,0,0
31,267,4,Silicio/agua,"eta=5 (desbalanco=5, oculto=0)",4.68,0,0
