rodada,ano,civilizacao,cultura,melhor,classes,experimentos
0,0,0,Carbono/agua,-0.02,1,5
0,0,1,Carbono/amonia,0.86,2,4
0,0,2,Carbono/acido sulfurico,0.92,2,7
0,0,3,Carbono/metano,-0.02,1,2
0,0,4,Silicio/agua,-0.12,1,5
0,0,5,Silicio/acido sulfurico,1.74,3,8
0,5,0,Carbono/agua,0.94,2,32
0,5,1,Carbono/amonia,0.94,2,25
0,5,2,Carbono/acido sulfurico,1.82,3,44
0,5,3,Carbono/metano,0.78,2,15
0,5,4,Silicio/agua,1.82,3,34
0,5,5,Silicio/acido sulfurico,1.86,3,49
0,10,0,Carbono/agua,0.94,2,63
0,10,1,Carbono/amonia,0.94,2,48
0,10,2,Carbono/acido sulfurico,1.82,3,85
0,10,3,Carbono/metano,1.78,3,30
0,10,4,Silicio/agua,1.86,3,67
0,10,5,Silicio/acido sulfurico,1.86,3,93
0,15,0,Carbono/agua,1.88,3,98
0,15,1,Carbono/amonia,1.84,3,73
0,15,2,Carbono/acido sulfurico,2.68,4,130
0,15,3,Carbono/metano,2.72,4,45
0,15,4,Silicio/agua,1.86,3,103
0,15,5,Silicio/acido sulfurico,1.88,3,143
0,20,0,Carbono/agua,2.78,4,136
0,20,1,Carbono/amonia,1.84,3,100
0,20,2,Carbono/acido sulfurico,2.68,4,179
0,20,3,Carbono/metano,2.72,4,61
0,20,4,Silicio/agua,1.86,3,144
0,20,5,Silicio/acido sulfurico,1.88,3,197
0,25,0,Carbono/agua,2.78,4,178
0,25,1,Carbono/amonia,1.84,3,130
0,25,2,Carbono/acido sulfurico,2.68,4,234
0,25,3,Carbono/metano,2.72,4,78
0,25,4,Silicio/agua,2.82,4,188
0,25,5,Silicio/acido sulfurico,2.74,4,257
0,30,0,Carbono/agua,2.78,4,224
0,30,1,Carbono/amonia,1.86,3,163
0,30,2,Carbono/acido sulfurico,2.74,4,293
0,30,3,Carbono/metano,2.72,4,100
0,30,4,Silicio/agua,2.82,4,235
0,30,5,Silicio/acido sulfurico,2.8,4,323
0,35,0,Carbono/agua,2.78,4,275
0,35,1,Carbono/amonia,1.86,3,197
0,35,2,Carbono/acido sulfurico,3.7,5,359
0,35,3,Carbono/metano,2.72,4,123
0,35,4,Silicio/agua,2.82,4,288
0,35,5,Silicio/acido sulfurico,3.7,5,395
0,40,0,Carbono/agua,2.78,4,332
0,40,1,Carbono/amonia,1.86,3,238
0,40,2,Carbono/acido sulfurico,3.74,5,432
0,40,3,Carbono/metano,2.74,4,149
0,40,4,Silicio/agua,2.82,4,349
0,40,5,Silicio/acido sulfurico,3.7,5,476
0,45,0,Carbono/agua,2.8,4,395
0,45,1,Carbono/amonia,1.86,3,283
0,45,2,Carbono/acido sulfurico,3.74,5,512
0,45,3,Carbono/metano,2.74,4,168
0,45,4,Silicio/agua,3.76,5,415
0,45,5,Silicio/acido sulfurico,3.72,5,565
0,50,0,Carbono/agua,2.8,4,464
0,50,1,Carbono/amonia,1.86,3,331
0,50,2,Carbono/acido sulfurico,3.74,5,601
0,50,3,Carbono/metano,2.74,4,183
0,50,4,Silicio/agua,3.76,5,487
0,50,5,Silicio/acido sulfurico,3.72,5,662
0,55,0,Carbono/agua,2.8,4,541
0,55,1,Carbono/amonia,1.88,3,383
0,55,2,Carbono/acido sulfurico,3.74,5,698
0,55,3,Carbono/metano,2.78,4,201
0,55,4,Silicio/agua,3.76,5,549
0,55,5,Silicio/acido sulfurico,3.72,5,768
0,60,0,Carbono/agua,2.8,4,627
0,60,1,Carbono/amonia,1.88,3,441
0,60,2,Carbono/acido sulfurico,3.74,5,807
0,60,3,Carbono/metano,2.78,4,220
0,60,4,Silicio/agua,3.76,5,593
0,60,5,Silicio/acido sulfurico,3.72,5,887
0,65,0,Carbono/agua,2.8,4,720
0,65,1,Carbono/amonia,2.8,4,507
0,65,2,Carbono/acido sulfurico,3.74,5,914
0,65,3,Carbono/metano,2.78,4,241
0,65,4,Silicio/agua,3.76,5,640
0,65,5,Silicio/acido sulfurico,3.74,5,1018
0,70,0,Carbono/agua,2.82,4,823
0,70,1,Carbono/amonia,2.82,4,579
0,70,2,Carbono/acido sulfurico,3.74,5,980
0,70,3,Carbono/metano,2.78,4,264
0,70,4,Silicio/agua,3.76,5,693
0,70,5,Silicio/acido sulfurico,3.74,5,1162
0,75,0,Carbono/agua,2.82,4,938
0,75,1,Carbono/amonia,2.82,4,658
0,75,2,Carbono/acido sulfurico,3.76,5,1052
0,75,3,Carbono/metano,2.78,4,290
0,75,4,Silicio/agua,3.76,5,751
0,75,5,Silicio/acido sulfurico,3.74,5,1323
0,80,0,Carbono/agua,2.82,4,1064
0,80,1,Carbono/amonia,2.82,4,743
0,80,2,Carbono/acido sulfurico,3.76,5,1132
0,80,3,Carbono/metano,2.78,4,319
0,80,4,Silicio/agua,3.76,5,854
0,80,5,Silicio/acido sulfurico,3.74,5,1499
0,85,0,Carbono/agua,2.82,4,1203
0,85,1,Carbono/amonia,2.82,4,838
0,85,2,Carbono/acido sulfurico,3.76,5,1221
0,85,3,Carbono/metano,2.78,4,374
0,85,4,Silicio/agua,3.76,5,998
0,85,5,Silicio/acido sulfurico,3.74,5,1693
0,90,0,Carbono/agua,2.82,4,1356
0,90,1,Carbono/amonia,2.82,4,945
0,90,2,Carbono/acido sulfurico,3.76,5,1361
0,90,3,Carbono/metano,2.8,4,442
0,90,4,Silicio/agua,3.76,5,1158
0,90,5,Silicio/acido sulfurico,3.74,5,1908
0,95,0,Carbono/agua,2.82,4,1525
0,95,1,Carbono/amonia,2.82,4,1060
0,95,2,Carbono/acido sulfurico,3.76,5,1577
0,95,3,Carbono/metano,2.82,4,517
0,95,4,Silicio/agua,3.76,5,1334
0,95,5,Silicio/acido sulfurico,3.74,5,2145
0,100,0,Carbono/agua,2.82,4,1712
0,100,1,Carbono/amonia,2.82,4,1191
0,100,2,Carbono/acido sulfurico,3.76,5,1817
0,100,3,Carbono/metano,2.82,4,601
0,100,4,Silicio/agua,3.76,5,1528
0,100,5,Silicio/acido sulfurico,5.72,6,2408
0,105,0,Carbono/agua,2.82,4,1917
0,105,1,Carbono/amonia,2.82,4,1334
0,105,2,Carbono/acido sulfurico,4.68,6,2080
0,105,3,Carbono/metano,2.82,4,691
0,105,4,Silicio/agua,3.76,5,1743
0,105,5,Silicio/acido sulfurico,5.76,6,2696
0,110,0,Carbono/agua,3.76,5,2144
0,110,1,Carbono/amonia,2.82,4,1491
0,110,2,Carbono/acido sulfurico,4.68,6,2372
0,110,3,Carbono/metano,3.74,5,793
0,110,4,Silicio/agua,4.68,6,1981
0,110,5,Silicio/acido sulfurico,6.72,7,3017
0,115,0,Carbono/agua,3.76,5,2394
0,115,1,Carbono/amonia,2.82,4,1663
0,115,2,Carbono/acido sulfurico,4.7,6,2694
0,115,3,Carbono/metano,3.76,5,905
0,115,4,Silicio/agua,4.7,6,2242
0,115,5,Silicio/acido sulfurico,6.72,7,3370
0,120,0,Carbono/agua,3.76,5,2672
0,120,1,Carbono/amonia,2.82,4,1856
0,120,2,Carbono/acido sulfurico,4.7,6,3050
0,120,3,Carbono/metano,3.76,5,1030
0,120,4,Silicio/agua,4.7,6,2530
0,120,5,Silicio/acido sulfurico,6.72,7,3759
0,125,0,Carbono/agua,3.76,5,2979
0,125,1,Carbono/amonia,2.82,4,2067
0,125,2,Carbono/acido sulfurico,4.7,6,3442
0,125,3,Carbono/metano,4.68,6,1165
0,125,4,Silicio/agua,4.7,6,2848
0,125,5,Silicio/acido sulfurico,6.72,7,4188
0,130,0,Carbono/agua,3.76,5,3317
0,130,1,Carbono/amonia,3.74,5,2301
0,130,2,Carbono/acido sulfurico,4.7,6,3876
0,130,3,Carbono/metano,4.7,6,1316
0,130,4,Silicio/agua,4.7,6,3200
0,130,5,Silicio/acido sulfurico,6.72,7,4664
0,135,0,Carbono/agua,4.68,6,3692
0,135,1,Carbono/amonia,3.76,5,2560
0,135,2,Carbono/acido sulfurico,4.7,6,4353
0,135,3,Carbono/metano,4.7,6,1482
0,135,4,Silicio/agua,4.7,6,3588
0,135,5,Silicio/acido sulfurico,6.72,7,5189
0,140,0,Carbono/agua,4.7,6,4102
0,140,1,Carbono/amonia,4.68,6,2844
0,140,2,Carbono/acido sulfurico,4.7,6,4880
0,140,3,Carbono/metano,4.7,6,1665
0,140,4,Silicio/agua,4.7,6,4016
0,140,5,Silicio/acido sulfurico,6.72,7,5768
0,145,0,Carbono/agua,4.7,6,4558
0,145,1,Carbono/amonia,4.7,6,3158
0,145,2,Carbono/acido sulfurico,4.7,6,5463
0,145,3,Carbono/metano,4.7,6,1824
0,145,4,Silicio/agua,4.7,6,4489
0,145,5,Silicio/acido sulfurico,6.72,7,6407
0,150,0,Carbono/agua,4.7,6,5063
0,150,1,Carbono/amonia,4.7,6,3506
0,150,2,Carbono/acido sulfurico,4.7,6,6106
0,150,3,Carbono/metano,4.7,6,1935
0,150,4,Silicio/agua,4.7,6,5012
0,150,5,Silicio/acido sulfurico,6.72,7,7112
0,155,0,Carbono/agua,4.7,6,5618
0,155,1,Carbono/amonia,4.7,6,3891
0,155,2,Carbono/acido sulfurico,4.7,6,6817
0,155,3,Carbono/metano,4.7,6,2059
0,155,4,Silicio/agua,4.7,6,5589
0,155,5,Silicio/acido sulfurico,6.72,7,7890
0,160,0,Carbono/agua,4.7,6,6231
0,160,1,Carbono/amonia,4.7,6,4315
0,160,2,Carbono/acido sulfurico,4.7,6,7602
0,160,3,Carbono/metano,4.7,6,2195
0,160,4,Silicio/agua,4.7,6,6224
0,160,5,Silicio/acido sulfurico,6.72,7,8750
0,165,0,Carbono/agua,4.7,6,6908
0,165,1,Carbono/amonia,6.7,8,4783
0,165,2,Carbono/acido sulfurico,4.7,6,8469
0,165,3,Carbono/metano,4.7,6,2346
0,165,4,Silicio/agua,6.68,8,6927
0,165,5,Silicio/acido sulfurico,6.72,7,9700
0,170,0,Carbono/agua,4.7,6,7654
0,170,1,Carbono/amonia,6.72,8,5299
0,170,2,Carbono/acido sulfurico,4.7,6,9426
0,170,3,Carbono/metano,4.7,6,2614
0,170,4,Silicio/agua,6.72,8,7702
0,170,5,Silicio/acido sulfurico,6.72,7,10749
0,175,0,Carbono/agua,4.7,6,8478
0,175,1,Carbono/amonia,6.72,8,5853
0,175,2,Carbono/acido sulfurico,4.7,6,10453
0,175,3,Carbono/metano,4.7,6,2969
0,175,4,Silicio/agua,6.72,8,8559
0,175,5,Silicio/acido sulfurico,6.72,7,11875
0,180,0,Carbono/agua,5.76,7,9389
0,180,1,Carbono/amonia,6.72,8,6409
0,180,2,Carbono/acido sulfurico,4.7,6,11483
0,180,3,Carbono/metano,4.7,6,3327
0,180,4,Silicio/agua,6.72,8,9504
0,180,5,Silicio/acido sulfurico,6.72,7,13005
0,185,0,Carbono/agua,6.72,8,10394
0,185,1,Carbono/amonia,6.72,8,6965
0,185,2,Carbono/acido sulfurico,4.7,6,12513
0,185,3,Carbono/metano,4.7,6,3684
0,185,4,Silicio/agua,6.72,8,10546
0,185,5,Silicio/acido sulfurico,6.72,7,14135
0,190,0,Carbono/agua,6.72,8,11504
0,190,1,Carbono/amonia,6.72,8,7522
0,190,2,Carbono/acido sulfurico,4.7,6,13543
0,190,3,Carbono/metano,4.7,6,4040
0,190,4,Silicio/agua,6.72,8,11698
0,190,5,Silicio/acido sulfurico,6.72,7,15264
0,195,0,Carbono/agua,6.72,8,12730
0,195,1,Carbono/amonia,6.72,8,8077
0,195,2,Carbono/acido sulfurico,4.7,6,14572
0,195,3,Carbono/metano,4.7,6,4396
0,195,4,Silicio/agua,6.72,8,12969
0,195,5,Silicio/acido sulfurico,6.72,7,16391
0,200,0,Carbono/agua,6.72,8,14082
0,200,1,Carbono/amonia,6.72,8,8632
0,200,2,Carbono/acido sulfurico,4.7,6,15602
0,200,3,Carbono/metano,4.7,6,4753
0,200,4,Silicio/agua,6.72,8,14373
0,200,5,Silicio/acido sulfurico,6.72,7,17521
0,205,0,Carbono/agua,6.72,8,15575
0,205,1,Carbono/amonia,6.72,8,9188
0,205,2,Carbono/acido sulfurico,4.7,6,16631
0,205,3,Carbono/metano,4.7,6,5108
0,205,4,Silicio/agua,6.72,8,15925
0,205,5,Silicio/acido sulfurico,6.72,7,18650
0,210,0,Carbono/agua,6.72,8,17224
0,210,1,Carbono/amonia,6.72,8,9744
0,210,2,Carbono/acido sulfurico,4.7,6,17660
0,210,3,Carbono/metano,4.7,6,5464
0,210,4,Silicio/agua,6.72,8,17639
0,210,5,Silicio/acido sulfurico,6.72,7,19780
0,215,0,Carbono/agua,6.72,8,19045
0,215,1,Carbono/amonia,6.72,8,10299
0,215,2,Carbono/acido sulfurico,4.7,6,18690
0,215,3,Carbono/metano,4.7,6,5820
0,215,4,Silicio/agua,6.72,8,19529
0,215,5,Silicio/acido sulfurico,6.72,7,20907
0,220,0,Carbono/agua,6.72,8,21055
0,220,1,Carbono/amonia,6.72,8,10855
0,220,2,Carbono/acido sulfurico,4.7,6,19719
0,220,3,Carbono/metano,4.7,6,6177
0,220,4,Silicio/agua,6.72,8,21617
0,220,5,Silicio/acido sulfurico,6.72,7,22036
0,225,0,Carbono/agua,6.72,8,23277
0,225,1,Carbono/amonia,6.72,8,11412
0,225,2,Carbono/acido sulfurico,4.7,6,20748
0,225,3,Carbono/metano,4.7,6,6534
0,225,4,Silicio/agua,6.72,8,23920
0,225,5,Silicio/acido sulfurico,6.72,7,23166
0,230,0,Carbono/agua,6.72,8,25728
0,230,1,Carbono/amonia,6.72,8,11968
0,230,2,Carbono/acido sulfurico,5.78,7,21778
0,230,3,Carbono/metano,4.7,6,6893
0,230,4,Silicio/agua,6.72,8,26464
0,230,5,Silicio/acido sulfurico,6.72,7,24296
0,235,0,Carbono/agua,6.72,8,28386
0,235,1,Carbono/amonia,6.72,8,12524
0,235,2,Carbono/acido sulfurico,6.72,8,22806
0,235,3,Carbono/metano,4.7,6,7249
0,235,4,Silicio/agua,6.72,8,29226
0,235,5,Silicio/acido sulfurico,6.72,7,25425
0,240,0,Carbono/agua,6.72,8,31067
0,240,1,Carbono/amonia,6.72,8,13080
0,240,2,Carbono/acido sulfurico,6.72,8,23835
0,240,3,Carbono/metano,4.7,6,7606
0,240,4,Silicio/agua,6.72,8,32009
0,240,5,Silicio/acido sulfurico,6.72,7,26553
0,245,0,Carbono/agua,6.72,8,33747
0,245,1,Carbono/amonia,6.72,8,13636
0,245,2,Carbono/acido sulfurico,6.72,8,24864
0,245,3,Carbono/metano,4.7,6,7964
0,245,4,Silicio/agua,6.72,8,34791
0,245,5,Silicio/acido sulfurico,6.72,7,27344
0,250,0,Carbono/agua,6.72,8,36427
0,250,1,Carbono/amonia,6.72,8,14191
0,250,2,Carbono/acido sulfurico,6.72,8,25891
0,250,3,Carbono/metano,4.7,6,8321
0,250,4,Silicio/agua,6.72,8,37575
0,250,5,Silicio/acido sulfurico,6.72,7,27909
0,255,0,Carbono/agua,6.72,8,39107
0,255,1,Carbono/amonia,6.72,8,14746
0,255,2,Carbono/acido sulfurico,6.72,8,26919
0,255,3,Carbono/metano,6.72,8,8680
0,255,4,Silicio/agua,6.72,8,40358
0,255,5,Silicio/acido sulfurico,6.72,7,28473
0,260,0,Carbono/agua,6.72,8,41787
0,260,1,Carbono/amonia,6.72,8,15303
0,260,2,Carbono/acido sulfurico,6.72,8,27949
0,260,3,Carbono/metano,6.72,8,9036
0,260,4,Silicio/agua,6.72,8,43143
0,260,5,Silicio/acido sulfurico,6.72,7,29035
0,265,0,Carbono/agua,6.72,8,44468
0,265,1,Carbono/amonia,6.72,8,15859
0,265,2,Carbono/acido sulfurico,6.72,8,28979
0,265,3,Carbono/metano,6.72,8,9392
0,265,4,Silicio/agua,6.72,8,45927
0,265,5,Silicio/acido sulfurico,6.72,7,29599
0,270,0,Carbono/agua,6.72,8,47149
0,270,1,Carbono/amonia,6.72,8,16414
0,270,2,Carbono/acido sulfurico,6.72,8,30009
0,270,3,Carbono/metano,6.72,8,9748
0,270,4,Silicio/agua,6.72,8,48711
0,270,5,Silicio/acido sulfurico,6.72,7,30616
0,275,0,Carbono/agua,6.72,8,49830
0,275,1,Carbono/amonia,6.72,8,16969
0,275,2,Carbono/acido sulfurico,6.72,8,31039
0,275,3,Carbono/metano,6.72,8,10105
0,275,4,Silicio/agua,6.72,8,51494
0,275,5,Silicio/acido sulfurico,6.72,7,31745
0,280,0,Carbono/agua,6.72,8,52510
0,280,1,Carbono/amonia,6.72,8,17526
0,280,2,Carbono/acido sulfurico,6.72,8,32068
0,280,3,Carbono/metano,6.72,8,10460
0,280,4,Silicio/agua,6.72,8,54279
0,280,5,Silicio/acido sulfurico,6.72,7,32874
0,285,0,Carbono/agua,6.72,8,55190
0,285,1,Carbono/amonia,6.72,8,18082
0,285,2,Carbono/acido sulfurico,6.72,8,33097
0,285,3,Carbono/metano,6.72,8,10816
0,285,4,Silicio/agua,6.72,8,57062
0,285,5,Silicio/acido sulfurico,6.72,7,34002
0,290,0,Carbono/agua,6.72,8,57870
0,290,1,Carbono/amonia,6.72,8,18639
0,290,2,Carbono/acido sulfurico,6.72,8,34127
0,290,3,Carbono/metano,6.72,8,11171
0,290,4,Silicio/agua,6.72,8,59845
0,290,5,Silicio/acido sulfurico,6.72,7,35130
0,295,0,Carbono/agua,6.72,8,60550
0,295,1,Carbono/amonia,6.72,8,19194
0,295,2,Carbono/acido sulfurico,6.72,8,35156
0,295,3,Carbono/metano,6.72,8,11527
0,295,4,Silicio/agua,6.72,8,62628
0,295,5,Silicio/acido sulfurico,6.72,7,36258
0,300,0,Carbono/agua,6.72,8,63230
0,300,1,Carbono/amonia,6.72,8,19749
0,300,2,Carbono/acido sulfurico,6.72,8,36186
0,300,3,Carbono/metano,6.72,8,11883
0,300,4,Silicio/agua,6.72,8,65411
0,300,5,Silicio/acido sulfurico,6.72,7,37387
1,0,0,Carbono/agua,0.92,2,5
1,0,1,Carbono/amonia,0.86,1,3
1,0,2,Carbono/acido sulfurico,1.78,3,7
1,0,3,Carbono/metano,1.8,2,3
1,0,4,Silicio/agua,0.92,2,5
1,0,5,Silicio/acido sulfurico,-0.1,1,8
1,5,0,Carbono/agua,0.92,2,33
1,5,1,Carbono/amonia,1.84,3,23
1,5,2,Carbono/acido sulfurico,2.8,4,44
1,5,3,Carbono/metano,1.82,3,16
1,5,4,Silicio/agua,1.74,3,34
1,5,5,Silicio/acido sulfurico,1.74,3,49
1,10,0,Carbono/agua,0.94,2,64
1,10,1,Carbono/amonia,1.84,3,45
1,10,2,Carbono/acido sulfurico,2.8,4,84
1,10,3,Carbono/metano,1.82,3,31
1,10,4,Silicio/agua,1.74,3,68
1,10,5,Silicio/acido sulfurico,2.74,4,92
1,15,0,Carbono/agua,1.84,3,98
1,15,1,Carbono/amonia,1.84,3,69
1,15,2,Carbono/acido sulfurico,2.8,4,128
1,15,3,Carbono/metano,2.78,4,46
1,15,4,Silicio/agua,1.86,3,104
1,15,5,Silicio/acido sulfurico,2.74,4,141
1,20,0,Carbono/agua,1.86,3,136
1,20,1,Carbono/amonia,1.84,3,96
1,20,2,Carbono/acido sulfurico,2.82,4,177
1,20,3,Carbono/metano,2.78,4,63
1,20,4,Silicio/agua,2.68,4,144
1,20,5,Silicio/acido sulfurico,2.74,4,196
1,25,0,Carbono/agua,1.88,3,179
1,25,1,Carbono/amonia,1.84,3,125
1,25,2,Carbono/acido sulfurico,3.76,5,232
1,25,3,Carbono/metano,2.78,4,81
1,25,4,Silicio/agua,2.72,4,188
1,25,5,Silicio/acido sulfurico,2.74,4,255
1,30,0,Carbono/agua,1.88,3,226
1,30,1,Carbono/amonia,1.84,3,157
1,30,2,Carbono/acido sulfurico,3.76,5,291
1,30,3,Carbono/metano,2.78,4,103
1,30,4,Silicio/agua,2.72,4,236
1,30,5,Silicio/acido sulfurico,2.76,4,322
1,35,0,Carbono/agua,1.88,3,278
1,35,1,Carbono/amonia,1.86,3,193
1,35,2,Carbono/acido sulfurico,3.76,5,355
1,35,3,Carbono/metano,2.78,4,126
1,35,4,Silicio/agua,3.7,5,290
1,35,5,Silicio/acido sulfurico,2.76,4,394
1,40,0,Carbono/agua,1.88,3,336
1,40,1,Carbono/amonia,2.72,4,231
1,40,2,Carbono/acido sulfurico,3.76,5,429
1,40,3,Carbono/metano,2.78,4,152
1,40,4,Silicio/agua,3.7,5,349
1,40,5,Silicio/acido sulfurico,2.78,4,474
1,45,0,Carbono/agua,1.88,3,399
1,45,1,Carbono/amonia,2.72,4,273
1,45,2,Carbono/acido sulfurico,3.76,5,510
1,45,3,Carbono/metano,2.78,4,181
1,45,4,Silicio/agua,3.72,5,414
1,45,5,Silicio/acido sulfurico,2.78,4,562
1,50,0,Carbono/agua,1.88,3,468
1,50,1,Carbono/amonia,2.8,4,320
1,50,2,Carbono/acido sulfurico,3.76,5,600
1,50,3,Carbono/metano,2.78,4,212
1,50,4,Silicio/agua,5.68,6,486
1,50,5,Silicio/acido sulfurico,3.72,5,658
1,55,0,Carbono/agua,1.88,3,546
1,55,1,Carbono/amonia,2.8,4,373
1,55,2,Carbono/acido sulfurico,3.76,5,699
1,55,3,Carbono/metano,2.78,4,246
1,55,4,Silicio/agua,5.68,6,564
1,55,5,Silicio/acido sulfurico,3.74,5,766
1,60,0,Carbono/agua,2.82,4,629
1,60,1,Carbono/amonia,2.82,4,432
1,60,2,Carbono/acido sulfurico,3.76,5,809
1,60,3,Carbono/metano,2.8,4,284
1,60,4,Silicio/agua,5.74,6,652
1,60,5,Silicio/acido sulfurico,3.76,5,883
1,65,0,Carbono/agua,2.82,4,722
1,65,1,Carbono/amonia,2.82,4,495
1,65,2,Carbono/acido sulfurico,3.76,5,929
1,65,3,Carbono/metano,2.8,4,325
1,65,4,Silicio/agua,6.7,7,750
1,65,5,Silicio/acido sulfurico,3.76,5,1013
1,70,0,Carbono/agua,2.82,4,825
1,70,1,Carbono/amonia,2.82,4,566
1,70,2,Carbono/acido sulfurico,3.76,5,1061
1,70,3,Carbono/metano,2.8,4,371
1,70,4,Silicio/agua,6.72,7,857
1,70,5,Silicio/acido sulfurico,4.7,6,1159
1,75,0,Carbono/agua,2.82,4,938
1,75,1,Carbono/amonia,2.82,4,645
1,75,2,Carbono/acido sulfurico,3.76,5,1208
1,75,3,Carbono/metano,2.8,4,421
1,75,4,Silicio/agua,6.72,7,975
1,75,5,Silicio/acido sulfurico,4.7,6,1319
1,80,0,Carbono/agua,2.82,4,1066
1,80,1,Carbono/amonia,2.82,4,732
1,80,2,Carbono/acido sulfurico,4.68,6,1369
1,80,3,Carbono/metano,2.8,4,478
1,80,4,Silicio/agua,6.72,7,1105
1,80,5,Silicio/acido sulfurico,4.7,6,1497
1,85,0,Carbono/agua,2.82,4,1205
1,85,1,Carbono/amonia,2.82,4,829
1,85,2,Carbono/acido sulfurico,4.68,6,1547
1,85,3,Carbono/metano,2.8,4,538
1,85,4,Silicio/agua,6.72,7,1249
1,85,5,Silicio/acido sulfurico,4.7,6,1691
1,90,0,Carbono/agua,2.82,4,1357
1,90,1,Carbono/amonia,2.82,4,936
1,90,2,Carbono/acido sulfurico,4.68,6,1743
1,90,3,Carbono/metano,2.8,4,607
1,90,4,Silicio/agua,6.72,7,1409
1,90,5,Silicio/acido sulfurico,6.68,7,1906
1,95,0,Carbono/agua,2.82,4,1527
1,95,1,Carbono/amonia,2.82,4,1006
1,95,2,Carbono/acido sulfurico,4.7,6,1958
1,95,3,Carbono/metano,2.8,4,683
1,95,4,Silicio/agua,6.72,7,1586
1,95,5,Silicio/acido sulfurico,6.7,8,2144
1,100,0,Carbono/agua,2.82,4,1714
1,100,1,Carbono/amonia,2.82,4,1069
1,100,2,Carbono/acido sulfurico,4.7,6,2198
1,100,3,Carbono/metano,2.8,4,765
1,100,4,Silicio/agua,6.72,7,1780
1,100,5,Silicio/acido sulfurico,6.7,8,2405
1,105,0,Carbono/agua,2.82,4,1923
1,105,1,Carbono/amonia,2.82,4,1140
1,105,2,Carbono/acido sulfurico,4.7,6,2463
1,105,3,Carbono/metano,2.8,4,858
1,105,4,Silicio/agua,6.72,7,1992
1,105,5,Silicio/acido sulfurico,6.7,8,2694
1,110,0,Carbono/agua,3.76,5,2150
1,110,1,Carbono/amonia,2.82,4,1219
1,110,2,Carbono/acido sulfurico,4.7,6,2755
1,110,3,Carbono/metano,2.8,4,959
1,110,4,Silicio/agua,6.72,7,2229
1,110,5,Silicio/acido sulfurico,6.7,8,3013
1,115,0,Carbono/agua,3.76,5,2403
1,115,1,Carbono/amonia,2.82,4,1306
1,115,2,Carbono/acido sulfurico,4.7,6,3076
1,115,3,Carbono/metano,2.82,4,1071
1,115,4,Silicio/agua,6.72,7,2489
1,115,5,Silicio/acido sulfurico,6.72,8,3366
1,120,0,Carbono/agua,3.76,5,2680
1,120,1,Carbono/amonia,2.82,4,1499
1,120,2,Carbono/acido sulfurico,4.7,6,3432
1,120,3,Carbono/metano,3.72,5,1194
1,120,4,Silicio/agua,6.72,7,2778
1,120,5,Silicio/acido sulfurico,6.72,8,3757
1,125,0,Carbono/agua,3.76,5,2986
1,125,1,Carbono/amonia,2.82,4,1710
1,125,2,Carbono/acido sulfurico,4.7,6,3824
1,125,3,Carbono/metano,3.76,5,1330
1,125,4,Silicio/agua,6.72,7,3095
1,125,5,Silicio/acido sulfurico,6.72,8,4187
1,130,0,Carbono/agua,3.76,5,3324
1,130,1,Carbono/amonia,2.82,4,1945
1,130,2,Carbono/acido sulfurico,4.7,6,4257
1,130,3,Carbono/metano,3.76,5,1480
1,130,4,Silicio/agua,6.72,7,3446
1,130,5,Silicio/acido sulfurico,6.72,8,4661
1,135,0,Carbono/agua,4.68,6,3697
1,135,1,Carbono/amonia,2.82,4,2205
1,135,2,Carbono/acido sulfurico,4.7,6,4734
1,135,3,Carbono/metano,3.76,5,1644
1,135,4,Silicio/agua,6.72,7,3833
1,135,5,Silicio/acido sulfurico,6.72,8,5185
1,140,0,Carbono/agua,4.7,6,4110
1,140,1,Carbono/amonia,3.76,5,2490
1,140,2,Carbono/acido sulfurico,4.7,6,5261
1,140,3,Carbono/metano,3.76,5,1827
1,140,4,Silicio/agua,6.72,7,4262
1,140,5,Silicio/acido sulfurico,6.72,8,5763
1,145,0,Carbono/agua,4.7,6,4564
1,145,1,Carbono/amonia,4.7,6,2804
1,145,2,Carbono/acido sulfurico,4.7,6,5844
1,145,3,Carbono/metano,3.76,5,2029
1,145,4,Silicio/agua,6.72,7,4734
1,145,5,Silicio/acido sulfurico,6.72,8,6403
1,150,0,Carbono/agua,4.7,6,5067
1,150,1,Carbono/amonia,4.7,6,3152
1,150,2,Carbono/acido sulfurico,4.7,6,6488
1,150,3,Carbono/metano,3.76,5,2252
1,150,4,Silicio/agua,6.72,7,5256
1,150,5,Silicio/acido sulfurico,6.72,8,7109
1,155,0,Carbono/agua,4.7,6,5622
1,155,1,Carbono/amonia,4.7,6,3535
1,155,2,Carbono/acido sulfurico,4.7,6,7199
1,155,3,Carbono/metano,4.68,6,2498
1,155,4,Silicio/agua,6.72,7,5832
1,155,5,Silicio/acido sulfurico,6.72,8,7888
1,160,0,Carbono/agua,4.7,6,6235
1,160,1,Carbono/amonia,4.7,6,3958
1,160,2,Carbono/acido sulfurico,4.7,6,7983
1,160,3,Carbono/metano,4.68,6,2769
1,160,4,Silicio/agua,6.72,7,6467
1,160,5,Silicio/acido sulfurico,6.72,8,8747
1,165,0,Carbono/agua,4.7,6,6912
1,165,1,Carbono/amonia,4.7,6,4426
1,165,2,Carbono/acido sulfurico,4.7,6,8850
1,165,3,Carbono/metano,4.7,6,3070
1,165,4,Silicio/agua,6.72,7,7168
1,165,5,Silicio/acido sulfurico,6.72,8,9696
1,170,0,Carbono/agua,4.7,6,7658
1,170,1,Carbono/amonia,4.7,6,4942
1,170,2,Carbono/acido sulfurico,4.7,6,9805
1,170,3,Carbono/metano,4.7,6,3402
1,170,4,Silicio/agua,6.72,7,7944
1,170,5,Silicio/acido sulfurico,6.72,8,10743
1,175,0,Carbono/agua,4.7,6,8481
1,175,1,Carbono/amonia,4.7,6,5496
1,175,2,Carbono/acido sulfurico,4.7,6,10832
1,175,3,Carbono/metano,4.7,6,3756
1,175,4,Silicio/agua,6.72,7,8801
1,175,5,Silicio/acido sulfurico,6.72,8,11867
1,180,0,Carbono/agua,4.7,6,9391
1,180,1,Carbono/amonia,4.7,6,6052
1,180,2,Carbono/acido sulfurico,4.7,6,11859
1,180,3,Carbono/metano,4.7,6,4112
1,180,4,Silicio/agua,6.72,7,9746
1,180,5,Silicio/acido sulfurico,6.72,8,12997
1,185,0,Carbono/agua,4.7,6,10396
1,185,1,Carbono/amonia,4.7,6,6608
1,185,2,Carbono/acido sulfurico,4.7,6,12888
1,185,3,Carbono/metano,4.7,6,4471
1,185,4,Silicio/agua,6.72,7,10790
1,185,5,Silicio/acido sulfurico,6.72,8,14125
1,190,0,Carbono/agua,4.7,6,11507
1,190,1,Carbono/amonia,4.7,6,7163
1,190,2,Carbono/acido sulfurico,5.74,7,13918
1,190,3,Carbono/metano,4.7,6,4827
1,190,4,Silicio/agua,6.72,7,11942
1,190,5,Silicio/acido sulfurico,6.72,8,15255
1,195,0,Carbono/agua,4.7,6,12732
1,195,1,Carbono/amonia,4.7,6,7719
1,195,2,Carbono/acido sulfurico,6.72,8,14946
1,195,3,Carbono/metano,4.7,6,5183
1,195,4,Silicio/agua,6.72,7,13215
1,195,5,Silicio/acido sulfurico,6.72,5,16384
1,200,0,Carbono/agua,4.7,6,14084
1,200,1,Carbono/amonia,4.7,6,8275
1,200,2,Carbono/acido sulfurico,6.72,8,15976
1,200,3,Carbono/metano,4.7,6,5541
1,200,4,Silicio/agua,6.72,7,14619
1,200,5,Silicio/acido sulfurico,6.72,8,16948
1,205,0,Carbono/agua,4.7,6,15578
1,205,1,Carbono/amonia,4.7,6,8831
1,205,2,Carbono/acido sulfurico,6.72,8,17006
1,205,3,Carbono/metano,4.7,6,5897
1,205,4,Silicio/agua,6.72,7,16170
1,205,5,Silicio/acido sulfurico,6.72,8,17512
1,210,0,Carbono/agua,4.7,6,17227
1,210,1,Carbono/amonia,4.7,6,9386
1,210,2,Carbono/acido sulfurico,6.72,8,18036
1,210,3,Carbono/metano,4.7,6,6254
1,210,4,Silicio/agua,6.72,7,17882
1,210,5,Silicio/acido sulfurico,6.72,8,18076
1,215,0,Carbono/agua,4.7,6,19048
1,215,1,Carbono/amonia,4.7,6,9942
1,215,2,Carbono/acido sulfurico,6.72,8,19066
1,215,3,Carbono/metano,4.7,6,6613
1,215,4,Silicio/agua,6.72,7,19772
1,215,5,Silicio/acido sulfurico,6.72,8,18640
1,220,0,Carbono/agua,4.7,6,21058
1,220,1,Carbono/amonia,4.7,6,10497
1,220,2,Carbono/acido sulfurico,6.72,8,20096
1,220,3,Carbono/metano,4.7,6,6968
1,220,4,Silicio/agua,6.72,7,21859
1,220,5,Silicio/acido sulfurico,6.72,8,19318
1,225,0,Carbono/agua,4.7,6,23277
1,225,1,Carbono/amonia,4.7,6,11053
1,225,2,Carbono/acido sulfurico,6.72,8,21126
1,225,3,Carbono/metano,4.7,6,7324
1,225,4,Silicio/agua,6.72,7,24163
1,225,5,Silicio/acido sulfurico,6.72,8,20447
1,230,0,Carbono/agua,4.7,6,25728
1,230,1,Carbono/amonia,4.7,6,11608
1,230,2,Carbono/acido sulfurico,6.72,8,22155
1,230,3,Carbono/metano,4.7,6,7681
1,230,4,Silicio/agua,6.72,7,26707
1,230,5,Silicio/acido sulfurico,6.72,8,21577
1,235,0,Carbono/agua,4.7,6,28386
1,235,1,Carbono/amonia,4.7,6,12166
1,235,2,Carbono/acido sulfurico,6.72,8,23184
1,235,3,Carbono/metano,4.7,6,8037
1,235,4,Silicio/agua,6.72,7,29469
1,235,5,Silicio/acido sulfurico,6.72,8,22706
1,240,0,Carbono/agua,4.7,6,31066
1,240,1,Carbono/amonia,4.7,6,12721
1,240,2,Carbono/acido sulfurico,6.72,8,24214
1,240,3,Carbono/metano,4.7,6,8392
1,240,4,Silicio/agua,6.72,7,32252
1,240,5,Silicio/acido sulfurico,6.72,8,23834
1,245,0,Carbono/agua,4.7,6,33746
1,245,1,Carbono/amonia,4.7,6,13276
1,245,2,Carbono/acido sulfurico,6.72,8,25244
1,245,3,Carbono/metano,4.7,6,8750
1,245,4,Silicio/agua,6.72,7,35036
1,245,5,Silicio/acido sulfurico,6.72,8,24963
1,250,0,Carbono/agua,4.7,6,36426
1,250,1,Carbono/amonia,4.7,6,13832
1,250,2,Carbono/acido sulfurico,6.72,8,26273
1,250,3,Carbono/metano,4.7,6,9105
1,250,4,Silicio/agua,6.72,7,37818
1,250,5,Silicio/acido sulfurico,6.72,8,26093
1,255,0,Carbono/agua,4.7,6,39106
1,255,1,Carbono/amonia,4.7,6,14388
1,255,2,Carbono/acido sulfurico,6.72,8,27303
1,255,3,Carbono/metano,4.7,6,9462
1,255,4,Silicio/agua,6.72,7,40600
1,255,5,Silicio/acido sulfurico,6.72,8,27223
1,260,0,Carbono/agua,4.7,6,41786
1,260,1,Carbono/amonia,4.7,6,14946
1,260,2,Carbono/acido sulfurico,6.72,8,28331
1,260,3,Carbono/metano,4.7,6,9819
1,260,4,Silicio/agua,6.72,7,43383
1,260,5,Silicio/acido sulfurico,6.72,8,28353
1,265,0,Carbono/agua,4.7,6,44467
1,265,1,Carbono/amonia,4.7,6,15501
1,265,2,Carbono/acido sulfurico,6.72,8,29361
1,265,3,Carbono/metano,4.7,6,10175
1,265,4,Silicio/agua,6.72,7,46165
1,265,5,Silicio/acido sulfurico,6.72,8,29482
1,270,0,Carbono/agua,4.7,6,47147
1,270,1,Carbono/amonia,4.7,6,16056
1,270,2,Carbono/acido sulfurico,6.72,8,30391
1,270,3,Carbono/metano,4.7,6,10531
1,270,4,Silicio/agua,6.72,7,48949
1,270,5,Silicio/acido sulfurico,6.72,8,30612
1,275,0,Carbono/agua,4.7,6,49827
1,275,1,Carbono/amonia,4.7,6,16612
1,275,2,Carbono/acido sulfurico,6.72,8,31421
1,275,3,Carbono/metano,4.7,6,10887
1,275,4,Silicio/agua,6.72,7,51734
1,275,5,Silicio/acido sulfurico,6.72,8,31740
1,280,0,Carbono/agua,4.7,6,52507
1,280,1,Carbono/amonia,4.7,6,17167
1,280,2,Carbono/acido sulfurico,6.72,8,32451
1,280,3,Carbono/metano,4.7,6,11244
1,280,4,Silicio/agua,6.72,7,54518
1,280,5,Silicio/acido sulfurico,6.72,8,32869
1,285,0,Carbono/agua,4.7,6,55188
1,285,1,Carbono/amonia,4.7,6,17723
1,285,2,Carbono/acido sulfurico,6.72,8,33481
1,285,3,Carbono/metano,4.7,6,11600
1,285,4,Silicio/agua,6.72,7,57301
1,285,5,Silicio/acido sulfurico,6.72,8,33999
1,290,0,Carbono/agua,4.7,6,57868
1,290,1,Carbono/amonia,4.7,6,18278
1,290,2,Carbono/acido sulfurico,6.72,8,34511
1,290,3,Carbono/metano,4.7,6,11955
1,290,4,Silicio/agua,6.72,7,60082
1,290,5,Silicio/acido sulfurico,6.72,8,35128
1,295,0,Carbono/agua,4.7,6,60549
1,295,1,Carbono/amonia,4.7,6,18833
1,295,2,Carbono/acido sulfurico,6.72,8,35541
1,295,3,Carbono/metano,4.7,6,12313
1,295,4,Silicio/agua,6.72,7,62865
1,295,5,Silicio/acido sulfurico,6.72,8,36256
1,300,0,Carbono/agua,4.7,6,63231
1,300,1,Carbono/amonia,4.7,6,19388
1,300,2,Carbono/acido sulfurico,6.72,8,36571
1,300,3,Carbono/metano,4.7,6,12672
1,300,4,Silicio/agua,6.72,7,65648
1,300,5,Silicio/acido sulfurico,6.72,8,37384
2,0,0,Carbono/agua,-0.02,1,5
2,0,1,Carbono/amonia,0.82,2,4
2,0,2,Carbono/acido sulfurico,2.7,4,7
2,0,3,Carbono/metano,1.82,2,2
2,0,4,Silicio/agua,1.7,3,6
2,0,5,Silicio/acido sulfurico,-0.06,1,8
2,5,0,Carbono/agua,1.76,3,32
2,5,1,Carbono/amonia,0.88,2,24
2,5,2,Carbono/acido sulfurico,2.72,4,44
2,5,3,Carbono/metano,1.82,3,13
2,5,4,Silicio/agua,1.86,3,36
2,5,5,Silicio/acido sulfurico,1.88,3,48
2,10,0,Carbono/agua,1.78,3,63
2,10,1,Carbono/amonia,1.86,3,45
2,10,2,Carbono/acido sulfurico,2.72,4,85
2,10,3,Carbono/metano,1.82,3,27
2,10,4,Silicio/agua,2.7,4,70
2,10,5,Silicio/acido sulfurico,1.88,3,93
2,15,0,Carbono/agua,2.72,4,98
2,15,1,Carbono/amonia,1.86,3,69
2,15,2,Carbono/acido sulfurico,2.72,4,129
2,15,3,Carbono/metano,1.82,3,42
2,15,4,Silicio/agua,2.7,4,106
2,15,5,Silicio/acido sulfurico,1.88,3,142
2,20,0,Carbono/agua,2.74,4,137
2,20,1,Carbono/amonia,1.86,3,95
2,20,2,Carbono/acido sulfurico,2.7,4,157
2,20,3,Carbono/metano,1.84,3,59
2,20,4,Silicio/agua,2.72,4,146
2,20,5,Silicio/acido sulfurico,2.74,4,196
2,25,0,Carbono/agua,2.74,4,180
2,25,1,Carbono/amonia,1.88,3,125
2,25,2,Carbono/acido sulfurico,2.7,4,184
2,25,3,Carbono/metano,1.84,3,77
2,25,4,Silicio/agua,2.78,4,190
2,25,5,Silicio/acido sulfurico,2.74,4,256
2,30,0,Carbono/agua,2.82,4,226
2,30,1,Carbono/amonia,1.88,3,157
2,30,2,Carbono/acido sulfurico,2.72,4,214
2,30,3,Carbono/metano,1.86,3,98
2,30,4,Silicio/agua,2.78,4,239
2,30,5,Silicio/acido sulfurico,3.72,5,322
2,35,0,Carbono/agua,2.82,4,278
2,35,1,Carbono/amonia,1.88,3,192
2,35,2,Carbono/acido sulfurico,2.72,4,248
2,35,3,Carbono/metano,1.86,3,119
2,35,4,Silicio/agua,2.78,4,292
2,35,5,Silicio/acido sulfurico,3.72,5,395
2,40,0,Carbono/agua,3.7,5,335
2,40,1,Carbono/amonia,5.72,4,232
2,40,2,Carbono/acido sulfurico,2.74,4,284
2,40,3,Carbono/metano,1.86,3,146
2,40,4,Silicio/agua,5.72,5,352
2,40,5,Silicio/acido sulfurico,3.76,5,474
2,45,0,Carbono/agua,3.7,5,398
2,45,1,Carbono/amonia,5.72,4,275
2,45,2,Carbono/acido sulfurico,2.78,4,364
2,45,3,Carbono/metano,1.86,3,175
2,45,4,Silicio/agua,5.72,5,418
2,45,5,Silicio/acido sulfurico,3.76,5,564
2,50,0,Carbono/agua,3.7,5,466
2,50,1,Carbono/amonia,5.72,5,323
2,50,2,Carbono/acido sulfurico,2.78,4,453
2,50,3,Carbono/metano,1.86,3,206
2,50,4,Silicio/agua,5.72,5,490
2,50,5,Silicio/acido sulfurico,3.76,5,662
2,55,0,Carbono/agua,3.7,5,543
2,55,1,Carbono/amonia,5.72,6,376
2,55,2,Carbono/acido sulfurico,2.78,4,551
2,55,3,Carbono/metano,1.86,3,240
2,55,4,Silicio/agua,5.72,6,569
2,55,5,Silicio/acido sulfurico,3.76,5,768
2,60,0,Carbono/agua,3.7,5,629
2,60,1,Carbono/amonia,5.72,6,435
2,60,2,Carbono/acido sulfurico,2.78,4,658
2,60,3,Carbono/metano,2.8,4,279
2,60,4,Silicio/agua,5.72,6,656
2,60,5,Silicio/acido sulfurico,3.76,5,888
2,65,0,Carbono/agua,3.74,5,721
2,65,1,Carbono/amonia,5.72,6,499
2,65,2,Carbono/acido sulfurico,2.78,4,777
2,65,3,Carbono/metano,2.8,4,321
2,65,4,Silicio/agua,5.72,6,753
2,65,5,Silicio/acido sulfurico,4.68,6,1020
2,70,0,Carbono/agua,4.7,6,825
2,70,1,Carbono/amonia,5.74,6,570
2,70,2,Carbono/acido sulfurico,2.78,4,909
2,70,3,Carbono/metano,2.8,4,366
2,70,4,Silicio/agua,6.72,6,826
2,70,5,Silicio/acido sulfurico,4.7,6,1165
2,75,0,Carbono/agua,4.7,6,936
2,75,1,Carbono/amonia,6.7,7,649
2,75,2,Carbono/acido sulfurico,2.78,4,1054
2,75,3,Carbono/metano,2.8,4,416
2,75,4,Silicio/agua,6.72,6,885
2,75,5,Silicio/acido sulfurico,4.7,6,1325
2,80,0,Carbono/agua,4.7,6,1061
2,80,1,Carbono/amonia,6.7,7,735
2,80,2,Carbono/acido sulfurico,2.8,4,1215
2,80,3,Carbono/metano,2.82,4,472
2,80,4,Silicio/agua,6.72,6,950
2,80,5,Silicio/acido sulfurico,4.7,6,1501
2,85,0,Carbono/agua,6.68,8,1199
2,85,1,Carbono/amonia,6.7,7,793
2,85,2,Carbono/acido sulfurico,2.8,4,1392
2,85,3,Carbono/metano,2.82,4,533
2,85,4,Silicio/agua,6.72,6,1023
2,85,5,Silicio/acido sulfurico,4.7,6,1697
2,90,0,Carbono/agua,6.68,8,1353
2,90,1,Carbono/amonia,6.7,7,846
2,90,2,Carbono/acido sulfurico,2.8,4,1589
2,90,3,Carbono/metano,2.82,4,601
2,90,4,Silicio/agua,6.72,6,1102
2,90,5,Silicio/acido sulfurico,4.7,6,1913
2,95,0,Carbono/agua,6.68,8,1523
2,95,1,Carbono/amonia,6.7,7,905
2,95,2,Carbono/acido sulfurico,2.8,4,1806
2,95,3,Carbono/metano,2.82,4,675
2,95,4,Silicio/agua,6.72,6,1190
2,95,5,Silicio/acido sulfurico,4.7,6,2150
2,100,0,Carbono/agua,6.7,8,1710
2,100,1,Carbono/amonia,6.72,7,969
2,100,2,Carbono/acido sulfurico,2.8,4,2046
2,100,3,Carbono/metano,2.82,4,758
2,100,4,Silicio/agua,6.72,6,1288
2,100,5,Silicio/acido sulfurico,4.7,6,2411
2,105,0,Carbono/agua,6.72,8,1916
2,105,1,Carbono/amonia,6.72,7,1041
2,105,2,Carbono/acido sulfurico,2.8,4,2311
2,105,3,Carbono/metano,2.82,4,850
2,105,4,Silicio/agua,6.72,6,1396
2,105,5,Silicio/acido sulfurico,4.7,6,2699
2,110,0,Carbono/agua,6.72,8,2144
2,110,1,Carbono/amonia,6.72,7,1201
2,110,2,Carbono/acido sulfurico,2.82,4,2603
2,110,3,Carbono/metano,2.82,4,950
2,110,4,Silicio/agua,6.72,6,1608
2,110,5,Silicio/acido sulfurico,4.7,6,3019
2,115,0,Carbono/agua,6.72,8,2396
2,115,1,Carbono/amonia,6.72,7,1373
2,115,2,Carbono/acido sulfurico,3.76,5,2924
2,115,3,Carbono/metano,2.82,4,1063
2,115,4,Silicio/agua,6.72,3,1869
2,115,5,Silicio/acido sulfurico,4.7,6,3372
2,120,0,Carbono/agua,6.72,8,2675
2,120,1,Carbono/amonia,6.72,7,1565
2,120,2,Carbono/acido sulfurico,3.76,5,3281
2,120,3,Carbono/metano,3.74,5,1186
2,120,4,Silicio/agua,6.72,6,2012
2,120,5,Silicio/acido sulfurico,4.7,6,3762
2,125,0,Carbono/agua,6.72,8,2981
2,125,1,Carbono/amonia,6.72,7,1777
2,125,2,Carbono/acido sulfurico,3.76,5,3672
2,125,3,Carbono/metano,3.76,5,1322
2,125,4,Silicio/agua,6.72,7,2172
2,125,5,Silicio/acido sulfurico,4.7,6,4192
2,130,0,Carbono/agua,6.72,5,3319
2,130,1,Carbono/amonia,6.72,7,2011
2,130,2,Carbono/acido sulfurico,3.76,5,4106
2,130,3,Carbono/metano,3.76,5,1472
2,130,4,Silicio/agua,6.72,7,2348
2,130,5,Silicio/acido sulfurico,4.7,6,4666
2,135,0,Carbono/agua,6.72,8,3504
2,135,1,Carbono/amonia,6.72,7,2268
2,135,2,Carbono/acido sulfurico,4.7,6,4585
2,135,3,Carbono/metano,4.7,6,1638
2,135,4,Silicio/agua,6.72,7,2541
2,135,5,Silicio/acido sulfurico,4.7,6,5190
2,140,0,Carbono/agua,6.72,5,3709
2,140,1,Carbono/amonia,6.72,7,2438
2,140,2,Carbono/acido sulfurico,4.7,6,5114
2,140,3,Carbono/metano,4.7,6,1822
2,140,4,Silicio/agua,6.72,7,2756
2,140,5,Silicio/acido sulfurico,4.7,6,5768
2,145,0,Carbono/agua,6.72,7,3937
2,145,1,Carbono/amonia,6.72,7,2596
2,145,2,Carbono/acido sulfurico,4.7,6,5697
2,145,3,Carbono/metano,4.7,6,2023
2,145,4,Silicio/agua,6.72,7,3137
2,145,5,Silicio/acido sulfurico,4.7,6,6408
2,150,0,Carbono/agua,6.72,7,4188
2,150,1,Carbono/amonia,6.72,7,2769
2,150,2,Carbono/acido sulfurico,4.7,6,6342
2,150,3,Carbono/metano,4.7,6,2246
2,150,4,Silicio/agua,6.72,8,3658
2,150,5,Silicio/acido sulfurico,4.7,6,7113
2,155,0,Carbono/agua,6.72,7,4465
2,155,1,Carbono/amonia,6.72,7,2960
2,155,2,Carbono/acido sulfurico,4.7,6,7052
2,155,3,Carbono/metano,4.7,6,2493
2,155,4,Silicio/agua,6.72,8,4235
2,155,5,Silicio/acido sulfurico,4.7,6,7892
2,160,0,Carbono/agua,6.72,7,4772
2,160,1,Carbono/amonia,6.72,7,3172
2,160,2,Carbono/acido sulfurico,4.7,6,7836
2,160,3,Carbono/metano,4.7,6,2766
2,160,4,Silicio/agua,6.72,8,4870
2,160,5,Silicio/acido sulfurico,4.7,6,8753
2,165,0,Carbono/agua,6.72,7,5180
2,165,1,Carbono/amonia,6.72,7,3596
2,165,2,Carbono/acido sulfurico,4.7,6,8703
2,165,3,Carbono/metano,4.7,6,3066
2,165,4,Silicio/agua,6.72,8,5573
2,165,5,Silicio/acido sulfurico,4.7,6,9702
2,170,0,Carbono/agua,6.72,7,5928
2,170,1,Carbono/amonia,6.72,7,4111
2,170,2,Carbono/acido sulfurico,4.7,6,9660
2,170,3,Carbono/metano,4.7,6,3396
2,170,4,Silicio/agua,6.72,8,6349
2,170,5,Silicio/acido sulfurico,4.7,6,10430
2,175,0,Carbono/agua,6.72,7,6754
2,175,1,Carbono/amonia,6.72,7,4665
2,175,2,Carbono/acido sulfurico,4.7,6,10687
2,175,3,Carbono/metano,4.7,6,3750
2,175,4,Silicio/agua,6.72,8,7205
2,175,5,Silicio/acido sulfurico,4.7,6,10992
2,180,0,Carbono/agua,6.72,7,7664
2,180,1,Carbono/amonia,6.72,7,5221
2,180,2,Carbono/acido sulfurico,4.7,6,11716
2,180,3,Carbono/metano,4.7,6,4108
2,180,4,Silicio/agua,6.72,8,8150
2,180,5,Silicio/acido sulfurico,4.7,6,11556
2,185,0,Carbono/agua,6.72,7,8669
2,185,1,Carbono/amonia,6.72,7,5776
2,185,2,Carbono/acido sulfurico,4.7,6,12746
2,185,3,Carbono/metano,4.7,6,4463
2,185,4,Silicio/agua,6.72,8,9195
2,185,5,Silicio/acido sulfurico,4.7,6,12120
2,190,0,Carbono/agua,6.72,7,9779
2,190,1,Carbono/amonia,6.72,7,6332
2,190,2,Carbono/acido sulfurico,4.7,6,13776
2,190,3,Carbono/metano,4.7,6,4818
2,190,4,Silicio/agua,6.72,8,10347
2,190,5,Silicio/acido sulfurico,4.7,6,12685
2,195,0,Carbono/agua,6.72,7,11005
2,195,1,Carbono/amonia,6.72,7,6887
2,195,2,Carbono/acido sulfurico,4.7,6,14806
2,195,3,Carbono/metano,4.7,6,5174
2,195,4,Silicio/agua,6.72,8,11619
2,195,5,Silicio/acido sulfurico,4.7,6,13701
2,200,0,Carbono/agua,6.72,7,12356
2,200,1,Carbono/amonia,6.72,7,7442
2,200,2,Carbono/acido sulfurico,4.7,6,15836
2,200,3,Carbono/metano,4.7,6,5530
2,200,4,Silicio/agua,6.72,8,13024
2,200,5,Silicio/acido sulfurico,4.7,6,14829
2,205,0,Carbono/agua,6.72,7,13851
2,205,1,Carbono/amonia,6.72,7,7997
2,205,2,Carbono/acido sulfurico,4.7,6,16865
2,205,3,Carbono/metano,4.7,6,5886
2,205,4,Silicio/agua,6.72,8,14575
2,205,5,Silicio/acido sulfurico,4.7,6,15958
2,210,0,Carbono/agua,6.72,7,15501
2,210,1,Carbono/amonia,6.72,7,8552
2,210,2,Carbono/acido sulfurico,4.7,6,17895
2,210,3,Carbono/metano,5.74,7,6241
2,210,4,Silicio/agua,6.72,8,16287
2,210,5,Silicio/acido sulfurico,4.7,6,17087
2,215,0,Carbono/agua,6.72,7,17322
2,215,1,Carbono/amonia,6.72,7,9108
2,215,2,Carbono/acido sulfurico,4.7,6,18925
2,215,3,Carbono/metano,5.74,7,6597
2,215,4,Silicio/agua,6.72,8,18177
2,215,5,Silicio/acido sulfurico,4.7,6,18217
2,220,0,Carbono/agua,6.72,7,19332
2,220,1,Carbono/amonia,6.72,7,9664
2,220,2,Carbono/acido sulfurico,4.7,6,19955
2,220,3,Carbono/metano,6.7,8,6954
2,220,4,Silicio/agua,6.72,8,20263
2,220,5,Silicio/acido sulfurico,4.7,6,19345
2,225,0,Carbono/agua,6.72,7,21550
2,225,1,Carbono/amonia,6.72,7,10219
2,225,2,Carbono/acido sulfurico,4.7,6,20984
2,225,3,Carbono/metano,6.72,8,7312
2,225,4,Silicio/agua,6.72,8,22568
2,225,5,Silicio/acido sulfurico,4.7,6,20474
2,230,0,Carbono/agua,6.72,7,24000
2,230,1,Carbono/amonia,6.72,7,10774
2,230,2,Carbono/acido sulfurico,4.7,6,22014
2,230,3,Carbono/metano,6.72,7,7668
2,230,4,Silicio/agua,6.72,8,25113
2,230,5,Silicio/acido sulfurico,4.7,6,21604
2,235,0,Carbono/agua,6.72,7,26659
2,235,1,Carbono/amonia,6.72,7,11330
2,235,2,Carbono/acido sulfurico,4.7,6,23044
2,235,3,Carbono/metano,6.72,8,7848
2,235,4,Silicio/agua,6.72,8,27874
2,235,5,Silicio/acido sulfurico,4.7,6,22731
2,240,0,Carbono/agua,6.72,7,29340
2,240,1,Carbono/amonia,6.72,7,11885
2,240,2,Carbono/acido sulfurico,5.72,7,24074
2,240,3,Carbono/metano,6.72,8,8025
2,240,4,Silicio/agua,6.72,8,30657
2,240,5,Silicio/acido sulfurico,4.7,6,23860
2,245,0,Carbono/agua,6.72,7,32020
2,245,1,Carbono/amonia,6.72,7,12441
2,245,2,Carbono/acido sulfurico,6.72,8,25103
2,245,3,Carbono/metano,6.72,8,8204
2,245,4,Silicio/agua,6.72,8,33439
2,245,5,Silicio/acido sulfurico,4.7,6,24989
2,250,0,Carbono/agua,6.72,7,34700
2,250,1,Carbono/amonia,6.72,7,12996
2,250,2,Carbono/acido sulfurico,6.72,8,26133
2,250,3,Carbono/metano,6.72,8,8382
2,250,4,Silicio/agua,6.72,8,36221
2,250,5,Silicio/acido sulfurico,4.7,6,26119
2,255,0,Carbono/agua,6.72,7,37382
2,255,1,Carbono/amonia,6.72,7,13552
2,255,2,Carbono/acido sulfurico,6.72,8,27162
2,255,3,Carbono/metano,6.72,8,8595
2,255,4,Silicio/agua,6.72,8,39003
2,255,5,Silicio/acido sulfurico,4.7,6,27249
2,260,0,Carbono/agua,6.72,7,40063
2,260,1,Carbono/amonia,6.72,7,14108
2,260,2,Carbono/acido sulfurico,6.72,8,28192
2,260,3,Carbono/metano,6.72,8,8951
2,260,4,Silicio/agua,6.72,8,41787
2,260,5,Silicio/acido sulfurico,4.7,6,28379
2,265,0,Carbono/agua,6.72,7,42745
2,265,1,Carbono/amonia,6.72,7,14664
2,265,2,Carbono/acido sulfurico,6.72,8,29222
2,265,3,Carbono/metano,6.72,8,9307
2,265,4,Silicio/agua,6.72,8,44571
2,265,5,Silicio/acido sulfurico,4.7,6,29507
2,270,0,Carbono/agua,6.72,7,45425
2,270,1,Carbono/amonia,6.72,7,15219
2,270,2,Carbono/acido sulfurico,6.72,8,30252
2,270,3,Carbono/metano,6.72,8,9665
2,270,4,Silicio/agua,6.72,8,47355
2,270,5,Silicio/acido sulfurico,4.7,6,30635
2,275,0,Carbono/agua,6.72,7,48107
2,275,1,Carbono/amonia,6.72,7,15776
2,275,2,Carbono/acido sulfurico,6.72,8,31282
2,275,3,Carbono/metano,6.72,8,10022
2,275,4,Silicio/agua,6.72,8,50137
2,275,5,Silicio/acido sulfurico,4.7,6,31763
2,280,0,Carbono/agua,6.72,7,50787
2,280,1,Carbono/amonia,6.72,7,16331
2,280,2,Carbono/acido sulfurico,6.72,8,32312
2,280,3,Carbono/metano,6.72,8,10378
2,280,4,Silicio/agua,6.72,8,52922
2,280,5,Silicio/acido sulfurico,4.7,6,32890
2,285,0,Carbono/agua,6.72,7,53468
2,285,1,Carbono/amonia,6.72,7,16886
2,285,2,Carbono/acido sulfurico,6.72,8,33342
2,285,3,Carbono/metano,6.72,8,10736
2,285,4,Silicio/agua,6.72,8,55707
2,285,5,Silicio/acido sulfurico,4.7,6,34018
2,290,0,Carbono/agua,6.72,7,56148
2,290,1,Carbono/amonia,6.72,7,17442
2,290,2,Carbono/acido sulfurico,6.72,8,34371
2,290,3,Carbono/metano,6.72,8,11093
2,290,4,Silicio/agua,6.72,8,58491
2,290,5,Silicio/acido sulfurico,4.7,6,35147
2,295,0,Carbono/agua,6.72,7,58829
2,295,1,Carbono/amonia,6.72,7,17997
2,295,2,Carbono/acido sulfurico,6.72,8,35401
2,295,3,Carbono/metano,6.72,8,11378
2,295,4,Silicio/agua,6.72,8,61275
2,295,5,Silicio/acido sulfurico,4.7,6,36277
2,300,0,Carbono/agua,6.72,7,61510
2,300,1,Carbono/amonia,6.72,7,18552
2,300,2,Carbono/acido sulfurico,6.72,8,36430
2,300,3,Carbono/metano,6.72,8,11555
2,300,4,Silicio/agua,6.72,8,64058
2,300,5,Silicio/acido sulfurico,4.7,6,37406
3,0,0,Carbono/agua,0.86,2,5
3,0,1,Carbono/amonia,1.74,3,4
3,0,2,Carbono/acido sulfurico,0.74,2,7
3,0,3,Carbono/metano,0.7,2,2
3,0,4,Silicio/agua,0.92,2,5
3,0,5,Silicio/acido sulfurico,0.9,2,8
3,5,0,Carbono/agua,1.84,3,33
3,5,1,Carbono/amonia,1.78,3,23
3,5,2,Carbono/acido sulfurico,2.7,4,45
3,5,3,Carbono/metano,1.7,3,13
3,5,4,Silicio/agua,0.92,2,35
3,5,5,Silicio/acido sulfurico,0.92,2,50
3,10,0,Carbono/agua,1.84,3,64
3,10,1,Carbono/amonia,1.8,3,45
3,10,2,Carbono/acido sulfurico,2.72,4,84
3,10,3,Carbono/metano,1.82,3,25
3,10,4,Silicio/agua,1.82,3,68
3,10,5,Silicio/acido sulfurico,0.94,2,95
3,15,0,Carbono/agua,1.84,3,99
3,15,1,Carbono/amonia,1.82,3,70
3,15,2,Carbono/acido sulfurico,2.76,4,130
3,15,3,Carbono/metano,2.72,4,41
3,15,4,Silicio/agua,1.82,3,102
3,15,5,Silicio/acido sulfurico,0.94,2,143
3,20,0,Carbono/agua,1.86,3,138
3,20,1,Carbono/amonia,1.88,3,96
3,20,2,Carbono/acido sulfurico,5.7,5,178
3,20,3,Carbono/metano,2.72,4,59
3,20,4,Silicio/agua,1.84,3,142
3,20,5,Silicio/acido sulfurico,1.88,3,195
3,25,0,Carbono/agua,1.86,3,181
3,25,1,Carbono/amonia,1.88,3,126
3,25,2,Carbono/acido sulfurico,5.7,5,233
3,25,3,Carbono/metano,2.74,4,78
3,25,4,Silicio/agua,1.84,3,184
3,25,5,Silicio/acido sulfurico,1.88,3,256
3,30,0,Carbono/agua,2.8,4,228
3,30,1,Carbono/amonia,2.7,4,159
3,30,2,Carbono/acido sulfurico,5.7,6,292
3,30,3,Carbono/metano,2.74,4,98
3,30,4,Silicio/agua,1.84,3,231
3,30,5,Silicio/acido sulfurico,2.76,4,321
3,35,0,Carbono/agua,2.8,4,281
3,35,1,Carbono/amonia,2.78,4,194
3,35,2,Carbono/acido sulfurico,5.7,6,359
3,35,3,Carbono/metano,2.78,4,122
3,35,4,Silicio/agua,1.86,3,284
3,35,5,Silicio/acido sulfurico,2.82,4,393
3,40,0,Carbono/agua,2.8,4,339
3,40,1,Carbono/amonia,2.8,4,233
3,40,2,Carbono/acido sulfurico,5.7,6,433
3,40,3,Carbono/metano,2.78,4,148
3,40,4,Silicio/agua,2.78,4,343
3,40,5,Silicio/acido sulfurico,2.82,4,472
3,45,0,Carbono/agua,2.8,4,401
3,45,1,Carbono/amonia,3.7,5,276
3,45,2,Carbono/acido sulfurico,5.72,6,514
3,45,3,Carbono/metano,2.78,4,176
3,45,4,Silicio/agua,2.82,4,409
3,45,5,Silicio/acido sulfurico,2.82,4,560
3,50,0,Carbono/agua,2.8,4,471
3,50,1,Carbono/amonia,3.7,5,324
3,50,2,Carbono/acido sulfurico,5.76,6,602
3,50,3,Carbono/metano,2.78,4,206
3,50,4,Silicio/agua,2.82,4,481
3,50,5,Silicio/acido sulfurico,2.82,4,657
3,55,0,Carbono/agua,3.72,5,547
3,55,1,Carbono/amonia,3.7,5,378
3,55,2,Carbono/acido sulfurico,6.7,7,700
3,55,3,Carbono/metano,2.78,4,239
3,55,4,Silicio/agua,2.82,4,560
3,55,5,Silicio/acido sulfurico,3.7,5,764
3,60,0,Carbono/agua,4.7,6,630
3,60,1,Carbono/amonia,3.72,5,438
3,60,2,Carbono/acido sulfurico,6.72,7,808
3,60,3,Carbono/metano,3.7,5,276
3,60,4,Silicio/agua,2.82,4,647
3,60,5,Silicio/acido sulfurico,3.72,5,883
3,65,0,Carbono/agua,4.7,6,724
3,65,1,Carbono/amonia,3.74,5,501
3,65,2,Carbono/acido sulfurico,6.72,7,928
3,65,3,Carbono/metano,3.7,5,317
3,65,4,Silicio/agua,3.72,5,743
3,65,5,Silicio/acido sulfurico,4.7,6,1013
3,70,0,Carbono/agua,4.7,6,828
3,70,1,Carbono/amonia,3.74,5,572
3,70,2,Carbono/acido sulfurico,6.72,7,1061
3,70,3,Carbono/metano,3.7,5,348
3,70,4,Silicio/agua,3.76,5,850
3,70,5,Silicio/acido sulfurico,4.7,6,1159
3,75,0,Carbono/agua,4.7,6,940
3,75,1,Carbono/amonia,3.74,5,650
3,75,2,Carbono/acido sulfurico,6.72,7,1207
3,75,3,Carbono/metano,3.7,5,375
3,75,4,Silicio/agua,3.76,5,968
3,75,5,Silicio/acido sulfurico,4.7,6,1320
3,80,0,Carbono/agua,4.7,6,1066
3,80,1,Carbono/amonia,3.76,5,737
3,80,2,Carbono/acido sulfurico,6.72,7,1368
3,80,3,Carbono/metano,3.7,5,401
3,80,4,Silicio/agua,3.76,5,1098
3,80,5,Silicio/acido sulfurico,4.7,6,1497
3,85,0,Carbono/agua,4.7,6,1205
3,85,1,Carbono/amonia,3.76,5,834
3,85,2,Carbono/acido sulfurico,6.72,7,1545
3,85,3,Carbono/metano,3.7,5,433
3,85,4,Silicio/agua,4.68,6,1243
3,85,5,Silicio/acido sulfurico,4.7,6,1690
3,90,0,Carbono/agua,4.7,6,1358
3,90,1,Carbono/amonia,3.76,5,940
3,90,2,Carbono/acido sulfurico,6.72,7,1741
3,90,3,Carbono/metano,3.7,5,466
3,90,4,Silicio/agua,4.7,6,1402
3,90,5,Silicio/acido sulfurico,4.7,6,1905
3,95,0,Carbono/agua,4.7,6,1528
3,95,1,Carbono/amonia,3.76,5,1056
3,95,2,Carbono/acido sulfurico,6.72,7,1957
3,95,3,Carbono/metano,3.7,5,533
3,95,4,Silicio/agua,4.7,6,1578
3,95,5,Silicio/acido sulfurico,4.7,6,2142
3,100,0,Carbono/agua,4.7,6,1715
3,100,1,Carbono/amonia,4.68,6,1187
3,100,2,Carbono/acido sulfurico,6.72,7,2197
3,100,3,Carbono/metano,3.72,5,615
3,100,4,Silicio/agua,4.7,6,1771
3,100,5,Silicio/acido sulfurico,4.7,6,2405
3,105,0,Carbono/agua,4.7,6,1921
3,105,1,Carbono/amonia,4.68,6,1328
3,105,2,Carbono/acido sulfurico,6.72,7,2460
3,105,3,Carbono/metano,3.72,5,707
3,105,4,Silicio/agua,4.7,6,1986
3,105,5,Silicio/acido sulfurico,4.7,6,2694
3,110,0,Carbono/agua,4.7,6,2150
3,110,1,Carbono/amonia,4.68,6,1486
3,110,2,Carbono/acido sulfurico,6.72,7,2751
3,110,3,Carbono/metano,4.68,6,807
3,110,4,Silicio/agua,4.7,6,2222
3,110,5,Silicio/acido sulfurico,4.7,6,3015
3,115,0,Carbono/agua,4.7,6,2403
3,115,1,Carbono/amonia,4.7,6,1660
3,115,2,Carbono/acido sulfurico,6.72,7,3073
3,115,3,Carbono/metano,4.68,6,918
3,115,4,Silicio/agua,4.7,6,2482
3,115,5,Silicio/acido sulfurico,4.7,6,3368
3,120,0,Carbono/agua,4.7,6,2681
3,120,1,Carbono/amonia,4.7,6,1851
3,120,2,Carbono/acido sulfurico,6.72,7,3429
3,120,3,Carbono/metano,4.68,6,1041
3,120,4,Silicio/agua,4.7,6,2770
3,120,5,Silicio/acido sulfurico,4.7,6,3601
3,125,0,Carbono/agua,4.7,6,2988
3,125,1,Carbono/amonia,4.7,6,2062
3,125,2,Carbono/acido sulfurico,6.72,7,3821
3,125,3,Carbono/metano,4.68,6,1178
3,125,4,Silicio/agua,4.7,6,3090
3,125,5,Silicio/acido sulfurico,4.7,6,3815
3,130,0,Carbono/agua,4.7,3,3326
3,130,1,Carbono/amonia,4.68,6,2248
3,130,2,Carbono/acido sulfurico,6.72,7,4254
3,130,3,Carbono/metano,4.68,6,1328
3,130,4,Silicio/agua,4.7,6,3441
3,130,5,Silicio/acido sulfurico,4.7,6,4051
3,135,0,Carbono/agua,4.7,6,3512
3,135,1,Carbono/amonia,4.68,6,2376
3,135,2,Carbono/acido sulfurico,6.72,7,4732
3,135,3,Carbono/metano,4.68,6,1496
3,135,4,Silicio/agua,4.7,6,3827
3,135,5,Silicio/acido sulfurico,4.7,6,4313
3,140,0,Carbono/agua,4.7,6,3719
3,140,1,Carbono/amonia,4.7,6,2519
3,140,2,Carbono/acido sulfurico,6.72,7,5260
3,140,3,Carbono/metano,4.68,6,1679
3,140,4,Silicio/agua,4.7,6,4255
3,140,5,Silicio/acido sulfurico,4.7,6,4602
3,145,0,Carbono/agua,4.7,6,3947
3,145,1,Carbono/amonia,4.7,6,2676
3,145,2,Carbono/acido sulfurico,6.72,7,5845
3,145,3,Carbono/metano,4.68,6,1880
3,145,4,Silicio/agua,4.7,6,4726
3,145,5,Silicio/acido sulfurico,4.7,6,5242
3,150,0,Carbono/agua,4.7,6,4200
3,150,1,Carbono/amonia,4.7,6,2849
3,150,2,Carbono/acido sulfurico,6.72,7,6488
3,150,3,Carbono/metano,4.68,6,2105
3,150,4,Silicio/agua,4.7,6,5248
3,150,5,Silicio/acido sulfurico,4.7,6,5948
3,155,0,Carbono/agua,4.7,6,4533
3,155,1,Carbono/amonia,4.7,6,3042
3,155,2,Carbono/acido sulfurico,6.72,7,7198
3,155,3,Carbono/metano,4.68,6,2350
3,155,4,Silicio/agua,4.7,6,5824
3,155,5,Silicio/acido sulfurico,4.7,6,6728
3,160,0,Carbono/agua,4.7,6,5146
3,160,1,Carbono/amonia,4.7,6,3342
3,160,2,Carbono/acido sulfurico,6.72,7,7981
3,160,3,Carbono/metano,4.68,6,2623
3,160,4,Silicio/agua,4.7,6,6458
3,160,5,Silicio/acido sulfurico,4.7,6,7589
3,165,0,Carbono/agua,4.7,6,5823
3,165,1,Carbono/amonia,4.7,6,3811
3,165,2,Carbono/acido sulfurico,6.72,7,8848
3,165,3,Carbono/metano,4.7,6,2921
3,165,4,Silicio/agua,4.7,6,7159
3,165,5,Silicio/acido sulfurico,4.7,6,8539
3,170,0,Carbono/agua,4.7,6,6571
3,170,1,Carbono/amonia,4.7,6,4327
3,170,2,Carbono/acido sulfurico,6.72,7,9803
3,170,3,Carbono/metano,4.7,6,3252
3,170,4,Silicio/agua,4.7,6,7934
3,170,5,Silicio/acido sulfurico,4.7,6,9588
3,175,0,Carbono/agua,4.7,6,7394
3,175,1,Carbono/amonia,4.7,6,4882
3,175,2,Carbono/acido sulfurico,6.72,7,10829
3,175,3,Carbono/metano,4.7,6,3607
3,175,4,Silicio/agua,4.7,6,8790
3,175,5,Silicio/acido sulfurico,4.7,6,10713
3,180,0,Carbono/agua,4.7,6,8304
3,180,1,Carbono/amonia,4.7,6,5437
3,180,2,Carbono/acido sulfurico,6.72,7,11859
3,180,3,Carbono/metano,4.7,6,3962
3,180,4,Silicio/agua,4.7,6,9355
3,180,5,Silicio/acido sulfurico,4.7,6,11843
3,185,0,Carbono/agua,4.7,6,9308
3,185,1,Carbono/amonia,4.7,6,5992
3,185,2,Carbono/acido sulfurico,6.72,7,12889
3,185,3,Carbono/metano,4.7,6,4318
3,185,4,Silicio/agua,4.7,6,9877
3,185,5,Silicio/acido sulfurico,5.74,7,12972
3,190,0,Carbono/agua,6.72,8,10419
3,190,1,Carbono/amonia,4.7,6,6547
3,190,2,Carbono/acido sulfurico,6.72,7,13919
3,190,3,Carbono/metano,4.7,6,4675
3,190,4,Silicio/agua,4.7,6,10454
3,190,5,Silicio/acido sulfurico,5.76,7,14101
3,195,0,Carbono/agua,6.72,8,11646
3,195,1,Carbono/amonia,4.7,6,7102
3,195,2,Carbono/acido sulfurico,6.72,7,14949
3,195,3,Carbono/metano,4.7,6,5031
3,195,4,Silicio/agua,4.7,6,11089
3,195,5,Silicio/acido sulfurico,6.72,8,15230
3,200,0,Carbono/agua,6.72,8,13000
3,200,1,Carbono/amonia,4.7,6,7660
3,200,2,Carbono/acido sulfurico,6.72,7,15978
3,200,3,Carbono/metano,4.7,6,5389
3,200,4,Silicio/agua,4.7,6,11794
3,200,5,Silicio/acido sulfurico,6.72,8,16359
3,205,0,Carbono/agua,6.72,8,14492
3,205,1,Carbono/amonia,4.7,6,8216
3,205,2,Carbono/acido sulfurico,6.72,7,17008
3,205,3,Carbono/metano,4.7,6,5746
3,205,4,Silicio/agua,4.7,6,13344
3,205,5,Silicio/acido sulfurico,6.72,8,17487
3,210,0,Carbono/agua,6.72,8,16140
3,210,1,Carbono/amonia,4.7,6,8771
3,210,2,Carbono/acido sulfurico,6.72,7,18038
3,210,3,Carbono/metano,4.7,6,6103
3,210,4,Silicio/agua,4.7,6,15057
3,210,5,Silicio/acido sulfurico,6.72,8,18617
3,215,0,Carbono/agua,6.72,8,17962
3,215,1,Carbono/amonia,4.7,6,9326
3,215,2,Carbono/acido sulfurico,6.72,7,19068
3,215,3,Carbono/metano,4.7,6,6459
3,215,4,Silicio/agua,4.7,6,16947
3,215,5,Silicio/acido sulfurico,6.72,8,19747
3,220,0,Carbono/agua,6.72,8,19973
3,220,1,Carbono/amonia,4.7,6,9881
3,220,2,Carbono/acido sulfurico,6.72,7,20098
3,220,3,Carbono/metano,4.7,6,6817
3,220,4,Silicio/agua,4.7,6,19034
3,220,5,Silicio/acido sulfurico,6.72,8,20876
3,225,0,Carbono/agua,6.72,8,22190
3,225,1,Carbono/amonia,4.7,6,10436
3,225,2,Carbono/acido sulfurico,6.72,7,21127
3,225,3,Carbono/metano,4.7,6,7174
3,225,4,Silicio/agua,4.7,6,21338
3,225,5,Silicio/acido sulfurico,6.72,8,22005
3,230,0,Carbono/agua,6.72,8,24640
3,230,1,Carbono/amonia,4.7,6,10991
3,230,2,Carbono/acido sulfurico,6.72,7,22157
3,230,3,Carbono/metano,4.7,6,7531
3,230,4,Silicio/agua,4.7,6,23882
3,230,5,Silicio/acido sulfurico,6.72,8,23135
3,235,0,Carbono/agua,6.72,8,27298
3,235,1,Carbono/amonia,4.7,6,11546
3,235,2,Carbono/acido sulfurico,6.72,7,23186
3,235,3,Carbono/metano,4.7,6,7889
3,235,4,Silicio/agua,4.7,6,26641
3,235,5,Silicio/acido sulfurico,6.72,8,24264
3,240,0,Carbono/agua,6.72,8,29978
3,240,1,Carbono/amonia,4.7,6,12102
3,240,2,Carbono/acido sulfurico,6.72,7,24216
3,240,3,Carbono/metano,4.7,6,8245
3,240,4,Silicio/agua,4.7,6,29426
3,240,5,Silicio/acido sulfurico,6.72,8,25394
3,245,0,Carbono/agua,6.72,8,32659
3,245,1,Carbono/amonia,4.7,6,12658
3,245,2,Carbono/acido sulfurico,6.72,7,25246
3,245,3,Carbono/metano,4.7,6,8601
3,245,4,Silicio/agua,4.7,6,32209
3,245,5,Silicio/acido sulfurico,6.72,8,26523
3,250,0,Carbono/agua,6.72,8,35339
3,250,1,Carbono/amonia,4.7,6,13214
3,250,2,Carbono/acido sulfurico,6.72,7,26275
3,250,3,Carbono/metano,4.7,6,8956
3,250,4,Silicio/agua,4.7,6,34992
3,250,5,Silicio/acido sulfurico,6.72,8,27653
3,255,0,Carbono/agua,6.72,8,38019
3,255,1,Carbono/amonia,4.7,6,13770
3,255,2,Carbono/acido sulfurico,6.72,7,27304
3,255,3,Carbono/metano,4.7,6,9313
3,255,4,Silicio/agua,4.7,6,37773
3,255,5,Silicio/acido sulfurico,6.72,8,28444
3,260,0,Carbono/agua,6.72,8,40700
3,260,1,Carbono/amonia,4.7,6,14325
3,260,2,Carbono/acido sulfurico,6.72,7,28334
3,260,3,Carbono/metano,4.7,6,9671
3,260,4,Silicio/agua,4.7,6,40557
3,260,5,Silicio/acido sulfurico,6.72,8,29008
3,265,0,Carbono/agua,6.72,8,43381
3,265,1,Carbono/amonia,4.7,6,14880
3,265,2,Carbono/acido sulfurico,6.72,7,29364
3,265,3,Carbono/metano,4.7,6,10028
3,265,4,Silicio/agua,4.7,6,43340
3,265,5,Silicio/acido sulfurico,6.72,8,29572
3,270,0,Carbono/agua,6.72,8,46062
3,270,1,Carbono/amonia,4.7,6,15436
3,270,2,Carbono/acido sulfurico,6.72,7,30394
3,270,3,Carbono/metano,4.7,6,10386
3,270,4,Silicio/agua,4.7,6,46123
3,270,5,Silicio/acido sulfurico,6.72,8,30135
3,275,0,Carbono/agua,6.72,8,48743
3,275,1,Carbono/amonia,4.7,6,15992
3,275,2,Carbono/acido sulfurico,6.72,7,31423
3,275,3,Carbono/metano,4.7,6,10743
3,275,4,Silicio/agua,4.7,6,48908
3,275,5,Silicio/acido sulfurico,6.72,8,30700
3,280,0,Carbono/agua,6.72,8,51424
3,280,1,Carbono/amonia,4.7,6,16547
3,280,2,Carbono/acido sulfurico,6.72,7,32453
3,280,3,Carbono/metano,4.7,6,11098
3,280,4,Silicio/agua,4.7,6,51690
3,280,5,Silicio/acido sulfurico,6.72,8,31715
3,285,0,Carbono/agua,6.72,8,54106
3,285,1,Carbono/amonia,4.7,6,17102
3,285,2,Carbono/acido sulfurico,6.72,7,33482
3,285,3,Carbono/metano,4.7,6,11455
3,285,4,Silicio/agua,4.7,6,54474
3,285,5,Silicio/acido sulfurico,6.72,8,32844
3,290,0,Carbono/agua,6.72,8,56788
3,290,1,Carbono/amonia,4.7,6,17661
3,290,2,Carbono/acido sulfurico,6.72,7,34512
3,290,3,Carbono/metano,4.7,6,11811
3,290,4,Silicio/agua,4.7,6,57258
3,290,5,Silicio/acido sulfurico,6.72,8,33974
3,295,0,Carbono/agua,6.72,8,59468
3,295,1,Carbono/amonia,4.7,6,18217
3,295,2,Carbono/acido sulfurico,6.72,7,35542
3,295,3,Carbono/metano,4.7,6,12166
3,295,4,Silicio/agua,4.7,6,60040
3,295,5,Silicio/acido sulfurico,6.72,8,35102
3,300,0,Carbono/agua,6.72,8,62149
3,300,1,Carbono/amonia,4.7,6,18774
3,300,2,Carbono/acido sulfurico,6.72,7,36572
3,300,3,Carbono/metano,4.7,6,12523
3,300,4,Silicio/agua,4.7,6,62823
3,300,5,Silicio/acido sulfurico,6.72,8,36229
4,0,0,Carbono/agua,0.94,2,6
4,0,1,Carbono/amonia,0.78,2,4
4,0,2,Carbono/acido sulfurico,1.82,2,6
4,0,3,Carbono/metano,0.82,2,3
4,0,4,Silicio/agua,0.82,2,5
4,0,5,Silicio/acido sulfurico,0.8,2,8
4,5,0,Carbono/agua,3.74,5,34
4,5,1,Carbono/amonia,1.76,3,24
4,5,2,Carbono/acido sulfurico,2.8,4,43
4,5,3,Carbono/metano,0.88,2,15
4,5,4,Silicio/agua,0.9,2,35
4,5,5,Silicio/acido sulfurico,1.84,3,49
4,10,0,Carbono/agua,3.74,5,66
4,10,1,Carbono/amonia,1.8,3,45
4,10,2,Carbono/acido sulfurico,2.8,4,85
4,10,3,Carbono/metano,1.74,3,30
4,10,4,Silicio/agua,0.92,2,70
4,10,5,Silicio/acido sulfurico,1.84,3,92
4,15,0,Carbono/agua,3.74,5,101
4,15,1,Carbono/amonia,2.76,4,68
4,15,2,Carbono/acido sulfurico,2.8,4,128
4,15,3,Carbono/metano,1.74,3,46
4,15,4,Silicio/agua,0.94,2,106
4,15,5,Silicio/acido sulfurico,1.84,3,140
4,20,0,Carbono/agua,3.74,5,140
4,20,1,Carbono/amonia,2.76,4,94
4,20,2,Carbono/acido sulfurico,2.8,4,176
4,20,3,Carbono/metano,1.74,3,64
4,20,4,Silicio/agua,1.84,3,146
4,20,5,Silicio/acido sulfurico,1.84,3,194
4,25,0,Carbono/agua,3.74,5,183
4,25,1,Carbono/amonia,2.78,4,123
4,25,2,Carbono/acido sulfurico,2.8,4,230
4,25,3,Carbono/metano,1.86,3,84
4,25,4,Silicio/agua,1.86,3,176
4,25,5,Silicio/acido sulfurico,1.88,3,252
4,30,0,Carbono/agua,4.68,6,230
4,30,1,Carbono/amonia,2.78,4,157
4,30,2,Carbono/acido sulfurico,2.82,4,290
4,30,3,Carbono/metano,2.68,4,96
4,30,4,Silicio/agua,1.86,3,200
4,30,5,Silicio/acido sulfurico,1.88,3,315
4,35,0,Carbono/agua,4.68,6,280
4,35,1,Carbono/amonia,2.78,4,192
4,35,2,Carbono/acido sulfurico,3.74,5,356
4,35,3,Carbono/metano,2.68,4,106
4,35,4,Silicio/agua,1.86,3,226
4,35,5,Silicio/acido sulfurico,2.8,4,387
4,40,0,Carbono/agua,4.7,6,336
4,40,1,Carbono/amonia,2.78,4,231
4,40,2,Carbono/acido sulfurico,3.74,5,429
4,40,3,Carbono/metano,2.68,4,118
4,40,4,Silicio/agua,1.86,3,256
4,40,5,Silicio/acido sulfurico,2.8,4,466
4,45,0,Carbono/agua,4.7,6,399
4,45,1,Carbono/amonia,2.78,4,274
4,45,2,Carbono/acido sulfurico,3.74,5,508
4,45,3,Carbono/metano,2.68,4,133
4,45,4,Silicio/agua,1.86,3,290
4,45,5,Silicio/acido sulfurico,2.8,4,555
4,50,0,Carbono/agua,4.7,6,468
4,50,1,Carbono/amonia,2.8,4,323
4,50,2,Carbono/acido sulfurico,3.74,5,597
4,50,3,Carbono/metano,2.68,4,148
4,50,4,Silicio/agua,1.86,3,356
4,50,5,Silicio/acido sulfurico,2.8,4,653
4,55,0,Carbono/agua,4.7,6,544
4,55,1,Carbono/amonia,2.8,4,377
4,55,2,Carbono/acido sulfurico,3.74,5,695
4,55,3,Carbono/metano,2.7,4,183
4,55,4,Silicio/agua,2.72,4,435
4,55,5,Silicio/acido sulfurico,3.7,5,761
4,60,0,Carbono/agua,4.7,6,629
4,60,1,Carbono/amonia,2.8,4,437
4,60,2,Carbono/acido sulfurico,3.74,5,805
4,60,3,Carbono/metano,3.68,5,222
4,60,4,Silicio/agua,3.7,5,524
4,60,5,Silicio/acido sulfurico,3.7,5,881
4,65,0,Carbono/agua,4.7,6,723
4,65,1,Carbono/amonia,2.8,4,502
4,65,2,Carbono/acido sulfurico,3.74,2,925
4,65,3,Carbono/metano,3.68,5,263
4,65,4,Silicio/agua,3.7,5,621
4,65,5,Silicio/acido sulfurico,3.72,5,1012
4,70,0,Carbono/agua,4.7,6,825
4,70,1,Carbono/amonia,2.8,4,573
4,70,2,Carbono/acido sulfurico,3.74,5,988
4,70,3,Carbono/metano,3.7,5,309
4,70,4,Silicio/agua,5.72,6,727
4,70,5,Silicio/acido sulfurico,3.74,5,1157
4,75,0,Carbono/agua,4.7,6,938
4,75,1,Carbono/amonia,2.82,4,652
4,75,2,Carbono/acido sulfurico,3.74,5,1061
4,75,3,Carbono/metano,3.74,5,359
4,75,4,Silicio/agua,5.74,6,845
4,75,5,Silicio/acido sulfurico,3.76,5,1318
4,80,0,Carbono/agua,4.7,6,1065
4,80,1,Carbono/amonia,2.82,4,739
4,80,2,Carbono/acido sulfurico,3.74,5,1142
4,80,3,Carbono/metano,3.74,5,415
4,80,4,Silicio/agua,5.76,6,974
4,80,5,Silicio/acido sulfurico,4.68,6,1493
4,85,0,Carbono/agua,4.7,6,1205
4,85,1,Carbono/amonia,2.82,4,836
4,85,2,Carbono/acido sulfurico,3.76,5,1230
4,85,3,Carbono/metano,3.74,5,478
4,85,4,Silicio/agua,6.68,7,1117
4,85,5,Silicio/acido sulfurico,4.7,6,1688
4,90,0,Carbono/agua,4.7,6,1360
4,90,1,Carbono/amonia,3.76,5,942
4,90,2,Carbono/acido sulfurico,4.7,6,1347
4,90,3,Carbono/metano,3.74,5,545
4,90,4,Silicio/agua,6.72,7,1276
4,90,5,Silicio/acido sulfurico,4.7,6,1903
4,95,0,Carbono/agua,4.7,6,1529
4,95,1,Carbono/amonia,3.76,5,1059
4,95,2,Carbono/acido sulfurico,4.7,6,1564
4,95,3,Carbono/metano,3.74,5,620
4,95,4,Silicio/agua,6.72,7,1451
4,95,5,Silicio/acido sulfurico,4.7,6,2138
4,100,0,Carbono/agua,4.7,6,1717
4,100,1,Carbono/amonia,3.76,5,1188
4,100,2,Carbono/acido sulfurico,4.7,6,1804
4,100,3,Carbono/metano,3.74,5,702
4,100,4,Silicio/agua,6.72,7,1646
4,100,5,Silicio/acido sulfurico,4.7,6,2400
4,105,0,Carbono/agua,4.7,6,1924
4,105,1,Carbono/amonia,3.76,5,1330
4,105,2,Carbono/acido sulfurico,4.7,6,2068
4,105,3,Carbono/metano,3.74,5,792
4,105,4,Silicio/agua,6.72,7,1858
4,105,5,Silicio/acido sulfurico,4.7,6,2688
4,110,0,Carbono/agua,4.7,6,2153
4,110,1,Carbono/amonia,3.76,5,1488
4,110,2,Carbono/acido sulfurico,4.7,6,2359
4,110,3,Carbono/metano,3.74,5,894
4,110,4,Silicio/agua,6.72,7,2096
4,110,5,Silicio/acido sulfurico,4.7,6,3008
4,115,0,Carbono/agua,4.7,6,2404
4,115,1,Carbono/amonia,3.76,5,1661
4,115,2,Carbono/acido sulfurico,4.7,6,2681
4,115,3,Carbono/metano,4.68,6,1004
4,115,4,Silicio/agua,6.72,7,2356
4,115,5,Silicio/acido sulfurico,4.7,6,3362
4,120,0,Carbono/agua,4.7,6,2682
4,120,1,Carbono/amonia,3.76,5,1812
4,120,2,Carbono/acido sulfurico,4.7,6,2927
4,120,3,Carbono/metano,4.68,6,1127
4,120,4,Silicio/agua,6.72,7,2645
4,120,5,Silicio/acido sulfurico,4.7,6,3753
4,125,0,Carbono/agua,4.7,6,2987
4,125,1,Carbono/amonia,3.76,5,1919
4,125,2,Carbono/acido sulfurico,4.7,6,3124
4,125,3,Carbono/metano,4.7,6,1262
4,125,4,Silicio/agua,6.72,6,2867
4,125,5,Silicio/acido sulfurico,4.7,6,4183
4,130,0,Carbono/agua,4.7,6,3326
4,130,1,Carbono/amonia,3.76,5,2036
4,130,2,Carbono/acido sulfurico,4.7,6,3343
4,130,3,Carbono/metano,4.7,6,1398
4,130,4,Silicio/agua,6.72,7,3042
4,130,5,Silicio/acido sulfurico,4.7,6,4658
4,135,0,Carbono/agua,4.7,6,3700
4,135,1,Carbono/amonia,3.76,5,2164
4,135,2,Carbono/acido sulfurico,4.7,6,3583
4,135,3,Carbono/metano,4.7,6,1481
4,135,4,Silicio/agua,6.72,7,3236
4,135,5,Silicio/acido sulfurico,4.7,6,5183
4,140,0,Carbono/agua,4.7,6,4112
4,140,1,Carbono/amonia,3.76,5,2306
4,140,2,Carbono/acido sulfurico,4.7,6,3848
4,140,3,Carbono/metano,4.7,6,1572
4,140,4,Silicio/agua,6.72,7,3450
4,140,5,Silicio/acido sulfurico,4.7,6,5760
4,145,0,Carbono/agua,4.7,6,4567
4,145,1,Carbono/amonia,3.76,5,2560
4,145,2,Carbono/acido sulfurico,4.7,6,4375
4,145,3,Carbono/metano,4.7,6,1673
4,145,4,Silicio/agua,6.72,7,3686
4,145,5,Silicio/acido sulfurico,4.7,6,6399
4,150,0,Carbono/agua,4.7,6,5071
4,150,1,Carbono/amonia,3.76,5,2906
4,150,2,Carbono/acido sulfurico,4.7,6,5019
4,150,3,Carbono/metano,4.7,6,1785
4,150,4,Silicio/agua,6.72,7,4158
4,150,5,Silicio/acido sulfurico,4.7,6,7103
4,155,0,Carbono/agua,4.7,6,5627
4,155,1,Carbono/amonia,3.76,5,3289
4,155,2,Carbono/acido sulfurico,4.7,6,5730
4,155,3,Carbono/metano,4.7,6,1958
4,155,4,Silicio/agua,6.72,7,4735
4,155,5,Silicio/acido sulfurico,4.7,6,7881
4,160,0,Carbono/agua,4.7,6,6240
4,160,1,Carbono/amonia,3.76,5,3713
4,160,2,Carbono/acido sulfurico,6.7,8,6514
4,160,3,Carbono/metano,4.7,6,2229
4,160,4,Silicio/agua,6.72,7,5371
4,160,5,Silicio/acido sulfurico,4.7,6,8740
4,165,0,Carbono/agua,4.7,6,6916
4,165,1,Carbono/amonia,3.76,5,4180
4,165,2,Carbono/acido sulfurico,6.72,8,7378
4,165,3,Carbono/metano,4.7,6,2529
4,165,4,Silicio/agua,6.72,7,6073
4,165,5,Silicio/acido sulfurico,4.7,6,9690
4,170,0,Carbono/agua,5.68,7,7663
4,170,1,Carbono/amonia,3.76,5,4697
4,170,2,Carbono/acido sulfurico,6.72,8,8335
4,170,3,Carbono/metano,4.7,6,2859
4,170,4,Silicio/agua,6.72,7,6849
4,170,5,Silicio/acido sulfurico,4.7,6,10736
4,175,0,Carbono/agua,6.7,8,8488
4,175,1,Carbono/amonia,3.76,5,5250
4,175,2,Carbono/acido sulfurico,6.72,8,9361
4,175,3,Carbono/metano,4.7,6,3214
4,175,4,Silicio/agua,6.72,7,7705
4,175,5,Silicio/acido sulfurico,4.7,6,11862
4,180,0,Carbono/agua,6.72,8,9399
4,180,1,Carbono/amonia,4.7,6,5805
4,180,2,Carbono/acido sulfurico,6.72,8,10390
4,180,3,Carbono/metano,4.7,6,3570
4,180,4,Silicio/agua,6.72,7,8649
4,180,5,Silicio/acido sulfurico,4.7,6,12990
4,185,0,Carbono/agua,6.72,8,10404
4,185,1,Carbono/amonia,4.7,6,6361
4,185,2,Carbono/acido sulfurico,6.72,8,11420
4,185,3,Carbono/metano,4.7,6,3926
4,185,4,Silicio/agua,6.72,7,9692
4,185,5,Silicio/acido sulfurico,4.7,6,14120
4,190,0,Carbono/agua,6.72,8,11513
4,190,1,Carbono/amonia,4.7,6,6916
4,190,2,Carbono/acido sulfurico,6.72,8,12450
4,190,3,Carbono/metano,4.7,6,4284
4,190,4,Silicio/agua,6.72,7,10844
4,190,5,Silicio/acido sulfurico,4.7,6,15250
4,195,0,Carbono/agua,6.72,8,12739
4,195,1,Carbono/amonia,4.7,6,7472
4,195,2,Carbono/acido sulfurico,6.72,8,13480
4,195,3,Carbono/metano,4.7,6,4641
4,195,4,Silicio/agua,6.72,7,12117
4,195,5,Silicio/acido sulfurico,6.72,8,16380
4,200,0,Carbono/agua,6.72,8,14093
4,200,1,Carbono/amonia,4.7,6,8027
4,200,2,Carbono/acido sulfurico,6.72,8,14510
4,200,3,Carbono/metano,4.7,6,4961
4,200,4,Silicio/agua,6.72,7,13522
4,200,5,Silicio/acido sulfurico,6.72,8,17510
4,205,0,Carbono/agua,6.72,8,15587
4,205,1,Carbono/amonia,4.7,6,8583
4,205,2,Carbono/acido sulfurico,6.72,8,15539
4,205,3,Carbono/metano,4.7,6,5139
4,205,4,Silicio/agua,6.72,7,15073
4,205,5,Silicio/acido sulfurico,6.72,8,18639
4,210,0,Carbono/agua,6.72,8,17236
4,210,1,Carbono/amonia,4.7,6,9138
4,210,2,Carbono/acido sulfurico,6.72,8,16569
4,210,3,Carbono/metano,4.7,6,5317
4,210,4,Silicio/agua,6.72,7,16786
4,210,5,Silicio/acido sulfurico,6.72,8,19769
4,215,0,Carbono/agua,6.72,8,19057
4,215,1,Carbono/amonia,4.7,6,9694
4,215,2,Carbono/acido sulfurico,6.72,8,17599
4,215,3,Carbono/metano,4.7,6,5494
4,215,4,Silicio/agua,6.72,7,18676
4,215,5,Silicio/acido sulfurico,6.72,8,20898
4,220,0,Carbono/agua,6.72,8,21068
4,220,1,Carbono/amonia,4.7,6,10249
4,220,2,Carbono/acido sulfurico,6.72,8,18629
4,220,3,Carbono/metano,4.7,6,5670
4,220,4,Silicio/agua,6.72,7,20764
4,220,5,Silicio/acido sulfurico,6.72,8,22027
4,225,0,Carbono/agua,6.72,8,23288
4,225,1,Carbono/amonia,4.7,6,10805
4,225,2,Carbono/acido sulfurico,6.72,8,19659
4,225,3,Carbono/metano,4.7,6,5919
4,225,4,Silicio/agua,6.72,7,23067
4,225,5,Silicio/acido sulfurico,6.72,8,23156
4,230,0,Carbono/agua,6.72,8,25738
4,230,1,Carbono/amonia,4.7,6,11360
4,230,2,Carbono/acido sulfurico,6.72,8,20688
4,230,3,Carbono/metano,4.7,6,6278
4,230,4,Silicio/agua,6.72,7,25612
4,230,5,Silicio/acido sulfurico,6.72,8,23833
4,235,0,Carbono/agua,6.72,8,28396
4,235,1,Carbono/amonia,4.7,6,11915
4,235,2,Carbono/acido sulfurico,6.72,8,21717
4,235,3,Carbono/metano,4.7,6,6635
4,235,4,Silicio/agua,6.72,7,28372
4,235,5,Silicio/acido sulfurico,6.72,8,24398
4,240,0,Carbono/agua,6.72,8,31077
4,240,1,Carbono/amonia,4.7,6,12470
4,240,2,Carbono/acido sulfurico,6.72,8,22746
4,240,3,Carbono/metano,4.7,6,6990
4,240,4,Silicio/agua,6.72,7,31155
4,240,5,Silicio/acido sulfurico,6.72,8,24962
4,245,0,Carbono/agua,6.72,8,33758
4,245,1,Carbono/amonia,4.7,6,13025
4,245,2,Carbono/acido sulfurico,6.72,8,23776
4,245,3,Carbono/metano,4.7,6,7346
4,245,4,Silicio/agua,6.72,7,33936
4,245,5,Silicio/acido sulfurico,6.72,8,25527
4,250,0,Carbono/agua,6.72,8,36438
4,250,1,Carbono/amonia,4.7,6,13582
4,250,2,Carbono/acido sulfurico,6.72,8,24804
4,250,3,Carbono/metano,4.7,6,7703
4,250,4,Silicio/agua,6.72,7,36719
4,250,5,Silicio/acido sulfurico,6.72,8,26092
4,255,0,Carbono/agua,6.72,8,39119
4,255,1,Carbono/amonia,4.7,6,14138
4,255,2,Carbono/acido sulfurico,6.72,8,25832
4,255,3,Carbono/metano,4.7,6,8061
4,255,4,Silicio/agua,6.72,7,39503
4,255,5,Silicio/acido sulfurico,6.72,8,27221
4,260,0,Carbono/agua,6.72,8,41800
4,260,1,Carbono/amonia,4.7,6,14694
4,260,2,Carbono/acido sulfurico,6.72,8,26862
4,260,3,Carbono/metano,4.7,6,8418
4,260,4,Silicio/agua,6.72,7,42288
4,260,5,Silicio/acido sulfurico,6.72,8,28350
4,265,0,Carbono/agua,6.72,8,44480
4,265,1,Carbono/amonia,4.7,6,15081
4,265,2,Carbono/acido sulfurico,6.72,8,27892
4,265,3,Carbono/metano,4.7,6,8776
4,265,4,Silicio/agua,6.72,7,45073
4,265,5,Silicio/acido sulfurico,6.72,8,29479
4,270,0,Carbono/agua,6.72,8,47161
4,270,1,Carbono/amonia,4.7,6,15360
4,270,2,Carbono/acido sulfurico,6.72,8,28921
4,270,3,Carbono/metano,4.7,6,9132
4,270,4,Silicio/agua,6.72,7,47858
4,270,5,Silicio/acido sulfurico,6.72,8,30607
4,275,0,Carbono/agua,6.72,8,49843
4,275,1,Carbono/amonia,4.7,6,15640
4,275,2,Carbono/acido sulfurico,6.72,8,29951
4,275,3,Carbono/metano,4.7,6,9489
4,275,4,Silicio/agua,6.72,7,50640
4,275,5,Silicio/acido sulfurico,6.72,8,31736
4,280,0,Carbono/agua,6.72,8,52524
4,280,1,Carbono/amonia,4.7,6,15917
4,280,2,Carbono/acido sulfurico,6.72,8,30979
4,280,3,Carbono/metano,4.7,6,9847
4,280,4,Silicio/agua,6.72,7,53423
4,280,5,Silicio/acido sulfurico,6.72,8,32866
4,285,0,Carbono/agua,6.72,8,55204
4,285,1,Carbono/amonia,4.7,6,16194
4,285,2,Carbono/acido sulfurico,6.72,8,32008
4,285,3,Carbono/metano,4.7,6,10203
4,285,4,Silicio/agua,6.72,7,56207
4,285,5,Silicio/acido sulfurico,6.72,8,33995
4,290,0,Carbono/agua,6.72,8,57884
4,290,1,Carbono/amonia,4.7,6,16695
4,290,2,Carbono/acido sulfurico,6.72,8,33038
4,290,3,Carbono/metano,4.7,6,10558
4,290,4,Silicio/agua,6.72,7,58988
4,290,5,Silicio/acido sulfurico,6.72,8,35124
4,295,0,Carbono/agua,6.72,8,60565
4,295,1,Carbono/amonia,4.7,6,17251
4,295,2,Carbono/acido sulfurico,6.72,8,34067
4,295,3,Carbono/metano,4.7,6,10916
4,295,4,Silicio/agua,6.72,7,61770
4,295,5,Silicio/acido sulfurico,6.72,8,36253
4,300,0,Carbono/agua,6.72,8,63245
4,300,1,Carbono/amonia,4.7,6,17806
4,300,2,Carbono/acido sulfurico,6.72,8,35097
4,300,3,Carbono/metano,4.7,6,11274
4,300,4,Silicio/agua,6.72,7,64555
4,300,5,Silicio/acido sulfurico,6.72,8,37383
5,0,0,Carbono/agua,0.94,1,5
5,0,1,Carbono/amonia,0.68,2,4
5,0,2,Carbono/acido sulfurico,1.68,3,7
5,0,3,Carbono/metano,0.68,2,2
5,0,4,Silicio/agua,-0.02,1,6
5,0,5,Silicio/acido sulfurico,0.9,1,7
5,5,0,Carbono/agua,1.84,3,34
5,5,1,Carbono/amonia,1.82,3,23
5,5,2,Carbono/acido sulfurico,2.8,4,43
5,5,3,Carbono/metano,0.92,2,14
5,5,4,Silicio/agua,2.74,3,36
5,5,5,Silicio/acido sulfurico,1.88,3,47
5,10,0,Carbono/agua,1.86,3,67
5,10,1,Carbono/amonia,1.82,3,44
5,10,2,Carbono/acido sulfurico,2.8,4,84
5,10,3,Carbono/metano,2.68,4,29
5,10,4,Silicio/agua,2.74,4,69
5,10,5,Silicio/acido sulfurico,1.88,3,90
5,15,0,Carbono/agua,1.86,3,102
5,15,1,Carbono/amonia,1.82,3,68
5,15,2,Carbono/acido sulfurico,2.8,4,128
5,15,3,Carbono/metano,2.68,4,44
5,15,4,Silicio/agua,2.8,4,105
5,15,5,Silicio/acido sulfurico,1.88,3,138
5,20,0,Carbono/agua,1.86,3,140
5,20,1,Carbono/amonia,1.82,3,95
5,20,2,Carbono/acido sulfurico,2.8,4,176
5,20,3,Carbono/metano,2.68,4,62
5,20,4,Silicio/agua,2.8,4,145
5,20,5,Silicio/acido sulfurico,1.88,3,192
5,25,0,Carbono/agua,1.86,3,182
5,25,1,Carbono/amonia,1.82,3,125
5,25,2,Carbono/acido sulfurico,2.8,4,230
5,25,3,Carbono/metano,2.7,4,81
5,25,4,Silicio/agua,2.8,4,189
5,25,5,Silicio/acido sulfurico,2.7,4,251
5,30,0,Carbono/agua,2.74,4,228
5,30,1,Carbono/amonia,2.7,4,157
5,30,2,Carbono/acido sulfurico,2.82,4,290
5,30,3,Carbono/metano,2.7,4,102
5,30,4,Silicio/agua,2.8,4,237
5,30,5,Silicio/acido sulfurico,2.82,4,315
5,35,0,Carbono/agua,3.74,5,279
5,35,1,Carbono/amonia,3.7,5,194
5,35,2,Carbono/acido sulfurico,2.82,4,358
5,35,3,Carbono/metano,2.72,4,126
5,35,4,Silicio/agua,2.8,4,292
5,35,5,Silicio/acido sulfurico,2.82,4,388
5,40,0,Carbono/agua,3.74,5,335
5,40,1,Carbono/amonia,3.72,5,233
5,40,2,Carbono/acido sulfurico,2.82,4,431
5,40,3,Carbono/metano,2.72,4,152
5,40,4,Silicio/agua,2.8,4,351
5,40,5,Silicio/acido sulfurico,2.82,4,467
5,45,0,Carbono/agua,3.74,5,396
5,45,1,Carbono/amonia,3.72,5,276
5,45,2,Carbono/acido sulfurico,2.82,4,511
5,45,3,Carbono/metano,2.72,4,179
5,45,4,Silicio/agua,3.74,5,417
5,45,5,Silicio/acido sulfurico,2.82,4,557
5,50,0,Carbono/agua,3.74,5,466
5,50,1,Carbono/amonia,3.72,5,323
5,50,2,Carbono/acido sulfurico,2.82,4,601
5,50,3,Carbono/metano,2.74,4,210
5,50,4,Silicio/agua,3.74,5,489
5,50,5,Silicio/acido sulfurico,3.76,5,654
5,55,0,Carbono/agua,3.74,5,542
5,55,1,Carbono/amonia,3.74,5,376
5,55,2,Carbono/acido sulfurico,2.82,4,700
5,55,3,Carbono/metano,2.74,4,244
5,55,4,Silicio/agua,3.74,5,567
5,55,5,Silicio/acido sulfurico,3.76,5,761
5,60,0,Carbono/agua,3.74,5,626
5,60,1,Carbono/amonia,3.74,5,435
5,60,2,Carbono/acido sulfurico,2.82,4,810
5,60,3,Carbono/metano,2.74,4,280
5,60,4,Silicio/agua,3.74,5,655
5,60,5,Silicio/acido sulfurico,3.76,5,879
5,65,0,Carbono/agua,3.74,5,719
5,65,1,Carbono/amonia,3.74,5,499
5,65,2,Carbono/acido sulfurico,2.82,4,930
5,65,3,Carbono/metano,3.72,5,321
5,65,4,Silicio/agua,3.74,5,752
5,65,5,Silicio/acido sulfurico,3.76,5,1010
5,70,0,Carbono/agua,3.74,5,823
5,70,1,Carbono/amonia,5.7,6,570
5,70,2,Carbono/acido sulfurico,2.82,4,1062
5,70,3,Carbono/metano,3.72,5,366
5,70,4,Silicio/agua,3.76,5,860
5,70,5,Silicio/acido sulfurico,3.76,5,1154
5,75,0,Carbono/agua,3.74,5,936
5,75,1,Carbono/amonia,5.7,6,647
5,75,2,Carbono/acido sulfurico,2.82,4,1207
5,75,3,Carbono/metano,3.74,5,416
5,75,4,Silicio/agua,3.76,5,979
5,75,5,Silicio/acido sulfurico,3.76,5,1316
5,80,0,Carbono/agua,5.74,6,1062
5,80,1,Carbono/amonia,5.72,6,734
5,80,2,Carbono/acido sulfurico,2.82,4,1368
5,80,3,Carbono/metano,3.74,5,470
5,80,4,Silicio/agua,3.76,5,1109
5,80,5,Silicio/acido sulfurico,3.76,5,1493
5,85,0,Carbono/agua,5.74,6,1200
5,85,1,Carbono/amonia,5.72,6,831
5,85,2,Carbono/acido sulfurico,2.82,4,1544
5,85,3,Carbono/metano,3.74,5,531
5,85,4,Silicio/agua,3.76,5,1253
5,85,5,Silicio/acido sulfurico,5.68,6,1689
5,90,0,Carbono/agua,5.74,6,1352
5,90,1,Carbono/amonia,5.74,6,937
5,90,2,Carbono/acido sulfurico,2.82,4,1739
5,90,3,Carbono/metano,3.74,5,598
5,90,4,Silicio/agua,3.76,5,1412
5,90,5,Silicio/acido sulfurico,5.7,6,1905
5,95,0,Carbono/agua,6.68,7,1522
5,95,1,Carbono/amonia,5.74,6,1054
5,95,2,Carbono/acido sulfurico,2.82,4,1955
5,95,3,Carbono/metano,3.74,5,672
5,95,4,Silicio/agua,3.76,5,1589
5,95,5,Silicio/acido sulfurico,6.7,7,2144
5,100,0,Carbono/agua,6.68,7,1709
5,100,1,Carbono/amonia,5.76,6,1183
5,100,2,Carbono/acido sulfurico,2.82,4,2195
5,100,3,Carbono/metano,3.74,5,755
5,100,4,Silicio/agua,3.76,5,1782
5,100,5,Silicio/acido sulfurico,6.7,7,2406
5,105,0,Carbono/agua,6.68,7,1915
5,105,1,Carbono/amonia,5.78,6,1325
5,105,2,Carbono/acido sulfurico,2.82,4,2459
5,105,3,Carbono/metano,3.74,5,846
5,105,4,Silicio/agua,3.76,5,1995
5,105,5,Silicio/acido sulfurico,6.7,7,2695
5,110,0,Carbono/agua,6.68,7,2143
5,110,1,Carbono/amonia,6.72,7,1483
5,110,2,Carbono/acido sulfurico,2.82,4,2751
5,110,3,Carbono/metano,3.74,5,947
5,110,4,Silicio/agua,3.76,5,2232
5,110,5,Silicio/acido sulfurico,6.7,7,3014
5,115,0,Carbono/agua,6.68,7,2394
5,115,1,Carbono/amonia,6.72,7,1657
5,115,2,Carbono/acido sulfurico,2.82,4,3074
5,115,3,Carbono/metano,4.7,6,1059
5,115,4,Silicio/agua,4.68,6,2492
5,115,5,Silicio/acido sulfurico,6.7,7,3368
5,120,0,Carbono/agua,6.68,7,2669
5,120,1,Carbono/amonia,6.72,7,1849
5,120,2,Carbono/acido sulfurico,3.76,5,3430
5,120,3,Carbono/metano,4.7,6,1181
5,120,4,Silicio/agua,4.7,6,2780
5,120,5,Silicio/acido sulfurico,6.7,7,3757
5,125,0,Carbono/agua,6.7,7,2974
5,125,1,Carbono/amonia,6.72,7,2061
5,125,2,Carbono/acido sulfurico,3.76,5,3821
5,125,3,Carbono/metano,4.7,6,1316
5,125,4,Silicio/agua,4.7,6,3099
5,125,5,Silicio/acido sulfurico,6.7,7,4188
5,130,0,Carbono/agua,6.7,7,3313
5,130,1,Carbono/amonia,6.72,7,2295
5,130,2,Carbono/acido sulfurico,4.7,6,4253
5,130,3,Carbono/metano,4.7,6,1466
5,130,4,Silicio/agua,4.7,6,3450
5,130,5,Silicio/acido sulfurico,6.7,7,4663
5,135,0,Carbono/agua,6.72,7,3687
5,135,1,Carbono/amonia,6.72,7,2551
5,135,2,Carbono/acido sulfurico,4.7,6,4731
5,135,3,Carbono/metano,4.7,6,1632
5,135,4,Silicio/agua,4.7,6,3837
5,135,5,Silicio/acido sulfurico,6.72,7,5188
5,140,0,Carbono/agua,6.72,7,4100
5,140,1,Carbono/amonia,6.72,7,2836
5,140,2,Carbono/acido sulfurico,4.7,6,5260
5,140,3,Carbono/metano,4.7,6,1816
5,140,4,Silicio/agua,4.7,6,4266
5,140,5,Silicio/acido sulfurico,6.72,7,5767
5,145,0,Carbono/agua,6.72,7,4555
5,145,1,Carbono/amonia,6.72,7,3150
5,145,2,Carbono/acido sulfurico,4.7,6,5844
5,145,3,Carbono/metano,4.7,6,2018
5,145,4,Silicio/agua,4.7,6,4739
5,145,5,Silicio/acido sulfurico,6.72,7,6407
5,150,0,Carbono/agua,6.72,7,5058
5,150,1,Carbono/amonia,6.72,7,3497
5,150,2,Carbono/acido sulfurico,4.7,6,6487
5,150,3,Carbono/metano,4.7,6,2241
5,150,4,Silicio/agua,4.7,6,5259
5,150,5,Silicio/acido sulfurico,6.72,7,7112
5,155,0,Carbono/agua,6.72,7,5613
5,155,1,Carbono/amonia,6.72,7,3880
5,155,2,Carbono/acido sulfurico,4.7,6,7198
5,155,3,Carbono/metano,4.7,6,2488
5,155,4,Silicio/agua,4.7,6,5836
5,155,5,Silicio/acido sulfurico,6.72,7,7890
5,160,0,Carbono/agua,6.72,7,6224
5,160,1,Carbono/amonia,6.72,7,4304
5,160,2,Carbono/acido sulfurico,4.7,6,7982
5,160,3,Carbono/metano,4.7,6,2761
5,160,4,Silicio/agua,4.7,6,6474
5,160,5,Silicio/acido sulfurico,6.72,7,8752
5,165,0,Carbono/agua,6.72,7,6901
5,165,1,Carbono/amonia,6.72,7,4773
5,165,2,Carbono/acido sulfurico,4.7,6,8849
5,165,3,Carbono/metano,4.7,6,3060
5,165,4,Silicio/agua,4.7,6,7177
5,165,5,Silicio/acido sulfurico,6.72,7,9702
5,170,0,Carbono/agua,6.72,7,7648
5,170,1,Carbono/amonia,6.72,7,5290
5,170,2,Carbono/acido sulfurico,4.7,6,9805
5,170,3,Carbono/metano,4.7,6,3391
5,170,4,Silicio/agua,4.7,6,7954
5,170,5,Silicio/acido sulfurico,6.72,7,10750
5,175,0,Carbono/agua,6.72,7,8473
5,175,1,Carbono/amonia,6.72,7,5845
5,175,2,Carbono/acido sulfurico,4.7,6,10832
5,175,3,Carbono/metano,4.7,6,3745
5,175,4,Silicio/agua,4.7,6,8809
5,175,5,Silicio/acido sulfurico,6.72,7,11877
5,180,0,Carbono/agua,6.72,7,9382
5,180,1,Carbono/amonia,6.72,7,6401
5,180,2,Carbono/acido sulfurico,4.7,6,11860
5,180,3,Carbono/metano,4.7,6,4101
5,180,4,Silicio/agua,4.7,6,9756
5,180,5,Silicio/acido sulfurico,6.72,7,13006
5,185,0,Carbono/agua,6.72,7,10387
5,185,1,Carbono/amonia,6.72,7,6957
5,185,2,Carbono/acido sulfurico,4.7,6,12890
5,185,3,Carbono/metano,4.7,6,4457
5,185,4,Silicio/agua,4.7,6,10800
5,185,5,Silicio/acido sulfurico,6.72,7,14136
5,190,0,Carbono/agua,6.72,7,11498
5,190,1,Carbono/amonia,6.72,7,7513
5,190,2,Carbono/acido sulfurico,6.72,8,13919
5,190,3,Carbono/metano,4.7,6,4814
5,190,4,Silicio/agua,4.7,6,11953
5,190,5,Silicio/acido sulfurico,6.72,7,15265
5,195,0,Carbono/agua,6.72,7,12724
5,195,1,Carbono/amonia,6.72,7,8068
5,195,2,Carbono/acido sulfurico,6.72,8,14948
5,195,3,Carbono/metano,4.7,6,5172
5,195,4,Silicio/agua,4.7,6,13225
5,195,5,Silicio/acido sulfurico,6.72,7,16394
5,200,0,Carbono/agua,6.72,7,14077
5,200,1,Carbono/amonia,6.72,7,8623
5,200,2,Carbono/acido sulfurico,6.72,7,15977
5,200,3,Carbono/metano,4.7,6,5530
5,200,4,Silicio/agua,4.7,6,14630
5,200,5,Silicio/acido sulfurico,6.72,7,17522
5,205,0,Carbono/agua,6.72,7,15572
5,205,1,Carbono/amonia,6.72,7,9179
5,205,2,Carbono/acido sulfurico,6.72,8,16492
5,205,3,Carbono/metano,4.7,6,5887
5,205,4,Silicio/agua,4.7,6,16179
5,205,5,Silicio/acido sulfurico,6.72,7,18651
5,210,0,Carbono/agua,6.72,7,17221
5,210,1,Carbono/amonia,6.72,7,9735
5,210,2,Carbono/acido sulfurico,6.72,8,17006
5,210,3,Carbono/metano,4.7,6,6246
5,210,4,Silicio/agua,4.7,6,17891
5,210,5,Silicio/acido sulfurico,6.72,7,19781
5,215,0,Carbono/agua,6.72,7,19042
5,215,1,Carbono/amonia,6.72,7,10292
5,215,2,Carbono/acido sulfurico,6.72,8,17521
5,215,3,Carbono/metano,4.7,6,6604
5,215,4,Silicio/agua,4.7,6,19783
5,215,5,Silicio/acido sulfurico,6.72,7,20910
5,220,0,Carbono/agua,6.72,7,21052
5,220,1,Carbono/amonia,6.72,7,10848
5,220,2,Carbono/acido sulfurico,6.72,8,18036
5,220,3,Carbono/metano,4.7,6,6961
5,220,4,Silicio/agua,4.7,6,21870
5,220,5,Silicio/acido sulfurico,6.72,7,22039
5,225,0,Carbono/agua,6.72,7,23271
5,225,1,Carbono/amonia,6.72,7,11406
5,225,2,Carbono/acido sulfurico,6.72,8,18654
5,225,3,Carbono/metano,4.7,6,7318
5,225,4,Silicio/agua,4.7,6,24176
5,225,5,Silicio/acido sulfurico,6.72,7,23166
5,230,0,Carbono/agua,6.72,7,25723
5,230,1,Carbono/amonia,6.72,7,11961
5,230,2,Carbono/acido sulfurico,6.72,8,19684
5,230,3,Carbono/metano,4.7,6,7675
5,230,4,Silicio/agua,4.7,6,26721
5,230,5,Silicio/acido sulfurico,6.72,7,24296
5,235,0,Carbono/agua,6.72,7,28382
5,235,1,Carbono/amonia,6.72,7,12516
5,235,2,Carbono/acido sulfurico,6.72,8,20714
5,235,3,Carbono/metano,4.7,6,8032
5,235,4,Silicio/agua,6.72,8,29480
5,235,5,Silicio/acido sulfurico,6.72,7,25423
5,240,0,Carbono/agua,6.72,7,31063
5,240,1,Carbono/amonia,6.72,7,13072
5,240,2,Carbono/acido sulfurico,6.72,8,21744
5,240,3,Carbono/metano,4.7,6,8387
5,240,4,Silicio/agua,6.72,8,32264
5,240,5,Silicio/acido sulfurico,6.72,7,26552
5,245,0,Carbono/agua,6.72,8,33744
5,245,1,Carbono/amonia,6.72,7,13627
5,245,2,Carbono/acido sulfurico,6.72,8,22774
5,245,3,Carbono/metano,4.7,6,8744
5,245,4,Silicio/agua,6.72,8,35046
5,245,5,Silicio/acido sulfurico,6.72,7,27682
5,250,0,Carbono/agua,6.72,8,36425
5,250,1,Carbono/amonia,6.72,7,14182
5,250,2,Carbono/acido sulfurico,6.72,8,23804
5,250,3,Carbono/metano,4.7,6,9100
5,250,4,Silicio/agua,6.72,8,37828
5,250,5,Silicio/acido sulfurico,6.72,7,28812
5,255,0,Carbono/agua,6.72,8,39105
5,255,1,Carbono/amonia,6.72,7,14737
5,255,2,Carbono/acido sulfurico,6.72,8,24834
5,255,3,Carbono/metano,4.7,6,9456
5,255,4,Silicio/agua,6.72,8,40611
5,255,5,Silicio/acido sulfurico,6.72,7,29941
5,260,0,Carbono/agua,6.72,8,41786
5,260,1,Carbono/amonia,6.72,7,15292
5,260,2,Carbono/acido sulfurico,6.72,8,25863
5,260,3,Carbono/metano,4.7,6,9813
5,260,4,Silicio/agua,6.72,8,43395
5,260,5,Silicio/acido sulfurico,6.72,7,31068
5,265,0,Carbono/agua,6.72,8,44467
5,265,1,Carbono/amonia,6.72,7,15847
5,265,2,Carbono/acido sulfurico,6.72,8,26893
5,265,3,Carbono/metano,4.7,6,10169
5,265,4,Silicio/agua,6.72,8,46178
5,265,5,Silicio/acido sulfurico,6.72,7,32195
5,270,0,Carbono/agua,6.72,8,47148
5,270,1,Carbono/amonia,6.72,7,16403
5,270,2,Carbono/acido sulfurico,6.72,8,27923
5,270,3,Carbono/metano,4.7,6,10525
5,270,4,Silicio/agua,6.72,8,48960
5,270,5,Silicio/acido sulfurico,6.72,7,33323
5,275,0,Carbono/agua,6.72,8,49828
5,275,1,Carbono/amonia,6.72,7,16959
5,275,2,Carbono/acido sulfurico,6.72,8,28953
5,275,3,Carbono/metano,4.7,6,10882
5,275,4,Silicio/agua,6.72,8,51744
5,275,5,Silicio/acido sulfurico,6.72,7,34452
5,280,0,Carbono/agua,6.72,8,52509
5,280,1,Carbono/amonia,6.72,7,17514
5,280,2,Carbono/acido sulfurico,6.72,8,29981
5,280,3,Carbono/metano,4.7,6,11237
5,280,4,Silicio/agua,6.72,8,54526
5,280,5,Silicio/acido sulfurico,6.72,7,35582
5,285,0,Carbono/agua,6.72,8,55191
5,285,1,Carbono/amonia,6.72,7,18071
5,285,2,Carbono/acido sulfurico,6.72,8,31011
5,285,3,Carbono/metano,4.7,6,11594
5,285,4,Silicio/agua,6.72,8,57309
5,285,5,Silicio/acido sulfurico,6.72,7,36711
5,290,0,Carbono/agua,6.72,8,57871
5,290,1,Carbono/amonia,6.72,7,18626
5,290,2,Carbono/acido sulfurico,6.72,8,32040
5,290,3,Carbono/metano,4.7,6,11950
5,290,4,Silicio/agua,6.72,8,60093
5,290,5,Silicio/acido sulfurico,6.72,7,37839
5,295,0,Carbono/agua,6.72,8,60552
5,295,1,Carbono/amonia,6.72,7,19182
5,295,2,Carbono/acido sulfurico,6.72,8,33069
5,295,3,Carbono/metano,4.7,6,12307
5,295,4,Silicio/agua,6.72,8,62877
5,295,5,Silicio/acido sulfurico,6.72,7,38969
5,300,0,Carbono/agua,6.72,8,63233
5,300,1,Carbono/amonia,6.72,7,19737
5,300,2,Carbono/acido sulfurico,6.72,8,34099
5,300,3,Carbono/metano,4.7,6,12662
5,300,4,Silicio/agua,6.72,8,65660
5,300,5,Silicio/acido sulfurico,6.72,7,40099
6,0,0,Carbono/agua,1.78,2,5
6,0,1,Carbono/amonia,0.92,2,3
6,0,2,Carbono/acido sulfurico,0.76,2,7
6,0,3,Carbono/metano,0.88,2,2
6,0,4,Silicio/agua,0.94,1,6
6,0,5,Silicio/acido sulfurico,0.92,2,8
6,5,0,Carbono/agua,1.82,3,34
6,5,1,Carbono/amonia,0.94,2,23
6,5,2,Carbono/acido sulfurico,2.74,4,44
6,5,3,Carbono/metano,0.88,2,16
6,5,4,Silicio/agua,1.88,3,36
6,5,5,Silicio/acido sulfurico,0.92,2,48
6,10,0,Carbono/agua,1.88,3,66
6,10,1,Carbono/amonia,0.94,2,45
6,10,2,Carbono/acido sulfurico,2.74,4,84
6,10,3,Carbono/metano,0.88,2,31
6,10,4,Silicio/agua,1.88,3,70
6,10,5,Silicio/acido sulfurico,1.88,3,92
6,15,0,Carbono/agua,2.76,4,101
6,15,1,Carbono/amonia,0.94,2,70
6,15,2,Carbono/acido sulfurico,3.7,5,127
6,15,3,Carbono/metano,0.9,2,46
6,15,4,Silicio/agua,1.88,3,105
6,15,5,Silicio/acido sulfurico,1.88,3,141
6,20,0,Carbono/agua,2.76,4,139
6,20,1,Carbono/amonia,0.94,2,96
6,20,2,Carbono/acido sulfurico,3.72,5,177
6,20,3,Carbono/metano,0.92,2,64
6,20,4,Silicio/agua,1.88,3,146
6,20,5,Silicio/acido sulfurico,2.82,4,194
6,25,0,Carbono/agua,3.72,5,181
6,25,1,Carbono/amonia,0.94,2,125
6,25,2,Carbono/acido sulfurico,4.68,6,233
6,25,3,Carbono/metano,1.72,3,84
6,25,4,Silicio/agua,2.74,4,189
6,25,5,Silicio/acido sulfurico,2.82,4,254
6,30,0,Carbono/agua,3.72,5,228
6,30,1,Carbono/amonia,0.94,2,158
6,30,2,Carbono/acido sulfurico,4.68,6,292
6,30,3,Carbono/metano,1.78,3,104
6,30,4,Silicio/agua,2.76,4,238
6,30,5,Silicio/acido sulfurico,2.82,4,319
6,35,0,Carbono/agua,3.72,5,280
6,35,1,Carbono/amonia,1.8,3,195
6,35,2,Carbono/acido sulfurico,4.68,6,358
6,35,3,Carbono/metano,1.78,3,126
6,35,4,Silicio/agua,2.76,4,292
6,35,5,Silicio/acido sulfurico,2.82,4,390
6,40,0,Carbono/agua,3.72,5,320
6,40,1,Carbono/amonia,2.76,4,235
6,40,2,Carbono/acido sulfurico,4.7,6,431
6,40,3,Carbono/metano,1.78,3,152
6,40,4,Silicio/agua,2.78,4,351
6,40,5,Silicio/acido sulfurico,2.82,4,469
6,45,0,Carbono/agua,3.72,5,350
6,45,1,Carbono/amonia,2.78,4,277
6,45,2,Carbono/acido sulfurico,4.7,6,511
6,45,3,Carbono/metano,1.88,3,180
6,45,4,Silicio/agua,3.72,5,415
6,45,5,Silicio/acido sulfurico,2.82,4,556
6,50,0,Carbono/agua,3.72,5,386
6,50,1,Carbono/amonia,2.78,4,324
6,50,2,Carbono/acido sulfurico,4.7,6,600
6,50,3,Carbono/metano,2.8,4,212
6,50,4,Silicio/agua,3.72,5,488
6,50,5,Silicio/acido sulfurico,2.82,4,654
6,55,0,Carbono/agua,3.72,5,424
6,55,1,Carbono/amonia,1.88,1,378
6,55,2,Carbono/acido sulfurico,4.7,6,697
6,55,3,Carbono/metano,2.8,4,245
6,55,4,Silicio/agua,3.76,5,568
6,55,5,Silicio/acido sulfurico,2.82,4,762
6,60,0,Carbono/agua,3.72,5,467
6,60,1,Carbono/amonia,1.88,3,405
6,60,2,Carbono/acido sulfurico,4.7,6,806
6,60,3,Carbono/metano,2.8,4,280
6,60,4,Silicio/agua,3.76,5,656
6,60,5,Silicio/acido sulfurico,2.82,4,881
6,65,0,Carbono/agua,3.74,5,550
6,65,1,Carbono/amonia,2.74,4,436
6,65,2,Carbono/acido sulfurico,4.7,6,926
6,65,3,Carbono/metano,2.8,4,322
6,65,4,Silicio/agua,3.76,5,755
6,65,5,Silicio/acido sulfurico,3.76,5,1013
6,70,0,Carbono/agua,3.74,5,654
6,70,1,Carbono/amonia,2.76,4,471
6,70,2,Carbono/acido sulfurico,4.7,6,1058
6,70,3,Carbono/metano,3.74,5,368
6,70,4,Silicio/agua,3.76,5,863
6,70,5,Silicio/acido sulfurico,3.76,5,1157
6,75,0,Carbono/agua,3.74,5,768
6,75,1,Carbono/amonia,2.78,4,510
6,75,2,Carbono/acido sulfurico,4.7,6,1203
6,75,3,Carbono/metano,3.74,5,418
6,75,4,Silicio/agua,3.76,5,981
6,75,5,Silicio/acido sulfurico,3.76,5,1316
6,80,0,Carbono/agua,3.74,5,895
6,80,1,Carbono/amonia,2.78,4,563
6,80,2,Carbono/acido sulfurico,4.7,6,1364
6,80,3,Carbono/metano,3.74,5,474
6,80,4,Silicio/agua,3.76,5,1111
6,80,5,Silicio/acido sulfurico,3.76,5,1493
6,85,0,Carbono/agua,3.74,5,1034
6,85,1,Carbono/amonia,3.7,5,659
6,85,2,Carbono/acido sulfurico,4.7,6,1541
6,85,3,Carbono/metano,3.74,5,536
6,85,4,Silicio/agua,3.76,5,1257
6,85,5,Silicio/acido sulfurico,4.7,6,1688
6,90,0,Carbono/agua,3.74,5,1188
6,90,1,Carbono/amonia,3.7,5,765
6,90,2,Carbono/acido sulfurico,4.7,6,1736
6,90,3,Carbono/metano,3.76,5,603
6,90,4,Silicio/agua,3.76,5,1417
6,90,5,Silicio/acido sulfurico,4.7,6,1901
6,95,0,Carbono/agua,3.74,5,1356
6,95,1,Carbono/amonia,3.72,5,882
6,95,2,Carbono/acido sulfurico,4.7,6,1952
6,95,3,Carbono/metano,3.76,5,677
6,95,4,Silicio/agua,3.76,5,1592
6,95,5,Silicio/acido sulfurico,4.7,6,2138
6,100,0,Carbono/agua,3.74,5,1543
6,100,1,Carbono/amonia,3.74,5,1010
6,100,2,Carbono/acido sulfurico,4.7,6,2190
6,100,3,Carbono/metano,3.76,5,760
6,100,4,Silicio/agua,3.76,5,1784
6,100,5,Silicio/acido sulfurico,4.7,6,2399
6,105,0,Carbono/agua,3.74,5,1749
6,105,1,Carbono/amonia,3.74,5,1152
6,105,2,Carbono/acido sulfurico,4.7,6,2453
6,105,3,Carbono/metano,3.76,5,851
6,105,4,Silicio/agua,3.76,5,1998
6,105,5,Silicio/acido sulfurico,4.7,6,2689
6,110,0,Carbono/agua,3.74,5,1976
6,110,1,Carbono/amonia,3.74,5,1309
6,110,2,Carbono/acido sulfurico,4.7,6,2743
6,110,3,Carbono/metano,3.76,5,954
6,110,4,Silicio/agua,3.76,5,2234
6,110,5,Silicio/acido sulfurico,4.7,6,2879
6,115,0,Carbono/agua,3.74,5,2229
6,115,1,Carbono/amonia,3.74,5,1483
6,115,2,Carbono/acido sulfurico,4.7,6,3064
6,115,3,Carbono/metano,3.76,5,1066
6,115,4,Silicio/agua,3.76,5,2495
6,115,5,Silicio/acido sulfurico,4.7,6,3056
6,120,0,Carbono/agua,3.74,5,2507
6,120,1,Carbono/amonia,3.76,5,1673
6,120,2,Carbono/acido sulfurico,4.7,6,3419
6,120,3,Carbono/metano,3.76,5,1189
6,120,4,Silicio/agua,4.68,6,2782
6,120,5,Silicio/acido sulfurico,4.7,6,3251
6,125,0,Carbono/agua,3.74,5,2813
6,125,1,Carbono/amonia,3.76,5,1883
6,125,2,Carbono/acido sulfurico,4.7,6,3811
6,125,3,Carbono/metano,3.76,5,1323
6,125,4,Silicio/agua,4.7,6,3100
6,125,5,Silicio/acido sulfurico,4.7,6,3467
6,130,0,Carbono/agua,3.74,5,3151
6,130,1,Carbono/amonia,4.7,6,2116
6,130,2,Carbono/acido sulfurico,4.7,6,4242
6,130,3,Carbono/metano,3.76,5,1473
6,130,4,Silicio/agua,4.7,6,3451
6,130,5,Silicio/acido sulfurico,5.7,7,3706
6,135,0,Carbono/agua,3.74,5,3525
6,135,1,Carbono/amonia,4.7,6,2375
6,135,2,Carbono/acido sulfurico,4.7,6,4720
6,135,3,Carbono/metano,3.76,5,1638
6,135,4,Silicio/agua,4.7,6,3838
6,135,5,Silicio/acido sulfurico,5.76,7,4230
6,140,0,Carbono/agua,3.74,5,3939
6,140,1,Carbono/amonia,4.7,6,2661
6,140,2,Carbono/acido sulfurico,4.7,6,5247
6,140,3,Carbono/metano,3.76,5,1820
6,140,4,Silicio/agua,4.7,6,4267
6,140,5,Silicio/acido sulfurico,6.7,8,4810
6,145,0,Carbono/agua,3.74,5,4395
6,145,1,Carbono/amonia,4.7,6,2975
6,145,2,Carbono/acido sulfurico,4.7,6,5830
6,145,3,Carbono/metano,4.7,6,2022
6,145,4,Silicio/agua,4.7,6,4739
6,145,5,Silicio/acido sulfurico,6.72,8,5449
6,150,0,Carbono/agua,3.74,5,4897
6,150,1,Carbono/amonia,4.7,6,3323
6,150,2,Carbono/acido sulfurico,4.7,6,6474
6,150,3,Carbono/metano,4.7,6,2245
6,150,4,Silicio/agua,4.7,6,5263
6,150,5,Silicio/acido sulfurico,6.72,8,6155
6,155,0,Carbono/agua,3.74,5,5452
6,155,1,Carbono/amonia,4.7,6,3706
6,155,2,Carbono/acido sulfurico,4.7,6,7184
6,155,3,Carbono/metano,4.7,6,2491
6,155,4,Silicio/agua,4.7,6,5841
6,155,5,Silicio/acido sulfurico,6.72,8,6934
6,160,0,Carbono/agua,4.68,6,6064
6,160,1,Carbono/amonia,4.7,6,4128
6,160,2,Carbono/acido sulfurico,4.7,6,7968
6,160,3,Carbono/metano,4.7,6,2764
6,160,4,Silicio/agua,4.7,6,6477
6,160,5,Silicio/acido sulfurico,6.72,8,7795
6,165,0,Carbono/agua,4.68,6,6741
6,165,1,Carbono/amonia,4.7,6,4595
6,165,2,Carbono/acido sulfurico,4.7,6,8835
6,165,3,Carbono/metano,4.7,6,3065
6,165,4,Silicio/agua,4.7,6,7179
6,165,5,Silicio/acido sulfurico,6.72,8,8746
6,170,0,Carbono/agua,4.68,6,7488
6,170,1,Carbono/amonia,4.7,6,5111
6,170,2,Carbono/acido sulfurico,4.7,6,9791
6,170,3,Carbono/metano,4.7,6,3396
6,170,4,Silicio/agua,4.7,6,7954
6,170,5,Silicio/acido sulfurico,6.72,8,9795
6,175,0,Carbono/agua,4.68,6,8312
6,175,1,Carbono/amonia,4.7,6,5664
6,175,2,Carbono/acido sulfurico,4.7,6,10817
6,175,3,Carbono/metano,4.7,6,3752
6,175,4,Silicio/agua,4.7,6,8812
6,175,5,Silicio/acido sulfurico,6.72,8,10920
6,180,0,Carbono/agua,4.68,6,9222
6,180,1,Carbono/amonia,4.7,6,6219
6,180,2,Carbono/acido sulfurico,4.7,6,11847
6,180,3,Carbono/metano,4.7,6,4107
6,180,4,Silicio/agua,5.7,7,9756
6,180,5,Silicio/acido sulfurico,6.72,8,12048
6,185,0,Carbono/agua,6.68,8,10227
6,185,1,Carbono/amonia,4.7,6,6774
6,185,2,Carbono/acido sulfurico,4.7,6,12876
6,185,3,Carbono/metano,4.7,6,4464
6,185,4,Silicio/agua,6.7,8,10801
6,185,5,Silicio/acido sulfurico,6.72,8,13177
6,190,0,Carbono/agua,6.7,8,11336
6,190,1,Carbono/amonia,4.7,6,7331
6,190,2,Carbono/acido sulfurico,4.7,6,13905
6,190,3,Carbono/metano,4.7,6,4821
6,190,4,Silicio/agua,6.72,8,11954
6,190,5,Silicio/acido sulfurico,6.72,8,14306
6,195,0,Carbono/agua,6.7,8,12562
6,195,1,Carbono/amonia,4.7,6,7887
6,195,2,Carbono/acido sulfurico,4.7,6,14935
6,195,3,Carbono/metano,4.7,6,5177
6,195,4,Silicio/agua,6.72,8,13228
6,195,5,Silicio/acido sulfurico,6.72,8,15435
6,200,0,Carbono/agua,6.7,8,13916
6,200,1,Carbono/amonia,4.7,6,8443
6,200,2,Carbono/acido sulfurico,4.7,6,15965
6,200,3,Carbono/metano,4.7,6,5534
6,200,4,Silicio/agua,6.72,8,14633
6,200,5,Silicio/acido sulfurico,6.72,8,16452
6,205,0,Carbono/agua,6.72,8,15409
6,205,1,Carbono/amonia,4.7,6,8998
6,205,2,Carbono/acido sulfurico,4.7,6,16995
6,205,3,Carbono/metano,4.7,6,5892
6,205,4,Silicio/agua,6.72,8,15557
6,205,5,Silicio/acido sulfurico,6.72,8,17016
6,210,0,Carbono/agua,6.72,8,17057
6,210,1,Carbono/amonia,5.72,7,9554
6,210,2,Carbono/acido sulfurico,4.7,6,18023
6,210,3,Carbono/metano,4.7,6,6250
6,210,4,Silicio/agua,6.72,8,16413
6,210,5,Silicio/acido sulfurico,6.72,8,17581
6,215,0,Carbono/agua,6.72,8,18878
6,215,1,Carbono/amonia,5.74,7,10109
6,215,2,Carbono/acido sulfurico,4.7,6,19053
6,215,3,Carbono/metano,4.7,6,6607
6,215,4,Silicio/agua,6.72,8,17360
6,215,5,Silicio/acido sulfurico,6.72,8,18146
6,220,0,Carbono/agua,6.72,8,20889
6,220,1,Carbono/amonia,6.72,8,10665
6,220,2,Carbono/acido sulfurico,4.7,6,20082
6,220,3,Carbono/metano,4.7,6,6966
6,220,4,Silicio/agua,6.72,8,18402
6,220,5,Silicio/acido sulfurico,6.72,8,18710
6,225,0,Carbono/agua,6.72,8,23109
6,225,1,Carbono/amonia,6.72,8,11222
6,225,2,Carbono/acido sulfurico,4.7,6,21112
6,225,3,Carbono/metano,4.7,6,7322
6,225,4,Silicio/agua,6.72,8,19555
6,225,5,Silicio/acido sulfurico,6.72,8,19500
6,230,0,Carbono/agua,6.72,8,25559
6,230,1,Carbono/amonia,6.72,8,11778
6,230,2,Carbono/acido sulfurico,4.7,6,22141
6,230,3,Carbono/metano,4.7,6,7680
6,230,4,Silicio/agua,6.72,8,22100
6,230,5,Silicio/acido sulfurico,6.72,8,20630
6,235,0,Carbono/agua,6.72,8,28217
6,235,1,Carbono/amonia,6.72,8,12333
6,235,2,Carbono/acido sulfurico,4.7,6,23170
6,235,3,Carbono/metano,4.7,6,8036
6,235,4,Silicio/agua,6.72,8,24862
6,235,5,Silicio/acido sulfurico,6.72,8,21759
6,240,0,Carbono/agua,6.72,8,30897
6,240,1,Carbono/amonia,6.72,8,12889
6,240,2,Carbono/acido sulfurico,4.7,6,24200
6,240,3,Carbono/metano,4.7,6,8391
6,240,4,Silicio/agua,6.72,8,27647
6,240,5,Silicio/acido sulfurico,6.72,8,22888
6,245,0,Carbono/agua,6.72,8,33577
6,245,1,Carbono/amonia,6.72,8,13444
6,245,2,Carbono/acido sulfurico,4.7,6,25230
6,245,3,Carbono/metano,4.7,6,8747
6,245,4,Silicio/agua,6.72,8,30430
6,245,5,Silicio/acido sulfurico,6.72,8,24018
6,250,0,Carbono/agua,6.72,8,35989
6,250,1,Carbono/amonia,6.72,8,13999
6,250,2,Carbono/acido sulfurico,4.7,6,26260
6,250,3,Carbono/metano,4.7,6,9103
6,250,4,Silicio/agua,6.72,8,33213
6,250,5,Silicio/acido sulfurico,6.72,8,25146
6,255,0,Carbono/agua,6.72,8,37329
6,255,1,Carbono/amonia,6.72,8,14555
6,255,2,Carbono/acido sulfurico,4.7,6,27290
6,255,3,Carbono/metano,4.7,6,9461
6,255,4,Silicio/agua,6.72,8,35996
6,255,5,Silicio/acido sulfurico,6.72,8,26275
6,260,0,Carbono/agua,6.72,8,38671
6,260,1,Carbono/amonia,6.72,8,15110
6,260,2,Carbono/acido sulfurico,4.7,6,28320
6,260,3,Carbono/metano,4.7,6,9818
6,260,4,Silicio/agua,6.72,8,38780
6,260,5,Silicio/acido sulfurico,6.72,8,27403
6,265,0,Carbono/agua,6.72,8,40011
6,265,1,Carbono/amonia,6.72,8,15665
6,265,2,Carbono/acido sulfurico,4.7,6,29350
6,265,3,Carbono/metano,4.7,6,10176
6,265,4,Silicio/agua,6.72,8,41563
6,265,5,Silicio/acido sulfurico,6.72,8,28532
6,270,0,Carbono/agua,6.72,8,41352
6,270,1,Carbono/amonia,6.72,8,16220
6,270,2,Carbono/acido sulfurico,4.7,6,30379
6,270,3,Carbono/metano,4.7,6,10534
6,270,4,Silicio/agua,6.72,8,44347
6,270,5,Silicio/acido sulfurico,6.72,8,29661
6,275,0,Carbono/agua,6.72,8,43228
6,275,1,Carbono/amonia,6.72,8,16775
6,275,2,Carbono/acido sulfurico,4.7,6,31407
6,275,3,Carbono/metano,4.7,6,10889
6,275,4,Silicio/agua,6.72,8,47130
6,275,5,Silicio/acido sulfurico,6.72,8,30788
6,280,0,Carbono/agua,6.72,8,45909
6,280,1,Carbono/amonia,6.72,8,17330
6,280,2,Carbono/acido sulfurico,4.7,6,32437
6,280,3,Carbono/metano,4.7,6,11174
6,280,4,Silicio/agua,6.72,8,49915
6,280,5,Silicio/acido sulfurico,6.72,8,31917
6,285,0,Carbono/agua,6.72,8,48589
6,285,1,Carbono/amonia,6.72,8,17885
6,285,2,Carbono/acido sulfurico,4.7,6,33466
6,285,3,Carbono/metano,4.7,6,11352
6,285,4,Silicio/agua,6.72,8,52699
6,285,5,Silicio/acido sulfurico,6.72,8,33047
6,290,0,Carbono/agua,6.72,8,51270
6,290,1,Carbono/amonia,6.72,8,18440
6,290,2,Carbono/acido sulfurico,4.7,6,34494
6,290,3,Carbono/metano,4.7,6,11529
6,290,4,Silicio/agua,6.72,8,55482
6,290,5,Silicio/acido sulfurico,6.72,8,34176
6,295,0,Carbono/agua,6.72,8,53950
6,295,1,Carbono/amonia,6.72,8,18995
6,295,2,Carbono/acido sulfurico,4.7,6,35523
6,295,3,Carbono/metano,4.7,6,11707
6,295,4,Silicio/agua,6.72,8,58264
6,295,5,Silicio/acido sulfurico,6.72,8,35304
6,300,0,Carbono/agua,6.72,8,56630
6,300,1,Carbono/amonia,6.72,8,19551
6,300,2,Carbono/acido sulfurico,4.7,6,36553
6,300,3,Carbono/metano,4.7,6,11885
6,300,4,Silicio/agua,6.72,8,61048
6,300,5,Silicio/acido sulfurico,6.72,8,36433
7,0,0,Carbono/agua,-0.14,1,5
7,0,1,Carbono/amonia,0.94,2,4
7,0,2,Carbono/acido sulfurico,-0.1,1,7
7,0,3,Carbono/metano,-0.08,1,2
7,0,4,Silicio/agua,-0.04,1,6
7,0,5,Silicio/acido sulfurico,0.86,2,7
7,5,0,Carbono/agua,1.7,3,32
7,5,1,Carbono/amonia,1.86,3,25
7,5,2,Carbono/acido sulfurico,2.74,4,45
7,5,3,Carbono/metano,0.94,2,14
7,5,4,Silicio/agua,1.8,3,35
7,5,5,Silicio/acido sulfurico,1.82,3,46
7,10,0,Carbono/agua,1.7,3,64
7,10,1,Carbono/amonia,1.86,3,47
7,10,2,Carbono/acido sulfurico,2.76,4,85
7,10,3,Carbono/metano,0.94,2,29
7,10,4,Silicio/agua,1.8,3,69
7,10,5,Silicio/acido sulfurico,1.82,3,89
7,15,0,Carbono/agua,1.78,3,98
7,15,1,Carbono/amonia,1.86,3,69
7,15,2,Carbono/acido sulfurico,2.78,4,129
7,15,3,Carbono/metano,0.94,2,45
7,15,4,Silicio/agua,1.8,3,107
7,15,5,Silicio/acido sulfurico,2.8,4,137
7,20,0,Carbono/agua,2.72,4,136
7,20,1,Carbono/amonia,1.86,3,96
7,20,2,Carbono/acido sulfurico,2.78,4,177
7,20,3,Carbono/metano,0.94,2,61
7,20,4,Silicio/agua,5.72,5,147
7,20,5,Silicio/acido sulfurico,2.8,4,190
7,25,0,Carbono/agua,2.72,4,178
7,25,1,Carbono/amonia,2.72,4,125
7,25,2,Carbono/acido sulfurico,2.82,4,230
7,25,3,Carbono/metano,0.94,2,81
7,25,4,Silicio/agua,6.7,6,192
7,25,5,Silicio/acido sulfurico,2.8,4,248
7,30,0,Carbono/agua,3.7,5,224
7,30,1,Carbono/amonia,2.76,4,155
7,30,2,Carbono/acido sulfurico,2.82,4,290
7,30,3,Carbono/metano,0.94,2,102
7,30,4,Silicio/agua,6.7,6,241
7,30,5,Silicio/acido sulfurico,2.8,4,313
7,35,0,Carbono/agua,3.72,5,275
7,35,1,Carbono/amonia,2.76,4,190
7,35,2,Carbono/acido sulfurico,2.82,4,355
7,35,3,Carbono/metano,0.94,2,125
7,35,4,Silicio/agua,6.7,6,296
7,35,5,Silicio/acido sulfurico,3.74,5,385
7,40,0,Carbono/agua,3.72,5,332
7,40,1,Carbono/amonia,2.76,4,228
7,40,2,Carbono/acido sulfurico,2.82,4,427
7,40,3,Carbono/metano,0.94,2,150
7,40,4,Silicio/agua,6.7,6,356
7,40,5,Silicio/acido sulfurico,3.74,5,464
7,45,0,Carbono/agua,3.72,5,395
7,45,1,Carbono/amonia,3.72,5,271
7,45,2,Carbono/acido sulfurico,2.82,4,507
7,45,3,Carbono/metano,1.86,3,178
7,45,4,Silicio/agua,6.7,6,421
7,45,5,Silicio/acido sulfurico,4.68,6,552
7,50,0,Carbono/agua,3.74,5,463
7,50,1,Carbono/amonia,3.72,5,319
7,50,2,Carbono/acido sulfurico,3.76,5,595
7,50,3,Carbono/metano,1.86,3,208
7,50,4,Silicio/agua,6.7,6,491
7,50,5,Silicio/acido sulfurico,4.68,6,649
7,55,0,Carbono/agua,5.74,6,539
7,55,1,Carbono/amonia,3.74,5,372
7,55,2,Carbono/acido sulfurico,3.76,5,692
7,55,3,Carbono/metano,1.86,3,243
7,55,4,Silicio/agua,6.7,6,570
7,55,5,Silicio/acido sulfurico,4.68,6,757
7,60,0,Carbono/agua,5.74,6,624
7,60,1,Carbono/amonia,3.76,5,431
7,60,2,Carbono/acido sulfurico,3.76,5,801
7,60,3,Carbono/metano,1.86,3,280
7,60,4,Silicio/agua,6.72,6,659
7,60,5,Silicio/acido sulfurico,4.68,6,876
7,65,0,Carbono/agua,5.74,6,718
7,65,1,Carbono/amonia,3.76,5,495
7,65,2,Carbono/acido sulfurico,3.76,5,921
7,65,3,Carbono/metano,1.86,3,320
7,65,4,Silicio/agua,6.72,6,757
7,65,5,Silicio/acido sulfurico,4.68,6,1008
7,70,0,Carbono/agua,5.74,3,820
7,70,1,Carbono/amonia,3.76,5,566
7,70,2,Carbono/acido sulfurico,3.76,5,1052
7,70,3,Carbono/metano,1.86,3,366
7,70,4,Silicio/agua,6.72,6,865
7,70,5,Silicio/acido sulfurico,4.68,6,1153
7,75,0,Carbono/agua,5.74,6,877
7,75,1,Carbono/amonia,3.76,5,644
7,75,2,Carbono/acido sulfurico,3.76,4,1184
7,75,3,Carbono/metano,2.8,4,418
7,75,4,Silicio/agua,6.72,6,983
7,75,5,Silicio/acido sulfurico,4.68,6,1312
7,80,0,Carbono/agua,5.74,6,940
7,80,1,Carbono/amonia,3.76,5,731
7,80,2,Carbono/acido sulfurico,3.76,5,1264
7,80,3,Carbono/metano,2.8,4,475
7,80,4,Silicio/agua,6.72,6,1112
7,80,5,Silicio/acido sulfurico,4.68,6,1489
7,85,0,Carbono/agua,5.74,6,1009
7,85,1,Carbono/amonia,4.68,6,828
7,85,2,Carbono/acido sulfurico,3.76,5,1354
7,85,3,Carbono/metano,2.8,4,537
7,85,4,Silicio/agua,6.72,6,1256
7,85,5,Silicio/acido sulfurico,4.68,6,1684
7,90,0,Carbono/agua,5.74,6,1086
7,90,1,Carbono/amonia,4.7,6,933
7,90,2,Carbono/acido sulfurico,4.68,6,1451
7,90,3,Carbono/metano,2.8,4,606
7,90,4,Silicio/agua,6.72,6,1416
7,90,5,Silicio/acido sulfurico,4.68,6,1898
7,95,0,Carbono/agua,5.74,6,1188
7,95,1,Carbono/amonia,4.7,6,1049
7,95,2,Carbono/acido sulfurico,4.68,6,1558
7,95,3,Carbono/metano,2.8,4,680
7,95,4,Silicio/agua,6.72,6,1592
7,95,5,Silicio/acido sulfurico,4.68,6,2137
7,100,0,Carbono/agua,5.76,6,1374
7,100,1,Carbono/amonia,4.7,6,1178
7,100,2,Carbono/acido sulfurico,4.68,6,1727
7,100,3,Carbono/metano,2.82,4,763
7,100,4,Silicio/agua,6.72,6,1785
7,100,5,Silicio/acido sulfurico,4.68,6,2398
7,105,0,Carbono/agua,5.76,6,1580
7,105,1,Carbono/amonia,4.7,6,1320
7,105,2,Carbono/acido sulfurico,5.72,7,1991
7,105,3,Carbono/metano,2.82,4,855
7,105,4,Silicio/agua,6.72,6,2000
7,105,5,Silicio/acido sulfurico,4.68,6,2689
7,110,0,Carbono/agua,5.76,6,1806
7,110,1,Carbono/amonia,4.7,6,1479
7,110,2,Carbono/acido sulfurico,5.72,7,2284
7,110,3,Carbono/metano,3.72,5,957
7,110,4,Silicio/agua,6.72,6,2238
7,110,5,Silicio/acido sulfurico,4.68,6,3007
7,115,0,Carbono/agua,6.7,7,2057
7,115,1,Carbono/amonia,4.7,6,1653
7,115,2,Carbono/acido sulfurico,5.74,7,2605
7,115,3,Carbono/metano,3.72,5,1067
7,115,4,Silicio/agua,6.72,6,2498
7,115,5,Silicio/acido sulfurico,4.68,6,3361
7,120,0,Carbono/agua,6.7,7,2336
7,120,1,Carbono/amonia,4.7,6,1844
7,120,2,Carbono/acido sulfurico,5.78,7,2961
7,120,3,Carbono/metano,3.74,5,1192
7,120,4,Silicio/agua,6.72,6,2785
7,120,5,Silicio/acido sulfurico,4.68,6,3750
7,125,0,Carbono/agua,6.7,7,2641
7,125,1,Carbono/amonia,4.7,6,2056
7,125,2,Carbono/acido sulfurico,6.68,8,3353
7,125,3,Carbono/metano,3.74,5,1327
7,125,4,Silicio/agua,6.72,6,3103
7,125,5,Silicio/acido sulfurico,4.68,6,4180
7,130,0,Carbono/agua,6.7,7,2980
7,130,1,Carbono/amonia,4.7,6,2291
7,130,2,Carbono/acido sulfurico,6.72,8,3788
7,130,3,Carbono/metano,3.76,5,1478
7,130,4,Silicio/agua,6.72,6,3454
7,130,5,Silicio/acido sulfurico,4.68,6,4655
7,135,0,Carbono/agua,6.7,7,3354
7,135,1,Carbono/amonia,4.7,6,2548
7,135,2,Carbono/acido sulfurico,6.72,8,4264
7,135,3,Carbono/metano,3.76,5,1644
7,135,4,Silicio/agua,6.72,6,3843
7,135,5,Silicio/acido sulfurico,4.68,6,5180
7,140,0,Carbono/agua,6.72,7,3765
7,140,1,Carbono/amonia,4.7,6,2833
7,140,2,Carbono/acido sulfurico,6.72,8,4790
7,140,3,Carbono/metano,3.76,5,1827
7,140,4,Silicio/agua,6.72,6,4272
7,140,5,Silicio/acido sulfurico,4.68,6,5759
7,145,0,Carbono/agua,6.72,7,4220
7,145,1,Carbono/amonia,4.7,6,3148
7,145,2,Carbono/acido sulfurico,6.72,8,5371
7,145,3,Carbono/metano,4.7,6,2028
7,145,4,Silicio/agua,6.72,6,4744
7,145,5,Silicio/acido sulfurico,4.68,6,6397
7,150,0,Carbono/agua,6.72,7,4724
7,150,1,Carbono/amonia,4.7,6,3390
7,150,2,Carbono/acido sulfurico,6.72,8,6014
7,150,3,Carbono/metano,4.7,6,2250
7,150,4,Silicio/agua,6.72,6,5266
7,150,5,Silicio/acido sulfurico,4.7,6,7102
7,155,0,Carbono/agua,6.72,7,5279
7,155,1,Carbono/amonia,4.7,6,3581
7,155,2,Carbono/acido sulfurico,6.72,8,6725
7,155,3,Carbono/metano,4.7,6,2496
7,155,4,Silicio/agua,6.72,6,5843
7,155,5,Silicio/acido sulfurico,4.7,6,7881
7,160,0,Carbono/agua,6.72,7,5893
7,160,1,Carbono/amonia,4.7,6,3793
7,160,2,Carbono/acido sulfurico,6.72,8,7510
7,160,3,Carbono/metano,4.7,6,2768
7,160,4,Silicio/agua,6.72,6,6477
7,160,5,Silicio/acido sulfurico,4.7,6,8741
7,165,0,Carbono/agua,6.72,7,6569
7,165,1,Carbono/amonia,4.7,6,4027
7,165,2,Carbono/acido sulfurico,6.72,8,8378
7,165,3,Carbono/metano,4.7,6,3067
7,165,4,Silicio/agua,6.72,6,7178
7,165,5,Silicio/acido sulfurico,4.7,6,9692
7,170,0,Carbono/agua,6.72,7,7316
7,170,1,Carbono/amonia,4.7,6,4286
7,170,2,Carbono/acido sulfurico,6.72,8,9334
7,170,3,Carbono/metano,4.7,6,3398
7,170,4,Silicio/agua,6.72,6,7953
7,170,5,Silicio/acido sulfurico,4.7,6,10741
7,175,0,Carbono/agua,6.72,7,8140
7,175,1,Carbono/amonia,4.7,6,4785
7,175,2,Carbono/acido sulfurico,6.72,8,10360
7,175,3,Carbono/metano,4.7,6,3755
7,175,4,Silicio/agua,6.72,6,8809
7,175,5,Silicio/acido sulfurico,5.68,7,11867
7,180,0,Carbono/agua,6.72,7,9052
7,180,1,Carbono/amonia,4.7,6,5228
7,180,2,Carbono/acido sulfurico,6.72,8,11390
7,180,3,Carbono/metano,4.7,6,4114
7,180,4,Silicio/agua,6.72,6,9755
7,180,5,Silicio/acido sulfurico,6.72,8,12994
7,185,0,Carbono/agua,6.72,7,10057
7,185,1,Carbono/amonia,4.7,6,5505
7,185,2,Carbono/acido sulfurico,6.72,8,12420
7,185,3,Carbono/metano,4.7,6,4470
7,185,4,Silicio/agua,6.72,7,10798
7,185,5,Silicio/acido sulfurico,6.72,8,14123
7,190,0,Carbono/agua,6.72,7,11167
7,190,1,Carbono/amonia,4.7,6,5784
7,190,2,Carbono/acido sulfurico,6.72,8,13447
7,190,3,Carbono/metano,4.7,6,4826
7,190,4,Silicio/agua,6.72,7,11951
7,190,5,Silicio/acido sulfurico,6.72,8,15253
7,195,0,Carbono/agua,6.72,7,12392
7,195,1,Carbono/amonia,4.7,6,6064
7,195,2,Carbono/acido sulfurico,6.72,8,14476
7,195,3,Carbono/metano,4.7,6,5184
7,195,4,Silicio/agua,6.72,7,13224
7,195,5,Silicio/acido sulfurico,6.72,8,16383
7,200,0,Carbono/agua,6.72,7,13746
7,200,1,Carbono/amonia,4.7,6,6340
7,200,2,Carbono/acido sulfurico,6.72,8,15505
7,200,3,Carbono/metano,4.7,6,5540
7,200,4,Silicio/agua,6.72,7,14629
7,200,5,Silicio/acido sulfurico,6.72,8,17512
7,205,0,Carbono/agua,6.72,7,15240
7,205,1,Carbono/amonia,4.7,6,6785
7,205,2,Carbono/acido sulfurico,6.72,8,16535
7,205,3,Carbono/metano,4.7,6,5896
7,205,4,Silicio/agua,6.72,7,16180
7,205,5,Silicio/acido sulfurico,6.72,8,18642
7,210,0,Carbono/agua,6.72,7,16890
7,210,1,Carbono/amonia,4.7,6,7340
7,210,2,Carbono/acido sulfurico,6.72,8,17565
7,210,3,Carbono/metano,4.7,6,6254
7,210,4,Silicio/agua,6.72,7,17894
7,210,5,Silicio/acido sulfurico,6.72,8,19772
7,215,0,Carbono/agua,6.72,7,18712
7,215,1,Carbono/amonia,4.7,6,7898
7,215,2,Carbono/acido sulfurico,6.72,8,18593
7,215,3,Carbono/metano,4.7,6,6611
7,215,4,Silicio/agua,6.72,7,19783
7,215,5,Silicio/acido sulfurico,6.72,8,20901
7,220,0,Carbono/agua,6.72,7,20722
7,220,1,Carbono/amonia,4.7,6,8453
7,220,2,Carbono/acido sulfurico,6.72,8,19623
7,220,3,Carbono/metano,4.7,6,6967
7,220,4,Silicio/agua,6.72,7,21870
7,220,5,Silicio/acido sulfurico,6.72,8,22028
7,225,0,Carbono/agua,6.72,7,22942
7,225,1,Carbono/amonia,4.7,6,9008
7,225,2,Carbono/acido sulfurico,6.72,8,20652
7,225,3,Carbono/metano,4.7,6,7326
7,225,4,Silicio/agua,6.72,7,24174
7,225,5,Silicio/acido sulfurico,6.72,8,23157
7,230,0,Carbono/agua,6.72,7,25393
7,230,1,Carbono/amonia,4.7,6,9564
7,230,2,Carbono/acido sulfurico,6.72,8,21681
7,230,3,Carbono/metano,4.7,6,7682
7,230,4,Silicio/agua,6.72,7,26718
7,230,5,Silicio/acido sulfurico,6.72,8,24286
7,235,0,Carbono/agua,6.72,7,28052
7,235,1,Carbono/amonia,4.7,6,10120
7,235,2,Carbono/acido sulfurico,6.72,8,22710
7,235,3,Carbono/metano,4.7,6,8038
7,235,4,Silicio/agua,6.72,7,29477
7,235,5,Silicio/acido sulfurico,6.72,8,25415
7,240,0,Carbono/agua,6.72,7,30734
7,240,1,Carbono/amonia,5.7,7,10675
7,240,2,Carbono/acido sulfurico,6.72,8,23740
7,240,3,Carbono/metano,5.78,7,8393
7,240,4,Silicio/agua,6.72,7,32260
7,240,5,Silicio/acido sulfurico,6.72,8,26545
7,245,0,Carbono/agua,6.72,7,33415
7,245,1,Carbono/amonia,5.78,7,11230
7,245,2,Carbono/acido sulfurico,6.72,8,24770
7,245,3,Carbono/metano,5.78,7,8749
7,245,4,Silicio/agua,6.72,7,35044
7,245,5,Silicio/acido sulfurico,6.72,8,27674
7,250,0,Carbono/agua,6.72,7,36095
7,250,1,Carbono/amonia,5.78,7,11785
7,250,2,Carbono/acido sulfurico,6.72,8,25798
7,250,3,Carbono/metano,5.78,7,9105
7,250,4,Silicio/agua,6.72,7,37828
7,250,5,Silicio/acido sulfurico,6.72,8,28802
7,255,0,Carbono/agua,6.72,7,38776
7,255,1,Carbono/amonia,6.72,8,12340
7,255,2,Carbono/acido sulfurico,6.72,8,26828
7,255,3,Carbono/metano,6.72,8,9461
7,255,4,Silicio/agua,6.72,7,40610
7,255,5,Silicio/acido sulfurico,6.72,8,29931
7,260,0,Carbono/agua,6.72,7,41456
7,260,1,Carbono/amonia,6.72,8,12896
7,260,2,Carbono/acido sulfurico,6.72,8,27858
7,260,3,Carbono/metano,6.72,8,9818
7,260,4,Silicio/agua,6.72,7,43393
7,260,5,Silicio/acido sulfurico,6.72,8,30947
7,265,0,Carbono/agua,6.72,7,44136
7,265,1,Carbono/amonia,6.72,8,13451
7,265,2,Carbono/acido sulfurico,6.72,8,28888
7,265,3,Carbono/metano,6.72,8,10176
7,265,4,Silicio/agua,6.72,7,46177
7,265,5,Silicio/acido sulfurico,6.72,8,31512
7,270,0,Carbono/agua,6.72,7,46816
7,270,1,Carbono/amonia,6.72,8,14007
7,270,2,Carbono/acido sulfurico,6.72,8,29918
7,270,3,Carbono/metano,6.72,8,10535
7,270,4,Silicio/agua,6.72,7,48958
7,270,5,Silicio/acido sulfurico,6.72,8,32077
7,275,0,Carbono/agua,6.72,7,49497
7,275,1,Carbono/amonia,6.72,8,14563
7,275,2,Carbono/acido sulfurico,6.72,8,30948
7,275,3,Carbono/metano,6.72,8,10892
7,275,4,Silicio/agua,6.72,7,51740
7,275,5,Silicio/acido sulfurico,6.72,8,32641
7,280,0,Carbono/agua,6.72,7,52177
7,280,1,Carbono/amonia,6.72,8,15119
7,280,2,Carbono/acido sulfurico,6.72,8,31978
7,280,3,Carbono/metano,6.72,8,11248
7,280,4,Silicio/agua,6.72,7,54523
7,280,5,Silicio/acido sulfurico,6.72,8,33205
7,285,0,Carbono/agua,6.72,7,54857
7,285,1,Carbono/amonia,6.72,8,15674
7,285,2,Carbono/acido sulfurico,6.72,8,33008
7,285,3,Carbono/metano,6.72,8,11604
7,285,4,Silicio/agua,6.72,7,57307
7,285,5,Silicio/acido sulfurico,6.72,8,33995
7,290,0,Carbono/agua,6.72,7,57538
7,290,1,Carbono/amonia,6.72,8,16229
7,290,2,Carbono/acido sulfurico,6.72,8,34037
7,290,3,Carbono/metano,6.72,8,11962
7,290,4,Silicio/agua,6.72,7,60088
7,290,5,Silicio/acido sulfurico,6.72,8,35125
7,295,0,Carbono/agua,6.72,7,60219
7,295,1,Carbono/amonia,6.72,8,16785
7,295,2,Carbono/acido sulfurico,6.72,8,35066
7,295,3,Carbono/metano,6.72,8,12320
7,295,4,Silicio/agua,6.72,7,62870
7,295,5,Silicio/acido sulfurico,6.72,8,36254
7,300,0,Carbono/agua,6.72,7,62899
7,300,1,Carbono/amonia,6.72,8,17340
7,300,2,Carbono/acido sulfurico,6.72,8,36095
7,300,3,Carbono/metano,6.72,8,12677
7,300,4,Silicio/agua,6.72,7,65654
7,300,5,Silicio/acido sulfurico,6.72,8,37383
8,0,0,Carbono/agua,0.88,2,6
8,0,1,Carbono/amonia,1.76,2,4
8,0,2,Carbono/acido sulfurico,0.86,2,6
8,0,3,Carbono/metano,0.88,2,3
8,0,4,Silicio/agua,1.78,3,5
8,0,5,Silicio/acido sulfurico,2.68,4,8
8,5,0,Carbono/agua,0.88,2,36
8,5,1,Carbono/amonia,1.8,3,24
8,5,2,Carbono/acido sulfurico,1.84,3,41
8,5,3,Carbono/metano,0.94,2,17
8,5,4,Silicio/agua,1.8,3,35
8,5,5,Silicio/acido sulfurico,2.72,4,48
8,10,0,Carbono/agua,1.84,3,67
8,10,1,Carbono/amonia,1.82,3,45
8,10,2,Carbono/acido sulfurico,1.86,3,81
8,10,3,Carbono/metano,0.94,2,31
8,10,4,Silicio/agua,2.72,4,69
8,10,5,Silicio/acido sulfurico,2.72,4,90
8,15,0,Carbono/agua,1.86,3,102
8,15,1,Carbono/amonia,1.82,3,69
8,15,2,Carbono/acido sulfurico,1.86,3,125
8,15,3,Carbono/metano,1.84,1,46
8,15,4,Silicio/agua,2.74,4,104
8,15,5,Silicio/acido sulfurico,3.7,5,138
8,20,0,Carbono/agua,1.86,3,140
8,20,1,Carbono/amonia,1.84,3,96
8,20,2,Carbono/acido sulfurico,2.82,4,172
8,20,3,Carbono/metano,1.84,3,55
8,20,4,Silicio/agua,2.74,4,143
8,20,5,Silicio/acido sulfurico,3.7,5,192
8,25,0,Carbono/agua,1.86,3,182
8,25,1,Carbono/amonia,2.68,4,125
8,25,2,Carbono/acido sulfurico,2.82,4,225
8,25,3,Carbono/metano,1.84,3,64
8,25,4,Silicio/agua,2.74,4,187
8,25,5,Silicio/acido sulfurico,3.7,4,227
8,30,0,Carbono/agua,2.76,4,230
8,30,1,Carbono/amonia,2.68,4,157
8,30,2,Carbono/acido sulfurico,2.82,4,285
8,30,3,Carbono/metano,1.84,3,75
8,30,4,Silicio/agua,2.74,4,236
8,30,5,Silicio/acido sulfurico,3.72,5,261
8,35,0,Carbono/agua,2.8,4,281
8,35,1,Carbono/amonia,2.7,4,192
8,35,2,Carbono/acido sulfurico,2.82,4,350
8,35,3,Carbono/metano,1.84,3,86
8,35,4,Silicio/agua,2.74,4,289
8,35,5,Silicio/acido sulfurico,3.72,5,298
8,40,0,Carbono/agua,2.82,4,339
8,40,1,Carbono/amonia,2.7,4,231
8,40,2,Carbono/acido sulfurico,2.82,4,423
8,40,3,Carbono/metano,1.84,3,99
8,40,4,Silicio/agua,2.74,4,348
8,40,5,Silicio/acido sulfurico,3.72,5,338
8,45,0,Carbono/agua,2.82,4,403
8,45,1,Carbono/amonia,2.74,4,274
8,45,2,Carbono/acido sulfurico,2.82,4,504
8,45,3,Carbono/metano,1.88,3,112
8,45,4,Silicio/agua,3.7,5,414
8,45,5,Silicio/acido sulfurico,3.72,5,381
8,50,0,Carbono/agua,2.82,4,472
8,50,1,Carbono/amonia,2.76,4,321
8,50,2,Carbono/acido sulfurico,2.82,4,592
8,50,3,Carbono/metano,1.88,3,128
8,50,4,Silicio/agua,3.72,5,486
8,50,5,Silicio/acido sulfurico,3.72,5,478
8,55,0,Carbono/agua,2.82,4,548
8,55,1,Carbono/amonia,2.76,4,373
8,55,2,Carbono/acido sulfurico,2.82,4,691
8,55,3,Carbono/metano,1.88,3,144
8,55,4,Silicio/agua,3.72,5,567
8,55,5,Silicio/acido sulfurico,3.72,5,585
8,60,0,Carbono/agua,2.82,4,632
8,60,1,Carbono/amonia,2.78,4,421
8,60,2,Carbono/acido sulfurico,2.82,4,800
8,60,3,Carbono/metano,1.88,3,164
8,60,4,Silicio/agua,3.72,5,654
8,60,5,Silicio/acido sulfurico,3.72,5,705
8,65,0,Carbono/agua,2.82,4,724
8,65,1,Carbono/amonia,2.8,4,454
8,65,2,Carbono/acido sulfurico,3.76,5,919
8,65,3,Carbono/metano,1.88,3,184
8,65,4,Silicio/agua,3.72,5,751
8,65,5,Silicio/acido sulfurico,3.72,5,836
8,70,0,Carbono/agua,2.82,4,827
8,70,1,Carbono/amonia,2.8,4,489
8,70,2,Carbono/acido sulfurico,3.76,5,1053
8,70,3,Carbono/metano,1.88,3,206
8,70,4,Silicio/agua,3.72,5,858
8,70,5,Silicio/acido sulfurico,3.72,5,982
8,75,0,Carbono/agua,2.82,4,896
8,75,1,Carbono/amonia,2.8,4,528
8,75,2,Carbono/acido sulfurico,3.76,5,1198
8,75,3,Carbono/metano,2.8,4,241
8,75,4,Silicio/agua,3.74,5,975
8,75,5,Silicio/acido sulfurico,3.72,5,1140
8,80,0,Carbono/agua,2.82,4,960
8,80,1,Carbono/amonia,2.8,4,571
8,80,2,Carbono/acido sulfurico,4.68,6,1360
8,80,3,Carbono/metano,2.82,4,296
8,80,4,Silicio/agua,3.74,5,1104
8,80,5,Silicio/acido sulfurico,3.72,5,1318
8,85,0,Carbono/agua,3.72,5,1031
8,85,1,Carbono/amonia,2.8,4,649
8,85,2,Carbono/acido sulfurico,4.7,6,1538
8,85,3,Carbono/metano,2.82,4,358
8,85,4,Silicio/agua,3.76,5,1249
8,85,5,Silicio/acido sulfurico,3.74,5,1513
8,90,0,Carbono/agua,3.76,5,1108
8,90,1,Carbono/amonia,3.74,5,754
8,90,2,Carbono/acido sulfurico,4.7,6,1732
8,90,3,Carbono/metano,2.82,4,426
8,90,4,Silicio/agua,3.76,5,1407
8,90,5,Silicio/acido sulfurico,3.74,5,1728
8,95,0,Carbono/agua,3.76,5,1192
8,95,1,Carbono/amonia,3.76,5,870
8,95,2,Carbono/acido sulfurico,4.7,6,1950
8,95,3,Carbono/metano,2.82,4,502
8,95,4,Silicio/agua,3.76,5,1583
8,95,5,Silicio/acido sulfurico,3.74,5,1967
8,100,0,Carbono/agua,3.76,5,1379
8,100,1,Carbono/amonia,3.76,5,998
8,100,2,Carbono/acido sulfurico,4.7,6,2190
8,100,3,Carbono/metano,2.82,4,585
8,100,4,Silicio/agua,3.76,5,1777
8,100,5,Silicio/acido sulfurico,4.68,6,2229
8,105,0,Carbono/agua,3.76,5,1583
8,105,1,Carbono/amonia,4.7,6,1142
8,105,2,Carbono/acido sulfurico,4.7,6,2454
8,105,3,Carbono/metano,2.82,4,677
8,105,4,Silicio/agua,3.76,5,1992
8,105,5,Silicio/acido sulfurico,4.7,6,2519
8,110,0,Carbono/agua,3.76,5,1809
8,110,1,Carbono/amonia,4.7,6,1299
8,110,2,Carbono/acido sulfurico,4.7,6,2745
8,110,3,Carbono/metano,2.82,4,779
8,110,4,Silicio/agua,3.76,5,2229
8,110,5,Silicio/acido sulfurico,4.7,6,2838
8,115,0,Carbono/agua,4.68,6,2061
8,115,1,Carbono/amonia,4.7,6,1474
8,115,2,Carbono/acido sulfurico,4.7,6,3067
8,115,3,Carbono/metano,3.74,5,891
8,115,4,Silicio/agua,3.76,5,2489
8,115,5,Silicio/acido sulfurico,5.78,7,3190
8,120,0,Carbono/agua,4.68,6,2340
8,120,1,Carbono/amonia,4.7,6,1665
8,120,2,Carbono/acido sulfurico,4.7,6,3422
8,120,3,Carbono/metano,3.74,5,1014
8,120,4,Silicio/agua,3.76,5,2777
8,120,5,Silicio/acido sulfurico,6.72,8,3579
8,125,0,Carbono/agua,4.7,6,2646
8,125,1,Carbono/amonia,4.7,6,1876
8,125,2,Carbono/acido sulfurico,4.7,6,3814
8,125,3,Carbono/metano,3.74,5,1095
8,125,4,Silicio/agua,3.76,5,3095
8,125,5,Silicio/acido sulfurico,6.72,8,4009
8,130,0,Carbono/agua,4.7,6,2983
8,130,1,Carbono/amonia,4.7,6,2108
8,130,2,Carbono/acido sulfurico,4.7,6,4247
8,130,3,Carbono/metano,3.74,5,1170
8,130,4,Silicio/agua,4.68,6,3446
8,130,5,Silicio/acido sulfurico,6.72,8,4484
8,135,0,Carbono/agua,4.7,6,3355
8,135,1,Carbono/amonia,4.7,6,2365
8,135,2,Carbono/acido sulfurico,4.7,6,4726
8,135,3,Carbono/metano,3.76,5,1253
8,135,4,Silicio/agua,4.7,6,3834
8,135,5,Silicio/acido sulfurico,6.72,8,5007
8,140,0,Carbono/agua,4.7,6,3767
8,140,1,Carbono/amonia,4.7,6,2649
8,140,2,Carbono/acido sulfurico,4.7,6,5254
8,140,3,Carbono/metano,4.68,6,1345
8,140,4,Silicio/agua,4.7,6,4263
8,140,5,Silicio/acido sulfurico,6.72,8,5585
8,145,0,Carbono/agua,4.7,6,4221
8,145,1,Carbono/amonia,4.7,6,2964
8,145,2,Carbono/acido sulfurico,4.7,6,5839
8,145,3,Carbono/metano,4.68,6,1446
8,145,4,Silicio/agua,4.7,6,4735
8,145,5,Silicio/acido sulfurico,6.72,8,6223
8,150,0,Carbono/agua,4.7,6,4725
8,150,1,Carbono/amonia,4.7,6,3312
8,150,2,Carbono/acido sulfurico,4.7,6,6484
8,150,3,Carbono/metano,4.68,6,1667
8,150,4,Silicio/agua,4.7,6,5258
8,150,5,Silicio/acido sulfurico,6.72,8,6929
8,155,0,Carbono/agua,4.7,6,5281
8,155,1,Carbono/amonia,4.7,6,3695
8,155,2,Carbono/acido sulfurico,4.7,6,7195
8,155,3,Carbono/metano,4.7,6,1913
8,155,4,Silicio/agua,4.7,6,5833
8,155,5,Silicio/acido sulfurico,6.72,8,7708
8,160,0,Carbono/agua,4.7,6,5893
8,160,1,Carbono/amonia,4.7,6,4117
8,160,2,Carbono/acido sulfurico,4.7,6,7979
8,160,3,Carbono/metano,4.7,6,2187
8,160,4,Silicio/agua,4.7,6,6468
8,160,5,Silicio/acido sulfurico,6.72,8,8568
8,165,0,Carbono/agua,4.7,6,6570
8,165,1,Carbono/amonia,4.7,6,4583
8,165,2,Carbono/acido sulfurico,4.7,6,8847
8,165,3,Carbono/metano,4.7,6,2488
8,165,4,Silicio/agua,4.7,6,7170
8,165,5,Silicio/acido sulfurico,6.72,8,9517
8,170,0,Carbono/agua,4.7,6,7318
8,170,1,Carbono/amonia,4.7,6,5098
8,170,2,Carbono/acido sulfurico,4.7,6,9802
8,170,3,Carbono/metano,4.7,6,2820
8,170,4,Silicio/agua,4.7,6,7945
8,170,5,Silicio/acido sulfurico,6.72,8,10566
8,175,0,Carbono/agua,4.7,6,8145
8,175,1,Carbono/amonia,4.7,6,5653
8,175,2,Carbono/acido sulfurico,4.7,6,10829
8,175,3,Carbono/metano,4.7,6,3175
8,175,4,Silicio/agua,4.7,6,8801
8,175,5,Silicio/acido sulfurico,6.72,8,11692
8,180,0,Carbono/agua,4.7,6,9057
8,180,1,Carbono/amonia,4.7,6,6210
8,180,2,Carbono/acido sulfurico,4.7,6,11858
8,180,3,Carbono/metano,4.7,6,3531
8,180,4,Silicio/agua,4.7,6,9747
8,180,5,Silicio/acido sulfurico,6.72,8,12820
8,185,0,Carbono/agua,4.7,6,10063
8,185,1,Carbono/amonia,4.7,4,6766
8,185,2,Carbono/acido sulfurico,4.7,6,12886
8,185,3,Carbono/metano,4.7,6,3887
8,185,4,Silicio/agua,4.7,6,10790
8,185,5,Silicio/acido sulfurico,6.72,8,13949
8,190,0,Carbono/agua,4.7,6,11173
8,190,1,Carbono/amonia,4.7,6,7044
8,190,2,Carbono/acido sulfurico,4.7,6,13914
8,190,3,Carbono/metano,4.7,6,4243
8,190,4,Silicio/agua,4.7,6,11942
8,190,5,Silicio/acido sulfurico,6.72,8,15078
8,195,0,Carbono/agua,4.7,6,12399
8,195,1,Carbono/amonia,4.7,6,7322
8,195,2,Carbono/acido sulfurico,4.7,6,14737
8,195,3,Carbono/metano,4.7,6,4598
8,195,4,Silicio/agua,4.7,6,13214
8,195,5,Silicio/acido sulfurico,6.72,8,16207
8,200,0,Carbono/agua,4.7,6,13751
8,200,1,Carbono/amonia,4.7,6,7601
8,200,2,Carbono/acido sulfurico,4.7,6,15252
8,200,3,Carbono/metano,4.7,6,4957
8,200,4,Silicio/agua,4.7,6,14617
8,200,5,Silicio/acido sulfurico,6.72,8,17336
8,205,0,Carbono/agua,4.7,6,15245
8,205,1,Carbono/amonia,4.7,6,7879
8,205,2,Carbono/acido sulfurico,4.7,6,15767
8,205,3,Carbono/metano,4.7,6,5315
8,205,4,Silicio/agua,4.7,6,16168
8,205,5,Silicio/acido sulfurico,6.72,8,18464
8,210,0,Carbono/agua,4.7,6,16896
8,210,1,Carbono/amonia,4.7,6,8212
8,210,2,Carbono/acido sulfurico,4.7,6,16282
8,210,3,Carbono/metano,4.7,6,5672
8,210,4,Silicio/agua,4.7,6,17880
8,210,5,Silicio/acido sulfurico,6.72,8,19593
8,215,0,Carbono/agua,4.7,6,18716
8,215,1,Carbono/amonia,4.7,6,8768
8,215,2,Carbono/acido sulfurico,4.7,6,16797
8,215,3,Carbono/metano,4.7,6,6029
8,215,4,Silicio/agua,4.7,6,19771
8,215,5,Silicio/acido sulfurico,6.72,8,20720
8,220,0,Carbono/agua,4.7,6,20726
8,220,1,Carbono/amonia,4.7,6,9324
8,220,2,Carbono/acido sulfurico,4.7,6,17621
8,220,3,Carbono/metano,4.7,6,6245
8,220,4,Silicio/agua,4.7,6,21858
8,220,5,Silicio/acido sulfurico,6.72,8,21847
8,225,0,Carbono/agua,4.7,6,22945
8,225,1,Carbono/amonia,4.7,6,9879
8,225,2,Carbono/acido sulfurico,4.7,6,18651
8,225,3,Carbono/metano,4.7,6,6421
8,225,4,Silicio/agua,4.7,6,24164
8,225,5,Silicio/acido sulfurico,6.72,8,22975
8,230,0,Carbono/agua,4.7,6,25396
8,230,1,Carbono/amonia,4.7,6,10434
8,230,2,Carbono/acido sulfurico,4.7,6,19680
8,230,3,Carbono/metano,4.7,6,6598
8,230,4,Silicio/agua,4.7,6,26709
8,230,5,Silicio/acido sulfurico,6.72,8,24103
8,235,0,Carbono/agua,4.7,6,28054
8,235,1,Carbono/amonia,4.7,6,10990
8,235,2,Carbono/acido sulfurico,4.7,6,20710
8,235,3,Carbono/metano,4.7,6,6777
8,235,4,Silicio/agua,6.7,8,29468
8,235,5,Silicio/acido sulfurico,6.72,8,25232
8,240,0,Carbono/agua,4.7,6,30736
8,240,1,Carbono/amonia,4.7,6,11545
8,240,2,Carbono/acido sulfurico,4.7,6,21739
8,240,3,Carbono/metano,4.7,6,6957
8,240,4,Silicio/agua,6.72,6,31416
8,240,5,Silicio/acido sulfurico,6.72,8,26362
8,245,0,Carbono/agua,4.7,6,33416
8,245,1,Carbono/amonia,4.7,6,12100
8,245,2,Carbono/acido sulfurico,4.7,6,22767
8,245,3,Carbono/metano,4.7,6,7243
8,245,4,Silicio/agua,6.72,6,32807
8,245,5,Silicio/acido sulfurico,6.72,8,27491
8,250,0,Carbono/agua,4.7,6,36097
8,250,1,Carbono/amonia,4.7,6,12656
8,250,2,Carbono/acido sulfurico,4.7,6,23797
8,250,3,Carbono/metano,4.7,6,7422
8,250,4,Silicio/agua,6.72,6,34198
8,250,5,Silicio/acido sulfurico,6.72,8,28621
8,255,0,Carbono/agua,4.7,6,38778
8,255,1,Carbono/amonia,4.7,6,13212
8,255,2,Carbono/acido sulfurico,4.7,6,24826
8,255,3,Carbono/metano,4.7,6,7600
8,255,4,Silicio/agua,6.72,6,35589
8,255,5,Silicio/acido sulfurico,6.72,8,29751
8,260,0,Carbono/agua,4.7,6,41458
8,260,1,Carbono/amonia,4.7,6,13767
8,260,2,Carbono/acido sulfurico,4.7,6,25856
8,260,3,Carbono/metano,4.7,6,7779
8,260,4,Silicio/agua,6.72,6,36984
8,260,5,Silicio/acido sulfurico,6.72,8,30880
8,265,0,Carbono/agua,4.7,6,44138
8,265,1,Carbono/amonia,4.7,6,14322
8,265,2,Carbono/acido sulfurico,4.7,6,26886
8,265,3,Carbono/metano,4.7,6,7958
8,265,4,Silicio/agua,6.72,6,39489
8,265,5,Silicio/acido sulfurico,6.72,8,32009
8,270,0,Carbono/agua,4.7,6,46819
8,270,1,Carbono/amonia,4.7,6,14877
8,270,2,Carbono/acido sulfurico,4.7,6,27916
8,270,3,Carbono/metano,4.7,6,8243
8,270,4,Silicio/agua,6.72,6,42272
8,270,5,Silicio/acido sulfurico,6.72,8,33137
8,275,0,Carbono/agua,4.7,6,49500
8,275,1,Carbono/amonia,4.7,6,15321
8,275,2,Carbono/acido sulfurico,4.7,6,28945
8,275,3,Carbono/metano,4.7,6,8601
8,275,4,Silicio/agua,6.72,6,45055
8,275,5,Silicio/acido sulfurico,6.72,8,34267
8,280,0,Carbono/agua,4.7,6,52180
8,280,1,Carbono/amonia,4.7,6,15598
8,280,2,Carbono/acido sulfurico,5.68,7,29975
8,280,3,Carbono/metano,4.7,6,8958
8,280,4,Silicio/agua,6.72,6,47839
8,280,5,Silicio/acido sulfurico,6.72,8,35395
8,285,0,Carbono/agua,4.7,6,54860
8,285,1,Carbono/amonia,4.7,6,15876
8,285,2,Carbono/acido sulfurico,6.72,8,31005
8,285,3,Carbono/metano,4.7,6,9315
8,285,4,Silicio/agua,6.72,6,50622
8,285,5,Silicio/acido sulfurico,6.72,8,36525
8,290,0,Carbono/agua,4.7,6,57541
8,290,1,Carbono/amonia,4.7,6,16155
8,290,2,Carbono/acido sulfurico,6.72,8,32035
8,290,3,Carbono/metano,4.7,6,9673
8,290,4,Silicio/agua,6.72,6,53406
8,290,5,Silicio/acido sulfurico,6.72,8,37654
8,295,0,Carbono/agua,4.7,6,60221
8,295,1,Carbono/amonia,4.7,6,16431
8,295,2,Carbono/acido sulfurico,6.72,8,33065
8,295,3,Carbono/metano,4.7,6,10030
8,295,4,Silicio/agua,6.72,6,56188
8,295,5,Silicio/acido sulfurico,6.72,8,38783
8,300,0,Carbono/agua,4.7,6,62901
8,300,1,Carbono/amonia,4.7,6,16877
8,300,2,Carbono/acido sulfurico,6.72,8,34094
8,300,3,Carbono/metano,4.7,6,10386
8,300,4,Silicio/agua,6.72,6,58973
8,300,5,Silicio/acido sulfurico,6.72,8,39912
9,0,0,Carbono/agua,1.88,3,5
9,0,1,Carbono/amonia,0.92,1,3
9,0,2,Carbono/acido sulfurico,0.84,2,7
9,0,3,Carbono/metano,-0.02,1,3
9,0,4,Silicio/agua,0.94,2,6
9,0,5,Silicio/acido sulfurico,0.88,2,8
9,5,0,Carbono/agua,1.88,3,32
9,5,1,Carbono/amonia,1.72,3,22
9,5,2,Carbono/acido sulfurico,0.9,2,44
9,5,3,Carbono/metano,0.94,2,16
9,5,4,Silicio/agua,0.94,2,35
9,5,5,Silicio/acido sulfurico,1.82,3,48
9,10,0,Carbono/agua,1.88,3,63
9,10,1,Carbono/amonia,1.74,3,44
9,10,2,Carbono/acido sulfurico,1.72,3,84
9,10,3,Carbono/metano,0.94,2,31
9,10,4,Silicio/agua,1.82,3,67
9,10,5,Silicio/acido sulfurico,1.82,3,93
9,15,0,Carbono/agua,1.88,3,98
9,15,1,Carbono/amonia,1.74,3,68
9,15,2,Carbono/acido sulfurico,2.78,4,130
9,15,3,Carbono/metano,1.82,3,47
9,15,4,Silicio/agua,1.82,3,103
9,15,5,Silicio/acido sulfurico,1.82,3,142
9,20,0,Carbono/agua,2.8,4,135
9,20,1,Carbono/amonia,1.76,3,94
9,20,2,Carbono/acido sulfurico,2.8,4,180
9,20,3,Carbono/metano,1.82,3,63
9,20,4,Silicio/agua,1.82,3,143
9,20,5,Silicio/acido sulfurico,1.84,3,196
9,25,0,Carbono/agua,2.8,4,177
9,25,1,Carbono/amonia,1.76,3,123
9,25,2,Carbono/acido sulfurico,2.8,4,235
9,25,3,Carbono/metano,1.84,3,82
9,25,4,Silicio/agua,1.88,3,187
9,25,5,Silicio/acido sulfurico,2.76,4,256
9,30,0,Carbono/agua,2.8,4,225
9,30,1,Carbono/amonia,1.86,3,157
9,30,2,Carbono/acido sulfurico,2.8,4,296
9,30,3,Carbono/metano,1.88,3,102
9,30,4,Silicio/agua,1.88,3,237
9,30,5,Silicio/acido sulfurico,2.78,4,321
9,35,0,Carbono/agua,2.8,4,276
9,35,1,Carbono/amonia,2.74,4,192
9,35,2,Carbono/acido sulfurico,2.8,4,362
9,35,3,Carbono/metano,1.88,3,126
9,35,4,Silicio/agua,2.8,4,292
9,35,5,Silicio/acido sulfurico,2.78,4,394
9,40,0,Carbono/agua,2.82,4,332
9,40,1,Carbono/amonia,2.76,4,230
9,40,2,Carbono/acido sulfurico,2.82,4,434
9,40,3,Carbono/metano,1.88,3,151
9,40,4,Silicio/agua,2.78,4,334
9,40,5,Silicio/acido sulfurico,5.76,6,475
9,45,0,Carbono/agua,3.72,5,395
9,45,1,Carbono/amonia,2.82,4,272
9,45,2,Carbono/acido sulfurico,2.82,4,514
9,45,3,Carbono/metano,1.88,3,179
9,45,4,Silicio/agua,2.78,4,366
9,45,5,Silicio/acido sulfurico,5.76,6,563
9,50,0,Carbono/agua,3.74,5,465
9,50,1,Carbono/amonia,2.82,4,320
9,50,2,Carbono/acido sulfurico,2.82,4,604
9,50,3,Carbono/metano,1.88,3,209
9,50,4,Silicio/agua,2.78,4,404
9,50,5,Silicio/acido sulfurico,5.76,6,658
9,55,0,Carbono/agua,3.74,5,543
9,55,1,Carbono/amonia,2.82,4,372
9,55,2,Carbono/acido sulfurico,2.82,4,702
9,55,3,Carbono/metano,1.88,3,244
9,55,4,Silicio/agua,2.78,2,444
9,55,5,Silicio/acido sulfurico,5.78,6,764
9,60,0,Carbono/agua,3.74,5,628
9,60,1,Carbono/amonia,2.82,4,431
9,60,2,Carbono/acido sulfurico,2.82,4,811
9,60,3,Carbono/metano,1.88,3,281
9,60,4,Silicio/agua,2.82,4,488
9,60,5,Silicio/acido sulfurico,6.7,7,882
9,65,0,Carbono/agua,3.74,5,722
9,65,1,Carbono/amonia,3.72,5,497
9,65,2,Carbono/acido sulfurico,2.82,4,931
9,65,3,Carbono/metano,5.68,4,324
9,65,4,Silicio/agua,2.82,4,535
9,65,5,Silicio/acido sulfurico,6.7,7,1012
9,70,0,Carbono/agua,3.74,5,824
9,70,1,Carbono/amonia,3.72,5,567
9,70,2,Carbono/acido sulfurico,2.82,4,1062
9,70,3,Carbono/metano,5.68,4,368
9,70,4,Silicio/agua,2.82,4,590
9,70,5,Silicio/acido sulfurico,6.72,7,1156
9,75,0,Carbono/agua,3.76,5,937
9,75,1,Carbono/amonia,3.74,5,645
9,75,2,Carbono/acido sulfurico,2.82,4,1208
9,75,3,Carbono/metano,5.7,4,420
9,75,4,Silicio/agua,2.82,4,648
9,75,5,Silicio/acido sulfurico,6.72,7,1315
9,80,0,Carbono/agua,3.76,5,1063
9,80,1,Carbono/amonia,3.74,5,732
9,80,2,Carbono/acido sulfurico,3.76,5,1369
9,80,3,Carbono/metano,5.7,5,473
9,80,4,Silicio/agua,3.76,5,726
9,80,5,Silicio/acido sulfurico,6.72,7,1491
9,85,0,Carbono/agua,3.76,5,1202
9,85,1,Carbono/amonia,3.74,5,827
9,85,2,Carbono/acido sulfurico,3.76,5,1547
9,85,3,Carbono/metano,5.72,5,535
9,85,4,Silicio/agua,5.7,6,871
9,85,5,Silicio/acido sulfurico,6.72,7,1685
9,90,0,Carbono/agua,3.76,5,1355
9,90,1,Carbono/amonia,3.74,5,933
9,90,2,Carbono/acido sulfurico,3.76,5,1743
9,90,3,Carbono/metano,5.72,5,603
9,90,4,Silicio/agua,5.7,6,1030
9,90,5,Silicio/acido sulfurico,6.72,7,1900
9,95,0,Carbono/agua,3.76,5,1524
9,95,1,Carbono/amonia,3.74,5,1051
9,95,2,Carbono/acido sulfurico,3.76,5,1961
9,95,3,Carbono/metano,5.72,5,679
9,95,4,Silicio/agua,5.72,7,1207
9,95,5,Silicio/acido sulfurico,6.72,7,2138
9,100,0,Carbono/agua,3.76,5,1710
9,100,1,Carbono/amonia,3.74,5,1180
9,100,2,Carbono/acido sulfurico,3.76,5,2200
9,100,3,Carbono/metano,5.74,6,728
9,100,4,Silicio/agua,6.68,8,1401
9,100,5,Silicio/acido sulfurico,6.72,7,2400
9,105,0,Carbono/agua,3.76,5,1917
9,105,1,Carbono/amonia,3.74,5,1322
9,105,2,Carbono/acido sulfurico,3.76,5,2465
9,105,3,Carbono/metano,5.74,6,773
9,105,4,Silicio/agua,6.7,8,1616
9,105,5,Silicio/acido sulfurico,6.72,7,2688
9,110,0,Carbono/agua,4.68,6,2145
9,110,1,Carbono/amonia,3.74,5,1481
9,110,2,Carbono/acido sulfurico,4.7,6,2755
9,110,3,Carbono/metano,5.74,6,823
9,110,4,Silicio/agua,6.7,8,1853
9,110,5,Silicio/acido sulfurico,6.72,7,3007
9,115,0,Carbono/agua,4.7,6,2396
9,115,1,Carbono/amonia,3.76,5,1655
9,115,2,Carbono/acido sulfurico,4.7,6,3078
9,115,3,Carbono/metano,5.74,6,880
9,115,4,Silicio/agua,6.7,8,2114
9,115,5,Silicio/acido sulfurico,6.72,7,3360
9,120,0,Carbono/agua,4.7,6,2562
9,120,1,Carbono/amonia,3.76,5,1847
9,120,2,Carbono/acido sulfurico,4.7,6,3434
9,120,3,Carbono/metano,5.74,6,942
9,120,4,Silicio/agua,6.7,8,2403
9,120,5,Silicio/acido sulfurico,6.72,7,3749
9,125,0,Carbono/agua,4.7,6,2716
9,125,1,Carbono/amonia,3.76,5,2060
9,125,2,Carbono/acido sulfurico,5.78,7,3826
9,125,3,Carbono/metano,5.76,6,1078
9,125,4,Silicio/agua,6.7,8,2720
9,125,5,Silicio/acido sulfurico,6.72,7,4179
9,130,0,Carbono/agua,4.7,6,2885
9,130,1,Carbono/amonia,3.76,5,2295
9,130,2,Carbono/acido sulfurico,5.78,7,4259
9,130,3,Carbono/metano,5.76,6,1227
9,130,4,Silicio/agua,6.7,8,3070
9,130,5,Silicio/acido sulfurico,6.72,7,4654
9,135,0,Carbono/agua,4.7,6,3072
9,135,1,Carbono/amonia,3.76,5,2552
9,135,2,Carbono/acido sulfurico,6.72,8,4737
9,135,3,Carbono/metano,5.76,6,1393
9,135,4,Silicio/agua,6.72,8,3457
9,135,5,Silicio/acido sulfurico,6.72,7,5178
9,140,0,Carbono/agua,4.7,6,3279
9,140,1,Carbono/amonia,3.76,5,2836
9,140,2,Carbono/acido sulfurico,6.72,8,5265
9,140,3,Carbono/metano,5.76,6,1576
9,140,4,Silicio/agua,6.72,8,3884
9,140,5,Silicio/acido sulfurico,6.72,7,5757
9,145,0,Carbono/agua,4.7,6,3734
9,145,1,Carbono/amonia,3.76,5,3149
9,145,2,Carbono/acido sulfurico,6.72,8,5847
9,145,3,Carbono/metano,6.7,7,1777
9,145,4,Silicio/agua,6.72,8,4358
9,145,5,Silicio/acido sulfurico,6.72,7,6395
9,150,0,Carbono/agua,4.7,6,4236
9,150,1,Carbono/amonia,4.7,6,3496
9,150,2,Carbono/acido sulfurico,6.72,8,6490
9,150,3,Carbono/metano,6.7,7,2001
9,150,4,Silicio/agua,6.72,8,4879
9,150,5,Silicio/acido sulfurico,6.72,7,7100
9,155,0,Carbono/agua,4.7,6,4790
9,155,1,Carbono/amonia,4.7,6,3881
9,155,2,Carbono/acido sulfurico,6.72,8,7202
9,155,3,Carbono/metano,6.7,7,2247
9,155,4,Silicio/agua,6.72,8,5454
9,155,5,Silicio/acido sulfurico,6.72,7,7879
9,160,0,Carbono/agua,4.7,6,5404
9,160,1,Carbono/amonia,4.7,6,4305
9,160,2,Carbono/acido sulfurico,6.72,8,7987
9,160,3,Carbono/metano,6.7,6,2463
9,160,4,Silicio/agua,6.72,8,6090
9,160,5,Silicio/acido sulfurico,6.72,7,8738
9,165,0,Carbono/agua,4.7,6,6081
9,165,1,Carbono/amonia,4.7,6,4771
9,165,2,Carbono/acido sulfurico,6.72,8,8852
9,165,3,Carbono/metano,6.7,7,2611
9,165,4,Silicio/agua,6.72,8,6791
9,165,5,Silicio/acido sulfurico,6.72,7,9689
9,170,0,Carbono/agua,4.7,6,6828
9,170,1,Carbono/amonia,4.7,6,5286
9,170,2,Carbono/acido sulfurico,6.72,8,9809
9,170,3,Carbono/metano,6.72,7,2778
9,170,4,Silicio/agua,6.72,8,7566
9,170,5,Silicio/acido sulfurico,6.72,7,10738
9,175,0,Carbono/agua,4.7,6,7654
9,175,1,Carbono/amonia,4.7,6,5841
9,175,2,Carbono/acido sulfurico,6.72,7,10423
9,175,3,Carbono/metano,6.72,7,2956
9,175,4,Silicio/agua,6.72,8,8422
9,175,5,Silicio/acido sulfurico,6.72,7,11863
9,180,0,Carbono/agua,4.7,6,8564
9,180,1,Carbono/amonia,4.7,6,6396
9,180,2,Carbono/acido sulfurico,6.72,8,10938
9,180,3,Carbono/metano,6.72,7,3134
9,180,4,Silicio/agua,6.72,8,9368
9,180,5,Silicio/acido sulfurico,6.72,7,12993
9,185,0,Carbono/agua,4.7,6,9569
9,185,1,Carbono/amonia,4.68,6,6895
9,185,2,Carbono/acido sulfurico,6.72,8,11453
9,185,3,Carbono/metano,6.72,7,3420
9,185,4,Silicio/agua,6.72,8,10413
9,185,5,Silicio/acido sulfurico,6.72,7,14122
9,190,0,Carbono/agua,4.7,6,10679
9,190,1,Carbono/amonia,4.7,6,7172
9,190,2,Carbono/acido sulfurico,6.72,8,11968
9,190,3,Carbono/metano,6.72,7,3776
9,190,4,Silicio/agua,6.72,8,11564
9,190,5,Silicio/acido sulfurico,6.72,7,15251
9,195,0,Carbono/agua,4.7,6,11905
9,195,1,Carbono/amonia,4.7,6,7451
9,195,2,Carbono/acido sulfurico,6.72,4,12483
9,195,3,Carbono/metano,6.72,7,4133
9,195,4,Silicio/agua,6.72,8,12837
9,195,5,Silicio/acido sulfurico,6.72,7,16381
9,200,0,Carbono/agua,4.7,6,13258
9,200,1,Carbono/amonia,4.7,6,7730
9,200,2,Carbono/acido sulfurico,6.72,8,12998
9,200,3,Carbono/metano,6.72,7,4490
9,200,4,Silicio/agua,6.72,8,14242
9,200,5,Silicio/acido sulfurico,6.72,7,17511
9,205,0,Carbono/agua,4.7,6,14753
9,205,1,Carbono/amonia,4.7,6,8006
9,205,2,Carbono/acido sulfurico,6.72,8,13513
9,205,3,Carbono/metano,6.72,7,4846
9,205,4,Silicio/agua,6.72,8,15793
9,205,5,Silicio/acido sulfurico,6.72,7,18640
9,210,0,Carbono/agua,4.7,6,16402
9,210,1,Carbono/amonia,4.7,6,8394
9,210,2,Carbono/acido sulfurico,6.72,8,14027
9,210,3,Carbono/metano,6.72,7,5204
9,210,4,Silicio/agua,6.72,8,17506
9,210,5,Silicio/acido sulfurico,6.72,7,19768
9,215,0,Carbono/agua,4.7,4,17847
9,215,1,Carbono/amonia,4.7,6,8949
9,215,2,Carbono/acido sulfurico,6.72,8,14542
9,215,3,Carbono/metano,6.72,7,5562
9,215,4,Silicio/agua,6.72,8,19398
9,215,5,Silicio/acido sulfurico,6.72,7,20897
9,220,0,Carbono/agua,4.7,6,18853
9,220,1,Carbono/amonia,4.7,6,9504
9,220,2,Carbono/acido sulfurico,6.72,8,15160
9,220,3,Carbono/metano,6.72,7,5919
9,220,4,Silicio/agua,6.72,8,21485
9,220,5,Silicio/acido sulfurico,6.72,7,22027
9,225,0,Carbono/agua,4.7,6,19963
9,225,1,Carbono/amonia,4.7,6,10061
9,225,2,Carbono/acido sulfurico,6.72,8,16189
9,225,3,Carbono/metano,6.72,7,6276
9,225,4,Silicio/agua,6.72,8,23788
9,225,5,Silicio/acido sulfurico,6.72,7,23156
9,230,0,Carbono/agua,4.7,6,21189
9,230,1,Carbono/amonia,4.7,6,10616
9,230,2,Carbono/acido sulfurico,6.72,8,17217
9,230,3,Carbono/metano,6.72,7,6631
9,230,4,Silicio/agua,6.72,8,26334
9,230,5,Silicio/acido sulfurico,6.72,7,24285
9,235,0,Carbono/agua,4.7,6,22518
9,235,1,Carbono/amonia,4.7,6,11172
9,235,2,Carbono/acido sulfurico,6.72,8,18247
9,235,3,Carbono/metano,6.72,7,6987
9,235,4,Silicio/agua,6.72,8,29095
9,235,5,Silicio/acido sulfurico,6.72,7,25414
9,240,0,Carbono/agua,4.7,6,24128
9,240,1,Carbono/amonia,4.7,6,11727
9,240,2,Carbono/acido sulfurico,6.72,8,19277
9,240,3,Carbono/metano,6.72,7,7342
9,240,4,Silicio/agua,6.72,8,31878
9,240,5,Silicio/acido sulfurico,6.72,7,26541
9,245,0,Carbono/agua,4.7,6,26808
9,245,1,Carbono/amonia,4.7,6,12283
9,245,2,Carbono/acido sulfurico,6.72,8,20306
9,245,3,Carbono/metano,6.72,7,7697
9,245,4,Silicio/agua,6.72,8,34660
9,245,5,Silicio/acido sulfurico,6.72,7,27671
9,250,0,Carbono/agua,4.7,6,29488
9,250,1,Carbono/amonia,4.7,6,12839
9,250,2,Carbono/acido sulfurico,6.72,8,21233
9,250,3,Carbono/metano,6.72,7,8055
9,250,4,Silicio/agua,6.72,8,37443
9,250,5,Silicio/acido sulfurico,6.72,7,28801
9,255,0,Carbono/agua,4.7,6,32169
9,255,1,Carbono/amonia,4.7,6,13394
9,255,2,Carbono/acido sulfurico,6.72,8,21748
9,255,3,Carbono/metano,6.72,7,8413
9,255,4,Silicio/agua,6.72,8,40227
9,255,5,Silicio/acido sulfurico,6.72,7,29931
9,260,0,Carbono/agua,4.7,6,34849
9,260,1,Carbono/amonia,4.7,6,13949
9,260,2,Carbono/acido sulfurico,6.72,8,22262
9,260,3,Carbono/metano,6.72,7,8772
9,260,4,Silicio/agua,6.72,8,43009
9,260,5,Silicio/acido sulfurico,6.72,7,31060
9,265,0,Carbono/agua,4.7,6,37530
9,265,1,Carbono/amonia,4.7,6,14504
9,265,2,Carbono/acido sulfurico,6.72,8,22777
9,265,3,Carbono/metano,6.72,7,9129
9,265,4,Silicio/agua,6.72,8,45793
9,265,5,Silicio/acido sulfurico,6.72,7,32189
9,270,0,Carbono/agua,4.7,6,40211
9,270,1,Carbono/amonia,4.7,6,15060
9,270,2,Carbono/acido sulfurico,6.72,8,23292
9,270,3,Carbono/metano,6.72,7,9485
9,270,4,Silicio/agua,6.72,8,47740
9,270,5,Silicio/acido sulfurico,6.72,7,33317
9,275,0,Carbono/agua,4.7,6,42891
9,275,1,Carbono/amonia,4.7,6,15615
9,275,2,Carbono/acido sulfurico,6.72,8,24013
9,275,3,Carbono/metano,6.72,7,9842
9,275,4,Silicio/agua,6.72,8,49134
9,275,5,Silicio/acido sulfurico,6.72,7,34446
9,280,0,Carbono/agua,4.7,6,45572
9,280,1,Carbono/amonia,4.7,6,16171
9,280,2,Carbono/acido sulfurico,6.72,8,25043
9,280,3,Carbono/metano,6.72,7,10199
9,280,4,Silicio/agua,6.72,8,50524
9,280,5,Silicio/acido sulfurico,6.72,7,35574
9,285,0,Carbono/agua,4.7,6,48254
9,285,1,Carbono/amonia,4.7,6,16728
9,285,2,Carbono/acido sulfurico,6.72,8,26073
9,285,3,Carbono/metano,6.72,7,10554
9,285,4,Silicio/agua,6.72,8,51914
9,285,5,Silicio/acido sulfurico,6.72,7,36701
9,290,0,Carbono/agua,4.7,6,50934
9,290,1,Carbono/amonia,4.7,6,17284
9,290,2,Carbono/acido sulfurico,6.72,8,27103
9,290,3,Carbono/metano,6.72,7,10912
9,290,4,Silicio/agua,6.72,8,53306
9,290,5,Silicio/acido sulfurico,6.72,7,37829
9,295,0,Carbono/agua,4.7,6,53614
9,295,1,Carbono/amonia,4.7,6,17841
9,295,2,Carbono/acido sulfurico,6.72,8,28133
9,295,3,Carbono/metano,6.72,7,11269
9,295,4,Silicio/agua,6.72,8,55810
9,295,5,Silicio/acido sulfurico,6.72,7,38957
9,300,0,Carbono/agua,4.7,6,56297
9,300,1,Carbono/amonia,5.78,7,18397
9,300,2,Carbono/acido sulfurico,6.72,8,29163
9,300,3,Carbono/metano,6.72,7,11627
9,300,4,Silicio/agua,6.72,8,58594
9,300,5,Silicio/acido sulfurico,6.72,8,40085
10,0,0,Carbono/agua,0.78,1,5
10,0,1,Carbono/amonia,0.72,2,3
10,0,2,Carbono/acido sulfurico,nan,0,7
10,0,3,Carbono/metano,0.78,2,2
10,0,4,Silicio/agua,0.9,2,6
10,0,5,Silicio/acido sulfurico,0.9,2,7
10,5,0,Carbono/agua,0.9,2,34
10,5,1,Carbono/amonia,1.76,3,23
10,5,2,Carbono/acido sulfurico,0.9,2,25
10,5,3,Carbono/metano,0.86,2,15
10,5,4,Silicio/agua,0.94,2,35
10,5,5,Silicio/acido sulfurico,1.84,3,47
10,10,0,Carbono/agua,0.92,2,64
10,10,1,Carbono/amonia,1.76,3,46
10,10,2,Carbono/acido sulfurico,0.94,2,44
10,10,3,Carbono/metano,0.88,2,28
10,10,4,Silicio/agua,1.7,3,68
10,10,5,Silicio/acido sulfurico,1.88,3,92
10,15,0,Carbono/agua,1.86,3,99
10,15,1,Carbono/amonia,1.78,3,71
10,15,2,Carbono/acido sulfurico,0.94,2,67
10,15,3,Carbono/metano,0.9,2,43
10,15,4,Silicio/agua,1.7,3,104
10,15,5,Silicio/acido sulfurico,1.88,3,139
10,20,0,Carbono/agua,1.86,3,137
10,20,1,Carbono/amonia,2.7,4,98
10,20,2,Carbono/acido sulfurico,1.68,3,92
10,20,3,Carbono/metano,1.82,3,60
10,20,4,Silicio/agua,1.74,3,145
10,20,5,Silicio/acido sulfurico,1.88,3,193
10,25,0,Carbono/agua,1.86,3,165
10,25,1,Carbono/amonia,2.7,4,128
10,25,2,Carbono/acido sulfurico,1.84,3,125
10,25,3,Carbono/metano,1.82,3,80
10,25,4,Silicio/agua,1.76,3,189
10,25,5,Silicio/acido sulfurico,2.74,4,251
10,30,0,Carbono/agua,1.86,3,188
10,30,1,Carbono/amonia,2.72,4,161
10,30,2,Carbono/acido sulfurico,1.88,3,184
10,30,3,Carbono/metano,1.82,3,100
10,30,4,Silicio/agua,2.72,4,239
10,30,5,Silicio/acido sulfurico,2.76,4,317
10,35,0,Carbono/agua,1.86,3,214
10,35,1,Carbono/amonia,2.74,4,197
10,35,2,Carbono/acido sulfurico,1.88,3,250
10,35,3,Carbono/metano,1.82,3,122
10,35,4,Silicio/agua,2.78,4,292
10,35,5,Silicio/acido sulfurico,2.76,4,390
10,40,0,Carbono/agua,1.86,3,242
10,40,1,Carbono/amonia,2.74,4,237
10,40,2,Carbono/acido sulfurico,1.88,3,323
10,40,3,Carbono/metano,1.86,3,149
10,40,4,Silicio/agua,2.78,4,351
10,40,5,Silicio/acido sulfurico,2.8,4,453
10,45,0,Carbono/agua,1.86,3,273
10,45,1,Carbono/amonia,3.72,5,281
10,45,2,Carbono/acido sulfurico,2.76,4,402
10,45,3,Carbono/metano,2.68,4,178
10,45,4,Silicio/agua,2.78,4,416
10,45,5,Silicio/acido sulfurico,2.8,4,497
10,50,0,Carbono/agua,2.8,4,336
10,50,1,Carbono/amonia,3.72,5,329
10,50,2,Carbono/acido sulfurico,2.76,4,492
10,50,3,Carbono/metano,2.68,4,209
10,50,4,Silicio/agua,2.8,4,488
10,50,5,Silicio/acido sulfurico,2.8,4,546
10,55,0,Carbono/agua,2.82,4,413
10,55,1,Carbono/amonia,3.72,5,382
10,55,2,Carbono/acido sulfurico,2.8,4,588
10,55,3,Carbono/metano,2.68,4,244
10,55,4,Silicio/agua,2.82,4,569
10,55,5,Silicio/acido sulfurico,2.8,4,601
10,60,0,Carbono/agua,2.82,4,500
10,60,1,Carbono/amonia,3.72,5,440
10,60,2,Carbono/acido sulfurico,3.68,5,696
10,60,3,Carbono/metano,2.7,4,283
10,60,4,Silicio/agua,2.82,4,657
10,60,5,Silicio/acido sulfurico,3.74,5,661
10,65,0,Carbono/agua,2.82,4,593
10,65,1,Carbono/amonia,4.68,6,503
10,65,2,Carbono/acido sulfurico,3.76,5,815
10,65,3,Carbono/metano,2.7,4,324
10,65,4,Silicio/agua,2.82,4,752
10,65,5,Silicio/acido sulfurico,3.74,5,765
10,70,0,Carbono/agua,2.82,4,696
10,70,1,Carbono/amonia,4.68,6,574
10,70,2,Carbono/acido sulfurico,3.76,5,947
10,70,3,Carbono/metano,2.82,4,369
10,70,4,Silicio/agua,2.82,4,858
10,70,5,Silicio/acido sulfurico,3.74,5,910
10,75,0,Carbono/agua,2.82,4,810
10,75,1,Carbono/amonia,4.68,6,652
10,75,2,Carbono/acido sulfurico,3.76,5,1091
10,75,3,Carbono/metano,2.82,4,419
10,75,4,Silicio/agua,2.82,4,977
10,75,5,Silicio/acido sulfurico,3.74,5,1068
10,80,0,Carbono/agua,2.82,4,936
10,80,1,Carbono/amonia,4.68,6,739
10,80,2,Carbono/acido sulfurico,3.76,5,1253
10,80,3,Carbono/metano,2.82,4,476
10,80,4,Silicio/agua,2.82,4,1108
10,80,5,Silicio/acido sulfurico,3.76,5,1244
10,85,0,Carbono/agua,3.76,5,1074
10,85,1,Carbono/amonia,4.68,6,833
10,85,2,Carbono/acido sulfurico,3.76,5,1431
10,85,3,Carbono/metano,2.82,4,540
10,85,4,Silicio/agua,2.82,4,1251
10,85,5,Silicio/acido sulfurico,3.76,5,1438
10,90,0,Carbono/agua,3.76,5,1226
10,90,1,Carbono/amonia,4.68,6,938
10,90,2,Carbono/acido sulfurico,3.76,5,1626
10,90,3,Carbono/metano,2.82,4,608
10,90,4,Silicio/agua,3.76,5,1411
10,90,5,Silicio/acido sulfurico,3.76,5,1654
10,95,0,Carbono/agua,3.76,5,1396
10,95,1,Carbono/amonia,3.76,4,1055
10,95,2,Carbono/acido sulfurico,3.76,5,1842
10,95,3,Carbono/metano,3.7,5,683
10,95,4,Silicio/agua,3.76,5,1587
10,95,5,Silicio/acido sulfurico,3.76,5,1892
10,100,0,Carbono/agua,3.76,5,1582
10,100,1,Carbono/amonia,3.76,5,1121
10,100,2,Carbono/acido sulfurico,3.76,5,2081
10,100,3,Carbono/metano,3.7,5,767
10,100,4,Silicio/agua,3.76,5,1779
10,100,5,Silicio/acido sulfurico,3.76,5,2154
10,105,0,Carbono/agua,3.76,5,1789
10,105,1,Carbono/amonia,3.76,5,1190
10,105,2,Carbono/acido sulfurico,3.76,5,2346
10,105,3,Carbono/metano,3.76,5,858
10,105,4,Silicio/agua,3.76,5,1992
10,105,5,Silicio/acido sulfurico,6.7,7,2445
10,110,0,Carbono/agua,3.76,5,2018
10,110,1,Carbono/amonia,4.68,6,1271
10,110,2,Carbono/acido sulfurico,4.7,6,2640
10,110,3,Carbono/metano,3.76,5,958
10,110,4,Silicio/agua,3.76,5,2229
10,110,5,Silicio/acido sulfurico,6.72,7,2763
10,115,0,Carbono/agua,3.76,5,2269
10,115,1,Carbono/amonia,4.68,6,1357
10,115,2,Carbono/acido sulfurico,4.7,6,2963
10,115,3,Carbono/metano,4.68,6,1071
10,115,4,Silicio/agua,3.76,5,2491
10,115,5,Silicio/acido sulfurico,6.72,7,3116
10,120,0,Carbono/agua,3.76,5,2547
10,120,1,Carbono/amonia,4.7,6,1474
10,120,2,Carbono/acido sulfurico,4.7,6,3318
10,120,3,Carbono/metano,4.7,6,1193
10,120,4,Silicio/agua,4.68,6,2779
10,120,5,Silicio/acido sulfurico,6.72,7,3506
10,125,0,Carbono/agua,3.76,5,2853
10,125,1,Carbono/amonia,4.7,6,1686
10,125,2,Carbono/acido sulfurico,4.7,6,3709
10,125,3,Carbono/metano,4.7,6,1330
10,125,4,Silicio/agua,4.7,6,3098
10,125,5,Silicio/acido sulfurico,6.72,7,3936
10,130,0,Carbono/agua,3.76,5,3191
10,130,1,Carbono/amonia,4.7,6,1920
10,130,2,Carbono/acido sulfurico,4.7,6,4143
10,130,3,Carbono/metano,4.7,6,1479
10,130,4,Silicio/agua,4.7,6,3450
10,130,5,Silicio/acido sulfurico,6.72,7,4411
10,135,0,Carbono/agua,3.76,5,3564
10,135,1,Carbono/amonia,4.7,6,2179
10,135,2,Carbono/acido sulfurico,4.7,6,4623
10,135,3,Carbono/metano,4.7,6,1643
10,135,4,Silicio/agua,4.7,6,3839
10,135,5,Silicio/acido sulfurico,6.72,7,4935
10,140,0,Carbono/agua,4.7,6,3975
10,140,1,Carbono/amonia,4.7,6,2463
10,140,2,Carbono/acido sulfurico,4.7,6,5151
10,140,3,Carbono/metano,4.7,6,1825
10,140,4,Silicio/agua,4.7,6,4267
10,140,5,Silicio/acido sulfurico,6.72,7,5514
10,145,0,Carbono/agua,4.7,6,4432
10,145,1,Carbono/amonia,4.7,6,2780
10,145,2,Carbono/acido sulfurico,4.7,6,5734
10,145,3,Carbono/metano,4.7,6,2027
10,145,4,Silicio/agua,4.7,6,4740
10,145,5,Silicio/acido sulfurico,6.72,7,6153
10,150,0,Carbono/agua,4.7,6,4934
10,150,1,Carbono/amonia,4.7,6,3128
10,150,2,Carbono/acido sulfurico,4.7,6,6378
10,150,3,Carbono/metano,4.7,6,2250
10,150,4,Silicio/agua,4.7,6,5262
10,150,5,Silicio/acido sulfurico,6.72,7,6859
10,155,0,Carbono/agua,4.7,6,5490
10,155,1,Carbono/amonia,4.7,6,3511
10,155,2,Carbono/acido sulfurico,4.7,6,7088
10,155,3,Carbono/metano,4.7,6,2495
10,155,4,Silicio/agua,5.74,7,5838
10,155,5,Silicio/acido sulfurico,6.72,7,7637
10,160,0,Carbono/agua,4.7,6,6103
10,160,1,Carbono/amonia,4.7,6,3934
10,160,2,Carbono/acido sulfurico,4.7,6,7873
10,160,3,Carbono/metano,4.7,6,2768
10,160,4,Silicio/agua,6.72,8,6473
10,160,5,Silicio/acido sulfurico,6.72,7,8496
10,165,0,Carbono/agua,4.7,6,6780
10,165,1,Carbono/amonia,4.7,6,4402
10,165,2,Carbono/acido sulfurico,4.7,6,8739
10,165,3,Carbono/metano,4.7,6,3069
10,165,4,Silicio/agua,6.72,8,7175
10,165,5,Silicio/acido sulfurico,6.72,7,9446
10,170,0,Carbono/agua,4.7,6,7526
10,170,1,Carbono/amonia,4.7,6,4919
10,170,2,Carbono/acido sulfurico,4.7,6,9497
10,170,3,Carbono/metano,4.7,6,3401
10,170,4,Silicio/agua,6.72,8,7951
10,170,5,Silicio/acido sulfurico,6.72,7,10494
10,175,0,Carbono/agua,4.7,6,8352
10,175,1,Carbono/amonia,4.7,6,5473
10,175,2,Carbono/acido sulfurico,4.7,6,10011
10,175,3,Carbono/metano,4.7,6,3756
10,175,4,Silicio/agua,6.72,8,8806
10,175,5,Silicio/acido sulfurico,6.72,7,11619
10,180,0,Carbono/agua,5.76,7,9264
10,180,1,Carbono/amonia,4.7,6,6029
10,180,2,Carbono/acido sulfurico,4.7,6,10525
10,180,3,Carbono/metano,4.7,6,4111
10,180,4,Silicio/agua,6.72,8,9751
10,180,5,Silicio/acido sulfurico,6.72,7,12748
10,185,0,Carbono/agua,6.72,8,10269
10,185,1,Carbono/amonia,4.7,6,6584
10,185,2,Carbono/acido sulfurico,4.7,6,11040
10,185,3,Carbono/metano,4.7,6,4466
10,185,4,Silicio/agua,6.72,8,10796
10,185,5,Silicio/acido sulfurico,6.72,7,13877
10,190,0,Carbono/agua,6.72,8,11380
10,190,1,Carbono/amonia,4.7,6,7139
10,190,2,Carbono/acido sulfurico,4.7,6,11554
10,190,3,Carbono/metano,4.7,6,4824
10,190,4,Silicio/agua,6.72,8,11948
10,190,5,Silicio/acido sulfurico,6.72,7,15007
10,195,0,Carbono/agua,6.72,8,12606
10,195,1,Carbono/amonia,4.7,6,7694
10,195,2,Carbono/acido sulfurico,4.7,6,12378
10,195,3,Carbono/metano,5.7,7,5180
10,195,4,Silicio/agua,6.72,8,13220
10,195,5,Silicio/acido sulfurico,6.72,7,16137
10,200,0,Carbono/agua,6.72,7,13545
10,200,1,Carbono/amonia,4.7,6,8250
10,200,2,Carbono/acido sulfurico,4.7,6,13408
10,200,3,Carbono/metano,5.76,7,5536
10,200,4,Silicio/agua,6.72,8,14625
10,200,5,Silicio/acido sulfurico,6.72,7,17264
10,205,0,Carbono/agua,6.72,7,14292
10,205,1,Carbono/amonia,4.7,6,8806
10,205,2,Carbono/acido sulfurico,4.7,6,14438
10,205,3,Carbono/metano,6.72,8,5893
10,205,4,Silicio/agua,6.72,8,16176
10,205,5,Silicio/acido sulfurico,6.72,7,18393
10,210,0,Carbono/agua,6.72,7,15117
10,210,1,Carbono/amonia,4.7,6,9362
10,210,2,Carbono/acido sulfurico,4.7,6,15468
10,210,3,Carbono/metano,6.72,8,6250
10,210,4,Silicio/agua,6.72,8,17887
10,210,5,Silicio/acido sulfurico,6.72,7,19522
10,215,0,Carbono/agua,6.72,7,16028
10,215,1,Carbono/amonia,4.7,6,9917
10,215,2,Carbono/acido sulfurico,4.7,6,16498
10,215,3,Carbono/metano,6.72,8,6608
10,215,4,Silicio/agua,6.72,8,19777
10,215,5,Silicio/acido sulfurico,6.72,7,20651
10,220,0,Carbono/agua,6.72,7,17033
10,220,1,Carbono/amonia,4.7,6,10473
10,220,2,Carbono/acido sulfurico,4.7,6,17528
10,220,3,Carbono/metano,6.72,8,6965
10,220,4,Silicio/agua,6.72,8,21864
10,220,5,Silicio/acido sulfurico,6.72,7,21780
10,225,0,Carbono/agua,6.72,7,19040
10,225,1,Carbono/amonia,4.7,6,11029
10,225,2,Carbono/acido sulfurico,4.7,6,18558
10,225,3,Carbono/metano,6.72,8,7322
10,225,4,Silicio/agua,6.72,8,24169
10,225,5,Silicio/acido sulfurico,6.72,7,22907
10,230,0,Carbono/agua,6.72,7,21489
10,230,1,Carbono/amonia,4.7,6,11584
10,230,2,Carbono/acido sulfurico,4.7,6,19588
10,230,3,Carbono/metano,6.72,8,7679
10,230,4,Silicio/agua,6.72,8,26712
10,230,5,Silicio/acido sulfurico,6.72,7,24037
10,235,0,Carbono/agua,6.72,7,24148
10,235,1,Carbono/amonia,4.7,6,12140
10,235,2,Carbono/acido sulfurico,4.7,6,20618
10,235,3,Carbono/metano,6.72,8,8035
10,235,4,Silicio/agua,6.72,8,29472
10,235,5,Silicio/acido sulfurico,6.72,7,25166
10,240,0,Carbono/agua,6.72,7,26828
10,240,1,Carbono/amonia,4.7,6,12695
10,240,2,Carbono/acido sulfurico,4.7,6,21648
10,240,3,Carbono/metano,6.72,8,8394
10,240,4,Silicio/agua,6.72,8,32253
10,240,5,Silicio/acido sulfurico,6.72,7,26295
10,245,0,Carbono/agua,6.72,7,29508
10,245,1,Carbono/amonia,4.7,6,13251
10,245,2,Carbono/acido sulfurico,4.7,6,22471
10,245,3,Carbono/metano,6.72,8,8753
10,245,4,Silicio/agua,6.72,8,35036
10,245,5,Silicio/acido sulfurico,6.72,7,27425
10,250,0,Carbono/agua,6.72,7,32189
10,250,1,Carbono/amonia,4.7,6,13806
10,250,2,Carbono/acido sulfurico,4.7,6,22986
10,250,3,Carbono/metano,6.72,8,9110
10,250,4,Silicio/agua,6.72,8,37820
10,250,5,Silicio/acido sulfurico,6.72,7,28555
10,255,0,Carbono/agua,6.72,7,34869
10,255,1,Carbono/amonia,4.7,4,14361
10,255,2,Carbono/acido sulfurico,4.7,6,23501
10,255,3,Carbono/metano,6.72,8,9466
10,255,4,Silicio/agua,6.72,8,40603
10,255,5,Silicio/acido sulfurico,6.72,7,29683
10,260,0,Carbono/agua,6.72,7,37549
10,260,1,Carbono/amonia,4.7,6,14641
10,260,2,Carbono/acido sulfurico,4.7,6,24016
10,260,3,Carbono/metano,6.72,8,9823
10,260,4,Silicio/agua,6.72,8,43388
10,260,5,Silicio/acido sulfurico,6.72,7,30810
10,265,0,Carbono/agua,6.72,7,40231
10,265,1,Carbono/amonia,4.7,6,14920
10,265,2,Carbono/acido sulfurico,4.7,6,24531
10,265,3,Carbono/metano,6.72,8,10178
10,265,4,Silicio/agua,6.72,8,46173
10,265,5,Silicio/acido sulfurico,6.72,7,31938
10,270,0,Carbono/agua,6.72,7,42911
10,270,1,Carbono/amonia,4.7,6,15198
10,270,2,Carbono/acido sulfurico,4.7,6,25353
10,270,3,Carbono/metano,6.72,8,10534
10,270,4,Silicio/agua,6.72,8,48957
10,270,5,Silicio/acido sulfurico,6.72,7,33067
10,275,0,Carbono/agua,6.72,7,45591
10,275,1,Carbono/amonia,4.7,6,15478
10,275,2,Carbono/acido sulfurico,4.7,6,26383
10,275,3,Carbono/metano,6.72,8,10891
10,275,4,Silicio/agua,6.72,8,51741
10,275,5,Silicio/acido sulfurico,6.72,7,34196
10,280,0,Carbono/agua,6.72,7,48273
10,280,1,Carbono/amonia,4.7,6,15813
10,280,2,Carbono/acido sulfurico,4.7,6,27413
10,280,3,Carbono/metano,6.72,8,11249
10,280,4,Silicio/agua,6.72,8,54524
10,280,5,Silicio/acido sulfurico,6.72,7,35324
10,285,0,Carbono/agua,6.72,7,50954
10,285,1,Carbono/amonia,4.7,6,16369
10,285,2,Carbono/acido sulfurico,4.7,6,28442
10,285,3,Carbono/metano,6.72,8,11605
10,285,4,Silicio/agua,6.72,8,57307
10,285,5,Silicio/acido sulfurico,6.72,7,36452
10,290,0,Carbono/agua,6.72,7,53635
10,290,1,Carbono/amonia,4.7,6,16925
10,290,2,Carbono/acido sulfurico,4.7,6,29471
10,290,3,Carbono/metano,6.72,8,11963
10,290,4,Silicio/agua,6.72,8,60092
10,290,5,Silicio/acido sulfurico,6.72,2,37581
10,295,0,Carbono/agua,6.72,7,56316
10,295,1,Carbono/amonia,4.7,6,17480
10,295,2,Carbono/acido sulfurico,4.7,6,30501
10,295,3,Carbono/metano,6.72,8,12322
10,295,4,Silicio/agua,6.72,8,62875
10,295,5,Silicio/acido sulfurico,6.72,7,38145
10,300,0,Carbono/agua,6.72,7,58998
10,300,1,Carbono/amonia,4.7,6,18036
10,300,2,Carbono/acido sulfurico,4.7,6,31531
10,300,3,Carbono/metano,6.72,8,12680
10,300,4,Silicio/agua,6.72,8,65658
10,300,5,Silicio/acido sulfurico,6.72,7,38708
11,0,0,Carbono/agua,1.82,3,5
11,0,1,Carbono/amonia,0.8,2,4
11,0,2,Carbono/acido sulfurico,1.78,3,7
11,0,3,Carbono/metano,-0.08,1,2
11,0,4,Silicio/agua,0.94,2,6
11,0,5,Silicio/acido sulfurico,0.8,2,8
11,5,0,Carbono/agua,1.86,3,35
11,5,1,Carbono/amonia,1.82,3,24
11,5,2,Carbono/acido sulfurico,1.82,3,44
11,5,3,Carbono/metano,0.88,2,15
11,5,4,Silicio/agua,1.68,3,35
11,5,5,Silicio/acido sulfurico,1.82,3,48
11,10,0,Carbono/agua,2.8,4,68
11,10,1,Carbono/amonia,1.82,3,44
11,10,2,Carbono/acido sulfurico,1.88,3,84
11,10,3,Carbono/metano,1.76,3,28
11,10,4,Silicio/agua,1.88,3,68
11,10,5,Silicio/acido sulfurico,1.82,3,93
11,15,0,Carbono/agua,2.8,4,103
11,15,1,Carbono/amonia,1.84,3,68
11,15,2,Carbono/acido sulfurico,1.88,3,130
11,15,3,Carbono/metano,1.8,3,43
11,15,4,Silicio/agua,1.88,3,103
11,15,5,Silicio/acido sulfurico,1.82,3,141
11,20,0,Carbono/agua,2.8,4,140
11,20,1,Carbono/amonia,1.84,3,93
11,20,2,Carbono/acido sulfurico,1.88,3,180
11,20,3,Carbono/metano,1.84,3,63
11,20,4,Silicio/agua,2.7,4,143
11,20,5,Silicio/acido sulfurico,1.82,3,195
11,25,0,Carbono/agua,2.8,4,184
11,25,1,Carbono/amonia,1.86,3,122
11,25,2,Carbono/acido sulfurico,1.88,3,234
11,25,3,Carbono/metano,1.86,3,82
11,25,4,Silicio/agua,2.7,4,188
11,25,5,Silicio/acido sulfurico,2.78,4,255
11,30,0,Carbono/agua,2.8,4,231
11,30,1,Carbono/amonia,1.86,3,154
11,30,2,Carbono/acido sulfurico,1.88,3,294
11,30,3,Carbono/metano,1.86,3,103
11,30,4,Silicio/agua,2.7,4,238
11,30,5,Silicio/acido sulfurico,2.82,4,320
11,35,0,Carbono/agua,2.8,4,283
11,35,1,Carbono/amonia,1.86,3,182
11,35,2,Carbono/acido sulfurico,1.88,3,360
11,35,3,Carbono/metano,1.86,3,126
11,35,4,Silicio/agua,2.72,4,293
11,35,5,Silicio/acido sulfurico,2.82,4,392
11,40,0,Carbono/agua,3.74,5,340
11,40,1,Carbono/amonia,1.86,3,201
11,40,2,Carbono/acido sulfurico,1.88,3,434
11,40,3,Carbono/metano,2.72,4,152
11,40,4,Silicio/agua,2.72,4,352
11,40,5,Silicio/acido sulfurico,2.82,4,474
11,45,0,Carbono/agua,3.74,5,404
11,45,1,Carbono/amonia,2.74,4,222
11,45,2,Carbono/acido sulfurico,1.88,3,513
11,45,3,Carbono/metano,2.72,4,180
11,45,4,Silicio/agua,2.74,4,418
11,45,5,Silicio/acido sulfurico,2.82,4,563
11,50,0,Carbono/agua,3.76,5,474
11,50,1,Carbono/amonia,2.74,4,246
11,50,2,Carbono/acido sulfurico,1.88,3,601
11,50,3,Carbono/metano,2.74,4,212
11,50,4,Silicio/agua,2.78,4,490
11,50,5,Silicio/acido sulfurico,2.82,4,661
11,55,0,Carbono/agua,3.76,5,551
11,55,1,Carbono/amonia,2.74,4,272
11,55,2,Carbono/acido sulfurico,1.88,3,700
11,55,3,Carbono/metano,2.74,4,247
11,55,4,Silicio/agua,5.74,5,568
11,55,5,Silicio/acido sulfurico,2.82,4,769
11,60,0,Carbono/agua,3.76,5,635
11,60,1,Carbono/amonia,2.78,4,319
11,60,2,Carbono/acido sulfurico,1.88,3,808
11,60,3,Carbono/metano,2.74,4,285
11,60,4,Silicio/agua,5.74,5,657
11,60,5,Silicio/acido sulfurico,2.82,4,889
11,65,0,Carbono/agua,3.76,5,727
11,65,1,Carbono/amonia,2.78,4,383
11,65,2,Carbono/acido sulfurico,1.88,3,929
11,65,3,Carbono/metano,2.8,4,325
11,65,4,Silicio/agua,5.74,5,754
11,65,5,Silicio/acido sulfurico,3.76,5,1020
11,70,0,Carbono/agua,3.76,5,829
11,70,1,Carbono/amonia,2.78,4,455
11,70,2,Carbono/acido sulfurico,1.88,3,1060
11,70,3,Carbono/metano,3.7,5,372
11,70,4,Silicio/agua,5.76,6,861
11,70,5,Silicio/acido sulfurico,3.76,5,1165
11,75,0,Carbono/agua,3.76,5,943
11,75,1,Carbono/amonia,2.8,4,533
11,75,2,Carbono/acido sulfurico,2.82,4,1206
11,75,3,Carbono/metano,3.7,5,423
11,75,4,Silicio/agua,5.78,6,979
11,75,5,Silicio/acido sulfurico,3.76,5,1326
11,80,0,Carbono/agua,3.76,5,1029
11,80,1,Carbono/amonia,2.82,4,619
11,80,2,Carbono/acido sulfurico,2.82,4,1368
11,80,3,Carbono/metano,3.72,5,479
11,80,4,Silicio/agua,5.78,6,1110
11,80,5,Silicio/acido sulfurico,3.76,5,1501
11,85,0,Carbono/agua,3.76,5,1097
11,85,1,Carbono/amonia,2.82,4,715
11,85,2,Carbono/acido sulfurico,2.82,4,1545
11,85,3,Carbono/metano,3.74,5,541
11,85,4,Silicio/agua,5.78,6,1253
11,85,5,Silicio/acido sulfurico,3.76,5,1696
11,90,0,Carbono/agua,4.68,6,1173
11,90,1,Carbono/amonia,3.72,5,810
11,90,2,Carbono/acido sulfurico,2.82,4,1742
11,90,3,Carbono/metano,3.74,5,609
11,90,4,Silicio/agua,6.7,7,1413
11,90,5,Silicio/acido sulfurico,3.76,5,1911
11,95,0,Carbono/agua,4.7,6,1259
11,95,1,Carbono/amonia,3.74,5,867
11,95,2,Carbono/acido sulfurico,2.82,4,1958
11,95,3,Carbono/metano,3.76,5,684
11,95,4,Silicio/agua,6.7,7,1589
11,95,5,Silicio/acido sulfurico,3.76,5,2148
11,100,0,Carbono/agua,4.7,6,1353
11,100,1,Carbono/amonia,3.74,5,930
11,100,2,Carbono/acido sulfurico,3.76,5,2198
11,100,3,Carbono/metano,3.76,5,767
11,100,4,Silicio/agua,6.72,7,1784
11,100,5,Silicio/acido sulfurico,4.7,6,2410
11,105,0,Carbono/agua,4.7,6,1540
11,105,1,Carbono/amonia,2.82,4,1002
11,105,2,Carbono/acido sulfurico,3.76,5,2461
11,105,3,Carbono/metano,4.68,6,858
11,105,4,Silicio/agua,6.72,7,1997
11,105,5,Silicio/acido sulfurico,4.7,6,2699
11,110,0,Carbono/agua,4.7,6,1767
11,110,1,Carbono/amonia,2.82,4,1080
11,110,2,Carbono/acido sulfurico,3.76,5,2753
11,110,3,Carbono/metano,4.7,6,960
11,110,4,Silicio/agua,6.72,7,2233
11,110,5,Silicio/acido sulfurico,4.7,6,3018
11,115,0,Carbono/agua,4.7,6,2018
11,115,1,Carbono/amonia,3.72,5,1167
11,115,2,Carbono/acido sulfurico,4.68,6,3075
11,115,3,Carbono/metano,4.7,6,1072
11,115,4,Silicio/agua,6.72,7,2494
11,115,5,Silicio/acido sulfurico,4.7,6,3371
11,120,0,Carbono/agua,4.7,6,2296
11,120,1,Carbono/amonia,3.76,5,1263
11,120,2,Carbono/acido sulfurico,4.7,6,3429
11,120,3,Carbono/metano,4.7,6,1195
11,120,4,Silicio/agua,6.72,7,2783
11,120,5,Silicio/acido sulfurico,4.7,6,3640
11,125,0,Carbono/agua,4.7,6,2602
11,125,1,Carbono/amonia,3.76,5,1370
11,125,2,Carbono/acido sulfurico,4.7,6,3822
11,125,3,Carbono/metano,4.7,6,1331
11,125,4,Silicio/agua,6.72,7,3100
11,125,5,Silicio/acido sulfurico,4.7,6,3856
11,130,0,Carbono/agua,4.7,6,2941
11,130,1,Carbono/amonia,3.76,5,1581
11,130,2,Carbono/acido sulfurico,4.7,6,4254
11,130,3,Carbono/metano,4.7,6,1481
11,130,4,Silicio/agua,6.72,7,3451
11,130,5,Silicio/acido sulfurico,4.7,6,4093
11,135,0,Carbono/agua,4.7,6,3316
11,135,1,Carbono/amonia,3.76,5,1838
11,135,2,Carbono/acido sulfurico,4.7,6,4733
11,135,3,Carbono/metano,4.7,6,1646
11,135,4,Silicio/agua,6.72,7,3838
11,135,5,Silicio/acido sulfurico,4.7,6,4355
11,140,0,Carbono/agua,4.7,6,3728
11,140,1,Carbono/amonia,3.76,5,2123
11,140,2,Carbono/acido sulfurico,4.7,6,5260
11,140,3,Carbono/metano,4.7,6,1829
11,140,4,Silicio/agua,6.72,7,4265
11,140,5,Silicio/acido sulfurico,4.7,6,4644
11,145,0,Carbono/agua,4.7,6,4184
11,145,1,Carbono/amonia,3.76,5,2373
11,145,2,Carbono/acido sulfurico,4.7,6,5843
11,145,3,Carbono/metano,4.7,6,2031
11,145,4,Silicio/agua,6.72,7,4739
11,145,5,Silicio/acido sulfurico,4.7,6,5222
11,150,0,Carbono/agua,4.7,6,4687
11,150,1,Carbono/amonia,3.76,5,2546
11,150,2,Carbono/acido sulfurico,4.7,6,6487
11,150,3,Carbono/metano,4.7,6,2255
11,150,4,Silicio/agua,6.72,7,5261
11,150,5,Silicio/acido sulfurico,4.7,6,5928
11,155,0,Carbono/agua,4.7,6,5242
11,155,1,Carbono/amonia,3.76,5,2738
11,155,2,Carbono/acido sulfurico,4.7,6,7196
11,155,3,Carbono/metano,4.7,6,2500
11,155,4,Silicio/agua,6.72,7,5838
11,155,5,Silicio/acido sulfurico,4.7,6,6707
11,160,0,Carbono/agua,4.7,6,5855
11,160,1,Carbono/amonia,3.76,5,2950
11,160,2,Carbono/acido sulfurico,4.7,6,7981
11,160,3,Carbono/metano,4.7,6,2774
11,160,4,Silicio/agua,6.72,7,6473
11,160,5,Silicio/acido sulfurico,4.7,6,7567
11,165,0,Carbono/agua,4.7,6,6531
11,165,1,Carbono/amonia,3.76,5,3185
11,165,2,Carbono/acido sulfurico,4.7,6,8847
11,165,3,Carbono/metano,4.7,6,3075
11,165,4,Silicio/agua,6.72,7,7176
11,165,5,Silicio/acido sulfurico,4.7,6,8518
11,170,0,Carbono/agua,4.7,6,7277
11,170,1,Carbono/amonia,3.76,5,3600
11,170,2,Carbono/acido sulfurico,4.7,6,9803
11,170,3,Carbono/metano,4.7,6,3405
11,170,4,Silicio/agua,6.72,7,7951
11,170,5,Silicio/acido sulfurico,4.7,6,9567
11,175,0,Carbono/agua,4.7,6,8103
11,175,1,Carbono/amonia,4.7,6,4155
11,175,2,Carbono/acido sulfurico,4.7,6,10830
11,175,3,Carbono/metano,4.7,6,3618
11,175,4,Silicio/agua,6.72,7,8809
11,175,5,Silicio/acido sulfurico,4.7,6,10693
11,180,0,Carbono/agua,4.7,6,9014
11,180,1,Carbono/amonia,4.7,6,4710
11,180,2,Carbono/acido sulfurico,6.7,8,11859
11,180,3,Carbono/metano,4.7,6,3798
11,180,4,Silicio/agua,6.72,7,9754
11,180,5,Silicio/acido sulfurico,4.7,6,11821
11,185,0,Carbono/agua,4.7,6,10019
11,185,1,Carbono/amonia,4.7,6,5267
11,185,2,Carbono/acido sulfurico,6.72,8,12889
11,185,3,Carbono/metano,4.7,6,3977
11,185,4,Silicio/agua,6.72,7,10797
11,185,5,Silicio/acido sulfurico,4.7,6,12950
11,190,0,Carbono/agua,4.7,6,11131
11,190,1,Carbono/amonia,4.7,6,5823
11,190,2,Carbono/acido sulfurico,6.72,8,13919
11,190,3,Carbono/metano,4.7,6,4157
11,190,4,Silicio/agua,6.72,7,11948
11,190,5,Silicio/acido sulfurico,4.7,6,14080
11,195,0,Carbono/agua,4.7,6,12357
11,195,1,Carbono/amonia,4.7,6,6378
11,195,2,Carbono/acido sulfurico,6.72,8,14949
11,195,3,Carbono/metano,4.7,6,4336
11,195,4,Silicio/agua,6.72,7,13220
11,195,5,Silicio/acido sulfurico,4.7,6,15210
11,200,0,Carbono/agua,4.7,6,13710
11,200,1,Carbono/amonia,4.7,6,6934
11,200,2,Carbono/acido sulfurico,6.72,8,15978
11,200,3,Carbono/metano,4.7,6,4692
11,200,4,Silicio/agua,6.72,7,14623
11,200,5,Silicio/acido sulfurico,4.7,6,16339
11,205,0,Carbono/agua,4.7,6,15204
11,205,1,Carbono/amonia,4.7,6,7489
11,205,2,Carbono/acido sulfurico,6.72,8,17008
11,205,3,Carbono/metano,4.7,6,5050
11,205,4,Silicio/agua,6.72,7,16174
11,205,5,Silicio/acido sulfurico,4.7,6,17467
11,210,0,Carbono/agua,4.7,6,16854
11,210,1,Carbono/amonia,4.7,6,8044
11,210,2,Carbono/acido sulfurico,6.72,8,18038
11,210,3,Carbono/metano,4.7,6,5408
11,210,4,Silicio/agua,6.72,6,17708
11,210,5,Silicio/acido sulfurico,4.7,6,18596
11,215,0,Carbono/agua,4.7,6,18674
11,215,1,Carbono/amonia,4.7,6,8600
11,215,2,Carbono/acido sulfurico,6.72,8,18759
11,215,3,Carbono/metano,4.7,6,5765
11,215,4,Silicio/agua,6.72,6,18654
11,215,5,Silicio/acido sulfurico,4.7,6,19726
11,220,0,Carbono/agua,4.7,6,20685
11,220,1,Carbono/amonia,4.7,6,9157
11,220,2,Carbono/acido sulfurico,6.72,8,19273
11,220,3,Carbono/metano,5.78,7,6122
11,220,4,Silicio/agua,6.72,6,19698
11,220,5,Silicio/acido sulfurico,4.7,6,20855
11,225,0,Carbono/agua,4.7,6,22904
11,225,1,Carbono/amonia,4.7,6,9712
11,225,2,Carbono/acido sulfurico,6.72,8,19788
11,225,3,Carbono/metano,5.78,7,6477
11,225,4,Silicio/agua,6.72,6,20850
11,225,5,Silicio/acido sulfurico,4.7,6,21985
11,230,0,Carbono/agua,4.7,6,25355
11,230,1,Carbono/amonia,4.7,6,10268
11,230,2,Carbono/acido sulfurico,6.72,8,20303
11,230,3,Carbono/metano,5.78,7,6834
11,230,4,Silicio/agua,6.72,6,22122
11,230,5,Silicio/acido sulfurico,4.7,6,23114
11,235,0,Carbono/agua,4.7,6,28014
11,235,1,Carbono/amonia,4.7,6,10823
11,235,2,Carbono/acido sulfurico,6.72,8,20818
11,235,3,Carbono/metano,5.78,7,7190
11,235,4,Silicio/agua,6.72,6,24057
11,235,5,Silicio/acido sulfurico,4.7,6,24242
11,240,0,Carbono/agua,4.7,6,30694
11,240,1,Carbono/amonia,4.7,6,11378
11,240,2,Carbono/acido sulfurico,6.72,8,21745
11,240,3,Carbono/metano,5.78,4,7511
11,240,4,Silicio/agua,6.72,7,26840
11,240,5,Silicio/acido sulfurico,4.7,6,25371
11,245,0,Carbono/agua,6.7,8,33374
11,245,1,Carbono/amonia,4.7,6,11934
11,245,2,Carbono/acido sulfurico,6.72,8,22775
11,245,3,Carbono/metano,5.78,4,7688
11,245,4,Silicio/agua,6.72,4,29624
11,245,5,Silicio/acido sulfurico,6.72,8,26501
11,250,0,Carbono/agua,6.72,8,36054
11,250,1,Carbono/amonia,4.7,6,12489
11,250,2,Carbono/acido sulfurico,6.72,8,23805
11,250,3,Carbono/metano,5.78,4,7866
11,250,4,Silicio/agua,6.72,6,31018
11,250,5,Silicio/acido sulfurico,6.72,8,27630
11,255,0,Carbono/agua,6.72,8,38735
11,255,1,Carbono/amonia,4.7,6,13045
11,255,2,Carbono/acido sulfurico,6.72,8,24834
11,255,3,Carbono/metano,5.78,4,8043
11,255,4,Silicio/agua,6.72,6,32410
11,255,5,Silicio/acido sulfurico,6.72,8,28759
11,260,0,Carbono/agua,6.72,8,41416
11,260,1,Carbono/amonia,4.7,6,13600
11,260,2,Carbono/acido sulfurico,6.72,8,25863
11,260,3,Carbono/metano,5.78,4,8222
11,260,4,Silicio/agua,6.72,6,33800
11,260,5,Silicio/acido sulfurico,6.72,8,29884
11,265,0,Carbono/agua,6.72,8,44097
11,265,1,Carbono/amonia,4.7,6,14158
11,265,2,Carbono/acido sulfurico,6.72,8,26893
11,265,3,Carbono/metano,6.72,5,8435
11,265,4,Silicio/agua,6.72,7,35193
11,265,5,Silicio/acido sulfurico,6.72,8,31014
11,270,0,Carbono/agua,6.72,8,46777
11,270,1,Carbono/amonia,4.7,6,14714
11,270,2,Carbono/acido sulfurico,6.72,8,27923
11,270,3,Carbono/metano,6.72,5,8611
11,270,4,Silicio/agua,6.72,7,36863
11,270,5,Silicio/acido sulfurico,6.72,8,32144
11,275,0,Carbono/agua,6.72,8,49460
11,275,1,Carbono/amonia,4.7,6,15269
11,275,2,Carbono/acido sulfurico,6.72,8,28953
11,275,3,Carbono/metano,6.72,5,8787
11,275,4,Silicio/agua,6.72,7,39647
11,275,5,Silicio/acido sulfurico,6.72,8,33274
11,280,0,Carbono/agua,6.72,8,52140
11,280,1,Carbono/amonia,4.7,6,15825
11,280,2,Carbono/acido sulfurico,6.72,8,29981
11,280,3,Carbono/metano,6.72,5,8966
11,280,4,Silicio/agua,6.72,7,42429
11,280,5,Silicio/acido sulfurico,6.72,8,34404
11,285,0,Carbono/agua,6.72,8,54821
11,285,1,Carbono/amonia,4.7,6,16381
11,285,2,Carbono/acido sulfurico,6.72,8,31011
11,285,3,Carbono/metano,6.72,6,9145
11,285,4,Silicio/agua,6.72,7,45214
11,285,5,Silicio/acido sulfurico,6.72,8,35534
11,290,0,Carbono/agua,6.72,8,57502
11,290,1,Carbono/amonia,4.7,6,16936
11,290,2,Carbono/acido sulfurico,6.72,8,32041
11,290,3,Carbono/metano,6.72,6,9395
11,290,4,Silicio/agua,6.72,7,47997
11,290,5,Silicio/acido sulfurico,6.72,8,36663
11,295,0,Carbono/agua,6.72,8,60183
11,295,1,Carbono/amonia,4.7,6,17492
11,295,2,Carbono/acido sulfurico,6.72,8,33070
11,295,3,Carbono/metano,6.72,6,9755
11,295,4,Silicio/agua,6.72,7,50781
11,295,5,Silicio/acido sulfurico,6.72,8,37793
11,300,0,Carbono/agua,6.72,8,62865
11,300,1,Carbono/amonia,5.72,7,18047
11,300,2,Carbono/acido sulfurico,6.72,8,34100
11,300,3,Carbono/metano,6.72,6,10114
11,300,4,Silicio/agua,6.72,7,53565
11,300,5,Silicio/acido sulfurico,6.72,8,38921
12,0,0,Carbono/agua,-0.02,1,5
12,0,1,Carbono/amonia,0.9,2,4
12,0,2,Carbono/acido sulfurico,1.76,2,7
12,0,3,Carbono/metano,0.9,2,3
12,0,4,Silicio/agua,0.78,2,6
12,0,5,Silicio/acido sulfurico,0.84,2,8
12,5,0,Carbono/agua,0.88,2,34
12,5,1,Carbono/amonia,0.94,2,24
12,5,2,Carbono/acido sulfurico,1.78,3,44
12,5,3,Carbono/metano,0.9,2,15
12,5,4,Silicio/agua,1.76,3,36
12,5,5,Silicio/acido sulfurico,1.86,3,48
12,10,0,Carbono/agua,1.82,3,64
12,10,1,Carbono/amonia,0.94,2,46
12,10,2,Carbono/acido sulfurico,2.7,4,84
12,10,3,Carbono/metano,0.92,2,30
12,10,4,Silicio/agua,1.76,3,68
12,10,5,Silicio/acido sulfurico,1.88,3,92
12,15,0,Carbono/agua,1.82,3,100
12,15,1,Carbono/amonia,1.76,3,71
12,15,2,Carbono/acido sulfurico,2.76,4,129
12,15,3,Carbono/metano,0.92,2,45
12,15,4,Silicio/agua,1.76,3,94
12,15,5,Silicio/acido sulfurico,1.88,3,142
12,20,0,Carbono/agua,1.88,3,137
12,20,1,Carbono/amonia,1.8,3,100
12,20,2,Carbono/acido sulfurico,2.78,4,179
12,20,3,Carbono/metano,0.92,2,63
12,20,4,Silicio/agua,1.76,3,114
12,20,5,Silicio/acido sulfurico,1.88,3,196
12,25,0,Carbono/agua,1.88,3,178
12,25,1,Carbono/amonia,1.88,3,129
12,25,2,Carbono/acido sulfurico,2.78,4,232
12,25,3,Carbono/metano,0.94,2,82
12,25,4,Silicio/agua,1.76,3,136
12,25,5,Silicio/acido sulfurico,2.74,4,254
12,30,0,Carbono/agua,1.88,3,224
12,30,1,Carbono/amonia,1.88,3,162
12,30,2,Carbono/acido sulfurico,2.78,4,291
12,30,3,Carbono/metano,0.94,2,104
12,30,4,Silicio/agua,1.84,3,160
12,30,5,Silicio/acido sulfurico,2.76,4,319
12,35,0,Carbono/agua,1.88,3,275
12,35,1,Carbono/amonia,1.88,3,197
12,35,2,Carbono/acido sulfurico,3.68,5,357
12,35,3,Carbono/metano,0.94,2,127
12,35,4,Silicio/agua,1.84,3,188
12,35,5,Silicio/acido sulfurico,3.7,5,390
12,40,0,Carbono/agua,2.8,4,332
12,40,1,Carbono/amonia,1.88,3,236
12,40,2,Carbono/acido sulfurico,3.7,5,429
12,40,3,Carbono/metano,0.94,2,151
12,40,4,Silicio/agua,2.7,4,216
12,40,5,Silicio/acido sulfurico,3.7,5,470
12,45,0,Carbono/agua,2.82,4,396
12,45,1,Carbono/amonia,2.74,4,279
12,45,2,Carbono/acido sulfurico,3.74,5,510
12,45,3,Carbono/metano,1.86,3,180
12,45,4,Silicio/agua,2.7,4,249
12,45,5,Silicio/acido sulfurico,3.72,5,557
12,50,0,Carbono/agua,2.82,4,465
12,50,1,Carbono/amonia,3.76,5,326
12,50,2,Carbono/acido sulfurico,3.74,5,598
12,50,3,Carbono/metano,1.86,3,211
12,50,4,Silicio/agua,2.76,4,300
12,50,5,Silicio/acido sulfurico,3.72,5,656
12,55,0,Carbono/agua,2.82,4,542
12,55,1,Carbono/amonia,3.76,5,378
12,55,2,Carbono/acido sulfurico,4.7,6,695
12,55,3,Carbono/metano,1.88,3,244
12,55,4,Silicio/agua,2.78,4,381
12,55,5,Silicio/acido sulfurico,3.72,5,761
12,60,0,Carbono/agua,3.76,5,627
12,60,1,Carbono/amonia,3.76,5,435
12,60,2,Carbono/acido sulfurico,4.7,6,803
12,60,3,Carbono/metano,1.88,3,282
12,60,4,Silicio/agua,2.78,4,468
12,60,5,Silicio/acido sulfurico,3.74,5,880
12,65,0,Carbono/agua,3.76,5,720
12,65,1,Carbono/amonia,3.76,5,499
12,65,2,Carbono/acido sulfurico,4.7,6,923
12,65,3,Carbono/metano,1.88,3,325
12,65,4,Silicio/agua,2.8,4,565
12,65,5,Silicio/acido sulfurico,3.76,5,1012
12,70,0,Carbono/agua,3.76,5,824
12,70,1,Carbono/amonia,3.76,5,570
12,70,2,Carbono/acido sulfurico,4.7,6,1056
12,70,3,Carbono/metano,1.88,3,370
12,70,4,Silicio/agua,4.68,6,671
12,70,5,Silicio/acido sulfurico,3.76,5,1157
12,75,0,Carbono/agua,3.76,5,939
12,75,1,Carbono/amonia,3.76,5,650
12,75,2,Carbono/acido sulfurico,4.7,6,1201
12,75,3,Carbono/metano,1.88,3,420
12,75,4,Silicio/agua,4.68,6,789
12,75,5,Silicio/acido sulfurico,3.76,5,1317
12,80,0,Carbono/agua,4.68,6,1065
12,80,1,Carbono/amonia,3.76,5,736
12,80,2,Carbono/acido sulfurico,4.7,6,1362
12,80,3,Carbono/metano,1.88,3,475
12,80,4,Silicio/agua,4.68,6,918
12,80,5,Silicio/acido sulfurico,5.76,6,1493
12,85,0,Carbono/agua,4.7,6,1203
12,85,1,Carbono/amonia,3.76,5,832
12,85,2,Carbono/acido sulfurico,4.7,6,1539
12,85,3,Carbono/metano,1.88,3,537
12,85,4,Silicio/agua,4.68,6,1061
12,85,5,Silicio/acido sulfurico,5.78,6,1688
12,90,0,Carbono/agua,4.7,6,1356
12,90,1,Carbono/amonia,4.68,6,937
12,90,2,Carbono/acido sulfurico,4.7,6,1735
12,90,3,Carbono/metano,1.88,3,605
12,90,4,Silicio/agua,4.68,6,1221
12,90,5,Silicio/acido sulfurico,5.78,6,1902
12,95,0,Carbono/agua,4.7,6,1525
12,95,1,Carbono/amonia,4.68,6,1055
12,95,2,Carbono/acido sulfurico,4.7,6,1952
12,95,3,Carbono/metano,1.88,3,680
12,95,4,Silicio/agua,4.68,6,1396
12,95,5,Silicio/acido sulfurico,5.78,6,2139
12,100,0,Carbono/agua,4.7,6,1712
12,100,1,Carbono/amonia,4.7,6,1185
12,100,2,Carbono/acido sulfurico,4.7,6,2191
12,100,3,Carbono/metano,1.88,3,762
12,100,4,Silicio/agua,4.68,6,1590
12,100,5,Silicio/acido sulfurico,6.7,7,2401
12,105,0,Carbono/agua,4.7,6,1917
12,105,1,Carbono/amonia,4.7,6,1328
12,105,2,Carbono/acido sulfurico,4.7,6,2456
12,105,3,Carbono/metano,1.88,3,853
12,105,4,Silicio/agua,4.68,6,1803
12,105,5,Silicio/acido sulfurico,6.72,7,2690
12,110,0,Carbono/agua,4.7,6,2146
12,110,1,Carbono/amonia,4.7,6,1485
12,110,2,Carbono/acido sulfurico,4.7,6,2747
12,110,3,Carbono/metano,1.88,3,953
12,110,4,Silicio/agua,4.68,6,2040
12,110,5,Silicio/acido sulfurico,6.72,7,3011
12,115,0,Carbono/agua,4.7,6,2397
12,115,1,Carbono/amonia,4.7,6,1659
12,115,2,Carbono/acido sulfurico,4.7,6,3068
12,115,3,Carbono/metano,1.88,3,1065
12,115,4,Silicio/agua,4.68,6,2302
12,115,5,Silicio/acido sulfurico,6.72,7,3364
12,120,0,Carbono/agua,4.7,6,2676
12,120,1,Carbono/amonia,4.7,6,1851
12,120,2,Carbono/acido sulfurico,4.7,6,3423
12,120,3,Carbono/metano,1.88,3,1189
12,120,4,Silicio/agua,4.7,6,2590
12,120,5,Silicio/acido sulfurico,6.72,7,3753
12,125,0,Carbono/agua,4.7,6,2982
12,125,1,Carbono/amonia,4.7,6,2063
12,125,2,Carbono/acido sulfurico,4.7,6,3815
12,125,3,Carbono/metano,1.88,3,1325
12,125,4,Silicio/agua,4.7,6,2908
12,125,5,Silicio/acido sulfurico,6.72,7,4182
12,130,0,Carbono/agua,4.7,6,3319
12,130,1,Carbono/amonia,4.7,6,2297
12,130,2,Carbono/acido sulfurico,4.7,6,4248
12,130,3,Carbono/metano,3.74,5,1475
12,130,4,Silicio/agua,4.7,6,3259
12,130,5,Silicio/acido sulfurico,6.72,7,4657
12,135,0,Carbono/agua,4.7,6,3694
12,135,1,Carbono/amonia,4.7,6,2555
12,135,2,Carbono/acido sulfurico,4.7,6,4728
12,135,3,Carbono/metano,3.74,5,1640
12,135,4,Silicio/agua,4.7,6,3646
12,135,5,Silicio/acido sulfurico,6.72,7,5182
12,140,0,Carbono/agua,4.7,6,4107
12,140,1,Carbono/amonia,4.7,6,2839
12,140,2,Carbono/acido sulfurico,6.72,8,5256
12,140,3,Carbono/metano,3.74,5,1823
12,140,4,Silicio/agua,4.7,6,4074
12,140,5,Silicio/acido sulfurico,6.72,7,5759
12,145,0,Carbono/agua,4.7,6,4564
12,145,1,Carbono/amonia,4.7,6,3153
12,145,2,Carbono/acido sulfurico,6.72,8,5838
12,145,3,Carbono/metano,4.68,6,2025
12,145,4,Silicio/agua,4.7,6,4546
12,145,5,Silicio/acido sulfurico,6.72,7,6398
12,150,0,Carbono/agua,4.7,6,5066
12,150,1,Carbono/amonia,4.7,6,3500
12,150,2,Carbono/acido sulfurico,6.72,6,6349
12,150,3,Carbono/metano,4.7,6,2248
12,150,4,Silicio/agua,4.7,6,5067
12,150,5,Silicio/acido sulfurico,6.72,7,7104
12,155,0,Carbono/agua,4.7,6,5621
12,155,1,Carbono/amonia,4.7,6,3885
12,155,2,Carbono/acido sulfurico,6.72,6,6704
12,155,3,Carbono/metano,4.7,6,2494
12,155,4,Silicio/agua,4.7,6,5644
12,155,5,Silicio/acido sulfurico,6.72,7,7882
12,160,0,Carbono/agua,4.7,6,6232
12,160,1,Carbono/amonia,4.7,6,4309
12,160,2,Carbono/acido sulfurico,6.72,6,7096
12,160,3,Carbono/metano,4.7,6,2766
12,160,4,Silicio/agua,4.7,6,6281
12,160,5,Silicio/acido sulfurico,6.72,7,8743
12,165,0,Carbono/agua,4.7,6,6909
12,165,1,Carbono/amonia,4.7,6,4775
12,165,2,Carbono/acido sulfurico,6.72,6,7530
12,165,3,Carbono/metano,4.7,6,3067
12,165,4,Silicio/agua,4.7,6,6984
12,165,5,Silicio/acido sulfurico,6.72,7,9693
12,170,0,Carbono/agua,4.7,6,7656
12,170,1,Carbono/amonia,4.7,6,5291
12,170,2,Carbono/acido sulfurico,6.72,6,8010
12,170,3,Carbono/metano,4.7,6,3398
12,170,4,Silicio/agua,4.7,6,7760
12,170,5,Silicio/acido sulfurico,6.72,7,10742
12,175,0,Carbono/agua,4.7,6,8482
12,175,1,Carbono/amonia,4.7,6,5845
12,175,2,Carbono/acido sulfurico,6.72,6,8832
12,175,3,Carbono/metano,4.7,6,3752
12,175,4,Silicio/agua,4.7,6,8616
12,175,5,Silicio/acido sulfurico,6.72,7,11867
12,180,0,Carbono/agua,4.7,6,9393
12,180,1,Carbono/amonia,4.7,6,6400
12,180,2,Carbono/acido sulfurico,6.72,6,9655
12,180,3,Carbono/metano,4.7,6,4107
12,180,4,Silicio/agua,4.7,6,9561
12,180,5,Silicio/acido sulfurico,6.72,7,12996
12,185,0,Carbono/agua,4.7,6,10398
12,185,1,Carbono/amonia,4.7,6,6955
12,185,2,Carbono/acido sulfurico,6.72,6,10170
12,185,3,Carbono/metano,4.7,6,4464
12,185,4,Silicio/agua,4.7,6,10604
12,185,5,Silicio/acido sulfurico,6.72,7,14124
12,190,0,Carbono/agua,4.7,6,11507
12,190,1,Carbono/amonia,4.7,6,7511
12,190,2,Carbono/acido sulfurico,6.72,6,10685
12,190,3,Carbono/metano,4.7,6,4821
12,190,4,Silicio/agua,4.7,6,11758
12,190,5,Silicio/acido sulfurico,6.72,7,15253
12,195,0,Carbono/agua,4.7,6,12236
12,195,1,Carbono/amonia,4.7,6,8067
12,195,2,Carbono/acido sulfurico,6.72,6,11199
12,195,3,Carbono/metano,4.7,6,5177
12,195,4,Silicio/agua,4.7,6,13030
12,195,5,Silicio/acido sulfurico,6.72,7,16382
12,200,0,Carbono/agua,4.7,6,12912
12,200,1,Carbono/amonia,4.7,6,8623
12,200,2,Carbono/acido sulfurico,6.72,6,11713
12,200,3,Carbono/metano,4.7,6,5535
12,200,4,Silicio/agua,4.7,6,14435
12,200,5,Silicio/acido sulfurico,6.72,7,17511
12,205,0,Carbono/agua,4.7,6,13660
12,205,1,Carbono/amonia,4.7,6,9179
12,205,2,Carbono/acido sulfurico,6.72,6,12537
12,205,3,Carbono/metano,4.7,6,5891
12,205,4,Silicio/agua,4.7,6,15986
12,205,5,Silicio/acido sulfurico,6.72,7,18641
12,210,0,Carbono/agua,4.7,6,14486
12,210,1,Carbono/amonia,4.7,6,9734
12,210,2,Carbono/acido sulfurico,6.72,6,13567
12,210,3,Carbono/metano,4.7,6,6247
12,210,4,Silicio/agua,4.7,6,17698
12,210,5,Silicio/acido sulfurico,6.72,7,19769
12,215,0,Carbono/agua,4.7,6,15395
12,215,1,Carbono/amonia,4.7,6,10290
12,215,2,Carbono/acido sulfurico,6.72,6,14597
12,215,3,Carbono/metano,4.7,6,6604
12,215,4,Silicio/agua,4.7,6,19589
12,215,5,Silicio/acido sulfurico,6.72,7,20899
12,220,0,Carbono/agua,4.7,6,17406
12,220,1,Carbono/amonia,4.7,6,10846
12,220,2,Carbono/acido sulfurico,6.72,6,15626
12,220,3,Carbono/metano,4.7,6,6961
12,220,4,Silicio/agua,4.7,6,21676
12,220,5,Silicio/acido sulfurico,6.72,7,22027
12,225,0,Carbono/agua,4.7,6,19626
12,225,1,Carbono/amonia,4.7,6,11402
12,225,2,Carbono/acido sulfurico,6.72,6,16656
12,225,3,Carbono/metano,4.7,6,7319
12,225,4,Silicio/agua,4.7,6,23981
12,225,5,Silicio/acido sulfurico,6.72,7,23156
12,230,0,Carbono/agua,4.7,6,22077
12,230,1,Carbono/amonia,4.7,6,11957
12,230,2,Carbono/acido sulfurico,6.72,6,17686
12,230,3,Carbono/metano,5.78,7,7674
12,230,4,Silicio/agua,4.7,6,26525
12,230,5,Silicio/acido sulfurico,6.72,7,24286
12,235,0,Carbono/agua,5.68,7,24736
12,235,1,Carbono/amonia,4.7,6,12513
12,235,2,Carbono/acido sulfurico,6.72,6,18716
12,235,3,Carbono/metano,5.78,7,8030
12,235,4,Silicio/agua,4.7,6,29285
12,235,5,Silicio/acido sulfurico,6.72,7,25413
12,240,0,Carbono/agua,6.72,8,27416
12,240,1,Carbono/amonia,4.7,6,13069
12,240,2,Carbono/acido sulfurico,6.72,6,19746
12,240,3,Carbono/metano,5.78,7,8386
12,240,4,Silicio/agua,4.7,6,32066
12,240,5,Silicio/acido sulfurico,6.72,7,26542
12,245,0,Carbono/agua,6.72,6,29560
12,245,1,Carbono/amonia,4.7,6,13624
12,245,2,Carbono/acido sulfurico,6.72,6,20776
12,245,3,Carbono/metano,5.78,7,8743
12,245,4,Silicio/agua,4.7,6,34849
12,245,5,Silicio/acido sulfurico,6.72,7,27672
12,250,0,Carbono/agua,6.72,6,30900
12,250,1,Carbono/amonia,4.7,6,14180
12,250,2,Carbono/acido sulfurico,6.72,6,21805
12,250,3,Carbono/metano,5.78,7,9100
12,250,4,Silicio/agua,6.72,8,37631
12,250,5,Silicio/acido sulfurico,6.72,7,28801
12,255,0,Carbono/agua,6.72,6,32240
12,255,1,Carbono/amonia,4.7,6,14737
12,255,2,Carbono/acido sulfurico,6.72,6,22835
12,255,3,Carbono/metano,5.78,7,9458
12,255,4,Silicio/agua,6.72,8,40415
12,255,5,Silicio/acido sulfurico,6.72,7,29931
12,260,0,Carbono/agua,6.72,6,33580
12,260,1,Carbono/amonia,4.7,6,15183
12,260,2,Carbono/acido sulfurico,6.72,6,23865
12,260,3,Carbono/metano,5.78,7,9814
12,260,4,Silicio/agua,6.72,8,43199
12,260,5,Silicio/acido sulfurico,6.72,7,31060
12,265,0,Carbono/agua,6.72,6,34921
12,265,1,Carbono/amonia,4.7,6,15460
12,265,2,Carbono/acido sulfurico,6.72,6,24895
12,265,3,Carbono/metano,6.72,8,10170
12,265,4,Silicio/agua,6.72,8,45982
12,265,5,Silicio/acido sulfurico,6.72,7,31738
12,270,0,Carbono/agua,6.72,7,37066
12,270,1,Carbono/amonia,4.7,6,15738
12,270,2,Carbono/acido sulfurico,6.72,6,25925
12,270,3,Carbono/metano,6.72,8,10526
12,270,4,Silicio/agua,6.72,8,48765
12,270,5,Silicio/acido sulfurico,6.72,7,32303
12,275,0,Carbono/agua,6.72,7,39746
12,275,1,Carbono/amonia,4.7,6,16015
12,275,2,Carbono/acido sulfurico,6.72,6,26955
12,275,3,Carbono/metano,6.72,8,10883
12,275,4,Silicio/agua,6.72,8,51549
12,275,5,Silicio/acido sulfurico,6.72,6,32868
12,280,0,Carbono/agua,6.72,7,42426
12,280,1,Carbono/amonia,4.7,6,16293
12,280,2,Carbono/acido sulfurico,6.72,6,27984
12,280,3,Carbono/metano,6.72,8,11241
12,280,4,Silicio/agua,6.72,8,54330
12,280,5,Silicio/acido sulfurico,6.72,6,33433
12,285,0,Carbono/agua,6.72,7,45108
12,285,1,Carbono/amonia,4.7,6,16625
12,285,2,Carbono/acido sulfurico,6.72,6,29013
12,285,3,Carbono/metano,6.72,8,11598
12,285,4,Silicio/agua,6.72,8,57112
12,285,5,Silicio/acido sulfurico,6.72,6,33998
12,290,0,Carbono/agua,6.72,7,47790
12,290,1,Carbono/amonia,4.7,6,16904
12,290,2,Carbono/acido sulfurico,6.72,6,30042
12,290,3,Carbono/metano,6.72,8,11955
12,290,4,Silicio/agua,6.72,8,59895
12,290,5,Silicio/acido sulfurico,6.72,6,34562
12,295,0,Carbono/agua,6.72,7,50470
12,295,1,Carbono/amonia,4.7,6,17181
12,295,2,Carbono/acido sulfurico,6.72,6,31072
12,295,3,Carbono/metano,6.72,8,12312
12,295,4,Silicio/agua,6.72,8,62677
12,295,5,Silicio/acido sulfurico,6.72,6,35127
12,300,0,Carbono/agua,6.72,7,53151
12,300,1,Carbono/amonia,4.7,6,17459
12,300,2,Carbono/acido sulfurico,6.72,6,32102
12,300,3,Carbono/metano,6.72,8,12669
12,300,4,Silicio/agua,6.72,8,65462
12,300,5,Silicio/acido sulfurico,6.72,6,36144
13,0,0,Carbono/agua,-0.04,1,5
13,0,1,Carbono/amonia,0.68,2,4
13,0,2,Carbono/acido sulfurico,0.94,2,7
13,0,3,Carbono/metano,0.94,2,2
13,0,4,Silicio/agua,0.94,2,5
13,0,5,Silicio/acido sulfurico,0.92,2,8
13,5,0,Carbono/agua,0.94,2,32
13,5,1,Carbono/amonia,1.7,3,24
13,5,2,Carbono/acido sulfurico,0.94,2,44
13,5,3,Carbono/metano,0.94,2,15
13,5,4,Silicio/agua,1.74,3,35
13,5,5,Silicio/acido sulfurico,1.72,3,47
13,10,0,Carbono/agua,1.88,3,64
13,10,1,Carbono/amonia,1.74,3,45
13,10,2,Carbono/acido sulfurico,1.88,3,85
13,10,3,Carbono/metano,1.88,3,27
13,10,4,Silicio/agua,1.84,3,68
13,10,5,Silicio/acido sulfurico,1.86,3,91
13,15,0,Carbono/agua,1.88,3,99
13,15,1,Carbono/amonia,2.74,4,69
13,15,2,Carbono/acido sulfurico,1.88,3,130
13,15,3,Carbono/metano,1.88,3,42
13,15,4,Silicio/agua,1.88,3,105
13,15,5,Silicio/acido sulfurico,1.86,3,141
13,20,0,Carbono/agua,1.88,3,136
13,20,1,Carbono/amonia,2.74,4,98
13,20,2,Carbono/acido sulfurico,1.88,3,178
13,20,3,Carbono/metano,1.88,3,61
13,20,4,Silicio/agua,1.88,3,146
13,20,5,Silicio/acido sulfurico,1.86,3,195
13,25,0,Carbono/agua,1.88,3,179
13,25,1,Carbono/amonia,2.74,4,126
13,25,2,Carbono/acido sulfurico,2.78,4,232
13,25,3,Carbono/metano,1.88,3,79
13,25,4,Silicio/agua,1.88,3,190
13,25,5,Silicio/acido sulfurico,2.78,4,255
13,30,0,Carbono/agua,1.88,3,225
13,30,1,Carbono/amonia,2.74,4,158
13,30,2,Carbono/acido sulfurico,2.78,4,279
13,30,3,Carbono/metano,2.72,4,99
13,30,4,Silicio/agua,1.88,3,239
13,30,5,Silicio/acido sulfurico,2.8,4,320
13,35,0,Carbono/agua,1.88,3,276
13,35,1,Carbono/amonia,2.74,4,195
13,35,2,Carbono/acido sulfurico,2.78,4,312
13,35,3,Carbono/metano,2.74,4,112
13,35,4,Silicio/agua,2.78,4,294
13,35,5,Silicio/acido sulfurico,2.8,4,392
13,40,0,Carbono/agua,1.88,3,333
13,40,1,Carbono/amonia,2.8,4,233
13,40,2,Carbono/acido sulfurico,2.78,4,348
13,40,3,Carbono/metano,2.74,4,124
13,40,4,Silicio/agua,2.8,4,354
13,40,5,Silicio/acido sulfurico,2.82,4,471
13,45,0,Carbono/agua,1.88,3,396
13,45,1,Carbono/amonia,2.8,4,277
13,45,2,Carbono/acido sulfurico,2.78,4,388
13,45,3,Carbono/metano,2.74,4,138
13,45,4,Silicio/agua,2.82,4,419
13,45,5,Silicio/acido sulfurico,2.82,4,560
13,50,0,Carbono/agua,1.88,3,465
13,50,1,Carbono/amonia,2.8,4,324
13,50,2,Carbono/acido sulfurico,2.78,4,434
13,50,3,Carbono/metano,2.74,4,153
13,50,4,Silicio/agua,2.82,4,492
13,50,5,Silicio/acido sulfurico,2.82,4,658
13,55,0,Carbono/agua,1.88,3,542
13,55,1,Carbono/amonia,2.8,4,379
13,55,2,Carbono/acido sulfurico,2.82,4,513
13,55,3,Carbono/metano,2.74,4,172
13,55,4,Silicio/agua,3.76,5,570
13,55,5,Silicio/acido sulfurico,3.68,3,743
13,60,0,Carbono/agua,2.82,4,628
13,60,1,Carbono/amonia,2.8,4,437
13,60,2,Carbono/acido sulfurico,2.82,4,623
13,60,3,Carbono/metano,2.76,4,210
13,60,4,Silicio/agua,3.76,5,657
13,60,5,Silicio/acido sulfurico,3.72,5,802
13,65,0,Carbono/agua,2.82,4,722
13,65,1,Carbono/amonia,3.72,5,500
13,65,2,Carbono/acido sulfurico,2.82,4,742
13,65,3,Carbono/metano,2.76,4,251
13,65,4,Silicio/agua,3.76,5,754
13,65,5,Silicio/acido sulfurico,3.72,5,867
13,70,0,Carbono/agua,2.82,4,826
13,70,1,Carbono/amonia,3.72,5,571
13,70,2,Carbono/acido sulfurico,2.82,4,874
13,70,3,Carbono/metano,3.72,5,297
13,70,4,Silicio/agua,3.74,3,859
13,70,5,Silicio/acido sulfurico,3.72,5,941
13,75,0,Carbono/agua,2.82,4,938
13,75,1,Carbono/amonia,3.72,5,650
13,75,2,Carbono/acido sulfurico,2.82,4,1020
13,75,3,Carbono/metano,3.76,5,348
13,75,4,Silicio/agua,3.76,5,918
13,75,5,Silicio/acido sulfurico,3.76,5,1022
13,80,0,Carbono/agua,2.82,4,1064
13,80,1,Carbono/amonia,3.72,5,737
13,80,2,Carbono/acido sulfurico,3.74,5,1181
13,80,3,Carbono/metano,3.76,5,404
13,80,4,Silicio/agua,3.76,5,984
13,80,5,Silicio/acido sulfurico,3.76,5,1165
13,85,0,Carbono/agua,2.82,4,1203
13,85,1,Carbono/amonia,4.68,6,832
13,85,2,Carbono/acido sulfurico,3.74,5,1359
13,85,3,Carbono/metano,3.76,5,466
13,85,4,Silicio/agua,3.76,5,1058
13,85,5,Silicio/acido sulfurico,4.7,6,1359
13,90,0,Carbono/agua,2.82,4,1356
13,90,1,Carbono/amonia,4.7,6,938
13,90,2,Carbono/acido sulfurico,3.76,5,1555
13,90,3,Carbono/metano,3.76,5,535
13,90,4,Silicio/agua,3.76,5,1137
13,90,5,Silicio/acido sulfurico,4.7,6,1574
13,95,0,Carbono/agua,2.82,4,1527
13,95,1,Carbono/amonia,4.7,6,1054
13,95,2,Carbono/acido sulfurico,3.76,5,1771
13,95,3,Carbono/metano,3.76,5,610
13,95,4,Silicio/agua,3.76,5,1244
13,95,5,Silicio/acido sulfurico,4.7,6,1813
13,100,0,Carbono/agua,2.82,4,1639
13,100,1,Carbono/amonia,4.7,6,1184
13,100,2,Carbono/acido sulfurico,3.76,5,2011
13,100,3,Carbono/metano,3.76,5,692
13,100,4,Silicio/agua,3.76,5,1438
13,100,5,Silicio/acido sulfurico,4.7,6,2077
13,105,0,Carbono/agua,2.82,4,1741
13,105,1,Carbono/amonia,4.7,6,1326
13,105,2,Carbono/acido sulfurico,5.68,6,2276
13,105,3,Carbono/metano,3.76,5,783
13,105,4,Silicio/agua,3.76,5,1652
13,105,5,Silicio/acido sulfurico,4.7,6,2308
13,110,0,Carbono/agua,2.82,4,1856
13,110,1,Carbono/amonia,4.7,6,1482
13,110,2,Carbono/acido sulfurico,5.72,6,2568
13,110,3,Carbono/metano,3.76,5,884
13,110,4,Silicio/agua,3.76,5,1888
13,110,5,Silicio/acido sulfurico,4.7,6,2467
13,115,0,Carbono/agua,2.82,4,1984
13,115,1,Carbono/amonia,4.7,6,1656
13,115,2,Carbono/acido sulfurico,6.7,7,2890
13,115,3,Carbono/metano,3.76,5,995
13,115,4,Silicio/agua,3.76,5,2150
13,115,5,Silicio/acido sulfurico,4.7,6,2644
13,120,0,Carbono/agua,2.82,4,2123
13,120,1,Carbono/amonia,4.7,6,1847
13,120,2,Carbono/acido sulfurico,6.7,7,3245
13,120,3,Carbono/metano,3.76,5,1118
13,120,4,Silicio/agua,4.68,6,2437
13,120,5,Silicio/acido sulfurico,4.7,6,2839
13,125,0,Carbono/agua,3.72,5,2430
13,125,1,Carbono/amonia,4.7,6,2058
13,125,2,Carbono/acido sulfurico,6.72,7,3637
13,125,3,Carbono/metano,3.76,5,1253
13,125,4,Silicio/agua,4.7,6,2754
13,125,5,Silicio/acido sulfurico,4.7,6,3054
13,130,0,Carbono/agua,3.74,5,2768
13,130,1,Carbono/amonia,4.7,6,2292
13,130,2,Carbono/acido sulfurico,6.72,7,4070
13,130,3,Carbono/metano,4.7,6,1403
13,130,4,Silicio/agua,4.7,6,3105
13,130,5,Silicio/acido sulfurico,4.7,6,3435
13,135,0,Carbono/agua,4.68,6,3142
13,135,1,Carbono/amonia,5.76,7,2549
13,135,2,Carbono/acido sulfurico,6.72,7,4546
13,135,3,Carbono/metano,4.7,6,1569
13,135,4,Silicio/agua,4.7,6,3492
13,135,5,Silicio/acido sulfurico,4.7,6,3957
13,140,0,Carbono/agua,4.68,6,3554
13,140,1,Carbono/amonia,5.76,7,2834
13,140,2,Carbono/acido sulfurico,6.72,7,5072
13,140,3,Carbono/metano,4.7,6,1751
13,140,4,Silicio/agua,4.7,6,3921
13,140,5,Silicio/acido sulfurico,4.7,6,4534
13,145,0,Carbono/agua,4.7,6,4010
13,145,1,Carbono/amonia,6.7,8,3148
13,145,2,Carbono/acido sulfurico,6.72,7,5657
13,145,3,Carbono/metano,4.7,6,1953
13,145,4,Silicio/agua,4.7,6,4394
13,145,5,Silicio/acido sulfurico,4.7,6,5172
13,150,0,Carbono/agua,4.7,6,4513
13,150,1,Carbono/amonia,6.7,8,3496
13,150,2,Carbono/acido sulfurico,6.72,7,6300
13,150,3,Carbono/metano,4.7,6,2174
13,150,4,Silicio/agua,4.7,6,4916
13,150,5,Silicio/acido sulfurico,4.7,6,5877
13,155,0,Carbono/agua,4.7,6,5069
13,155,1,Carbono/amonia,6.72,8,3878
13,155,2,Carbono/acido sulfurico,6.72,7,7010
13,155,3,Carbono/metano,4.7,6,2420
13,155,4,Silicio/agua,4.7,6,5492
13,155,5,Silicio/acido sulfurico,4.7,6,6656
13,160,0,Carbono/agua,4.7,6,5683
13,160,1,Carbono/amonia,6.72,8,4301
13,160,2,Carbono/acido sulfurico,6.72,7,7796
13,160,3,Carbono/metano,4.7,6,2692
13,160,4,Silicio/agua,4.7,6,6129
13,160,5,Silicio/acido sulfurico,4.7,6,7515
13,165,0,Carbono/agua,4.7,6,6359
13,165,1,Carbono/amonia,6.72,8,4770
13,165,2,Carbono/acido sulfurico,6.72,7,8662
13,165,3,Carbono/metano,4.7,6,2991
13,165,4,Silicio/agua,4.7,6,6831
13,165,5,Silicio/acido sulfurico,4.7,6,8466
13,170,0,Carbono/agua,4.7,6,7104
13,170,1,Carbono/amonia,6.72,8,5285
13,170,2,Carbono/acido sulfurico,6.72,7,9618
13,170,3,Carbono/metano,4.7,6,3323
13,170,4,Silicio/agua,4.7,6,7606
13,170,5,Silicio/acido sulfurico,4.7,6,9513
13,175,0,Carbono/agua,4.7,6,7929
13,175,1,Carbono/amonia,6.72,8,5840
13,175,2,Carbono/acido sulfurico,6.72,7,10644
13,175,3,Carbono/metano,4.7,6,3679
13,175,4,Silicio/agua,4.7,6,8461
13,175,5,Silicio/acido sulfurico,4.7,6,10639
13,180,0,Carbono/agua,4.7,6,8840
13,180,1,Carbono/amonia,6.72,8,6397
13,180,2,Carbono/acido sulfurico,6.72,7,11674
13,180,3,Carbono/metano,4.7,6,4035
13,180,4,Silicio/agua,4.7,6,9405
13,180,5,Silicio/acido sulfurico,4.7,6,11767
13,185,0,Carbono/agua,4.7,6,9845
13,185,1,Carbono/amonia,6.72,8,6952
13,185,2,Carbono/acido sulfurico,6.72,7,12704
13,185,3,Carbono/metano,4.7,6,4392
13,185,4,Silicio/agua,4.7,6,10449
13,185,5,Silicio/acido sulfurico,4.7,6,12896
13,190,0,Carbono/agua,4.7,6,10955
13,190,1,Carbono/amonia,6.72,8,7507
13,190,2,Carbono/acido sulfurico,6.72,7,13734
13,190,3,Carbono/metano,4.7,6,4749
13,190,4,Silicio/agua,4.7,6,11602
13,190,5,Silicio/acido sulfurico,4.7,6,14024
13,195,0,Carbono/agua,4.7,6,12180
13,195,1,Carbono/amonia,6.72,8,8062
13,195,2,Carbono/acido sulfurico,6.72,7,14764
13,195,3,Carbono/metano,4.7,6,5105
13,195,4,Silicio/agua,4.7,6,12875
13,195,5,Silicio/acido sulfurico,4.7,6,14926
13,200,0,Carbono/agua,4.7,6,13531
13,200,1,Carbono/amonia,6.72,8,8617
13,200,2,Carbono/acido sulfurico,6.72,7,15794
13,200,3,Carbono/metano,4.7,6,5461
13,200,4,Silicio/agua,4.7,6,14279
13,200,5,Silicio/acido sulfurico,4.7,6,15491
13,205,0,Carbono/agua,4.7,6,15025
13,205,1,Carbono/amonia,6.72,8,9173
13,205,2,Carbono/acido sulfurico,6.72,7,16824
13,205,3,Carbono/metano,4.7,6,5818
13,205,4,Silicio/agua,4.7,6,15829
13,205,5,Silicio/acido sulfurico,4.7,6,16056
13,210,0,Carbono/agua,4.7,6,16674
13,210,1,Carbono/amonia,6.72,8,9731
13,210,2,Carbono/acido sulfurico,6.72,7,17854
13,210,3,Carbono/metano,4.7,6,6174
13,210,4,Silicio/agua,4.7,6,17542
13,210,5,Silicio/acido sulfurico,4.7,6,16621
13,215,0,Carbono/agua,4.7,6,18495
13,215,1,Carbono/amonia,6.72,8,10286
13,215,2,Carbono/acido sulfurico,6.72,7,18883
13,215,3,Carbono/metano,4.7,6,6533
13,215,4,Silicio/agua,4.7,6,19432
13,215,5,Silicio/acido sulfurico,4.7,6,17186
13,220,0,Carbono/agua,4.7,6,20505
13,220,1,Carbono/amonia,6.72,8,10841
13,220,2,Carbono/acido sulfurico,6.72,7,19913
13,220,3,Carbono/metano,4.7,6,6890
13,220,4,Silicio/agua,6.72,8,21518
13,220,5,Silicio/acido sulfurico,4.7,6,18090
13,225,0,Carbono/agua,4.7,6,22724
13,225,1,Carbono/amonia,6.72,8,11396
13,225,2,Carbono/acido sulfurico,6.72,7,20943
13,225,3,Carbono/metano,4.7,6,7248
13,225,4,Silicio/agua,6.72,8,23822
13,225,5,Silicio/acido sulfurico,4.7,6,19219
13,230,0,Carbono/agua,4.7,6,24670
13,230,1,Carbono/amonia,6.72,8,11952
13,230,2,Carbono/acido sulfurico,6.72,7,21973
13,230,3,Carbono/metano,4.7,6,7605
13,230,4,Silicio/agua,6.72,8,26367
13,230,5,Silicio/acido sulfurico,4.7,6,20349
13,235,0,Carbono/agua,6.7,8,25999
13,235,1,Carbono/amonia,6.72,8,12507
13,235,2,Carbono/acido sulfurico,6.72,7,23003
13,235,3,Carbono/metano,4.7,6,7962
13,235,4,Silicio/agua,6.72,8,29126
13,235,5,Silicio/acido sulfurico,4.7,6,21479
13,240,0,Carbono/agua,6.72,8,27339
13,240,1,Carbono/amonia,6.72,8,13062
13,240,2,Carbono/acido sulfurico,6.72,7,24033
13,240,3,Carbono/metano,4.7,6,8318
13,240,4,Silicio/agua,6.72,8,31908
13,240,5,Silicio/acido sulfurico,4.7,6,22608
13,245,0,Carbono/agua,6.72,8,28679
13,245,1,Carbono/amonia,6.72,8,13617
13,245,2,Carbono/acido sulfurico,6.72,7,25063
13,245,3,Carbono/metano,4.7,6,8674
13,245,4,Silicio/agua,6.72,8,34690
13,245,5,Silicio/acido sulfurico,4.7,6,23737
13,250,0,Carbono/agua,6.72,8,30019
13,250,1,Carbono/amonia,6.72,8,14173
13,250,2,Carbono/acido sulfurico,6.72,7,26093
13,250,3,Carbono/metano,4.7,6,9029
13,250,4,Silicio/agua,6.72,8,37474
13,250,5,Silicio/acido sulfurico,4.7,6,24866
13,255,0,Carbono/agua,6.72,8,32163
13,255,1,Carbono/amonia,6.72,8,14729
13,255,2,Carbono/acido sulfurico,6.72,7,27123
13,255,3,Carbono/metano,4.7,6,9385
13,255,4,Silicio/agua,6.72,8,40255
13,255,5,Silicio/acido sulfurico,4.7,6,25995
13,260,0,Carbono/agua,6.72,8,34843
13,260,1,Carbono/amonia,6.72,8,15285
13,260,2,Carbono/acido sulfurico,6.72,7,28152
13,260,3,Carbono/metano,4.7,6,9742
13,260,4,Silicio/agua,6.72,8,43036
13,260,5,Silicio/acido sulfurico,4.7,6,27124
13,265,0,Carbono/agua,6.72,8,37523
13,265,1,Carbono/amonia,6.72,8,15840
13,265,2,Carbono/acido sulfurico,6.72,7,29182
13,265,3,Carbono/metano,4.7,6,10100
13,265,4,Silicio/agua,6.72,8,45820
13,265,5,Silicio/acido sulfurico,4.7,6,28253
13,270,0,Carbono/agua,6.72,8,40203
13,270,1,Carbono/amonia,6.72,8,16397
13,270,2,Carbono/acido sulfurico,6.72,7,30212
13,270,3,Carbono/metano,4.7,6,10458
13,270,4,Silicio/agua,6.72,8,48602
13,270,5,Silicio/acido sulfurico,4.7,6,29383
13,275,0,Carbono/agua,6.72,8,42884
13,275,1,Carbono/amonia,6.72,8,16954
13,275,2,Carbono/acido sulfurico,6.72,7,31242
13,275,3,Carbono/metano,4.7,6,10814
13,275,4,Silicio/agua,6.72,8,51385
13,275,5,Silicio/acido sulfurico,4.7,6,30511
13,280,0,Carbono/agua,6.72,8,45564
13,280,1,Carbono/amonia,6.72,8,17511
13,280,2,Carbono/acido sulfurico,6.72,7,32272
13,280,3,Carbono/metano,4.7,6,11173
13,280,4,Silicio/agua,6.72,8,54168
13,280,5,Silicio/acido sulfurico,4.7,6,31639
13,285,0,Carbono/agua,6.72,8,48245
13,285,1,Carbono/amonia,6.72,8,18068
13,285,2,Carbono/acido sulfurico,6.72,7,33302
13,285,3,Carbono/metano,4.7,6,11529
13,285,4,Silicio/agua,6.72,8,56951
13,285,5,Silicio/acido sulfurico,5.74,7,32769
13,290,0,Carbono/agua,6.72,8,50925
13,290,1,Carbono/amonia,6.72,8,18623
13,290,2,Carbono/acido sulfurico,6.72,7,34332
13,290,3,Carbono/metano,4.7,6,11885
13,290,4,Silicio/agua,6.72,8,59736
13,290,5,Silicio/acido sulfurico,5.76,7,33899
13,295,0,Carbono/agua,6.72,8,53606
13,295,1,Carbono/amonia,6.72,8,19180
13,295,2,Carbono/acido sulfurico,6.72,7,35361
13,295,3,Carbono/metano,4.7,6,12135
13,295,4,Silicio/agua,6.72,8,62519
13,295,5,Silicio/acido sulfurico,6.72,8,35028
13,300,0,Carbono/agua,6.72,8,56286
13,300,1,Carbono/amonia,6.72,8,19736
13,300,2,Carbono/acido sulfurico,6.72,7,36391
13,300,3,Carbono/metano,4.7,6,12313
13,300,4,Silicio/agua,6.72,8,65302
13,300,5,Silicio/acido sulfurico,6.72,8,36157
14,0,0,Carbono/agua,0.92,2,5
14,0,1,Carbono/amonia,-0.02,1,4
14,0,2,Carbono/acido sulfurico,0.88,2,7
14,0,3,Carbono/metano,0.82,1,3
14,0,4,Silicio/agua,0.9,2,6
14,0,5,Silicio/acido sulfurico,1.7,3,8
14,5,0,Carbono/agua,1.88,3,35
14,5,1,Carbono/amonia,0.94,2,24
14,5,2,Carbono/acido sulfurico,5.7,4,44
14,5,3,Carbono/metano,1.8,3,17
14,5,4,Silicio/agua,0.92,2,36
14,5,5,Silicio/acido sulfurico,2.72,4,48
14,10,0,Carbono/agua,1.88,3,66
14,10,1,Carbono/amonia,1.84,3,45
14,10,2,Carbono/acido sulfurico,5.7,4,84
14,10,3,Carbono/metano,1.88,3,31
14,10,4,Silicio/agua,1.86,3,68
14,10,5,Silicio/acido sulfurico,2.76,4,92
14,15,0,Carbono/agua,1.88,3,100
14,15,1,Carbono/amonia,1.86,3,70
14,15,2,Carbono/acido sulfurico,5.7,4,128
14,15,3,Carbono/metano,1.88,3,46
14,15,4,Silicio/agua,1.86,3,103
14,15,5,Silicio/acido sulfurico,2.8,4,140
14,20,0,Carbono/agua,1.88,3,140
14,20,1,Carbono/amonia,1.86,3,96
14,20,2,Carbono/acido sulfurico,5.72,4,176
14,20,3,Carbono/metano,1.88,3,61
14,20,4,Silicio/agua,1.88,3,142
14,20,5,Silicio/acido sulfurico,2.8,4,193
14,25,0,Carbono/agua,1.88,3,184
14,25,1,Carbono/amonia,1.86,3,126
14,25,2,Carbono/acido sulfurico,5.74,4,231
14,25,3,Carbono/metano,1.88,3,79
14,25,4,Silicio/agua,1.88,3,185
14,25,5,Silicio/acido sulfurico,3.68,5,253
14,30,0,Carbono/agua,2.78,4,230
14,30,1,Carbono/amonia,1.88,3,159
14,30,2,Carbono/acido sulfurico,5.76,4,291
14,30,3,Carbono/metano,1.88,3,99
14,30,4,Silicio/agua,2.82,4,233
14,30,5,Silicio/acido sulfurico,3.7,5,318
14,35,0,Carbono/agua,2.78,4,281
14,35,1,Carbono/amonia,1.88,3,195
14,35,2,Carbono/acido sulfurico,5.76,4,357
14,35,3,Carbono/metano,1.88,3,123
14,35,4,Silicio/agua,2.82,4,285
14,35,5,Silicio/acido sulfurico,3.7,5,391
14,40,0,Carbono/agua,2.78,4,337
14,40,1,Carbono/amonia,1.88,3,234
14,40,2,Carbono/acido sulfurico,6.7,5,428
14,40,3,Carbono/metano,1.88,3,148
14,40,4,Silicio/agua,2.82,4,344
14,40,5,Silicio/acido sulfurico,3.72,5,471
14,45,0,Carbono/agua,2.78,4,400
14,45,1,Carbono/amonia,1.88,3,278
14,45,2,Carbono/acido sulfurico,6.72,6,509
14,45,3,Carbono/metano,1.88,3,175
14,45,4,Silicio/agua,2.82,4,410
14,45,5,Silicio/acido sulfurico,3.72,5,559
14,50,0,Carbono/agua,2.8,4,469
14,50,1,Carbono/amonia,1.88,3,327
14,50,2,Carbono/acido sulfurico,6.72,6,599
14,50,3,Carbono/metano,1.88,3,206
14,50,4,Silicio/agua,2.82,4,481
14,50,5,Silicio/acido sulfurico,3.72,5,658
14,55,0,Carbono/agua,2.8,4,546
14,55,1,Carbono/amonia,2.78,4,379
14,55,2,Carbono/acido sulfurico,6.72,6,696
14,55,3,Carbono/metano,1.88,3,241
14,55,4,Silicio/agua,2.82,4,562
14,55,5,Silicio/acido sulfurico,3.74,5,767
14,60,0,Carbono/agua,2.8,4,630
14,60,1,Carbono/amonia,2.78,4,437
14,60,2,Carbono/acido sulfurico,6.72,6,803
14,60,3,Carbono/metano,1.88,3,278
14,60,4,Silicio/agua,2.82,4,648
14,60,5,Silicio/acido sulfurico,3.74,5,886
14,65,0,Carbono/agua,2.82,4,723
14,65,1,Carbono/amonia,2.78,4,501
14,65,2,Carbono/acido sulfurico,6.72,6,923
14,65,3,Carbono/metano,1.88,3,318
14,65,4,Silicio/agua,3.74,5,744
14,65,5,Silicio/acido sulfurico,3.74,5,1015
14,70,0,Carbono/agua,3.74,5,825
14,70,1,Carbono/amonia,2.78,4,571
14,70,2,Carbono/acido sulfurico,6.72,6,1056
14,70,3,Carbono/metano,2.82,4,364
14,70,4,Silicio/agua,3.76,5,852
14,70,5,Silicio/acido sulfurico,3.74,5,1160
14,75,0,Carbono/agua,3.76,5,939
14,75,1,Carbono/amonia,2.82,4,651
14,75,2,Carbono/acido sulfurico,6.72,6,1202
14,75,3,Carbono/metano,2.82,4,414
14,75,4,Silicio/agua,3.76,5,971
14,75,5,Silicio/acido sulfurico,3.74,5,1317
14,80,0,Carbono/agua,3.76,5,1064
14,80,1,Carbono/amonia,3.7,5,738
14,80,2,Carbono/acido sulfurico,6.72,6,1363
14,80,3,Carbono/metano,2.82,4,470
14,80,4,Silicio/agua,3.76,5,1101
14,80,5,Silicio/acido sulfurico,3.74,5,1492
14,85,0,Carbono/agua,4.68,6,1203
14,85,1,Carbono/amonia,3.72,5,835
14,85,2,Carbono/acido sulfurico,6.72,6,1542
14,85,3,Carbono/metano,2.82,4,532
14,85,4,Silicio/agua,3.76,5,1246
14,85,5,Silicio/acido sulfurico,3.74,5,1687
14,90,0,Carbono/agua,4.7,6,1356
14,90,1,Carbono/amonia,3.74,5,940
14,90,2,Carbono/acido sulfurico,6.72,6,1736
14,90,3,Carbono/metano,2.82,4,600
14,90,4,Silicio/agua,4.7,6,1403
14,90,5,Silicio/acido sulfurico,3.76,5,1902
14,95,0,Carbono/agua,5.78,7,1525
14,95,1,Carbono/amonia,4.68,6,1057
14,95,2,Carbono/acido sulfurico,6.72,6,1952
14,95,3,Carbono/metano,2.82,4,675
14,95,4,Silicio/agua,4.7,6,1577
14,95,5,Silicio/acido sulfurico,3.76,5,2140
14,100,0,Carbono/agua,6.68,8,1710
14,100,1,Carbono/amonia,4.7,6,1186
14,100,2,Carbono/acido sulfurico,6.72,6,2191
14,100,3,Carbono/metano,3.76,5,757
14,100,4,Silicio/agua,4.7,6,1771
14,100,5,Silicio/acido sulfurico,3.76,5,2402
14,105,0,Carbono/agua,6.72,8,1916
14,105,1,Carbono/amonia,4.7,6,1329
14,105,2,Carbono/acido sulfurico,6.72,6,2455
14,105,3,Carbono/metano,3.76,5,847
14,105,4,Silicio/agua,4.7,6,1984
14,105,5,Silicio/acido sulfurico,3.76,5,2691
14,110,0,Carbono/agua,6.72,8,2145
14,110,1,Carbono/amonia,4.7,6,1488
14,110,2,Carbono/acido sulfurico,6.72,6,2748
14,110,3,Carbono/metano,3.76,5,948
14,110,4,Silicio/agua,4.7,6,2220
14,110,5,Silicio/acido sulfurico,4.7,6,3010
14,115,0,Carbono/agua,6.72,8,2397
14,115,1,Carbono/amonia,4.7,6,1662
14,115,2,Carbono/acido sulfurico,6.72,6,3070
14,115,3,Carbono/metano,3.76,5,1060
14,115,4,Silicio/agua,4.7,6,2482
14,115,5,Silicio/acido sulfurico,4.7,6,3364
14,120,0,Carbono/agua,6.72,8,2676
14,120,1,Carbono/amonia,4.7,6,1854
14,120,2,Carbono/acido sulfurico,6.72,6,3426
14,120,3,Carbono/metano,3.76,5,1183
14,120,4,Silicio/agua,4.7,6,2770
14,120,5,Silicio/acido sulfurico,4.7,6,3755
14,125,0,Carbono/agua,6.72,8,2982
14,125,1,Carbono/amonia,4.7,6,2065
14,125,2,Carbono/acido sulfurico,6.72,6,3818
14,125,3,Carbono/metano,3.76,5,1319
14,125,4,Silicio/agua,4.7,6,3088
14,125,5,Silicio/acido sulfurico,4.7,6,4185
14,130,0,Carbono/agua,6.72,8,3320
14,130,1,Carbono/amonia,4.68,6,2226
14,130,2,Carbono/acido sulfurico,6.72,6,4252
14,130,3,Carbono/metano,3.76,5,1470
14,130,4,Silicio/agua,4.7,6,3438
14,130,5,Silicio/acido sulfurico,4.7,4,4660
14,135,0,Carbono/agua,6.72,8,3693
14,135,1,Carbono/amonia,4.68,6,2356
14,135,2,Carbono/acido sulfurico,6.72,6,4728
14,135,3,Carbono/metano,4.7,6,1635
14,135,4,Silicio/agua,4.7,6,3827
14,135,5,Silicio/acido sulfurico,4.7,6,4921
14,140,0,Carbono/agua,6.72,8,4106
14,140,1,Carbono/amonia,4.7,6,2498
14,140,2,Carbono/acido sulfurico,6.72,6,5255
14,140,3,Carbono/metano,4.7,6,1817
14,140,4,Silicio/agua,4.7,6,4256
14,140,5,Silicio/acido sulfurico,4.7,6,5210
14,145,0,Carbono/agua,6.72,8,4560
14,145,1,Carbono/amonia,4.7,6,2656
14,145,2,Carbono/acido sulfurico,6.72,6,5837
14,145,3,Carbono/metano,4.7,6,2019
14,145,4,Silicio/agua,4.7,6,4728
14,145,5,Silicio/acido sulfurico,4.7,6,5529
14,150,0,Carbono/agua,6.72,8,5060
14,150,1,Carbono/amonia,4.7,6,2830
14,150,2,Carbono/acido sulfurico,6.72,6,6481
14,150,3,Carbono/metano,4.7,6,2243
14,150,4,Silicio/agua,4.7,6,5249
14,150,5,Silicio/acido sulfurico,4.7,6,5883
14,155,0,Carbono/agua,6.72,8,5615
14,155,1,Carbono/amonia,4.7,6,3176
14,155,2,Carbono/acido sulfurico,6.72,7,7192
14,155,3,Carbono/metano,4.7,6,2488
14,155,4,Silicio/agua,4.7,6,5825
14,155,5,Silicio/acido sulfurico,4.7,6,6354
14,160,0,Carbono/agua,6.72,7,6101
14,160,1,Carbono/amonia,4.7,6,3599
14,160,2,Carbono/acido sulfurico,6.72,7,7977
14,160,3,Carbono/metano,4.7,6,2759
14,160,4,Silicio/agua,4.7,6,6460
14,160,5,Silicio/acido sulfurico,5.72,7,7214
14,165,0,Carbono/agua,6.72,8,6439
14,165,1,Carbono/amonia,4.7,6,4065
14,165,2,Carbono/acido sulfurico,6.72,7,8843
14,165,3,Carbono/metano,4.7,6,3061
14,165,4,Silicio/agua,4.7,6,7162
14,165,5,Silicio/acido sulfurico,6.72,8,8163
14,170,0,Carbono/agua,6.72,8,6813
14,170,1,Carbono/amonia,4.7,6,4581
14,170,2,Carbono/acido sulfurico,6.72,7,9800
14,170,3,Carbono/metano,4.7,6,3393
14,170,4,Silicio/agua,4.7,6,7937
14,170,5,Silicio/acido sulfurico,6.72,8,9211
14,175,0,Carbono/agua,6.72,8,7227
14,175,1,Carbono/amonia,4.7,6,5136
14,175,2,Carbono/acido sulfurico,6.72,7,10827
14,175,3,Carbono/metano,4.7,6,3748
14,175,4,Silicio/agua,4.7,6,8793
14,175,5,Silicio/acido sulfurico,6.72,8,10336
14,180,0,Carbono/agua,6.72,8,7682
14,180,1,Carbono/amonia,4.7,6,5691
14,180,2,Carbono/acido sulfurico,6.72,7,11857
14,180,3,Carbono/metano,4.7,6,4106
14,180,4,Silicio/agua,4.7,6,9738
14,180,5,Silicio/acido sulfurico,6.72,8,11465
14,185,0,Carbono/agua,6.72,8,8492
14,185,1,Carbono/amonia,4.7,6,6191
14,185,2,Carbono/acido sulfurico,6.72,7,12887
14,185,3,Carbono/metano,4.7,6,4461
14,185,4,Silicio/agua,4.7,6,10783
14,185,5,Silicio/acido sulfurico,6.72,8,12594
14,190,0,Carbono/agua,6.72,8,9601
14,190,1,Carbono/amonia,4.7,6,6468
14,190,2,Carbono/acido sulfurico,6.72,7,13917
14,190,3,Carbono/metano,4.7,6,4817
14,190,4,Silicio/agua,4.7,6,11935
14,190,5,Silicio/acido sulfurico,6.72,8,13722
14,195,0,Carbono/agua,6.72,8,10827
14,195,1,Carbono/amonia,4.7,6,6746
14,195,2,Carbono/acido sulfurico,6.72,7,14944
14,195,3,Carbono/metano,4.7,6,5173
14,195,4,Silicio/agua,4.7,6,13207
14,195,5,Silicio/acido sulfurico,6.72,8,14852
14,200,0,Carbono/agua,6.72,8,12179
14,200,1,Carbono/amonia,4.7,6,7023
14,200,2,Carbono/acido sulfurico,6.72,7,15974
14,200,3,Carbono/metano,4.7,6,5531
14,200,4,Silicio/agua,4.7,6,14613
14,200,5,Silicio/acido sulfurico,6.72,8,15981
14,205,0,Carbono/agua,6.72,8,13674
14,205,1,Carbono/amonia,4.7,6,7301
14,205,2,Carbono/acido sulfurico,6.72,7,17004
14,205,3,Carbono/metano,4.7,6,5888
14,205,4,Silicio/agua,4.7,6,16164
14,205,5,Silicio/acido sulfurico,6.72,8,17111
14,210,0,Carbono/agua,6.72,8,15322
14,210,1,Carbono/amonia,4.7,6,7691
14,210,2,Carbono/acido sulfurico,6.72,7,18033
14,210,3,Carbono/metano,4.7,6,6246
14,210,4,Silicio/agua,4.7,6,17876
14,210,5,Silicio/acido sulfurico,6.72,8,18239
14,215,0,Carbono/agua,6.72,8,17143
14,215,1,Carbono/amonia,4.7,6,8247
14,215,2,Carbono/acido sulfurico,6.72,7,19062
14,215,3,Carbono/metano,4.7,6,6605
14,215,4,Silicio/agua,4.7,6,19765
14,215,5,Silicio/acido sulfurico,6.72,8,19367
14,220,0,Carbono/agua,6.72,8,19153
14,220,1,Carbono/amonia,4.7,6,8802
14,220,2,Carbono/acido sulfurico,6.72,7,20092
14,220,3,Carbono/metano,4.7,6,6961
14,220,4,Silicio/agua,4.7,6,21851
14,220,5,Silicio/acido sulfurico,6.72,8,20495
14,225,0,Carbono/agua,6.72,8,21372
14,225,1,Carbono/amonia,4.7,6,9358
14,225,2,Carbono/acido sulfurico,6.72,7,21122
14,225,3,Carbono/metano,4.7,6,7318
14,225,4,Silicio/agua,4.7,6,24154
14,225,5,Silicio/acido sulfurico,6.72,8,21622
14,230,0,Carbono/agua,6.72,8,23822
14,230,1,Carbono/amonia,4.7,6,9914
14,230,2,Carbono/acido sulfurico,6.72,7,22152
14,230,3,Carbono/metano,4.7,6,7675
14,230,4,Silicio/agua,4.7,6,26698
14,230,5,Silicio/acido sulfurico,6.72,8,22752
14,235,0,Carbono/agua,6.72,8,26481
14,235,1,Carbono/amonia,4.7,6,10470
14,235,2,Carbono/acido sulfurico,6.72,7,23182
14,235,3,Carbono/metano,4.7,6,7961
14,235,4,Silicio/agua,4.7,6,29458
14,235,5,Silicio/acido sulfurico,6.72,8,23880
14,240,0,Carbono/agua,6.72,8,29162
14,240,1,Carbono/amonia,4.7,6,11026
14,240,2,Carbono/acido sulfurico,6.72,7,24212
14,240,3,Carbono/metano,4.7,6,8139
14,240,4,Silicio/agua,4.7,6,31965
14,240,5,Silicio/acido sulfurico,6.72,8,25009
14,245,0,Carbono/agua,6.72,8,31844
14,245,1,Carbono/amonia,4.7,6,11581
14,245,2,Carbono/acido sulfurico,6.72,7,25241
14,245,3,Carbono/metano,4.7,6,8318
14,245,4,Silicio/agua,4.7,6,33356
14,245,5,Silicio/acido sulfurico,6.72,8,26137
14,250,0,Carbono/agua,6.72,8,34524
14,250,1,Carbono/amonia,4.7,6,12136
14,250,2,Carbono/acido sulfurico,6.72,7,26270
14,250,3,Carbono/metano,4.7,6,8498
14,250,4,Silicio/agua,4.7,6,34746
14,250,5,Silicio/acido sulfurico,6.72,8,27266
14,255,0,Carbono/agua,6.72,8,37204
14,255,1,Carbono/amonia,4.7,6,12693
14,255,2,Carbono/acido sulfurico,6.72,7,27300
14,255,3,Carbono/metano,4.7,6,8678
14,255,4,Silicio/agua,4.7,6,36137
14,255,5,Silicio/acido sulfurico,6.72,8,28395
14,260,0,Carbono/agua,6.72,8,39885
14,260,1,Carbono/amonia,4.7,6,13248
14,260,2,Carbono/acido sulfurico,6.72,7,28329
14,260,3,Carbono/metano,4.7,6,8963
14,260,4,Silicio/agua,4.7,6,37527
14,260,5,Silicio/acido sulfurico,6.72,8,29523
14,265,0,Carbono/agua,6.72,8,42565
14,265,1,Carbono/amonia,4.7,6,13804
14,265,2,Carbono/acido sulfurico,6.72,7,29359
14,265,3,Carbono/metano,4.7,6,9318
14,265,4,Silicio/agua,4.7,6,39475
14,265,5,Silicio/acido sulfurico,6.72,8,30652
14,270,0,Carbono/agua,6.72,8,45246
14,270,1,Carbono/amonia,4.7,6,14359
14,270,2,Carbono/acido sulfurico,6.72,7,30389
14,270,3,Carbono/metano,4.7,6,9675
14,270,4,Silicio/agua,6.72,8,42258
14,270,5,Silicio/acido sulfurico,6.72,8,31780
14,275,0,Carbono/agua,6.72,8,47928
14,275,1,Carbono/amonia,4.7,6,14914
14,275,2,Carbono/acido sulfurico,6.72,7,31419
14,275,3,Carbono/metano,4.7,6,10032
14,275,4,Silicio/agua,6.72,8,45043
14,275,5,Silicio/acido sulfurico,6.72,8,32909
14,280,0,Carbono/agua,6.72,8,50609
14,280,1,Carbono/amonia,4.7,6,15470
14,280,2,Carbono/acido sulfurico,6.72,7,32449
14,280,3,Carbono/metano,4.7,6,10388
14,280,4,Silicio/agua,6.72,8,47827
14,280,5,Silicio/acido sulfurico,6.72,8,34038
14,285,0,Carbono/agua,6.72,7,52753
14,285,1,Carbono/amonia,4.7,6,16025
14,285,2,Carbono/acido sulfurico,6.72,7,33479
14,285,3,Carbono/metano,4.7,6,10747
14,285,4,Silicio/agua,6.72,8,50610
14,285,5,Silicio/acido sulfurico,6.72,8,35165
14,290,0,Carbono/agua,6.72,7,54094
14,290,1,Carbono/amonia,4.7,6,16580
14,290,2,Carbono/acido sulfurico,6.72,7,34509
14,290,3,Carbono/metano,4.7,6,11105
14,290,4,Silicio/agua,6.72,8,53395
14,290,5,Silicio/acido sulfurico,6.72,8,36295
14,295,0,Carbono/agua,6.72,7,55434
14,295,1,Carbono/amonia,4.7,6,17135
14,295,2,Carbono/acido sulfurico,6.72,7,35539
14,295,3,Carbono/metano,4.7,6,11463
14,295,4,Silicio/agua,6.72,8,56178
14,295,5,Silicio/acido sulfurico,6.72,8,37423
14,300,0,Carbono/agua,6.72,8,56774
14,300,1,Carbono/amonia,4.7,6,17690
14,300,2,Carbono/acido sulfurico,6.72,7,36569
14,300,3,Carbono/metano,4.7,6,11819
14,300,4,Silicio/agua,6.72,6,58404
14,300,5,Silicio/acido sulfurico,6.72,8,38553
15,0,0,Carbono/agua,1.8,3,6
15,0,1,Carbono/amonia,0.82,2,4
15,0,2,Carbono/acido sulfurico,0.92,2,7
15,0,3,Carbono/metano,0.68,2,2
15,0,4,Silicio/agua,-0.02,1,6
15,0,5,Silicio/acido sulfurico,0.92,2,8
15,5,0,Carbono/agua,1.86,3,35
15,5,1,Carbono/amonia,0.92,2,24
15,5,2,Carbono/acido sulfurico,1.72,3,44
15,5,3,Carbono/metano,2.7,4,16
15,5,4,Silicio/agua,1.8,3,34
15,5,5,Silicio/acido sulfurico,1.68,3,48
15,10,0,Carbono/agua,1.86,3,67
15,10,1,Carbono/amonia,0.94,2,47
15,10,2,Carbono/acido sulfurico,2.76,4,84
15,10,3,Carbono/metano,2.7,4,31
15,10,4,Silicio/agua,1.86,3,67
15,10,5,Silicio/acido sulfurico,1.68,3,77
15,15,0,Carbono/agua,1.86,3,102
15,15,1,Carbono/amonia,1.76,3,69
15,15,2,Carbono/acido sulfurico,3.7,5,128
15,15,3,Carbono/metano,2.7,4,47
15,15,4,Silicio/agua,1.86,3,103
15,15,5,Silicio/acido sulfurico,1.76,3,101
15,20,0,Carbono/agua,2.78,4,139
15,20,1,Carbono/amonia,1.76,3,95
15,20,2,Carbono/acido sulfurico,3.7,5,178
15,20,3,Carbono/metano,2.7,4,66
15,20,4,Silicio/agua,1.86,3,143
15,20,5,Silicio/acido sulfurico,1.76,3,128
15,25,0,Carbono/agua,2.78,4,180
15,25,1,Carbono/amonia,1.76,3,125
15,25,2,Carbono/acido sulfurico,3.7,5,231
15,25,3,Carbono/metano,2.7,4,86
15,25,4,Silicio/agua,1.86,3,186
15,25,5,Silicio/acido sulfurico,1.76,3,157
15,30,0,Carbono/agua,2.78,4,226
15,30,1,Carbono/amonia,1.78,3,159
15,30,2,Carbono/acido sulfurico,3.7,5,292
15,30,3,Carbono/metano,2.76,4,107
15,30,4,Silicio/agua,1.86,3,236
15,30,5,Silicio/acido sulfurico,1.76,3,190
15,35,0,Carbono/agua,5.78,5,278
15,35,1,Carbono/amonia,1.78,3,194
15,35,2,Carbono/acido sulfurico,3.7,5,358
15,35,3,Carbono/metano,2.76,4,125
15,35,4,Silicio/agua,1.86,3,290
15,35,5,Silicio/acido sulfurico,2.74,4,255
15,40,0,Carbono/agua,5.78,5,335
15,40,1,Carbono/amonia,2.76,4,233
15,40,2,Carbono/acido sulfurico,3.72,5,431
15,40,3,Carbono/metano,3.68,5,137
15,40,4,Silicio/agua,2.78,4,348
15,40,5,Silicio/acido sulfurico,2.76,4,336
15,45,0,Carbono/agua,5.78,5,398
15,45,1,Carbono/amonia,2.76,4,276
15,45,2,Carbono/acido sulfurico,3.74,5,512
15,45,3,Carbono/metano,3.74,5,151
15,45,4,Silicio/agua,2.78,4,413
15,45,5,Silicio/acido sulfurico,2.76,4,424
15,50,0,Carbono/agua,5.78,5,446
15,50,1,Carbono/amonia,3.74,5,325
15,50,2,Carbono/acido sulfurico,3.74,5,600
15,50,3,Carbono/metano,3.74,5,166
15,50,4,Silicio/agua,2.78,4,485
15,50,5,Silicio/acido sulfurico,2.8,4,521
15,55,0,Carbono/agua,5.78,5,485
15,55,1,Carbono/amonia,3.76,5,376
15,55,2,Carbono/acido sulfurico,3.74,5,698
15,55,3,Carbono/metano,3.74,5,182
15,55,4,Silicio/agua,2.78,4,564
15,55,5,Silicio/acido sulfurico,2.82,4,628
15,60,0,Carbono/agua,5.78,5,528
15,60,1,Carbono/amonia,3.76,5,434
15,60,2,Carbono/acido sulfurico,4.68,6,807
15,60,3,Carbono/metano,3.74,5,214
15,60,4,Silicio/agua,2.78,4,654
15,60,5,Silicio/acido sulfurico,2.82,4,747
15,65,0,Carbono/agua,5.78,5,575
15,65,1,Carbono/amonia,3.76,5,498
15,65,2,Carbono/acido sulfurico,4.7,6,926
15,65,3,Carbono/metano,3.74,5,255
15,65,4,Silicio/agua,5.78,6,750
15,65,5,Silicio/acido sulfurico,2.82,4,877
15,70,0,Carbono/agua,5.78,5,628
15,70,1,Carbono/amonia,3.76,5,570
15,70,2,Carbono/acido sulfurico,4.7,6,1060
15,70,3,Carbono/metano,3.74,5,300
15,70,4,Silicio/agua,5.78,6,857
15,70,5,Silicio/acido sulfurico,2.82,4,1022
15,75,0,Carbono/agua,5.78,6,731
15,75,1,Carbono/amonia,3.76,5,648
15,75,2,Carbono/acido sulfurico,4.7,6,1205
15,75,3,Carbono/metano,3.76,5,350
15,75,4,Silicio/agua,5.78,6,976
15,75,5,Silicio/acido sulfurico,2.82,4,1182
15,80,0,Carbono/agua,5.78,6,855
15,80,1,Carbono/amonia,3.76,5,735
15,80,2,Carbono/acido sulfurico,6.68,8,1366
15,80,3,Carbono/metano,3.76,5,404
15,80,4,Silicio/agua,6.7,7,1107
15,80,5,Silicio/acido sulfurico,2.82,4,1358
15,85,0,Carbono/agua,5.78,6,995
15,85,1,Carbono/amonia,3.76,5,832
15,85,2,Carbono/acido sulfurico,6.7,8,1542
15,85,3,Carbono/metano,3.76,5,465
15,85,4,Silicio/agua,6.72,7,1250
15,85,5,Silicio/acido sulfurico,2.82,4,1553
15,90,0,Carbono/agua,6.68,7,1149
15,90,1,Carbono/amonia,3.76,5,937
15,90,2,Carbono/acido sulfurico,6.7,8,1739
15,90,3,Carbono/metano,3.76,5,533
15,90,4,Silicio/agua,6.72,7,1409
15,90,5,Silicio/acido sulfurico,3.74,5,1769
15,95,0,Carbono/agua,6.7,7,1318
15,95,1,Carbono/amonia,3.76,5,1054
15,95,2,Carbono/acido sulfurico,6.7,8,1956
15,95,3,Carbono/metano,3.76,5,608
15,95,4,Silicio/agua,6.72,7,1584
15,95,5,Silicio/acido sulfurico,4.68,6,2006
15,100,0,Carbono/agua,6.72,7,1504
15,100,1,Carbono/amonia,4.7,6,1183
15,100,2,Carbono/acido sulfurico,6.7,8,2196
15,100,3,Carbono/metano,3.76,5,690
15,100,4,Silicio/agua,6.72,7,1779
15,100,5,Silicio/acido sulfurico,4.68,6,2268
15,105,0,Carbono/agua,6.72,7,1708
15,105,1,Carbono/amonia,4.7,6,1324
15,105,2,Carbono/acido sulfurico,6.7,8,2461
15,105,3,Carbono/metano,3.76,5,781
15,105,4,Silicio/agua,6.72,7,1994
15,105,5,Silicio/acido sulfurico,4.7,6,2557
15,110,0,Carbono/agua,6.72,7,1935
15,110,1,Carbono/amonia,4.7,6,1480
15,110,2,Carbono/acido sulfurico,6.72,8,2753
15,110,3,Carbono/metano,3.76,5,883
15,110,4,Silicio/agua,6.72,7,2229
15,110,5,Silicio/acido sulfurico,4.7,6,2877
15,115,0,Carbono/agua,6.72,7,2185
15,115,1,Carbono/amonia,4.7,6,1652
15,115,2,Carbono/acido sulfurico,6.72,8,3076
15,115,3,Carbono/metano,3.76,5,993
15,115,4,Silicio/agua,6.72,7,2491
15,115,5,Silicio/acido sulfurico,4.7,6,3231
15,120,0,Carbono/agua,6.72,7,2464
15,120,1,Carbono/amonia,4.7,6,1844
15,120,2,Carbono/acido sulfurico,6.72,8,3432
15,120,3,Carbono/metano,3.76,5,1118
15,120,4,Silicio/agua,6.72,7,2779
15,120,5,Silicio/acido sulfurico,4.7,6,3620
15,125,0,Carbono/agua,6.72,7,2770
15,125,1,Carbono/amonia,4.7,6,2057
15,125,2,Carbono/acido sulfurico,6.72,8,3824
15,125,3,Carbono/metano,3.76,5,1253
15,125,4,Silicio/agua,6.72,7,3098
15,125,5,Silicio/acido sulfurico,4.7,6,4050
15,130,0,Carbono/agua,6.72,7,3109
15,130,1,Carbono/amonia,6.68,8,2292
15,130,2,Carbono/acido sulfurico,6.72,8,4257
15,130,3,Carbono/metano,3.76,5,1404
15,130,4,Silicio/agua,6.72,7,3450
15,130,5,Silicio/acido sulfurico,4.7,6,4526
15,135,0,Carbono/agua,6.72,7,3482
15,135,1,Carbono/amonia,6.68,8,2547
15,135,2,Carbono/acido sulfurico,6.72,8,4736
15,135,3,Carbono/metano,3.76,5,1571
15,135,4,Silicio/agua,6.72,8,3838
15,135,5,Silicio/acido sulfurico,4.7,6,5051
15,140,0,Carbono/agua,6.72,7,3896
15,140,1,Carbono/amonia,6.72,8,2832
15,140,2,Carbono/acido sulfurico,6.72,8,5264
15,140,3,Carbono/metano,3.76,5,1754
15,140,4,Silicio/agua,6.72,8,4267
15,140,5,Silicio/acido sulfurico,4.7,6,5630
15,145,0,Carbono/agua,6.72,7,4351
15,145,1,Carbono/amonia,6.72,8,3147
15,145,2,Carbono/acido sulfurico,6.72,8,5848
15,145,3,Carbono/metano,4.68,6,1956
15,145,4,Silicio/agua,6.72,8,4740
15,145,5,Silicio/acido sulfurico,4.7,6,6268
15,150,0,Carbono/agua,6.72,7,4851
15,150,1,Carbono/amonia,6.72,8,3495
15,150,2,Carbono/acido sulfurico,6.72,8,6490
15,150,3,Carbono/metano,4.7,6,2177
15,150,4,Silicio/agua,6.72,8,5263
15,150,5,Silicio/acido sulfurico,4.7,6,6974
15,155,0,Carbono/agua,6.72,7,5405
15,155,1,Carbono/amonia,6.72,8,3880
15,155,2,Carbono/acido sulfurico,6.72,8,7200
15,155,3,Carbono/metano,4.7,6,2424
15,155,4,Silicio/agua,6.72,8,5839
15,155,5,Silicio/acido sulfurico,4.7,6,7754
15,160,0,Carbono/agua,6.72,7,6018
15,160,1,Carbono/amonia,6.72,8,4304
15,160,2,Carbono/acido sulfurico,6.72,8,7985
15,160,3,Carbono/metano,4.7,6,2697
15,160,4,Silicio/agua,6.72,8,6475
15,160,5,Silicio/acido sulfurico,4.7,6,8614
15,165,0,Carbono/agua,6.72,7,6695
15,165,1,Carbono/amonia,6.72,8,4772
15,165,2,Carbono/acido sulfurico,6.72,8,8850
15,165,3,Carbono/metano,4.7,6,2876
15,165,4,Silicio/agua,6.72,8,7178
15,165,5,Silicio/acido sulfurico,4.7,6,9563
15,170,0,Carbono/agua,6.72,7,7442
15,170,1,Carbono/amonia,6.72,8,5287
15,170,2,Carbono/acido sulfurico,6.72,8,9806
15,170,3,Carbono/metano,4.7,6,3042
15,170,4,Silicio/agua,6.72,8,7954
15,170,5,Silicio/acido sulfurico,4.7,6,10611
15,175,0,Carbono/agua,6.72,7,8266
15,175,1,Carbono/amonia,6.72,8,5840
15,175,2,Carbono/acido sulfurico,6.72,8,10833
15,175,3,Carbono/metano,4.7,6,3220
15,175,4,Silicio/agua,6.72,8,8810
15,175,5,Silicio/acido sulfurico,4.7,6,11735
15,180,0,Carbono/agua,6.72,7,9178
15,180,1,Carbono/amonia,6.72,8,6395
15,180,2,Carbono/acido sulfurico,6.72,8,11863
15,180,3,Carbono/metano,4.7,6,3399
15,180,4,Silicio/agua,6.72,8,9756
15,180,5,Silicio/acido sulfurico,4.7,6,12863
15,185,0,Carbono/agua,6.72,7,10183
15,185,1,Carbono/amonia,6.72,8,6950
15,185,2,Carbono/acido sulfurico,6.72,8,12892
15,185,3,Carbono/metano,4.7,6,3578
15,185,4,Silicio/agua,6.72,8,10800
15,185,5,Silicio/acido sulfurico,4.7,6,13990
15,190,0,Carbono/agua,6.72,7,11294
15,190,1,Carbono/amonia,6.72,8,7284
15,190,2,Carbono/acido sulfurico,6.72,8,13921
15,190,3,Carbono/metano,4.7,6,3935
15,190,4,Silicio/agua,6.72,8,11953
15,190,5,Silicio/acido sulfurico,4.7,6,15118
15,195,0,Carbono/agua,6.72,7,12520
15,195,1,Carbono/amonia,6.72,8,7561
15,195,2,Carbono/acido sulfurico,6.72,8,14950
15,195,3,Carbono/metano,4.7,6,4291
15,195,4,Silicio/agua,6.72,8,13225
15,195,5,Silicio/acido sulfurico,4.7,6,16247
15,200,0,Carbono/agua,6.72,7,13872
15,200,1,Carbono/amonia,6.72,8,7838
15,200,2,Carbono/acido sulfurico,6.72,8,15980
15,200,3,Carbono/metano,4.7,6,4649
15,200,4,Silicio/agua,6.72,8,14630
15,200,5,Silicio/acido sulfurico,4.7,6,17376
15,205,0,Carbono/agua,6.72,7,15367
15,205,1,Carbono/amonia,6.72,8,8116
15,205,2,Carbono/acido sulfurico,6.72,8,17010
15,205,3,Carbono/metano,4.7,6,5005
15,205,4,Silicio/agua,6.72,8,16181
15,205,5,Silicio/acido sulfurico,4.7,6,18504
15,210,0,Carbono/agua,6.72,7,17015
15,210,1,Carbono/amonia,6.72,8,8393
15,210,2,Carbono/acido sulfurico,6.72,8,17936
15,210,3,Carbono/metano,4.7,6,5360
15,210,4,Silicio/agua,6.72,8,17893
15,210,5,Silicio/acido sulfurico,4.7,6,19634
15,215,0,Carbono/agua,6.72,7,18837
15,215,1,Carbono/amonia,6.72,8,8949
15,215,2,Carbono/acido sulfurico,6.72,8,18451
15,215,3,Carbono/metano,4.7,6,5716
15,215,4,Silicio/agua,6.72,8,19783
15,215,5,Silicio/acido sulfurico,4.7,6,20764
15,220,0,Carbono/agua,6.72,7,20847
15,220,1,Carbono/amonia,6.72,8,9507
15,220,2,Carbono/acido sulfurico,6.72,8,18965
15,220,3,Carbono/metano,4.7,6,6072
15,220,4,Silicio/agua,6.72,8,21871
15,220,5,Silicio/acido sulfurico,4.7,6,21894
15,225,0,Carbono/agua,6.72,7,23067
15,225,1,Carbono/amonia,6.72,8,10062
15,225,2,Carbono/acido sulfurico,6.72,8,19480
15,225,3,Carbono/metano,4.7,6,6427
15,225,4,Silicio/agua,6.72,8,24176
15,225,5,Silicio/acido sulfurico,4.7,6,23024
15,230,0,Carbono/agua,6.72,7,25516
15,230,1,Carbono/amonia,6.72,8,10618
15,230,2,Carbono/acido sulfurico,6.72,8,19994
15,230,3,Carbono/metano,4.7,6,6784
15,230,4,Silicio/agua,6.72,8,26718
15,230,5,Silicio/acido sulfurico,4.7,6,24153
15,235,0,Carbono/agua,6.72,7,28174
15,235,1,Carbono/amonia,6.72,8,11173
15,235,2,Carbono/acido sulfurico,6.72,8,20715
15,235,3,Carbono/metano,4.7,6,7141
15,235,4,Silicio/agua,6.72,8,29478
15,235,5,Silicio/acido sulfurico,4.7,6,25282
15,240,0,Carbono/agua,6.72,7,30854
15,240,1,Carbono/amonia,6.72,8,11729
15,240,2,Carbono/acido sulfurico,6.72,8,21744
15,240,3,Carbono/metano,4.7,6,7499
15,240,4,Silicio/agua,6.72,8,32261
15,240,5,Silicio/acido sulfurico,4.7,6,26411
15,245,0,Carbono/agua,6.72,7,33536
15,245,1,Carbono/amonia,6.72,8,12284
15,245,2,Carbono/acido sulfurico,6.72,8,22774
15,245,3,Carbono/metano,4.7,6,7854
15,245,4,Silicio/agua,6.72,8,35042
15,245,5,Silicio/acido sulfurico,6.72,8,27539
15,250,0,Carbono/agua,6.72,7,36216
15,250,1,Carbono/amonia,6.72,8,12839
15,250,2,Carbono/acido sulfurico,6.72,8,23804
15,250,3,Carbono/metano,4.7,6,8210
15,250,4,Silicio/agua,6.72,8,37825
15,250,5,Silicio/acido sulfurico,6.72,8,28669
15,255,0,Carbono/agua,6.72,7,38896
15,255,1,Carbono/amonia,6.72,8,13394
15,255,2,Carbono/acido sulfurico,6.72,8,24834
15,255,3,Carbono/metano,4.7,6,8567
15,255,4,Silicio/agua,6.72,8,40607
15,255,5,Silicio/acido sulfurico,6.72,8,29799
15,260,0,Carbono/agua,6.72,7,41577
15,260,1,Carbono/amonia,6.72,8,13949
15,260,2,Carbono/acido sulfurico,6.72,8,25864
15,260,3,Carbono/metano,4.7,6,8923
15,260,4,Silicio/agua,6.72,8,43390
15,260,5,Silicio/acido sulfurico,6.72,8,30929
15,265,0,Carbono/agua,6.72,7,44257
15,265,1,Carbono/amonia,6.72,8,14505
15,265,2,Carbono/acido sulfurico,6.72,8,26894
15,265,3,Carbono/metano,4.7,6,9280
15,265,4,Silicio/agua,6.72,8,46173
15,265,5,Silicio/acido sulfurico,6.72,8,32058
15,270,0,Carbono/agua,6.72,7,46939
15,270,1,Carbono/amonia,6.72,8,15060
15,270,2,Carbono/acido sulfurico,6.72,8,27924
15,270,3,Carbono/metano,4.7,6,9636
15,270,4,Silicio/agua,6.72,8,48956
15,270,5,Silicio/acido sulfurico,6.72,8,33187
15,275,0,Carbono/agua,6.72,7,49620
15,275,1,Carbono/amonia,6.72,8,15617
15,275,2,Carbono/acido sulfurico,6.72,8,28953
15,275,3,Carbono/metano,4.7,6,9994
15,275,4,Silicio/agua,6.72,8,51739
15,275,5,Silicio/acido sulfurico,6.72,8,34315
15,280,0,Carbono/agua,6.72,8,52300
15,280,1,Carbono/amonia,6.72,8,16172
15,280,2,Carbono/acido sulfurico,6.72,8,29982
15,280,3,Carbono/metano,4.7,6,10349
15,280,4,Silicio/agua,6.72,8,54523
15,280,5,Silicio/acido sulfurico,6.72,8,35444
15,285,0,Carbono/agua,6.72,8,54980
15,285,1,Carbono/amonia,6.72,8,16727
15,285,2,Carbono/acido sulfurico,6.72,8,31012
15,285,3,Carbono/metano,4.7,6,10704
15,285,4,Silicio/agua,6.72,8,57305
15,285,5,Silicio/acido sulfurico,6.72,8,36572
15,290,0,Carbono/agua,6.72,8,57661
15,290,1,Carbono/amonia,6.72,8,17282
15,290,2,Carbono/acido sulfurico,6.72,8,32041
15,290,3,Carbono/metano,4.7,6,11059
15,290,4,Silicio/agua,6.72,8,60089
15,290,5,Silicio/acido sulfurico,6.72,8,37702
15,295,0,Carbono/agua,6.72,8,60341
15,295,1,Carbono/amonia,6.72,8,17837
15,295,2,Carbono/acido sulfurico,6.72,8,33071
15,295,3,Carbono/metano,4.7,6,11415
15,295,4,Silicio/agua,6.72,8,62873
15,295,5,Silicio/acido sulfurico,6.72,8,38830
15,300,0,Carbono/agua,6.72,8,63021
15,300,1,Carbono/amonia,6.72,8,18392
15,300,2,Carbono/acido sulfurico,6.72,8,34101
15,300,3,Carbono/metano,4.7,6,11771
15,300,4,Silicio/agua,6.72,8,65656
15,300,5,Silicio/acido sulfurico,6.72,8,39958
16,0,0,Carbono/agua,2.72,3,5
16,0,1,Carbono/amonia,-0.06,1,3
16,0,2,Carbono/acido sulfurico,-0.02,1,7
16,0,3,Carbono/metano,0.78,2,2
16,0,4,Silicio/agua,1.68,3,6
16,0,5,Silicio/acido sulfurico,0.94,2,7
16,5,0,Carbono/agua,2.72,4,32
16,5,1,Carbono/amonia,0.94,2,22
16,5,2,Carbono/acido sulfurico,1.78,3,44
16,5,3,Carbono/metano,0.84,2,17
16,5,4,Silicio/agua,3.72,5,36
16,5,5,Silicio/acido sulfurico,1.84,3,47
16,10,0,Carbono/agua,2.76,4,64
16,10,1,Carbono/amonia,0.94,2,44
16,10,2,Carbono/acido sulfurico,1.8,3,84
16,10,3,Carbono/metano,1.76,3,31
16,10,4,Silicio/agua,3.72,5,69
16,10,5,Silicio/acido sulfurico,1.84,3,92
16,15,0,Carbono/agua,2.8,4,98
16,15,1,Carbono/amonia,1.76,3,69
16,15,2,Carbono/acido sulfurico,1.8,3,129
16,15,3,Carbono/metano,1.86,3,45
16,15,4,Silicio/agua,3.74,5,104
16,15,5,Silicio/acido sulfurico,1.84,3,142
16,20,0,Carbono/agua,2.8,4,135
16,20,1,Carbono/amonia,1.76,3,96
16,20,2,Carbono/acido sulfurico,1.84,3,177
16,20,3,Carbono/metano,1.86,3,60
16,20,4,Silicio/agua,3.74,5,143
16,20,5,Silicio/acido sulfurico,1.86,3,196
16,25,0,Carbono/agua,2.8,4,177
16,25,1,Carbono/amonia,1.88,3,124
16,25,2,Carbono/acido sulfurico,1.84,3,232
16,25,3,Carbono/metano,2.76,4,79
16,25,4,Silicio/agua,3.74,5,186
16,25,5,Silicio/acido sulfurico,1.88,3,254
16,30,0,Carbono/agua,2.82,4,225
16,30,1,Carbono/amonia,1.88,3,156
16,30,2,Carbono/acido sulfurico,2.82,4,291
16,30,3,Carbono/metano,2.76,4,100
16,30,4,Silicio/agua,3.74,5,234
16,30,5,Silicio/acido sulfurico,1.88,3,320
16,35,0,Carbono/agua,2.82,4,275
16,35,1,Carbono/amonia,1.88,3,191
16,35,2,Carbono/acido sulfurico,2.82,4,358
16,35,3,Carbono/metano,2.76,4,124
16,35,4,Silicio/agua,3.76,5,288
16,35,5,Silicio/acido sulfurico,3.7,5,392
16,40,0,Carbono/agua,3.7,5,332
16,40,1,Carbono/amonia,1.88,3,231
16,40,2,Carbono/acido sulfurico,2.82,4,431
16,40,3,Carbono/metano,2.8,4,149
16,40,4,Silicio/agua,3.76,5,347
16,40,5,Silicio/acido sulfurico,3.76,5,471
16,45,0,Carbono/agua,3.7,5,395
16,45,1,Carbono/amonia,1.88,3,274
16,45,2,Carbono/acido sulfurico,2.82,4,511
16,45,3,Carbono/metano,2.8,4,177
16,45,4,Silicio/agua,3.76,5,414
16,45,5,Silicio/acido sulfurico,3.76,5,559
16,50,0,Carbono/agua,3.74,5,465
16,50,1,Carbono/amonia,2.74,4,323
16,50,2,Carbono/acido sulfurico,2.82,4,600
16,50,3,Carbono/metano,2.8,4,207
16,50,4,Silicio/agua,3.76,5,485
16,50,5,Silicio/acido sulfurico,3.76,5,657
16,55,0,Carbono/agua,3.74,5,542
16,55,1,Carbono/amonia,2.74,4,375
16,55,2,Carbono/acido sulfurico,2.82,4,697
16,55,3,Carbono/metano,2.8,4,239
16,55,4,Silicio/agua,3.76,5,565
16,55,5,Silicio/acido sulfurico,3.76,5,765
16,60,0,Carbono/agua,3.74,5,626
16,60,1,Carbono/amonia,2.74,4,435
16,60,2,Carbono/acido sulfurico,2.82,4,806
16,60,3,Carbono/metano,2.8,4,277
16,60,4,Silicio/agua,3.76,5,652
16,60,5,Silicio/acido sulfurico,3.76,5,884
16,65,0,Carbono/agua,4.68,6,719
16,65,1,Carbono/amonia,2.76,4,498
16,65,2,Carbono/acido sulfurico,2.82,4,925
16,65,3,Carbono/metano,2.8,4,317
16,65,4,Silicio/agua,3.76,5,750
16,65,5,Silicio/acido sulfurico,3.76,5,1016
16,70,0,Carbono/agua,4.68,6,822
16,70,1,Carbono/amonia,2.82,4,569
16,70,2,Carbono/acido sulfurico,2.82,4,1055
16,70,3,Carbono/metano,2.8,4,364
16,70,4,Silicio/agua,3.76,5,857
16,70,5,Silicio/acido sulfurico,3.76,5,1160
16,75,0,Carbono/agua,4.68,6,936
16,75,1,Carbono/amonia,2.82,4,648
16,75,2,Carbono/acido sulfurico,3.76,5,1202
16,75,3,Carbono/metano,2.8,4,415
16,75,4,Silicio/agua,3.76,5,975
16,75,5,Silicio/acido sulfurico,3.76,5,1319
16,80,0,Carbono/agua,4.68,6,1060
16,80,1,Carbono/amonia,2.82,4,734
16,80,2,Carbono/acido sulfurico,3.76,5,1364
16,80,3,Carbono/metano,2.8,4,470
16,80,4,Silicio/agua,3.76,5,1107
16,80,5,Silicio/acido sulfurico,3.76,5,1493
16,85,0,Carbono/agua,4.68,6,1198
16,85,1,Carbono/amonia,2.82,4,830
16,85,2,Carbono/acido sulfurico,3.76,5,1541
16,85,3,Carbono/metano,3.7,5,531
16,85,4,Silicio/agua,3.76,5,1251
16,85,5,Silicio/acido sulfurico,3.76,5,1690
16,90,0,Carbono/agua,4.68,6,1352
16,90,1,Carbono/amonia,2.82,4,935
16,90,2,Carbono/acido sulfurico,4.68,6,1738
16,90,3,Carbono/metano,3.7,5,598
16,90,4,Silicio/agua,3.76,5,1410
16,90,5,Silicio/acido sulfurico,3.76,5,1904
16,95,0,Carbono/agua,4.7,6,1520
16,95,1,Carbono/amonia,3.72,5,1052
16,95,2,Carbono/acido sulfurico,4.7,6,1955
16,95,3,Carbono/metano,3.72,5,672
16,95,4,Silicio/agua,3.76,5,1587
16,95,5,Silicio/acido sulfurico,4.68,6,2141
16,100,0,Carbono/agua,4.7,6,1707
16,100,1,Carbono/amonia,3.74,5,1181
16,100,2,Carbono/acido sulfurico,4.7,6,2193
16,100,3,Carbono/metano,3.72,5,754
16,100,4,Silicio/agua,3.76,5,1781
16,100,5,Silicio/acido sulfurico,4.68,6,2402
16,105,0,Carbono/agua,4.7,6,1913
16,105,1,Carbono/amonia,3.74,5,1323
16,105,2,Carbono/acido sulfurico,4.7,6,2457
16,105,3,Carbono/metano,3.74,5,846
16,105,4,Silicio/agua,3.76,5,1995
16,105,5,Silicio/acido sulfurico,4.7,6,2691
16,110,0,Carbono/agua,4.7,6,2142
16,110,1,Carbono/amonia,3.74,5,1480
16,110,2,Carbono/acido sulfurico,4.7,6,2749
16,110,3,Carbono/metano,3.74,5,949
16,110,4,Silicio/agua,3.76,5,2232
16,110,5,Silicio/acido sulfurico,4.7,6,2912
16,115,0,Carbono/agua,4.7,6,2393
16,115,1,Carbono/amonia,3.74,5,1654
16,115,2,Carbono/acido sulfurico,4.7,6,3072
16,115,3,Carbono/metano,3.74,5,1063
16,115,4,Silicio/agua,3.76,5,2492
16,115,5,Silicio/acido sulfurico,4.7,6,3089
16,120,0,Carbono/agua,4.7,6,2671
16,120,1,Carbono/amonia,5.74,6,1847
16,120,2,Carbono/acido sulfurico,4.7,6,3428
16,120,3,Carbono/metano,6.7,7,1186
16,120,4,Silicio/agua,3.76,5,2781
16,120,5,Silicio/acido sulfurico,4.7,6,3283
16,125,0,Carbono/agua,4.7,6,2978
16,125,1,Carbono/amonia,6.7,7,2059
16,125,2,Carbono/acido sulfurico,4.7,6,3818
16,125,3,Carbono/metano,6.72,7,1321
16,125,4,Silicio/agua,3.76,5,3098
16,125,5,Silicio/acido sulfurico,4.7,6,3497
16,130,0,Carbono/agua,4.7,6,3317
16,130,1,Carbono/amonia,6.72,7,2293
16,130,2,Carbono/acido sulfurico,4.7,6,4250
16,130,3,Carbono/metano,6.72,7,1472
16,130,4,Silicio/agua,3.76,5,3449
16,130,5,Silicio/acido sulfurico,4.7,6,3734
16,135,0,Carbono/agua,4.7,6,3690
16,135,1,Carbono/amonia,6.72,7,2552
16,135,2,Carbono/acido sulfurico,4.7,6,4728
16,135,3,Carbono/metano,6.72,7,1637
16,135,4,Silicio/agua,3.76,5,3838
16,135,5,Silicio/acido sulfurico,4.7,6,3996
16,140,0,Carbono/agua,4.7,6,4103
16,140,1,Carbono/amonia,6.72,7,2836
16,140,2,Carbono/acido sulfurico,4.7,6,5255
16,140,3,Carbono/metano,6.72,7,1821
16,140,4,Silicio/agua,4.68,6,4266
16,140,5,Silicio/acido sulfurico,4.7,6,4285
16,145,0,Carbono/agua,4.7,6,4558
16,145,1,Carbono/amonia,6.72,7,3150
16,145,2,Carbono/acido sulfurico,4.7,6,5837
16,145,3,Carbono/metano,6.72,7,2024
16,145,4,Silicio/agua,4.7,6,4739
16,145,5,Silicio/acido sulfurico,4.7,6,4602
16,150,0,Carbono/agua,4.7,6,5060
16,150,1,Carbono/amonia,6.72,7,3497
16,150,2,Carbono/acido sulfurico,4.7,6,6479
16,150,3,Carbono/metano,6.72,7,2248
16,150,4,Silicio/agua,4.7,6,5262
16,150,5,Silicio/acido sulfurico,4.7,6,4955
16,155,0,Carbono/agua,4.7,6,5615
16,155,1,Carbono/amonia,6.72,7,3881
16,155,2,Carbono/acido sulfurico,4.7,6,7190
16,155,3,Carbono/metano,6.72,7,2493
16,155,4,Silicio/agua,4.7,6,5838
16,155,5,Silicio/acido sulfurico,6.7,8,5583
16,160,0,Carbono/agua,4.7,6,6229
16,160,1,Carbono/amonia,6.72,7,4305
16,160,2,Carbono/acido sulfurico,4.7,6,7973
16,160,3,Carbono/metano,6.72,7,2765
16,160,4,Silicio/agua,4.7,6,6473
16,160,5,Silicio/acido sulfurico,6.72,8,6444
16,165,0,Carbono/agua,4.7,6,6905
16,165,1,Carbono/amonia,6.72,7,4772
16,165,2,Carbono/acido sulfurico,4.7,6,8840
16,165,3,Carbono/metano,6.72,7,3065
16,165,4,Silicio/agua,4.7,6,7174
16,165,5,Silicio/acido sulfurico,6.72,8,7394
16,170,0,Carbono/agua,4.7,6,7654
16,170,1,Carbono/amonia,6.72,7,5290
16,170,2,Carbono/acido sulfurico,4.7,6,9797
16,170,3,Carbono/metano,6.72,7,3397
16,170,4,Silicio/agua,4.7,6,7949
16,170,5,Silicio/acido sulfurico,6.72,8,8443
16,175,0,Carbono/agua,4.7,6,8478
16,175,1,Carbono/amonia,6.72,7,5844
16,175,2,Carbono/acido sulfurico,4.7,6,10824
16,175,3,Carbono/metano,6.72,7,3753
16,175,4,Silicio/agua,4.7,6,8804
16,175,5,Silicio/acido sulfurico,6.72,8,9570
16,180,0,Carbono/agua,4.7,6,9388
16,180,1,Carbono/amonia,6.72,7,6399
16,180,2,Carbono/acido sulfurico,4.7,6,11854
16,180,3,Carbono/metano,6.72,7,4111
16,180,4,Silicio/agua,5.74,7,9748
16,180,5,Silicio/acido sulfurico,6.72,8,10698
16,185,0,Carbono/agua,4.7,6,10393
16,185,1,Carbono/amonia,6.72,7,6955
16,185,2,Carbono/acido sulfurico,4.7,6,12884
16,185,3,Carbono/metano,6.72,7,4467
16,185,4,Silicio/agua,6.72,8,10792
16,185,5,Silicio/acido sulfurico,6.72,8,11826
16,190,0,Carbono/agua,4.7,6,11502
16,190,1,Carbono/amonia,6.72,7,7510
16,190,2,Carbono/acido sulfurico,4.7,6,13914
16,190,3,Carbono/metano,6.72,7,4823
16,190,4,Silicio/agua,6.72,8,11943
16,190,5,Silicio/acido sulfurico,6.72,8,12954
16,195,0,Carbono/agua,4.7,6,12727
16,195,1,Carbono/amonia,6.72,7,8065
16,195,2,Carbono/acido sulfurico,4.7,6,14944
16,195,3,Carbono/metano,6.72,7,5181
16,195,4,Silicio/agua,6.72,8,13215
16,195,5,Silicio/acido sulfurico,6.72,8,14083
16,200,0,Carbono/agua,4.7,6,14080
16,200,1,Carbono/amonia,6.72,7,8621
16,200,2,Carbono/acido sulfurico,4.7,6,15974
16,200,3,Carbono/metano,6.72,7,5539
16,200,4,Silicio/agua,6.72,8,14619
16,200,5,Silicio/acido sulfurico,6.72,8,15211
16,205,0,Carbono/agua,4.7,6,15572
16,205,1,Carbono/amonia,6.72,7,9176
16,205,2,Carbono/acido sulfurico,4.7,6,17003
16,205,3,Carbono/metano,6.72,7,5897
16,205,4,Silicio/agua,6.72,8,16170
16,205,5,Silicio/acido sulfurico,6.72,8,16341
16,210,0,Carbono/agua,4.7,6,17222
16,210,1,Carbono/amonia,6.72,7,9732
16,210,2,Carbono/acido sulfurico,4.7,6,18033
16,210,3,Carbono/metano,6.72,7,6253
16,210,4,Silicio/agua,6.72,8,17883
16,210,5,Silicio/acido sulfurico,6.72,8,17471
16,215,0,Carbono/agua,6.72,8,19043
16,215,1,Carbono/amonia,6.72,7,10288
16,215,2,Carbono/acido sulfurico,4.7,6,19063
16,215,3,Carbono/metano,6.72,7,6609
16,215,4,Silicio/agua,6.72,8,19773
16,215,5,Silicio/acido sulfurico,6.72,8,18601
16,220,0,Carbono/agua,6.72,8,21053
16,220,1,Carbono/amonia,6.72,7,10844
16,220,2,Carbono/acido sulfurico,4.7,6,20092
16,220,3,Carbono/metano,6.72,7,6965
16,220,4,Silicio/agua,6.72,8,21860
16,220,5,Silicio/acido sulfurico,6.72,8,19730
16,225,0,Carbono/agua,6.72,8,23272
16,225,1,Carbono/amonia,6.72,7,11399
16,225,2,Carbono/acido sulfurico,4.7,6,21120
16,225,3,Carbono/metano,6.72,7,7321
16,225,4,Silicio/agua,6.72,8,24164
16,225,5,Silicio/acido sulfurico,6.72,8,20860
16,230,0,Carbono/agua,6.72,8,25723
16,230,1,Carbono/amonia,6.72,7,11954
16,230,2,Carbono/acido sulfurico,4.7,6,22148
16,230,3,Carbono/metano,6.72,7,7678
16,230,4,Silicio/agua,6.72,8,26707
16,230,5,Silicio/acido sulfurico,6.72,8,21988
16,235,0,Carbono/agua,6.72,8,28382
16,235,1,Carbono/amonia,6.72,7,12509
16,235,2,Carbono/acido sulfurico,4.7,6,23177
16,235,3,Carbono/metano,6.72,7,8035
16,235,4,Silicio/agua,6.72,8,29468
16,235,5,Silicio/acido sulfurico,6.72,8,23117
16,240,0,Carbono/agua,6.72,8,31063
16,240,1,Carbono/amonia,6.72,7,13064
16,240,2,Carbono/acido sulfurico,4.7,6,24207
16,240,3,Carbono/metano,6.72,7,8391
16,240,4,Silicio/agua,6.72,8,32252
16,240,5,Silicio/acido sulfurico,6.72,8,24247
16,245,0,Carbono/agua,6.72,8,33743
16,245,1,Carbono/amonia,6.72,7,13619
16,245,2,Carbono/acido sulfurico,4.7,6,25236
16,245,3,Carbono/metano,6.72,7,8748
16,245,4,Silicio/agua,6.72,8,35036
16,245,5,Silicio/acido sulfurico,6.72,8,25375
16,250,0,Carbono/agua,6.72,8,36423
16,250,1,Carbono/amonia,6.72,7,14175
16,250,2,Carbono/acido sulfurico,4.7,6,26266
16,250,3,Carbono/metano,6.72,7,9106
16,250,4,Silicio/agua,6.72,8,37819
16,250,5,Silicio/acido sulfurico,6.72,8,26505
16,255,0,Carbono/agua,6.72,8,39104
16,255,1,Carbono/amonia,6.72,7,14731
16,255,2,Carbono/acido sulfurico,4.7,6,27296
16,255,3,Carbono/metano,6.72,7,9464
16,255,4,Silicio/agua,6.72,8,40602
16,255,5,Silicio/acido sulfurico,6.72,8,27635
16,260,0,Carbono/agua,6.72,8,41785
16,260,1,Carbono/amonia,6.72,7,15288
16,260,2,Carbono/acido sulfurico,4.7,6,28326
16,260,3,Carbono/metano,6.72,7,9820
16,260,4,Silicio/agua,6.72,8,43385
16,260,5,Silicio/acido sulfurico,6.72,8,28764
16,265,0,Carbono/agua,6.72,8,44465
16,265,1,Carbono/amonia,6.72,7,15845
16,265,2,Carbono/acido sulfurico,4.7,6,29356
16,265,3,Carbono/metano,6.72,7,10177
16,265,4,Silicio/agua,6.72,8,46168
16,265,5,Silicio/acido sulfurico,6.72,8,29894
16,270,0,Carbono/agua,6.72,8,47147
16,270,1,Carbono/amonia,6.72,7,16401
16,270,2,Carbono/acido sulfurico,4.7,6,30385
16,270,3,Carbono/metano,6.72,7,10533
16,270,4,Silicio/agua,6.72,8,48952
16,270,5,Silicio/acido sulfurico,6.72,8,31021
16,275,0,Carbono/agua,6.72,8,49559
16,275,1,Carbono/amonia,6.72,7,16956
16,275,2,Carbono/acido sulfurico,4.7,6,31415
16,275,3,Carbono/metano,6.72,7,10889
16,275,4,Silicio/agua,6.72,8,51734
16,275,5,Silicio/acido sulfurico,6.72,8,32150
16,280,0,Carbono/agua,6.72,8,50901
16,280,1,Carbono/amonia,6.72,7,17512
16,280,2,Carbono/acido sulfurico,4.7,6,32445
16,280,3,Carbono/metano,6.72,7,11246
16,280,4,Silicio/agua,6.72,8,54518
16,280,5,Silicio/acido sulfurico,6.72,8,33278
16,285,0,Carbono/agua,6.72,8,52241
16,285,1,Carbono/amonia,6.72,7,18068
16,285,2,Carbono/acido sulfurico,4.7,6,33475
16,285,3,Carbono/metano,6.72,7,11602
16,285,4,Silicio/agua,6.72,8,57302
16,285,5,Silicio/acido sulfurico,6.72,8,34406
16,290,0,Carbono/agua,6.72,8,53582
16,290,1,Carbono/amonia,6.72,7,18624
16,290,2,Carbono/acido sulfurico,4.7,6,34505
16,290,3,Carbono/metano,6.72,7,11959
16,290,4,Silicio/agua,6.72,8,60084
16,290,5,Silicio/acido sulfurico,6.72,8,35536
16,295,0,Carbono/agua,6.72,8,54922
16,295,1,Carbono/amonia,6.72,7,19181
16,295,2,Carbono/acido sulfurico,4.7,6,35535
16,295,3,Carbono/metano,6.72,7,12316
16,295,4,Silicio/agua,6.72,8,62865
16,295,5,Silicio/acido sulfurico,6.72,8,36663
16,300,0,Carbono/agua,6.72,8,56798
16,300,1,Carbono/amonia,6.72,7,19736
16,300,2,Carbono/acido sulfurico,4.7,6,36565
16,300,3,Carbono/metano,6.72,7,12674
16,300,4,Silicio/agua,6.72,8,65646
16,300,5,Silicio/acido sulfurico,6.72,8,37791
17,0,0,Carbono/agua,0.9,2,6
17,0,1,Carbono/amonia,0.72,2,4
17,0,2,Carbono/acido sulfurico,1.72,3,7
17,0,3,Carbono/metano,1.74,2,2
17,0,4,Silicio/agua,0.76,2,5
17,0,5,Silicio/acido sulfurico,0.86,2,8
17,5,0,Carbono/agua,1.86,3,35
17,5,1,Carbono/amonia,1.78,3,25
17,5,2,Carbono/acido sulfurico,1.74,3,45
17,5,3,Carbono/metano,1.74,3,15
17,5,4,Silicio/agua,1.78,3,34
17,5,5,Silicio/acido sulfurico,1.84,3,48
17,10,0,Carbono/agua,1.86,3,66
17,10,1,Carbono/amonia,1.88,3,45
17,10,2,Carbono/acido sulfurico,2.72,4,86
17,10,3,Carbono/metano,1.86,3,29
17,10,4,Silicio/agua,1.82,3,68
17,10,5,Silicio/acido sulfurico,1.84,3,92
17,15,0,Carbono/agua,1.86,3,102
17,15,1,Carbono/amonia,1.88,3,70
17,15,2,Carbono/acido sulfurico,2.78,4,132
17,15,3,Carbono/metano,1.86,3,45
17,15,4,Silicio/agua,1.82,3,104
17,15,5,Silicio/acido sulfurico,1.84,3,141
17,20,0,Carbono/agua,1.86,3,141
17,20,1,Carbono/amonia,1.88,3,96
17,20,2,Carbono/acido sulfurico,2.82,4,182
17,20,3,Carbono/metano,1.86,3,63
17,20,4,Silicio/agua,2.8,4,144
17,20,5,Silicio/acido sulfurico,2.78,4,195
17,25,0,Carbono/agua,1.88,3,182
17,25,1,Carbono/amonia,1.88,3,124
17,25,2,Carbono/acido sulfurico,2.82,4,235
17,25,3,Carbono/metano,1.88,3,83
17,25,4,Silicio/agua,2.8,4,188
17,25,5,Silicio/acido sulfurico,2.78,4,254
17,30,0,Carbono/agua,1.88,3,229
17,30,1,Carbono/amonia,1.88,3,156
17,30,2,Carbono/acido sulfurico,2.82,4,295
17,30,3,Carbono/metano,1.88,3,105
17,30,4,Silicio/agua,2.8,4,237
17,30,5,Silicio/acido sulfurico,2.82,4,318
17,35,0,Carbono/agua,2.82,4,280
17,35,1,Carbono/amonia,1.88,3,192
17,35,2,Carbono/acido sulfurico,2.82,4,361
17,35,3,Carbono/metano,1.88,3,128
17,35,4,Silicio/agua,2.8,4,292
17,35,5,Silicio/acido sulfurico,2.82,4,390
17,40,0,Carbono/agua,2.82,4,336
17,40,1,Carbono/amonia,1.88,3,230
17,40,2,Carbono/acido sulfurico,2.82,4,434
17,40,3,Carbono/metano,2.78,4,155
17,40,4,Silicio/agua,2.8,4,350
17,40,5,Silicio/acido sulfurico,2.82,4,471
17,45,0,Carbono/agua,2.82,4,398
17,45,1,Carbono/amonia,1.88,3,274
17,45,2,Carbono/acido sulfurico,2.82,4,515
17,45,3,Carbono/metano,2.78,4,184
17,45,4,Silicio/agua,2.82,4,416
17,45,5,Silicio/acido sulfurico,2.82,4,559
17,50,0,Carbono/agua,2.82,4,466
17,50,1,Carbono/amonia,2.76,4,322
17,50,2,Carbono/acido sulfurico,2.82,4,604
17,50,3,Carbono/metano,2.78,4,214
17,50,4,Silicio/agua,2.82,4,488
17,50,5,Silicio/acido sulfurico,6.7,6,655
17,55,0,Carbono/agua,2.82,4,543
17,55,1,Carbono/amonia,2.76,4,375
17,55,2,Carbono/acido sulfurico,2.82,4,704
17,55,3,Carbono/metano,2.78,4,248
17,55,4,Silicio/agua,2.82,4,567
17,55,5,Silicio/acido sulfurico,6.7,6,762
17,60,0,Carbono/agua,2.82,4,628
17,60,1,Carbono/amonia,2.82,4,433
17,60,2,Carbono/acido sulfurico,2.82,4,813
17,60,3,Carbono/metano,2.78,4,285
17,60,4,Silicio/agua,2.82,4,654
17,60,5,Silicio/acido sulfurico,6.7,7,883
17,65,0,Carbono/agua,3.76,5,722
17,65,1,Carbono/amonia,2.82,4,497
17,65,2,Carbono/acido sulfurico,2.82,4,934
17,65,3,Carbono/metano,2.78,4,326
17,65,4,Silicio/agua,2.82,4,750
17,65,5,Silicio/acido sulfurico,6.7,7,1015
17,70,0,Carbono/agua,3.76,5,823
17,70,1,Carbono/amonia,2.82,4,568
17,70,2,Carbono/acido sulfurico,2.82,4,1066
17,70,3,Carbono/metano,2.82,4,372
17,70,4,Silicio/agua,2.82,4,857
17,70,5,Silicio/acido sulfurico,6.7,7,1160
17,75,0,Carbono/agua,3.76,5,935
17,75,1,Carbono/amonia,3.72,5,645
17,75,2,Carbono/acido sulfurico,2.82,4,1211
17,75,3,Carbono/metano,2.82,4,423
17,75,4,Silicio/agua,2.82,4,977
17,75,5,Silicio/acido sulfurico,6.7,7,1321
17,80,0,Carbono/agua,3.76,5,1059
17,80,1,Carbono/amonia,3.72,5,731
17,80,2,Carbono/acido sulfurico,3.76,5,1372
17,80,3,Carbono/metano,2.82,4,479
17,80,4,Silicio/agua,2.82,4,1108
17,80,5,Silicio/acido sulfurico,6.7,7,1498
17,85,0,Carbono/agua,3.76,5,1198
17,85,1,Carbono/amonia,3.72,5,827
17,85,2,Carbono/acido sulfurico,3.76,5,1551
17,85,3,Carbono/metano,2.82,4,540
17,85,4,Silicio/agua,3.76,5,1252
17,85,5,Silicio/acido sulfurico,6.7,7,1692
17,90,0,Carbono/agua,3.76,5,1351
17,90,1,Carbono/amonia,3.74,5,933
17,90,2,Carbono/acido sulfurico,3.76,5,1748
17,90,3,Carbono/metano,3.72,5,608
17,90,4,Silicio/agua,3.76,5,1411
17,90,5,Silicio/acido sulfurico,6.7,7,1907
17,95,0,Carbono/agua,3.76,5,1520
17,95,1,Carbono/amonia,3.76,5,1052
17,95,2,Carbono/acido sulfurico,4.7,6,1964
17,95,3,Carbono/metano,3.76,5,684
17,95,4,Silicio/agua,4.7,6,1587
17,95,5,Silicio/acido sulfurico,6.7,7,2143
17,100,0,Carbono/agua,3.76,5,1707
17,100,1,Carbono/amonia,4.7,6,1181
17,100,2,Carbono/acido sulfurico,4.7,6,2204
17,100,3,Carbono/metano,3.76,5,767
17,100,4,Silicio/agua,4.7,6,1780
17,100,5,Silicio/acido sulfurico,6.7,7,2407
17,105,0,Carbono/agua,3.76,5,1913
17,105,1,Carbono/amonia,4.7,6,1324
17,105,2,Carbono/acido sulfurico,4.7,6,2468
17,105,3,Carbono/metano,4.7,6,860
17,105,4,Silicio/agua,4.7,6,1995
17,105,5,Silicio/acido sulfurico,6.7,7,2695
17,110,0,Carbono/agua,3.76,5,2141
17,110,1,Carbono/amonia,4.7,6,1479
17,110,2,Carbono/acido sulfurico,4.7,6,2758
17,110,3,Carbono/metano,4.7,6,962
17,110,4,Silicio/agua,4.7,6,2231
17,110,5,Silicio/acido sulfurico,6.72,7,3014
17,115,0,Carbono/agua,3.76,5,2392
17,115,1,Carbono/amonia,4.7,5,1636
17,115,2,Carbono/acido sulfurico,4.7,6,3080
17,115,3,Carbono/metano,4.7,6,1075
17,115,4,Silicio/agua,4.7,6,2492
17,115,5,Silicio/acido sulfurico,6.72,7,3367
17,120,0,Carbono/agua,3.76,5,2672
17,120,1,Carbono/amonia,4.7,6,1731
17,120,2,Carbono/acido sulfurico,4.7,6,3435
17,120,3,Carbono/metano,4.7,6,1199
17,120,4,Silicio/agua,4.7,6,2779
17,120,5,Silicio/acido sulfurico,6.72,7,3756
17,125,0,Carbono/agua,3.76,5,2980
17,125,1,Carbono/amonia,4.7,6,1836
17,125,2,Carbono/acido sulfurico,4.7,6,3826
17,125,3,Carbono/metano,4.7,4,1336
17,125,4,Silicio/agua,4.7,6,3096
17,125,5,Silicio/acido sulfurico,6.72,7,4187
17,130,0,Carbono/agua,3.76,5,3319
17,130,1,Carbono/amonia,4.7,6,1953
17,130,2,Carbono/acido sulfurico,4.7,6,4259
17,130,3,Carbono/metano,4.7,6,1410
17,130,4,Silicio/agua,4.7,6,3447
17,130,5,Silicio/acido sulfurico,6.72,7,4662
17,135,0,Carbono/agua,4.7,6,3691
17,135,1,Carbono/amonia,4.7,6,2083
17,135,2,Carbono/acido sulfurico,4.7,6,4736
17,135,3,Carbono/metano,4.7,6,1494
17,135,4,Silicio/agua,4.7,6,3834
17,135,5,Silicio/acido sulfurico,6.72,7,5186
17,140,0,Carbono/agua,4.7,6,4103
17,140,1,Carbono/amonia,4.7,6,2225
17,140,2,Carbono/acido sulfurico,4.7,6,5264
17,140,3,Carbono/metano,4.7,6,1586
17,140,4,Silicio/agua,4.7,6,4262
17,140,5,Silicio/acido sulfurico,6.72,7,5766
17,145,0,Carbono/agua,4.7,6,4557
17,145,1,Carbono/amonia,4.7,6,2382
17,145,2,Carbono/acido sulfurico,4.7,6,5847
17,145,3,Carbono/metano,4.7,6,1687
17,145,4,Silicio/agua,4.7,6,4737
17,145,5,Silicio/acido sulfurico,6.72,7,6405
17,150,0,Carbono/agua,4.7,6,5061
17,150,1,Carbono/amonia,4.7,6,2557
17,150,2,Carbono/acido sulfurico,4.7,6,6492
17,150,3,Carbono/metano,4.7,6,1822
17,150,4,Silicio/agua,4.7,6,5257
17,150,5,Silicio/acido sulfurico,6.72,7,7111
17,155,0,Carbono/agua,4.7,6,5615
17,155,1,Carbono/amonia,4.7,6,2749
17,155,2,Carbono/acido sulfurico,4.7,6,7202
17,155,3,Carbono/metano,4.7,6,2070
17,155,4,Silicio/agua,4.7,6,5834
17,155,5,Silicio/acido sulfurico,6.72,7,7891
17,160,0,Carbono/agua,4.7,6,6228
17,160,1,Carbono/amonia,4.7,6,3092
17,160,2,Carbono/acido sulfurico,4.7,6,7988
17,160,3,Carbono/metano,4.7,6,2341
17,160,4,Silicio/agua,4.7,6,6470
17,160,5,Silicio/acido sulfurico,6.72,7,8750
17,165,0,Carbono/agua,4.7,6,6905
17,165,1,Carbono/amonia,4.7,6,3559
17,165,2,Carbono/acido sulfurico,4.7,6,8854
17,165,3,Carbono/metano,4.7,6,2640
17,165,4,Silicio/agua,4.7,6,7171
17,165,5,Silicio/acido sulfurico,6.72,7,9700
17,170,0,Carbono/agua,4.7,6,7650
17,170,1,Carbono/amonia,4.7,6,4075
17,170,2,Carbono/acido sulfurico,4.7,6,9810
17,170,3,Carbono/metano,4.7,6,2972
17,170,4,Silicio/agua,4.7,6,7947
17,170,5,Silicio/acido sulfurico,6.72,7,10749
17,175,0,Carbono/agua,6.68,8,8476
17,175,1,Carbono/amonia,4.7,6,4628
17,175,2,Carbono/acido sulfurico,4.7,6,10836
17,175,3,Carbono/metano,4.7,6,3327
17,175,4,Silicio/agua,4.7,6,8802
17,175,5,Silicio/acido sulfurico,6.72,7,11874
17,180,0,Carbono/agua,6.72,8,9386
17,180,1,Carbono/amonia,4.7,6,5183
17,180,2,Carbono/acido sulfurico,4.7,6,11866
17,180,3,Carbono/metano,4.7,6,3683
17,180,4,Silicio/agua,4.7,6,9748
17,180,5,Silicio/acido sulfurico,6.72,7,13003
17,185,0,Carbono/agua,6.72,8,10391
17,185,1,Carbono/amonia,4.7,6,5739
17,185,2,Carbono/acido sulfurico,4.7,6,12896
17,185,3,Carbono/metano,4.7,6,4040
17,185,4,Silicio/agua,4.7,6,10792
17,185,5,Silicio/acido sulfurico,6.72,7,14132
17,190,0,Carbono/agua,6.72,8,11499
17,190,1,Carbono/amonia,4.7,6,6295
17,190,2,Carbono/acido sulfurico,4.7,6,13926
17,190,3,Carbono/metano,4.7,6,4395
17,190,4,Silicio/agua,4.7,6,11945
17,190,5,Silicio/acido sulfurico,6.72,7,15149
17,195,0,Carbono/agua,6.72,8,12724
17,195,1,Carbono/amonia,4.7,6,6850
17,195,2,Carbono/acido sulfurico,4.7,6,14954
17,195,3,Carbono/metano,4.7,6,4750
17,195,4,Silicio/agua,4.7,6,13218
17,195,5,Silicio/acido sulfurico,6.72,7,15713
17,200,0,Carbono/agua,6.72,8,14078
17,200,1,Carbono/amonia,4.7,6,7406
17,200,2,Carbono/acido sulfurico,4.7,6,15880
17,200,3,Carbono/metano,4.7,6,5106
17,200,4,Silicio/agua,4.7,6,14623
17,200,5,Silicio/acido sulfurico,6.72,8,16278
17,205,0,Carbono/agua,6.72,8,15573
17,205,1,Carbono/amonia,6.68,8,7961
17,205,2,Carbono/acido sulfurico,4.7,6,16395
17,205,3,Carbono/metano,4.7,6,5464
17,205,4,Silicio/agua,4.7,6,16173
17,205,5,Silicio/acido sulfurico,6.72,8,16843
17,210,0,Carbono/agua,6.72,8,17222
17,210,1,Carbono/amonia,6.7,8,8518
17,210,2,Carbono/acido sulfurico,4.7,6,16910
17,210,3,Carbono/metano,4.7,6,5822
17,210,4,Silicio/agua,4.7,6,17885
17,210,5,Silicio/acido sulfurico,6.72,8,17407
17,215,0,Carbono/agua,6.72,8,19043
17,215,1,Carbono/amonia,6.7,8,9074
17,215,2,Carbono/acido sulfurico,4.7,6,17423
17,215,3,Carbono/metano,4.7,6,6180
17,215,4,Silicio/agua,4.7,6,19776
17,215,5,Silicio/acido sulfurico,6.72,8,18197
17,220,0,Carbono/agua,6.72,8,21054
17,220,1,Carbono/amonia,6.72,8,9631
17,220,2,Carbono/acido sulfurico,4.7,6,17938
17,220,3,Carbono/metano,4.7,6,6539
17,220,4,Silicio/agua,4.7,6,21862
17,220,5,Silicio/acido sulfurico,6.72,8,19327
17,225,0,Carbono/agua,6.72,8,23272
17,225,1,Carbono/amonia,6.72,8,10187
17,225,2,Carbono/acido sulfurico,4.7,6,18659
17,225,3,Carbono/metano,4.7,6,6896
17,225,4,Silicio/agua,4.7,6,24168
17,225,5,Silicio/acido sulfurico,6.72,8,20454
17,230,0,Carbono/agua,6.72,8,25723
17,230,1,Carbono/amonia,6.72,8,10742
17,230,2,Carbono/acido sulfurico,4.7,6,19689
17,230,3,Carbono/metano,4.7,6,7251
17,230,4,Silicio/agua,4.7,6,26712
17,230,5,Silicio/acido sulfurico,6.72,8,21583
17,235,0,Carbono/agua,6.72,8,28382
17,235,1,Carbono/amonia,6.72,8,11297
17,235,2,Carbono/acido sulfurico,4.7,6,20718
17,235,3,Carbono/metano,4.7,6,7609
17,235,4,Silicio/agua,4.7,6,29473
17,235,5,Silicio/acido sulfurico,6.72,8,22711
17,240,0,Carbono/agua,6.72,8,31063
17,240,1,Carbono/amonia,6.72,8,11852
17,240,2,Carbono/acido sulfurico,4.7,6,21748
17,240,3,Carbono/metano,4.7,6,7967
17,240,4,Silicio/agua,4.7,6,32257
17,240,5,Silicio/acido sulfurico,6.72,8,23841
17,245,0,Carbono/agua,6.72,8,33743
17,245,1,Carbono/amonia,6.72,8,12408
17,245,2,Carbono/acido sulfurico,4.7,6,22777
17,245,3,Carbono/metano,4.7,6,8323
17,245,4,Silicio/agua,4.7,6,35041
17,245,5,Silicio/acido sulfurico,6.72,8,24970
17,250,0,Carbono/agua,6.72,8,36423
17,250,1,Carbono/amonia,6.72,8,12964
17,250,2,Carbono/acido sulfurico,4.7,6,23807
17,250,3,Carbono/metano,4.7,6,8681
17,250,4,Silicio/agua,4.7,6,37824
17,250,5,Silicio/acido sulfurico,6.72,8,26100
17,255,0,Carbono/agua,6.72,8,39104
17,255,1,Carbono/amonia,6.72,8,13520
17,255,2,Carbono/acido sulfurico,4.7,6,24837
17,255,3,Carbono/metano,4.7,6,9038
17,255,4,Silicio/agua,4.7,6,40609
17,255,5,Silicio/acido sulfurico,6.72,8,27230
17,260,0,Carbono/agua,6.72,8,41784
17,260,1,Carbono/amonia,6.72,8,14075
17,260,2,Carbono/acido sulfurico,4.7,6,25866
17,260,3,Carbono/metano,4.7,6,9393
17,260,4,Silicio/agua,4.7,6,43392
17,260,5,Silicio/acido sulfurico,6.72,8,28357
17,265,0,Carbono/agua,6.72,8,44464
17,265,1,Carbono/amonia,6.72,8,14630
17,265,2,Carbono/acido sulfurico,4.7,6,26793
17,265,3,Carbono/metano,4.7,6,9750
17,265,4,Silicio/agua,4.7,6,46173
17,265,5,Silicio/acido sulfurico,6.72,8,29485
17,270,0,Carbono/agua,6.72,8,47145
17,270,1,Carbono/amonia,6.72,8,15186
17,270,2,Carbono/acido sulfurico,4.7,6,27308
17,270,3,Carbono/metano,4.7,6,10105
17,270,4,Silicio/agua,4.7,6,48956
17,270,5,Silicio/acido sulfurico,6.72,8,30613
17,275,0,Carbono/agua,6.72,8,49827
17,275,1,Carbono/amonia,6.72,8,15741
17,275,2,Carbono/acido sulfurico,4.7,6,27822
17,275,3,Carbono/metano,4.7,6,10461
17,275,4,Silicio/agua,4.7,6,51741
17,275,5,Silicio/acido sulfurico,6.72,8,31742
17,280,0,Carbono/agua,6.72,8,52507
17,280,1,Carbono/amonia,6.72,8,16297
17,280,2,Carbono/acido sulfurico,4.7,6,28337
17,280,3,Carbono/metano,4.7,6,10817
17,280,4,Silicio/agua,4.7,6,54523
17,280,5,Silicio/acido sulfurico,6.72,8,32871
17,285,0,Carbono/agua,6.72,6,54651
17,285,1,Carbono/amonia,6.72,8,16852
17,285,2,Carbono/acido sulfurico,4.7,6,28851
17,285,3,Carbono/metano,4.7,6,11172
17,285,4,Silicio/agua,4.7,6,57306
17,285,5,Silicio/acido sulfurico,6.72,8,34001
17,290,0,Carbono/agua,6.72,6,55991
17,290,1,Carbono/amonia,6.72,8,17408
17,290,2,Carbono/acido sulfurico,4.7,6,29572
17,290,3,Carbono/metano,4.7,6,11530
17,290,4,Silicio/agua,6.72,8,60090
17,290,5,Silicio/acido sulfurico,6.72,8,35131
17,295,0,Carbono/agua,6.72,6,57331
17,295,1,Carbono/amonia,6.72,8,17964
17,295,2,Carbono/acido sulfurico,4.7,6,30602
17,295,3,Carbono/metano,4.7,6,11886
17,295,4,Silicio/agua,6.72,8,62873
17,295,5,Silicio/acido sulfurico,6.72,8,36260
17,300,0,Carbono/agua,6.72,6,58672
17,300,1,Carbono/amonia,6.72,8,18520
17,300,2,Carbono/acido sulfurico,4.7,6,31631
17,300,3,Carbono/metano,4.7,6,12243
17,300,4,Silicio/agua,6.72,8,65655
17,300,5,Silicio/acido sulfurico,6.72,8,37389
18,0,0,Carbono/agua,-0.02,1,5
18,0,1,Carbono/amonia,0.9,2,4
18,0,2,Carbono/acido sulfurico,0.72,2,7
18,0,3,Carbono/metano,-0.02,1,2
18,0,4,Silicio/agua,0.68,2,6
18,0,5,Silicio/acido sulfurico,0.74,2,8
18,5,0,Carbono/agua,1.78,3,33
18,5,1,Carbono/amonia,0.92,2,25
18,5,2,Carbono/acido sulfurico,1.7,3,43
18,5,3,Carbono/metano,1.76,3,15
18,5,4,Silicio/agua,1.8,3,36
18,5,5,Silicio/acido sulfurico,1.82,3,47
18,10,0,Carbono/agua,1.78,3,65
18,10,1,Carbono/amonia,0.94,2,45
18,10,2,Carbono/acido sulfurico,1.84,3,81
18,10,3,Carbono/metano,1.76,3,28
18,10,4,Silicio/agua,1.8,3,67
18,10,5,Silicio/acido sulfurico,1.84,3,91
18,15,0,Carbono/agua,1.82,3,100
18,15,1,Carbono/amonia,1.76,3,70
18,15,2,Carbono/acido sulfurico,1.86,3,126
18,15,3,Carbono/metano,1.78,3,44
18,15,4,Silicio/agua,1.8,3,102
18,15,5,Silicio/acido sulfurico,1.84,3,140
18,20,0,Carbono/agua,2.72,4,139
18,20,1,Carbono/amonia,1.78,3,96
18,20,2,Carbono/acido sulfurico,1.86,3,175
18,20,3,Carbono/metano,1.78,3,60
18,20,4,Silicio/agua,1.8,3,143
18,20,5,Silicio/acido sulfurico,1.88,3,193
18,25,0,Carbono/agua,2.78,4,181
18,25,1,Carbono/amonia,1.78,3,126
18,25,2,Carbono/acido sulfurico,2.82,4,231
18,25,3,Carbono/metano,1.84,3,79
18,25,4,Silicio/agua,1.84,3,188
18,25,5,Silicio/acido sulfurico,2.78,4,254
18,30,0,Carbono/agua,2.8,4,228
18,30,1,Carbono/amonia,1.78,3,156
18,30,2,Carbono/acido sulfurico,2.82,4,293
18,30,3,Carbono/metano,1.84,3,100
18,30,4,Silicio/agua,2.8,4,237
18,30,5,Silicio/acido sulfurico,2.82,4,322
18,35,0,Carbono/agua,2.8,4,280
18,35,1,Carbono/amonia,1.78,3,192
18,35,2,Carbono/acido sulfurico,2.82,4,359
18,35,3,Carbono/metano,1.86,3,123
18,35,4,Silicio/agua,2.8,4,290
18,35,5,Silicio/acido sulfurico,2.82,4,392
18,40,0,Carbono/agua,3.7,5,337
18,40,1,Carbono/amonia,1.78,3,231
18,40,2,Carbono/acido sulfurico,2.82,4,431
18,40,3,Carbono/metano,1.86,3,148
18,40,4,Silicio/agua,2.8,4,350
18,40,5,Silicio/acido sulfurico,2.82,4,473
18,45,0,Carbono/agua,3.7,5,400
18,45,1,Carbono/amonia,1.8,3,275
18,45,2,Carbono/acido sulfurico,2.82,4,511
18,45,3,Carbono/metano,1.86,3,175
18,45,4,Silicio/agua,2.82,4,416
18,45,5,Silicio/acido sulfurico,2.82,4,562
18,50,0,Carbono/agua,3.72,5,469
18,50,1,Carbono/amonia,1.82,3,324
18,50,2,Carbono/acido sulfurico,2.82,4,601
18,50,3,Carbono/metano,2.72,4,206
18,50,4,Silicio/agua,3.68,5,488
18,50,5,Silicio/acido sulfurico,2.82,4,660
18,55,0,Carbono/agua,3.72,5,546
18,55,1,Carbono/amonia,1.82,3,376
18,55,2,Carbono/acido sulfurico,2.82,4,698
18,55,3,Carbono/metano,2.74,4,239
18,55,4,Silicio/agua,3.68,5,569
18,55,5,Silicio/acido sulfurico,3.74,5,768
18,60,0,Carbono/agua,3.72,5,629
18,60,1,Carbono/amonia,2.76,4,434
18,60,2,Carbono/acido sulfurico,2.82,4,807
18,60,3,Carbono/metano,2.82,4,278
18,60,4,Silicio/agua,3.7,5,656
18,60,5,Silicio/acido sulfurico,3.76,5,887
18,65,0,Carbono/agua,3.74,5,723
18,65,1,Carbono/amonia,2.76,4,499
18,65,2,Carbono/acido sulfurico,2.82,4,926
18,65,3,Carbono/metano,2.82,4,318
18,65,4,Silicio/agua,3.7,5,755
18,65,5,Silicio/acido sulfurico,5.68,6,1017
18,70,0,Carbono/agua,3.74,5,828
18,70,1,Carbono/amonia,2.8,4,570
18,70,2,Carbono/acido sulfurico,2.82,4,1058
18,70,3,Carbono/metano,3.74,5,364
18,70,4,Silicio/agua,3.7,5,862
18,70,5,Silicio/acido sulfurico,5.7,7,1163
18,75,0,Carbono/agua,4.68,6,942
18,75,1,Carbono/amonia,2.8,4,647
18,75,2,Carbono/acido sulfurico,2.82,4,1202
18,75,3,Carbono/metano,3.74,5,414
18,75,4,Silicio/agua,3.72,5,980
18,75,5,Silicio/acido sulfurico,5.7,7,1323
18,80,0,Carbono/agua,4.68,6,1066
18,80,1,Carbono/amonia,2.8,4,734
18,80,2,Carbono/acido sulfurico,2.82,4,1363
18,80,3,Carbono/metano,3.76,5,471
18,80,4,Silicio/agua,3.74,5,1111
18,80,5,Silicio/acido sulfurico,5.72,7,1501
18,85,0,Carbono/agua,4.68,6,1175
18,85,1,Carbono/amonia,3.74,5,830
18,85,2,Carbono/acido sulfurico,2.82,4,1503
18,85,3,Carbono/metano,3.76,5,532
18,85,4,Silicio/agua,3.74,5,1255
18,85,5,Silicio/acido sulfurico,6.68,8,1696
18,90,0,Carbono/agua,4.68,6,1251
18,90,1,Carbono/amonia,3.74,5,936
18,90,2,Carbono/acido sulfurico,3.74,5,1601
18,90,3,Carbono/metano,3.76,5,599
18,90,4,Silicio/agua,3.74,5,1416
18,90,5,Silicio/acido sulfurico,6.7,8,1912
18,95,0,Carbono/agua,4.68,6,1336
18,95,1,Carbono/amonia,3.76,5,1052
18,95,2,Carbono/acido sulfurico,3.74,5,1709
18,95,3,Carbono/metano,3.76,5,675
18,95,4,Silicio/agua,3.74,5,1591
18,95,5,Silicio/acido sulfurico,6.7,8,2150
18,100,0,Carbono/agua,4.68,6,1429
18,100,1,Carbono/amonia,3.76,5,1181
18,100,2,Carbono/acido sulfurico,3.74,5,1829
18,100,3,Carbono/metano,3.76,5,758
18,100,4,Silicio/agua,3.76,5,1785
18,100,5,Silicio/acido sulfurico,6.7,8,2411
18,105,0,Carbono/agua,4.7,6,1531
18,105,1,Carbono/amonia,3.76,5,1324
18,105,2,Carbono/acido sulfurico,3.76,5,1963
18,105,3,Carbono/metano,3.76,5,851
18,105,4,Silicio/agua,3.76,5,1999
18,105,5,Silicio/acido sulfurico,6.7,8,2700
18,110,0,Carbono/agua,4.7,6,1714
18,110,1,Carbono/amonia,3.76,5,1482
18,110,2,Carbono/acido sulfurico,3.76,5,2199
18,110,3,Carbono/metano,3.76,5,951
18,110,4,Silicio/agua,4.7,6,2236
18,110,5,Silicio/acido sulfurico,6.7,8,3021
18,115,0,Carbono/agua,4.7,6,1964
18,115,1,Carbono/amonia,3.76,5,1656
18,115,2,Carbono/acido sulfurico,3.76,5,2522
18,115,3,Carbono/metano,3.76,5,1062
18,115,4,Silicio/agua,4.7,6,2496
18,115,5,Silicio/acido sulfurico,6.7,8,3375
18,120,0,Carbono/agua,4.7,6,2240
18,120,1,Carbono/amonia,5.76,7,1849
18,120,2,Carbono/acido sulfurico,3.76,5,2879
18,120,3,Carbono/metano,3.76,5,1184
18,120,4,Silicio/agua,4.7,6,2783
18,120,5,Silicio/acido sulfurico,6.72,8,3763
18,125,0,Carbono/agua,4.7,6,2545
18,125,1,Carbono/amonia,6.7,8,2061
18,125,2,Carbono/acido sulfurico,3.76,5,3271
18,125,3,Carbono/metano,3.76,5,1320
18,125,4,Silicio/agua,4.7,6,3101
18,125,5,Silicio/acido sulfurico,6.72,8,4192
18,130,0,Carbono/agua,4.7,6,2884
18,130,1,Carbono/amonia,6.72,8,2294
18,130,2,Carbono/acido sulfurico,4.7,6,3703
18,130,3,Carbono/metano,3.76,5,1469
18,130,4,Silicio/agua,4.7,6,3451
18,130,5,Silicio/acido sulfurico,6.72,8,4666
18,135,0,Carbono/agua,4.7,6,3259
18,135,1,Carbono/amonia,6.72,8,2550
18,135,2,Carbono/acido sulfurico,4.7,6,4181
18,135,3,Carbono/metano,3.76,5,1634
18,135,4,Silicio/agua,4.7,6,3839
18,135,5,Silicio/acido sulfurico,6.72,8,5191
18,140,0,Carbono/agua,4.7,6,3673
18,140,1,Carbono/amonia,6.72,8,2836
18,140,2,Carbono/acido sulfurico,4.7,6,4708
18,140,3,Carbono/metano,3.76,5,1817
18,140,4,Silicio/agua,4.7,6,4268
18,140,5,Silicio/acido sulfurico,6.72,8,5770
18,145,0,Carbono/agua,4.7,6,4128
18,145,1,Carbono/amonia,6.72,8,3151
18,145,2,Carbono/acido sulfurico,4.7,6,5291
18,145,3,Carbono/metano,3.76,5,2020
18,145,4,Silicio/agua,4.7,6,4741
18,145,5,Silicio/acido sulfurico,6.72,3,6407
18,150,0,Carbono/agua,4.7,6,4632
18,150,1,Carbono/amonia,6.72,8,3499
18,150,2,Carbono/acido sulfurico,4.7,6,5935
18,150,3,Carbono/metano,3.76,5,2243
18,150,4,Silicio/agua,4.7,6,5265
18,150,5,Silicio/acido sulfurico,6.72,7,6761
18,155,0,Carbono/agua,4.7,6,5187
18,155,1,Carbono/amonia,6.72,8,3882
18,155,2,Carbono/acido sulfurico,4.7,6,6645
18,155,3,Carbono/metano,3.76,5,2489
18,155,4,Silicio/agua,4.7,6,5842
18,155,5,Silicio/acido sulfurico,6.72,7,7150
18,160,0,Carbono/agua,4.7,6,5799
18,160,1,Carbono/amonia,6.72,8,4305
18,160,2,Carbono/acido sulfurico,4.7,6,7429
18,160,3,Carbono/metano,3.76,5,2760
18,160,4,Silicio/agua,4.7,6,6479
18,160,5,Silicio/acido sulfurico,6.72,7,7580
18,165,0,Carbono/agua,4.7,6,6476
18,165,1,Carbono/amonia,6.72,8,4775
18,165,2,Carbono/acido sulfurico,4.7,6,8294
18,165,3,Carbono/metano,3.76,5,3060
18,165,4,Silicio/agua,4.7,6,7182
18,165,5,Silicio/acido sulfurico,6.72,7,8055
18,170,0,Carbono/agua,4.7,6,7222
18,170,1,Carbono/amonia,6.72,8,5291
18,170,2,Carbono/acido sulfurico,4.7,6,9251
18,170,3,Carbono/metano,5.72,6,3391
18,170,4,Silicio/agua,4.7,6,7958
18,170,5,Silicio/acido sulfurico,6.72,7,8688
18,175,0,Carbono/agua,4.7,6,8047
18,175,1,Carbono/amonia,6.72,8,5847
18,175,2,Carbono/acido sulfurico,4.7,6,10278
18,175,3,Carbono/metano,5.72,6,3745
18,175,4,Silicio/agua,4.7,6,8814
18,175,5,Silicio/acido sulfurico,6.72,7,9814
18,180,0,Carbono/agua,4.7,6,8957
18,180,1,Carbono/amonia,6.72,8,6402
18,180,2,Carbono/acido sulfurico,4.7,6,11308
18,180,3,Carbono/metano,5.76,6,4100
18,180,4,Silicio/agua,4.7,6,9760
18,180,5,Silicio/acido sulfurico,6.72,7,10943
18,185,0,Carbono/agua,4.7,6,9962
18,185,1,Carbono/amonia,6.72,8,6958
18,185,2,Carbono/acido sulfurico,4.7,6,12338
18,185,3,Carbono/metano,5.78,6,4458
18,185,4,Silicio/agua,4.7,6,10804
18,185,5,Silicio/acido sulfurico,6.72,7,12073
18,190,0,Carbono/agua,4.7,6,10842
18,190,1,Carbono/amonia,6.72,8,7513
18,190,2,Carbono/acido sulfurico,4.7,6,13368
18,190,3,Carbono/metano,5.78,6,4815
18,190,4,Silicio/agua,4.7,6,11957
18,190,5,Silicio/acido sulfurico,6.72,7,13202
18,195,0,Carbono/agua,4.7,6,11455
18,195,1,Carbono/amonia,6.72,8,8069
18,195,2,Carbono/acido sulfurico,4.7,6,14398
18,195,3,Carbono/metano,5.78,6,5173
18,195,4,Silicio/agua,4.7,6,13229
18,195,5,Silicio/acido sulfurico,6.72,7,14330
18,200,0,Carbono/agua,4.7,6,12131
18,200,1,Carbono/amonia,6.72,8,8624
18,200,2,Carbono/acido sulfurico,4.7,6,15428
18,200,3,Carbono/metano,5.78,6,5529
18,200,4,Silicio/agua,4.7,6,14633
18,200,5,Silicio/acido sulfurico,6.72,7,15460
18,205,0,Carbono/agua,4.7,6,12877
18,205,1,Carbono/amonia,6.72,8,9180
18,205,2,Carbono/acido sulfurico,4.7,6,16458
18,205,3,Carbono/metano,5.78,6,5888
18,205,4,Silicio/agua,4.7,6,16183
18,205,5,Silicio/acido sulfurico,6.72,7,16590
18,210,0,Carbono/agua,4.7,6,13700
18,210,1,Carbono/amonia,6.72,8,9735
18,210,2,Carbono/acido sulfurico,4.7,6,17487
18,210,3,Carbono/metano,6.72,7,6245
18,210,4,Silicio/agua,4.7,6,17895
18,210,5,Silicio/acido sulfurico,6.72,7,17717
18,215,0,Carbono/agua,6.72,8,15166
18,215,1,Carbono/amonia,6.72,8,10290
18,215,2,Carbono/acido sulfurico,4.7,6,18517
18,215,3,Carbono/metano,6.72,7,6603
18,215,4,Silicio/agua,4.7,6,19785
18,215,5,Silicio/acido sulfurico,6.72,7,18844
18,220,0,Carbono/agua,6.72,8,17176
18,220,1,Carbono/amonia,6.72,8,10846
18,220,2,Carbono/acido sulfurico,4.7,6,19547
18,220,3,Carbono/metano,6.72,7,6961
18,220,4,Silicio/agua,4.7,6,21871
18,220,5,Silicio/acido sulfurico,6.72,7,19974
18,225,0,Carbono/agua,6.72,8,19398
18,225,1,Carbono/amonia,6.72,8,11401
18,225,2,Carbono/acido sulfurico,4.7,6,20577
18,225,3,Carbono/metano,6.72,7,7317
18,225,4,Silicio/agua,4.7,6,24175
18,225,5,Silicio/acido sulfurico,6.72,7,21102
18,230,0,Carbono/agua,6.72,8,21847
18,230,1,Carbono/amonia,6.72,8,11956
18,230,2,Carbono/acido sulfurico,4.7,6,21607
18,230,3,Carbono/metano,6.72,7,7674
18,230,4,Silicio/agua,4.7,6,26720
18,230,5,Silicio/acido sulfurico,6.72,7,22231
18,235,0,Carbono/agua,6.72,8,24506
18,235,1,Carbono/amonia,6.72,8,12512
18,235,2,Carbono/acido sulfurico,4.7,6,22636
18,235,3,Carbono/metano,6.72,7,8029
18,235,4,Silicio/agua,4.7,6,29481
18,235,5,Silicio/acido sulfurico,6.72,7,23358
18,240,0,Carbono/agua,6.72,8,27186
18,240,1,Carbono/amonia,6.72,8,13067
18,240,2,Carbono/acido sulfurico,4.7,6,23665
18,240,3,Carbono/metano,6.72,7,8385
18,240,4,Silicio/agua,4.7,6,32263
18,240,5,Silicio/acido sulfurico,6.72,7,24487
18,245,0,Carbono/agua,6.72,8,29866
18,245,1,Carbono/amonia,6.72,8,13625
18,245,2,Carbono/acido sulfurico,4.7,6,24695
18,245,3,Carbono/metano,6.72,7,8742
18,245,4,Silicio/agua,4.7,6,35046
18,245,5,Silicio/acido sulfurico,6.72,7,25614
18,250,0,Carbono/agua,6.72,8,32547
18,250,1,Carbono/amonia,6.72,8,14180
18,250,2,Carbono/acido sulfurico,4.7,6,25724
18,250,3,Carbono/metano,6.72,7,9099
18,250,4,Silicio/agua,4.7,6,37830
18,250,5,Silicio/acido sulfurico,6.72,7,26742
18,255,0,Carbono/agua,6.72,8,35229
18,255,1,Carbono/amonia,6.72,8,14736
18,255,2,Carbono/acido sulfurico,4.7,6,26753
18,255,3,Carbono/metano,6.72,7,9454
18,255,4,Silicio/agua,4.7,6,40613
18,255,5,Silicio/acido sulfurico,6.72,7,27870
18,260,0,Carbono/agua,6.72,8,37910
18,260,1,Carbono/amonia,6.72,8,15291
18,260,2,Carbono/acido sulfurico,4.7,6,27783
18,260,3,Carbono/metano,6.72,7,9812
18,260,4,Silicio/agua,4.7,6,43397
18,260,5,Silicio/acido sulfurico,6.72,7,28999
18,265,0,Carbono/agua,6.72,8,40591
18,265,1,Carbono/amonia,6.72,8,15846
18,265,2,Carbono/acido sulfurico,4.7,6,28813
18,265,3,Carbono/metano,6.72,7,10170
18,265,4,Silicio/agua,4.7,6,46180
18,265,5,Silicio/acido sulfurico,6.72,7,30129
18,270,0,Carbono/agua,6.72,8,43271
18,270,1,Carbono/amonia,6.72,8,16402
18,270,2,Carbono/acido sulfurico,4.7,6,29843
18,270,3,Carbono/metano,6.72,7,10527
18,270,4,Silicio/agua,4.7,6,48963
18,270,5,Silicio/acido sulfurico,6.72,7,31258
18,275,0,Carbono/agua,6.72,8,45952
18,275,1,Carbono/amonia,6.72,8,16957
18,275,2,Carbono/acido sulfurico,4.7,6,30873
18,275,3,Carbono/metano,6.72,7,10882
18,275,4,Silicio/agua,4.7,6,51747
18,275,5,Silicio/acido sulfurico,6.72,7,32386
18,280,0,Carbono/agua,6.72,8,48633
18,280,1,Carbono/amonia,6.72,8,17513
18,280,2,Carbono/acido sulfurico,4.7,6,31902
18,280,3,Carbono/metano,6.72,7,11240
18,280,4,Silicio/agua,4.7,6,54531
18,280,5,Silicio/acido sulfurico,6.72,7,33515
18,285,0,Carbono/agua,6.72,8,51313
18,285,1,Carbono/amonia,6.72,8,18069
18,285,2,Carbono/acido sulfurico,4.7,6,32931
18,285,3,Carbono/metano,6.72,7,11597
18,285,4,Silicio/agua,4.7,6,57314
18,285,5,Silicio/acido sulfurico,6.72,7,34642
18,290,0,Carbono/agua,6.72,8,53993
18,290,1,Carbono/amonia,6.72,8,18624
18,290,2,Carbono/acido sulfurico,4.7,6,33961
18,290,3,Carbono/metano,6.72,7,11953
18,290,4,Silicio/agua,4.7,6,60097
18,290,5,Silicio/acido sulfurico,6.72,7,35771
18,295,0,Carbono/agua,6.72,8,56674
18,295,1,Carbono/amonia,6.72,8,19179
18,295,2,Carbono/acido sulfurico,4.7,6,34991
18,295,3,Carbono/metano,6.72,7,12309
18,295,4,Silicio/agua,4.7,6,62878
18,295,5,Silicio/acido sulfurico,6.72,7,36899
18,300,0,Carbono/agua,6.72,8,59354
18,300,1,Carbono/amonia,6.72,8,19734
18,300,2,Carbono/acido sulfurico,4.7,6,36020
18,300,3,Carbono/metano,6.72,7,12665
18,300,4,Silicio/agua,4.7,6,65660
18,300,5,Silicio/acido sulfurico,6.72,7,38028
19,0,0,Carbono/agua,0.92,2,5
19,0,1,Carbono/amonia,0.82,2,4
19,0,2,Carbono/acido sulfurico,0.78,2,7
19,0,3,Carbono/metano,1.7,2,2
19,0,4,Silicio/agua,0.92,2,6
19,0,5,Silicio/acido sulfurico,0.9,2,8
19,5,0,Carbono/agua,1.76,3,34
19,5,1,Carbono/amonia,1.86,3,24
19,5,2,Carbono/acido sulfurico,1.84,3,43
19,5,3,Carbono/metano,1.72,3,13
19,5,4,Silicio/agua,1.76,3,34
19,5,5,Silicio/acido sulfurico,0.94,2,49
19,10,0,Carbono/agua,1.8,3,65
19,10,1,Carbono/amonia,1.86,3,46
19,10,2,Carbono/acido sulfurico,1.88,3,84
19,10,3,Carbono/metano,1.74,3,26
19,10,4,Silicio/agua,1.82,3,66
19,10,5,Silicio/acido sulfurico,0.94,2,93
19,15,0,Carbono/agua,1.88,3,100
19,15,1,Carbono/amonia,1.86,3,71
19,15,2,Carbono/acido sulfurico,1.88,3,129
19,15,3,Carbono/metano,1.76,3,41
19,15,4,Silicio/agua,1.82,3,103
19,15,5,Silicio/acido sulfurico,1.8,3,141
19,20,0,Carbono/agua,1.88,3,138
19,20,1,Carbono/amonia,1.86,3,99
19,20,2,Carbono/acido sulfurico,2.72,4,178
19,20,3,Carbono/metano,1.88,3,58
19,20,4,Silicio/agua,1.86,3,142
19,20,5,Silicio/acido sulfurico,1.8,3,194
19,25,0,Carbono/agua,1.88,3,180
19,25,1,Carbono/amonia,1.86,3,128
19,25,2,Carbono/acido sulfurico,2.74,4,233
19,25,3,Carbono/metano,1.88,3,76
19,25,4,Silicio/agua,1.86,3,187
19,25,5,Silicio/acido sulfurico,1.86,3,253
19,30,0,Carbono/agua,1.88,3,228
19,30,1,Carbono/amonia,1.88,3,158
19,30,2,Carbono/acido sulfurico,3.68,5,293
19,30,3,Carbono/metano,1.88,3,97
19,30,4,Silicio/agua,1.86,3,237
19,30,5,Silicio/acido sulfurico,1.86,3,319
19,35,0,Carbono/agua,1.88,3,280
19,35,1,Carbono/amonia,1.88,3,193
19,35,2,Carbono/acido sulfurico,3.7,5,359
19,35,3,Carbono/metano,1.88,3,119
19,35,4,Silicio/agua,1.86,3,289
19,35,5,Silicio/acido sulfurico,1.86,3,392
19,40,0,Carbono/agua,1.88,3,337
19,40,1,Carbono/amonia,1.88,3,232
19,40,2,Carbono/acido sulfurico,3.72,5,431
19,40,3,Carbono/metano,1.88,3,145
19,40,4,Silicio/agua,1.86,3,348
19,40,5,Silicio/acido sulfurico,5.7,4,474
19,45,0,Carbono/agua,2.76,4,401
19,45,1,Carbono/amonia,1.88,3,276
19,45,2,Carbono/acido sulfurico,3.74,5,511
19,45,3,Carbono/metano,1.88,3,172
19,45,4,Silicio/agua,1.86,3,413
19,45,5,Silicio/acido sulfurico,5.72,5,563
19,50,0,Carbono/agua,2.76,4,470
19,50,1,Carbono/amonia,2.74,4,324
19,50,2,Carbono/acido sulfurico,3.76,5,600
19,50,3,Carbono/metano,2.72,4,203
19,50,4,Silicio/agua,1.88,3,484
19,50,5,Silicio/acido sulfurico,5.74,5,660
19,55,0,Carbono/agua,2.82,4,547
19,55,1,Carbono/amonia,2.78,4,376
19,55,2,Carbono/acido sulfurico,3.76,5,698
19,55,3,Carbono/metano,2.72,4,237
19,55,4,Silicio/agua,1.88,3,562
19,55,5,Silicio/acido sulfurico,6.68,6,769
19,60,0,Carbono/agua,2.82,4,633
19,60,1,Carbono/amonia,3.76,5,434
19,60,2,Carbono/acido sulfurico,3.76,5,807
19,60,3,Carbono/metano,2.72,4,275
19,60,4,Silicio/agua,2.8,4,649
19,60,5,Silicio/acido sulfurico,6.68,6,887
19,65,0,Carbono/agua,2.82,4,727
19,65,1,Carbono/amonia,3.76,5,499
19,65,2,Carbono/acido sulfurico,3.76,5,928
19,65,3,Carbono/metano,2.72,4,318
19,65,4,Silicio/agua,2.8,4,746
19,65,5,Silicio/acido sulfurico,6.72,6,1018
19,70,0,Carbono/agua,2.82,4,829
19,70,1,Carbono/amonia,3.76,5,572
19,70,2,Carbono/acido sulfurico,3.76,5,1060
19,70,3,Carbono/metano,2.72,4,362
19,70,4,Silicio/agua,2.8,4,853
19,70,5,Silicio/acido sulfurico,6.72,6,1163
19,75,0,Carbono/agua,2.82,4,943
19,75,1,Carbono/amonia,3.76,5,652
19,75,2,Carbono/acido sulfurico,3.76,5,1204
19,75,3,Carbono/metano,2.78,4,413
19,75,4,Silicio/agua,3.76,5,970
19,75,5,Silicio/acido sulfurico,6.72,6,1321
19,80,0,Carbono/agua,2.82,4,1068
19,80,1,Carbono/amonia,3.76,5,739
19,80,2,Carbono/acido sulfurico,3.76,5,1364
19,80,3,Carbono/metano,2.78,4,469
19,80,4,Silicio/agua,3.76,5,1101
19,80,5,Silicio/acido sulfurico,6.72,6,1499
19,85,0,Carbono/agua,2.82,4,1208
19,85,1,Carbono/amonia,3.76,5,836
19,85,2,Carbono/acido sulfurico,3.76,5,1542
19,85,3,Carbono/metano,2.78,4,530
19,85,4,Silicio/agua,3.76,5,1244
19,85,5,Silicio/acido sulfurico,6.72,6,1695
19,90,0,Carbono/agua,3.76,5,1362
19,90,1,Carbono/amonia,3.76,5,940
19,90,2,Carbono/acido sulfurico,3.76,5,1739
19,90,3,Carbono/metano,2.78,4,598
19,90,4,Silicio/agua,3.76,5,1403
19,90,5,Silicio/acido sulfurico,6.72,6,1910
19,95,0,Carbono/agua,3.76,5,1531
19,95,1,Carbono/amonia,3.76,5,1056
19,95,2,Carbono/acido sulfurico,3.76,5,1955
19,95,3,Carbono/metano,2.78,4,672
19,95,4,Silicio/agua,3.76,5,1579
19,95,5,Silicio/acido sulfurico,6.72,6,2148
19,100,0,Carbono/agua,3.76,5,1717
19,100,1,Carbono/amonia,3.76,5,1185
19,100,2,Carbono/acido sulfurico,3.76,5,2195
19,100,3,Carbono/metano,2.78,4,755
19,100,4,Silicio/agua,4.68,6,1774
19,100,5,Silicio/acido sulfurico,6.72,6,2410
19,105,0,Carbono/agua,3.76,5,1922
19,105,1,Carbono/amonia,4.7,6,1328
19,105,2,Carbono/acido sulfurico,4.7,6,2459
19,105,3,Carbono/metano,3.7,5,846
19,105,4,Silicio/agua,4.68,6,1988
19,105,5,Silicio/acido sulfurico,6.72,6,2699
19,110,0,Carbono/agua,3.76,5,2149
19,110,1,Carbono/amonia,4.7,6,1484
19,110,2,Carbono/acido sulfurico,4.7,6,2750
19,110,3,Carbono/metano,3.72,5,948
19,110,4,Silicio/agua,4.7,6,2223
19,110,5,Silicio/acido sulfurico,6.72,6,3017
19,115,0,Carbono/agua,4.7,6,2402
19,115,1,Carbono/amonia,4.7,6,1658
19,115,2,Carbono/acido sulfurico,4.7,6,3072
19,115,3,Carbono/metano,3.74,5,1059
19,115,4,Silicio/agua,4.7,6,2483
19,115,5,Silicio/acido sulfurico,6.72,6,3370
19,120,0,Carbono/agua,4.7,6,2681
19,120,1,Carbono/amonia,4.7,6,1850
19,120,2,Carbono/acido sulfurico,4.7,6,3428
19,120,3,Carbono/metano,3.76,5,1181
19,120,4,Silicio/agua,4.7,6,2771
19,120,5,Silicio/acido sulfurico,6.72,6,3757
19,125,0,Carbono/agua,4.7,6,2987
19,125,1,Carbono/amonia,4.7,6,2061
19,125,2,Carbono/acido sulfurico,4.7,6,3820
19,125,3,Carbono/metano,3.76,5,1318
19,125,4,Silicio/agua,4.7,6,3089
19,125,5,Silicio/acido sulfurico,6.72,6,4187
19,130,0,Carbono/agua,4.7,6,3325
19,130,1,Carbono/amonia,4.7,6,2294
19,130,2,Carbono/acido sulfurico,4.7,6,4254
19,130,3,Carbono/metano,4.7,6,1469
19,130,4,Silicio/agua,4.7,6,3440
19,130,5,Silicio/acido sulfurico,6.72,6,4662
19,135,0,Carbono/agua,4.7,6,3699
19,135,1,Carbono/amonia,4.7,6,2553
19,135,2,Carbono/acido sulfurico,4.7,6,4732
19,135,3,Carbono/metano,4.7,6,1633
19,135,4,Silicio/agua,4.7,6,3828
19,135,5,Silicio/acido sulfurico,6.72,6,5186
19,140,0,Carbono/agua,4.7,6,4110
19,140,1,Carbono/amonia,4.7,6,2838
19,140,2,Carbono/acido sulfurico,4.7,6,5258
19,140,3,Carbono/metano,4.7,6,1815
19,140,4,Silicio/agua,4.7,6,4256
19,140,5,Silicio/acido sulfurico,6.72,6,5765
19,145,0,Carbono/agua,4.7,6,4567
19,145,1,Carbono/amonia,4.7,6,3153
19,145,2,Carbono/acido sulfurico,4.7,6,5841
19,145,3,Carbono/metano,4.7,6,2017
19,145,4,Silicio/agua,4.7,6,4728
19,145,5,Silicio/acido sulfurico,6.72,6,6404
19,150,0,Carbono/agua,4.7,6,5070
19,150,1,Carbono/amonia,4.7,6,3502
19,150,2,Carbono/acido sulfurico,4.7,6,6486
19,150,3,Carbono/metano,4.7,6,2240
19,150,4,Silicio/agua,4.7,6,5249
19,150,5,Silicio/acido sulfurico,6.72,6,7110
19,155,0,Carbono/agua,4.7,6,5624
19,155,1,Carbono/amonia,4.7,6,3885
19,155,2,Carbono/acido sulfurico,4.7,6,7197
19,155,3,Carbono/metano,4.7,6,2488
19,155,4,Silicio/agua,4.7,6,5825
19,155,5,Silicio/acido sulfurico,6.72,6,7889
19,160,0,Carbono/agua,4.7,6,6236
19,160,1,Carbono/amonia,4.7,6,4309
19,160,2,Carbono/acido sulfurico,4.7,6,7982
19,160,3,Carbono/metano,4.7,6,2759
19,160,4,Silicio/agua,4.7,6,6460
19,160,5,Silicio/acido sulfurico,6.72,6,8401
19,165,0,Carbono/agua,4.7,6,6912
19,165,1,Carbono/amonia,4.7,6,4777
19,165,2,Carbono/acido sulfurico,4.7,6,8848
19,165,3,Carbono/metano,4.7,6,3059
19,165,4,Silicio/agua,4.7,6,7164
19,165,5,Silicio/acido sulfurico,6.72,6,8876
19,170,0,Carbono/agua,4.7,6,7658
19,170,1,Carbono/amonia,4.7,6,5295
19,170,2,Carbono/acido sulfurico,4.7,6,9803
19,170,3,Carbono/metano,4.7,6,3391
19,170,4,Silicio/agua,4.7,6,7939
19,170,5,Silicio/acido sulfurico,6.72,6,9400
19,175,0,Carbono/agua,4.7,6,8483
19,175,1,Carbono/amonia,4.7,6,5850
19,175,2,Carbono/acido sulfurico,4.7,6,10830
19,175,3,Carbono/metano,4.7,6,3747
19,175,4,Silicio/agua,4.7,6,8796
19,175,5,Silicio/acido sulfurico,6.72,6,9963
19,180,0,Carbono/agua,6.72,8,9394
19,180,1,Carbono/amonia,4.7,6,6406
19,180,2,Carbono/acido sulfurico,4.7,6,11860
19,180,3,Carbono/metano,4.7,6,4102
19,180,4,Silicio/agua,4.7,6,9740
19,180,5,Silicio/acido sulfurico,6.72,6,10527
19,185,0,Carbono/agua,6.72,8,10399
19,185,1,Carbono/amonia,4.7,6,6963
19,185,2,Carbono/acido sulfurico,4.7,6,12890
19,185,3,Carbono/metano,4.7,6,4458
19,185,4,Silicio/agua,4.7,6,10783
19,185,5,Silicio/acido sulfurico,6.72,6,11655
19,190,0,Carbono/agua,6.72,8,11509
19,190,1,Carbono/amonia,4.7,6,7520
19,190,2,Carbono/acido sulfurico,4.7,6,13920
19,190,3,Carbono/metano,4.7,6,4816
19,190,4,Silicio/agua,4.7,6,11935
19,190,5,Silicio/acido sulfurico,6.72,6,12783
19,195,0,Carbono/agua,6.72,8,12733
19,195,1,Carbono/amonia,4.7,6,8077
19,195,2,Carbono/acido sulfurico,4.7,6,14950
19,195,3,Carbono/metano,4.7,6,5173
19,195,4,Silicio/agua,4.7,6,13207
19,195,5,Silicio/acido sulfurico,6.72,6,13913
19,200,0,Carbono/agua,6.72,8,14087
19,200,1,Carbono/amonia,4.7,6,8634
19,200,2,Carbono/acido sulfurico,4.7,6,15979
19,200,3,Carbono/metano,4.7,6,5532
19,200,4,Silicio/agua,4.7,6,14610
19,200,5,Silicio/acido sulfurico,6.72,6,15042
19,205,0,Carbono/agua,6.72,8,15581
19,205,1,Carbono/amonia,4.7,6,9190
19,205,2,Carbono/acido sulfurico,4.7,6,17009
19,205,3,Carbono/metano,4.7,6,5889
19,205,4,Silicio/agua,4.7,6,16160
19,205,5,Silicio/acido sulfurico,6.72,6,16171
19,210,0,Carbono/agua,6.72,8,17231
19,210,1,Carbono/amonia,4.7,6,9745
19,210,2,Carbono/acido sulfurico,4.7,6,18039
19,210,3,Carbono/metano,4.7,6,6245
19,210,4,Silicio/agua,4.7,6,17872
19,210,5,Silicio/acido sulfurico,6.72,6,17301
19,215,0,Carbono/agua,6.72,8,19052
19,215,1,Carbono/amonia,4.7,6,10300
19,215,2,Carbono/acido sulfurico,4.7,6,19069
19,215,3,Carbono/metano,4.7,6,6601
19,215,4,Silicio/agua,4.7,6,19764
19,215,5,Silicio/acido sulfurico,6.72,6,18431
19,220,0,Carbono/agua,6.72,8,21062
19,220,1,Carbono/amonia,4.7,6,10855
19,220,2,Carbono/acido sulfurico,4.7,6,19789
19,220,3,Carbono/metano,4.7,6,6956
19,220,4,Silicio/agua,4.7,6,21851
19,220,5,Silicio/acido sulfurico,6.72,6,19560
19,225,0,Carbono/agua,6.72,8,23281
19,225,1,Carbono/amonia,4.7,6,11411
19,225,2,Carbono/acido sulfurico,4.7,6,20304
19,225,3,Carbono/metano,4.7,6,7311
19,225,4,Silicio/agua,4.7,6,24156
19,225,5,Silicio/acido sulfurico,6.72,6,20689
19,230,0,Carbono/agua,6.72,8,25731
19,230,1,Carbono/amonia,4.7,6,11967
19,230,2,Carbono/acido sulfurico,4.7,6,20819
19,230,3,Carbono/metano,4.7,6,7669
19,230,4,Silicio/agua,4.7,6,26701
19,230,5,Silicio/acido sulfurico,6.72,6,21818
19,235,0,Carbono/agua,6.72,8,28389
19,235,1,Carbono/amonia,4.7,6,12522
19,235,2,Carbono/acido sulfurico,4.7,6,21334
19,235,3,Carbono/metano,4.7,6,8024
19,235,4,Silicio/agua,4.7,6,29461
19,235,5,Silicio/acido sulfurico,6.72,6,22609
19,240,0,Carbono/agua,6.72,8,31069
19,240,1,Carbono/amonia,4.7,6,13077
19,240,2,Carbono/acido sulfurico,4.7,6,21849
19,240,3,Carbono/metano,4.7,6,8381
19,240,4,Silicio/agua,4.7,6,32244
19,240,5,Silicio/acido sulfurico,6.72,6,23174
19,245,0,Carbono/agua,6.72,8,33751
19,245,1,Carbono/amonia,4.7,6,13632
19,245,2,Carbono/acido sulfurico,4.7,6,22776
19,245,3,Carbono/metano,4.7,6,8736
19,245,4,Silicio/agua,4.7,6,35028
19,245,5,Silicio/acido sulfurico,6.72,6,23739
19,250,0,Carbono/agua,6.72,8,36431
19,250,1,Carbono/amonia,4.7,6,14188
19,250,2,Carbono/acido sulfurico,4.7,6,23806
19,250,3,Carbono/metano,4.7,6,9092
19,250,4,Silicio/agua,4.7,6,37812
19,250,5,Silicio/acido sulfurico,6.72,6,24303
19,255,0,Carbono/agua,6.72,8,39111
19,255,1,Carbono/amonia,4.7,6,14743
19,255,2,Carbono/acido sulfurico,4.7,6,24836
19,255,3,Carbono/metano,4.7,6,9447
19,255,4,Silicio/agua,4.7,6,40595
19,255,5,Silicio/acido sulfurico,6.72,6,24868
19,260,0,Carbono/agua,6.72,8,41792
19,260,1,Carbono/amonia,4.7,6,15299
19,260,2,Carbono/acido sulfurico,4.7,6,25864
19,260,3,Carbono/metano,4.7,6,9804
19,260,4,Silicio/agua,4.7,6,43378
19,260,5,Silicio/acido sulfurico,6.72,6,25883
19,265,0,Carbono/agua,6.72,8,44472
19,265,1,Carbono/amonia,4.7,6,15854
19,265,2,Carbono/acido sulfurico,4.7,6,26892
19,265,3,Carbono/metano,4.7,6,10160
19,265,4,Silicio/agua,4.7,6,46161
19,265,5,Silicio/acido sulfurico,6.72,6,27011
19,270,0,Carbono/agua,6.72,8,47153
19,270,1,Carbono/amonia,4.7,6,16410
19,270,2,Carbono/acido sulfurico,4.7,6,27922
19,270,3,Carbono/metano,4.7,6,10515
19,270,4,Silicio/agua,4.7,6,48945
19,270,5,Silicio/acido sulfurico,6.72,7,28141
19,275,0,Carbono/agua,6.72,8,49833
19,275,1,Carbono/amonia,4.7,6,16965
19,275,2,Carbono/acido sulfurico,4.7,6,28951
19,275,3,Carbono/metano,4.7,6,10870
19,275,4,Silicio/agua,4.7,6,51728
19,275,5,Silicio/acido sulfurico,6.72,7,29271
19,280,0,Carbono/agua,6.72,8,52513
19,280,1,Carbono/amonia,4.7,6,17520
19,280,2,Carbono/acido sulfurico,4.7,6,29981
19,280,3,Carbono/metano,4.7,6,11225
19,280,4,Silicio/agua,4.7,6,54510
19,280,5,Silicio/acido sulfurico,6.72,7,30399
19,285,0,Carbono/agua,6.72,8,55195
19,285,1,Carbono/amonia,4.7,6,18076
19,285,2,Carbono/acido sulfurico,5.68,7,31011
19,285,3,Carbono/metano,4.7,6,11512
19,285,4,Silicio/agua,4.7,6,57294
19,285,5,Silicio/acido sulfurico,6.72,7,31528
19,290,0,Carbono/agua,6.72,8,57875
19,290,1,Carbono/amonia,4.7,6,18633
19,290,2,Carbono/acido sulfurico,6.72,8,32040
19,290,3,Carbono/metano,4.7,6,11688
19,290,4,Silicio/agua,4.7,6,60078
19,290,5,Silicio/acido sulfurico,6.72,7,32657
19,295,0,Carbono/agua,6.72,8,60556
19,295,1,Carbono/amonia,4.7,6,19189
19,295,2,Carbono/acido sulfurico,6.72,8,33069
19,295,3,Carbono/metano,4.7,6,11866
19,295,4,Silicio/agua,4.7,6,62862
19,295,5,Silicio/acido sulfurico,6.72,7,33785
19,300,0,Carbono/agua,6.72,8,63236
19,300,1,Carbono/amonia,4.7,6,19745
19,300,2,Carbono/acido sulfurico,6.72,8,34097
19,300,3,Carbono/metano,4.7,6,12043
19,300,4,Silicio/agua,4.7,6,65645
19,300,5,Silicio/acido sulfurico,6.72,7,34913
20,0,0,Carbono/agua,0.86,2,6
20,0,1,Carbono/amonia,0.74,2,3
20,0,2,Carbono/acido sulfurico,-0.02,1,6
20,0,3,Carbono/metano,-0.06,1,2
20,0,4,Silicio/agua,1.8,2,5
20,0,5,Silicio/acido sulfurico,0.92,2,7
20,5,0,Carbono/agua,0.88,2,35
20,5,1,Carbono/amonia,1.82,3,23
20,5,2,Carbono/acido sulfurico,1.74,3,42
20,5,3,Carbono/metano,1.72,3,13
20,5,4,Silicio/agua,1.8,3,34
20,5,5,Silicio/acido sulfurico,0.94,2,47
20,10,0,Carbono/agua,0.92,2,67
20,10,1,Carbono/amonia,1.84,3,43
20,10,2,Carbono/acido sulfurico,2.68,4,82
20,10,3,Carbono/metano,1.78,3,27
20,10,4,Silicio/agua,1.8,3,66
20,10,5,Silicio/acido sulfurico,0.94,2,92
20,15,0,Carbono/agua,0.92,2,102
20,15,1,Carbono/amonia,1.84,3,68
20,15,2,Carbono/acido sulfurico,2.72,4,127
20,15,3,Carbono/metano,1.78,3,43
20,15,4,Silicio/agua,1.8,3,103
20,15,5,Silicio/acido sulfurico,1.86,3,139
20,20,0,Carbono/agua,0.94,2,140
20,20,1,Carbono/amonia,1.84,3,95
20,20,2,Carbono/acido sulfurico,2.72,4,178
20,20,3,Carbono/metano,1.78,3,60
20,20,4,Silicio/agua,1.82,3,142
20,20,5,Silicio/acido sulfurico,1.88,3,193
20,25,0,Carbono/agua,1.84,3,183
20,25,1,Carbono/amonia,1.84,3,123
20,25,2,Carbono/acido sulfurico,2.74,4,232
20,25,3,Carbono/metano,1.8,3,79
20,25,4,Silicio/agua,1.86,3,186
20,25,5,Silicio/acido sulfurico,1.88,3,253
20,30,0,Carbono/agua,1.84,3,229
20,30,1,Carbono/amonia,1.86,3,155
20,30,2,Carbono/acido sulfurico,2.78,4,292
20,30,3,Carbono/metano,1.8,3,99
20,30,4,Silicio/agua,2.8,4,236
20,30,5,Silicio/acido sulfurico,2.78,4,320
20,35,0,Carbono/agua,1.86,3,281
20,35,1,Carbono/amonia,1.86,3,191
20,35,2,Carbono/acido sulfurico,2.78,4,359
20,35,3,Carbono/metano,1.84,3,122
20,35,4,Silicio/agua,2.8,4,289
20,35,5,Silicio/acido sulfurico,3.76,5,393
20,40,0,Carbono/agua,1.86,3,338
20,40,1,Carbono/amonia,1.88,3,231
20,40,2,Carbono/acido sulfurico,2.78,4,432
20,40,3,Carbono/metano,2.76,4,147
20,40,4,Silicio/agua,2.8,4,347
20,40,5,Silicio/acido sulfurico,3.76,5,474
20,45,0,Carbono/agua,1.88,3,390
20,45,1,Carbono/amonia,2.78,4,275
20,45,2,Carbono/acido sulfurico,3.72,5,513
20,45,3,Carbono/metano,2.76,4,173
20,45,4,Silicio/agua,2.8,4,412
20,45,5,Silicio/acido sulfurico,5.74,6,562
20,50,0,Carbono/agua,1.88,3,424
20,50,1,Carbono/amonia,2.78,4,324
20,50,2,Carbono/acido sulfurico,3.72,5,601
20,50,3,Carbono/metano,2.78,4,205
20,50,4,Silicio/agua,2.8,4,483
20,50,5,Silicio/acido sulfurico,6.7,7,660
20,55,0,Carbono/agua,2.76,4,461
20,55,1,Carbono/amonia,2.8,4,377
20,55,2,Carbono/acido sulfurico,3.72,5,700
20,55,3,Carbono/metano,2.78,4,238
20,55,4,Silicio/agua,2.82,4,562
20,55,5,Silicio/acido sulfurico,6.7,6,756
20,60,0,Carbono/agua,2.76,4,504
20,60,1,Carbono/amonia,2.8,4,434
20,60,2,Carbono/acido sulfurico,3.74,5,807
20,60,3,Carbono/metano,2.78,4,275
20,60,4,Silicio/agua,2.82,4,650
20,60,5,Silicio/acido sulfurico,6.72,7,815
20,65,0,Carbono/agua,2.76,4,551
20,65,1,Carbono/amonia,2.82,4,499
20,65,2,Carbono/acido sulfurico,3.74,5,926
20,65,3,Carbono/metano,3.72,5,317
20,65,4,Silicio/agua,3.76,5,747
20,65,5,Silicio/acido sulfurico,6.72,7,880
20,70,0,Carbono/agua,3.7,5,635
20,70,1,Carbono/amonia,2.82,4,571
20,70,2,Carbono/acido sulfurico,3.74,5,1057
20,70,3,Carbono/metano,3.72,5,363
20,70,4,Silicio/agua,3.76,5,853
20,70,5,Silicio/acido sulfurico,6.72,7,952
20,75,0,Carbono/agua,3.7,5,750
20,75,1,Carbono/amonia,2.82,4,650
20,75,2,Carbono/acido sulfurico,3.74,5,1202
20,75,3,Carbono/metano,5.76,6,414
20,75,4,Silicio/agua,3.76,5,971
20,75,5,Silicio/acido sulfurico,6.72,7,1032
20,80,0,Carbono/agua,3.74,5,876
20,80,1,Carbono/amonia,2.82,4,737
20,80,2,Carbono/acido sulfurico,4.7,6,1364
20,80,3,Carbono/metano,5.76,6,470
20,80,4,Silicio/agua,4.68,6,1100
20,80,5,Silicio/acido sulfurico,6.72,7,1155
20,85,0,Carbono/agua,3.74,5,1014
20,85,1,Carbono/amonia,2.82,4,832
20,85,2,Carbono/acido sulfurico,4.7,6,1541
20,85,3,Carbono/metano,5.76,6,532
20,85,4,Silicio/agua,4.7,6,1245
20,85,5,Silicio/acido sulfurico,6.72,7,1349
20,90,0,Carbono/agua,4.68,6,1166
20,90,1,Carbono/amonia,2.82,4,939
20,90,2,Carbono/acido sulfurico,4.7,6,1737
20,90,3,Carbono/metano,5.76,6,599
20,90,4,Silicio/agua,4.7,6,1404
20,90,5,Silicio/acido sulfurico,6.72,7,1565
20,95,0,Carbono/agua,4.68,6,1335
20,95,1,Carbono/amonia,2.82,4,1055
20,95,2,Carbono/acido sulfurico,4.7,6,1952
20,95,3,Carbono/metano,5.76,6,673
20,95,4,Silicio/agua,4.7,6,1581
20,95,5,Silicio/acido sulfurico,6.72,7,1802
20,100,0,Carbono/agua,4.7,6,1523
20,100,1,Carbono/amonia,2.82,4,1184
20,100,2,Carbono/acido sulfurico,4.7,6,2192
20,100,3,Carbono/metano,5.76,6,755
20,100,4,Silicio/agua,4.7,6,1775
20,100,5,Silicio/acido sulfurico,6.72,7,2063
20,105,0,Carbono/agua,4.7,6,1730
20,105,1,Carbono/amonia,2.82,4,1327
20,105,2,Carbono/acido sulfurico,4.7,6,2456
20,105,3,Carbono/metano,6.7,7,847
20,105,4,Silicio/agua,4.7,6,1989
20,105,5,Silicio/acido sulfurico,6.72,7,2354
20,110,0,Carbono/agua,4.7,6,1957
20,110,1,Carbono/amonia,2.82,4,1485
20,110,2,Carbono/acido sulfurico,4.7,6,2748
20,110,3,Carbono/metano,6.7,7,948
20,110,4,Silicio/agua,4.7,6,2226
20,110,5,Silicio/acido sulfurico,6.72,7,2675
20,115,0,Carbono/agua,4.7,6,2208
20,115,1,Carbono/amonia,2.82,4,1658
20,115,2,Carbono/acido sulfurico,4.7,6,3069
20,115,3,Carbono/metano,6.72,7,1058
20,115,4,Silicio/agua,4.7,6,2487
20,115,5,Silicio/acido sulfurico,6.72,7,3028
20,120,0,Carbono/agua,4.7,6,2485
20,120,1,Carbono/amonia,2.82,4,1850
20,120,2,Carbono/acido sulfurico,4.7,6,3422
20,120,3,Carbono/metano,6.72,7,1183
20,120,4,Silicio/agua,4.7,6,2774
20,120,5,Silicio/acido sulfurico,6.72,7,3417
20,125,0,Carbono/agua,4.7,6,2791
20,125,1,Carbono/amonia,2.82,4,2061
20,125,2,Carbono/acido sulfurico,4.7,6,3813
20,125,3,Carbono/metano,6.72,7,1319
20,125,4,Silicio/agua,4.7,6,3091
20,125,5,Silicio/acido sulfurico,6.72,7,3848
20,130,0,Carbono/agua,4.7,6,3128
20,130,1,Carbono/amonia,6.68,7,2295
20,130,2,Carbono/acido sulfurico,4.7,6,4246
20,130,3,Carbono/metano,6.72,7,1468
20,130,4,Silicio/agua,4.7,6,3440
20,130,5,Silicio/acido sulfurico,6.72,7,4323
20,135,0,Carbono/agua,4.7,6,3502
20,135,1,Carbono/amonia,6.7,7,2553
20,135,2,Carbono/acido sulfurico,4.7,6,4725
20,135,3,Carbono/metano,6.72,7,1636
20,135,4,Silicio/agua,4.7,6,3828
20,135,5,Silicio/acido sulfurico,6.72,7,4846
20,140,0,Carbono/agua,4.7,6,3916
20,140,1,Carbono/amonia,6.72,7,2838
20,140,2,Carbono/acido sulfurico,4.68,6,5040
20,140,3,Carbono/metano,6.72,7,1819
20,140,4,Silicio/agua,4.7,6,4257
20,140,5,Silicio/acido sulfurico,6.72,7,5424
20,145,0,Carbono/agua,4.7,6,4371
20,145,1,Carbono/amonia,6.72,7,3153
20,145,2,Carbono/acido sulfurico,4.7,6,5332
20,145,3,Carbono/metano,6.72,7,2021
20,145,4,Silicio/agua,4.7,6,4729
20,145,5,Silicio/acido sulfurico,6.72,7,6064
20,150,0,Carbono/agua,4.7,6,4875
20,150,1,Carbono/amonia,6.72,7,3500
20,150,2,Carbono/acido sulfurico,4.7,6,5654
20,150,3,Carbono/metano,6.72,7,2242
20,150,4,Silicio/agua,4.7,6,5252
20,150,5,Silicio/acido sulfurico,6.72,7,6769
20,155,0,Carbono/agua,4.7,6,5430
20,155,1,Carbono/amonia,6.72,7,3885
20,155,2,Carbono/acido sulfurico,4.7,6,6009
20,155,3,Carbono/metano,6.72,7,2487
20,155,4,Silicio/agua,4.7,6,5829
20,155,5,Silicio/acido sulfurico,6.72,7,7547
20,160,0,Carbono/agua,4.7,6,6044
20,160,1,Carbono/amonia,6.72,7,4308
20,160,2,Carbono/acido sulfurico,4.7,6,6401
20,160,3,Carbono/metano,6.72,7,2761
20,160,4,Silicio/agua,4.7,6,6464
20,160,5,Silicio/acido sulfurico,6.72,7,8407
20,165,0,Carbono/agua,4.7,6,6721
20,165,1,Carbono/amonia,6.72,7,4776
20,165,2,Carbono/acido sulfurico,4.7,6,7267
20,165,3,Carbono/metano,6.72,7,3060
20,165,4,Silicio/agua,4.7,6,7166
20,165,5,Silicio/acido sulfurico,6.72,7,9357
20,170,0,Carbono/agua,4.7,6,7469
20,170,1,Carbono/amonia,6.72,7,5291
20,170,2,Carbono/acido sulfurico,4.7,6,8224
20,170,3,Carbono/metano,6.72,7,3391
20,170,4,Silicio/agua,4.7,6,7941
20,170,5,Silicio/acido sulfurico,6.72,7,9982
20,175,0,Carbono/agua,4.7,6,8294
20,175,1,Carbono/amonia,6.72,7,5846
20,175,2,Carbono/acido sulfurico,4.7,6,9251
20,175,3,Carbono/metano,6.72,7,3747
20,175,4,Silicio/agua,4.7,6,8798
20,175,5,Silicio/acido sulfurico,6.72,7,10545
20,180,0,Carbono/agua,4.7,6,9205
20,180,1,Carbono/amonia,6.72,7,6402
20,180,2,Carbono/acido sulfurico,4.7,6,10281
20,180,3,Carbono/metano,6.72,7,4103
20,180,4,Silicio/agua,4.7,6,9744
20,180,5,Silicio/acido sulfurico,6.72,7,11110
20,185,0,Carbono/agua,4.7,6,10211
20,185,1,Carbono/amonia,6.72,7,6957
20,185,2,Carbono/acido sulfurico,4.7,6,11311
20,185,3,Carbono/metano,6.72,7,4460
20,185,4,Silicio/agua,4.7,6,10787
20,185,5,Silicio/acido sulfurico,6.72,7,11675
20,190,0,Carbono/agua,4.7,6,11319
20,190,1,Carbono/amonia,6.72,7,7514
20,190,2,Carbono/acido sulfurico,4.7,6,12340
20,190,3,Carbono/metano,6.72,7,4817
20,190,4,Silicio/agua,4.7,6,11938
20,190,5,Silicio/acido sulfurico,6.72,7,12240
20,195,0,Carbono/agua,4.7,6,12544
20,195,1,Carbono/amonia,6.72,7,8070
20,195,2,Carbono/acido sulfurico,4.7,6,13369
20,195,3,Carbono/metano,6.72,7,5175
20,195,4,Silicio/agua,4.7,6,13211
20,195,5,Silicio/acido sulfurico,6.72,7,13370
20,200,0,Carbono/agua,4.7,6,13896
20,200,1,Carbono/amonia,6.72,7,8626
20,200,2,Carbono/acido sulfurico,4.7,6,14399
20,200,3,Carbono/metano,6.72,7,5532
20,200,4,Silicio/agua,4.7,6,14615
20,200,5,Silicio/acido sulfurico,6.72,7,14500
20,205,0,Carbono/agua,4.7,6,15389
20,205,1,Carbono/amonia,6.72,7,9181
20,205,2,Carbono/acido sulfurico,4.7,6,15427
20,205,3,Carbono/metano,6.72,7,5889
20,205,4,Silicio/agua,4.7,6,16166
20,205,5,Silicio/acido sulfurico,6.72,7,15630
20,210,0,Carbono/agua,4.7,6,17037
20,210,1,Carbono/amonia,6.72,7,9737
20,210,2,Carbono/acido sulfurico,4.7,6,16457
20,210,3,Carbono/metano,6.72,7,6246
20,210,4,Silicio/agua,4.7,6,17878
20,210,5,Silicio/acido sulfurico,6.72,7,16759
20,215,0,Carbono/agua,6.72,8,18857
20,215,1,Carbono/amonia,6.72,7,10293
20,215,2,Carbono/acido sulfurico,4.7,6,17487
20,215,3,Carbono/metano,6.72,7,6603
20,215,4,Silicio/agua,4.7,6,19769
20,215,5,Silicio/acido sulfurico,6.72,8,17889
20,220,0,Carbono/agua,6.72,8,20867
20,220,1,Carbono/amonia,6.72,7,10848
20,220,2,Carbono/acido sulfurico,6.72,8,18516
20,220,3,Carbono/metano,6.72,7,6960
20,220,4,Silicio/agua,4.7,6,21856
20,220,5,Silicio/acido sulfurico,6.72,8,19018
20,225,0,Carbono/agua,6.72,8,23085
20,225,1,Carbono/amonia,6.72,7,11404
20,225,2,Carbono/acido sulfurico,6.72,8,19546
20,225,3,Carbono/metano,6.72,7,7318
20,225,4,Silicio/agua,4.7,6,24160
20,225,5,Silicio/acido sulfurico,6.72,8,20145
20,230,0,Carbono/agua,6.72,8,25537
20,230,1,Carbono/amonia,6.72,7,11959
20,230,2,Carbono/acido sulfurico,6.72,8,20576
20,230,3,Carbono/metano,6.72,7,7676
20,230,4,Silicio/agua,6.72,8,26705
20,230,5,Silicio/acido sulfurico,6.72,8,21274
20,235,0,Carbono/agua,6.72,8,28198
20,235,1,Carbono/amonia,6.72,7,12514
20,235,2,Carbono/acido sulfurico,6.72,8,21606
20,235,3,Carbono/metano,6.72,7,8032
20,235,4,Silicio/agua,6.72,8,29467
20,235,5,Silicio/acido sulfurico,6.72,8,22403
20,240,0,Carbono/agua,6.72,8,30881
20,240,1,Carbono/amonia,6.72,7,13070
20,240,2,Carbono/acido sulfurico,6.72,8,22636
20,240,3,Carbono/metano,6.72,7,8389
20,240,4,Silicio/agua,6.72,8,32250
20,240,5,Silicio/acido sulfurico,6.72,8,23533
20,245,0,Carbono/agua,6.72,8,33561
20,245,1,Carbono/amonia,6.72,7,13625
20,245,2,Carbono/acido sulfurico,6.72,8,23665
20,245,3,Carbono/metano,6.72,7,8748
20,245,4,Silicio/agua,6.72,8,35031
20,245,5,Silicio/acido sulfurico,6.72,8,24661
20,250,0,Carbono/agua,6.72,8,36241
20,250,1,Carbono/amonia,6.72,7,14181
20,250,2,Carbono/acido sulfurico,6.72,8,24695
20,250,3,Carbono/metano,6.72,7,9104
20,250,4,Silicio/agua,6.72,8,37813
20,250,5,Silicio/acido sulfurico,6.72,8,25790
20,255,0,Carbono/agua,6.72,8,38922
20,255,1,Carbono/amonia,6.72,7,14736
20,255,2,Carbono/acido sulfurico,6.72,8,25725
20,255,3,Carbono/metano,6.72,7,9462
20,255,4,Silicio/agua,6.72,8,40593
20,255,5,Silicio/acido sulfurico,6.72,8,26919
20,260,0,Carbono/agua,6.72,8,41602
20,260,1,Carbono/amonia,6.72,7,15291
20,260,2,Carbono/acido sulfurico,6.72,8,26754
20,260,3,Carbono/metano,6.72,7,9818
20,260,4,Silicio/agua,6.72,8,43376
20,260,5,Silicio/acido sulfurico,6.72,8,28048
20,265,0,Carbono/agua,6.72,8,44283
20,265,1,Carbono/amonia,6.72,7,15848
20,265,2,Carbono/acido sulfurico,6.72,8,27783
20,265,3,Carbono/metano,6.72,7,10175
20,265,4,Silicio/agua,6.72,8,46159
20,265,5,Silicio/acido sulfurico,6.72,8,29178
20,270,0,Carbono/agua,6.72,8,46963
20,270,1,Carbono/amonia,6.72,7,16404
20,270,2,Carbono/acido sulfurico,6.72,8,28812
20,270,3,Carbono/metano,6.72,7,10533
20,270,4,Silicio/agua,6.72,8,48941
20,270,5,Silicio/acido sulfurico,6.72,8,30306
20,275,0,Carbono/agua,6.72,8,49643
20,275,1,Carbono/amonia,6.72,7,16960
20,275,2,Carbono/acido sulfurico,6.72,8,29842
20,275,3,Carbono/metano,6.72,7,10888
20,275,4,Silicio/agua,6.72,8,51726
20,275,5,Silicio/acido sulfurico,6.72,8,31435
20,280,0,Carbono/agua,6.72,8,52323
20,280,1,Carbono/amonia,6.72,7,17518
20,280,2,Carbono/acido sulfurico,6.72,8,30870
20,280,3,Carbono/metano,6.72,7,11244
20,280,4,Silicio/agua,6.72,8,54509
20,280,5,Silicio/acido sulfurico,6.72,8,32563
20,285,0,Carbono/agua,6.72,8,55003
20,285,1,Carbono/amonia,6.72,7,18073
20,285,2,Carbono/acido sulfurico,6.72,8,31900
20,285,3,Carbono/metano,6.72,7,11600
20,285,4,Silicio/agua,6.72,8,57292
20,285,5,Silicio/acido sulfurico,6.72,8,33693
20,290,0,Carbono/agua,6.72,8,57683
20,290,1,Carbono/amonia,6.72,7,18628
20,290,2,Carbono/acido sulfurico,6.72,8,32930
20,290,3,Carbono/metano,6.72,7,11958
20,290,4,Silicio/agua,6.72,8,60077
20,290,5,Silicio/acido sulfurico,6.72,8,34822
20,295,0,Carbono/agua,6.72,8,60364
20,295,1,Carbono/amonia,6.72,7,19185
20,295,2,Carbono/acido sulfurico,6.72,8,33959
20,295,3,Carbono/metano,6.72,7,12314
20,295,4,Silicio/agua,6.72,8,62860
20,295,5,Silicio/acido sulfurico,6.72,8,35950
20,300,0,Carbono/agua,6.72,8,63045
20,300,1,Carbono/amonia,6.72,7,19741
20,300,2,Carbono/acido sulfurico,6.72,8,34989
20,300,3,Carbono/metano,6.72,7,12670
20,300,4,Silicio/agua,6.72,8,65643
20,300,5,Silicio/acido sulfurico,6.72,8,37079
21,0,0,Carbono/agua,1.74,3,6
21,0,1,Carbono/amonia,1.72,2,4
21,0,2,Carbono/acido sulfurico,0.92,2,6
21,0,3,Carbono/metano,0.86,2,2
21,0,4,Silicio/agua,0.7,1,5
21,0,5,Silicio/acido sulfurico,1.7,3,8
21,5,0,Carbono/agua,1.74,3,34
21,5,1,Carbono/amonia,1.84,3,23
21,5,2,Carbono/acido sulfurico,0.92,2,42
21,5,3,Carbono/metano,0.86,2,14
21,5,4,Silicio/agua,1.74,3,35
21,5,5,Silicio/acido sulfurico,2.76,4,47
21,10,0,Carbono/agua,1.78,3,67
21,10,1,Carbono/amonia,1.86,3,46
21,10,2,Carbono/acido sulfurico,0.94,2,82
21,10,3,Carbono/metano,0.86,2,29
21,10,4,Silicio/agua,1.74,3,68
21,10,5,Silicio/acido sulfurico,2.78,4,92
21,15,0,Carbono/agua,1.84,3,101
21,15,1,Carbono/amonia,1.86,3,69
21,15,2,Carbono/acido sulfurico,1.88,3,126
21,15,3,Carbono/metano,0.88,2,43
21,15,4,Silicio/agua,2.68,4,104
21,15,5,Silicio/acido sulfurico,2.78,4,140
21,20,0,Carbono/agua,1.86,3,139
21,20,1,Carbono/amonia,1.86,3,96
21,20,2,Carbono/acido sulfurico,1.88,3,176
21,20,3,Carbono/metano,1.82,3,60
21,20,4,Silicio/agua,2.7,4,143
21,20,5,Silicio/acido sulfurico,3.68,5,194
21,25,0,Carbono/agua,1.86,3,182
21,25,1,Carbono/amonia,1.86,3,126
21,25,2,Carbono/acido sulfurico,1.88,3,231
21,25,3,Carbono/metano,1.82,3,80
21,25,4,Silicio/agua,2.72,4,186
21,25,5,Silicio/acido sulfurico,3.72,5,253
21,30,0,Carbono/agua,1.88,3,229
21,30,1,Carbono/amonia,1.88,3,160
21,30,2,Carbono/acido sulfurico,1.88,3,290
21,30,3,Carbono/metano,1.84,3,100
21,30,4,Silicio/agua,2.78,4,234
21,30,5,Silicio/acido sulfurico,3.72,5,318
21,35,0,Carbono/agua,1.88,3,281
21,35,1,Carbono/amonia,1.88,3,195
21,35,2,Carbono/acido sulfurico,2.82,4,357
21,35,3,Carbono/metano,1.84,3,122
21,35,4,Silicio/agua,2.8,4,288
21,35,5,Silicio/acido sulfurico,3.74,5,391
21,40,0,Carbono/agua,1.88,3,340
21,40,1,Carbono/amonia,1.88,3,234
21,40,2,Carbono/acido sulfurico,2.82,4,430
21,40,3,Carbono/metano,1.86,3,147
21,40,4,Silicio/agua,2.8,4,347
21,40,5,Silicio/acido sulfurico,3.74,5,470
21,45,0,Carbono/agua,2.82,4,403
21,45,1,Carbono/amonia,2.82,4,277
21,45,2,Carbono/acido sulfurico,2.82,4,511
21,45,3,Carbono/metano,2.76,4,175
21,45,4,Silicio/agua,2.8,4,411
21,45,5,Silicio/acido sulfurico,3.76,5,557
21,50,0,Carbono/agua,2.82,4,473
21,50,1,Carbono/amonia,2.82,4,324
21,50,2,Carbono/acido sulfurico,2.82,4,601
21,50,3,Carbono/metano,2.76,4,208
21,50,4,Silicio/agua,2.8,4,483
21,50,5,Silicio/acido sulfurico,3.76,5,655
21,55,0,Carbono/agua,2.82,4,548
21,55,1,Carbono/amonia,2.82,4,376
21,55,2,Carbono/acido sulfurico,2.82,4,700
21,55,3,Carbono/metano,2.78,4,241
21,55,4,Silicio/agua,3.72,5,562
21,55,5,Silicio/acido sulfurico,3.76,5,763
21,60,0,Carbono/agua,3.72,5,632
21,60,1,Carbono/amonia,2.82,4,435
21,60,2,Carbono/acido sulfurico,2.82,4,807
21,60,3,Carbono/metano,2.78,4,279
21,60,4,Silicio/agua,3.74,5,650
21,60,5,Silicio/acido sulfurico,3.76,5,881
21,65,0,Carbono/agua,3.76,5,726
21,65,1,Carbono/amonia,2.82,4,499
21,65,2,Carbono/acido sulfurico,2.82,4,927
21,65,3,Carbono/metano,2.78,4,319
21,65,4,Silicio/agua,3.74,5,747
21,65,5,Silicio/acido sulfurico,3.76,5,1011
21,70,0,Carbono/agua,3.76,5,830
21,70,1,Carbono/amonia,2.82,4,570
21,70,2,Carbono/acido sulfurico,3.72,5,1059
21,70,3,Carbono/metano,2.78,4,366
21,70,4,Silicio/agua,3.74,5,853
21,70,5,Silicio/acido sulfurico,3.76,5,1155
21,75,0,Carbono/agua,3.76,5,945
21,75,1,Carbono/amonia,2.82,4,650
21,75,2,Carbono/acido sulfurico,3.72,5,1205
21,75,3,Carbono/metano,2.8,4,411
21,75,4,Silicio/agua,3.74,5,971
21,75,5,Silicio/acido sulfurico,3.76,5,1314
21,80,0,Carbono/agua,3.76,5,1070
21,80,1,Carbono/amonia,2.82,4,736
21,80,2,Carbono/acido sulfurico,3.72,5,1366
21,80,3,Carbono/metano,2.8,4,439
21,80,4,Silicio/agua,3.74,5,1101
21,80,5,Silicio/acido sulfurico,3.76,5,1489
21,85,0,Carbono/agua,3.76,5,1208
21,85,1,Carbono/amonia,2.82,4,832
21,85,2,Carbono/acido sulfurico,3.76,5,1543
21,85,3,Carbono/metano,2.8,4,469
21,85,4,Silicio/agua,3.76,5,1246
21,85,5,Silicio/acido sulfurico,3.76,5,1684
21,90,0,Carbono/agua,3.76,5,1361
21,90,1,Carbono/amonia,2.82,4,938
21,90,2,Carbono/acido sulfurico,3.76,5,1740
21,90,3,Carbono/metano,2.8,4,504
21,90,4,Silicio/agua,4.7,6,1404
21,90,5,Silicio/acido sulfurico,3.76,5,1898
21,95,0,Carbono/agua,4.7,6,1530
21,95,1,Carbono/amonia,2.82,4,1055
21,95,2,Carbono/acido sulfurico,4.68,6,1958
21,95,3,Carbono/metano,2.8,4,541
21,95,4,Silicio/agua,4.7,6,1579
21,95,5,Silicio/acido sulfurico,3.76,5,2137
21,100,0,Carbono/agua,4.7,6,1717
21,100,1,Carbono/amonia,2.82,4,1183
21,100,2,Carbono/acido sulfurico,4.68,6,2198
21,100,3,Carbono/metano,2.8,4,599
21,100,4,Silicio/agua,4.7,6,1773
21,100,5,Silicio/acido sulfurico,3.76,5,2398
21,105,0,Carbono/agua,4.7,6,1922
21,105,1,Carbono/amonia,2.82,4,1325
21,105,2,Carbono/acido sulfurico,4.68,6,2463
21,105,3,Carbono/metano,2.8,4,691
21,105,4,Silicio/agua,4.7,6,1988
21,105,5,Silicio/acido sulfurico,3.76,5,2689
21,110,0,Carbono/agua,4.7,6,2149
21,110,1,Carbono/amonia,2.82,4,1483
21,110,2,Carbono/acido sulfurico,4.7,6,2754
21,110,3,Carbono/metano,2.8,4,792
21,110,4,Silicio/agua,4.7,6,2226
21,110,5,Silicio/acido sulfurico,3.76,5,3008
21,115,0,Carbono/agua,4.7,6,2400
21,115,1,Carbono/amonia,2.82,4,1657
21,115,2,Carbono/acido sulfurico,4.7,6,3076
21,115,3,Carbono/metano,3.72,5,904
21,115,4,Silicio/agua,4.7,6,2486
21,115,5,Silicio/acido sulfurico,3.76,5,3325
21,120,0,Carbono/agua,4.7,6,2679
21,120,1,Carbono/amonia,3.74,5,1773
21,120,2,Carbono/acido sulfurico,4.7,6,3431
21,120,3,Carbono/metano,3.72,5,1028
21,120,4,Silicio/agua,4.7,6,2774
21,120,5,Silicio/acido sulfurico,3.76,5,3520
21,125,0,Carbono/agua,4.7,6,2986
21,125,1,Carbono/amonia,3.76,5,1879
21,125,2,Carbono/acido sulfurico,4.7,6,3824
21,125,3,Carbono/metano,3.74,5,1164
21,125,4,Silicio/agua,4.7,6,3093
21,125,5,Silicio/acido sulfurico,3.76,5,3735
21,130,0,Carbono/agua,4.7,6,3323
21,130,1,Carbono/amonia,3.76,5,1995
21,130,2,Carbono/acido sulfurico,4.7,6,4257
21,130,3,Carbono/metano,3.76,5,1315
21,130,4,Silicio/agua,4.7,6,3445
21,130,5,Silicio/acido sulfurico,3.76,5,3973
21,135,0,Carbono/agua,4.7,6,3696
21,135,1,Carbono/amonia,3.76,5,2123
21,135,2,Carbono/acido sulfurico,4.7,6,4737
21,135,3,Carbono/metano,4.68,6,1480
21,135,4,Silicio/agua,4.7,6,3832
21,135,5,Silicio/acido sulfurico,3.76,5,4235
21,140,0,Carbono/agua,4.7,6,4108
21,140,1,Carbono/amonia,3.76,5,2265
21,140,2,Carbono/acido sulfurico,4.7,6,5265
21,140,3,Carbono/metano,4.7,6,1664
21,140,4,Silicio/agua,4.7,6,4259
21,140,5,Silicio/acido sulfurico,3.76,5,4645
21,145,0,Carbono/agua,4.7,6,4563
21,145,1,Carbono/amonia,3.76,5,2580
21,145,2,Carbono/acido sulfurico,4.7,6,5847
21,145,3,Carbono/metano,4.7,6,1866
21,145,4,Silicio/agua,4.7,6,4732
21,145,5,Silicio/acido sulfurico,3.76,5,5285
21,150,0,Carbono/agua,4.7,6,5065
21,150,1,Carbono/amonia,3.76,5,2929
21,150,2,Carbono/acido sulfurico,4.7,6,6492
21,150,3,Carbono/metano,4.7,6,2088
21,150,4,Silicio/agua,4.7,6,5254
21,150,5,Silicio/acido sulfurico,3.76,5,5992
21,155,0,Carbono/agua,4.7,6,5620
21,155,1,Carbono/amonia,4.7,6,3312
21,155,2,Carbono/acido sulfurico,4.7,6,7202
21,155,3,Carbono/metano,4.7,6,2334
21,155,4,Silicio/agua,4.7,6,5830
21,155,5,Silicio/acido sulfurico,4.7,6,6770
21,160,0,Carbono/agua,4.7,6,6234
21,160,1,Carbono/amonia,4.7,6,3737
21,160,2,Carbono/acido sulfurico,4.7,6,7987
21,160,3,Carbono/metano,4.7,6,2604
21,160,4,Silicio/agua,4.7,6,6467
21,160,5,Silicio/acido sulfurico,4.7,6,7630
21,165,0,Carbono/agua,4.7,6,6911
21,165,1,Carbono/amonia,4.7,6,4204
21,165,2,Carbono/acido sulfurico,4.7,6,8853
21,165,3,Carbono/metano,4.7,6,2904
21,165,4,Silicio/agua,4.7,6,7169
21,165,5,Silicio/acido sulfurico,4.7,6,8580
21,170,0,Carbono/agua,4.7,6,7657
21,170,1,Carbono/amonia,4.7,6,4721
21,170,2,Carbono/acido sulfurico,4.7,6,9811
21,170,3,Carbono/metano,4.7,6,3235
21,170,4,Silicio/agua,4.7,6,7944
21,170,5,Silicio/acido sulfurico,4.7,6,9628
21,175,0,Carbono/agua,4.7,6,8482
21,175,1,Carbono/amonia,4.7,6,5275
21,175,2,Carbono/acido sulfurico,4.7,6,10838
21,175,3,Carbono/metano,4.7,6,3590
21,175,4,Silicio/agua,5.76,7,8798
21,175,5,Silicio/acido sulfurico,4.7,6,10753
21,180,0,Carbono/agua,4.7,6,9392
21,180,1,Carbono/amonia,4.7,6,5831
21,180,2,Carbono/acido sulfurico,4.7,6,11868
21,180,3,Carbono/metano,5.7,7,3947
21,180,4,Silicio/agua,6.72,8,9745
21,180,5,Silicio/acido sulfurico,4.7,6,11883
21,185,0,Carbono/agua,4.7,6,10293
21,185,1,Carbono/amonia,4.7,6,6387
21,185,2,Carbono/acido sulfurico,4.7,6,12897
21,185,3,Carbono/metano,6.72,8,4303
21,185,4,Silicio/agua,6.72,8,10788
21,185,5,Silicio/acido sulfurico,4.7,6,13013
21,190,0,Carbono/agua,4.7,6,10849
21,190,1,Carbono/amonia,4.7,6,6943
21,190,2,Carbono/acido sulfurico,4.7,6,13927
21,190,3,Carbono/metano,6.72,8,4658
21,190,4,Silicio/agua,6.72,8,11939
21,190,5,Silicio/acido sulfurico,4.7,6,14143
21,195,0,Carbono/agua,4.7,6,11463
21,195,1,Carbono/amonia,4.7,6,7499
21,195,2,Carbono/acido sulfurico,4.7,6,14957
21,195,3,Carbono/metano,6.72,8,5016
21,195,4,Silicio/agua,6.72,8,13209
21,195,5,Silicio/acido sulfurico,4.7,6,15273
21,200,0,Carbono/agua,4.7,6,12138
21,200,1,Carbono/amonia,4.7,6,8054
21,200,2,Carbono/acido sulfurico,4.7,6,15987
21,200,3,Carbono/metano,6.72,8,5373
21,200,4,Silicio/agua,6.72,8,14613
21,200,5,Silicio/acido sulfurico,4.7,6,16401
21,205,0,Carbono/agua,4.7,6,12885
21,205,1,Carbono/amonia,4.7,6,8609
21,205,2,Carbono/acido sulfurico,4.7,6,17016
21,205,3,Carbono/metano,6.72,8,5729
21,205,4,Silicio/agua,6.72,8,16165
21,205,5,Silicio/acido sulfurico,6.72,8,17530
21,210,0,Carbono/agua,4.7,6,14048
21,210,1,Carbono/amonia,4.7,6,9165
21,210,2,Carbono/acido sulfurico,4.7,6,18046
21,210,3,Carbono/metano,6.72,8,6086
21,210,4,Silicio/agua,6.72,8,17878
21,210,5,Silicio/acido sulfurico,6.72,8,18660
21,215,0,Carbono/agua,4.7,6,15868
21,215,1,Carbono/amonia,4.7,6,9721
21,215,2,Carbono/acido sulfurico,4.7,6,19076
21,215,3,Carbono/metano,6.72,8,6441
21,215,4,Silicio/agua,6.72,8,19769
21,215,5,Silicio/acido sulfurico,6.72,8,19787
21,220,0,Carbono/agua,6.7,8,17877
21,220,1,Carbono/amonia,4.7,6,10276
21,220,2,Carbono/acido sulfurico,4.7,6,20106
21,220,3,Carbono/metano,6.72,8,6799
21,220,4,Silicio/agua,6.72,8,21856
21,220,5,Silicio/acido sulfurico,6.72,8,20917
21,225,0,Carbono/agua,6.72,8,20096
21,225,1,Carbono/amonia,4.7,6,10831
21,225,2,Carbono/acido sulfurico,4.7,6,21134
21,225,3,Carbono/metano,6.72,8,7157
21,225,4,Silicio/agua,6.72,8,24161
21,225,5,Silicio/acido sulfurico,6.72,8,22046
21,230,0,Carbono/agua,6.72,8,22547
21,230,1,Carbono/amonia,4.7,6,11387
21,230,2,Carbono/acido sulfurico,4.7,6,22164
21,230,3,Carbono/metano,6.72,8,7514
21,230,4,Silicio/agua,6.72,8,26706
21,230,5,Silicio/acido sulfurico,6.72,8,23174
21,235,0,Carbono/agua,6.72,8,25206
21,235,1,Carbono/amonia,4.7,6,11944
21,235,2,Carbono/acido sulfurico,4.7,6,23194
21,235,3,Carbono/metano,6.72,8,7872
21,235,4,Silicio/agua,6.72,8,29467
21,235,5,Silicio/acido sulfurico,6.72,8,24302
21,240,0,Carbono/agua,6.72,8,27886
21,240,1,Carbono/amonia,4.7,6,12500
21,240,2,Carbono/acido sulfurico,6.7,8,24224
21,240,3,Carbono/metano,6.72,8,8228
21,240,4,Silicio/agua,6.72,8,32250
21,240,5,Silicio/acido sulfurico,6.72,8,25429
21,245,0,Carbono/agua,6.72,8,30567
21,245,1,Carbono/amonia,4.7,6,13055
21,245,2,Carbono/acido sulfurico,6.72,8,25254
21,245,3,Carbono/metano,6.72,8,8584
21,245,4,Silicio/agua,6.72,8,35033
21,245,5,Silicio/acido sulfurico,6.72,8,26558
21,250,0,Carbono/agua,6.72,8,33247
21,250,1,Carbono/amonia,4.7,6,13610
21,250,2,Carbono/acido sulfurico,6.72,8,26284
21,250,3,Carbono/metano,6.72,8,8941
21,250,4,Silicio/agua,6.72,8,37815
21,250,5,Silicio/acido sulfurico,6.72,8,27687
21,255,0,Carbono/agua,6.72,8,35927
21,255,1,Carbono/amonia,4.7,6,14168
21,255,2,Carbono/acido sulfurico,6.72,8,27313
21,255,3,Carbono/metano,6.72,8,9297
21,255,4,Silicio/agua,6.72,8,40599
21,255,5,Silicio/acido sulfurico,6.72,8,28816
21,260,0,Carbono/agua,6.72,8,38609
21,260,1,Carbono/amonia,4.7,6,14723
21,260,2,Carbono/acido sulfurico,6.72,8,28343
21,260,3,Carbono/metano,6.72,8,9653
21,260,4,Silicio/agua,6.72,8,43381
21,260,5,Silicio/acido sulfurico,6.72,8,29946
21,265,0,Carbono/agua,6.72,8,41289
21,265,1,Carbono/amonia,4.7,6,15279
21,265,2,Carbono/acido sulfurico,6.72,8,29373
21,265,3,Carbono/metano,6.72,8,10009
21,265,4,Silicio/agua,6.72,8,46165
21,265,5,Silicio/acido sulfurico,6.72,8,31072
21,270,0,Carbono/agua,6.72,8,43971
21,270,1,Carbono/amonia,4.7,6,15834
21,270,2,Carbono/acido sulfurico,6.72,8,30403
21,270,3,Carbono/metano,6.72,8,10367
21,270,4,Silicio/agua,6.72,8,48948
21,270,5,Silicio/acido sulfurico,6.72,8,32202
21,275,0,Carbono/agua,6.72,8,46651
21,275,1,Carbono/amonia,4.7,6,16390
21,275,2,Carbono/acido sulfurico,6.72,8,31433
21,275,3,Carbono/metano,6.72,8,10724
21,275,4,Silicio/agua,6.72,8,51731
21,275,5,Silicio/acido sulfurico,6.72,8,33332
21,280,0,Carbono/agua,6.72,8,49332
21,280,1,Carbono/amonia,4.7,6,16947
21,280,2,Carbono/acido sulfurico,6.72,8,32463
21,280,3,Carbono/metano,6.72,8,11081
21,280,4,Silicio/agua,6.72,8,54514
21,280,5,Silicio/acido sulfurico,6.72,8,34460
21,285,0,Carbono/agua,6.72,8,52012
21,285,1,Carbono/amonia,4.7,6,17503
21,285,2,Carbono/acido sulfurico,6.72,8,33492
21,285,3,Carbono/metano,6.72,8,11438
21,285,4,Silicio/agua,6.72,8,57299
21,285,5,Silicio/acido sulfurico,6.72,8,35589
21,290,0,Carbono/agua,6.72,8,54693
21,290,1,Carbono/amonia,4.7,6,18058
21,290,2,Carbono/acido sulfurico,6.72,8,34521
21,290,3,Carbono/metano,6.72,8,11794
21,290,4,Silicio/agua,6.72,8,60082
21,290,5,Silicio/acido sulfurico,6.72,8,36718
21,295,0,Carbono/agua,6.72,8,57374
21,295,1,Carbono/amonia,4.7,6,18613
21,295,2,Carbono/acido sulfurico,6.72,8,35551
21,295,3,Carbono/metano,6.72,8,12150
21,295,4,Silicio/agua,6.72,8,62866
21,295,5,Silicio/acido sulfurico,6.72,8,37847
21,300,0,Carbono/agua,6.72,8,60055
21,300,1,Carbono/amonia,4.7,6,19168
21,300,2,Carbono/acido sulfurico,6.72,8,36580
21,300,3,Carbono/metano,6.72,8,12507
21,300,4,Silicio/agua,6.72,8,65649
21,300,5,Silicio/acido sulfurico,6.72,8,38977
22,0,0,Carbono/agua,0.94,2,6
22,0,1,Carbono/amonia,0.9,2,4
22,0,2,Carbono/acido sulfurico,0.74,2,6
22,0,3,Carbono/metano,0.8,2,2
22,0,4,Silicio/agua,0.94,2,6
22,0,5,Silicio/acido sulfurico,-0.02,1,8
22,5,0,Carbono/agua,0.94,2,34
22,5,1,Carbono/amonia,0.92,2,23
22,5,2,Carbono/acido sulfurico,1.78,3,43
22,5,3,Carbono/metano,1.8,3,16
22,5,4,Silicio/agua,1.72,3,36
22,5,5,Silicio/acido sulfurico,0.92,2,48
22,10,0,Carbono/agua,1.8,3,65
22,10,1,Carbono/amonia,0.92,2,44
22,10,2,Carbono/acido sulfurico,1.82,3,84
22,10,3,Carbono/metano,1.8,3,30
22,10,4,Silicio/agua,2.72,4,67
22,10,5,Silicio/acido sulfurico,1.7,3,93
22,15,0,Carbono/agua,1.8,3,100
22,15,1,Carbono/amonia,1.78,3,67
22,15,2,Carbono/acido sulfurico,1.82,3,129
22,15,3,Carbono/metano,1.82,3,45
22,15,4,Silicio/agua,2.72,4,103
22,15,5,Silicio/acido sulfurico,1.86,3,141
22,20,0,Carbono/agua,1.84,3,138
22,20,1,Carbono/amonia,1.88,3,93
22,20,2,Carbono/acido sulfurico,1.84,3,179
22,20,3,Carbono/metano,2.78,4,63
22,20,4,Silicio/agua,2.72,4,143
22,20,5,Silicio/acido sulfurico,1.86,3,196
22,25,0,Carbono/agua,2.74,4,183
22,25,1,Carbono/amonia,1.88,3,123
22,25,2,Carbono/acido sulfurico,1.84,3,233
22,25,3,Carbono/metano,2.78,4,80
22,25,4,Silicio/agua,2.72,4,186
22,25,5,Silicio/acido sulfurico,2.76,4,254
22,30,0,Carbono/agua,3.72,5,231
22,30,1,Carbono/amonia,1.88,3,154
22,30,2,Carbono/acido sulfurico,1.88,3,291
22,30,3,Carbono/metano,2.78,4,101
22,30,4,Silicio/agua,2.8,4,235
22,30,5,Silicio/acido sulfurico,2.82,4,319
22,35,0,Carbono/agua,3.72,5,281
22,35,1,Carbono/amonia,1.88,3,190
22,35,2,Carbono/acido sulfurico,3.76,5,357
22,35,3,Carbono/metano,2.78,4,125
22,35,4,Silicio/agua,3.72,5,289
22,35,5,Silicio/acido sulfurico,3.72,5,392
22,40,0,Carbono/agua,3.72,5,337
22,40,1,Carbono/amonia,1.88,3,229
22,40,2,Carbono/acido sulfurico,3.76,5,429
22,40,3,Carbono/metano,2.78,4,150
22,40,4,Silicio/agua,3.74,5,348
22,40,5,Silicio/acido sulfurico,3.72,5,473
22,45,0,Carbono/agua,3.72,5,401
22,45,1,Carbono/amonia,1.88,3,273
22,45,2,Carbono/acido sulfurico,3.76,5,511
22,45,3,Carbono/metano,2.8,4,177
22,45,4,Silicio/agua,3.74,5,415
22,45,5,Silicio/acido sulfurico,4.7,6,562
22,50,0,Carbono/agua,3.74,5,471
22,50,1,Carbono/amonia,1.88,3,322
22,50,2,Carbono/acido sulfurico,3.76,5,600
22,50,3,Carbono/metano,2.8,4,208
22,50,4,Silicio/agua,3.74,5,487
22,50,5,Silicio/acido sulfurico,4.7,6,659
22,55,0,Carbono/agua,3.74,5,548
22,55,1,Carbono/amonia,1.88,3,375
22,55,2,Carbono/acido sulfurico,3.76,5,698
22,55,3,Carbono/metano,2.8,4,243
22,55,4,Silicio/agua,3.74,5,566
22,55,5,Silicio/acido sulfurico,4.7,6,766
22,60,0,Carbono/agua,3.74,5,633
22,60,1,Carbono/amonia,1.88,3,434
22,60,2,Carbono/acido sulfurico,3.76,5,807
22,60,3,Carbono/metano,2.8,4,280
22,60,4,Silicio/agua,3.74,5,655
22,60,5,Silicio/acido sulfurico,4.7,6,885
22,65,0,Carbono/agua,3.74,5,726
22,65,1,Carbono/amonia,2.7,4,498
22,65,2,Carbono/acido sulfurico,3.76,5,926
22,65,3,Carbono/metano,2.8,2,316
22,65,4,Silicio/agua,3.74,5,752
22,65,5,Silicio/acido sulfurico,4.7,6,1017
22,70,0,Carbono/agua,4.68,6,830
22,70,1,Carbono/amonia,2.72,4,569
22,70,2,Carbono/acido sulfurico,4.68,6,1059
22,70,3,Carbono/metano,2.8,4,341
22,70,4,Silicio/agua,3.74,5,858
22,70,5,Silicio/acido sulfurico,4.7,6,1163
22,75,0,Carbono/agua,4.68,6,945
22,75,1,Carbono/amonia,2.76,4,648
22,75,2,Carbono/acido sulfurico,4.68,6,1205
22,75,3,Carbono/metano,2.8,4,366
22,75,4,Silicio/agua,4.68,6,976
22,75,5,Silicio/acido sulfurico,4.7,6,1322
22,80,0,Carbono/agua,4.68,6,1072
22,80,1,Carbono/amonia,5.74,5,735
22,80,2,Carbono/acido sulfurico,4.68,6,1366
22,80,3,Carbono/metano,2.8,4,393
22,80,4,Silicio/agua,4.7,6,1106
22,80,5,Silicio/acido sulfurico,4.7,6,1499
22,85,0,Carbono/agua,4.7,6,1211
22,85,1,Carbono/amonia,5.74,6,831
22,85,2,Carbono/acido sulfurico,4.7,6,1544
22,85,3,Carbono/metano,2.82,4,424
22,85,4,Silicio/agua,4.7,6,1249
22,85,5,Silicio/acido sulfurico,4.7,6,1693
22,90,0,Carbono/agua,4.7,6,1365
22,90,1,Carbono/amonia,5.74,6,938
22,90,2,Carbono/acido sulfurico,4.7,6,1740
22,90,3,Carbono/metano,2.82,4,472
22,90,4,Silicio/agua,4.7,6,1408
22,90,5,Silicio/acido sulfurico,4.7,6,1907
22,95,0,Carbono/agua,4.7,6,1534
22,95,1,Carbono/amonia,5.74,6,1054
22,95,2,Carbono/acido sulfurico,4.7,6,1955
22,95,3,Carbono/metano,2.82,4,549
22,95,4,Silicio/agua,4.7,6,1583
22,95,5,Silicio/acido sulfurico,4.7,6,2144
22,100,0,Carbono/agua,4.7,6,1722
22,100,1,Carbono/amonia,5.76,6,1185
22,100,2,Carbono/acido sulfurico,4.7,6,2193
22,100,3,Carbono/metano,2.82,4,632
22,100,4,Silicio/agua,4.7,6,1776
22,100,5,Silicio/acido sulfurico,4.7,6,2409
22,105,0,Carbono/agua,4.7,6,1906
22,105,1,Carbono/amonia,6.68,7,1328
22,105,2,Carbono/acido sulfurico,4.7,6,2458
22,105,3,Carbono/metano,2.82,4,723
22,105,4,Silicio/agua,4.7,6,1989
22,105,5,Silicio/acido sulfurico,4.7,6,2699
22,110,0,Carbono/agua,4.7,6,2019
22,110,1,Carbono/amonia,6.68,7,1485
22,110,2,Carbono/acido sulfurico,4.7,6,2748
22,110,3,Carbono/metano,2.82,4,824
22,110,4,Silicio/agua,4.7,6,2227
22,110,5,Silicio/acido sulfurico,4.7,6,3019
22,115,0,Carbono/agua,4.7,6,2145
22,115,1,Carbono/amonia,6.72,7,1659
22,115,2,Carbono/acido sulfurico,4.7,6,3070
22,115,3,Carbono/metano,3.76,5,937
22,115,4,Silicio/agua,4.7,6,2488
22,115,5,Silicio/acido sulfurico,4.7,6,3371
22,120,0,Carbono/agua,4.7,6,2284
22,120,1,Carbono/amonia,6.72,7,1851
22,120,2,Carbono/acido sulfurico,4.7,6,3426
22,120,3,Carbono/metano,3.76,5,1011
22,120,4,Silicio/agua,4.7,6,2776
22,120,5,Silicio/acido sulfurico,4.7,6,3759
22,125,0,Carbono/agua,4.7,6,2437
22,125,1,Carbono/amonia,6.72,7,2063
22,125,2,Carbono/acido sulfurico,4.7,6,3818
22,125,3,Carbono/metano,3.76,5,1079
22,125,4,Silicio/agua,4.7,6,3093
22,125,5,Silicio/acido sulfurico,4.7,6,4058
22,130,0,Carbono/agua,4.7,6,2675
22,130,1,Carbono/amonia,6.72,7,2297
22,130,2,Carbono/acido sulfurico,4.7,6,4250
22,130,3,Carbono/metano,3.76,5,1153
22,130,4,Silicio/agua,4.7,6,3444
22,130,5,Silicio/acido sulfurico,4.7,6,4296
22,135,0,Carbono/agua,4.7,6,3049
22,135,1,Carbono/amonia,6.72,7,2555
22,135,2,Carbono/acido sulfurico,4.7,6,4727
22,135,3,Carbono/metano,3.76,5,1235
22,135,4,Silicio/agua,4.7,6,3831
22,135,5,Silicio/acido sulfurico,4.7,6,4559
22,140,0,Carbono/agua,4.7,6,3462
22,140,1,Carbono/amonia,6.72,7,2838
22,140,2,Carbono/acido sulfurico,4.7,6,5256
22,140,3,Carbono/metano,3.76,5,1325
22,140,4,Silicio/agua,4.7,6,4260
22,140,5,Silicio/acido sulfurico,4.7,6,4848
22,145,0,Carbono/agua,4.7,6,3917
22,145,1,Carbono/amonia,6.72,7,3152
22,145,2,Carbono/acido sulfurico,4.7,6,5838
22,145,3,Carbono/metano,3.76,5,1527
22,145,4,Silicio/agua,4.7,6,4733
22,145,5,Silicio/acido sulfurico,4.7,6,5168
22,150,0,Carbono/agua,4.7,6,4419
22,150,1,Carbono/amonia,6.72,7,3500
22,150,2,Carbono/acido sulfurico,4.7,6,6482
22,150,3,Carbono/metano,3.76,5,1748
22,150,4,Silicio/agua,4.7,6,5255
22,150,5,Silicio/acido sulfurico,4.7,6,5807
22,155,0,Carbono/agua,4.7,6,4974
22,155,1,Carbono/amonia,6.72,7,3885
22,155,2,Carbono/acido sulfurico,4.7,6,7194
22,155,3,Carbono/metano,3.76,5,1994
22,155,4,Silicio/agua,4.7,6,5831
22,155,5,Silicio/acido sulfurico,4.7,6,6587
22,160,0,Carbono/agua,4.7,6,5585
22,160,1,Carbono/amonia,6.72,7,4308
22,160,2,Carbono/acido sulfurico,4.7,6,7979
22,160,3,Carbono/metano,3.76,5,2268
22,160,4,Silicio/agua,4.7,6,6467
22,160,5,Silicio/acido sulfurico,4.7,6,7448
22,165,0,Carbono/agua,4.7,6,6260
22,165,1,Carbono/amonia,6.72,7,4775
22,165,2,Carbono/acido sulfurico,4.7,6,8845
22,165,3,Carbono/metano,3.76,5,2567
22,165,4,Silicio/agua,4.7,6,7170
22,165,5,Silicio/acido sulfurico,4.7,6,8396
22,170,0,Carbono/agua,4.7,6,7006
22,170,1,Carbono/amonia,6.72,7,5290
22,170,2,Carbono/acido sulfurico,4.7,6,9801
22,170,3,Carbono/metano,3.76,5,2898
22,170,4,Silicio/agua,4.7,6,7945
22,170,5,Silicio/acido sulfurico,4.7,6,9446
22,175,0,Carbono/agua,4.7,6,7831
22,175,1,Carbono/amonia,6.72,7,5843
22,175,2,Carbono/acido sulfurico,4.7,6,10517
22,175,3,Carbono/metano,3.76,5,3253
22,175,4,Silicio/agua,4.7,6,8801
22,175,5,Silicio/acido sulfurico,4.7,6,10572
22,180,0,Carbono/agua,4.7,6,8741
22,180,1,Carbono/amonia,6.72,7,6399
22,180,2,Carbono/acido sulfurico,4.7,6,11032
22,180,3,Carbono/metano,4.7,6,3610
22,180,4,Silicio/agua,4.7,6,9747
22,180,5,Silicio/acido sulfurico,4.7,6,11701
22,185,0,Carbono/agua,4.7,6,9747
22,185,1,Carbono/amonia,6.72,7,6954
22,185,2,Carbono/acido sulfurico,4.7,6,11547
22,185,3,Carbono/metano,4.7,6,3967
22,185,4,Silicio/agua,4.7,6,10791
22,185,5,Silicio/acido sulfurico,4.7,6,12830
22,190,0,Carbono/agua,4.7,6,10858
22,190,1,Carbono/amonia,6.72,7,7509
22,190,2,Carbono/acido sulfurico,4.7,6,12062
22,190,3,Carbono/metano,4.7,6,4324
22,190,4,Silicio/agua,4.7,6,11944
22,190,5,Silicio/acido sulfurico,4.7,6,13958
22,195,0,Carbono/agua,4.7,6,12084
22,195,1,Carbono/amonia,6.72,7,8064
22,195,2,Carbono/acido sulfurico,4.7,6,12576
22,195,3,Carbono/metano,4.7,6,4682
22,195,4,Silicio/agua,4.7,6,13217
22,195,5,Silicio/acido sulfurico,4.7,6,15086
22,200,0,Carbono/agua,4.7,6,13436
22,200,1,Carbono/amonia,6.72,7,8621
22,200,2,Carbono/acido sulfurico,4.7,6,13503
22,200,3,Carbono/metano,4.7,6,5039
22,200,4,Silicio/agua,4.7,6,14621
22,200,5,Silicio/acido sulfurico,4.7,6,16215
22,205,0,Carbono/agua,4.7,6,14931
22,205,1,Carbono/amonia,6.72,7,9176
22,205,2,Carbono/acido sulfurico,4.7,6,14533
22,205,3,Carbono/metano,4.7,6,5397
22,205,4,Silicio/agua,4.7,6,16172
22,205,5,Silicio/acido sulfurico,4.7,6,17343
22,210,0,Carbono/agua,4.7,6,16581
22,210,1,Carbono/amonia,6.72,7,9732
22,210,2,Carbono/acido sulfurico,4.7,6,15563
22,210,3,Carbono/metano,4.7,6,5755
22,210,4,Silicio/agua,4.7,6,17884
22,210,5,Silicio/acido sulfurico,4.7,6,18471
22,215,0,Carbono/agua,4.7,6,18402
22,215,1,Carbono/amonia,6.72,7,10288
22,215,2,Carbono/acido sulfurico,4.7,6,16592
22,215,3,Carbono/metano,4.7,6,6110
22,215,4,Silicio/agua,4.7,6,19773
22,215,5,Silicio/acido sulfurico,4.7,6,19600
22,220,0,Carbono/agua,4.7,6,20412
22,220,1,Carbono/amonia,6.72,7,10843
22,220,2,Carbono/acido sulfurico,4.7,6,17621
22,220,3,Carbono/metano,4.7,6,6465
22,220,4,Silicio/agua,4.7,6,21861
22,220,5,Silicio/acido sulfurico,4.7,6,20727
22,225,0,Carbono/agua,4.7,6,22631
22,225,1,Carbono/amonia,6.72,7,11400
22,225,2,Carbono/acido sulfurico,4.7,6,18651
22,225,3,Carbono/metano,4.7,6,6822
22,225,4,Silicio/agua,4.7,6,24166
22,225,5,Silicio/acido sulfurico,4.7,6,21855
22,230,0,Carbono/agua,4.7,6,25082
22,230,1,Carbono/amonia,6.72,7,11957
22,230,2,Carbono/acido sulfurico,4.7,6,19679
22,230,3,Carbono/metano,4.7,6,7177
22,230,4,Silicio/agua,4.7,6,26709
22,230,5,Silicio/acido sulfurico,4.7,6,22984
22,235,0,Carbono/agua,4.7,6,27740
22,235,1,Carbono/amonia,6.72,7,12513
22,235,2,Carbono/acido sulfurico,4.7,6,20708
22,235,3,Carbono/metano,4.7,6,7533
22,235,4,Silicio/agua,6.72,8,29468
22,235,5,Silicio/acido sulfurico,4.7,6,24114
22,240,0,Carbono/agua,4.7,6,30421
22,240,1,Carbono/amonia,6.72,7,13068
22,240,2,Carbono/acido sulfurico,4.7,6,21738
22,240,3,Carbono/metano,4.7,6,7888
22,240,4,Silicio/agua,6.7,5,32252
22,240,5,Silicio/acido sulfurico,4.7,6,25242
22,245,0,Carbono/agua,4.7,6,33101
22,245,1,Carbono/amonia,6.72,7,13624
22,245,2,Carbono/acido sulfurico,4.7,6,22768
22,245,3,Carbono/metano,4.7,6,8246
22,245,4,Silicio/agua,6.72,7,33643
22,245,5,Silicio/acido sulfurico,4.7,6,26371
22,250,0,Carbono/agua,4.7,6,35781
22,250,1,Carbono/amonia,6.72,7,14179
22,250,2,Carbono/acido sulfurico,4.7,6,23798
22,250,3,Carbono/metano,4.7,6,8603
22,250,4,Silicio/agua,6.72,7,35035
22,250,5,Silicio/acido sulfurico,4.7,5,27500
22,255,0,Carbono/agua,4.7,6,38461
22,255,1,Carbono/amonia,6.72,7,14736
22,255,2,Carbono/acido sulfurico,4.7,6,24828
22,255,3,Carbono/metano,4.7,6,8959
22,255,4,Silicio/agua,6.72,7,36426
22,255,5,Silicio/acido sulfurico,4.7,6,28064
22,260,0,Carbono/agua,4.7,6,41143
22,260,1,Carbono/amonia,6.72,7,15291
22,260,2,Carbono/acido sulfurico,5.68,7,25857
22,260,3,Carbono/metano,4.7,6,9317
22,260,4,Silicio/agua,6.72,7,37818
22,260,5,Silicio/acido sulfurico,4.7,6,28629
22,265,0,Carbono/agua,4.7,6,43823
22,265,1,Carbono/amonia,6.72,7,15847
22,265,2,Carbono/acido sulfurico,6.72,8,26886
22,265,3,Carbono/metano,4.7,6,9673
22,265,4,Silicio/agua,6.72,7,39487
22,265,5,Silicio/acido sulfurico,4.7,6,29194
22,270,0,Carbono/agua,4.7,6,46503
22,270,1,Carbono/amonia,6.72,7,16403
22,270,2,Carbono/acido sulfurico,6.72,8,27915
22,270,3,Carbono/metano,4.7,6,10030
22,270,4,Silicio/agua,6.72,7,42269
22,270,5,Silicio/acido sulfurico,4.7,6,29759
22,275,0,Carbono/agua,4.7,6,49183
22,275,1,Carbono/amonia,6.72,7,16959
22,275,2,Carbono/acido sulfurico,6.72,8,28945
22,275,3,Carbono/metano,4.7,6,10387
22,275,4,Silicio/agua,6.72,7,45054
22,275,5,Silicio/acido sulfurico,4.7,6,30324
22,280,0,Carbono/agua,4.7,6,51863
22,280,1,Carbono/amonia,6.72,7,17514
22,280,2,Carbono/acido sulfurico,6.72,8,29973
22,280,3,Carbono/metano,4.7,6,10744
22,280,4,Silicio/agua,6.72,7,47839
22,280,5,Silicio/acido sulfurico,4.7,6,31452
22,285,0,Carbono/agua,4.7,6,54544
22,285,1,Carbono/amonia,6.72,7,17958
22,285,2,Carbono/acido sulfurico,6.72,8,31003
22,285,3,Carbono/metano,4.7,6,11102
22,285,4,Silicio/agua,6.72,7,50620
22,285,5,Silicio/acido sulfurico,4.7,6,32580
22,290,0,Carbono/agua,4.7,6,57225
22,290,1,Carbono/amonia,6.72,7,18236
22,290,2,Carbono/acido sulfurico,6.72,8,32033
22,290,3,Carbono/metano,4.7,6,11458
22,290,4,Silicio/agua,6.72,7,53401
22,290,5,Silicio/acido sulfurico,4.7,6,33709
22,295,0,Carbono/agua,6.72,8,59906
22,295,1,Carbono/amonia,6.72,7,18514
22,295,2,Carbono/acido sulfurico,6.72,8,33061
22,295,3,Carbono/metano,4.7,6,11817
22,295,4,Silicio/agua,6.72,7,56184
22,295,5,Silicio/acido sulfurico,4.7,6,34726
22,300,0,Carbono/agua,6.72,8,62586
22,300,1,Carbono/amonia,6.72,7,18790
22,300,2,Carbono/acido sulfurico,6.72,8,34090
22,300,3,Carbono/metano,4.7,6,12175
22,300,4,Silicio/agua,6.72,7,58967
22,300,5,Silicio/acido sulfurico,4.7,6,35290
23,0,0,Carbono/agua,0.84,2,6
23,0,1,Carbono/amonia,0.84,2,4
23,0,2,Carbono/acido sulfurico,-0.02,1,7
23,0,3,Carbono/metano,-0.04,1,2
23,0,4,Silicio/agua,0.92,2,6
23,0,5,Silicio/acido sulfurico,1.82,3,8
23,5,0,Carbono/agua,0.92,2,35
23,5,1,Carbono/amonia,1.8,3,24
23,5,2,Carbono/acido sulfurico,0.84,2,43
23,5,3,Carbono/metano,0.94,2,14
23,5,4,Silicio/agua,0.94,2,35
23,5,5,Silicio/acido sulfurico,1.86,3,47
23,10,0,Carbono/agua,2.7,4,65
23,10,1,Carbono/amonia,1.8,3,46
23,10,2,Carbono/acido sulfurico,1.84,3,84
23,10,3,Carbono/metano,0.94,2,29
23,10,4,Silicio/agua,0.94,2,67
23,10,5,Silicio/acido sulfurico,1.88,3,90
23,15,0,Carbono/agua,2.7,4,100
23,15,1,Carbono/amonia,1.8,3,69
23,15,2,Carbono/acido sulfurico,1.84,3,130
23,15,3,Carbono/metano,0.94,2,44
23,15,4,Silicio/agua,1.88,3,103
23,15,5,Silicio/acido sulfurico,1.88,3,139
23,20,0,Carbono/agua,2.7,4,140
23,20,1,Carbono/amonia,1.8,3,94
23,20,2,Carbono/acido sulfurico,1.86,3,178
23,20,3,Carbono/metano,0.94,2,60
23,20,4,Silicio/agua,2.82,4,143
23,20,5,Silicio/acido sulfurico,1.88,3,193
23,25,0,Carbono/agua,2.72,4,184
23,25,1,Carbono/amonia,2.72,4,122
23,25,2,Carbono/acido sulfurico,1.88,3,233
23,25,3,Carbono/metano,1.7,3,79
23,25,4,Silicio/agua,2.82,4,186
23,25,5,Silicio/acido sulfurico,1.88,3,252
23,30,0,Carbono/agua,2.72,4,230
23,30,1,Carbono/amonia,2.72,4,157
23,30,2,Carbono/acido sulfurico,1.88,3,293
23,30,3,Carbono/metano,1.7,3,99
23,30,4,Silicio/agua,2.82,4,235
23,30,5,Silicio/acido sulfurico,1.88,3,319
23,35,0,Carbono/agua,3.72,5,282
23,35,1,Carbono/amonia,2.72,4,193
23,35,2,Carbono/acido sulfurico,1.88,3,359
23,35,3,Carbono/metano,1.76,3,121
23,35,4,Silicio/agua,2.82,4,288
23,35,5,Silicio/acido sulfurico,2.8,4,392
23,40,0,Carbono/agua,3.72,1,338
23,40,1,Carbono/amonia,2.74,4,232
23,40,2,Carbono/acido sulfurico,1.88,3,432
23,40,3,Carbono/metano,2.7,4,147
23,40,4,Silicio/agua,2.82,4,347
23,40,5,Silicio/acido sulfurico,2.8,4,473
23,45,0,Carbono/agua,3.74,5,368
23,45,1,Carbono/amonia,2.82,4,275
23,45,2,Carbono/acido sulfurico,1.88,3,512
23,45,3,Carbono/metano,3.7,5,174
23,45,4,Silicio/agua,5.68,5,413
23,45,5,Silicio/acido sulfurico,2.8,4,560
23,50,0,Carbono/agua,3.74,5,404
23,50,1,Carbono/amonia,2.82,4,323
23,50,2,Carbono/acido sulfurico,1.88,3,601
23,50,3,Carbono/metano,3.7,5,205
23,50,4,Silicio/agua,5.68,5,485
23,50,5,Silicio/acido sulfurico,3.76,5,657
23,55,0,Carbono/agua,3.74,5,442
23,55,1,Carbono/amonia,2.82,4,376
23,55,2,Carbono/acido sulfurico,2.76,4,699
23,55,3,Carbono/metano,3.7,5,239
23,55,4,Silicio/agua,5.68,5,565
23,55,5,Silicio/acido sulfurico,3.76,5,764
23,60,0,Carbono/agua,3.74,5,484
23,60,1,Carbono/amonia,2.82,4,435
23,60,2,Carbono/acido sulfurico,2.8,4,805
23,60,3,Carbono/metano,3.7,5,275
23,60,4,Silicio/agua,5.68,5,652
23,60,5,Silicio/acido sulfurico,3.76,5,883
23,65,0,Carbono/agua,3.74,5,540
23,65,1,Carbono/amonia,3.74,5,501
23,65,2,Carbono/acido sulfurico,2.82,4,924
23,65,3,Carbono/metano,3.7,5,317
23,65,4,Silicio/agua,5.68,5,749
23,65,5,Silicio/acido sulfurico,4.7,6,1013
23,70,0,Carbono/agua,4.7,6,642
23,70,1,Carbono/amonia,3.74,5,572
23,70,2,Carbono/acido sulfurico,2.82,4,1056
23,70,3,Carbono/metano,3.7,5,362
23,70,4,Silicio/agua,5.7,5,854
23,70,5,Silicio/acido sulfurico,4.7,6,1158
23,75,0,Carbono/agua,4.7,6,757
23,75,1,Carbono/amonia,3.76,5,652
23,75,2,Carbono/acido sulfurico,3.76,5,1203
23,75,3,Carbono/metano,3.7,5,413
23,75,4,Silicio/agua,6.7,6,973
23,75,5,Silicio/acido sulfurico,4.7,6,1316
23,80,0,Carbono/agua,4.7,6,884
23,80,1,Carbono/amonia,3.76,5,739
23,80,2,Carbono/acido sulfurico,3.76,5,1363
23,80,3,Carbono/metano,3.7,5,469
23,80,4,Silicio/agua,6.7,6,1104
23,80,5,Silicio/acido sulfurico,4.7,6,1493
23,85,0,Carbono/agua,4.7,6,1023
23,85,1,Carbono/amonia,3.76,5,834
23,85,2,Carbono/acido sulfurico,3.76,5,1540
23,85,3,Carbono/metano,3.7,5,530
23,85,4,Silicio/agua,6.72,6,1246
23,85,5,Silicio/acido sulfurico,4.7,6,1687
23,90,0,Carbono/agua,4.7,6,1176
23,90,1,Carbono/amonia,3.76,5,941
23,90,2,Carbono/acido sulfurico,3.76,5,1737
23,90,3,Carbono/metano,3.7,5,598
23,90,4,Silicio/agua,6.72,6,1404
23,90,5,Silicio/acido sulfurico,4.7,6,1902
23,95,0,Carbono/agua,4.7,6,1344
23,95,1,Carbono/amonia,3.76,5,1058
23,95,2,Carbono/acido sulfurico,3.76,5,1955
23,95,3,Carbono/metano,5.76,6,673
23,95,4,Silicio/agua,6.72,6,1580
23,95,5,Silicio/acido sulfurico,4.7,6,2139
23,100,0,Carbono/agua,4.7,6,1533
23,100,1,Carbono/amonia,3.76,5,1188
23,100,2,Carbono/acido sulfurico,3.76,5,2195
23,100,3,Carbono/metano,5.76,6,756
23,100,4,Silicio/agua,6.72,6,1774
23,100,5,Silicio/acido sulfurico,4.7,6,2400
23,105,0,Carbono/agua,4.7,6,1740
23,105,1,Carbono/amonia,3.76,5,1331
23,105,2,Carbono/acido sulfurico,3.76,5,2458
23,105,3,Carbono/metano,5.76,6,848
23,105,4,Silicio/agua,6.72,6,1989
23,105,5,Silicio/acido sulfurico,4.7,6,2689
23,110,0,Carbono/agua,4.7,6,1966
23,110,1,Carbono/amonia,3.76,5,1489
23,110,2,Carbono/acido sulfurico,3.76,5,2748
23,110,3,Carbono/metano,5.76,6,950
23,110,4,Silicio/agua,6.72,6,2224
23,110,5,Silicio/acido sulfurico,4.7,6,3009
23,115,0,Carbono/agua,4.7,6,2217
23,115,1,Carbono/amonia,5.74,6,1663
23,115,2,Carbono/acido sulfurico,3.76,5,3069
23,115,3,Carbono/metano,5.76,6,1059
23,115,4,Silicio/agua,6.72,6,2484
23,115,5,Silicio/acido sulfurico,4.7,6,3362
23,120,0,Carbono/agua,4.7,6,2495
23,120,1,Carbono/amonia,5.76,6,1856
23,120,2,Carbono/acido sulfurico,3.76,5,3425
23,120,3,Carbono/metano,5.78,6,1182
23,120,4,Silicio/agua,6.72,6,2771
23,120,5,Silicio/acido sulfurico,4.7,6,3752
23,125,0,Carbono/agua,4.7,6,2801
23,125,1,Carbono/amonia,6.72,7,2068
23,125,2,Carbono/acido sulfurico,3.76,5,3816
23,125,3,Carbono/metano,5.78,6,1318
23,125,4,Silicio/agua,6.72,6,3090
23,125,5,Silicio/acido sulfurico,4.7,6,4183
23,130,0,Carbono/agua,4.7,6,3140
23,130,1,Carbono/amonia,6.72,7,2300
23,130,2,Carbono/acido sulfurico,4.7,6,4248
23,130,3,Carbono/metano,5.78,6,1469
23,130,4,Silicio/agua,6.72,6,3440
23,130,5,Silicio/acido sulfurico,4.7,6,4657
23,135,0,Carbono/agua,4.7,6,3515
23,135,1,Carbono/amonia,6.72,7,2556
23,135,2,Carbono/acido sulfurico,5.7,7,4726
23,135,3,Carbono/metano,5.78,6,1634
23,135,4,Silicio/agua,6.72,6,3830
23,135,5,Silicio/acido sulfurico,4.7,6,5179
23,140,0,Carbono/agua,4.7,6,3928
23,140,1,Carbono/amonia,6.72,7,2840
23,140,2,Carbono/acido sulfurico,6.7,8,5254
23,140,3,Carbono/metano,5.78,6,1818
23,140,4,Silicio/agua,6.72,6,4259
23,140,5,Silicio/acido sulfurico,4.7,6,5759
23,145,0,Carbono/agua,4.7,6,4383
23,145,1,Carbono/amonia,6.72,7,3154
23,145,2,Carbono/acido sulfurico,6.7,8,5837
23,145,3,Carbono/metano,5.78,6,2019
23,145,4,Silicio/agua,6.72,6,4734
23,145,5,Silicio/acido sulfurico,4.7,6,6398
23,150,0,Carbono/agua,4.7,6,4884
23,150,1,Carbono/amonia,6.72,7,3501
23,150,2,Carbono/acido sulfurico,6.72,8,6480
23,150,3,Carbono/metano,5.78,6,2242
23,150,4,Silicio/agua,6.72,6,5256
23,150,5,Silicio/acido sulfurico,4.7,6,7104
23,155,0,Carbono/agua,4.7,6,5439
23,155,1,Carbono/amonia,6.72,7,3883
23,155,2,Carbono/acido sulfurico,6.72,8,7190
23,155,3,Carbono/metano,5.78,6,2490
23,155,4,Silicio/agua,6.72,6,5832
23,155,5,Silicio/acido sulfurico,4.7,6,7883
23,160,0,Carbono/agua,5.74,7,6052
23,160,1,Carbono/amonia,6.72,7,4305
23,160,2,Carbono/acido sulfurico,6.72,8,7973
23,160,3,Carbono/metano,5.78,6,2763
23,160,4,Silicio/agua,6.72,6,6468
23,160,5,Silicio/acido sulfurico,4.7,6,8743
23,165,0,Carbono/agua,6.72,6,6728
23,165,1,Carbono/amonia,6.72,7,4773
23,165,2,Carbono/acido sulfurico,6.72,8,8839
23,165,3,Carbono/metano,5.78,6,3063
23,165,4,Silicio/agua,6.72,7,7023
23,165,5,Silicio/acido sulfurico,4.7,6,9694
23,170,0,Carbono/agua,6.72,8,7102
23,170,1,Carbono/amonia,6.72,7,5289
23,170,2,Carbono/acido sulfurico,6.72,8,9598
23,170,3,Carbono/metano,5.78,6,3396
23,170,4,Silicio/agua,6.72,7,7410
23,170,5,Silicio/acido sulfurico,4.7,6,10743
23,175,0,Carbono/agua,6.72,8,7513
23,175,1,Carbono/amonia,6.72,7,5843
23,175,2,Carbono/acido sulfurico,6.72,8,10112
23,175,3,Carbono/metano,6.7,7,3753
23,175,4,Silicio/agua,6.72,7,7838
23,175,5,Silicio/acido sulfurico,4.7,6,11867
23,180,0,Carbono/agua,6.72,8,7969
23,180,1,Carbono/amonia,6.72,7,6399
23,180,2,Carbono/acido sulfurico,6.72,8,10626
23,180,3,Carbono/metano,6.72,7,4109
23,180,4,Silicio/agua,6.72,7,8311
23,180,5,Silicio/acido sulfurico,4.7,6,12996
23,185,0,Carbono/agua,6.72,8,8473
23,185,1,Carbono/amonia,6.72,7,6954
23,185,2,Carbono/acido sulfurico,6.72,8,11141
23,185,3,Carbono/metano,6.72,7,4467
23,185,4,Silicio/agua,6.72,7,8832
23,185,5,Silicio/acido sulfurico,4.7,6,13561
23,190,0,Carbono/agua,6.72,8,9144
23,190,1,Carbono/amonia,6.72,7,7510
23,190,2,Carbono/acido sulfurico,6.72,8,11656
23,190,3,Carbono/metano,6.72,7,4824
23,190,4,Silicio/agua,6.72,7,9760
23,190,5,Silicio/acido sulfurico,4.7,6,14126
23,195,0,Carbono/agua,6.72,8,10369
23,195,1,Carbono/amonia,6.72,7,8066
23,195,2,Carbono/acido sulfurico,6.72,8,12480
23,195,3,Carbono/metano,6.72,7,5181
23,195,4,Silicio/agua,6.72,7,11035
23,195,5,Silicio/acido sulfurico,4.7,6,14690
23,200,0,Carbono/agua,6.72,8,11721
23,200,1,Carbono/amonia,6.72,7,8622
23,200,2,Carbono/acido sulfurico,6.72,8,13510
23,200,3,Carbono/metano,6.72,7,5537
23,200,4,Silicio/agua,6.72,7,12439
23,200,5,Silicio/acido sulfurico,4.7,6,15254
23,205,0,Carbono/agua,6.72,8,13214
23,205,1,Carbono/amonia,6.72,7,9178
23,205,2,Carbono/acido sulfurico,6.72,8,14539
23,205,3,Carbono/metano,6.72,7,5892
23,205,4,Silicio/agua,6.72,7,13991
23,205,5,Silicio/acido sulfurico,4.7,6,15932
23,210,0,Carbono/agua,6.72,8,14862
23,210,1,Carbono/amonia,6.72,7,9735
23,210,2,Carbono/acido sulfurico,6.72,8,15569
23,210,3,Carbono/metano,6.72,7,6249
23,210,4,Silicio/agua,6.72,7,15702
23,210,5,Silicio/acido sulfurico,4.7,6,17061
23,215,0,Carbono/agua,6.72,8,16682
23,215,1,Carbono/amonia,6.72,7,10292
23,215,2,Carbono/acido sulfurico,6.72,8,16599
23,215,3,Carbono/metano,6.72,7,6605
23,215,4,Silicio/agua,6.72,7,17591
23,215,5,Silicio/acido sulfurico,4.7,6,18190
23,220,0,Carbono/agua,6.72,8,18692
23,220,1,Carbono/amonia,6.72,7,10848
23,220,2,Carbono/acido sulfurico,6.72,8,17629
23,220,3,Carbono/metano,6.72,7,6961
23,220,4,Silicio/agua,6.72,7,19678
23,220,5,Silicio/acido sulfurico,6.72,8,19319
23,225,0,Carbono/agua,6.72,8,20911
23,225,1,Carbono/amonia,6.72,7,11403
23,225,2,Carbono/acido sulfurico,6.72,8,18658
23,225,3,Carbono/metano,6.72,7,7318
23,225,4,Silicio/agua,6.72,7,21982
23,225,5,Silicio/acido sulfurico,6.72,8,20449
23,230,0,Carbono/agua,6.72,8,23360
23,230,1,Carbono/amonia,6.72,7,11958
23,230,2,Carbono/acido sulfurico,6.72,8,19687
23,230,3,Carbono/metano,6.72,7,7676
23,230,4,Silicio/agua,6.72,7,24526
23,230,5,Silicio/acido sulfurico,6.72,8,21576
23,235,0,Carbono/agua,6.72,8,26020
23,235,1,Carbono/amonia,6.72,7,12513
23,235,2,Carbono/acido sulfurico,6.72,8,20717
23,235,3,Carbono/metano,6.72,7,8034
23,235,4,Silicio/agua,6.72,7,27285
23,235,5,Silicio/acido sulfurico,6.72,8,22705
23,240,0,Carbono/agua,6.72,8,28700
23,240,1,Carbono/amonia,6.72,7,13069
23,240,2,Carbono/acido sulfurico,6.72,8,21747
23,240,3,Carbono/metano,6.72,7,8392
23,240,4,Silicio/agua,6.72,8,30069
23,240,5,Silicio/acido sulfurico,6.72,8,23832
23,245,0,Carbono/agua,6.72,8,31381
23,245,1,Carbono/amonia,6.72,7,13624
23,245,2,Carbono/acido sulfurico,6.72,8,22775
23,245,3,Carbono/metano,6.72,7,8750
23,245,4,Silicio/agua,6.72,8,32852
23,245,5,Silicio/acido sulfurico,6.72,8,24961
23,250,0,Carbono/agua,6.72,8,34062
23,250,1,Carbono/amonia,6.72,7,14180
23,250,2,Carbono/acido sulfurico,6.72,8,23805
23,250,3,Carbono/metano,6.72,7,9105
23,250,4,Silicio/agua,6.72,8,35635
23,250,5,Silicio/acido sulfurico,6.72,8,26090
23,255,0,Carbono/agua,6.72,8,36743
23,255,1,Carbono/amonia,6.72,7,14735
23,255,2,Carbono/acido sulfurico,6.72,8,24835
23,255,3,Carbono/metano,6.72,7,9461
23,255,4,Silicio/agua,6.72,8,38418
23,255,5,Silicio/acido sulfurico,6.72,8,27219
23,260,0,Carbono/agua,6.72,8,39424
23,260,1,Carbono/amonia,6.72,7,15291
23,260,2,Carbono/acido sulfurico,6.72,8,25865
23,260,3,Carbono/metano,6.72,7,9818
23,260,4,Silicio/agua,6.72,8,41199
23,260,5,Silicio/acido sulfurico,6.72,8,27896
23,265,0,Carbono/agua,6.72,8,42105
23,265,1,Carbono/amonia,6.72,7,15846
23,265,2,Carbono/acido sulfurico,6.72,8,26895
23,265,3,Carbono/metano,6.72,7,10176
23,265,4,Silicio/agua,6.72,8,43982
23,265,5,Silicio/acido sulfurico,6.72,8,28461
23,270,0,Carbono/agua,6.72,8,44785
23,270,1,Carbono/amonia,6.72,7,16402
23,270,2,Carbono/acido sulfurico,6.72,8,27925
23,270,3,Carbono/metano,6.72,7,10532
23,270,4,Silicio/agua,6.72,8,46766
23,270,5,Silicio/acido sulfurico,6.72,8,29026
23,275,0,Carbono/agua,6.72,8,47465
23,275,1,Carbono/amonia,6.72,7,16957
23,275,2,Carbono/acido sulfurico,6.72,8,28954
23,275,3,Carbono/metano,6.72,7,10891
23,275,4,Silicio/agua,6.72,8,49548
23,275,5,Silicio/acido sulfurico,6.72,8,29590
23,280,0,Carbono/agua,6.72,8,50147
23,280,1,Carbono/amonia,6.72,7,17513
23,280,2,Carbono/acido sulfurico,6.72,8,29984
23,280,3,Carbono/metano,6.72,7,11246
23,280,4,Silicio/agua,6.72,8,52332
23,280,5,Silicio/acido sulfurico,6.72,8,30154
23,285,0,Carbono/agua,6.72,8,52828
23,285,1,Carbono/amonia,6.72,7,18069
23,285,2,Carbono/acido sulfurico,6.72,8,31014
23,285,3,Carbono/metano,6.72,7,11602
23,285,4,Silicio/agua,6.72,8,55115
23,285,5,Silicio/acido sulfurico,6.72,8,31283
23,290,0,Carbono/agua,6.72,8,55508
23,290,1,Carbono/amonia,6.72,7,18626
23,290,2,Carbono/acido sulfurico,6.72,8,32044
23,290,3,Carbono/metano,6.72,7,11957
23,290,4,Silicio/agua,6.72,8,57900
23,290,5,Silicio/acido sulfurico,6.72,8,32412
23,295,0,Carbono/agua,6.72,8,58189
23,295,1,Carbono/amonia,6.72,7,19181
23,295,2,Carbono/acido sulfurico,6.72,8,33074
23,295,3,Carbono/metano,6.72,7,12315
23,295,4,Silicio/agua,6.72,8,60685
23,295,5,Silicio/acido sulfurico,6.72,8,33540
23,300,0,Carbono/agua,6.72,8,60871
23,300,1,Carbono/amonia,6.72,7,19736
23,300,2,Carbono/acido sulfurico,6.72,8,34103
23,300,3,Carbono/metano,6.72,7,12671
23,300,4,Silicio/agua,6.72,8,63467
23,300,5,Silicio/acido sulfurico,6.72,8,34668
24,0,0,Carbono/agua,0.84,2,5
24,0,1,Carbono/amonia,1.68,3,4
24,0,2,Carbono/acido sulfurico,1.82,3,7
24,0,3,Carbono/metano,0.92,2,2
24,0,4,Silicio/agua,0.86,2,5
24,0,5,Silicio/acido sulfurico,0.9,2,8
24,5,0,Carbono/agua,1.86,3,33
24,5,1,Carbono/amonia,1.72,3,24
24,5,2,Carbono/acido sulfurico,1.84,3,43
24,5,3,Carbono/metano,0.92,2,15
24,5,4,Silicio/agua,0.92,2,34
24,5,5,Silicio/acido sulfurico,1.7,3,48
24,10,0,Carbono/agua,1.86,3,66
24,10,1,Carbono/amonia,2.76,4,46
24,10,2,Carbono/acido sulfurico,1.84,3,84
24,10,3,Carbono/metano,0.94,2,28
24,10,4,Silicio/agua,1.76,3,69
24,10,5,Silicio/acido sulfurico,1.82,3,92
24,15,0,Carbono/agua,6.7,4,101
24,15,1,Carbono/amonia,2.76,4,71
24,15,2,Carbono/acido sulfurico,1.84,3,128
24,15,3,Carbono/metano,1.74,3,43
24,15,4,Silicio/agua,1.76,3,106
24,15,5,Silicio/acido sulfurico,1.86,3,141
24,20,0,Carbono/agua,6.7,5,141
24,20,1,Carbono/amonia,2.76,4,96
24,20,2,Carbono/acido sulfurico,1.84,3,176
24,20,3,Carbono/metano,1.88,3,62
24,20,4,Silicio/agua,2.74,4,146
24,20,5,Silicio/acido sulfurico,2.78,4,194
24,25,0,Carbono/agua,6.7,6,184
24,25,1,Carbono/amonia,2.76,4,126
24,25,2,Carbono/acido sulfurico,2.78,4,230
24,25,3,Carbono/metano,2.74,4,81
24,25,4,Silicio/agua,2.74,4,191
24,25,5,Silicio/acido sulfurico,2.78,4,254
24,30,0,Carbono/agua,6.7,6,230
24,30,1,Carbono/amonia,2.76,4,156
24,30,2,Carbono/acido sulfurico,2.8,4,289
24,30,3,Carbono/metano,2.74,4,101
24,30,4,Silicio/agua,2.76,4,239
24,30,5,Silicio/acido sulfurico,2.78,4,319
24,35,0,Carbono/agua,6.7,7,280
24,35,1,Carbono/amonia,2.78,4,192
24,35,2,Carbono/acido sulfurico,2.82,4,356
24,35,3,Carbono/metano,2.74,4,125
24,35,4,Silicio/agua,2.76,4,291
24,35,5,Silicio/acido sulfurico,2.8,4,392
24,40,0,Carbono/agua,6.7,7,337
24,40,1,Carbono/amonia,2.78,4,231
24,40,2,Carbono/acido sulfurico,3.76,5,429
24,40,3,Carbono/metano,2.74,4,151
24,40,4,Silicio/agua,2.8,4,350
24,40,5,Silicio/acido sulfurico,2.82,4,472
24,45,0,Carbono/agua,6.7,7,400
24,45,1,Carbono/amonia,2.78,4,275
24,45,2,Carbono/acido sulfurico,3.76,5,485
24,45,3,Carbono/metano,2.74,4,180
24,45,4,Silicio/agua,2.8,4,415
24,45,5,Silicio/acido sulfurico,3.72,5,562
24,50,0,Carbono/agua,6.7,7,468
24,50,1,Carbono/amonia,2.78,4,319
24,50,2,Carbono/acido sulfurico,3.76,5,529
24,50,3,Carbono/metano,2.74,4,211
24,50,4,Silicio/agua,2.82,4,488
24,50,5,Silicio/acido sulfurico,3.72,5,659
24,55,0,Carbono/agua,6.72,7,545
24,55,1,Carbono/amonia,2.78,4,346
24,55,2,Carbono/acido sulfurico,3.76,5,579
24,55,3,Carbono/metano,2.74,4,244
24,55,4,Silicio/agua,2.82,4,569
24,55,5,Silicio/acido sulfurico,2.8,1,766
24,60,0,Carbono/agua,6.72,7,630
24,60,1,Carbono/amonia,2.78,4,375
24,60,2,Carbono/acido sulfurico,3.76,5,632
24,60,3,Carbono/metano,2.74,4,282
24,60,4,Silicio/agua,2.82,4,657
24,60,5,Silicio/acido sulfurico,2.8,4,825
24,65,0,Carbono/agua,6.72,7,723
24,65,1,Carbono/amonia,2.78,4,408
24,65,2,Carbono/acido sulfurico,3.76,5,692
24,65,3,Carbono/metano,2.76,4,323
24,65,4,Silicio/agua,2.82,4,755
24,65,5,Silicio/acido sulfurico,2.8,4,891
24,70,0,Carbono/agua,6.72,7,825
24,70,1,Carbono/amonia,2.78,4,443
24,70,2,Carbono/acido sulfurico,3.76,5,811
24,70,3,Carbono/metano,3.7,5,369
24,70,4,Silicio/agua,3.76,5,862
24,70,5,Silicio/acido sulfurico,3.74,5,964
24,75,0,Carbono/agua,6.72,7,938
24,75,1,Carbono/amonia,3.7,5,498
24,75,2,Carbono/acido sulfurico,3.76,5,956
24,75,3,Carbono/metano,3.7,5,420
24,75,4,Silicio/agua,3.76,5,981
24,75,5,Silicio/acido sulfurico,3.74,5,1044
24,80,0,Carbono/agua,6.72,7,1063
24,80,1,Carbono/amonia,3.72,5,585
24,80,2,Carbono/acido sulfurico,3.76,5,1118
24,80,3,Carbono/metano,3.7,5,475
24,80,4,Silicio/agua,3.76,5,1110
24,80,5,Silicio/acido sulfurico,3.74,5,1150
24,85,0,Carbono/agua,6.72,7,1202
24,85,1,Carbono/amonia,3.72,5,681
24,85,2,Carbono/acido sulfurico,4.7,6,1295
24,85,3,Carbono/metano,3.72,5,538
24,85,4,Silicio/agua,3.76,5,1255
24,85,5,Silicio/acido sulfurico,3.74,5,1346
24,90,0,Carbono/agua,6.72,7,1355
24,90,1,Carbono/amonia,3.74,5,786
24,90,2,Carbono/acido sulfurico,4.7,6,1492
24,90,3,Carbono/metano,3.74,5,606
24,90,4,Silicio/agua,3.76,5,1414
24,90,5,Silicio/acido sulfurico,3.74,5,1561
24,95,0,Carbono/agua,6.72,7,1525
24,95,1,Carbono/amonia,3.74,5,903
24,95,2,Carbono/acido sulfurico,4.7,6,1709
24,95,3,Carbono/metano,3.74,5,682
24,95,4,Silicio/agua,4.7,6,1588
24,95,5,Silicio/acido sulfurico,3.74,5,1797
24,100,0,Carbono/agua,6.72,7,1712
24,100,1,Carbono/amonia,3.74,5,1031
24,100,2,Carbono/acido sulfurico,4.7,6,1949
24,100,3,Carbono/metano,3.74,5,765
24,100,4,Silicio/agua,4.7,6,1782
24,100,5,Silicio/acido sulfurico,3.74,5,2060
24,105,0,Carbono/agua,6.72,7,1917
24,105,1,Carbono/amonia,4.7,6,1173
24,105,2,Carbono/acido sulfurico,4.7,6,2213
24,105,3,Carbono/metano,3.74,5,857
24,105,4,Silicio/agua,4.7,6,1997
24,105,5,Silicio/acido sulfurico,3.74,5,2348
24,110,0,Carbono/agua,6.72,7,2144
24,110,1,Carbono/amonia,4.7,6,1331
24,110,2,Carbono/acido sulfurico,4.7,6,2504
24,110,3,Carbono/metano,3.74,5,959
24,110,4,Silicio/agua,4.7,6,2232
24,110,5,Silicio/acido sulfurico,3.74,5,2668
24,115,0,Carbono/agua,6.72,7,2394
24,115,1,Carbono/amonia,4.7,6,1504
24,115,2,Carbono/acido sulfurico,4.7,6,2826
24,115,3,Carbono/metano,3.74,5,1070
24,115,4,Silicio/agua,4.7,6,2492
24,115,5,Silicio/acido sulfurico,3.74,5,3021
24,120,0,Carbono/agua,6.72,7,2670
24,120,1,Carbono/amonia,4.7,6,1698
24,120,2,Carbono/acido sulfurico,4.7,6,3181
24,120,3,Carbono/metano,3.74,5,1193
24,120,4,Silicio/agua,4.7,6,2780
24,120,5,Silicio/acido sulfurico,3.76,5,3412
24,125,0,Carbono/agua,6.72,7,2976
24,125,1,Carbono/amonia,4.7,6,1910
24,125,2,Carbono/acido sulfurico,4.7,6,3572
24,125,3,Carbono/metano,3.74,5,1329
24,125,4,Silicio/agua,4.7,6,3098
24,125,5,Silicio/acido sulfurico,3.76,5,3841
24,130,0,Carbono/agua,6.72,7,3313
24,130,1,Carbono/amonia,4.7,6,2145
24,130,2,Carbono/acido sulfurico,4.7,6,4005
24,130,3,Carbono/metano,3.74,2,1478
24,130,4,Silicio/agua,4.7,6,3450
24,130,5,Silicio/acido sulfurico,4.7,6,4316
24,135,0,Carbono/agua,6.72,7,3685
24,135,1,Carbono/amonia,4.7,6,2402
24,135,2,Carbono/acido sulfurico,6.7,8,4483
24,135,3,Carbono/metano,3.76,5,1561
24,135,4,Silicio/agua,4.7,6,3838
24,135,5,Silicio/acido sulfurico,4.7,6,4840
24,140,0,Carbono/agua,6.72,7,4097
24,140,1,Carbono/amonia,4.7,6,2687
24,140,2,Carbono/acido sulfurico,6.7,8,5012
24,140,3,Carbono/metano,3.76,5,1653
24,140,4,Silicio/agua,4.7,6,4266
24,140,5,Silicio/acido sulfurico,4.7,6,5418
24,145,0,Carbono/agua,6.72,7,4552
24,145,1,Carbono/amonia,4.7,6,3002
24,145,2,Carbono/acido sulfurico,6.7,8,5595
24,145,3,Carbono/metano,3.76,5,1754
24,145,4,Silicio/agua,4.7,6,4738
24,145,5,Silicio/acido sulfurico,4.7,6,6058
24,150,0,Carbono/agua,6.72,7,5056
24,150,1,Carbono/amonia,4.7,6,3349
24,150,2,Carbono/acido sulfurico,6.7,8,6238
24,150,3,Carbono/metano,3.76,5,1866
24,150,4,Silicio/agua,4.7,6,5260
24,150,5,Silicio/acido sulfurico,4.7,6,6764
24,155,0,Carbono/agua,6.72,7,5611
24,155,1,Carbono/amonia,4.7,6,3733
24,155,2,Carbono/acido sulfurico,6.72,8,6948
24,155,3,Carbono/metano,3.76,5,2015
24,155,4,Silicio/agua,4.7,6,5836
24,155,5,Silicio/acido sulfurico,4.7,6,7544
24,160,0,Carbono/agua,6.72,7,6222
24,160,1,Carbono/amonia,4.7,6,4156
24,160,2,Carbono/acido sulfurico,6.72,8,7734
24,160,3,Carbono/metano,3.76,5,2287
24,160,4,Silicio/agua,4.7,6,6473
24,160,5,Silicio/acido sulfurico,4.7,6,8405
24,165,0,Carbono/agua,6.72,7,6899
24,165,1,Carbono/amonia,4.7,6,4624
24,165,2,Carbono/acido sulfurico,6.72,8,8600
24,165,3,Carbono/metano,3.76,5,2588
24,165,4,Silicio/agua,4.7,6,7174
24,165,5,Silicio/acido sulfurico,4.7,6,9356
24,170,0,Carbono/agua,6.72,7,7645
24,170,1,Carbono/amonia,4.7,6,5139
24,170,2,Carbono/acido sulfurico,6.72,8,9555
24,170,3,Carbono/metano,4.7,6,2921
24,170,4,Silicio/agua,4.7,6,7949
24,170,5,Silicio/acido sulfurico,4.7,6,10403
24,175,0,Carbono/agua,6.72,7,8468
24,175,1,Carbono/amonia,4.7,6,5692
24,175,2,Carbono/acido sulfurico,6.72,8,10581
24,175,3,Carbono/metano,4.7,6,3278
24,175,4,Silicio/agua,4.7,6,8805
24,175,5,Silicio/acido sulfurico,6.7,8,11529
24,180,0,Carbono/agua,6.72,7,9378
24,180,1,Carbono/amonia,4.7,6,6247
24,180,2,Carbono/acido sulfurico,6.72,8,11610
24,180,3,Carbono/metano,4.7,6,3636
24,180,4,Silicio/agua,4.7,6,9751
24,180,5,Silicio/acido sulfurico,6.72,8,12659
24,185,0,Carbono/agua,6.72,7,10383
24,185,1,Carbono/amonia,4.7,6,6802
24,185,2,Carbono/acido sulfurico,6.72,8,12639
24,185,3,Carbono/metano,4.7,6,3992
24,185,4,Silicio/agua,4.7,6,10794
24,185,5,Silicio/acido sulfurico,6.72,8,13788
24,190,0,Carbono/agua,6.72,7,11492
24,190,1,Carbono/amonia,4.7,6,7358
24,190,2,Carbono/acido sulfurico,6.72,8,13669
24,190,3,Carbono/metano,4.7,6,4350
24,190,4,Silicio/agua,4.7,6,11947
24,190,5,Silicio/acido sulfurico,6.72,8,14916
24,195,0,Carbono/agua,6.72,7,12718
24,195,1,Carbono/amonia,4.7,6,7913
24,195,2,Carbono/acido sulfurico,6.72,8,14699
24,195,3,Carbono/metano,4.7,6,4707
24,195,4,Silicio/agua,4.7,6,13222
24,195,5,Silicio/acido sulfurico,6.72,8,16046
24,200,0,Carbono/agua,6.72,7,14071
24,200,1,Carbono/amonia,4.7,6,8469
24,200,2,Carbono/acido sulfurico,6.72,8,15728
24,200,3,Carbono/metano,4.7,6,5062
24,200,4,Silicio/agua,4.7,6,14628
24,200,5,Silicio/acido sulfurico,6.72,8,17175
24,205,0,Carbono/agua,6.72,7,15565
24,205,1,Carbono/amonia,4.7,6,9025
24,205,2,Carbono/acido sulfurico,6.72,8,16757
24,205,3,Carbono/metano,4.7,6,5383
24,205,4,Silicio/agua,4.7,6,16179
24,205,5,Silicio/acido sulfurico,6.72,8,18305
24,210,0,Carbono/agua,6.72,7,17215
24,210,1,Carbono/amonia,4.7,6,9582
24,210,2,Carbono/acido sulfurico,6.72,8,17786
24,210,3,Carbono/metano,4.7,6,5562
24,210,4,Silicio/agua,4.7,6,17891
24,210,5,Silicio/acido sulfurico,6.72,8,19435
24,215,0,Carbono/agua,6.72,7,19036
24,215,1,Carbono/amonia,4.7,6,10137
24,215,2,Carbono/acido sulfurico,6.72,8,18815
24,215,3,Carbono/metano,4.7,6,5740
24,215,4,Silicio/agua,4.7,6,19782
24,215,5,Silicio/acido sulfurico,6.72,8,20563
24,220,0,Carbono/agua,6.72,7,21046
24,220,1,Carbono/amonia,4.7,6,10692
24,220,2,Carbono/acido sulfurico,6.72,8,19845
24,220,3,Carbono/metano,4.7,6,5918
24,220,4,Silicio/agua,5.7,7,21869
24,220,5,Silicio/acido sulfurico,6.72,8,21691
24,225,0,Carbono/agua,6.72,7,23265
24,225,1,Carbono/amonia,4.7,6,11248
24,225,2,Carbono/acido sulfurico,6.72,8,20875
24,225,3,Carbono/metano,4.7,6,6096
24,225,4,Silicio/agua,5.78,7,24173
24,225,5,Silicio/acido sulfurico,6.72,8,22819
24,230,0,Carbono/agua,6.72,7,25714
24,230,1,Carbono/amonia,4.7,6,11803
24,230,2,Carbono/acido sulfurico,6.72,8,21905
24,230,3,Carbono/metano,4.7,6,6346
24,230,4,Silicio/agua,6.72,8,26716
24,230,5,Silicio/acido sulfurico,6.72,8,23948
24,235,0,Carbono/agua,6.72,7,28375
24,235,1,Carbono/amonia,4.7,6,12358
24,235,2,Carbono/acido sulfurico,6.72,8,22935
24,235,3,Carbono/metano,4.7,6,6704
24,235,4,Silicio/agua,6.72,8,29477
24,235,5,Silicio/acido sulfurico,6.72,8,25075
24,240,0,Carbono/agua,6.72,7,31056
24,240,1,Carbono/amonia,4.7,6,12914
24,240,2,Carbono/acido sulfurico,6.72,8,23965
24,240,3,Carbono/metano,4.7,6,7060
24,240,4,Silicio/agua,6.72,8,32261
24,240,5,Silicio/acido sulfurico,6.72,8,26201
24,245,0,Carbono/agua,6.72,7,33736
24,245,1,Carbono/amonia,4.7,6,13470
24,245,2,Carbono/acido sulfurico,6.72,8,24995
24,245,3,Carbono/metano,4.7,6,7417
24,245,4,Silicio/agua,6.72,8,35044
24,245,5,Silicio/acido sulfurico,6.72,8,27331
24,250,0,Carbono/agua,6.72,7,36416
24,250,1,Carbono/amonia,4.7,6,14027
24,250,2,Carbono/acido sulfurico,6.72,8,26025
24,250,3,Carbono/metano,4.7,6,7773
24,250,4,Silicio/agua,6.72,8,37825
24,250,5,Silicio/acido sulfurico,6.72,8,28458
24,255,0,Carbono/agua,6.72,7,38560
24,255,1,Carbono/amonia,4.7,6,14584
24,255,2,Carbono/acido sulfurico,6.72,8,27055
24,255,3,Carbono/metano,4.7,6,8130
24,255,4,Silicio/agua,6.72,8,40607
24,255,5,Silicio/acido sulfurico,6.72,8,29588
24,260,0,Carbono/agua,6.72,7,39900
24,260,1,Carbono/amonia,4.7,6,15140
24,260,2,Carbono/acido sulfurico,6.72,8,27982
24,260,3,Carbono/metano,4.7,6,8487
24,260,4,Silicio/agua,6.72,8,43390
24,260,5,Silicio/acido sulfurico,6.72,8,30718
24,265,0,Carbono/agua,6.72,7,41241
24,265,1,Carbono/amonia,4.7,6,15696
24,265,2,Carbono/acido sulfurico,6.72,8,28497
24,265,3,Carbono/metano,4.7,6,8843
24,265,4,Silicio/agua,6.72,8,46172
24,265,5,Silicio/acido sulfurico,6.72,8,31846
24,270,0,Carbono/agua,6.72,7,42581
24,270,1,Carbono/amonia,4.7,6,16251
24,270,2,Carbono/acido sulfurico,6.72,8,29011
24,270,3,Carbono/metano,4.7,6,9200
24,270,4,Silicio/agua,6.72,8,48956
24,270,5,Silicio/acido sulfurico,6.72,8,32975
24,275,0,Carbono/agua,6.72,7,43921
24,275,1,Carbono/amonia,4.7,6,16809
24,275,2,Carbono/acido sulfurico,6.72,8,29526
24,275,3,Carbono/metano,4.7,6,9556
24,275,4,Silicio/agua,6.72,8,51740
24,275,5,Silicio/acido sulfurico,6.72,8,34104
24,280,0,Carbono/agua,6.72,7,46067
24,280,1,Carbono/amonia,4.7,6,17365
24,280,2,Carbono/acido sulfurico,6.72,8,30040
24,280,3,Carbono/metano,4.7,6,9914
24,280,4,Silicio/agua,6.72,8,54523
24,280,5,Silicio/acido sulfurico,6.72,8,35233
24,285,0,Carbono/agua,6.72,7,48747
24,285,1,Carbono/amonia,4.7,6,17920
24,285,2,Carbono/acido sulfurico,6.72,8,30761
24,285,3,Carbono/metano,4.7,6,10270
24,285,4,Silicio/agua,6.72,8,57307
24,285,5,Silicio/acido sulfurico,6.72,8,36360
24,290,0,Carbono/agua,6.72,7,51428
24,290,1,Carbono/amonia,4.7,6,18475
24,290,2,Carbono/acido sulfurico,6.72,8,31790
24,290,3,Carbono/metano,4.7,6,10626
24,290,4,Silicio/agua,6.72,8,60091
24,290,5,Silicio/acido sulfurico,6.72,8,37489
24,295,0,Carbono/agua,6.72,7,54109
24,295,1,Carbono/amonia,4.7,6,19033
24,295,2,Carbono/acido sulfurico,6.72,8,32819
24,295,3,Carbono/metano,4.7,6,10982
24,295,4,Silicio/agua,6.72,8,62875
24,295,5,Silicio/acido sulfurico,6.72,8,38619
24,300,0,Carbono/agua,6.72,8,56789
24,300,1,Carbono/amonia,4.7,6,19589
24,300,2,Carbono/acido sulfurico,6.72,8,33849
24,300,3,Carbono/metano,4.7,6,11338
24,300,4,Silicio/agua,6.72,8,65657
24,300,5,Silicio/acido sulfurico,6.72,8,39748
25,0,0,Carbono/agua,0.8,2,5
25,0,1,Carbono/amonia,0.8,2,4
25,0,2,Carbono/acido sulfurico,0.88,2,7
25,0,3,Carbono/metano,0.92,2,2
25,0,4,Silicio/agua,-0.08,1,6
25,0,5,Silicio/acido sulfurico,0.84,2,7
25,5,0,Carbono/agua,0.94,2,34
25,5,1,Carbono/amonia,0.88,2,24
25,5,2,Carbono/acido sulfurico,0.94,2,46
25,5,3,Carbono/metano,1.74,3,14
25,5,4,Silicio/agua,-0.02,1,29
25,5,5,Silicio/acido sulfurico,1.86,3,48
25,10,0,Carbono/agua,1.88,3,64
25,10,1,Carbono/amonia,1.84,3,48
25,10,2,Carbono/acido sulfurico,1.88,3,87
25,10,3,Carbono/metano,1.78,3,29
25,10,4,Silicio/agua,1.88,3,44
25,10,5,Silicio/acido sulfurico,1.86,3,92
25,15,0,Carbono/agua,1.88,3,99
25,15,1,Carbono/amonia,1.88,3,72
25,15,2,Carbono/acido sulfurico,1.88,3,131
25,15,3,Carbono/metano,1.78,3,45
25,15,4,Silicio/agua,1.88,3,61
25,15,5,Silicio/acido sulfurico,2.78,4,141
25,20,0,Carbono/agua,1.88,3,138
25,20,1,Carbono/amonia,1.88,3,98
25,20,2,Carbono/acido sulfurico,1.88,3,179
25,20,3,Carbono/metano,2.72,4,62
25,20,4,Silicio/agua,1.88,3,81
25,20,5,Silicio/acido sulfurico,2.78,4,194
25,25,0,Carbono/agua,1.88,3,179
25,25,1,Carbono/amonia,1.88,3,127
25,25,2,Carbono/acido sulfurico,1.88,3,233
25,25,3,Carbono/metano,3.68,5,81
25,25,4,Silicio/agua,1.88,3,101
25,25,5,Silicio/acido sulfurico,2.78,4,252
25,30,0,Carbono/agua,1.88,3,226
25,30,1,Carbono/amonia,1.88,3,161
25,30,2,Carbono/acido sulfurico,1.88,3,294
25,30,3,Carbono/metano,3.68,5,101
25,30,4,Silicio/agua,1.88,3,140
25,30,5,Silicio/acido sulfurico,2.8,4,319
25,35,0,Carbono/agua,1.88,3,278
25,35,1,Carbono/amonia,5.72,4,195
25,35,2,Carbono/acido sulfurico,1.88,3,360
25,35,3,Carbono/metano,3.7,5,124
25,35,4,Silicio/agua,1.88,3,193
25,35,5,Silicio/acido sulfurico,5.7,5,391
25,40,0,Carbono/agua,1.88,3,335
25,40,1,Carbono/amonia,5.72,4,234
25,40,2,Carbono/acido sulfurico,1.88,3,432
25,40,3,Carbono/metano,3.7,5,149
25,40,4,Silicio/agua,1.88,3,251
25,40,5,Silicio/acido sulfurico,5.72,6,471
25,45,0,Carbono/agua,1.88,3,399
25,45,1,Carbono/amonia,5.72,5,278
25,45,2,Carbono/acido sulfurico,1.88,3,512
25,45,3,Carbono/metano,3.74,5,175
25,45,4,Silicio/agua,1.88,3,315
25,45,5,Silicio/acido sulfurico,5.72,6,560
25,50,0,Carbono/agua,1.88,3,468
25,50,1,Carbono/amonia,5.72,5,325
25,50,2,Carbono/acido sulfurico,1.88,3,601
25,50,3,Carbono/metano,3.74,5,206
25,50,4,Silicio/agua,2.78,4,388
25,50,5,Silicio/acido sulfurico,6.68,7,657
25,55,0,Carbono/agua,2.8,4,544
25,55,1,Carbono/amonia,5.72,5,379
25,55,2,Carbono/acido sulfurico,1.88,3,698
25,55,3,Carbono/metano,3.74,5,239
25,55,4,Silicio/agua,2.78,4,468
25,55,5,Silicio/acido sulfurico,6.68,7,764
25,60,0,Carbono/agua,2.8,4,628
25,60,1,Carbono/amonia,5.74,5,440
25,60,2,Carbono/acido sulfurico,1.88,3,806
25,60,3,Carbono/metano,3.74,5,276
25,60,4,Silicio/agua,2.78,4,557
25,60,5,Silicio/acido sulfurico,6.68,7,883
25,65,0,Carbono/agua,2.8,4,722
25,65,1,Carbono/amonia,5.74,5,506
25,65,2,Carbono/acido sulfurico,1.88,3,926
25,65,3,Carbono/metano,3.74,5,315
25,65,4,Silicio/agua,2.82,4,656
25,65,5,Silicio/acido sulfurico,6.68,7,1014
25,70,0,Carbono/agua,2.8,4,825
25,70,1,Carbono/amonia,5.76,5,578
25,70,2,Carbono/acido sulfurico,1.88,3,1057
25,70,3,Carbono/metano,3.74,5,362
25,70,4,Silicio/agua,2.82,4,763
25,70,5,Silicio/acido sulfurico,6.7,7,1159
25,75,0,Carbono/agua,2.82,4,940
25,75,1,Carbono/amonia,6.68,6,658
25,75,2,Carbono/acido sulfurico,1.88,3,1202
25,75,3,Carbono/metano,3.74,5,414
25,75,4,Silicio/agua,3.72,5,882
25,75,5,Silicio/acido sulfurico,6.7,7,1318
25,80,0,Carbono/agua,3.74,5,1064
25,80,1,Carbono/amonia,6.68,6,746
25,80,2,Carbono/acido sulfurico,1.88,3,1364
25,80,3,Carbono/metano,3.74,5,470
25,80,4,Silicio/agua,3.74,5,1014
25,80,5,Silicio/acido sulfurico,6.72,7,1494
25,85,0,Carbono/agua,3.76,5,1203
25,85,1,Carbono/amonia,6.7,6,841
25,85,2,Carbono/acido sulfurico,2.82,4,1543
25,85,3,Carbono/metano,4.68,6,531
25,85,4,Silicio/agua,3.76,5,1157
25,85,5,Silicio/acido sulfurico,6.72,7,1689
25,90,0,Carbono/agua,3.76,5,1357
25,90,1,Carbono/amonia,6.7,6,946
25,90,2,Carbono/acido sulfurico,2.82,4,1698
25,90,3,Carbono/metano,4.68,6,598
25,90,4,Silicio/agua,3.76,5,1316
25,90,5,Silicio/acido sulfurico,6.72,7,1905
25,95,0,Carbono/agua,3.76,5,1526
25,95,1,Carbono/amonia,6.7,6,1063
25,95,2,Carbono/acido sulfurico,2.82,4,1807
25,95,3,Carbono/metano,4.68,6,673
25,95,4,Silicio/agua,3.76,5,1492
25,95,5,Silicio/acido sulfurico,6.72,7,2141
25,100,0,Carbono/agua,3.76,5,1712
25,100,1,Carbono/amonia,6.72,6,1193
25,100,2,Carbono/acido sulfurico,2.82,4,1927
25,100,3,Carbono/metano,4.68,6,755
25,100,4,Silicio/agua,3.76,5,1686
25,100,5,Silicio/acido sulfurico,6.72,7,2401
25,105,0,Carbono/agua,3.76,5,1918
25,105,1,Carbono/amonia,6.72,6,1336
25,105,2,Carbono/acido sulfurico,2.82,4,2058
25,105,3,Carbono/metano,4.68,6,848
25,105,4,Silicio/agua,4.7,6,1901
25,105,5,Silicio/acido sulfurico,6.72,7,2690
25,110,0,Carbono/agua,3.76,5,2145
25,110,1,Carbono/amonia,6.72,6,1493
25,110,2,Carbono/acido sulfurico,2.82,4,2203
25,110,3,Carbono/metano,4.68,6,948
25,110,4,Silicio/agua,4.7,6,2138
25,110,5,Silicio/acido sulfurico,6.72,7,3011
25,115,0,Carbono/agua,3.76,5,2397
25,115,1,Carbono/amonia,6.72,6,1668
25,115,2,Carbono/acido sulfurico,2.82,4,2461
25,115,3,Carbono/metano,4.68,6,1061
25,115,4,Silicio/agua,4.7,6,2398
25,115,5,Silicio/acido sulfurico,6.72,7,3364
25,120,0,Carbono/agua,3.76,5,2675
25,120,1,Carbono/amonia,6.72,6,1859
25,120,2,Carbono/acido sulfurico,2.82,4,2817
25,120,3,Carbono/metano,4.68,6,1186
25,120,4,Silicio/agua,4.7,6,2686
25,120,5,Silicio/acido sulfurico,6.72,7,3753
25,125,0,Carbono/agua,3.76,5,2982
25,125,1,Carbono/amonia,6.72,6,2070
25,125,2,Carbono/acido sulfurico,2.82,4,3209
25,125,3,Carbono/metano,4.68,6,1322
25,125,4,Silicio/agua,4.7,6,3004
25,125,5,Silicio/acido sulfurico,6.72,7,4183
25,130,0,Carbono/agua,3.76,5,3322
25,130,1,Carbono/amonia,6.72,6,2304
25,130,2,Carbono/acido sulfurico,2.82,4,3641
25,130,3,Carbono/metano,4.68,6,1472
25,130,4,Silicio/agua,4.7,6,3356
25,130,5,Silicio/acido sulfurico,6.72,7,4658
25,135,0,Carbono/agua,3.76,5,3696
25,135,1,Carbono/amonia,6.72,6,2561
25,135,2,Carbono/acido sulfurico,2.82,4,4120
25,135,3,Carbono/metano,4.68,6,1638
25,135,4,Silicio/agua,4.7,6,3746
25,135,5,Silicio/acido sulfurico,6.72,7,5183
25,140,0,Carbono/agua,3.76,5,4108
25,140,1,Carbono/amonia,6.72,6,2845
25,140,2,Carbono/acido sulfurico,2.82,4,4648
25,140,3,Carbono/metano,4.68,6,1822
25,140,4,Silicio/agua,4.7,6,4173
25,140,5,Silicio/acido sulfurico,6.72,7,5761
25,145,0,Carbono/agua,3.76,5,4562
25,145,1,Carbono/amonia,6.72,6,3158
25,145,2,Carbono/acido sulfurico,3.76,5,5232
25,145,3,Carbono/metano,4.68,6,2023
25,145,4,Silicio/agua,4.7,6,4645
25,145,5,Silicio/acido sulfurico,6.72,7,6400
25,150,0,Carbono/agua,3.76,5,5064
25,150,1,Carbono/amonia,6.72,6,3505
25,150,2,Carbono/acido sulfurico,4.7,6,5876
25,150,3,Carbono/metano,4.68,6,2246
25,150,4,Silicio/agua,4.7,6,5168
25,150,5,Silicio/acido sulfurico,6.72,7,7106
25,155,0,Carbono/agua,4.7,6,5620
25,155,1,Carbono/amonia,6.72,6,3888
25,155,2,Carbono/acido sulfurico,4.7,6,6586
25,155,3,Carbono/metano,4.68,6,2491
25,155,4,Silicio/agua,4.7,6,5745
25,155,5,Silicio/acido sulfurico,6.72,7,7645
25,160,0,Carbono/agua,4.7,6,6233
25,160,1,Carbono/amonia,6.72,6,4311
25,160,2,Carbono/acido sulfurico,4.7,6,7371
25,160,3,Carbono/metano,4.68,6,2762
25,160,4,Silicio/agua,4.7,6,6381
25,160,5,Silicio/acido sulfurico,6.72,7,8076
25,165,0,Carbono/agua,4.7,6,6909
25,165,1,Carbono/amonia,6.72,6,4778
25,165,2,Carbono/acido sulfurico,4.7,6,8239
25,165,3,Carbono/metano,4.68,6,3064
25,165,4,Silicio/agua,4.7,6,7085
25,165,5,Silicio/acido sulfurico,6.72,7,8552
25,170,0,Carbono/agua,4.7,6,7657
25,170,1,Carbono/amonia,6.72,7,5294
25,170,2,Carbono/acido sulfurico,4.7,6,9195
25,170,3,Carbono/metano,4.68,6,3396
25,170,4,Silicio/agua,4.7,6,7861
25,170,5,Silicio/acido sulfurico,6.72,7,9077
25,175,0,Carbono/agua,4.7,6,8482
25,175,1,Carbono/amonia,6.72,7,5848
25,175,2,Carbono/acido sulfurico,4.7,6,10222
25,175,3,Carbono/metano,4.68,6,3750
25,175,4,Silicio/agua,4.7,6,8717
25,175,5,Silicio/acido sulfurico,6.72,7,9640
25,180,0,Carbono/agua,4.7,6,9393
25,180,1,Carbono/amonia,6.72,7,6403
25,180,2,Carbono/acido sulfurico,4.7,6,11252
25,180,3,Carbono/metano,4.68,6,4106
25,180,4,Silicio/agua,4.7,6,9662
25,180,5,Silicio/acido sulfurico,6.72,7,10656
25,185,0,Carbono/agua,4.7,6,10398
25,185,1,Carbono/amonia,6.72,7,6959
25,185,2,Carbono/acido sulfurico,4.7,6,12281
25,185,3,Carbono/metano,4.68,6,4321
25,185,4,Silicio/agua,4.7,6,10706
25,185,5,Silicio/acido sulfurico,6.72,7,11785
25,190,0,Carbono/agua,4.7,6,11507
25,190,1,Carbono/amonia,6.72,7,7514
25,190,2,Carbono/acido sulfurico,4.7,6,13311
25,190,3,Carbono/metano,4.68,6,4500
25,190,4,Silicio/agua,4.7,6,11859
25,190,5,Silicio/acido sulfurico,6.72,7,12914
25,195,0,Carbono/agua,4.7,6,12732
25,195,1,Carbono/amonia,6.72,7,8069
25,195,2,Carbono/acido sulfurico,4.7,6,14341
25,195,3,Carbono/metano,4.68,6,4677
25,195,4,Silicio/agua,4.7,6,13131
25,195,5,Silicio/acido sulfurico,6.72,7,14042
25,200,0,Carbono/agua,4.7,6,14084
25,200,1,Carbono/amonia,6.72,7,8625
25,200,2,Carbono/acido sulfurico,4.7,6,15370
25,200,3,Carbono/metano,4.68,6,4856
25,200,4,Silicio/agua,6.68,8,14536
25,200,5,Silicio/acido sulfurico,6.72,7,15171
25,205,0,Carbono/agua,6.72,8,15578
25,205,1,Carbono/amonia,6.72,7,9180
25,205,2,Carbono/acido sulfurico,4.7,6,16399
25,205,3,Carbono/metano,4.68,6,5034
25,205,4,Silicio/agua,6.72,8,16087
25,205,5,Silicio/acido sulfurico,6.72,7,16300
25,210,0,Carbono/agua,6.72,8,17226
25,210,1,Carbono/amonia,6.72,7,9736
25,210,2,Carbono/acido sulfurico,4.7,6,17429
25,210,3,Carbono/metano,4.68,6,5213
25,210,4,Silicio/agua,6.72,8,17800
25,210,5,Silicio/acido sulfurico,6.72,7,17428
25,215,0,Carbono/agua,6.72,8,19048
25,215,1,Carbono/amonia,6.72,7,10291
25,215,2,Carbono/acido sulfurico,4.7,6,18459
25,215,3,Carbono/metano,4.68,6,5391
25,215,4,Silicio/agua,6.72,8,19691
25,215,5,Silicio/acido sulfurico,6.72,7,18557
25,220,0,Carbono/agua,6.72,8,21058
25,220,1,Carbono/amonia,6.72,7,10847
25,220,2,Carbono/acido sulfurico,4.7,6,19489
25,220,3,Carbono/metano,4.68,6,5570
25,220,4,Silicio/agua,6.72,8,21778
25,220,5,Silicio/acido sulfurico,6.72,7,19686
25,225,0,Carbono/agua,6.72,8,23278
25,225,1,Carbono/amonia,6.72,7,11402
25,225,2,Carbono/acido sulfurico,4.7,6,20518
25,225,3,Carbono/metano,4.68,6,5749
25,225,4,Silicio/agua,6.72,8,24083
25,225,5,Silicio/acido sulfurico,6.72,7,20816
25,230,0,Carbono/agua,6.72,8,25730
25,230,1,Carbono/amonia,6.72,7,11957
25,230,2,Carbono/acido sulfurico,6.72,8,21548
25,230,3,Carbono/metano,4.68,6,6070
25,230,4,Silicio/agua,6.72,8,26625
25,230,5,Silicio/acido sulfurico,6.72,7,21944
25,235,0,Carbono/agua,6.72,8,28389
25,235,1,Carbono/amonia,6.72,7,12512
25,235,2,Carbono/acido sulfurico,6.72,8,22578
25,235,3,Carbono/metano,4.68,6,6250
25,235,4,Silicio/agua,6.72,8,29384
25,235,5,Silicio/acido sulfurico,6.72,7,23074
25,240,0,Carbono/agua,6.72,8,31070
25,240,1,Carbono/amonia,6.72,7,13067
25,240,2,Carbono/acido sulfurico,6.72,8,23608
25,240,3,Carbono/metano,4.68,6,6428
25,240,4,Silicio/agua,6.72,8,32168
25,240,5,Silicio/acido sulfurico,6.72,7,24202
25,245,0,Carbono/agua,6.72,8,33750
25,245,1,Carbono/amonia,6.72,7,13622
25,245,2,Carbono/acido sulfurico,6.72,8,24638
25,245,3,Carbono/metano,4.68,6,6605
25,245,4,Silicio/agua,6.72,8,34953
25,245,5,Silicio/acido sulfurico,6.72,7,25330
25,250,0,Carbono/agua,6.72,8,36430
25,250,1,Carbono/amonia,6.72,7,14177
25,250,2,Carbono/acido sulfurico,6.72,8,25668
25,250,3,Carbono/metano,4.68,6,6784
25,250,4,Silicio/agua,6.72,8,37737
25,250,5,Silicio/acido sulfurico,6.72,7,26459
25,255,0,Carbono/agua,6.72,8,39111
25,255,1,Carbono/amonia,6.72,7,14732
25,255,2,Carbono/acido sulfurico,6.72,8,26698
25,255,3,Carbono/metano,4.68,6,7032
25,255,4,Silicio/agua,6.72,8,40520
25,255,5,Silicio/acido sulfurico,6.72,7,27587
25,260,0,Carbono/agua,6.72,8,41792
25,260,1,Carbono/amonia,6.72,7,15287
25,260,2,Carbono/acido sulfurico,6.72,8,27728
25,260,3,Carbono/metano,4.68,6,7389
25,260,4,Silicio/agua,6.72,8,43302
25,260,5,Silicio/acido sulfurico,6.72,7,28717
25,265,0,Carbono/agua,6.72,8,44473
25,265,1,Carbono/amonia,6.72,7,15843
25,265,2,Carbono/acido sulfurico,6.72,8,28758
25,265,3,Carbono/metano,4.68,6,7745
25,265,4,Silicio/agua,6.72,8,46084
25,265,5,Silicio/acido sulfurico,6.72,7,29847
25,270,0,Carbono/agua,6.72,8,47153
25,270,1,Carbono/amonia,6.72,7,16398
25,270,2,Carbono/acido sulfurico,6.72,8,29788
25,270,3,Carbono/metano,4.7,6,8103
25,270,4,Silicio/agua,6.72,8,48868
25,270,5,Silicio/acido sulfurico,6.72,7,30976
25,275,0,Carbono/agua,6.72,8,49835
25,275,1,Carbono/amonia,6.72,7,16953
25,275,2,Carbono/acido sulfurico,6.72,8,30817
25,275,3,Carbono/metano,4.7,6,8459
25,275,4,Silicio/agua,6.72,8,51093
25,275,5,Silicio/acido sulfurico,6.72,7,32105
25,280,0,Carbono/agua,6.72,8,52515
25,280,1,Carbono/amonia,6.72,7,17511
25,280,2,Carbono/acido sulfurico,6.72,8,31847
25,280,3,Carbono/metano,4.7,6,8815
25,280,4,Silicio/agua,6.72,8,52485
25,280,5,Silicio/acido sulfurico,6.72,7,33233
25,285,0,Carbono/agua,6.72,8,55195
25,285,1,Carbono/amonia,6.72,7,18067
25,285,2,Carbono/acido sulfurico,6.72,8,32877
25,285,3,Carbono/metano,4.7,6,9170
25,285,4,Silicio/agua,6.72,8,53876
25,285,5,Silicio/acido sulfurico,6.72,7,34363
25,290,0,Carbono/agua,6.72,8,57876
25,290,1,Carbono/amonia,6.72,7,18623
25,290,2,Carbono/acido sulfurico,6.72,8,33907
25,290,3,Carbono/metano,4.7,6,9526
25,290,4,Silicio/agua,6.72,8,55269
25,290,5,Silicio/acido sulfurico,6.72,7,35493
25,295,0,Carbono/agua,6.72,8,60556
25,295,1,Carbono/amonia,6.72,7,19178
25,295,2,Carbono/acido sulfurico,6.72,8,34936
25,295,3,Carbono/metano,4.7,6,9884
25,295,4,Silicio/agua,6.72,8,56660
25,295,5,Silicio/acido sulfurico,6.72,7,36509
25,300,0,Carbono/agua,6.72,8,63236
25,300,1,Carbono/amonia,6.72,7,19733
25,300,2,Carbono/acido sulfurico,6.72,8,35964
25,300,3,Carbono/metano,4.7,6,10241
25,300,4,Silicio/agua,6.72,8,58887
25,300,5,Silicio/acido sulfurico,6.72,7,37073
26,0,0,Carbono/agua,0.88,2,5
26,0,1,Carbono/amonia,-0.08,1,4
26,0,2,Carbono/acido sulfurico,0.92,2,7
26,0,3,Carbono/metano,0.74,2,3
26,0,4,Silicio/agua,-0.06,1,5
26,0,5,Silicio/acido sulfurico,0.82,2,8
26,5,0,Carbono/agua,1.88,3,33
26,5,1,Carbono/amonia,0.92,2,23
26,5,2,Carbono/acido sulfurico,0.94,2,43
26,5,3,Carbono/metano,1.74,3,16
26,5,4,Silicio/agua,0.92,2,35
26,5,5,Silicio/acido sulfurico,1.8,3,48
26,10,0,Carbono/agua,1.88,3,64
26,10,1,Carbono/amonia,0.92,2,44
26,10,2,Carbono/acido sulfurico,1.72,3,84
26,10,3,Carbono/metano,1.74,3,31
26,10,4,Silicio/agua,1.88,3,69
26,10,5,Silicio/acido sulfurico,1.86,3,92
26,15,0,Carbono/agua,1.88,3,99
26,15,1,Carbono/amonia,2.68,4,68
26,15,2,Carbono/acido sulfurico,1.82,3,130
26,15,3,Carbono/metano,1.82,3,45
26,15,4,Silicio/agua,1.88,3,104
26,15,5,Silicio/acido sulfurico,1.86,3,141
26,20,0,Carbono/agua,1.88,3,136
26,20,1,Carbono/amonia,2.68,4,97
26,20,2,Carbono/acido sulfurico,1.84,3,179
26,20,3,Carbono/metano,1.82,3,54
26,20,4,Silicio/agua,1.88,3,145
26,20,5,Silicio/acido sulfurico,2.72,4,195
26,25,0,Carbono/agua,1.88,3,177
26,25,1,Carbono/amonia,2.76,4,127
26,25,2,Carbono/acido sulfurico,1.86,3,234
26,25,3,Carbono/metano,1.82,3,63
26,25,4,Silicio/agua,2.74,4,188
26,25,5,Silicio/acido sulfurico,2.74,4,253
26,30,0,Carbono/agua,1.88,3,222
26,30,1,Carbono/amonia,2.78,4,159
26,30,2,Carbono/acido sulfurico,2.7,4,292
26,30,3,Carbono/metano,1.82,3,73
26,30,4,Silicio/agua,2.74,4,235
26,30,5,Silicio/acido sulfurico,3.68,5,318
26,35,0,Carbono/agua,2.78,4,274
26,35,1,Carbono/amonia,2.78,4,196
26,35,2,Carbono/acido sulfurico,2.72,4,357
26,35,3,Carbono/metano,1.84,3,86
26,35,4,Silicio/agua,2.76,4,289
26,35,5,Silicio/acido sulfurico,3.7,5,391
26,40,0,Carbono/agua,2.78,4,332
26,40,1,Carbono/amonia,2.78,4,236
26,40,2,Carbono/acido sulfurico,2.72,4,430
26,40,3,Carbono/metano,2.72,4,103
26,40,4,Silicio/agua,3.7,5,347
26,40,5,Silicio/acido sulfurico,3.7,5,470
26,45,0,Carbono/agua,2.78,4,396
26,45,1,Carbono/amonia,3.72,5,279
26,45,2,Carbono/acido sulfurico,3.72,5,512
26,45,3,Carbono/metano,2.72,4,131
26,45,4,Silicio/agua,3.72,5,411
26,45,5,Silicio/acido sulfurico,3.7,5,558
26,50,0,Carbono/agua,2.82,4,465
26,50,1,Carbono/amonia,3.72,5,327
26,50,2,Carbono/acido sulfurico,3.72,5,601
26,50,3,Carbono/metano,2.78,4,162
26,50,4,Silicio/agua,5.72,6,483
26,50,5,Silicio/acido sulfurico,3.7,5,655
26,55,0,Carbono/agua,2.82,4,541
26,55,1,Carbono/amonia,3.72,5,380
26,55,2,Carbono/acido sulfurico,3.74,5,699
26,55,3,Carbono/metano,2.78,4,196
26,55,4,Silicio/agua,5.72,6,563
26,55,5,Silicio/acido sulfurico,3.72,5,763
26,60,0,Carbono/agua,2.82,4,626
26,60,1,Carbono/amonia,3.74,5,438
26,60,2,Carbono/acido sulfurico,3.76,5,806
26,60,3,Carbono/metano,2.78,4,233
26,60,4,Silicio/agua,5.72,6,652
26,60,5,Silicio/acido sulfurico,3.74,5,882
26,65,0,Carbono/agua,2.82,4,719
26,65,1,Carbono/amonia,3.74,5,502
26,65,2,Carbono/acido sulfurico,3.76,3,926
26,65,3,Carbono/metano,2.78,4,275
26,65,4,Silicio/agua,5.72,6,748
26,65,5,Silicio/acido sulfurico,3.74,5,1012
26,70,0,Carbono/agua,3.72,5,823
26,70,1,Carbono/amonia,3.76,5,573
26,70,2,Carbono/acido sulfurico,3.76,5,992
26,70,3,Carbono/metano,3.7,5,320
26,70,4,Silicio/agua,5.72,6,854
26,70,5,Silicio/acido sulfurico,3.74,5,1157
26,75,0,Carbono/agua,3.76,5,936
26,75,1,Carbono/amonia,3.76,5,652
26,75,2,Carbono/acido sulfurico,3.76,5,1066
26,75,3,Carbono/metano,3.76,5,370
26,75,4,Silicio/agua,5.74,6,973
26,75,5,Silicio/acido sulfurico,3.76,5,1315
26,80,0,Carbono/agua,3.76,5,1061
26,80,1,Carbono/amonia,3.76,5,738
26,80,2,Carbono/acido sulfurico,3.76,5,1147
26,80,3,Carbono/metano,3.76,5,426
26,80,4,Silicio/agua,6.7,7,1104
26,80,5,Silicio/acido sulfurico,3.76,5,1492
26,85,0,Carbono/agua,3.76,5,1198
26,85,1,Carbono/amonia,3.76,5,834
26,85,2,Carbono/acido sulfurico,3.76,5,1238
26,85,3,Carbono/metano,3.76,5,488
26,85,4,Silicio/agua,6.7,7,1248
26,85,5,Silicio/acido sulfurico,3.76,5,1689
26,90,0,Carbono/agua,3.76,5,1351
26,90,1,Carbono/amonia,3.76,5,939
26,90,2,Carbono/acido sulfurico,3.76,3,1356
26,90,3,Carbono/metano,3.76,5,556
26,90,4,Silicio/agua,6.7,7,1405
26,90,5,Silicio/acido sulfurico,4.7,6,1903
26,95,0,Carbono/agua,3.76,5,1518
26,95,1,Carbono/amonia,3.76,5,1056
26,95,2,Carbono/acido sulfurico,3.76,5,1463
26,95,3,Carbono/metano,3.76,5,632
26,95,4,Silicio/agua,6.72,7,1579
26,95,5,Silicio/acido sulfurico,4.7,6,2139
26,100,0,Carbono/agua,3.76,5,1703
26,100,1,Carbono/amonia,3.76,5,1185
26,100,2,Carbono/acido sulfurico,3.76,5,1582
26,100,3,Carbono/metano,3.76,5,714
26,100,4,Silicio/agua,6.72,7,1772
26,100,5,Silicio/acido sulfurico,4.7,6,2401
26,105,0,Carbono/agua,3.76,5,1910
26,105,1,Carbono/amonia,3.76,5,1327
26,105,2,Carbono/acido sulfurico,3.76,5,1714
26,105,3,Carbono/metano,3.76,5,804
26,105,4,Silicio/agua,6.72,7,1985
26,105,5,Silicio/acido sulfurico,4.7,6,2691
26,110,0,Carbono/agua,3.76,5,2138
26,110,1,Carbono/amonia,3.76,5,1484
26,110,2,Carbono/acido sulfurico,3.76,5,1861
26,110,3,Carbono/metano,3.76,5,904
26,110,4,Silicio/agua,6.72,7,2220
26,110,5,Silicio/acido sulfurico,4.7,6,3011
26,115,0,Carbono/agua,4.7,6,2390
26,115,1,Carbono/amonia,4.7,6,1657
26,115,2,Carbono/acido sulfurico,3.76,5,2055
26,115,3,Carbono/metano,3.76,5,1016
26,115,4,Silicio/agua,6.72,7,2481
26,115,5,Silicio/acido sulfurico,4.7,6,3363
26,120,0,Carbono/agua,4.7,6,2668
26,120,1,Carbono/amonia,4.7,6,1848
26,120,2,Carbono/acido sulfurico,4.7,6,2409
26,120,3,Carbono/metano,3.76,5,1139
26,120,4,Silicio/agua,6.72,7,2770
26,120,5,Silicio/acido sulfurico,4.7,6,3752
26,125,0,Carbono/agua,4.7,6,2974
26,125,1,Carbono/amonia,4.7,6,2060
26,125,2,Carbono/acido sulfurico,4.7,6,2801
26,125,3,Carbono/metano,3.76,5,1275
26,125,4,Silicio/agua,6.72,7,3089
26,125,5,Silicio/acido sulfurico,4.7,6,4183
26,130,0,Carbono/agua,4.7,6,3313
26,130,1,Carbono/amonia,4.7,6,2293
26,130,2,Carbono/acido sulfurico,4.7,6,3233
26,130,3,Carbono/metano,3.76,5,1425
26,130,4,Silicio/agua,6.72,7,3439
26,130,5,Silicio/acido sulfurico,4.7,6,4658
26,135,0,Carbono/agua,4.7,6,3688
26,135,1,Carbono/amonia,4.7,6,2552
26,135,2,Carbono/acido sulfurico,4.7,6,3712
26,135,3,Carbono/metano,3.76,5,1591
26,135,4,Silicio/agua,6.72,7,3827
26,135,5,Silicio/acido sulfurico,4.7,6,5183
26,140,0,Carbono/agua,4.7,6,4102
26,140,1,Carbono/amonia,4.7,6,2836
26,140,2,Carbono/acido sulfurico,4.7,6,4241
26,140,3,Carbono/metano,3.76,5,1773
26,140,4,Silicio/agua,6.72,7,4255
26,140,5,Silicio/acido sulfurico,4.7,6,5762
26,145,0,Carbono/agua,4.7,6,4557
26,145,1,Carbono/amonia,4.7,6,3151
26,145,2,Carbono/acido sulfurico,4.7,6,4824
26,145,3,Carbono/metano,3.76,5,1977
26,145,4,Silicio/agua,6.72,7,4728
26,145,5,Silicio/acido sulfurico,4.7,6,6401
26,150,0,Carbono/agua,4.7,6,5059
26,150,1,Carbono/amonia,4.7,6,3498
26,150,2,Carbono/acido sulfurico,4.7,6,5466
26,150,3,Carbono/metano,3.76,5,2202
26,150,4,Silicio/agua,6.72,7,5250
26,150,5,Silicio/acido sulfurico,4.7,6,7106
26,155,0,Carbono/agua,4.7,6,5613
26,155,1,Carbono/amonia,4.7,6,3880
26,155,2,Carbono/acido sulfurico,4.7,6,6177
26,155,3,Carbono/metano,3.76,5,2447
26,155,4,Silicio/agua,6.72,7,5825
26,155,5,Silicio/acido sulfurico,4.7,6,7886
26,160,0,Carbono/agua,4.7,6,6224
26,160,1,Carbono/amonia,4.7,6,4303
26,160,2,Carbono/acido sulfurico,4.7,6,6962
26,160,3,Carbono/metano,3.76,5,2717
26,160,4,Silicio/agua,6.72,7,6460
26,160,5,Silicio/acido sulfurico,4.7,6,8746
26,165,0,Carbono/agua,4.7,6,6901
26,165,1,Carbono/amonia,4.7,6,4772
26,165,2,Carbono/acido sulfurico,4.7,6,7827
26,165,3,Carbono/metano,3.76,5,3017
26,165,4,Silicio/agua,6.72,7,7162
26,165,5,Silicio/acido sulfurico,4.7,6,9696
26,170,0,Carbono/agua,4.7,6,7648
26,170,1,Carbono/amonia,4.7,6,5287
26,170,2,Carbono/acido sulfurico,4.7,6,8783
26,170,3,Carbono/metano,3.76,5,3348
26,170,4,Silicio/agua,6.72,7,7937
26,170,5,Silicio/acido sulfurico,4.7,6,10746
26,175,0,Carbono/agua,4.7,6,8473
26,175,1,Carbono/amonia,4.7,6,5840
26,175,2,Carbono/acido sulfurico,4.7,6,9810
26,175,3,Carbono/metano,3.76,5,3705
26,175,4,Silicio/agua,6.72,7,8794
26,175,5,Silicio/acido sulfurico,4.7,6,11870
26,180,0,Carbono/agua,4.7,6,9383
26,180,1,Carbono/amonia,4.7,6,6397
26,180,2,Carbono/acido sulfurico,4.7,6,10840
26,180,3,Carbono/metano,3.76,5,4062
26,180,4,Silicio/agua,6.72,7,9738
26,180,5,Silicio/acido sulfurico,4.7,6,12999
26,185,0,Carbono/agua,4.7,6,10388
26,185,1,Carbono/amonia,4.7,6,6952
26,185,2,Carbono/acido sulfurico,4.7,6,11870
26,185,3,Carbono/metano,3.76,5,4418
26,185,4,Silicio/agua,6.72,7,10782
26,185,5,Silicio/acido sulfurico,4.7,6,14128
26,190,0,Carbono/agua,4.7,6,11497
26,190,1,Carbono/amonia,4.7,6,7508
26,190,2,Carbono/acido sulfurico,4.7,6,12899
26,190,3,Carbono/metano,3.76,5,4775
26,190,4,Silicio/agua,6.72,7,11934
26,190,5,Silicio/acido sulfurico,4.7,6,15257
26,195,0,Carbono/agua,4.7,6,12722
26,195,1,Carbono/amonia,4.7,6,8065
26,195,2,Carbono/acido sulfurico,4.7,6,13928
26,195,3,Carbono/metano,4.7,6,5133
26,195,4,Silicio/agua,6.72,7,13206
26,195,5,Silicio/acido sulfurico,6.72,8,16385
26,200,0,Carbono/agua,4.7,6,14074
26,200,1,Carbono/amonia,4.7,6,8621
26,200,2,Carbono/acido sulfurico,4.7,6,14958
26,200,3,Carbono/metano,4.7,6,5491
26,200,4,Silicio/agua,6.72,7,14609
26,200,5,Silicio/acido sulfurico,6.72,8,17513
26,205,0,Carbono/agua,4.7,6,15567
26,205,1,Carbono/amonia,4.7,6,9176
26,205,2,Carbono/acido sulfurico,4.7,6,15988
26,205,3,Carbono/metano,4.7,6,5848
26,205,4,Silicio/agua,6.72,7,16159
26,205,5,Silicio/acido sulfurico,6.72,8,18642
26,210,0,Carbono/agua,4.7,6,17215
26,210,1,Carbono/amonia,4.7,6,9734
26,210,2,Carbono/acido sulfurico,4.7,6,17018
26,210,3,Carbono/metano,4.7,6,6205
26,210,4,Silicio/agua,6.72,7,17872
26,210,5,Silicio/acido sulfurico,6.72,8,19770
26,215,0,Carbono/agua,6.72,8,19036
26,215,1,Carbono/amonia,4.7,6,10290
26,215,2,Carbono/acido sulfurico,4.7,6,18048
26,215,3,Carbono/metano,4.7,6,6562
26,215,4,Silicio/agua,6.72,7,19763
26,215,5,Silicio/acido sulfurico,6.72,8,20899
26,220,0,Carbono/agua,6.72,8,21045
26,220,1,Carbono/amonia,4.7,6,10845
26,220,2,Carbono/acido sulfurico,4.7,6,19077
26,220,3,Carbono/metano,4.7,6,6918
26,220,4,Silicio/agua,6.72,7,21850
26,220,5,Silicio/acido sulfurico,6.72,8,22028
26,225,0,Carbono/agua,6.72,8,23265
26,225,1,Carbono/amonia,5.72,7,11400
26,225,2,Carbono/acido sulfurico,4.7,6,20106
26,225,3,Carbono/metano,4.7,6,7278
26,225,4,Silicio/agua,6.72,7,24154
26,225,5,Silicio/acido sulfurico,6.72,8,23156
26,230,0,Carbono/agua,6.72,8,25717
26,230,1,Carbono/amonia,6.7,8,11956
26,230,2,Carbono/acido sulfurico,4.7,6,21136
26,230,3,Carbono/metano,4.7,6,7636
26,230,4,Silicio/agua,6.72,7,26698
26,230,5,Silicio/acido sulfurico,6.72,8,24286
26,235,0,Carbono/agua,6.72,8,28375
26,235,1,Carbono/amonia,6.7,8,12512
26,235,2,Carbono/acido sulfurico,4.7,6,22165
26,235,3,Carbono/metano,4.7,6,7994
26,235,4,Silicio/agua,6.72,7,29458
26,235,5,Silicio/acido sulfurico,6.72,8,25416
26,240,0,Carbono/agua,6.72,8,31056
26,240,1,Carbono/amonia,6.7,8,13067
26,240,2,Carbono/acido sulfurico,4.7,6,23195
26,240,3,Carbono/metano,4.7,6,8351
26,240,4,Silicio/agua,6.72,7,32241
26,240,5,Silicio/acido sulfurico,6.72,8,26545
26,245,0,Carbono/agua,6.72,8,33738
26,245,1,Carbono/amonia,6.7,8,13622
26,245,2,Carbono/acido sulfurico,4.7,6,24224
26,245,3,Carbono/metano,4.7,6,8708
26,245,4,Silicio/agua,6.72,7,35023
26,245,5,Silicio/acido sulfurico,6.72,8,27674
26,250,0,Carbono/agua,6.72,8,36420
26,250,1,Carbono/amonia,6.7,8,14178
26,250,2,Carbono/acido sulfurico,4.7,6,25254
26,250,3,Carbono/metano,4.7,6,9064
26,250,4,Silicio/agua,6.72,7,37806
26,250,5,Silicio/acido sulfurico,6.72,8,28803
26,255,0,Carbono/agua,6.72,8,39101
26,255,1,Carbono/amonia,6.7,8,14736
26,255,2,Carbono/acido sulfurico,4.7,6,26284
26,255,3,Carbono/metano,4.7,6,9422
26,255,4,Silicio/agua,6.72,7,40588
26,255,5,Silicio/acido sulfurico,6.72,8,29480
26,260,0,Carbono/agua,6.72,8,41781
26,260,1,Carbono/amonia,6.7,8,15291
26,260,2,Carbono/acido sulfurico,4.7,6,27314
26,260,3,Carbono/metano,4.7,6,9780
26,260,4,Silicio/agua,6.72,7,43372
26,260,5,Silicio/acido sulfurico,6.72,8,30045
26,265,0,Carbono/agua,6.72,8,44462
26,265,1,Carbono/amonia,6.7,8,15846
26,265,2,Carbono/acido sulfurico,4.7,6,28344
26,265,3,Carbono/metano,4.7,6,10136
26,265,4,Silicio/agua,6.72,7,46156
26,265,5,Silicio/acido sulfurico,6.72,8,30609
26,270,0,Carbono/agua,6.72,8,47142
26,270,1,Carbono/amonia,6.7,8,16402
26,270,2,Carbono/acido sulfurico,4.7,6,29374
26,270,3,Carbono/metano,4.7,6,10492
26,270,4,Silicio/agua,6.72,7,48939
26,270,5,Silicio/acido sulfurico,6.72,8,31173
26,275,0,Carbono/agua,6.72,8,49823
26,275,1,Carbono/amonia,6.7,8,16958
26,275,2,Carbono/acido sulfurico,4.7,6,30403
26,275,3,Carbono/metano,4.7,6,10849
26,275,4,Silicio/agua,6.72,7,51721
26,275,5,Silicio/acido sulfurico,6.72,8,31738
26,280,0,Carbono/agua,6.72,8,52503
26,280,1,Carbono/amonia,6.7,8,17514
26,280,2,Carbono/acido sulfurico,4.7,6,31432
26,280,3,Carbono/metano,4.7,6,11207
26,280,4,Silicio/agua,6.72,7,54505
26,280,5,Silicio/acido sulfurico,6.72,8,32868
26,285,0,Carbono/agua,6.72,8,55183
26,285,1,Carbono/amonia,6.7,8,18070
26,285,2,Carbono/acido sulfurico,4.7,6,32462
26,285,3,Carbono/metano,4.7,6,11565
26,285,4,Silicio/agua,6.72,7,57288
26,285,5,Silicio/acido sulfurico,6.72,8,33997
26,290,0,Carbono/agua,6.72,8,57863
26,290,1,Carbono/amonia,6.72,8,18626
26,290,2,Carbono/acido sulfurico,4.7,6,33492
26,290,3,Carbono/metano,5.76,7,11923
26,290,4,Silicio/agua,6.72,7,60071
26,290,5,Silicio/acido sulfurico,6.72,8,35126
26,295,0,Carbono/agua,6.72,8,60543
26,295,1,Carbono/amonia,6.72,8,19181
26,295,2,Carbono/acido sulfurico,4.7,6,34522
26,295,3,Carbono/metano,5.78,7,12282
26,295,4,Silicio/agua,6.72,7,62854
26,295,5,Silicio/acido sulfurico,6.72,8,36254
26,300,0,Carbono/agua,6.72,8,63223
26,300,1,Carbono/amonia,6.72,8,19736
26,300,2,Carbono/acido sulfurico,4.7,6,35552
26,300,3,Carbono/metano,5.78,7,12640
26,300,4,Silicio/agua,6.72,7,65639
26,300,5,Silicio/acido sulfurico,6.72,8,37383
27,0,0,Carbono/agua,0.92,2,5
27,0,1,Carbono/amonia,-0.1,1,4
27,0,2,Carbono/acido sulfurico,0.74,2,7
27,0,3,Carbono/metano,0.92,2,2
27,0,4,Silicio/agua,0.92,2,5
27,0,5,Silicio/acido sulfurico,0.9,2,7
27,5,0,Carbono/agua,1.88,3,33
27,5,1,Carbono/amonia,0.84,2,24
27,5,2,Carbono/acido sulfurico,1.88,3,44
27,5,3,Carbono/metano,0.92,2,15
27,5,4,Silicio/agua,0.94,2,35
27,5,5,Silicio/acido sulfurico,0.94,2,46
27,10,0,Carbono/agua,2.76,4,63
27,10,1,Carbono/amonia,1.8,3,46
27,10,2,Carbono/acido sulfurico,1.88,3,84
27,10,3,Carbono/metano,0.94,2,29
27,10,4,Silicio/agua,1.88,3,68
27,10,5,Silicio/acido sulfurico,1.84,3,91
27,15,0,Carbono/agua,2.76,4,97
27,15,1,Carbono/amonia,1.82,3,69
27,15,2,Carbono/acido sulfurico,1.88,3,130
27,15,3,Carbono/metano,1.84,3,44
27,15,4,Silicio/agua,1.88,3,104
27,15,5,Silicio/acido sulfurico,1.88,3,139
27,20,0,Carbono/agua,2.78,4,134
27,20,1,Carbono/amonia,1.84,3,96
27,20,2,Carbono/acido sulfurico,1.88,3,179
27,20,3,Carbono/metano,1.84,3,61
27,20,4,Silicio/agua,1.88,3,144
27,20,5,Silicio/acido sulfurico,1.88,3,194
27,25,0,Carbono/agua,2.78,4,179
27,25,1,Carbono/amonia,1.84,3,124
27,25,2,Carbono/acido sulfurico,1.88,3,234
27,25,3,Carbono/metano,1.84,3,79
27,25,4,Silicio/agua,1.88,3,169
27,25,5,Silicio/acido sulfurico,5.7,4,253
27,30,0,Carbono/agua,2.78,4,225
27,30,1,Carbono/amonia,1.88,3,157
27,30,2,Carbono/acido sulfurico,1.88,3,294
27,30,3,Carbono/metano,1.84,3,99
27,30,4,Silicio/agua,1.88,3,194
27,30,5,Silicio/acido sulfurico,5.7,4,319
27,35,0,Carbono/agua,5.74,5,277
27,35,1,Carbono/amonia,1.88,3,192
27,35,2,Carbono/acido sulfurico,1.88,3,360
27,35,3,Carbono/metano,1.84,3,122
27,35,4,Silicio/agua,1.88,3,222
27,35,5,Silicio/acido sulfurico,5.74,5,393
27,40,0,Carbono/agua,5.74,5,335
27,40,1,Carbono/amonia,1.88,3,231
27,40,2,Carbono/acido sulfurico,2.78,4,433
27,40,3,Carbono/metano,1.84,3,147
27,40,4,Silicio/agua,1.88,3,252
27,40,5,Silicio/acido sulfurico,5.74,5,474
27,45,0,Carbono/agua,5.74,6,397
27,45,1,Carbono/amonia,1.88,3,274
27,45,2,Carbono/acido sulfurico,3.72,5,513
27,45,3,Carbono/metano,1.86,3,174
27,45,4,Silicio/agua,2.68,4,284
27,45,5,Silicio/acido sulfurico,5.76,5,562
27,50,0,Carbono/agua,5.74,6,467
27,50,1,Carbono/amonia,1.88,3,322
27,50,2,Carbono/acido sulfurico,3.72,5,602
27,50,3,Carbono/metano,2.82,4,204
27,50,4,Silicio/agua,2.68,4,356
27,50,5,Silicio/acido sulfurico,5.78,5,660
27,55,0,Carbono/agua,5.76,6,544
27,55,1,Carbono/amonia,1.88,3,377
27,55,2,Carbono/acido sulfurico,3.74,5,699
27,55,3,Carbono/metano,2.82,4,237
27,55,4,Silicio/agua,2.74,4,436
27,55,5,Silicio/acido sulfurico,5.78,5,769
27,60,0,Carbono/agua,5.76,6,630
27,60,1,Carbono/amonia,1.88,3,436
27,60,2,Carbono/acido sulfurico,3.74,5,809
27,60,3,Carbono/metano,2.82,4,274
27,60,4,Silicio/agua,2.8,4,524
27,60,5,Silicio/acido sulfurico,5.78,5,888
27,65,0,Carbono/agua,5.76,6,722
27,65,1,Carbono/amonia,1.88,3,501
27,65,2,Carbono/acido sulfurico,3.76,5,929
27,65,3,Carbono/metano,2.82,4,317
27,65,4,Silicio/agua,3.72,5,620
27,65,5,Silicio/acido sulfurico,5.78,5,968
27,70,0,Carbono/agua,5.76,6,825
27,70,1,Carbono/amonia,1.88,3,573
27,70,2,Carbono/acido sulfurico,3.76,5,1061
27,70,3,Carbono/metano,2.82,4,362
27,70,4,Silicio/agua,6.68,7,726
27,70,5,Silicio/acido sulfurico,5.78,5,1041
27,75,0,Carbono/agua,6.68,7,940
27,75,1,Carbono/amonia,2.74,4,652
27,75,2,Carbono/acido sulfurico,3.76,5,1207
27,75,3,Carbono/metano,2.82,4,412
27,75,4,Silicio/agua,6.68,7,844
27,75,5,Silicio/acido sulfurico,5.78,5,1120
27,80,0,Carbono/agua,6.7,7,1066
27,80,1,Carbono/amonia,2.74,4,737
27,80,2,Carbono/acido sulfurico,3.76,5,1368
27,80,3,Carbono/metano,2.82,4,468
27,80,4,Silicio/agua,6.68,7,975
27,80,5,Silicio/acido sulfurico,5.78,5,1209
27,85,0,Carbono/agua,6.7,7,1204
27,85,1,Carbono/amonia,2.74,4,832
27,85,2,Carbono/acido sulfurico,3.76,5,1547
27,85,3,Carbono/metano,2.82,4,530
27,85,4,Silicio/agua,6.68,7,1119
27,85,5,Silicio/acido sulfurico,5.78,5,1307
27,90,0,Carbono/agua,6.7,7,1358
27,90,1,Carbono/amonia,2.8,4,939
27,90,2,Carbono/acido sulfurico,4.68,6,1743
27,90,3,Carbono/metano,2.82,4,596
27,90,4,Silicio/agua,6.68,7,1278
27,90,5,Silicio/acido sulfurico,5.78,5,1522
27,95,0,Carbono/agua,6.7,7,1528
27,95,1,Carbono/amonia,2.8,4,1057
27,95,2,Carbono/acido sulfurico,4.7,6,1959
27,95,3,Carbono/metano,2.82,4,671
27,95,4,Silicio/agua,6.68,7,1454
27,95,5,Silicio/acido sulfurico,5.78,5,1758
27,100,0,Carbono/agua,6.72,7,1715
27,100,1,Carbono/amonia,3.74,5,1186
27,100,2,Carbono/acido sulfurico,4.7,6,2199
27,100,3,Carbono/metano,2.82,4,754
27,100,4,Silicio/agua,6.68,7,1649
27,100,5,Silicio/acido sulfurico,5.78,5,2019
27,105,0,Carbono/agua,6.72,7,1920
27,105,1,Carbono/amonia,5.7,6,1330
27,105,2,Carbono/acido sulfurico,4.7,6,2464
27,105,3,Carbono/metano,2.82,4,847
27,105,4,Silicio/agua,6.68,7,1864
27,105,5,Silicio/acido sulfurico,6.72,6,2308
27,110,0,Carbono/agua,6.72,7,2149
27,110,1,Carbono/amonia,5.72,6,1487
27,110,2,Carbono/acido sulfurico,4.7,6,2757
27,110,3,Carbono/metano,3.76,5,950
27,110,4,Silicio/agua,6.68,7,2100
27,110,5,Silicio/acido sulfurico,6.72,6,2629
27,115,0,Carbono/agua,6.72,7,2400
27,115,1,Carbono/amonia,5.74,6,1661
27,115,2,Carbono/acido sulfurico,4.7,6,3079
27,115,3,Carbono/metano,3.76,5,1063
27,115,4,Silicio/agua,6.68,7,2362
27,115,5,Silicio/acido sulfurico,6.72,6,2982
27,120,0,Carbono/agua,6.72,7,2677
27,120,1,Carbono/amonia,6.7,7,1851
27,120,2,Carbono/acido sulfurico,4.7,6,3434
27,120,3,Carbono/metano,3.76,5,1185
27,120,4,Silicio/agua,6.7,7,2650
27,120,5,Silicio/acido sulfurico,6.72,6,3373
27,125,0,Carbono/agua,6.72,7,2983
27,125,1,Carbono/amonia,6.72,7,2062
27,125,2,Carbono/acido sulfurico,4.7,6,3826
27,125,3,Carbono/metano,3.76,5,1323
27,125,4,Silicio/agua,6.7,7,2966
27,125,5,Silicio/acido sulfurico,6.72,7,3802
27,130,0,Carbono/agua,6.72,7,3321
27,130,1,Carbono/amonia,6.72,7,2296
27,130,2,Carbono/acido sulfurico,4.7,6,4259
27,130,3,Carbono/metano,4.7,6,1472
27,130,4,Silicio/agua,6.72,7,3317
27,130,5,Silicio/acido sulfurico,6.72,7,4277
27,135,0,Carbono/agua,6.72,7,3694
27,135,1,Carbono/amonia,6.72,7,2555
27,135,2,Carbono/acido sulfurico,4.7,6,4738
27,135,3,Carbono/metano,4.7,6,1636
27,135,4,Silicio/agua,6.72,7,3706
27,135,5,Silicio/acido sulfurico,6.72,7,4802
27,140,0,Carbono/agua,6.72,7,4106
27,140,1,Carbono/amonia,6.72,7,2839
27,140,2,Carbono/acido sulfurico,4.7,6,5267
27,140,3,Carbono/metano,4.7,6,1820
27,140,4,Silicio/agua,6.72,7,4135
27,140,5,Silicio/acido sulfurico,6.72,7,5382
27,145,0,Carbono/agua,6.72,7,4561
27,145,1,Carbono/amonia,6.72,7,3154
27,145,2,Carbono/acido sulfurico,4.7,6,5849
27,145,3,Carbono/metano,4.7,6,2021
27,145,4,Silicio/agua,6.72,7,4607
27,145,5,Silicio/acido sulfurico,6.72,7,6023
27,150,0,Carbono/agua,6.72,7,5063
27,150,1,Carbono/amonia,6.72,7,3502
27,150,2,Carbono/acido sulfurico,4.7,6,6492
27,150,3,Carbono/metano,4.7,6,2244
27,150,4,Silicio/agua,6.72,7,5130
27,150,5,Silicio/acido sulfurico,6.72,7,6729
27,155,0,Carbono/agua,6.72,7,5617
27,155,1,Carbono/amonia,6.72,7,3886
27,155,2,Carbono/acido sulfurico,4.7,6,7203
27,155,3,Carbono/metano,4.7,6,2490
27,155,4,Silicio/agua,6.72,7,5707
27,155,5,Silicio/acido sulfurico,6.72,7,7508
27,160,0,Carbono/agua,6.72,7,6230
27,160,1,Carbono/amonia,6.72,7,4309
27,160,2,Carbono/acido sulfurico,4.7,6,7987
27,160,3,Carbono/metano,4.7,6,2761
27,160,4,Silicio/agua,6.72,7,6343
27,160,5,Silicio/acido sulfurico,6.72,7,8368
27,165,0,Carbono/agua,6.72,7,6907
27,165,1,Carbono/amonia,6.72,7,4777
27,165,2,Carbono/acido sulfurico,4.7,6,8853
27,165,3,Carbono/metano,4.7,6,3061
27,165,4,Silicio/agua,6.72,7,7045
27,165,5,Silicio/acido sulfurico,6.72,7,9318
27,170,0,Carbono/agua,6.72,7,7655
27,170,1,Carbono/amonia,6.72,8,5292
27,170,2,Carbono/acido sulfurico,4.7,6,9810
27,170,3,Carbono/metano,4.7,6,3394
27,170,4,Silicio/agua,6.72,7,7821
27,170,5,Silicio/acido sulfurico,6.72,7,10366
27,175,0,Carbono/agua,6.72,7,8480
27,175,1,Carbono/amonia,6.72,8,5846
27,175,2,Carbono/acido sulfurico,4.7,6,10836
27,175,3,Carbono/metano,4.7,6,3750
27,175,4,Silicio/agua,6.72,7,8675
27,175,5,Silicio/acido sulfurico,6.72,7,11490
27,180,0,Carbono/agua,6.72,7,9391
27,180,1,Carbono/amonia,6.72,8,6403
27,180,2,Carbono/acido sulfurico,4.7,6,11865
27,180,3,Carbono/metano,4.7,6,4106
27,180,4,Silicio/agua,6.72,7,9620
27,180,5,Silicio/acido sulfurico,6.72,7,12620
27,185,0,Carbono/agua,6.72,7,10396
27,185,1,Carbono/amonia,6.72,8,6958
27,185,2,Carbono/acido sulfurico,4.7,6,12894
27,185,3,Carbono/metano,4.7,6,4464
27,185,4,Silicio/agua,6.72,7,10662
27,185,5,Silicio/acido sulfurico,6.72,7,13748
27,190,0,Carbono/agua,6.72,7,11507
27,190,1,Carbono/amonia,6.72,8,7513
27,190,2,Carbono/acido sulfurico,4.7,6,13923
27,190,3,Carbono/metano,4.7,6,4821
27,190,4,Silicio/agua,6.72,7,11815
27,190,5,Silicio/acido sulfurico,6.72,7,14877
27,195,0,Carbono/agua,6.72,7,12733
27,195,1,Carbono/amonia,6.72,8,8069
27,195,2,Carbono/acido sulfurico,4.7,6,14953
27,195,3,Carbono/metano,4.7,6,5177
27,195,4,Silicio/agua,6.72,7,13087
27,195,5,Silicio/acido sulfurico,6.72,7,16006
27,200,0,Carbono/agua,6.72,7,14086
27,200,1,Carbono/amonia,6.72,8,8625
27,200,2,Carbono/acido sulfurico,4.7,6,15983
27,200,3,Carbono/metano,4.7,6,5533
27,200,4,Silicio/agua,6.72,7,14492
27,200,5,Silicio/acido sulfurico,6.72,7,17135
27,205,0,Carbono/agua,6.72,7,15580
27,205,1,Carbono/amonia,6.72,8,9180
27,205,2,Carbono/acido sulfurico,6.72,8,17013
27,205,3,Carbono/metano,4.7,6,5890
27,205,4,Silicio/agua,6.72,7,16043
27,205,5,Silicio/acido sulfurico,6.72,7,18264
27,210,0,Carbono/agua,6.72,7,17228
27,210,1,Carbono/amonia,6.72,8,9735
27,210,2,Carbono/acido sulfurico,6.72,8,18043
27,210,3,Carbono/metano,4.7,6,6247
27,210,4,Silicio/agua,6.72,7,17756
27,210,5,Silicio/acido sulfurico,6.72,7,19392
27,215,0,Carbono/agua,6.72,7,19049
27,215,1,Carbono/amonia,6.72,8,10290
27,215,2,Carbono/acido sulfurico,6.72,8,19073
27,215,3,Carbono/metano,4.7,6,6603
27,215,4,Silicio/agua,6.72,7,19647
27,215,5,Silicio/acido sulfurico,6.72,7,20522
27,220,0,Carbono/agua,6.72,7,21059
27,220,1,Carbono/amonia,6.72,8,10846
27,220,2,Carbono/acido sulfurico,6.72,8,20102
27,220,3,Carbono/metano,4.7,6,6958
27,220,4,Silicio/agua,6.72,7,21734
27,220,5,Silicio/acido sulfurico,6.72,7,21652
27,225,0,Carbono/agua,6.72,7,23279
27,225,1,Carbono/amonia,6.72,8,11402
27,225,2,Carbono/acido sulfurico,6.72,8,21132
27,225,3,Carbono/metano,4.7,6,7313
27,225,4,Silicio/agua,6.72,7,24039
27,225,5,Silicio/acido sulfurico,6.72,7,22780
27,230,0,Carbono/agua,6.72,7,25729
27,230,1,Carbono/amonia,6.72,8,11957
27,230,2,Carbono/acido sulfurico,6.72,8,22162
27,230,3,Carbono/metano,4.7,6,7669
27,230,4,Silicio/agua,6.72,7,26582
27,230,5,Silicio/acido sulfurico,6.72,7,23909
27,235,0,Carbono/agua,6.72,7,28387
27,235,1,Carbono/amonia,6.72,8,12512
27,235,2,Carbono/acido sulfurico,6.72,8,23192
27,235,3,Carbono/metano,4.7,6,8025
27,235,4,Silicio/agua,6.72,7,29341
27,235,5,Silicio/acido sulfurico,6.72,7,25038
27,240,0,Carbono/agua,6.72,7,31067
27,240,1,Carbono/amonia,6.72,8,13067
27,240,2,Carbono/acido sulfurico,6.72,8,24222
27,240,3,Carbono/metano,4.7,6,8380
27,240,4,Silicio/agua,6.72,7,32125
27,240,5,Silicio/acido sulfurico,6.72,7,26166
27,245,0,Carbono/agua,6.72,7,33748
27,245,1,Carbono/amonia,6.72,8,13623
27,245,2,Carbono/acido sulfurico,6.72,8,25251
27,245,3,Carbono/metano,4.7,6,8737
27,245,4,Silicio/agua,6.72,7,34909
27,245,5,Silicio/acido sulfurico,6.72,7,27296
27,250,0,Carbono/agua,6.72,7,36429
27,250,1,Carbono/amonia,6.72,8,14178
27,250,2,Carbono/acido sulfurico,6.72,8,26280
27,250,3,Carbono/metano,4.7,6,9095
27,250,4,Silicio/agua,6.72,7,37693
27,250,5,Silicio/acido sulfurico,6.72,7,28425
27,255,0,Carbono/agua,6.72,7,39109
27,255,1,Carbono/amonia,6.72,8,14734
27,255,2,Carbono/acido sulfurico,6.72,8,27310
27,255,3,Carbono/metano,4.7,6,9451
27,255,4,Silicio/agua,6.72,7,40477
27,255,5,Silicio/acido sulfurico,6.72,7,29555
27,260,0,Carbono/agua,6.72,7,41790
27,260,1,Carbono/amonia,6.72,8,15289
27,260,2,Carbono/acido sulfurico,6.72,8,28340
27,260,3,Carbono/metano,4.7,6,9808
27,260,4,Silicio/agua,6.72,7,43258
27,260,5,Silicio/acido sulfurico,6.72,7,30685
27,265,0,Carbono/agua,6.72,7,44470
27,265,1,Carbono/amonia,6.72,8,15846
27,265,2,Carbono/acido sulfurico,6.72,8,29370
27,265,3,Carbono/metano,4.68,6,10023
27,265,4,Silicio/agua,6.72,7,46042
27,265,5,Silicio/acido sulfurico,6.72,7,31815
27,270,0,Carbono/agua,6.72,7,47150
27,270,1,Carbono/amonia,6.72,8,16401
27,270,2,Carbono/acido sulfurico,6.72,8,30400
27,270,3,Carbono/metano,4.68,6,10199
27,270,4,Silicio/agua,6.72,7,48823
27,270,5,Silicio/acido sulfurico,6.72,7,32945
27,275,0,Carbono/agua,6.72,7,49832
27,275,1,Carbono/amonia,6.72,8,16956
27,275,2,Carbono/acido sulfurico,6.72,8,31429
27,275,3,Carbono/metano,4.7,6,10376
27,275,4,Silicio/agua,6.72,7,51604
27,275,5,Silicio/acido sulfurico,6.72,7,34075
27,280,0,Carbono/agua,6.72,7,52513
27,280,1,Carbono/amonia,6.72,8,17511
27,280,2,Carbono/acido sulfurico,6.72,8,32459
27,280,3,Carbono/metano,4.7,6,10555
27,280,4,Silicio/agua,6.72,7,54387
27,280,5,Silicio/acido sulfurico,6.72,7,35205
27,285,0,Carbono/agua,6.72,8,55193
27,285,1,Carbono/amonia,6.72,8,18067
27,285,2,Carbono/acido sulfurico,6.72,8,33489
27,285,3,Carbono/metano,4.7,6,10734
27,285,4,Silicio/agua,6.72,7,57170
27,285,5,Silicio/acido sulfurico,6.72,7,36334
27,290,0,Carbono/agua,6.72,8,57875
27,290,1,Carbono/amonia,6.72,7,18400
27,290,2,Carbono/acido sulfurico,6.72,8,34519
27,290,3,Carbono/metano,4.7,6,11091
27,290,4,Silicio/agua,6.72,7,59952
27,290,5,Silicio/acido sulfurico,6.72,7,37461
27,295,0,Carbono/agua,6.72,8,60557
27,295,1,Carbono/amonia,6.72,7,18679
27,295,2,Carbono/acido sulfurico,6.72,8,35549
27,295,3,Carbono/metano,4.7,6,11447
27,295,4,Silicio/agua,6.72,7,62735
27,295,5,Silicio/acido sulfurico,6.72,7,38590
27,300,0,Carbono/agua,6.72,8,63240
27,300,1,Carbono/amonia,6.72,7,18956
27,300,2,Carbono/acido sulfurico,6.72,8,36579
27,300,3,Carbono/metano,4.7,6,11802
27,300,4,Silicio/agua,6.72,7,65517
27,300,5,Silicio/acido sulfurico,6.72,7,39719
28,0,0,Carbono/agua,0.88,2,5
28,0,1,Carbono/amonia,1.72,3,4
28,0,2,Carbono/acido sulfurico,-0.02,1,7
28,0,3,Carbono/metano,0.86,1,2
28,0,4,Silicio/agua,1.76,3,6
28,0,5,Silicio/acido sulfurico,1.72,3,7
28,5,0,Carbono/agua,1.86,3,34
28,5,1,Carbono/amonia,2.7,4,24
28,5,2,Carbono/acido sulfurico,0.82,2,42
28,5,3,Carbono/metano,1.84,3,15
28,5,4,Silicio/agua,1.78,3,36
28,5,5,Silicio/acido sulfurico,2.7,4,48
28,10,0,Carbono/agua,1.88,3,67
28,10,1,Carbono/amonia,2.7,4,45
28,10,2,Carbono/acido sulfurico,1.78,3,84
28,10,3,Carbono/metano,1.84,3,30
28,10,4,Silicio/agua,1.78,3,69
28,10,5,Silicio/acido sulfurico,2.7,4,90
28,15,0,Carbono/agua,2.82,4,101
28,15,1,Carbono/amonia,2.72,4,69
28,15,2,Carbono/acido sulfurico,1.82,3,129
28,15,3,Carbono/metano,1.84,3,45
28,15,4,Silicio/agua,1.82,3,104
28,15,5,Silicio/acido sulfurico,2.72,4,138
28,20,0,Carbono/agua,2.82,4,138
28,20,1,Carbono/amonia,2.74,4,96
28,20,2,Carbono/acido sulfurico,2.76,4,178
28,20,3,Carbono/metano,1.84,3,62
28,20,4,Silicio/agua,2.7,4,143
28,20,5,Silicio/acido sulfurico,2.72,4,192
28,25,0,Carbono/agua,2.82,4,179
28,25,1,Carbono/amonia,2.76,4,124
28,25,2,Carbono/acido sulfurico,2.78,4,232
28,25,3,Carbono/metano,1.84,3,81
28,25,4,Silicio/agua,2.7,4,187
28,25,5,Silicio/acido sulfurico,2.72,4,253
28,30,0,Carbono/agua,2.82,4,225
28,30,1,Carbono/amonia,3.68,5,155
28,30,2,Carbono/acido sulfurico,2.78,4,292
28,30,3,Carbono/metano,1.86,3,102
28,30,4,Silicio/agua,2.7,4,235
28,30,5,Silicio/acido sulfurico,2.74,4,317
28,35,0,Carbono/agua,2.82,4,276
28,35,1,Carbono/amonia,3.72,5,191
28,35,2,Carbono/acido sulfurico,2.82,4,359
28,35,3,Carbono/metano,2.8,4,123
28,35,4,Silicio/agua,2.72,3,278
28,35,5,Silicio/acido sulfurico,2.76,4,388
28,40,0,Carbono/agua,2.82,4,333
28,40,1,Carbono/amonia,3.72,5,233
28,40,2,Carbono/acido sulfurico,3.76,5,430
28,40,3,Carbono/metano,2.82,4,135
28,40,4,Silicio/agua,2.72,4,308
28,40,5,Silicio/acido sulfurico,2.78,4,467
28,45,0,Carbono/agua,2.82,4,396
28,45,1,Carbono/amonia,3.72,5,276
28,45,2,Carbono/acido sulfurico,3.76,5,511
28,45,3,Carbono/metano,2.82,4,148
28,45,4,Silicio/agua,2.72,4,339
28,45,5,Silicio/acido sulfurico,2.78,4,555
28,50,0,Carbono/agua,2.82,4,466
28,50,1,Carbono/amonia,3.72,5,323
28,50,2,Carbono/acido sulfurico,3.76,5,599
28,50,3,Carbono/metano,2.82,4,164
28,50,4,Silicio/agua,2.72,4,375
28,50,5,Silicio/acido sulfurico,2.8,4,654
28,55,0,Carbono/agua,3.74,5,543
28,55,1,Carbono/amonia,3.72,5,375
28,55,2,Carbono/acido sulfurico,3.76,5,696
28,55,3,Carbono/metano,2.82,4,181
28,55,4,Silicio/agua,2.76,4,416
28,55,5,Silicio/acido sulfurico,2.8,4,763
28,60,0,Carbono/agua,3.74,5,628
28,60,1,Carbono/amonia,3.72,5,434
28,60,2,Carbono/acido sulfurico,3.76,5,805
28,60,3,Carbono/metano,2.82,4,208
28,60,4,Silicio/agua,2.76,4,459
28,60,5,Silicio/acido sulfurico,2.8,4,883
28,65,0,Carbono/agua,3.76,5,722
28,65,1,Carbono/amonia,3.74,5,499
28,65,2,Carbono/acido sulfurico,3.76,5,923
28,65,3,Carbono/metano,2.82,4,250
28,65,4,Silicio/agua,2.76,4,508
28,65,5,Silicio/acido sulfurico,2.8,4,1015
28,70,0,Carbono/agua,3.76,5,825
28,70,1,Carbono/amonia,3.76,5,571
28,70,2,Carbono/acido sulfurico,3.76,5,1055
28,70,3,Carbono/metano,2.82,4,297
28,70,4,Silicio/agua,2.78,4,562
28,70,5,Silicio/acido sulfurico,2.8,4,1159
28,75,0,Carbono/agua,3.76,5,937
28,75,1,Carbono/amonia,3.76,5,650
28,75,2,Carbono/acido sulfurico,3.76,5,1199
28,75,3,Carbono/metano,2.82,4,347
28,75,4,Silicio/agua,2.8,4,620
28,75,5,Silicio/acido sulfurico,2.8,4,1318
28,80,0,Carbono/agua,3.76,5,1062
28,80,1,Carbono/amonia,4.7,6,736
28,80,2,Carbono/acido sulfurico,3.76,5,1361
28,80,3,Carbono/metano,2.82,4,403
28,80,4,Silicio/agua,2.82,4,725
28,80,5,Silicio/acido sulfurico,3.74,5,1494
28,85,0,Carbono/agua,3.76,5,1202
28,85,1,Carbono/amonia,4.7,6,833
28,85,2,Carbono/acido sulfurico,3.76,5,1539
28,85,3,Carbono/metano,2.82,4,464
28,85,4,Silicio/agua,3.72,5,869
28,85,5,Silicio/acido sulfurico,3.74,5,1690
28,90,0,Carbono/agua,4.7,6,1356
28,90,1,Carbono/amonia,4.7,6,939
28,90,2,Carbono/acido sulfurico,3.76,5,1737
28,90,3,Carbono/metano,2.82,4,533
28,90,4,Silicio/agua,3.74,5,1028
28,90,5,Silicio/acido sulfurico,4.68,6,1905
28,95,0,Carbono/agua,4.7,6,1524
28,95,1,Carbono/amonia,4.7,6,1056
28,95,2,Carbono/acido sulfurico,4.7,6,1953
28,95,3,Carbono/metano,3.72,5,609
28,95,4,Silicio/agua,3.76,5,1203
28,95,5,Silicio/acido sulfurico,4.68,6,2144
28,100,0,Carbono/agua,4.7,6,1711
28,100,1,Carbono/amonia,4.7,6,1187
28,100,2,Carbono/acido sulfurico,5.74,6,2192
28,100,3,Carbono/metano,3.74,5,692
28,100,4,Silicio/agua,3.76,5,1398
28,100,5,Silicio/acido sulfurico,4.68,6,2408
28,105,0,Carbono/agua,4.7,6,1918
28,105,1,Carbono/amonia,4.7,6,1329
28,105,2,Carbono/acido sulfurico,6.68,8,2324
28,105,3,Carbono/metano,3.74,5,783
28,105,4,Silicio/agua,3.76,5,1613
28,105,5,Silicio/acido sulfurico,4.68,6,2696
28,110,0,Carbono/agua,4.7,6,2145
28,110,1,Carbono/amonia,4.7,6,1486
28,110,2,Carbono/acido sulfurico,6.68,8,2470
28,110,3,Carbono/metano,3.74,5,883
28,110,4,Silicio/agua,3.76,5,1848
28,110,5,Silicio/acido sulfurico,4.68,6,3015
28,115,0,Carbono/agua,5.7,7,2397
28,115,1,Carbono/amonia,4.7,6,1659
28,115,2,Carbono/acido sulfurico,6.7,8,2631
28,115,3,Carbono/metano,3.76,5,996
28,115,4,Silicio/agua,4.7,6,2108
28,115,5,Silicio/acido sulfurico,4.68,6,3368
28,120,0,Carbono/agua,5.72,7,2675
28,120,1,Carbono/amonia,4.7,6,1851
28,120,2,Carbono/acido sulfurico,6.72,8,2809
28,120,3,Carbono/metano,3.76,5,1119
28,120,4,Silicio/agua,4.7,6,2396
28,120,5,Silicio/acido sulfurico,4.68,6,3757
28,125,0,Carbono/agua,6.68,8,2982
28,125,1,Carbono/amonia,4.7,6,2064
28,125,2,Carbono/acido sulfurico,6.72,8,3047
28,125,3,Carbono/metano,3.76,5,1254
28,125,4,Silicio/agua,4.7,6,2714
28,125,5,Silicio/acido sulfurico,4.68,6,4188
28,130,0,Carbono/agua,6.7,8,3319
28,130,1,Carbono/amonia,4.7,6,2298
28,130,2,Carbono/acido sulfurico,6.72,8,3479
28,130,3,Carbono/metano,4.7,6,1403
28,130,4,Silicio/agua,4.7,6,3065
28,130,5,Silicio/acido sulfurico,4.68,6,4662
28,135,0,Carbono/agua,6.7,8,3693
28,135,1,Carbono/amonia,6.72,8,2557
28,135,2,Carbono/acido sulfurico,6.72,8,3959
28,135,3,Carbono/metano,4.7,6,1569
28,135,4,Silicio/agua,4.7,6,3454
28,135,5,Silicio/acido sulfurico,4.68,6,5187
28,140,0,Carbono/agua,6.72,8,4105
28,140,1,Carbono/amonia,6.72,8,2841
28,140,2,Carbono/acido sulfurico,6.72,8,4485
28,140,3,Carbono/metano,4.7,6,1751
28,140,4,Silicio/agua,4.7,6,3883
28,140,5,Silicio/acido sulfurico,5.72,7,5766
28,145,0,Carbono/agua,6.72,8,4562
28,145,1,Carbono/amonia,6.72,8,3155
28,145,2,Carbono/acido sulfurico,6.72,8,5068
28,145,3,Carbono/metano,4.7,6,1953
28,145,4,Silicio/agua,4.7,6,4355
28,145,5,Silicio/acido sulfurico,6.7,8,6406
28,150,0,Carbono/agua,6.72,8,5063
28,150,1,Carbono/amonia,6.72,8,3501
28,150,2,Carbono/acido sulfurico,6.72,8,5713
28,150,3,Carbono/metano,4.7,6,2176
28,150,4,Silicio/agua,4.7,6,4875
28,150,5,Silicio/acido sulfurico,6.72,8,7111
28,155,0,Carbono/agua,6.72,8,5619
28,155,1,Carbono/amonia,6.72,8,3885
28,155,2,Carbono/acido sulfurico,6.72,8,6423
28,155,3,Carbono/metano,4.7,6,2422
28,155,4,Silicio/agua,4.7,6,5451
28,155,5,Silicio/acido sulfurico,6.72,8,7888
28,160,0,Carbono/agua,6.72,8,6232
28,160,1,Carbono/amonia,6.72,8,4310
28,160,2,Carbono/acido sulfurico,6.72,8,7206
28,160,3,Carbono/metano,4.7,6,2692
28,160,4,Silicio/agua,4.7,6,6086
28,160,5,Silicio/acido sulfurico,6.72,8,8748
28,165,0,Carbono/agua,6.72,8,6907
28,165,1,Carbono/amonia,6.72,8,4778
28,165,2,Carbono/acido sulfurico,6.72,8,8073
28,165,3,Carbono/metano,4.7,6,2993
28,165,4,Silicio/agua,4.7,6,6790
28,165,5,Silicio/acido sulfurico,6.72,8,9698
28,170,0,Carbono/agua,6.72,8,7654
28,170,1,Carbono/amonia,6.72,8,5293
28,170,2,Carbono/acido sulfurico,6.72,8,9029
28,170,3,Carbono/metano,4.7,6,3325
28,170,4,Silicio/agua,4.7,6,7565
28,170,5,Silicio/acido sulfurico,6.72,8,10747
28,175,0,Carbono/agua,6.72,8,8477
28,175,1,Carbono/amonia,6.72,8,5846
28,175,2,Carbono/acido sulfurico,6.72,8,10056
28,175,3,Carbono/metano,4.7,6,3681
28,175,4,Silicio/agua,4.7,6,8422
28,175,5,Silicio/acido sulfurico,6.72,8,11873
28,180,0,Carbono/agua,6.72,8,9386
28,180,1,Carbono/amonia,6.72,8,6402
28,180,2,Carbono/acido sulfurico,6.72,8,11086
28,180,3,Carbono/metano,4.7,6,4037
28,180,4,Silicio/agua,4.7,6,9368
28,180,5,Silicio/acido sulfurico,6.72,8,13001
28,185,0,Carbono/agua,6.72,8,10391
28,185,1,Carbono/amonia,6.72,8,6957
28,185,2,Carbono/acido sulfurico,6.72,8,12116
28,185,3,Carbono/metano,4.7,6,4394
28,185,4,Silicio/agua,4.7,6,10413
28,185,5,Silicio/acido sulfurico,6.72,8,14130
28,190,0,Carbono/agua,6.72,8,11502
28,190,1,Carbono/amonia,6.72,8,7513
28,190,2,Carbono/acido sulfurico,6.72,8,13146
28,190,3,Carbono/metano,4.7,6,4750
28,190,4,Silicio/agua,4.7,6,11565
28,190,5,Silicio/acido sulfurico,6.72,8,15260
28,195,0,Carbono/agua,6.72,8,12727
28,195,1,Carbono/amonia,6.72,8,8068
28,195,2,Carbono/acido sulfurico,6.72,8,14176
28,195,3,Carbono/metano,4.7,6,5110
28,195,4,Silicio/agua,4.7,6,12838
28,195,5,Silicio/acido sulfurico,6.72,8,16388
28,200,0,Carbono/agua,6.72,8,14080
28,200,1,Carbono/amonia,6.72,8,8624
28,200,2,Carbono/acido sulfurico,6.72,8,15205
28,200,3,Carbono/metano,4.7,6,5465
28,200,4,Silicio/agua,4.7,6,14243
28,200,5,Silicio/acido sulfurico,6.72,8,17518
28,205,0,Carbono/agua,6.72,8,15574
28,205,1,Carbono/amonia,6.72,8,9182
28,205,2,Carbono/acido sulfurico,6.72,8,16234
28,205,3,Carbono/metano,4.7,6,5823
28,205,4,Silicio/agua,4.7,6,15795
28,205,5,Silicio/acido sulfurico,6.72,8,18645
28,210,0,Carbono/agua,6.72,8,17223
28,210,1,Carbono/amonia,6.72,8,9737
28,210,2,Carbono/acido sulfurico,6.72,8,17264
28,210,3,Carbono/metano,4.7,6,6180
28,210,4,Silicio/agua,4.7,6,17508
28,210,5,Silicio/acido sulfurico,6.72,8,19774
28,215,0,Carbono/agua,6.72,8,19045
28,215,1,Carbono/amonia,6.72,8,10292
28,215,2,Carbono/acido sulfurico,6.72,8,18294
28,215,3,Carbono/metano,4.7,6,6535
28,215,4,Silicio/agua,4.7,6,19398
28,215,5,Silicio/acido sulfurico,6.72,8,20902
28,220,0,Carbono/agua,6.72,8,21055
28,220,1,Carbono/amonia,6.72,7,10792
28,220,2,Carbono/acido sulfurico,6.72,8,19323
28,220,3,Carbono/metano,4.7,6,6893
28,220,4,Silicio/agua,4.7,6,21486
28,220,5,Silicio/acido sulfurico,6.72,8,22032
28,225,0,Carbono/agua,6.72,8,23273
28,225,1,Carbono/amonia,6.72,7,11071
28,225,2,Carbono/acido sulfurico,6.72,8,20353
28,225,3,Carbono/metano,4.7,6,7248
28,225,4,Silicio/agua,4.7,6,23316
28,225,5,Silicio/acido sulfurico,6.72,8,23162
28,230,0,Carbono/agua,6.72,8,25723
28,230,1,Carbono/amonia,6.72,7,11349
28,230,2,Carbono/acido sulfurico,6.72,8,21383
28,230,3,Carbono/metano,4.7,6,7607
28,230,4,Silicio/agua,4.7,6,24589
28,230,5,Silicio/acido sulfurico,6.72,8,24291
28,235,0,Carbono/agua,6.72,8,28381
28,235,1,Carbono/amonia,6.72,7,11628
28,235,2,Carbono/acido sulfurico,6.72,8,22413
28,235,3,Carbono/metano,4.7,6,7964
28,235,4,Silicio/agua,4.7,6,25969
28,235,5,Silicio/acido sulfurico,6.72,8,25420
28,240,0,Carbono/agua,6.72,8,31062
28,240,1,Carbono/amonia,6.72,7,11907
28,240,2,Carbono/acido sulfurico,6.72,8,23443
28,240,3,Carbono/metano,4.7,6,8321
28,240,4,Silicio/agua,6.72,8,27361
28,240,5,Silicio/acido sulfurico,6.72,8,26549
28,245,0,Carbono/agua,6.72,8,33743
28,245,1,Carbono/amonia,6.72,7,12297
28,245,2,Carbono/acido sulfurico,6.72,8,24473
28,245,3,Carbono/metano,4.7,6,8680
28,245,4,Silicio/agua,6.72,8,28752
28,245,5,Silicio/acido sulfurico,6.72,8,27676
28,250,0,Carbono/agua,6.72,8,36423
28,250,1,Carbono/amonia,6.72,7,12855
28,250,2,Carbono/acido sulfurico,6.72,8,25503
28,250,3,Carbono/metano,4.7,6,9038
28,250,4,Silicio/agua,6.72,8,30978
28,250,5,Silicio/acido sulfurico,6.72,8,28806
28,255,0,Carbono/agua,6.72,8,39103
28,255,1,Carbono/amonia,6.72,7,13410
28,255,2,Carbono/acido sulfurico,6.72,8,26533
28,255,3,Carbono/metano,4.7,6,9394
28,255,4,Silicio/agua,6.72,8,33762
28,255,5,Silicio/acido sulfurico,6.72,8,29935
28,260,0,Carbono/agua,6.72,8,41784
28,260,1,Carbono/amonia,6.72,7,13965
28,260,2,Carbono/acido sulfurico,6.72,8,27563
28,260,3,Carbono/metano,4.7,6,9751
28,260,4,Silicio/agua,6.72,8,36545
28,260,5,Silicio/acido sulfurico,6.72,8,31064
28,265,0,Carbono/agua,6.72,8,44465
28,265,1,Carbono/amonia,6.72,7,14520
28,265,2,Carbono/acido sulfurico,6.72,8,28593
28,265,3,Carbono/metano,4.7,6,10107
28,265,4,Silicio/agua,6.72,8,39328
28,265,5,Silicio/acido sulfurico,6.72,8,32192
28,270,0,Carbono/agua,6.72,8,47145
28,270,1,Carbono/amonia,6.72,7,15076
28,270,2,Carbono/acido sulfurico,6.72,8,29623
28,270,3,Carbono/metano,4.7,6,10464
28,270,4,Silicio/agua,6.72,8,42112
28,270,5,Silicio/acido sulfurico,6.72,8,33320
28,275,0,Carbono/agua,6.72,8,49825
28,275,1,Carbono/amonia,6.72,7,15631
28,275,2,Carbono/acido sulfurico,6.72,8,30653
28,275,3,Carbono/metano,4.7,6,10820
28,275,4,Silicio/agua,6.72,8,44895
28,275,5,Silicio/acido sulfurico,6.72,8,34450
28,280,0,Carbono/agua,6.72,8,52506
28,280,1,Carbono/amonia,6.72,7,16187
28,280,2,Carbono/acido sulfurico,6.72,8,31682
28,280,3,Carbono/metano,4.7,6,11176
28,280,4,Silicio/agua,6.72,8,47678
28,280,5,Silicio/acido sulfurico,6.72,8,35576
28,285,0,Carbono/agua,6.72,8,55186
28,285,1,Carbono/amonia,6.72,7,16742
28,285,2,Carbono/acido sulfurico,6.72,8,32712
28,285,3,Carbono/metano,4.7,6,11532
28,285,4,Silicio/agua,6.72,8,50462
28,285,5,Silicio/acido sulfurico,6.72,8,36706
28,290,0,Carbono/agua,6.72,8,57867
28,290,1,Carbono/amonia,6.72,7,17297
28,290,2,Carbono/acido sulfurico,6.72,8,33741
28,290,3,Carbono/metano,4.7,6,11890
28,290,4,Silicio/agua,6.72,8,53245
28,290,5,Silicio/acido sulfurico,6.72,8,37833
28,295,0,Carbono/agua,6.72,8,60547
28,295,1,Carbono/amonia,6.72,7,17852
28,295,2,Carbono/acido sulfurico,6.72,8,34771
28,295,3,Carbono/metano,4.7,6,12248
28,295,4,Silicio/agua,6.72,8,56028
28,295,5,Silicio/acido sulfurico,6.72,8,38962
28,300,0,Carbono/agua,6.72,8,63228
28,300,1,Carbono/amonia,6.72,7,18407
28,300,2,Carbono/acido sulfurico,6.72,8,35800
28,300,3,Carbono/metano,4.7,6,12606
28,300,4,Silicio/agua,6.72,8,58811
28,300,5,Silicio/acido sulfurico,6.72,8,40091
29,0,0,Carbono/agua,0.92,2,5
29,0,1,Carbono/amonia,1.72,3,4
29,0,2,Carbono/acido sulfurico,0.9,2,7
29,0,3,Carbono/metano,1.88,2,2
29,0,4,Silicio/agua,0.92,2,6
29,0,5,Silicio/acido sulfurico,0.78,2,7
29,5,0,Carbono/agua,0.94,2,33
29,5,1,Carbono/amonia,1.72,3,23
29,5,2,Carbono/acido sulfurico,1.88,3,45
29,5,3,Carbono/metano,1.88,3,14
29,5,4,Silicio/agua,0.94,2,36
29,5,5,Silicio/acido sulfurico,0.88,2,48
29,10,0,Carbono/agua,2.74,4,63
29,10,1,Carbono/amonia,2.8,4,43
29,10,2,Carbono/acido sulfurico,1.88,3,85
29,10,3,Carbono/metano,1.88,3,29
29,10,4,Silicio/agua,0.94,2,70
29,10,5,Silicio/acido sulfurico,1.82,3,92
29,15,0,Carbono/agua,2.74,4,97
29,15,1,Carbono/amonia,2.8,4,67
29,15,2,Carbono/acido sulfurico,1.88,3,130
29,15,3,Carbono/metano,1.88,3,44
29,15,4,Silicio/agua,0.94,2,107
29,15,5,Silicio/acido sulfurico,1.82,3,141
29,20,0,Carbono/agua,2.76,4,137
29,20,1,Carbono/amonia,2.8,4,94
29,20,2,Carbono/acido sulfurico,1.88,3,180
29,20,3,Carbono/metano,1.88,3,61
29,20,4,Silicio/agua,2.78,3,146
29,20,5,Silicio/acido sulfurico,1.82,3,195
29,25,0,Carbono/agua,2.76,4,179
29,25,1,Carbono/amonia,2.8,4,124
29,25,2,Carbono/acido sulfurico,1.88,3,233
29,25,3,Carbono/metano,1.88,3,79
29,25,4,Silicio/agua,2.78,4,189
29,25,5,Silicio/acido sulfurico,2.7,4,255
29,30,0,Carbono/agua,2.78,4,225
29,30,1,Carbono/amonia,2.8,4,157
29,30,2,Carbono/acido sulfurico,1.88,3,292
29,30,3,Carbono/metano,1.88,3,99
29,30,4,Silicio/agua,2.78,4,236
29,30,5,Silicio/acido sulfurico,2.78,4,321
29,35,0,Carbono/agua,3.74,5,275
29,35,1,Carbono/amonia,2.8,4,193
29,35,2,Carbono/acido sulfurico,1.88,3,359
29,35,3,Carbono/metano,2.7,4,121
29,35,4,Silicio/agua,2.78,4,289
29,35,5,Silicio/acido sulfurico,2.78,4,395
29,40,0,Carbono/agua,3.74,5,332
29,40,1,Carbono/amonia,2.8,4,232
29,40,2,Carbono/acido sulfurico,2.8,4,432
29,40,3,Carbono/metano,2.7,4,145
29,40,4,Silicio/agua,2.78,4,348
29,40,5,Silicio/acido sulfurico,5.68,5,475
29,45,0,Carbono/agua,3.74,5,394
29,45,1,Carbono/amonia,2.8,4,275
29,45,2,Carbono/acido sulfurico,2.8,4,513
29,45,3,Carbono/metano,2.7,4,173
29,45,4,Silicio/agua,3.72,5,413
29,45,5,Silicio/acido sulfurico,5.72,6,562
29,50,0,Carbono/agua,3.76,5,464
29,50,1,Carbono/amonia,2.82,4,323
29,50,2,Carbono/acido sulfurico,2.8,4,603
29,50,3,Carbono/metano,2.72,4,204
29,50,4,Silicio/agua,3.74,5,485
29,50,5,Silicio/acido sulfurico,5.72,6,660
29,55,0,Carbono/agua,3.76,5,518
29,55,1,Carbono/amonia,2.82,4,377
29,55,2,Carbono/acido sulfurico,2.8,4,700
29,55,3,Carbono/metano,2.72,4,238
29,55,4,Silicio/agua,3.74,5,565
29,55,5,Silicio/acido sulfurico,5.72,6,769
29,60,0,Carbono/agua,3.76,5,560
29,60,1,Carbono/amonia,2.82,4,436
29,60,2,Carbono/acido sulfurico,2.8,4,808
29,60,3,Carbono/metano,2.74,4,276
29,60,4,Silicio/agua,3.76,5,653
29,60,5,Silicio/acido sulfurico,5.74,6,886
29,65,0,Carbono/agua,3.76,5,606
29,65,1,Carbono/amonia,2.82,4,501
29,65,2,Carbono/acido sulfurico,2.8,4,927
29,65,3,Carbono/metano,2.74,4,318
29,65,4,Silicio/agua,4.68,6,749
29,65,5,Silicio/acido sulfurico,5.74,6,1017
29,70,0,Carbono/agua,3.76,5,657
29,70,1,Carbono/amonia,2.82,4,573
29,70,2,Carbono/acido sulfurico,3.76,5,1059
29,70,3,Carbono/metano,2.74,4,363
29,70,4,Silicio/agua,4.68,6,858
29,70,5,Silicio/acido sulfurico,5.74,6,1162
29,75,0,Carbono/agua,3.76,5,715
29,75,1,Carbono/amonia,3.74,5,652
29,75,2,Carbono/acido sulfurico,3.76,5,1160
29,75,3,Carbono/metano,2.74,4,414
29,75,4,Silicio/agua,4.7,6,977
29,75,5,Silicio/acido sulfurico,5.74,6,1323
29,80,0,Carbono/agua,3.76,5,830
29,80,1,Carbono/amonia,3.76,5,740
29,80,2,Carbono/acido sulfurico,3.76,5,1241
29,80,3,Carbono/metano,2.78,4,469
29,80,4,Silicio/agua,5.72,7,1107
29,80,5,Silicio/acido sulfurico,5.74,6,1500
29,85,0,Carbono/agua,4.7,6,966
29,85,1,Carbono/amonia,3.76,5,836
29,85,2,Carbono/acido sulfurico,3.76,5,1329
29,85,3,Carbono/metano,2.8,4,530
29,85,4,Silicio/agua,5.72,7,1251
29,85,5,Silicio/acido sulfurico,5.74,6,1695
29,90,0,Carbono/agua,4.7,6,1120
29,90,1,Carbono/amonia,3.76,5,943
29,90,2,Carbono/acido sulfurico,3.76,5,1426
29,90,3,Carbono/metano,2.8,4,597
29,90,4,Silicio/agua,6.68,8,1410
29,90,5,Silicio/acido sulfurico,5.74,6,1910
29,95,0,Carbono/agua,4.7,6,1290
29,95,1,Carbono/amonia,3.76,5,1060
29,95,2,Carbono/acido sulfurico,3.76,5,1534
29,95,3,Carbono/metano,2.8,4,673
29,95,4,Silicio/agua,6.68,8,1587
29,95,5,Silicio/acido sulfurico,6.7,7,2146
29,100,0,Carbono/agua,4.7,5,1418
29,100,1,Carbono/amonia,3.76,5,1189
29,100,2,Carbono/acido sulfurico,3.76,5,1750
29,100,3,Carbono/metano,2.8,4,756
29,100,4,Silicio/agua,6.72,8,1781
29,100,5,Silicio/acido sulfurico,6.7,7,2410
29,105,0,Carbono/agua,4.7,6,1521
29,105,1,Carbono/amonia,3.76,5,1330
29,105,2,Carbono/acido sulfurico,4.68,6,2015
29,105,3,Carbono/metano,2.8,4,847
29,105,4,Silicio/agua,6.72,8,1994
29,105,5,Silicio/acido sulfurico,6.7,4,2699
29,110,0,Carbono/agua,4.7,6,1634
29,110,1,Carbono/amonia,4.68,6,1486
29,110,2,Carbono/acido sulfurico,4.7,6,2306
29,110,3,Carbono/metano,2.8,4,947
29,110,4,Silicio/agua,6.72,8,2231
29,110,5,Silicio/acido sulfurico,6.72,7,2859
29,115,0,Carbono/agua,4.7,6,1758
29,115,1,Carbono/amonia,5.74,7,1660
29,115,2,Carbono/acido sulfurico,4.7,6,2628
29,115,3,Carbono/metano,2.82,4,1059
29,115,4,Silicio/agua,6.72,8,2492
29,115,5,Silicio/acido sulfurico,6.72,7,3035
29,120,0,Carbono/agua,4.7,6,1897
29,120,1,Carbono/amonia,5.74,7,1853
29,120,2,Carbono/acido sulfurico,4.7,6,2983
29,120,3,Carbono/metano,2.82,4,1182
29,120,4,Silicio/agua,6.72,8,2782
29,120,5,Silicio/acido sulfurico,6.72,7,3229
29,125,0,Carbono/agua,4.7,6,2175
29,125,1,Carbono/amonia,6.68,8,2064
29,125,2,Carbono/acido sulfurico,4.7,6,3376
29,125,3,Carbono/metano,2.82,4,1318
29,125,4,Silicio/agua,6.72,8,3099
29,125,5,Silicio/acido sulfurico,6.72,7,3443
29,130,0,Carbono/agua,4.7,6,2512
29,130,1,Carbono/amonia,6.7,8,2298
29,130,2,Carbono/acido sulfurico,4.7,6,3808
29,130,3,Carbono/metano,2.82,4,1469
29,130,4,Silicio/agua,6.72,8,3451
29,130,5,Silicio/acido sulfurico,6.72,7,3730
29,135,0,Carbono/agua,4.7,6,2887
29,135,1,Carbono/amonia,6.7,8,2556
29,135,2,Carbono/acido sulfurico,4.7,6,4287
29,135,3,Carbono/metano,2.82,4,1634
29,135,4,Silicio/agua,6.72,8,3839
29,135,5,Silicio/acido sulfurico,6.72,7,4252
29,140,0,Carbono/agua,4.7,6,3300
29,140,1,Carbono/amonia,6.7,8,2841
29,140,2,Carbono/acido sulfurico,4.7,6,4815
29,140,3,Carbono/metano,3.74,5,1816
29,140,4,Silicio/agua,6.72,8,4267
29,140,5,Silicio/acido sulfurico,6.72,7,4829
29,145,0,Carbono/agua,4.7,6,3757
29,145,1,Carbono/amonia,6.7,8,3154
29,145,2,Carbono/acido sulfurico,4.7,6,5397
29,145,3,Carbono/metano,3.74,5,2016
29,145,4,Silicio/agua,6.72,8,4739
29,145,5,Silicio/acido sulfurico,6.72,7,5467
29,150,0,Carbono/agua,4.7,6,4259
29,150,1,Carbono/amonia,6.7,8,3501
29,150,2,Carbono/acido sulfurico,4.7,6,6039
29,150,3,Carbono/metano,3.74,5,2240
29,150,4,Silicio/agua,6.72,8,5260
29,150,5,Silicio/acido sulfurico,6.72,7,6173
29,155,0,Carbono/agua,4.7,6,4815
29,155,1,Carbono/amonia,6.7,8,3884
29,155,2,Carbono/acido sulfurico,4.7,6,6750
29,155,3,Carbono/metano,3.76,5,2486
29,155,4,Silicio/agua,6.72,8,5837
29,155,5,Silicio/acido sulfurico,6.72,7,6951
29,160,0,Carbono/agua,4.7,6,5428
29,160,1,Carbono/amonia,6.72,8,4307
29,160,2,Carbono/acido sulfurico,4.7,6,7534
29,160,3,Carbono/metano,3.76,5,2759
29,160,4,Silicio/agua,6.72,8,6472
29,160,5,Silicio/acido sulfurico,6.72,7,7812
29,165,0,Carbono/agua,4.7,6,6105
29,165,1,Carbono/amonia,6.72,8,4774
29,165,2,Carbono/acido sulfurico,4.7,6,8401
29,165,3,Carbono/metano,3.76,5,3059
29,165,4,Silicio/agua,6.72,8,7173
29,165,5,Silicio/acido sulfurico,6.72,7,8761
29,170,0,Carbono/agua,4.7,6,6851
29,170,1,Carbono/amonia,6.72,8,5290
29,170,2,Carbono/acido sulfurico,4.7,6,9358
29,170,3,Carbono/metano,3.76,5,3391
29,170,4,Silicio/agua,6.72,8,7947
29,170,5,Silicio/acido sulfurico,6.72,7,9810
29,175,0,Carbono/agua,4.7,6,7677
29,175,1,Carbono/amonia,6.72,8,5843
29,175,2,Carbono/acido sulfurico,4.7,6,10385
29,175,3,Carbono/metano,4.7,6,3746
29,175,4,Silicio/agua,6.72,8,8802
29,175,5,Silicio/acido sulfurico,6.72,7,10935
29,180,0,Carbono/agua,4.7,6,8588
29,180,1,Carbono/amonia,6.72,8,6398
29,180,2,Carbono/acido sulfurico,4.7,6,11415
29,180,3,Carbono/metano,4.7,6,4101
29,180,4,Silicio/agua,6.72,8,9747
29,180,5,Silicio/acido sulfurico,6.72,7,12065
29,185,0,Carbono/agua,4.7,6,9593
29,185,1,Carbono/amonia,6.72,8,6954
29,185,2,Carbono/acido sulfurico,4.7,6,12444
29,185,3,Carbono/metano,4.7,6,4457
29,185,4,Silicio/agua,6.72,8,10790
29,185,5,Silicio/acido sulfurico,6.72,7,13195
29,190,0,Carbono/agua,4.7,6,10702
29,190,1,Carbono/amonia,6.72,8,7509
29,190,2,Carbono/acido sulfurico,4.7,6,13473
29,190,3,Carbono/metano,4.7,6,4814
29,190,4,Silicio/agua,6.72,8,11942
29,190,5,Silicio/acido sulfurico,6.72,7,14324
29,195,0,Carbono/agua,4.7,6,11928
29,195,1,Carbono/amonia,6.72,8,8065
29,195,2,Carbono/acido sulfurico,5.74,3,14502
29,195,3,Carbono/metano,4.7,6,5170
29,195,4,Silicio/agua,6.72,8,12826
29,195,5,Silicio/acido sulfurico,6.72,7,15453
29,200,0,Carbono/agua,4.7,6,13280
29,200,1,Carbono/amonia,6.72,8,8620
29,200,2,Carbono/acido sulfurico,6.68,8,15017
29,200,3,Carbono/metano,4.7,6,5527
29,200,4,Silicio/agua,6.72,8,13530
29,200,5,Silicio/acido sulfurico,6.72,7,16581
29,205,0,Carbono/agua,4.7,6,14774
29,205,1,Carbono/amonia,6.72,8,9175
29,205,2,Carbono/acido sulfurico,6.72,8,15532
29,205,3,Carbono/metano,4.7,6,5883
29,205,4,Silicio/agua,6.72,8,14305
29,205,5,Silicio/acido sulfurico,6.72,7,17710
29,210,0,Carbono/agua,4.7,6,16423
29,210,1,Carbono/amonia,6.72,8,9730
29,210,2,Carbono/acido sulfurico,6.72,8,16046
29,210,3,Carbono/metano,4.7,6,6239
29,210,4,Silicio/agua,6.72,8,15160
29,210,5,Silicio/acido sulfurico,6.72,7,18840
29,215,0,Carbono/agua,4.7,6,18244
29,215,1,Carbono/amonia,6.72,8,10285
29,215,2,Carbono/acido sulfurico,6.72,8,16560
29,215,3,Carbono/metano,4.7,6,6594
29,215,4,Silicio/agua,6.72,8,16105
29,215,5,Silicio/acido sulfurico,6.72,7,19968
29,220,0,Carbono/agua,6.72,8,20254
29,220,1,Carbono/amonia,6.72,8,10843
29,220,2,Carbono/acido sulfurico,6.72,8,17177
29,220,3,Carbono/metano,4.7,6,6950
29,220,4,Silicio/agua,6.72,8,17990
29,220,5,Silicio/acido sulfurico,6.72,7,21098
29,225,0,Carbono/agua,6.72,8,22475
29,225,1,Carbono/amonia,6.72,8,11398
29,225,2,Carbono/acido sulfurico,6.72,8,18207
29,225,3,Carbono/metano,4.7,6,7306
29,225,4,Silicio/agua,6.72,8,20295
29,225,5,Silicio/acido sulfurico,6.72,7,22228
29,230,0,Carbono/agua,6.72,8,24926
29,230,1,Carbono/amonia,6.72,8,11954
29,230,2,Carbono/acido sulfurico,6.72,8,19237
29,230,3,Carbono/metano,4.7,6,7663
29,230,4,Silicio/agua,6.72,8,22839
29,230,5,Silicio/acido sulfurico,6.72,7,23358
29,235,0,Carbono/agua,6.72,8,27586
29,235,1,Carbono/amonia,6.72,8,12509
29,235,2,Carbono/acido sulfurico,6.72,8,20266
29,235,3,Carbono/metano,4.7,6,8019
29,235,4,Silicio/agua,6.72,8,25601
29,235,5,Silicio/acido sulfurico,6.72,7,24488
29,240,0,Carbono/agua,6.72,8,30267
29,240,1,Carbono/amonia,6.72,8,13064
29,240,2,Carbono/acido sulfurico,6.72,6,20987
29,240,3,Carbono/metano,4.7,6,8375
29,240,4,Silicio/agua,6.72,8,28386
29,240,5,Silicio/acido sulfurico,6.72,7,25616
29,245,0,Carbono/agua,6.72,8,32948
29,245,1,Carbono/amonia,6.72,8,13620
29,245,2,Carbono/acido sulfurico,6.72,6,21502
29,245,3,Carbono/metano,4.7,6,8733
29,245,4,Silicio/agua,6.72,8,31168
29,245,5,Silicio/acido sulfurico,6.72,7,26746
29,250,0,Carbono/agua,6.72,8,35629
29,250,1,Carbono/amonia,6.72,8,14177
29,250,2,Carbono/acido sulfurico,6.72,6,22017
29,250,3,Carbono/metano,4.7,6,9089
29,250,4,Silicio/agua,6.72,8,33953
29,250,5,Silicio/acido sulfurico,6.72,7,27875
29,255,0,Carbono/agua,6.72,8,38310
29,255,1,Carbono/amonia,6.72,8,14732
29,255,2,Carbono/acido sulfurico,6.72,7,22532
29,255,3,Carbono/metano,4.7,6,9446
29,255,4,Silicio/agua,6.72,8,36735
29,255,5,Silicio/acido sulfurico,6.72,7,29004
29,260,0,Carbono/agua,6.72,8,40990
29,260,1,Carbono/amonia,6.72,8,15287
29,260,2,Carbono/acido sulfurico,6.72,7,23047
29,260,3,Carbono/metano,4.7,6,9661
29,260,4,Silicio/agua,6.72,8,39517
29,260,5,Silicio/acido sulfurico,6.72,7,30133
29,265,0,Carbono/agua,6.72,8,43671
29,265,1,Carbono/amonia,6.72,8,15843
29,265,2,Carbono/acido sulfurico,6.72,7,23974
29,265,3,Carbono/metano,4.7,6,9840
29,265,4,Silicio/agua,6.72,8,42299
29,265,5,Silicio/acido sulfurico,6.72,7,31261
29,270,0,Carbono/agua,6.72,8,46352
29,270,1,Carbono/amonia,6.72,8,16398
29,270,2,Carbono/acido sulfurico,6.72,7,25003
29,270,3,Carbono/metano,4.7,6,10019
29,270,4,Silicio/agua,6.72,8,45083
29,270,5,Silicio/acido sulfurico,6.72,7,32389
29,275,0,Carbono/agua,6.72,8,49033
29,275,1,Carbono/amonia,6.72,8,16954
29,275,2,Carbono/acido sulfurico,6.72,7,26033
29,275,3,Carbono/metano,4.7,6,10197
29,275,4,Silicio/agua,6.72,8,47865
29,275,5,Silicio/acido sulfurico,6.72,7,33515
29,280,0,Carbono/agua,6.72,8,51716
29,280,1,Carbono/amonia,6.72,8,17511
29,280,2,Carbono/acido sulfurico,6.72,7,27063
29,280,3,Carbono/metano,4.7,6,10375
29,280,4,Silicio/agua,6.72,8,50646
29,280,5,Silicio/acido sulfurico,6.72,7,34418
29,285,0,Carbono/agua,6.72,8,54397
29,285,1,Carbono/amonia,6.72,8,18067
29,285,2,Carbono/acido sulfurico,6.72,7,28092
29,285,3,Carbono/metano,4.7,6,10732
29,285,4,Silicio/agua,6.72,8,53430
29,285,5,Silicio/acido sulfurico,6.72,7,34983
29,290,0,Carbono/agua,6.72,8,57080
29,290,1,Carbono/amonia,6.72,8,18624
29,290,2,Carbono/acido sulfurico,6.72,7,29122
29,290,3,Carbono/metano,4.7,6,11090
29,290,4,Silicio/agua,6.72,8,56213
29,290,5,Silicio/acido sulfurico,6.72,7,35547
29,295,0,Carbono/agua,6.72,8,59760
29,295,1,Carbono/amonia,6.72,8,19180
29,295,2,Carbono/acido sulfurico,6.72,7,30152
29,295,3,Carbono/metano,4.7,6,11446
29,295,4,Silicio/agua,6.72,8,58998
29,295,5,Silicio/acido sulfurico,6.72,7,36112
29,300,0,Carbono/agua,6.72,8,62441
29,300,1,Carbono/amonia,6.72,8,19735
29,300,2,Carbono/acido sulfurico,6.72,7,31182
29,300,3,Carbono/metano,4.7,6,11804
29,300,4,Silicio/agua,6.72,8,61780
29,300,5,Silicio/acido sulfurico,6.72,7,36676
30,0,0,Carbono/agua,1.78,2,5
30,0,1,Carbono/amonia,0.72,2,4
30,0,2,Carbono/acido sulfurico,1.84,3,7
30,0,3,Carbono/metano,0.94,2,3
30,0,4,Silicio/agua,0.86,2,6
30,0,5,Silicio/acido sulfurico,-0.04,1,7
30,5,0,Carbono/agua,1.8,3,33
30,5,1,Carbono/amonia,0.84,2,23
30,5,2,Carbono/acido sulfurico,1.86,3,43
30,5,3,Carbono/metano,0.94,2,15
30,5,4,Silicio/agua,1.86,3,34
30,5,5,Silicio/acido sulfurico,1.88,3,31
30,10,0,Carbono/agua,1.8,3,65
30,10,1,Carbono/amonia,1.78,3,46
30,10,2,Carbono/acido sulfurico,1.88,3,82
30,10,3,Carbono/metano,2.7,3,29
30,10,4,Silicio/agua,1.86,3,67
30,10,5,Silicio/acido sulfurico,1.88,3,52
30,15,0,Carbono/agua,2.72,4,101
30,15,1,Carbono/amonia,1.8,3,70
30,15,2,Carbono/acido sulfurico,1.88,3,126
30,15,3,Carbono/metano,2.7,4,44
30,15,4,Silicio/agua,1.86,3,102
30,15,5,Silicio/acido sulfurico,1.88,3,77
30,20,0,Carbono/agua,2.72,4,139
30,20,1,Carbono/amonia,1.84,3,96
30,20,2,Carbono/acido sulfurico,1.88,3,174
30,20,3,Carbono/metano,2.7,4,62
30,20,4,Silicio/agua,1.86,3,142
30,20,5,Silicio/acido sulfurico,1.88,3,103
30,25,0,Carbono/agua,2.78,4,181
30,25,1,Carbono/amonia,2.82,4,125
30,25,2,Carbono/acido sulfurico,1.88,3,229
30,25,3,Carbono/metano,2.7,4,82
30,25,4,Silicio/agua,2.82,4,186
30,25,5,Silicio/acido sulfurico,1.88,3,133
30,30,0,Carbono/agua,2.78,4,228
30,30,1,Carbono/amonia,2.82,4,158
30,30,2,Carbono/acido sulfurico,2.82,4,289
30,30,3,Carbono/metano,2.78,4,105
30,30,4,Silicio/agua,2.82,4,234
30,30,5,Silicio/acido sulfurico,1.88,3,197
30,35,0,Carbono/agua,2.8,4,280
30,35,1,Carbono/amonia,2.82,4,193
30,35,2,Carbono/acido sulfurico,2.82,4,353
30,35,3,Carbono/metano,2.78,4,127
30,35,4,Silicio/agua,2.82,4,287
30,35,5,Silicio/acido sulfurico,2.74,4,269
30,40,0,Carbono/agua,3.76,5,337
30,40,1,Carbono/amonia,2.82,4,232
30,40,2,Carbono/acido sulfurico,2.82,4,427
30,40,3,Carbono/metano,2.78,4,152
30,40,4,Silicio/agua,2.82,3,340
30,40,5,Silicio/acido sulfurico,2.74,4,349
30,45,0,Carbono/agua,3.76,5,399
30,45,1,Carbono/amonia,2.82,4,276
30,45,2,Carbono/acido sulfurico,2.82,4,508
30,45,3,Carbono/metano,2.78,4,180
30,45,4,Silicio/agua,2.82,4,374
30,45,5,Silicio/acido sulfurico,2.82,4,437
30,50,0,Carbono/agua,3.76,5,468
30,50,1,Carbono/amonia,2.82,4,325
30,50,2,Carbono/acido sulfurico,3.76,5,598
30,50,3,Carbono/metano,2.78,4,211
30,50,4,Silicio/agua,2.82,4,409
30,50,5,Silicio/acido sulfurico,2.82,4,535
30,55,0,Carbono/agua,3.76,5,545
30,55,1,Carbono/amonia,2.82,4,378
30,55,2,Carbono/acido sulfurico,3.76,5,698
30,55,3,Carbono/metano,2.78,4,244
30,55,4,Silicio/agua,3.74,5,449
30,55,5,Silicio/acido sulfurico,5.78,5,643
30,60,0,Carbono/agua,3.76,5,631
30,60,1,Carbono/amonia,2.82,4,437
30,60,2,Carbono/acido sulfurico,3.76,5,808
30,60,3,Carbono/metano,2.78,4,281
30,60,4,Silicio/agua,3.74,5,494
30,60,5,Silicio/acido sulfurico,5.78,5,761
30,65,0,Carbono/agua,3.76,5,726
30,65,1,Carbono/amonia,2.82,4,502
30,65,2,Carbono/acido sulfurico,3.76,5,927
30,65,3,Carbono/metano,2.78,4,324
30,65,4,Silicio/agua,3.76,5,562
30,65,5,Silicio/acido sulfurico,5.78,5,890
30,70,0,Carbono/agua,3.76,5,830
30,70,1,Carbono/amonia,2.82,4,573
30,70,2,Carbono/acido sulfurico,3.76,5,1058
30,70,3,Carbono/metano,2.8,4,369
30,70,4,Silicio/agua,4.7,6,669
30,70,5,Silicio/acido sulfurico,5.78,5,1034
30,75,0,Carbono/agua,4.7,6,943
30,75,1,Carbono/amonia,2.82,4,651
30,75,2,Carbono/acido sulfurico,3.76,5,1203
30,75,3,Carbono/metano,2.8,4,420
30,75,4,Silicio/agua,4.7,6,787
30,75,5,Silicio/acido sulfurico,6.7,6,1193
30,80,0,Carbono/agua,4.7,6,1068
30,80,1,Carbono/amonia,3.74,5,737
30,80,2,Carbono/acido sulfurico,3.76,5,1363
30,80,3,Carbono/metano,3.72,5,476
30,80,4,Silicio/agua,4.7,6,919
30,80,5,Silicio/acido sulfurico,6.7,6,1369
30,85,0,Carbono/agua,4.7,6,1206
30,85,1,Carbono/amonia,3.74,5,832
30,85,2,Carbono/acido sulfurico,3.76,5,1540
30,85,3,Carbono/metano,3.72,5,537
30,85,4,Silicio/agua,4.7,6,1062
30,85,5,Silicio/acido sulfurico,6.72,6,1564
30,90,0,Carbono/agua,4.7,6,1361
30,90,1,Carbono/amonia,3.76,5,938
30,90,2,Carbono/acido sulfurico,3.76,5,1737
30,90,3,Carbono/metano,3.72,5,606
30,90,4,Silicio/agua,5.7,7,1222
30,90,5,Silicio/acido sulfurico,6.72,6,1779
30,95,0,Carbono/agua,4.7,6,1531
30,95,1,Carbono/amonia,3.76,5,1055
30,95,2,Carbono/acido sulfurico,3.76,5,1953
30,95,3,Carbono/metano,3.72,5,679
30,95,4,Silicio/agua,5.74,7,1397
30,95,5,Silicio/acido sulfurico,6.72,6,2015
30,100,0,Carbono/agua,4.7,6,1717
30,100,1,Carbono/amonia,3.76,5,1184
30,100,2,Carbono/acido sulfurico,3.76,5,2193
30,100,3,Carbono/metano,3.72,5,762
30,100,4,Silicio/agua,6.68,8,1592
30,100,5,Silicio/acido sulfurico,6.72,6,2278
30,105,0,Carbono/agua,4.7,6,1923
30,105,1,Carbono/amonia,3.76,5,1326
30,105,2,Carbono/acido sulfurico,3.76,5,2456
30,105,3,Carbono/metano,3.76,5,854
30,105,4,Silicio/agua,6.7,8,1805
30,105,5,Silicio/acido sulfurico,6.72,6,2567
30,110,0,Carbono/agua,4.7,6,2149
30,110,1,Carbono/amonia,3.76,5,1483
30,110,2,Carbono/acido sulfurico,3.76,5,2746
30,110,3,Carbono/metano,3.76,5,954
30,110,4,Silicio/agua,6.7,8,2041
30,110,5,Silicio/acido sulfurico,6.72,6,2887
30,115,0,Carbono/agua,4.7,6,2401
30,115,1,Carbono/amonia,3.76,5,1658
30,115,2,Carbono/acido sulfurico,3.76,5,3067
30,115,3,Carbono/metano,3.76,5,1065
30,115,4,Silicio/agua,6.72,7,2276
30,115,5,Silicio/acido sulfurico,6.72,6,3239
30,120,0,Carbono/agua,4.7,6,2679
30,120,1,Carbono/amonia,3.76,5,1850
30,120,2,Carbono/acido sulfurico,3.76,5,3422
30,120,3,Carbono/metano,3.76,5,1186
30,120,4,Silicio/agua,6.72,8,2421
30,120,5,Silicio/acido sulfurico,6.72,6,3629
30,125,0,Carbono/agua,4.7,6,2985
30,125,1,Carbono/amonia,3.76,5,2062
30,125,2,Carbono/acido sulfurico,3.76,5,3814
30,125,3,Carbono/metano,3.76,5,1321
30,125,4,Silicio/agua,6.72,8,2580
30,125,5,Silicio/acido sulfurico,6.72,6,4058
30,130,0,Carbono/agua,4.7,6,3322
30,130,1,Carbono/amonia,3.76,5,2295
30,130,2,Carbono/acido sulfurico,3.76,5,4247
30,130,3,Carbono/metano,3.76,5,1469
30,130,4,Silicio/agua,6.72,8,2755
30,130,5,Silicio/acido sulfurico,6.72,6,4534
30,135,0,Carbono/agua,4.7,6,3695
30,135,1,Carbono/amonia,3.76,5,2552
30,135,2,Carbono/acido sulfurico,3.76,5,4724
30,135,3,Carbono/metano,3.76,5,1635
30,135,4,Silicio/agua,6.72,8,2950
30,135,5,Silicio/acido sulfurico,6.72,6,5059
30,140,0,Carbono/agua,4.7,6,4107
30,140,1,Carbono/amonia,3.76,5,2838
30,140,2,Carbono/acido sulfurico,3.76,5,5252
30,140,3,Carbono/metano,3.76,5,1819
30,140,4,Silicio/agua,6.72,8,3253
30,140,5,Silicio/acido sulfurico,6.72,6,5636
30,145,0,Carbono/agua,4.7,6,4561
30,145,1,Carbono/amonia,4.68,6,3152
30,145,2,Carbono/acido sulfurico,3.76,5,5835
30,145,3,Carbono/metano,3.76,5,2019
30,145,4,Silicio/agua,6.72,8,3724
30,145,5,Silicio/acido sulfurico,6.72,6,6276
30,150,0,Carbono/agua,4.7,6,5064
30,150,1,Carbono/amonia,4.68,6,3500
30,150,2,Carbono/acido sulfurico,3.76,5,6481
30,150,3,Carbono/metano,3.76,5,2242
30,150,4,Silicio/agua,6.72,8,4247
30,150,5,Silicio/acido sulfurico,6.72,6,6981
30,155,0,Carbono/agua,4.7,6,5618
30,155,1,Carbono/amonia,4.7,6,3885
30,155,2,Carbono/acido sulfurico,3.76,5,7190
30,155,3,Carbono/metano,4.7,6,2488
30,155,4,Silicio/agua,6.72,8,4823
30,155,5,Silicio/acido sulfurico,6.72,6,7761
30,160,0,Carbono/agua,4.7,6,6231
30,160,1,Carbono/amonia,4.7,6,4309
30,160,2,Carbono/acido sulfurico,3.76,5,7976
30,160,3,Carbono/metano,4.7,6,2759
30,160,4,Silicio/agua,6.72,8,5458
30,160,5,Silicio/acido sulfurico,6.72,6,8623
30,165,0,Carbono/agua,4.7,6,6906
30,165,1,Carbono/amonia,4.7,6,4776
30,165,2,Carbono/acido sulfurico,3.76,5,8842
30,165,3,Carbono/metano,4.7,6,3059
30,165,4,Silicio/agua,6.72,8,6161
30,165,5,Silicio/acido sulfurico,6.72,6,9572
30,170,0,Carbono/agua,4.7,6,7653
30,170,1,Carbono/amonia,4.7,6,5293
30,170,2,Carbono/acido sulfurico,4.7,6,9798
30,170,3,Carbono/metano,4.7,6,3389
30,170,4,Silicio/agua,6.72,8,6936
30,170,5,Silicio/acido sulfurico,6.72,6,10622
30,175,0,Carbono/agua,4.7,6,8476
30,175,1,Carbono/amonia,4.7,6,5847
30,175,2,Carbono/acido sulfurico,4.7,6,10824
30,175,3,Carbono/metano,4.7,6,3745
30,175,4,Silicio/agua,6.72,8,7791
30,175,5,Silicio/acido sulfurico,6.72,6,11748
30,180,0,Carbono/agua,4.7,6,9387
30,180,1,Carbono/amonia,4.7,6,6402
30,180,2,Carbono/acido sulfurico,4.7,6,11854
30,180,3,Carbono/metano,4.7,6,4102
30,180,4,Silicio/agua,6.72,8,8736
30,180,5,Silicio/acido sulfurico,6.72,6,12876
30,185,0,Carbono/agua,4.7,6,10393
30,185,1,Carbono/amonia,4.7,6,6958
30,185,2,Carbono/acido sulfurico,5.72,7,12884
30,185,3,Carbono/metano,4.7,6,4460
30,185,4,Silicio/agua,6.72,8,9780
30,185,5,Silicio/acido sulfurico,6.72,6,14005
30,190,0,Carbono/agua,4.7,6,11503
30,190,1,Carbono/amonia,4.7,6,7513
30,190,2,Carbono/acido sulfurico,5.74,7,13914
30,190,3,Carbono/metano,4.7,6,4817
30,190,4,Silicio/agua,6.72,8,10933
30,190,5,Silicio/acido sulfurico,6.72,6,15132
30,195,0,Carbono/agua,4.7,6,12729
30,195,1,Carbono/amonia,4.7,6,8068
30,195,2,Carbono/acido sulfurico,6.68,8,14944
30,195,3,Carbono/metano,4.7,6,5173
30,195,4,Silicio/agua,6.72,8,12205
30,195,5,Silicio/acido sulfurico,6.72,6,16261
30,200,0,Carbono/agua,4.7,6,14082
30,200,1,Carbono/amonia,4.7,6,8624
30,200,2,Carbono/acido sulfurico,6.68,8,15973
30,200,3,Carbono/metano,4.7,6,5529
30,200,4,Silicio/agua,6.72,8,13609
30,200,5,Silicio/acido sulfurico,6.72,6,17389
30,205,0,Carbono/agua,4.7,6,15576
30,205,1,Carbono/amonia,4.7,6,9179
30,205,2,Carbono/acido sulfurico,6.72,8,17002
30,205,3,Carbono/metano,4.7,6,5886
30,205,4,Silicio/agua,6.72,8,15160
30,205,5,Silicio/acido sulfurico,6.72,6,18519
30,210,0,Carbono/agua,4.7,6,17225
30,210,1,Carbono/amonia,4.7,6,9735
30,210,2,Carbono/acido sulfurico,6.72,8,18032
30,210,3,Carbono/metano,4.7,6,6244
30,210,4,Silicio/agua,6.72,8,16872
30,210,5,Silicio/acido sulfurico,6.72,6,19648
30,215,0,Carbono/agua,5.68,7,19046
30,215,1,Carbono/amonia,4.7,6,10290
30,215,2,Carbono/acido sulfurico,6.72,8,19062
30,215,3,Carbono/metano,4.7,6,6602
30,215,4,Silicio/agua,6.72,8,18761
30,215,5,Silicio/acido sulfurico,6.72,6,20776
30,220,0,Carbono/agua,6.72,8,21056
30,220,1,Carbono/amonia,4.7,6,10846
30,220,2,Carbono/acido sulfurico,6.72,8,20092
30,220,3,Carbono/metano,4.7,6,6959
30,220,4,Silicio/agua,6.72,8,20848
30,220,5,Silicio/acido sulfurico,6.72,6,21904
30,225,0,Carbono/agua,6.72,8,23276
30,225,1,Carbono/amonia,4.7,6,11401
30,225,2,Carbono/acido sulfurico,6.72,8,21122
30,225,3,Carbono/metano,4.7,6,7315
30,225,4,Silicio/agua,6.72,8,23153
30,225,5,Silicio/acido sulfurico,6.72,6,23033
30,230,0,Carbono/agua,6.72,8,25727
30,230,1,Carbono/amonia,4.7,6,11957
30,230,2,Carbono/acido sulfurico,6.72,8,22151
30,230,3,Carbono/metano,4.7,6,7671
30,230,4,Silicio/agua,6.72,8,25698
30,230,5,Silicio/acido sulfurico,6.72,6,24162
30,235,0,Carbono/agua,6.72,8,28386
30,235,1,Carbono/amonia,4.7,6,12457
30,235,2,Carbono/acido sulfurico,6.72,8,23179
30,235,3,Carbono/metano,4.7,6,8027
30,235,4,Silicio/agua,6.72,8,28460
30,235,5,Silicio/acido sulfurico,6.72,6,25290
30,240,0,Carbono/agua,6.72,8,31066
30,240,1,Carbono/amonia,4.7,6,12736
30,240,2,Carbono/acido sulfurico,6.72,8,24209
30,240,3,Carbono/metano,4.7,6,8386
30,240,4,Silicio/agua,6.72,8,31245
30,240,5,Silicio/acido sulfurico,6.72,6,26417
30,245,0,Carbono/agua,6.72,8,33748
30,245,1,Carbono/amonia,4.7,6,13015
30,245,2,Carbono/acido sulfurico,6.72,8,25239
30,245,3,Carbono/metano,4.7,6,8741
30,245,4,Silicio/agua,6.72,8,34027
30,245,5,Silicio/acido sulfurico,6.72,6,27546
30,250,0,Carbono/agua,6.72,8,36429
30,250,1,Carbono/amonia,4.7,6,13294
30,250,2,Carbono/acido sulfurico,6.72,8,26269
30,250,3,Carbono/metano,4.7,6,9098
30,250,4,Silicio/agua,6.72,8,36809
30,250,5,Silicio/acido sulfurico,6.72,6,28673
30,255,0,Carbono/agua,6.72,8,39110
30,255,1,Carbono/amonia,4.7,6,13572
30,255,2,Carbono/acido sulfurico,6.72,8,27299
30,255,3,Carbono/metano,4.7,6,9455
30,255,4,Silicio/agua,6.72,8,39591
30,255,5,Silicio/acido sulfurico,6.72,6,29802
30,260,0,Carbono/agua,6.72,8,41790
30,260,1,Carbono/amonia,4.7,6,13906
30,260,2,Carbono/acido sulfurico,6.72,8,28329
30,260,3,Carbono/metano,4.7,6,9810
30,260,4,Silicio/agua,6.72,8,42374
30,260,5,Silicio/acido sulfurico,6.72,6,30930
30,265,0,Carbono/agua,6.72,8,44471
30,265,1,Carbono/amonia,4.7,6,14183
30,265,2,Carbono/acido sulfurico,6.72,8,29359
30,265,3,Carbono/metano,4.7,6,10166
30,265,4,Silicio/agua,6.72,8,45158
30,265,5,Silicio/acido sulfurico,6.72,6,32059
30,270,0,Carbono/agua,6.72,8,47151
30,270,1,Carbono/amonia,4.7,6,14461
30,270,2,Carbono/acido sulfurico,6.72,8,30389
30,270,3,Carbono/metano,4.7,6,10523
30,270,4,Silicio/agua,6.72,8,47943
30,270,5,Silicio/acido sulfurico,6.72,6,33187
30,275,0,Carbono/agua,6.72,8,49831
30,275,1,Carbono/amonia,4.7,6,14738
30,275,2,Carbono/acido sulfurico,6.72,8,31418
30,275,3,Carbono/metano,4.7,6,10878
30,275,4,Silicio/agua,6.72,8,50725
30,275,5,Silicio/acido sulfurico,6.72,6,34315
30,280,0,Carbono/agua,6.72,8,52513
30,280,1,Carbono/amonia,4.7,6,15017
30,280,2,Carbono/acido sulfurico,6.72,8,32448
30,280,3,Carbono/metano,4.7,6,11235
30,280,4,Silicio/agua,6.72,8,53507
30,280,5,Silicio/acido sulfurico,6.72,6,35445
30,285,0,Carbono/agua,6.72,8,55195
30,285,1,Carbono/amonia,4.7,6,15404
30,285,2,Carbono/acido sulfurico,6.72,8,33478
30,285,3,Carbono/metano,4.7,6,11591
30,285,4,Silicio/agua,6.72,8,56289
30,285,5,Silicio/acido sulfurico,6.72,6,36573
30,290,0,Carbono/agua,6.72,8,57875
30,290,1,Carbono/amonia,4.7,6,15960
30,290,2,Carbono/acido sulfurico,6.72,8,34508
30,290,3,Carbono/metano,4.7,6,11948
30,290,4,Silicio/agua,6.72,8,59072
30,290,5,Silicio/acido sulfurico,6.72,6,37702
30,295,0,Carbono/agua,6.72,8,60555
30,295,1,Carbono/amonia,4.7,6,16515
30,295,2,Carbono/acido sulfurico,6.72,8,35538
30,295,3,Carbono/metano,4.7,6,12306
30,295,4,Silicio/agua,6.72,8,61856
30,295,5,Silicio/acido sulfurico,6.72,6,38829
30,300,0,Carbono/agua,6.72,8,63236
30,300,1,Carbono/amonia,4.7,6,17070
30,300,2,Carbono/acido sulfurico,6.72,8,36567
30,300,3,Carbono/metano,4.7,6,12664
30,300,4,Silicio/agua,6.72,8,64638
30,300,5,Silicio/acido sulfurico,6.72,6,39958
31,0,0,Carbono/agua,0.78,2,5
31,0,1,Carbono/amonia,-0.04,1,4
31,0,2,Carbono/acido sulfurico,0.94,2,7
31,0,3,Carbono/metano,-0.16,1,2
31,0,4,Silicio/agua,0.74,2,6
31,0,5,Silicio/acido sulfurico,0.74,2,8
31,5,0,Carbono/agua,0.9,2,33
31,5,1,Carbono/amonia,0.72,2,14
31,5,2,Carbono/acido sulfurico,0.94,2,43
31,5,3,Carbono/metano,-0.02,1,15
31,5,4,Silicio/agua,1.74,3,33
31,5,5,Silicio/acido sulfurico,2.7,4,48
31,10,0,Carbono/agua,1.84,3,64
31,10,1,Carbono/amonia,0.82,2,25
31,10,2,Carbono/acido sulfurico,1.74,3,83
31,10,3,Carbono/metano,0.78,2,28
31,10,4,Silicio/agua,2.72,4,65
31,10,5,Silicio/acido sulfurico,2.74,4,92
31,15,0,Carbono/agua,1.86,3,99
31,15,1,Carbono/amonia,0.82,2,36
31,15,2,Carbono/acido sulfurico,1.74,3,129
31,15,3,Carbono/metano,0.94,2,44
31,15,4,Silicio/agua,2.72,4,101
31,15,5,Silicio/acido sulfurico,2.76,4,140
31,20,0,Carbono/agua,1.86,3,138
31,20,1,Carbono/amonia,1.7,3,49
31,20,2,Carbono/acido sulfurico,1.82,3,177
31,20,3,Carbono/metano,0.94,2,60
31,20,4,Silicio/agua,2.74,4,141
31,20,5,Silicio/acido sulfurico,2.78,4,193
31,25,0,Carbono/agua,1.86,3,179
31,25,1,Carbono/amonia,1.7,3,66
31,25,2,Carbono/acido sulfurico,1.84,3,230
31,25,3,Carbono/metano,1.76,3,78
31,25,4,Silicio/agua,2.78,4,185
31,25,5,Silicio/acido sulfurico,2.78,4,253
31,30,0,Carbono/agua,1.86,3,227
31,30,1,Carbono/amonia,1.76,3,98
31,30,2,Carbono/acido sulfurico,2.78,4,289
31,30,3,Carbono/metano,1.76,3,99
31,30,4,Silicio/agua,2.8,4,235
31,30,5,Silicio/acido sulfurico,2.78,4,320
31,35,0,Carbono/agua,1.86,3,278
31,35,1,Carbono/amonia,2.7,4,134
31,35,2,Carbono/acido sulfurico,2.78,4,355
31,35,3,Carbono/metano,1.76,3,121
31,35,4,Silicio/agua,2.8,4,289
31,35,5,Silicio/acido sulfurico,2.8,4,391
31,40,0,Carbono/agua,1.86,3,336
31,40,1,Carbono/amonia,2.72,4,174
31,40,2,Carbono/acido sulfurico,2.78,4,426
31,40,3,Carbono/metano,1.76,3,147
31,40,4,Silicio/agua,2.8,4,349
31,40,5,Silicio/acido sulfurico,2.8,4,471
31,45,0,Carbono/agua,1.88,3,399
31,45,1,Carbono/amonia,2.72,4,216
31,45,2,Carbono/acido sulfurico,2.78,4,506
31,45,3,Carbono/metano,1.84,3,175
31,45,4,Silicio/agua,2.8,4,415
31,45,5,Silicio/acido sulfurico,2.82,4,559
31,50,0,Carbono/agua,1.88,3,467
31,50,1,Carbono/amonia,2.74,4,264
31,50,2,Carbono/acido sulfurico,2.8,4,595
31,50,3,Carbono/metano,1.86,3,207
31,50,4,Silicio/agua,2.82,4,487
31,50,5,Silicio/acido sulfurico,2.82,4,657
31,55,0,Carbono/agua,1.88,3,544
31,55,1,Carbono/amonia,2.74,4,316
31,55,2,Carbono/acido sulfurico,2.8,4,692
31,55,3,Carbono/metano,1.88,3,241
31,55,4,Silicio/agua,2.82,4,567
31,55,5,Silicio/acido sulfurico,2.82,4,766
31,60,0,Carbono/agua,2.76,4,630
31,60,1,Carbono/amonia,3.7,5,374
31,60,2,Carbono/acido sulfurico,3.74,5,799
31,60,3,Carbono/metano,1.88,3,280
31,60,4,Silicio/agua,2.82,4,655
31,60,5,Silicio/acido sulfurico,2.82,4,885
31,65,0,Carbono/agua,2.76,4,723
31,65,1,Carbono/amonia,3.7,5,439
31,65,2,Carbono/acido sulfurico,3.76,5,920
31,65,3,Carbono/metano,2.78,4,321
31,65,4,Silicio/agua,2.82,4,752
31,65,5,Silicio/acido sulfurico,2.82,4,1016
31,70,0,Carbono/agua,2.76,4,826
31,70,1,Carbono/amonia,3.72,5,510
31,70,2,Carbono/acido sulfurico,3.76,5,1053
31,70,3,Carbono/metano,2.8,4,368
31,70,4,Silicio/agua,2.82,4,859
31,70,5,Silicio/acido sulfurico,2.82,4,1162
31,75,0,Carbono/agua,2.78,4,941
31,75,1,Carbono/amonia,3.74,5,587
31,75,2,Carbono/acido sulfurico,3.76,5,1198
31,75,3,Carbono/metano,2.8,4,419
31,75,4,Silicio/agua,2.82,4,954
31,75,5,Silicio/acido sulfurico,2.82,4,1324
31,80,0,Carbono/agua,2.78,4,1067
31,80,1,Carbono/amonia,3.76,5,672
31,80,2,Carbono/acido sulfurico,4.68,6,1359
31,80,3,Carbono/metano,2.8,4,475
31,80,4,Silicio/agua,2.82,4,1019
31,80,5,Silicio/acido sulfurico,3.76,5,1502
31,85,0,Carbono/agua,2.78,4,1164
31,85,1,Carbono/amonia,3.76,5,769
31,85,2,Carbono/acido sulfurico,4.7,6,1537
31,85,3,Carbono/metano,5.76,5,538
31,85,4,Silicio/agua,2.82,4,1091
31,85,5,Silicio/acido sulfurico,3.76,5,1697
31,90,0,Carbono/agua,2.78,4,1240
31,90,1,Carbono/amonia,3.76,5,875
31,90,2,Carbono/acido sulfurico,4.7,6,1734
31,90,3,Carbono/metano,5.76,5,607
31,90,4,Silicio/agua,2.82,4,1170
31,90,5,Silicio/acido sulfurico,3.76,5,1911
31,95,0,Carbono/agua,2.78,4,1323
31,95,1,Carbono/amonia,3.76,5,992
31,95,2,Carbono/acido sulfurico,4.7,6,1949
31,95,3,Carbono/metano,5.76,6,683
31,95,4,Silicio/agua,2.82,4,1258
31,95,5,Silicio/acido sulfurico,4.7,6,2147
31,100,0,Carbono/agua,2.78,4,1417
31,100,1,Carbono/amonia,4.68,6,1121
31,100,2,Carbono/acido sulfurico,4.7,6,2188
31,100,3,Carbono/metano,5.76,6,764
31,100,4,Silicio/agua,2.82,4,1415
31,100,5,Silicio/acido sulfurico,4.7,6,2408
31,105,0,Carbono/agua,2.8,4,1520
31,105,1,Carbono/amonia,4.68,6,1264
31,105,2,Carbono/acido sulfurico,4.7,6,2452
31,105,3,Carbono/metano,5.76,6,854
31,105,4,Silicio/agua,2.82,4,1630
31,105,5,Silicio/acido sulfurico,4.7,6,2697
31,110,0,Carbono/agua,2.8,4,1724
31,110,1,Carbono/amonia,4.7,6,1422
31,110,2,Carbono/acido sulfurico,4.7,6,2744
31,110,3,Carbono/metano,5.76,6,955
31,110,4,Silicio/agua,3.76,5,1865
31,110,5,Silicio/acido sulfurico,4.7,6,3018
31,115,0,Carbono/agua,3.76,5,1974
31,115,1,Carbono/amonia,4.7,6,1596
31,115,2,Carbono/acido sulfurico,4.7,6,3067
31,115,3,Carbono/metano,5.76,6,1067
31,115,4,Silicio/agua,3.76,5,2125
31,115,5,Silicio/acido sulfurico,4.7,6,3372
31,120,0,Carbono/agua,4.68,6,2251
31,120,1,Carbono/amonia,4.7,6,1787
31,120,2,Carbono/acido sulfurico,4.7,6,3422
31,120,3,Carbono/metano,5.78,6,1191
31,120,4,Silicio/agua,3.76,5,2413
31,120,5,Silicio/acido sulfurico,4.7,6,3761
31,125,0,Carbono/agua,4.7,6,2556
31,125,1,Carbono/amonia,4.7,6,1999
31,125,2,Carbono/acido sulfurico,4.7,6,3815
31,125,3,Carbono/metano,5.78,6,1328
31,125,4,Silicio/agua,3.76,5,2731
31,125,5,Silicio/acido sulfurico,4.7,6,4191
31,130,0,Carbono/agua,4.7,6,2893
31,130,1,Carbono/amonia,5.74,7,2232
31,130,2,Carbono/acido sulfurico,4.7,6,4248
31,130,3,Carbono/metano,6.7,7,1478
31,130,4,Silicio/agua,3.76,5,3083
31,130,5,Silicio/acido sulfurico,4.7,6,4667
31,135,0,Carbono/agua,4.7,6,3265
31,135,1,Carbono/amonia,6.72,8,2491
31,135,2,Carbono/acido sulfurico,4.7,6,4726
31,135,3,Carbono/metano,6.72,7,1644
31,135,4,Silicio/agua,5.78,6,3315
31,135,5,Silicio/acido sulfurico,4.7,6,5191
31,140,0,Carbono/agua,4.7,6,3677
31,140,1,Carbono/amonia,6.72,8,2776
31,140,2,Carbono/acido sulfurico,4.7,6,5253
31,140,3,Carbono/metano,6.72,7,1827
31,140,4,Silicio/agua,5.78,6,3529
31,140,5,Silicio/acido sulfurico,4.7,6,5771
31,145,0,Carbono/agua,4.7,6,4132
31,145,1,Carbono/amonia,6.72,8,3092
31,145,2,Carbono/acido sulfurico,4.7,6,5838
31,145,3,Carbono/metano,6.72,7,2030
31,145,4,Silicio/agua,5.78,6,3764
31,145,5,Silicio/acido sulfurico,4.7,6,6410
31,150,0,Carbono/agua,4.7,6,4634
31,150,1,Carbono/amonia,6.72,8,3440
31,150,2,Carbono/acido sulfurico,4.7,6,6482
31,150,3,Carbono/metano,6.72,7,2253
31,150,4,Silicio/agua,6.7,7,4025
31,150,5,Silicio/acido sulfurico,4.7,6,7116
31,155,0,Carbono/agua,4.7,6,5189
31,155,1,Carbono/amonia,6.72,8,3823
31,155,2,Carbono/acido sulfurico,4.7,6,7193
31,155,3,Carbono/metano,6.72,7,2500
31,155,4,Silicio/agua,6.72,7,4313
31,155,5,Silicio/acido sulfurico,4.7,6,7896
31,160,0,Carbono/agua,4.7,6,5801
31,160,1,Carbono/amonia,6.72,8,4246
31,160,2,Carbono/acido sulfurico,4.7,6,7978
31,160,3,Carbono/metano,6.72,7,2770
31,160,4,Silicio/agua,6.72,7,4949
31,160,5,Silicio/acido sulfurico,4.7,6,8757
31,165,0,Carbono/agua,4.7,6,6476
31,165,1,Carbono/amonia,6.72,8,4714
31,165,2,Carbono/acido sulfurico,4.7,6,8846
31,165,3,Carbono/metano,6.72,7,3072
31,165,4,Silicio/agua,6.72,7,5651
31,165,5,Silicio/acido sulfurico,4.7,6,9707
31,170,0,Carbono/agua,4.7,6,7223
31,170,1,Carbono/amonia,6.72,8,5229
31,170,2,Carbono/acido sulfurico,4.7,6,9802
31,170,3,Carbono/metano,6.72,7,3404
31,170,4,Silicio/agua,6.72,7,6426
31,170,5,Silicio/acido sulfurico,4.7,6,10756
31,175,0,Carbono/agua,4.7,6,8048
31,175,1,Carbono/amonia,6.72,8,5784
31,175,2,Carbono/acido sulfurico,4.7,6,10828
31,175,3,Carbono/metano,6.72,7,3761
31,175,4,Silicio/agua,6.72,7,7283
31,175,5,Silicio/acido sulfurico,4.7,6,11881
31,180,0,Carbono/agua,4.7,6,8959
31,180,1,Carbono/amonia,6.72,8,6339
31,180,2,Carbono/acido sulfurico,4.7,6,11858
31,180,3,Carbono/metano,6.7,7,4010
31,180,4,Silicio/agua,6.72,7,8228
31,180,5,Silicio/acido sulfurico,5.72,7,13009
31,185,0,Carbono/agua,4.7,6,9964
31,185,1,Carbono/amonia,6.72,8,6894
31,185,2,Carbono/acido sulfurico,4.7,6,12888
31,185,3,Carbono/metano,6.72,7,4189
31,185,4,Silicio/agua,6.72,7,9272
31,185,5,Silicio/acido sulfurico,6.7,8,14136
31,190,0,Carbono/agua,4.7,6,11072
31,190,1,Carbono/amonia,6.72,8,7449
31,190,2,Carbono/acido sulfurico,4.7,6,13918
31,190,3,Carbono/metano,6.72,7,4368
31,190,4,Silicio/agua,6.72,7,10425
31,190,5,Silicio/acido sulfurico,6.72,8,15265
31,195,0,Carbono/agua,4.7,6,12298
31,195,1,Carbono/amonia,6.72,7,7895
31,195,2,Carbono/acido sulfurico,4.7,6,14948
31,195,3,Carbono/metano,6.72,7,4546
31,195,4,Silicio/agua,6.72,7,11696
31,195,5,Silicio/acido sulfurico,6.72,8,16394
31,200,0,Carbono/agua,4.7,6,13651
31,200,1,Carbono/amonia,6.72,7,8171
31,200,2,Carbono/acido sulfurico,4.7,6,15978
31,200,3,Carbono/metano,6.72,7,4726
31,200,4,Silicio/agua,6.72,7,13100
31,200,5,Silicio/acido sulfurico,6.72,8,17523
31,205,0,Carbono/agua,4.7,6,15146
31,205,1,Carbono/amonia,6.72,8,8449
31,205,2,Carbono/acido sulfurico,4.7,6,17008
31,205,3,Carbono/metano,6.72,7,5047
31,205,4,Silicio/agua,6.72,7,14651
31,205,5,Silicio/acido sulfurico,6.72,8,18651
31,210,0,Carbono/agua,4.7,6,16796
31,210,1,Carbono/amonia,6.72,8,8729
31,210,2,Carbono/acido sulfurico,4.7,6,18037
31,210,3,Carbono/metano,6.72,7,5405
31,210,4,Silicio/agua,6.72,7,16363
31,210,5,Silicio/acido sulfurico,6.72,8,19780
31,215,0,Carbono/agua,6.72,8,18617
31,215,1,Carbono/amonia,6.72,8,9005
31,215,2,Carbono/acido sulfurico,4.7,6,19067
31,215,3,Carbono/metano,6.72,7,5761
31,215,4,Silicio/agua,6.72,7,18253
31,215,5,Silicio/acido sulfurico,6.72,8,20908
31,220,0,Carbono/agua,6.72,8,20627
31,220,1,Carbono/amonia,6.72,8,9449
31,220,2,Carbono/acido sulfurico,4.7,6,20096
31,220,3,Carbono/metano,6.72,7,6120
31,220,4,Silicio/agua,6.72,7,20339
31,220,5,Silicio/acido sulfurico,6.72,8,22036
31,225,0,Carbono/agua,6.72,8,22847
31,225,1,Carbono/amonia,6.72,8,10004
31,225,2,Carbono/acido sulfurico,4.7,6,21126
31,225,3,Carbono/metano,6.72,7,6477
31,225,4,Silicio/agua,6.72,7,22643
31,225,5,Silicio/acido sulfurico,6.72,8,23166
31,230,0,Carbono/agua,6.72,8,25296
31,230,1,Carbono/amonia,6.72,8,10559
31,230,2,Carbono/acido sulfurico,4.7,6,22156
31,230,3,Carbono/metano,6.72,7,6834
31,230,4,Silicio/agua,6.72,7,25186
31,230,5,Silicio/acido sulfurico,6.72,8,24294
31,235,0,Carbono/agua,6.72,8,27418
31,235,1,Carbono/amonia,6.72,8,11115
31,235,2,Carbono/acido sulfurico,4.7,6,23185
31,235,3,Carbono/metano,6.72,7,7191
31,235,4,Silicio/agua,6.72,7,27946
31,235,5,Silicio/acido sulfurico,6.72,8,25424
31,240,0,Carbono/agua,6.72,8,28759
31,240,1,Carbono/amonia,6.72,8,11671
31,240,2,Carbono/acido sulfurico,4.7,6,24215
31,240,3,Carbono/metano,6.72,7,7546
31,240,4,Silicio/agua,6.72,7,30729
31,240,5,Silicio/acido sulfurico,6.72,8,26553
31,245,0,Carbono/agua,6.72,8,30100
31,245,1,Carbono/amonia,6.72,8,12227
31,245,2,Carbono/acido sulfurico,4.7,6,25245
31,245,3,Carbono/metano,6.72,7,7903
31,245,4,Silicio/agua,6.72,7,33513
31,245,5,Silicio/acido sulfurico,6.72,8,27682
31,250,0,Carbono/agua,6.72,8,31441
31,250,1,Carbono/amonia,6.72,8,12782
31,250,2,Carbono/acido sulfurico,6.72,8,26275
31,250,3,Carbono/metano,6.72,7,8260
31,250,4,Silicio/agua,6.72,7,36297
31,250,5,Silicio/acido sulfurico,6.72,8,28812
31,255,0,Carbono/agua,6.72,8,32781
31,255,1,Carbono/amonia,6.72,8,13337
31,255,2,Carbono/acido sulfurico,6.72,8,27304
31,255,3,Carbono/metano,6.72,7,8617
31,255,4,Silicio/agua,6.72,7,39080
31,255,5,Silicio/acido sulfurico,6.72,8,29941
31,260,0,Carbono/agua,6.72,8,34926
31,260,1,Carbono/amonia,6.72,8,13892
31,260,2,Carbono/acido sulfurico,6.72,8,28334
31,260,3,Carbono/metano,6.72,7,8974
31,260,4,Silicio/agua,6.72,7,41865
31,260,5,Silicio/acido sulfurico,6.72,8,31070
31,265,0,Carbono/agua,6.72,8,37607
31,265,1,Carbono/amonia,6.72,8,14448
31,265,2,Carbono/acido sulfurico,6.72,8,29364
31,265,3,Carbono/metano,6.72,7,9330
31,265,4,Silicio/agua,6.72,7,44649
31,265,5,Silicio/acido sulfurico,6.72,8,32199
31,270,0,Carbono/agua,6.72,8,40288
31,270,1,Carbono/amonia,6.72,8,15003
31,270,2,Carbono/acido sulfurico,6.72,8,30393
31,270,3,Carbono/metano,6.72,7,9686
31,270,4,Silicio/agua,6.72,8,47432
31,270,5,Silicio/acido sulfurico,6.72,8,33328
31,275,0,Carbono/agua,6.72,8,42970
31,275,1,Carbono/amonia,6.72,8,15559
31,275,2,Carbono/acido sulfurico,6.72,8,31423
31,275,3,Carbono/metano,6.72,7,10042
31,275,4,Silicio/agua,6.72,8,50215
31,275,5,Silicio/acido sulfurico,6.72,8,34457
31,280,0,Carbono/agua,6.72,8,45651
31,280,1,Carbono/amonia,6.72,8,16114
31,280,2,Carbono/acido sulfurico,6.72,8,32453
31,280,3,Carbono/metano,6.72,7,10398
31,280,4,Silicio/agua,6.72,8,52999
31,280,5,Silicio/acido sulfurico,6.72,8,35586
31,285,0,Carbono/agua,6.72,8,48333
31,285,1,Carbono/amonia,6.72,8,16669
31,285,2,Carbono/acido sulfurico,6.72,8,33483
31,285,3,Carbono/metano,6.72,7,10753
31,285,4,Silicio/agua,6.72,8,55780
31,285,5,Silicio/acido sulfurico,6.72,8,36715
31,290,0,Carbono/agua,6.72,8,51013
31,290,1,Carbono/amonia,6.72,8,17225
31,290,2,Carbono/acido sulfurico,6.72,8,34512
31,290,3,Carbono/metano,6.72,7,11110
31,290,4,Silicio/agua,6.72,8,58564
31,290,5,Silicio/acido sulfurico,6.72,8,37844
31,295,0,Carbono/agua,6.72,8,53694
31,295,1,Carbono/amonia,6.72,8,17780
31,295,2,Carbono/acido sulfurico,6.72,8,35542
31,295,3,Carbono/metano,6.72,7,11466
31,295,4,Silicio/agua,6.72,8,61348
31,295,5,Silicio/acido sulfurico,6.72,8,38974
31,300,0,Carbono/agua,6.72,8,56374
31,300,1,Carbono/amonia,6.72,8,18335
31,300,2,Carbono/acido sulfurico,6.72,8,36572
31,300,3,Carbono/metano,6.72,7,11823
31,300,4,Silicio/agua,6.72,8,64132
31,300,5,Silicio/acido sulfurico,6.72,8,40103
